{
"type": "FeatureCollection",
"name": "index_map",
"xy_coordinate_resolution": 1e-07,
"features": [
{ "type": "Feature", "properties": { "Id": 0, "Sheet_ID": "2. YE-MINH", "label": "2. YE-MINH", "call_short": "G8005 S100 .I6", "call_num": "G8005 S100 .I6 2", "recid": "yr330hb1859", "websiteUrl": "https://purl.stanford.edu/yr330hb1859", "title": "十万分一佛領印度支那", "ckey": 2830133, "available": true, "iiifUrl": "https://purl.stanford.edu/yr330hb1859/iiif/manifest" }, "geometry": { "type": "Polygon", "coordinates": [ [ [ 105.095278, 22.968056 ], [ 105.833333, 22.968056 ], [ 105.833333, 23.416944 ], [ 105.095278, 23.416944 ], [ 105.095278, 22.968056 ] ] ] } },
{ "type": "Feature", "properties": { "Id": 0, "Sheet_ID": "1. MA-LI-PO", "label": "1. MA-LI-PO", "call_short": "G8005 S100 .I6", "call_num": "G8005 S100 .I6 1", "recid": "yg883kn7813", "websiteUrl": "https://purl.stanford.edu/yg883kn7813", "title": "十万分一佛領印度支那", "ckey": 2830133, "available": true, "iiifUrl": "https://purl.stanford.edu/yg883kn7813/iiif/manifest" }, "geometry": { "type": "Polygon", "coordinates": [ [ [ 104.735, 22.968056 ], [ 105.095278, 22.968056 ], [ 105.095278, 23.416944 ], [ 104.735, 23.416944 ], [ 104.735, 22.968056 ] ] ] } },
{ "type": "Feature", "properties": { "Id": 0, "Sheet_ID": [ 34 ], "label": [ 34 ], "call_short": "0", "call_num": "0", "recid": "0", "websiteUrl": "0", "title": "0", "ckey": 0, "available": false, "iiifUrl": "0" }, "geometry": { "type": "Polygon", "coordinates": [ [ [ 102.925397, 21.168056 ], [ 103.652381, 21.168056 ], [ 103.652381, 21.618056 ], [ 102.925397, 21.618056 ], [ 102.925397, 21.168056 ] ] ] } },
{ "type": "Feature", "properties": { "Id": 0, "Sheet_ID": "35. SON-LA", "label": "35. SON-LA", "call_short": "G8005 S100 .I6", "call_num": "G8005 S100 .I6 35", "recid": "jc649yx3057", "websiteUrl": "https://purl.stanford.edu/jc649yx3057", "title": "十万分一佛領印度支那", "ckey": 2830133, "available": true, "iiifUrl": "https://purl.stanford.edu/jc649yx3057/iiif/manifest" }, "geometry": { "type": "Polygon", "coordinates": [ [ [ 103.652381, 21.168056 ], [ 104.379365, 21.168056 ], [ 104.379365, 21.618056 ], [ 103.652381, 21.618056 ], [ 103.652381, 21.168056 ] ] ] } },
{ "type": "Feature", "properties": { "Id": 0, "Sheet_ID": "36. THANH-BA", "label": "36. THANH-BA", "call_short": "G8005 S100 .I6", "call_num": "G8005 S100 .I6 36", "recid": "yf870mj2980", "websiteUrl": "https://purl.stanford.edu/yf870mj2980", "title": "十万分一佛領印度支那", "ckey": 2830133, "available": true, "iiifUrl": "https://purl.stanford.edu/yf870mj2980/iiif/manifest" }, "geometry": { "type": "Polygon", "coordinates": [ [ [ 104.379365, 21.168056 ], [ 105.106349, 21.168056 ], [ 105.106349, 21.618056 ], [ 104.379365, 21.618056 ], [ 104.379365, 21.168056 ] ] ] } },
{ "type": "Feature", "properties": { "Id": 0, "Sheet_ID": "37. VIET-TRI", "label": "37. VIET-TRI", "call_short": "0", "call_num": "0", "recid": "0", "websiteUrl": "0", "title": "0", "ckey": 0, "available": false, "iiifUrl": "0" }, "geometry": { "type": "Polygon", "coordinates": [ [ [ 105.106349, 21.168056 ], [ 105.833333, 21.168056 ], [ 105.833333, 21.618056 ], [ 105.106349, 21.618056 ], [ 105.106349, 21.168056 ] ] ] } },
{ "type": "Feature", "properties": { "Id": 0, "Sheet_ID": "38. BAC-NINH", "label": "38. BAC-NINH", "call_short": "0", "call_num": "0", "recid": "0", "websiteUrl": "0", "title": "0", "ckey": 0, "available": false, "iiifUrl": "0" }, "geometry": { "type": "Polygon", "coordinates": [ [ [ 105.833333, 21.168056 ], [ 106.560317, 21.168056 ], [ 106.560317, 21.618056 ], [ 105.833333, 21.618056 ], [ 105.833333, 21.168056 ] ] ] } },
{ "type": "Feature", "properties": { "Id": 0, "Sheet_ID": "39. AN-CHAU", "label": "39. AN-CHAU", "call_short": "G8005 S100 .I6", "call_num": "G8005 S100 .I6 39", "recid": "xm417xs6018", "websiteUrl": "https://purl.stanford.edu/xm417xs6018", "title": "十万分一佛領印度支那", "ckey": 2830133, "available": true, "iiifUrl": "https://purl.stanford.edu/xm417xs6018/iiif/manifest" }, "geometry": { "type": "Polygon", "coordinates": [ [ [ 106.560317, 21.168056 ], [ 107.287301, 21.168056 ], [ 107.287301, 21.618056 ], [ 106.560317, 21.618056 ], [ 106.560317, 21.168056 ] ] ] } },
{ "type": "Feature", "properties": { "Id": 0, "Sheet_ID": "40. MON-CAY", "label": "40. MON-CAY", "call_short": "G8005 S100 .I6", "call_num": "G8005 S100 .I6 40", "recid": "pb344hv2169", "websiteUrl": "https://purl.stanford.edu/pb344hv2169", "title": "十万分一佛領印度支那", "ckey": 2830133, "available": true, "iiifUrl": "https://purl.stanford.edu/pb344hv2169/iiif/manifest" }, "geometry": { "type": "Polygon", "coordinates": [ [ [ 107.287301, 21.168056 ], [ 108.101111, 21.168056 ], [ 108.101111, 21.618056 ], [ 107.287301, 21.618056 ], [ 107.287301, 21.168056 ] ] ] } },
{ "type": "Feature", "properties": { "Id": 0, "Sheet_ID": "23. LUAN-CHAU", "label": "23. LUAN-CHAU", "call_short": "G8005 S100 .I6", "call_num": "G8005 S100 .I6 23", "recid": "zs035gn8233", "websiteUrl": "https://purl.stanford.edu/zs035gn8233", "title": "十万分一佛領印度支那", "ckey": 2830133, "available": true, "iiifUrl": "https://purl.stanford.edu/zs035gn8233/iiif/manifest" }, "geometry": { "type": "Polygon", "coordinates": [ [ [ 102.925397, 21.618056 ], [ 103.652381, 21.618056 ], [ 103.652381, 22.068056 ], [ 102.925397, 22.068056 ], [ 102.925397, 21.618056 ] ] ] } },
{ "type": "Feature", "properties": { "Id": 0, "Sheet_ID": "24. TU-LE", "label": "24. TU-LE", "call_short": "G8005 S100 .I6", "call_num": "G8005 S100 .I6 24", "recid": "bg195cj9424", "websiteUrl": "https://purl.stanford.edu/bg195cj9424", "title": "十万分一佛領印度支那", "ckey": 2830133, "available": true, "iiifUrl": "https://purl.stanford.edu/bg195cj9424/iiif/manifest" }, "geometry": { "type": "Polygon", "coordinates": [ [ [ 103.652381, 21.618056 ], [ 104.379365, 21.618056 ], [ 104.379365, 22.068056 ], [ 103.652381, 22.068056 ], [ 103.652381, 21.618056 ] ] ] } },
{ "type": "Feature", "properties": { "Id": 0, "Sheet_ID": "25. YEN-BAY", "label": "25. YEN-BAY", "call_short": "G8005 S100 .I6", "call_num": "G8005 S100 .I6 25", "recid": "dg356nv5864", "websiteUrl": "https://purl.stanford.edu/dg356nv5864", "title": "十万分一佛領印度支那", "ckey": 2830133, "available": true, "iiifUrl": "https://purl.stanford.edu/dg356nv5864/iiif/manifest" }, "geometry": { "type": "Polygon", "coordinates": [ [ [ 104.379365, 21.618056 ], [ 105.106349, 21.618056 ], [ 105.106349, 22.068056 ], [ 104.379365, 22.068056 ], [ 104.379365, 21.618056 ] ] ] } },
{ "type": "Feature", "properties": { "Id": 0, "Sheet_ID": "26. TUYEN-QUANG", "label": "26. TUYEN-QUANG", "call_short": "G8005 S100 .I6", "call_num": "G8005 S100 .I6 26", "recid": "nv976mk0337", "websiteUrl": "https://purl.stanford.edu/nv976mk0337", "title": "十万分一佛領印度支那", "ckey": 2830133, "available": true, "iiifUrl": "https://purl.stanford.edu/nv976mk0337/iiif/manifest" }, "geometry": { "type": "Polygon", "coordinates": [ [ [ 105.106349, 21.618056 ], [ 105.833333, 21.618056 ], [ 105.833333, 22.068056 ], [ 105.106349, 22.068056 ], [ 105.106349, 21.618056 ] ] ] } },
{ "type": "Feature", "properties": { "Id": 0, "Sheet_ID": "27. PHO-BINH-GIA", "label": "27. PHO-BINH-GIA", "call_short": "G8005 S100 .I6", "call_num": "G8005 S100 .I6 27", "recid": "vx653jx9296", "websiteUrl": "https://purl.stanford.edu/vx653jx9296", "title": "十万分一佛領印度支那", "ckey": 2830133, "available": true, "iiifUrl": "https://purl.stanford.edu/vx653jx9296/iiif/manifest" }, "geometry": { "type": "Polygon", "coordinates": [ [ [ 105.833333, 21.618056 ], [ 106.560317, 21.618056 ], [ 106.560317, 22.068056 ], [ 105.833333, 22.068056 ], [ 105.833333, 21.618056 ] ] ] } },
{ "type": "Feature", "properties": { "Id": 0, "Sheet_ID": "28. LANG-SON", "label": "28. LANG-SON", "call_short": "G8005 S100 .I6", "call_num": "G8005 S100 .I6 28", "recid": "dg168nk8043", "websiteUrl": "https://purl.stanford.edu/dg168nk8043", "title": "十万分一佛領印度支那", "ckey": 2830133, "available": true, "iiifUrl": "https://purl.stanford.edu/dg168nk8043/iiif/manifest" }, "geometry": { "type": "Polygon", "coordinates": [ [ [ 106.560317, 21.618056 ], [ 107.287301, 21.618056 ], [ 107.287301, 22.068056 ], [ 106.560317, 22.068056 ], [ 106.560317, 21.618056 ] ] ] } },
{ "type": "Feature", "properties": { "Id": 0, "Sheet_ID": "29. BA-XA", "label": "29. BA-XA", "call_short": "G8005 S100 .I6", "call_num": "G8005 S100 .I6 29", "recid": "wg536px4918", "websiteUrl": "https://purl.stanford.edu/wg536px4918", "title": "十万分一佛領印度支那", "ckey": 2830133, "available": true, "iiifUrl": "https://purl.stanford.edu/wg536px4918/iiif/manifest" }, "geometry": { "type": "Polygon", "coordinates": [ [ [ 107.287301, 21.618056 ], [ 108.014285, 21.618056 ], [ 108.014285, 22.068056 ], [ 107.287301, 22.068056 ], [ 107.287301, 21.618056 ] ] ] } },
{ "type": "Feature", "properties": { "Id": 0, "Sheet_ID": "14. LAI-CHAU", "label": "14. LAI-CHAU", "call_short": "G8005 S100 .I6", "call_num": "G8005 S100 .I6 14", "recid": "mb560nj8221", "websiteUrl": "https://purl.stanford.edu/mb560nj8221", "title": "十万分一佛領印度支那", "ckey": 2830133, "available": true, "iiifUrl": "https://purl.stanford.edu/mb560nj8221/iiif/manifest" }, "geometry": { "type": "Polygon", "coordinates": [ [ [ 102.925397, 22.068056 ], [ 103.652381, 22.068056 ], [ 103.652381, 22.518056 ], [ 102.925397, 22.518056 ], [ 102.925397, 22.068056 ] ] ] } },
{ "type": "Feature", "properties": { "Id": 0, "Sheet_ID": "15. LAO-KAY", "label": "15. LAO-KAY", "call_short": "G8005 S100 .I6", "call_num": "G8005 S100 .I6 15", "recid": "gk850dn9641", "websiteUrl": "https://purl.stanford.edu/gk850dn9641", "title": "十万分一佛領印度支那", "ckey": 2830133, "available": true, "iiifUrl": "https://purl.stanford.edu/gk850dn9641/iiif/manifest" }, "geometry": { "type": "Polygon", "coordinates": [ [ [ 103.652381, 22.068056 ], [ 104.379365, 22.068056 ], [ 104.379365, 22.518056 ], [ 103.652381, 22.518056 ], [ 103.652381, 22.068056 ] ] ] } },
{ "type": "Feature", "properties": { "Id": 0, "Sheet_ID": "16. LUC-AN-CHAU", "label": "16. LUC-AN-CHAU", "call_short": "G8005 S100 .I6", "call_num": "G8005 S100 .I6 16", "recid": "fj541cn8905", "websiteUrl": "https://purl.stanford.edu/fj541cn8905", "title": "十万分一佛領印度支那", "ckey": 2830133, "available": true, "iiifUrl": "https://purl.stanford.edu/fj541cn8905/iiif/manifest" }, "geometry": { "type": "Polygon", "coordinates": [ [ [ 104.379365, 22.068056 ], [ 105.106349, 22.068056 ], [ 105.106349, 22.518056 ], [ 104.379365, 22.518056 ], [ 104.379365, 22.068056 ] ] ] } },
{ "type": "Feature", "properties": { "Id": 0, "Sheet_ID": "17. BAC-KAN", "label": "17. BAC-KAN", "call_short": "G8005 S100 .I6", "call_num": "G8005 S100 .I6 17", "recid": "kt298gx1343", "websiteUrl": "https://purl.stanford.edu/kt298gx1343", "title": "十万分一佛領印度支那", "ckey": 2830133, "available": true, "iiifUrl": "https://purl.stanford.edu/kt298gx1343/iiif/manifest" }, "geometry": { "type": "Polygon", "coordinates": [ [ [ 105.106349, 22.068056 ], [ 105.833333, 22.068056 ], [ 105.833333, 22.518056 ], [ 105.106349, 22.518056 ], [ 105.106349, 22.068056 ] ] ] } },
{ "type": "Feature", "properties": { "Id": 0, "Sheet_ID": "18. THAT-KHE", "label": "18. THAT-KHE", "call_short": "G8005 S100 .I6", "call_num": "G8005 S100 .I6 18", "recid": "rm092zj9359", "websiteUrl": "https://purl.stanford.edu/rm092zj9359", "title": "十万分一佛領印度支那", "ckey": 2830133, "available": true, "iiifUrl": "https://purl.stanford.edu/rm092zj9359/iiif/manifest" }, "geometry": { "type": "Polygon", "coordinates": [ [ [ 105.833333, 22.068056 ], [ 106.560317, 22.068056 ], [ 106.560317, 22.518056 ], [ 105.833333, 22.518056 ], [ 105.833333, 22.068056 ] ] ] } },
{ "type": "Feature", "properties": { "Id": 0, "Sheet_ID": "19. LOUNG-TCHEOU", "label": "19. LOUNG-TCHEOU", "call_short": "0", "call_num": "0", "recid": "0", "websiteUrl": "0", "title": "0", "ckey": 0, "available": false, "iiifUrl": "0" }, "geometry": { "type": "Polygon", "coordinates": [ [ [ 106.560317, 22.068056 ], [ 107.287301, 22.068056 ], [ 107.287301, 22.518056 ], [ 106.560317, 22.518056 ], [ 106.560317, 22.068056 ] ] ] } },
{ "type": "Feature", "properties": { "Id": 0, "Sheet_ID": "5. PHONG-THO", "label": "5. PHONG-THO", "call_short": "G8005 S100 .I6", "call_num": "G8005 S100 .I6 5", "recid": "vp898gm5135", "websiteUrl": "https://purl.stanford.edu/vp898gm5135", "title": "十万分一佛領印度支那", "ckey": 2830133, "available": true, "iiifUrl": "https://purl.stanford.edu/vp898gm5135/iiif/manifest" }, "geometry": { "type": "Polygon", "coordinates": [ [ [ 102.925397, 22.518056 ], [ 103.652381, 22.518056 ], [ 103.652381, 22.968056 ], [ 102.925397, 22.968056 ], [ 102.925397, 22.518056 ] ] ] } },
{ "type": "Feature", "properties": { "Id": 0, "Sheet_ID": "6. PA-KHA", "label": "6. PA-KHA", "call_short": "G8005 S100 .I6", "call_num": "G8005 S100 .I6 6", "recid": "qn291dr1760", "websiteUrl": "https://purl.stanford.edu/qn291dr1760", "title": "十万分一佛領印度支那", "ckey": 2830133, "available": true, "iiifUrl": "https://purl.stanford.edu/qn291dr1760/iiif/manifest" }, "geometry": { "type": "Polygon", "coordinates": [ [ [ 103.652381, 22.518056 ], [ 104.379365, 22.518056 ], [ 104.379365, 22.968056 ], [ 103.652381, 22.968056 ], [ 103.652381, 22.518056 ] ] ] } },
{ "type": "Feature", "properties": { "Id": 0, "Sheet_ID": "7. HA-GIANG", "label": "7. HA-GIANG", "call_short": "G8005 S100 .I6", "call_num": "G8005 S100 .I6 7", "recid": "nk747mf6891", "websiteUrl": "https://purl.stanford.edu/nk747mf6891", "title": "十万分一佛領印度支那", "ckey": 2830133, "available": true, "iiifUrl": "https://purl.stanford.edu/nk747mf6891/iiif/manifest" }, "geometry": { "type": "Polygon", "coordinates": [ [ [ 104.379365, 22.518056 ], [ 105.106349, 22.518056 ], [ 105.106349, 22.968056 ], [ 104.379365, 22.968056 ], [ 104.379365, 22.518056 ] ] ] } },
{ "type": "Feature", "properties": { "Id": 0, "Sheet_ID": "8. BAO-LAC", "label": "8. BAO-LAC", "call_short": "G8005 S100 .I6", "call_num": "G8005 S100 .I6 8", "recid": "wm767mg8868", "websiteUrl": "https://purl.stanford.edu/wm767mg8868", "title": "十万分一佛領印度支那", "ckey": 2830133, "available": true, "iiifUrl": "https://purl.stanford.edu/wm767mg8868/iiif/manifest" }, "geometry": { "type": "Polygon", "coordinates": [ [ [ 105.106349, 22.518056 ], [ 105.833333, 22.518056 ], [ 105.833333, 22.968056 ], [ 105.106349, 22.968056 ], [ 105.106349, 22.518056 ] ] ] } },
{ "type": "Feature", "properties": { "Id": 0, "Sheet_ID": "9. CAO-BANG", "label": "9. CAO-BANG", "call_short": "G8005 S100 .I6", "call_num": "G8005 S100 .I6 9", "recid": "fn762jp7475", "websiteUrl": "https://purl.stanford.edu/fn762jp7475", "title": "十万分一佛領印度支那", "ckey": 2830133, "available": true, "iiifUrl": "https://purl.stanford.edu/fn762jp7475/iiif/manifest" }, "geometry": { "type": "Polygon", "coordinates": [ [ [ 105.833333, 22.518056 ], [ 106.560317, 22.518056 ], [ 106.560317, 23.003889 ], [ 105.833333, 23.003889 ], [ 105.833333, 22.518056 ] ] ] } },
{ "type": "Feature", "properties": { "Id": 0, "Sheet_ID": "10. HA-LANG", "label": "10. HA-LANG", "call_short": "G8005 S100 .I6", "call_num": "G8005 S100 .I6 10", "recid": "zm378fr4370", "websiteUrl": "https://purl.stanford.edu/zm378fr4370", "title": "十万分一佛領印度支那", "ckey": 2830133, "available": true, "iiifUrl": "https://purl.stanford.edu/zm378fr4370/iiif/manifest" }, "geometry": { "type": "Polygon", "coordinates": [ [ [ 106.560317, 22.518056 ], [ 106.931111, 22.518056 ], [ 106.931111, 22.968056 ], [ 106.560317, 22.968056 ], [ 106.560317, 22.518056 ] ] ] } },
{ "type": "Feature", "properties": { "Id": 0, "Sheet_ID": [ 22 ], "label": [ 22 ], "call_short": "0", "call_num": "0", "recid": "0", "websiteUrl": "0", "title": "0", "ckey": 0, "available": false, "iiifUrl": "0" }, "geometry": { "type": "Polygon", "coordinates": [ [ [ 102.198413, 21.618056 ], [ 102.925397, 21.618056 ], [ 102.925397, 22.068056 ], [ 102.198413, 22.068056 ], [ 102.198413, 21.618056 ] ] ] } },
{ "type": "Feature", "properties": { "Id": 0, "Sheet_ID": [ 13 ], "label": [ 13 ], "call_short": "0", "call_num": "0", "recid": "0", "websiteUrl": "0", "title": "0", "ckey": 0, "available": false, "iiifUrl": "0" }, "geometry": { "type": "Polygon", "coordinates": [ [ [ 102.198413, 22.068056 ], [ 102.925397, 22.068056 ], [ 102.925397, 22.518056 ], [ 102.198413, 22.518056 ], [ 102.198413, 22.068056 ] ] ] } },
{ "type": "Feature", "properties": { "Id": 0, "Sheet_ID": [ 4 ], "label": [ 4 ], "call_short": "0", "call_num": "0", "recid": "0", "websiteUrl": "0", "title": "0", "ckey": 0, "available": false, "iiifUrl": "0" }, "geometry": { "type": "Polygon", "coordinates": [ [ [ 102.198413, 22.518056 ], [ 102.925397, 22.518056 ], [ 102.925397, 22.968056 ], [ 102.198413, 22.968056 ], [ 102.198413, 22.518056 ] ] ] } },
{ "type": "Feature", "properties": { "Id": 0, "Sheet_ID": "87. CUA-RAO", "label": "87. CUA-RAO", "call_short": "G8005 S100 .I6", "call_num": "G8005 S100 .I6 87", "recid": "ky024vn2726", "websiteUrl": "https://purl.stanford.edu/ky024vn2726", "title": "十万分一佛領印度支那", "ckey": 2830133, "available": true, "iiifUrl": "https://purl.stanford.edu/ky024vn2726/iiif/manifest" }, "geometry": { "type": "Polygon", "coordinates": [ [ [ 104.3896662, 18.908889 ], [ 105.1114996, 18.908889 ], [ 105.1114996, 19.3607224 ], [ 104.3896662, 19.3607224 ], [ 104.3896662, 18.908889 ] ] ] } },
{ "type": "Feature", "properties": { "Id": 0, "Sheet_ID": "88. PHU-DIEN", "label": "88. PHU-DIEN", "call_short": "G8005 S100 .I6", "call_num": "G8005 S100 .I6 88", "recid": "tm980yv9201", "websiteUrl": "https://purl.stanford.edu/tm980yv9201", "title": "十万分一佛領印度支那", "ckey": 2830133, "available": true, "iiifUrl": "https://purl.stanford.edu/tm980yv9201/iiif/manifest" }, "geometry": { "type": "Polygon", "coordinates": [ [ [ 105.1114996, 18.908889 ], [ 105.958889, 18.908889 ], [ 105.958889, 19.3607224 ], [ 105.1114996, 19.3607224 ], [ 105.1114996, 18.908889 ] ] ] } },
{ "type": "Feature", "properties": { "Id": 0, "Sheet_ID": [ 79 ], "label": [ 79 ], "call_short": "0", "call_num": "0", "recid": "0", "websiteUrl": "0", "title": "0", "ckey": 0, "available": false, "iiifUrl": "0" }, "geometry": { "type": "Polygon", "coordinates": [ [ [ 104.3896662, 19.3607224 ], [ 105.1114996, 19.3607224 ], [ 105.1114996, 19.8125558 ], [ 104.3896662, 19.8125558 ], [ 104.3896662, 19.3607224 ] ] ] } },
{ "type": "Feature", "properties": { "Id": 0, "Sheet_ID": "80/81. PHU-TINH-GIA", "label": "80/81. PHU-TINH-GIA", "call_short": "G8005 S100 .I6", "call_num": "G8005 S100 .I6 80/81", "recid": "sx285hb4429", "websiteUrl": "https://purl.stanford.edu/sx285hb4429", "title": "十万分一佛領印度支那", "ckey": 2830133, "available": true, "iiifUrl": "https://purl.stanford.edu/sx285hb4429/iiif/manifest" }, "geometry": { "type": "Polygon", "coordinates": [ [ [ 105.1114996, 19.3607224 ], [ 105.958889, 19.3607224 ], [ 105.958889, 19.8125558 ], [ 105.1114996, 19.8125558 ], [ 105.1114996, 19.3607224 ] ] ] } },
{ "type": "Feature", "properties": { "Id": 0, "Sheet_ID": [ 70 ], "label": [ 70 ], "call_short": "0", "call_num": "0", "recid": "0", "websiteUrl": "0", "title": "0", "ckey": 0, "available": false, "iiifUrl": "0" }, "geometry": { "type": "Polygon", "coordinates": [ [ [ 104.3896662, 19.8125558 ], [ 105.1114996, 19.8125558 ], [ 105.1114996, 20.2643892 ], [ 104.3896662, 20.2643892 ], [ 104.3896662, 19.8125558 ] ] ] } },
{ "type": "Feature", "properties": { "Id": 0, "Sheet_ID": "71. THANH-HOA", "label": "71. THANH-HOA", "call_short": "0", "call_num": "0", "recid": "0", "websiteUrl": "0", "title": "0", "ckey": 0, "available": false, "iiifUrl": "0" }, "geometry": { "type": "Polygon", "coordinates": [ [ [ 105.1114996, 19.8125558 ], [ 105.833333, 19.8125558 ], [ 105.833333, 20.2643892 ], [ 105.1114996, 20.2643892 ], [ 105.1114996, 19.8125558 ] ] ] } },
{ "type": "Feature", "properties": { "Id": 0, "Sheet_ID": "72. PHAT-DIEM", "label": "72. PHAT-DIEM", "call_short": "G8005 S100 .I6", "call_num": "G8005 S100 .I6 72", "recid": "cg109tj6758", "websiteUrl": "https://purl.stanford.edu/cg109tj6758", "title": "十万分一佛領印度支那", "ckey": 2830133, "available": true, "iiifUrl": "https://purl.stanford.edu/cg109tj6758/iiif/manifest" }, "geometry": { "type": "Polygon", "coordinates": [ [ [ 105.833333, 19.8125558 ], [ 106.5551664, 19.8125558 ], [ 106.5551664, 20.2643892 ], [ 105.833333, 20.2643892 ], [ 105.833333, 19.8125558 ] ] ] } },
{ "type": "Feature", "properties": { "Id": 0, "Sheet_ID": "59. MAI-CHAU", "label": "59. MAI-CHAU", "call_short": "G8005 S100 .I6", "call_num": "G8005 S100 .I6 59", "recid": "qh593qx5665", "websiteUrl": "https://purl.stanford.edu/qh593qx5665", "title": "十万分一佛領印度支那", "ckey": 2830133, "available": true, "iiifUrl": "https://purl.stanford.edu/qh593qx5665/iiif/manifest" }, "geometry": { "type": "Polygon", "coordinates": [ [ [ 104.3896662, 20.2643892 ], [ 105.1114996, 20.2643892 ], [ 105.1114996, 20.7162226 ], [ 104.3896662, 20.7162226 ], [ 104.3896662, 20.2643892 ] ] ] } },
{ "type": "Feature", "properties": { "Id": 0, "Sheet_ID": "60. PHU-NHO-QUAN", "label": "60. PHU-NHO-QUAN", "call_short": "G8005 S100 .I6", "call_num": "G8005 S100 .I6 60", "recid": "qc114zz0587", "websiteUrl": "https://purl.stanford.edu/qc114zz0587", "title": "十万分一佛領印度支那", "ckey": 2830133, "available": true, "iiifUrl": "https://purl.stanford.edu/qc114zz0587/iiif/manifest" }, "geometry": { "type": "Polygon", "coordinates": [ [ [ 105.1114996, 20.2643892 ], [ 105.833333, 20.2643892 ], [ 105.833333, 20.7162226 ], [ 105.1114996, 20.7162226 ], [ 105.1114996, 20.2643892 ] ] ] } },
{ "type": "Feature", "properties": { "Id": 0, "Sheet_ID": "61. NAM-DINH", "label": "61. NAM-DINH", "call_short": "G8005 S100 .I6", "call_num": "G8005 S100 .I6 61", "recid": "bk218vs4871", "websiteUrl": "https://purl.stanford.edu/bk218vs4871", "title": "十万分一佛領印度支那", "ckey": 2830133, "available": true, "iiifUrl": "https://purl.stanford.edu/bk218vs4871/iiif/manifest" }, "geometry": { "type": "Polygon", "coordinates": [ [ [ 105.833333, 20.2643892 ], [ 106.5551664, 20.2643892 ], [ 106.5551664, 20.7162226 ], [ 105.833333, 20.7162226 ], [ 105.833333, 20.2643892 ] ] ] } },
{ "type": "Feature", "properties": { "Id": 0, "Sheet_ID": "62. HON-DAU", "label": "62. HON-DAU", "call_short": "G8005 S100 .I6", "call_num": "G8005 S100 .I6 62", "recid": "wd488xx6288", "websiteUrl": "https://purl.stanford.edu/wd488xx6288", "title": "十万分一佛領印度支那", "ckey": 2830133, "available": true, "iiifUrl": "https://purl.stanford.edu/wd488xx6288/iiif/manifest" }, "geometry": { "type": "Polygon", "coordinates": [ [ [ 106.5551664, 20.2643892 ], [ 107.2769998, 20.2643892 ], [ 107.2769998, 20.7162226 ], [ 106.5551664, 20.7162226 ], [ 106.5551664, 20.2643892 ] ] ] } },
{ "type": "Feature", "properties": { "Id": 0, "Sheet_ID": "47. VAN-YEN", "label": "47. VAN-YEN", "call_short": "G8005 S100 .I6", "call_num": "G8005 S100 .I6 47", "recid": "pv854qx6577", "websiteUrl": "https://purl.stanford.edu/pv854qx6577", "title": "十万分一佛領印度支那", "ckey": 2830133, "available": true, "iiifUrl": "https://purl.stanford.edu/pv854qx6577/iiif/manifest" }, "geometry": { "type": "Polygon", "coordinates": [ [ [ 104.3896662, 20.7162226 ], [ 105.1114996, 20.7162226 ], [ 105.1114996, 21.168056 ], [ 104.3896662, 21.168056 ], [ 104.3896662, 20.7162226 ] ] ] } },
{ "type": "Feature", "properties": { "Id": 0, "Sheet_ID": "48. SON-TAY", "label": "48. SON-TAY", "call_short": "G8005 S100 .I6", "call_num": "G8005 S100 .I6 48", "recid": "dn180fm2598", "websiteUrl": "https://purl.stanford.edu/dn180fm2598", "title": "十万分一佛領印度支那", "ckey": 2830133, "available": true, "iiifUrl": "https://purl.stanford.edu/dn180fm2598/iiif/manifest" }, "geometry": { "type": "Polygon", "coordinates": [ [ [ 105.1114996, 20.7162226 ], [ 105.833333, 20.7162226 ], [ 105.833333, 21.168056 ], [ 105.1114996, 21.168056 ], [ 105.1114996, 20.7162226 ] ] ] } },
{ "type": "Feature", "properties": { "Id": 0, "Sheet_ID": "49. HANOI", "label": "49. HANOI", "call_short": "G8005 S100 .I6", "call_num": "G8005 S100 .I6 49", "recid": "tr439gc5571", "websiteUrl": "https://purl.stanford.edu/tr439gc5571", "title": "十万分一佛領印度支那", "ckey": 2830133, "available": true, "iiifUrl": "https://purl.stanford.edu/tr439gc5571/iiif/manifest" }, "geometry": { "type": "Polygon", "coordinates": [ [ [ 105.833333, 20.7162226 ], [ 106.5551664, 20.7162226 ], [ 106.5551664, 21.168056 ], [ 105.833333, 21.168056 ], [ 105.833333, 20.7162226 ] ] ] } },
{ "type": "Feature", "properties": { "Id": 0, "Sheet_ID": "50. HAI-PHONG", "label": "50. HAI-PHONG", "call_short": "0", "call_num": "0", "recid": "0", "websiteUrl": "0", "title": "0", "ckey": 0, "available": false, "iiifUrl": "0" }, "geometry": { "type": "Polygon", "coordinates": [ [ [ 106.5551664, 20.7162226 ], [ 107.2769998, 20.7162226 ], [ 107.2769998, 21.168056 ], [ 106.5551664, 21.168056 ], [ 106.5551664, 20.7162226 ] ] ] } },
{ "type": "Feature", "properties": { "Id": 0, "Sheet_ID": "51. KE-BAO", "label": "51. KE-BAO", "call_short": "G8005 S100 .I6", "call_num": "G8005 S100 .I6 51", "recid": "br440gh8824", "websiteUrl": "https://purl.stanford.edu/br440gh8824", "title": "十万分一佛領印度支那", "ckey": 2830133, "available": true, "iiifUrl": "https://purl.stanford.edu/br440gh8824/iiif/manifest" }, "geometry": { "type": "Polygon", "coordinates": [ [ [ 107.2769998, 20.7162226 ], [ 107.9988332, 20.7162226 ], [ 107.9988332, 21.168056 ], [ 107.2769998, 21.168056 ], [ 107.2769998, 20.7162226 ] ] ] } },
{ "type": "Feature", "properties": { "Id": 0, "Sheet_ID": [ 86 ], "label": [ 86 ], "call_short": "0", "call_num": "0", "recid": "0", "websiteUrl": "0", "title": "0", "ckey": 0, "available": false, "iiifUrl": "0" }, "geometry": { "type": "Polygon", "coordinates": [ [ [ 103.6678328, 18.908889 ], [ 104.3896662, 18.908889 ], [ 104.3896662, 19.3607224 ], [ 103.6678328, 19.3607224 ], [ 103.6678328, 18.908889 ] ] ] } },
{ "type": "Feature", "properties": { "Id": 0, "Sheet_ID": [ 78 ], "label": [ 78 ], "call_short": "0", "call_num": "0", "recid": "0", "websiteUrl": "0", "title": "0", "ckey": 0, "available": false, "iiifUrl": "0" }, "geometry": { "type": "Polygon", "coordinates": [ [ [ 103.6678328, 19.3607224 ], [ 104.3896662, 19.3607224 ], [ 104.3896662, 19.8125558 ], [ 103.6678328, 19.8125558 ], [ 103.6678328, 19.3607224 ] ] ] } },
{ "type": "Feature", "properties": { "Id": 0, "Sheet_ID": [ 58 ], "label": [ 58 ], "call_short": "0", "call_num": "0", "recid": "0", "websiteUrl": "0", "title": "0", "ckey": 0, "available": false, "iiifUrl": "0" }, "geometry": { "type": "Polygon", "coordinates": [ [ [ 103.6678328, 20.2643892 ], [ 104.3896662, 20.2643892 ], [ 104.3896662, 20.7162226 ], [ 103.6678328, 20.7162226 ], [ 103.6678328, 20.2643892 ] ] ] } },
{ "type": "Feature", "properties": { "Id": 0, "Sheet_ID": "46 [E]. MUONG-HET", "label": "46 [E]. MUONG-HET", "call_short": "G8005 S100 .I6", "call_num": "G8005 S100 .I6 46 EAST", "recid": "dx826kq6744", "websiteUrl": "https://purl.stanford.edu/dx826kq6744", "title": "十万分一佛領印度支那", "ckey": 2830133, "available": true, "iiifUrl": "https://purl.stanford.edu/dx826kq6744/iiif/manifest" }, "geometry": { "type": "Polygon", "coordinates": [ [ [ 104.023889, 20.7162226 ], [ 104.3896662, 20.7162226 ], [ 104.3896662, 21.168056 ], [ 104.023889, 21.168056 ], [ 104.023889, 20.7162226 ] ] ] } },
{ "type": "Feature", "properties": { "Id": 0, "Sheet_ID": [ 45 ], "label": [ 45 ], "call_short": "0", "call_num": "0", "recid": "0", "websiteUrl": "0", "title": "0", "ckey": 0, "available": false, "iiifUrl": "0" }, "geometry": { "type": "Polygon", "coordinates": [ [ [ 102.9459994, 20.7162226 ], [ 103.6678328, 20.7162226 ], [ 103.6678328, 21.168056 ], [ 102.9459994, 21.168056 ], [ 102.9459994, 20.7162226 ] ] ] } },
{ "type": "Feature", "properties": { "Id": 0, "Sheet_ID": [ 57 ], "label": [ 57 ], "call_short": "0", "call_num": "0", "recid": "0", "websiteUrl": "0", "title": "0", "ckey": 0, "available": false, "iiifUrl": "0" }, "geometry": { "type": "Polygon", "coordinates": [ [ [ 102.9459994, 20.2643892 ], [ 103.6678328, 20.2643892 ], [ 103.6678328, 20.7162226 ], [ 102.9459994, 20.7162226 ], [ 102.9459994, 20.2643892 ] ] ] } },
{ "type": "Feature", "properties": { "Id": 0, "Sheet_ID": "77. PLAINE DES JARRES", "label": "77. PLAINE DES JARRES", "call_short": "0", "call_num": "0", "recid": "0", "websiteUrl": "0", "title": "0", "ckey": 0, "available": false, "iiifUrl": "0" }, "geometry": { "type": "Polygon", "coordinates": [ [ [ 102.9459994, 19.3607224 ], [ 103.6678328, 19.3607224 ], [ 103.6678328, 19.8125558 ], [ 102.9459994, 19.8125558 ], [ 102.9459994, 19.3607224 ] ] ] } },
{ "type": "Feature", "properties": { "Id": 0, "Sheet_ID": "85. XIENG-KHOUANG", "label": "85. XIENG-KHOUANG", "call_short": "0", "call_num": "0", "recid": "0", "websiteUrl": "0", "title": "0", "ckey": 0, "available": false, "iiifUrl": "0" }, "geometry": { "type": "Polygon", "coordinates": [ [ [ 102.9459994, 18.908889 ], [ 103.6678328, 18.908889 ], [ 103.6678328, 19.3607224 ], [ 102.9459994, 19.3607224 ], [ 102.9459994, 18.908889 ] ] ] } },
{ "type": "Feature", "properties": { "Id": 0, "Sheet_ID": "76. MUONG-SOUI", "label": "76. MUONG-SOUI", "call_short": "0", "call_num": "0", "recid": "0", "websiteUrl": "0", "title": "0", "ckey": 0, "available": false, "iiifUrl": "0" }, "geometry": { "type": "Polygon", "coordinates": [ [ [ 102.224166, 19.3607224 ], [ 102.9459994, 19.3607224 ], [ 102.9459994, 19.8125558 ], [ 102.224166, 19.8125558 ], [ 102.224166, 19.3607224 ] ] ] } },
{ "type": "Feature", "properties": { "Id": 0, "Sheet_ID": "84. VANG-VIENG", "label": "84. VANG-VIENG", "call_short": "0", "call_num": "0", "recid": "0", "websiteUrl": "0", "title": "0", "ckey": 0, "available": false, "iiifUrl": "0" }, "geometry": { "type": "Polygon", "coordinates": [ [ [ 102.224166, 18.908889 ], [ 102.9459994, 18.908889 ], [ 102.9459994, 19.3607224 ], [ 102.224166, 19.3607224 ], [ 102.224166, 18.908889 ] ] ] } },
{ "type": "Feature", "properties": { "Id": 0, "Sheet_ID": [ 83 ], "label": [ 83 ], "call_short": "0", "call_num": "0", "recid": "0", "websiteUrl": "0", "title": "0", "ckey": 0, "available": false, "iiifUrl": "0" }, "geometry": { "type": "Polygon", "coordinates": [ [ [ 101.5023326, 18.908889 ], [ 102.224166, 18.908889 ], [ 102.224166, 19.3607224 ], [ 101.5023326, 19.3607224 ], [ 101.5023326, 18.908889 ] ] ] } },
{ "type": "Feature", "properties": { "Id": 0, "Sheet_ID": "116. KENG-KABAO", "label": "116. KENG-KABAO", "call_short": "0", "call_num": "0", "recid": "0", "websiteUrl": "0", "title": "0", "ckey": 0, "available": false, "iiifUrl": "0" }, "geometry": { "type": "Polygon", "coordinates": [ [ [ 104.4148886, 16.65 ], [ 105.1241108, 16.65 ], [ 105.1241108, 17.1017778 ], [ 104.4148886, 17.1017778 ], [ 104.4148886, 16.65 ] ] ] } },
{ "type": "Feature", "properties": { "Id": 0, "Sheet_ID": "117. MUONG-PHALANE", "label": "117. MUONG-PHALANE", "call_short": "0", "call_num": "0", "recid": "0", "websiteUrl": "0", "title": "0", "ckey": 0, "available": false, "iiifUrl": "0" }, "geometry": { "type": "Polygon", "coordinates": [ [ [ 105.1241108, 16.65 ], [ 105.833333, 16.65 ], [ 105.833333, 17.1017778 ], [ 105.1241108, 17.1017778 ], [ 105.1241108, 16.65 ] ] ] } },
{ "type": "Feature", "properties": { "Id": 0, "Sheet_ID": "118. TCHEPONE", "label": "118. TCHEPONE", "call_short": "G8005 S100 .I6", "call_num": "G8005 S100 .I6 118", "recid": "qh866qy2671", "websiteUrl": "https://purl.stanford.edu/qh866qy2671", "title": "十万分一佛領印度支那", "ckey": 2830133, "available": true, "iiifUrl": "https://purl.stanford.edu/qh866qy2671/iiif/manifest" }, "geometry": { "type": "Polygon", "coordinates": [ [ [ 105.833333, 16.65 ], [ 106.5425552, 16.65 ], [ 106.5425552, 17.1017778 ], [ 105.833333, 17.1017778 ], [ 105.833333, 16.65 ] ] ] } },
{ "type": "Feature", "properties": { "Id": 0, "Sheet_ID": "119. QUANG-TRI", "label": "119. QUANG-TRI", "call_short": "G8005 S100 .I6", "call_num": "G8005 S100 .I6 119", "recid": "zf240cx3893", "websiteUrl": "https://purl.stanford.edu/zf240cx3893", "title": "十万分一佛領印度支那", "ckey": 2830133, "available": true, "iiifUrl": "https://purl.stanford.edu/zf240cx3893/iiif/manifest" }, "geometry": { "type": "Polygon", "coordinates": [ [ [ 106.5425552, 16.65 ], [ 107.2517774, 16.65 ], [ 107.2517774, 17.1017778 ], [ 106.5425552, 17.1017778 ], [ 106.5425552, 16.65 ] ] ] } },
{ "type": "Feature", "properties": { "Id": 0, "Sheet_ID": "112. THANKHEK", "label": "112. THANKHEK", "call_short": "0", "call_num": "0", "recid": "0", "websiteUrl": "0", "title": "0", "ckey": 0, "available": false, "iiifUrl": "0" }, "geometry": { "type": "Polygon", "coordinates": [ [ [ 104.4148886, 17.1017778 ], [ 105.1241108, 17.1017778 ], [ 105.1241108, 17.5535556 ], [ 104.4148886, 17.5535556 ], [ 104.4148886, 17.1017778 ] ] ] } },
{ "type": "Feature", "properties": { "Id": 0, "Sheet_ID": "113. MAHAXAY", "label": "113. MAHAXAY", "call_short": "0", "call_num": "0", "recid": "0", "websiteUrl": "0", "title": "0", "ckey": 0, "available": false, "iiifUrl": "0" }, "geometry": { "type": "Polygon", "coordinates": [ [ [ 105.1241108, 17.1017778 ], [ 105.833333, 17.1017778 ], [ 105.833333, 17.5535556 ], [ 105.1241108, 17.5535556 ], [ 105.1241108, 17.1017778 ] ] ] } },
{ "type": "Feature", "properties": { "Id": 0, "Sheet_ID": "114. KE-BANG", "label": "114. KE-BANG", "call_short": "G8005 S100 .I6", "call_num": "G8005 S100 .I6 114", "recid": "my274tr3922", "websiteUrl": "https://purl.stanford.edu/my274tr3922", "title": "十万分一佛領印度支那", "ckey": 2830133, "available": true, "iiifUrl": "https://purl.stanford.edu/my274tr3922/iiif/manifest" }, "geometry": { "type": "Polygon", "coordinates": [ [ [ 105.833333, 17.1017778 ], [ 106.5425552, 17.1017778 ], [ 106.5425552, 17.5535556 ], [ 105.833333, 17.5535556 ], [ 105.833333, 17.1017778 ] ] ] } },
{ "type": "Feature", "properties": { "Id": 0, "Sheet_ID": "115. DONG-HOI", "label": "115. DONG-HOI", "call_short": "G8005 S100 .I6", "call_num": "G8005 S100 .I6 115", "recid": "ds581qr7084", "websiteUrl": "https://purl.stanford.edu/ds581qr7084", "title": "十万分一佛領印度支那", "ckey": 2830133, "available": true, "iiifUrl": "https://purl.stanford.edu/ds581qr7084/iiif/manifest" }, "geometry": { "type": "Polygon", "coordinates": [ [ [ 106.5425552, 17.1017778 ], [ 107.2517774, 17.1017778 ], [ 107.2517774, 17.5535556 ], [ 106.5425552, 17.5535556 ], [ 106.5425552, 17.1017778 ] ] ] } },
{ "type": "Feature", "properties": { "Id": 0, "Sheet_ID": "108. BAN-POUNG", "label": "108. BAN-POUNG", "call_short": "0", "call_num": "0", "recid": "0", "websiteUrl": "0", "title": "0", "ckey": 0, "available": false, "iiifUrl": "0" }, "geometry": { "type": "Polygon", "coordinates": [ [ [ 103.7056664, 17.5535556 ], [ 104.4148886, 17.5535556 ], [ 104.4148886, 18.0053334 ], [ 103.7056664, 18.0053334 ], [ 103.7056664, 17.5535556 ] ] ] } },
{ "type": "Feature", "properties": { "Id": 0, "Sheet_ID": "109. PAK-HIN-BOUN", "label": "109. PAK-HIN-BOUN", "call_short": "0", "call_num": "0", "recid": "0", "websiteUrl": "0", "title": "0", "ckey": 0, "available": false, "iiifUrl": "0" }, "geometry": { "type": "Polygon", "coordinates": [ [ [ 104.4148886, 17.5535556 ], [ 105.1241108, 17.5535556 ], [ 105.1241108, 18.0053334 ], [ 104.4148886, 18.0053334 ], [ 104.4148886, 17.5535556 ] ] ] } },
{ "type": "Feature", "properties": { "Id": 0, "Sheet_ID": "110. MU-GIA", "label": "110. MU-GIA", "call_short": "G8005 S100 .I6", "call_num": "G8005 S100 .I6 110", "recid": "yp543zp7782", "websiteUrl": "https://purl.stanford.edu/yp543zp7782", "title": "十万分一佛領印度支那", "ckey": 2830133, "available": true, "iiifUrl": "https://purl.stanford.edu/yp543zp7782/iiif/manifest" }, "geometry": { "type": "Polygon", "coordinates": [ [ [ 105.1241108, 17.5535556 ], [ 105.833333, 17.5535556 ], [ 105.833333, 18.0053334 ], [ 105.1241108, 18.0053334 ], [ 105.1241108, 17.5535556 ] ] ] } },
{ "type": "Feature", "properties": { "Id": 0, "Sheet_ID": "111. RON", "label": "111. RON", "call_short": "G8005 S100 .I6", "call_num": "G8005 S100 .I6 111", "recid": "kb400bz4693", "websiteUrl": "https://purl.stanford.edu/kb400bz4693", "title": "十万分一佛領印度支那", "ckey": 2830133, "available": true, "iiifUrl": "https://purl.stanford.edu/kb400bz4693/iiif/manifest" }, "geometry": { "type": "Polygon", "coordinates": [ [ [ 105.833333, 17.5535556 ], [ 106.678889, 17.5535556 ], [ 106.678889, 18.0053334 ], [ 105.833333, 18.0053334 ], [ 105.833333, 17.5535556 ] ] ] } },
{ "type": "Feature", "properties": { "Id": 0, "Sheet_ID": "101. BAN-SOT", "label": "101. BAN-SOT", "call_short": "G8005 S100 .I6", "call_num": "G8005 S100 .I6 101", "recid": "vg009gm5646", "websiteUrl": "https://purl.stanford.edu/vg009gm5646", "title": "十万分一佛領印度支那", "ckey": 2830133, "available": true, "iiifUrl": "https://purl.stanford.edu/vg009gm5646/iiif/manifest" }, "geometry": { "type": "Polygon", "coordinates": [ [ [ 103.7056664, 18.0053334 ], [ 104.4148886, 18.0053334 ], [ 104.4148886, 18.4571112 ], [ 103.7056664, 18.4571112 ], [ 103.7056664, 18.0053334 ] ] ] } },
{ "type": "Feature", "properties": { "Id": 0, "Sheet_ID": "102. KAM-KEUT", "label": "102. KAM-KEUT", "call_short": "0", "call_num": "0", "recid": "0", "websiteUrl": "0", "title": "0", "ckey": 0, "available": false, "iiifUrl": "0" }, "geometry": { "type": "Polygon", "coordinates": [ [ [ 104.4148886, 18.0053334 ], [ 105.1241108, 18.0053334 ], [ 105.1241108, 18.4571112 ], [ 104.4148886, 18.4571112 ], [ 104.4148886, 18.0053334 ] ] ] } },
{ "type": "Feature", "properties": { "Id": 0, "Sheet_ID": "103. HUONG-KHE", "label": "103. HUONG-KHE", "call_short": "G8005 S100 .I6", "call_num": "G8005 S100 .I6 103", "recid": "sm757cs7219", "websiteUrl": "https://purl.stanford.edu/sm757cs7219", "title": "十万分一佛領印度支那", "ckey": 2830133, "available": true, "iiifUrl": "https://purl.stanford.edu/sm757cs7219/iiif/manifest" }, "geometry": { "type": "Polygon", "coordinates": [ [ [ 105.1241108, 18.0053334 ], [ 105.833333, 18.0053334 ], [ 105.833333, 18.4571112 ], [ 105.1241108, 18.4571112 ], [ 105.1241108, 18.0053334 ] ] ] } },
{ "type": "Feature", "properties": { "Id": 0, "Sheet_ID": "104. HA-TINH", "label": "104. HA-TINH", "call_short": "G8005 S100 .I6", "call_num": "G8005 S100 .I6 104", "recid": "bv612pg3653", "websiteUrl": "https://purl.stanford.edu/bv612pg3653", "title": "十万分一佛領印度支那", "ckey": 2830133, "available": true, "iiifUrl": "https://purl.stanford.edu/bv612pg3653/iiif/manifest" }, "geometry": { "type": "Polygon", "coordinates": [ [ [ 105.833333, 18.0053334 ], [ 106.5425552, 18.0053334 ], [ 106.5425552, 18.4571112 ], [ 105.833333, 18.4571112 ], [ 105.833333, 18.0053334 ] ] ] } },
{ "type": "Feature", "properties": { "Id": 0, "Sheet_ID": "93. BORIKHANE", "label": "93. BORIKHANE", "call_short": "G8005 S100 .I6", "call_num": "G8005 S100 .I6 93", "recid": "mn329fh4685", "websiteUrl": "https://purl.stanford.edu/mn329fh4685", "title": "十万分一佛領印度支那", "ckey": 2830133, "available": true, "iiifUrl": "https://purl.stanford.edu/mn329fh4685/iiif/manifest" }, "geometry": { "type": "Polygon", "coordinates": [ [ [ 103.7056664, 18.4571112 ], [ 104.4148886, 18.4571112 ], [ 104.4148886, 18.908889 ], [ 103.7056664, 18.908889 ], [ 103.7056664, 18.4571112 ] ] ] } },
{ "type": "Feature", "properties": { "Id": 0, "Sheet_ID": [ 94 ], "label": [ 94 ], "call_short": "0", "call_num": "0", "recid": "0", "websiteUrl": "0", "title": "0", "ckey": 0, "available": false, "iiifUrl": "0" }, "geometry": { "type": "Polygon", "coordinates": [ [ [ 104.4148886, 18.4571112 ], [ 105.1241108, 18.4571112 ], [ 105.1241108, 18.908889 ], [ 104.4148886, 18.908889 ], [ 104.4148886, 18.4571112 ] ] ] } },
{ "type": "Feature", "properties": { "Id": 0, "Sheet_ID": "95/96. VINH", "label": "95/96. VINH", "call_short": "G8005 S100 .I6", "call_num": "G8005 S100 .I6 95/96", "recid": "xn781cn0821", "websiteUrl": "https://purl.stanford.edu/xn781cn0821", "title": "十万分一佛領印度支那", "ckey": 2830133, "available": true, "iiifUrl": "https://purl.stanford.edu/xn781cn0821/iiif/manifest" }, "geometry": { "type": "Polygon", "coordinates": [ [ [ 105.1241108, 18.4571112 ], [ 105.958889, 18.4571112 ], [ 105.958889, 18.908889 ], [ 105.1241108, 18.908889 ], [ 105.1241108, 18.4571112 ] ] ] } },
{ "type": "Feature", "properties": { "Id": 0, "Sheet_ID": "100. PAK-SANE", "label": "100. PAK-SANE", "call_short": "0", "call_num": "0", "recid": "0", "websiteUrl": "0", "title": "0", "ckey": 0, "available": false, "iiifUrl": "0" }, "geometry": { "type": "Polygon", "coordinates": [ [ [ 102.9964442, 18.0053334 ], [ 103.7056664, 18.0053334 ], [ 103.7056664, 18.4571112 ], [ 102.9964442, 18.4571112 ], [ 102.9964442, 18.0053334 ] ] ] } },
{ "type": "Feature", "properties": { "Id": 0, "Sheet_ID": "92. MOUNG-MAY", "label": "92. MOUNG-MAY", "call_short": "0", "call_num": "0", "recid": "0", "websiteUrl": "0", "title": "0", "ckey": 0, "available": false, "iiifUrl": "0" }, "geometry": { "type": "Polygon", "coordinates": [ [ [ 102.9964442, 18.4571112 ], [ 103.7056664, 18.4571112 ], [ 103.7056664, 18.908889 ], [ 102.9964442, 18.908889 ], [ 102.9964442, 18.4571112 ] ] ] } },
{ "type": "Feature", "properties": { "Id": 0, "Sheet_ID": "99. VIENTIANE-BANKEUN", "label": "99. VIENTIANE-BANKEUN", "call_short": "0", "call_num": "0", "recid": "0", "websiteUrl": "0", "title": "0", "ckey": 0, "available": false, "iiifUrl": "0" }, "geometry": { "type": "Polygon", "coordinates": [ [ [ 102.287222, 18.0053334 ], [ 102.9964442, 18.0053334 ], [ 102.9964442, 18.4571112 ], [ 102.287222, 18.4571112 ], [ 102.287222, 18.0053334 ] ] ] } },
{ "type": "Feature", "properties": { "Id": 0, "Sheet_ID": "90/91. TOURAKOM", "label": "90/91. TOURAKOM", "call_short": "G8005 S100 .I6", "call_num": "G8005 S100 .I6 90/91", "recid": "df105yb2067", "websiteUrl": "https://purl.stanford.edu/df105yb2067", "title": "十万分一佛領印度支那", "ckey": 2830133, "available": true, "iiifUrl": "https://purl.stanford.edu/df105yb2067/iiif/manifest" }, "geometry": { "type": "Polygon", "coordinates": [ [ [ 102.088889, 18.4571112 ], [ 102.628889, 18.4571112 ], [ 102.628889, 18.908889 ], [ 102.088889, 18.908889 ], [ 102.088889, 18.4571112 ] ] ] } },
{ "type": "Feature", "properties": { "Id": 0, "Sheet_ID": [ 98 ], "label": [ 98 ], "call_short": "0", "call_num": "0", "recid": "0", "websiteUrl": "0", "title": "0", "ckey": 0, "available": false, "iiifUrl": "0" }, "geometry": { "type": "Polygon", "coordinates": [ [ [ 101.5779998, 18.0053334 ], [ 102.287222, 18.0053334 ], [ 102.287222, 18.4571112 ], [ 101.5779998, 18.4571112 ], [ 101.5779998, 18.0053334 ] ] ] } },
{ "type": "Feature", "properties": { "Id": 0, "Sheet_ID": "120. VAN-TRINH", "label": "120. VAN-TRINH", "call_short": "G8005 S100 .I6", "call_num": "G8005 S100 .I6 120", "recid": "sp068fw0164", "websiteUrl": "https://purl.stanford.edu/sp068fw0164", "title": "十万分一佛領印度支那", "ckey": 2830133, "available": true, "iiifUrl": "https://purl.stanford.edu/sp068fw0164/iiif/manifest" }, "geometry": { "type": "Polygon", "coordinates": [ [ [ 107.2517774, 16.65 ], [ 107.596944, 16.65 ], [ 107.596944, 17.1017778 ], [ 107.2517774, 17.1017778 ], [ 107.2517774, 16.65 ] ] ] } },
{ "type": "Feature", "properties": { "Id": 0, "Sheet_ID": "150. BONG-SON", "label": "150. BONG-SON", "call_short": "G8005 S100 .I6", "call_num": "G8005 S100 .I6 150", "recid": "bt254cj8683", "websiteUrl": "https://purl.stanford.edu/bt254cj8683", "title": "十万分一佛領印度支那", "ckey": 2830133, "available": true, "iiifUrl": "https://purl.stanford.edu/bt254cj8683/iiif/manifest" }, "geometry": { "type": "Polygon", "coordinates": [ [ [ 108.627222, 14.363889 ], [ 109.320222, 14.363889 ], [ 109.320222, 14.8211112 ], [ 108.627222, 14.8211112 ], [ 108.627222, 14.363889 ] ] ] } },
{ "type": "Feature", "properties": { "Id": 0, "Sheet_ID": "144. QUANG-NGAI", "label": "144. QUANG-NGAI", "call_short": "G8005 S100 .I6", "call_num": "G8005 S100 .I6 144", "recid": "yz156nn2875", "websiteUrl": "https://purl.stanford.edu/yz156nn2875", "title": "十万分一佛領印度支那", "ckey": 2830133, "available": true, "iiifUrl": "https://purl.stanford.edu/yz156nn2875/iiif/manifest" }, "geometry": { "type": "Polygon", "coordinates": [ [ [ 108.492222, 14.8211112 ], [ 109.329222, 14.8211112 ], [ 109.329222, 15.2783334 ], [ 108.492222, 15.2783334 ], [ 108.492222, 14.8211112 ] ] ] } },
{ "type": "Feature", "properties": { "Id": 0, "Sheet_ID": "134. SARAVANE", "label": "134. SARAVANE", "call_short": "0", "call_num": "0", "recid": "0", "websiteUrl": "0", "title": "0", "ckey": 0, "available": false, "iiifUrl": "0" }, "geometry": { "type": "Polygon", "coordinates": [ [ [ 105.833333, 15.2783334 ], [ 106.5352776, 15.2783334 ], [ 106.5352776, 15.7355556 ], [ 105.833333, 15.7355556 ], [ 105.833333, 15.2783334 ] ] ] } },
{ "type": "Feature", "properties": { "Id": 0, "Sheet_ID": [ 135 ], "label": [ 135 ], "call_short": "0", "call_num": "0", "recid": "0", "websiteUrl": "0", "title": "0", "ckey": 0, "available": false, "iiifUrl": "0" }, "geometry": { "type": "Polygon", "coordinates": [ [ [ 106.5352776, 15.2783334 ], [ 107.2372222, 15.2783334 ], [ 107.2372222, 15.7355556 ], [ 106.5352776, 15.7355556 ], [ 106.5352776, 15.2783334 ] ] ] } },
{ "type": "Feature", "properties": { "Id": 0, "Sheet_ID": [ 136 ], "label": [ 136 ], "call_short": "0", "call_num": "0", "recid": "0", "websiteUrl": "0", "title": "0", "ckey": 0, "available": false, "iiifUrl": "0" }, "geometry": { "type": "Polygon", "coordinates": [ [ [ 107.2372222, 15.2783334 ], [ 107.9391668, 15.2783334 ], [ 107.9391668, 15.7355556 ], [ 107.2372222, 15.7355556 ], [ 107.2372222, 15.2783334 ] ] ] } },
{ "type": "Feature", "properties": { "Id": 0, "Sheet_ID": "137. TAM-KY", "label": "137. TAM-KY", "call_short": "G8005 S100 .I6", "call_num": "G8005 S100 .I6 137", "recid": "kt321rz1205", "websiteUrl": "https://purl.stanford.edu/kt321rz1205", "title": "十万分一佛領印度支那", "ckey": 2830133, "available": true, "iiifUrl": "https://purl.stanford.edu/kt321rz1205/iiif/manifest" }, "geometry": { "type": "Polygon", "coordinates": [ [ [ 107.9391668, 15.2783334 ], [ 108.6411114, 15.2783334 ], [ 108.6411114, 15.7355556 ], [ 107.9391668, 15.7355556 ], [ 107.9391668, 15.2783334 ] ] ] } },
{ "type": "Feature", "properties": { "Id": 0, "Sheet_ID": "138. POULO-CANTON", "label": "138. POULO-CANTON", "call_short": "G8005 S100 .I6", "call_num": "G8005 S100 .I6 138", "recid": "yd745hb2999", "websiteUrl": "https://purl.stanford.edu/yd745hb2999", "title": "十万分一佛領印度支那", "ckey": 2830133, "available": true, "iiifUrl": "https://purl.stanford.edu/yd745hb2999/iiif/manifest" }, "geometry": { "type": "Polygon", "coordinates": [ [ [ 108.6411114, 15.2783334 ], [ 109.343056, 15.2783334 ], [ 109.343056, 15.7355556 ], [ 108.6411114, 15.7355556 ], [ 108.6411114, 15.2783334 ] ] ] } },
{ "type": "Feature", "properties": { "Id": 0, "Sheet_ID": [ 129 ], "label": [ 129 ], "call_short": "0", "call_num": "0", "recid": "0", "websiteUrl": "0", "title": "0", "ckey": 0, "available": false, "iiifUrl": "0" }, "geometry": { "type": "Polygon", "coordinates": [ [ [ 105.833333, 15.7355556 ], [ 106.5352776, 15.7355556 ], [ 106.5352776, 16.1927778 ], [ 105.833333, 16.1927778 ], [ 105.833333, 15.7355556 ] ] ] } },
{ "type": "Feature", "properties": { "Id": 0, "Sheet_ID": [ 130 ], "label": [ 130 ], "call_short": "0", "call_num": "0", "recid": "0", "websiteUrl": "0", "title": "0", "ckey": 0, "available": false, "iiifUrl": "0" }, "geometry": { "type": "Polygon", "coordinates": [ [ [ 106.5352776, 15.7355556 ], [ 107.2372222, 15.7355556 ], [ 107.2372222, 16.1927778 ], [ 106.5352776, 16.1927778 ], [ 106.5352776, 15.7355556 ] ] ] } },
{ "type": "Feature", "properties": { "Id": 0, "Sheet_ID": [ 131 ], "label": [ 131 ], "call_short": "0", "call_num": "0", "recid": "0", "websiteUrl": "0", "title": "0", "ckey": 0, "available": false, "iiifUrl": "0" }, "geometry": { "type": "Polygon", "coordinates": [ [ [ 107.2372222, 15.7355556 ], [ 107.9391668, 15.7355556 ], [ 107.9391668, 16.1927778 ], [ 107.2372222, 16.1927778 ], [ 107.2372222, 15.7355556 ] ] ] } },
{ "type": "Feature", "properties": { "Id": 0, "Sheet_ID": "132. TOURANE", "label": "132. TOURANE", "call_short": "G8005 S100 .I6", "call_num": "G8005 S100 .I6 132", "recid": "zg170cb2780", "websiteUrl": "https://purl.stanford.edu/zg170cb2780", "title": "十万分一佛領印度支那", "ckey": 2830133, "available": true, "iiifUrl": "https://purl.stanford.edu/zg170cb2780/iiif/manifest" }, "geometry": { "type": "Polygon", "coordinates": [ [ [ 107.9391668, 15.7355556 ], [ 108.6411114, 15.7355556 ], [ 108.6411114, 16.1927778 ], [ 107.9391668, 16.1927778 ], [ 107.9391668, 15.7355556 ] ] ] } },
{ "type": "Feature", "properties": { "Id": 0, "Sheet_ID": "123. MUONG-PHINE", "label": "123. MUONG-PHINE", "call_short": "G8005 S100 .I6", "call_num": "G8005 S100 .I6 123", "recid": "nq022gy1935", "websiteUrl": "https://purl.stanford.edu/nq022gy1935", "title": "十万分一佛領印度支那", "ckey": 2830133, "available": true, "iiifUrl": "https://purl.stanford.edu/nq022gy1935/iiif/manifest" }, "geometry": { "type": "Polygon", "coordinates": [ [ [ 105.833333, 16.1927778 ], [ 106.5352776, 16.1927778 ], [ 106.5352776, 16.65 ], [ 105.833333, 16.65 ], [ 105.833333, 16.1927778 ] ] ] } },
{ "type": "Feature", "properties": { "Id": 0, "Sheet_ID": "124. LAO-BAO", "label": "124. LAO-BAO", "call_short": "G8005 S100 .I6", "call_num": "G8005 S100 .I6 124", "recid": "tr031qm0904", "websiteUrl": "https://purl.stanford.edu/tr031qm0904", "title": "十万分一佛領印度支那", "ckey": 2830133, "available": true, "iiifUrl": "https://purl.stanford.edu/tr031qm0904/iiif/manifest" }, "geometry": { "type": "Polygon", "coordinates": [ [ [ 106.5352776, 16.1927778 ], [ 107.2372222, 16.1927778 ], [ 107.2372222, 16.65 ], [ 106.5352776, 16.65 ], [ 106.5352776, 16.1927778 ] ] ] } },
{ "type": "Feature", "properties": { "Id": 0, "Sheet_ID": "125. HUE", "label": "125. HUE", "call_short": "G8005 S100 .I6", "call_num": "G8005 S100 .I6 125", "recid": "sq008hb8152", "websiteUrl": "https://purl.stanford.edu/sq008hb8152", "title": "十万分一佛領印度支那", "ckey": 2830133, "available": true, "iiifUrl": "https://purl.stanford.edu/sq008hb8152/iiif/manifest" }, "geometry": { "type": "Polygon", "coordinates": [ [ [ 107.2372222, 16.1927778 ], [ 107.9391668, 16.1927778 ], [ 107.9391668, 16.65 ], [ 107.2372222, 16.65 ], [ 107.2372222, 16.1927778 ] ] ] } },
{ "type": "Feature", "properties": { "Id": 0, "Sheet_ID": "126. PHU-GIA", "label": "126. PHU-GIA", "call_short": "G8005 S100 .I6", "call_num": "G8005 S100 .I6 126", "recid": "hs916jg7622", "websiteUrl": "https://purl.stanford.edu/hs916jg7622", "title": "十万分一佛領印度支那", "ckey": 2830133, "available": true, "iiifUrl": "https://purl.stanford.edu/hs916jg7622/iiif/manifest" }, "geometry": { "type": "Polygon", "coordinates": [ [ [ 107.9391668, 16.1927778 ], [ 108.298889, 16.1927778 ], [ 108.298889, 16.65 ], [ 107.9391668, 16.65 ], [ 107.9391668, 16.1927778 ] ] ] } },
{ "type": "Feature", "properties": { "Id": 0, "Sheet_ID": "133. KHAM-THONG-NIAI", "label": "133. KHAM-THONG-NIAI", "call_short": "0", "call_num": "0", "recid": "0", "websiteUrl": "0", "title": "0", "ckey": 0, "available": false, "iiifUrl": "0" }, "geometry": { "type": "Polygon", "coordinates": [ [ [ 105.1313884, 15.2783334 ], [ 105.833333, 15.2783334 ], [ 105.833333, 15.7355556 ], [ 105.1313884, 15.7355556 ], [ 105.1313884, 15.2783334 ] ] ] } },
{ "type": "Feature", "properties": { "Id": 0, "Sheet_ID": "128. TAPHANE", "label": "128. TAPHANE", "call_short": "G8005 S100 .I6", "call_num": "G8005 S100 .I6 128", "recid": "qr266nb1003", "websiteUrl": "https://purl.stanford.edu/qr266nb1003", "title": "十万分一佛領印度支那", "ckey": 2830133, "available": true, "iiifUrl": "https://purl.stanford.edu/qr266nb1003/iiif/manifest" }, "geometry": { "type": "Polygon", "coordinates": [ [ [ 105.833333, 16.1927778 ], [ 105.1313884, 16.1927778 ], [ 105.0, 16.1927778 ], [ 105.0, 16.05 ], [ 105.1313884, 16.05 ], [ 105.1313884, 15.7355556 ], [ 105.833333, 15.7355556 ], [ 105.833333, 16.1927778 ] ] ] } },
{ "type": "Feature", "properties": { "Id": 0, "Sheet_ID": "122. SONG-KHONE", "label": "122. SONG-KHONE", "call_short": "0", "call_num": "0", "recid": "0", "websiteUrl": "0", "title": "0", "ckey": 0, "available": false, "iiifUrl": "0" }, "geometry": { "type": "Polygon", "coordinates": [ [ [ 105.1313884, 16.1927778 ], [ 105.833333, 16.1927778 ], [ 105.833333, 16.65 ], [ 105.1313884, 16.65 ], [ 105.1313884, 16.1927778 ] ] ] } },
{ "type": "Feature", "properties": { "Id": 0, "Sheet_ID": "121. SAVANNAKHET", "label": "121. SAVANNAKHET", "call_short": "G8005 S100 .I6", "call_num": "G8005 S100 .I6 121", "recid": "sx119tk0719", "websiteUrl": "https://purl.stanford.edu/sx119tk0719", "title": "十万分一佛領印度支那", "ckey": 2830133, "available": true, "iiifUrl": "https://purl.stanford.edu/sx119tk0719/iiif/manifest" }, "geometry": { "type": "Polygon", "coordinates": [ [ [ 104.725, 16.1927778 ], [ 105.1313884, 16.1927778 ], [ 105.1313884, 16.65 ], [ 104.725, 16.65 ], [ 104.725, 16.1927778 ] ] ] } },
{ "type": "Feature", "properties": { "Id": 0, "Sheet_ID": [ 127 ], "label": [ 127 ], "call_short": "0", "call_num": "0", "recid": "0", "websiteUrl": "0", "title": "0", "ckey": 0, "available": false, "iiifUrl": "0" }, "geometry": { "type": "Polygon", "coordinates": [ [ [ 104.4294438, 15.7355556 ], [ 105.1313884, 15.7355556 ], [ 105.1313884, 16.1927778 ], [ 104.4294438, 16.1927778 ], [ 104.4294438, 15.7355556 ] ] ] } },
{ "type": "Feature", "properties": { "Id": 0, "Sheet_ID": "190 [W]. KRATIE", "label": "190 [W]. KRATIE", "call_short": "G8005 S100 .I6", "call_num": "G8005 S100 .I6 190 WEST", "recid": "bg637np0544", "websiteUrl": "https://purl.stanford.edu/bg637np0544", "title": "十万分一佛領印度支那", "ckey": 2830133, "available": true, "iiifUrl": "https://purl.stanford.edu/bg637np0544/iiif/manifest" }, "geometry": { "type": "Polygon", "coordinates": [ [ [ 105.833333, 12.131944 ], [ 106.175, 12.131944 ], [ 106.175, 12.578333 ], [ 105.833333, 12.578333 ], [ 105.833333, 12.131944 ] ] ] } },
{ "type": "Feature", "properties": { "Id": 0, "Sheet_ID": [ 191 ], "label": [ 191 ], "call_short": "0", "call_num": "0", "recid": "0", "websiteUrl": "0", "title": "0", "ckey": 0, "available": false, "iiifUrl": "0" }, "geometry": { "type": "Polygon", "coordinates": [ [ [ 106.526296, 12.131944 ], [ 107.219259, 12.131944 ], [ 107.219259, 12.578333 ], [ 106.526296, 12.578333 ], [ 106.526296, 12.131944 ] ] ] } },
{ "type": "Feature", "properties": { "Id": 0, "Sheet_ID": [ 192 ], "label": [ 192 ], "call_short": "0", "call_num": "0", "recid": "0", "websiteUrl": "0", "title": "0", "ckey": 0, "available": false, "iiifUrl": "0" }, "geometry": { "type": "Polygon", "coordinates": [ [ [ 107.219259, 12.131944 ], [ 107.912222, 12.131944 ], [ 107.912222, 12.578333 ], [ 107.219259, 12.578333 ], [ 107.219259, 12.131944 ] ] ] } },
{ "type": "Feature", "properties": { "Id": 0, "Sheet_ID": "193. DARLAC", "label": "193. DARLAC", "call_short": "G8005 S100 .I6", "call_num": "G8005 S100 .I6 193", "recid": "kc368zf6968", "websiteUrl": "https://purl.stanford.edu/kc368zf6968", "title": "十万分一佛領印度支那", "ckey": 2830133, "available": true, "iiifUrl": "https://purl.stanford.edu/kc368zf6968/iiif/manifest" }, "geometry": { "type": "Polygon", "coordinates": [ [ [ 107.912222, 12.131944 ], [ 108.605185, 12.131944 ], [ 108.605185, 12.578333 ], [ 107.912222, 12.578333 ], [ 107.912222, 12.131944 ] ] ] } },
{ "type": "Feature", "properties": { "Id": 0, "Sheet_ID": "194. NHA-TRANG", "label": "194. NHA-TRANG", "call_short": "G8005 S100 .I6", "call_num": "G8005 S100 .I6 194", "recid": "bq089cg0126", "websiteUrl": "https://purl.stanford.edu/bq089cg0126", "title": "十万分一佛領印度支那", "ckey": 2830133, "available": true, "iiifUrl": "https://purl.stanford.edu/bq089cg0126/iiif/manifest" }, "geometry": { "type": "Polygon", "coordinates": [ [ [ 108.605185, 12.131944 ], [ 109.378889, 12.131944 ], [ 109.378889, 12.578333 ], [ 108.605185, 12.578333 ], [ 108.605185, 12.131944 ] ] ] } },
{ "type": "Feature", "properties": { "Id": 0, "Sheet_ID": "179 [W]. SAMBOR", "label": "179 [W]. SAMBOR", "call_short": "G8005 S100 .I6", "call_num": "G8005 S100 .I6 179 WEST", "recid": "tm976jv0672", "websiteUrl": "https://purl.stanford.edu/tm976jv0672", "title": "十万分一佛領印度支那", "ckey": 2830133, "available": true, "iiifUrl": "https://purl.stanford.edu/tm976jv0672/iiif/manifest" }, "geometry": { "type": "Polygon", "coordinates": [ [ [ 105.833333, 12.578333 ], [ 106.175, 12.578333 ], [ 106.175, 13.024722 ], [ 105.833333, 13.024722 ], [ 105.833333, 12.578333 ] ] ] } },
{ "type": "Feature", "properties": { "Id": 0, "Sheet_ID": [ 180 ], "label": [ 180 ], "call_short": "0", "call_num": "0", "recid": "0", "websiteUrl": "0", "title": "0", "ckey": 0, "available": false, "iiifUrl": "0" }, "geometry": { "type": "Polygon", "coordinates": [ [ [ 106.526296, 12.578333 ], [ 107.219259, 12.578333 ], [ 107.219259, 13.024722 ], [ 106.526296, 13.024722 ], [ 106.526296, 12.578333 ] ] ] } },
{ "type": "Feature", "properties": { "Id": 0, "Sheet_ID": [ 181 ], "label": [ 181 ], "call_short": "0", "call_num": "0", "recid": "0", "websiteUrl": "0", "title": "0", "ckey": 0, "available": false, "iiifUrl": "0" }, "geometry": { "type": "Polygon", "coordinates": [ [ [ 107.219259, 12.578333 ], [ 107.912222, 12.578333 ], [ 107.912222, 13.024722 ], [ 107.219259, 13.024722 ], [ 107.219259, 12.578333 ] ] ] } },
{ "type": "Feature", "properties": { "Id": 0, "Sheet_ID": "182. BAN-ME-THOUT", "label": "182. BAN-ME-THOUT", "call_short": "G8005 S100 .I6", "call_num": "G8005 S100 .I6 182", "recid": "px011zd3241", "websiteUrl": "https://purl.stanford.edu/px011zd3241", "title": "十万分一佛領印度支那", "ckey": 2830133, "available": true, "iiifUrl": "https://purl.stanford.edu/px011zd3241/iiif/manifest" }, "geometry": { "type": "Polygon", "coordinates": [ [ [ 107.912222, 12.578333 ], [ 108.605185, 12.578333 ], [ 108.605185, 13.024722 ], [ 107.912222, 13.024722 ], [ 107.912222, 12.578333 ] ] ] } },
{ "type": "Feature", "properties": { "Id": 0, "Sheet_ID": "183. HON-KHOI", "label": "183. HON-KHOI", "call_short": "G8005 S100 .I6", "call_num": "G8005 S100 .I6 183", "recid": "qr962gy6680", "websiteUrl": "https://purl.stanford.edu/qr962gy6680", "title": "十万分一佛領印度支那", "ckey": 2830133, "available": true, "iiifUrl": "https://purl.stanford.edu/qr962gy6680/iiif/manifest" }, "geometry": { "type": "Polygon", "coordinates": [ [ [ 108.605185, 12.578333 ], [ 109.298148, 12.578333 ], [ 109.298148, 13.024722 ], [ 108.605185, 13.024722 ], [ 108.605185, 12.578333 ] ] ] } },
{ "type": "Feature", "properties": { "Id": 0, "Sheet_ID": "184. CAP-VARELLA", "label": "184. CAP-VARELLA", "call_short": "G8005 S100 .I6", "call_num": "G8005 S100 .I6 184", "recid": "pt328xw8358", "websiteUrl": "https://purl.stanford.edu/pt328xw8358", "title": "十万分一佛領印度支那", "ckey": 2830133, "available": true, "iiifUrl": "https://purl.stanford.edu/pt328xw8358/iiif/manifest" }, "geometry": { "type": "Polygon", "coordinates": [ [ [ 109.298148, 12.546111 ], [ 109.631111, 12.546111 ], [ 109.631111, 13.024722 ], [ 109.298148, 13.024722 ], [ 109.298148, 12.546111 ] ] ] } },
{ "type": "Feature", "properties": { "Id": 0, "Sheet_ID": "170 [W]. PREK-PREAS", "label": "170 [W]. PREK-PREAS", "call_short": "G8005 S100 .I6", "call_num": "G8005 S100 .I6 170 WEST", "recid": "bj295hj3786", "websiteUrl": "https://purl.stanford.edu/bj295hj3786", "title": "十万分一佛領印度支那", "ckey": 2830133, "available": true, "iiifUrl": "https://purl.stanford.edu/bj295hj3786/iiif/manifest" }, "geometry": { "type": "Polygon", "coordinates": [ [ [ 105.796944, 13.024722 ], [ 106.22, 13.024722 ], [ 106.22, 13.471111 ], [ 105.796944, 13.471111 ], [ 105.796944, 13.024722 ] ] ] } },
{ "type": "Feature", "properties": { "Id": 0, "Sheet_ID": [ 171 ], "label": [ 171 ], "call_short": "0", "call_num": "0", "recid": "0", "websiteUrl": "0", "title": "0", "ckey": 0, "available": false, "iiifUrl": "0" }, "geometry": { "type": "Polygon", "coordinates": [ [ [ 106.526296, 13.024722 ], [ 107.219259, 13.024722 ], [ 107.219259, 13.471111 ], [ 106.526296, 13.471111 ], [ 106.526296, 13.024722 ] ] ] } },
{ "type": "Feature", "properties": { "Id": 0, "Sheet_ID": [ 172 ], "label": [ 172 ], "call_short": "0", "call_num": "0", "recid": "0", "websiteUrl": "0", "title": "0", "ckey": 0, "available": false, "iiifUrl": "0" }, "geometry": { "type": "Polygon", "coordinates": [ [ [ 107.219259, 13.024722 ], [ 107.912222, 13.024722 ], [ 107.912222, 13.471111 ], [ 107.219259, 13.471111 ], [ 107.219259, 13.024722 ] ] ] } },
{ "type": "Feature", "properties": { "Id": 0, "Sheet_ID": "173. CHEO-REO", "label": "173. CHEO-REO", "call_short": "G8005 S100 .I6", "call_num": "G8005 S100 .I6 173", "recid": "ph108gw3837", "websiteUrl": "https://purl.stanford.edu/ph108gw3837", "title": "十万分一佛領印度支那", "ckey": 2830133, "available": true, "iiifUrl": "https://purl.stanford.edu/ph108gw3837/iiif/manifest" }, "geometry": { "type": "Polygon", "coordinates": [ [ [ 107.912222, 13.024722 ], [ 108.605185, 13.024722 ], [ 108.605185, 13.471111 ], [ 107.912222, 13.471111 ], [ 107.912222, 13.024722 ] ] ] } },
{ "type": "Feature", "properties": { "Id": 0, "Sheet_ID": "174. PHU-YEN", "label": "174. PHU-YEN", "call_short": "G8005 S100 .I6", "call_num": "G8005 S100 .I6 174", "recid": "zv381hv6080", "websiteUrl": "https://purl.stanford.edu/zv381hv6080", "title": "十万分一佛領印度支那", "ckey": 2830133, "available": true, "iiifUrl": "https://purl.stanford.edu/zv381hv6080/iiif/manifest" }, "geometry": { "type": "Polygon", "coordinates": [ [ [ 108.605185, 13.024722 ], [ 109.388056, 13.024722 ], [ 109.388056, 13.471111 ], [ 108.605185, 13.471111 ], [ 108.605185, 13.024722 ] ] ] } },
{ "type": "Feature", "properties": { "Id": 0, "Sheet_ID": [ 162 ], "label": [ 162 ], "call_short": "0", "call_num": "0", "recid": "0", "websiteUrl": "0", "title": "0", "ckey": 0, "available": false, "iiifUrl": "0" }, "geometry": { "type": "Polygon", "coordinates": [ [ [ 105.833333, 13.471111 ], [ 106.526296, 13.471111 ], [ 106.526296, 13.9175 ], [ 105.833333, 13.9175 ], [ 105.833333, 13.471111 ] ] ] } },
{ "type": "Feature", "properties": { "Id": 0, "Sheet_ID": [ 163 ], "label": [ 163 ], "call_short": "0", "call_num": "0", "recid": "0", "websiteUrl": "0", "title": "0", "ckey": 0, "available": false, "iiifUrl": "0" }, "geometry": { "type": "Polygon", "coordinates": [ [ [ 106.526296, 13.471111 ], [ 107.219259, 13.471111 ], [ 107.219259, 13.9175 ], [ 106.526296, 13.9175 ], [ 106.526296, 13.471111 ] ] ] } },
{ "type": "Feature", "properties": { "Id": 0, "Sheet_ID": "164. BO-KHAM", "label": "164. BO-KHAM", "call_short": "G8005 S100 .I6", "call_num": "G8005 S100 .I6 164", "recid": "nz286gh8993", "websiteUrl": "https://purl.stanford.edu/nz286gh8993", "title": "十万分一佛領印度支那", "ckey": 2830133, "available": true, "iiifUrl": "https://purl.stanford.edu/nz286gh8993/iiif/manifest" }, "geometry": { "type": "Polygon", "coordinates": [ [ [ 107.416944, 13.471111 ], [ 107.912222, 13.471111 ], [ 107.912222, 13.9175 ], [ 107.416944, 13.9175 ], [ 107.416944, 13.471111 ] ] ] } },
{ "type": "Feature", "properties": { "Id": 0, "Sheet_ID": "165. BAN-TUR", "label": "165. BAN-TUR", "call_short": "0", "call_num": "0", "recid": "0", "websiteUrl": "0", "title": "0", "ckey": 0, "available": false, "iiifUrl": "0" }, "geometry": { "type": "Polygon", "coordinates": [ [ [ 107.912222, 13.471111 ], [ 108.605185, 13.471111 ], [ 108.605185, 13.9175 ], [ 107.912222, 13.9175 ], [ 107.912222, 13.471111 ] ] ] } },
{ "type": "Feature", "properties": { "Id": 0, "Sheet_ID": "166. QUI-NHON", "label": "166. QUI-NHON", "call_short": "G8005 S100 .I6", "call_num": "G8005 S100 .I6 166", "recid": "wt587fh8020", "websiteUrl": "https://purl.stanford.edu/wt587fh8020", "title": "十万分一佛領印度支那", "ckey": 2830133, "available": true, "iiifUrl": "https://purl.stanford.edu/wt587fh8020/iiif/manifest" }, "geometry": { "type": "Polygon", "coordinates": [ [ [ 108.893056, 13.471111 ], [ 109.306944, 13.471111 ], [ 109.306944, 13.9175 ], [ 108.893056, 13.9175 ], [ 108.893056, 13.471111 ] ] ] } },
{ "type": "Feature", "properties": { "Id": 0, "Sheet_ID": [ 155 ], "label": [ 155 ], "call_short": "0", "call_num": "0", "recid": "0", "websiteUrl": "0", "title": "0", "ckey": 0, "available": false, "iiifUrl": "0" }, "geometry": { "type": "Polygon", "coordinates": [ [ [ 106.526296, 13.9175 ], [ 107.219259, 13.9175 ], [ 107.219259, 14.363889 ], [ 106.526296, 14.363889 ], [ 106.526296, 13.9175 ] ] ] } },
{ "type": "Feature", "properties": { "Id": 0, "Sheet_ID": "156. YA LI", "label": "156. YA LI", "call_short": "G8005 S100 .I6", "call_num": "G8005 S100 .I6 156", "recid": "cs586nz8923", "websiteUrl": "https://purl.stanford.edu/cs586nz8923", "title": "十万分一佛領印度支那", "ckey": 2830133, "available": true, "iiifUrl": "https://purl.stanford.edu/cs586nz8923/iiif/manifest" }, "geometry": { "type": "Polygon", "coordinates": [ [ [ 107.416944, 13.9175 ], [ 107.912222, 13.9175 ], [ 107.912222, 14.363889 ], [ 107.416944, 14.363889 ], [ 107.416944, 13.9175 ] ] ] } },
{ "type": "Feature", "properties": { "Id": 0, "Sheet_ID": "157. KON-TUM", "label": "157. KON-TUM", "call_short": "G8005 S100 .I6", "call_num": "G8005 S100 .I6 157", "recid": "mq360bn8492", "websiteUrl": "https://purl.stanford.edu/mq360bn8492", "title": "十万分一佛領印度支那", "ckey": 2830133, "available": true, "iiifUrl": "https://purl.stanford.edu/mq360bn8492/iiif/manifest" }, "geometry": { "type": "Polygon", "coordinates": [ [ [ 107.912222, 13.9175 ], [ 108.605185, 13.9175 ], [ 108.605185, 14.363889 ], [ 107.912222, 14.363889 ], [ 107.912222, 13.9175 ] ] ] } },
{ "type": "Feature", "properties": { "Id": 0, "Sheet_ID": "158. PHU-MY", "label": "158. PHU-MY", "call_short": "G8005 S100 .I6", "call_num": "G8005 S100 .I6 158", "recid": "th490bz8055", "websiteUrl": "https://purl.stanford.edu/th490bz8055", "title": "十万分一佛領印度支那", "ckey": 2830133, "available": true, "iiifUrl": "https://purl.stanford.edu/th490bz8055/iiif/manifest" }, "geometry": { "type": "Polygon", "coordinates": [ [ [ 108.605185, 13.9175 ], [ 109.298148, 13.9175 ], [ 109.298148, 14.363889 ], [ 108.605185, 14.363889 ], [ 108.605185, 13.9175 ] ] ] } },
{ "type": "Feature", "properties": { "Id": 0, "Sheet_ID": [ 161 ], "label": [ 161 ], "call_short": "0", "call_num": "0", "recid": "0", "websiteUrl": "0", "title": "0", "ckey": 0, "available": false, "iiifUrl": "0" }, "geometry": { "type": "Polygon", "coordinates": [ [ [ 105.14037, 13.471111 ], [ 105.833333, 13.471111 ], [ 105.833333, 13.9175 ], [ 105.14037, 13.9175 ], [ 105.14037, 13.471111 ] ] ] } },
{ "type": "Feature", "properties": { "Id": 0, "Sheet_ID": [ 169 ], "label": [ 169 ], "call_short": "0", "call_num": "0", "recid": "0", "websiteUrl": "0", "title": "0", "ckey": 0, "available": false, "iiifUrl": "0" }, "geometry": { "type": "Polygon", "coordinates": [ [ [ 105.14037, 13.024722 ], [ 105.833333, 13.024722 ], [ 105.833333, 13.471111 ], [ 105.14037, 13.471111 ], [ 105.14037, 13.024722 ] ] ] } },
{ "type": "Feature", "properties": { "Id": 0, "Sheet_ID": "178. PORONG", "label": "178. PORONG", "call_short": "G8005 S100 .I6", "call_num": "G8005 S100 .I6 178", "recid": "tk385bs2553", "websiteUrl": "https://purl.stanford.edu/tk385bs2553", "title": "十万分一佛領印度支那", "ckey": 2830133, "available": true, "iiifUrl": "https://purl.stanford.edu/tk385bs2553/iiif/manifest" }, "geometry": { "type": "Polygon", "coordinates": [ [ [ 105.14037, 12.578333 ], [ 105.833333, 12.578333 ], [ 105.833333, 13.024722 ], [ 105.14037, 13.024722 ], [ 105.14037, 12.578333 ] ] ] } },
{ "type": "Feature", "properties": { "Id": 0, "Sheet_ID": [ 160 ], "label": [ 160 ], "call_short": "0", "call_num": "0", "recid": "0", "websiteUrl": "0", "title": "0", "ckey": 0, "available": false, "iiifUrl": "0" }, "geometry": { "type": "Polygon", "coordinates": [ [ [ 104.447407, 13.471111 ], [ 105.14037, 13.471111 ], [ 105.14037, 13.9175 ], [ 104.447407, 13.9175 ], [ 104.447407, 13.471111 ] ] ] } },
{ "type": "Feature", "properties": { "Id": 0, "Sheet_ID": "168 [W]. PHNOM-DECK", "label": "168 [W]. PHNOM-DECK", "call_short": "G8005 S100 .I6", "call_num": "G8005 S100 .I6 168 WEST", "recid": "sr131nn3603", "websiteUrl": "https://purl.stanford.edu/sr131nn3603", "title": "十万分一佛領印度支那", "ckey": 2830133, "available": true, "iiifUrl": "https://purl.stanford.edu/sr131nn3603/iiif/manifest" }, "geometry": { "type": "Polygon", "coordinates": [ [ [ 104.447407, 13.024722 ], [ 104.825, 13.024722 ], [ 104.825, 13.471111 ], [ 104.447407, 13.471111 ], [ 104.447407, 13.024722 ] ] ] } },
{ "type": "Feature", "properties": { "Id": 0, "Sheet_ID": "177. KOMPONG-THOM", "label": "177. KOMPONG-THOM", "call_short": "G8005 S100 .I6", "call_num": "G8005 S100 .I6 177", "recid": "kk123sv6476", "websiteUrl": "https://purl.stanford.edu/kk123sv6476", "title": "十万分一佛領印度支那", "ckey": 2830133, "available": true, "iiifUrl": "https://purl.stanford.edu/kk123sv6476/iiif/manifest" }, "geometry": { "type": "Polygon", "coordinates": [ [ [ 104.447407, 12.578333 ], [ 105.14037, 12.578333 ], [ 105.14037, 13.024722 ], [ 104.447407, 13.024722 ], [ 104.447407, 12.578333 ] ] ] } },
{ "type": "Feature", "properties": { "Id": 0, "Sheet_ID": "188. KOMPONG-CHHNANG", "label": "188. KOMPONG-CHHNANG", "call_short": "G8005 S100 .I6", "call_num": "G8005 S100 .I6 188", "recid": "sh732tj9814", "websiteUrl": "https://purl.stanford.edu/sh732tj9814", "title": "十万分一佛領印度支那", "ckey": 2830133, "available": true, "iiifUrl": "https://purl.stanford.edu/sh732tj9814/iiif/manifest" }, "geometry": { "type": "Polygon", "coordinates": [ [ [ 104.447407, 12.131944 ], [ 105.14037, 12.131944 ], [ 105.14037, 12.578333 ], [ 104.447407, 12.578333 ], [ 104.447407, 12.131944 ] ] ] } },
{ "type": "Feature", "properties": { "Id": 0, "Sheet_ID": "189. KRAU-CHMAR", "label": "189. KRAU-CHMAR", "call_short": "G8005 S100 .I6", "call_num": "G8005 S100 .I6 189", "recid": "tj181rv3816", "websiteUrl": "https://purl.stanford.edu/tj181rv3816", "title": "十万分一佛領印度支那", "ckey": 2830133, "available": true, "iiifUrl": "https://purl.stanford.edu/tj181rv3816/iiif/manifest" }, "geometry": { "type": "Polygon", "coordinates": [ [ [ 105.14037, 12.131944 ], [ 105.833333, 12.131944 ], [ 105.833333, 12.578333 ], [ 105.14037, 12.578333 ], [ 105.14037, 12.131944 ] ] ] } },
{ "type": "Feature", "properties": { "Id": 0, "Sheet_ID": "[159-bis.]", "label": "[159-bis.]", "call_short": "0", "call_num": "0", "recid": "0", "websiteUrl": "0", "title": "0", "ckey": 0, "available": false, "iiifUrl": "0" }, "geometry": { "type": "Polygon", "coordinates": [ [ [ 103.754444, 13.471111 ], [ 104.447407, 13.471111 ], [ 104.447407, 13.9175 ], [ 103.754444, 13.9175 ], [ 103.754444, 13.471111 ] ] ] } },
{ "type": "Feature", "properties": { "Id": 0, "Sheet_ID": "167-bis. ANGKOR", "label": "167-bis. ANGKOR", "call_short": "G8005 S100 .I6", "call_num": "G8005 S100 .I6 167-2", "recid": "pt904jy9426", "websiteUrl": "https://purl.stanford.edu/pt904jy9426", "title": "十万分一佛領印度支那", "ckey": 2830133, "available": true, "iiifUrl": "https://purl.stanford.edu/pt904jy9426/iiif/manifest" }, "geometry": { "type": "Polygon", "coordinates": [ [ [ 103.754444, 13.024722 ], [ 104.447407, 13.024722 ], [ 104.447407, 13.471111 ], [ 103.754444, 13.471111 ], [ 103.754444, 13.024722 ] ] ] } },
{ "type": "Feature", "properties": { "Id": 0, "Sheet_ID": [ 176 ], "label": [ 176 ], "call_short": "0", "call_num": "0", "recid": "0", "websiteUrl": "0", "title": "0", "ckey": 0, "available": false, "iiifUrl": "0" }, "geometry": { "type": "Polygon", "coordinates": [ [ [ 103.754444, 12.578333 ], [ 104.447407, 12.578333 ], [ 104.447407, 13.024722 ], [ 103.754444, 13.024722 ], [ 103.754444, 12.578333 ] ] ] } },
{ "type": "Feature", "properties": { "Id": 0, "Sheet_ID": [ 187 ], "label": [ 187 ], "call_short": "0", "call_num": "0", "recid": "0", "websiteUrl": "0", "title": "0", "ckey": 0, "available": false, "iiifUrl": "0" }, "geometry": { "type": "Polygon", "coordinates": [ [ [ 103.754444, 12.131944 ], [ 104.447407, 12.131944 ], [ 104.447407, 12.578333 ], [ 103.754444, 12.578333 ], [ 103.754444, 12.131944 ] ] ] } },
{ "type": "Feature", "properties": { "Id": 0, "Sheet_ID": "159. KRALANH", "label": "159. KRALANH", "call_short": "G8005 S100 .I6", "call_num": "G8005 S100 .I6 159-1", "recid": "yp521xw1751", "websiteUrl": "https://purl.stanford.edu/yp521xw1751", "title": "十万分一佛領印度支那", "ckey": 2830133, "available": true, "iiifUrl": "https://purl.stanford.edu/yp521xw1751/iiif/manifest" }, "geometry": { "type": "Polygon", "coordinates": [ [ [ 103.061481, 13.471111 ], [ 103.754444, 13.471111 ], [ 103.754444, 13.9175 ], [ 103.061481, 13.9175 ], [ 103.061481, 13.471111 ] ] ] } },
{ "type": "Feature", "properties": { "Id": 0, "Sheet_ID": "167. BATTAMBANG", "label": "167. BATTAMBANG", "call_short": "G8005 S100 .I6", "call_num": "G8005 S100 .I6 167-1", "recid": "zp654xr7533", "websiteUrl": "https://purl.stanford.edu/zp654xr7533", "title": "十万分一佛領印度支那", "ckey": 2830133, "available": true, "iiifUrl": "https://purl.stanford.edu/zp654xr7533/iiif/manifest" }, "geometry": { "type": "Polygon", "coordinates": [ [ [ 103.061481, 13.024722 ], [ 103.754444, 13.024722 ], [ 103.754444, 13.471111 ], [ 103.061481, 13.471111 ], [ 103.061481, 13.024722 ] ] ] } },
{ "type": "Feature", "properties": { "Id": 0, "Sheet_ID": "175 [W]. MOUNG", "label": "175 [W]. MOUNG", "call_short": "G8005 S100 .I6", "call_num": "G8005 S100 .I6 175 WEST", "recid": "tk077wr0230", "websiteUrl": "https://purl.stanford.edu/tk077wr0230", "title": "十万分一佛領印度支那", "ckey": 2830133, "available": true, "iiifUrl": "https://purl.stanford.edu/tk077wr0230/iiif/manifest" }, "geometry": { "type": "Polygon", "coordinates": [ [ [ 103.061481, 12.578333 ], [ 103.754444, 12.578333 ], [ 103.754444, 13.024722 ], [ 103.061481, 13.024722 ], [ 103.061481, 12.578333 ] ] ] } },
{ "type": "Feature", "properties": { "Id": 0, "Sheet_ID": "175/186. BASSIN DU KRAPOEU PI", "label": "175/186. BASSIN DU KRAPOEU PI", "call_short": "G8005 S100 .I6", "call_num": "G8005 S100 .I6 175/186", "recid": "mc840hg6165", "websiteUrl": "https://purl.stanford.edu/mc840hg6165", "title": "十万分一佛領印度支那", "ckey": 2830133, "available": true, "iiifUrl": "https://purl.stanford.edu/mc840hg6165/iiif/manifest" }, "geometry": { "type": "Polygon", "coordinates": [ [ [ 102.983333, 12.3366667 ], [ 103.7, 12.3366667 ], [ 103.7, 12.7883334 ], [ 102.983333, 12.7883334 ], [ 102.983333, 12.3366667 ] ] ] } },
{ "type": "Feature", "properties": { "Id": 0, "Sheet_ID": "158-bis. SISOPHON", "label": "158-bis. SISOPHON", "call_short": "G8005 S100 .I6", "call_num": "G8005 S100 .I6 158-2", "recid": "xb088pz4142", "websiteUrl": "https://purl.stanford.edu/xb088pz4142", "title": "十万分一佛領印度支那", "ckey": 2830133, "available": true, "iiifUrl": "https://purl.stanford.edu/xb088pz4142/iiif/manifest" }, "geometry": { "type": "Polygon", "coordinates": [ [ [ 102.368518, 13.471111 ], [ 103.061481, 13.471111 ], [ 103.061481, 13.9175 ], [ 102.368518, 13.9175 ], [ 102.368518, 13.471111 ] ] ] } },
{ "type": "Feature", "properties": { "Id": 0, "Sheet_ID": "166-ter [E]. LO-VEA", "label": "166-ter [E]. LO-VEA", "call_short": "G8005 S100 .I6", "call_num": "G8005 S100 .I6 166-3", "recid": "kc707cn0342", "websiteUrl": "https://purl.stanford.edu/kc707cn0342", "title": "十万分一佛領印度支那", "ckey": 2830133, "available": true, "iiifUrl": "https://purl.stanford.edu/kc707cn0342/iiif/manifest" }, "geometry": { "type": "Polygon", "coordinates": [ [ [ 102.718889, 13.024722 ], [ 103.061481, 13.024722 ], [ 103.061481, 13.471111 ], [ 102.718889, 13.471111 ], [ 102.718889, 13.024722 ] ] ] } },
{ "type": "Feature", "properties": { "Id": 0, "Sheet_ID": "174-ter [E]. PAILIN", "label": "174-ter [E]. PAILIN", "call_short": "G8005 S100 .I6", "call_num": "G8005 S100 .I6 174-3 EAST", "recid": "qy060dh0737", "websiteUrl": "https://purl.stanford.edu/qy060dh0737", "title": "十万分一佛領印度支那", "ckey": 2830133, "available": true, "iiifUrl": "https://purl.stanford.edu/qy060dh0737/iiif/manifest" }, "geometry": { "type": "Polygon", "coordinates": [ [ [ 102.718889, 12.578333 ], [ 103.061481, 12.578333 ], [ 103.061481, 13.024722 ], [ 102.718889, 13.024722 ], [ 102.718889, 12.578333 ] ] ] } },
{ "type": "Feature", "properties": { "Id": 0, "Sheet_ID": [ 185 ], "label": [ 185 ], "call_short": "0", "call_num": "0", "recid": "0", "websiteUrl": "0", "title": "0", "ckey": 0, "available": false, "iiifUrl": "0" }, "geometry": { "type": "Polygon", "coordinates": [ [ [ 102.368518, 12.131944 ], [ 103.061481, 12.131944 ], [ 103.061481, 12.578333 ], [ 102.368518, 12.578333 ], [ 102.368518, 12.131944 ] ] ] } },
{ "type": "Feature", "properties": { "Id": 0, "Sheet_ID": "233. RACH-GIA", "label": "233. RACH-GIA", "call_short": "G8005 S100 .I6", "call_num": "G8005 S100 .I6 233", "recid": "vx572mr4005", "websiteUrl": "https://purl.stanford.edu/vx572mr4005", "title": "十万分一佛領印度支那", "ckey": 2830133, "available": true, "iiifUrl": "https://purl.stanford.edu/vx572mr4005/iiif/manifest" }, "geometry": { "type": "Polygon", "coordinates": [ [ [ 104.4576187, 9.863889 ], [ 105.1454759, 9.863889 ], [ 105.1454759, 10.3175 ], [ 104.4576187, 10.3175 ], [ 104.4576187, 9.863889 ] ] ] } },
{ "type": "Feature", "properties": { "Id": 0, "Sheet_ID": "234. CAN-THO", "label": "234. CAN-THO", "call_short": "G8005 S100 .I6", "call_num": "G8005 S100 .I6 234", "recid": "jj129xf5272", "websiteUrl": "https://purl.stanford.edu/jj129xf5272", "title": "十万分一佛領印度支那", "ckey": 2830133, "available": true, "iiifUrl": "https://purl.stanford.edu/jj129xf5272/iiif/manifest" }, "geometry": { "type": "Polygon", "coordinates": [ [ [ 105.1454759, 9.863889 ], [ 105.833333, 9.863889 ], [ 105.833333, 10.3175 ], [ 105.1454759, 10.3175 ], [ 105.1454759, 9.863889 ] ] ] } },
{ "type": "Feature", "properties": { "Id": 0, "Sheet_ID": "235. VINH-LONG", "label": "235. VINH-LONG", "call_short": "G8005 S100 .I6", "call_num": "G8005 S100 .I6 235", "recid": "gz731vf5630", "websiteUrl": "https://purl.stanford.edu/gz731vf5630", "title": "十万分一佛領印度支那", "ckey": 2830133, "available": true, "iiifUrl": "https://purl.stanford.edu/gz731vf5630/iiif/manifest" }, "geometry": { "type": "Polygon", "coordinates": [ [ [ 105.833333, 9.863889 ], [ 106.5211901, 9.863889 ], [ 106.5211901, 10.3175 ], [ 105.833333, 10.3175 ], [ 105.833333, 9.863889 ] ] ] } },
{ "type": "Feature", "properties": { "Id": 0, "Sheet_ID": "236. CUA-TIEU", "label": "236. CUA-TIEU", "call_short": "G8005 S100 .I6", "call_num": "G8005 S100 .I6 236", "recid": "mw629sf2839", "websiteUrl": "https://purl.stanford.edu/mw629sf2839", "title": "十万分一佛領印度支那", "ckey": 2830133, "available": true, "iiifUrl": "https://purl.stanford.edu/mw629sf2839/iiif/manifest" }, "geometry": { "type": "Polygon", "coordinates": [ [ [ 106.5211901, 9.863889 ], [ 106.863222, 9.863889 ], [ 106.863222, 10.3175 ], [ 106.5211901, 10.3175 ], [ 106.5211901, 9.863889 ] ] ] } },
{ "type": "Feature", "properties": { "Id": 0, "Sheet_ID": "227. HA-TIEN", "label": "227. HA-TIEN", "call_short": "0", "call_num": "0", "recid": "0", "websiteUrl": "0", "title": "0", "ckey": 0, "available": false, "iiifUrl": "0" }, "geometry": { "type": "Polygon", "coordinates": [ [ [ 104.4576187, 10.3175 ], [ 105.1454759, 10.3175 ], [ 105.1454759, 10.771111 ], [ 104.4576187, 10.771111 ], [ 104.4576187, 10.3175 ] ] ] } },
{ "type": "Feature", "properties": { "Id": 0, "Sheet_ID": "228. LONG-XUYEN", "label": "228. LONG-XUYEN", "call_short": "G8005 S100 .I6", "call_num": "G8005 S100 .I6 228", "recid": "sz674vg2637", "websiteUrl": "https://purl.stanford.edu/sz674vg2637", "title": "十万分一佛領印度支那", "ckey": 2830133, "available": true, "iiifUrl": "https://purl.stanford.edu/sz674vg2637/iiif/manifest" }, "geometry": { "type": "Polygon", "coordinates": [ [ [ 105.1454759, 10.3175 ], [ 105.833333, 10.3175 ], [ 105.833333, 10.771111 ], [ 105.1454759, 10.771111 ], [ 105.1454759, 10.3175 ] ] ] } },
{ "type": "Feature", "properties": { "Id": 0, "Sheet_ID": "229. MY-THO", "label": "229. MY-THO", "call_short": "G8005 S100 .I6", "call_num": "G8005 S100 .I6 229", "recid": "mp567jq8850", "websiteUrl": "https://purl.stanford.edu/mp567jq8850", "title": "十万分一佛領印度支那", "ckey": 2830133, "available": true, "iiifUrl": "https://purl.stanford.edu/mp567jq8850/iiif/manifest" }, "geometry": { "type": "Polygon", "coordinates": [ [ [ 105.833333, 10.3175 ], [ 106.5211901, 10.3175 ], [ 106.5211901, 10.771111 ], [ 105.833333, 10.771111 ], [ 105.833333, 10.3175 ] ] ] } },
{ "type": "Feature", "properties": { "Id": 0, "Sheet_ID": "230. CAP St. JACQUES", "label": "230. CAP St. JACQUES", "call_short": "G8005 S100 .I6", "call_num": "G8005 S100 .I6 230", "recid": "gz397yf3500", "websiteUrl": "https://purl.stanford.edu/gz397yf3500", "title": "十万分一佛領印度支那", "ckey": 2830133, "available": true, "iiifUrl": "https://purl.stanford.edu/gz397yf3500/iiif/manifest" }, "geometry": { "type": "Polygon", "coordinates": [ [ [ 106.5211901, 10.3175 ], [ 107.2090473, 10.3175 ], [ 107.2090473, 10.771111 ], [ 106.5211901, 10.771111 ], [ 106.5211901, 10.3175 ] ] ] } },
{ "type": "Feature", "properties": { "Id": 0, "Sheet_ID": "231. XUYEN-MOC", "label": "231. XUYEN-MOC", "call_short": "G8005 S100 .I6", "call_num": "G8005 S100 .I6 231", "recid": "ry930bm8997", "websiteUrl": "https://purl.stanford.edu/ry930bm8997", "title": "十万分一佛領印度支那", "ckey": 2830133, "available": true, "iiifUrl": "https://purl.stanford.edu/ry930bm8997/iiif/manifest" }, "geometry": { "type": "Polygon", "coordinates": [ [ [ 107.2090473, 10.3175 ], [ 107.8969044, 10.3175 ], [ 107.8969044, 10.771111 ], [ 107.2090473, 10.771111 ], [ 107.2090473, 10.3175 ] ] ] } },
{ "type": "Feature", "properties": { "Id": 0, "Sheet_ID": "218. TAKEO", "label": "218. TAKEO", "call_short": "G8005 S100 .I6", "call_num": "G8005 S100 .I6 218", "recid": "kr652gz2727", "websiteUrl": "https://purl.stanford.edu/kr652gz2727", "title": "十万分一佛領印度支那", "ckey": 2830133, "available": true, "iiifUrl": "https://purl.stanford.edu/kr652gz2727/iiif/manifest" }, "geometry": { "type": "Polygon", "coordinates": [ [ [ 104.4576187, 10.771111 ], [ 105.1454759, 10.771111 ], [ 105.1454759, 11.224722 ], [ 104.4576187, 11.224722 ], [ 104.4576187, 10.771111 ] ] ] } },
{ "type": "Feature", "properties": { "Id": 0, "Sheet_ID": "219. SOAI-RIENG", "label": "219. SOAI-RIENG", "call_short": "G8005 S100 .I6", "call_num": "G8005 S100 .I6 219", "recid": "vy064qh3332", "websiteUrl": "https://purl.stanford.edu/vy064qh3332", "title": "十万分一佛領印度支那", "ckey": 2830133, "available": true, "iiifUrl": "https://purl.stanford.edu/vy064qh3332/iiif/manifest" }, "geometry": { "type": "Polygon", "coordinates": [ [ [ 105.1454759, 10.771111 ], [ 105.833333, 10.771111 ], [ 105.833333, 11.224722 ], [ 105.1454759, 11.224722 ], [ 105.1454759, 10.771111 ] ] ] } },
{ "type": "Feature", "properties": { "Id": 0, "Sheet_ID": "220. TRANG-BANG", "label": "220. TRANG-BANG", "call_short": "G8005 S100 .I6", "call_num": "G8005 S100 .I6 220", "recid": "cn907qq7049", "websiteUrl": "https://purl.stanford.edu/cn907qq7049", "title": "十万分一佛領印度支那", "ckey": 2830133, "available": true, "iiifUrl": "https://purl.stanford.edu/cn907qq7049/iiif/manifest" }, "geometry": { "type": "Polygon", "coordinates": [ [ [ 105.833333, 10.771111 ], [ 106.5211901, 10.771111 ], [ 106.5211901, 11.224722 ], [ 105.833333, 11.224722 ], [ 105.833333, 10.771111 ] ] ] } },
{ "type": "Feature", "properties": { "Id": 0, "Sheet_ID": "221. SAIGON", "label": "221. SAIGON", "call_short": "G8005 S100 .I6", "call_num": "G8005 S100 .I6 221", "recid": "nm519wk0059", "websiteUrl": "https://purl.stanford.edu/nm519wk0059", "title": "十万分一佛領印度支那", "ckey": 2830133, "available": true, "iiifUrl": "https://purl.stanford.edu/nm519wk0059/iiif/manifest" }, "geometry": { "type": "Polygon", "coordinates": [ [ [ 106.5211901, 10.771111 ], [ 107.2090473, 10.771111 ], [ 107.2090473, 11.224722 ], [ 106.5211901, 11.224722 ], [ 106.5211901, 10.771111 ] ] ] } },
{ "type": "Feature", "properties": { "Id": 0, "Sheet_ID": "222. GIA-RAY", "label": "222. GIA-RAY", "call_short": "G8005 S100 .I6", "call_num": "G8005 S100 .I6 222", "recid": "yv555dt0993", "websiteUrl": "https://purl.stanford.edu/yv555dt0993", "title": "十万分一佛領印度支那", "ckey": 2830133, "available": true, "iiifUrl": "https://purl.stanford.edu/yv555dt0993/iiif/manifest" }, "geometry": { "type": "Polygon", "coordinates": [ [ [ 107.2090473, 10.771111 ], [ 107.8969044, 10.771111 ], [ 107.8969044, 11.224722 ], [ 107.2090473, 11.224722 ], [ 107.2090473, 10.771111 ] ] ] } },
{ "type": "Feature", "properties": { "Id": 0, "Sheet_ID": "223. PHAN-THIET", "label": "223. PHAN-THIET", "call_short": "G8005 S100 .I6", "call_num": "G8005 S100 .I6 223", "recid": "by909mf5157", "websiteUrl": "https://purl.stanford.edu/by909mf5157", "title": "十万分一佛領印度支那", "ckey": 2830133, "available": true, "iiifUrl": "https://purl.stanford.edu/by909mf5157/iiif/manifest" }, "geometry": { "type": "Polygon", "coordinates": [ [ [ 107.8969044, 10.692 ], [ 108.5847616, 10.692 ], [ 108.5847616, 11.224722 ], [ 107.8969044, 11.224722 ], [ 107.8969044, 10.692 ] ] ] } },
{ "type": "Feature", "properties": { "Id": 0, "Sheet_ID": "208. PHNOM-PENH", "label": "208. PHNOM-PENH", "call_short": "G8005 S100 .I6", "call_num": "G8005 S100 .I6 208", "recid": "pc087wb2581", "websiteUrl": "https://purl.stanford.edu/pc087wb2581", "title": "十万分一佛領印度支那", "ckey": 2830133, "available": true, "iiifUrl": "https://purl.stanford.edu/pc087wb2581/iiif/manifest" }, "geometry": { "type": "Polygon", "coordinates": [ [ [ 104.4576187, 11.224722 ], [ 105.1454759, 11.224722 ], [ 105.1454759, 11.678333 ], [ 104.4576187, 11.678333 ], [ 104.4576187, 11.224722 ] ] ] } },
{ "type": "Feature", "properties": { "Id": 0, "Sheet_ID": "209. PREY-VENG", "label": "209. PREY-VENG", "call_short": "G8005 S100 .I6", "call_num": "G8005 S100 .I6 209", "recid": "dr769tv9718", "websiteUrl": "https://purl.stanford.edu/dr769tv9718", "title": "十万分一佛領印度支那", "ckey": 2830133, "available": true, "iiifUrl": "https://purl.stanford.edu/dr769tv9718/iiif/manifest" }, "geometry": { "type": "Polygon", "coordinates": [ [ [ 105.1454759, 11.224722 ], [ 105.833333, 11.224722 ], [ 105.833333, 11.678333 ], [ 105.1454759, 11.678333 ], [ 105.1454759, 11.224722 ] ] ] } },
{ "type": "Feature", "properties": { "Id": 0, "Sheet_ID": "210. TAY-NINH", "label": "210. TAY-NINH", "call_short": "G8005 S100 .I6", "call_num": "G8005 S100 .I6 210", "recid": "km265dp3333", "websiteUrl": "https://purl.stanford.edu/km265dp3333", "title": "十万分一佛領印度支那", "ckey": 2830133, "available": true, "iiifUrl": "https://purl.stanford.edu/km265dp3333/iiif/manifest" }, "geometry": { "type": "Polygon", "coordinates": [ [ [ 105.833333, 11.224722 ], [ 106.5211901, 11.224722 ], [ 106.5211901, 11.678333 ], [ 105.833333, 11.678333 ], [ 105.833333, 11.224722 ] ] ] } },
{ "type": "Feature", "properties": { "Id": 0, "Sheet_ID": "211. CHAN-MI-HA", "label": "211. CHAN-MI-HA", "call_short": "G8005 S100 .I6", "call_num": "G8005 S100 .I6 211", "recid": "wt994ss0898", "websiteUrl": "https://purl.stanford.edu/wt994ss0898", "title": "十万分一佛領印度支那", "ckey": 2830133, "available": true, "iiifUrl": "https://purl.stanford.edu/wt994ss0898/iiif/manifest" }, "geometry": { "type": "Polygon", "coordinates": [ [ [ 106.5211901, 11.224722 ], [ 107.2090473, 11.224722 ], [ 107.2090473, 11.678333 ], [ 106.5211901, 11.678333 ], [ 106.5211901, 11.224722 ] ] ] } },
{ "type": "Feature", "properties": { "Id": 0, "Sheet_ID": "212. MI-POU", "label": "212. MI-POU", "call_short": "G8005 S100 .I6", "call_num": "G8005 S100 .I6 212", "recid": "ff282nh9611", "websiteUrl": "https://purl.stanford.edu/ff282nh9611", "title": "十万分一佛領印度支那", "ckey": 2830133, "available": true, "iiifUrl": "https://purl.stanford.edu/ff282nh9611/iiif/manifest" }, "geometry": { "type": "Polygon", "coordinates": [ [ [ 107.2090473, 11.224722 ], [ 107.8969044, 11.224722 ], [ 107.8969044, 11.678333 ], [ 107.2090473, 11.678333 ], [ 107.2090473, 11.224722 ] ] ] } },
{ "type": "Feature", "properties": { "Id": 0, "Sheet_ID": "213. DJIRING", "label": "213. DJIRING", "call_short": "G8005 S100 .I6", "call_num": "G8005 S100 .I6 213", "recid": "qt695tf6945", "websiteUrl": "https://purl.stanford.edu/qt695tf6945", "title": "十万分一佛領印度支那", "ckey": 2830133, "available": true, "iiifUrl": "https://purl.stanford.edu/qt695tf6945/iiif/manifest" }, "geometry": { "type": "Polygon", "coordinates": [ [ [ 107.8969044, 11.224722 ], [ 108.5847616, 11.224722 ], [ 108.5847616, 11.678333 ], [ 107.8969044, 11.678333 ], [ 107.8969044, 11.224722 ] ] ] } },
{ "type": "Feature", "properties": { "Id": 0, "Sheet_ID": "214. PHAN-RANG", "label": "214. PHAN-RANG", "call_short": "G8005 S100 .I6", "call_num": "G8005 S100 .I6 214", "recid": "tr969qh2988", "websiteUrl": "https://purl.stanford.edu/tr969qh2988", "title": "十万分一佛領印度支那", "ckey": 2830133, "available": true, "iiifUrl": "https://purl.stanford.edu/tr969qh2988/iiif/manifest" }, "geometry": { "type": "Polygon", "coordinates": [ [ [ 108.5847616, 11.16 ], [ 109.2726187, 11.16 ], [ 109.2726187, 11.678333 ], [ 108.5847616, 11.678333 ], [ 108.5847616, 11.16 ] ] ] } },
{ "type": "Feature", "properties": { "Id": 0, "Sheet_ID": "198. OUDONG", "label": "198. OUDONG", "call_short": "G8005 S100 .I6", "call_num": "G8005 S100 .I6 198", "recid": "qg995ck9426", "websiteUrl": "https://purl.stanford.edu/qg995ck9426", "title": "十万分一佛領印度支那", "ckey": 2830133, "available": true, "iiifUrl": "https://purl.stanford.edu/qg995ck9426/iiif/manifest" }, "geometry": { "type": "Polygon", "coordinates": [ [ [ 104.4576187, 11.678333 ], [ 105.1454759, 11.678333 ], [ 105.1454759, 12.131944 ], [ 104.4576187, 12.131944 ], [ 104.4576187, 11.678333 ] ] ] } },
{ "type": "Feature", "properties": { "Id": 0, "Sheet_ID": "199. KOMPONG-CHAM", "label": "199. KOMPONG-CHAM", "call_short": "G8005 S100 .I6", "call_num": "G8005 S100 .I6 199", "recid": "wj922mb3656", "websiteUrl": "https://purl.stanford.edu/wj922mb3656", "title": "十万分一佛領印度支那", "ckey": 2830133, "available": true, "iiifUrl": "https://purl.stanford.edu/wj922mb3656/iiif/manifest" }, "geometry": { "type": "Polygon", "coordinates": [ [ [ 105.1454759, 11.678333 ], [ 105.833333, 11.678333 ], [ 105.833333, 12.131944 ], [ 105.1454759, 12.131944 ], [ 105.1454759, 11.678333 ] ] ] } },
{ "type": "Feature", "properties": { "Id": 0, "Sheet_ID": "200. MIMOT", "label": "200. MIMOT", "call_short": "G8005 S100 .I6", "call_num": "G8005 S100 .I6 200", "recid": "sb503nw0006", "websiteUrl": "https://purl.stanford.edu/sb503nw0006", "title": "十万分一佛領印度支那", "ckey": 2830133, "available": true, "iiifUrl": "https://purl.stanford.edu/sb503nw0006/iiif/manifest" }, "geometry": { "type": "Polygon", "coordinates": [ [ [ 105.833333, 11.678333 ], [ 106.5211901, 11.678333 ], [ 106.5211901, 12.131944 ], [ 105.833333, 12.131944 ], [ 105.833333, 11.678333 ] ] ] } },
{ "type": "Feature", "properties": { "Id": 0, "Sheet_ID": "201. BUDOP", "label": "201. BUDOP", "call_short": "G8005 S100 .I6", "call_num": "G8005 S100 .I6 201", "recid": "bd178dt0477", "websiteUrl": "https://purl.stanford.edu/bd178dt0477", "title": "十万分一佛領印度支那", "ckey": 2830133, "available": true, "iiifUrl": "https://purl.stanford.edu/bd178dt0477/iiif/manifest" }, "geometry": { "type": "Polygon", "coordinates": [ [ [ 106.5211901, 11.678333 ], [ 107.2090473, 11.678333 ], [ 107.2090473, 12.131944 ], [ 106.5211901, 12.131944 ], [ 106.5211901, 11.678333 ] ] ] } },
{ "type": "Feature", "properties": { "Id": 0, "Sheet_ID": "202. DANKIA", "label": "202. DANKIA", "call_short": "0", "call_num": "0", "recid": "0", "websiteUrl": "0", "title": "0", "ckey": 0, "available": false, "iiifUrl": "0" }, "geometry": { "type": "Polygon", "coordinates": [ [ [ 107.2090473, 11.678333 ], [ 107.8969044, 11.678333 ], [ 107.8969044, 12.131944 ], [ 107.2090473, 12.131944 ], [ 107.2090473, 11.678333 ] ] ] } },
{ "type": "Feature", "properties": { "Id": 0, "Sheet_ID": "203. DALAT", "label": "203. DALAT", "call_short": "G8005 S100 .I6", "call_num": "G8005 S100 .I6 203", "recid": "rx834xy4232", "websiteUrl": "https://purl.stanford.edu/rx834xy4232", "title": "十万分一佛領印度支那", "ckey": 2830133, "available": true, "iiifUrl": "https://purl.stanford.edu/rx834xy4232/iiif/manifest" }, "geometry": { "type": "Polygon", "coordinates": [ [ [ 107.8969044, 11.678333 ], [ 108.5847616, 11.678333 ], [ 108.5847616, 12.131944 ], [ 107.8969044, 12.131944 ], [ 107.8969044, 11.678333 ] ] ] } },
{ "type": "Feature", "properties": { "Id": 0, "Sheet_ID": "204. CAM-LINH", "label": "204. CAM-LINH", "call_short": "G8005 S100 .I6", "call_num": "G8005 S100 .I6 204", "recid": "gc427rh9320", "websiteUrl": "https://purl.stanford.edu/gc427rh9320", "title": "十万分一佛領印度支那", "ckey": 2830133, "available": true, "iiifUrl": "https://purl.stanford.edu/gc427rh9320/iiif/manifest" }, "geometry": { "type": "Polygon", "coordinates": [ [ [ 108.5847616, 11.678333 ], [ 109.378889, 11.678333 ], [ 109.378889, 12.131944 ], [ 108.5847616, 12.131944 ], [ 108.5847616, 11.678333 ] ] ] } },
{ "type": "Feature", "properties": { "Id": 0, "Sheet_ID": [ 197 ], "label": [ 197 ], "call_short": "0", "call_num": "0", "recid": "0", "websiteUrl": "0", "title": "0", "ckey": 0, "available": false, "iiifUrl": "0" }, "geometry": { "type": "Polygon", "coordinates": [ [ [ 103.7697616, 11.678333 ], [ 104.4576187, 11.678333 ], [ 104.4576187, 12.131944 ], [ 103.7697616, 12.131944 ], [ 103.7697616, 11.678333 ] ] ] } },
{ "type": "Feature", "properties": { "Id": 0, "Sheet_ID": [ 207 ], "label": [ 207 ], "call_short": "0", "call_num": "0", "recid": "0", "websiteUrl": "0", "title": "0", "ckey": 0, "available": false, "iiifUrl": "0" }, "geometry": { "type": "Polygon", "coordinates": [ [ [ 103.7697616, 11.224722 ], [ 104.4576187, 11.224722 ], [ 104.4576187, 11.678333 ], [ 103.7697616, 11.678333 ], [ 103.7697616, 11.224722 ] ] ] } },
{ "type": "Feature", "properties": { "Id": 0, "Sheet_ID": [ 217 ], "label": [ 217 ], "call_short": "0", "call_num": "0", "recid": "0", "websiteUrl": "0", "title": "0", "ckey": 0, "available": false, "iiifUrl": "0" }, "geometry": { "type": "Polygon", "coordinates": [ [ [ 103.7697616, 10.771111 ], [ 104.4576187, 10.771111 ], [ 104.4576187, 11.224722 ], [ 103.7697616, 11.224722 ], [ 103.7697616, 10.771111 ] ] ] } },
{ "type": "Feature", "properties": { "Id": 0, "Sheet_ID": [ 226 ], "label": [ 226 ], "call_short": "0", "call_num": "0", "recid": "0", "websiteUrl": "0", "title": "0", "ckey": 0, "available": false, "iiifUrl": "0" }, "geometry": { "type": "Polygon", "coordinates": [ [ [ 103.7697616, 10.3175 ], [ 104.4576187, 10.3175 ], [ 104.4576187, 10.771111 ], [ 103.7697616, 10.771111 ], [ 103.7697616, 10.3175 ] ] ] } },
{ "type": "Feature", "properties": { "Id": 0, "Sheet_ID": "232. PHU-QUOC", "label": "232. PHU-QUOC", "call_short": "G8005 S100 .I6", "call_num": "G8005 S100 .I6 232", "recid": "wm858ky1414", "websiteUrl": "https://purl.stanford.edu/wm858ky1414", "title": "十万分一佛領印度支那", "ckey": 2830133, "available": true, "iiifUrl": "https://purl.stanford.edu/wm858ky1414/iiif/manifest" }, "geometry": { "type": "Polygon", "coordinates": [ [ [ 103.7, 9.855 ], [ 104.15, 9.855 ], [ 104.15, 10.55 ], [ 103.7, 10.55 ], [ 103.7, 9.855 ] ] ] } },
{ "type": "Feature", "properties": { "Id": 0, "Sheet_ID": [ 196 ], "label": [ 196 ], "call_short": "0", "call_num": "0", "recid": "0", "websiteUrl": "0", "title": "0", "ckey": 0, "available": false, "iiifUrl": "0" }, "geometry": { "type": "Polygon", "coordinates": [ [ [ 103.0819044, 11.678333 ], [ 103.7697616, 11.678333 ], [ 103.7697616, 12.131944 ], [ 103.0819044, 12.131944 ], [ 103.0819044, 11.678333 ] ] ] } },
{ "type": "Feature", "properties": { "Id": 0, "Sheet_ID": [ 206 ], "label": [ 206 ], "call_short": "0", "call_num": "0", "recid": "0", "websiteUrl": "0", "title": "0", "ckey": 0, "available": false, "iiifUrl": "0" }, "geometry": { "type": "Polygon", "coordinates": [ [ [ 103.0819044, 11.224722 ], [ 103.7697616, 11.224722 ], [ 103.7697616, 11.678333 ], [ 103.0819044, 11.678333 ], [ 103.0819044, 11.224722 ] ] ] } },
{ "type": "Feature", "properties": { "Id": 0, "Sheet_ID": [ 216 ], "label": [ 216 ], "call_short": "0", "call_num": "0", "recid": "0", "websiteUrl": "0", "title": "0", "ckey": 0, "available": false, "iiifUrl": "0" }, "geometry": { "type": "Polygon", "coordinates": [ [ [ 103.0819044, 10.771111 ], [ 103.7697616, 10.771111 ], [ 103.7697616, 11.224722 ], [ 103.0819044, 11.224722 ], [ 103.0819044, 10.771111 ] ] ] } },
{ "type": "Feature", "properties": { "Id": 0, "Sheet_ID": [ 195 ], "label": [ 195 ], "call_short": "0", "call_num": "0", "recid": "0", "websiteUrl": "0", "title": "0", "ckey": 0, "available": false, "iiifUrl": "0" }, "geometry": { "type": "Polygon", "coordinates": [ [ [ 102.3940473, 11.678333 ], [ 103.0819044, 11.678333 ], [ 103.0819044, 12.131944 ], [ 102.3940473, 12.131944 ], [ 102.3940473, 11.678333 ] ] ] } },
{ "type": "Feature", "properties": { "Id": 0, "Sheet_ID": [ 205 ], "label": [ 205 ], "call_short": "0", "call_num": "0", "recid": "0", "websiteUrl": "0", "title": "0", "ckey": 0, "available": false, "iiifUrl": "0" }, "geometry": { "type": "Polygon", "coordinates": [ [ [ 102.3940473, 11.224722 ], [ 103.0819044, 11.224722 ], [ 103.0819044, 11.678333 ], [ 102.3940473, 11.678333 ], [ 102.3940473, 11.224722 ] ] ] } },
{ "type": "Feature", "properties": { "Id": 0, "Sheet_ID": "244. POINTE DE CA-MAU", "label": "244. POINTE DE CA-MAU", "call_short": "G8005 S100 .I6", "call_num": "G8005 S100 .I6 244", "recid": "yf772wy4519", "websiteUrl": "https://purl.stanford.edu/yf772wy4519", "title": "十万分一佛領印度支那", "ckey": 2830133, "available": true, "iiifUrl": "https://purl.stanford.edu/yf772wy4519/iiif/manifest" }, "geometry": { "type": "MultiPolygon", "coordinates": [ [ [ [ 104.88, 8.4 ], [ 104.88, 8.46 ], [ 104.8, 8.46 ], [ 104.8, 8.4 ], [ 104.88, 8.4 ] ] ], [ [ [ 105.4083331, 8.503056 ], [ 105.4083331, 8.956667 ], [ 104.6916664, 8.956667 ], [ 104.6916664, 8.503056 ], [ 105.4083331, 8.503056 ] ] ] ] } },
{ "type": "Feature", "properties": { "Id": 0, "Sheet_ID": "243. BAC-LIEU Est", "label": "243. BAC-LIEU Est", "call_short": "G8005 S100 .I6", "call_num": "G8005 S100 .I6 243", "recid": "bj774dw9953", "websiteUrl": "https://purl.stanford.edu/bj774dw9953", "title": "十万分一佛領印度支那", "ckey": 2830133, "available": true, "iiifUrl": "https://purl.stanford.edu/bj774dw9953/iiif/manifest" }, "geometry": { "type": "Polygon", "coordinates": [ [ [ 105.833333, 8.956667 ], [ 106.5211901, 8.956667 ], [ 106.5211901, 9.410278 ], [ 105.833333, 9.410278 ], [ 105.833333, 8.956667 ] ] ] } },
{ "type": "Feature", "properties": { "Id": 0, "Sheet_ID": "242. BAC-LIEU", "label": "242. BAC-LIEU", "call_short": "G8005 S100 .I6", "call_num": "G8005 S100 .I6 242", "recid": "sc720zm3904", "websiteUrl": "https://purl.stanford.edu/sc720zm3904", "title": "十万分一佛領印度支那", "ckey": 2830133, "available": true, "iiifUrl": "https://purl.stanford.edu/sc720zm3904/iiif/manifest" }, "geometry": { "type": "Polygon", "coordinates": [ [ [ 105.1454759, 8.956667 ], [ 105.833333, 8.956667 ], [ 105.833333, 9.410278 ], [ 105.1454759, 9.410278 ], [ 105.1454759, 8.956667 ] ] ] } },
{ "type": "Feature", "properties": { "Id": 0, "Sheet_ID": "241. CA-MAU", "label": "241. CA-MAU", "call_short": "G8005 S100 .I6", "call_num": "G8005 S100 .I6 241", "recid": "yg360mz2758", "websiteUrl": "https://purl.stanford.edu/yg360mz2758", "title": "十万分一佛領印度支那", "ckey": 2830133, "available": true, "iiifUrl": "https://purl.stanford.edu/yg360mz2758/iiif/manifest" }, "geometry": { "type": "Polygon", "coordinates": [ [ [ 104.54, 8.956667 ], [ 105.1454759, 8.956667 ], [ 105.1454759, 9.410278 ], [ 104.4576187, 9.410278 ], [ 104.4576187, 8.956667 ], [ 104.515, 8.956667 ], [ 104.515, 8.94 ], [ 104.54, 8.94 ], [ 104.54, 8.956667 ] ] ] } },
{ "type": "Feature", "properties": { "Id": 0, "Sheet_ID": "237. HON RAI", "label": "237. HON RAI", "call_short": "G8005 S100 .I6", "call_num": "G8005 S100 .I6 237", "recid": "gb221ng6035", "websiteUrl": "https://purl.stanford.edu/gb221ng6035", "title": "十万分一佛領印度支那", "ckey": 2830133, "available": true, "iiifUrl": "https://purl.stanford.edu/gb221ng6035/iiif/manifest" }, "geometry": { "type": "Polygon", "coordinates": [ [ [ 104.4576187, 9.410278 ], [ 105.1454759, 9.410278 ], [ 105.1454759, 9.863889 ], [ 104.4576187, 9.863889 ], [ 104.4576187, 9.410278 ] ] ] } },
{ "type": "Feature", "properties": { "Id": 0, "Sheet_ID": "238. GO-QUAO", "label": "238. GO-QUAO", "call_short": "G8005 S100 .I6", "call_num": "G8005 S100 .I6 238", "recid": "xr806yh5593", "websiteUrl": "https://purl.stanford.edu/xr806yh5593", "title": "十万分一佛領印度支那", "ckey": 2830133, "available": true, "iiifUrl": "https://purl.stanford.edu/xr806yh5593/iiif/manifest" }, "geometry": { "type": "Polygon", "coordinates": [ [ [ 105.1454759, 9.410278 ], [ 105.833333, 9.410278 ], [ 105.833333, 9.863889 ], [ 105.1454759, 9.863889 ], [ 105.1454759, 9.410278 ] ] ] } },
{ "type": "Feature", "properties": { "Id": 0, "Sheet_ID": "239. SOC-TRANG", "label": "239. SOC-TRANG", "call_short": "G8005 S100 .I6", "call_num": "G8005 S100 .I6 239", "recid": "hj415pt1589", "websiteUrl": "https://purl.stanford.edu/hj415pt1589", "title": "十万分一佛領印度支那", "ckey": 2830133, "available": true, "iiifUrl": "https://purl.stanford.edu/hj415pt1589/iiif/manifest" }, "geometry": { "type": "Polygon", "coordinates": [ [ [ 105.833333, 9.410278 ], [ 106.683222, 9.410278 ], [ 106.683222, 9.863889 ], [ 105.833333, 9.863889 ], [ 105.833333, 9.410278 ] ] ] } },
{ "type": "Feature", "properties": { "Id": 0, "Sheet_ID": "139. PAKSE", "label": "139. PAKSE", "call_short": "0", "call_num": "0", "recid": "0", "websiteUrl": "0", "title": "0", "ckey": 0, "available": false, "iiifUrl": "0" }, "geometry": { "type": "Polygon", "coordinates": [ [ [ 105.1313884, 14.8211112 ], [ 105.833333, 14.8211112 ], [ 105.833333, 15.2783334 ], [ 105.1313884, 15.2783334 ], [ 105.1313884, 14.8211112 ] ] ] } },
{ "type": "Feature", "properties": { "Id": 0, "Sheet_ID": "145. SOUKHOUMA", "label": "145. SOUKHOUMA", "call_short": "0", "call_num": "0", "recid": "0", "websiteUrl": "0", "title": "0", "ckey": 0, "available": false, "iiifUrl": "0" }, "geometry": { "type": "Polygon", "coordinates": [ [ [ 105.1313884, 14.363889 ], [ 105.833333, 14.363889 ], [ 105.833333, 14.8211112 ], [ 105.1313884, 14.8211112 ], [ 105.1313884, 14.363889 ] ] ] } },
{ "type": "Feature", "properties": { "Id": 0, "Sheet_ID": [ 225 ], "label": [ 225 ], "call_short": "0", "call_num": "0", "recid": "0", "websiteUrl": "0", "title": "0", "ckey": 0, "available": false, "iiifUrl": "0" }, "geometry": { "type": "Polygon", "coordinates": [ [ [ 103.0819044, 10.3175 ], [ 103.7697616, 10.3175 ], [ 103.7697616, 10.771111 ], [ 103.0819044, 10.771111 ], [ 103.0819044, 10.3175 ] ] ] } },
{ "type": "Feature", "properties": { "Id": 0, "Sheet_ID": "[150 bis.]", "label": "[150 bis.]", "call_short": "0", "call_num": "0", "recid": "0", "websiteUrl": "0", "title": "0", "ckey": 0, "available": false, "iiifUrl": "0" }, "geometry": { "type": "Polygon", "coordinates": [ [ [ 102.368518, 13.9175 ], [ 103.061481, 13.9175 ], [ 103.061481, 14.363889 ], [ 102.368518, 14.363889 ], [ 102.368518, 13.9175 ] ] ] } },
{ "type": "Feature", "properties": { "Id": 0, "Sheet_ID": [ 151 ], "label": [ 151 ], "call_short": "0", "call_num": "0", "recid": "0", "websiteUrl": "0", "title": "0", "ckey": 0, "available": false, "iiifUrl": "0" }, "geometry": { "type": "Polygon", "coordinates": [ [ [ 103.061481, 13.9175 ], [ 103.754444, 13.9175 ], [ 103.754444, 14.363889 ], [ 103.061481, 14.363889 ], [ 103.061481, 13.9175 ] ] ] } },
{ "type": "Feature", "properties": { "Id": 0, "Sheet_ID": "[151 bis.]", "label": "[151 bis.]", "call_short": "0", "call_num": "0", "recid": "0", "websiteUrl": "0", "title": "0", "ckey": 0, "available": false, "iiifUrl": "0" }, "geometry": { "type": "Polygon", "coordinates": [ [ [ 103.754444, 13.9175 ], [ 104.447407, 13.9175 ], [ 104.447407, 14.363889 ], [ 103.754444, 14.363889 ], [ 103.754444, 13.9175 ] ] ] } },
{ "type": "Feature", "properties": { "Id": 0, "Sheet_ID": [ 154 ], "label": [ 154 ], "call_short": "0", "call_num": "0", "recid": "0", "websiteUrl": "0", "title": "0", "ckey": 0, "available": false, "iiifUrl": "0" }, "geometry": { "type": "Polygon", "coordinates": [ [ [ 105.833333, 13.9175 ], [ 106.526296, 13.9175 ], [ 106.526296, 14.363889 ], [ 105.833333, 14.363889 ], [ 105.833333, 13.9175 ] ] ] } },
{ "type": "Feature", "properties": { "Id": 0, "Sheet_ID": [ 152 ], "label": [ 152 ], "call_short": "0", "call_num": "0", "recid": "0", "websiteUrl": "0", "title": "0", "ckey": 0, "available": false, "iiifUrl": "0" }, "geometry": { "type": "Polygon", "coordinates": [ [ [ 104.447407, 13.9175 ], [ 105.14037, 13.9175 ], [ 105.14037, 14.363889 ], [ 104.447407, 14.363889 ], [ 104.447407, 13.9175 ] ] ] } },
{ "type": "Feature", "properties": { "Id": 0, "Sheet_ID": [ 153 ], "label": [ 153 ], "call_short": "0", "call_num": "0", "recid": "0", "websiteUrl": "0", "title": "0", "ckey": 0, "available": false, "iiifUrl": "0" }, "geometry": { "type": "Polygon", "coordinates": [ [ [ 105.14037, 13.9175 ], [ 105.833333, 13.9175 ], [ 105.833333, 14.363889 ], [ 105.14037, 14.363889 ], [ 105.14037, 13.9175 ] ] ] } },
{ "type": "Feature", "properties": { "Id": 0, "Sheet_ID": [ 140 ], "label": [ 140 ], "call_short": "0", "call_num": "0", "recid": "0", "websiteUrl": "0", "title": "0", "ckey": 0, "available": false, "iiifUrl": "0" }, "geometry": { "type": "Polygon", "coordinates": [ [ [ 105.833333, 14.8211112 ], [ 106.5352776, 14.8211112 ], [ 106.5352776, 15.2783334 ], [ 105.833333, 15.2783334 ], [ 105.833333, 14.8211112 ] ] ] } },
{ "type": "Feature", "properties": { "Id": 0, "Sheet_ID": [ 141 ], "label": [ 141 ], "call_short": "0", "call_num": "0", "recid": "0", "websiteUrl": "0", "title": "0", "ckey": 0, "available": false, "iiifUrl": "0" }, "geometry": { "type": "Polygon", "coordinates": [ [ [ 106.5352776, 14.8211112 ], [ 107.2372222, 14.8211112 ], [ 107.2372222, 15.2783334 ], [ 106.5352776, 15.2783334 ], [ 106.5352776, 14.8211112 ] ] ] } },
{ "type": "Feature", "properties": { "Id": 0, "Sheet_ID": [ 142 ], "label": [ 142 ], "call_short": "0", "call_num": "0", "recid": "0", "websiteUrl": "0", "title": "0", "ckey": 0, "available": false, "iiifUrl": "0" }, "geometry": { "type": "Polygon", "coordinates": [ [ [ 107.2372222, 14.8211112 ], [ 107.9391668, 14.8211112 ], [ 107.9391668, 15.2783334 ], [ 107.2372222, 15.2783334 ], [ 107.2372222, 14.8211112 ] ] ] } },
{ "type": "Feature", "properties": { "Id": 0, "Sheet_ID": [ 143 ], "label": [ 143 ], "call_short": "0", "call_num": "0", "recid": "0", "websiteUrl": "0", "title": "0", "ckey": 0, "available": false, "iiifUrl": "0" }, "geometry": { "type": "Polygon", "coordinates": [ [ [ 107.9391668, 14.8211112 ], [ 108.6411114, 14.8211112 ], [ 108.6411114, 15.2783334 ], [ 107.9391668, 15.2783334 ], [ 107.9391668, 14.8211112 ] ] ] } },
{ "type": "Feature", "properties": { "Id": 0, "Sheet_ID": [ 146 ], "label": [ 146 ], "call_short": "0", "call_num": "0", "recid": "0", "websiteUrl": "0", "title": "0", "ckey": 0, "available": false, "iiifUrl": "0" }, "geometry": { "type": "Polygon", "coordinates": [ [ [ 105.833333, 14.363889 ], [ 106.5318052, 14.363889 ], [ 106.5318052, 14.8211112 ], [ 105.833333, 14.8211112 ], [ 105.833333, 14.363889 ] ] ] } },
{ "type": "Feature", "properties": { "Id": 0, "Sheet_ID": [ 147 ], "label": [ 147 ], "call_short": "0", "call_num": "0", "recid": "0", "websiteUrl": "0", "title": "0", "ckey": 0, "available": false, "iiifUrl": "0" }, "geometry": { "type": "Polygon", "coordinates": [ [ [ 106.5318052, 14.363889 ], [ 107.2302775, 14.363889 ], [ 107.2302775, 14.8211112 ], [ 106.5318052, 14.8211112 ], [ 106.5318052, 14.363889 ] ] ] } },
{ "type": "Feature", "properties": { "Id": 0, "Sheet_ID": [ 148 ], "label": [ 148 ], "call_short": "0", "call_num": "0", "recid": "0", "websiteUrl": "0", "title": "0", "ckey": 0, "available": false, "iiifUrl": "0" }, "geometry": { "type": "Polygon", "coordinates": [ [ [ 107.2302775, 14.363889 ], [ 107.9287498, 14.363889 ], [ 107.9287498, 14.8211112 ], [ 107.2302775, 14.8211112 ], [ 107.2302775, 14.363889 ] ] ] } },
{ "type": "Feature", "properties": { "Id": 0, "Sheet_ID": [ 149 ], "label": [ 149 ], "call_short": "0", "call_num": "0", "recid": "0", "websiteUrl": "0", "title": "0", "ckey": 0, "available": false, "iiifUrl": "0" }, "geometry": { "type": "Polygon", "coordinates": [ [ [ 107.9287498, 14.363889 ], [ 108.627222, 14.363889 ], [ 108.627222, 14.8211112 ], [ 107.9287498, 14.8211112 ], [ 107.9287498, 14.363889 ] ] ] } }
]
}
