{
"type": "FeatureCollection",
"name": "index_map",
"xy_coordinate_resolution": 1e-07,
"features": [
{ "type": "Feature", "properties": { "Id": 0, "Sheet_ID": "知床岬 16", "label": "知床岬 16", "call_short": "G7960 S50 .K61", "call_num": "G7960 S50 .K61 NL-55-30-16", "recid": "mp609jy8941", "websiteUrl": "https://purl.stanford.edu/mp609jy8941", "title": "[日本] 五万分一地形圖", "ckey": 9741696, "available": true, "iiifUrl": "https://purl.stanford.edu/mp609jy8941/iiif/manifest" }, "geometry": { "type": "Polygon", "coordinates": [ [ [ 145.0, 44.0 ], [ 145.25, 44.0 ], [ 145.25, 44.1666667 ], [ 145.0, 44.1666667 ], [ 145.0, 44.0 ] ] ] } },
{ "type": "Feature", "properties": { "Id": 0, "Sheet_ID": "知床岬 12", "label": "知床岬 12", "call_short": "0", "call_num": "0", "recid": "0", "websiteUrl": "0", "title": "0", "ckey": 0, "available": false, "iiifUrl": "0" }, "geometry": { "type": "Polygon", "coordinates": [ [ [ 145.25, 44.0 ], [ 145.5, 44.0 ], [ 145.5, 44.1666667 ], [ 145.25, 44.1666667 ], [ 145.25, 44.0 ] ] ] } },
{ "type": "Feature", "properties": { "Id": 0, "Sheet_ID": "知床岬 15", "label": "知床岬 15", "call_short": "0", "call_num": "0", "recid": "0", "websiteUrl": "0", "title": "0", "ckey": 0, "available": false, "iiifUrl": "0" }, "geometry": { "type": "Polygon", "coordinates": [ [ [ 145.0, 44.1666668 ], [ 145.25, 44.1666668 ], [ 145.25, 44.3333335 ], [ 145.0, 44.3333335 ], [ 145.0, 44.1666668 ] ] ] } },
{ "type": "Feature", "properties": { "Id": 0, "Sheet_ID": "知床岬 11", "label": "知床岬 11", "call_short": "0", "call_num": "0", "recid": "0", "websiteUrl": "0", "title": "0", "ckey": 0, "available": false, "iiifUrl": "0" }, "geometry": { "type": "Polygon", "coordinates": [ [ [ 145.35, 44.35 ], [ 145.31, 44.35 ], [ 145.31, 44.3333335 ], [ 145.25, 44.3333335 ], [ 145.25, 44.1666668 ], [ 145.5, 44.1666668 ], [ 145.5, 44.3333335 ], [ 145.35, 44.3333335 ], [ 145.35, 44.35 ] ] ] } },
{ "type": "Feature", "properties": { "Id": 0, "Sheet_ID": "網走 16", "label": "網走 16", "call_short": "G7960 S50 .K61", "call_num": "G7960 S50 .K61 NL-55-36-16", "recid": "qd876zd6739", "websiteUrl": "https://purl.stanford.edu/qd876zd6739", "title": "[日本] 五万分一地形圖", "ckey": 9741696, "available": true, "iiifUrl": "https://purl.stanford.edu/qd876zd6739/iiif/manifest" }, "geometry": { "type": "Polygon", "coordinates": [ [ [ 144.0, 44.0 ], [ 144.25, 44.0 ], [ 144.25, 44.1666667 ], [ 144.0, 44.1666667 ], [ 144.0, 44.0 ] ] ] } },
{ "type": "Feature", "properties": { "Id": 0, "Sheet_ID": "網走 12", "label": "網走 12", "call_short": "G7960 S50 .K61", "call_num": "G7960 S50 .K61 NL-55-36-12", "recid": "cv223yw9621", "websiteUrl": "https://purl.stanford.edu/cv223yw9621", "title": "[日本] 五万分一地形圖", "ckey": 9741696, "available": true, "iiifUrl": "https://purl.stanford.edu/cv223yw9621/iiif/manifest" }, "geometry": { "type": "Polygon", "coordinates": [ [ [ 144.25, 44.0 ], [ 144.5, 44.0 ], [ 144.5, 44.1666667 ], [ 144.25, 44.1666667 ], [ 144.25, 44.0 ] ] ] } },
{ "type": "Feature", "properties": { "Id": 0, "Sheet_ID": "網走 4", "label": "網走 4", "call_short": "G7960 S50 .K61", "call_num": "G7960 S50 .K61 NL-55-36-4", "recid": "tq212vd6761", "websiteUrl": "https://purl.stanford.edu/tq212vd6761", "title": "[日本] 五万分一地形圖", "ckey": 9741696, "available": true, "iiifUrl": "https://purl.stanford.edu/tq212vd6761/iiif/manifest" }, "geometry": { "type": "Polygon", "coordinates": [ [ [ 144.75, 44.0 ], [ 145.0, 44.0 ], [ 145.0, 44.1666667 ], [ 144.75, 44.1666667 ], [ 144.75, 44.0 ] ] ] } },
{ "type": "Feature", "properties": { "Id": 0, "Sheet_ID": "紋別 16", "label": "紋別 16", "call_short": "G7960 S50 .K61", "call_num": "G7960 S50 .K61 NL-54-6-16", "recid": "nq509ns3097", "websiteUrl": "https://purl.stanford.edu/nq509ns3097", "title": "[日本] 五万分一地形圖", "ckey": 9741696, "available": true, "iiifUrl": "https://purl.stanford.edu/nq509ns3097/iiif/manifest" }, "geometry": { "type": "Polygon", "coordinates": [ [ [ 143.0, 44.0 ], [ 143.25, 44.0 ], [ 143.25, 44.1666667 ], [ 143.0, 44.1666667 ], [ 143.0, 44.0 ] ] ] } },
{ "type": "Feature", "properties": { "Id": 0, "Sheet_ID": "紋別 12", "label": "紋別 12", "call_short": "G7960 S50 .K61", "call_num": "G7960 S50 .K61 NL-54-6-12", "recid": "xy660hf1402", "websiteUrl": "https://purl.stanford.edu/xy660hf1402", "title": "[日本] 五万分一地形圖", "ckey": 9741696, "available": true, "iiifUrl": "https://purl.stanford.edu/xy660hf1402/iiif/manifest" }, "geometry": { "type": "Polygon", "coordinates": [ [ [ 143.25, 44.0 ], [ 143.5, 44.0 ], [ 143.5, 44.1666667 ], [ 143.25, 44.1666667 ], [ 143.25, 44.0 ] ] ] } },
{ "type": "Feature", "properties": { "Id": 0, "Sheet_ID": "紋別 8", "label": "紋別 8", "call_short": "G7960 S50 .K61", "call_num": "G7960 S50 .K61 NL-54-6-8", "recid": "pg771fj4778", "websiteUrl": "https://purl.stanford.edu/pg771fj4778", "title": "[日本] 五万分一地形圖", "ckey": 9741696, "available": true, "iiifUrl": "https://purl.stanford.edu/pg771fj4778/iiif/manifest" }, "geometry": { "type": "Polygon", "coordinates": [ [ [ 143.5, 44.0 ], [ 143.75, 44.0 ], [ 143.75, 44.1666667 ], [ 143.5, 44.1666667 ], [ 143.5, 44.0 ] ] ] } },
{ "type": "Feature", "properties": { "Id": 0, "Sheet_ID": "紋別 4", "label": "紋別 4", "call_short": "G7960 S50 .K61", "call_num": "G7960 S50 .K61 NL-54-6-4", "recid": "zj280bd7331", "websiteUrl": "https://purl.stanford.edu/zj280bd7331", "title": "[日本] 五万分一地形圖", "ckey": 9741696, "available": true, "iiifUrl": "https://purl.stanford.edu/zj280bd7331/iiif/manifest" }, "geometry": { "type": "Polygon", "coordinates": [ [ [ 143.75, 44.0 ], [ 144.0, 44.0 ], [ 144.0, 44.1666667 ], [ 143.75, 44.1666667 ], [ 143.75, 44.0 ] ] ] } },
{ "type": "Feature", "properties": { "Id": 0, "Sheet_ID": "紋別 15", "label": "紋別 15", "call_short": "G7960 S50 .K61", "call_num": "G7960 S50 .K61 NL-54-6-15", "recid": "ft261yx3353", "websiteUrl": "https://purl.stanford.edu/ft261yx3353", "title": "[日本] 五万分一地形圖", "ckey": 9741696, "available": true, "iiifUrl": "https://purl.stanford.edu/ft261yx3353/iiif/manifest" }, "geometry": { "type": "Polygon", "coordinates": [ [ [ 143.0, 44.1666667 ], [ 143.25, 44.1666667 ], [ 143.25, 44.3333335 ], [ 143.0, 44.3333335 ], [ 143.0, 44.1666667 ] ] ] } },
{ "type": "Feature", "properties": { "Id": 0, "Sheet_ID": "紋別 11", "label": "紋別 11", "call_short": "G7960 S50 .K61", "call_num": "G7960 S50 .K61 NL-54-6-11", "recid": "fc037kd5747", "websiteUrl": "https://purl.stanford.edu/fc037kd5747", "title": "[日本] 五万分一地形圖", "ckey": 9741696, "available": true, "iiifUrl": "https://purl.stanford.edu/fc037kd5747/iiif/manifest" }, "geometry": { "type": "Polygon", "coordinates": [ [ [ 143.25, 44.1666667 ], [ 143.5, 44.1666667 ], [ 143.5, 44.3333335 ], [ 143.25, 44.3333335 ], [ 143.25, 44.1666667 ] ] ] } },
{ "type": "Feature", "properties": { "Id": 0, "Sheet_ID": "紋別 7 ED.2", "label": "紋別 7 ED.2", "call_short": "G7960 S50 .K61", "call_num": "G7960 S50 .K61 NL-54-6-7 ED.2", "recid": "vh122bx0199", "websiteUrl": "https://purl.stanford.edu/vh122bx0199", "title": "[日本] 五万分一地形圖", "ckey": 9741696, "available": true, "iiifUrl": "https://purl.stanford.edu/vh122bx0199/iiif/manifest" }, "geometry": { "type": "Polygon", "coordinates": [ [ [ 143.5, 44.1666667 ], [ 143.75, 44.1666667 ], [ 143.75, 44.3333335 ], [ 143.5, 44.3333335 ], [ 143.5, 44.1666667 ] ] ] } },
{ "type": "Feature", "properties": { "Id": 0, "Sheet_ID": "紋別 3", "label": "紋別 3", "call_short": "G7960 S50 .K61", "call_num": "G7960 S50 .K61 NL-54-6-3", "recid": "wd753ff4686", "websiteUrl": "https://purl.stanford.edu/wd753ff4686", "title": "[日本] 五万分一地形圖", "ckey": 9741696, "available": true, "iiifUrl": "https://purl.stanford.edu/wd753ff4686/iiif/manifest" }, "geometry": { "type": "Polygon", "coordinates": [ [ [ 143.75, 44.1666667 ], [ 144.0, 44.1666667 ], [ 144.0, 44.3333335 ], [ 143.75, 44.3333335 ], [ 143.75, 44.1666667 ] ] ] } },
{ "type": "Feature", "properties": { "Id": 0, "Sheet_ID": "紋別 14", "label": "紋別 14", "call_short": "G7960 S50 .K61", "call_num": "G7960 S50 .K61 NL-54-6-14", "recid": "km955cm6597", "websiteUrl": "https://purl.stanford.edu/km955cm6597", "title": "[日本] 五万分一地形圖", "ckey": 9741696, "available": true, "iiifUrl": "https://purl.stanford.edu/km955cm6597/iiif/manifest" }, "geometry": { "type": "Polygon", "coordinates": [ [ [ 143.0, 44.3333335 ], [ 143.25, 44.3333335 ], [ 143.25, 44.5000002 ], [ 143.0, 44.5000002 ], [ 143.0, 44.3333335 ] ] ] } },
{ "type": "Feature", "properties": { "Id": 0, "Sheet_ID": "紋別 10", "label": "紋別 10", "call_short": "G7960 S50 .K61", "call_num": "G7960 S50 .K61 NL-54-6-10", "recid": "wh561md4470", "websiteUrl": "https://purl.stanford.edu/wh561md4470", "title": "[日本] 五万分一地形圖", "ckey": 9741696, "available": true, "iiifUrl": "https://purl.stanford.edu/wh561md4470/iiif/manifest" }, "geometry": { "type": "Polygon", "coordinates": [ [ [ 143.25, 44.3333335 ], [ 143.5, 44.3333335 ], [ 143.5, 44.5000002 ], [ 143.25, 44.5000002 ], [ 143.25, 44.3333335 ] ] ] } },
{ "type": "Feature", "properties": { "Id": 0, "Sheet_ID": "紋別 13", "label": "紋別 13", "call_short": "G7960 S50 .K61", "call_num": "G7960 S50 .K61 NL-54-6-13", "recid": "gn173yc7489", "websiteUrl": "https://purl.stanford.edu/gn173yc7489", "title": "[日本] 五万分一地形圖", "ckey": 9741696, "available": true, "iiifUrl": "https://purl.stanford.edu/gn173yc7489/iiif/manifest" }, "geometry": { "type": "Polygon", "coordinates": [ [ [ 143.0, 44.5000002 ], [ 143.25, 44.5000002 ], [ 143.25, 44.666667 ], [ 143.0, 44.666667 ], [ 143.0, 44.5000002 ] ] ] } },
{ "type": "Feature", "properties": { "Id": 0, "Sheet_ID": "紋別 7", "label": "紋別 7", "call_short": "G7960 S50 .K61", "call_num": "G7960 S50 .K61 NL-54-6-7", "recid": "vk991tc1398", "websiteUrl": "https://purl.stanford.edu/vk991tc1398", "title": "[日本] 五万分一地形圖", "ckey": 9741696, "available": true, "iiifUrl": "https://purl.stanford.edu/vk991tc1398/iiif/manifest" }, "geometry": { "type": "Polygon", "coordinates": [ [ [ 143.5, 44.1666668 ], [ 143.75, 44.1666668 ], [ 143.75, 44.3333335 ], [ 143.5, 44.3333335 ], [ 143.5, 44.1666668 ] ] ] } },
{ "type": "Feature", "properties": { "Id": 0, "Sheet_ID": "枝幸 16", "label": "枝幸 16", "call_short": "G7960 S50 .K61", "call_num": "G7960 S50 .K61 NL-54-11-16", "recid": "tc475hx3892", "websiteUrl": "https://purl.stanford.edu/tc475hx3892", "title": "[日本] 五万分一地形圖", "ckey": 9741696, "available": true, "iiifUrl": "https://purl.stanford.edu/tc475hx3892/iiif/manifest" }, "geometry": { "type": "Polygon", "coordinates": [ [ [ 142.0, 44.666667 ], [ 142.25, 44.666667 ], [ 142.25, 44.8333335 ], [ 142.0, 44.8333335 ], [ 142.0, 44.666667 ] ] ] } },
{ "type": "Feature", "properties": { "Id": 0, "Sheet_ID": "枝幸 12", "label": "枝幸 12", "call_short": "G7960 S50 .K61", "call_num": "G7960 S50 .K61 NL-54-11-12", "recid": "pz862py0420", "websiteUrl": "https://purl.stanford.edu/pz862py0420", "title": "[日本] 五万分一地形圖", "ckey": 9741696, "available": true, "iiifUrl": "https://purl.stanford.edu/pz862py0420/iiif/manifest" }, "geometry": { "type": "Polygon", "coordinates": [ [ [ 142.25, 44.666667 ], [ 142.5, 44.666667 ], [ 142.5, 44.8333335 ], [ 142.25, 44.8333335 ], [ 142.25, 44.666667 ] ] ] } },
{ "type": "Feature", "properties": { "Id": 0, "Sheet_ID": "枝幸 8", "label": "枝幸 8", "call_short": "G7960 S50 .K61", "call_num": "G7960 S50 .K61 NL-54-11-8", "recid": "fg600ph4255", "websiteUrl": "https://purl.stanford.edu/fg600ph4255", "title": "[日本] 五万分一地形圖", "ckey": 9741696, "available": true, "iiifUrl": "https://purl.stanford.edu/fg600ph4255/iiif/manifest" }, "geometry": { "type": "Polygon", "coordinates": [ [ [ 142.5, 44.666667 ], [ 142.75, 44.666667 ], [ 142.75, 44.8333335 ], [ 142.5, 44.8333335 ], [ 142.5, 44.666667 ] ] ] } },
{ "type": "Feature", "properties": { "Id": 0, "Sheet_ID": "枝幸 4", "label": "枝幸 4", "call_short": "G7960 S50 .K61", "call_num": "G7960 S50 .K61 NL-54-11-4", "recid": "xs148yj3465", "websiteUrl": "https://purl.stanford.edu/xs148yj3465", "title": "[日本] 五万分一地形圖", "ckey": 9741696, "available": true, "iiifUrl": "https://purl.stanford.edu/xs148yj3465/iiif/manifest" }, "geometry": { "type": "Polygon", "coordinates": [ [ [ 142.75, 44.666667 ], [ 143.0, 44.666667 ], [ 143.0, 44.8333335 ], [ 142.75, 44.8333335 ], [ 142.75, 44.666667 ] ] ] } },
{ "type": "Feature", "properties": { "Id": 0, "Sheet_ID": "枝幸 15", "label": "枝幸 15", "call_short": "G7960 S50 .K61", "call_num": "G7960 S50 .K61 NL-54-11-15", "recid": "bn722qm7677", "websiteUrl": "https://purl.stanford.edu/bn722qm7677", "title": "[日本] 五万分一地形圖", "ckey": 9741696, "available": true, "iiifUrl": "https://purl.stanford.edu/bn722qm7677/iiif/manifest" }, "geometry": { "type": "Polygon", "coordinates": [ [ [ 142.0, 44.8333335 ], [ 142.25, 44.8333335 ], [ 142.25, 45.0 ], [ 142.0, 45.0 ], [ 142.0, 44.8333335 ] ] ] } },
{ "type": "Feature", "properties": { "Id": 0, "Sheet_ID": "枝幸 11 ED.2", "label": "枝幸 11 ED.2", "call_short": "G7960 S50 .K61", "call_num": "G7960 S50 .K61 NL-54-11-11 ED.2", "recid": "dx928bp5736", "websiteUrl": "https://purl.stanford.edu/dx928bp5736", "title": "[日本] 五万分一地形圖", "ckey": 9741696, "available": true, "iiifUrl": "https://purl.stanford.edu/dx928bp5736/iiif/manifest" }, "geometry": { "type": "Polygon", "coordinates": [ [ [ 142.25, 44.8333335 ], [ 142.5, 44.8333335 ], [ 142.5, 45.0 ], [ 142.25, 45.0 ], [ 142.25, 44.8333335 ] ] ] } },
{ "type": "Feature", "properties": { "Id": 0, "Sheet_ID": "枝幸 7", "label": "枝幸 7", "call_short": "G7960 S50 .K61", "call_num": "G7960 S50 .K61 NL-54-11-7", "recid": "rt246cm2336", "websiteUrl": "https://purl.stanford.edu/rt246cm2336", "title": "[日本] 五万分一地形圖", "ckey": 9741696, "available": true, "iiifUrl": "https://purl.stanford.edu/rt246cm2336/iiif/manifest" }, "geometry": { "type": "Polygon", "coordinates": [ [ [ 142.5, 44.8333335 ], [ 142.75, 44.8333335 ], [ 142.75, 45.0 ], [ 142.5, 45.0 ], [ 142.5, 44.8333335 ] ] ] } },
{ "type": "Feature", "properties": { "Id": 0, "Sheet_ID": "枝幸 14", "label": "枝幸 14", "call_short": "G7960 S50 .K61", "call_num": "G7960 S50 .K61 NL-54-11-14", "recid": "kk548wn9867", "websiteUrl": "https://purl.stanford.edu/kk548wn9867", "title": "[日本] 五万分一地形圖", "ckey": 9741696, "available": true, "iiifUrl": "https://purl.stanford.edu/kk548wn9867/iiif/manifest" }, "geometry": { "type": "Polygon", "coordinates": [ [ [ 142.0, 45.0 ], [ 142.25, 45.0 ], [ 142.25, 45.1666665 ], [ 142.0, 45.1666665 ], [ 142.0, 45.0 ] ] ] } },
{ "type": "Feature", "properties": { "Id": 0, "Sheet_ID": "枝幸 10", "label": "枝幸 10", "call_short": "G7960 S50 .K61", "call_num": "G7960 S50 .K61 NL-54-11-10", "recid": "sn565wj3739", "websiteUrl": "https://purl.stanford.edu/sn565wj3739", "title": "[日本] 五万分一地形圖", "ckey": 9741696, "available": true, "iiifUrl": "https://purl.stanford.edu/sn565wj3739/iiif/manifest" }, "geometry": { "type": "Polygon", "coordinates": [ [ [ 142.25, 45.0 ], [ 142.5, 45.0 ], [ 142.5, 45.1666665 ], [ 142.25, 45.1666665 ], [ 142.25, 45.0 ] ] ] } },
{ "type": "Feature", "properties": { "Id": 0, "Sheet_ID": "枝幸 6 ED.2", "label": "枝幸 6 ED.2", "call_short": "G7960 S50 .K61", "call_num": "G7960 S50 .K61 NL-54-11-6 ED.2", "recid": "sd277rm9061", "websiteUrl": "https://purl.stanford.edu/sd277rm9061", "title": "[日本] 五万分一地形圖", "ckey": 9741696, "available": true, "iiifUrl": "https://purl.stanford.edu/sd277rm9061/iiif/manifest" }, "geometry": { "type": "Polygon", "coordinates": [ [ [ 142.5, 45.0 ], [ 142.75, 45.0 ], [ 142.75, 45.1666665 ], [ 142.5, 45.1666665 ], [ 142.5, 45.0 ] ] ] } },
{ "type": "Feature", "properties": { "Id": 0, "Sheet_ID": "枝幸 13", "label": "枝幸 13", "call_short": "0", "call_num": "0", "recid": "0", "websiteUrl": "0", "title": "0", "ckey": 0, "available": false, "iiifUrl": "0" }, "geometry": { "type": "Polygon", "coordinates": [ [ [ 142.0, 45.1666665 ], [ 142.25, 45.1666665 ], [ 142.25, 45.333333 ], [ 142.0, 45.333333 ], [ 142.0, 45.1666665 ] ] ] } },
{ "type": "Feature", "properties": { "Id": 0, "Sheet_ID": "枝幸 9", "label": "枝幸 9", "call_short": "G7960 S50 .K61", "call_num": "G7960 S50 .K61 NL-54-11-9", "recid": "wr512rp0028", "websiteUrl": "https://purl.stanford.edu/wr512rp0028", "title": "[日本] 五万分一地形圖", "ckey": 9741696, "available": true, "iiifUrl": "https://purl.stanford.edu/wr512rp0028/iiif/manifest" }, "geometry": { "type": "Polygon", "coordinates": [ [ [ 142.25, 45.1666665 ], [ 142.5, 45.1666665 ], [ 142.5, 45.333333 ], [ 142.25, 45.333333 ], [ 142.25, 45.1666665 ] ] ] } },
{ "type": "Feature", "properties": { "Id": 0, "Sheet_ID": "枝幸 6", "label": "枝幸 6", "call_short": "G7960 S50 .K61", "call_num": "G7960 S50 .K61 NL-54-11-6", "recid": "vy926bz4283", "websiteUrl": "https://purl.stanford.edu/vy926bz4283", "title": "[日本] 五万分一地形圖", "ckey": 9741696, "available": true, "iiifUrl": "https://purl.stanford.edu/vy926bz4283/iiif/manifest" }, "geometry": { "type": "Polygon", "coordinates": [ [ [ 142.5, 45.0 ], [ 142.75, 45.0 ], [ 142.75, 45.1666665 ], [ 142.5, 45.1666665 ], [ 142.5, 45.0 ] ] ] } },
{ "type": "Feature", "properties": { "Id": 0, "Sheet_ID": "枝幸 11", "label": "枝幸 11", "call_short": "G7960 S50 .K61", "call_num": "G7960 S50 .K61 NL-54-11-11", "recid": "cs054qt7813", "websiteUrl": "https://purl.stanford.edu/cs054qt7813", "title": "[日本] 五万分一地形圖", "ckey": 9741696, "available": true, "iiifUrl": "https://purl.stanford.edu/cs054qt7813/iiif/manifest" }, "geometry": { "type": "Polygon", "coordinates": [ [ [ 142.25, 44.8333335 ], [ 142.5, 44.8333335 ], [ 142.5, 45.0 ], [ 142.25, 45.0 ], [ 142.25, 44.8333335 ] ] ] } },
{ "type": "Feature", "properties": { "Id": 0, "Sheet_ID": "名寄 16", "label": "名寄 16", "call_short": "0", "call_num": "0", "recid": "0", "websiteUrl": "0", "title": "0", "ckey": 0, "available": false, "iiifUrl": "0" }, "geometry": { "type": "Polygon", "coordinates": [ [ [ 142.0, 44.0 ], [ 142.25, 44.0 ], [ 142.25, 44.1666667 ], [ 142.0, 44.1666667 ], [ 142.0, 44.0 ] ] ] } },
{ "type": "Feature", "properties": { "Id": 0, "Sheet_ID": "名寄 12", "label": "名寄 12", "call_short": "G7960 S50 .K61", "call_num": "G7960 S50 .K61 NL-54-12-12", "recid": "qd009ct5259", "websiteUrl": "https://purl.stanford.edu/qd009ct5259", "title": "[日本] 五万分一地形圖", "ckey": 9741696, "available": true, "iiifUrl": "https://purl.stanford.edu/qd009ct5259/iiif/manifest" }, "geometry": { "type": "Polygon", "coordinates": [ [ [ 142.25, 44.0 ], [ 142.5, 44.0 ], [ 142.5, 44.1666667 ], [ 142.25, 44.1666667 ], [ 142.25, 44.0 ] ] ] } },
{ "type": "Feature", "properties": { "Id": 0, "Sheet_ID": "名寄 8", "label": "名寄 8", "call_short": "G7960 S50 .K61", "call_num": "G7960 S50 .K61 NL-54-12-8", "recid": "dv359zk3610", "websiteUrl": "https://purl.stanford.edu/dv359zk3610", "title": "[日本] 五万分一地形圖", "ckey": 9741696, "available": true, "iiifUrl": "https://purl.stanford.edu/dv359zk3610/iiif/manifest" }, "geometry": { "type": "Polygon", "coordinates": [ [ [ 142.5, 44.0 ], [ 142.75, 44.0 ], [ 142.75, 44.1666667 ], [ 142.5, 44.1666667 ], [ 142.5, 44.0 ] ] ] } },
{ "type": "Feature", "properties": { "Id": 0, "Sheet_ID": "名寄 4", "label": "名寄 4", "call_short": "G7960 S50 .K61", "call_num": "G7960 S50 .K61 NL-54-12-4", "recid": "jg107yb2606", "websiteUrl": "https://purl.stanford.edu/jg107yb2606", "title": "[日本] 五万分一地形圖", "ckey": 9741696, "available": true, "iiifUrl": "https://purl.stanford.edu/jg107yb2606/iiif/manifest" }, "geometry": { "type": "Polygon", "coordinates": [ [ [ 142.75, 44.0 ], [ 143.0, 44.0 ], [ 143.0, 44.1666667 ], [ 142.75, 44.1666667 ], [ 142.75, 44.0 ] ] ] } },
{ "type": "Feature", "properties": { "Id": 0, "Sheet_ID": "名寄 15", "label": "名寄 15", "call_short": "G7960 S50 .K61", "call_num": "G7960 S50 .K61 NL-54-12-15", "recid": "rs167hb4962", "websiteUrl": "https://purl.stanford.edu/rs167hb4962", "title": "[日本] 五万分一地形圖", "ckey": 9741696, "available": true, "iiifUrl": "https://purl.stanford.edu/rs167hb4962/iiif/manifest" }, "geometry": { "type": "Polygon", "coordinates": [ [ [ 142.0, 44.1666667 ], [ 142.25, 44.1666667 ], [ 142.25, 44.3333335 ], [ 142.0, 44.3333335 ], [ 142.0, 44.1666667 ] ] ] } },
{ "type": "Feature", "properties": { "Id": 0, "Sheet_ID": "名寄 11", "label": "名寄 11", "call_short": "G7960 S50 .K61", "call_num": "G7960 S50 .K61 NL-54-12-11", "recid": "pw419ks3920", "websiteUrl": "https://purl.stanford.edu/pw419ks3920", "title": "[日本] 五万分一地形圖", "ckey": 9741696, "available": true, "iiifUrl": "https://purl.stanford.edu/pw419ks3920/iiif/manifest" }, "geometry": { "type": "Polygon", "coordinates": [ [ [ 142.25, 44.1666667 ], [ 142.5, 44.1666667 ], [ 142.5, 44.3333335 ], [ 142.25, 44.3333335 ], [ 142.25, 44.1666667 ] ] ] } },
{ "type": "Feature", "properties": { "Id": 0, "Sheet_ID": "名寄 7", "label": "名寄 7", "call_short": "G7960 S50 .K61", "call_num": "G7960 S50 .K61 NL-54-12-7", "recid": "fx828qq3836", "websiteUrl": "https://purl.stanford.edu/fx828qq3836", "title": "[日本] 五万分一地形圖", "ckey": 9741696, "available": true, "iiifUrl": "https://purl.stanford.edu/fx828qq3836/iiif/manifest" }, "geometry": { "type": "Polygon", "coordinates": [ [ [ 142.5, 44.1666667 ], [ 142.75, 44.1666667 ], [ 142.75, 44.3333335 ], [ 142.5, 44.3333335 ], [ 142.5, 44.1666667 ] ] ] } },
{ "type": "Feature", "properties": { "Id": 0, "Sheet_ID": "名寄 3 ED.2", "label": "名寄 3 ED.2", "call_short": "G7960 S50 .K61", "call_num": "G7960 S50 .K61 NL-54-12-3 ED.2", "recid": "hx815xt5101", "websiteUrl": "https://purl.stanford.edu/hx815xt5101", "title": "[日本] 五万分一地形圖", "ckey": 9741696, "available": true, "iiifUrl": "https://purl.stanford.edu/hx815xt5101/iiif/manifest" }, "geometry": { "type": "Polygon", "coordinates": [ [ [ 142.75, 44.1666667 ], [ 143.0, 44.1666667 ], [ 143.0, 44.3333335 ], [ 142.75, 44.3333335 ], [ 142.75, 44.1666667 ] ] ] } },
{ "type": "Feature", "properties": { "Id": 0, "Sheet_ID": "名寄 14", "label": "名寄 14", "call_short": "G7960 S50 .K61", "call_num": "G7960 S50 .K61 NL-54-12-14", "recid": "qt180bt6568", "websiteUrl": "https://purl.stanford.edu/qt180bt6568", "title": "[日本] 五万分一地形圖", "ckey": 9741696, "available": true, "iiifUrl": "https://purl.stanford.edu/qt180bt6568/iiif/manifest" }, "geometry": { "type": "Polygon", "coordinates": [ [ [ 142.0, 44.3333335 ], [ 142.25, 44.3333335 ], [ 142.25, 44.5000002 ], [ 142.0, 44.5000002 ], [ 142.0, 44.3333335 ] ] ] } },
{ "type": "Feature", "properties": { "Id": 0, "Sheet_ID": "名寄 10", "label": "名寄 10", "call_short": "G7960 S50 .K61", "call_num": "G7960 S50 .K61 NL-54-12-10", "recid": "wq547bq0140", "websiteUrl": "https://purl.stanford.edu/wq547bq0140", "title": "[日本] 五万分一地形圖", "ckey": 9741696, "available": true, "iiifUrl": "https://purl.stanford.edu/wq547bq0140/iiif/manifest" }, "geometry": { "type": "Polygon", "coordinates": [ [ [ 142.25, 44.3333335 ], [ 142.5, 44.3333335 ], [ 142.5, 44.5000002 ], [ 142.25, 44.5000002 ], [ 142.25, 44.3333335 ] ] ] } },
{ "type": "Feature", "properties": { "Id": 0, "Sheet_ID": "名寄 6", "label": "名寄 6", "call_short": "G7960 S50 .K61", "call_num": "G7960 S50 .K61 NL-54-12-6", "recid": "zz193pf6424", "websiteUrl": "https://purl.stanford.edu/zz193pf6424", "title": "[日本] 五万分一地形圖", "ckey": 9741696, "available": true, "iiifUrl": "https://purl.stanford.edu/zz193pf6424/iiif/manifest" }, "geometry": { "type": "Polygon", "coordinates": [ [ [ 142.5, 44.3333335 ], [ 142.75, 44.3333335 ], [ 142.75, 44.5000002 ], [ 142.5, 44.5000002 ], [ 142.5, 44.3333335 ] ] ] } },
{ "type": "Feature", "properties": { "Id": 0, "Sheet_ID": "名寄 2", "label": "名寄 2", "call_short": "G7960 S50 .K61", "call_num": "G7960 S50 .K61 NL-54-12-2", "recid": "yr360vn7341", "websiteUrl": "https://purl.stanford.edu/yr360vn7341", "title": "[日本] 五万分一地形圖", "ckey": 9741696, "available": true, "iiifUrl": "https://purl.stanford.edu/yr360vn7341/iiif/manifest" }, "geometry": { "type": "Polygon", "coordinates": [ [ [ 142.75, 44.3333335 ], [ 143.0, 44.3333335 ], [ 143.0, 44.5000002 ], [ 142.75, 44.5000002 ], [ 142.75, 44.3333335 ] ] ] } },
{ "type": "Feature", "properties": { "Id": 0, "Sheet_ID": "名寄 13", "label": "名寄 13", "call_short": "G7960 S50 .K61", "call_num": "G7960 S50 .K61 NL-54-12-13", "recid": "jx424pb5108", "websiteUrl": "https://purl.stanford.edu/jx424pb5108", "title": "[日本] 五万分一地形圖", "ckey": 9741696, "available": true, "iiifUrl": "https://purl.stanford.edu/jx424pb5108/iiif/manifest" }, "geometry": { "type": "Polygon", "coordinates": [ [ [ 142.0, 44.5000002 ], [ 142.25, 44.5000002 ], [ 142.25, 44.666667 ], [ 142.0, 44.666667 ], [ 142.0, 44.5000002 ] ] ] } },
{ "type": "Feature", "properties": { "Id": 0, "Sheet_ID": "名寄 9 ED.2", "label": "名寄 9 ED.2", "call_short": "G7960 S50 .K61", "call_num": "G7960 S50 .K61 NL-54-12-9 ED.2", "recid": "rq083mg1083", "websiteUrl": "https://purl.stanford.edu/rq083mg1083", "title": "[日本] 五万分一地形圖", "ckey": 9741696, "available": true, "iiifUrl": "https://purl.stanford.edu/rq083mg1083/iiif/manifest" }, "geometry": { "type": "Polygon", "coordinates": [ [ [ 142.25, 44.5000002 ], [ 142.5, 44.5000002 ], [ 142.5, 44.666667 ], [ 142.25, 44.666667 ], [ 142.25, 44.5000002 ] ] ] } },
{ "type": "Feature", "properties": { "Id": 0, "Sheet_ID": "名寄 5", "label": "名寄 5", "call_short": "G7960 S50 .K61", "call_num": "G7960 S50 .K61 NL-54-12-5", "recid": "gt791qw9320", "websiteUrl": "https://purl.stanford.edu/gt791qw9320", "title": "[日本] 五万分一地形圖", "ckey": 9741696, "available": true, "iiifUrl": "https://purl.stanford.edu/gt791qw9320/iiif/manifest" }, "geometry": { "type": "Polygon", "coordinates": [ [ [ 142.5, 44.5000002 ], [ 142.75, 44.5000002 ], [ 142.75, 44.666667 ], [ 142.5, 44.666667 ], [ 142.5, 44.5000002 ] ] ] } },
{ "type": "Feature", "properties": { "Id": 0, "Sheet_ID": "名寄 1", "label": "名寄 1", "call_short": "G7960 S50 .K61", "call_num": "G7960 S50 .K61 NL-54-12-1", "recid": "wz108jn6283", "websiteUrl": "https://purl.stanford.edu/wz108jn6283", "title": "[日本] 五万分一地形圖", "ckey": 9741696, "available": true, "iiifUrl": "https://purl.stanford.edu/wz108jn6283/iiif/manifest" }, "geometry": { "type": "Polygon", "coordinates": [ [ [ 142.75, 44.5000002 ], [ 143.0, 44.5000002 ], [ 143.0, 44.666667 ], [ 142.75, 44.666667 ], [ 142.75, 44.5000002 ] ] ] } },
{ "type": "Feature", "properties": { "Id": 0, "Sheet_ID": "名寄 3", "label": "名寄 3", "call_short": "G7960 S50 .K61", "call_num": "G7960 S50 .K61 NL-54-12-3", "recid": "hb301fq3933", "websiteUrl": "https://purl.stanford.edu/hb301fq3933", "title": "[日本] 五万分一地形圖", "ckey": 9741696, "available": true, "iiifUrl": "https://purl.stanford.edu/hb301fq3933/iiif/manifest" }, "geometry": { "type": "Polygon", "coordinates": [ [ [ 142.75, 44.1666668 ], [ 143.0, 44.1666668 ], [ 143.0, 44.3333335 ], [ 142.75, 44.3333335 ], [ 142.75, 44.1666668 ] ] ] } },
{ "type": "Feature", "properties": { "Id": 0, "Sheet_ID": "名寄 9", "label": "名寄 9", "call_short": "G7960 S50 .K61", "call_num": "G7960 S50 .K61 NL-54-12-9", "recid": "wx690rr4410", "websiteUrl": "https://purl.stanford.edu/wx690rr4410", "title": "[日本] 五万分一地形圖", "ckey": 9741696, "available": true, "iiifUrl": "https://purl.stanford.edu/wx690rr4410/iiif/manifest" }, "geometry": { "type": "Polygon", "coordinates": [ [ [ 142.25, 44.5000002 ], [ 142.5, 44.5000002 ], [ 142.5, 44.666667 ], [ 142.25, 44.666667 ], [ 142.25, 44.5000002 ] ] ] } },
{ "type": "Feature", "properties": { "Id": 0, "Sheet_ID": "宗谷 16", "label": "宗谷 16", "call_short": "G7960 S50 .K61", "call_num": "G7960 S50 .K61 NL-54-16-16", "recid": "rq552hd6282", "websiteUrl": "https://purl.stanford.edu/rq552hd6282", "title": "[日本] 五万分一地形圖", "ckey": 9741696, "available": true, "iiifUrl": "https://purl.stanford.edu/rq552hd6282/iiif/manifest" }, "geometry": { "type": "Polygon", "coordinates": [ [ [ 140.95, 45.333333 ], [ 141.25, 45.333333 ], [ 141.25, 45.4999998 ], [ 140.95, 45.4999998 ], [ 140.95, 45.333333 ] ] ] } },
{ "type": "Feature", "properties": { "Id": 0, "Sheet_ID": "宗谷 8", "label": "宗谷 8", "call_short": "G7960 S50 .K61", "call_num": "G7960 S50 .K61 NL-54-16-8", "recid": "gc571kz4633", "websiteUrl": "https://purl.stanford.edu/gc571kz4633", "title": "[日本] 五万分一地形圖", "ckey": 9741696, "available": true, "iiifUrl": "https://purl.stanford.edu/gc571kz4633/iiif/manifest" }, "geometry": { "type": "Polygon", "coordinates": [ [ [ 141.5, 45.333333 ], [ 141.75, 45.333333 ], [ 141.75, 45.4999998 ], [ 141.5, 45.4999998 ], [ 141.5, 45.333333 ] ] ] } },
{ "type": "Feature", "properties": { "Id": 0, "Sheet_ID": "宗谷 4", "label": "宗谷 4", "call_short": "G7960 S50 .K61", "call_num": "G7960 S50 .K61 NL-54-16-4", "recid": "bd525qp9440", "websiteUrl": "https://purl.stanford.edu/bd525qp9440", "title": "[日本] 五万分一地形圖", "ckey": 9741696, "available": true, "iiifUrl": "https://purl.stanford.edu/bd525qp9440/iiif/manifest" }, "geometry": { "type": "Polygon", "coordinates": [ [ [ 141.75, 45.333333 ], [ 142.0, 45.333333 ], [ 142.0, 45.4999998 ], [ 141.75, 45.4999998 ], [ 141.75, 45.333333 ] ] ] } },
{ "type": "Feature", "properties": { "Id": 0, "Sheet_ID": "宗谷 4_東部", "label": "宗谷 4_東部", "call_short": "G7960 S50 .K61", "call_num": "G7960 S50 .K61 NL-54-16-4 EAST", "recid": "dy941bm7042", "websiteUrl": "https://purl.stanford.edu/dy941bm7042", "title": "[日本] 五万分一地形圖", "ckey": 9741696, "available": true, "iiifUrl": "https://purl.stanford.edu/dy941bm7042/iiif/manifest" }, "geometry": { "type": "Polygon", "coordinates": [ [ [ 142.0, 45.333333 ], [ 142.25, 45.333333 ], [ 142.25, 45.4999998 ], [ 142.0, 45.4999998 ], [ 142.0, 45.333333 ] ] ] } },
{ "type": "Feature", "properties": { "Id": 0, "Sheet_ID": "宗谷 3", "label": "宗谷 3", "call_short": "G7960 S50 .K61", "call_num": "G7960 S50 .K61 NL-54-16-3", "recid": "cx422vn9780", "websiteUrl": "https://purl.stanford.edu/cx422vn9780", "title": "[日本] 五万分一地形圖", "ckey": 9741696, "available": true, "iiifUrl": "https://purl.stanford.edu/cx422vn9780/iiif/manifest" }, "geometry": { "type": "Polygon", "coordinates": [ [ [ 141.75, 45.4999998 ], [ 142.0, 45.4999998 ], [ 142.0, 45.6666665 ], [ 141.75, 45.6666665 ], [ 141.75, 45.4999998 ] ] ] } },
{ "type": "Feature", "properties": { "Id": 0, "Sheet_ID": "天鹽 4", "label": "天鹽 4", "call_short": "G7960 S50 .K61", "call_num": "G7960 S50 .K61 NL-54-17-4", "recid": "dv138fz3472", "websiteUrl": "https://purl.stanford.edu/dv138fz3472", "title": "[日本] 五万分一地形圖", "ckey": 9741696, "available": true, "iiifUrl": "https://purl.stanford.edu/dv138fz3472/iiif/manifest" }, "geometry": { "type": "Polygon", "coordinates": [ [ [ 141.75, 44.666667 ], [ 142.0, 44.666667 ], [ 142.0, 44.8333335 ], [ 141.75, 44.8333335 ], [ 141.75, 44.666667 ] ] ] } },
{ "type": "Feature", "properties": { "Id": 0, "Sheet_ID": "天鹽 7 ED.2", "label": "天鹽 7 ED.2", "call_short": "G7960 S50 .K61", "call_num": "G7960 S50 .K61 NL-54-17-7 ED.2", "recid": "xt727bf1308", "websiteUrl": "https://purl.stanford.edu/xt727bf1308", "title": "[日本] 五万分一地形圖", "ckey": 9741696, "available": true, "iiifUrl": "https://purl.stanford.edu/xt727bf1308/iiif/manifest" }, "geometry": { "type": "Polygon", "coordinates": [ [ [ 141.5, 44.8333335 ], [ 141.75, 44.8333335 ], [ 141.75, 45.0 ], [ 141.5, 45.0 ], [ 141.5, 44.8333335 ] ] ] } },
{ "type": "Feature", "properties": { "Id": 0, "Sheet_ID": "天鹽 3 ED.2", "label": "天鹽 3 ED.2", "call_short": "G7960 S50 .K61", "call_num": "G7960 S50 .K61 NL-54-17-3 ED.2", "recid": "bw524qw3654", "websiteUrl": "https://purl.stanford.edu/bw524qw3654", "title": "[日本] 五万分一地形圖", "ckey": 9741696, "available": true, "iiifUrl": "https://purl.stanford.edu/bw524qw3654/iiif/manifest" }, "geometry": { "type": "Polygon", "coordinates": [ [ [ 141.75, 44.8333335 ], [ 142.0, 44.8333335 ], [ 142.0, 45.0 ], [ 141.75, 45.0 ], [ 141.75, 44.8333335 ] ] ] } },
{ "type": "Feature", "properties": { "Id": 0, "Sheet_ID": "天鹽 14 ED.2", "label": "天鹽 14 ED.2", "call_short": "G7960 S50 .K61", "call_num": "G7960 S50 .K61 NL-54-17-14 ED.2", "recid": "mf861nv9499", "websiteUrl": "https://purl.stanford.edu/mf861nv9499", "title": "[日本] 五万分一地形圖", "ckey": 9741696, "available": true, "iiifUrl": "https://purl.stanford.edu/mf861nv9499/iiif/manifest" }, "geometry": { "type": "Polygon", "coordinates": [ [ [ 141.0, 45.0 ], [ 141.25, 45.0 ], [ 141.25, 45.1666665 ], [ 141.0, 45.1666665 ], [ 141.0, 45.0 ] ] ] } },
{ "type": "Feature", "properties": { "Id": 0, "Sheet_ID": "天鹽 10", "label": "天鹽 10", "call_short": "G7960 S50 .K61", "call_num": "G7960 S50 .K61 NL-54-17-10", "recid": "xs555hq7820", "websiteUrl": "https://purl.stanford.edu/xs555hq7820", "title": "[日本] 五万分一地形圖", "ckey": 9741696, "available": true, "iiifUrl": "https://purl.stanford.edu/xs555hq7820/iiif/manifest" }, "geometry": { "type": "Polygon", "coordinates": [ [ [ 141.25, 45.0 ], [ 141.5, 45.0 ], [ 141.5, 45.1666665 ], [ 141.25, 45.1666665 ], [ 141.25, 45.0 ] ] ] } },
{ "type": "Feature", "properties": { "Id": 0, "Sheet_ID": "天鹽 6 ED.2", "label": "天鹽 6 ED.2", "call_short": "G7960 S50 .K61", "call_num": "G7960 S50 .K61 NL-54-17-6 ED.2", "recid": "ww131sd3524", "websiteUrl": "https://purl.stanford.edu/ww131sd3524", "title": "[日本] 五万分一地形圖", "ckey": 9741696, "available": true, "iiifUrl": "https://purl.stanford.edu/ww131sd3524/iiif/manifest" }, "geometry": { "type": "Polygon", "coordinates": [ [ [ 141.5, 45.0 ], [ 141.75, 45.0 ], [ 141.75, 45.1666665 ], [ 141.5, 45.1666665 ], [ 141.5, 45.0 ] ] ] } },
{ "type": "Feature", "properties": { "Id": 0, "Sheet_ID": "天鹽 2", "label": "天鹽 2", "call_short": "G7960 S50 .K61", "call_num": "G7960 S50 .K61 NL-54-17-2", "recid": "wn604jm6763", "websiteUrl": "https://purl.stanford.edu/wn604jm6763", "title": "[日本] 五万分一地形圖", "ckey": 9741696, "available": true, "iiifUrl": "https://purl.stanford.edu/wn604jm6763/iiif/manifest" }, "geometry": { "type": "Polygon", "coordinates": [ [ [ 141.75, 45.0 ], [ 142.0, 45.0 ], [ 142.0, 45.1666665 ], [ 141.75, 45.1666665 ], [ 141.75, 45.0 ] ] ] } },
{ "type": "Feature", "properties": { "Id": 0, "Sheet_ID": "天鹽 13", "label": "天鹽 13", "call_short": "G7960 S50 .K61", "call_num": "G7960 S50 .K61 NL-54-17-13", "recid": "xv948np1580", "websiteUrl": "https://purl.stanford.edu/xv948np1580", "title": "[日本] 五万分一地形圖", "ckey": 9741696, "available": true, "iiifUrl": "https://purl.stanford.edu/xv948np1580/iiif/manifest" }, "geometry": { "type": "Polygon", "coordinates": [ [ [ 141.0, 45.1666665 ], [ 141.25, 45.1666665 ], [ 141.25, 45.333333 ], [ 141.0, 45.333333 ], [ 141.0, 45.1666665 ] ] ] } },
{ "type": "Feature", "properties": { "Id": 0, "Sheet_ID": "天鹽 9", "label": "天鹽 9", "call_short": "G7960 S50 .K61", "call_num": "G7960 S50 .K61 NL-54-17-9", "recid": "yw499gp9137", "websiteUrl": "https://purl.stanford.edu/yw499gp9137", "title": "[日本] 五万分一地形圖", "ckey": 9741696, "available": true, "iiifUrl": "https://purl.stanford.edu/yw499gp9137/iiif/manifest" }, "geometry": { "type": "Polygon", "coordinates": [ [ [ 141.25, 45.1666665 ], [ 141.5, 45.1666665 ], [ 141.5, 45.333333 ], [ 141.25, 45.333333 ], [ 141.25, 45.1666665 ] ] ] } },
{ "type": "Feature", "properties": { "Id": 0, "Sheet_ID": "天鹽 5", "label": "天鹽 5", "call_short": "G7960 S50 .K61", "call_num": "G7960 S50 .K61 NL-54-17-5", "recid": "vb461xw6023", "websiteUrl": "https://purl.stanford.edu/vb461xw6023", "title": "[日本] 五万分一地形圖", "ckey": 9741696, "available": true, "iiifUrl": "https://purl.stanford.edu/vb461xw6023/iiif/manifest" }, "geometry": { "type": "Polygon", "coordinates": [ [ [ 141.5, 45.1666665 ], [ 141.75, 45.1666665 ], [ 141.75, 45.333333 ], [ 141.5, 45.333333 ], [ 141.5, 45.1666665 ] ] ] } },
{ "type": "Feature", "properties": { "Id": 0, "Sheet_ID": "天鹽 1", "label": "天鹽 1", "call_short": "G7960 S50 .K61", "call_num": "G7960 S50 .K61 NL-54-17-1", "recid": "xj388qq8834", "websiteUrl": "https://purl.stanford.edu/xj388qq8834", "title": "[日本] 五万分一地形圖", "ckey": 9741696, "available": true, "iiifUrl": "https://purl.stanford.edu/xj388qq8834/iiif/manifest" }, "geometry": { "type": "Polygon", "coordinates": [ [ [ 141.75, 45.1666665 ], [ 142.0, 45.1666665 ], [ 142.0, 45.333333 ], [ 141.75, 45.333333 ], [ 141.75, 45.1666665 ] ] ] } },
{ "type": "Feature", "properties": { "Id": 0, "Sheet_ID": "天鹽 2 ED.2", "label": "天鹽 2 ED.2", "call_short": "G7960 S50 .K61", "call_num": "G7960 S50 .K61 NL-54-17-2 ED.2", "recid": "ws641rf8754", "websiteUrl": "https://purl.stanford.edu/ws641rf8754", "title": "[日本] 五万分一地形圖", "ckey": 9741696, "available": true, "iiifUrl": "https://purl.stanford.edu/ws641rf8754/iiif/manifest" }, "geometry": { "type": "Polygon", "coordinates": [ [ [ 141.75, 45.0 ], [ 142.0, 45.0 ], [ 142.0, 45.1666665 ], [ 141.75, 45.1666665 ], [ 141.75, 45.0 ] ] ] } },
{ "type": "Feature", "properties": { "Id": 0, "Sheet_ID": "天鹽 3", "label": "天鹽 3", "call_short": "G7960 S50 .K61", "call_num": "G7960 S50 .K61 NL-54-17-3", "recid": "vm541xg9382", "websiteUrl": "https://purl.stanford.edu/vm541xg9382", "title": "[日本] 五万分一地形圖", "ckey": 9741696, "available": true, "iiifUrl": "https://purl.stanford.edu/vm541xg9382/iiif/manifest" }, "geometry": { "type": "Polygon", "coordinates": [ [ [ 141.75, 44.8333335 ], [ 142.0, 44.8333335 ], [ 142.0, 45.0 ], [ 141.75, 45.0 ], [ 141.75, 44.8333335 ] ] ] } },
{ "type": "Feature", "properties": { "Id": 0, "Sheet_ID": "天鹽 6", "label": "天鹽 6", "call_short": "G7960 S50 .K61", "call_num": "G7960 S50 .K61 NL-54-17-6", "recid": "jk153sr9922", "websiteUrl": "https://purl.stanford.edu/jk153sr9922", "title": "[日本] 五万分一地形圖", "ckey": 9741696, "available": true, "iiifUrl": "https://purl.stanford.edu/jk153sr9922/iiif/manifest" }, "geometry": { "type": "Polygon", "coordinates": [ [ [ 141.5, 45.0 ], [ 141.75, 45.0 ], [ 141.75, 45.1666665 ], [ 141.5, 45.1666665 ], [ 141.5, 45.0 ] ] ] } },
{ "type": "Feature", "properties": { "Id": 0, "Sheet_ID": "天鹽 7", "label": "天鹽 7", "call_short": "G7960 S50 .K61", "call_num": "G7960 S50 .K61 NL-54-17-7", "recid": "bm287tf8360", "websiteUrl": "https://purl.stanford.edu/bm287tf8360", "title": "[日本] 五万分一地形圖", "ckey": 9741696, "available": true, "iiifUrl": "https://purl.stanford.edu/bm287tf8360/iiif/manifest" }, "geometry": { "type": "Polygon", "coordinates": [ [ [ 141.5, 44.8333335 ], [ 141.75, 44.8333335 ], [ 141.75, 45.0 ], [ 141.5, 45.0 ], [ 141.5, 44.8333335 ] ] ] } },
{ "type": "Feature", "properties": { "Id": 0, "Sheet_ID": "天鹽 14", "label": "天鹽 14", "call_short": "G7960 S50 .K61", "call_num": "G7960 S50 .K61 NL-54-17-14", "recid": "yg404zy4688", "websiteUrl": "https://purl.stanford.edu/yg404zy4688", "title": "[日本] 五万分一地形圖", "ckey": 9741696, "available": true, "iiifUrl": "https://purl.stanford.edu/yg404zy4688/iiif/manifest" }, "geometry": { "type": "Polygon", "coordinates": [ [ [ 141.0, 45.0 ], [ 141.25, 45.0 ], [ 141.25, 45.1666665 ], [ 141.0, 45.1666665 ], [ 141.0, 45.0 ] ] ] } },
{ "type": "Feature", "properties": { "Id": 0, "Sheet_ID": "羽幌 8", "label": "羽幌 8", "call_short": "G7960 S50 .K61", "call_num": "G7960 S50 .K61 NL-54-18-8", "recid": "pb814kz7539", "websiteUrl": "https://purl.stanford.edu/pb814kz7539", "title": "[日本] 五万分一地形圖", "ckey": 9741696, "available": true, "iiifUrl": "https://purl.stanford.edu/pb814kz7539/iiif/manifest" }, "geometry": { "type": "Polygon", "coordinates": [ [ [ 141.5, 44.0 ], [ 141.75, 44.0 ], [ 141.75, 44.1666667 ], [ 141.5, 44.1666667 ], [ 141.5, 44.0 ] ] ] } },
{ "type": "Feature", "properties": { "Id": 0, "Sheet_ID": "羽幌 4", "label": "羽幌 4", "call_short": "G7960 S50 .K61", "call_num": "G7960 S50 .K61 NL-54-18-4", "recid": "nd924vn8802", "websiteUrl": "https://purl.stanford.edu/nd924vn8802", "title": "[日本] 五万分一地形圖", "ckey": 9741696, "available": true, "iiifUrl": "https://purl.stanford.edu/nd924vn8802/iiif/manifest" }, "geometry": { "type": "Polygon", "coordinates": [ [ [ 141.75, 44.0 ], [ 142.0, 44.0 ], [ 142.0, 44.1666667 ], [ 141.75, 44.1666667 ], [ 141.75, 44.0 ] ] ] } },
{ "type": "Feature", "properties": { "Id": 0, "Sheet_ID": "羽幌 7", "label": "羽幌 7", "call_short": "G7960 S50 .K61", "call_num": "G7960 S50 .K61 NL-54-18-7", "recid": "mn230hw0241", "websiteUrl": "https://purl.stanford.edu/mn230hw0241", "title": "[日本] 五万分一地形圖", "ckey": 9741696, "available": true, "iiifUrl": "https://purl.stanford.edu/mn230hw0241/iiif/manifest" }, "geometry": { "type": "Polygon", "coordinates": [ [ [ 141.5, 44.1666667 ], [ 141.75, 44.1666667 ], [ 141.75, 44.3333335 ], [ 141.5, 44.3333335 ], [ 141.5, 44.1666667 ] ] ] } },
{ "type": "Feature", "properties": { "Id": 0, "Sheet_ID": "羽幌 3", "label": "羽幌 3", "call_short": "0", "call_num": "0", "recid": "0", "websiteUrl": "0", "title": "0", "ckey": 0, "available": false, "iiifUrl": "0" }, "geometry": { "type": "Polygon", "coordinates": [ [ [ 141.75, 44.1666667 ], [ 142.0, 44.1666667 ], [ 142.0, 44.3333335 ], [ 141.75, 44.3333335 ], [ 141.75, 44.1666667 ] ] ] } },
{ "type": "Feature", "properties": { "Id": 0, "Sheet_ID": "羽幌 10", "label": "羽幌 10", "call_short": "G7960 S50 .K61", "call_num": "G7960 S50 .K61 NL-54-18-10", "recid": "jh185cm6565", "websiteUrl": "https://purl.stanford.edu/jh185cm6565", "title": "[日本] 五万分一地形圖", "ckey": 9741696, "available": true, "iiifUrl": "https://purl.stanford.edu/jh185cm6565/iiif/manifest" }, "geometry": { "type": "Polygon", "coordinates": [ [ [ 141.25, 44.3333335 ], [ 141.5, 44.3333335 ], [ 141.5, 44.5000002 ], [ 141.25, 44.5000002 ], [ 141.25, 44.3333335 ] ] ] } },
{ "type": "Feature", "properties": { "Id": 0, "Sheet_ID": "羽幌 6", "label": "羽幌 6", "call_short": "G7960 S50 .K61", "call_num": "G7960 S50 .K61 NL-54-18-6", "recid": "vs136sz1185", "websiteUrl": "https://purl.stanford.edu/vs136sz1185", "title": "[日本] 五万分一地形圖", "ckey": 9741696, "available": true, "iiifUrl": "https://purl.stanford.edu/vs136sz1185/iiif/manifest" }, "geometry": { "type": "Polygon", "coordinates": [ [ [ 141.5, 44.3333335 ], [ 141.75, 44.3333335 ], [ 141.75, 44.5000002 ], [ 141.5, 44.5000002 ], [ 141.5, 44.3333335 ] ] ] } },
{ "type": "Feature", "properties": { "Id": 0, "Sheet_ID": "羽幌 2", "label": "羽幌 2", "call_short": "G7960 S50 .K61", "call_num": "G7960 S50 .K61 NL-54-18-2", "recid": "hn829vx5167", "websiteUrl": "https://purl.stanford.edu/hn829vx5167", "title": "[日本] 五万分一地形圖", "ckey": 9741696, "available": true, "iiifUrl": "https://purl.stanford.edu/hn829vx5167/iiif/manifest" }, "geometry": { "type": "Polygon", "coordinates": [ [ [ 141.75, 44.3333335 ], [ 142.0, 44.3333335 ], [ 142.0, 44.5000002 ], [ 141.75, 44.5000002 ], [ 141.75, 44.3333335 ] ] ] } },
{ "type": "Feature", "properties": { "Id": 0, "Sheet_ID": "羽幌 1", "label": "羽幌 1", "call_short": "G7960 S50 .K61", "call_num": "G7960 S50 .K61 NL-54-18-1", "recid": "nz723dc3368", "websiteUrl": "https://purl.stanford.edu/nz723dc3368", "title": "[日本] 五万分一地形圖", "ckey": 9741696, "available": true, "iiifUrl": "https://purl.stanford.edu/nz723dc3368/iiif/manifest" }, "geometry": { "type": "Polygon", "coordinates": [ [ [ 141.75, 44.5000002 ], [ 142.0, 44.5000002 ], [ 142.0, 44.666667 ], [ 141.75, 44.666667 ], [ 141.75, 44.5000002 ] ] ] } },
{ "type": "Feature", "properties": { "Id": 0, "Sheet_ID": "標津 16", "label": "標津 16", "call_short": "G7960 S50 .K61", "call_num": "G7960 S50 .K61 NK-55-25-16", "recid": "mn461mr6775", "websiteUrl": "https://purl.stanford.edu/mn461mr6775", "title": "[日本] 五万分一地形圖", "ckey": 9741696, "available": true, "iiifUrl": "https://purl.stanford.edu/mn461mr6775/iiif/manifest" }, "geometry": { "type": "Polygon", "coordinates": [ [ [ 145.0, 43.333333 ], [ 145.25, 43.333333 ], [ 145.25, 43.4999998 ], [ 145.0, 43.4999998 ], [ 145.0, 43.333333 ] ] ] } },
{ "type": "Feature", "properties": { "Id": 0, "Sheet_ID": "標津 12", "label": "標津 12", "call_short": "G7960 S50 .K61", "call_num": "G7960 S50 .K61 NK-55-25-12", "recid": "py134jm7413", "websiteUrl": "https://purl.stanford.edu/py134jm7413", "title": "[日本] 五万分一地形圖", "ckey": 9741696, "available": true, "iiifUrl": "https://purl.stanford.edu/py134jm7413/iiif/manifest" }, "geometry": { "type": "Polygon", "coordinates": [ [ [ 145.25, 43.333333 ], [ 145.5, 43.333333 ], [ 145.5, 43.4999998 ], [ 145.25, 43.4999998 ], [ 145.25, 43.333333 ] ] ] } },
{ "type": "Feature", "properties": { "Id": 0, "Sheet_ID": "標津 8", "label": "標津 8", "call_short": "G7960 S50 .K61", "call_num": "G7960 S50 .K61 NK-55-25-8", "recid": "xh534yt6111", "websiteUrl": "https://purl.stanford.edu/xh534yt6111", "title": "[日本] 五万分一地形圖", "ckey": 9741696, "available": true, "iiifUrl": "https://purl.stanford.edu/xh534yt6111/iiif/manifest" }, "geometry": { "type": "Polygon", "coordinates": [ [ [ 145.5, 43.333333 ], [ 145.75, 43.333333 ], [ 145.75, 43.4999998 ], [ 145.5, 43.4999998 ], [ 145.5, 43.333333 ] ] ] } },
{ "type": "Feature", "properties": { "Id": 0, "Sheet_ID": "標津 4", "label": "標津 4", "call_short": "G7960 S50 .K61", "call_num": "G7960 S50 .K61 NK-55-25-4", "recid": "gf777px5568", "websiteUrl": "https://purl.stanford.edu/gf777px5568", "title": "[日本] 五万分一地形圖", "ckey": 9741696, "available": true, "iiifUrl": "https://purl.stanford.edu/gf777px5568/iiif/manifest" }, "geometry": { "type": "Polygon", "coordinates": [ [ [ 145.75, 43.333333 ], [ 146.0, 43.333333 ], [ 146.0, 43.4999998 ], [ 145.75, 43.4999998 ], [ 145.75, 43.333333 ] ] ] } },
{ "type": "Feature", "properties": { "Id": 0, "Sheet_ID": "標津 15", "label": "標津 15", "call_short": "G7960 S50 .K61", "call_num": "G7960 S50 .K61 NK-55-25-15", "recid": "nz897nd6779", "websiteUrl": "https://purl.stanford.edu/nz897nd6779", "title": "[日本] 五万分一地形圖", "ckey": 9741696, "available": true, "iiifUrl": "https://purl.stanford.edu/nz897nd6779/iiif/manifest" }, "geometry": { "type": "Polygon", "coordinates": [ [ [ 145.0, 43.4999998 ], [ 145.25, 43.4999998 ], [ 145.25, 43.6666665 ], [ 145.0, 43.6666665 ], [ 145.0, 43.4999998 ] ] ] } },
{ "type": "Feature", "properties": { "Id": 0, "Sheet_ID": "標津 11", "label": "標津 11", "call_short": "G7960 S50 .K61", "call_num": "G7960 S50 .K61 NK-55-25-11", "recid": "tq565mh3570", "websiteUrl": "https://purl.stanford.edu/tq565mh3570", "title": "[日本] 五万分一地形圖", "ckey": 9741696, "available": true, "iiifUrl": "https://purl.stanford.edu/tq565mh3570/iiif/manifest" }, "geometry": { "type": "Polygon", "coordinates": [ [ [ 145.25, 43.4999998 ], [ 145.5, 43.4999998 ], [ 145.5, 43.6666665 ], [ 145.25, 43.6666665 ], [ 145.25, 43.4999998 ] ] ] } },
{ "type": "Feature", "properties": { "Id": 0, "Sheet_ID": "標津 14", "label": "標津 14", "call_short": "G7960 S50 .K61", "call_num": "G7960 S50 .K61 NK-55-25-14", "recid": "ks156vs1610", "websiteUrl": "https://purl.stanford.edu/ks156vs1610", "title": "[日本] 五万分一地形圖", "ckey": 9741696, "available": true, "iiifUrl": "https://purl.stanford.edu/ks156vs1610/iiif/manifest" }, "geometry": { "type": "Polygon", "coordinates": [ [ [ 145.0, 43.6666665 ], [ 145.25, 43.6666665 ], [ 145.25, 43.8333333 ], [ 145.0, 43.8333333 ], [ 145.0, 43.6666665 ] ] ] } },
{ "type": "Feature", "properties": { "Id": 0, "Sheet_ID": "標津 13 ED.2", "label": "標津 13 ED.2", "call_short": "G7960 S50 .K61", "call_num": "G7960 S50 .K61 NK-55-25-13 ED.2", "recid": "zw583hf4410", "websiteUrl": "https://purl.stanford.edu/zw583hf4410", "title": "[日本] 五万分一地形圖", "ckey": 9741696, "available": true, "iiifUrl": "https://purl.stanford.edu/zw583hf4410/iiif/manifest" }, "geometry": { "type": "Polygon", "coordinates": [ [ [ 145.0, 43.8333333 ], [ 145.25, 43.8333333 ], [ 145.25, 44.0 ], [ 145.0, 44.0 ], [ 145.0, 43.8333333 ] ] ] } },
{ "type": "Feature", "properties": { "Id": 0, "Sheet_ID": "標津 13", "label": "標津 13", "call_short": "G7960 S50 .K61", "call_num": "G7960 S50 .K61 NK-55-25-13", "recid": "jc904jt1675", "websiteUrl": "https://purl.stanford.edu/jc904jt1675", "title": "[日本] 五万分一地形圖", "ckey": 9741696, "available": true, "iiifUrl": "https://purl.stanford.edu/jc904jt1675/iiif/manifest" }, "geometry": { "type": "Polygon", "coordinates": [ [ [ 145.0, 43.8333333 ], [ 145.25, 43.8333333 ], [ 145.25, 44.0 ], [ 145.0, 44.0 ], [ 145.0, 43.8333333 ] ] ] } },
{ "type": "Feature", "properties": { "Id": 0, "Sheet_ID": "根室 14", "label": "根室 14", "call_short": "G7960 S50 .K61", "call_num": "G7960 S50 .K61 NK-55-26-14", "recid": "jv873fx6370", "websiteUrl": "https://purl.stanford.edu/jv873fx6370", "title": "[日本] 五万分一地形圖", "ckey": 9741696, "available": true, "iiifUrl": "https://purl.stanford.edu/jv873fx6370/iiif/manifest" }, "geometry": { "type": "Polygon", "coordinates": [ [ [ 145.03, 42.98 ], [ 145.03, 43.0 ], [ 145.25, 43.0 ], [ 145.25, 43.1666665 ], [ 145.0, 43.1666665 ], [ 145.0, 43.0 ], [ 145.0, 42.98 ], [ 145.03, 42.98 ] ] ] } },
{ "type": "Feature", "properties": { "Id": 0, "Sheet_ID": "根室 10", "label": "根室 10", "call_short": "G7960 S50 .K61", "call_num": "G7960 S50 .K61 NK-55-26-10", "recid": "bg266px5594", "websiteUrl": "https://purl.stanford.edu/bg266px5594", "title": "[日本] 五万分一地形圖", "ckey": 9741696, "available": true, "iiifUrl": "https://purl.stanford.edu/bg266px5594/iiif/manifest" }, "geometry": { "type": "Polygon", "coordinates": [ [ [ 145.25, 43.0 ], [ 145.5, 43.0 ], [ 145.5, 43.1666665 ], [ 145.25, 43.1666665 ], [ 145.25, 43.0 ] ] ] } },
{ "type": "Feature", "properties": { "Id": 0, "Sheet_ID": "根室 13", "label": "根室 13", "call_short": "G7960 S50 .K61", "call_num": "G7960 S50 .K61 NK-55-26-13", "recid": "vb038hr7092", "websiteUrl": "https://purl.stanford.edu/vb038hr7092", "title": "[日本] 五万分一地形圖", "ckey": 9741696, "available": true, "iiifUrl": "https://purl.stanford.edu/vb038hr7092/iiif/manifest" }, "geometry": { "type": "Polygon", "coordinates": [ [ [ 145.0, 43.1666665 ], [ 145.25, 43.1666665 ], [ 145.25, 43.333333 ], [ 145.0, 43.333333 ], [ 145.0, 43.1666665 ] ] ] } },
{ "type": "Feature", "properties": { "Id": 0, "Sheet_ID": "根室 9", "label": "根室 9", "call_short": "G7960 S50 .K61", "call_num": "G7960 S50 .K61 NK-55-26-9", "recid": "bt252qb4600", "websiteUrl": "https://purl.stanford.edu/bt252qb4600", "title": "[日本] 五万分一地形圖", "ckey": 9741696, "available": true, "iiifUrl": "https://purl.stanford.edu/bt252qb4600/iiif/manifest" }, "geometry": { "type": "Polygon", "coordinates": [ [ [ 145.25, 43.1666665 ], [ 145.5, 43.1666665 ], [ 145.5, 43.333333 ], [ 145.25, 43.333333 ], [ 145.25, 43.1666665 ] ] ] } },
{ "type": "Feature", "properties": { "Id": 0, "Sheet_ID": "根室 5", "label": "根室 5", "call_short": "G7960 S50 .K61", "call_num": "G7960 S50 .K61 NK-55-26-5", "recid": "wq772gb1819", "websiteUrl": "https://purl.stanford.edu/wq772gb1819", "title": "[日本] 五万分一地形圖", "ckey": 9741696, "available": true, "iiifUrl": "https://purl.stanford.edu/wq772gb1819/iiif/manifest" }, "geometry": { "type": "Polygon", "coordinates": [ [ [ 145.53, 43.155 ], [ 145.53, 43.1666665 ], [ 145.75, 43.1666665 ], [ 145.75, 43.333333 ], [ 145.5, 43.333333 ], [ 145.5, 43.1666665 ], [ 145.5, 43.155 ], [ 145.53, 43.155 ] ] ] } },
{ "type": "Feature", "properties": { "Id": 0, "Sheet_ID": "斜里 16", "label": "斜里 16", "call_short": "0", "call_num": "0", "recid": "0", "websiteUrl": "0", "title": "0", "ckey": 0, "available": false, "iiifUrl": "0" }, "geometry": { "type": "Polygon", "coordinates": [ [ [ 144.0, 43.333333 ], [ 144.25, 43.333333 ], [ 144.25, 43.4999998 ], [ 144.0, 43.4999998 ], [ 144.0, 43.333333 ] ] ] } },
{ "type": "Feature", "properties": { "Id": 0, "Sheet_ID": "斜里 12", "label": "斜里 12", "call_short": "0", "call_num": "0", "recid": "0", "websiteUrl": "0", "title": "0", "ckey": 0, "available": false, "iiifUrl": "0" }, "geometry": { "type": "Polygon", "coordinates": [ [ [ 144.25, 43.333333 ], [ 144.5, 43.333333 ], [ 144.5, 43.4999998 ], [ 144.25, 43.4999998 ], [ 144.25, 43.333333 ] ] ] } },
{ "type": "Feature", "properties": { "Id": 0, "Sheet_ID": "斜里 8", "label": "斜里 8", "call_short": "0", "call_num": "0", "recid": "0", "websiteUrl": "0", "title": "0", "ckey": 0, "available": false, "iiifUrl": "0" }, "geometry": { "type": "Polygon", "coordinates": [ [ [ 144.5, 43.333333 ], [ 144.75, 43.333333 ], [ 144.75, 43.4999998 ], [ 144.5, 43.4999998 ], [ 144.5, 43.333333 ] ] ] } },
{ "type": "Feature", "properties": { "Id": 0, "Sheet_ID": "斜里 4", "label": "斜里 4", "call_short": "G7960 S50 .K61", "call_num": "G7960 S50 .K61 NK-55-31-4", "recid": "dg771fn5216", "websiteUrl": "https://purl.stanford.edu/dg771fn5216", "title": "[日本] 五万分一地形圖", "ckey": 9741696, "available": true, "iiifUrl": "https://purl.stanford.edu/dg771fn5216/iiif/manifest" }, "geometry": { "type": "Polygon", "coordinates": [ [ [ 144.75, 43.333333 ], [ 145.0, 43.333333 ], [ 145.0, 43.4999998 ], [ 144.75, 43.4999998 ], [ 144.75, 43.333333 ] ] ] } },
{ "type": "Feature", "properties": { "Id": 0, "Sheet_ID": "斜里 15", "label": "斜里 15", "call_short": "G7960 S50 .K61", "call_num": "G7960 S50 .K61 NK-55-31-15", "recid": "jd063zp3322", "websiteUrl": "https://purl.stanford.edu/jd063zp3322", "title": "[日本] 五万分一地形圖", "ckey": 9741696, "available": true, "iiifUrl": "https://purl.stanford.edu/jd063zp3322/iiif/manifest" }, "geometry": { "type": "Polygon", "coordinates": [ [ [ 144.0, 43.4999998 ], [ 144.25, 43.4999998 ], [ 144.25, 43.6666665 ], [ 144.0, 43.6666665 ], [ 144.0, 43.4999998 ] ] ] } },
{ "type": "Feature", "properties": { "Id": 0, "Sheet_ID": "斜里 11", "label": "斜里 11", "call_short": "G7960 S50 .K61", "call_num": "G7960 S50 .K61 NK-55-31-11", "recid": "sd381zq7692", "websiteUrl": "https://purl.stanford.edu/sd381zq7692", "title": "[日本] 五万分一地形圖", "ckey": 9741696, "available": true, "iiifUrl": "https://purl.stanford.edu/sd381zq7692/iiif/manifest" }, "geometry": { "type": "Polygon", "coordinates": [ [ [ 144.25, 43.4999998 ], [ 144.5, 43.4999998 ], [ 144.5, 43.6666665 ], [ 144.25, 43.6666665 ], [ 144.25, 43.4999998 ] ] ] } },
{ "type": "Feature", "properties": { "Id": 0, "Sheet_ID": "斜里 7", "label": "斜里 7", "call_short": "G7960 S50 .K61", "call_num": "G7960 S50 .K61 NK-55-31-7", "recid": "np019gh4673", "websiteUrl": "https://purl.stanford.edu/np019gh4673", "title": "[日本] 五万分一地形圖", "ckey": 9741696, "available": true, "iiifUrl": "https://purl.stanford.edu/np019gh4673/iiif/manifest" }, "geometry": { "type": "Polygon", "coordinates": [ [ [ 144.5, 43.4999998 ], [ 144.75, 43.4999998 ], [ 144.75, 43.6666665 ], [ 144.5, 43.6666665 ], [ 144.5, 43.4999998 ] ] ] } },
{ "type": "Feature", "properties": { "Id": 0, "Sheet_ID": "斜里 3", "label": "斜里 3", "call_short": "G7960 S50 .K61", "call_num": "G7960 S50 .K61 NK-55-31-3", "recid": "vz912rj4614", "websiteUrl": "https://purl.stanford.edu/vz912rj4614", "title": "[日本] 五万分一地形圖", "ckey": 9741696, "available": true, "iiifUrl": "https://purl.stanford.edu/vz912rj4614/iiif/manifest" }, "geometry": { "type": "Polygon", "coordinates": [ [ [ 144.75, 43.4999998 ], [ 145.0, 43.4999998 ], [ 145.0, 43.6666665 ], [ 144.75, 43.6666665 ], [ 144.75, 43.4999998 ] ] ] } },
{ "type": "Feature", "properties": { "Id": 0, "Sheet_ID": "斜里 14", "label": "斜里 14", "call_short": "G7960 S50 .K61", "call_num": "G7960 S50 .K61 NK-55-31-14", "recid": "yw196gn1627", "websiteUrl": "https://purl.stanford.edu/yw196gn1627", "title": "[日本] 五万分一地形圖", "ckey": 9741696, "available": true, "iiifUrl": "https://purl.stanford.edu/yw196gn1627/iiif/manifest" }, "geometry": { "type": "Polygon", "coordinates": [ [ [ 144.0, 43.6666665 ], [ 144.25, 43.6666665 ], [ 144.25, 43.8333333 ], [ 144.0, 43.8333333 ], [ 144.0, 43.6666665 ] ] ] } },
{ "type": "Feature", "properties": { "Id": 0, "Sheet_ID": "斜里 10", "label": "斜里 10", "call_short": "0", "call_num": "0", "recid": "0", "websiteUrl": "0", "title": "0", "ckey": 0, "available": false, "iiifUrl": "0" }, "geometry": { "type": "Polygon", "coordinates": [ [ [ 144.25, 43.6666665 ], [ 144.5, 43.6666665 ], [ 144.5, 43.8333333 ], [ 144.25, 43.8333333 ], [ 144.25, 43.6666665 ] ] ] } },
{ "type": "Feature", "properties": { "Id": 0, "Sheet_ID": "斜里 6", "label": "斜里 6", "call_short": "G7960 S50 .K61", "call_num": "G7960 S50 .K61 NK-55-31-6", "recid": "zw720zq8756", "websiteUrl": "https://purl.stanford.edu/zw720zq8756", "title": "[日本] 五万分一地形圖", "ckey": 9741696, "available": true, "iiifUrl": "https://purl.stanford.edu/zw720zq8756/iiif/manifest" }, "geometry": { "type": "Polygon", "coordinates": [ [ [ 144.5, 43.6666665 ], [ 144.75, 43.6666665 ], [ 144.75, 43.8333333 ], [ 144.5, 43.8333333 ], [ 144.5, 43.6666665 ] ] ] } },
{ "type": "Feature", "properties": { "Id": 0, "Sheet_ID": "斜里 2", "label": "斜里 2", "call_short": "G7960 S50 .K61", "call_num": "G7960 S50 .K61 NK-55-31-2", "recid": "vc230qc0458", "websiteUrl": "https://purl.stanford.edu/vc230qc0458", "title": "[日本] 五万分一地形圖", "ckey": 9741696, "available": true, "iiifUrl": "https://purl.stanford.edu/vc230qc0458/iiif/manifest" }, "geometry": { "type": "Polygon", "coordinates": [ [ [ 144.75, 43.6666665 ], [ 145.0, 43.6666665 ], [ 145.0, 43.8333333 ], [ 144.75, 43.8333333 ], [ 144.75, 43.6666665 ] ] ] } },
{ "type": "Feature", "properties": { "Id": 0, "Sheet_ID": "斜里 13", "label": "斜里 13", "call_short": "G7960 S50 .K61", "call_num": "G7960 S50 .K61 NK-55-31-13", "recid": "bb557my3594", "websiteUrl": "https://purl.stanford.edu/bb557my3594", "title": "[日本] 五万分一地形圖", "ckey": 9741696, "available": true, "iiifUrl": "https://purl.stanford.edu/bb557my3594/iiif/manifest" }, "geometry": { "type": "Polygon", "coordinates": [ [ [ 144.0, 43.8333333 ], [ 144.25, 43.8333333 ], [ 144.25, 44.0 ], [ 144.0, 44.0 ], [ 144.0, 43.8333333 ] ] ] } },
{ "type": "Feature", "properties": { "Id": 0, "Sheet_ID": "斜里 9", "label": "斜里 9", "call_short": "G7960 S50 .K61", "call_num": "G7960 S50 .K61 NK-55-31-9", "recid": "tb949sk9876", "websiteUrl": "https://purl.stanford.edu/tb949sk9876", "title": "[日本] 五万分一地形圖", "ckey": 9741696, "available": true, "iiifUrl": "https://purl.stanford.edu/tb949sk9876/iiif/manifest" }, "geometry": { "type": "Polygon", "coordinates": [ [ [ 144.25, 43.8333333 ], [ 144.5, 43.8333333 ], [ 144.5, 44.0 ], [ 144.25, 44.0 ], [ 144.25, 43.8333333 ] ] ] } },
{ "type": "Feature", "properties": { "Id": 0, "Sheet_ID": "斜里 5", "label": "斜里 5", "call_short": "G7960 S50 .K61", "call_num": "G7960 S50 .K61 NK-55-31-5", "recid": "ks453fg5171", "websiteUrl": "https://purl.stanford.edu/ks453fg5171", "title": "[日本] 五万分一地形圖", "ckey": 9741696, "available": true, "iiifUrl": "https://purl.stanford.edu/ks453fg5171/iiif/manifest" }, "geometry": { "type": "Polygon", "coordinates": [ [ [ 144.5, 43.8333333 ], [ 144.75, 43.8333333 ], [ 144.75, 44.0 ], [ 144.5, 44.0 ], [ 144.5, 43.8333333 ] ] ] } },
{ "type": "Feature", "properties": { "Id": 0, "Sheet_ID": "斜里 1", "label": "斜里 1", "call_short": "G7960 S50 .K61", "call_num": "G7960 S50 .K61 NK-55-31-1", "recid": "bk616hq1578", "websiteUrl": "https://purl.stanford.edu/bk616hq1578", "title": "[日本] 五万分一地形圖", "ckey": 9741696, "available": true, "iiifUrl": "https://purl.stanford.edu/bk616hq1578/iiif/manifest" }, "geometry": { "type": "Polygon", "coordinates": [ [ [ 144.75, 43.8333333 ], [ 145.0, 43.8333333 ], [ 145.0, 44.0 ], [ 144.75, 44.0 ], [ 144.75, 43.8333333 ] ] ] } },
{ "type": "Feature", "properties": { "Id": 0, "Sheet_ID": "斜里 4 ED.2", "label": "斜里 4 ED.2", "call_short": "G7960 S50 .K61", "call_num": "G7960 S50 .K61 NK-55-31-4 ED.2", "recid": "gk605dx5321", "websiteUrl": "https://purl.stanford.edu/gk605dx5321", "title": "[日本] 五万分一地形圖", "ckey": 9741696, "available": true, "iiifUrl": "https://purl.stanford.edu/gk605dx5321/iiif/manifest" }, "geometry": { "type": "Polygon", "coordinates": [ [ [ 144.75, 43.333333 ], [ 145.0, 43.333333 ], [ 145.0, 43.4999998 ], [ 144.75, 43.4999998 ], [ 144.75, 43.333333 ] ] ] } },
{ "type": "Feature", "properties": { "Id": 0, "Sheet_ID": "釧路 15", "label": "釧路 15", "call_short": "0", "call_num": "0", "recid": "0", "websiteUrl": "0", "title": "0", "ckey": 0, "available": false, "iiifUrl": "0" }, "geometry": { "type": "Polygon", "coordinates": [ [ [ 144.0, 42.8333335 ], [ 144.25, 42.8333335 ], [ 144.25, 43.0 ], [ 144.0, 43.0 ], [ 144.0, 42.8333335 ] ] ] } },
{ "type": "Feature", "properties": { "Id": 0, "Sheet_ID": "釧路 11", "label": "釧路 11", "call_short": "0", "call_num": "0", "recid": "0", "websiteUrl": "0", "title": "0", "ckey": 0, "available": false, "iiifUrl": "0" }, "geometry": { "type": "Polygon", "coordinates": [ [ [ 144.25, 42.8333335 ], [ 144.5, 42.8333335 ], [ 144.5, 43.0 ], [ 144.25, 43.0 ], [ 144.25, 42.8333335 ] ] ] } },
{ "type": "Feature", "properties": { "Id": 0, "Sheet_ID": "釧路 7", "label": "釧路 7", "call_short": "G7960 S50 .K61", "call_num": "G7960 S50 .K61 NK-55-32-7", "recid": "sk001gh2258", "websiteUrl": "https://purl.stanford.edu/sk001gh2258", "title": "[日本] 五万分一地形圖", "ckey": 9741696, "available": true, "iiifUrl": "https://purl.stanford.edu/sk001gh2258/iiif/manifest" }, "geometry": { "type": "Polygon", "coordinates": [ [ [ 144.5, 42.8333335 ], [ 144.75, 42.8333335 ], [ 144.75, 43.0 ], [ 144.5, 43.0 ], [ 144.5, 42.8333335 ] ] ] } },
{ "type": "Feature", "properties": { "Id": 0, "Sheet_ID": "釧路 3", "label": "釧路 3", "call_short": "0", "call_num": "0", "recid": "0", "websiteUrl": "0", "title": "0", "ckey": 0, "available": false, "iiifUrl": "0" }, "geometry": { "type": "Polygon", "coordinates": [ [ [ 144.75, 42.8333335 ], [ 145.0, 42.8333335 ], [ 145.0, 43.0 ], [ 144.75, 43.0 ], [ 144.75, 42.8333335 ] ] ] } },
{ "type": "Feature", "properties": { "Id": 0, "Sheet_ID": "釧路 14", "label": "釧路 14", "call_short": "G7960 S50 .K61", "call_num": "G7960 S50 .K61 NK-55-32-14", "recid": "wg393yn4261", "websiteUrl": "https://purl.stanford.edu/wg393yn4261", "title": "[日本] 五万分一地形圖", "ckey": 9741696, "available": true, "iiifUrl": "https://purl.stanford.edu/wg393yn4261/iiif/manifest" }, "geometry": { "type": "Polygon", "coordinates": [ [ [ 144.0, 43.0 ], [ 144.25, 43.0 ], [ 144.25, 43.1666665 ], [ 144.0, 43.1666665 ], [ 144.0, 43.0 ] ] ] } },
{ "type": "Feature", "properties": { "Id": 0, "Sheet_ID": "釧路 10", "label": "釧路 10", "call_short": "G7960 S50 .K61", "call_num": "G7960 S50 .K61 NK-55-32-10", "recid": "ky299cf5346", "websiteUrl": "https://purl.stanford.edu/ky299cf5346", "title": "[日本] 五万分一地形圖", "ckey": 9741696, "available": true, "iiifUrl": "https://purl.stanford.edu/ky299cf5346/iiif/manifest" }, "geometry": { "type": "Polygon", "coordinates": [ [ [ 144.25, 43.0 ], [ 144.5, 43.0 ], [ 144.5, 43.1666665 ], [ 144.25, 43.1666665 ], [ 144.25, 43.0 ] ] ] } },
{ "type": "Feature", "properties": { "Id": 0, "Sheet_ID": "釧路 6", "label": "釧路 6", "call_short": "G7960 S50 .K61", "call_num": "G7960 S50 .K61 NK-55-32-6", "recid": "bf521rj9095", "websiteUrl": "https://purl.stanford.edu/bf521rj9095", "title": "[日本] 五万分一地形圖", "ckey": 9741696, "available": true, "iiifUrl": "https://purl.stanford.edu/bf521rj9095/iiif/manifest" }, "geometry": { "type": "Polygon", "coordinates": [ [ [ 144.5, 43.0 ], [ 144.75, 43.0 ], [ 144.75, 43.1666665 ], [ 144.5, 43.1666665 ], [ 144.5, 43.0 ] ] ] } },
{ "type": "Feature", "properties": { "Id": 0, "Sheet_ID": "釧路 2", "label": "釧路 2", "call_short": "G7960 S50 .K61", "call_num": "G7960 S50 .K61 NK-55-32-2", "recid": "ch508vw8100", "websiteUrl": "https://purl.stanford.edu/ch508vw8100", "title": "[日本] 五万分一地形圖", "ckey": 9741696, "available": true, "iiifUrl": "https://purl.stanford.edu/ch508vw8100/iiif/manifest" }, "geometry": { "type": "Polygon", "coordinates": [ [ [ 144.75, 43.0 ], [ 145.0, 43.0 ], [ 145.0, 43.1666665 ], [ 144.75, 43.1666665 ], [ 144.75, 43.0 ] ] ] } },
{ "type": "Feature", "properties": { "Id": 0, "Sheet_ID": "釧路 13", "label": "釧路 13", "call_short": "0", "call_num": "0", "recid": "0", "websiteUrl": "0", "title": "0", "ckey": 0, "available": false, "iiifUrl": "0" }, "geometry": { "type": "Polygon", "coordinates": [ [ [ 144.0, 43.1666665 ], [ 144.25, 43.1666665 ], [ 144.25, 43.333333 ], [ 144.0, 43.333333 ], [ 144.0, 43.1666665 ] ] ] } },
{ "type": "Feature", "properties": { "Id": 0, "Sheet_ID": "釧路 9", "label": "釧路 9", "call_short": "0", "call_num": "0", "recid": "0", "websiteUrl": "0", "title": "0", "ckey": 0, "available": false, "iiifUrl": "0" }, "geometry": { "type": "Polygon", "coordinates": [ [ [ 144.25, 43.1666665 ], [ 144.5, 43.1666665 ], [ 144.5, 43.333333 ], [ 144.25, 43.333333 ], [ 144.25, 43.1666665 ] ] ] } },
{ "type": "Feature", "properties": { "Id": 0, "Sheet_ID": "釧路 5", "label": "釧路 5", "call_short": "G7960 S50 .K61", "call_num": "G7960 S50 .K61 NK-55-32-5", "recid": "nt411jx2072", "websiteUrl": "https://purl.stanford.edu/nt411jx2072", "title": "[日本] 五万分一地形圖", "ckey": 9741696, "available": true, "iiifUrl": "https://purl.stanford.edu/nt411jx2072/iiif/manifest" }, "geometry": { "type": "Polygon", "coordinates": [ [ [ 144.5, 43.1666665 ], [ 144.75, 43.1666665 ], [ 144.75, 43.333333 ], [ 144.5, 43.333333 ], [ 144.5, 43.1666665 ] ] ] } },
{ "type": "Feature", "properties": { "Id": 0, "Sheet_ID": "釧路 1", "label": "釧路 1", "call_short": "0", "call_num": "0", "recid": "0", "websiteUrl": "0", "title": "0", "ckey": 0, "available": false, "iiifUrl": "0" }, "geometry": { "type": "Polygon", "coordinates": [ [ [ 144.75, 43.1666665 ], [ 145.0, 43.1666665 ], [ 145.0, 43.333333 ], [ 144.75, 43.333333 ], [ 144.75, 43.1666665 ] ] ] } },
{ "type": "Feature", "properties": { "Id": 0, "Sheet_ID": "淕別 16", "label": "淕別 16", "call_short": "G7960 S50 .K61", "call_num": "G7960 S50 .K61 NK-54-1-16", "recid": "my682qf7398", "websiteUrl": "https://purl.stanford.edu/my682qf7398", "title": "[日本] 五万分一地形圖", "ckey": 9741696, "available": true, "iiifUrl": "https://purl.stanford.edu/my682qf7398/iiif/manifest" }, "geometry": { "type": "Polygon", "coordinates": [ [ [ 143.0, 43.333333 ], [ 143.25, 43.333333 ], [ 143.25, 43.4999998 ], [ 143.0, 43.4999998 ], [ 143.0, 43.333333 ] ] ] } },
{ "type": "Feature", "properties": { "Id": 0, "Sheet_ID": "淕別 12", "label": "淕別 12", "call_short": "G7960 S50 .K61", "call_num": "G7960 S50 .K61 NK-54-1-12", "recid": "xm591xf2630", "websiteUrl": "https://purl.stanford.edu/xm591xf2630", "title": "[日本] 五万分一地形圖", "ckey": 9741696, "available": true, "iiifUrl": "https://purl.stanford.edu/xm591xf2630/iiif/manifest" }, "geometry": { "type": "Polygon", "coordinates": [ [ [ 143.25, 43.333333 ], [ 143.5, 43.333333 ], [ 143.5, 43.4999998 ], [ 143.25, 43.4999998 ], [ 143.25, 43.333333 ] ] ] } },
{ "type": "Feature", "properties": { "Id": 0, "Sheet_ID": "淕別 8", "label": "淕別 8", "call_short": "0", "call_num": "0", "recid": "0", "websiteUrl": "0", "title": "0", "ckey": 0, "available": false, "iiifUrl": "0" }, "geometry": { "type": "Polygon", "coordinates": [ [ [ 143.5, 43.333333 ], [ 143.75, 43.333333 ], [ 143.75, 43.4999998 ], [ 143.5, 43.4999998 ], [ 143.5, 43.333333 ] ] ] } },
{ "type": "Feature", "properties": { "Id": 0, "Sheet_ID": "淕別 4", "label": "淕別 4", "call_short": "G7960 S50 .K61", "call_num": "G7960 S50 .K61 NK-54-1-4", "recid": "gx840fj5065", "websiteUrl": "https://purl.stanford.edu/gx840fj5065", "title": "[日本] 五万分一地形圖", "ckey": 9741696, "available": true, "iiifUrl": "https://purl.stanford.edu/gx840fj5065/iiif/manifest" }, "geometry": { "type": "Polygon", "coordinates": [ [ [ 143.75, 43.333333 ], [ 144.0, 43.333333 ], [ 144.0, 43.4999998 ], [ 143.75, 43.4999998 ], [ 143.75, 43.333333 ] ] ] } },
{ "type": "Feature", "properties": { "Id": 0, "Sheet_ID": "淕別 15", "label": "淕別 15", "call_short": "G7960 S50 .K61", "call_num": "G7960 S50 .K61 NK-54-1-15", "recid": "jh326wh7600", "websiteUrl": "https://purl.stanford.edu/jh326wh7600", "title": "[日本] 五万分一地形圖", "ckey": 9741696, "available": true, "iiifUrl": "https://purl.stanford.edu/jh326wh7600/iiif/manifest" }, "geometry": { "type": "Polygon", "coordinates": [ [ [ 143.0, 43.4999998 ], [ 143.25, 43.4999998 ], [ 143.25, 43.6666665 ], [ 143.0, 43.6666665 ], [ 143.0, 43.4999998 ] ] ] } },
{ "type": "Feature", "properties": { "Id": 0, "Sheet_ID": "淕別 11", "label": "淕別 11", "call_short": "G7960 S50 .K61", "call_num": "G7960 S50 .K61 NK-54-1-11", "recid": "qh771mm1777", "websiteUrl": "https://purl.stanford.edu/qh771mm1777", "title": "[日本] 五万分一地形圖", "ckey": 9741696, "available": true, "iiifUrl": "https://purl.stanford.edu/qh771mm1777/iiif/manifest" }, "geometry": { "type": "Polygon", "coordinates": [ [ [ 143.25, 43.4999998 ], [ 143.5, 43.4999998 ], [ 143.5, 43.6666665 ], [ 143.25, 43.6666665 ], [ 143.25, 43.4999998 ] ] ] } },
{ "type": "Feature", "properties": { "Id": 0, "Sheet_ID": "淕別 7", "label": "淕別 7", "call_short": "0", "call_num": "0", "recid": "0", "websiteUrl": "0", "title": "0", "ckey": 0, "available": false, "iiifUrl": "0" }, "geometry": { "type": "Polygon", "coordinates": [ [ [ 143.5, 43.4999998 ], [ 143.75, 43.4999998 ], [ 143.75, 43.6666665 ], [ 143.5, 43.6666665 ], [ 143.5, 43.4999998 ] ] ] } },
{ "type": "Feature", "properties": { "Id": 0, "Sheet_ID": "淕別 3", "label": "淕別 3", "call_short": "0", "call_num": "0", "recid": "0", "websiteUrl": "0", "title": "0", "ckey": 0, "available": false, "iiifUrl": "0" }, "geometry": { "type": "Polygon", "coordinates": [ [ [ 143.75, 43.4999998 ], [ 144.0, 43.4999998 ], [ 144.0, 43.6666665 ], [ 143.75, 43.6666665 ], [ 143.75, 43.4999998 ] ] ] } },
{ "type": "Feature", "properties": { "Id": 0, "Sheet_ID": "淕別 14", "label": "淕別 14", "call_short": "G7960 S50 .K61", "call_num": "G7960 S50 .K61 NK-54-1-14", "recid": "vk864nf9624", "websiteUrl": "https://purl.stanford.edu/vk864nf9624", "title": "[日本] 五万分一地形圖", "ckey": 9741696, "available": true, "iiifUrl": "https://purl.stanford.edu/vk864nf9624/iiif/manifest" }, "geometry": { "type": "Polygon", "coordinates": [ [ [ 143.0, 43.6666665 ], [ 143.25, 43.6666665 ], [ 143.25, 43.8333333 ], [ 143.0, 43.8333333 ], [ 143.0, 43.6666665 ] ] ] } },
{ "type": "Feature", "properties": { "Id": 0, "Sheet_ID": "淕別 10", "label": "淕別 10", "call_short": "G7960 S50 .K61", "call_num": "G7960 S50 .K61 NK-54-1-10", "recid": "bf035mm2865", "websiteUrl": "https://purl.stanford.edu/bf035mm2865", "title": "[日本] 五万分一地形圖", "ckey": 9741696, "available": true, "iiifUrl": "https://purl.stanford.edu/bf035mm2865/iiif/manifest" }, "geometry": { "type": "Polygon", "coordinates": [ [ [ 143.25, 43.6666665 ], [ 143.5, 43.6666665 ], [ 143.5, 43.8333333 ], [ 143.25, 43.8333333 ], [ 143.25, 43.6666665 ] ] ] } },
{ "type": "Feature", "properties": { "Id": 0, "Sheet_ID": "淕別 6", "label": "淕別 6", "call_short": "G7960 S50 .K61", "call_num": "G7960 S50 .K61 NK-54-1-6", "recid": "sv729jg9962", "websiteUrl": "https://purl.stanford.edu/sv729jg9962", "title": "[日本] 五万分一地形圖", "ckey": 9741696, "available": true, "iiifUrl": "https://purl.stanford.edu/sv729jg9962/iiif/manifest" }, "geometry": { "type": "Polygon", "coordinates": [ [ [ 143.5, 43.6666665 ], [ 143.75, 43.6666665 ], [ 143.75, 43.8333333 ], [ 143.5, 43.8333333 ], [ 143.5, 43.6666665 ] ] ] } },
{ "type": "Feature", "properties": { "Id": 0, "Sheet_ID": "淕別 2", "label": "淕別 2", "call_short": "G7960 S50 .K61", "call_num": "G7960 S50 .K61 NK-54-1-2", "recid": "gm548nc1887", "websiteUrl": "https://purl.stanford.edu/gm548nc1887", "title": "[日本] 五万分一地形圖", "ckey": 9741696, "available": true, "iiifUrl": "https://purl.stanford.edu/gm548nc1887/iiif/manifest" }, "geometry": { "type": "Polygon", "coordinates": [ [ [ 143.75, 43.6666665 ], [ 144.0, 43.6666665 ], [ 144.0, 43.8333333 ], [ 143.75, 43.8333333 ], [ 143.75, 43.6666665 ] ] ] } },
{ "type": "Feature", "properties": { "Id": 0, "Sheet_ID": "淕別 13 ED.2", "label": "淕別 13 ED.2", "call_short": "G7960 S50 .K61", "call_num": "G7960 S50 .K61 NK-54-1-13 ED.2", "recid": "fp903xj1617", "websiteUrl": "https://purl.stanford.edu/fp903xj1617", "title": "[日本] 五万分一地形圖", "ckey": 9741696, "available": true, "iiifUrl": "https://purl.stanford.edu/fp903xj1617/iiif/manifest" }, "geometry": { "type": "Polygon", "coordinates": [ [ [ 143.0, 43.8333333 ], [ 143.25, 43.8333333 ], [ 143.25, 44.0 ], [ 143.0, 44.0 ], [ 143.0, 43.8333333 ] ] ] } },
{ "type": "Feature", "properties": { "Id": 0, "Sheet_ID": "淕別 9", "label": "淕別 9", "call_short": "G7960 S50 .K61", "call_num": "G7960 S50 .K61 NK-54-1-9", "recid": "dd611tc7884", "websiteUrl": "https://purl.stanford.edu/dd611tc7884", "title": "[日本] 五万分一地形圖", "ckey": 9741696, "available": true, "iiifUrl": "https://purl.stanford.edu/dd611tc7884/iiif/manifest" }, "geometry": { "type": "Polygon", "coordinates": [ [ [ 143.25, 43.8333333 ], [ 143.5, 43.8333333 ], [ 143.5, 44.0 ], [ 143.25, 44.0 ], [ 143.25, 43.8333333 ] ] ] } },
{ "type": "Feature", "properties": { "Id": 0, "Sheet_ID": "淕別 5", "label": "淕別 5", "call_short": "G7960 S50 .K61", "call_num": "G7960 S50 .K61 NK-54-1-5", "recid": "sn519fw2715", "websiteUrl": "https://purl.stanford.edu/sn519fw2715", "title": "[日本] 五万分一地形圖", "ckey": 9741696, "available": true, "iiifUrl": "https://purl.stanford.edu/sn519fw2715/iiif/manifest" }, "geometry": { "type": "Polygon", "coordinates": [ [ [ 143.5, 43.8333333 ], [ 143.75, 43.8333333 ], [ 143.75, 44.0 ], [ 143.5, 44.0 ], [ 143.5, 43.8333333 ] ] ] } },
{ "type": "Feature", "properties": { "Id": 0, "Sheet_ID": "淕別 1", "label": "淕別 1", "call_short": "G7960 S50 .K61", "call_num": "G7960 S50 .K61 NK-54-1-1", "recid": "kp217wb3102", "websiteUrl": "https://purl.stanford.edu/kp217wb3102", "title": "[日本] 五万分一地形圖", "ckey": 9741696, "available": true, "iiifUrl": "https://purl.stanford.edu/kp217wb3102/iiif/manifest" }, "geometry": { "type": "Polygon", "coordinates": [ [ [ 143.75, 43.8333333 ], [ 144.0, 43.8333333 ], [ 144.0, 44.0 ], [ 143.75, 44.0 ], [ 143.75, 43.8333333 ] ] ] } },
{ "type": "Feature", "properties": { "Id": 0, "Sheet_ID": "淕別 13", "label": "淕別 13", "call_short": "G7960 S50 .K61", "call_num": "G7960 S50 .K61 NK-54-1-13", "recid": "ns602nx0395", "websiteUrl": "https://purl.stanford.edu/ns602nx0395", "title": "[日本] 五万分一地形圖", "ckey": 9741696, "available": true, "iiifUrl": "https://purl.stanford.edu/ns602nx0395/iiif/manifest" }, "geometry": { "type": "Polygon", "coordinates": [ [ [ 143.0, 43.8333333 ], [ 143.25, 43.8333333 ], [ 143.25, 44.0 ], [ 143.0, 44.0 ], [ 143.0, 43.8333333 ] ] ] } },
{ "type": "Feature", "properties": { "Id": 0, "Sheet_ID": "帯広 16", "label": "帯広 16", "call_short": "G7960 S50 .K61", "call_num": "G7960 S50 .K61 NK-54-2-16", "recid": "kr124rp0015", "websiteUrl": "https://purl.stanford.edu/kr124rp0015", "title": "[日本] 五万分一地形圖", "ckey": 9741696, "available": true, "iiifUrl": "https://purl.stanford.edu/kr124rp0015/iiif/manifest" }, "geometry": { "type": "Polygon", "coordinates": [ [ [ 143.0, 42.666667 ], [ 143.25, 42.666667 ], [ 143.25, 42.8333335 ], [ 143.0, 42.8333335 ], [ 143.0, 42.666667 ] ] ] } },
{ "type": "Feature", "properties": { "Id": 0, "Sheet_ID": "帯広 12", "label": "帯広 12", "call_short": "G7960 S50 .K61", "call_num": "G7960 S50 .K61 NK-54-2-12", "recid": "kj582nv9093", "websiteUrl": "https://purl.stanford.edu/kj582nv9093", "title": "[日本] 五万分一地形圖", "ckey": 9741696, "available": true, "iiifUrl": "https://purl.stanford.edu/kj582nv9093/iiif/manifest" }, "geometry": { "type": "Polygon", "coordinates": [ [ [ 143.25, 42.666667 ], [ 143.5, 42.666667 ], [ 143.5, 42.8333335 ], [ 143.25, 42.8333335 ], [ 143.25, 42.666667 ] ] ] } },
{ "type": "Feature", "properties": { "Id": 0, "Sheet_ID": "帯広 8 ED.2", "label": "帯広 8 ED.2", "call_short": "G7960 S50 .K61", "call_num": "G7960 S50 .K61 NK-54-2-8 ED.2", "recid": "kv876sv2847", "websiteUrl": "https://purl.stanford.edu/kv876sv2847", "title": "[日本] 五万分一地形圖", "ckey": 9741696, "available": true, "iiifUrl": "https://purl.stanford.edu/kv876sv2847/iiif/manifest" }, "geometry": { "type": "Polygon", "coordinates": [ [ [ 143.5, 42.666667 ], [ 143.75, 42.666667 ], [ 143.75, 42.8333335 ], [ 143.5, 42.8333335 ], [ 143.5, 42.666667 ] ] ] } },
{ "type": "Feature", "properties": { "Id": 0, "Sheet_ID": "帯広 4 ED.2", "label": "帯広 4 ED.2", "call_short": "G7960 S50 .K61", "call_num": "G7960 S50 .K61 NK-54-2-4 ED.2", "recid": "zj261xg9135", "websiteUrl": "https://purl.stanford.edu/zj261xg9135", "title": "[日本] 五万分一地形圖", "ckey": 9741696, "available": true, "iiifUrl": "https://purl.stanford.edu/zj261xg9135/iiif/manifest" }, "geometry": { "type": "Polygon", "coordinates": [ [ [ 143.75, 42.666667 ], [ 144.0, 42.666667 ], [ 144.0, 42.8333335 ], [ 143.75, 42.8333335 ], [ 143.75, 42.666667 ] ] ] } },
{ "type": "Feature", "properties": { "Id": 0, "Sheet_ID": "帯広 15", "label": "帯広 15", "call_short": "G7960 S50 .K61", "call_num": "G7960 S50 .K61 NK-54-2-15", "recid": "nv409zx0920", "websiteUrl": "https://purl.stanford.edu/nv409zx0920", "title": "[日本] 五万分一地形圖", "ckey": 9741696, "available": true, "iiifUrl": "https://purl.stanford.edu/nv409zx0920/iiif/manifest" }, "geometry": { "type": "Polygon", "coordinates": [ [ [ 143.0, 42.8333335 ], [ 143.25, 42.8333335 ], [ 143.25, 43.0 ], [ 143.0, 43.0 ], [ 143.0, 42.8333335 ] ] ] } },
{ "type": "Feature", "properties": { "Id": 0, "Sheet_ID": "帯広 11", "label": "帯広 11", "call_short": "G7960 S50 .K61", "call_num": "G7960 S50 .K61 NK-54-2-11", "recid": "hz197pz8951", "websiteUrl": "https://purl.stanford.edu/hz197pz8951", "title": "[日本] 五万分一地形圖", "ckey": 9741696, "available": true, "iiifUrl": "https://purl.stanford.edu/hz197pz8951/iiif/manifest" }, "geometry": { "type": "Polygon", "coordinates": [ [ [ 143.25, 42.8333335 ], [ 143.5, 42.8333335 ], [ 143.5, 43.0 ], [ 143.25, 43.0 ], [ 143.25, 42.8333335 ] ] ] } },
{ "type": "Feature", "properties": { "Id": 0, "Sheet_ID": "帯広 7", "label": "帯広 7", "call_short": "G7960 S50 .K61", "call_num": "G7960 S50 .K61 NK-54-2-7", "recid": "ty880wq8682", "websiteUrl": "https://purl.stanford.edu/ty880wq8682", "title": "[日本] 五万分一地形圖", "ckey": 9741696, "available": true, "iiifUrl": "https://purl.stanford.edu/ty880wq8682/iiif/manifest" }, "geometry": { "type": "Polygon", "coordinates": [ [ [ 143.5, 42.8333335 ], [ 143.75, 42.8333335 ], [ 143.75, 43.0 ], [ 143.5, 43.0 ], [ 143.5, 42.8333335 ] ] ] } },
{ "type": "Feature", "properties": { "Id": 0, "Sheet_ID": "帯広 3", "label": "帯広 3", "call_short": "G7960 S50 .K61", "call_num": "G7960 S50 .K61 NK-54-2-3", "recid": "jz913np7995", "websiteUrl": "https://purl.stanford.edu/jz913np7995", "title": "[日本] 五万分一地形圖", "ckey": 9741696, "available": true, "iiifUrl": "https://purl.stanford.edu/jz913np7995/iiif/manifest" }, "geometry": { "type": "Polygon", "coordinates": [ [ [ 143.75, 42.8333335 ], [ 144.0, 42.8333335 ], [ 144.0, 43.0 ], [ 143.75, 43.0 ], [ 143.75, 42.8333335 ] ] ] } },
{ "type": "Feature", "properties": { "Id": 0, "Sheet_ID": "帯広 14", "label": "帯広 14", "call_short": "G7960 S50 .K61", "call_num": "G7960 S50 .K61 NK-54-2-14", "recid": "mq905sd7415", "websiteUrl": "https://purl.stanford.edu/mq905sd7415", "title": "[日本] 五万分一地形圖", "ckey": 9741696, "available": true, "iiifUrl": "https://purl.stanford.edu/mq905sd7415/iiif/manifest" }, "geometry": { "type": "Polygon", "coordinates": [ [ [ 143.0, 43.0 ], [ 143.25, 43.0 ], [ 143.25, 43.1666665 ], [ 143.0, 43.1666665 ], [ 143.0, 43.0 ] ] ] } },
{ "type": "Feature", "properties": { "Id": 0, "Sheet_ID": "帯広 10", "label": "帯広 10", "call_short": "0", "call_num": "0", "recid": "0", "websiteUrl": "0", "title": "0", "ckey": 0, "available": false, "iiifUrl": "0" }, "geometry": { "type": "Polygon", "coordinates": [ [ [ 143.25, 43.0 ], [ 143.5, 43.0 ], [ 143.5, 43.1666665 ], [ 143.25, 43.1666665 ], [ 143.25, 43.0 ] ] ] } },
{ "type": "Feature", "properties": { "Id": 0, "Sheet_ID": "帯広 6", "label": "帯広 6", "call_short": "G7960 S50 .K61", "call_num": "G7960 S50 .K61 NK-54-2-6", "recid": "yh267qw3290", "websiteUrl": "https://purl.stanford.edu/yh267qw3290", "title": "[日本] 五万分一地形圖", "ckey": 9741696, "available": true, "iiifUrl": "https://purl.stanford.edu/yh267qw3290/iiif/manifest" }, "geometry": { "type": "Polygon", "coordinates": [ [ [ 143.5, 43.0 ], [ 143.75, 43.0 ], [ 143.75, 43.1666665 ], [ 143.5, 43.1666665 ], [ 143.5, 43.0 ] ] ] } },
{ "type": "Feature", "properties": { "Id": 0, "Sheet_ID": "帯広 2", "label": "帯広 2", "call_short": "0", "call_num": "0", "recid": "0", "websiteUrl": "0", "title": "0", "ckey": 0, "available": false, "iiifUrl": "0" }, "geometry": { "type": "Polygon", "coordinates": [ [ [ 143.75, 43.0 ], [ 144.0, 43.0 ], [ 144.0, 43.1666665 ], [ 143.75, 43.1666665 ], [ 143.75, 43.0 ] ] ] } },
{ "type": "Feature", "properties": { "Id": 0, "Sheet_ID": "帯広 13", "label": "帯広 13", "call_short": "0", "call_num": "0", "recid": "0", "websiteUrl": "0", "title": "0", "ckey": 0, "available": false, "iiifUrl": "0" }, "geometry": { "type": "Polygon", "coordinates": [ [ [ 143.0, 43.1666665 ], [ 143.25, 43.1666665 ], [ 143.25, 43.333333 ], [ 143.0, 43.333333 ], [ 143.0, 43.1666665 ] ] ] } },
{ "type": "Feature", "properties": { "Id": 0, "Sheet_ID": "帯広 9", "label": "帯広 9", "call_short": "G7960 S50 .K61", "call_num": "G7960 S50 .K61 NK-54-2-9", "recid": "bj776jv8628", "websiteUrl": "https://purl.stanford.edu/bj776jv8628", "title": "[日本] 五万分一地形圖", "ckey": 9741696, "available": true, "iiifUrl": "https://purl.stanford.edu/bj776jv8628/iiif/manifest" }, "geometry": { "type": "Polygon", "coordinates": [ [ [ 143.25, 43.1666665 ], [ 143.5, 43.1666665 ], [ 143.5, 43.333333 ], [ 143.25, 43.333333 ], [ 143.25, 43.1666665 ] ] ] } },
{ "type": "Feature", "properties": { "Id": 0, "Sheet_ID": "帯広 5", "label": "帯広 5", "call_short": "G7960 S50 .K61", "call_num": "G7960 S50 .K61 NK-54-2-5", "recid": "hy867pm7115", "websiteUrl": "https://purl.stanford.edu/hy867pm7115", "title": "[日本] 五万分一地形圖", "ckey": 9741696, "available": true, "iiifUrl": "https://purl.stanford.edu/hy867pm7115/iiif/manifest" }, "geometry": { "type": "Polygon", "coordinates": [ [ [ 143.5, 43.1666665 ], [ 143.75, 43.1666665 ], [ 143.75, 43.333333 ], [ 143.5, 43.333333 ], [ 143.5, 43.1666665 ] ] ] } },
{ "type": "Feature", "properties": { "Id": 0, "Sheet_ID": "帯広 1", "label": "帯広 1", "call_short": "G7960 S50 .K61", "call_num": "G7960 S50 .K61 NK-54-2-1", "recid": "jr431yq4417", "websiteUrl": "https://purl.stanford.edu/jr431yq4417", "title": "[日本] 五万分一地形圖", "ckey": 9741696, "available": true, "iiifUrl": "https://purl.stanford.edu/jr431yq4417/iiif/manifest" }, "geometry": { "type": "Polygon", "coordinates": [ [ [ 143.75, 43.1666665 ], [ 144.0, 43.1666665 ], [ 144.0, 43.333333 ], [ 143.75, 43.333333 ], [ 143.75, 43.1666665 ] ] ] } },
{ "type": "Feature", "properties": { "Id": 0, "Sheet_ID": "帯広 4", "label": "帯広 4", "call_short": "G7960 S50 .K61", "call_num": "G7960 S50 .K61 NK-54-2-4", "recid": "dz131vn4639", "websiteUrl": "https://purl.stanford.edu/dz131vn4639", "title": "[日本] 五万分一地形圖", "ckey": 9741696, "available": true, "iiifUrl": "https://purl.stanford.edu/dz131vn4639/iiif/manifest" }, "geometry": { "type": "Polygon", "coordinates": [ [ [ 143.75, 42.666667 ], [ 144.0, 42.666667 ], [ 144.0, 42.8333335 ], [ 143.75, 42.8333335 ], [ 143.75, 42.666667 ] ] ] } },
{ "type": "Feature", "properties": { "Id": 0, "Sheet_ID": "帯広 8", "label": "帯広 8", "call_short": "G7960 S50 .K61", "call_num": "G7960 S50 .K61 NK-54-2-8", "recid": "rx893jp3821", "websiteUrl": "https://purl.stanford.edu/rx893jp3821", "title": "[日本] 五万分一地形圖", "ckey": 9741696, "available": true, "iiifUrl": "https://purl.stanford.edu/rx893jp3821/iiif/manifest" }, "geometry": { "type": "Polygon", "coordinates": [ [ [ 143.5, 42.666667 ], [ 143.75, 42.666667 ], [ 143.75, 42.8333335 ], [ 143.5, 42.8333335 ], [ 143.5, 42.666667 ] ] ] } },
{ "type": "Feature", "properties": { "Id": 0, "Sheet_ID": "広尾 16", "label": "広尾 16", "call_short": "G7960 S50 .K61", "call_num": "G7960 S50 .K61 NK-54-3-16", "recid": "hr248zq2387", "websiteUrl": "https://purl.stanford.edu/hr248zq2387", "title": "[日本] 五万分一地形圖", "ckey": 9741696, "available": true, "iiifUrl": "https://purl.stanford.edu/hr248zq2387/iiif/manifest" }, "geometry": { "type": "Polygon", "coordinates": [ [ [ 143.0, 42.0 ], [ 143.25, 42.0 ], [ 143.25, 42.1666667 ], [ 143.0, 42.1666667 ], [ 143.0, 42.0 ] ] ] } },
{ "type": "Feature", "properties": { "Id": 0, "Sheet_ID": "広尾 12", "label": "広尾 12", "call_short": "G7960 S50 .K61", "call_num": "G7960 S50 .K61 NK-54-3-12", "recid": "pk272qj5434", "websiteUrl": "https://purl.stanford.edu/pk272qj5434", "title": "[日本] 五万分一地形圖", "ckey": 9741696, "available": true, "iiifUrl": "https://purl.stanford.edu/pk272qj5434/iiif/manifest" }, "geometry": { "type": "Polygon", "coordinates": [ [ [ 143.25, 42.0 ], [ 143.5, 42.0 ], [ 143.5, 42.1666667 ], [ 143.25, 42.1666667 ], [ 143.25, 42.0 ] ] ] } },
{ "type": "Feature", "properties": { "Id": 0, "Sheet_ID": "広尾 15 ED.2", "label": "広尾 15 ED.2", "call_short": "G7960 S50 .K61", "call_num": "G7960 S50 .K61 NK-54-3-15 ED.2", "recid": "rf663vc7640", "websiteUrl": "https://purl.stanford.edu/rf663vc7640", "title": "[日本] 五万分一地形圖", "ckey": 9741696, "available": true, "iiifUrl": "https://purl.stanford.edu/rf663vc7640/iiif/manifest" }, "geometry": { "type": "Polygon", "coordinates": [ [ [ 143.0, 42.1666667 ], [ 143.25, 42.1666667 ], [ 143.25, 42.3333335 ], [ 143.0, 42.3333335 ], [ 143.0, 42.1666667 ] ] ] } },
{ "type": "Feature", "properties": { "Id": 0, "Sheet_ID": "広尾 11", "label": "広尾 11", "call_short": "G7960 S50 .K61", "call_num": "G7960 S50 .K61 NK-54-3-11", "recid": "hc778jb8244", "websiteUrl": "https://purl.stanford.edu/hc778jb8244", "title": "[日本] 五万分一地形圖", "ckey": 9741696, "available": true, "iiifUrl": "https://purl.stanford.edu/hc778jb8244/iiif/manifest" }, "geometry": { "type": "Polygon", "coordinates": [ [ [ 143.25, 42.1666667 ], [ 143.5, 42.1666667 ], [ 143.5, 42.3333335 ], [ 143.25, 42.3333335 ], [ 143.25, 42.1666667 ] ] ] } },
{ "type": "Feature", "properties": { "Id": 0, "Sheet_ID": "広尾 14", "label": "広尾 14", "call_short": "G7960 S50 .K61", "call_num": "G7960 S50 .K61 NK-54-3-14", "recid": "wj252dn6880", "websiteUrl": "https://purl.stanford.edu/wj252dn6880", "title": "[日本] 五万分一地形圖", "ckey": 9741696, "available": true, "iiifUrl": "https://purl.stanford.edu/wj252dn6880/iiif/manifest" }, "geometry": { "type": "Polygon", "coordinates": [ [ [ 143.0, 42.3333335 ], [ 143.25, 42.3333335 ], [ 143.25, 42.5000002 ], [ 143.0, 42.5000002 ], [ 143.0, 42.3333335 ] ] ] } },
{ "type": "Feature", "properties": { "Id": 0, "Sheet_ID": "広尾 10", "label": "広尾 10", "call_short": "G7960 S50 .K61", "call_num": "G7960 S50 .K61 NK-54-3-10", "recid": "gc449gx7180", "websiteUrl": "https://purl.stanford.edu/gc449gx7180", "title": "[日本] 五万分一地形圖", "ckey": 9741696, "available": true, "iiifUrl": "https://purl.stanford.edu/gc449gx7180/iiif/manifest" }, "geometry": { "type": "Polygon", "coordinates": [ [ [ 143.25, 42.3333335 ], [ 143.5, 42.3333335 ], [ 143.5, 42.5000002 ], [ 143.25, 42.5000002 ], [ 143.25, 42.3333335 ] ] ] } },
{ "type": "Feature", "properties": { "Id": 0, "Sheet_ID": "広尾 13", "label": "広尾 13", "call_short": "G7960 S50 .K61", "call_num": "G7960 S50 .K61 NK-54-3-13", "recid": "tr780kv5299", "websiteUrl": "https://purl.stanford.edu/tr780kv5299", "title": "[日本] 五万分一地形圖", "ckey": 9741696, "available": true, "iiifUrl": "https://purl.stanford.edu/tr780kv5299/iiif/manifest" }, "geometry": { "type": "Polygon", "coordinates": [ [ [ 143.0, 42.5000002 ], [ 143.25, 42.5000002 ], [ 143.25, 42.666667 ], [ 143.0, 42.666667 ], [ 143.0, 42.5000002 ] ] ] } },
{ "type": "Feature", "properties": { "Id": 0, "Sheet_ID": "広尾 9", "label": "広尾 9", "call_short": "G7960 S50 .K61", "call_num": "G7960 S50 .K61 NK-54-3-9", "recid": "fk351yv1204", "websiteUrl": "https://purl.stanford.edu/fk351yv1204", "title": "[日本] 五万分一地形圖", "ckey": 9741696, "available": true, "iiifUrl": "https://purl.stanford.edu/fk351yv1204/iiif/manifest" }, "geometry": { "type": "Polygon", "coordinates": [ [ [ 143.25, 42.5000002 ], [ 143.5, 42.5000002 ], [ 143.5, 42.666667 ], [ 143.25, 42.666667 ], [ 143.25, 42.5000002 ] ] ] } },
{ "type": "Feature", "properties": { "Id": 0, "Sheet_ID": "広尾 5", "label": "広尾 5", "call_short": "0", "call_num": "0", "recid": "0", "websiteUrl": "0", "title": "0", "ckey": 0, "available": false, "iiifUrl": "0" }, "geometry": { "type": "Polygon", "coordinates": [ [ [ 143.5, 42.5000002 ], [ 143.75, 42.5000002 ], [ 143.75, 42.666667 ], [ 143.5, 42.666667 ], [ 143.5, 42.5000002 ] ] ] } },
{ "type": "Feature", "properties": { "Id": 0, "Sheet_ID": "襟裳岬 13", "label": "襟裳岬 13", "call_short": "G7960 S50 .K61", "call_num": "G7960 S50 .K61 NK-54-4-13", "recid": "rk272mh3465", "websiteUrl": "https://purl.stanford.edu/rk272mh3465", "title": "[日本] 五万分一地形圖", "ckey": 9741696, "available": true, "iiifUrl": "https://purl.stanford.edu/rk272mh3465/iiif/manifest" }, "geometry": { "type": "Polygon", "coordinates": [ [ [ 143.25, 41.833333 ], [ 143.25, 41.916667 ], [ 143.26, 41.916667 ], [ 143.26, 42.0 ], [ 143.25, 42.0 ], [ 143.0, 42.0 ], [ 143.0, 41.833333 ], [ 143.25, 41.833333 ] ] ] } },
{ "type": "Feature", "properties": { "Id": 0, "Sheet_ID": "広尾 15", "label": "広尾 15", "call_short": "G7960 S50 .K61", "call_num": "G7960 S50 .K61 NK-54-3-15", "recid": "dh293zj9719", "websiteUrl": "https://purl.stanford.edu/dh293zj9719", "title": "[日本] 五万分一地形圖", "ckey": 9741696, "available": true, "iiifUrl": "https://purl.stanford.edu/dh293zj9719/iiif/manifest" }, "geometry": { "type": "Polygon", "coordinates": [ [ [ 143.0, 42.1666668 ], [ 143.25, 42.1666668 ], [ 143.25, 42.3333335 ], [ 143.0, 42.3333335 ], [ 143.0, 42.1666668 ] ] ] } },
{ "type": "Feature", "properties": { "Id": 0, "Sheet_ID": "旭川 16", "label": "旭川 16", "call_short": "G7960 S50 .K61", "call_num": "G7960 S50 .K61 NK-54-7-16", "recid": "jp783cy0419", "websiteUrl": "https://purl.stanford.edu/jp783cy0419", "title": "[日本] 五万分一地形圖", "ckey": 9741696, "available": true, "iiifUrl": "https://purl.stanford.edu/jp783cy0419/iiif/manifest" }, "geometry": { "type": "Polygon", "coordinates": [ [ [ 142.0, 43.333333 ], [ 142.25, 43.333333 ], [ 142.25, 43.4999998 ], [ 142.0, 43.4999998 ], [ 142.0, 43.333333 ] ] ] } },
{ "type": "Feature", "properties": { "Id": 0, "Sheet_ID": "旭川 12", "label": "旭川 12", "call_short": "G7960 S50 .K61", "call_num": "G7960 S50 .K61 NK-54-7-12", "recid": "bx561dj9658", "websiteUrl": "https://purl.stanford.edu/bx561dj9658", "title": "[日本] 五万分一地形圖", "ckey": 9741696, "available": true, "iiifUrl": "https://purl.stanford.edu/bx561dj9658/iiif/manifest" }, "geometry": { "type": "Polygon", "coordinates": [ [ [ 142.25, 43.333333 ], [ 142.5, 43.333333 ], [ 142.5, 43.4999998 ], [ 142.25, 43.4999998 ], [ 142.25, 43.333333 ] ] ] } },
{ "type": "Feature", "properties": { "Id": 0, "Sheet_ID": "旭川 8", "label": "旭川 8", "call_short": "G7960 S50 .K61", "call_num": "G7960 S50 .K61 NK-54-7-8", "recid": "qz496hb1257", "websiteUrl": "https://purl.stanford.edu/qz496hb1257", "title": "[日本] 五万分一地形圖", "ckey": 9741696, "available": true, "iiifUrl": "https://purl.stanford.edu/qz496hb1257/iiif/manifest" }, "geometry": { "type": "Polygon", "coordinates": [ [ [ 142.5, 43.333333 ], [ 142.75, 43.333333 ], [ 142.75, 43.4999998 ], [ 142.5, 43.4999998 ], [ 142.5, 43.333333 ] ] ] } },
{ "type": "Feature", "properties": { "Id": 0, "Sheet_ID": "旭川 4", "label": "旭川 4", "call_short": "G7960 S50 .K61", "call_num": "G7960 S50 .K61 NK-54-7-4", "recid": "zz189fv4341", "websiteUrl": "https://purl.stanford.edu/zz189fv4341", "title": "[日本] 五万分一地形圖", "ckey": 9741696, "available": true, "iiifUrl": "https://purl.stanford.edu/zz189fv4341/iiif/manifest" }, "geometry": { "type": "Polygon", "coordinates": [ [ [ 142.75, 43.333333 ], [ 143.0, 43.333333 ], [ 143.0, 43.4999998 ], [ 142.75, 43.4999998 ], [ 142.75, 43.333333 ] ] ] } },
{ "type": "Feature", "properties": { "Id": 0, "Sheet_ID": "旭川 15", "label": "旭川 15", "call_short": "G7960 S50 .K61", "call_num": "G7960 S50 .K61 NK-54-7-15", "recid": "bn687pt1869", "websiteUrl": "https://purl.stanford.edu/bn687pt1869", "title": "[日本] 五万分一地形圖", "ckey": 9741696, "available": true, "iiifUrl": "https://purl.stanford.edu/bn687pt1869/iiif/manifest" }, "geometry": { "type": "Polygon", "coordinates": [ [ [ 142.0, 43.4999998 ], [ 142.25, 43.4999998 ], [ 142.25, 43.6666665 ], [ 142.0, 43.6666665 ], [ 142.0, 43.4999998 ] ] ] } },
{ "type": "Feature", "properties": { "Id": 0, "Sheet_ID": "旭川 11 ED.2", "label": "旭川 11 ED.2", "call_short": "G7960 S50 .K61", "call_num": "G7960 S50 .K61 NK-54-7-11 ED.2", "recid": "ks881jx2268", "websiteUrl": "https://purl.stanford.edu/ks881jx2268", "title": "[日本] 五万分一地形圖", "ckey": 9741696, "available": true, "iiifUrl": "https://purl.stanford.edu/ks881jx2268/iiif/manifest" }, "geometry": { "type": "Polygon", "coordinates": [ [ [ 142.25, 43.4999998 ], [ 142.5, 43.4999998 ], [ 142.5, 43.6666665 ], [ 142.25, 43.6666665 ], [ 142.25, 43.4999998 ] ] ] } },
{ "type": "Feature", "properties": { "Id": 0, "Sheet_ID": "旭川 7", "label": "旭川 7", "call_short": "G7960 S50 .K61", "call_num": "G7960 S50 .K61 NK-54-7-7", "recid": "vt079fg8765", "websiteUrl": "https://purl.stanford.edu/vt079fg8765", "title": "[日本] 五万分一地形圖", "ckey": 9741696, "available": true, "iiifUrl": "https://purl.stanford.edu/vt079fg8765/iiif/manifest" }, "geometry": { "type": "Polygon", "coordinates": [ [ [ 142.5, 43.4999998 ], [ 142.75, 43.4999998 ], [ 142.75, 43.6666665 ], [ 142.5, 43.6666665 ], [ 142.5, 43.4999998 ] ] ] } },
{ "type": "Feature", "properties": { "Id": 0, "Sheet_ID": "旭川 3 ED.2", "label": "旭川 3 ED.2", "call_short": "G7960 S50 .K61", "call_num": "G7960 S50 .K61 NK-54-7-3 ED.2", "recid": "gy935sf4747", "websiteUrl": "https://purl.stanford.edu/gy935sf4747", "title": "[日本] 五万分一地形圖", "ckey": 9741696, "available": true, "iiifUrl": "https://purl.stanford.edu/gy935sf4747/iiif/manifest" }, "geometry": { "type": "Polygon", "coordinates": [ [ [ 142.75, 43.4999998 ], [ 143.0, 43.4999998 ], [ 143.0, 43.6666665 ], [ 142.75, 43.6666665 ], [ 142.75, 43.4999998 ] ] ] } },
{ "type": "Feature", "properties": { "Id": 0, "Sheet_ID": "旭川 14 ED.2", "label": "旭川 14 ED.2", "call_short": "G7960 S50 .K61", "call_num": "G7960 S50 .K61 NK-54-7-14 ED.2", "recid": "vg390xd6601", "websiteUrl": "https://purl.stanford.edu/vg390xd6601", "title": "[日本] 五万分一地形圖", "ckey": 9741696, "available": true, "iiifUrl": "https://purl.stanford.edu/vg390xd6601/iiif/manifest" }, "geometry": { "type": "Polygon", "coordinates": [ [ [ 142.0, 43.6666665 ], [ 142.25, 43.6666665 ], [ 142.25, 43.8333333 ], [ 142.0, 43.8333333 ], [ 142.0, 43.6666665 ] ] ] } },
{ "type": "Feature", "properties": { "Id": 0, "Sheet_ID": "旭川 10 ED.2", "label": "旭川 10 ED.2", "call_short": "G7960 S50 .K61", "call_num": "G7960 S50 .K61 NK-54-7-10 ED.2", "recid": "zg518wq3559", "websiteUrl": "https://purl.stanford.edu/zg518wq3559", "title": "[日本] 五万分一地形圖", "ckey": 9741696, "available": true, "iiifUrl": "https://purl.stanford.edu/zg518wq3559/iiif/manifest" }, "geometry": { "type": "Polygon", "coordinates": [ [ [ 142.25, 43.6666665 ], [ 142.5, 43.6666665 ], [ 142.5, 43.8333333 ], [ 142.25, 43.8333333 ], [ 142.25, 43.6666665 ] ] ] } },
{ "type": "Feature", "properties": { "Id": 0, "Sheet_ID": "旭川 6 ED.2", "label": "旭川 6 ED.2", "call_short": "G7960 S50 .K61", "call_num": "G7960 S50 .K61 NK-54-7-6 ED.2", "recid": "pj472cw7191", "websiteUrl": "https://purl.stanford.edu/pj472cw7191", "title": "[日本] 五万分一地形圖", "ckey": 9741696, "available": true, "iiifUrl": "https://purl.stanford.edu/pj472cw7191/iiif/manifest" }, "geometry": { "type": "Polygon", "coordinates": [ [ [ 142.5, 43.6666665 ], [ 142.75, 43.6666665 ], [ 142.75, 43.8333333 ], [ 142.5, 43.8333333 ], [ 142.5, 43.6666665 ] ] ] } },
{ "type": "Feature", "properties": { "Id": 0, "Sheet_ID": "旭川 2", "label": "旭川 2", "call_short": "G7960 S50 .K61", "call_num": "G7960 S50 .K61 NK-54-7-2", "recid": "mp513gv8304", "websiteUrl": "https://purl.stanford.edu/mp513gv8304", "title": "[日本] 五万分一地形圖", "ckey": 9741696, "available": true, "iiifUrl": "https://purl.stanford.edu/mp513gv8304/iiif/manifest" }, "geometry": { "type": "Polygon", "coordinates": [ [ [ 142.75, 43.6666665 ], [ 143.0, 43.6666665 ], [ 143.0, 43.8333333 ], [ 142.75, 43.8333333 ], [ 142.75, 43.6666665 ] ] ] } },
{ "type": "Feature", "properties": { "Id": 0, "Sheet_ID": "旭川 13 ED.2", "label": "旭川 13 ED.2", "call_short": "G7960 S50 .K61", "call_num": "G7960 S50 .K61 NK-54-7-13 ED.2", "recid": "bv565hj0417", "websiteUrl": "https://purl.stanford.edu/bv565hj0417", "title": "[日本] 五万分一地形圖", "ckey": 9741696, "available": true, "iiifUrl": "https://purl.stanford.edu/bv565hj0417/iiif/manifest" }, "geometry": { "type": "Polygon", "coordinates": [ [ [ 142.0, 43.8333333 ], [ 142.25, 43.8333333 ], [ 142.25, 44.0 ], [ 142.0, 44.0 ], [ 142.0, 43.8333333 ] ] ] } },
{ "type": "Feature", "properties": { "Id": 0, "Sheet_ID": "旭川 9", "label": "旭川 9", "call_short": "G7960 S50 .K61", "call_num": "G7960 S50 .K61 NK-54-7-9", "recid": "zm115yt2020", "websiteUrl": "https://purl.stanford.edu/zm115yt2020", "title": "[日本] 五万分一地形圖", "ckey": 9741696, "available": true, "iiifUrl": "https://purl.stanford.edu/zm115yt2020/iiif/manifest" }, "geometry": { "type": "Polygon", "coordinates": [ [ [ 142.25, 43.8333333 ], [ 142.5, 43.8333333 ], [ 142.5, 44.0 ], [ 142.25, 44.0 ], [ 142.25, 43.8333333 ] ] ] } },
{ "type": "Feature", "properties": { "Id": 0, "Sheet_ID": "旭川 5 ED.2", "label": "旭川 5 ED.2", "call_short": "G7960 S50 .K61", "call_num": "G7960 S50 .K61 NK-54-7-5 ED.2", "recid": "cg166wc5195", "websiteUrl": "https://purl.stanford.edu/cg166wc5195", "title": "[日本] 五万分一地形圖", "ckey": 9741696, "available": true, "iiifUrl": "https://purl.stanford.edu/cg166wc5195/iiif/manifest" }, "geometry": { "type": "Polygon", "coordinates": [ [ [ 142.5, 43.8333333 ], [ 142.75, 43.8333333 ], [ 142.75, 44.0 ], [ 142.5, 44.0 ], [ 142.5, 43.8333333 ] ] ] } },
{ "type": "Feature", "properties": { "Id": 0, "Sheet_ID": "旭川 1", "label": "旭川 1", "call_short": "G7960 S50 .K61", "call_num": "G7960 S50 .K61 NK-54-7-1", "recid": "sf163ph2995", "websiteUrl": "https://purl.stanford.edu/sf163ph2995", "title": "[日本] 五万分一地形圖", "ckey": 9741696, "available": true, "iiifUrl": "https://purl.stanford.edu/sf163ph2995/iiif/manifest" }, "geometry": { "type": "Polygon", "coordinates": [ [ [ 142.75, 43.8333333 ], [ 143.0, 43.8333333 ], [ 143.0, 44.0 ], [ 142.75, 44.0 ], [ 142.75, 43.8333333 ] ] ] } },
{ "type": "Feature", "properties": { "Id": 0, "Sheet_ID": "旭川 3", "label": "旭川 3", "call_short": "G7960 S50 .K61", "call_num": "G7960 S50 .K61 NK-54-7-3", "recid": "qj416gs4700", "websiteUrl": "https://purl.stanford.edu/qj416gs4700", "title": "[日本] 五万分一地形圖", "ckey": 9741696, "available": true, "iiifUrl": "https://purl.stanford.edu/qj416gs4700/iiif/manifest" }, "geometry": { "type": "Polygon", "coordinates": [ [ [ 142.75, 43.4999998 ], [ 143.0, 43.4999998 ], [ 143.0, 43.6666665 ], [ 142.75, 43.6666665 ], [ 142.75, 43.4999998 ] ] ] } },
{ "type": "Feature", "properties": { "Id": 0, "Sheet_ID": "旭川 5", "label": "旭川 5", "call_short": "G7960 S50 .K61", "call_num": "G7960 S50 .K61 NK-54-7-5", "recid": "qy602yr2850", "websiteUrl": "https://purl.stanford.edu/qy602yr2850", "title": "[日本] 五万分一地形圖", "ckey": 9741696, "available": true, "iiifUrl": "https://purl.stanford.edu/qy602yr2850/iiif/manifest" }, "geometry": { "type": "Polygon", "coordinates": [ [ [ 142.5, 43.8333333 ], [ 142.75, 43.8333333 ], [ 142.75, 44.0 ], [ 142.5, 44.0 ], [ 142.5, 43.8333333 ] ] ] } },
{ "type": "Feature", "properties": { "Id": 0, "Sheet_ID": "旭川 6", "label": "旭川 6", "call_short": "G7960 S50 .K61", "call_num": "G7960 S50 .K61 NK-54-7-6", "recid": "nt584cc6369", "websiteUrl": "https://purl.stanford.edu/nt584cc6369", "title": "[日本] 五万分一地形圖", "ckey": 9741696, "available": true, "iiifUrl": "https://purl.stanford.edu/nt584cc6369/iiif/manifest" }, "geometry": { "type": "Polygon", "coordinates": [ [ [ 142.5, 43.6666665 ], [ 142.75, 43.6666665 ], [ 142.75, 43.8333333 ], [ 142.5, 43.8333333 ], [ 142.5, 43.6666665 ] ] ] } },
{ "type": "Feature", "properties": { "Id": 0, "Sheet_ID": "旭川 10", "label": "旭川 10", "call_short": "G7960 S50 .K61", "call_num": "G7960 S50 .K61 NK-54-7-10", "recid": "vq340zj2486", "websiteUrl": "https://purl.stanford.edu/vq340zj2486", "title": "[日本] 五万分一地形圖", "ckey": 9741696, "available": true, "iiifUrl": "https://purl.stanford.edu/vq340zj2486/iiif/manifest" }, "geometry": { "type": "Polygon", "coordinates": [ [ [ 142.25, 43.6666665 ], [ 142.5, 43.6666665 ], [ 142.5, 43.8333333 ], [ 142.25, 43.8333333 ], [ 142.25, 43.6666665 ] ] ] } },
{ "type": "Feature", "properties": { "Id": 0, "Sheet_ID": "旭川 11", "label": "旭川 11", "call_short": "G7960 S50 .K61", "call_num": "G7960 S50 .K61 NK-54-7-11", "recid": "pb787th5462", "websiteUrl": "https://purl.stanford.edu/pb787th5462", "title": "[日本] 五万分一地形圖", "ckey": 9741696, "available": true, "iiifUrl": "https://purl.stanford.edu/pb787th5462/iiif/manifest" }, "geometry": { "type": "Polygon", "coordinates": [ [ [ 142.25, 43.4999998 ], [ 142.5, 43.4999998 ], [ 142.5, 43.6666665 ], [ 142.25, 43.6666665 ], [ 142.25, 43.4999998 ] ] ] } },
{ "type": "Feature", "properties": { "Id": 0, "Sheet_ID": "旭川 13", "label": "旭川 13", "call_short": "G7960 S50 .K61", "call_num": "G7960 S50 .K61 NK-54-7-13", "recid": "ft438ns7558", "websiteUrl": "https://purl.stanford.edu/ft438ns7558", "title": "[日本] 五万分一地形圖", "ckey": 9741696, "available": true, "iiifUrl": "https://purl.stanford.edu/ft438ns7558/iiif/manifest" }, "geometry": { "type": "Polygon", "coordinates": [ [ [ 142.0, 43.8333333 ], [ 142.25, 43.8333333 ], [ 142.25, 44.0 ], [ 142.0, 44.0 ], [ 142.0, 43.8333333 ] ] ] } },
{ "type": "Feature", "properties": { "Id": 0, "Sheet_ID": "旭川 14", "label": "旭川 14", "call_short": "G7960 S50 .K61", "call_num": "G7960 S50 .K61 NK-54-7-14", "recid": "fs409zn9131", "websiteUrl": "https://purl.stanford.edu/fs409zn9131", "title": "[日本] 五万分一地形圖", "ckey": 9741696, "available": true, "iiifUrl": "https://purl.stanford.edu/fs409zn9131/iiif/manifest" }, "geometry": { "type": "Polygon", "coordinates": [ [ [ 142.0, 43.6666665 ], [ 142.25, 43.6666665 ], [ 142.25, 43.8333333 ], [ 142.0, 43.8333333 ], [ 142.0, 43.6666665 ] ] ] } },
{ "type": "Feature", "properties": { "Id": 0, "Sheet_ID": "夕張嶽 16", "label": "夕張嶽 16", "call_short": "G7960 S50 .K61", "call_num": "G7960 S50 .K61 NK-54-8-16", "recid": "ts752nm3363", "websiteUrl": "https://purl.stanford.edu/ts752nm3363", "title": "[日本] 五万分一地形圖", "ckey": 9741696, "available": true, "iiifUrl": "https://purl.stanford.edu/ts752nm3363/iiif/manifest" }, "geometry": { "type": "Polygon", "coordinates": [ [ [ 142.0, 42.666667 ], [ 142.25, 42.666667 ], [ 142.25, 42.8333335 ], [ 142.0, 42.8333335 ], [ 142.0, 42.666667 ] ] ] } },
{ "type": "Feature", "properties": { "Id": 0, "Sheet_ID": "夕張嶽 12", "label": "夕張嶽 12", "call_short": "G7960 S50 .K61", "call_num": "G7960 S50 .K61 NK-54-8-12", "recid": "py079hb0288", "websiteUrl": "https://purl.stanford.edu/py079hb0288", "title": "[日本] 五万分一地形圖", "ckey": 9741696, "available": true, "iiifUrl": "https://purl.stanford.edu/py079hb0288/iiif/manifest" }, "geometry": { "type": "Polygon", "coordinates": [ [ [ 142.25, 42.666667 ], [ 142.5, 42.666667 ], [ 142.5, 42.8333335 ], [ 142.25, 42.8333335 ], [ 142.25, 42.666667 ] ] ] } },
{ "type": "Feature", "properties": { "Id": 0, "Sheet_ID": "夕張嶽 8", "label": "夕張嶽 8", "call_short": "0", "call_num": "0", "recid": "0", "websiteUrl": "0", "title": "0", "ckey": 0, "available": false, "iiifUrl": "0" }, "geometry": { "type": "Polygon", "coordinates": [ [ [ 142.5, 42.666667 ], [ 142.75, 42.666667 ], [ 142.75, 42.8333335 ], [ 142.5, 42.8333335 ], [ 142.5, 42.666667 ] ] ] } },
{ "type": "Feature", "properties": { "Id": 0, "Sheet_ID": "夕張嶽 4", "label": "夕張嶽 4", "call_short": "0", "call_num": "0", "recid": "0", "websiteUrl": "0", "title": "0", "ckey": 0, "available": false, "iiifUrl": "0" }, "geometry": { "type": "Polygon", "coordinates": [ [ [ 142.75, 42.666667 ], [ 143.0, 42.666667 ], [ 143.0, 42.8333335 ], [ 142.75, 42.8333335 ], [ 142.75, 42.666667 ] ] ] } },
{ "type": "Feature", "properties": { "Id": 0, "Sheet_ID": "夕張嶽 15", "label": "夕張嶽 15", "call_short": "G7960 S50 .K61", "call_num": "G7960 S50 .K61 NK-54-8-15", "recid": "bp230ng0408", "websiteUrl": "https://purl.stanford.edu/bp230ng0408", "title": "[日本] 五万分一地形圖", "ckey": 9741696, "available": true, "iiifUrl": "https://purl.stanford.edu/bp230ng0408/iiif/manifest" }, "geometry": { "type": "Polygon", "coordinates": [ [ [ 142.0, 42.8333335 ], [ 142.25, 42.8333335 ], [ 142.25, 43.0 ], [ 142.0, 43.0 ], [ 142.0, 42.8333335 ] ] ] } },
{ "type": "Feature", "properties": { "Id": 0, "Sheet_ID": "夕張嶽 11", "label": "夕張嶽 11", "call_short": "G7960 S50 .K61", "call_num": "G7960 S50 .K61 NK-54-8-11", "recid": "ws630wb3843", "websiteUrl": "https://purl.stanford.edu/ws630wb3843", "title": "[日本] 五万分一地形圖", "ckey": 9741696, "available": true, "iiifUrl": "https://purl.stanford.edu/ws630wb3843/iiif/manifest" }, "geometry": { "type": "Polygon", "coordinates": [ [ [ 142.25, 42.8333335 ], [ 142.5, 42.8333335 ], [ 142.5, 43.0 ], [ 142.25, 43.0 ], [ 142.25, 42.8333335 ] ] ] } },
{ "type": "Feature", "properties": { "Id": 0, "Sheet_ID": "夕張嶽 7", "label": "夕張嶽 7", "call_short": "G7960 S50 .K61", "call_num": "G7960 S50 .K61 NK-54-8-7", "recid": "gj412cv0636", "websiteUrl": "https://purl.stanford.edu/gj412cv0636", "title": "[日本] 五万分一地形圖", "ckey": 9741696, "available": true, "iiifUrl": "https://purl.stanford.edu/gj412cv0636/iiif/manifest" }, "geometry": { "type": "Polygon", "coordinates": [ [ [ 142.5, 42.8333335 ], [ 142.75, 42.8333335 ], [ 142.75, 43.0 ], [ 142.5, 43.0 ], [ 142.5, 42.8333335 ] ] ] } },
{ "type": "Feature", "properties": { "Id": 0, "Sheet_ID": "夕張嶽 3", "label": "夕張嶽 3", "call_short": "G7960 S50 .K61", "call_num": "G7960 S50 .K61 NK-54-8-3", "recid": "vp260rp3728", "websiteUrl": "https://purl.stanford.edu/vp260rp3728", "title": "[日本] 五万分一地形圖", "ckey": 9741696, "available": true, "iiifUrl": "https://purl.stanford.edu/vp260rp3728/iiif/manifest" }, "geometry": { "type": "Polygon", "coordinates": [ [ [ 142.75, 42.8333335 ], [ 143.0, 42.8333335 ], [ 143.0, 43.0 ], [ 142.75, 43.0 ], [ 142.75, 42.8333335 ] ] ] } },
{ "type": "Feature", "properties": { "Id": 0, "Sheet_ID": "夕張嶽 14", "label": "夕張嶽 14", "call_short": "G7960 S50 .K61", "call_num": "G7960 S50 .K61 NK-54-8-14", "recid": "gq081mq0241", "websiteUrl": "https://purl.stanford.edu/gq081mq0241", "title": "[日本] 五万分一地形圖", "ckey": 9741696, "available": true, "iiifUrl": "https://purl.stanford.edu/gq081mq0241/iiif/manifest" }, "geometry": { "type": "Polygon", "coordinates": [ [ [ 142.0, 43.0 ], [ 142.25, 43.0 ], [ 142.25, 43.1666665 ], [ 142.0, 43.1666665 ], [ 142.0, 43.0 ] ] ] } },
{ "type": "Feature", "properties": { "Id": 0, "Sheet_ID": "夕張嶽 10", "label": "夕張嶽 10", "call_short": "G7960 S50 .K61", "call_num": "G7960 S50 .K61 NK-54-8-10", "recid": "sp940mt8807", "websiteUrl": "https://purl.stanford.edu/sp940mt8807", "title": "[日本] 五万分一地形圖", "ckey": 9741696, "available": true, "iiifUrl": "https://purl.stanford.edu/sp940mt8807/iiif/manifest" }, "geometry": { "type": "Polygon", "coordinates": [ [ [ 142.25, 43.0 ], [ 142.5, 43.0 ], [ 142.5, 43.1666665 ], [ 142.25, 43.1666665 ], [ 142.25, 43.0 ] ] ] } },
{ "type": "Feature", "properties": { "Id": 0, "Sheet_ID": "夕張嶽 6", "label": "夕張嶽 6", "call_short": "G7960 S50 .K61", "call_num": "G7960 S50 .K61 NK-54-8-6", "recid": "hn424kr6627", "websiteUrl": "https://purl.stanford.edu/hn424kr6627", "title": "[日本] 五万分一地形圖", "ckey": 9741696, "available": true, "iiifUrl": "https://purl.stanford.edu/hn424kr6627/iiif/manifest" }, "geometry": { "type": "Polygon", "coordinates": [ [ [ 142.5, 43.0 ], [ 142.75, 43.0 ], [ 142.75, 43.1666665 ], [ 142.5, 43.1666665 ], [ 142.5, 43.0 ] ] ] } },
{ "type": "Feature", "properties": { "Id": 0, "Sheet_ID": "夕張嶽 2", "label": "夕張嶽 2", "call_short": "G7960 S50 .K61", "call_num": "G7960 S50 .K61 NK-54-8-2", "recid": "tb462cc5639", "websiteUrl": "https://purl.stanford.edu/tb462cc5639", "title": "[日本] 五万分一地形圖", "ckey": 9741696, "available": true, "iiifUrl": "https://purl.stanford.edu/tb462cc5639/iiif/manifest" }, "geometry": { "type": "Polygon", "coordinates": [ [ [ 142.75, 43.0 ], [ 143.0, 43.0 ], [ 143.0, 43.1666665 ], [ 142.75, 43.1666665 ], [ 142.75, 43.0 ] ] ] } },
{ "type": "Feature", "properties": { "Id": 0, "Sheet_ID": "夕張嶽 13", "label": "夕張嶽 13", "call_short": "G7960 S50 .K61", "call_num": "G7960 S50 .K61 NK-54-8-13", "recid": "rp834zx4717", "websiteUrl": "https://purl.stanford.edu/rp834zx4717", "title": "[日本] 五万分一地形圖", "ckey": 9741696, "available": true, "iiifUrl": "https://purl.stanford.edu/rp834zx4717/iiif/manifest" }, "geometry": { "type": "Polygon", "coordinates": [ [ [ 142.0, 43.1666665 ], [ 142.25, 43.1666665 ], [ 142.25, 43.333333 ], [ 142.0, 43.333333 ], [ 142.0, 43.1666665 ] ] ] } },
{ "type": "Feature", "properties": { "Id": 0, "Sheet_ID": "夕張嶽 9", "label": "夕張嶽 9", "call_short": "G7960 S50 .K61", "call_num": "G7960 S50 .K61 NK-54-8-9", "recid": "cc384nd2438", "websiteUrl": "https://purl.stanford.edu/cc384nd2438", "title": "[日本] 五万分一地形圖", "ckey": 9741696, "available": true, "iiifUrl": "https://purl.stanford.edu/cc384nd2438/iiif/manifest" }, "geometry": { "type": "Polygon", "coordinates": [ [ [ 142.25, 43.1666665 ], [ 142.5, 43.1666665 ], [ 142.5, 43.333333 ], [ 142.25, 43.333333 ], [ 142.25, 43.1666665 ] ] ] } },
{ "type": "Feature", "properties": { "Id": 0, "Sheet_ID": "夕張嶽 5", "label": "夕張嶽 5", "call_short": "G7960 S50 .K61", "call_num": "G7960 S50 .K61 NK-54-8-5", "recid": "wz728bt5394", "websiteUrl": "https://purl.stanford.edu/wz728bt5394", "title": "[日本] 五万分一地形圖", "ckey": 9741696, "available": true, "iiifUrl": "https://purl.stanford.edu/wz728bt5394/iiif/manifest" }, "geometry": { "type": "Polygon", "coordinates": [ [ [ 142.5, 43.1666665 ], [ 142.75, 43.1666665 ], [ 142.75, 43.333333 ], [ 142.5, 43.333333 ], [ 142.5, 43.1666665 ] ] ] } },
{ "type": "Feature", "properties": { "Id": 0, "Sheet_ID": "夕張嶽 1", "label": "夕張嶽 1", "call_short": "G7960 S50 .K61", "call_num": "G7960 S50 .K61 NK-54-8-1", "recid": "vv105qp3962", "websiteUrl": "https://purl.stanford.edu/vv105qp3962", "title": "[日本] 五万分一地形圖", "ckey": 9741696, "available": true, "iiifUrl": "https://purl.stanford.edu/vv105qp3962/iiif/manifest" }, "geometry": { "type": "Polygon", "coordinates": [ [ [ 142.75, 43.1666665 ], [ 143.0, 43.1666665 ], [ 143.0, 43.333333 ], [ 142.75, 43.333333 ], [ 142.75, 43.1666665 ] ] ] } },
{ "type": "Feature", "properties": { "Id": 0, "Sheet_ID": "浦河 4", "label": "浦河 4", "call_short": "0", "call_num": "0", "recid": "0", "websiteUrl": "0", "title": "0", "ckey": 0, "available": false, "iiifUrl": "0" }, "geometry": { "type": "Polygon", "coordinates": [ [ [ 142.75, 42.0 ], [ 143.0, 42.0 ], [ 143.0, 42.1666667 ], [ 142.75, 42.1666667 ], [ 142.75, 42.0 ] ] ] } },
{ "type": "Feature", "properties": { "Id": 0, "Sheet_ID": "浦河 11", "label": "浦河 11", "call_short": "G7960 S50 .K61", "call_num": "G7960 S50 .K61 NK-54-9-11", "recid": "bd534br4474", "websiteUrl": "https://purl.stanford.edu/bd534br4474", "title": "[日本] 五万分一地形圖", "ckey": 9741696, "available": true, "iiifUrl": "https://purl.stanford.edu/bd534br4474/iiif/manifest" }, "geometry": { "type": "Polygon", "coordinates": [ [ [ 142.25, 42.1666667 ], [ 142.5, 42.1666667 ], [ 142.5, 42.3333335 ], [ 142.25, 42.3333335 ], [ 142.25, 42.1666667 ] ] ] } },
{ "type": "Feature", "properties": { "Id": 0, "Sheet_ID": "浦河 7", "label": "浦河 7", "call_short": "G7960 S50 .K61", "call_num": "G7960 S50 .K61 NK-54-9-7", "recid": "tv980hm6236", "websiteUrl": "https://purl.stanford.edu/tv980hm6236", "title": "[日本] 五万分一地形圖", "ckey": 9741696, "available": true, "iiifUrl": "https://purl.stanford.edu/tv980hm6236/iiif/manifest" }, "geometry": { "type": "Polygon", "coordinates": [ [ [ 142.5, 42.1666667 ], [ 142.75, 42.1666667 ], [ 142.75, 42.3333335 ], [ 142.5, 42.3333335 ], [ 142.5, 42.1666667 ] ] ] } },
{ "type": "Feature", "properties": { "Id": 0, "Sheet_ID": "浦河 3", "label": "浦河 3", "call_short": "G7960 S50 .K61", "call_num": "G7960 S50 .K61 NK-54-9-3", "recid": "hy599vn6155", "websiteUrl": "https://purl.stanford.edu/hy599vn6155", "title": "[日本] 五万分一地形圖", "ckey": 9741696, "available": true, "iiifUrl": "https://purl.stanford.edu/hy599vn6155/iiif/manifest" }, "geometry": { "type": "Polygon", "coordinates": [ [ [ 142.75, 42.1666667 ], [ 143.0, 42.1666667 ], [ 143.0, 42.3333335 ], [ 142.75, 42.3333335 ], [ 142.75, 42.1666667 ] ] ] } },
{ "type": "Feature", "properties": { "Id": 0, "Sheet_ID": "浦河 14", "label": "浦河 14", "call_short": "G7960 S50 .K61", "call_num": "G7960 S50 .K61 NK-54-9-14", "recid": "rt334gs5040", "websiteUrl": "https://purl.stanford.edu/rt334gs5040", "title": "[日本] 五万分一地形圖", "ckey": 9741696, "available": true, "iiifUrl": "https://purl.stanford.edu/rt334gs5040/iiif/manifest" }, "geometry": { "type": "Polygon", "coordinates": [ [ [ 142.0, 42.3333335 ], [ 142.25, 42.3333335 ], [ 142.25, 42.5000002 ], [ 142.0, 42.5000002 ], [ 142.0, 42.3333335 ] ] ] } },
{ "type": "Feature", "properties": { "Id": 0, "Sheet_ID": "浦河 10", "label": "浦河 10", "call_short": "G7960 S50 .K61", "call_num": "G7960 S50 .K61 NK-54-9-10", "recid": "xs078mk0557", "websiteUrl": "https://purl.stanford.edu/xs078mk0557", "title": "[日本] 五万分一地形圖", "ckey": 9741696, "available": true, "iiifUrl": "https://purl.stanford.edu/xs078mk0557/iiif/manifest" }, "geometry": { "type": "Polygon", "coordinates": [ [ [ 142.25, 42.3333335 ], [ 142.5, 42.3333335 ], [ 142.5, 42.5000002 ], [ 142.25, 42.5000002 ], [ 142.25, 42.3333335 ] ] ] } },
{ "type": "Feature", "properties": { "Id": 0, "Sheet_ID": "浦河 6", "label": "浦河 6", "call_short": "G7960 S50 .K61", "call_num": "G7960 S50 .K61 NK-54-9-6", "recid": "qd981ns4770", "websiteUrl": "https://purl.stanford.edu/qd981ns4770", "title": "[日本] 五万分一地形圖", "ckey": 9741696, "available": true, "iiifUrl": "https://purl.stanford.edu/qd981ns4770/iiif/manifest" }, "geometry": { "type": "Polygon", "coordinates": [ [ [ 142.5, 42.3333335 ], [ 142.75, 42.3333335 ], [ 142.75, 42.5000002 ], [ 142.5, 42.5000002 ], [ 142.5, 42.3333335 ] ] ] } },
{ "type": "Feature", "properties": { "Id": 0, "Sheet_ID": "浦河 2", "label": "浦河 2", "call_short": "G7960 S50 .K61", "call_num": "G7960 S50 .K61 NK-54-9-2", "recid": "sr082bp9988", "websiteUrl": "https://purl.stanford.edu/sr082bp9988", "title": "[日本] 五万分一地形圖", "ckey": 9741696, "available": true, "iiifUrl": "https://purl.stanford.edu/sr082bp9988/iiif/manifest" }, "geometry": { "type": "Polygon", "coordinates": [ [ [ 142.75, 42.3333335 ], [ 143.0, 42.3333335 ], [ 143.0, 42.5000002 ], [ 142.75, 42.5000002 ], [ 142.75, 42.3333335 ] ] ] } },
{ "type": "Feature", "properties": { "Id": 0, "Sheet_ID": "浦河 13", "label": "浦河 13", "call_short": "G7960 S50 .K61", "call_num": "G7960 S50 .K61 NK-54-9-13", "recid": "df532qn4698", "websiteUrl": "https://purl.stanford.edu/df532qn4698", "title": "[日本] 五万分一地形圖", "ckey": 9741696, "available": true, "iiifUrl": "https://purl.stanford.edu/df532qn4698/iiif/manifest" }, "geometry": { "type": "Polygon", "coordinates": [ [ [ 142.0, 42.5000002 ], [ 142.25, 42.5000002 ], [ 142.25, 42.666667 ], [ 142.0, 42.666667 ], [ 142.0, 42.5000002 ] ] ] } },
{ "type": "Feature", "properties": { "Id": 0, "Sheet_ID": "浦河 9", "label": "浦河 9", "call_short": "G7960 S50 .K61", "call_num": "G7960 S50 .K61 NK-54-9-9", "recid": "hp749wh3170", "websiteUrl": "https://purl.stanford.edu/hp749wh3170", "title": "[日本] 五万分一地形圖", "ckey": 9741696, "available": true, "iiifUrl": "https://purl.stanford.edu/hp749wh3170/iiif/manifest" }, "geometry": { "type": "Polygon", "coordinates": [ [ [ 142.25, 42.5000002 ], [ 142.5, 42.5000002 ], [ 142.5, 42.666667 ], [ 142.25, 42.666667 ], [ 142.25, 42.5000002 ] ] ] } },
{ "type": "Feature", "properties": { "Id": 0, "Sheet_ID": "浦河 5", "label": "浦河 5", "call_short": "G7960 S50 .K61", "call_num": "G7960 S50 .K61 NK-54-9-5", "recid": "vw260hn9554", "websiteUrl": "https://purl.stanford.edu/vw260hn9554", "title": "[日本] 五万分一地形圖", "ckey": 9741696, "available": true, "iiifUrl": "https://purl.stanford.edu/vw260hn9554/iiif/manifest" }, "geometry": { "type": "Polygon", "coordinates": [ [ [ 142.5, 42.5000002 ], [ 142.75, 42.5000002 ], [ 142.75, 42.666667 ], [ 142.5, 42.666667 ], [ 142.5, 42.5000002 ] ] ] } },
{ "type": "Feature", "properties": { "Id": 0, "Sheet_ID": "浦河 1", "label": "浦河 1", "call_short": "G7960 S50 .K61", "call_num": "G7960 S50 .K61 NK-54-9-1", "recid": "vc316sh0555", "websiteUrl": "https://purl.stanford.edu/vc316sh0555", "title": "[日本] 五万分一地形圖", "ckey": 9741696, "available": true, "iiifUrl": "https://purl.stanford.edu/vc316sh0555/iiif/manifest" }, "geometry": { "type": "Polygon", "coordinates": [ [ [ 142.75, 42.5000002 ], [ 143.0, 42.5000002 ], [ 143.0, 42.666667 ], [ 142.75, 42.666667 ], [ 142.75, 42.5000002 ] ] ] } },
{ "type": "Feature", "properties": { "Id": 0, "Sheet_ID": "留萠 12", "label": "留萠 12", "call_short": "G7960 S50 .K61", "call_num": "G7960 S50 .K61 NK-54-13-12", "recid": "sf718sg6263", "websiteUrl": "https://purl.stanford.edu/sf718sg6263", "title": "[日本] 五万分一地形圖", "ckey": 9741696, "available": true, "iiifUrl": "https://purl.stanford.edu/sf718sg6263/iiif/manifest" }, "geometry": { "type": "Polygon", "coordinates": [ [ [ 141.25, 43.333333 ], [ 141.5, 43.333333 ], [ 141.5, 43.4999998 ], [ 141.25, 43.4999998 ], [ 141.25, 43.333333 ] ] ] } },
{ "type": "Feature", "properties": { "Id": 0, "Sheet_ID": "留萠 8", "label": "留萠 8", "call_short": "G7960 S50 .K61", "call_num": "G7960 S50 .K61 NK-54-13-8", "recid": "wv378vq3043", "websiteUrl": "https://purl.stanford.edu/wv378vq3043", "title": "[日本] 五万分一地形圖", "ckey": 9741696, "available": true, "iiifUrl": "https://purl.stanford.edu/wv378vq3043/iiif/manifest" }, "geometry": { "type": "Polygon", "coordinates": [ [ [ 141.5, 43.333333 ], [ 141.75, 43.333333 ], [ 141.75, 43.4999998 ], [ 141.5, 43.4999998 ], [ 141.5, 43.333333 ] ] ] } },
{ "type": "Feature", "properties": { "Id": 0, "Sheet_ID": "留萠 4", "label": "留萠 4", "call_short": "G7960 S50 .K61", "call_num": "G7960 S50 .K61 NK-54-13-4", "recid": "hx768vg9934", "websiteUrl": "https://purl.stanford.edu/hx768vg9934", "title": "[日本] 五万分一地形圖", "ckey": 9741696, "available": true, "iiifUrl": "https://purl.stanford.edu/hx768vg9934/iiif/manifest" }, "geometry": { "type": "Polygon", "coordinates": [ [ [ 141.75, 43.333333 ], [ 142.0, 43.333333 ], [ 142.0, 43.4999998 ], [ 141.75, 43.4999998 ], [ 141.75, 43.333333 ] ] ] } },
{ "type": "Feature", "properties": { "Id": 0, "Sheet_ID": "留萠 11", "label": "留萠 11", "call_short": "G7960 S50 .K61", "call_num": "G7960 S50 .K61 NK-54-13-11", "recid": "fp812sb5933", "websiteUrl": "https://purl.stanford.edu/fp812sb5933", "title": "[日本] 五万分一地形圖", "ckey": 9741696, "available": true, "iiifUrl": "https://purl.stanford.edu/fp812sb5933/iiif/manifest" }, "geometry": { "type": "Polygon", "coordinates": [ [ [ 141.25, 43.4999998 ], [ 141.5, 43.4999998 ], [ 141.5, 43.6666665 ], [ 141.25, 43.6666665 ], [ 141.25, 43.4999998 ] ] ] } },
{ "type": "Feature", "properties": { "Id": 0, "Sheet_ID": "留萠 7", "label": "留萠 7", "call_short": "G7960 S50 .K61", "call_num": "G7960 S50 .K61 NK-54-13-7", "recid": "tq652gg2776", "websiteUrl": "https://purl.stanford.edu/tq652gg2776", "title": "[日本] 五万分一地形圖", "ckey": 9741696, "available": true, "iiifUrl": "https://purl.stanford.edu/tq652gg2776/iiif/manifest" }, "geometry": { "type": "Polygon", "coordinates": [ [ [ 141.5, 43.4999998 ], [ 141.75, 43.4999998 ], [ 141.75, 43.6666665 ], [ 141.5, 43.6666665 ], [ 141.5, 43.4999998 ] ] ] } },
{ "type": "Feature", "properties": { "Id": 0, "Sheet_ID": "留萠 3 ED.2", "label": "留萠 3 ED.2", "call_short": "G7960 S50 .K61", "call_num": "G7960 S50 .K61 NK-54-13-3 ED.2", "recid": "zt803pm5864", "websiteUrl": "https://purl.stanford.edu/zt803pm5864", "title": "[日本] 五万分一地形圖", "ckey": 9741696, "available": true, "iiifUrl": "https://purl.stanford.edu/zt803pm5864/iiif/manifest" }, "geometry": { "type": "Polygon", "coordinates": [ [ [ 141.75, 43.4999998 ], [ 142.0, 43.4999998 ], [ 142.0, 43.6666665 ], [ 141.75, 43.6666665 ], [ 141.75, 43.4999998 ] ] ] } },
{ "type": "Feature", "properties": { "Id": 0, "Sheet_ID": "留萠 10", "label": "留萠 10", "call_short": "G7960 S50 .K61", "call_num": "G7960 S50 .K61 NK-54-13-10", "recid": "ff922xr7550", "websiteUrl": "https://purl.stanford.edu/ff922xr7550", "title": "[日本] 五万分一地形圖", "ckey": 9741696, "available": true, "iiifUrl": "https://purl.stanford.edu/ff922xr7550/iiif/manifest" }, "geometry": { "type": "Polygon", "coordinates": [ [ [ 141.5, 43.6666665 ], [ 141.5, 43.8333333 ], [ 141.5, 43.85 ], [ 141.45, 43.85 ], [ 141.45, 43.8333333 ], [ 141.25, 43.8333333 ], [ 141.25, 43.6666665 ], [ 141.5, 43.6666665 ] ] ] } },
{ "type": "Feature", "properties": { "Id": 0, "Sheet_ID": "留萠 6", "label": "留萠 6", "call_short": "G7960 S50 .K61", "call_num": "G7960 S50 .K61 NK-54-13-6", "recid": "sy953kp6030", "websiteUrl": "https://purl.stanford.edu/sy953kp6030", "title": "[日本] 五万分一地形圖", "ckey": 9741696, "available": true, "iiifUrl": "https://purl.stanford.edu/sy953kp6030/iiif/manifest" }, "geometry": { "type": "Polygon", "coordinates": [ [ [ 141.5, 43.6666665 ], [ 141.75, 43.6666665 ], [ 141.75, 43.8333333 ], [ 141.5, 43.8333333 ], [ 141.5, 43.6666665 ] ] ] } },
{ "type": "Feature", "properties": { "Id": 0, "Sheet_ID": "留萠 2", "label": "留萠 2", "call_short": "G7960 S50 .K61", "call_num": "G7960 S50 .K61 NK-54-13-2", "recid": "tz372zz8872", "websiteUrl": "https://purl.stanford.edu/tz372zz8872", "title": "[日本] 五万分一地形圖", "ckey": 9741696, "available": true, "iiifUrl": "https://purl.stanford.edu/tz372zz8872/iiif/manifest" }, "geometry": { "type": "Polygon", "coordinates": [ [ [ 141.75, 43.6666665 ], [ 142.0, 43.6666665 ], [ 142.0, 43.8333333 ], [ 141.75, 43.8333333 ], [ 141.75, 43.6666665 ] ] ] } },
{ "type": "Feature", "properties": { "Id": 0, "Sheet_ID": "留萠 5", "label": "留萠 5", "call_short": "G7960 S50 .K61", "call_num": "G7960 S50 .K61 NK-54-13-5", "recid": "bv215mm7252", "websiteUrl": "https://purl.stanford.edu/bv215mm7252", "title": "[日本] 五万分一地形圖", "ckey": 9741696, "available": true, "iiifUrl": "https://purl.stanford.edu/bv215mm7252/iiif/manifest" }, "geometry": { "type": "Polygon", "coordinates": [ [ [ 141.5, 43.8333333 ], [ 141.75, 43.8333333 ], [ 141.75, 44.0 ], [ 141.5, 44.0 ], [ 141.5, 43.8333333 ] ] ] } },
{ "type": "Feature", "properties": { "Id": 0, "Sheet_ID": "留萠 1", "label": "留萠 1", "call_short": "G7960 S50 .K61", "call_num": "G7960 S50 .K61 NK-54-13-1", "recid": "rv108zz9254", "websiteUrl": "https://purl.stanford.edu/rv108zz9254", "title": "[日本] 五万分一地形圖", "ckey": 9741696, "available": true, "iiifUrl": "https://purl.stanford.edu/rv108zz9254/iiif/manifest" }, "geometry": { "type": "Polygon", "coordinates": [ [ [ 141.75, 43.8333333 ], [ 142.0, 43.8333333 ], [ 142.0, 44.0 ], [ 141.75, 44.0 ], [ 141.75, 43.8333333 ] ] ] } },
{ "type": "Feature", "properties": { "Id": 0, "Sheet_ID": "留萠 3", "label": "留萠 3", "call_short": "G7960 S50 .K61", "call_num": "G7960 S50 .K61 NK-54-13-3", "recid": "cg028df0608", "websiteUrl": "https://purl.stanford.edu/cg028df0608", "title": "[日本] 五万分一地形圖", "ckey": 9741696, "available": true, "iiifUrl": "https://purl.stanford.edu/cg028df0608/iiif/manifest" }, "geometry": { "type": "Polygon", "coordinates": [ [ [ 141.75, 43.4999998 ], [ 142.0, 43.4999998 ], [ 142.0, 43.6666665 ], [ 141.75, 43.6666665 ], [ 141.75, 43.4999998 ] ] ] } },
{ "type": "Feature", "properties": { "Id": 0, "Sheet_ID": "札幌 16", "label": "札幌 16", "call_short": "G7960 S50 .K61", "call_num": "G7960 S50 .K61 NK-54-14-16", "recid": "bn538vx4532", "websiteUrl": "https://purl.stanford.edu/bn538vx4532", "title": "[日本] 五万分一地形圖", "ckey": 9741696, "available": true, "iiifUrl": "https://purl.stanford.edu/bn538vx4532/iiif/manifest" }, "geometry": { "type": "Polygon", "coordinates": [ [ [ 141.0, 42.666667 ], [ 141.25, 42.666667 ], [ 141.25, 42.8333335 ], [ 141.0, 42.8333335 ], [ 141.0, 42.666667 ] ] ] } },
{ "type": "Feature", "properties": { "Id": 0, "Sheet_ID": "札幌 12 ED.2", "label": "札幌 12 ED.2", "call_short": "G7960 S50 .K61", "call_num": "G7960 S50 .K61 NK-54-14-12 ED.2", "recid": "zt054fw1324", "websiteUrl": "https://purl.stanford.edu/zt054fw1324", "title": "[日本] 五万分一地形圖", "ckey": 9741696, "available": true, "iiifUrl": "https://purl.stanford.edu/zt054fw1324/iiif/manifest" }, "geometry": { "type": "Polygon", "coordinates": [ [ [ 141.25, 42.666667 ], [ 141.5, 42.666667 ], [ 141.5, 42.8333335 ], [ 141.25, 42.8333335 ], [ 141.25, 42.666667 ] ] ] } },
{ "type": "Feature", "properties": { "Id": 0, "Sheet_ID": "札幌 8", "label": "札幌 8", "call_short": "G7960 S50 .K61", "call_num": "G7960 S50 .K61 NK-54-14-8", "recid": "rp293sn5184", "websiteUrl": "https://purl.stanford.edu/rp293sn5184", "title": "[日本] 五万分一地形圖", "ckey": 9741696, "available": true, "iiifUrl": "https://purl.stanford.edu/rp293sn5184/iiif/manifest" }, "geometry": { "type": "Polygon", "coordinates": [ [ [ 141.5, 42.666667 ], [ 141.75, 42.666667 ], [ 141.75, 42.8333335 ], [ 141.5, 42.8333335 ], [ 141.5, 42.666667 ] ] ] } },
{ "type": "Feature", "properties": { "Id": 0, "Sheet_ID": "札幌 4", "label": "札幌 4", "call_short": "G7960 S50 .K61", "call_num": "G7960 S50 .K61 NK-54-14-4", "recid": "tn163ch4063", "websiteUrl": "https://purl.stanford.edu/tn163ch4063", "title": "[日本] 五万分一地形圖", "ckey": 9741696, "available": true, "iiifUrl": "https://purl.stanford.edu/tn163ch4063/iiif/manifest" }, "geometry": { "type": "Polygon", "coordinates": [ [ [ 141.75, 42.666667 ], [ 142.0, 42.666667 ], [ 142.0, 42.8333335 ], [ 141.75, 42.8333335 ], [ 141.75, 42.666667 ] ] ] } },
{ "type": "Feature", "properties": { "Id": 0, "Sheet_ID": "札幌 15_1917", "label": "札幌 15_1917", "call_short": "G7960 S50 .K61", "call_num": "G7960 S50 .K61 NK-54-14-15 1917", "recid": "ps005sg2685", "websiteUrl": "https://purl.stanford.edu/ps005sg2685", "title": "[日本] 五万分一地形圖", "ckey": 9741696, "available": true, "iiifUrl": "https://purl.stanford.edu/ps005sg2685/iiif/manifest" }, "geometry": { "type": "Polygon", "coordinates": [ [ [ 141.0, 42.8333335 ], [ 141.25, 42.8333335 ], [ 141.25, 43.0 ], [ 141.0, 43.0 ], [ 141.0, 42.8333335 ] ] ] } },
{ "type": "Feature", "properties": { "Id": 0, "Sheet_ID": "札幌 11_1920", "label": "札幌 11_1920", "call_short": "G7960 S50 .K61", "call_num": "G7960 S50 .K61 NK-54-14-11 1920", "recid": "wv278zm8026", "websiteUrl": "https://purl.stanford.edu/wv278zm8026", "title": "[日本] 五万分一地形圖", "ckey": 9741696, "available": true, "iiifUrl": "https://purl.stanford.edu/wv278zm8026/iiif/manifest" }, "geometry": { "type": "Polygon", "coordinates": [ [ [ 141.25, 42.8333335 ], [ 141.5, 42.8333335 ], [ 141.5, 43.0 ], [ 141.25, 43.0 ], [ 141.25, 42.8333335 ] ] ] } },
{ "type": "Feature", "properties": { "Id": 0, "Sheet_ID": "札幌 7 ED.2", "label": "札幌 7 ED.2", "call_short": "G7960 S50 .K61", "call_num": "G7960 S50 .K61 NK-54-14-7 ED.2", "recid": "xk639hb9002", "websiteUrl": "https://purl.stanford.edu/xk639hb9002", "title": "[日本] 五万分一地形圖", "ckey": 9741696, "available": true, "iiifUrl": "https://purl.stanford.edu/xk639hb9002/iiif/manifest" }, "geometry": { "type": "Polygon", "coordinates": [ [ [ 141.5, 42.8333335 ], [ 141.75, 42.8333335 ], [ 141.75, 43.0 ], [ 141.5, 43.0 ], [ 141.5, 42.8333335 ] ] ] } },
{ "type": "Feature", "properties": { "Id": 0, "Sheet_ID": "札幌 3", "label": "札幌 3", "call_short": "G7960 S50 .K61", "call_num": "G7960 S50 .K61 NK-54-14-3", "recid": "bm220tc0473", "websiteUrl": "https://purl.stanford.edu/bm220tc0473", "title": "[日本] 五万分一地形圖", "ckey": 9741696, "available": true, "iiifUrl": "https://purl.stanford.edu/bm220tc0473/iiif/manifest" }, "geometry": { "type": "Polygon", "coordinates": [ [ [ 141.75, 42.8333335 ], [ 142.0, 42.8333335 ], [ 142.0, 43.0 ], [ 141.75, 43.0 ], [ 141.75, 42.8333335 ] ] ] } },
{ "type": "Feature", "properties": { "Id": 0, "Sheet_ID": "札幌 14_1917", "label": "札幌 14_1917", "call_short": "G7960 S50 .K61", "call_num": "G7960 S50 .K61 NK-54-14-14 1917", "recid": "zg600gz5954", "websiteUrl": "https://purl.stanford.edu/zg600gz5954", "title": "[日本] 五万分一地形圖", "ckey": 9741696, "available": true, "iiifUrl": "https://purl.stanford.edu/zg600gz5954/iiif/manifest" }, "geometry": { "type": "Polygon", "coordinates": [ [ [ 141.0, 43.0 ], [ 141.25, 43.0 ], [ 141.25, 43.1666665 ], [ 141.0, 43.1666665 ], [ 141.0, 43.0 ] ] ] } },
{ "type": "Feature", "properties": { "Id": 0, "Sheet_ID": "札幌 10_1918", "label": "札幌 10_1918", "call_short": "G7960 S50 .K61", "call_num": "G7960 S50 .K61 NK-54-14-10 1918", "recid": "ph485nk2768", "websiteUrl": "https://purl.stanford.edu/ph485nk2768", "title": "[日本] 五万分一地形圖", "ckey": 9741696, "available": true, "iiifUrl": "https://purl.stanford.edu/ph485nk2768/iiif/manifest" }, "geometry": { "type": "Polygon", "coordinates": [ [ [ 141.25, 43.0 ], [ 141.5, 43.0 ], [ 141.5, 43.1666665 ], [ 141.25, 43.1666665 ], [ 141.25, 43.0 ] ] ] } },
{ "type": "Feature", "properties": { "Id": 0, "Sheet_ID": "札幌 6", "label": "札幌 6", "call_short": "G7960 S50 .K61", "call_num": "G7960 S50 .K61 NK-54-14-6", "recid": "pk212rr1176", "websiteUrl": "https://purl.stanford.edu/pk212rr1176", "title": "[日本] 五万分一地形圖", "ckey": 9741696, "available": true, "iiifUrl": "https://purl.stanford.edu/pk212rr1176/iiif/manifest" }, "geometry": { "type": "Polygon", "coordinates": [ [ [ 141.5, 43.0 ], [ 141.75, 43.0 ], [ 141.75, 43.1666665 ], [ 141.5, 43.1666665 ], [ 141.5, 43.0 ] ] ] } },
{ "type": "Feature", "properties": { "Id": 0, "Sheet_ID": "札幌 2", "label": "札幌 2", "call_short": "G7960 S50 .K61", "call_num": "G7960 S50 .K61 NK-54-14-2", "recid": "cx337vv9099", "websiteUrl": "https://purl.stanford.edu/cx337vv9099", "title": "[日本] 五万分一地形圖", "ckey": 9741696, "available": true, "iiifUrl": "https://purl.stanford.edu/cx337vv9099/iiif/manifest" }, "geometry": { "type": "Polygon", "coordinates": [ [ [ 141.75, 43.0 ], [ 142.0, 43.0 ], [ 142.0, 43.1666665 ], [ 141.75, 43.1666665 ], [ 141.75, 43.0 ] ] ] } },
{ "type": "Feature", "properties": { "Id": 0, "Sheet_ID": "札幌 13", "label": "札幌 13", "call_short": "G7960 S50 .K61", "call_num": "G7960 S50 .K61 NK-54-14-13", "recid": "kv323jy3525", "websiteUrl": "https://purl.stanford.edu/kv323jy3525", "title": "[日本] 五万分一地形圖", "ckey": 9741696, "available": true, "iiifUrl": "https://purl.stanford.edu/kv323jy3525/iiif/manifest" }, "geometry": { "type": "Polygon", "coordinates": [ [ [ 141.0, 43.1666665 ], [ 141.25, 43.1666665 ], [ 141.25, 43.333333 ], [ 141.0, 43.333333 ], [ 141.0, 43.1666665 ] ] ] } },
{ "type": "Feature", "properties": { "Id": 0, "Sheet_ID": "札幌 9", "label": "札幌 9", "call_short": "G7960 S50 .K61", "call_num": "G7960 S50 .K61 NK-54-14-9", "recid": "hw356hv7926", "websiteUrl": "https://purl.stanford.edu/hw356hv7926", "title": "[日本] 五万分一地形圖", "ckey": 9741696, "available": true, "iiifUrl": "https://purl.stanford.edu/hw356hv7926/iiif/manifest" }, "geometry": { "type": "Polygon", "coordinates": [ [ [ 141.25, 43.1666665 ], [ 141.5, 43.1666665 ], [ 141.5, 43.333333 ], [ 141.25, 43.333333 ], [ 141.25, 43.1666665 ] ] ] } },
{ "type": "Feature", "properties": { "Id": 0, "Sheet_ID": "札幌 5", "label": "札幌 5", "call_short": "G7960 S50 .K61", "call_num": "G7960 S50 .K61 NK-54-14-5", "recid": "cx143gy5368", "websiteUrl": "https://purl.stanford.edu/cx143gy5368", "title": "[日本] 五万分一地形圖", "ckey": 9741696, "available": true, "iiifUrl": "https://purl.stanford.edu/cx143gy5368/iiif/manifest" }, "geometry": { "type": "Polygon", "coordinates": [ [ [ 141.5, 43.1666665 ], [ 141.75, 43.1666665 ], [ 141.75, 43.333333 ], [ 141.5, 43.333333 ], [ 141.5, 43.1666665 ] ] ] } },
{ "type": "Feature", "properties": { "Id": 0, "Sheet_ID": "札幌 1", "label": "札幌 1", "call_short": "G7960 S50 .K61", "call_num": "G7960 S50 .K61 NK-54-14-1", "recid": "wk412nf2957", "websiteUrl": "https://purl.stanford.edu/wk412nf2957", "title": "[日本] 五万分一地形圖", "ckey": 9741696, "available": true, "iiifUrl": "https://purl.stanford.edu/wk412nf2957/iiif/manifest" }, "geometry": { "type": "Polygon", "coordinates": [ [ [ 141.75, 43.1666665 ], [ 142.0, 43.1666665 ], [ 142.0, 43.333333 ], [ 141.75, 43.333333 ], [ 141.75, 43.1666665 ] ] ] } },
{ "type": "Feature", "properties": { "Id": 0, "Sheet_ID": "札幌 7", "label": "札幌 7", "call_short": "G7960 S50 .K61", "call_num": "G7960 S50 .K61 NK-54-14-7", "recid": "gq325rd4323", "websiteUrl": "https://purl.stanford.edu/gq325rd4323", "title": "[日本] 五万分一地形圖", "ckey": 9741696, "available": true, "iiifUrl": "https://purl.stanford.edu/gq325rd4323/iiif/manifest" }, "geometry": { "type": "Polygon", "coordinates": [ [ [ 141.5, 42.8333335 ], [ 141.75, 42.8333335 ], [ 141.75, 43.0 ], [ 141.5, 43.0 ], [ 141.5, 42.8333335 ] ] ] } },
{ "type": "Feature", "properties": { "Id": 0, "Sheet_ID": "札幌 10_1935", "label": "札幌 10_1935", "call_short": "G7960 S50 .K61", "call_num": "G7960 S50 .K61 NK-54-14-10 1935", "recid": "xj296tg8907", "websiteUrl": "https://purl.stanford.edu/xj296tg8907", "title": "[日本] 五万分一地形圖", "ckey": 9741696, "available": true, "iiifUrl": "https://purl.stanford.edu/xj296tg8907/iiif/manifest" }, "geometry": { "type": "Polygon", "coordinates": [ [ [ 141.25, 43.0 ], [ 141.5, 43.0 ], [ 141.5, 43.1666665 ], [ 141.25, 43.1666665 ], [ 141.25, 43.0 ] ] ] } },
{ "type": "Feature", "properties": { "Id": 0, "Sheet_ID": "札幌 11_1935 ED.2", "label": "札幌 11_1935 ED.2", "call_short": "G7960 S50 .K61", "call_num": "G7960 S50 .K61 NK-54-14-11 1935 ED.2", "recid": "gq740sx2393", "websiteUrl": "https://purl.stanford.edu/gq740sx2393", "title": "[日本] 五万分一地形圖", "ckey": 9741696, "available": true, "iiifUrl": "https://purl.stanford.edu/gq740sx2393/iiif/manifest" }, "geometry": { "type": "Polygon", "coordinates": [ [ [ 141.25, 42.8333335 ], [ 141.5, 42.8333335 ], [ 141.5, 43.0 ], [ 141.25, 43.0 ], [ 141.25, 42.8333335 ] ] ] } },
{ "type": "Feature", "properties": { "Id": 0, "Sheet_ID": "札幌 11_1935", "label": "札幌 11_1935", "call_short": "G7960 S50 .K61", "call_num": "G7960 S50 .K61 NK-54-14-11 1935", "recid": "ct580jc6541", "websiteUrl": "https://purl.stanford.edu/ct580jc6541", "title": "[日本] 五万分一地形圖", "ckey": 9741696, "available": true, "iiifUrl": "https://purl.stanford.edu/ct580jc6541/iiif/manifest" }, "geometry": { "type": "Polygon", "coordinates": [ [ [ 141.25, 42.8333335 ], [ 141.5, 42.8333335 ], [ 141.5, 43.0 ], [ 141.25, 43.0 ], [ 141.25, 42.8333335 ] ] ] } },
{ "type": "Feature", "properties": { "Id": 0, "Sheet_ID": "札幌 12", "label": "札幌 12", "call_short": "G7960 S50 .K61", "call_num": "G7960 S50 .K61 NK-54-14-12", "recid": "yr749rh9869", "websiteUrl": "https://purl.stanford.edu/yr749rh9869", "title": "[日本] 五万分一地形圖", "ckey": 9741696, "available": true, "iiifUrl": "https://purl.stanford.edu/yr749rh9869/iiif/manifest" }, "geometry": { "type": "Polygon", "coordinates": [ [ [ 141.25, 42.666667 ], [ 141.5, 42.666667 ], [ 141.5, 42.8333335 ], [ 141.25, 42.8333335 ], [ 141.25, 42.666667 ] ] ] } },
{ "type": "Feature", "properties": { "Id": 0, "Sheet_ID": "札幌 14_1935", "label": "札幌 14_1935", "call_short": "G7960 S50 .K61", "call_num": "G7960 S50 .K61 NK-54-14-14 1935", "recid": "ws202nh2045", "websiteUrl": "https://purl.stanford.edu/ws202nh2045", "title": "[日本] 五万分一地形圖", "ckey": 9741696, "available": true, "iiifUrl": "https://purl.stanford.edu/ws202nh2045/iiif/manifest" }, "geometry": { "type": "Polygon", "coordinates": [ [ [ 141.0, 43.0 ], [ 141.25, 43.0 ], [ 141.25, 43.1666665 ], [ 141.0, 43.1666665 ], [ 141.0, 43.0 ] ] ] } },
{ "type": "Feature", "properties": { "Id": 0, "Sheet_ID": "札幌 15_1920", "label": "札幌 15_1920", "call_short": "G7960 S50 .K61", "call_num": "G7960 S50 .K61 NK-54-14-15 1920", "recid": "hv049td1033", "websiteUrl": "https://purl.stanford.edu/hv049td1033", "title": "[日本] 五万分一地形圖", "ckey": 9741696, "available": true, "iiifUrl": "https://purl.stanford.edu/hv049td1033/iiif/manifest" }, "geometry": { "type": "Polygon", "coordinates": [ [ [ 141.0, 42.8333335 ], [ 141.25, 42.8333335 ], [ 141.25, 43.0 ], [ 141.0, 43.0 ], [ 141.0, 42.8333335 ] ] ] } },
{ "type": "Feature", "properties": { "Id": 0, "Sheet_ID": "苫小牧 14", "label": "苫小牧 14", "call_short": "G7960 S50 .K61", "call_num": "G7960 S50 .K61 NK-54-15-14", "recid": "tq896wh6400", "websiteUrl": "https://purl.stanford.edu/tq896wh6400", "title": "[日本] 五万分一地形圖", "ckey": 9741696, "available": true, "iiifUrl": "https://purl.stanford.edu/tq896wh6400/iiif/manifest" }, "geometry": { "type": "Polygon", "coordinates": [ [ [ 141.25, 42.3333335 ], [ 141.25, 42.48 ], [ 141.28, 42.48 ], [ 141.28, 42.5000002 ], [ 141.25, 42.5000002 ], [ 141.0, 42.5000002 ], [ 141.0, 42.3333335 ], [ 141.25, 42.3333335 ] ] ] } },
{ "type": "Feature", "properties": { "Id": 0, "Sheet_ID": "苫小牧 13", "label": "苫小牧 13", "call_short": "G7960 S50 .K61", "call_num": "G7960 S50 .K61 NK-54-15-13", "recid": "wg860qc9421", "websiteUrl": "https://purl.stanford.edu/wg860qc9421", "title": "[日本] 五万分一地形圖", "ckey": 9741696, "available": true, "iiifUrl": "https://purl.stanford.edu/wg860qc9421/iiif/manifest" }, "geometry": { "type": "Polygon", "coordinates": [ [ [ 141.0, 42.5000002 ], [ 141.25, 42.5000002 ], [ 141.25, 42.666667 ], [ 141.0, 42.666667 ], [ 141.0, 42.5000002 ] ] ] } },
{ "type": "Feature", "properties": { "Id": 0, "Sheet_ID": "苫小牧 9 ED.2", "label": "苫小牧 9 ED.2", "call_short": "G7960 S50 .K61", "call_num": "G7960 S50 .K61 NK-54-15-9 ED.2", "recid": "qw814zp4136", "websiteUrl": "https://purl.stanford.edu/qw814zp4136", "title": "[日本] 五万分一地形圖", "ckey": 9741696, "available": true, "iiifUrl": "https://purl.stanford.edu/qw814zp4136/iiif/manifest" }, "geometry": { "type": "Polygon", "coordinates": [ [ [ 141.25, 42.5000002 ], [ 141.5, 42.5000002 ], [ 141.5, 42.666667 ], [ 141.25, 42.666667 ], [ 141.25, 42.5000002 ] ] ] } },
{ "type": "Feature", "properties": { "Id": 0, "Sheet_ID": "苫小牧 5", "label": "苫小牧 5", "call_short": "G7960 S50 .K61", "call_num": "G7960 S50 .K61 NK-54-15-5", "recid": "gg525kb3689", "websiteUrl": "https://purl.stanford.edu/gg525kb3689", "title": "[日本] 五万分一地形圖", "ckey": 9741696, "available": true, "iiifUrl": "https://purl.stanford.edu/gg525kb3689/iiif/manifest" }, "geometry": { "type": "Polygon", "coordinates": [ [ [ 141.5, 42.5000002 ], [ 141.75, 42.5000002 ], [ 141.75, 42.666667 ], [ 141.5, 42.666667 ], [ 141.5, 42.5000002 ] ] ] } },
{ "type": "Feature", "properties": { "Id": 0, "Sheet_ID": "苫小牧 1", "label": "苫小牧 1", "call_short": "G7960 S50 .K61", "call_num": "G7960 S50 .K61 NK-54-15-1", "recid": "mg596wk9770", "websiteUrl": "https://purl.stanford.edu/mg596wk9770", "title": "[日本] 五万分一地形圖", "ckey": 9741696, "available": true, "iiifUrl": "https://purl.stanford.edu/mg596wk9770/iiif/manifest" }, "geometry": { "type": "Polygon", "coordinates": [ [ [ 141.75, 42.5000002 ], [ 142.0, 42.5000002 ], [ 142.0, 42.666667 ], [ 141.75, 42.666667 ], [ 141.75, 42.5000002 ] ] ] } },
{ "type": "Feature", "properties": { "Id": 0, "Sheet_ID": "苫小牧 9", "label": "苫小牧 9", "call_short": "G7960 S50 .K61", "call_num": "G7960 S50 .K61 NK-54-15-9", "recid": "gc656yb9866", "websiteUrl": "https://purl.stanford.edu/gc656yb9866", "title": "[日本] 五万分一地形圖", "ckey": 9741696, "available": true, "iiifUrl": "https://purl.stanford.edu/gc656yb9866/iiif/manifest" }, "geometry": { "type": "Polygon", "coordinates": [ [ [ 141.25, 42.5000002 ], [ 141.5, 42.5000002 ], [ 141.5, 42.666667 ], [ 141.25, 42.666667 ], [ 141.25, 42.5000002 ] ] ] } },
{ "type": "Feature", "properties": { "Id": 0, "Sheet_ID": "尻屋崎 16", "label": "尻屋崎 16", "call_short": "G7960 S50 .K61", "call_num": "G7960 S50 .K61 NK-54-16-16", "recid": "yf903fb6617", "websiteUrl": "https://purl.stanford.edu/yf903fb6617", "title": "[日本] 五万分一地形圖", "ckey": 9741696, "available": true, "iiifUrl": "https://purl.stanford.edu/yf903fb6617/iiif/manifest" }, "geometry": { "type": "Polygon", "coordinates": [ [ [ 141.0, 41.333333 ], [ 141.25, 41.333333 ], [ 141.25, 41.4999998 ], [ 141.0, 41.4999998 ], [ 141.0, 41.333333 ] ] ] } },
{ "type": "Feature", "properties": { "Id": 0, "Sheet_ID": "尻屋崎 12", "label": "尻屋崎 12", "call_short": "0", "call_num": "0", "recid": "0", "websiteUrl": "0", "title": "0", "ckey": 0, "available": false, "iiifUrl": "0" }, "geometry": { "type": "Polygon", "coordinates": [ [ [ 141.25, 41.333333 ], [ 141.5, 41.333333 ], [ 141.5, 41.4999998 ], [ 141.25, 41.4999998 ], [ 141.25, 41.333333 ] ] ] } },
{ "type": "Feature", "properties": { "Id": 0, "Sheet_ID": "尻屋崎 14", "label": "尻屋崎 14", "call_short": "0", "call_num": "0", "recid": "0", "websiteUrl": "0", "title": "0", "ckey": 0, "available": false, "iiifUrl": "0" }, "geometry": { "type": "Polygon", "coordinates": [ [ [ 141.0, 41.6666665 ], [ 141.25, 41.6666665 ], [ 141.25, 41.8333333 ], [ 141.0, 41.8333333 ], [ 141.0, 41.6666665 ] ] ] } },
{ "type": "Feature", "properties": { "Id": 0, "Sheet_ID": "尻屋崎 13", "label": "尻屋崎 13", "call_short": "0", "call_num": "0", "recid": "0", "websiteUrl": "0", "title": "0", "ckey": 0, "available": false, "iiifUrl": "0" }, "geometry": { "type": "Polygon", "coordinates": [ [ [ 141.0, 41.8333333 ], [ 141.25, 41.8333333 ], [ 141.25, 42.0 ], [ 141.0, 42.0 ], [ 141.0, 41.8333333 ] ] ] } },
{ "type": "Feature", "properties": { "Id": 0, "Sheet_ID": "岩内 16 ED.2", "label": "岩内 16 ED.2", "call_short": "G7960 S50 .K61", "call_num": "G7960 S50 .K61 NK-54-20-16 ED.2", "recid": "zg809ct0330", "websiteUrl": "https://purl.stanford.edu/zg809ct0330", "title": "[日本] 五万分一地形圖", "ckey": 9741696, "available": true, "iiifUrl": "https://purl.stanford.edu/zg809ct0330/iiif/manifest" }, "geometry": { "type": "Polygon", "coordinates": [ [ [ 140.0, 42.666667 ], [ 140.25, 42.666667 ], [ 140.25, 42.8333335 ], [ 140.0, 42.8333335 ], [ 140.0, 42.666667 ] ] ] } },
{ "type": "Feature", "properties": { "Id": 0, "Sheet_ID": "岩内 12", "label": "岩内 12", "call_short": "G7960 S50 .K61", "call_num": "G7960 S50 .K61 NK-54-20-12", "recid": "ty772gg4081", "websiteUrl": "https://purl.stanford.edu/ty772gg4081", "title": "[日本] 五万分一地形圖", "ckey": 9741696, "available": true, "iiifUrl": "https://purl.stanford.edu/ty772gg4081/iiif/manifest" }, "geometry": { "type": "Polygon", "coordinates": [ [ [ 140.25, 42.666667 ], [ 140.5, 42.666667 ], [ 140.5, 42.8333335 ], [ 140.25, 42.8333335 ], [ 140.25, 42.666667 ] ] ] } },
{ "type": "Feature", "properties": { "Id": 0, "Sheet_ID": "岩内 8_1917", "label": "岩内 8_1917", "call_short": "G7960 S50 .K61", "call_num": "G7960 S50 .K61 NK-54-20-8 1917", "recid": "fx522cs3075", "websiteUrl": "https://purl.stanford.edu/fx522cs3075", "title": "[日本] 五万分一地形圖", "ckey": 9741696, "available": true, "iiifUrl": "https://purl.stanford.edu/fx522cs3075/iiif/manifest" }, "geometry": { "type": "Polygon", "coordinates": [ [ [ 140.5, 42.666667 ], [ 140.75, 42.666667 ], [ 140.75, 42.8333335 ], [ 140.5, 42.8333335 ], [ 140.5, 42.666667 ] ] ] } },
{ "type": "Feature", "properties": { "Id": 0, "Sheet_ID": "岩内 4_1920", "label": "岩内 4_1920", "call_short": "G7960 S50 .K61", "call_num": "G7960 S50 .K61 NK-54-20-4 1920", "recid": "rr755xb8014", "websiteUrl": "https://purl.stanford.edu/rr755xb8014", "title": "[日本] 五万分一地形圖", "ckey": 9741696, "available": true, "iiifUrl": "https://purl.stanford.edu/rr755xb8014/iiif/manifest" }, "geometry": { "type": "Polygon", "coordinates": [ [ [ 140.75, 42.666667 ], [ 141.0, 42.666667 ], [ 141.0, 42.8333335 ], [ 140.75, 42.8333335 ], [ 140.75, 42.666667 ] ] ] } },
{ "type": "Feature", "properties": { "Id": 0, "Sheet_ID": "岩内 11", "label": "岩内 11", "call_short": "G7960 S50 .K61", "call_num": "G7960 S50 .K61 NK-54-20-11", "recid": "dx890wh1783", "websiteUrl": "https://purl.stanford.edu/dx890wh1783", "title": "[日本] 五万分一地形圖", "ckey": 9741696, "available": true, "iiifUrl": "https://purl.stanford.edu/dx890wh1783/iiif/manifest" }, "geometry": { "type": "Polygon", "coordinates": [ [ [ 140.25, 42.8333335 ], [ 140.5, 42.8333335 ], [ 140.5, 43.0 ], [ 140.25, 43.0 ], [ 140.25, 42.8333335 ] ] ] } },
{ "type": "Feature", "properties": { "Id": 0, "Sheet_ID": "岩内 7_1917", "label": "岩内 7_1917", "call_short": "G7960 S50 .K61", "call_num": "G7960 S50 .K61 NK-54-20-7 1917", "recid": "rr183yz0512", "websiteUrl": "https://purl.stanford.edu/rr183yz0512", "title": "[日本] 五万分一地形圖", "ckey": 9741696, "available": true, "iiifUrl": "https://purl.stanford.edu/rr183yz0512/iiif/manifest" }, "geometry": { "type": "Polygon", "coordinates": [ [ [ 140.5, 42.8333335 ], [ 140.75, 42.8333335 ], [ 140.75, 43.0 ], [ 140.5, 43.0 ], [ 140.5, 42.8333335 ] ] ] } },
{ "type": "Feature", "properties": { "Id": 0, "Sheet_ID": "岩内 3_1919", "label": "岩内 3_1919", "call_short": "G7960 S50 .K61", "call_num": "G7960 S50 .K61 NK-54-20-3 1919", "recid": "sn826fd0869", "websiteUrl": "https://purl.stanford.edu/sn826fd0869", "title": "[日本] 五万分一地形圖", "ckey": 9741696, "available": true, "iiifUrl": "https://purl.stanford.edu/sn826fd0869/iiif/manifest" }, "geometry": { "type": "Polygon", "coordinates": [ [ [ 140.75, 42.8333335 ], [ 141.0, 42.8333335 ], [ 141.0, 43.0 ], [ 140.75, 43.0 ], [ 140.75, 42.8333335 ] ] ] } },
{ "type": "Feature", "properties": { "Id": 0, "Sheet_ID": "岩内 10", "label": "岩内 10", "call_short": "G7960 S50 .K61", "call_num": "G7960 S50 .K61 NK-54-20-10", "recid": "cf455dg4393", "websiteUrl": "https://purl.stanford.edu/cf455dg4393", "title": "[日本] 五万分一地形圖", "ckey": 9741696, "available": true, "iiifUrl": "https://purl.stanford.edu/cf455dg4393/iiif/manifest" }, "geometry": { "type": "Polygon", "coordinates": [ [ [ 140.25, 43.0 ], [ 140.5, 43.0 ], [ 140.5, 43.1666665 ], [ 140.25, 43.1666665 ], [ 140.25, 43.0 ] ] ] } },
{ "type": "Feature", "properties": { "Id": 0, "Sheet_ID": "岩内 6", "label": "岩内 6", "call_short": "0", "call_num": "0", "recid": "0", "websiteUrl": "0", "title": "0", "ckey": 0, "available": false, "iiifUrl": "0" }, "geometry": { "type": "Polygon", "coordinates": [ [ [ 140.5, 43.0 ], [ 140.75, 43.0 ], [ 140.75, 43.1666665 ], [ 140.5, 43.1666665 ], [ 140.5, 43.0 ] ] ] } },
{ "type": "Feature", "properties": { "Id": 0, "Sheet_ID": "岩内 2", "label": "岩内 2", "call_short": "G7960 S50 .K61", "call_num": "G7960 S50 .K61 NK-54-20-2", "recid": "gg326xf0393", "websiteUrl": "https://purl.stanford.edu/gg326xf0393", "title": "[日本] 五万分一地形圖", "ckey": 9741696, "available": true, "iiifUrl": "https://purl.stanford.edu/gg326xf0393/iiif/manifest" }, "geometry": { "type": "Polygon", "coordinates": [ [ [ 140.75, 43.0 ], [ 141.0, 43.0 ], [ 141.0, 43.1666665 ], [ 140.75, 43.1666665 ], [ 140.75, 43.0 ] ] ] } },
{ "type": "Feature", "properties": { "Id": 0, "Sheet_ID": "岩内 9", "label": "岩内 9", "call_short": "G7960 S50 .K61", "call_num": "G7960 S50 .K61 NK-54-20-9", "recid": "vd614sb6922", "websiteUrl": "https://purl.stanford.edu/vd614sb6922", "title": "[日本] 五万分一地形圖", "ckey": 9741696, "available": true, "iiifUrl": "https://purl.stanford.edu/vd614sb6922/iiif/manifest" }, "geometry": { "type": "Polygon", "coordinates": [ [ [ 140.25, 43.1666665 ], [ 140.5, 43.1666665 ], [ 140.5, 43.333333 ], [ 140.25, 43.333333 ], [ 140.25, 43.1666665 ] ] ] } },
{ "type": "Feature", "properties": { "Id": 0, "Sheet_ID": "岩内 5 ED.2", "label": "岩内 5 ED.2", "call_short": "G7960 S50 .K61", "call_num": "G7960 S50 .K61 NK-54-20-5 ED.2", "recid": "zx243wd6348", "websiteUrl": "https://purl.stanford.edu/zx243wd6348", "title": "[日本] 五万分一地形圖", "ckey": 9741696, "available": true, "iiifUrl": "https://purl.stanford.edu/zx243wd6348/iiif/manifest" }, "geometry": { "type": "Polygon", "coordinates": [ [ [ 140.5, 43.1666665 ], [ 140.75, 43.1666665 ], [ 140.75, 43.333333 ], [ 140.5, 43.333333 ], [ 140.5, 43.1666665 ] ] ] } },
{ "type": "Feature", "properties": { "Id": 0, "Sheet_ID": "岩内 1", "label": "岩内 1", "call_short": "G7960 S50 .K61", "call_num": "G7960 S50 .K61 NK-54-20-1", "recid": "wd606ws0671", "websiteUrl": "https://purl.stanford.edu/wd606ws0671", "title": "[日本] 五万分一地形圖", "ckey": 9741696, "available": true, "iiifUrl": "https://purl.stanford.edu/wd606ws0671/iiif/manifest" }, "geometry": { "type": "Polygon", "coordinates": [ [ [ 140.75, 43.1666665 ], [ 141.0, 43.1666665 ], [ 141.0, 43.333333 ], [ 140.75, 43.333333 ], [ 140.75, 43.1666665 ] ] ] } },
{ "type": "Feature", "properties": { "Id": 0, "Sheet_ID": "岩内 5_北部", "label": "岩内 5_北部", "call_short": "0", "call_num": "0", "recid": "0", "websiteUrl": "0", "title": "0", "ckey": 0, "available": false, "iiifUrl": "0" }, "geometry": { "type": "Polygon", "coordinates": [ [ [ 140.5, 43.5 ], [ 140.5, 43.333333 ], [ 140.75, 43.333333 ], [ 140.75, 43.5 ], [ 140.5, 43.5 ] ] ] } },
{ "type": "Feature", "properties": { "Id": 0, "Sheet_ID": "岩内 9_北部", "label": "岩内 9_北部", "call_short": "G7960 S50 .K61", "call_num": "G7960 S50 .K61 NK-54-20-9 NORTH", "recid": "hk399qf4067", "websiteUrl": "https://purl.stanford.edu/hk399qf4067", "title": "[日本] 五万分一地形圖", "ckey": 9741696, "available": true, "iiifUrl": "https://purl.stanford.edu/hk399qf4067/iiif/manifest" }, "geometry": { "type": "Polygon", "coordinates": [ [ [ 140.25, 43.5 ], [ 140.25, 43.333333 ], [ 140.5, 43.333333 ], [ 140.5, 43.5 ], [ 140.25, 43.5 ] ] ] } },
{ "type": "Feature", "properties": { "Id": 0, "Sheet_ID": "岩内 3_1931", "label": "岩内 3_1931", "call_short": "G7960 S50 .K61", "call_num": "G7960 S50 .K61 NK-54-20-3 1931", "recid": "py949bw6898", "websiteUrl": "https://purl.stanford.edu/py949bw6898", "title": "[日本] 五万分一地形圖", "ckey": 9741696, "available": true, "iiifUrl": "https://purl.stanford.edu/py949bw6898/iiif/manifest" }, "geometry": { "type": "Polygon", "coordinates": [ [ [ 140.75, 42.8333335 ], [ 141.0, 42.8333335 ], [ 141.0, 43.0 ], [ 140.75, 43.0 ], [ 140.75, 42.8333335 ] ] ] } },
{ "type": "Feature", "properties": { "Id": 0, "Sheet_ID": "岩内 4_1931 ED.2", "label": "岩内 4_1931 ED.2", "call_short": "G7960 S50 .K61", "call_num": "G7960 S50 .K61 NK-54-20-4 1931 ED.2", "recid": "gq791xm0455", "websiteUrl": "https://purl.stanford.edu/gq791xm0455", "title": "[日本] 五万分一地形圖", "ckey": 9741696, "available": true, "iiifUrl": "https://purl.stanford.edu/gq791xm0455/iiif/manifest" }, "geometry": { "type": "Polygon", "coordinates": [ [ [ 140.75, 42.666667 ], [ 141.0, 42.666667 ], [ 141.0, 42.8333335 ], [ 140.75, 42.8333335 ], [ 140.75, 42.666667 ] ] ] } },
{ "type": "Feature", "properties": { "Id": 0, "Sheet_ID": "岩内 4_1931", "label": "岩内 4_1931", "call_short": "G7960 S50 .K61", "call_num": "G7960 S50 .K61 NK-54-20-4 1931", "recid": "bs659ff3817", "websiteUrl": "https://purl.stanford.edu/bs659ff3817", "title": "[日本] 五万分一地形圖", "ckey": 9741696, "available": true, "iiifUrl": "https://purl.stanford.edu/bs659ff3817/iiif/manifest" }, "geometry": { "type": "Polygon", "coordinates": [ [ [ 140.75, 42.666667 ], [ 141.0, 42.666667 ], [ 141.0, 42.8333335 ], [ 140.75, 42.8333335 ], [ 140.75, 42.666667 ] ] ] } },
{ "type": "Feature", "properties": { "Id": 0, "Sheet_ID": "岩内 5", "label": "岩内 5", "call_short": "G7960 S50 .K61", "call_num": "G7960 S50 .K61 NK-54-20-5", "recid": "sq842dx6340", "websiteUrl": "https://purl.stanford.edu/sq842dx6340", "title": "[日本] 五万分一地形圖", "ckey": 9741696, "available": true, "iiifUrl": "https://purl.stanford.edu/sq842dx6340/iiif/manifest" }, "geometry": { "type": "Polygon", "coordinates": [ [ [ 140.5, 43.1666665 ], [ 140.75, 43.1666665 ], [ 140.75, 43.333333 ], [ 140.5, 43.333333 ], [ 140.5, 43.1666665 ] ] ] } },
{ "type": "Feature", "properties": { "Id": 0, "Sheet_ID": "岩内 7_1920", "label": "岩内 7_1920", "call_short": "G7960 S50 .K61", "call_num": "G7960 S50 .K61 NK-54-20-7 1920", "recid": "rm830hx3210", "websiteUrl": "https://purl.stanford.edu/rm830hx3210", "title": "[日本] 五万分一地形圖", "ckey": 9741696, "available": true, "iiifUrl": "https://purl.stanford.edu/rm830hx3210/iiif/manifest" }, "geometry": { "type": "Polygon", "coordinates": [ [ [ 140.5, 42.8333335 ], [ 140.75, 42.8333335 ], [ 140.75, 43.0 ], [ 140.5, 43.0 ], [ 140.5, 42.8333335 ] ] ] } },
{ "type": "Feature", "properties": { "Id": 0, "Sheet_ID": "岩内 8_1920", "label": "岩内 8_1920", "call_short": "G7960 S50 .K61", "call_num": "G7960 S50 .K61 NK-54-20-8 1920", "recid": "xm969vd7626", "websiteUrl": "https://purl.stanford.edu/xm969vd7626", "title": "[日本] 五万分一地形圖", "ckey": 9741696, "available": true, "iiifUrl": "https://purl.stanford.edu/xm969vd7626/iiif/manifest" }, "geometry": { "type": "Polygon", "coordinates": [ [ [ 140.5, 42.666667 ], [ 140.75, 42.666667 ], [ 140.75, 42.8333335 ], [ 140.5, 42.8333335 ], [ 140.5, 42.666667 ] ] ] } },
{ "type": "Feature", "properties": { "Id": 0, "Sheet_ID": "岩内 16", "label": "岩内 16", "call_short": "G7960 S50 .K61", "call_num": "G7960 S50 .K61 NK-54-20-16", "recid": "dk361jr7644", "websiteUrl": "https://purl.stanford.edu/dk361jr7644", "title": "[日本] 五万分一地形圖", "ckey": 9741696, "available": true, "iiifUrl": "https://purl.stanford.edu/dk361jr7644/iiif/manifest" }, "geometry": { "type": "Polygon", "coordinates": [ [ [ 140.0, 42.666667 ], [ 140.25, 42.666667 ], [ 140.25, 42.8333335 ], [ 140.0, 42.8333335 ], [ 140.0, 42.666667 ] ] ] } },
{ "type": "Feature", "properties": { "Id": 0, "Sheet_ID": "室蘭 16", "label": "室蘭 16", "call_short": "G7960 S50 .K61", "call_num": "G7960 S50 .K61 NK-54-21-16", "recid": "wy188xq7356", "websiteUrl": "https://purl.stanford.edu/wy188xq7356", "title": "[日本] 五万分一地形圖", "ckey": 9741696, "available": true, "iiifUrl": "https://purl.stanford.edu/wy188xq7356/iiif/manifest" }, "geometry": { "type": "Polygon", "coordinates": [ [ [ 140.0, 42.0 ], [ 140.25, 42.0 ], [ 140.25, 42.1666667 ], [ 140.0, 42.1666667 ], [ 140.0, 42.0 ] ] ] } },
{ "type": "Feature", "properties": { "Id": 0, "Sheet_ID": "室蘭 12", "label": "室蘭 12", "call_short": "G7960 S50 .K61", "call_num": "G7960 S50 .K61 NK-54-21-12", "recid": "sx915mp3253", "websiteUrl": "https://purl.stanford.edu/sx915mp3253", "title": "[日本] 五万分一地形圖", "ckey": 9741696, "available": true, "iiifUrl": "https://purl.stanford.edu/sx915mp3253/iiif/manifest" }, "geometry": { "type": "Polygon", "coordinates": [ [ [ 140.25, 42.0 ], [ 140.5, 42.0 ], [ 140.5, 42.1666667 ], [ 140.25, 42.1666667 ], [ 140.25, 42.0 ] ] ] } },
{ "type": "Feature", "properties": { "Id": 0, "Sheet_ID": "室蘭 8", "label": "室蘭 8", "call_short": "G7960 S50 .K61", "call_num": "G7960 S50 .K61 NK-54-21-8", "recid": "dp987tm2672", "websiteUrl": "https://purl.stanford.edu/dp987tm2672", "title": "[日本] 五万分一地形圖", "ckey": 9741696, "available": true, "iiifUrl": "https://purl.stanford.edu/dp987tm2672/iiif/manifest" }, "geometry": { "type": "Polygon", "coordinates": [ [ [ 140.5, 42.0 ], [ 140.75, 42.0 ], [ 140.75, 42.1666667 ], [ 140.5, 42.1666667 ], [ 140.5, 42.0 ] ] ] } },
{ "type": "Feature", "properties": { "Id": 0, "Sheet_ID": "室蘭 4", "label": "室蘭 4", "call_short": "G7960 S50 .K61", "call_num": "G7960 S50 .K61 NK-54-21-4", "recid": "wn422jc0584", "websiteUrl": "https://purl.stanford.edu/wn422jc0584", "title": "[日本] 五万分一地形圖", "ckey": 9741696, "available": true, "iiifUrl": "https://purl.stanford.edu/wn422jc0584/iiif/manifest" }, "geometry": { "type": "Polygon", "coordinates": [ [ [ 140.75, 42.0 ], [ 141.0, 42.0 ], [ 141.0, 42.1666667 ], [ 140.75, 42.1666667 ], [ 140.75, 42.0 ] ] ] } },
{ "type": "Feature", "properties": { "Id": 0, "Sheet_ID": "室蘭 15 ED.2", "label": "室蘭 15 ED.2", "call_short": "G7960 S50 .K61", "call_num": "G7960 S50 .K61 NK-54-21-15 ED.2", "recid": "dg794wh1330", "websiteUrl": "https://purl.stanford.edu/dg794wh1330", "title": "[日本] 五万分一地形圖", "ckey": 9741696, "available": true, "iiifUrl": "https://purl.stanford.edu/dg794wh1330/iiif/manifest" }, "geometry": { "type": "Polygon", "coordinates": [ [ [ 140.0, 42.1666667 ], [ 140.25, 42.1666667 ], [ 140.25, 42.3333335 ], [ 140.0, 42.3333335 ], [ 140.0, 42.1666667 ] ] ] } },
{ "type": "Feature", "properties": { "Id": 0, "Sheet_ID": "室蘭 11", "label": "室蘭 11", "call_short": "G7960 S50 .K61", "call_num": "G7960 S50 .K61 NK-54-21-11", "recid": "cz998dn0802", "websiteUrl": "https://purl.stanford.edu/cz998dn0802", "title": "[日本] 五万分一地形圖", "ckey": 9741696, "available": true, "iiifUrl": "https://purl.stanford.edu/cz998dn0802/iiif/manifest" }, "geometry": { "type": "Polygon", "coordinates": [ [ [ 140.25, 42.1666667 ], [ 140.5, 42.1666667 ], [ 140.5, 42.3333335 ], [ 140.25, 42.3333335 ], [ 140.25, 42.1666667 ] ] ] } },
{ "type": "Feature", "properties": { "Id": 0, "Sheet_ID": "室蘭 3", "label": "室蘭 3", "call_short": "G7960 S50 .K61", "call_num": "G7960 S50 .K61 NK-54-21-3", "recid": "rr083kf0955", "websiteUrl": "https://purl.stanford.edu/rr083kf0955", "title": "[日本] 五万分一地形圖", "ckey": 9741696, "available": true, "iiifUrl": "https://purl.stanford.edu/rr083kf0955/iiif/manifest" }, "geometry": { "type": "Polygon", "coordinates": [ [ [ 141.0, 42.1666668 ], [ 141.0, 42.29 ], [ 141.03, 42.29 ], [ 141.03, 42.3333335 ], [ 141.0, 42.3333335 ], [ 140.75, 42.3333335 ], [ 140.75, 42.1666668 ], [ 141.0, 42.1666668 ] ] ] } },
{ "type": "Feature", "properties": { "Id": 0, "Sheet_ID": "室蘭 14", "label": "室蘭 14", "call_short": "G7960 S50 .K61", "call_num": "G7960 S50 .K61 NK-54-21-14", "recid": "kw025wf3758", "websiteUrl": "https://purl.stanford.edu/kw025wf3758", "title": "[日本] 五万分一地形圖", "ckey": 9741696, "available": true, "iiifUrl": "https://purl.stanford.edu/kw025wf3758/iiif/manifest" }, "geometry": { "type": "Polygon", "coordinates": [ [ [ 140.0, 42.3333335 ], [ 140.25, 42.3333335 ], [ 140.25, 42.5000002 ], [ 140.0, 42.5000002 ], [ 140.0, 42.3333335 ] ] ] } },
{ "type": "Feature", "properties": { "Id": 0, "Sheet_ID": "室蘭 10", "label": "室蘭 10", "call_short": "G7960 S50 .K61", "call_num": "G7960 S50 .K61 NK-54-21-10", "recid": "cj670pf1177", "websiteUrl": "https://purl.stanford.edu/cj670pf1177", "title": "[日本] 五万分一地形圖", "ckey": 9741696, "available": true, "iiifUrl": "https://purl.stanford.edu/cj670pf1177/iiif/manifest" }, "geometry": { "type": "Polygon", "coordinates": [ [ [ 140.25, 42.3333335 ], [ 140.5, 42.3333335 ], [ 140.5, 42.5000002 ], [ 140.25, 42.5000002 ], [ 140.25, 42.3333335 ] ] ] } },
{ "type": "Feature", "properties": { "Id": 0, "Sheet_ID": "室蘭 2", "label": "室蘭 2", "call_short": "G7960 S50 .K61", "call_num": "G7960 S50 .K61 NK-54-21-2", "recid": "ry093tf6718", "websiteUrl": "https://purl.stanford.edu/ry093tf6718", "title": "[日本] 五万分一地形圖", "ckey": 9741696, "available": true, "iiifUrl": "https://purl.stanford.edu/ry093tf6718/iiif/manifest" }, "geometry": { "type": "Polygon", "coordinates": [ [ [ 140.75, 42.3333335 ], [ 141.0, 42.3333335 ], [ 141.0, 42.5000002 ], [ 140.75, 42.5000002 ], [ 140.75, 42.3333335 ] ] ] } },
{ "type": "Feature", "properties": { "Id": 0, "Sheet_ID": "室蘭 13", "label": "室蘭 13", "call_short": "G7960 S50 .K61", "call_num": "G7960 S50 .K61 NK-54-21-13", "recid": "cj422fk7676", "websiteUrl": "https://purl.stanford.edu/cj422fk7676", "title": "[日本] 五万分一地形圖", "ckey": 9741696, "available": true, "iiifUrl": "https://purl.stanford.edu/cj422fk7676/iiif/manifest" }, "geometry": { "type": "Polygon", "coordinates": [ [ [ 140.0, 42.5000002 ], [ 140.25, 42.5000002 ], [ 140.25, 42.666667 ], [ 140.0, 42.666667 ], [ 140.0, 42.5000002 ] ] ] } },
{ "type": "Feature", "properties": { "Id": 0, "Sheet_ID": "室蘭 9 ED.2", "label": "室蘭 9 ED.2", "call_short": "G7960 S50 .K61", "call_num": "G7960 S50 .K61 NK-54-21-9 ED.2", "recid": "yx839kt6027", "websiteUrl": "https://purl.stanford.edu/yx839kt6027", "title": "[日本] 五万分一地形圖", "ckey": 9741696, "available": true, "iiifUrl": "https://purl.stanford.edu/yx839kt6027/iiif/manifest" }, "geometry": { "type": "Polygon", "coordinates": [ [ [ 140.25, 42.5000002 ], [ 140.5, 42.5000002 ], [ 140.5, 42.666667 ], [ 140.25, 42.666667 ], [ 140.25, 42.5000002 ] ] ] } },
{ "type": "Feature", "properties": { "Id": 0, "Sheet_ID": "室蘭 5 ED.2", "label": "室蘭 5 ED.2", "call_short": "G7960 S50 .K61", "call_num": "G7960 S50 .K61 NK-54-21-5 ED.2", "recid": "jc663bn7971", "websiteUrl": "https://purl.stanford.edu/jc663bn7971", "title": "[日本] 五万分一地形圖", "ckey": 9741696, "available": true, "iiifUrl": "https://purl.stanford.edu/jc663bn7971/iiif/manifest" }, "geometry": { "type": "Polygon", "coordinates": [ [ [ 140.5, 42.5000002 ], [ 140.75, 42.5000002 ], [ 140.75, 42.666667 ], [ 140.5, 42.666667 ], [ 140.5, 42.5000002 ] ] ] } },
{ "type": "Feature", "properties": { "Id": 0, "Sheet_ID": "室蘭 1_1920", "label": "室蘭 1_1920", "call_short": "G7960 S50 .K61", "call_num": "G7960 S50 .K61 NK-54-21-1 1920", "recid": "gb968bz5228", "websiteUrl": "https://purl.stanford.edu/gb968bz5228", "title": "[日本] 五万分一地形圖", "ckey": 9741696, "available": true, "iiifUrl": "https://purl.stanford.edu/gb968bz5228/iiif/manifest" }, "geometry": { "type": "Polygon", "coordinates": [ [ [ 140.75, 42.5000002 ], [ 141.0, 42.5000002 ], [ 141.0, 42.666667 ], [ 140.75, 42.666667 ], [ 140.75, 42.5000002 ] ] ] } },
{ "type": "Feature", "properties": { "Id": 0, "Sheet_ID": "室蘭 1_1931", "label": "室蘭 1_1931", "call_short": "G7960 S50 .K61", "call_num": "G7960 S50 .K61 NK-54-21-1 1931", "recid": "fc549wg0859", "websiteUrl": "https://purl.stanford.edu/fc549wg0859", "title": "[日本] 五万分一地形圖", "ckey": 9741696, "available": true, "iiifUrl": "https://purl.stanford.edu/fc549wg0859/iiif/manifest" }, "geometry": { "type": "Polygon", "coordinates": [ [ [ 140.75, 42.5000002 ], [ 141.0, 42.5000002 ], [ 141.0, 42.666667 ], [ 140.75, 42.666667 ], [ 140.75, 42.5000002 ] ] ] } },
{ "type": "Feature", "properties": { "Id": 0, "Sheet_ID": "室蘭 5", "label": "室蘭 5", "call_short": "G7960 S50 .K61", "call_num": "G7960 S50 .K61 NK-54-21-5", "recid": "wh744gc9157", "websiteUrl": "https://purl.stanford.edu/wh744gc9157", "title": "[日本] 五万分一地形圖", "ckey": 9741696, "available": true, "iiifUrl": "https://purl.stanford.edu/wh744gc9157/iiif/manifest" }, "geometry": { "type": "Polygon", "coordinates": [ [ [ 140.5, 42.5000002 ], [ 140.75, 42.5000002 ], [ 140.75, 42.666667 ], [ 140.5, 42.666667 ], [ 140.5, 42.5000002 ] ] ] } },
{ "type": "Feature", "properties": { "Id": 0, "Sheet_ID": "室蘭 8 ED.2", "label": "室蘭 8 ED.2", "call_short": "G7960 S50 .K61", "call_num": "G7960 S50 .K61 NK-54-21-8 ED.2", "recid": "fm847fk3794", "websiteUrl": "https://purl.stanford.edu/fm847fk3794", "title": "[日本] 五万分一地形圖", "ckey": 9741696, "available": true, "iiifUrl": "https://purl.stanford.edu/fm847fk3794/iiif/manifest" }, "geometry": { "type": "Polygon", "coordinates": [ [ [ 140.5, 42.0 ], [ 140.75, 42.0 ], [ 140.75, 42.1666668 ], [ 140.5, 42.1666668 ], [ 140.5, 42.0 ] ] ] } },
{ "type": "Feature", "properties": { "Id": 0, "Sheet_ID": "室蘭 9", "label": "室蘭 9", "call_short": "G7960 S50 .K61", "call_num": "G7960 S50 .K61 NK-54-21-9", "recid": "ps291sf2151", "websiteUrl": "https://purl.stanford.edu/ps291sf2151", "title": "[日本] 五万分一地形圖", "ckey": 9741696, "available": true, "iiifUrl": "https://purl.stanford.edu/ps291sf2151/iiif/manifest" }, "geometry": { "type": "Polygon", "coordinates": [ [ [ 140.25, 42.5000002 ], [ 140.5, 42.5000002 ], [ 140.5, 42.666667 ], [ 140.25, 42.666667 ], [ 140.25, 42.5000002 ] ] ] } },
{ "type": "Feature", "properties": { "Id": 0, "Sheet_ID": "室蘭 11 ED.2", "label": "室蘭 11 ED.2", "call_short": "G7960 S50 .K61", "call_num": "G7960 S50 .K61 NK-54-21-11 ED.2", "recid": "rz827vx3496", "websiteUrl": "https://purl.stanford.edu/rz827vx3496", "title": "[日本] 五万分一地形圖", "ckey": 9741696, "available": true, "iiifUrl": "https://purl.stanford.edu/rz827vx3496/iiif/manifest" }, "geometry": { "type": "Polygon", "coordinates": [ [ [ 140.25, 42.1666668 ], [ 140.5, 42.1666668 ], [ 140.5, 42.3333335 ], [ 140.25, 42.3333335 ], [ 140.25, 42.1666668 ] ] ] } },
{ "type": "Feature", "properties": { "Id": 0, "Sheet_ID": "室蘭 13 ED.2", "label": "室蘭 13 ED.2", "call_short": "G7960 S50 .K61", "call_num": "G7960 S50 .K61 NK-54-21-13 ED.2", "recid": "cg371pz2179", "websiteUrl": "https://purl.stanford.edu/cg371pz2179", "title": "[日本] 五万分一地形圖", "ckey": 9741696, "available": true, "iiifUrl": "https://purl.stanford.edu/cg371pz2179/iiif/manifest" }, "geometry": { "type": "Polygon", "coordinates": [ [ [ 140.0, 42.5000002 ], [ 140.25, 42.5000002 ], [ 140.25, 42.666667 ], [ 140.0, 42.666667 ], [ 140.0, 42.5000002 ] ] ] } },
{ "type": "Feature", "properties": { "Id": 0, "Sheet_ID": "室蘭 15", "label": "室蘭 15", "call_short": "G7960 S50 .K61", "call_num": "G7960 S50 .K61 NK-54-21-15", "recid": "zp845gc7145", "websiteUrl": "https://purl.stanford.edu/zp845gc7145", "title": "[日本] 五万分一地形圖", "ckey": 9741696, "available": true, "iiifUrl": "https://purl.stanford.edu/zp845gc7145/iiif/manifest" }, "geometry": { "type": "Polygon", "coordinates": [ [ [ 140.0, 42.1666668 ], [ 140.25, 42.1666668 ], [ 140.25, 42.3333335 ], [ 140.0, 42.3333335 ], [ 140.0, 42.1666668 ] ] ] } },
{ "type": "Feature", "properties": { "Id": 0, "Sheet_ID": "函館 16", "label": "函館 16", "call_short": "0", "call_num": "0", "recid": "0", "websiteUrl": "0", "title": "0", "ckey": 0, "available": false, "iiifUrl": "0" }, "geometry": { "type": "Polygon", "coordinates": [ [ [ 140.0, 41.333333 ], [ 140.25, 41.333333 ], [ 140.25, 41.4999998 ], [ 140.0, 41.4999998 ], [ 140.0, 41.333333 ] ] ] } },
{ "type": "Feature", "properties": { "Id": 0, "Sheet_ID": "函館 12", "label": "函館 12", "call_short": "0", "call_num": "0", "recid": "0", "websiteUrl": "0", "title": "0", "ckey": 0, "available": false, "iiifUrl": "0" }, "geometry": { "type": "Polygon", "coordinates": [ [ [ 140.25, 41.333333 ], [ 140.5, 41.333333 ], [ 140.5, 41.4999998 ], [ 140.25, 41.4999998 ], [ 140.25, 41.333333 ] ] ] } },
{ "type": "Feature", "properties": { "Id": 0, "Sheet_ID": "函館 4", "label": "函館 4", "call_short": "0", "call_num": "0", "recid": "0", "websiteUrl": "0", "title": "0", "ckey": 0, "available": false, "iiifUrl": "0" }, "geometry": { "type": "Polygon", "coordinates": [ [ [ 140.75, 41.333333 ], [ 141.0, 41.333333 ], [ 141.0, 41.4999998 ], [ 140.75, 41.4999998 ], [ 140.75, 41.333333 ] ] ] } },
{ "type": "Feature", "properties": { "Id": 0, "Sheet_ID": "函館 15", "label": "函館 15", "call_short": "0", "call_num": "0", "recid": "0", "websiteUrl": "0", "title": "0", "ckey": 0, "available": false, "iiifUrl": "0" }, "geometry": { "type": "Polygon", "coordinates": [ [ [ 140.25, 41.6666665 ], [ 140.0, 41.6666665 ], [ 140.0, 41.652 ], [ 139.98, 41.652 ], [ 139.98, 41.53 ], [ 140.0, 41.53 ], [ 140.0, 41.4999998 ], [ 140.25, 41.4999998 ], [ 140.25, 41.6666665 ] ] ] } },
{ "type": "Feature", "properties": { "Id": 0, "Sheet_ID": "函館 11", "label": "函館 11", "call_short": "0", "call_num": "0", "recid": "0", "websiteUrl": "0", "title": "0", "ckey": 0, "available": false, "iiifUrl": "0" }, "geometry": { "type": "Polygon", "coordinates": [ [ [ 140.25, 41.4999998 ], [ 140.5, 41.4999998 ], [ 140.5, 41.6666665 ], [ 140.25, 41.6666665 ], [ 140.25, 41.4999998 ] ] ] } },
{ "type": "Feature", "properties": { "Id": 0, "Sheet_ID": "函館 3", "label": "函館 3", "call_short": "0", "call_num": "0", "recid": "0", "websiteUrl": "0", "title": "0", "ckey": 0, "available": false, "iiifUrl": "0" }, "geometry": { "type": "Polygon", "coordinates": [ [ [ 140.75, 41.4999998 ], [ 141.0, 41.4999998 ], [ 141.0, 41.6666665 ], [ 140.75, 41.6666665 ], [ 140.75, 41.4999998 ] ] ] } },
{ "type": "Feature", "properties": { "Id": 0, "Sheet_ID": "函館 14", "label": "函館 14", "call_short": "G7960 S50 .K61", "call_num": "G7960 S50 .K61 NK-54-22-14", "recid": "tg515yp7196", "websiteUrl": "https://purl.stanford.edu/tg515yp7196", "title": "[日本] 五万分一地形圖", "ckey": 9741696, "available": true, "iiifUrl": "https://purl.stanford.edu/tg515yp7196/iiif/manifest" }, "geometry": { "type": "Polygon", "coordinates": [ [ [ 140.0, 41.6666665 ], [ 140.25, 41.6666665 ], [ 140.25, 41.8333333 ], [ 140.0, 41.8333333 ], [ 140.0, 41.6666665 ] ] ] } },
{ "type": "Feature", "properties": { "Id": 0, "Sheet_ID": "函館 10", "label": "函館 10", "call_short": "0", "call_num": "0", "recid": "0", "websiteUrl": "0", "title": "0", "ckey": 0, "available": false, "iiifUrl": "0" }, "geometry": { "type": "Polygon", "coordinates": [ [ [ 140.25, 41.6666665 ], [ 140.5, 41.6666665 ], [ 140.5, 41.8333333 ], [ 140.25, 41.8333333 ], [ 140.25, 41.6666665 ] ] ] } },
{ "type": "Feature", "properties": { "Id": 0, "Sheet_ID": "函館 6", "label": "函館 6", "call_short": "0", "call_num": "0", "recid": "0", "websiteUrl": "0", "title": "0", "ckey": 0, "available": false, "iiifUrl": "0" }, "geometry": { "type": "Polygon", "coordinates": [ [ [ 140.5, 41.6666665 ], [ 140.75, 41.6666665 ], [ 140.75, 41.8333333 ], [ 140.5, 41.8333333 ], [ 140.5, 41.6666665 ] ] ] } },
{ "type": "Feature", "properties": { "Id": 0, "Sheet_ID": "函館 2", "label": "函館 2", "call_short": "0", "call_num": "0", "recid": "0", "websiteUrl": "0", "title": "0", "ckey": 0, "available": false, "iiifUrl": "0" }, "geometry": { "type": "Polygon", "coordinates": [ [ [ 140.75, 41.6666665 ], [ 141.0, 41.6666665 ], [ 141.0, 41.8333333 ], [ 140.75, 41.8333333 ], [ 140.75, 41.6666665 ] ] ] } },
{ "type": "Feature", "properties": { "Id": 0, "Sheet_ID": "函館 13", "label": "函館 13", "call_short": "G7960 S50 .K61", "call_num": "G7960 S50 .K61 NK-54-22-13", "recid": "bc475fy6710", "websiteUrl": "https://purl.stanford.edu/bc475fy6710", "title": "[日本] 五万分一地形圖", "ckey": 9741696, "available": true, "iiifUrl": "https://purl.stanford.edu/bc475fy6710/iiif/manifest" }, "geometry": { "type": "Polygon", "coordinates": [ [ [ 140.0, 41.8333333 ], [ 140.25, 41.8333333 ], [ 140.25, 42.0 ], [ 140.0, 42.0 ], [ 140.0, 41.8333333 ] ] ] } },
{ "type": "Feature", "properties": { "Id": 0, "Sheet_ID": "函館 9", "label": "函館 9", "call_short": "0", "call_num": "0", "recid": "0", "websiteUrl": "0", "title": "0", "ckey": 0, "available": false, "iiifUrl": "0" }, "geometry": { "type": "Polygon", "coordinates": [ [ [ 140.25, 41.8333333 ], [ 140.5, 41.8333333 ], [ 140.5, 42.0 ], [ 140.25, 42.0 ], [ 140.25, 41.8333333 ] ] ] } },
{ "type": "Feature", "properties": { "Id": 0, "Sheet_ID": "函館 5", "label": "函館 5", "call_short": "0", "call_num": "0", "recid": "0", "websiteUrl": "0", "title": "0", "ckey": 0, "available": false, "iiifUrl": "0" }, "geometry": { "type": "Polygon", "coordinates": [ [ [ 140.5, 41.8333333 ], [ 140.75, 41.8333333 ], [ 140.75, 42.0 ], [ 140.5, 42.0 ], [ 140.5, 41.8333333 ] ] ] } },
{ "type": "Feature", "properties": { "Id": 0, "Sheet_ID": "函館 1", "label": "函館 1", "call_short": "0", "call_num": "0", "recid": "0", "websiteUrl": "0", "title": "0", "ckey": 0, "available": false, "iiifUrl": "0" }, "geometry": { "type": "Polygon", "coordinates": [ [ [ 140.75, 41.8333333 ], [ 141.0, 41.8333333 ], [ 141.0, 42.0 ], [ 140.75, 42.0 ], [ 140.75, 41.8333333 ] ] ] } },
{ "type": "Feature", "properties": { "Id": 0, "Sheet_ID": "久遠 12", "label": "久遠 12", "call_short": "G7960 S50 .K61", "call_num": "G7960 S50 .K61 NK-54-27-12", "recid": "tv495qj7973", "websiteUrl": "https://purl.stanford.edu/tv495qj7973", "title": "[日本] 五万分一地形圖", "ckey": 9741696, "available": true, "iiifUrl": "https://purl.stanford.edu/tv495qj7973/iiif/manifest" }, "geometry": { "type": "Polygon", "coordinates": [ [ [ 139.25, 42.0 ], [ 139.5, 42.0 ], [ 139.5, 42.1666667 ], [ 139.25, 42.1666667 ], [ 139.25, 42.0 ] ] ] } },
{ "type": "Feature", "properties": { "Id": 0, "Sheet_ID": "久遠 8", "label": "久遠 8", "call_short": "G7960 S50 .K61", "call_num": "G7960 S50 .K61 NK-54-27-8", "recid": "vc391bq0493", "websiteUrl": "https://purl.stanford.edu/vc391bq0493", "title": "[日本] 五万分一地形圖", "ckey": 9741696, "available": true, "iiifUrl": "https://purl.stanford.edu/vc391bq0493/iiif/manifest" }, "geometry": { "type": "Polygon", "coordinates": [ [ [ 139.5, 42.0 ], [ 139.75, 42.0 ], [ 139.75, 42.1666667 ], [ 139.5, 42.1666667 ], [ 139.5, 42.0 ] ] ] } },
{ "type": "Feature", "properties": { "Id": 0, "Sheet_ID": "久遠 4", "label": "久遠 4", "call_short": "G7960 S50 .K61", "call_num": "G7960 S50 .K61 NK-54-27-4", "recid": "sp895qb5096", "websiteUrl": "https://purl.stanford.edu/sp895qb5096", "title": "[日本] 五万分一地形圖", "ckey": 9741696, "available": true, "iiifUrl": "https://purl.stanford.edu/sp895qb5096/iiif/manifest" }, "geometry": { "type": "Polygon", "coordinates": [ [ [ 139.75, 42.0 ], [ 140.0, 42.0 ], [ 140.0, 42.1666667 ], [ 139.75, 42.1666667 ], [ 139.75, 42.0 ] ] ] } },
{ "type": "Feature", "properties": { "Id": 0, "Sheet_ID": "久遠 11", "label": "久遠 11", "call_short": "G7960 S50 .K61", "call_num": "G7960 S50 .K61 NK-54-27-11", "recid": "ns533sh2523", "websiteUrl": "https://purl.stanford.edu/ns533sh2523", "title": "[日本] 五万分一地形圖", "ckey": 9741696, "available": true, "iiifUrl": "https://purl.stanford.edu/ns533sh2523/iiif/manifest" }, "geometry": { "type": "Polygon", "coordinates": [ [ [ 139.25, 42.1666667 ], [ 139.5, 42.1666667 ], [ 139.5, 42.3333335 ], [ 139.25, 42.3333335 ], [ 139.25, 42.1666667 ] ] ] } },
{ "type": "Feature", "properties": { "Id": 0, "Sheet_ID": "久遠 7", "label": "久遠 7", "call_short": "G7960 S50 .K61", "call_num": "G7960 S50 .K61 NK-54-27-7", "recid": "qc254pr7921", "websiteUrl": "https://purl.stanford.edu/qc254pr7921", "title": "[日本] 五万分一地形圖", "ckey": 9741696, "available": true, "iiifUrl": "https://purl.stanford.edu/qc254pr7921/iiif/manifest" }, "geometry": { "type": "Polygon", "coordinates": [ [ [ 139.5, 42.1666667 ], [ 139.75, 42.1666667 ], [ 139.75, 42.3333335 ], [ 139.5, 42.3333335 ], [ 139.5, 42.1666667 ] ] ] } },
{ "type": "Feature", "properties": { "Id": 0, "Sheet_ID": "久遠 3 ED.2", "label": "久遠 3 ED.2", "call_short": "G7960 S50 .K61", "call_num": "G7960 S50 .K61 NK-54-27-3 ED.2", "recid": "pc657bq2097", "websiteUrl": "https://purl.stanford.edu/pc657bq2097", "title": "[日本] 五万分一地形圖", "ckey": 9741696, "available": true, "iiifUrl": "https://purl.stanford.edu/pc657bq2097/iiif/manifest" }, "geometry": { "type": "Polygon", "coordinates": [ [ [ 139.75, 42.1666667 ], [ 140.0, 42.1666667 ], [ 140.0, 42.3333335 ], [ 139.75, 42.3333335 ], [ 139.75, 42.1666667 ] ] ] } },
{ "type": "Feature", "properties": { "Id": 0, "Sheet_ID": "久遠 2", "label": "久遠 2", "call_short": "G7960 S50 .K61", "call_num": "G7960 S50 .K61 NK-54-27-2", "recid": "jv264cr9624", "websiteUrl": "https://purl.stanford.edu/jv264cr9624", "title": "[日本] 五万分一地形圖", "ckey": 9741696, "available": true, "iiifUrl": "https://purl.stanford.edu/jv264cr9624/iiif/manifest" }, "geometry": { "type": "Polygon", "coordinates": [ [ [ 139.75, 42.3333335 ], [ 140.0, 42.3333335 ], [ 140.0, 42.5000002 ], [ 139.75, 42.5000002 ], [ 139.75, 42.3333335 ] ] ] } },
{ "type": "Feature", "properties": { "Id": 0, "Sheet_ID": "久遠 1 ED.2", "label": "久遠 1 ED.2", "call_short": "G7960 S50 .K61", "call_num": "G7960 S50 .K61 NK-54-27-1 ED.2", "recid": "gf909nj3395", "websiteUrl": "https://purl.stanford.edu/gf909nj3395", "title": "[日本] 五万分一地形圖", "ckey": 9741696, "available": true, "iiifUrl": "https://purl.stanford.edu/gf909nj3395/iiif/manifest" }, "geometry": { "type": "Polygon", "coordinates": [ [ [ 139.75, 42.5000002 ], [ 140.0, 42.5000002 ], [ 140.0, 42.666667 ], [ 139.75, 42.666667 ], [ 139.75, 42.5000002 ] ] ] } },
{ "type": "Feature", "properties": { "Id": 0, "Sheet_ID": "久遠 1_北部", "label": "久遠 1_北部", "call_short": "G7960 S50 .K61", "call_num": "G7960 S50 .K61 NK-54-27-1 NORTH", "recid": "tc192qz6527", "websiteUrl": "https://purl.stanford.edu/tc192qz6527", "title": "[日本] 五万分一地形圖", "ckey": 9741696, "available": true, "iiifUrl": "https://purl.stanford.edu/tc192qz6527/iiif/manifest" }, "geometry": { "type": "Polygon", "coordinates": [ [ [ 139.75, 42.833333 ], [ 139.75, 42.666667 ], [ 140.0, 42.666667 ], [ 140.0, 42.833333 ], [ 139.75, 42.833333 ] ] ] } },
{ "type": "Feature", "properties": { "Id": 0, "Sheet_ID": "久遠 1", "label": "久遠 1", "call_short": "G7960 S50 .K61", "call_num": "G7960 S50 .K61 NK-54-27-1", "recid": "cg144rh3894", "websiteUrl": "https://purl.stanford.edu/cg144rh3894", "title": "[日本] 五万分一地形圖", "ckey": 9741696, "available": true, "iiifUrl": "https://purl.stanford.edu/cg144rh3894/iiif/manifest" }, "geometry": { "type": "Polygon", "coordinates": [ [ [ 139.75, 42.5000002 ], [ 140.0, 42.5000002 ], [ 140.0, 42.666667 ], [ 139.75, 42.666667 ], [ 139.75, 42.5000002 ] ] ] } },
{ "type": "Feature", "properties": { "Id": 0, "Sheet_ID": "久遠 3", "label": "久遠 3", "call_short": "G7960 S50 .K61", "call_num": "G7960 S50 .K61 NK-54-27-3", "recid": "dk314vm7779", "websiteUrl": "https://purl.stanford.edu/dk314vm7779", "title": "[日本] 五万分一地形圖", "ckey": 9741696, "available": true, "iiifUrl": "https://purl.stanford.edu/dk314vm7779/iiif/manifest" }, "geometry": { "type": "Polygon", "coordinates": [ [ [ 139.75, 42.1666668 ], [ 140.0, 42.1666668 ], [ 140.0, 42.3333335 ], [ 139.75, 42.3333335 ], [ 139.75, 42.1666668 ] ] ] } },
{ "type": "Feature", "properties": { "Id": 0, "Sheet_ID": "渡島大島 12", "label": "渡島大島 12", "call_short": "0", "call_num": "0", "recid": "0", "websiteUrl": "0", "title": "0", "ckey": 0, "available": false, "iiifUrl": "0" }, "geometry": { "type": "Polygon", "coordinates": [ [ [ 139.25, 41.333333 ], [ 139.5, 41.333333 ], [ 139.5, 41.4999998 ], [ 139.25, 41.4999998 ], [ 139.25, 41.333333 ] ] ] } },
{ "type": "Feature", "properties": { "Id": 0, "Sheet_ID": "渡島大島 4", "label": "渡島大島 4", "call_short": "0", "call_num": "0", "recid": "0", "websiteUrl": "0", "title": "0", "ckey": 0, "available": false, "iiifUrl": "0" }, "geometry": { "type": "Polygon", "coordinates": [ [ [ 139.75, 41.333333 ], [ 140.0, 41.333333 ], [ 140.0, 41.4999998 ], [ 139.75, 41.4999998 ], [ 139.75, 41.333333 ] ] ] } },
{ "type": "Feature", "properties": { "Id": 0, "Sheet_ID": "渡島大島 11", "label": "渡島大島 11", "call_short": "0", "call_num": "0", "recid": "0", "websiteUrl": "0", "title": "0", "ckey": 0, "available": false, "iiifUrl": "0" }, "geometry": { "type": "Polygon", "coordinates": [ [ [ 139.25, 41.4999998 ], [ 139.5, 41.4999998 ], [ 139.5, 41.6666665 ], [ 139.25, 41.6666665 ], [ 139.25, 41.4999998 ] ] ] } },
{ "type": "Feature", "properties": { "Id": 0, "Sheet_ID": "深浦 4", "label": "深浦 4", "call_short": "0", "call_num": "0", "recid": "0", "websiteUrl": "0", "title": "0", "ckey": 0, "available": false, "iiifUrl": "0" }, "geometry": { "type": "Polygon", "coordinates": [ [ [ 139.75, 40.0 ], [ 140.0, 40.0 ], [ 140.0, 40.1666667 ], [ 139.75, 40.1666667 ], [ 139.75, 40.0 ] ] ] } },
{ "type": "Feature", "properties": { "Id": 0, "Sheet_ID": "深浦 2", "label": "深浦 2", "call_short": "0", "call_num": "0", "recid": "0", "websiteUrl": "0", "title": "0", "ckey": 0, "available": false, "iiifUrl": "0" }, "geometry": { "type": "Polygon", "coordinates": [ [ [ 139.75, 40.3333335 ], [ 140.0, 40.3333335 ], [ 140.0, 40.5000002 ], [ 139.75, 40.5000002 ], [ 139.75, 40.3333335 ] ] ] } },
{ "type": "Feature", "properties": { "Id": 0, "Sheet_ID": "深浦 1", "label": "深浦 1", "call_short": "G7960 S50 .K61", "call_num": "G7960 S50 .K61 NK-54-30-1", "recid": "zg682bq6104", "websiteUrl": "https://purl.stanford.edu/zg682bq6104", "title": "[日本] 五万分一地形圖", "ckey": 9741696, "available": true, "iiifUrl": "https://purl.stanford.edu/zg682bq6104/iiif/manifest" }, "geometry": { "type": "MultiPolygon", "coordinates": [ [ [ [ 139.516667, 40.516667 ], [ 139.516667, 40.55 ], [ 139.483333, 40.55 ], [ 139.483333, 40.516667 ], [ 139.516667, 40.516667 ] ] ], [ [ [ 140.0, 40.5000003 ], [ 140.0, 40.666667 ], [ 139.75, 40.666667 ], [ 139.75, 40.5000003 ], [ 140.0, 40.5000003 ] ] ] ] } },
{ "type": "Feature", "properties": { "Id": 0, "Sheet_ID": "弘前 16", "label": "弘前 16", "call_short": "G7960 S50 .K61", "call_num": "G7960 S50 .K61 NK-54-24-16", "recid": "ss018bw2455", "websiteUrl": "https://purl.stanford.edu/ss018bw2455", "title": "[日本] 五万分一地形圖", "ckey": 9741696, "available": true, "iiifUrl": "https://purl.stanford.edu/ss018bw2455/iiif/manifest" }, "geometry": { "type": "Polygon", "coordinates": [ [ [ 140.0, 40.0 ], [ 140.25, 40.0 ], [ 140.25, 40.1666667 ], [ 140.0, 40.1666667 ], [ 140.0, 40.0 ] ] ] } },
{ "type": "Feature", "properties": { "Id": 0, "Sheet_ID": "弘前 12 ED.2", "label": "弘前 12 ED.2", "call_short": "G7960 S50 .K61", "call_num": "G7960 S50 .K61 NK-54-24-12 ED.2", "recid": "zt820pw4167", "websiteUrl": "https://purl.stanford.edu/zt820pw4167", "title": "[日本] 五万分一地形圖", "ckey": 9741696, "available": true, "iiifUrl": "https://purl.stanford.edu/zt820pw4167/iiif/manifest" }, "geometry": { "type": "Polygon", "coordinates": [ [ [ 140.25, 40.0 ], [ 140.5, 40.0 ], [ 140.5, 40.1666667 ], [ 140.25, 40.1666667 ], [ 140.25, 40.0 ] ] ] } },
{ "type": "Feature", "properties": { "Id": 0, "Sheet_ID": "弘前 8", "label": "弘前 8", "call_short": "G7960 S50 .K61", "call_num": "G7960 S50 .K61 NK-54-24-8", "recid": "bb610rn9916", "websiteUrl": "https://purl.stanford.edu/bb610rn9916", "title": "[日本] 五万分一地形圖", "ckey": 9741696, "available": true, "iiifUrl": "https://purl.stanford.edu/bb610rn9916/iiif/manifest" }, "geometry": { "type": "Polygon", "coordinates": [ [ [ 140.5, 40.0 ], [ 140.75, 40.0 ], [ 140.75, 40.1666667 ], [ 140.5, 40.1666667 ], [ 140.5, 40.0 ] ] ] } },
{ "type": "Feature", "properties": { "Id": 0, "Sheet_ID": "弘前 4", "label": "弘前 4", "call_short": "G7960 S50 .K61", "call_num": "G7960 S50 .K61 NK-54-24-4", "recid": "hh236wr1686", "websiteUrl": "https://purl.stanford.edu/hh236wr1686", "title": "[日本] 五万分一地形圖", "ckey": 9741696, "available": true, "iiifUrl": "https://purl.stanford.edu/hh236wr1686/iiif/manifest" }, "geometry": { "type": "Polygon", "coordinates": [ [ [ 140.75, 40.0 ], [ 141.0, 40.0 ], [ 141.0, 40.1666667 ], [ 140.75, 40.1666667 ], [ 140.75, 40.0 ] ] ] } },
{ "type": "Feature", "properties": { "Id": 0, "Sheet_ID": "弘前 15", "label": "弘前 15", "call_short": "G7960 S50 .K61", "call_num": "G7960 S50 .K61 NK-54-24-15", "recid": "hw539rp3933", "websiteUrl": "https://purl.stanford.edu/hw539rp3933", "title": "[日本] 五万分一地形圖", "ckey": 9741696, "available": true, "iiifUrl": "https://purl.stanford.edu/hw539rp3933/iiif/manifest" }, "geometry": { "type": "Polygon", "coordinates": [ [ [ 140.0, 40.1666667 ], [ 140.25, 40.1666667 ], [ 140.25, 40.3333335 ], [ 140.0, 40.3333335 ], [ 140.0, 40.225 ], [ 139.975, 40.225 ], [ 139.975, 40.1666667 ], [ 140.0, 40.1666667 ] ] ] } },
{ "type": "Feature", "properties": { "Id": 0, "Sheet_ID": "弘前 11", "label": "弘前 11", "call_short": "G7960 S50 .K61", "call_num": "G7960 S50 .K61 NK-54-24-11", "recid": "zx949pq9528", "websiteUrl": "https://purl.stanford.edu/zx949pq9528", "title": "[日本] 五万分一地形圖", "ckey": 9741696, "available": true, "iiifUrl": "https://purl.stanford.edu/zx949pq9528/iiif/manifest" }, "geometry": { "type": "Polygon", "coordinates": [ [ [ 140.25, 40.1666667 ], [ 140.5, 40.1666667 ], [ 140.5, 40.3333335 ], [ 140.25, 40.3333335 ], [ 140.25, 40.1666667 ] ] ] } },
{ "type": "Feature", "properties": { "Id": 0, "Sheet_ID": "弘前 7", "label": "弘前 7", "call_short": "G7960 S50 .K61", "call_num": "G7960 S50 .K61 NK-54-24-7", "recid": "yd639hn9787", "websiteUrl": "https://purl.stanford.edu/yd639hn9787", "title": "[日本] 五万分一地形圖", "ckey": 9741696, "available": true, "iiifUrl": "https://purl.stanford.edu/yd639hn9787/iiif/manifest" }, "geometry": { "type": "Polygon", "coordinates": [ [ [ 140.5, 40.1666667 ], [ 140.75, 40.1666667 ], [ 140.75, 40.3333335 ], [ 140.5, 40.3333335 ], [ 140.5, 40.1666667 ] ] ] } },
{ "type": "Feature", "properties": { "Id": 0, "Sheet_ID": "弘前 3", "label": "弘前 3", "call_short": "0", "call_num": "0", "recid": "0", "websiteUrl": "0", "title": "0", "ckey": 0, "available": false, "iiifUrl": "0" }, "geometry": { "type": "Polygon", "coordinates": [ [ [ 140.75, 40.1666667 ], [ 141.0, 40.1666667 ], [ 141.0, 40.3333335 ], [ 140.75, 40.3333335 ], [ 140.75, 40.1666667 ] ] ] } },
{ "type": "Feature", "properties": { "Id": 0, "Sheet_ID": "弘前 14", "label": "弘前 14", "call_short": "G7960 S50 .K61", "call_num": "G7960 S50 .K61 NK-54-24-14", "recid": "zt926mp2020", "websiteUrl": "https://purl.stanford.edu/zt926mp2020", "title": "[日本] 五万分一地形圖", "ckey": 9741696, "available": true, "iiifUrl": "https://purl.stanford.edu/zt926mp2020/iiif/manifest" }, "geometry": { "type": "Polygon", "coordinates": [ [ [ 140.0, 40.3333335 ], [ 140.25, 40.3333335 ], [ 140.25, 40.5000002 ], [ 140.0, 40.5000002 ], [ 140.0, 40.3333335 ] ] ] } },
{ "type": "Feature", "properties": { "Id": 0, "Sheet_ID": "弘前 10", "label": "弘前 10", "call_short": "G7960 S50 .K61", "call_num": "G7960 S50 .K61 NK-54-24-10", "recid": "bz237rq0572", "websiteUrl": "https://purl.stanford.edu/bz237rq0572", "title": "[日本] 五万分一地形圖", "ckey": 9741696, "available": true, "iiifUrl": "https://purl.stanford.edu/bz237rq0572/iiif/manifest" }, "geometry": { "type": "Polygon", "coordinates": [ [ [ 140.25, 40.3333335 ], [ 140.5, 40.3333335 ], [ 140.5, 40.5000002 ], [ 140.25, 40.5000002 ], [ 140.25, 40.3333335 ] ] ] } },
{ "type": "Feature", "properties": { "Id": 0, "Sheet_ID": "弘前 6 ED.2", "label": "弘前 6 ED.2", "call_short": "G7960 S50 .K61", "call_num": "G7960 S50 .K61 NK-54-24-6 ED.2", "recid": "wv781pw1772", "websiteUrl": "https://purl.stanford.edu/wv781pw1772", "title": "[日本] 五万分一地形圖", "ckey": 9741696, "available": true, "iiifUrl": "https://purl.stanford.edu/wv781pw1772/iiif/manifest" }, "geometry": { "type": "Polygon", "coordinates": [ [ [ 140.5, 40.3333335 ], [ 140.75, 40.3333335 ], [ 140.75, 40.5000002 ], [ 140.5, 40.5000002 ], [ 140.5, 40.3333335 ] ] ] } },
{ "type": "Feature", "properties": { "Id": 0, "Sheet_ID": "弘前 2 ED.2", "label": "弘前 2 ED.2", "call_short": "G7960 S50 .K61", "call_num": "G7960 S50 .K61 NK-54-24-2 ED.2", "recid": "kc640hx2490", "websiteUrl": "https://purl.stanford.edu/kc640hx2490", "title": "[日本] 五万分一地形圖", "ckey": 9741696, "available": true, "iiifUrl": "https://purl.stanford.edu/kc640hx2490/iiif/manifest" }, "geometry": { "type": "Polygon", "coordinates": [ [ [ 140.75, 40.3333335 ], [ 141.0, 40.3333335 ], [ 141.0, 40.5000002 ], [ 140.75, 40.5000002 ], [ 140.75, 40.3333335 ] ] ] } },
{ "type": "Feature", "properties": { "Id": 0, "Sheet_ID": "弘前 13", "label": "弘前 13", "call_short": "0", "call_num": "0", "recid": "0", "websiteUrl": "0", "title": "0", "ckey": 0, "available": false, "iiifUrl": "0" }, "geometry": { "type": "Polygon", "coordinates": [ [ [ 140.0, 40.5000002 ], [ 140.25, 40.5000002 ], [ 140.25, 40.666667 ], [ 140.0, 40.666667 ], [ 140.0, 40.5000002 ] ] ] } },
{ "type": "Feature", "properties": { "Id": 0, "Sheet_ID": "弘前 9", "label": "弘前 9", "call_short": "G7960 S50 .K61", "call_num": "G7960 S50 .K61 NK-54-24-9", "recid": "pp034hs6992", "websiteUrl": "https://purl.stanford.edu/pp034hs6992", "title": "[日本] 五万分一地形圖", "ckey": 9741696, "available": true, "iiifUrl": "https://purl.stanford.edu/pp034hs6992/iiif/manifest" }, "geometry": { "type": "Polygon", "coordinates": [ [ [ 140.25, 40.5000002 ], [ 140.5, 40.5000002 ], [ 140.5, 40.666667 ], [ 140.25, 40.666667 ], [ 140.25, 40.5000002 ] ] ] } },
{ "type": "Feature", "properties": { "Id": 0, "Sheet_ID": "弘前 5", "label": "弘前 5", "call_short": "G7960 S50 .K61", "call_num": "G7960 S50 .K61 NK-54-24-5", "recid": "yn060jf2829", "websiteUrl": "https://purl.stanford.edu/yn060jf2829", "title": "[日本] 五万分一地形圖", "ckey": 9741696, "available": true, "iiifUrl": "https://purl.stanford.edu/yn060jf2829/iiif/manifest" }, "geometry": { "type": "Polygon", "coordinates": [ [ [ 140.5, 40.5000002 ], [ 140.75, 40.5000002 ], [ 140.75, 40.666667 ], [ 140.5, 40.666667 ], [ 140.5, 40.5000002 ] ] ] } },
{ "type": "Feature", "properties": { "Id": 0, "Sheet_ID": "弘前 1", "label": "弘前 1", "call_short": "G7960 S50 .K61", "call_num": "G7960 S50 .K61 NK-54-24-1", "recid": "wc926bq3228", "websiteUrl": "https://purl.stanford.edu/wc926bq3228", "title": "[日本] 五万分一地形圖", "ckey": 9741696, "available": true, "iiifUrl": "https://purl.stanford.edu/wc926bq3228/iiif/manifest" }, "geometry": { "type": "Polygon", "coordinates": [ [ [ 140.75, 40.5000002 ], [ 141.0, 40.5000002 ], [ 141.0, 40.666667 ], [ 140.75, 40.666667 ], [ 140.75, 40.5000002 ] ] ] } },
{ "type": "Feature", "properties": { "Id": 0, "Sheet_ID": "弘前 2", "label": "弘前 2", "call_short": "G7960 S50 .K61", "call_num": "G7960 S50 .K61 NK-54-24-2", "recid": "qj658wc2891", "websiteUrl": "https://purl.stanford.edu/qj658wc2891", "title": "[日本] 五万分一地形圖", "ckey": 9741696, "available": true, "iiifUrl": "https://purl.stanford.edu/qj658wc2891/iiif/manifest" }, "geometry": { "type": "Polygon", "coordinates": [ [ [ 140.75, 40.3333335 ], [ 141.0, 40.3333335 ], [ 141.0, 40.5000003 ], [ 140.75, 40.5000003 ], [ 140.75, 40.3333335 ] ] ] } },
{ "type": "Feature", "properties": { "Id": 0, "Sheet_ID": "弘前 6", "label": "弘前 6", "call_short": "G7960 S50 .K61", "call_num": "G7960 S50 .K61 NK-54-24-6", "recid": "qq174rs8653", "websiteUrl": "https://purl.stanford.edu/qq174rs8653", "title": "[日本] 五万分一地形圖", "ckey": 9741696, "available": true, "iiifUrl": "https://purl.stanford.edu/qq174rs8653/iiif/manifest" }, "geometry": { "type": "Polygon", "coordinates": [ [ [ 140.5, 40.3333335 ], [ 140.75, 40.3333335 ], [ 140.75, 40.5000003 ], [ 140.5, 40.5000003 ], [ 140.5, 40.3333335 ] ] ] } },
{ "type": "Feature", "properties": { "Id": 0, "Sheet_ID": "弘前 12", "label": "弘前 12", "call_short": "G7960 S50 .K61", "call_num": "G7960 S50 .K61 NK-54-24-12", "recid": "tk552pz7557", "websiteUrl": "https://purl.stanford.edu/tk552pz7557", "title": "[日本] 五万分一地形圖", "ckey": 9741696, "available": true, "iiifUrl": "https://purl.stanford.edu/tk552pz7557/iiif/manifest" }, "geometry": { "type": "Polygon", "coordinates": [ [ [ 140.25, 40.0 ], [ 140.5, 40.0 ], [ 140.5, 40.1666667 ], [ 140.25, 40.1666667 ], [ 140.25, 40.0 ] ] ] } },
{ "type": "Feature", "properties": { "Id": 0, "Sheet_ID": "弘前 7 ED.2", "label": "弘前 7 ED.2", "call_short": "G7960 S50 .K61", "call_num": "G7960 S50 .K61 NK-54-24-7 ED.2", "recid": "pd303zm4455", "websiteUrl": "https://purl.stanford.edu/pd303zm4455", "title": "[日本] 五万分一地形圖", "ckey": 9741696, "available": true, "iiifUrl": "https://purl.stanford.edu/pd303zm4455/iiif/manifest" }, "geometry": { "type": "Polygon", "coordinates": [ [ [ 140.5, 40.1666667 ], [ 140.75, 40.1666667 ], [ 140.75, 40.3333335 ], [ 140.5, 40.3333335 ], [ 140.5, 40.1666667 ] ] ] } },
{ "type": "Feature", "properties": { "Id": 0, "Sheet_ID": "青森 16", "label": "青森 16", "call_short": "G7960 S50 .K61", "call_num": "G7960 S50 .K61 NK-54-23-16", "recid": "mv665mn8921", "websiteUrl": "https://purl.stanford.edu/mv665mn8921", "title": "[日本] 五万分一地形圖", "ckey": 9741696, "available": true, "iiifUrl": "https://purl.stanford.edu/mv665mn8921/iiif/manifest" }, "geometry": { "type": "Polygon", "coordinates": [ [ [ 140.0, 40.666667 ], [ 140.25, 40.666667 ], [ 140.25, 40.8333335 ], [ 140.0, 40.8333335 ], [ 140.0, 40.666667 ] ] ] } },
{ "type": "Feature", "properties": { "Id": 0, "Sheet_ID": "青森 12 ED.2", "label": "青森 12 ED.2", "call_short": "G7960 S50 .K61", "call_num": "G7960 S50 .K61 NK-54-23-12 ED.2", "recid": "gm889hv7859", "websiteUrl": "https://purl.stanford.edu/gm889hv7859", "title": "[日本] 五万分一地形圖", "ckey": 9741696, "available": true, "iiifUrl": "https://purl.stanford.edu/gm889hv7859/iiif/manifest" }, "geometry": { "type": "Polygon", "coordinates": [ [ [ 140.25, 40.666667 ], [ 140.5, 40.666667 ], [ 140.5, 40.8333335 ], [ 140.25, 40.8333335 ], [ 140.25, 40.666667 ] ] ] } },
{ "type": "Feature", "properties": { "Id": 0, "Sheet_ID": "青森 8 ED.2", "label": "青森 8 ED.2", "call_short": "G7960 S50 .K61", "call_num": "G7960 S50 .K61 NK-54-23-8 ED.2", "recid": "km503qm2879", "websiteUrl": "https://purl.stanford.edu/km503qm2879", "title": "[日本] 五万分一地形圖", "ckey": 9741696, "available": true, "iiifUrl": "https://purl.stanford.edu/km503qm2879/iiif/manifest" }, "geometry": { "type": "Polygon", "coordinates": [ [ [ 140.5, 40.666667 ], [ 140.75, 40.666667 ], [ 140.75, 40.8333335 ], [ 140.5, 40.8333335 ], [ 140.5, 40.666667 ] ] ] } },
{ "type": "Feature", "properties": { "Id": 0, "Sheet_ID": "青森 4", "label": "青森 4", "call_short": "G7960 S50 .K61", "call_num": "G7960 S50 .K61 NK-54-23-4", "recid": "kc798mf1081", "websiteUrl": "https://purl.stanford.edu/kc798mf1081", "title": "[日本] 五万分一地形圖", "ckey": 9741696, "available": true, "iiifUrl": "https://purl.stanford.edu/kc798mf1081/iiif/manifest" }, "geometry": { "type": "Polygon", "coordinates": [ [ [ 140.75, 40.666667 ], [ 141.0, 40.666667 ], [ 141.0, 40.8333335 ], [ 140.75, 40.8333335 ], [ 140.75, 40.666667 ] ] ] } },
{ "type": "Feature", "properties": { "Id": 0, "Sheet_ID": "青森 11", "label": "青森 11", "call_short": "G7960 S50 .K61", "call_num": "G7960 S50 .K61 NK-54-23-11", "recid": "bk474pr1090", "websiteUrl": "https://purl.stanford.edu/bk474pr1090", "title": "[日本] 五万分一地形圖", "ckey": 9741696, "available": true, "iiifUrl": "https://purl.stanford.edu/bk474pr1090/iiif/manifest" }, "geometry": { "type": "Polygon", "coordinates": [ [ [ 140.25, 40.8333335 ], [ 140.5, 40.8333335 ], [ 140.5, 41.0 ], [ 140.25, 41.0 ], [ 140.25, 40.8333335 ] ] ] } },
{ "type": "Feature", "properties": { "Id": 0, "Sheet_ID": "青森 7", "label": "青森 7", "call_short": "G7960 S50 .K61", "call_num": "G7960 S50 .K61 NK-54-23-7", "recid": "fz005wh2138", "websiteUrl": "https://purl.stanford.edu/fz005wh2138", "title": "[日本] 五万分一地形圖", "ckey": 9741696, "available": true, "iiifUrl": "https://purl.stanford.edu/fz005wh2138/iiif/manifest" }, "geometry": { "type": "Polygon", "coordinates": [ [ [ 140.5, 40.8333335 ], [ 140.75, 40.8333335 ], [ 140.75, 41.0 ], [ 140.5, 41.0 ], [ 140.5, 40.8333335 ] ] ] } },
{ "type": "Feature", "properties": { "Id": 0, "Sheet_ID": "青森 3", "label": "青森 3", "call_short": "0", "call_num": "0", "recid": "0", "websiteUrl": "0", "title": "0", "ckey": 0, "available": false, "iiifUrl": "0" }, "geometry": { "type": "Polygon", "coordinates": [ [ [ 140.75, 40.8333335 ], [ 141.0, 40.8333335 ], [ 141.0, 41.0 ], [ 140.75, 41.0 ], [ 140.75, 40.8333335 ] ] ] } },
{ "type": "Feature", "properties": { "Id": 0, "Sheet_ID": "青森 10", "label": "青森 10", "call_short": "0", "call_num": "0", "recid": "0", "websiteUrl": "0", "title": "0", "ckey": 0, "available": false, "iiifUrl": "0" }, "geometry": { "type": "Polygon", "coordinates": [ [ [ 140.25, 41.0 ], [ 140.5, 41.0 ], [ 140.5, 41.1666665 ], [ 140.25, 41.1666665 ], [ 140.25, 41.0 ] ] ] } },
{ "type": "Feature", "properties": { "Id": 0, "Sheet_ID": "青森 6", "label": "青森 6", "call_short": "0", "call_num": "0", "recid": "0", "websiteUrl": "0", "title": "0", "ckey": 0, "available": false, "iiifUrl": "0" }, "geometry": { "type": "Polygon", "coordinates": [ [ [ 140.5, 41.0 ], [ 140.75, 41.0 ], [ 140.75, 41.1666665 ], [ 140.5, 41.1666665 ], [ 140.5, 41.0 ] ] ] } },
{ "type": "Feature", "properties": { "Id": 0, "Sheet_ID": "青森 2", "label": "青森 2", "call_short": "0", "call_num": "0", "recid": "0", "websiteUrl": "0", "title": "0", "ckey": 0, "available": false, "iiifUrl": "0" }, "geometry": { "type": "Polygon", "coordinates": [ [ [ 140.75, 41.0 ], [ 141.0, 41.0 ], [ 141.0, 41.1666665 ], [ 140.75, 41.1666665 ], [ 140.75, 41.0 ] ] ] } },
{ "type": "Feature", "properties": { "Id": 0, "Sheet_ID": "青森 9", "label": "青森 9", "call_short": "0", "call_num": "0", "recid": "0", "websiteUrl": "0", "title": "0", "ckey": 0, "available": false, "iiifUrl": "0" }, "geometry": { "type": "Polygon", "coordinates": [ [ [ 140.25, 41.1666665 ], [ 140.5, 41.1666665 ], [ 140.5, 41.333333 ], [ 140.25, 41.333333 ], [ 140.25, 41.1666665 ] ] ] } },
{ "type": "Feature", "properties": { "Id": 0, "Sheet_ID": "青森 5", "label": "青森 5", "call_short": "0", "call_num": "0", "recid": "0", "websiteUrl": "0", "title": "0", "ckey": 0, "available": false, "iiifUrl": "0" }, "geometry": { "type": "Polygon", "coordinates": [ [ [ 140.5, 41.1666665 ], [ 140.75, 41.1666665 ], [ 140.75, 41.333333 ], [ 140.5, 41.333333 ], [ 140.5, 41.1666665 ] ] ] } },
{ "type": "Feature", "properties": { "Id": 0, "Sheet_ID": "青森 1", "label": "青森 1", "call_short": "0", "call_num": "0", "recid": "0", "websiteUrl": "0", "title": "0", "ckey": 0, "available": false, "iiifUrl": "0" }, "geometry": { "type": "Polygon", "coordinates": [ [ [ 140.75, 41.1666665 ], [ 141.0, 41.1666665 ], [ 141.0, 41.333333 ], [ 140.75, 41.333333 ], [ 140.75, 41.1666665 ] ] ] } },
{ "type": "Feature", "properties": { "Id": 0, "Sheet_ID": "青森 16_西部", "label": "青森 16_西部", "call_short": "G7960 S50 .K61", "call_num": "G7960 S50 .K61 NK-54-23-16 WEST", "recid": "gm497vj2125", "websiteUrl": "https://purl.stanford.edu/gm497vj2125", "title": "[日本] 五万分一地形圖", "ckey": 9741696, "available": true, "iiifUrl": "https://purl.stanford.edu/gm497vj2125/iiif/manifest" }, "geometry": { "type": "Polygon", "coordinates": [ [ [ 140.0, 40.666667 ], [ 140.0, 40.8333335 ], [ 139.75, 40.8333335 ], [ 139.75, 40.666667 ], [ 140.0, 40.666667 ] ] ] } },
{ "type": "Feature", "properties": { "Id": 0, "Sheet_ID": "青森 8", "label": "青森 8", "call_short": "G7960 S50 .K61", "call_num": "G7960 S50 .K61 NK-54-23-8", "recid": "hk968xp6833", "websiteUrl": "https://purl.stanford.edu/hk968xp6833", "title": "[日本] 五万分一地形圖", "ckey": 9741696, "available": true, "iiifUrl": "https://purl.stanford.edu/hk968xp6833/iiif/manifest" }, "geometry": { "type": "Polygon", "coordinates": [ [ [ 140.5, 40.666667 ], [ 140.75, 40.666667 ], [ 140.75, 40.8333335 ], [ 140.5, 40.8333335 ], [ 140.5, 40.666667 ] ] ] } },
{ "type": "Feature", "properties": { "Id": 0, "Sheet_ID": "青森 12", "label": "青森 12", "call_short": "G7960 S50 .K61", "call_num": "G7960 S50 .K61 NK-54-23-12", "recid": "ps894tm2957", "websiteUrl": "https://purl.stanford.edu/ps894tm2957", "title": "[日本] 五万分一地形圖", "ckey": 9741696, "available": true, "iiifUrl": "https://purl.stanford.edu/ps894tm2957/iiif/manifest" }, "geometry": { "type": "Polygon", "coordinates": [ [ [ 140.25, 40.666667 ], [ 140.5, 40.666667 ], [ 140.5, 40.8333335 ], [ 140.25, 40.8333335 ], [ 140.25, 40.666667 ] ] ] } },
{ "type": "Feature", "properties": { "Id": 0, "Sheet_ID": "八戸 16", "label": "八戸 16", "call_short": "G7960 S50 .K61", "call_num": "G7960 S50 .K61 NK-54-18-16", "recid": "yb424vs0558", "websiteUrl": "https://purl.stanford.edu/yb424vs0558", "title": "[日本] 五万分一地形圖", "ckey": 9741696, "available": true, "iiifUrl": "https://purl.stanford.edu/yb424vs0558/iiif/manifest" }, "geometry": { "type": "Polygon", "coordinates": [ [ [ 141.0, 40.0 ], [ 141.25, 40.0 ], [ 141.25, 40.1666667 ], [ 141.0, 40.1666667 ], [ 141.0, 40.0 ] ] ] } },
{ "type": "Feature", "properties": { "Id": 0, "Sheet_ID": "八戸 12 ED.2", "label": "八戸 12 ED.2", "call_short": "G7960 S50 .K61", "call_num": "G7960 S50 .K61 NK-54-18-12 ED.2", "recid": "hk482qz2894", "websiteUrl": "https://purl.stanford.edu/hk482qz2894", "title": "[日本] 五万分一地形圖", "ckey": 9741696, "available": true, "iiifUrl": "https://purl.stanford.edu/hk482qz2894/iiif/manifest" }, "geometry": { "type": "Polygon", "coordinates": [ [ [ 141.25, 40.0 ], [ 141.5, 40.0 ], [ 141.5, 40.1666667 ], [ 141.25, 40.1666667 ], [ 141.25, 40.0 ] ] ] } },
{ "type": "Feature", "properties": { "Id": 0, "Sheet_ID": "八戸 8", "label": "八戸 8", "call_short": "G7960 S50 .K61", "call_num": "G7960 S50 .K61 NK-54-18-8", "recid": "zp748vz9274", "websiteUrl": "https://purl.stanford.edu/zp748vz9274", "title": "[日本] 五万分一地形圖", "ckey": 9741696, "available": true, "iiifUrl": "https://purl.stanford.edu/zp748vz9274/iiif/manifest" }, "geometry": { "type": "Polygon", "coordinates": [ [ [ 141.5, 40.0 ], [ 141.75, 40.0 ], [ 141.75, 40.1666667 ], [ 141.5, 40.1666667 ], [ 141.5, 40.0 ] ] ] } },
{ "type": "Feature", "properties": { "Id": 0, "Sheet_ID": "八戸 4", "label": "八戸 4", "call_short": "G7960 S50 .K61", "call_num": "G7960 S50 .K61 NK-54-18-4", "recid": "np772hr1929", "websiteUrl": "https://purl.stanford.edu/np772hr1929", "title": "[日本] 五万分一地形圖", "ckey": 9741696, "available": true, "iiifUrl": "https://purl.stanford.edu/np772hr1929/iiif/manifest" }, "geometry": { "type": "Polygon", "coordinates": [ [ [ 141.75, 40.0 ], [ 142.0, 40.0 ], [ 142.0, 40.1666667 ], [ 141.75, 40.1666667 ], [ 141.75, 40.0 ] ] ] } },
{ "type": "Feature", "properties": { "Id": 0, "Sheet_ID": "八戸 15 ED.2", "label": "八戸 15 ED.2", "call_short": "G7960 S50 .K61", "call_num": "G7960 S50 .K61 NK-54-18-15 ED.2", "recid": "nt177mh7068", "websiteUrl": "https://purl.stanford.edu/nt177mh7068", "title": "[日本] 五万分一地形圖", "ckey": 9741696, "available": true, "iiifUrl": "https://purl.stanford.edu/nt177mh7068/iiif/manifest" }, "geometry": { "type": "Polygon", "coordinates": [ [ [ 141.0, 40.1666667 ], [ 141.25, 40.1666667 ], [ 141.25, 40.3333335 ], [ 141.0, 40.3333335 ], [ 141.0, 40.1666667 ] ] ] } },
{ "type": "Feature", "properties": { "Id": 0, "Sheet_ID": "八戸 11", "label": "八戸 11", "call_short": "G7960 S50 .K61", "call_num": "G7960 S50 .K61 NK-54-18-11", "recid": "hp697dv0694", "websiteUrl": "https://purl.stanford.edu/hp697dv0694", "title": "[日本] 五万分一地形圖", "ckey": 9741696, "available": true, "iiifUrl": "https://purl.stanford.edu/hp697dv0694/iiif/manifest" }, "geometry": { "type": "Polygon", "coordinates": [ [ [ 141.25, 40.1666667 ], [ 141.5, 40.1666667 ], [ 141.5, 40.3333335 ], [ 141.25, 40.3333335 ], [ 141.25, 40.1666667 ] ] ] } },
{ "type": "Feature", "properties": { "Id": 0, "Sheet_ID": "八戸 7", "label": "八戸 7", "call_short": "G7960 S50 .K61", "call_num": "G7960 S50 .K61 NK-54-18-7", "recid": "gz075hk1539", "websiteUrl": "https://purl.stanford.edu/gz075hk1539", "title": "[日本] 五万分一地形圖", "ckey": 9741696, "available": true, "iiifUrl": "https://purl.stanford.edu/gz075hk1539/iiif/manifest" }, "geometry": { "type": "Polygon", "coordinates": [ [ [ 141.5, 40.1666667 ], [ 141.75, 40.1666667 ], [ 141.75, 40.3333335 ], [ 141.5, 40.3333335 ], [ 141.5, 40.1666667 ] ] ] } },
{ "type": "Feature", "properties": { "Id": 0, "Sheet_ID": "八戸 3 ED.2", "label": "八戸 3 ED.2", "call_short": "G7960 S50 .K61", "call_num": "G7960 S50 .K61 NK-54-18-3 ED.2", "recid": "zb873st4338", "websiteUrl": "https://purl.stanford.edu/zb873st4338", "title": "[日本] 五万分一地形圖", "ckey": 9741696, "available": true, "iiifUrl": "https://purl.stanford.edu/zb873st4338/iiif/manifest" }, "geometry": { "type": "Polygon", "coordinates": [ [ [ 141.75, 40.1666667 ], [ 142.0, 40.1666667 ], [ 142.0, 40.3333335 ], [ 141.75, 40.3333335 ], [ 141.75, 40.1666667 ] ] ] } },
{ "type": "Feature", "properties": { "Id": 0, "Sheet_ID": "八戸 14", "label": "八戸 14", "call_short": "G7960 S50 .K61", "call_num": "G7960 S50 .K61 NK-54-18-14", "recid": "fp214tk0767", "websiteUrl": "https://purl.stanford.edu/fp214tk0767", "title": "[日本] 五万分一地形圖", "ckey": 9741696, "available": true, "iiifUrl": "https://purl.stanford.edu/fp214tk0767/iiif/manifest" }, "geometry": { "type": "Polygon", "coordinates": [ [ [ 141.0, 40.3333335 ], [ 141.25, 40.3333335 ], [ 141.25, 40.5000002 ], [ 141.0, 40.5000002 ], [ 141.0, 40.3333335 ] ] ] } },
{ "type": "Feature", "properties": { "Id": 0, "Sheet_ID": "八戸 10", "label": "八戸 10", "call_short": "G7960 S50 .K61", "call_num": "G7960 S50 .K61 NK-54-18-10", "recid": "hc520cg7913", "websiteUrl": "https://purl.stanford.edu/hc520cg7913", "title": "[日本] 五万分一地形圖", "ckey": 9741696, "available": true, "iiifUrl": "https://purl.stanford.edu/hc520cg7913/iiif/manifest" }, "geometry": { "type": "Polygon", "coordinates": [ [ [ 141.25, 40.3333335 ], [ 141.5, 40.3333335 ], [ 141.5, 40.5000002 ], [ 141.25, 40.5000002 ], [ 141.25, 40.3333335 ] ] ] } },
{ "type": "Feature", "properties": { "Id": 0, "Sheet_ID": "八戸 6", "label": "八戸 6", "call_short": "G7960 S50 .K61", "call_num": "G7960 S50 .K61 NK-54-18-6", "recid": "nh084fb4022", "websiteUrl": "https://purl.stanford.edu/nh084fb4022", "title": "[日本] 五万分一地形圖", "ckey": 9741696, "available": true, "iiifUrl": "https://purl.stanford.edu/nh084fb4022/iiif/manifest" }, "geometry": { "type": "Polygon", "coordinates": [ [ [ 141.5, 40.3333335 ], [ 141.75, 40.3333335 ], [ 141.75, 40.5000002 ], [ 141.5, 40.5000002 ], [ 141.5, 40.3333335 ] ] ] } },
{ "type": "Feature", "properties": { "Id": 0, "Sheet_ID": "八戸 2", "label": "八戸 2", "call_short": "G7960 S50 .K61", "call_num": "G7960 S50 .K61 NK-54-18-2", "recid": "fn681yy4919", "websiteUrl": "https://purl.stanford.edu/fn681yy4919", "title": "[日本] 五万分一地形圖", "ckey": 9741696, "available": true, "iiifUrl": "https://purl.stanford.edu/fn681yy4919/iiif/manifest" }, "geometry": { "type": "Polygon", "coordinates": [ [ [ 141.75, 40.3333335 ], [ 142.0, 40.3333335 ], [ 142.0, 40.5000002 ], [ 141.75, 40.5000002 ], [ 141.75, 40.3333335 ] ] ] } },
{ "type": "Feature", "properties": { "Id": 0, "Sheet_ID": "八戸 13", "label": "八戸 13", "call_short": "G7960 S50 .K61", "call_num": "G7960 S50 .K61 NK-54-18-13", "recid": "pb426mk7540", "websiteUrl": "https://purl.stanford.edu/pb426mk7540", "title": "[日本] 五万分一地形圖", "ckey": 9741696, "available": true, "iiifUrl": "https://purl.stanford.edu/pb426mk7540/iiif/manifest" }, "geometry": { "type": "Polygon", "coordinates": [ [ [ 141.0, 40.5000002 ], [ 141.25, 40.5000002 ], [ 141.25, 40.666667 ], [ 141.0, 40.666667 ], [ 141.0, 40.5000002 ] ] ] } },
{ "type": "Feature", "properties": { "Id": 0, "Sheet_ID": "八戸 9", "label": "八戸 9", "call_short": "G7960 S50 .K61", "call_num": "G7960 S50 .K61 NK-54-18-9", "recid": "vh117gw5588", "websiteUrl": "https://purl.stanford.edu/vh117gw5588", "title": "[日本] 五万分一地形圖", "ckey": 9741696, "available": true, "iiifUrl": "https://purl.stanford.edu/vh117gw5588/iiif/manifest" }, "geometry": { "type": "Polygon", "coordinates": [ [ [ 141.25, 40.5000002 ], [ 141.5, 40.5000002 ], [ 141.5, 40.666667 ], [ 141.25, 40.666667 ], [ 141.25, 40.5000002 ] ] ] } },
{ "type": "Feature", "properties": { "Id": 0, "Sheet_ID": "八戸 5", "label": "八戸 5", "call_short": "G7960 S50 .K61", "call_num": "G7960 S50 .K61 NK-54-18-5", "recid": "yw324jk0627", "websiteUrl": "https://purl.stanford.edu/yw324jk0627", "title": "[日本] 五万分一地形圖", "ckey": 9741696, "available": true, "iiifUrl": "https://purl.stanford.edu/yw324jk0627/iiif/manifest" }, "geometry": { "type": "Polygon", "coordinates": [ [ [ 141.5, 40.5000002 ], [ 141.75, 40.5000002 ], [ 141.75, 40.666667 ], [ 141.5, 40.666667 ], [ 141.5, 40.5000002 ] ] ] } },
{ "type": "Feature", "properties": { "Id": 0, "Sheet_ID": "八戸 3", "label": "八戸 3", "call_short": "G7960 S50 .K61", "call_num": "G7960 S50 .K61 NK-54-18-3", "recid": "rc261fk6432", "websiteUrl": "https://purl.stanford.edu/rc261fk6432", "title": "[日本] 五万分一地形圖", "ckey": 9741696, "available": true, "iiifUrl": "https://purl.stanford.edu/rc261fk6432/iiif/manifest" }, "geometry": { "type": "Polygon", "coordinates": [ [ [ 141.75, 40.1666667 ], [ 142.0, 40.1666667 ], [ 142.0, 40.3333335 ], [ 141.75, 40.3333335 ], [ 141.75, 40.1666667 ] ] ] } },
{ "type": "Feature", "properties": { "Id": 0, "Sheet_ID": "八戸 9 ED.2", "label": "八戸 9 ED.2", "call_short": "G7960 S50 .K61", "call_num": "G7960 S50 .K61 NK-54-18-9 ED.2", "recid": "fh245kx9907", "websiteUrl": "https://purl.stanford.edu/fh245kx9907", "title": "[日本] 五万分一地形圖", "ckey": 9741696, "available": true, "iiifUrl": "https://purl.stanford.edu/fh245kx9907/iiif/manifest" }, "geometry": { "type": "Polygon", "coordinates": [ [ [ 141.25, 40.5000003 ], [ 141.5, 40.5000003 ], [ 141.5, 40.666667 ], [ 141.25, 40.666667 ], [ 141.25, 40.5000003 ] ] ] } },
{ "type": "Feature", "properties": { "Id": 0, "Sheet_ID": "八戸 12", "label": "八戸 12", "call_short": "G7960 S50 .K61", "call_num": "G7960 S50 .K61 NK-54-18-12", "recid": "py076zd0669", "websiteUrl": "https://purl.stanford.edu/py076zd0669", "title": "[日本] 五万分一地形圖", "ckey": 9741696, "available": true, "iiifUrl": "https://purl.stanford.edu/py076zd0669/iiif/manifest" }, "geometry": { "type": "Polygon", "coordinates": [ [ [ 141.25, 40.0 ], [ 141.5, 40.0 ], [ 141.5, 40.1666667 ], [ 141.25, 40.1666667 ], [ 141.25, 40.0 ] ] ] } },
{ "type": "Feature", "properties": { "Id": 0, "Sheet_ID": "八戸 13 ED.2", "label": "八戸 13 ED.2", "call_short": "G7960 S50 .K61", "call_num": "G7960 S50 .K61 NK-54-18-13 ED.2", "recid": "br480zj0259", "websiteUrl": "https://purl.stanford.edu/br480zj0259", "title": "[日本] 五万分一地形圖", "ckey": 9741696, "available": true, "iiifUrl": "https://purl.stanford.edu/br480zj0259/iiif/manifest" }, "geometry": { "type": "Polygon", "coordinates": [ [ [ 141.0, 40.5000003 ], [ 141.25, 40.5000003 ], [ 141.25, 40.666667 ], [ 141.0, 40.666667 ], [ 141.0, 40.5000003 ] ] ] } },
{ "type": "Feature", "properties": { "Id": 0, "Sheet_ID": "八戸 15", "label": "八戸 15", "call_short": "G7960 S50 .K61", "call_num": "G7960 S50 .K61 NK-54-18-15", "recid": "nt825bk5787", "websiteUrl": "https://purl.stanford.edu/nt825bk5787", "title": "[日本] 五万分一地形圖", "ckey": 9741696, "available": true, "iiifUrl": "https://purl.stanford.edu/nt825bk5787/iiif/manifest" }, "geometry": { "type": "Polygon", "coordinates": [ [ [ 141.0, 40.1666667 ], [ 141.25, 40.1666667 ], [ 141.25, 40.3333335 ], [ 141.0, 40.3333335 ], [ 141.0, 40.1666667 ] ] ] } },
{ "type": "Feature", "properties": { "Id": 0, "Sheet_ID": "野邊地 16", "label": "野邊地 16", "call_short": "G7960 S50 .K61", "call_num": "G7960 S50 .K61 NK-54-17-16", "recid": "xz446tr5065", "websiteUrl": "https://purl.stanford.edu/xz446tr5065", "title": "[日本] 五万分一地形圖", "ckey": 9741696, "available": true, "iiifUrl": "https://purl.stanford.edu/xz446tr5065/iiif/manifest" }, "geometry": { "type": "Polygon", "coordinates": [ [ [ 141.0, 40.666667 ], [ 141.25, 40.666667 ], [ 141.25, 40.8333335 ], [ 141.0, 40.8333335 ], [ 141.0, 40.666667 ] ] ] } },
{ "type": "Feature", "properties": { "Id": 0, "Sheet_ID": "野邊地 12", "label": "野邊地 12", "call_short": "G7960 S50 .K61", "call_num": "G7960 S50 .K61 NK-54-17-12", "recid": "gh320pt3686", "websiteUrl": "https://purl.stanford.edu/gh320pt3686", "title": "[日本] 五万分一地形圖", "ckey": 9741696, "available": true, "iiifUrl": "https://purl.stanford.edu/gh320pt3686/iiif/manifest" }, "geometry": { "type": "Polygon", "coordinates": [ [ [ 141.25, 40.666667 ], [ 141.5, 40.666667 ], [ 141.5, 40.8333335 ], [ 141.25, 40.8333335 ], [ 141.25, 40.666667 ] ] ] } },
{ "type": "Feature", "properties": { "Id": 0, "Sheet_ID": "野邊地 15", "label": "野邊地 15", "call_short": "0", "call_num": "0", "recid": "0", "websiteUrl": "0", "title": "0", "ckey": 0, "available": false, "iiifUrl": "0" }, "geometry": { "type": "Polygon", "coordinates": [ [ [ 141.0, 40.8333335 ], [ 141.25, 40.8333335 ], [ 141.25, 41.0 ], [ 141.0, 41.0 ], [ 141.0, 40.8333335 ] ] ] } },
{ "type": "Feature", "properties": { "Id": 0, "Sheet_ID": "野邊地 11", "label": "野邊地 11", "call_short": "G7960 S50 .K61", "call_num": "G7960 S50 .K61 NK-54-17-11", "recid": "mq476jd7459", "websiteUrl": "https://purl.stanford.edu/mq476jd7459", "title": "[日本] 五万分一地形圖", "ckey": 9741696, "available": true, "iiifUrl": "https://purl.stanford.edu/mq476jd7459/iiif/manifest" }, "geometry": { "type": "Polygon", "coordinates": [ [ [ 141.25, 40.8333335 ], [ 141.5, 40.8333335 ], [ 141.5, 41.0 ], [ 141.25, 41.0 ], [ 141.25, 40.8333335 ] ] ] } },
{ "type": "Feature", "properties": { "Id": 0, "Sheet_ID": "野邊地 10", "label": "野邊地 10", "call_short": "G7960 S50 .K61", "call_num": "G7960 S50 .K61 NK-54-17-10", "recid": "jk746vc9948", "websiteUrl": "https://purl.stanford.edu/jk746vc9948", "title": "[日本] 五万分一地形圖", "ckey": 9741696, "available": true, "iiifUrl": "https://purl.stanford.edu/jk746vc9948/iiif/manifest" }, "geometry": { "type": "Polygon", "coordinates": [ [ [ 141.25, 41.0 ], [ 141.5, 41.0 ], [ 141.5, 41.1666665 ], [ 141.25, 41.1666665 ], [ 141.25, 41.12 ], [ 141.225, 41.12 ], [ 141.225, 41.0 ], [ 141.25, 41.0 ] ] ] } },
{ "type": "Feature", "properties": { "Id": 0, "Sheet_ID": "野邊地 13", "label": "野邊地 13", "call_short": "G7960 S50 .K61", "call_num": "G7960 S50 .K61 NK-54-17-13", "recid": "ts241qt7878", "websiteUrl": "https://purl.stanford.edu/ts241qt7878", "title": "[日本] 五万分一地形圖", "ckey": 9741696, "available": true, "iiifUrl": "https://purl.stanford.edu/ts241qt7878/iiif/manifest" }, "geometry": { "type": "Polygon", "coordinates": [ [ [ 141.0, 41.1666665 ], [ 141.25, 41.1666665 ], [ 141.25, 41.333333 ], [ 141.0, 41.333333 ], [ 141.0, 41.1666665 ] ] ] } },
{ "type": "Feature", "properties": { "Id": 0, "Sheet_ID": "野邊地 9", "label": "野邊地 9", "call_short": "G7960 S50 .K61", "call_num": "G7960 S50 .K61 NK-54-17-9", "recid": "ch247vx7501", "websiteUrl": "https://purl.stanford.edu/ch247vx7501", "title": "[日本] 五万分一地形圖", "ckey": 9741696, "available": true, "iiifUrl": "https://purl.stanford.edu/ch247vx7501/iiif/manifest" }, "geometry": { "type": "Polygon", "coordinates": [ [ [ 141.25, 41.1666665 ], [ 141.5, 41.1666665 ], [ 141.5, 41.333333 ], [ 141.25, 41.333333 ], [ 141.25, 41.1666665 ] ] ] } },
{ "type": "Feature", "properties": { "Id": 0, "Sheet_ID": "水戸 16 ED.2", "label": "水戸 16 ED.2", "call_short": "G7960 S50 .K61", "call_num": "G7960 S50 .K61 NJ-54-24-16 ED.2", "recid": "vz183sq3910", "websiteUrl": "https://purl.stanford.edu/vz183sq3910", "title": "[日本] 五万分一地形圖", "ckey": 9741696, "available": true, "iiifUrl": "https://purl.stanford.edu/vz183sq3910/iiif/manifest" }, "geometry": { "type": "Polygon", "coordinates": [ [ [ 140.0, 36.0 ], [ 140.25, 36.0 ], [ 140.25, 36.1666667 ], [ 140.0, 36.1666667 ], [ 140.0, 36.0 ] ] ] } },
{ "type": "Feature", "properties": { "Id": 0, "Sheet_ID": "水戸 12 ED.2", "label": "水戸 12 ED.2", "call_short": "G7960 S50 .K61", "call_num": "G7960 S50 .K61 NJ-54-24-12 ED.2", "recid": "sx802hh1853", "websiteUrl": "https://purl.stanford.edu/sx802hh1853", "title": "[日本] 五万分一地形圖", "ckey": 9741696, "available": true, "iiifUrl": "https://purl.stanford.edu/sx802hh1853/iiif/manifest" }, "geometry": { "type": "Polygon", "coordinates": [ [ [ 140.25, 36.0 ], [ 140.5, 36.0 ], [ 140.5, 36.1666667 ], [ 140.25, 36.1666667 ], [ 140.25, 36.0 ] ] ] } },
{ "type": "Feature", "properties": { "Id": 0, "Sheet_ID": "水戸 8 ED.2", "label": "水戸 8 ED.2", "call_short": "G7960 S50 .K61", "call_num": "G7960 S50 .K61 NJ-54-24-8 ED.2", "recid": "qt886qz3372", "websiteUrl": "https://purl.stanford.edu/qt886qz3372", "title": "[日本] 五万分一地形圖", "ckey": 9741696, "available": true, "iiifUrl": "https://purl.stanford.edu/qt886qz3372/iiif/manifest" }, "geometry": { "type": "Polygon", "coordinates": [ [ [ 140.5, 36.0 ], [ 140.75, 36.0 ], [ 140.75, 36.1666667 ], [ 140.5, 36.1666667 ], [ 140.5, 36.0 ] ] ] } },
{ "type": "Feature", "properties": { "Id": 0, "Sheet_ID": "水戸 15", "label": "水戸 15", "call_short": "G7960 S50 .K61", "call_num": "G7960 S50 .K61 NJ-54-24-15", "recid": "tb318ym3123", "websiteUrl": "https://purl.stanford.edu/tb318ym3123", "title": "[日本] 五万分一地形圖", "ckey": 9741696, "available": true, "iiifUrl": "https://purl.stanford.edu/tb318ym3123/iiif/manifest" }, "geometry": { "type": "Polygon", "coordinates": [ [ [ 140.0, 36.1666667 ], [ 140.25, 36.1666667 ], [ 140.25, 36.3333335 ], [ 140.0, 36.3333335 ], [ 140.0, 36.1666667 ] ] ] } },
{ "type": "Feature", "properties": { "Id": 0, "Sheet_ID": "水戸 11", "label": "水戸 11", "call_short": "G7960 S50 .K61", "call_num": "G7960 S50 .K61 NJ-54-24-11", "recid": "vx877cr6310", "websiteUrl": "https://purl.stanford.edu/vx877cr6310", "title": "[日本] 五万分一地形圖", "ckey": 9741696, "available": true, "iiifUrl": "https://purl.stanford.edu/vx877cr6310/iiif/manifest" }, "geometry": { "type": "Polygon", "coordinates": [ [ [ 140.25, 36.1666667 ], [ 140.5, 36.1666667 ], [ 140.5, 36.3333335 ], [ 140.25, 36.3333335 ], [ 140.25, 36.1666667 ] ] ] } },
{ "type": "Feature", "properties": { "Id": 0, "Sheet_ID": "水戸 7", "label": "水戸 7", "call_short": "G7960 S50 .K61", "call_num": "G7960 S50 .K61 NJ-54-24-7", "recid": "ww769zc7068", "websiteUrl": "https://purl.stanford.edu/ww769zc7068", "title": "[日本] 五万分一地形圖", "ckey": 9741696, "available": true, "iiifUrl": "https://purl.stanford.edu/ww769zc7068/iiif/manifest" }, "geometry": { "type": "Polygon", "coordinates": [ [ [ 140.5, 36.1666667 ], [ 140.75, 36.1666667 ], [ 140.75, 36.3333335 ], [ 140.5, 36.3333335 ], [ 140.5, 36.1666667 ] ] ] } },
{ "type": "Feature", "properties": { "Id": 0, "Sheet_ID": "水戸 14", "label": "水戸 14", "call_short": "G7960 S50 .K61", "call_num": "G7960 S50 .K61 NJ-54-24-14", "recid": "bx767md7446", "websiteUrl": "https://purl.stanford.edu/bx767md7446", "title": "[日本] 五万分一地形圖", "ckey": 9741696, "available": true, "iiifUrl": "https://purl.stanford.edu/bx767md7446/iiif/manifest" }, "geometry": { "type": "Polygon", "coordinates": [ [ [ 140.0, 36.3333335 ], [ 140.25, 36.3333335 ], [ 140.25, 36.5000002 ], [ 140.0, 36.5000002 ], [ 140.0, 36.3333335 ] ] ] } },
{ "type": "Feature", "properties": { "Id": 0, "Sheet_ID": "水戸 10", "label": "水戸 10", "call_short": "G7960 S50 .K61", "call_num": "G7960 S50 .K61 NJ-54-24-10", "recid": "jg430nr1311", "websiteUrl": "https://purl.stanford.edu/jg430nr1311", "title": "[日本] 五万分一地形圖", "ckey": 9741696, "available": true, "iiifUrl": "https://purl.stanford.edu/jg430nr1311/iiif/manifest" }, "geometry": { "type": "Polygon", "coordinates": [ [ [ 140.25, 36.3333335 ], [ 140.5, 36.3333335 ], [ 140.5, 36.5000002 ], [ 140.25, 36.5000002 ], [ 140.25, 36.3333335 ] ] ] } },
{ "type": "Feature", "properties": { "Id": 0, "Sheet_ID": "水戸 6", "label": "水戸 6", "call_short": "G7960 S50 .K61", "call_num": "G7960 S50 .K61 NJ-54-24-6", "recid": "ws785xg5624", "websiteUrl": "https://purl.stanford.edu/ws785xg5624", "title": "[日本] 五万分一地形圖", "ckey": 9741696, "available": true, "iiifUrl": "https://purl.stanford.edu/ws785xg5624/iiif/manifest" }, "geometry": { "type": "Polygon", "coordinates": [ [ [ 140.5, 36.3333335 ], [ 140.75, 36.3333335 ], [ 140.75, 36.5000002 ], [ 140.5, 36.5000002 ], [ 140.5, 36.3333335 ] ] ] } },
{ "type": "Feature", "properties": { "Id": 0, "Sheet_ID": "水戸 13", "label": "水戸 13", "call_short": "G7960 S50 .K61", "call_num": "G7960 S50 .K61 NJ-54-24-13", "recid": "wv089cv4271", "websiteUrl": "https://purl.stanford.edu/wv089cv4271", "title": "[日本] 五万分一地形圖", "ckey": 9741696, "available": true, "iiifUrl": "https://purl.stanford.edu/wv089cv4271/iiif/manifest" }, "geometry": { "type": "Polygon", "coordinates": [ [ [ 140.0, 36.5000002 ], [ 140.25, 36.5000002 ], [ 140.25, 36.666667 ], [ 140.0, 36.666667 ], [ 140.0, 36.5000002 ] ] ] } },
{ "type": "Feature", "properties": { "Id": 0, "Sheet_ID": "水戸 9", "label": "水戸 9", "call_short": "G7960 S50 .K61", "call_num": "G7960 S50 .K61 NJ-54-24-9", "recid": "np941by5341", "websiteUrl": "https://purl.stanford.edu/np941by5341", "title": "[日本] 五万分一地形圖", "ckey": 9741696, "available": true, "iiifUrl": "https://purl.stanford.edu/np941by5341/iiif/manifest" }, "geometry": { "type": "Polygon", "coordinates": [ [ [ 140.25, 36.5000002 ], [ 140.5, 36.5000002 ], [ 140.5, 36.666667 ], [ 140.25, 36.666667 ], [ 140.25, 36.5000002 ] ] ] } },
{ "type": "Feature", "properties": { "Id": 0, "Sheet_ID": "水戸 5", "label": "水戸 5", "call_short": "G7960 S50 .K61", "call_num": "G7960 S50 .K61 NJ-54-24-5", "recid": "gq731tm4631", "websiteUrl": "https://purl.stanford.edu/gq731tm4631", "title": "[日本] 五万分一地形圖", "ckey": 9741696, "available": true, "iiifUrl": "https://purl.stanford.edu/gq731tm4631/iiif/manifest" }, "geometry": { "type": "Polygon", "coordinates": [ [ [ 140.5, 36.5000002 ], [ 140.75, 36.5000002 ], [ 140.75, 36.666667 ], [ 140.5, 36.666667 ], [ 140.5, 36.5000002 ] ] ] } },
{ "type": "Feature", "properties": { "Id": 0, "Sheet_ID": "水戸 6 ED.2", "label": "水戸 6 ED.2", "call_short": "G7960 S50 .K61", "call_num": "G7960 S50 .K61 NJ-54-24-6 ED.2", "recid": "mg593cs3251", "websiteUrl": "https://purl.stanford.edu/mg593cs3251", "title": "[日本] 五万分一地形圖", "ckey": 9741696, "available": true, "iiifUrl": "https://purl.stanford.edu/mg593cs3251/iiif/manifest" }, "geometry": { "type": "Polygon", "coordinates": [ [ [ 140.5, 36.3333335 ], [ 140.75, 36.3333335 ], [ 140.75, 36.5000002 ], [ 140.5, 36.5000002 ], [ 140.5, 36.3333335 ] ] ] } },
{ "type": "Feature", "properties": { "Id": 0, "Sheet_ID": "水戸 8", "label": "水戸 8", "call_short": "G7960 S50 .K61", "call_num": "G7960 S50 .K61 NJ-54-24-8", "recid": "jy802sh2669", "websiteUrl": "https://purl.stanford.edu/jy802sh2669", "title": "[日本] 五万分一地形圖", "ckey": 9741696, "available": true, "iiifUrl": "https://purl.stanford.edu/jy802sh2669/iiif/manifest" }, "geometry": { "type": "Polygon", "coordinates": [ [ [ 140.5, 36.0 ], [ 140.75, 36.0 ], [ 140.75, 36.1666668 ], [ 140.5, 36.1666668 ], [ 140.5, 36.0 ] ] ] } },
{ "type": "Feature", "properties": { "Id": 0, "Sheet_ID": "水戸 12", "label": "水戸 12", "call_short": "G7960 S50 .K61", "call_num": "G7960 S50 .K61 NJ-54-24-12", "recid": "kb005kq5878", "websiteUrl": "https://purl.stanford.edu/kb005kq5878", "title": "[日本] 五万分一地形圖", "ckey": 9741696, "available": true, "iiifUrl": "https://purl.stanford.edu/kb005kq5878/iiif/manifest" }, "geometry": { "type": "Polygon", "coordinates": [ [ [ 140.25, 36.0 ], [ 140.5, 36.0 ], [ 140.5, 36.1666668 ], [ 140.25, 36.1666668 ], [ 140.25, 36.0 ] ] ] } },
{ "type": "Feature", "properties": { "Id": 0, "Sheet_ID": "水戸 14 ED.2", "label": "水戸 14 ED.2", "call_short": "G7960 S50 .K61", "call_num": "G7960 S50 .K61 NJ-54-24-14 ED.2", "recid": "mb337zm2720", "websiteUrl": "https://purl.stanford.edu/mb337zm2720", "title": "[日本] 五万分一地形圖", "ckey": 9741696, "available": true, "iiifUrl": "https://purl.stanford.edu/mb337zm2720/iiif/manifest" }, "geometry": { "type": "Polygon", "coordinates": [ [ [ 140.0, 36.3333335 ], [ 140.25, 36.3333335 ], [ 140.25, 36.5000002 ], [ 140.0, 36.5000002 ], [ 140.0, 36.3333335 ] ] ] } },
{ "type": "Feature", "properties": { "Id": 0, "Sheet_ID": "水戸 16", "label": "水戸 16", "call_short": "G7960 S50 .K61", "call_num": "G7960 S50 .K61 NJ-54-24-16", "recid": "fs467xd0676", "websiteUrl": "https://purl.stanford.edu/fs467xd0676", "title": "[日本] 五万分一地形圖", "ckey": 9741696, "available": true, "iiifUrl": "https://purl.stanford.edu/fs467xd0676/iiif/manifest" }, "geometry": { "type": "Polygon", "coordinates": [ [ [ 140.0, 36.0 ], [ 140.25, 36.0 ], [ 140.25, 36.1666668 ], [ 140.0, 36.1666668 ], [ 140.0, 36.0 ] ] ] } },
{ "type": "Feature", "properties": { "Id": 0, "Sheet_ID": "白河 16", "label": "白河 16", "call_short": "G7960 S50 .K61", "call_num": "G7960 S50 .K61 NJ-54-23-16", "recid": "tf484pd0233", "websiteUrl": "https://purl.stanford.edu/tf484pd0233", "title": "[日本] 五万分一地形圖", "ckey": 9741696, "available": true, "iiifUrl": "https://purl.stanford.edu/tf484pd0233/iiif/manifest" }, "geometry": { "type": "Polygon", "coordinates": [ [ [ 140.0, 36.666667 ], [ 140.25, 36.666667 ], [ 140.25, 36.8333335 ], [ 140.0, 36.8333335 ], [ 140.0, 36.666667 ] ] ] } },
{ "type": "Feature", "properties": { "Id": 0, "Sheet_ID": "白河 12 ED.2", "label": "白河 12 ED.2", "call_short": "G7960 S50 .K61", "call_num": "G7960 S50 .K61 NJ-54-23-12 ED.2", "recid": "jg173cx4363", "websiteUrl": "https://purl.stanford.edu/jg173cx4363", "title": "[日本] 五万分一地形圖", "ckey": 9741696, "available": true, "iiifUrl": "https://purl.stanford.edu/jg173cx4363/iiif/manifest" }, "geometry": { "type": "Polygon", "coordinates": [ [ [ 140.25, 36.666667 ], [ 140.5, 36.666667 ], [ 140.5, 36.8333335 ], [ 140.25, 36.8333335 ], [ 140.25, 36.666667 ] ] ] } },
{ "type": "Feature", "properties": { "Id": 0, "Sheet_ID": "白河 8 ED.2", "label": "白河 8 ED.2", "call_short": "G7960 S50 .K61", "call_num": "G7960 S50 .K61 NJ-54-23-8 ED.2", "recid": "yq317nq1227", "websiteUrl": "https://purl.stanford.edu/yq317nq1227", "title": "[日本] 五万分一地形圖", "ckey": 9741696, "available": true, "iiifUrl": "https://purl.stanford.edu/yq317nq1227/iiif/manifest" }, "geometry": { "type": "Polygon", "coordinates": [ [ [ 140.5, 36.666667 ], [ 140.75, 36.666667 ], [ 140.75, 36.8333335 ], [ 140.5, 36.8333335 ], [ 140.5, 36.666667 ] ] ] } },
{ "type": "Feature", "properties": { "Id": 0, "Sheet_ID": "白河 4", "label": "白河 4", "call_short": "0", "call_num": "0", "recid": "0", "websiteUrl": "0", "title": "0", "ckey": 0, "available": false, "iiifUrl": "0" }, "geometry": { "type": "Polygon", "coordinates": [ [ [ 140.75, 36.666667 ], [ 141.0, 36.666667 ], [ 141.0, 36.8333335 ], [ 140.75, 36.8333335 ], [ 140.75, 36.666667 ] ] ] } },
{ "type": "Feature", "properties": { "Id": 0, "Sheet_ID": "白河 15", "label": "白河 15", "call_short": "G7960 S50 .K61", "call_num": "G7960 S50 .K61 NJ-54-23-15", "recid": "kp465pj2615", "websiteUrl": "https://purl.stanford.edu/kp465pj2615", "title": "[日本] 五万分一地形圖", "ckey": 9741696, "available": true, "iiifUrl": "https://purl.stanford.edu/kp465pj2615/iiif/manifest" }, "geometry": { "type": "Polygon", "coordinates": [ [ [ 140.0, 36.8333335 ], [ 140.25, 36.8333335 ], [ 140.25, 37.0 ], [ 140.0, 37.0 ], [ 140.0, 36.8333335 ] ] ] } },
{ "type": "Feature", "properties": { "Id": 0, "Sheet_ID": "白河 11", "label": "白河 11", "call_short": "G7960 S50 .K61", "call_num": "G7960 S50 .K61 NJ-54-23-11", "recid": "zv061nj8431", "websiteUrl": "https://purl.stanford.edu/zv061nj8431", "title": "[日本] 五万分一地形圖", "ckey": 9741696, "available": true, "iiifUrl": "https://purl.stanford.edu/zv061nj8431/iiif/manifest" }, "geometry": { "type": "Polygon", "coordinates": [ [ [ 140.25, 36.8333335 ], [ 140.5, 36.8333335 ], [ 140.5, 37.0 ], [ 140.25, 37.0 ], [ 140.25, 36.8333335 ] ] ] } },
{ "type": "Feature", "properties": { "Id": 0, "Sheet_ID": "白河 7", "label": "白河 7", "call_short": "0", "call_num": "0", "recid": "0", "websiteUrl": "0", "title": "0", "ckey": 0, "available": false, "iiifUrl": "0" }, "geometry": { "type": "Polygon", "coordinates": [ [ [ 140.5, 36.8333335 ], [ 140.75, 36.8333335 ], [ 140.75, 37.0 ], [ 140.5, 37.0 ], [ 140.5, 36.8333335 ] ] ] } },
{ "type": "Feature", "properties": { "Id": 0, "Sheet_ID": "白河 3", "label": "白河 3", "call_short": "G7960 S50 .K61", "call_num": "G7960 S50 .K61 NJ-54-23-3", "recid": "gj152dr4939", "websiteUrl": "https://purl.stanford.edu/gj152dr4939", "title": "[日本] 五万分一地形圖", "ckey": 9741696, "available": true, "iiifUrl": "https://purl.stanford.edu/gj152dr4939/iiif/manifest" }, "geometry": { "type": "Polygon", "coordinates": [ [ [ 140.75, 36.8333335 ], [ 141.0, 36.8333335 ], [ 141.0, 37.0 ], [ 140.75, 37.0 ], [ 140.75, 36.8333335 ] ] ] } },
{ "type": "Feature", "properties": { "Id": 0, "Sheet_ID": "白河 14 ED.2", "label": "白河 14 ED.2", "call_short": "G7960 S50 .K61", "call_num": "G7960 S50 .K61 NJ-54-23-14 ED.2", "recid": "fy045mp4655", "websiteUrl": "https://purl.stanford.edu/fy045mp4655", "title": "[日本] 五万分一地形圖", "ckey": 9741696, "available": true, "iiifUrl": "https://purl.stanford.edu/fy045mp4655/iiif/manifest" }, "geometry": { "type": "Polygon", "coordinates": [ [ [ 140.0, 37.0 ], [ 140.25, 37.0 ], [ 140.25, 37.1666665 ], [ 140.0, 37.1666665 ], [ 140.0, 37.0 ] ] ] } },
{ "type": "Feature", "properties": { "Id": 0, "Sheet_ID": "白河 10", "label": "白河 10", "call_short": "G7960 S50 .K61", "call_num": "G7960 S50 .K61 NJ-54-23-10", "recid": "kh043jz8936", "websiteUrl": "https://purl.stanford.edu/kh043jz8936", "title": "[日本] 五万分一地形圖", "ckey": 9741696, "available": true, "iiifUrl": "https://purl.stanford.edu/kh043jz8936/iiif/manifest" }, "geometry": { "type": "Polygon", "coordinates": [ [ [ 140.25, 37.0 ], [ 140.5, 37.0 ], [ 140.5, 37.1666665 ], [ 140.25, 37.1666665 ], [ 140.25, 37.0 ] ] ] } },
{ "type": "Feature", "properties": { "Id": 0, "Sheet_ID": "白河 6", "label": "白河 6", "call_short": "G7960 S50 .K61", "call_num": "G7960 S50 .K61 NJ-54-23-6", "recid": "wx789tx1024", "websiteUrl": "https://purl.stanford.edu/wx789tx1024", "title": "[日本] 五万分一地形圖", "ckey": 9741696, "available": true, "iiifUrl": "https://purl.stanford.edu/wx789tx1024/iiif/manifest" }, "geometry": { "type": "Polygon", "coordinates": [ [ [ 140.5, 37.0 ], [ 140.75, 37.0 ], [ 140.75, 37.1666665 ], [ 140.5, 37.1666665 ], [ 140.5, 37.0 ] ] ] } },
{ "type": "Feature", "properties": { "Id": 0, "Sheet_ID": "白河 2 ED.2", "label": "白河 2 ED.2", "call_short": "G7960 S50 .K61", "call_num": "G7960 S50 .K61 NJ-54-23-2 ED.2", "recid": "fw019dw0973", "websiteUrl": "https://purl.stanford.edu/fw019dw0973", "title": "[日本] 五万分一地形圖", "ckey": 9741696, "available": true, "iiifUrl": "https://purl.stanford.edu/fw019dw0973/iiif/manifest" }, "geometry": { "type": "Polygon", "coordinates": [ [ [ 141.0, 37.0 ], [ 141.0, 37.1 ], [ 141.01, 37.1 ], [ 141.01, 37.1666665 ], [ 141.0, 37.1666665 ], [ 140.75, 37.1666665 ], [ 140.75, 37.0 ], [ 141.0, 37.0 ] ] ] } },
{ "type": "Feature", "properties": { "Id": 0, "Sheet_ID": "白河 13", "label": "白河 13", "call_short": "G7960 S50 .K61", "call_num": "G7960 S50 .K61 NJ-54-23-13", "recid": "vn742jh9841", "websiteUrl": "https://purl.stanford.edu/vn742jh9841", "title": "[日本] 五万分一地形圖", "ckey": 9741696, "available": true, "iiifUrl": "https://purl.stanford.edu/vn742jh9841/iiif/manifest" }, "geometry": { "type": "Polygon", "coordinates": [ [ [ 140.0, 37.1666665 ], [ 140.25, 37.1666665 ], [ 140.25, 37.333333 ], [ 140.0, 37.333333 ], [ 140.0, 37.1666665 ] ] ] } },
{ "type": "Feature", "properties": { "Id": 0, "Sheet_ID": "白河 9", "label": "白河 9", "call_short": "G7960 S50 .K61", "call_num": "G7960 S50 .K61 NJ-54-23-9", "recid": "qy334qp5355", "websiteUrl": "https://purl.stanford.edu/qy334qp5355", "title": "[日本] 五万分一地形圖", "ckey": 9741696, "available": true, "iiifUrl": "https://purl.stanford.edu/qy334qp5355/iiif/manifest" }, "geometry": { "type": "Polygon", "coordinates": [ [ [ 140.25, 37.1666665 ], [ 140.5, 37.1666665 ], [ 140.5, 37.333333 ], [ 140.25, 37.333333 ], [ 140.25, 37.1666665 ] ] ] } },
{ "type": "Feature", "properties": { "Id": 0, "Sheet_ID": "白河 5", "label": "白河 5", "call_short": "G7960 S50 .K61", "call_num": "G7960 S50 .K61 NJ-54-23-5", "recid": "qp065jb0652", "websiteUrl": "https://purl.stanford.edu/qp065jb0652", "title": "[日本] 五万分一地形圖", "ckey": 9741696, "available": true, "iiifUrl": "https://purl.stanford.edu/qp065jb0652/iiif/manifest" }, "geometry": { "type": "Polygon", "coordinates": [ [ [ 140.5, 37.1666665 ], [ 140.75, 37.1666665 ], [ 140.75, 37.333333 ], [ 140.5, 37.333333 ], [ 140.5, 37.1666665 ] ] ] } },
{ "type": "Feature", "properties": { "Id": 0, "Sheet_ID": "白河 1", "label": "白河 1", "call_short": "G7960 S50 .K61", "call_num": "G7960 S50 .K61 NJ-54-23-1", "recid": "cb723hn2041", "websiteUrl": "https://purl.stanford.edu/cb723hn2041", "title": "[日本] 五万分一地形圖", "ckey": 9741696, "available": true, "iiifUrl": "https://purl.stanford.edu/cb723hn2041/iiif/manifest" }, "geometry": { "type": "Polygon", "coordinates": [ [ [ 140.75, 37.1666665 ], [ 141.0, 37.1666665 ], [ 141.0, 37.333333 ], [ 140.75, 37.333333 ], [ 140.75, 37.1666665 ] ] ] } },
{ "type": "Feature", "properties": { "Id": 0, "Sheet_ID": "白河 1_東部", "label": "白河 1_東部", "call_short": "G7960 S50 .K61", "call_num": "G7960 S50 .K61 NJ-54-23-1 EAST", "recid": "fw691ht3752", "websiteUrl": "https://purl.stanford.edu/fw691ht3752", "title": "[日本] 五万分一地形圖", "ckey": 9741696, "available": true, "iiifUrl": "https://purl.stanford.edu/fw691ht3752/iiif/manifest" }, "geometry": { "type": "Polygon", "coordinates": [ [ [ 141.25, 37.1666665 ], [ 141.25, 37.333333 ], [ 141.0, 37.333333 ], [ 141.0, 37.1666665 ], [ 141.25, 37.1666665 ] ] ] } },
{ "type": "Feature", "properties": { "Id": 0, "Sheet_ID": "白河 1_東部 ED.2", "label": "白河 1_東部 ED.2", "call_short": "G7960 S50 .K61", "call_num": "G7960 S50 .K61 NJ-54-23-1 EAST ED.2", "recid": "wy991rx8596", "websiteUrl": "https://purl.stanford.edu/wy991rx8596", "title": "[日本] 五万分一地形圖", "ckey": 9741696, "available": true, "iiifUrl": "https://purl.stanford.edu/wy991rx8596/iiif/manifest" }, "geometry": { "type": "Polygon", "coordinates": [ [ [ 141.25, 37.1666665 ], [ 141.25, 37.333333 ], [ 141.0, 37.333333 ], [ 141.0, 37.1666665 ], [ 141.25, 37.1666665 ] ] ] } },
{ "type": "Feature", "properties": { "Id": 0, "Sheet_ID": "白河 2", "label": "白河 2", "call_short": "G7960 S50 .K61", "call_num": "G7960 S50 .K61 NJ-54-23-2", "recid": "rk296kb8706", "websiteUrl": "https://purl.stanford.edu/rk296kb8706", "title": "[日本] 五万分一地形圖", "ckey": 9741696, "available": true, "iiifUrl": "https://purl.stanford.edu/rk296kb8706/iiif/manifest" }, "geometry": { "type": "Polygon", "coordinates": [ [ [ 141.0, 37.0 ], [ 141.0, 37.1 ], [ 141.01, 37.1 ], [ 141.01, 37.1666665 ], [ 141.0, 37.1666665 ], [ 140.75, 37.1666665 ], [ 140.75, 37.0 ], [ 141.0, 37.0 ] ] ] } },
{ "type": "Feature", "properties": { "Id": 0, "Sheet_ID": "白河 8", "label": "白河 8", "call_short": "G7960 S50 .K61", "call_num": "G7960 S50 .K61 NJ-54-23-8", "recid": "fw418gr7506", "websiteUrl": "https://purl.stanford.edu/fw418gr7506", "title": "[日本] 五万分一地形圖", "ckey": 9741696, "available": true, "iiifUrl": "https://purl.stanford.edu/fw418gr7506/iiif/manifest" }, "geometry": { "type": "Polygon", "coordinates": [ [ [ 140.5, 36.666667 ], [ 140.75, 36.666667 ], [ 140.75, 36.8333335 ], [ 140.5, 36.8333335 ], [ 140.5, 36.666667 ] ] ] } },
{ "type": "Feature", "properties": { "Id": 0, "Sheet_ID": "白河 10 ED.2", "label": "白河 10 ED.2", "call_short": "G7960 S50 .K61", "call_num": "G7960 S50 .K61 NJ-54-23-10 ED.2", "recid": "fy269pt7194", "websiteUrl": "https://purl.stanford.edu/fy269pt7194", "title": "[日本] 五万分一地形圖", "ckey": 9741696, "available": true, "iiifUrl": "https://purl.stanford.edu/fy269pt7194/iiif/manifest" }, "geometry": { "type": "Polygon", "coordinates": [ [ [ 140.25, 37.0 ], [ 140.5, 37.0 ], [ 140.5, 37.1666665 ], [ 140.25, 37.1666665 ], [ 140.25, 37.0 ] ] ] } },
{ "type": "Feature", "properties": { "Id": 0, "Sheet_ID": "白河 12", "label": "白河 12", "call_short": "G7960 S50 .K61", "call_num": "G7960 S50 .K61 NJ-54-23-12", "recid": "bw201dx8190", "websiteUrl": "https://purl.stanford.edu/bw201dx8190", "title": "[日本] 五万分一地形圖", "ckey": 9741696, "available": true, "iiifUrl": "https://purl.stanford.edu/bw201dx8190/iiif/manifest" }, "geometry": { "type": "Polygon", "coordinates": [ [ [ 140.25, 36.666667 ], [ 140.5, 36.666667 ], [ 140.5, 36.8333335 ], [ 140.25, 36.8333335 ], [ 140.25, 36.666667 ] ] ] } },
{ "type": "Feature", "properties": { "Id": 0, "Sheet_ID": "白河 14", "label": "白河 14", "call_short": "G7960 S50 .K61", "call_num": "G7960 S50 .K61 NJ-54-23-14", "recid": "cq343gm6128", "websiteUrl": "https://purl.stanford.edu/cq343gm6128", "title": "[日本] 五万分一地形圖", "ckey": 9741696, "available": true, "iiifUrl": "https://purl.stanford.edu/cq343gm6128/iiif/manifest" }, "geometry": { "type": "Polygon", "coordinates": [ [ [ 140.0, 37.0 ], [ 140.25, 37.0 ], [ 140.25, 37.1666665 ], [ 140.0, 37.1666665 ], [ 140.0, 37.0 ] ] ] } },
{ "type": "Feature", "properties": { "Id": 0, "Sheet_ID": "白河 16 ED.2", "label": "白河 16 ED.2", "call_short": "G7960 S50 .K61", "call_num": "G7960 S50 .K61 NJ-54-23-16 ED.2", "recid": "sw687dd3690", "websiteUrl": "https://purl.stanford.edu/sw687dd3690", "title": "[日本] 五万分一地形圖", "ckey": 9741696, "available": true, "iiifUrl": "https://purl.stanford.edu/sw687dd3690/iiif/manifest" }, "geometry": { "type": "Polygon", "coordinates": [ [ [ 140.0, 36.666667 ], [ 140.25, 36.666667 ], [ 140.25, 36.8333335 ], [ 140.0, 36.8333335 ], [ 140.0, 36.666667 ] ] ] } },
{ "type": "Feature", "properties": { "Id": 0, "Sheet_ID": "福島 16 ED.2", "label": "福島 16 ED.2", "call_short": "G7960 S50 .K61", "call_num": "G7960 S50 .K61 NJ-54-22-16 ED.2", "recid": "kc682df6630", "websiteUrl": "https://purl.stanford.edu/kc682df6630", "title": "[日本] 五万分一地形圖", "ckey": 9741696, "available": true, "iiifUrl": "https://purl.stanford.edu/kc682df6630/iiif/manifest" }, "geometry": { "type": "Polygon", "coordinates": [ [ [ 140.0, 37.333333 ], [ 140.25, 37.333333 ], [ 140.25, 37.4999998 ], [ 140.0, 37.4999998 ], [ 140.0, 37.333333 ] ] ] } },
{ "type": "Feature", "properties": { "Id": 0, "Sheet_ID": "福島 12", "label": "福島 12", "call_short": "G7960 S50 .K61", "call_num": "G7960 S50 .K61 NJ-54-22-12", "recid": "fy801wt5686", "websiteUrl": "https://purl.stanford.edu/fy801wt5686", "title": "[日本] 五万分一地形圖", "ckey": 9741696, "available": true, "iiifUrl": "https://purl.stanford.edu/fy801wt5686/iiif/manifest" }, "geometry": { "type": "Polygon", "coordinates": [ [ [ 140.25, 37.333333 ], [ 140.5, 37.333333 ], [ 140.5, 37.4999998 ], [ 140.25, 37.4999998 ], [ 140.25, 37.333333 ] ] ] } },
{ "type": "Feature", "properties": { "Id": 0, "Sheet_ID": "福島 8", "label": "福島 8", "call_short": "G7960 S50 .K61", "call_num": "G7960 S50 .K61 NJ-54-22-8", "recid": "qx563ws1410", "websiteUrl": "https://purl.stanford.edu/qx563ws1410", "title": "[日本] 五万分一地形圖", "ckey": 9741696, "available": true, "iiifUrl": "https://purl.stanford.edu/qx563ws1410/iiif/manifest" }, "geometry": { "type": "Polygon", "coordinates": [ [ [ 140.5, 37.333333 ], [ 140.75, 37.333333 ], [ 140.75, 37.4999998 ], [ 140.5, 37.4999998 ], [ 140.5, 37.333333 ] ] ] } },
{ "type": "Feature", "properties": { "Id": 0, "Sheet_ID": "福島 4 ED.2", "label": "福島 4 ED.2", "call_short": "G7960 S50 .K61", "call_num": "G7960 S50 .K61 NJ-54-22-4 ED.2", "recid": "dd066vs2117", "websiteUrl": "https://purl.stanford.edu/dd066vs2117", "title": "[日本] 五万分一地形圖", "ckey": 9741696, "available": true, "iiifUrl": "https://purl.stanford.edu/dd066vs2117/iiif/manifest" }, "geometry": { "type": "Polygon", "coordinates": [ [ [ 140.75, 37.333333 ], [ 141.0, 37.333333 ], [ 141.0, 37.4999998 ], [ 140.75, 37.4999998 ], [ 140.75, 37.333333 ] ] ] } },
{ "type": "Feature", "properties": { "Id": 0, "Sheet_ID": "福島 15", "label": "福島 15", "call_short": "G7960 S50 .K61", "call_num": "G7960 S50 .K61 NJ-54-22-15", "recid": "nx334jz7737", "websiteUrl": "https://purl.stanford.edu/nx334jz7737", "title": "[日本] 五万分一地形圖", "ckey": 9741696, "available": true, "iiifUrl": "https://purl.stanford.edu/nx334jz7737/iiif/manifest" }, "geometry": { "type": "Polygon", "coordinates": [ [ [ 140.0, 37.4999998 ], [ 140.25, 37.4999998 ], [ 140.25, 37.6666665 ], [ 140.0, 37.6666665 ], [ 140.0, 37.4999998 ] ] ] } },
{ "type": "Feature", "properties": { "Id": 0, "Sheet_ID": "福島 11", "label": "福島 11", "call_short": "G7960 S50 .K61", "call_num": "G7960 S50 .K61 NJ-54-22-11", "recid": "wg061mk5758", "websiteUrl": "https://purl.stanford.edu/wg061mk5758", "title": "[日本] 五万分一地形圖", "ckey": 9741696, "available": true, "iiifUrl": "https://purl.stanford.edu/wg061mk5758/iiif/manifest" }, "geometry": { "type": "Polygon", "coordinates": [ [ [ 140.25, 37.4999998 ], [ 140.5, 37.4999998 ], [ 140.5, 37.6666665 ], [ 140.25, 37.6666665 ], [ 140.25, 37.4999998 ] ] ] } },
{ "type": "Feature", "properties": { "Id": 0, "Sheet_ID": "福島 7", "label": "福島 7", "call_short": "G7960 S50 .K61", "call_num": "G7960 S50 .K61 NJ-54-22-7", "recid": "mv093nf9955", "websiteUrl": "https://purl.stanford.edu/mv093nf9955", "title": "[日本] 五万分一地形圖", "ckey": 9741696, "available": true, "iiifUrl": "https://purl.stanford.edu/mv093nf9955/iiif/manifest" }, "geometry": { "type": "Polygon", "coordinates": [ [ [ 140.5, 37.4999998 ], [ 140.75, 37.4999998 ], [ 140.75, 37.6666665 ], [ 140.5, 37.6666665 ], [ 140.5, 37.4999998 ] ] ] } },
{ "type": "Feature", "properties": { "Id": 0, "Sheet_ID": "福島 3", "label": "福島 3", "call_short": "G7960 S50 .K61", "call_num": "G7960 S50 .K61 NJ-54-22-3", "recid": "pz927dp7994", "websiteUrl": "https://purl.stanford.edu/pz927dp7994", "title": "[日本] 五万分一地形圖", "ckey": 9741696, "available": true, "iiifUrl": "https://purl.stanford.edu/pz927dp7994/iiif/manifest" }, "geometry": { "type": "Polygon", "coordinates": [ [ [ 140.75, 37.4999998 ], [ 141.0, 37.4999998 ], [ 141.0, 37.6666665 ], [ 140.75, 37.6666665 ], [ 140.75, 37.4999998 ] ] ] } },
{ "type": "Feature", "properties": { "Id": 0, "Sheet_ID": "福島 14", "label": "福島 14", "call_short": "G7960 S50 .K61", "call_num": "G7960 S50 .K61 NJ-54-22-14", "recid": "qb940md1743", "websiteUrl": "https://purl.stanford.edu/qb940md1743", "title": "[日本] 五万分一地形圖", "ckey": 9741696, "available": true, "iiifUrl": "https://purl.stanford.edu/qb940md1743/iiif/manifest" }, "geometry": { "type": "Polygon", "coordinates": [ [ [ 140.0, 37.6666665 ], [ 140.25, 37.6666665 ], [ 140.25, 37.8333333 ], [ 140.0, 37.8333333 ], [ 140.0, 37.6666665 ] ] ] } },
{ "type": "Feature", "properties": { "Id": 0, "Sheet_ID": "福島 10", "label": "福島 10", "call_short": "G7960 S50 .K61", "call_num": "G7960 S50 .K61 NJ-54-22-10", "recid": "qx872nd9964", "websiteUrl": "https://purl.stanford.edu/qx872nd9964", "title": "[日本] 五万分一地形圖", "ckey": 9741696, "available": true, "iiifUrl": "https://purl.stanford.edu/qx872nd9964/iiif/manifest" }, "geometry": { "type": "Polygon", "coordinates": [ [ [ 140.25, 37.6666665 ], [ 140.5, 37.6666665 ], [ 140.5, 37.8333333 ], [ 140.25, 37.8333333 ], [ 140.25, 37.6666665 ] ] ] } },
{ "type": "Feature", "properties": { "Id": 0, "Sheet_ID": "福島 6", "label": "福島 6", "call_short": "G7960 S50 .K61", "call_num": "G7960 S50 .K61 NJ-54-22-6", "recid": "jc924rf0932", "websiteUrl": "https://purl.stanford.edu/jc924rf0932", "title": "[日本] 五万分一地形圖", "ckey": 9741696, "available": true, "iiifUrl": "https://purl.stanford.edu/jc924rf0932/iiif/manifest" }, "geometry": { "type": "Polygon", "coordinates": [ [ [ 140.5, 37.6666665 ], [ 140.75, 37.6666665 ], [ 140.75, 37.8333333 ], [ 140.5, 37.8333333 ], [ 140.5, 37.6666665 ] ] ] } },
{ "type": "Feature", "properties": { "Id": 0, "Sheet_ID": "福島 2", "label": "福島 2", "call_short": "0", "call_num": "0", "recid": "0", "websiteUrl": "0", "title": "0", "ckey": 0, "available": false, "iiifUrl": "0" }, "geometry": { "type": "Polygon", "coordinates": [ [ [ 140.75, 37.6666665 ], [ 141.05, 37.6666665 ], [ 141.05, 37.8333333 ], [ 140.75, 37.8333333 ], [ 140.75, 37.6666665 ] ] ] } },
{ "type": "Feature", "properties": { "Id": 0, "Sheet_ID": "福島 13", "label": "福島 13", "call_short": "G7960 S50 .K61", "call_num": "G7960 S50 .K61 NJ-54-22-13", "recid": "pp271gx3079", "websiteUrl": "https://purl.stanford.edu/pp271gx3079", "title": "[日本] 五万分一地形圖", "ckey": 9741696, "available": true, "iiifUrl": "https://purl.stanford.edu/pp271gx3079/iiif/manifest" }, "geometry": { "type": "Polygon", "coordinates": [ [ [ 140.0, 37.8333333 ], [ 140.25, 37.8333333 ], [ 140.25, 38.0 ], [ 140.0, 38.0 ], [ 140.0, 37.8333333 ] ] ] } },
{ "type": "Feature", "properties": { "Id": 0, "Sheet_ID": "福島 9", "label": "福島 9", "call_short": "G7960 S50 .K61", "call_num": "G7960 S50 .K61 NJ-54-22-9", "recid": "zj694yh1390", "websiteUrl": "https://purl.stanford.edu/zj694yh1390", "title": "[日本] 五万分一地形圖", "ckey": 9741696, "available": true, "iiifUrl": "https://purl.stanford.edu/zj694yh1390/iiif/manifest" }, "geometry": { "type": "Polygon", "coordinates": [ [ [ 140.25, 37.8333333 ], [ 140.5, 37.8333333 ], [ 140.5, 38.0 ], [ 140.25, 38.0 ], [ 140.25, 37.8333333 ] ] ] } },
{ "type": "Feature", "properties": { "Id": 0, "Sheet_ID": "福島 5 ED.2", "label": "福島 5 ED.2", "call_short": "G7960 S50 .K61", "call_num": "G7960 S50 .K61 NJ-54-22-5 ED.2", "recid": "sb194rj3886", "websiteUrl": "https://purl.stanford.edu/sb194rj3886", "title": "[日本] 五万分一地形圖", "ckey": 9741696, "available": true, "iiifUrl": "https://purl.stanford.edu/sb194rj3886/iiif/manifest" }, "geometry": { "type": "Polygon", "coordinates": [ [ [ 140.5, 37.8333333 ], [ 140.75, 37.8333333 ], [ 140.75, 38.0 ], [ 140.5, 38.0 ], [ 140.5, 37.8333333 ] ] ] } },
{ "type": "Feature", "properties": { "Id": 0, "Sheet_ID": "福島 1", "label": "福島 1", "call_short": "G7960 S50 .K61", "call_num": "G7960 S50 .K61 NJ-54-22-1", "recid": "wf099nb8607", "websiteUrl": "https://purl.stanford.edu/wf099nb8607", "title": "[日本] 五万分一地形圖", "ckey": 9741696, "available": true, "iiifUrl": "https://purl.stanford.edu/wf099nb8607/iiif/manifest" }, "geometry": { "type": "Polygon", "coordinates": [ [ [ 140.75, 37.8333333 ], [ 141.0, 37.8333333 ], [ 141.0, 38.0 ], [ 140.75, 38.0 ], [ 140.75, 37.8333333 ] ] ] } },
{ "type": "Feature", "properties": { "Id": 0, "Sheet_ID": "福島 4_東部", "label": "福島 4_東部", "call_short": "G7960 S50 .K61", "call_num": "G7960 S50 .K61 NJ-54-22-4 EAST", "recid": "zk555ym1201", "websiteUrl": "https://purl.stanford.edu/zk555ym1201", "title": "[日本] 五万分一地形圖", "ckey": 9741696, "available": true, "iiifUrl": "https://purl.stanford.edu/zk555ym1201/iiif/manifest" }, "geometry": { "type": "Polygon", "coordinates": [ [ [ 141.25, 37.333333 ], [ 141.25, 37.4999998 ], [ 141.0, 37.4999998 ], [ 141.0, 37.333333 ], [ 141.25, 37.333333 ] ] ] } },
{ "type": "Feature", "properties": { "Id": 0, "Sheet_ID": "福島 3_東部 ED.2", "label": "福島 3_東部 ED.2", "call_short": "G7960 S50 .K61", "call_num": "G7960 S50 .K61 NJ-54-22-3 EAST ED.2", "recid": "cj757yk8645", "websiteUrl": "https://purl.stanford.edu/cj757yk8645", "title": "[日本] 五万分一地形圖", "ckey": 9741696, "available": true, "iiifUrl": "https://purl.stanford.edu/cj757yk8645/iiif/manifest" }, "geometry": { "type": "Polygon", "coordinates": [ [ [ 141.25, 37.4999998 ], [ 141.25, 37.6666665 ], [ 141.0, 37.6666665 ], [ 141.0, 37.4999998 ], [ 141.25, 37.4999998 ] ] ] } },
{ "type": "Feature", "properties": { "Id": 0, "Sheet_ID": "福島 3_東部", "label": "福島 3_東部", "call_short": "G7960 S50 .K61", "call_num": "G7960 S50 .K61 NJ-54-22-3 EAST", "recid": "gf430zy7982", "websiteUrl": "https://purl.stanford.edu/gf430zy7982", "title": "[日本] 五万分一地形圖", "ckey": 9741696, "available": true, "iiifUrl": "https://purl.stanford.edu/gf430zy7982/iiif/manifest" }, "geometry": { "type": "Polygon", "coordinates": [ [ [ 141.25, 37.4999998 ], [ 141.25, 37.6666665 ], [ 141.0, 37.6666665 ], [ 141.0, 37.4999998 ], [ 141.25, 37.4999998 ] ] ] } },
{ "type": "Feature", "properties": { "Id": 0, "Sheet_ID": "福島 4", "label": "福島 4", "call_short": "G7960 S50 .K61", "call_num": "G7960 S50 .K61 NJ-54-22-4", "recid": "hk324mz7917", "websiteUrl": "https://purl.stanford.edu/hk324mz7917", "title": "[日本] 五万分一地形圖", "ckey": 9741696, "available": true, "iiifUrl": "https://purl.stanford.edu/hk324mz7917/iiif/manifest" }, "geometry": { "type": "Polygon", "coordinates": [ [ [ 140.75, 37.333333 ], [ 141.0, 37.333333 ], [ 141.0, 37.4999998 ], [ 140.75, 37.4999998 ], [ 140.75, 37.333333 ] ] ] } },
{ "type": "Feature", "properties": { "Id": 0, "Sheet_ID": "福島 4_東部 ED.2", "label": "福島 4_東部 ED.2", "call_short": "G7960 S50 .K61", "call_num": "G7960 S50 .K61 NJ-54-22-4 EAST ED.2", "recid": "tj495yb7116", "websiteUrl": "https://purl.stanford.edu/tj495yb7116", "title": "[日本] 五万分一地形圖", "ckey": 9741696, "available": true, "iiifUrl": "https://purl.stanford.edu/tj495yb7116/iiif/manifest" }, "geometry": { "type": "Polygon", "coordinates": [ [ [ 141.25, 37.333333 ], [ 141.25, 37.4999998 ], [ 141.0, 37.4999998 ], [ 141.0, 37.333333 ], [ 141.25, 37.333333 ] ] ] } },
{ "type": "Feature", "properties": { "Id": 0, "Sheet_ID": "福島 5", "label": "福島 5", "call_short": "G7960 S50 .K61", "call_num": "G7960 S50 .K61 NJ-54-22-5", "recid": "rv533pb3757", "websiteUrl": "https://purl.stanford.edu/rv533pb3757", "title": "[日本] 五万分一地形圖", "ckey": 9741696, "available": true, "iiifUrl": "https://purl.stanford.edu/rv533pb3757/iiif/manifest" }, "geometry": { "type": "Polygon", "coordinates": [ [ [ 140.5, 37.8333333 ], [ 140.75, 37.8333333 ], [ 140.75, 38.0 ], [ 140.5, 38.0 ], [ 140.5, 37.8333333 ] ] ] } },
{ "type": "Feature", "properties": { "Id": 0, "Sheet_ID": "福島 10 ED.2", "label": "福島 10 ED.2", "call_short": "G7960 S50 .K61", "call_num": "G7960 S50 .K61 NJ-54-22-10 ED.2", "recid": "mt286hb1888", "websiteUrl": "https://purl.stanford.edu/mt286hb1888", "title": "[日本] 五万分一地形圖", "ckey": 9741696, "available": true, "iiifUrl": "https://purl.stanford.edu/mt286hb1888/iiif/manifest" }, "geometry": { "type": "Polygon", "coordinates": [ [ [ 140.25, 37.6666665 ], [ 140.5, 37.6666665 ], [ 140.5, 37.8333333 ], [ 140.25, 37.8333333 ], [ 140.25, 37.6666665 ] ] ] } },
{ "type": "Feature", "properties": { "Id": 0, "Sheet_ID": "福島 14 ED.2", "label": "福島 14 ED.2", "call_short": "G7960 S50 .K61", "call_num": "G7960 S50 .K61 NJ-54-22-14 ED.2", "recid": "zx676sb5830", "websiteUrl": "https://purl.stanford.edu/zx676sb5830", "title": "[日本] 五万分一地形圖", "ckey": 9741696, "available": true, "iiifUrl": "https://purl.stanford.edu/zx676sb5830/iiif/manifest" }, "geometry": { "type": "Polygon", "coordinates": [ [ [ 140.0, 37.6666665 ], [ 140.25, 37.6666665 ], [ 140.25, 37.8333333 ], [ 140.0, 37.8333333 ], [ 140.0, 37.6666665 ] ] ] } },
{ "type": "Feature", "properties": { "Id": 0, "Sheet_ID": "福島 16", "label": "福島 16", "call_short": "G7960 S50 .K61", "call_num": "G7960 S50 .K61 NJ-54-22-16", "recid": "qt353zm8191", "websiteUrl": "https://purl.stanford.edu/qt353zm8191", "title": "[日本] 五万分一地形圖", "ckey": 9741696, "available": true, "iiifUrl": "https://purl.stanford.edu/qt353zm8191/iiif/manifest" }, "geometry": { "type": "Polygon", "coordinates": [ [ [ 140.0, 37.333333 ], [ 140.25, 37.333333 ], [ 140.25, 37.4999998 ], [ 140.0, 37.4999998 ], [ 140.0, 37.333333 ] ] ] } },
{ "type": "Feature", "properties": { "Id": 0, "Sheet_ID": "仙台 16", "label": "仙台 16", "call_short": "G7960 S50 .K61", "call_num": "G7960 S50 .K61 NJ-54-21-16", "recid": "vy498pq1754", "websiteUrl": "https://purl.stanford.edu/vy498pq1754", "title": "[日本] 五万分一地形圖", "ckey": 9741696, "available": true, "iiifUrl": "https://purl.stanford.edu/vy498pq1754/iiif/manifest" }, "geometry": { "type": "Polygon", "coordinates": [ [ [ 140.0, 38.0 ], [ 140.25, 38.0 ], [ 140.25, 38.1666667 ], [ 140.0, 38.1666667 ], [ 140.0, 38.0 ] ] ] } },
{ "type": "Feature", "properties": { "Id": 0, "Sheet_ID": "仙台 12", "label": "仙台 12", "call_short": "G7960 S50 .K61", "call_num": "G7960 S50 .K61 NJ-54-21-12", "recid": "sm974jg6508", "websiteUrl": "https://purl.stanford.edu/sm974jg6508", "title": "[日本] 五万分一地形圖", "ckey": 9741696, "available": true, "iiifUrl": "https://purl.stanford.edu/sm974jg6508/iiif/manifest" }, "geometry": { "type": "Polygon", "coordinates": [ [ [ 140.25, 38.0 ], [ 140.5, 38.0 ], [ 140.5, 38.1666667 ], [ 140.25, 38.1666667 ], [ 140.25, 38.0 ] ] ] } },
{ "type": "Feature", "properties": { "Id": 0, "Sheet_ID": "仙台 8", "label": "仙台 8", "call_short": "G7960 S50 .K61", "call_num": "G7960 S50 .K61 NJ-54-21-8", "recid": "pf216pp2113", "websiteUrl": "https://purl.stanford.edu/pf216pp2113", "title": "[日本] 五万分一地形圖", "ckey": 9741696, "available": true, "iiifUrl": "https://purl.stanford.edu/pf216pp2113/iiif/manifest" }, "geometry": { "type": "Polygon", "coordinates": [ [ [ 140.5, 38.0 ], [ 140.75, 38.0 ], [ 140.75, 38.1666667 ], [ 140.5, 38.1666667 ], [ 140.5, 38.0 ] ] ] } },
{ "type": "Feature", "properties": { "Id": 0, "Sheet_ID": "仙台 4", "label": "仙台 4", "call_short": "G7960 S50 .K61", "call_num": "G7960 S50 .K61 NJ-54-21-4", "recid": "cd377rd2504", "websiteUrl": "https://purl.stanford.edu/cd377rd2504", "title": "[日本] 五万分一地形圖", "ckey": 9741696, "available": true, "iiifUrl": "https://purl.stanford.edu/cd377rd2504/iiif/manifest" }, "geometry": { "type": "Polygon", "coordinates": [ [ [ 140.75, 38.0 ], [ 141.0, 38.0 ], [ 141.0, 38.1666667 ], [ 140.75, 38.1666667 ], [ 140.75, 38.0 ] ] ] } },
{ "type": "Feature", "properties": { "Id": 0, "Sheet_ID": "仙台 15", "label": "仙台 15", "call_short": "G7960 S50 .K61", "call_num": "G7960 S50 .K61 NJ-54-21-15", "recid": "kg937wz9230", "websiteUrl": "https://purl.stanford.edu/kg937wz9230", "title": "[日本] 五万分一地形圖", "ckey": 9741696, "available": true, "iiifUrl": "https://purl.stanford.edu/kg937wz9230/iiif/manifest" }, "geometry": { "type": "Polygon", "coordinates": [ [ [ 140.0, 38.1666667 ], [ 140.25, 38.1666667 ], [ 140.25, 38.3333335 ], [ 140.0, 38.3333335 ], [ 140.0, 38.1666667 ] ] ] } },
{ "type": "Feature", "properties": { "Id": 0, "Sheet_ID": "仙台 11", "label": "仙台 11", "call_short": "G7960 S50 .K61", "call_num": "G7960 S50 .K61 NJ-54-21-11", "recid": "vm294ps3608", "websiteUrl": "https://purl.stanford.edu/vm294ps3608", "title": "[日本] 五万分一地形圖", "ckey": 9741696, "available": true, "iiifUrl": "https://purl.stanford.edu/vm294ps3608/iiif/manifest" }, "geometry": { "type": "Polygon", "coordinates": [ [ [ 140.25, 38.1666667 ], [ 140.5, 38.1666667 ], [ 140.5, 38.3333335 ], [ 140.25, 38.3333335 ], [ 140.25, 38.1666667 ] ] ] } },
{ "type": "Feature", "properties": { "Id": 0, "Sheet_ID": "仙台 7", "label": "仙台 7", "call_short": "0", "call_num": "0", "recid": "0", "websiteUrl": "0", "title": "0", "ckey": 0, "available": false, "iiifUrl": "0" }, "geometry": { "type": "Polygon", "coordinates": [ [ [ 140.5, 38.1666667 ], [ 140.75, 38.1666667 ], [ 140.75, 38.3333335 ], [ 140.5, 38.3333335 ], [ 140.5, 38.1666667 ] ] ] } },
{ "type": "Feature", "properties": { "Id": 0, "Sheet_ID": "仙台 3", "label": "仙台 3", "call_short": "0", "call_num": "0", "recid": "0", "websiteUrl": "0", "title": "0", "ckey": 0, "available": false, "iiifUrl": "0" }, "geometry": { "type": "Polygon", "coordinates": [ [ [ 140.75, 38.1666667 ], [ 141.0, 38.1666667 ], [ 141.0, 38.3333335 ], [ 140.75, 38.3333335 ], [ 140.75, 38.1666667 ] ] ] } },
{ "type": "Feature", "properties": { "Id": 0, "Sheet_ID": "仙台 14", "label": "仙台 14", "call_short": "G7960 S50 .K61", "call_num": "G7960 S50 .K61 NJ-54-21-14", "recid": "ck075jn0950", "websiteUrl": "https://purl.stanford.edu/ck075jn0950", "title": "[日本] 五万分一地形圖", "ckey": 9741696, "available": true, "iiifUrl": "https://purl.stanford.edu/ck075jn0950/iiif/manifest" }, "geometry": { "type": "Polygon", "coordinates": [ [ [ 140.0, 38.3333335 ], [ 140.25, 38.3333335 ], [ 140.25, 38.5000002 ], [ 140.0, 38.5000002 ], [ 140.0, 38.3333335 ] ] ] } },
{ "type": "Feature", "properties": { "Id": 0, "Sheet_ID": "仙台 10 ED.2", "label": "仙台 10 ED.2", "call_short": "G7960 S50 .K61", "call_num": "G7960 S50 .K61 NJ-54-21-10 ED.2", "recid": "mj193qj9651", "websiteUrl": "https://purl.stanford.edu/mj193qj9651", "title": "[日本] 五万分一地形圖", "ckey": 9741696, "available": true, "iiifUrl": "https://purl.stanford.edu/mj193qj9651/iiif/manifest" }, "geometry": { "type": "Polygon", "coordinates": [ [ [ 140.25, 38.3333335 ], [ 140.5, 38.3333335 ], [ 140.5, 38.5000002 ], [ 140.25, 38.5000002 ], [ 140.25, 38.3333335 ] ] ] } },
{ "type": "Feature", "properties": { "Id": 0, "Sheet_ID": "仙台 6", "label": "仙台 6", "call_short": "G7960 S50 .K61", "call_num": "G7960 S50 .K61 NJ-54-21-6", "recid": "rd751tw1694", "websiteUrl": "https://purl.stanford.edu/rd751tw1694", "title": "[日本] 五万分一地形圖", "ckey": 9741696, "available": true, "iiifUrl": "https://purl.stanford.edu/rd751tw1694/iiif/manifest" }, "geometry": { "type": "Polygon", "coordinates": [ [ [ 140.5, 38.3333335 ], [ 140.75, 38.3333335 ], [ 140.75, 38.5000002 ], [ 140.5, 38.5000002 ], [ 140.5, 38.3333335 ] ] ] } },
{ "type": "Feature", "properties": { "Id": 0, "Sheet_ID": "仙台 2", "label": "仙台 2", "call_short": "G7960 S50 .K61", "call_num": "G7960 S50 .K61 NJ-54-21-2", "recid": "dj691wp1760", "websiteUrl": "https://purl.stanford.edu/dj691wp1760", "title": "[日本] 五万分一地形圖", "ckey": 9741696, "available": true, "iiifUrl": "https://purl.stanford.edu/dj691wp1760/iiif/manifest" }, "geometry": { "type": "Polygon", "coordinates": [ [ [ 140.75, 38.3333335 ], [ 141.0, 38.3333335 ], [ 141.0, 38.5000002 ], [ 140.75, 38.5000002 ], [ 140.75, 38.3333335 ] ] ] } },
{ "type": "Feature", "properties": { "Id": 0, "Sheet_ID": "仙台 13", "label": "仙台 13", "call_short": "G7960 S50 .K61", "call_num": "G7960 S50 .K61 NJ-54-21-13", "recid": "gn683ty3190", "websiteUrl": "https://purl.stanford.edu/gn683ty3190", "title": "[日本] 五万分一地形圖", "ckey": 9741696, "available": true, "iiifUrl": "https://purl.stanford.edu/gn683ty3190/iiif/manifest" }, "geometry": { "type": "Polygon", "coordinates": [ [ [ 140.0, 38.5000002 ], [ 140.25, 38.5000002 ], [ 140.25, 38.666667 ], [ 140.0, 38.666667 ], [ 140.0, 38.5000002 ] ] ] } },
{ "type": "Feature", "properties": { "Id": 0, "Sheet_ID": "仙台 9", "label": "仙台 9", "call_short": "G7960 S50 .K61", "call_num": "G7960 S50 .K61 NJ-54-21-9", "recid": "wp104wh4810", "websiteUrl": "https://purl.stanford.edu/wp104wh4810", "title": "[日本] 五万分一地形圖", "ckey": 9741696, "available": true, "iiifUrl": "https://purl.stanford.edu/wp104wh4810/iiif/manifest" }, "geometry": { "type": "Polygon", "coordinates": [ [ [ 140.25, 38.5000002 ], [ 140.5, 38.5000002 ], [ 140.5, 38.666667 ], [ 140.25, 38.666667 ], [ 140.25, 38.5000002 ] ] ] } },
{ "type": "Feature", "properties": { "Id": 0, "Sheet_ID": "仙台 5", "label": "仙台 5", "call_short": "G7960 S50 .K61", "call_num": "G7960 S50 .K61 NJ-54-21-5", "recid": "bm243ms1445", "websiteUrl": "https://purl.stanford.edu/bm243ms1445", "title": "[日本] 五万分一地形圖", "ckey": 9741696, "available": true, "iiifUrl": "https://purl.stanford.edu/bm243ms1445/iiif/manifest" }, "geometry": { "type": "Polygon", "coordinates": [ [ [ 140.5, 38.5000002 ], [ 140.75, 38.5000002 ], [ 140.75, 38.666667 ], [ 140.5, 38.666667 ], [ 140.5, 38.5000002 ] ] ] } },
{ "type": "Feature", "properties": { "Id": 0, "Sheet_ID": "仙台 1", "label": "仙台 1", "call_short": "G7960 S50 .K61", "call_num": "G7960 S50 .K61 NJ-54-21-1", "recid": "vs715qv6056", "websiteUrl": "https://purl.stanford.edu/vs715qv6056", "title": "[日本] 五万分一地形圖", "ckey": 9741696, "available": true, "iiifUrl": "https://purl.stanford.edu/vs715qv6056/iiif/manifest" }, "geometry": { "type": "Polygon", "coordinates": [ [ [ 140.75, 38.5000002 ], [ 141.0, 38.5000002 ], [ 141.0, 38.666667 ], [ 140.75, 38.666667 ], [ 140.75, 38.5000002 ] ] ] } },
{ "type": "Feature", "properties": { "Id": 0, "Sheet_ID": "仙台 10", "label": "仙台 10", "call_short": "G7960 S50 .K61", "call_num": "G7960 S50 .K61 NJ-54-21-10", "recid": "xm932hx4461", "websiteUrl": "https://purl.stanford.edu/xm932hx4461", "title": "[日本] 五万分一地形圖", "ckey": 9741696, "available": true, "iiifUrl": "https://purl.stanford.edu/xm932hx4461/iiif/manifest" }, "geometry": { "type": "Polygon", "coordinates": [ [ [ 140.25, 38.3333335 ], [ 140.5, 38.3333335 ], [ 140.5, 38.5000003 ], [ 140.25, 38.5000003 ], [ 140.25, 38.3333335 ] ] ] } },
{ "type": "Feature", "properties": { "Id": 0, "Sheet_ID": "新庄 16", "label": "新庄 16", "call_short": "G7960 S50 .K61", "call_num": "G7960 S50 .K61 NJ-54-20-16", "recid": "jd722my6076", "websiteUrl": "https://purl.stanford.edu/jd722my6076", "title": "[日本] 五万分一地形圖", "ckey": 9741696, "available": true, "iiifUrl": "https://purl.stanford.edu/jd722my6076/iiif/manifest" }, "geometry": { "type": "Polygon", "coordinates": [ [ [ 140.0, 38.666667 ], [ 140.25, 38.666667 ], [ 140.25, 38.8333335 ], [ 140.0, 38.8333335 ], [ 140.0, 38.666667 ] ] ] } },
{ "type": "Feature", "properties": { "Id": 0, "Sheet_ID": "新庄 12", "label": "新庄 12", "call_short": "G7960 S50 .K61", "call_num": "G7960 S50 .K61 NJ-54-20-12", "recid": "kn284mg4922", "websiteUrl": "https://purl.stanford.edu/kn284mg4922", "title": "[日本] 五万分一地形圖", "ckey": 9741696, "available": true, "iiifUrl": "https://purl.stanford.edu/kn284mg4922/iiif/manifest" }, "geometry": { "type": "Polygon", "coordinates": [ [ [ 140.25, 38.666667 ], [ 140.5, 38.666667 ], [ 140.5, 38.8333335 ], [ 140.25, 38.8333335 ], [ 140.25, 38.666667 ] ] ] } },
{ "type": "Feature", "properties": { "Id": 0, "Sheet_ID": "新庄 8", "label": "新庄 8", "call_short": "G7960 S50 .K61", "call_num": "G7960 S50 .K61 NJ-54-20-8", "recid": "xj107my8241", "websiteUrl": "https://purl.stanford.edu/xj107my8241", "title": "[日本] 五万分一地形圖", "ckey": 9741696, "available": true, "iiifUrl": "https://purl.stanford.edu/xj107my8241/iiif/manifest" }, "geometry": { "type": "Polygon", "coordinates": [ [ [ 140.5, 38.666667 ], [ 140.75, 38.666667 ], [ 140.75, 38.8333335 ], [ 140.5, 38.8333335 ], [ 140.5, 38.666667 ] ] ] } },
{ "type": "Feature", "properties": { "Id": 0, "Sheet_ID": "新庄 4", "label": "新庄 4", "call_short": "G7960 S50 .K61", "call_num": "G7960 S50 .K61 NJ-54-20-4", "recid": "st609qm9161", "websiteUrl": "https://purl.stanford.edu/st609qm9161", "title": "[日本] 五万分一地形圖", "ckey": 9741696, "available": true, "iiifUrl": "https://purl.stanford.edu/st609qm9161/iiif/manifest" }, "geometry": { "type": "Polygon", "coordinates": [ [ [ 140.75, 38.666667 ], [ 141.0, 38.666667 ], [ 141.0, 38.8333335 ], [ 140.75, 38.8333335 ], [ 140.75, 38.666667 ] ] ] } },
{ "type": "Feature", "properties": { "Id": 0, "Sheet_ID": "新庄 15", "label": "新庄 15", "call_short": "0", "call_num": "0", "recid": "0", "websiteUrl": "0", "title": "0", "ckey": 0, "available": false, "iiifUrl": "0" }, "geometry": { "type": "Polygon", "coordinates": [ [ [ 140.0, 38.8333335 ], [ 140.25, 38.8333335 ], [ 140.25, 39.0 ], [ 140.0, 39.0 ], [ 140.0, 38.8333335 ] ] ] } },
{ "type": "Feature", "properties": { "Id": 0, "Sheet_ID": "新庄 11", "label": "新庄 11", "call_short": "G7960 S50 .K61", "call_num": "G7960 S50 .K61 NJ-54-20-11", "recid": "wh981bh5933", "websiteUrl": "https://purl.stanford.edu/wh981bh5933", "title": "[日本] 五万分一地形圖", "ckey": 9741696, "available": true, "iiifUrl": "https://purl.stanford.edu/wh981bh5933/iiif/manifest" }, "geometry": { "type": "Polygon", "coordinates": [ [ [ 140.25, 38.8333335 ], [ 140.5, 38.8333335 ], [ 140.5, 39.0 ], [ 140.25, 39.0 ], [ 140.25, 38.8333335 ] ] ] } },
{ "type": "Feature", "properties": { "Id": 0, "Sheet_ID": "新庄 7", "label": "新庄 7", "call_short": "G7960 S50 .K61", "call_num": "G7960 S50 .K61 NJ-54-20-7", "recid": "kx650yk4750", "websiteUrl": "https://purl.stanford.edu/kx650yk4750", "title": "[日本] 五万分一地形圖", "ckey": 9741696, "available": true, "iiifUrl": "https://purl.stanford.edu/kx650yk4750/iiif/manifest" }, "geometry": { "type": "Polygon", "coordinates": [ [ [ 140.5, 38.8333335 ], [ 140.75, 38.8333335 ], [ 140.75, 39.0 ], [ 140.5, 39.0 ], [ 140.5, 38.8333335 ] ] ] } },
{ "type": "Feature", "properties": { "Id": 0, "Sheet_ID": "新庄 3", "label": "新庄 3", "call_short": "G7960 S50 .K61", "call_num": "G7960 S50 .K61 NJ-54-20-3", "recid": "gm861kc3221", "websiteUrl": "https://purl.stanford.edu/gm861kc3221", "title": "[日本] 五万分一地形圖", "ckey": 9741696, "available": true, "iiifUrl": "https://purl.stanford.edu/gm861kc3221/iiif/manifest" }, "geometry": { "type": "Polygon", "coordinates": [ [ [ 140.75, 38.8333335 ], [ 141.0, 38.8333335 ], [ 141.0, 39.0 ], [ 140.75, 39.0 ], [ 140.75, 38.8333335 ] ] ] } },
{ "type": "Feature", "properties": { "Id": 0, "Sheet_ID": "新庄 14", "label": "新庄 14", "call_short": "G7960 S50 .K61", "call_num": "G7960 S50 .K61 NJ-54-20-14", "recid": "gk727by9852", "websiteUrl": "https://purl.stanford.edu/gk727by9852", "title": "[日本] 五万分一地形圖", "ckey": 9741696, "available": true, "iiifUrl": "https://purl.stanford.edu/gk727by9852/iiif/manifest" }, "geometry": { "type": "Polygon", "coordinates": [ [ [ 140.0, 39.0 ], [ 140.25, 39.0 ], [ 140.25, 39.1666665 ], [ 140.0, 39.1666665 ], [ 140.0, 39.0 ] ] ] } },
{ "type": "Feature", "properties": { "Id": 0, "Sheet_ID": "新庄 10", "label": "新庄 10", "call_short": "G7960 S50 .K61", "call_num": "G7960 S50 .K61 NJ-54-20-10", "recid": "dh828tc1188", "websiteUrl": "https://purl.stanford.edu/dh828tc1188", "title": "[日本] 五万分一地形圖", "ckey": 9741696, "available": true, "iiifUrl": "https://purl.stanford.edu/dh828tc1188/iiif/manifest" }, "geometry": { "type": "Polygon", "coordinates": [ [ [ 140.25, 39.0 ], [ 140.5, 39.0 ], [ 140.5, 39.1666665 ], [ 140.25, 39.1666665 ], [ 140.25, 39.0 ] ] ] } },
{ "type": "Feature", "properties": { "Id": 0, "Sheet_ID": "新庄 6", "label": "新庄 6", "call_short": "G7960 S50 .K61", "call_num": "G7960 S50 .K61 NJ-54-20-6", "recid": "nx717qz0295", "websiteUrl": "https://purl.stanford.edu/nx717qz0295", "title": "[日本] 五万分一地形圖", "ckey": 9741696, "available": true, "iiifUrl": "https://purl.stanford.edu/nx717qz0295/iiif/manifest" }, "geometry": { "type": "Polygon", "coordinates": [ [ [ 140.5, 39.0 ], [ 140.75, 39.0 ], [ 140.75, 39.1666665 ], [ 140.5, 39.1666665 ], [ 140.5, 39.0 ] ] ] } },
{ "type": "Feature", "properties": { "Id": 0, "Sheet_ID": "新庄 2", "label": "新庄 2", "call_short": "G7960 S50 .K61", "call_num": "G7960 S50 .K61 NJ-54-20-2", "recid": "vt261fz2780", "websiteUrl": "https://purl.stanford.edu/vt261fz2780", "title": "[日本] 五万分一地形圖", "ckey": 9741696, "available": true, "iiifUrl": "https://purl.stanford.edu/vt261fz2780/iiif/manifest" }, "geometry": { "type": "Polygon", "coordinates": [ [ [ 140.75, 39.0 ], [ 141.0, 39.0 ], [ 141.0, 39.1666665 ], [ 140.75, 39.1666665 ], [ 140.75, 39.0 ] ] ] } },
{ "type": "Feature", "properties": { "Id": 0, "Sheet_ID": "新庄 13", "label": "新庄 13", "call_short": "G7960 S50 .K61", "call_num": "G7960 S50 .K61 NJ-54-20-13", "recid": "yr250xn6433", "websiteUrl": "https://purl.stanford.edu/yr250xn6433", "title": "[日本] 五万分一地形圖", "ckey": 9741696, "available": true, "iiifUrl": "https://purl.stanford.edu/yr250xn6433/iiif/manifest" }, "geometry": { "type": "Polygon", "coordinates": [ [ [ 140.0, 39.1666665 ], [ 140.25, 39.1666665 ], [ 140.25, 39.333333 ], [ 140.0, 39.333333 ], [ 140.0, 39.1666665 ] ] ] } },
{ "type": "Feature", "properties": { "Id": 0, "Sheet_ID": "新庄 9", "label": "新庄 9", "call_short": "G7960 S50 .K61", "call_num": "G7960 S50 .K61 NJ-54-20-9", "recid": "wp653qg5885", "websiteUrl": "https://purl.stanford.edu/wp653qg5885", "title": "[日本] 五万分一地形圖", "ckey": 9741696, "available": true, "iiifUrl": "https://purl.stanford.edu/wp653qg5885/iiif/manifest" }, "geometry": { "type": "Polygon", "coordinates": [ [ [ 140.25, 39.1666665 ], [ 140.5, 39.1666665 ], [ 140.5, 39.333333 ], [ 140.25, 39.333333 ], [ 140.25, 39.1666665 ] ] ] } },
{ "type": "Feature", "properties": { "Id": 0, "Sheet_ID": "新庄 5", "label": "新庄 5", "call_short": "G7960 S50 .K61", "call_num": "G7960 S50 .K61 NJ-54-20-5", "recid": "db518qp0542", "websiteUrl": "https://purl.stanford.edu/db518qp0542", "title": "[日本] 五万分一地形圖", "ckey": 9741696, "available": true, "iiifUrl": "https://purl.stanford.edu/db518qp0542/iiif/manifest" }, "geometry": { "type": "Polygon", "coordinates": [ [ [ 140.5, 39.1666665 ], [ 140.75, 39.1666665 ], [ 140.75, 39.333333 ], [ 140.5, 39.333333 ], [ 140.5, 39.1666665 ] ] ] } },
{ "type": "Feature", "properties": { "Id": 0, "Sheet_ID": "新庄 1", "label": "新庄 1", "call_short": "G7960 S50 .K61", "call_num": "G7960 S50 .K61 NJ-54-20-1", "recid": "qh269yy5828", "websiteUrl": "https://purl.stanford.edu/qh269yy5828", "title": "[日本] 五万分一地形圖", "ckey": 9741696, "available": true, "iiifUrl": "https://purl.stanford.edu/qh269yy5828/iiif/manifest" }, "geometry": { "type": "Polygon", "coordinates": [ [ [ 140.75, 39.1666665 ], [ 141.0, 39.1666665 ], [ 141.0, 39.333333 ], [ 140.75, 39.333333 ], [ 140.75, 39.1666665 ] ] ] } },
{ "type": "Feature", "properties": { "Id": 0, "Sheet_ID": "秋田 16", "label": "秋田 16", "call_short": "G7960 S50 .K61", "call_num": "G7960 S50 .K61 NJ-54-19-16", "recid": "vj870sh4198", "websiteUrl": "https://purl.stanford.edu/vj870sh4198", "title": "[日本] 五万分一地形圖", "ckey": 9741696, "available": true, "iiifUrl": "https://purl.stanford.edu/vj870sh4198/iiif/manifest" }, "geometry": { "type": "Polygon", "coordinates": [ [ [ 140.0, 39.333333 ], [ 140.25, 39.333333 ], [ 140.25, 39.4999998 ], [ 140.0, 39.4999998 ], [ 140.0, 39.35 ], [ 139.99, 39.35 ], [ 139.99, 39.333333 ], [ 140.0, 39.333333 ] ] ] } },
{ "type": "Feature", "properties": { "Id": 0, "Sheet_ID": "秋田 12", "label": "秋田 12", "call_short": "G7960 S50 .K61", "call_num": "G7960 S50 .K61 NJ-54-19-12", "recid": "cn662mb2746", "websiteUrl": "https://purl.stanford.edu/cn662mb2746", "title": "[日本] 五万分一地形圖", "ckey": 9741696, "available": true, "iiifUrl": "https://purl.stanford.edu/cn662mb2746/iiif/manifest" }, "geometry": { "type": "Polygon", "coordinates": [ [ [ 140.25, 39.333333 ], [ 140.5, 39.333333 ], [ 140.5, 39.4999998 ], [ 140.25, 39.4999998 ], [ 140.25, 39.333333 ] ] ] } },
{ "type": "Feature", "properties": { "Id": 0, "Sheet_ID": "秋田 8 ED.2", "label": "秋田 8 ED.2", "call_short": "G7960 S50 .K61", "call_num": "G7960 S50 .K61 NJ-54-19-8 ED.2", "recid": "hy741tk1703", "websiteUrl": "https://purl.stanford.edu/hy741tk1703", "title": "[日本] 五万分一地形圖", "ckey": 9741696, "available": true, "iiifUrl": "https://purl.stanford.edu/hy741tk1703/iiif/manifest" }, "geometry": { "type": "Polygon", "coordinates": [ [ [ 140.5, 39.333333 ], [ 140.75, 39.333333 ], [ 140.75, 39.4999998 ], [ 140.5, 39.4999998 ], [ 140.5, 39.333333 ] ] ] } },
{ "type": "Feature", "properties": { "Id": 0, "Sheet_ID": "秋田 4", "label": "秋田 4", "call_short": "G7960 S50 .K61", "call_num": "G7960 S50 .K61 NJ-54-19-4", "recid": "cq918mr2233", "websiteUrl": "https://purl.stanford.edu/cq918mr2233", "title": "[日本] 五万分一地形圖", "ckey": 9741696, "available": true, "iiifUrl": "https://purl.stanford.edu/cq918mr2233/iiif/manifest" }, "geometry": { "type": "Polygon", "coordinates": [ [ [ 140.75, 39.333333 ], [ 141.0, 39.333333 ], [ 141.0, 39.4999998 ], [ 140.75, 39.4999998 ], [ 140.75, 39.333333 ] ] ] } },
{ "type": "Feature", "properties": { "Id": 0, "Sheet_ID": "秋田 15", "label": "秋田 15", "call_short": "G7960 S50 .K61", "call_num": "G7960 S50 .K61 NJ-54-19-15", "recid": "px665jq1821", "websiteUrl": "https://purl.stanford.edu/px665jq1821", "title": "[日本] 五万分一地形圖", "ckey": 9741696, "available": true, "iiifUrl": "https://purl.stanford.edu/px665jq1821/iiif/manifest" }, "geometry": { "type": "Polygon", "coordinates": [ [ [ 140.0, 39.4999998 ], [ 140.25, 39.4999998 ], [ 140.25, 39.6666665 ], [ 140.0, 39.6666665 ], [ 140.0, 39.4999998 ] ] ] } },
{ "type": "Feature", "properties": { "Id": 0, "Sheet_ID": "秋田 11", "label": "秋田 11", "call_short": "G7960 S50 .K61", "call_num": "G7960 S50 .K61 NJ-54-19-11", "recid": "dh583bw5229", "websiteUrl": "https://purl.stanford.edu/dh583bw5229", "title": "[日本] 五万分一地形圖", "ckey": 9741696, "available": true, "iiifUrl": "https://purl.stanford.edu/dh583bw5229/iiif/manifest" }, "geometry": { "type": "Polygon", "coordinates": [ [ [ 140.25, 39.4999998 ], [ 140.5, 39.4999998 ], [ 140.5, 39.6666665 ], [ 140.25, 39.6666665 ], [ 140.25, 39.4999998 ] ] ] } },
{ "type": "Feature", "properties": { "Id": 0, "Sheet_ID": "秋田 7", "label": "秋田 7", "call_short": "G7960 S50 .K61", "call_num": "G7960 S50 .K61 NJ-54-19-7", "recid": "ss686hg9899", "websiteUrl": "https://purl.stanford.edu/ss686hg9899", "title": "[日本] 五万分一地形圖", "ckey": 9741696, "available": true, "iiifUrl": "https://purl.stanford.edu/ss686hg9899/iiif/manifest" }, "geometry": { "type": "Polygon", "coordinates": [ [ [ 140.5, 39.4999998 ], [ 140.75, 39.4999998 ], [ 140.75, 39.6666665 ], [ 140.5, 39.6666665 ], [ 140.5, 39.4999998 ] ] ] } },
{ "type": "Feature", "properties": { "Id": 0, "Sheet_ID": "秋田 3", "label": "秋田 3", "call_short": "G7960 S50 .K61", "call_num": "G7960 S50 .K61 NJ-54-19-3", "recid": "zf694xd7563", "websiteUrl": "https://purl.stanford.edu/zf694xd7563", "title": "[日本] 五万分一地形圖", "ckey": 9741696, "available": true, "iiifUrl": "https://purl.stanford.edu/zf694xd7563/iiif/manifest" }, "geometry": { "type": "Polygon", "coordinates": [ [ [ 140.75, 39.4999998 ], [ 141.0, 39.4999998 ], [ 141.0, 39.6666665 ], [ 140.75, 39.6666665 ], [ 140.75, 39.4999998 ] ] ] } },
{ "type": "Feature", "properties": { "Id": 0, "Sheet_ID": "秋田 14", "label": "秋田 14", "call_short": "G7960 S50 .K61", "call_num": "G7960 S50 .K61 NJ-54-19-14", "recid": "ck394yd1365", "websiteUrl": "https://purl.stanford.edu/ck394yd1365", "title": "[日本] 五万分一地形圖", "ckey": 9741696, "available": true, "iiifUrl": "https://purl.stanford.edu/ck394yd1365/iiif/manifest" }, "geometry": { "type": "Polygon", "coordinates": [ [ [ 140.0, 39.6666665 ], [ 140.25, 39.6666665 ], [ 140.25, 39.8333333 ], [ 140.0, 39.8333333 ], [ 140.0, 39.6666665 ] ] ] } },
{ "type": "Feature", "properties": { "Id": 0, "Sheet_ID": "秋田 10", "label": "秋田 10", "call_short": "G7960 S50 .K61", "call_num": "G7960 S50 .K61 NJ-54-19-10", "recid": "fx428bn1290", "websiteUrl": "https://purl.stanford.edu/fx428bn1290", "title": "[日本] 五万分一地形圖", "ckey": 9741696, "available": true, "iiifUrl": "https://purl.stanford.edu/fx428bn1290/iiif/manifest" }, "geometry": { "type": "Polygon", "coordinates": [ [ [ 140.25, 39.6666665 ], [ 140.5, 39.6666665 ], [ 140.5, 39.8333333 ], [ 140.25, 39.8333333 ], [ 140.25, 39.6666665 ] ] ] } },
{ "type": "Feature", "properties": { "Id": 0, "Sheet_ID": "秋田 6", "label": "秋田 6", "call_short": "G7960 S50 .K61", "call_num": "G7960 S50 .K61 NJ-54-19-6", "recid": "wp724cd4772", "websiteUrl": "https://purl.stanford.edu/wp724cd4772", "title": "[日本] 五万分一地形圖", "ckey": 9741696, "available": true, "iiifUrl": "https://purl.stanford.edu/wp724cd4772/iiif/manifest" }, "geometry": { "type": "Polygon", "coordinates": [ [ [ 140.5, 39.6666665 ], [ 140.75, 39.6666665 ], [ 140.75, 39.8333333 ], [ 140.5, 39.8333333 ], [ 140.5, 39.6666665 ] ] ] } },
{ "type": "Feature", "properties": { "Id": 0, "Sheet_ID": "秋田 2", "label": "秋田 2", "call_short": "G7960 S50 .K61", "call_num": "G7960 S50 .K61 NJ-54-19-2", "recid": "rn152qs5815", "websiteUrl": "https://purl.stanford.edu/rn152qs5815", "title": "[日本] 五万分一地形圖", "ckey": 9741696, "available": true, "iiifUrl": "https://purl.stanford.edu/rn152qs5815/iiif/manifest" }, "geometry": { "type": "Polygon", "coordinates": [ [ [ 140.75, 39.6666665 ], [ 141.0, 39.6666665 ], [ 141.0, 39.8333333 ], [ 140.75, 39.8333333 ], [ 140.75, 39.6666665 ] ] ] } },
{ "type": "Feature", "properties": { "Id": 0, "Sheet_ID": "秋田 13", "label": "秋田 13", "call_short": "0", "call_num": "0", "recid": "0", "websiteUrl": "0", "title": "0", "ckey": 0, "available": false, "iiifUrl": "0" }, "geometry": { "type": "Polygon", "coordinates": [ [ [ 140.0, 39.8333333 ], [ 140.25, 39.8333333 ], [ 140.25, 40.0 ], [ 140.0, 40.0 ], [ 140.0, 39.8333333 ] ] ] } },
{ "type": "Feature", "properties": { "Id": 0, "Sheet_ID": "秋田 9", "label": "秋田 9", "call_short": "G7960 S50 .K61", "call_num": "G7960 S50 .K61 NJ-54-19-9", "recid": "fw650vc0097", "websiteUrl": "https://purl.stanford.edu/fw650vc0097", "title": "[日本] 五万分一地形圖", "ckey": 9741696, "available": true, "iiifUrl": "https://purl.stanford.edu/fw650vc0097/iiif/manifest" }, "geometry": { "type": "Polygon", "coordinates": [ [ [ 140.25, 39.8333333 ], [ 140.5, 39.8333333 ], [ 140.5, 40.0 ], [ 140.25, 40.0 ], [ 140.25, 39.8333333 ] ] ] } },
{ "type": "Feature", "properties": { "Id": 0, "Sheet_ID": "秋田 5", "label": "秋田 5", "call_short": "G7960 S50 .K61", "call_num": "G7960 S50 .K61 NJ-54-19-5", "recid": "rx428cc0233", "websiteUrl": "https://purl.stanford.edu/rx428cc0233", "title": "[日本] 五万分一地形圖", "ckey": 9741696, "available": true, "iiifUrl": "https://purl.stanford.edu/rx428cc0233/iiif/manifest" }, "geometry": { "type": "Polygon", "coordinates": [ [ [ 140.5, 39.8333333 ], [ 140.75, 39.8333333 ], [ 140.75, 40.0 ], [ 140.5, 40.0 ], [ 140.5, 39.8333333 ] ] ] } },
{ "type": "Feature", "properties": { "Id": 0, "Sheet_ID": "秋田 1", "label": "秋田 1", "call_short": "G7960 S50 .K61", "call_num": "G7960 S50 .K61 NJ-54-19-1", "recid": "mc601vd5724", "websiteUrl": "https://purl.stanford.edu/mc601vd5724", "title": "[日本] 五万分一地形圖", "ckey": 9741696, "available": true, "iiifUrl": "https://purl.stanford.edu/mc601vd5724/iiif/manifest" }, "geometry": { "type": "Polygon", "coordinates": [ [ [ 140.75, 39.8333333 ], [ 141.0, 39.8333333 ], [ 141.0, 40.0 ], [ 140.75, 40.0 ], [ 140.75, 39.8333333 ] ] ] } },
{ "type": "Feature", "properties": { "Id": 0, "Sheet_ID": "秋田 1 ED.2", "label": "秋田 1 ED.2", "call_short": "G7960 S50 .K61", "call_num": "G7960 S50 .K61 NJ-54-19-1 ED.2", "recid": "pd228kq4753", "websiteUrl": "https://purl.stanford.edu/pd228kq4753", "title": "[日本] 五万分一地形圖", "ckey": 9741696, "available": true, "iiifUrl": "https://purl.stanford.edu/pd228kq4753/iiif/manifest" }, "geometry": { "type": "Polygon", "coordinates": [ [ [ 140.75, 39.8333333 ], [ 141.0, 39.8333333 ], [ 141.0, 40.0 ], [ 140.75, 40.0 ], [ 140.75, 39.8333333 ] ] ] } },
{ "type": "Feature", "properties": { "Id": 0, "Sheet_ID": "秋田 8", "label": "秋田 8", "call_short": "G7960 S50 .K61", "call_num": "G7960 S50 .K61 NJ-54-19-8", "recid": "yc675sy2797", "websiteUrl": "https://purl.stanford.edu/yc675sy2797", "title": "[日本] 五万分一地形圖", "ckey": 9741696, "available": true, "iiifUrl": "https://purl.stanford.edu/yc675sy2797/iiif/manifest" }, "geometry": { "type": "Polygon", "coordinates": [ [ [ 140.5, 39.333333 ], [ 140.75, 39.333333 ], [ 140.75, 39.4999998 ], [ 140.5, 39.4999998 ], [ 140.5, 39.333333 ] ] ] } },
{ "type": "Feature", "properties": { "Id": 0, "Sheet_ID": "石巻 15", "label": "石巻 15", "call_short": "0", "call_num": "0", "recid": "0", "websiteUrl": "0", "title": "0", "ckey": 0, "available": false, "iiifUrl": "0" }, "geometry": { "type": "Polygon", "coordinates": [ [ [ 141.0, 38.1666667 ], [ 141.25, 38.1666667 ], [ 141.25, 38.3333335 ], [ 141.0, 38.3333335 ], [ 141.0, 38.1666667 ] ] ] } },
{ "type": "Feature", "properties": { "Id": 0, "Sheet_ID": "石巻 11", "label": "石巻 11", "call_short": "G7960 S50 .K61", "call_num": "G7960 S50 .K61 NJ-54-15-11", "recid": "hd912yz8732", "websiteUrl": "https://purl.stanford.edu/hd912yz8732", "title": "[日本] 五万分一地形圖", "ckey": 9741696, "available": true, "iiifUrl": "https://purl.stanford.edu/hd912yz8732/iiif/manifest" }, "geometry": { "type": "Polygon", "coordinates": [ [ [ 141.25, 38.1666667 ], [ 141.5, 38.1666667 ], [ 141.5, 38.3333335 ], [ 141.25, 38.3333335 ], [ 141.25, 38.1666667 ] ] ] } },
{ "type": "Feature", "properties": { "Id": 0, "Sheet_ID": "石巻 7", "label": "石巻 7", "call_short": "0", "call_num": "0", "recid": "0", "websiteUrl": "0", "title": "0", "ckey": 0, "available": false, "iiifUrl": "0" }, "geometry": { "type": "Polygon", "coordinates": [ [ [ 141.5, 38.1666667 ], [ 141.75, 38.1666667 ], [ 141.75, 38.3333335 ], [ 141.5, 38.3333335 ], [ 141.5, 38.1666667 ] ] ] } },
{ "type": "Feature", "properties": { "Id": 0, "Sheet_ID": "石巻 14", "label": "石巻 14", "call_short": "0", "call_num": "0", "recid": "0", "websiteUrl": "0", "title": "0", "ckey": 0, "available": false, "iiifUrl": "0" }, "geometry": { "type": "Polygon", "coordinates": [ [ [ 141.0, 38.3333335 ], [ 141.25, 38.3333335 ], [ 141.25, 38.5000002 ], [ 141.0, 38.5000002 ], [ 141.0, 38.3333335 ] ] ] } },
{ "type": "Feature", "properties": { "Id": 0, "Sheet_ID": "石巻 10", "label": "石巻 10", "call_short": "G7960 S50 .K61", "call_num": "G7960 S50 .K61 NJ-54-15-10", "recid": "zk931jc9644", "websiteUrl": "https://purl.stanford.edu/zk931jc9644", "title": "[日本] 五万分一地形圖", "ckey": 9741696, "available": true, "iiifUrl": "https://purl.stanford.edu/zk931jc9644/iiif/manifest" }, "geometry": { "type": "Polygon", "coordinates": [ [ [ 141.25, 38.3333335 ], [ 141.5, 38.3333335 ], [ 141.5, 38.5000002 ], [ 141.25, 38.5000002 ], [ 141.25, 38.3333335 ] ] ] } },
{ "type": "Feature", "properties": { "Id": 0, "Sheet_ID": "石巻 6", "label": "石巻 6", "call_short": "G7960 S50 .K61", "call_num": "G7960 S50 .K61 NJ-54-15-6", "recid": "mw755by2307", "websiteUrl": "https://purl.stanford.edu/mw755by2307", "title": "[日本] 五万分一地形圖", "ckey": 9741696, "available": true, "iiifUrl": "https://purl.stanford.edu/mw755by2307/iiif/manifest" }, "geometry": { "type": "Polygon", "coordinates": [ [ [ 141.5, 38.3333335 ], [ 141.75, 38.3333335 ], [ 141.75, 38.5000002 ], [ 141.5, 38.5000002 ], [ 141.5, 38.3333335 ] ] ] } },
{ "type": "Feature", "properties": { "Id": 0, "Sheet_ID": "石巻 13", "label": "石巻 13", "call_short": "G7960 S50 .K61", "call_num": "G7960 S50 .K61 NJ-54-15-13", "recid": "fm352vv6659", "websiteUrl": "https://purl.stanford.edu/fm352vv6659", "title": "[日本] 五万分一地形圖", "ckey": 9741696, "available": true, "iiifUrl": "https://purl.stanford.edu/fm352vv6659/iiif/manifest" }, "geometry": { "type": "Polygon", "coordinates": [ [ [ 141.0, 38.5000002 ], [ 141.25, 38.5000002 ], [ 141.25, 38.666667 ], [ 141.0, 38.666667 ], [ 141.0, 38.5000002 ] ] ] } },
{ "type": "Feature", "properties": { "Id": 0, "Sheet_ID": "石巻 9", "label": "石巻 9", "call_short": "G7960 S50 .K61", "call_num": "G7960 S50 .K61 NJ-54-15-9", "recid": "mf555jj1389", "websiteUrl": "https://purl.stanford.edu/mf555jj1389", "title": "[日本] 五万分一地形圖", "ckey": 9741696, "available": true, "iiifUrl": "https://purl.stanford.edu/mf555jj1389/iiif/manifest" }, "geometry": { "type": "Polygon", "coordinates": [ [ [ 141.25, 38.5000002 ], [ 141.5, 38.5000002 ], [ 141.5, 38.666667 ], [ 141.25, 38.666667 ], [ 141.25, 38.5000002 ] ] ] } },
{ "type": "Feature", "properties": { "Id": 0, "Sheet_ID": "石巻 5", "label": "石巻 5", "call_short": "G7960 S50 .K61", "call_num": "G7960 S50 .K61 NJ-54-15-5", "recid": "yj029nn9049", "websiteUrl": "https://purl.stanford.edu/yj029nn9049", "title": "[日本] 五万分一地形圖", "ckey": 9741696, "available": true, "iiifUrl": "https://purl.stanford.edu/yj029nn9049/iiif/manifest" }, "geometry": { "type": "Polygon", "coordinates": [ [ [ 141.5, 38.5000002 ], [ 141.75, 38.5000002 ], [ 141.75, 38.666667 ], [ 141.5, 38.666667 ], [ 141.5, 38.5000002 ] ] ] } },
{ "type": "Feature", "properties": { "Id": 0, "Sheet_ID": "石巻 9 ED.2", "label": "石巻 9 ED.2", "call_short": "G7960 S50 .K61", "call_num": "G7960 S50 .K61 NJ-54-15-9 ED.2", "recid": "cd805yd7966", "websiteUrl": "https://purl.stanford.edu/cd805yd7966", "title": "[日本] 五万分一地形圖", "ckey": 9741696, "available": true, "iiifUrl": "https://purl.stanford.edu/cd805yd7966/iiif/manifest" }, "geometry": { "type": "Polygon", "coordinates": [ [ [ 141.25, 38.5000003 ], [ 141.5, 38.5000003 ], [ 141.5, 38.666667 ], [ 141.25, 38.666667 ], [ 141.25, 38.5000003 ] ] ] } },
{ "type": "Feature", "properties": { "Id": 0, "Sheet_ID": "一関 16", "label": "一関 16", "call_short": "G7960 S50 .K61", "call_num": "G7960 S50 .K61 NJ-54-14-16", "recid": "fr911ph8448", "websiteUrl": "https://purl.stanford.edu/fr911ph8448", "title": "[日本] 五万分一地形圖", "ckey": 9741696, "available": true, "iiifUrl": "https://purl.stanford.edu/fr911ph8448/iiif/manifest" }, "geometry": { "type": "Polygon", "coordinates": [ [ [ 141.0, 38.666667 ], [ 141.25, 38.666667 ], [ 141.25, 38.8333335 ], [ 141.0, 38.8333335 ], [ 141.0, 38.666667 ] ] ] } },
{ "type": "Feature", "properties": { "Id": 0, "Sheet_ID": "一関 12", "label": "一関 12", "call_short": "0", "call_num": "0", "recid": "0", "websiteUrl": "0", "title": "0", "ckey": 0, "available": false, "iiifUrl": "0" }, "geometry": { "type": "Polygon", "coordinates": [ [ [ 141.25, 38.666667 ], [ 141.5, 38.666667 ], [ 141.5, 38.8333335 ], [ 141.25, 38.8333335 ], [ 141.25, 38.666667 ] ] ] } },
{ "type": "Feature", "properties": { "Id": 0, "Sheet_ID": "一関 8", "label": "一関 8", "call_short": "0", "call_num": "0", "recid": "0", "websiteUrl": "0", "title": "0", "ckey": 0, "available": false, "iiifUrl": "0" }, "geometry": { "type": "Polygon", "coordinates": [ [ [ 141.5, 38.666667 ], [ 141.75, 38.666667 ], [ 141.75, 38.8333335 ], [ 141.5, 38.8333335 ], [ 141.5, 38.666667 ] ] ] } },
{ "type": "Feature", "properties": { "Id": 0, "Sheet_ID": "一関 15", "label": "一関 15", "call_short": "0", "call_num": "0", "recid": "0", "websiteUrl": "0", "title": "0", "ckey": 0, "available": false, "iiifUrl": "0" }, "geometry": { "type": "Polygon", "coordinates": [ [ [ 141.0, 38.8333335 ], [ 141.25, 38.8333335 ], [ 141.25, 39.0 ], [ 141.0, 39.0 ], [ 141.0, 38.8333335 ] ] ] } },
{ "type": "Feature", "properties": { "Id": 0, "Sheet_ID": "一関 11", "label": "一関 11", "call_short": "G7960 S50 .K61", "call_num": "G7960 S50 .K61 NJ-54-14-11", "recid": "nz493ys3646", "websiteUrl": "https://purl.stanford.edu/nz493ys3646", "title": "[日本] 五万分一地形圖", "ckey": 9741696, "available": true, "iiifUrl": "https://purl.stanford.edu/nz493ys3646/iiif/manifest" }, "geometry": { "type": "Polygon", "coordinates": [ [ [ 141.25, 38.8333335 ], [ 141.5, 38.8333335 ], [ 141.5, 39.0 ], [ 141.25, 39.0 ], [ 141.25, 38.8333335 ] ] ] } },
{ "type": "Feature", "properties": { "Id": 0, "Sheet_ID": "一関 7", "label": "一関 7", "call_short": "G7960 S50 .K61", "call_num": "G7960 S50 .K61 NJ-54-14-7", "recid": "qp708jw5499", "websiteUrl": "https://purl.stanford.edu/qp708jw5499", "title": "[日本] 五万分一地形圖", "ckey": 9741696, "available": true, "iiifUrl": "https://purl.stanford.edu/qp708jw5499/iiif/manifest" }, "geometry": { "type": "Polygon", "coordinates": [ [ [ 141.5, 38.8333335 ], [ 141.75, 38.8333335 ], [ 141.75, 39.0 ], [ 141.5, 39.0 ], [ 141.5, 38.8333335 ] ] ] } },
{ "type": "Feature", "properties": { "Id": 0, "Sheet_ID": "一関 14 ED.2", "label": "一関 14 ED.2", "call_short": "G7960 S50 .K61", "call_num": "G7960 S50 .K61 NJ-54-14-14 ED.2", "recid": "gm726jw9267", "websiteUrl": "https://purl.stanford.edu/gm726jw9267", "title": "[日本] 五万分一地形圖", "ckey": 9741696, "available": true, "iiifUrl": "https://purl.stanford.edu/gm726jw9267/iiif/manifest" }, "geometry": { "type": "Polygon", "coordinates": [ [ [ 141.0, 39.0 ], [ 141.25, 39.0 ], [ 141.25, 39.1666665 ], [ 141.0, 39.1666665 ], [ 141.0, 39.0 ] ] ] } },
{ "type": "Feature", "properties": { "Id": 0, "Sheet_ID": "一関 10", "label": "一関 10", "call_short": "G7960 S50 .K61", "call_num": "G7960 S50 .K61 NJ-54-14-10", "recid": "vh427dj3936", "websiteUrl": "https://purl.stanford.edu/vh427dj3936", "title": "[日本] 五万分一地形圖", "ckey": 9741696, "available": true, "iiifUrl": "https://purl.stanford.edu/vh427dj3936/iiif/manifest" }, "geometry": { "type": "Polygon", "coordinates": [ [ [ 141.25, 39.0 ], [ 141.5, 39.0 ], [ 141.5, 39.1666665 ], [ 141.25, 39.1666665 ], [ 141.25, 39.0 ] ] ] } },
{ "type": "Feature", "properties": { "Id": 0, "Sheet_ID": "一関 6", "label": "一関 6", "call_short": "G7960 S50 .K61", "call_num": "G7960 S50 .K61 NJ-54-14-6", "recid": "jv364tt0942", "websiteUrl": "https://purl.stanford.edu/jv364tt0942", "title": "[日本] 五万分一地形圖", "ckey": 9741696, "available": true, "iiifUrl": "https://purl.stanford.edu/jv364tt0942/iiif/manifest" }, "geometry": { "type": "Polygon", "coordinates": [ [ [ 141.5, 39.0 ], [ 141.75, 39.0 ], [ 141.75, 39.1666665 ], [ 141.5, 39.1666665 ], [ 141.5, 39.0 ] ] ] } },
{ "type": "Feature", "properties": { "Id": 0, "Sheet_ID": "一関 2", "label": "一関 2", "call_short": "G7960 S50 .K61", "call_num": "G7960 S50 .K61 NJ-54-14-2", "recid": "bj649kx2258", "websiteUrl": "https://purl.stanford.edu/bj649kx2258", "title": "[日本] 五万分一地形圖", "ckey": 9741696, "available": true, "iiifUrl": "https://purl.stanford.edu/bj649kx2258/iiif/manifest" }, "geometry": { "type": "Polygon", "coordinates": [ [ [ 141.75, 39.0 ], [ 142.0, 39.0 ], [ 142.0, 39.1666665 ], [ 141.75, 39.1666665 ], [ 141.75, 39.0 ] ] ] } },
{ "type": "Feature", "properties": { "Id": 0, "Sheet_ID": "一関 13", "label": "一関 13", "call_short": "G7960 S50 .K61", "call_num": "G7960 S50 .K61 NJ-54-14-13", "recid": "nj835pk8809", "websiteUrl": "https://purl.stanford.edu/nj835pk8809", "title": "[日本] 五万分一地形圖", "ckey": 9741696, "available": true, "iiifUrl": "https://purl.stanford.edu/nj835pk8809/iiif/manifest" }, "geometry": { "type": "Polygon", "coordinates": [ [ [ 141.0, 39.1666665 ], [ 141.25, 39.1666665 ], [ 141.25, 39.333333 ], [ 141.0, 39.333333 ], [ 141.0, 39.1666665 ] ] ] } },
{ "type": "Feature", "properties": { "Id": 0, "Sheet_ID": "一関 9", "label": "一関 9", "call_short": "G7960 S50 .K61", "call_num": "G7960 S50 .K61 NJ-54-14-9", "recid": "vy114wv0302", "websiteUrl": "https://purl.stanford.edu/vy114wv0302", "title": "[日本] 五万分一地形圖", "ckey": 9741696, "available": true, "iiifUrl": "https://purl.stanford.edu/vy114wv0302/iiif/manifest" }, "geometry": { "type": "Polygon", "coordinates": [ [ [ 141.25, 39.1666665 ], [ 141.5, 39.1666665 ], [ 141.5, 39.333333 ], [ 141.25, 39.333333 ], [ 141.25, 39.1666665 ] ] ] } },
{ "type": "Feature", "properties": { "Id": 0, "Sheet_ID": "一関 5", "label": "一関 5", "call_short": "G7960 S50 .K61", "call_num": "G7960 S50 .K61 NJ-54-14-5", "recid": "yj955pw5941", "websiteUrl": "https://purl.stanford.edu/yj955pw5941", "title": "[日本] 五万分一地形圖", "ckey": 9741696, "available": true, "iiifUrl": "https://purl.stanford.edu/yj955pw5941/iiif/manifest" }, "geometry": { "type": "Polygon", "coordinates": [ [ [ 141.5, 39.1666665 ], [ 141.75, 39.1666665 ], [ 141.75, 39.333333 ], [ 141.5, 39.333333 ], [ 141.5, 39.1666665 ] ] ] } },
{ "type": "Feature", "properties": { "Id": 0, "Sheet_ID": "一関 1", "label": "一関 1", "call_short": "0", "call_num": "0", "recid": "0", "websiteUrl": "0", "title": "0", "ckey": 0, "available": false, "iiifUrl": "0" }, "geometry": { "type": "Polygon", "coordinates": [ [ [ 141.75, 39.1666665 ], [ 142.0, 39.1666665 ], [ 142.0, 39.333333 ], [ 141.75, 39.333333 ], [ 141.75, 39.1666665 ] ] ] } },
{ "type": "Feature", "properties": { "Id": 0, "Sheet_ID": "一関 14", "label": "一関 14", "call_short": "G7960 S50 .K61", "call_num": "G7960 S50 .K61 NJ-54-14-14", "recid": "zh578hv6677", "websiteUrl": "https://purl.stanford.edu/zh578hv6677", "title": "[日本] 五万分一地形圖", "ckey": 9741696, "available": true, "iiifUrl": "https://purl.stanford.edu/zh578hv6677/iiif/manifest" }, "geometry": { "type": "Polygon", "coordinates": [ [ [ 141.0, 39.0 ], [ 141.25, 39.0 ], [ 141.25, 39.1666665 ], [ 141.0, 39.1666665 ], [ 141.0, 39.0 ] ] ] } },
{ "type": "Feature", "properties": { "Id": 0, "Sheet_ID": "盛岡 16", "label": "盛岡 16", "call_short": "0", "call_num": "0", "recid": "0", "websiteUrl": "0", "title": "0", "ckey": 0, "available": false, "iiifUrl": "0" }, "geometry": { "type": "Polygon", "coordinates": [ [ [ 141.0, 39.333333 ], [ 141.25, 39.333333 ], [ 141.25, 39.4999998 ], [ 141.0, 39.4999998 ], [ 141.0, 39.333333 ] ] ] } },
{ "type": "Feature", "properties": { "Id": 0, "Sheet_ID": "盛岡 12", "label": "盛岡 12", "call_short": "G7960 S50 .K61", "call_num": "G7960 S50 .K61 NJ-54-13-12", "recid": "mr152pc8632", "websiteUrl": "https://purl.stanford.edu/mr152pc8632", "title": "[日本] 五万分一地形圖", "ckey": 9741696, "available": true, "iiifUrl": "https://purl.stanford.edu/mr152pc8632/iiif/manifest" }, "geometry": { "type": "Polygon", "coordinates": [ [ [ 141.25, 39.333333 ], [ 141.5, 39.333333 ], [ 141.5, 39.4999998 ], [ 141.25, 39.4999998 ], [ 141.25, 39.333333 ] ] ] } },
{ "type": "Feature", "properties": { "Id": 0, "Sheet_ID": "盛岡 8", "label": "盛岡 8", "call_short": "G7960 S50 .K61", "call_num": "G7960 S50 .K61 NJ-54-13-8", "recid": "zr108wb8770", "websiteUrl": "https://purl.stanford.edu/zr108wb8770", "title": "[日本] 五万分一地形圖", "ckey": 9741696, "available": true, "iiifUrl": "https://purl.stanford.edu/zr108wb8770/iiif/manifest" }, "geometry": { "type": "Polygon", "coordinates": [ [ [ 141.5, 39.333333 ], [ 141.75, 39.333333 ], [ 141.75, 39.4999998 ], [ 141.5, 39.4999998 ], [ 141.5, 39.333333 ] ] ] } },
{ "type": "Feature", "properties": { "Id": 0, "Sheet_ID": "盛岡 4", "label": "盛岡 4", "call_short": "G7960 S50 .K61", "call_num": "G7960 S50 .K61 NJ-54-13-4", "recid": "xq791tq0846", "websiteUrl": "https://purl.stanford.edu/xq791tq0846", "title": "[日本] 五万分一地形圖", "ckey": 9741696, "available": true, "iiifUrl": "https://purl.stanford.edu/xq791tq0846/iiif/manifest" }, "geometry": { "type": "Polygon", "coordinates": [ [ [ 141.75, 39.333333 ], [ 142.0, 39.333333 ], [ 142.0, 39.4999998 ], [ 141.75, 39.4999998 ], [ 141.75, 39.333333 ] ] ] } },
{ "type": "Feature", "properties": { "Id": 0, "Sheet_ID": "盛岡 15", "label": "盛岡 15", "call_short": "G7960 S50 .K61", "call_num": "G7960 S50 .K61 NJ-54-13-15", "recid": "ym132np1127", "websiteUrl": "https://purl.stanford.edu/ym132np1127", "title": "[日本] 五万分一地形圖", "ckey": 9741696, "available": true, "iiifUrl": "https://purl.stanford.edu/ym132np1127/iiif/manifest" }, "geometry": { "type": "Polygon", "coordinates": [ [ [ 141.0, 39.4999998 ], [ 141.25, 39.4999998 ], [ 141.25, 39.6666665 ], [ 141.0, 39.6666665 ], [ 141.0, 39.4999998 ] ] ] } },
{ "type": "Feature", "properties": { "Id": 0, "Sheet_ID": "盛岡 11", "label": "盛岡 11", "call_short": "G7960 S50 .K61", "call_num": "G7960 S50 .K61 NJ-54-13-11", "recid": "xx311ys3713", "websiteUrl": "https://purl.stanford.edu/xx311ys3713", "title": "[日本] 五万分一地形圖", "ckey": 9741696, "available": true, "iiifUrl": "https://purl.stanford.edu/xx311ys3713/iiif/manifest" }, "geometry": { "type": "Polygon", "coordinates": [ [ [ 141.25, 39.4999998 ], [ 141.5, 39.4999998 ], [ 141.5, 39.6666665 ], [ 141.25, 39.6666665 ], [ 141.25, 39.4999998 ] ] ] } },
{ "type": "Feature", "properties": { "Id": 0, "Sheet_ID": "盛岡 7", "label": "盛岡 7", "call_short": "0", "call_num": "0", "recid": "0", "websiteUrl": "0", "title": "0", "ckey": 0, "available": false, "iiifUrl": "0" }, "geometry": { "type": "Polygon", "coordinates": [ [ [ 141.5, 39.4999998 ], [ 141.75, 39.4999998 ], [ 141.75, 39.6666665 ], [ 141.5, 39.6666665 ], [ 141.5, 39.4999998 ] ] ] } },
{ "type": "Feature", "properties": { "Id": 0, "Sheet_ID": "盛岡 3", "label": "盛岡 3", "call_short": "G7960 S50 .K61", "call_num": "G7960 S50 .K61 NJ-54-13-3", "recid": "zz473nh9056", "websiteUrl": "https://purl.stanford.edu/zz473nh9056", "title": "[日本] 五万分一地形圖", "ckey": 9741696, "available": true, "iiifUrl": "https://purl.stanford.edu/zz473nh9056/iiif/manifest" }, "geometry": { "type": "Polygon", "coordinates": [ [ [ 141.75, 39.4999998 ], [ 142.0, 39.4999998 ], [ 142.0, 39.6666665 ], [ 141.75, 39.6666665 ], [ 141.75, 39.4999998 ] ] ] } },
{ "type": "Feature", "properties": { "Id": 0, "Sheet_ID": "盛岡 14", "label": "盛岡 14", "call_short": "G7960 S50 .K61", "call_num": "G7960 S50 .K61 NJ-54-13-14", "recid": "dc268zt2002", "websiteUrl": "https://purl.stanford.edu/dc268zt2002", "title": "[日本] 五万分一地形圖", "ckey": 9741696, "available": true, "iiifUrl": "https://purl.stanford.edu/dc268zt2002/iiif/manifest" }, "geometry": { "type": "Polygon", "coordinates": [ [ [ 141.0, 39.6666665 ], [ 141.25, 39.6666665 ], [ 141.25, 39.8333333 ], [ 141.0, 39.8333333 ], [ 141.0, 39.6666665 ] ] ] } },
{ "type": "Feature", "properties": { "Id": 0, "Sheet_ID": "盛岡 10", "label": "盛岡 10", "call_short": "G7960 S50 .K61", "call_num": "G7960 S50 .K61 NJ-54-13-10", "recid": "mj029ph5156", "websiteUrl": "https://purl.stanford.edu/mj029ph5156", "title": "[日本] 五万分一地形圖", "ckey": 9741696, "available": true, "iiifUrl": "https://purl.stanford.edu/mj029ph5156/iiif/manifest" }, "geometry": { "type": "Polygon", "coordinates": [ [ [ 141.25, 39.6666665 ], [ 141.5, 39.6666665 ], [ 141.5, 39.8333333 ], [ 141.25, 39.8333333 ], [ 141.25, 39.6666665 ] ] ] } },
{ "type": "Feature", "properties": { "Id": 0, "Sheet_ID": "盛岡 6", "label": "盛岡 6", "call_short": "0", "call_num": "0", "recid": "0", "websiteUrl": "0", "title": "0", "ckey": 0, "available": false, "iiifUrl": "0" }, "geometry": { "type": "Polygon", "coordinates": [ [ [ 141.5, 39.6666665 ], [ 141.75, 39.6666665 ], [ 141.75, 39.8333333 ], [ 141.5, 39.8333333 ], [ 141.5, 39.6666665 ] ] ] } },
{ "type": "Feature", "properties": { "Id": 0, "Sheet_ID": "盛岡 2", "label": "盛岡 2", "call_short": "G7960 S50 .K61", "call_num": "G7960 S50 .K61 NJ-54-13-2", "recid": "hx474kc9906", "websiteUrl": "https://purl.stanford.edu/hx474kc9906", "title": "[日本] 五万分一地形圖", "ckey": 9741696, "available": true, "iiifUrl": "https://purl.stanford.edu/hx474kc9906/iiif/manifest" }, "geometry": { "type": "Polygon", "coordinates": [ [ [ 141.75, 39.6666665 ], [ 142.0, 39.6666665 ], [ 142.0, 39.8333333 ], [ 141.75, 39.8333333 ], [ 141.75, 39.6666665 ] ] ] } },
{ "type": "Feature", "properties": { "Id": 0, "Sheet_ID": "盛岡 13", "label": "盛岡 13", "call_short": "G7960 S50 .K61", "call_num": "G7960 S50 .K61 NJ-54-13-13", "recid": "cz899gh9732", "websiteUrl": "https://purl.stanford.edu/cz899gh9732", "title": "[日本] 五万分一地形圖", "ckey": 9741696, "available": true, "iiifUrl": "https://purl.stanford.edu/cz899gh9732/iiif/manifest" }, "geometry": { "type": "Polygon", "coordinates": [ [ [ 141.0, 39.8333333 ], [ 141.25, 39.8333333 ], [ 141.25, 40.0 ], [ 141.0, 40.0 ], [ 141.0, 39.8333333 ] ] ] } },
{ "type": "Feature", "properties": { "Id": 0, "Sheet_ID": "盛岡 9", "label": "盛岡 9", "call_short": "G7960 S50 .K61", "call_num": "G7960 S50 .K61 NJ-54-13-9", "recid": "fy268ms8725", "websiteUrl": "https://purl.stanford.edu/fy268ms8725", "title": "[日本] 五万分一地形圖", "ckey": 9741696, "available": true, "iiifUrl": "https://purl.stanford.edu/fy268ms8725/iiif/manifest" }, "geometry": { "type": "Polygon", "coordinates": [ [ [ 141.25, 39.8333333 ], [ 141.5, 39.8333333 ], [ 141.5, 40.0 ], [ 141.25, 40.0 ], [ 141.25, 39.8333333 ] ] ] } },
{ "type": "Feature", "properties": { "Id": 0, "Sheet_ID": "盛岡 5", "label": "盛岡 5", "call_short": "G7960 S50 .K61", "call_num": "G7960 S50 .K61 NJ-54-13-5", "recid": "gd769jz4952", "websiteUrl": "https://purl.stanford.edu/gd769jz4952", "title": "[日本] 五万分一地形圖", "ckey": 9741696, "available": true, "iiifUrl": "https://purl.stanford.edu/gd769jz4952/iiif/manifest" }, "geometry": { "type": "Polygon", "coordinates": [ [ [ 141.5, 39.8333333 ], [ 141.75, 39.8333333 ], [ 141.75, 40.0 ], [ 141.5, 40.0 ], [ 141.5, 39.8333333 ] ] ] } },
{ "type": "Feature", "properties": { "Id": 0, "Sheet_ID": "盛岡 1 ED.2", "label": "盛岡 1 ED.2", "call_short": "G7960 S50 .K61", "call_num": "G7960 S50 .K61 NJ-54-13-1 ED.2", "recid": "fg724hd0643", "websiteUrl": "https://purl.stanford.edu/fg724hd0643", "title": "[日本] 五万分一地形圖", "ckey": 9741696, "available": true, "iiifUrl": "https://purl.stanford.edu/fg724hd0643/iiif/manifest" }, "geometry": { "type": "Polygon", "coordinates": [ [ [ 141.75, 39.8333333 ], [ 142.0, 39.8333333 ], [ 142.0, 40.0 ], [ 141.75, 40.0 ], [ 141.75, 39.8333333 ] ] ] } },
{ "type": "Feature", "properties": { "Id": 0, "Sheet_ID": "盛岡 3_東部", "label": "盛岡 3_東部", "call_short": "G7960 S50 .K61", "call_num": "G7960 S50 .K61 NJ-54-13-3 EAST", "recid": "fj251ph3384", "websiteUrl": "https://purl.stanford.edu/fj251ph3384", "title": "[日本] 五万分一地形圖", "ckey": 9741696, "available": true, "iiifUrl": "https://purl.stanford.edu/fj251ph3384/iiif/manifest" }, "geometry": { "type": "Polygon", "coordinates": [ [ [ 142.25, 39.4999998 ], [ 142.25, 39.6666665 ], [ 142.0, 39.6666665 ], [ 142.0, 39.4999998 ], [ 142.25, 39.4999998 ] ] ] } },
{ "type": "Feature", "properties": { "Id": 0, "Sheet_ID": "盛岡 4_東部", "label": "盛岡 4_東部", "call_short": "G7960 S50 .K61", "call_num": "G7960 S50 .K61 NJ-54-13-4 EAST", "recid": "jm091qy9409", "websiteUrl": "https://purl.stanford.edu/jm091qy9409", "title": "[日本] 五万分一地形圖", "ckey": 9741696, "available": true, "iiifUrl": "https://purl.stanford.edu/jm091qy9409/iiif/manifest" }, "geometry": { "type": "Polygon", "coordinates": [ [ [ 142.25, 39.333333 ], [ 142.25, 39.4999998 ], [ 142.0, 39.4999998 ], [ 142.0, 39.333333 ], [ 142.25, 39.333333 ] ] ] } },
{ "type": "Feature", "properties": { "Id": 0, "Sheet_ID": "盛岡 1", "label": "盛岡 1", "call_short": "G7960 S50 .K61", "call_num": "G7960 S50 .K61 NJ-54-13-1", "recid": "dr618gr2072", "websiteUrl": "https://purl.stanford.edu/dr618gr2072", "title": "[日本] 五万分一地形圖", "ckey": 9741696, "available": true, "iiifUrl": "https://purl.stanford.edu/dr618gr2072/iiif/manifest" }, "geometry": { "type": "Polygon", "coordinates": [ [ [ 141.75, 39.8333333 ], [ 142.0, 39.8333333 ], [ 142.0, 40.0 ], [ 141.75, 40.0 ], [ 141.75, 39.8333333 ] ] ] } },
{ "type": "Feature", "properties": { "Id": 0, "Sheet_ID": "盛岡 13 ED.2", "label": "盛岡 13 ED.2", "call_short": "G7960 S50 .K61", "call_num": "G7960 S50 .K61 NJ-54-13-13 ED.2", "recid": "nk163fp5900", "websiteUrl": "https://purl.stanford.edu/nk163fp5900", "title": "[日本] 五万分一地形圖", "ckey": 9741696, "available": true, "iiifUrl": "https://purl.stanford.edu/nk163fp5900/iiif/manifest" }, "geometry": { "type": "Polygon", "coordinates": [ [ [ 141.0, 39.8333333 ], [ 141.25, 39.8333333 ], [ 141.25, 40.0 ], [ 141.0, 40.0 ], [ 141.0, 39.8333333 ] ] ] } },
{ "type": "Feature", "properties": { "Id": 0, "Sheet_ID": "長野 16", "label": "長野 16", "call_short": "G7960 S50 .K61", "call_num": "G7960 S50 .K61 NJ-54-36-16", "recid": "pk581zf2718", "websiteUrl": "https://purl.stanford.edu/pk581zf2718", "title": "[日本] 五万分一地形圖", "ckey": 9741696, "available": true, "iiifUrl": "https://purl.stanford.edu/pk581zf2718/iiif/manifest" }, "geometry": { "type": "Polygon", "coordinates": [ [ [ 138.0, 36.0 ], [ 138.25, 36.0 ], [ 138.25, 36.1666667 ], [ 138.0, 36.1666667 ], [ 138.0, 36.0 ] ] ] } },
{ "type": "Feature", "properties": { "Id": 0, "Sheet_ID": "長野 12", "label": "長野 12", "call_short": "G7960 S50 .K61", "call_num": "G7960 S50 .K61 NJ-54-36-12", "recid": "cs341vb1896", "websiteUrl": "https://purl.stanford.edu/cs341vb1896", "title": "[日本] 五万分一地形圖", "ckey": 9741696, "available": true, "iiifUrl": "https://purl.stanford.edu/cs341vb1896/iiif/manifest" }, "geometry": { "type": "Polygon", "coordinates": [ [ [ 138.25, 36.0 ], [ 138.5, 36.0 ], [ 138.5, 36.1666667 ], [ 138.25, 36.1666667 ], [ 138.25, 36.0 ] ] ] } },
{ "type": "Feature", "properties": { "Id": 0, "Sheet_ID": "長野 8", "label": "長野 8", "call_short": "G7960 S50 .K61", "call_num": "G7960 S50 .K61 NJ-54-36-8", "recid": "cb633vy8884", "websiteUrl": "https://purl.stanford.edu/cb633vy8884", "title": "[日本] 五万分一地形圖", "ckey": 9741696, "available": true, "iiifUrl": "https://purl.stanford.edu/cb633vy8884/iiif/manifest" }, "geometry": { "type": "Polygon", "coordinates": [ [ [ 138.5, 36.0 ], [ 138.75, 36.0 ], [ 138.75, 36.1666667 ], [ 138.5, 36.1666667 ], [ 138.5, 36.0 ] ] ] } },
{ "type": "Feature", "properties": { "Id": 0, "Sheet_ID": "長野 4", "label": "長野 4", "call_short": "G7960 S50 .K61", "call_num": "G7960 S50 .K61 NJ-54-36-4", "recid": "bm366yg6675", "websiteUrl": "https://purl.stanford.edu/bm366yg6675", "title": "[日本] 五万分一地形圖", "ckey": 9741696, "available": true, "iiifUrl": "https://purl.stanford.edu/bm366yg6675/iiif/manifest" }, "geometry": { "type": "Polygon", "coordinates": [ [ [ 138.75, 36.0 ], [ 139.0, 36.0 ], [ 139.0, 36.1666667 ], [ 138.75, 36.1666667 ], [ 138.75, 36.0 ] ] ] } },
{ "type": "Feature", "properties": { "Id": 0, "Sheet_ID": "長野 15 ED.2", "label": "長野 15 ED.2", "call_short": "G7960 S50 .K61", "call_num": "G7960 S50 .K61 NJ-54-36-15 ED.2", "recid": "yk595cv9300", "websiteUrl": "https://purl.stanford.edu/yk595cv9300", "title": "[日本] 五万分一地形圖", "ckey": 9741696, "available": true, "iiifUrl": "https://purl.stanford.edu/yk595cv9300/iiif/manifest" }, "geometry": { "type": "Polygon", "coordinates": [ [ [ 138.0, 36.1666667 ], [ 138.25, 36.1666667 ], [ 138.25, 36.3333335 ], [ 138.0, 36.3333335 ], [ 138.0, 36.1666667 ] ] ] } },
{ "type": "Feature", "properties": { "Id": 0, "Sheet_ID": "長野 11 ED.2", "label": "長野 11 ED.2", "call_short": "G7960 S50 .K61", "call_num": "G7960 S50 .K61 NJ-54-36-11 ED.2", "recid": "vt881xg2592", "websiteUrl": "https://purl.stanford.edu/vt881xg2592", "title": "[日本] 五万分一地形圖", "ckey": 9741696, "available": true, "iiifUrl": "https://purl.stanford.edu/vt881xg2592/iiif/manifest" }, "geometry": { "type": "Polygon", "coordinates": [ [ [ 138.25, 36.1666667 ], [ 138.5, 36.1666667 ], [ 138.5, 36.3333335 ], [ 138.25, 36.3333335 ], [ 138.25, 36.1666667 ] ] ] } },
{ "type": "Feature", "properties": { "Id": 0, "Sheet_ID": "長野 7", "label": "長野 7", "call_short": "G7960 S50 .K61", "call_num": "G7960 S50 .K61 NJ-54-36-7", "recid": "mc150qq7024", "websiteUrl": "https://purl.stanford.edu/mc150qq7024", "title": "[日本] 五万分一地形圖", "ckey": 9741696, "available": true, "iiifUrl": "https://purl.stanford.edu/mc150qq7024/iiif/manifest" }, "geometry": { "type": "Polygon", "coordinates": [ [ [ 138.5, 36.1666667 ], [ 138.75, 36.1666667 ], [ 138.75, 36.3333335 ], [ 138.5, 36.3333335 ], [ 138.5, 36.1666667 ] ] ] } },
{ "type": "Feature", "properties": { "Id": 0, "Sheet_ID": "長野 3", "label": "長野 3", "call_short": "G7960 S50 .K61", "call_num": "G7960 S50 .K61 NJ-54-36-3", "recid": "bw120gv1914", "websiteUrl": "https://purl.stanford.edu/bw120gv1914", "title": "[日本] 五万分一地形圖", "ckey": 9741696, "available": true, "iiifUrl": "https://purl.stanford.edu/bw120gv1914/iiif/manifest" }, "geometry": { "type": "Polygon", "coordinates": [ [ [ 138.75, 36.1666667 ], [ 139.0, 36.1666667 ], [ 139.0, 36.3333335 ], [ 138.75, 36.3333335 ], [ 138.75, 36.1666667 ] ] ] } },
{ "type": "Feature", "properties": { "Id": 0, "Sheet_ID": "長野 14", "label": "長野 14", "call_short": "G7960 S50 .K61", "call_num": "G7960 S50 .K61 NJ-54-36-14", "recid": "wt920dc1935", "websiteUrl": "https://purl.stanford.edu/wt920dc1935", "title": "[日本] 五万分一地形圖", "ckey": 9741696, "available": true, "iiifUrl": "https://purl.stanford.edu/wt920dc1935/iiif/manifest" }, "geometry": { "type": "Polygon", "coordinates": [ [ [ 138.0, 36.3333335 ], [ 138.25, 36.3333335 ], [ 138.25, 36.5000002 ], [ 138.0, 36.5000002 ], [ 138.0, 36.3333335 ] ] ] } },
{ "type": "Feature", "properties": { "Id": 0, "Sheet_ID": "長野 10", "label": "長野 10", "call_short": "G7960 S50 .K61", "call_num": "G7960 S50 .K61 NJ-54-36-10", "recid": "nn426rc8849", "websiteUrl": "https://purl.stanford.edu/nn426rc8849", "title": "[日本] 五万分一地形圖", "ckey": 9741696, "available": true, "iiifUrl": "https://purl.stanford.edu/nn426rc8849/iiif/manifest" }, "geometry": { "type": "Polygon", "coordinates": [ [ [ 138.25, 36.3333335 ], [ 138.5, 36.3333335 ], [ 138.5, 36.5000002 ], [ 138.25, 36.5000002 ], [ 138.25, 36.3333335 ] ] ] } },
{ "type": "Feature", "properties": { "Id": 0, "Sheet_ID": "長野 6", "label": "長野 6", "call_short": "G7960 S50 .K61", "call_num": "G7960 S50 .K61 NJ-54-36-6", "recid": "qz931hx7571", "websiteUrl": "https://purl.stanford.edu/qz931hx7571", "title": "[日本] 五万分一地形圖", "ckey": 9741696, "available": true, "iiifUrl": "https://purl.stanford.edu/qz931hx7571/iiif/manifest" }, "geometry": { "type": "Polygon", "coordinates": [ [ [ 138.5, 36.3333335 ], [ 138.75, 36.3333335 ], [ 138.75, 36.5000002 ], [ 138.5, 36.5000002 ], [ 138.5, 36.3333335 ] ] ] } },
{ "type": "Feature", "properties": { "Id": 0, "Sheet_ID": "長野 2", "label": "長野 2", "call_short": "G7960 S50 .K61", "call_num": "G7960 S50 .K61 NJ-54-36-2", "recid": "dt979dd4393", "websiteUrl": "https://purl.stanford.edu/dt979dd4393", "title": "[日本] 五万分一地形圖", "ckey": 9741696, "available": true, "iiifUrl": "https://purl.stanford.edu/dt979dd4393/iiif/manifest" }, "geometry": { "type": "Polygon", "coordinates": [ [ [ 138.75, 36.3333335 ], [ 139.0, 36.3333335 ], [ 139.0, 36.5000002 ], [ 138.75, 36.5000002 ], [ 138.75, 36.3333335 ] ] ] } },
{ "type": "Feature", "properties": { "Id": 0, "Sheet_ID": "長野 13", "label": "長野 13", "call_short": "G7960 S50 .K61", "call_num": "G7960 S50 .K61 NJ-54-36-13", "recid": "ng836hs1293", "websiteUrl": "https://purl.stanford.edu/ng836hs1293", "title": "[日本] 五万分一地形圖", "ckey": 9741696, "available": true, "iiifUrl": "https://purl.stanford.edu/ng836hs1293/iiif/manifest" }, "geometry": { "type": "Polygon", "coordinates": [ [ [ 138.0, 36.5000002 ], [ 138.25, 36.5000002 ], [ 138.25, 36.666667 ], [ 138.0, 36.666667 ], [ 138.0, 36.5000002 ] ] ] } },
{ "type": "Feature", "properties": { "Id": 0, "Sheet_ID": "長野 9", "label": "長野 9", "call_short": "G7960 S50 .K61", "call_num": "G7960 S50 .K61 NJ-54-36-9", "recid": "zf700ff6633", "websiteUrl": "https://purl.stanford.edu/zf700ff6633", "title": "[日本] 五万分一地形圖", "ckey": 9741696, "available": true, "iiifUrl": "https://purl.stanford.edu/zf700ff6633/iiif/manifest" }, "geometry": { "type": "Polygon", "coordinates": [ [ [ 138.25, 36.5000002 ], [ 138.5, 36.5000002 ], [ 138.5, 36.666667 ], [ 138.25, 36.666667 ], [ 138.25, 36.5000002 ] ] ] } },
{ "type": "Feature", "properties": { "Id": 0, "Sheet_ID": "長野 5", "label": "長野 5", "call_short": "G7960 S50 .K61", "call_num": "G7960 S50 .K61 NJ-54-36-5", "recid": "ts682bh2068", "websiteUrl": "https://purl.stanford.edu/ts682bh2068", "title": "[日本] 五万分一地形圖", "ckey": 9741696, "available": true, "iiifUrl": "https://purl.stanford.edu/ts682bh2068/iiif/manifest" }, "geometry": { "type": "Polygon", "coordinates": [ [ [ 138.5, 36.5000002 ], [ 138.75, 36.5000002 ], [ 138.75, 36.666667 ], [ 138.5, 36.666667 ], [ 138.5, 36.5000002 ] ] ] } },
{ "type": "Feature", "properties": { "Id": 0, "Sheet_ID": "長野 1", "label": "長野 1", "call_short": "G7960 S50 .K61", "call_num": "G7960 S50 .K61 NJ-54-36-1", "recid": "xs633kf2023", "websiteUrl": "https://purl.stanford.edu/xs633kf2023", "title": "[日本] 五万分一地形圖", "ckey": 9741696, "available": true, "iiifUrl": "https://purl.stanford.edu/xs633kf2023/iiif/manifest" }, "geometry": { "type": "Polygon", "coordinates": [ [ [ 138.75, 36.5000002 ], [ 139.0, 36.5000002 ], [ 139.0, 36.666667 ], [ 138.75, 36.666667 ], [ 138.75, 36.5000002 ] ] ] } },
{ "type": "Feature", "properties": { "Id": 0, "Sheet_ID": "長野 7 ED.2", "label": "長野 7 ED.2", "call_short": "G7960 S50 .K61", "call_num": "G7960 S50 .K61 NJ-54-36-7 ED.2", "recid": "yh065bz2195", "websiteUrl": "https://purl.stanford.edu/yh065bz2195", "title": "[日本] 五万分一地形圖", "ckey": 9741696, "available": true, "iiifUrl": "https://purl.stanford.edu/yh065bz2195/iiif/manifest" }, "geometry": { "type": "Polygon", "coordinates": [ [ [ 138.5, 36.1666668 ], [ 138.75, 36.1666668 ], [ 138.75, 36.3333335 ], [ 138.5, 36.3333335 ], [ 138.5, 36.1666668 ] ] ] } },
{ "type": "Feature", "properties": { "Id": 0, "Sheet_ID": "長野 11", "label": "長野 11", "call_short": "G7960 S50 .K61", "call_num": "G7960 S50 .K61 NJ-54-36-11", "recid": "yn523fm8495", "websiteUrl": "https://purl.stanford.edu/yn523fm8495", "title": "[日本] 五万分一地形圖", "ckey": 9741696, "available": true, "iiifUrl": "https://purl.stanford.edu/yn523fm8495/iiif/manifest" }, "geometry": { "type": "Polygon", "coordinates": [ [ [ 138.25, 36.1666668 ], [ 138.5, 36.1666668 ], [ 138.5, 36.3333335 ], [ 138.25, 36.3333335 ], [ 138.25, 36.1666668 ] ] ] } },
{ "type": "Feature", "properties": { "Id": 0, "Sheet_ID": "長野 15", "label": "長野 15", "call_short": "G7960 S50 .K61", "call_num": "G7960 S50 .K61 NJ-54-36-15", "recid": "cc429tj0796", "websiteUrl": "https://purl.stanford.edu/cc429tj0796", "title": "[日本] 五万分一地形圖", "ckey": 9741696, "available": true, "iiifUrl": "https://purl.stanford.edu/cc429tj0796/iiif/manifest" }, "geometry": { "type": "Polygon", "coordinates": [ [ [ 138.0, 36.1666668 ], [ 138.25, 36.1666668 ], [ 138.25, 36.3333335 ], [ 138.0, 36.3333335 ], [ 138.0, 36.1666668 ] ] ] } },
{ "type": "Feature", "properties": { "Id": 0, "Sheet_ID": "高田 16", "label": "高田 16", "call_short": "G7960 S50 .K61", "call_num": "G7960 S50 .K61 NJ-54-35-16", "recid": "hq525gb0412", "websiteUrl": "https://purl.stanford.edu/hq525gb0412", "title": "[日本] 五万分一地形圖", "ckey": 9741696, "available": true, "iiifUrl": "https://purl.stanford.edu/hq525gb0412/iiif/manifest" }, "geometry": { "type": "Polygon", "coordinates": [ [ [ 138.0, 36.666667 ], [ 138.25, 36.666667 ], [ 138.25, 36.8333335 ], [ 138.0, 36.8333335 ], [ 138.0, 36.666667 ] ] ] } },
{ "type": "Feature", "properties": { "Id": 0, "Sheet_ID": "高田 12", "label": "高田 12", "call_short": "G7960 S50 .K61", "call_num": "G7960 S50 .K61 NJ-54-35-12", "recid": "yz519fk8421", "websiteUrl": "https://purl.stanford.edu/yz519fk8421", "title": "[日本] 五万分一地形圖", "ckey": 9741696, "available": true, "iiifUrl": "https://purl.stanford.edu/yz519fk8421/iiif/manifest" }, "geometry": { "type": "Polygon", "coordinates": [ [ [ 138.25, 36.666667 ], [ 138.5, 36.666667 ], [ 138.5, 36.8333335 ], [ 138.25, 36.8333335 ], [ 138.25, 36.666667 ] ] ] } },
{ "type": "Feature", "properties": { "Id": 0, "Sheet_ID": "高田 8", "label": "高田 8", "call_short": "G7960 S50 .K61", "call_num": "G7960 S50 .K61 NJ-54-35-8", "recid": "rd548yk1807", "websiteUrl": "https://purl.stanford.edu/rd548yk1807", "title": "[日本] 五万分一地形圖", "ckey": 9741696, "available": true, "iiifUrl": "https://purl.stanford.edu/rd548yk1807/iiif/manifest" }, "geometry": { "type": "Polygon", "coordinates": [ [ [ 138.5, 36.666667 ], [ 138.75, 36.666667 ], [ 138.75, 36.8333335 ], [ 138.5, 36.8333335 ], [ 138.5, 36.666667 ] ] ] } },
{ "type": "Feature", "properties": { "Id": 0, "Sheet_ID": "高田 4", "label": "高田 4", "call_short": "G7960 S50 .K61", "call_num": "G7960 S50 .K61 NJ-54-35-4", "recid": "bn498nz3406", "websiteUrl": "https://purl.stanford.edu/bn498nz3406", "title": "[日本] 五万分一地形圖", "ckey": 9741696, "available": true, "iiifUrl": "https://purl.stanford.edu/bn498nz3406/iiif/manifest" }, "geometry": { "type": "Polygon", "coordinates": [ [ [ 138.75, 36.666667 ], [ 139.0, 36.666667 ], [ 139.0, 36.8333335 ], [ 138.75, 36.8333335 ], [ 138.75, 36.666667 ] ] ] } },
{ "type": "Feature", "properties": { "Id": 0, "Sheet_ID": "高田 15", "label": "高田 15", "call_short": "G7960 S50 .K61", "call_num": "G7960 S50 .K61 NJ-54-35-15", "recid": "hf580kr4088", "websiteUrl": "https://purl.stanford.edu/hf580kr4088", "title": "[日本] 五万分一地形圖", "ckey": 9741696, "available": true, "iiifUrl": "https://purl.stanford.edu/hf580kr4088/iiif/manifest" }, "geometry": { "type": "Polygon", "coordinates": [ [ [ 138.0, 36.8333335 ], [ 138.25, 36.8333335 ], [ 138.25, 37.0 ], [ 138.0, 37.0 ], [ 138.0, 36.8333335 ] ] ] } },
{ "type": "Feature", "properties": { "Id": 0, "Sheet_ID": "高田 11", "label": "高田 11", "call_short": "G7960 S50 .K61", "call_num": "G7960 S50 .K61 NJ-54-35-11", "recid": "nz986zd9554", "websiteUrl": "https://purl.stanford.edu/nz986zd9554", "title": "[日本] 五万分一地形圖", "ckey": 9741696, "available": true, "iiifUrl": "https://purl.stanford.edu/nz986zd9554/iiif/manifest" }, "geometry": { "type": "Polygon", "coordinates": [ [ [ 138.25, 36.8333335 ], [ 138.5, 36.8333335 ], [ 138.5, 37.0 ], [ 138.25, 37.0 ], [ 138.25, 36.8333335 ] ] ] } },
{ "type": "Feature", "properties": { "Id": 0, "Sheet_ID": "高田 7", "label": "高田 7", "call_short": "G7960 S50 .K61", "call_num": "G7960 S50 .K61 NJ-54-35-7", "recid": "qp866jp7483", "websiteUrl": "https://purl.stanford.edu/qp866jp7483", "title": "[日本] 五万分一地形圖", "ckey": 9741696, "available": true, "iiifUrl": "https://purl.stanford.edu/qp866jp7483/iiif/manifest" }, "geometry": { "type": "Polygon", "coordinates": [ [ [ 138.5, 36.8333335 ], [ 138.75, 36.8333335 ], [ 138.75, 37.0 ], [ 138.5, 37.0 ], [ 138.5, 36.8333335 ] ] ] } },
{ "type": "Feature", "properties": { "Id": 0, "Sheet_ID": "高田 3", "label": "高田 3", "call_short": "G7960 S50 .K61", "call_num": "G7960 S50 .K61 NJ-54-35-3", "recid": "ht255fy4816", "websiteUrl": "https://purl.stanford.edu/ht255fy4816", "title": "[日本] 五万分一地形圖", "ckey": 9741696, "available": true, "iiifUrl": "https://purl.stanford.edu/ht255fy4816/iiif/manifest" }, "geometry": { "type": "Polygon", "coordinates": [ [ [ 138.75, 36.8333335 ], [ 139.0, 36.8333335 ], [ 139.0, 37.0 ], [ 138.75, 37.0 ], [ 138.75, 36.8333335 ] ] ] } },
{ "type": "Feature", "properties": { "Id": 0, "Sheet_ID": "高田 14", "label": "高田 14", "call_short": "G7960 S50 .K61", "call_num": "G7960 S50 .K61 NJ-54-35-14", "recid": "jm604pp0444", "websiteUrl": "https://purl.stanford.edu/jm604pp0444", "title": "[日本] 五万分一地形圖", "ckey": 9741696, "available": true, "iiifUrl": "https://purl.stanford.edu/jm604pp0444/iiif/manifest" }, "geometry": { "type": "Polygon", "coordinates": [ [ [ 138.25, 37.0 ], [ 138.25, 37.1666665 ], [ 138.25, 37.2 ], [ 138.08, 37.2 ], [ 138.08, 37.1666665 ], [ 138.0, 37.1666665 ], [ 138.0, 37.0 ], [ 138.25, 37.0 ] ] ] } },
{ "type": "Feature", "properties": { "Id": 0, "Sheet_ID": "高田 10", "label": "高田 10", "call_short": "G7960 S50 .K61", "call_num": "G7960 S50 .K61 NJ-54-35-10", "recid": "mb450gb7296", "websiteUrl": "https://purl.stanford.edu/mb450gb7296", "title": "[日本] 五万分一地形圖", "ckey": 9741696, "available": true, "iiifUrl": "https://purl.stanford.edu/mb450gb7296/iiif/manifest" }, "geometry": { "type": "Polygon", "coordinates": [ [ [ 138.25, 37.0 ], [ 138.5, 37.0 ], [ 138.5, 37.1666665 ], [ 138.25, 37.1666665 ], [ 138.25, 37.0 ] ] ] } },
{ "type": "Feature", "properties": { "Id": 0, "Sheet_ID": "高田 6", "label": "高田 6", "call_short": "G7960 S50 .K61", "call_num": "G7960 S50 .K61 NJ-54-35-6", "recid": "sg202mf2661", "websiteUrl": "https://purl.stanford.edu/sg202mf2661", "title": "[日本] 五万分一地形圖", "ckey": 9741696, "available": true, "iiifUrl": "https://purl.stanford.edu/sg202mf2661/iiif/manifest" }, "geometry": { "type": "Polygon", "coordinates": [ [ [ 138.5, 37.0 ], [ 138.75, 37.0 ], [ 138.75, 37.1666665 ], [ 138.5, 37.1666665 ], [ 138.5, 37.0 ] ] ] } },
{ "type": "Feature", "properties": { "Id": 0, "Sheet_ID": "高田 2", "label": "高田 2", "call_short": "G7960 S50 .K61", "call_num": "G7960 S50 .K61 NJ-54-35-2", "recid": "df748ws2788", "websiteUrl": "https://purl.stanford.edu/df748ws2788", "title": "[日本] 五万分一地形圖", "ckey": 9741696, "available": true, "iiifUrl": "https://purl.stanford.edu/df748ws2788/iiif/manifest" }, "geometry": { "type": "Polygon", "coordinates": [ [ [ 138.75, 37.0 ], [ 139.0, 37.0 ], [ 139.0, 37.1666665 ], [ 138.75, 37.1666665 ], [ 138.75, 37.0 ] ] ] } },
{ "type": "Feature", "properties": { "Id": 0, "Sheet_ID": "高田 9", "label": "高田 9", "call_short": "G7960 S50 .K61", "call_num": "G7960 S50 .K61 NJ-54-35-9", "recid": "ch992kw0049", "websiteUrl": "https://purl.stanford.edu/ch992kw0049", "title": "[日本] 五万分一地形圖", "ckey": 9741696, "available": true, "iiifUrl": "https://purl.stanford.edu/ch992kw0049/iiif/manifest" }, "geometry": { "type": "Polygon", "coordinates": [ [ [ 138.25, 37.1666665 ], [ 138.5, 37.1666665 ], [ 138.5, 37.333333 ], [ 138.25, 37.333333 ], [ 138.25, 37.1666665 ] ] ] } },
{ "type": "Feature", "properties": { "Id": 0, "Sheet_ID": "高田 5", "label": "高田 5", "call_short": "G7960 S50 .K61", "call_num": "G7960 S50 .K61 NJ-54-35-5", "recid": "cx207yb7695", "websiteUrl": "https://purl.stanford.edu/cx207yb7695", "title": "[日本] 五万分一地形圖", "ckey": 9741696, "available": true, "iiifUrl": "https://purl.stanford.edu/cx207yb7695/iiif/manifest" }, "geometry": { "type": "Polygon", "coordinates": [ [ [ 138.5, 37.1666665 ], [ 138.75, 37.1666665 ], [ 138.75, 37.333333 ], [ 138.5, 37.333333 ], [ 138.5, 37.1666665 ] ] ] } },
{ "type": "Feature", "properties": { "Id": 0, "Sheet_ID": "高田 1", "label": "高田 1", "call_short": "G7960 S50 .K61", "call_num": "G7960 S50 .K61 NJ-54-35-1", "recid": "fz182kk4336", "websiteUrl": "https://purl.stanford.edu/fz182kk4336", "title": "[日本] 五万分一地形圖", "ckey": 9741696, "available": true, "iiifUrl": "https://purl.stanford.edu/fz182kk4336/iiif/manifest" }, "geometry": { "type": "Polygon", "coordinates": [ [ [ 138.75, 37.1666665 ], [ 139.0, 37.1666665 ], [ 139.0, 37.333333 ], [ 138.75, 37.333333 ], [ 138.75, 37.1666665 ] ] ] } },
{ "type": "Feature", "properties": { "Id": 0, "Sheet_ID": "高田 4 ED.2", "label": "高田 4 ED.2", "call_short": "G7960 S50 .K61", "call_num": "G7960 S50 .K61 NJ-54-35-4 ED.2", "recid": "qz099kn5313", "websiteUrl": "https://purl.stanford.edu/qz099kn5313", "title": "[日本] 五万分一地形圖", "ckey": 9741696, "available": true, "iiifUrl": "https://purl.stanford.edu/qz099kn5313/iiif/manifest" }, "geometry": { "type": "Polygon", "coordinates": [ [ [ 138.75, 36.666667 ], [ 139.0, 36.666667 ], [ 139.0, 36.8333335 ], [ 138.75, 36.8333335 ], [ 138.75, 36.666667 ] ] ] } },
{ "type": "Feature", "properties": { "Id": 0, "Sheet_ID": "高田 11 ED.2", "label": "高田 11 ED.2", "call_short": "G7960 S50 .K61", "call_num": "G7960 S50 .K61 NJ-54-35-11 ED.2", "recid": "yq222wh4687", "websiteUrl": "https://purl.stanford.edu/yq222wh4687", "title": "[日本] 五万分一地形圖", "ckey": 9741696, "available": true, "iiifUrl": "https://purl.stanford.edu/yq222wh4687/iiif/manifest" }, "geometry": { "type": "Polygon", "coordinates": [ [ [ 138.25, 36.8333335 ], [ 138.5, 36.8333335 ], [ 138.5, 37.0 ], [ 138.25, 37.0 ], [ 138.25, 36.8333335 ] ] ] } },
{ "type": "Feature", "properties": { "Id": 0, "Sheet_ID": "高田 16 ED.2", "label": "高田 16 ED.2", "call_short": "G7960 S50 .K61", "call_num": "G7960 S50 .K61 NJ-54-35-16 ED.2", "recid": "pb902tq9560", "websiteUrl": "https://purl.stanford.edu/pb902tq9560", "title": "[日本] 五万分一地形圖", "ckey": 9741696, "available": true, "iiifUrl": "https://purl.stanford.edu/pb902tq9560/iiif/manifest" }, "geometry": { "type": "Polygon", "coordinates": [ [ [ 138.0, 36.666667 ], [ 138.25, 36.666667 ], [ 138.25, 36.8333335 ], [ 138.0, 36.8333335 ], [ 138.0, 36.666667 ] ] ] } },
{ "type": "Feature", "properties": { "Id": 0, "Sheet_ID": "長岡 12 ED.2", "label": "長岡 12 ED.2", "call_short": "G7960 S50 .K61", "call_num": "G7960 S50 .K61 NJ-54-34-12 ED.2", "recid": "yp486yt3419", "websiteUrl": "https://purl.stanford.edu/yp486yt3419", "title": "[日本] 五万分一地形圖", "ckey": 9741696, "available": true, "iiifUrl": "https://purl.stanford.edu/yp486yt3419/iiif/manifest" }, "geometry": { "type": "Polygon", "coordinates": [ [ [ 138.25, 37.333333 ], [ 138.5, 37.333333 ], [ 138.5, 37.4999998 ], [ 138.25, 37.4999998 ], [ 138.25, 37.333333 ] ] ] } },
{ "type": "Feature", "properties": { "Id": 0, "Sheet_ID": "長岡 8", "label": "長岡 8", "call_short": "G7960 S50 .K61", "call_num": "G7960 S50 .K61 NJ-54-34-8", "recid": "rf860vq9128", "websiteUrl": "https://purl.stanford.edu/rf860vq9128", "title": "[日本] 五万分一地形圖", "ckey": 9741696, "available": true, "iiifUrl": "https://purl.stanford.edu/rf860vq9128/iiif/manifest" }, "geometry": { "type": "Polygon", "coordinates": [ [ [ 138.5, 37.333333 ], [ 138.75, 37.333333 ], [ 138.75, 37.4999998 ], [ 138.5, 37.4999998 ], [ 138.5, 37.333333 ] ] ] } },
{ "type": "Feature", "properties": { "Id": 0, "Sheet_ID": "長岡 4", "label": "長岡 4", "call_short": "G7960 S50 .K61", "call_num": "G7960 S50 .K61 NJ-54-34-4", "recid": "cv833tr9999", "websiteUrl": "https://purl.stanford.edu/cv833tr9999", "title": "[日本] 五万分一地形圖", "ckey": 9741696, "available": true, "iiifUrl": "https://purl.stanford.edu/cv833tr9999/iiif/manifest" }, "geometry": { "type": "Polygon", "coordinates": [ [ [ 138.75, 37.333333 ], [ 139.0, 37.333333 ], [ 139.0, 37.4999998 ], [ 138.75, 37.4999998 ], [ 138.75, 37.333333 ] ] ] } },
{ "type": "Feature", "properties": { "Id": 0, "Sheet_ID": "長岡 7", "label": "長岡 7", "call_short": "G7960 S50 .K61", "call_num": "G7960 S50 .K61 NJ-54-34-7", "recid": "cn155wy0239", "websiteUrl": "https://purl.stanford.edu/cn155wy0239", "title": "[日本] 五万分一地形圖", "ckey": 9741696, "available": true, "iiifUrl": "https://purl.stanford.edu/cn155wy0239/iiif/manifest" }, "geometry": { "type": "Polygon", "coordinates": [ [ [ 138.5, 37.4999998 ], [ 138.75, 37.4999998 ], [ 138.75, 37.6666665 ], [ 138.5, 37.6666665 ], [ 138.5, 37.4999998 ] ] ] } },
{ "type": "Feature", "properties": { "Id": 0, "Sheet_ID": "長岡 3", "label": "長岡 3", "call_short": "G7960 S50 .K61", "call_num": "G7960 S50 .K61 NJ-54-34-3", "recid": "zx896kk5583", "websiteUrl": "https://purl.stanford.edu/zx896kk5583", "title": "[日本] 五万分一地形圖", "ckey": 9741696, "available": true, "iiifUrl": "https://purl.stanford.edu/zx896kk5583/iiif/manifest" }, "geometry": { "type": "Polygon", "coordinates": [ [ [ 138.75, 37.4999998 ], [ 139.0, 37.4999998 ], [ 139.0, 37.6666665 ], [ 138.75, 37.6666665 ], [ 138.75, 37.4999998 ] ] ] } },
{ "type": "Feature", "properties": { "Id": 0, "Sheet_ID": "長岡 14 ED.2", "label": "長岡 14 ED.2", "call_short": "G7960 S50 .K61", "call_num": "G7960 S50 .K61 NJ-54-34-14 ED.2", "recid": "tq053yr6839", "websiteUrl": "https://purl.stanford.edu/tq053yr6839", "title": "[日本] 五万分一地形圖", "ckey": 9741696, "available": true, "iiifUrl": "https://purl.stanford.edu/tq053yr6839/iiif/manifest" }, "geometry": { "type": "Polygon", "coordinates": [ [ [ 138.25, 37.6666665 ], [ 138.25, 37.8333333 ], [ 138.25, 37.85 ], [ 138.21, 37.85 ], [ 138.21, 37.8333333 ], [ 138.0, 37.8333333 ], [ 138.0, 37.6666665 ], [ 138.25, 37.6666665 ] ] ] } },
{ "type": "Feature", "properties": { "Id": 0, "Sheet_ID": "長岡 10", "label": "長岡 10", "call_short": "G7960 S50 .K61", "call_num": "G7960 S50 .K61 NJ-54-34-10", "recid": "nk417vh3166", "websiteUrl": "https://purl.stanford.edu/nk417vh3166", "title": "[日本] 五万分一地形圖", "ckey": 9741696, "available": true, "iiifUrl": "https://purl.stanford.edu/nk417vh3166/iiif/manifest" }, "geometry": { "type": "Polygon", "coordinates": [ [ [ 138.25, 37.6666665 ], [ 138.5, 37.6666665 ], [ 138.5, 37.8333333 ], [ 138.25, 37.8333333 ], [ 138.25, 37.6666665 ] ] ] } },
{ "type": "Feature", "properties": { "Id": 0, "Sheet_ID": "長岡 2", "label": "長岡 2", "call_short": "G7960 S50 .K61", "call_num": "G7960 S50 .K61 NJ-54-34-2", "recid": "fk820kw2643", "websiteUrl": "https://purl.stanford.edu/fk820kw2643", "title": "[日本] 五万分一地形圖", "ckey": 9741696, "available": true, "iiifUrl": "https://purl.stanford.edu/fk820kw2643/iiif/manifest" }, "geometry": { "type": "Polygon", "coordinates": [ [ [ 138.75, 37.6666665 ], [ 139.0, 37.6666665 ], [ 139.0, 37.8333333 ], [ 138.75, 37.8333333 ], [ 138.75, 37.6666665 ] ] ] } },
{ "type": "Feature", "properties": { "Id": 0, "Sheet_ID": "長岡 9", "label": "長岡 9", "call_short": "G7960 S50 .K61", "call_num": "G7960 S50 .K61 NJ-54-34-9", "recid": "cj653rq7512", "websiteUrl": "https://purl.stanford.edu/cj653rq7512", "title": "[日本] 五万分一地形圖", "ckey": 9741696, "available": true, "iiifUrl": "https://purl.stanford.edu/cj653rq7512/iiif/manifest" }, "geometry": { "type": "Polygon", "coordinates": [ [ [ 138.5, 38.0 ], [ 138.25, 38.0 ], [ 138.21, 38.0 ], [ 138.21, 37.96 ], [ 138.25, 37.96 ], [ 138.25, 37.8333333 ], [ 138.5, 37.8333333 ], [ 138.5, 38.0 ] ] ] } },
{ "type": "Feature", "properties": { "Id": 0, "Sheet_ID": "長岡 5", "label": "長岡 5", "call_short": "G7960 S50 .K61", "call_num": "G7960 S50 .K61 NJ-54-34-5", "recid": "jg233fk9210", "websiteUrl": "https://purl.stanford.edu/jg233fk9210", "title": "[日本] 五万分一地形圖", "ckey": 9741696, "available": true, "iiifUrl": "https://purl.stanford.edu/jg233fk9210/iiif/manifest" }, "geometry": { "type": "Polygon", "coordinates": [ [ [ 138.5, 37.8333333 ], [ 138.75, 37.8333333 ], [ 138.75, 38.0 ], [ 138.5, 38.0 ], [ 138.5, 37.8333333 ] ] ] } },
{ "type": "Feature", "properties": { "Id": 0, "Sheet_ID": "長岡 1", "label": "長岡 1", "call_short": "G7960 S50 .K61", "call_num": "G7960 S50 .K61 NJ-54-34-1", "recid": "dk620sj4730", "websiteUrl": "https://purl.stanford.edu/dk620sj4730", "title": "[日本] 五万分一地形圖", "ckey": 9741696, "available": true, "iiifUrl": "https://purl.stanford.edu/dk620sj4730/iiif/manifest" }, "geometry": { "type": "Polygon", "coordinates": [ [ [ 138.75, 37.8333333 ], [ 139.0, 37.8333333 ], [ 139.0, 38.0 ], [ 138.75, 38.0 ], [ 138.75, 37.8333333 ] ] ] } },
{ "type": "Feature", "properties": { "Id": 0, "Sheet_ID": "長岡 10 ED.2", "label": "長岡 10 ED.2", "call_short": "G7960 S50 .K61", "call_num": "G7960 S50 .K61 NJ-54-34-10 ED.2", "recid": "pf523rh8607", "websiteUrl": "https://purl.stanford.edu/pf523rh8607", "title": "[日本] 五万分一地形圖", "ckey": 9741696, "available": true, "iiifUrl": "https://purl.stanford.edu/pf523rh8607/iiif/manifest" }, "geometry": { "type": "Polygon", "coordinates": [ [ [ 138.25, 37.6666665 ], [ 138.5, 37.6666665 ], [ 138.5, 37.8333333 ], [ 138.25, 37.8333333 ], [ 138.25, 37.6666665 ] ] ] } },
{ "type": "Feature", "properties": { "Id": 0, "Sheet_ID": "長岡 12", "label": "長岡 12", "call_short": "G7960 S50 .K61", "call_num": "G7960 S50 .K61 NJ-54-34-12", "recid": "gd129fx2136", "websiteUrl": "https://purl.stanford.edu/gd129fx2136", "title": "[日本] 五万分一地形圖", "ckey": 9741696, "available": true, "iiifUrl": "https://purl.stanford.edu/gd129fx2136/iiif/manifest" }, "geometry": { "type": "Polygon", "coordinates": [ [ [ 138.25, 37.333333 ], [ 138.5, 37.333333 ], [ 138.5, 37.4999998 ], [ 138.25, 37.4999998 ], [ 138.25, 37.333333 ] ] ] } },
{ "type": "Feature", "properties": { "Id": 0, "Sheet_ID": "長岡 14", "label": "長岡 14", "call_short": "G7960 S50 .K61", "call_num": "G7960 S50 .K61 NJ-54-34-14", "recid": "rw525yd6834", "websiteUrl": "https://purl.stanford.edu/rw525yd6834", "title": "[日本] 五万分一地形圖", "ckey": 9741696, "available": true, "iiifUrl": "https://purl.stanford.edu/rw525yd6834/iiif/manifest" }, "geometry": { "type": "Polygon", "coordinates": [ [ [ 138.25, 37.6666665 ], [ 138.25, 37.8333333 ], [ 138.25, 37.85 ], [ 138.21, 37.85 ], [ 138.21, 37.8333333 ], [ 138.0, 37.8333333 ], [ 138.0, 37.6666665 ], [ 138.25, 37.6666665 ] ] ] } },
{ "type": "Feature", "properties": { "Id": 0, "Sheet_ID": "相川 12", "label": "相川 12", "call_short": "G7960 S50 .K61", "call_num": "G7960 S50 .K61 NJ-54-33-12", "recid": "kv531jd8993", "websiteUrl": "https://purl.stanford.edu/kv531jd8993", "title": "[日本] 五万分一地形圖", "ckey": 9741696, "available": true, "iiifUrl": "https://purl.stanford.edu/kv531jd8993/iiif/manifest" }, "geometry": { "type": "Polygon", "coordinates": [ [ [ 138.21, 38.0 ], [ 138.5, 38.0 ], [ 138.5, 38.1666667 ], [ 138.21, 38.1666667 ], [ 138.21, 38.0 ] ] ] } },
{ "type": "Feature", "properties": { "Id": 0, "Sheet_ID": "相川 8 ED.2", "label": "相川 8 ED.2", "call_short": "G7960 S50 .K61", "call_num": "G7960 S50 .K61 NJ-54-33-8 ED.2", "recid": "jj486gg6784", "websiteUrl": "https://purl.stanford.edu/jj486gg6784", "title": "[日本] 五万分一地形圖", "ckey": 9741696, "available": true, "iiifUrl": "https://purl.stanford.edu/jj486gg6784/iiif/manifest" }, "geometry": { "type": "Polygon", "coordinates": [ [ [ 138.5, 38.0 ], [ 138.75, 38.0 ], [ 138.75, 38.1666667 ], [ 138.5, 38.1666667 ], [ 138.5, 38.0 ] ] ] } },
{ "type": "Feature", "properties": { "Id": 0, "Sheet_ID": "相川 11", "label": "相川 11", "call_short": "G7960 S50 .K61", "call_num": "G7960 S50 .K61 NJ-54-33-11", "recid": "ds190yw8484", "websiteUrl": "https://purl.stanford.edu/ds190yw8484", "title": "[日本] 五万分一地形圖", "ckey": 9741696, "available": true, "iiifUrl": "https://purl.stanford.edu/ds190yw8484/iiif/manifest" }, "geometry": { "type": "Polygon", "coordinates": [ [ [ 138.5, 38.1666667 ], [ 138.5, 38.23 ], [ 138.53, 38.23 ], [ 138.53, 38.34 ], [ 138.48, 38.34 ], [ 138.48, 38.3333335 ], [ 138.25, 38.3333335 ], [ 138.25, 38.1666667 ], [ 138.5, 38.1666667 ] ] ] } },
{ "type": "Feature", "properties": { "Id": 0, "Sheet_ID": "相川 8", "label": "相川 8", "call_short": "G7960 S50 .K61", "call_num": "G7960 S50 .K61 NJ-54-33-8", "recid": "jw207hm2155", "websiteUrl": "https://purl.stanford.edu/jw207hm2155", "title": "[日本] 五万分一地形圖", "ckey": 9741696, "available": true, "iiifUrl": "https://purl.stanford.edu/jw207hm2155/iiif/manifest" }, "geometry": { "type": "Polygon", "coordinates": [ [ [ 138.5, 38.0 ], [ 138.75, 38.0 ], [ 138.75, 38.1666667 ], [ 138.5, 38.1666667 ], [ 138.5, 38.0 ] ] ] } },
{ "type": "Feature", "properties": { "Id": 0, "Sheet_ID": "宇都宮 16", "label": "宇都宮 16", "call_short": "G7960 S50 .K61", "call_num": "G7960 S50 .K61 NJ-54-30-16", "recid": "wt129ny0041", "websiteUrl": "https://purl.stanford.edu/wt129ny0041", "title": "[日本] 五万分一地形圖", "ckey": 9741696, "available": true, "iiifUrl": "https://purl.stanford.edu/wt129ny0041/iiif/manifest" }, "geometry": { "type": "Polygon", "coordinates": [ [ [ 139.0, 36.0 ], [ 139.25, 36.0 ], [ 139.25, 36.1666667 ], [ 139.0, 36.1666667 ], [ 139.0, 36.0 ] ] ] } },
{ "type": "Feature", "properties": { "Id": 0, "Sheet_ID": "宇都宮 12 ED.2", "label": "宇都宮 12 ED.2", "call_short": "G7960 S50 .K61", "call_num": "G7960 S50 .K61 NJ-54-30-12 ED.2", "recid": "np145cs1450", "websiteUrl": "https://purl.stanford.edu/np145cs1450", "title": "[日本] 五万分一地形圖", "ckey": 9741696, "available": true, "iiifUrl": "https://purl.stanford.edu/np145cs1450/iiif/manifest" }, "geometry": { "type": "Polygon", "coordinates": [ [ [ 139.25, 36.0 ], [ 139.5, 36.0 ], [ 139.5, 36.1666667 ], [ 139.25, 36.1666667 ], [ 139.25, 36.0 ] ] ] } },
{ "type": "Feature", "properties": { "Id": 0, "Sheet_ID": "宇都宮 8", "label": "宇都宮 8", "call_short": "0", "call_num": "0", "recid": "0", "websiteUrl": "0", "title": "0", "ckey": 0, "available": false, "iiifUrl": "0" }, "geometry": { "type": "Polygon", "coordinates": [ [ [ 139.5, 36.0 ], [ 139.75, 36.0 ], [ 139.75, 36.1666667 ], [ 139.5, 36.1666667 ], [ 139.5, 36.0 ] ] ] } },
{ "type": "Feature", "properties": { "Id": 0, "Sheet_ID": "宇都宮 4", "label": "宇都宮 4", "call_short": "G7960 S50 .K61", "call_num": "G7960 S50 .K61 NJ-54-30-4", "recid": "rz193pb0424", "websiteUrl": "https://purl.stanford.edu/rz193pb0424", "title": "[日本] 五万分一地形圖", "ckey": 9741696, "available": true, "iiifUrl": "https://purl.stanford.edu/rz193pb0424/iiif/manifest" }, "geometry": { "type": "Polygon", "coordinates": [ [ [ 139.75, 36.0 ], [ 140.0, 36.0 ], [ 140.0, 36.1666667 ], [ 139.75, 36.1666667 ], [ 139.75, 36.0 ] ] ] } },
{ "type": "Feature", "properties": { "Id": 0, "Sheet_ID": "宇都宮 15 ITEM 2", "label": "宇都宮 15 ITEM 2", "call_short": "G7960 S50 .K61", "call_num": "G7960 S50 .K61 NJ-54-30-15", "recid": "vf815pm8071", "websiteUrl": "https://purl.stanford.edu/vf815pm8071", "title": "[日本] 五万分一地形圖", "ckey": 9741696, "available": true, "iiifUrl": "https://purl.stanford.edu/vf815pm8071/iiif/manifest" }, "geometry": { "type": "Polygon", "coordinates": [ [ [ 139.0, 36.1666667 ], [ 139.25, 36.1666667 ], [ 139.25, 36.3333335 ], [ 139.0, 36.3333335 ], [ 139.0, 36.1666667 ] ] ] } },
{ "type": "Feature", "properties": { "Id": 0, "Sheet_ID": "宇都宮 11", "label": "宇都宮 11", "call_short": "G7960 S50 .K61", "call_num": "G7960 S50 .K61 NJ-54-30-11", "recid": "yk838ht9709", "websiteUrl": "https://purl.stanford.edu/yk838ht9709", "title": "[日本] 五万分一地形圖", "ckey": 9741696, "available": true, "iiifUrl": "https://purl.stanford.edu/yk838ht9709/iiif/manifest" }, "geometry": { "type": "Polygon", "coordinates": [ [ [ 139.25, 36.1666667 ], [ 139.5, 36.1666667 ], [ 139.5, 36.3333335 ], [ 139.25, 36.3333335 ], [ 139.25, 36.1666667 ] ] ] } },
{ "type": "Feature", "properties": { "Id": 0, "Sheet_ID": "宇都宮 7", "label": "宇都宮 7", "call_short": "0", "call_num": "0", "recid": "0", "websiteUrl": "0", "title": "0", "ckey": 0, "available": false, "iiifUrl": "0" }, "geometry": { "type": "Polygon", "coordinates": [ [ [ 139.5, 36.1666667 ], [ 139.75, 36.1666667 ], [ 139.75, 36.3333335 ], [ 139.5, 36.3333335 ], [ 139.5, 36.1666667 ] ] ] } },
{ "type": "Feature", "properties": { "Id": 0, "Sheet_ID": "宇都宮 3", "label": "宇都宮 3", "call_short": "0", "call_num": "0", "recid": "0", "websiteUrl": "0", "title": "0", "ckey": 0, "available": false, "iiifUrl": "0" }, "geometry": { "type": "Polygon", "coordinates": [ [ [ 139.75, 36.1666667 ], [ 140.0, 36.1666667 ], [ 140.0, 36.3333335 ], [ 139.75, 36.3333335 ], [ 139.75, 36.1666667 ] ] ] } },
{ "type": "Feature", "properties": { "Id": 0, "Sheet_ID": "宇都宮 14", "label": "宇都宮 14", "call_short": "G7960 S50 .K61", "call_num": "G7960 S50 .K61 NJ-54-30-14", "recid": "pc043ys3215", "websiteUrl": "https://purl.stanford.edu/pc043ys3215", "title": "[日本] 五万分一地形圖", "ckey": 9741696, "available": true, "iiifUrl": "https://purl.stanford.edu/pc043ys3215/iiif/manifest" }, "geometry": { "type": "Polygon", "coordinates": [ [ [ 139.0, 36.3333335 ], [ 139.25, 36.3333335 ], [ 139.25, 36.5000002 ], [ 139.0, 36.5000002 ], [ 139.0, 36.3333335 ] ] ] } },
{ "type": "Feature", "properties": { "Id": 0, "Sheet_ID": "宇都宮 10", "label": "宇都宮 10", "call_short": "0", "call_num": "0", "recid": "0", "websiteUrl": "0", "title": "0", "ckey": 0, "available": false, "iiifUrl": "0" }, "geometry": { "type": "Polygon", "coordinates": [ [ [ 139.25, 36.3333335 ], [ 139.5, 36.3333335 ], [ 139.5, 36.5000002 ], [ 139.25, 36.5000002 ], [ 139.25, 36.3333335 ] ] ] } },
{ "type": "Feature", "properties": { "Id": 0, "Sheet_ID": "宇都宮 6", "label": "宇都宮 6", "call_short": "G7960 S50 .K61", "call_num": "G7960 S50 .K61 NJ-54-30-6", "recid": "kq749qd9094", "websiteUrl": "https://purl.stanford.edu/kq749qd9094", "title": "[日本] 五万分一地形圖", "ckey": 9741696, "available": true, "iiifUrl": "https://purl.stanford.edu/kq749qd9094/iiif/manifest" }, "geometry": { "type": "Polygon", "coordinates": [ [ [ 139.5, 36.3333335 ], [ 139.75, 36.3333335 ], [ 139.75, 36.5000002 ], [ 139.5, 36.5000002 ], [ 139.5, 36.3333335 ] ] ] } },
{ "type": "Feature", "properties": { "Id": 0, "Sheet_ID": "宇都宮 2 ED.2", "label": "宇都宮 2 ED.2", "call_short": "G7960 S50 .K61", "call_num": "G7960 S50 .K61 NJ-54-30-2 ED.2", "recid": "fc258jb2133", "websiteUrl": "https://purl.stanford.edu/fc258jb2133", "title": "[日本] 五万分一地形圖", "ckey": 9741696, "available": true, "iiifUrl": "https://purl.stanford.edu/fc258jb2133/iiif/manifest" }, "geometry": { "type": "Polygon", "coordinates": [ [ [ 139.75, 36.3333335 ], [ 140.0, 36.3333335 ], [ 140.0, 36.5000002 ], [ 139.75, 36.5000002 ], [ 139.75, 36.3333335 ] ] ] } },
{ "type": "Feature", "properties": { "Id": 0, "Sheet_ID": "宇都宮 13", "label": "宇都宮 13", "call_short": "G7960 S50 .K61", "call_num": "G7960 S50 .K61 NJ-54-30-13", "recid": "ty939fy7186", "websiteUrl": "https://purl.stanford.edu/ty939fy7186", "title": "[日本] 五万分一地形圖", "ckey": 9741696, "available": true, "iiifUrl": "https://purl.stanford.edu/ty939fy7186/iiif/manifest" }, "geometry": { "type": "Polygon", "coordinates": [ [ [ 139.0, 36.5000002 ], [ 139.25, 36.5000002 ], [ 139.25, 36.666667 ], [ 139.0, 36.666667 ], [ 139.0, 36.5000002 ] ] ] } },
{ "type": "Feature", "properties": { "Id": 0, "Sheet_ID": "宇都宮 9", "label": "宇都宮 9", "call_short": "G7960 S50 .K61", "call_num": "G7960 S50 .K61 NJ-54-30-9", "recid": "xt277cd7769", "websiteUrl": "https://purl.stanford.edu/xt277cd7769", "title": "[日本] 五万分一地形圖", "ckey": 9741696, "available": true, "iiifUrl": "https://purl.stanford.edu/xt277cd7769/iiif/manifest" }, "geometry": { "type": "Polygon", "coordinates": [ [ [ 139.25, 36.5000002 ], [ 139.5, 36.5000002 ], [ 139.5, 36.666667 ], [ 139.25, 36.666667 ], [ 139.25, 36.5000002 ] ] ] } },
{ "type": "Feature", "properties": { "Id": 0, "Sheet_ID": "宇都宮 5", "label": "宇都宮 5", "call_short": "G7960 S50 .K61", "call_num": "G7960 S50 .K61 NJ-54-30-5", "recid": "kd436mt5258", "websiteUrl": "https://purl.stanford.edu/kd436mt5258", "title": "[日本] 五万分一地形圖", "ckey": 9741696, "available": true, "iiifUrl": "https://purl.stanford.edu/kd436mt5258/iiif/manifest" }, "geometry": { "type": "Polygon", "coordinates": [ [ [ 139.5, 36.5000002 ], [ 139.75, 36.5000002 ], [ 139.75, 36.666667 ], [ 139.5, 36.666667 ], [ 139.5, 36.5000002 ] ] ] } },
{ "type": "Feature", "properties": { "Id": 0, "Sheet_ID": "宇都宮 1", "label": "宇都宮 1", "call_short": "G7960 S50 .K61", "call_num": "G7960 S50 .K61 NJ-54-30-1", "recid": "gb096nn2129", "websiteUrl": "https://purl.stanford.edu/gb096nn2129", "title": "[日本] 五万分一地形圖", "ckey": 9741696, "available": true, "iiifUrl": "https://purl.stanford.edu/gb096nn2129/iiif/manifest" }, "geometry": { "type": "Polygon", "coordinates": [ [ [ 139.75, 36.5000002 ], [ 140.0, 36.5000002 ], [ 140.0, 36.666667 ], [ 139.75, 36.666667 ], [ 139.75, 36.5000002 ] ] ] } },
{ "type": "Feature", "properties": { "Id": 0, "Sheet_ID": "宇都宮 2", "label": "宇都宮 2", "call_short": "G7960 S50 .K61", "call_num": "G7960 S50 .K61 NJ-54-30-2", "recid": "vx846qf6525", "websiteUrl": "https://purl.stanford.edu/vx846qf6525", "title": "[日本] 五万分一地形圖", "ckey": 9741696, "available": true, "iiifUrl": "https://purl.stanford.edu/vx846qf6525/iiif/manifest" }, "geometry": { "type": "Polygon", "coordinates": [ [ [ 139.75, 36.3333335 ], [ 140.0, 36.3333335 ], [ 140.0, 36.5000002 ], [ 139.75, 36.5000002 ], [ 139.75, 36.3333335 ] ] ] } },
{ "type": "Feature", "properties": { "Id": 0, "Sheet_ID": "宇都宮 12", "label": "宇都宮 12", "call_short": "G7960 S50 .K61", "call_num": "G7960 S50 .K61 NJ-54-30-12", "recid": "ck949ty1294", "websiteUrl": "https://purl.stanford.edu/ck949ty1294", "title": "[日本] 五万分一地形圖", "ckey": 9741696, "available": true, "iiifUrl": "https://purl.stanford.edu/ck949ty1294/iiif/manifest" }, "geometry": { "type": "Polygon", "coordinates": [ [ [ 139.25, 36.0 ], [ 139.5, 36.0 ], [ 139.5, 36.1666668 ], [ 139.25, 36.1666668 ], [ 139.25, 36.0 ] ] ] } },
{ "type": "Feature", "properties": { "Id": 0, "Sheet_ID": "宇都宮 15", "label": "宇都宮 15", "call_short": "G7960 S50 .K61", "call_num": "G7960 S50 .K61 NJ-54-30-15", "recid": "qk013tc5498", "websiteUrl": "https://purl.stanford.edu/qk013tc5498", "title": "[日本] 五万分一地形圖", "ckey": 9741696, "available": true, "iiifUrl": "https://purl.stanford.edu/qk013tc5498/iiif/manifest" }, "geometry": { "type": "Polygon", "coordinates": [ [ [ 139.0, 36.1666668 ], [ 139.25, 36.1666668 ], [ 139.25, 36.3333335 ], [ 139.0, 36.3333335 ], [ 139.0, 36.1666668 ] ] ] } },
{ "type": "Feature", "properties": { "Id": 0, "Sheet_ID": "日光 16", "label": "日光 16", "call_short": "G7960 S50 .K61", "call_num": "G7960 S50 .K61 NJ-54-29-16", "recid": "jk954dr2479", "websiteUrl": "https://purl.stanford.edu/jk954dr2479", "title": "[日本] 五万分一地形圖", "ckey": 9741696, "available": true, "iiifUrl": "https://purl.stanford.edu/jk954dr2479/iiif/manifest" }, "geometry": { "type": "Polygon", "coordinates": [ [ [ 139.0, 36.666667 ], [ 139.25, 36.666667 ], [ 139.25, 36.8333335 ], [ 139.0, 36.8333335 ], [ 139.0, 36.666667 ] ] ] } },
{ "type": "Feature", "properties": { "Id": 0, "Sheet_ID": "日光 12", "label": "日光 12", "call_short": "G7960 S50 .K61", "call_num": "G7960 S50 .K61 NJ-54-29-12", "recid": "bb692xt6448", "websiteUrl": "https://purl.stanford.edu/bb692xt6448", "title": "[日本] 五万分一地形圖", "ckey": 9741696, "available": true, "iiifUrl": "https://purl.stanford.edu/bb692xt6448/iiif/manifest" }, "geometry": { "type": "Polygon", "coordinates": [ [ [ 139.25, 36.666667 ], [ 139.5, 36.666667 ], [ 139.5, 36.8333335 ], [ 139.25, 36.8333335 ], [ 139.25, 36.666667 ] ] ] } },
{ "type": "Feature", "properties": { "Id": 0, "Sheet_ID": "日光 8", "label": "日光 8", "call_short": "G7960 S50 .K61", "call_num": "G7960 S50 .K61 NJ-54-29-8", "recid": "xp022yj9130", "websiteUrl": "https://purl.stanford.edu/xp022yj9130", "title": "[日本] 五万分一地形圖", "ckey": 9741696, "available": true, "iiifUrl": "https://purl.stanford.edu/xp022yj9130/iiif/manifest" }, "geometry": { "type": "Polygon", "coordinates": [ [ [ 139.5, 36.666667 ], [ 139.75, 36.666667 ], [ 139.75, 36.8333335 ], [ 139.5, 36.8333335 ], [ 139.5, 36.666667 ] ] ] } },
{ "type": "Feature", "properties": { "Id": 0, "Sheet_ID": "日光 4", "label": "日光 4", "call_short": "G7960 S50 .K61", "call_num": "G7960 S50 .K61 NJ-54-29-4", "recid": "fv491fk8275", "websiteUrl": "https://purl.stanford.edu/fv491fk8275", "title": "[日本] 五万分一地形圖", "ckey": 9741696, "available": true, "iiifUrl": "https://purl.stanford.edu/fv491fk8275/iiif/manifest" }, "geometry": { "type": "Polygon", "coordinates": [ [ [ 139.75, 36.666667 ], [ 140.0, 36.666667 ], [ 140.0, 36.8333335 ], [ 139.75, 36.8333335 ], [ 139.75, 36.666667 ] ] ] } },
{ "type": "Feature", "properties": { "Id": 0, "Sheet_ID": "日光 15", "label": "日光 15", "call_short": "G7960 S50 .K61", "call_num": "G7960 S50 .K61 NJ-54-29-15", "recid": "kw217kb0117", "websiteUrl": "https://purl.stanford.edu/kw217kb0117", "title": "[日本] 五万分一地形圖", "ckey": 9741696, "available": true, "iiifUrl": "https://purl.stanford.edu/kw217kb0117/iiif/manifest" }, "geometry": { "type": "Polygon", "coordinates": [ [ [ 139.0, 36.8333335 ], [ 139.25, 36.8333335 ], [ 139.25, 37.0 ], [ 139.0, 37.0 ], [ 139.0, 36.8333335 ] ] ] } },
{ "type": "Feature", "properties": { "Id": 0, "Sheet_ID": "日光 11", "label": "日光 11", "call_short": "G7960 S50 .K61", "call_num": "G7960 S50 .K61 NJ-54-29-11", "recid": "gn892pg8908", "websiteUrl": "https://purl.stanford.edu/gn892pg8908", "title": "[日本] 五万分一地形圖", "ckey": 9741696, "available": true, "iiifUrl": "https://purl.stanford.edu/gn892pg8908/iiif/manifest" }, "geometry": { "type": "Polygon", "coordinates": [ [ [ 139.25, 36.8333335 ], [ 139.5, 36.8333335 ], [ 139.5, 37.0 ], [ 139.25, 37.0 ], [ 139.25, 36.8333335 ] ] ] } },
{ "type": "Feature", "properties": { "Id": 0, "Sheet_ID": "日光 7 ED.2", "label": "日光 7 ED.2", "call_short": "G7960 S50 .K61", "call_num": "G7960 S50 .K61 NJ-54-29-7 ED.2", "recid": "rb314qf2013", "websiteUrl": "https://purl.stanford.edu/rb314qf2013", "title": "[日本] 五万分一地形圖", "ckey": 9741696, "available": true, "iiifUrl": "https://purl.stanford.edu/rb314qf2013/iiif/manifest" }, "geometry": { "type": "Polygon", "coordinates": [ [ [ 139.5, 36.8333335 ], [ 139.75, 36.8333335 ], [ 139.75, 37.0 ], [ 139.5, 37.0 ], [ 139.5, 36.8333335 ] ] ] } },
{ "type": "Feature", "properties": { "Id": 0, "Sheet_ID": "日光 3", "label": "日光 3", "call_short": "G7960 S50 .K61", "call_num": "G7960 S50 .K61 NJ-54-29-3", "recid": "ny951cs9847", "websiteUrl": "https://purl.stanford.edu/ny951cs9847", "title": "[日本] 五万分一地形圖", "ckey": 9741696, "available": true, "iiifUrl": "https://purl.stanford.edu/ny951cs9847/iiif/manifest" }, "geometry": { "type": "Polygon", "coordinates": [ [ [ 139.75, 36.8333335 ], [ 140.0, 36.8333335 ], [ 140.0, 37.0 ], [ 139.75, 37.0 ], [ 139.75, 36.8333335 ] ] ] } },
{ "type": "Feature", "properties": { "Id": 0, "Sheet_ID": "日光 14", "label": "日光 14", "call_short": "G7960 S50 .K61", "call_num": "G7960 S50 .K61 NJ-54-29-14", "recid": "vv106sx7359", "websiteUrl": "https://purl.stanford.edu/vv106sx7359", "title": "[日本] 五万分一地形圖", "ckey": 9741696, "available": true, "iiifUrl": "https://purl.stanford.edu/vv106sx7359/iiif/manifest" }, "geometry": { "type": "Polygon", "coordinates": [ [ [ 139.0, 37.0 ], [ 139.25, 37.0 ], [ 139.25, 37.1666665 ], [ 139.0, 37.1666665 ], [ 139.0, 37.0 ] ] ] } },
{ "type": "Feature", "properties": { "Id": 0, "Sheet_ID": "日光 10 ED.2", "label": "日光 10 ED.2", "call_short": "G7960 S50 .K61", "call_num": "G7960 S50 .K61 NJ-54-29-10 ED.2", "recid": "tt052pd4984", "websiteUrl": "https://purl.stanford.edu/tt052pd4984", "title": "[日本] 五万分一地形圖", "ckey": 9741696, "available": true, "iiifUrl": "https://purl.stanford.edu/tt052pd4984/iiif/manifest" }, "geometry": { "type": "Polygon", "coordinates": [ [ [ 139.25, 37.0 ], [ 139.5, 37.0 ], [ 139.5, 37.1666665 ], [ 139.25, 37.1666665 ], [ 139.25, 37.0 ] ] ] } },
{ "type": "Feature", "properties": { "Id": 0, "Sheet_ID": "日光 6", "label": "日光 6", "call_short": "G7960 S50 .K61", "call_num": "G7960 S50 .K61 NJ-54-29-6", "recid": "yk359pv4727", "websiteUrl": "https://purl.stanford.edu/yk359pv4727", "title": "[日本] 五万分一地形圖", "ckey": 9741696, "available": true, "iiifUrl": "https://purl.stanford.edu/yk359pv4727/iiif/manifest" }, "geometry": { "type": "Polygon", "coordinates": [ [ [ 139.5, 37.0 ], [ 139.75, 37.0 ], [ 139.75, 37.1666665 ], [ 139.5, 37.1666665 ], [ 139.5, 37.0 ] ] ] } },
{ "type": "Feature", "properties": { "Id": 0, "Sheet_ID": "日光 2", "label": "日光 2", "call_short": "G7960 S50 .K61", "call_num": "G7960 S50 .K61 NJ-54-29-2", "recid": "hw392xm8188", "websiteUrl": "https://purl.stanford.edu/hw392xm8188", "title": "[日本] 五万分一地形圖", "ckey": 9741696, "available": true, "iiifUrl": "https://purl.stanford.edu/hw392xm8188/iiif/manifest" }, "geometry": { "type": "Polygon", "coordinates": [ [ [ 139.75, 37.0 ], [ 140.0, 37.0 ], [ 140.0, 37.1666665 ], [ 139.75, 37.1666665 ], [ 139.75, 37.0 ] ] ] } },
{ "type": "Feature", "properties": { "Id": 0, "Sheet_ID": "日光 13", "label": "日光 13", "call_short": "G7960 S50 .K61", "call_num": "G7960 S50 .K61 NJ-54-29-13", "recid": "yp608fm4885", "websiteUrl": "https://purl.stanford.edu/yp608fm4885", "title": "[日本] 五万分一地形圖", "ckey": 9741696, "available": true, "iiifUrl": "https://purl.stanford.edu/yp608fm4885/iiif/manifest" }, "geometry": { "type": "Polygon", "coordinates": [ [ [ 139.0, 37.1666665 ], [ 139.25, 37.1666665 ], [ 139.25, 37.333333 ], [ 139.0, 37.333333 ], [ 139.0, 37.1666665 ] ] ] } },
{ "type": "Feature", "properties": { "Id": 0, "Sheet_ID": "日光 9", "label": "日光 9", "call_short": "G7960 S50 .K61", "call_num": "G7960 S50 .K61 NJ-54-29-9", "recid": "mp517fg3871", "websiteUrl": "https://purl.stanford.edu/mp517fg3871", "title": "[日本] 五万分一地形圖", "ckey": 9741696, "available": true, "iiifUrl": "https://purl.stanford.edu/mp517fg3871/iiif/manifest" }, "geometry": { "type": "Polygon", "coordinates": [ [ [ 139.25, 37.1666665 ], [ 139.5, 37.1666665 ], [ 139.5, 37.333333 ], [ 139.25, 37.333333 ], [ 139.25, 37.1666665 ] ] ] } },
{ "type": "Feature", "properties": { "Id": 0, "Sheet_ID": "日光 5", "label": "日光 5", "call_short": "G7960 S50 .K61", "call_num": "G7960 S50 .K61 NJ-54-29-5", "recid": "dw890wp4476", "websiteUrl": "https://purl.stanford.edu/dw890wp4476", "title": "[日本] 五万分一地形圖", "ckey": 9741696, "available": true, "iiifUrl": "https://purl.stanford.edu/dw890wp4476/iiif/manifest" }, "geometry": { "type": "Polygon", "coordinates": [ [ [ 139.5, 37.1666665 ], [ 139.75, 37.1666665 ], [ 139.75, 37.333333 ], [ 139.5, 37.333333 ], [ 139.5, 37.1666665 ] ] ] } },
{ "type": "Feature", "properties": { "Id": 0, "Sheet_ID": "日光 1", "label": "日光 1", "call_short": "G7960 S50 .K61", "call_num": "G7960 S50 .K61 NJ-54-29-1", "recid": "mz328ws1177", "websiteUrl": "https://purl.stanford.edu/mz328ws1177", "title": "[日本] 五万分一地形圖", "ckey": 9741696, "available": true, "iiifUrl": "https://purl.stanford.edu/mz328ws1177/iiif/manifest" }, "geometry": { "type": "Polygon", "coordinates": [ [ [ 139.75, 37.1666665 ], [ 140.0, 37.1666665 ], [ 140.0, 37.333333 ], [ 139.75, 37.333333 ], [ 139.75, 37.1666665 ] ] ] } },
{ "type": "Feature", "properties": { "Id": 0, "Sheet_ID": "日光 3 ED.2", "label": "日光 3 ED.2", "call_short": "G7960 S50 .K61", "call_num": "G7960 S50 .K61 NJ-54-29-3 ED.2", "recid": "tm880vq1165", "websiteUrl": "https://purl.stanford.edu/tm880vq1165", "title": "[日本] 五万分一地形圖", "ckey": 9741696, "available": true, "iiifUrl": "https://purl.stanford.edu/tm880vq1165/iiif/manifest" }, "geometry": { "type": "Polygon", "coordinates": [ [ [ 139.75, 36.8333335 ], [ 140.0, 36.8333335 ], [ 140.0, 37.0 ], [ 139.75, 37.0 ], [ 139.75, 36.8333335 ] ] ] } },
{ "type": "Feature", "properties": { "Id": 0, "Sheet_ID": "日光 7", "label": "日光 7", "call_short": "G7960 S50 .K61", "call_num": "G7960 S50 .K61 NJ-54-29-7", "recid": "fp382jv8644", "websiteUrl": "https://purl.stanford.edu/fp382jv8644", "title": "[日本] 五万分一地形圖", "ckey": 9741696, "available": true, "iiifUrl": "https://purl.stanford.edu/fp382jv8644/iiif/manifest" }, "geometry": { "type": "Polygon", "coordinates": [ [ [ 139.5, 36.8333335 ], [ 139.75, 36.8333335 ], [ 139.75, 37.0 ], [ 139.5, 37.0 ], [ 139.5, 36.8333335 ] ] ] } },
{ "type": "Feature", "properties": { "Id": 0, "Sheet_ID": "日光 10", "label": "日光 10", "call_short": "G7960 S50 .K61", "call_num": "G7960 S50 .K61 NJ-54-29-10", "recid": "pw731sy9652", "websiteUrl": "https://purl.stanford.edu/pw731sy9652", "title": "[日本] 五万分一地形圖", "ckey": 9741696, "available": true, "iiifUrl": "https://purl.stanford.edu/pw731sy9652/iiif/manifest" }, "geometry": { "type": "Polygon", "coordinates": [ [ [ 139.25, 37.0 ], [ 139.5, 37.0 ], [ 139.5, 37.1666665 ], [ 139.25, 37.1666665 ], [ 139.25, 37.0 ] ] ] } },
{ "type": "Feature", "properties": { "Id": 0, "Sheet_ID": "新潟 16", "label": "新潟 16", "call_short": "G7960 S50 .K61", "call_num": "G7960 S50 .K61 NJ-54-28-16", "recid": "rc160vt7511", "websiteUrl": "https://purl.stanford.edu/rc160vt7511", "title": "[日本] 五万分一地形圖", "ckey": 9741696, "available": true, "iiifUrl": "https://purl.stanford.edu/rc160vt7511/iiif/manifest" }, "geometry": { "type": "Polygon", "coordinates": [ [ [ 139.0, 37.333333 ], [ 139.25, 37.333333 ], [ 139.25, 37.4999998 ], [ 139.0, 37.4999998 ], [ 139.0, 37.333333 ] ] ] } },
{ "type": "Feature", "properties": { "Id": 0, "Sheet_ID": "新潟 12", "label": "新潟 12", "call_short": "G7960 S50 .K61", "call_num": "G7960 S50 .K61 NJ-54-28-12", "recid": "zg841tw3478", "websiteUrl": "https://purl.stanford.edu/zg841tw3478", "title": "[日本] 五万分一地形圖", "ckey": 9741696, "available": true, "iiifUrl": "https://purl.stanford.edu/zg841tw3478/iiif/manifest" }, "geometry": { "type": "Polygon", "coordinates": [ [ [ 139.25, 37.333333 ], [ 139.5, 37.333333 ], [ 139.5, 37.4999998 ], [ 139.25, 37.4999998 ], [ 139.25, 37.333333 ] ] ] } },
{ "type": "Feature", "properties": { "Id": 0, "Sheet_ID": "新潟 8 ED.2", "label": "新潟 8 ED.2", "call_short": "G7960 S50 .K61", "call_num": "G7960 S50 .K61 NJ-54-28-8 ED.2", "recid": "vh982hn8539", "websiteUrl": "https://purl.stanford.edu/vh982hn8539", "title": "[日本] 五万分一地形圖", "ckey": 9741696, "available": true, "iiifUrl": "https://purl.stanford.edu/vh982hn8539/iiif/manifest" }, "geometry": { "type": "Polygon", "coordinates": [ [ [ 139.5, 37.333333 ], [ 139.75, 37.333333 ], [ 139.75, 37.4999998 ], [ 139.5, 37.4999998 ], [ 139.5, 37.333333 ] ] ] } },
{ "type": "Feature", "properties": { "Id": 0, "Sheet_ID": "新潟 4", "label": "新潟 4", "call_short": "G7960 S50 .K61", "call_num": "G7960 S50 .K61 NJ-54-28-4", "recid": "dq152bx3663", "websiteUrl": "https://purl.stanford.edu/dq152bx3663", "title": "[日本] 五万分一地形圖", "ckey": 9741696, "available": true, "iiifUrl": "https://purl.stanford.edu/dq152bx3663/iiif/manifest" }, "geometry": { "type": "Polygon", "coordinates": [ [ [ 139.75, 37.333333 ], [ 140.0, 37.333333 ], [ 140.0, 37.4999998 ], [ 139.75, 37.4999998 ], [ 139.75, 37.333333 ] ] ] } },
{ "type": "Feature", "properties": { "Id": 0, "Sheet_ID": "新潟 15", "label": "新潟 15", "call_short": "0", "call_num": "0", "recid": "0", "websiteUrl": "0", "title": "0", "ckey": 0, "available": false, "iiifUrl": "0" }, "geometry": { "type": "Polygon", "coordinates": [ [ [ 139.0, 37.4999998 ], [ 139.25, 37.4999998 ], [ 139.25, 37.6666665 ], [ 139.0, 37.6666665 ], [ 139.0, 37.4999998 ] ] ] } },
{ "type": "Feature", "properties": { "Id": 0, "Sheet_ID": "新潟 11", "label": "新潟 11", "call_short": "G7960 S50 .K61", "call_num": "G7960 S50 .K61 NJ-54-28-11", "recid": "rg898ny0033", "websiteUrl": "https://purl.stanford.edu/rg898ny0033", "title": "[日本] 五万分一地形圖", "ckey": 9741696, "available": true, "iiifUrl": "https://purl.stanford.edu/rg898ny0033/iiif/manifest" }, "geometry": { "type": "Polygon", "coordinates": [ [ [ 139.25, 37.4999998 ], [ 139.5, 37.4999998 ], [ 139.5, 37.6666665 ], [ 139.25, 37.6666665 ], [ 139.25, 37.4999998 ] ] ] } },
{ "type": "Feature", "properties": { "Id": 0, "Sheet_ID": "新潟 7 ED.2", "label": "新潟 7 ED.2", "call_short": "G7960 S50 .K61", "call_num": "G7960 S50 .K61 NJ-54-28-7 ED.2", "recid": "hm185fn0013", "websiteUrl": "https://purl.stanford.edu/hm185fn0013", "title": "[日本] 五万分一地形圖", "ckey": 9741696, "available": true, "iiifUrl": "https://purl.stanford.edu/hm185fn0013/iiif/manifest" }, "geometry": { "type": "Polygon", "coordinates": [ [ [ 139.5, 37.4999998 ], [ 139.75, 37.4999998 ], [ 139.75, 37.6666665 ], [ 139.5, 37.6666665 ], [ 139.5, 37.4999998 ] ] ] } },
{ "type": "Feature", "properties": { "Id": 0, "Sheet_ID": "新潟 3", "label": "新潟 3", "call_short": "G7960 S50 .K61", "call_num": "G7960 S50 .K61 NJ-54-28-3", "recid": "qt900nx9960", "websiteUrl": "https://purl.stanford.edu/qt900nx9960", "title": "[日本] 五万分一地形圖", "ckey": 9741696, "available": true, "iiifUrl": "https://purl.stanford.edu/qt900nx9960/iiif/manifest" }, "geometry": { "type": "Polygon", "coordinates": [ [ [ 139.75, 37.4999998 ], [ 140.0, 37.4999998 ], [ 140.0, 37.6666665 ], [ 139.75, 37.6666665 ], [ 139.75, 37.4999998 ] ] ] } },
{ "type": "Feature", "properties": { "Id": 0, "Sheet_ID": "新潟 14", "label": "新潟 14", "call_short": "G7960 S50 .K61", "call_num": "G7960 S50 .K61 NJ-54-28-14", "recid": "bb701zt4027", "websiteUrl": "https://purl.stanford.edu/bb701zt4027", "title": "[日本] 五万分一地形圖", "ckey": 9741696, "available": true, "iiifUrl": "https://purl.stanford.edu/bb701zt4027/iiif/manifest" }, "geometry": { "type": "Polygon", "coordinates": [ [ [ 139.0, 37.6666665 ], [ 139.25, 37.6666665 ], [ 139.25, 37.8333333 ], [ 139.0, 37.8333333 ], [ 139.0, 37.6666665 ] ] ] } },
{ "type": "Feature", "properties": { "Id": 0, "Sheet_ID": "新潟 10", "label": "新潟 10", "call_short": "G7960 S50 .K61", "call_num": "G7960 S50 .K61 NJ-54-28-10", "recid": "rh528vx3938", "websiteUrl": "https://purl.stanford.edu/rh528vx3938", "title": "[日本] 五万分一地形圖", "ckey": 9741696, "available": true, "iiifUrl": "https://purl.stanford.edu/rh528vx3938/iiif/manifest" }, "geometry": { "type": "Polygon", "coordinates": [ [ [ 139.25, 37.6666665 ], [ 139.5, 37.6666665 ], [ 139.5, 37.8333333 ], [ 139.25, 37.8333333 ], [ 139.25, 37.6666665 ] ] ] } },
{ "type": "Feature", "properties": { "Id": 0, "Sheet_ID": "新潟 6", "label": "新潟 6", "call_short": "G7960 S50 .K61", "call_num": "G7960 S50 .K61 NJ-54-28-6", "recid": "yp930ky2847", "websiteUrl": "https://purl.stanford.edu/yp930ky2847", "title": "[日本] 五万分一地形圖", "ckey": 9741696, "available": true, "iiifUrl": "https://purl.stanford.edu/yp930ky2847/iiif/manifest" }, "geometry": { "type": "Polygon", "coordinates": [ [ [ 139.5, 37.6666665 ], [ 139.75, 37.6666665 ], [ 139.75, 37.8333333 ], [ 139.5, 37.8333333 ], [ 139.5, 37.6666665 ] ] ] } },
{ "type": "Feature", "properties": { "Id": 0, "Sheet_ID": "新潟 2", "label": "新潟 2", "call_short": "G7960 S50 .K61", "call_num": "G7960 S50 .K61 NJ-54-28-2", "recid": "fj844wc3197", "websiteUrl": "https://purl.stanford.edu/fj844wc3197", "title": "[日本] 五万分一地形圖", "ckey": 9741696, "available": true, "iiifUrl": "https://purl.stanford.edu/fj844wc3197/iiif/manifest" }, "geometry": { "type": "Polygon", "coordinates": [ [ [ 139.75, 37.6666665 ], [ 140.0, 37.6666665 ], [ 140.0, 37.8333333 ], [ 139.75, 37.8333333 ], [ 139.75, 37.6666665 ] ] ] } },
{ "type": "Feature", "properties": { "Id": 0, "Sheet_ID": "新潟 13", "label": "新潟 13", "call_short": "G7960 S50 .K61", "call_num": "G7960 S50 .K61 NJ-54-28-13", "recid": "wj924qj1386", "websiteUrl": "https://purl.stanford.edu/wj924qj1386", "title": "[日本] 五万分一地形圖", "ckey": 9741696, "available": true, "iiifUrl": "https://purl.stanford.edu/wj924qj1386/iiif/manifest" }, "geometry": { "type": "Polygon", "coordinates": [ [ [ 139.0, 37.8333333 ], [ 139.25, 37.8333333 ], [ 139.25, 38.0 ], [ 139.0, 38.0 ], [ 139.0, 37.8333333 ] ] ] } },
{ "type": "Feature", "properties": { "Id": 0, "Sheet_ID": "新潟 9", "label": "新潟 9", "call_short": "G7960 S50 .K61", "call_num": "G7960 S50 .K61 NJ-54-28-9", "recid": "pp142sf3121", "websiteUrl": "https://purl.stanford.edu/pp142sf3121", "title": "[日本] 五万分一地形圖", "ckey": 9741696, "available": true, "iiifUrl": "https://purl.stanford.edu/pp142sf3121/iiif/manifest" }, "geometry": { "type": "Polygon", "coordinates": [ [ [ 139.25, 37.8333333 ], [ 139.5, 37.8333333 ], [ 139.5, 38.0 ], [ 139.25, 38.0 ], [ 139.25, 37.8333333 ] ] ] } },
{ "type": "Feature", "properties": { "Id": 0, "Sheet_ID": "新潟 5", "label": "新潟 5", "call_short": "G7960 S50 .K61", "call_num": "G7960 S50 .K61 NJ-54-28-5", "recid": "jj265xp8093", "websiteUrl": "https://purl.stanford.edu/jj265xp8093", "title": "[日本] 五万分一地形圖", "ckey": 9741696, "available": true, "iiifUrl": "https://purl.stanford.edu/jj265xp8093/iiif/manifest" }, "geometry": { "type": "Polygon", "coordinates": [ [ [ 139.5, 37.8333333 ], [ 139.75, 37.8333333 ], [ 139.75, 38.0 ], [ 139.5, 38.0 ], [ 139.5, 37.8333333 ] ] ] } },
{ "type": "Feature", "properties": { "Id": 0, "Sheet_ID": "新潟 1", "label": "新潟 1", "call_short": "G7960 S50 .K61", "call_num": "G7960 S50 .K61 NJ-54-28-1", "recid": "km504sk3655", "websiteUrl": "https://purl.stanford.edu/km504sk3655", "title": "[日本] 五万分一地形圖", "ckey": 9741696, "available": true, "iiifUrl": "https://purl.stanford.edu/km504sk3655/iiif/manifest" }, "geometry": { "type": "Polygon", "coordinates": [ [ [ 139.75, 37.8333333 ], [ 140.0, 37.8333333 ], [ 140.0, 38.0 ], [ 139.75, 38.0 ], [ 139.75, 37.8333333 ] ] ] } },
{ "type": "Feature", "properties": { "Id": 0, "Sheet_ID": "新潟 1 ED.2", "label": "新潟 1 ED.2", "call_short": "G7960 S50 .K61", "call_num": "G7960 S50 .K61 NJ-54-28-1 ED.2", "recid": "yg123mn0590", "websiteUrl": "https://purl.stanford.edu/yg123mn0590", "title": "[日本] 五万分一地形圖", "ckey": 9741696, "available": true, "iiifUrl": "https://purl.stanford.edu/yg123mn0590/iiif/manifest" }, "geometry": { "type": "Polygon", "coordinates": [ [ [ 139.75, 37.8333333 ], [ 140.0, 37.8333333 ], [ 140.0, 38.0 ], [ 139.75, 38.0 ], [ 139.75, 37.8333333 ] ] ] } },
{ "type": "Feature", "properties": { "Id": 0, "Sheet_ID": "新潟 6 ED.2", "label": "新潟 6 ED.2", "call_short": "G7960 S50 .K61", "call_num": "G7960 S50 .K61 NJ-54-28-6 ED.2", "recid": "sj718xb2430", "websiteUrl": "https://purl.stanford.edu/sj718xb2430", "title": "[日本] 五万分一地形圖", "ckey": 9741696, "available": true, "iiifUrl": "https://purl.stanford.edu/sj718xb2430/iiif/manifest" }, "geometry": { "type": "Polygon", "coordinates": [ [ [ 139.5, 37.6666665 ], [ 139.75, 37.6666665 ], [ 139.75, 37.8333333 ], [ 139.5, 37.8333333 ], [ 139.5, 37.6666665 ] ] ] } },
{ "type": "Feature", "properties": { "Id": 0, "Sheet_ID": "新潟 7", "label": "新潟 7", "call_short": "G7960 S50 .K61", "call_num": "G7960 S50 .K61 NJ-54-28-7", "recid": "nx529ss0225", "websiteUrl": "https://purl.stanford.edu/nx529ss0225", "title": "[日本] 五万分一地形圖", "ckey": 9741696, "available": true, "iiifUrl": "https://purl.stanford.edu/nx529ss0225/iiif/manifest" }, "geometry": { "type": "Polygon", "coordinates": [ [ [ 139.5, 37.4999998 ], [ 139.75, 37.4999998 ], [ 139.75, 37.6666665 ], [ 139.5, 37.6666665 ], [ 139.5, 37.4999998 ] ] ] } },
{ "type": "Feature", "properties": { "Id": 0, "Sheet_ID": "新潟 8", "label": "新潟 8", "call_short": "G7960 S50 .K61", "call_num": "G7960 S50 .K61 NJ-54-28-8", "recid": "hz956sc1000", "websiteUrl": "https://purl.stanford.edu/hz956sc1000", "title": "[日本] 五万分一地形圖", "ckey": 9741696, "available": true, "iiifUrl": "https://purl.stanford.edu/hz956sc1000/iiif/manifest" }, "geometry": { "type": "Polygon", "coordinates": [ [ [ 139.5, 37.333333 ], [ 139.75, 37.333333 ], [ 139.75, 37.4999998 ], [ 139.5, 37.4999998 ], [ 139.5, 37.333333 ] ] ] } },
{ "type": "Feature", "properties": { "Id": 0, "Sheet_ID": "村上 12", "label": "村上 12", "call_short": "G7960 S50 .K61", "call_num": "G7960 S50 .K61 NJ-54-27-12", "recid": "nc255rw0684", "websiteUrl": "https://purl.stanford.edu/nc255rw0684", "title": "[日本] 五万分一地形圖", "ckey": 9741696, "available": true, "iiifUrl": "https://purl.stanford.edu/nc255rw0684/iiif/manifest" }, "geometry": { "type": "Polygon", "coordinates": [ [ [ 139.25, 38.0 ], [ 139.5, 38.0 ], [ 139.5, 38.1666667 ], [ 139.25, 38.1666667 ], [ 139.25, 38.0 ] ] ] } },
{ "type": "Feature", "properties": { "Id": 0, "Sheet_ID": "村上 8", "label": "村上 8", "call_short": "G7960 S50 .K61", "call_num": "G7960 S50 .K61 NJ-54-27-8", "recid": "nc305wj4314", "websiteUrl": "https://purl.stanford.edu/nc305wj4314", "title": "[日本] 五万分一地形圖", "ckey": 9741696, "available": true, "iiifUrl": "https://purl.stanford.edu/nc305wj4314/iiif/manifest" }, "geometry": { "type": "Polygon", "coordinates": [ [ [ 139.5, 38.0 ], [ 139.75, 38.0 ], [ 139.75, 38.1666667 ], [ 139.5, 38.1666667 ], [ 139.5, 38.0 ] ] ] } },
{ "type": "Feature", "properties": { "Id": 0, "Sheet_ID": "村上 4", "label": "村上 4", "call_short": "G7960 S50 .K61", "call_num": "G7960 S50 .K61 NJ-54-27-4", "recid": "gh751bf4143", "websiteUrl": "https://purl.stanford.edu/gh751bf4143", "title": "[日本] 五万分一地形圖", "ckey": 9741696, "available": true, "iiifUrl": "https://purl.stanford.edu/gh751bf4143/iiif/manifest" }, "geometry": { "type": "Polygon", "coordinates": [ [ [ 139.75, 38.0 ], [ 140.0, 38.0 ], [ 140.0, 38.1666667 ], [ 139.75, 38.1666667 ], [ 139.75, 38.0 ] ] ] } },
{ "type": "Feature", "properties": { "Id": 0, "Sheet_ID": "村上 11", "label": "村上 11", "call_short": "0", "call_num": "0", "recid": "0", "websiteUrl": "0", "title": "0", "ckey": 0, "available": false, "iiifUrl": "0" }, "geometry": { "type": "Polygon", "coordinates": [ [ [ 139.25, 38.1666667 ], [ 139.5, 38.1666667 ], [ 139.5, 38.3333335 ], [ 139.25, 38.3333335 ], [ 139.25, 38.1666667 ] ] ] } },
{ "type": "Feature", "properties": { "Id": 0, "Sheet_ID": "村上 7", "label": "村上 7", "call_short": "G7960 S50 .K61", "call_num": "G7960 S50 .K61 NJ-54-27-7", "recid": "bp358zr6881", "websiteUrl": "https://purl.stanford.edu/bp358zr6881", "title": "[日本] 五万分一地形圖", "ckey": 9741696, "available": true, "iiifUrl": "https://purl.stanford.edu/bp358zr6881/iiif/manifest" }, "geometry": { "type": "Polygon", "coordinates": [ [ [ 139.5, 38.1666667 ], [ 139.75, 38.1666667 ], [ 139.75, 38.3333335 ], [ 139.5, 38.3333335 ], [ 139.5, 38.1666667 ] ] ] } },
{ "type": "Feature", "properties": { "Id": 0, "Sheet_ID": "村上 3", "label": "村上 3", "call_short": "G7960 S50 .K61", "call_num": "G7960 S50 .K61 NJ-54-27-3", "recid": "ys855dp0405", "websiteUrl": "https://purl.stanford.edu/ys855dp0405", "title": "[日本] 五万分一地形圖", "ckey": 9741696, "available": true, "iiifUrl": "https://purl.stanford.edu/ys855dp0405/iiif/manifest" }, "geometry": { "type": "Polygon", "coordinates": [ [ [ 139.75, 38.1666667 ], [ 140.0, 38.1666667 ], [ 140.0, 38.3333335 ], [ 139.75, 38.3333335 ], [ 139.75, 38.1666667 ] ] ] } },
{ "type": "Feature", "properties": { "Id": 0, "Sheet_ID": "村上 14", "label": "村上 14", "call_short": "G7960 S50 .K61", "call_num": "G7960 S50 .K61 NJ-54-27-14", "recid": "qh673zb8594", "websiteUrl": "https://purl.stanford.edu/qh673zb8594", "title": "[日本] 五万分一地形圖", "ckey": 9741696, "available": true, "iiifUrl": "https://purl.stanford.edu/qh673zb8594/iiif/manifest" }, "geometry": { "type": "Polygon", "coordinates": [ [ [ 139.0, 38.3333335 ], [ 139.25, 38.3333335 ], [ 139.25, 38.5000002 ], [ 139.0, 38.5000002 ], [ 139.0, 38.3333335 ] ] ] } },
{ "type": "Feature", "properties": { "Id": 0, "Sheet_ID": "村上 10", "label": "村上 10", "call_short": "G7960 S50 .K61", "call_num": "G7960 S50 .K61 NJ-54-27-10", "recid": "xk168rq9311", "websiteUrl": "https://purl.stanford.edu/xk168rq9311", "title": "[日本] 五万分一地形圖", "ckey": 9741696, "available": true, "iiifUrl": "https://purl.stanford.edu/xk168rq9311/iiif/manifest" }, "geometry": { "type": "Polygon", "coordinates": [ [ [ 139.25, 38.3333335 ], [ 139.5, 38.3333335 ], [ 139.5, 38.5000002 ], [ 139.25, 38.5000002 ], [ 139.25, 38.3333335 ] ] ] } },
{ "type": "Feature", "properties": { "Id": 0, "Sheet_ID": "村上 6", "label": "村上 6", "call_short": "G7960 S50 .K61", "call_num": "G7960 S50 .K61 NJ-54-27-6", "recid": "hm504hc8563", "websiteUrl": "https://purl.stanford.edu/hm504hc8563", "title": "[日本] 五万分一地形圖", "ckey": 9741696, "available": true, "iiifUrl": "https://purl.stanford.edu/hm504hc8563/iiif/manifest" }, "geometry": { "type": "Polygon", "coordinates": [ [ [ 139.5, 38.3333335 ], [ 139.75, 38.3333335 ], [ 139.75, 38.5000002 ], [ 139.5, 38.5000002 ], [ 139.5, 38.3333335 ] ] ] } },
{ "type": "Feature", "properties": { "Id": 0, "Sheet_ID": "村上 2", "label": "村上 2", "call_short": "G7960 S50 .K61", "call_num": "G7960 S50 .K61 NJ-54-27-2", "recid": "bb163bz4133", "websiteUrl": "https://purl.stanford.edu/bb163bz4133", "title": "[日本] 五万分一地形圖", "ckey": 9741696, "available": true, "iiifUrl": "https://purl.stanford.edu/bb163bz4133/iiif/manifest" }, "geometry": { "type": "Polygon", "coordinates": [ [ [ 139.75, 38.3333335 ], [ 140.0, 38.3333335 ], [ 140.0, 38.5000002 ], [ 139.75, 38.5000002 ], [ 139.75, 38.3333335 ] ] ] } },
{ "type": "Feature", "properties": { "Id": 0, "Sheet_ID": "村上 5", "label": "村上 5", "call_short": "G7960 S50 .K61", "call_num": "G7960 S50 .K61 NJ-54-27-5", "recid": "bh692nf2306", "websiteUrl": "https://purl.stanford.edu/bh692nf2306", "title": "[日本] 五万分一地形圖", "ckey": 9741696, "available": true, "iiifUrl": "https://purl.stanford.edu/bh692nf2306/iiif/manifest" }, "geometry": { "type": "Polygon", "coordinates": [ [ [ 139.5, 38.5000002 ], [ 139.75, 38.5000002 ], [ 139.75, 38.666667 ], [ 139.5, 38.666667 ], [ 139.5, 38.5000002 ] ] ] } },
{ "type": "Feature", "properties": { "Id": 0, "Sheet_ID": "村上 1", "label": "村上 1", "call_short": "G7960 S50 .K61", "call_num": "G7960 S50 .K61 NJ-54-27-1", "recid": "by576bt1014", "websiteUrl": "https://purl.stanford.edu/by576bt1014", "title": "[日本] 五万分一地形圖", "ckey": 9741696, "available": true, "iiifUrl": "https://purl.stanford.edu/by576bt1014/iiif/manifest" }, "geometry": { "type": "Polygon", "coordinates": [ [ [ 139.75, 38.5000002 ], [ 140.0, 38.5000002 ], [ 140.0, 38.666667 ], [ 139.75, 38.666667 ], [ 139.75, 38.5000002 ] ] ] } },
{ "type": "Feature", "properties": { "Id": 0, "Sheet_ID": "酒田 8", "label": "酒田 8", "call_short": "G7960 S50 .K61", "call_num": "G7960 S50 .K61 NJ-54-26-8", "recid": "xb632tb4869", "websiteUrl": "https://purl.stanford.edu/xb632tb4869", "title": "[日本] 五万分一地形圖", "ckey": 9741696, "available": true, "iiifUrl": "https://purl.stanford.edu/xb632tb4869/iiif/manifest" }, "geometry": { "type": "Polygon", "coordinates": [ [ [ 139.5, 38.666667 ], [ 139.75, 38.666667 ], [ 139.75, 38.8333335 ], [ 139.5, 38.8333335 ], [ 139.5, 38.666667 ] ] ] } },
{ "type": "Feature", "properties": { "Id": 0, "Sheet_ID": "酒田 4 ED.2", "label": "酒田 4 ED.2", "call_short": "G7960 S50 .K61", "call_num": "G7960 S50 .K61 NJ-54-26-4 ED.2", "recid": "hc684bw9144", "websiteUrl": "https://purl.stanford.edu/hc684bw9144", "title": "[日本] 五万分一地形圖", "ckey": 9741696, "available": true, "iiifUrl": "https://purl.stanford.edu/hc684bw9144/iiif/manifest" }, "geometry": { "type": "Polygon", "coordinates": [ [ [ 139.75, 38.666667 ], [ 140.0, 38.666667 ], [ 140.0, 38.8333335 ], [ 139.75, 38.8333335 ], [ 139.75, 38.666667 ] ] ] } },
{ "type": "Feature", "properties": { "Id": 0, "Sheet_ID": "酒田 3", "label": "酒田 3", "call_short": "G7960 S50 .K61", "call_num": "G7960 S50 .K61 NJ-54-26-3", "recid": "vs939kf7443", "websiteUrl": "https://purl.stanford.edu/vs939kf7443", "title": "[日本] 五万分一地形圖", "ckey": 9741696, "available": true, "iiifUrl": "https://purl.stanford.edu/vs939kf7443/iiif/manifest" }, "geometry": { "type": "Polygon", "coordinates": [ [ [ 139.75, 38.8333335 ], [ 140.0, 38.8333335 ], [ 140.0, 39.0 ], [ 139.75, 39.0 ], [ 139.75, 38.8333335 ] ] ] } },
{ "type": "Feature", "properties": { "Id": 0, "Sheet_ID": "酒田 2", "label": "酒田 2", "call_short": "G7960 S50 .K61", "call_num": "G7960 S50 .K61 NJ-54-26-2", "recid": "rr211zs2303", "websiteUrl": "https://purl.stanford.edu/rr211zs2303", "title": "[日本] 五万分一地形圖", "ckey": 9741696, "available": true, "iiifUrl": "https://purl.stanford.edu/rr211zs2303/iiif/manifest" }, "geometry": { "type": "Polygon", "coordinates": [ [ [ 139.75, 39.0 ], [ 140.0, 39.0 ], [ 140.0, 39.1666665 ], [ 139.75, 39.1666665 ], [ 139.75, 39.0 ] ] ] } },
{ "type": "Feature", "properties": { "Id": 0, "Sheet_ID": "酒田 5", "label": "酒田 5", "call_short": "G7960 S50 .K61", "call_num": "G7960 S50 .K61 NJ-54-26-5", "recid": "rt633vh9343", "websiteUrl": "https://purl.stanford.edu/rt633vh9343", "title": "[日本] 五万分一地形圖", "ckey": 9741696, "available": true, "iiifUrl": "https://purl.stanford.edu/rt633vh9343/iiif/manifest" }, "geometry": { "type": "Polygon", "coordinates": [ [ [ 139.5, 39.1666665 ], [ 139.75, 39.1666665 ], [ 139.75, 39.333333 ], [ 139.5, 39.333333 ], [ 139.5, 39.1666665 ] ] ] } },
{ "type": "Feature", "properties": { "Id": 0, "Sheet_ID": "酒田 1", "label": "酒田 1", "call_short": "G7960 S50 .K61", "call_num": "G7960 S50 .K61 NJ-54-26-1", "recid": "fc709fb0092", "websiteUrl": "https://purl.stanford.edu/fc709fb0092", "title": "[日本] 五万分一地形圖", "ckey": 9741696, "available": true, "iiifUrl": "https://purl.stanford.edu/fc709fb0092/iiif/manifest" }, "geometry": { "type": "Polygon", "coordinates": [ [ [ 139.75, 39.1666665 ], [ 140.0, 39.1666665 ], [ 140.0, 39.333333 ], [ 139.75, 39.333333 ], [ 139.75, 39.1666665 ] ] ] } },
{ "type": "Feature", "properties": { "Id": 0, "Sheet_ID": "酒田 2 ED.2", "label": "酒田 2 ED.2", "call_short": "G7960 S50 .K61", "call_num": "G7960 S50 .K61 NJ-54-26-2 ED.2", "recid": "jx947vx3000", "websiteUrl": "https://purl.stanford.edu/jx947vx3000", "title": "[日本] 五万分一地形圖", "ckey": 9741696, "available": true, "iiifUrl": "https://purl.stanford.edu/jx947vx3000/iiif/manifest" }, "geometry": { "type": "Polygon", "coordinates": [ [ [ 139.75, 39.0 ], [ 140.0, 39.0 ], [ 140.0, 39.1666665 ], [ 139.75, 39.1666665 ], [ 139.75, 39.0 ] ] ] } },
{ "type": "Feature", "properties": { "Id": 0, "Sheet_ID": "酒田 4", "label": "酒田 4", "call_short": "G7960 S50 .K61", "call_num": "G7960 S50 .K61 NJ-54-26-4", "recid": "ty095jb8760", "websiteUrl": "https://purl.stanford.edu/ty095jb8760", "title": "[日本] 五万分一地形圖", "ckey": 9741696, "available": true, "iiifUrl": "https://purl.stanford.edu/ty095jb8760/iiif/manifest" }, "geometry": { "type": "Polygon", "coordinates": [ [ [ 139.75, 38.666667 ], [ 140.0, 38.666667 ], [ 140.0, 38.8333335 ], [ 139.75, 38.8333335 ], [ 139.75, 38.666667 ] ] ] } },
{ "type": "Feature", "properties": { "Id": 0, "Sheet_ID": "男鹿 5", "label": "男鹿 5", "call_short": "G7960 S50 .K61", "call_num": "G7960 S50 .K61 NJ-54-25-5", "recid": "pk908wr5559", "websiteUrl": "https://purl.stanford.edu/pk908wr5559", "title": "[日本] 五万分一地形圖", "ckey": 9741696, "available": true, "iiifUrl": "https://purl.stanford.edu/pk908wr5559/iiif/manifest" }, "geometry": { "type": "Polygon", "coordinates": [ [ [ 139.5, 39.833333 ], [ 139.75, 39.833333 ], [ 139.75, 40.0 ], [ 139.5, 40.0 ], [ 139.5, 39.833333 ] ] ] } },
{ "type": "Feature", "properties": { "Id": 0, "Sheet_ID": "男鹿 1", "label": "男鹿 1", "call_short": "G7960 S50 .K61", "call_num": "G7960 S50 .K61 NJ-54-25-1", "recid": "fs463gs0397", "websiteUrl": "https://purl.stanford.edu/fs463gs0397", "title": "[日本] 五万分一地形圖", "ckey": 9741696, "available": true, "iiifUrl": "https://purl.stanford.edu/fs463gs0397/iiif/manifest" }, "geometry": { "type": "Polygon", "coordinates": [ [ [ 139.75, 39.833333 ], [ 140.0, 39.833333 ], [ 140.0, 40.0 ], [ 139.75, 40.0 ], [ 139.75, 39.833333 ] ] ] } },
{ "type": "Feature", "properties": { "Id": 0, "Sheet_ID": "西郷 16", "label": "西郷 16", "call_short": "G7960 S50 .K61", "call_num": "G7960 S50 .K61 NJ-53-30-16", "recid": "rj131rt2133", "websiteUrl": "https://purl.stanford.edu/rj131rt2133", "title": "[日本] 五万分一地形圖", "ckey": 9741696, "available": true, "iiifUrl": "https://purl.stanford.edu/rj131rt2133/iiif/manifest" }, "geometry": { "type": "Polygon", "coordinates": [ [ [ 133.1, 35.99 ], [ 133.1, 36.0 ], [ 133.25, 36.0 ], [ 133.25, 36.1666668 ], [ 133.0, 36.1666668 ], [ 133.0, 36.0 ], [ 133.0, 35.99 ], [ 133.1, 35.99 ] ] ] } },
{ "type": "Feature", "properties": { "Id": 0, "Sheet_ID": "西郷 15 ED.2", "label": "西郷 15 ED.2", "call_short": "G7960 S50 .K61", "call_num": "G7960 S50 .K61 NJ-53-30-15 ED.2", "recid": "wb268dz0805", "websiteUrl": "https://purl.stanford.edu/wb268dz0805", "title": "[日本] 五万分一地形圖", "ckey": 9741696, "available": true, "iiifUrl": "https://purl.stanford.edu/wb268dz0805/iiif/manifest" }, "geometry": { "type": "Polygon", "coordinates": [ [ [ 133.0, 36.1666668 ], [ 133.25, 36.1666668 ], [ 133.25, 36.335 ], [ 133.0, 36.335 ], [ 133.0, 36.1666668 ] ] ] } },
{ "type": "Feature", "properties": { "Id": 0, "Sheet_ID": "西郷 11", "label": "西郷 11", "call_short": "G7960 S50 .K61", "call_num": "G7960 S50 .K61 NJ-53-30-11", "recid": "jv432cw8456", "websiteUrl": "https://purl.stanford.edu/jv432cw8456", "title": "[日本] 五万分一地形圖", "ckey": 9741696, "available": true, "iiifUrl": "https://purl.stanford.edu/jv432cw8456/iiif/manifest" }, "geometry": { "type": "Polygon", "coordinates": [ [ [ 133.3, 36.36 ], [ 133.25, 36.36 ], [ 133.25, 36.3333335 ], [ 133.25, 36.1666668 ], [ 133.25, 36.15 ], [ 133.28, 36.15 ], [ 133.28, 36.1666668 ], [ 133.5, 36.1666668 ], [ 133.5, 36.3333335 ], [ 133.3, 36.3333335 ], [ 133.3, 36.36 ] ] ] } },
{ "type": "Feature", "properties": { "Id": 0, "Sheet_ID": "西郷 16_西部", "label": "西郷 16_西部", "call_short": "G7960 S50 .K61", "call_num": "G7960 S50 .K61 NJ-53-30-16 WEST", "recid": "mq852yv2136", "websiteUrl": "https://purl.stanford.edu/mq852yv2136", "title": "[日本] 五万分一地形圖", "ckey": 9741696, "available": true, "iiifUrl": "https://purl.stanford.edu/mq852yv2136/iiif/manifest" }, "geometry": { "type": "Polygon", "coordinates": [ [ [ 133.0, 36.0 ], [ 133.0, 36.1666668 ], [ 132.75, 36.1666668 ], [ 132.75, 36.0 ], [ 133.0, 36.0 ] ] ] } },
{ "type": "Feature", "properties": { "Id": 0, "Sheet_ID": "西郷 15", "label": "西郷 15", "call_short": "G7960 S50 .K61", "call_num": "G7960 S50 .K61 NJ-53-30-15", "recid": "fw997fv6578", "websiteUrl": "https://purl.stanford.edu/fw997fv6578", "title": "[日本] 五万分一地形圖", "ckey": 9741696, "available": true, "iiifUrl": "https://purl.stanford.edu/fw997fv6578/iiif/manifest" }, "geometry": { "type": "Polygon", "coordinates": [ [ [ 133.0, 36.1666668 ], [ 133.25, 36.1666668 ], [ 133.25, 36.335 ], [ 133.0, 36.335 ], [ 133.0, 36.1666668 ] ] ] } },
{ "type": "Feature", "properties": { "Id": 0, "Sheet_ID": "西郷 16 ED.2", "label": "西郷 16 ED.2", "call_short": "G7960 S50 .K61", "call_num": "G7960 S50 .K61 NJ-53-30-16 ED.2", "recid": "hf938cy8162", "websiteUrl": "https://purl.stanford.edu/hf938cy8162", "title": "[日本] 五万分一地形圖", "ckey": 9741696, "available": true, "iiifUrl": "https://purl.stanford.edu/hf938cy8162/iiif/manifest" }, "geometry": { "type": "Polygon", "coordinates": [ [ [ 133.1, 35.99 ], [ 133.1, 36.0 ], [ 133.25, 36.0 ], [ 133.25, 36.1666668 ], [ 133.0, 36.1666668 ], [ 133.0, 36.0 ], [ 133.0, 35.99 ], [ 133.1, 35.99 ] ] ] } },
{ "type": "Feature", "properties": { "Id": 0, "Sheet_ID": "金澤 16", "label": "金澤 16", "call_short": "G7960 S50 .K61", "call_num": "G7960 S50 .K61 NJ-53-12-16", "recid": "bn040hw7417", "websiteUrl": "https://purl.stanford.edu/bn040hw7417", "title": "[日本] 五万分一地形圖", "ckey": 9741696, "available": true, "iiifUrl": "https://purl.stanford.edu/bn040hw7417/iiif/manifest" }, "geometry": { "type": "Polygon", "coordinates": [ [ [ 136.0, 36.0 ], [ 136.25, 36.0 ], [ 136.25, 36.1666667 ], [ 136.0, 36.1666667 ], [ 136.0, 36.0 ] ] ] } },
{ "type": "Feature", "properties": { "Id": 0, "Sheet_ID": "金澤 12", "label": "金澤 12", "call_short": "G7960 S50 .K61", "call_num": "G7960 S50 .K61 NJ-53-12-12", "recid": "pn550zq4438", "websiteUrl": "https://purl.stanford.edu/pn550zq4438", "title": "[日本] 五万分一地形圖", "ckey": 9741696, "available": true, "iiifUrl": "https://purl.stanford.edu/pn550zq4438/iiif/manifest" }, "geometry": { "type": "Polygon", "coordinates": [ [ [ 136.25, 36.0 ], [ 136.5, 36.0 ], [ 136.5, 36.1666667 ], [ 136.25, 36.1666667 ], [ 136.25, 36.0 ] ] ] } },
{ "type": "Feature", "properties": { "Id": 0, "Sheet_ID": "金澤 8", "label": "金澤 8", "call_short": "G7960 S50 .K61", "call_num": "G7960 S50 .K61 NJ-53-12-8", "recid": "cm343wn3964", "websiteUrl": "https://purl.stanford.edu/cm343wn3964", "title": "[日本] 五万分一地形圖", "ckey": 9741696, "available": true, "iiifUrl": "https://purl.stanford.edu/cm343wn3964/iiif/manifest" }, "geometry": { "type": "Polygon", "coordinates": [ [ [ 136.5, 36.0 ], [ 136.75, 36.0 ], [ 136.75, 36.1666667 ], [ 136.5, 36.1666667 ], [ 136.5, 36.0 ] ] ] } },
{ "type": "Feature", "properties": { "Id": 0, "Sheet_ID": "金澤 4", "label": "金澤 4", "call_short": "G7960 S50 .K61", "call_num": "G7960 S50 .K61 NJ-53-12-4", "recid": "wj221tg8596", "websiteUrl": "https://purl.stanford.edu/wj221tg8596", "title": "[日本] 五万分一地形圖", "ckey": 9741696, "available": true, "iiifUrl": "https://purl.stanford.edu/wj221tg8596/iiif/manifest" }, "geometry": { "type": "Polygon", "coordinates": [ [ [ 136.75, 36.0 ], [ 137.0, 36.0 ], [ 137.0, 36.1666667 ], [ 136.75, 36.1666667 ], [ 136.75, 36.0 ] ] ] } },
{ "type": "Feature", "properties": { "Id": 0, "Sheet_ID": "金澤 15", "label": "金澤 15", "call_short": "G7960 S50 .K61", "call_num": "G7960 S50 .K61 NJ-53-12-15", "recid": "cd060pb3062", "websiteUrl": "https://purl.stanford.edu/cd060pb3062", "title": "[日本] 五万分一地形圖", "ckey": 9741696, "available": true, "iiifUrl": "https://purl.stanford.edu/cd060pb3062/iiif/manifest" }, "geometry": { "type": "Polygon", "coordinates": [ [ [ 136.0, 36.1666667 ], [ 136.25, 36.1666667 ], [ 136.25, 36.3333335 ], [ 136.0, 36.3333335 ], [ 136.0, 36.1666667 ] ] ] } },
{ "type": "Feature", "properties": { "Id": 0, "Sheet_ID": "金澤 11", "label": "金澤 11", "call_short": "G7960 S50 .K61", "call_num": "G7960 S50 .K61 NJ-53-12-11", "recid": "bz687jx2553", "websiteUrl": "https://purl.stanford.edu/bz687jx2553", "title": "[日本] 五万分一地形圖", "ckey": 9741696, "available": true, "iiifUrl": "https://purl.stanford.edu/bz687jx2553/iiif/manifest" }, "geometry": { "type": "Polygon", "coordinates": [ [ [ 136.25, 36.1666667 ], [ 136.5, 36.1666667 ], [ 136.5, 36.3333335 ], [ 136.25, 36.3333335 ], [ 136.25, 36.1666667 ] ] ] } },
{ "type": "Feature", "properties": { "Id": 0, "Sheet_ID": "金澤 7", "label": "金澤 7", "call_short": "G7960 S50 .K61", "call_num": "G7960 S50 .K61 NJ-53-12-7", "recid": "fk038tc9364", "websiteUrl": "https://purl.stanford.edu/fk038tc9364", "title": "[日本] 五万分一地形圖", "ckey": 9741696, "available": true, "iiifUrl": "https://purl.stanford.edu/fk038tc9364/iiif/manifest" }, "geometry": { "type": "Polygon", "coordinates": [ [ [ 136.5, 36.1666667 ], [ 136.75, 36.1666667 ], [ 136.75, 36.3333335 ], [ 136.5, 36.3333335 ], [ 136.5, 36.1666667 ] ] ] } },
{ "type": "Feature", "properties": { "Id": 0, "Sheet_ID": "金澤 3", "label": "金澤 3", "call_short": "G7960 S50 .K61", "call_num": "G7960 S50 .K61 NJ-53-12-3", "recid": "qp402vg8555", "websiteUrl": "https://purl.stanford.edu/qp402vg8555", "title": "[日本] 五万分一地形圖", "ckey": 9741696, "available": true, "iiifUrl": "https://purl.stanford.edu/qp402vg8555/iiif/manifest" }, "geometry": { "type": "Polygon", "coordinates": [ [ [ 136.75, 36.1666667 ], [ 137.0, 36.1666667 ], [ 137.0, 36.3333335 ], [ 136.75, 36.3333335 ], [ 136.75, 36.1666667 ] ] ] } },
{ "type": "Feature", "properties": { "Id": 0, "Sheet_ID": "金澤 10 ED.2", "label": "金澤 10 ED.2", "call_short": "G7960 S50 .K61", "call_num": "G7960 S50 .K61 NJ-53-12-10 ED.2", "recid": "rw245jp7027", "websiteUrl": "https://purl.stanford.edu/rw245jp7027", "title": "[日本] 五万分一地形圖", "ckey": 9741696, "available": true, "iiifUrl": "https://purl.stanford.edu/rw245jp7027/iiif/manifest" }, "geometry": { "type": "Polygon", "coordinates": [ [ [ 136.5, 36.3333335 ], [ 136.5, 36.5000002 ], [ 136.5, 36.51 ], [ 136.49, 36.51 ], [ 136.49, 36.5000002 ], [ 136.25, 36.5000002 ], [ 136.25, 36.3333335 ], [ 136.5, 36.3333335 ] ] ] } },
{ "type": "Feature", "properties": { "Id": 0, "Sheet_ID": "金澤 6 ED.2", "label": "金澤 6 ED.2", "call_short": "G7960 S50 .K61", "call_num": "G7960 S50 .K61 NJ-53-12-6 ED.2", "recid": "kb843jy4787", "websiteUrl": "https://purl.stanford.edu/kb843jy4787", "title": "[日本] 五万分一地形圖", "ckey": 9741696, "available": true, "iiifUrl": "https://purl.stanford.edu/kb843jy4787/iiif/manifest" }, "geometry": { "type": "Polygon", "coordinates": [ [ [ 136.5, 36.3333335 ], [ 136.75, 36.3333335 ], [ 136.75, 36.5000002 ], [ 136.5, 36.5000002 ], [ 136.5, 36.3333335 ] ] ] } },
{ "type": "Feature", "properties": { "Id": 0, "Sheet_ID": "金澤 2", "label": "金澤 2", "call_short": "G7960 S50 .K61", "call_num": "G7960 S50 .K61 NJ-53-12-2", "recid": "hd139qd1654", "websiteUrl": "https://purl.stanford.edu/hd139qd1654", "title": "[日本] 五万分一地形圖", "ckey": 9741696, "available": true, "iiifUrl": "https://purl.stanford.edu/hd139qd1654/iiif/manifest" }, "geometry": { "type": "Polygon", "coordinates": [ [ [ 136.75, 36.3333335 ], [ 137.0, 36.3333335 ], [ 137.0, 36.5000002 ], [ 136.75, 36.5000002 ], [ 136.75, 36.3333335 ] ] ] } },
{ "type": "Feature", "properties": { "Id": 0, "Sheet_ID": "金澤 5", "label": "金澤 5", "call_short": "G7960 S50 .K61", "call_num": "G7960 S50 .K61 NJ-53-12-5", "recid": "sx424rh8152", "websiteUrl": "https://purl.stanford.edu/sx424rh8152", "title": "[日本] 五万分一地形圖", "ckey": 9741696, "available": true, "iiifUrl": "https://purl.stanford.edu/sx424rh8152/iiif/manifest" }, "geometry": { "type": "Polygon", "coordinates": [ [ [ 136.5, 36.5000002 ], [ 136.75, 36.5000002 ], [ 136.75, 36.666667 ], [ 136.5, 36.666667 ], [ 136.5, 36.5000002 ] ] ] } },
{ "type": "Feature", "properties": { "Id": 0, "Sheet_ID": "金澤 1", "label": "金澤 1", "call_short": "G7960 S50 .K61", "call_num": "G7960 S50 .K61 NJ-53-12-1", "recid": "hr728jy8864", "websiteUrl": "https://purl.stanford.edu/hr728jy8864", "title": "[日本] 五万分一地形圖", "ckey": 9741696, "available": true, "iiifUrl": "https://purl.stanford.edu/hr728jy8864/iiif/manifest" }, "geometry": { "type": "Polygon", "coordinates": [ [ [ 136.75, 36.5000002 ], [ 137.0, 36.5000002 ], [ 137.0, 36.666667 ], [ 136.75, 36.666667 ], [ 136.75, 36.5000002 ] ] ] } },
{ "type": "Feature", "properties": { "Id": 0, "Sheet_ID": "金澤 16_西部", "label": "金澤 16_西部", "call_short": "G7960 S50 .K61", "call_num": "G7960 S50 .K61 NJ-53-12-16 WEST", "recid": "vz023qx5454", "websiteUrl": "https://purl.stanford.edu/vz023qx5454", "title": "[日本] 五万分一地形圖", "ckey": 9741696, "available": true, "iiifUrl": "https://purl.stanford.edu/vz023qx5454/iiif/manifest" }, "geometry": { "type": "Polygon", "coordinates": [ [ [ 136.0, 36.0 ], [ 136.0, 36.1666668 ], [ 135.75, 36.1666668 ], [ 135.75, 36.0 ], [ 136.0, 36.0 ] ] ] } },
{ "type": "Feature", "properties": { "Id": 0, "Sheet_ID": "金澤 3 ED.2", "label": "金澤 3 ED.2", "call_short": "G7960 S50 .K61", "call_num": "G7960 S50 .K61 NJ-53-12-3 ED.2", "recid": "rs207np4424", "websiteUrl": "https://purl.stanford.edu/rs207np4424", "title": "[日本] 五万分一地形圖", "ckey": 9741696, "available": true, "iiifUrl": "https://purl.stanford.edu/rs207np4424/iiif/manifest" }, "geometry": { "type": "Polygon", "coordinates": [ [ [ 136.75, 36.1666668 ], [ 137.0, 36.1666668 ], [ 137.0, 36.3333335 ], [ 136.75, 36.3333335 ], [ 136.75, 36.1666668 ] ] ] } },
{ "type": "Feature", "properties": { "Id": 0, "Sheet_ID": "金澤 6", "label": "金澤 6", "call_short": "G7960 S50 .K61", "call_num": "G7960 S50 .K61 NJ-53-12-6", "recid": "gh922ny8922", "websiteUrl": "https://purl.stanford.edu/gh922ny8922", "title": "[日本] 五万分一地形圖", "ckey": 9741696, "available": true, "iiifUrl": "https://purl.stanford.edu/gh922ny8922/iiif/manifest" }, "geometry": { "type": "Polygon", "coordinates": [ [ [ 136.5, 36.3333335 ], [ 136.75, 36.3333335 ], [ 136.75, 36.5000002 ], [ 136.5, 36.5000002 ], [ 136.5, 36.3333335 ] ] ] } },
{ "type": "Feature", "properties": { "Id": 0, "Sheet_ID": "金澤 10", "label": "金澤 10", "call_short": "G7960 S50 .K61", "call_num": "G7960 S50 .K61 NJ-53-12-10", "recid": "yw497kz3659", "websiteUrl": "https://purl.stanford.edu/yw497kz3659", "title": "[日本] 五万分一地形圖", "ckey": 9741696, "available": true, "iiifUrl": "https://purl.stanford.edu/yw497kz3659/iiif/manifest" }, "geometry": { "type": "Polygon", "coordinates": [ [ [ 136.5, 36.3333335 ], [ 136.5, 36.5000002 ], [ 136.5, 36.51 ], [ 136.49, 36.51 ], [ 136.49, 36.5000002 ], [ 136.25, 36.5000002 ], [ 136.25, 36.3333335 ], [ 136.5, 36.3333335 ] ] ] } },
{ "type": "Feature", "properties": { "Id": 0, "Sheet_ID": "七尾 8", "label": "七尾 8", "call_short": "G7960 S50 .K61", "call_num": "G7960 S50 .K61 NJ-53-11-8", "recid": "pm974mv1165", "websiteUrl": "https://purl.stanford.edu/pm974mv1165", "title": "[日本] 五万分一地形圖", "ckey": 9741696, "available": true, "iiifUrl": "https://purl.stanford.edu/pm974mv1165/iiif/manifest" }, "geometry": { "type": "Polygon", "coordinates": [ [ [ 136.5, 36.666667 ], [ 136.75, 36.666667 ], [ 136.75, 36.8333335 ], [ 136.5, 36.8333335 ], [ 136.5, 36.666667 ] ] ] } },
{ "type": "Feature", "properties": { "Id": 0, "Sheet_ID": "七尾 4", "label": "七尾 4", "call_short": "G7960 S50 .K61", "call_num": "G7960 S50 .K61 NJ-53-11-4", "recid": "ct262jx5192", "websiteUrl": "https://purl.stanford.edu/ct262jx5192", "title": "[日本] 五万分一地形圖", "ckey": 9741696, "available": true, "iiifUrl": "https://purl.stanford.edu/ct262jx5192/iiif/manifest" }, "geometry": { "type": "Polygon", "coordinates": [ [ [ 136.75, 36.666667 ], [ 137.0, 36.666667 ], [ 137.0, 36.8333335 ], [ 136.75, 36.8333335 ], [ 136.75, 36.666667 ] ] ] } },
{ "type": "Feature", "properties": { "Id": 0, "Sheet_ID": "七尾 3", "label": "七尾 3", "call_short": "G7960 S50 .K61", "call_num": "G7960 S50 .K61 NJ-53-11-3", "recid": "zp462mf5577", "websiteUrl": "https://purl.stanford.edu/zp462mf5577", "title": "[日本] 五万分一地形圖", "ckey": 9741696, "available": true, "iiifUrl": "https://purl.stanford.edu/zp462mf5577/iiif/manifest" }, "geometry": { "type": "Polygon", "coordinates": [ [ [ 136.75, 36.8333335 ], [ 137.0, 36.8333335 ], [ 137.0, 37.0 ], [ 136.75, 37.0 ], [ 136.75, 36.8333335 ] ] ] } },
{ "type": "Feature", "properties": { "Id": 0, "Sheet_ID": "七尾 6", "label": "七尾 6", "call_short": "G7960 S50 .K61", "call_num": "G7960 S50 .K61 NJ-53-11-6", "recid": "bj118ky1425", "websiteUrl": "https://purl.stanford.edu/bj118ky1425", "title": "[日本] 五万分一地形圖", "ckey": 9741696, "available": true, "iiifUrl": "https://purl.stanford.edu/bj118ky1425/iiif/manifest" }, "geometry": { "type": "Polygon", "coordinates": [ [ [ 136.5, 37.0 ], [ 136.75, 37.0 ], [ 136.75, 37.1666665 ], [ 136.5, 37.1666665 ], [ 136.5, 37.0 ] ] ] } },
{ "type": "Feature", "properties": { "Id": 0, "Sheet_ID": "七尾 2", "label": "七尾 2", "call_short": "G7960 S50 .K61", "call_num": "G7960 S50 .K61 NJ-53-11-2", "recid": "cy693bj0646", "websiteUrl": "https://purl.stanford.edu/cy693bj0646", "title": "[日本] 五万分一地形圖", "ckey": 9741696, "available": true, "iiifUrl": "https://purl.stanford.edu/cy693bj0646/iiif/manifest" }, "geometry": { "type": "Polygon", "coordinates": [ [ [ 136.75, 37.0 ], [ 137.0, 37.0 ], [ 137.0, 37.1666665 ], [ 136.75, 37.1666665 ], [ 136.75, 37.0 ] ] ] } },
{ "type": "Feature", "properties": { "Id": 0, "Sheet_ID": "七尾 5 ED.2", "label": "七尾 5 ED.2", "call_short": "G7960 S50 .K61", "call_num": "G7960 S50 .K61 NJ-53-11-5 ED.2", "recid": "tb780cw8623", "websiteUrl": "https://purl.stanford.edu/tb780cw8623", "title": "[日本] 五万分一地形圖", "ckey": 9741696, "available": true, "iiifUrl": "https://purl.stanford.edu/tb780cw8623/iiif/manifest" }, "geometry": { "type": "Polygon", "coordinates": [ [ [ 136.5, 37.1666665 ], [ 136.75, 37.1666665 ], [ 136.75, 37.333333 ], [ 136.5, 37.333333 ], [ 136.5, 37.1666665 ] ] ] } },
{ "type": "Feature", "properties": { "Id": 0, "Sheet_ID": "七尾 1", "label": "七尾 1", "call_short": "G7960 S50 .K61", "call_num": "G7960 S50 .K61 NJ-53-11-1", "recid": "kh897jj0449", "websiteUrl": "https://purl.stanford.edu/kh897jj0449", "title": "[日本] 五万分一地形圖", "ckey": 9741696, "available": true, "iiifUrl": "https://purl.stanford.edu/kh897jj0449/iiif/manifest" }, "geometry": { "type": "Polygon", "coordinates": [ [ [ 136.75, 37.1666665 ], [ 137.0, 37.1666665 ], [ 137.0, 37.333333 ], [ 136.75, 37.333333 ], [ 136.75, 37.1666665 ] ] ] } },
{ "type": "Feature", "properties": { "Id": 0, "Sheet_ID": "七尾 4 ED.2", "label": "七尾 4 ED.2", "call_short": "G7960 S50 .K61", "call_num": "G7960 S50 .K61 NJ-53-11-4 ED.2", "recid": "wq987bw9272", "websiteUrl": "https://purl.stanford.edu/wq987bw9272", "title": "[日本] 五万分一地形圖", "ckey": 9741696, "available": true, "iiifUrl": "https://purl.stanford.edu/wq987bw9272/iiif/manifest" }, "geometry": { "type": "Polygon", "coordinates": [ [ [ 136.75, 36.666667 ], [ 137.0, 36.666667 ], [ 137.0, 36.8333335 ], [ 136.75, 36.8333335 ], [ 136.75, 36.666667 ] ] ] } },
{ "type": "Feature", "properties": { "Id": 0, "Sheet_ID": "七尾 5", "label": "七尾 5", "call_short": "G7960 S50 .K61", "call_num": "G7960 S50 .K61 NJ-53-11-5", "recid": "hr356qc8131", "websiteUrl": "https://purl.stanford.edu/hr356qc8131", "title": "[日本] 五万分一地形圖", "ckey": 9741696, "available": true, "iiifUrl": "https://purl.stanford.edu/hr356qc8131/iiif/manifest" }, "geometry": { "type": "Polygon", "coordinates": [ [ [ 136.5, 37.1666665 ], [ 136.75, 37.1666665 ], [ 136.75, 37.333333 ], [ 136.5, 37.333333 ], [ 136.5, 37.1666665 ] ] ] } },
{ "type": "Feature", "properties": { "Id": 0, "Sheet_ID": "輪島 4", "label": "輪島 4", "call_short": "G7960 S50 .K61", "call_num": "G7960 S50 .K61 NJ-53-10-4", "recid": "bg454sy0545", "websiteUrl": "https://purl.stanford.edu/bg454sy0545", "title": "[日本] 五万分一地形圖", "ckey": 9741696, "available": true, "iiifUrl": "https://purl.stanford.edu/bg454sy0545/iiif/manifest" }, "geometry": { "type": "Polygon", "coordinates": [ [ [ 136.75, 37.333333 ], [ 137.0, 37.333333 ], [ 137.0, 37.4999998 ], [ 136.75, 37.4999998 ], [ 136.75, 37.333333 ] ] ] } },
{ "type": "Feature", "properties": { "Id": 0, "Sheet_ID": "輪島 3", "label": "輪島 3", "call_short": "G7960 S50 .K61", "call_num": "G7960 S50 .K61 NJ-53-10-3", "recid": "gr186rh7096", "websiteUrl": "https://purl.stanford.edu/gr186rh7096", "title": "[日本] 五万分一地形圖", "ckey": 9741696, "available": true, "iiifUrl": "https://purl.stanford.edu/gr186rh7096/iiif/manifest" }, "geometry": { "type": "Polygon", "coordinates": [ [ [ 136.75, 37.4999998 ], [ 137.0, 37.4999998 ], [ 137.0, 37.6666665 ], [ 136.75, 37.6666665 ], [ 136.75, 37.4999998 ] ] ] } },
{ "type": "Feature", "properties": { "Id": 0, "Sheet_ID": "輪島 1", "label": "輪島 1", "call_short": "G7960 S50 .K61", "call_num": "G7960 S50 .K61 NJ-53-10-1", "recid": "sn317zs6633", "websiteUrl": "https://purl.stanford.edu/sn317zs6633", "title": "[日本] 五万分一地形圖", "ckey": 9741696, "available": true, "iiifUrl": "https://purl.stanford.edu/sn317zs6633/iiif/manifest" }, "geometry": { "type": "Polygon", "coordinates": [ [ [ 136.75, 37.8333333 ], [ 137.0, 37.8333333 ], [ 137.0, 38.0 ], [ 136.75, 38.0 ], [ 136.75, 37.8333333 ] ] ] } },
{ "type": "Feature", "properties": { "Id": 0, "Sheet_ID": "高山 16", "label": "高山 16", "call_short": "G7960 S50 .K61", "call_num": "G7960 S50 .K61 NJ-53-6-16", "recid": "dg571gg6822", "websiteUrl": "https://purl.stanford.edu/dg571gg6822", "title": "[日本] 五万分一地形圖", "ckey": 9741696, "available": true, "iiifUrl": "https://purl.stanford.edu/dg571gg6822/iiif/manifest" }, "geometry": { "type": "Polygon", "coordinates": [ [ [ 137.0, 36.0 ], [ 137.25, 36.0 ], [ 137.25, 36.1666667 ], [ 137.0, 36.1666667 ], [ 137.0, 36.0 ] ] ] } },
{ "type": "Feature", "properties": { "Id": 0, "Sheet_ID": "高山 12", "label": "高山 12", "call_short": "G7960 S50 .K61", "call_num": "G7960 S50 .K61 NJ-53-6-12", "recid": "pj696jc4434", "websiteUrl": "https://purl.stanford.edu/pj696jc4434", "title": "[日本] 五万分一地形圖", "ckey": 9741696, "available": true, "iiifUrl": "https://purl.stanford.edu/pj696jc4434/iiif/manifest" }, "geometry": { "type": "Polygon", "coordinates": [ [ [ 137.25, 36.0 ], [ 137.5, 36.0 ], [ 137.5, 36.1666667 ], [ 137.25, 36.1666667 ], [ 137.25, 36.0 ] ] ] } },
{ "type": "Feature", "properties": { "Id": 0, "Sheet_ID": "高山 8", "label": "高山 8", "call_short": "G7960 S50 .K61", "call_num": "G7960 S50 .K61 NJ-53-6-8", "recid": "dc389vr9612", "websiteUrl": "https://purl.stanford.edu/dc389vr9612", "title": "[日本] 五万分一地形圖", "ckey": 9741696, "available": true, "iiifUrl": "https://purl.stanford.edu/dc389vr9612/iiif/manifest" }, "geometry": { "type": "Polygon", "coordinates": [ [ [ 137.5, 36.0 ], [ 137.75, 36.0 ], [ 137.75, 36.1666667 ], [ 137.5, 36.1666667 ], [ 137.5, 36.0 ] ] ] } },
{ "type": "Feature", "properties": { "Id": 0, "Sheet_ID": "高山 4", "label": "高山 4", "call_short": "G7960 S50 .K61", "call_num": "G7960 S50 .K61 NJ-53-6-4", "recid": "gc015jy5170", "websiteUrl": "https://purl.stanford.edu/gc015jy5170", "title": "[日本] 五万分一地形圖", "ckey": 9741696, "available": true, "iiifUrl": "https://purl.stanford.edu/gc015jy5170/iiif/manifest" }, "geometry": { "type": "Polygon", "coordinates": [ [ [ 137.75, 36.0 ], [ 138.0, 36.0 ], [ 138.0, 36.1666667 ], [ 137.75, 36.1666667 ], [ 137.75, 36.0 ] ] ] } },
{ "type": "Feature", "properties": { "Id": 0, "Sheet_ID": "高山 15", "label": "高山 15", "call_short": "G7960 S50 .K61", "call_num": "G7960 S50 .K61 NJ-53-6-15", "recid": "sw130fw3979", "websiteUrl": "https://purl.stanford.edu/sw130fw3979", "title": "[日本] 五万分一地形圖", "ckey": 9741696, "available": true, "iiifUrl": "https://purl.stanford.edu/sw130fw3979/iiif/manifest" }, "geometry": { "type": "Polygon", "coordinates": [ [ [ 137.0, 36.1666667 ], [ 137.25, 36.1666667 ], [ 137.25, 36.3333335 ], [ 137.0, 36.3333335 ], [ 137.0, 36.1666667 ] ] ] } },
{ "type": "Feature", "properties": { "Id": 0, "Sheet_ID": "高山 11", "label": "高山 11", "call_short": "G7960 S50 .K61", "call_num": "G7960 S50 .K61 NJ-53-6-11", "recid": "wq885xj4668", "websiteUrl": "https://purl.stanford.edu/wq885xj4668", "title": "[日本] 五万分一地形圖", "ckey": 9741696, "available": true, "iiifUrl": "https://purl.stanford.edu/wq885xj4668/iiif/manifest" }, "geometry": { "type": "Polygon", "coordinates": [ [ [ 137.25, 36.1666667 ], [ 137.5, 36.1666667 ], [ 137.5, 36.3333335 ], [ 137.25, 36.3333335 ], [ 137.25, 36.1666667 ] ] ] } },
{ "type": "Feature", "properties": { "Id": 0, "Sheet_ID": "高山 7", "label": "高山 7", "call_short": "G7960 S50 .K61", "call_num": "G7960 S50 .K61 NJ-53-6-7", "recid": "sk396cb2262", "websiteUrl": "https://purl.stanford.edu/sk396cb2262", "title": "[日本] 五万分一地形圖", "ckey": 9741696, "available": true, "iiifUrl": "https://purl.stanford.edu/sk396cb2262/iiif/manifest" }, "geometry": { "type": "Polygon", "coordinates": [ [ [ 137.5, 36.1666667 ], [ 137.75, 36.1666667 ], [ 137.75, 36.3333335 ], [ 137.5, 36.3333335 ], [ 137.5, 36.1666667 ] ] ] } },
{ "type": "Feature", "properties": { "Id": 0, "Sheet_ID": "高山 3 ED.2", "label": "高山 3 ED.2", "call_short": "G7960 S50 .K61", "call_num": "G7960 S50 .K61 NJ-53-6-3 ED.2", "recid": "ng432vh6231", "websiteUrl": "https://purl.stanford.edu/ng432vh6231", "title": "[日本] 五万分一地形圖", "ckey": 9741696, "available": true, "iiifUrl": "https://purl.stanford.edu/ng432vh6231/iiif/manifest" }, "geometry": { "type": "Polygon", "coordinates": [ [ [ 137.75, 36.1666667 ], [ 138.0, 36.1666667 ], [ 138.0, 36.3333335 ], [ 137.75, 36.3333335 ], [ 137.75, 36.1666667 ] ] ] } },
{ "type": "Feature", "properties": { "Id": 0, "Sheet_ID": "高山 14", "label": "高山 14", "call_short": "G7960 S50 .K61", "call_num": "G7960 S50 .K61 NJ-53-6-14", "recid": "kv564ys8672", "websiteUrl": "https://purl.stanford.edu/kv564ys8672", "title": "[日本] 五万分一地形圖", "ckey": 9741696, "available": true, "iiifUrl": "https://purl.stanford.edu/kv564ys8672/iiif/manifest" }, "geometry": { "type": "Polygon", "coordinates": [ [ [ 137.0, 36.3333335 ], [ 137.25, 36.3333335 ], [ 137.25, 36.5000002 ], [ 137.0, 36.5000002 ], [ 137.0, 36.3333335 ] ] ] } },
{ "type": "Feature", "properties": { "Id": 0, "Sheet_ID": "高山 10", "label": "高山 10", "call_short": "G7960 S50 .K61", "call_num": "G7960 S50 .K61 NJ-53-6-10", "recid": "dz310kg0525", "websiteUrl": "https://purl.stanford.edu/dz310kg0525", "title": "[日本] 五万分一地形圖", "ckey": 9741696, "available": true, "iiifUrl": "https://purl.stanford.edu/dz310kg0525/iiif/manifest" }, "geometry": { "type": "Polygon", "coordinates": [ [ [ 137.25, 36.3333335 ], [ 137.5, 36.3333335 ], [ 137.5, 36.5000002 ], [ 137.25, 36.5000002 ], [ 137.25, 36.3333335 ] ] ] } },
{ "type": "Feature", "properties": { "Id": 0, "Sheet_ID": "高山 6", "label": "高山 6", "call_short": "G7960 S50 .K61", "call_num": "G7960 S50 .K61 NJ-53-6-6", "recid": "dq464sh1860", "websiteUrl": "https://purl.stanford.edu/dq464sh1860", "title": "[日本] 五万分一地形圖", "ckey": 9741696, "available": true, "iiifUrl": "https://purl.stanford.edu/dq464sh1860/iiif/manifest" }, "geometry": { "type": "Polygon", "coordinates": [ [ [ 137.5, 36.3333335 ], [ 137.75, 36.3333335 ], [ 137.75, 36.5000002 ], [ 137.5, 36.5000002 ], [ 137.5, 36.3333335 ] ] ] } },
{ "type": "Feature", "properties": { "Id": 0, "Sheet_ID": "高山 2", "label": "高山 2", "call_short": "G7960 S50 .K61", "call_num": "G7960 S50 .K61 NJ-53-6-2", "recid": "tb605gk5346", "websiteUrl": "https://purl.stanford.edu/tb605gk5346", "title": "[日本] 五万分一地形圖", "ckey": 9741696, "available": true, "iiifUrl": "https://purl.stanford.edu/tb605gk5346/iiif/manifest" }, "geometry": { "type": "Polygon", "coordinates": [ [ [ 137.75, 36.3333335 ], [ 138.0, 36.3333335 ], [ 138.0, 36.5000002 ], [ 137.75, 36.5000002 ], [ 137.75, 36.3333335 ] ] ] } },
{ "type": "Feature", "properties": { "Id": 0, "Sheet_ID": "高山 13", "label": "高山 13", "call_short": "G7960 S50 .K61", "call_num": "G7960 S50 .K61 NJ-53-6-13", "recid": "pr872wp1794", "websiteUrl": "https://purl.stanford.edu/pr872wp1794", "title": "[日本] 五万分一地形圖", "ckey": 9741696, "available": true, "iiifUrl": "https://purl.stanford.edu/pr872wp1794/iiif/manifest" }, "geometry": { "type": "Polygon", "coordinates": [ [ [ 137.0, 36.5000002 ], [ 137.25, 36.5000002 ], [ 137.25, 36.666667 ], [ 137.0, 36.666667 ], [ 137.0, 36.5000002 ] ] ] } },
{ "type": "Feature", "properties": { "Id": 0, "Sheet_ID": "高山 9", "label": "高山 9", "call_short": "G7960 S50 .K61", "call_num": "G7960 S50 .K61 NJ-53-6-9", "recid": "vf201hr2572", "websiteUrl": "https://purl.stanford.edu/vf201hr2572", "title": "[日本] 五万分一地形圖", "ckey": 9741696, "available": true, "iiifUrl": "https://purl.stanford.edu/vf201hr2572/iiif/manifest" }, "geometry": { "type": "Polygon", "coordinates": [ [ [ 137.25, 36.5000002 ], [ 137.5, 36.5000002 ], [ 137.5, 36.666667 ], [ 137.25, 36.666667 ], [ 137.25, 36.5000002 ] ] ] } },
{ "type": "Feature", "properties": { "Id": 0, "Sheet_ID": "高山 5", "label": "高山 5", "call_short": "G7960 S50 .K61", "call_num": "G7960 S50 .K61 NJ-53-6-5", "recid": "qh062ms9900", "websiteUrl": "https://purl.stanford.edu/qh062ms9900", "title": "[日本] 五万分一地形圖", "ckey": 9741696, "available": true, "iiifUrl": "https://purl.stanford.edu/qh062ms9900/iiif/manifest" }, "geometry": { "type": "Polygon", "coordinates": [ [ [ 137.5, 36.5000002 ], [ 137.75, 36.5000002 ], [ 137.75, 36.666667 ], [ 137.5, 36.666667 ], [ 137.5, 36.5000002 ] ] ] } },
{ "type": "Feature", "properties": { "Id": 0, "Sheet_ID": "高山 1", "label": "高山 1", "call_short": "G7960 S50 .K61", "call_num": "G7960 S50 .K61 NJ-53-6-1", "recid": "ym982jf8029", "websiteUrl": "https://purl.stanford.edu/ym982jf8029", "title": "[日本] 五万分一地形圖", "ckey": 9741696, "available": true, "iiifUrl": "https://purl.stanford.edu/ym982jf8029/iiif/manifest" }, "geometry": { "type": "Polygon", "coordinates": [ [ [ 137.75, 36.5000002 ], [ 138.0, 36.5000002 ], [ 138.0, 36.666667 ], [ 137.75, 36.666667 ], [ 137.75, 36.5000002 ] ] ] } },
{ "type": "Feature", "properties": { "Id": 0, "Sheet_ID": "高山 1 ED.2", "label": "高山 1 ED.2", "call_short": "G7960 S50 .K61", "call_num": "G7960 S50 .K61 NJ-53-6-1 ED.2", "recid": "tx788mw1006", "websiteUrl": "https://purl.stanford.edu/tx788mw1006", "title": "[日本] 五万分一地形圖", "ckey": 9741696, "available": true, "iiifUrl": "https://purl.stanford.edu/tx788mw1006/iiif/manifest" }, "geometry": { "type": "Polygon", "coordinates": [ [ [ 137.75, 36.5000002 ], [ 138.0, 36.5000002 ], [ 138.0, 36.666667 ], [ 137.75, 36.666667 ], [ 137.75, 36.5000002 ] ] ] } },
{ "type": "Feature", "properties": { "Id": 0, "Sheet_ID": "高山 3", "label": "高山 3", "call_short": "G7960 S50 .K61", "call_num": "G7960 S50 .K61 NJ-53-6-3", "recid": "ms639md2746", "websiteUrl": "https://purl.stanford.edu/ms639md2746", "title": "[日本] 五万分一地形圖", "ckey": 9741696, "available": true, "iiifUrl": "https://purl.stanford.edu/ms639md2746/iiif/manifest" }, "geometry": { "type": "Polygon", "coordinates": [ [ [ 137.75, 36.1666668 ], [ 138.0, 36.1666668 ], [ 138.0, 36.3333335 ], [ 137.75, 36.3333335 ], [ 137.75, 36.1666668 ] ] ] } },
{ "type": "Feature", "properties": { "Id": 0, "Sheet_ID": "高山 6 ED.2", "label": "高山 6 ED.2", "call_short": "G7960 S50 .K61", "call_num": "G7960 S50 .K61 NJ-53-6-6 ED.2", "recid": "fs552nc6122", "websiteUrl": "https://purl.stanford.edu/fs552nc6122", "title": "[日本] 五万分一地形圖", "ckey": 9741696, "available": true, "iiifUrl": "https://purl.stanford.edu/fs552nc6122/iiif/manifest" }, "geometry": { "type": "Polygon", "coordinates": [ [ [ 137.5, 36.3333335 ], [ 137.75, 36.3333335 ], [ 137.75, 36.5000002 ], [ 137.5, 36.5000002 ], [ 137.5, 36.3333335 ] ] ] } },
{ "type": "Feature", "properties": { "Id": 0, "Sheet_ID": "富山 16", "label": "富山 16", "call_short": "G7960 S50 .K61", "call_num": "G7960 S50 .K61 NJ-53-5-16", "recid": "ck241rf1089", "websiteUrl": "https://purl.stanford.edu/ck241rf1089", "title": "[日本] 五万分一地形圖", "ckey": 9741696, "available": true, "iiifUrl": "https://purl.stanford.edu/ck241rf1089/iiif/manifest" }, "geometry": { "type": "Polygon", "coordinates": [ [ [ 137.0, 36.666667 ], [ 137.25, 36.666667 ], [ 137.25, 36.8333335 ], [ 137.0, 36.8333335 ], [ 137.0, 36.666667 ] ] ] } },
{ "type": "Feature", "properties": { "Id": 0, "Sheet_ID": "富山 12", "label": "富山 12", "call_short": "G7960 S50 .K61", "call_num": "G7960 S50 .K61 NJ-53-5-12", "recid": "qy043dm1027", "websiteUrl": "https://purl.stanford.edu/qy043dm1027", "title": "[日本] 五万分一地形圖", "ckey": 9741696, "available": true, "iiifUrl": "https://purl.stanford.edu/qy043dm1027/iiif/manifest" }, "geometry": { "type": "Polygon", "coordinates": [ [ [ 137.25, 36.666667 ], [ 137.5, 36.666667 ], [ 137.5, 36.8333335 ], [ 137.25, 36.8333335 ], [ 137.25, 36.666667 ] ] ] } },
{ "type": "Feature", "properties": { "Id": 0, "Sheet_ID": "富山 8", "label": "富山 8", "call_short": "G7960 S50 .K61", "call_num": "G7960 S50 .K61 NJ-53-5-8", "recid": "kx984wc1797", "websiteUrl": "https://purl.stanford.edu/kx984wc1797", "title": "[日本] 五万分一地形圖", "ckey": 9741696, "available": true, "iiifUrl": "https://purl.stanford.edu/kx984wc1797/iiif/manifest" }, "geometry": { "type": "Polygon", "coordinates": [ [ [ 137.5, 36.666667 ], [ 137.75, 36.666667 ], [ 137.75, 36.8333335 ], [ 137.5, 36.8333335 ], [ 137.5, 36.666667 ] ] ] } },
{ "type": "Feature", "properties": { "Id": 0, "Sheet_ID": "富山 4", "label": "富山 4", "call_short": "G7960 S50 .K61", "call_num": "G7960 S50 .K61 NJ-53-5-4", "recid": "hd738fx5911", "websiteUrl": "https://purl.stanford.edu/hd738fx5911", "title": "[日本] 五万分一地形圖", "ckey": 9741696, "available": true, "iiifUrl": "https://purl.stanford.edu/hd738fx5911/iiif/manifest" }, "geometry": { "type": "Polygon", "coordinates": [ [ [ 137.75, 36.666667 ], [ 138.0, 36.666667 ], [ 138.0, 36.8333335 ], [ 137.75, 36.8333335 ], [ 137.75, 36.666667 ] ] ] } },
{ "type": "Feature", "properties": { "Id": 0, "Sheet_ID": "富山 15", "label": "富山 15", "call_short": "G7960 S50 .K61", "call_num": "G7960 S50 .K61 NJ-53-5-15", "recid": "fb668cr7175", "websiteUrl": "https://purl.stanford.edu/fb668cr7175", "title": "[日本] 五万分一地形圖", "ckey": 9741696, "available": true, "iiifUrl": "https://purl.stanford.edu/fb668cr7175/iiif/manifest" }, "geometry": { "type": "Polygon", "coordinates": [ [ [ 137.0, 36.8333335 ], [ 137.25, 36.8333335 ], [ 137.25, 37.0 ], [ 137.0, 37.0 ], [ 137.0, 36.8333335 ] ] ] } },
{ "type": "Feature", "properties": { "Id": 0, "Sheet_ID": "富山 11 ED.2", "label": "富山 11 ED.2", "call_short": "G7960 S50 .K61", "call_num": "G7960 S50 .K61 NJ-53-5-11 ED.2", "recid": "wz472xc3613", "websiteUrl": "https://purl.stanford.edu/wz472xc3613", "title": "[日本] 五万分一地形圖", "ckey": 9741696, "available": true, "iiifUrl": "https://purl.stanford.edu/wz472xc3613/iiif/manifest" }, "geometry": { "type": "Polygon", "coordinates": [ [ [ 137.25, 36.8333335 ], [ 137.5, 36.8333335 ], [ 137.5, 37.0 ], [ 137.25, 37.0 ], [ 137.25, 36.8333335 ] ] ] } },
{ "type": "Feature", "properties": { "Id": 0, "Sheet_ID": "富山 7", "label": "富山 7", "call_short": "G7960 S50 .K61", "call_num": "G7960 S50 .K61 NJ-53-5-7", "recid": "wb331cc0063", "websiteUrl": "https://purl.stanford.edu/wb331cc0063", "title": "[日本] 五万分一地形圖", "ckey": 9741696, "available": true, "iiifUrl": "https://purl.stanford.edu/wb331cc0063/iiif/manifest" }, "geometry": { "type": "Polygon", "coordinates": [ [ [ 137.5, 36.8333335 ], [ 137.75, 36.8333335 ], [ 137.75, 37.0 ], [ 137.5, 37.0 ], [ 137.5, 36.8333335 ] ] ] } },
{ "type": "Feature", "properties": { "Id": 0, "Sheet_ID": "富山 3", "label": "富山 3", "call_short": "G7960 S50 .K61", "call_num": "G7960 S50 .K61 NJ-53-5-3", "recid": "rz174ys2889", "websiteUrl": "https://purl.stanford.edu/rz174ys2889", "title": "[日本] 五万分一地形圖", "ckey": 9741696, "available": true, "iiifUrl": "https://purl.stanford.edu/rz174ys2889/iiif/manifest" }, "geometry": { "type": "Polygon", "coordinates": [ [ [ 137.75, 36.8333335 ], [ 138.0, 36.8333335 ], [ 138.0, 37.0 ], [ 137.75, 37.0 ], [ 137.75, 36.8333335 ] ] ] } },
{ "type": "Feature", "properties": { "Id": 0, "Sheet_ID": "富山 14", "label": "富山 14", "call_short": "G7960 S50 .K61", "call_num": "G7960 S50 .K61 NJ-53-5-14", "recid": "pn890rz0484", "websiteUrl": "https://purl.stanford.edu/pn890rz0484", "title": "[日本] 五万分一地形圖", "ckey": 9741696, "available": true, "iiifUrl": "https://purl.stanford.edu/pn890rz0484/iiif/manifest" }, "geometry": { "type": "Polygon", "coordinates": [ [ [ 137.0, 37.0 ], [ 137.25, 37.0 ], [ 137.25, 37.1666665 ], [ 137.0, 37.1666665 ], [ 137.0, 37.0 ] ] ] } },
{ "type": "Feature", "properties": { "Id": 0, "Sheet_ID": "富山 2", "label": "富山 2", "call_short": "G7960 S50 .K61", "call_num": "G7960 S50 .K61 NJ-53-5-2", "recid": "dd976ss7074", "websiteUrl": "https://purl.stanford.edu/dd976ss7074", "title": "[日本] 五万分一地形圖", "ckey": 9741696, "available": true, "iiifUrl": "https://purl.stanford.edu/dd976ss7074/iiif/manifest" }, "geometry": { "type": "Polygon", "coordinates": [ [ [ 137.75, 37.0 ], [ 138.0, 37.0 ], [ 138.0, 37.1666665 ], [ 137.75, 37.1666665 ], [ 137.75, 37.0 ] ] ] } },
{ "type": "Feature", "properties": { "Id": 0, "Sheet_ID": "富山 13", "label": "富山 13", "call_short": "G7960 S50 .K61", "call_num": "G7960 S50 .K61 NJ-53-5-13", "recid": "hz354zw7757", "websiteUrl": "https://purl.stanford.edu/hz354zw7757", "title": "[日本] 五万分一地形圖", "ckey": 9741696, "available": true, "iiifUrl": "https://purl.stanford.edu/hz354zw7757/iiif/manifest" }, "geometry": { "type": "Polygon", "coordinates": [ [ [ 137.0, 37.1666665 ], [ 137.25, 37.1666665 ], [ 137.25, 37.333333 ], [ 137.0, 37.333333 ], [ 137.0, 37.1666665 ] ] ] } },
{ "type": "Feature", "properties": { "Id": 0, "Sheet_ID": "富山 11", "label": "富山 11", "call_short": "G7960 S50 .K61", "call_num": "G7960 S50 .K61 NJ-53-5-11", "recid": "bs416tf9373", "websiteUrl": "https://purl.stanford.edu/bs416tf9373", "title": "[日本] 五万分一地形圖", "ckey": 9741696, "available": true, "iiifUrl": "https://purl.stanford.edu/bs416tf9373/iiif/manifest" }, "geometry": { "type": "Polygon", "coordinates": [ [ [ 137.25, 36.8333335 ], [ 137.5, 36.8333335 ], [ 137.5, 37.0 ], [ 137.25, 37.0 ], [ 137.25, 36.8333335 ] ] ] } },
{ "type": "Feature", "properties": { "Id": 0, "Sheet_ID": "珠洲岬 16", "label": "珠洲岬 16", "call_short": "G7960 S50 .K61", "call_num": "G7960 S50 .K61 NJ-53-4-16", "recid": "fz942ns0484", "websiteUrl": "https://purl.stanford.edu/fz942ns0484", "title": "[日本] 五万分一地形圖", "ckey": 9741696, "available": true, "iiifUrl": "https://purl.stanford.edu/fz942ns0484/iiif/manifest" }, "geometry": { "type": "Polygon", "coordinates": [ [ [ 137.0, 37.333333 ], [ 137.25, 37.333333 ], [ 137.25, 37.4999998 ], [ 137.0, 37.4999998 ], [ 137.0, 37.333333 ] ] ] } },
{ "type": "Feature", "properties": { "Id": 0, "Sheet_ID": "珠洲岬 12", "label": "珠洲岬 12", "call_short": "G7960 S50 .K61", "call_num": "G7960 S50 .K61 NJ-53-4-12", "recid": "jd893mj7750", "websiteUrl": "https://purl.stanford.edu/jd893mj7750", "title": "[日本] 五万分一地形圖", "ckey": 9741696, "available": true, "iiifUrl": "https://purl.stanford.edu/jd893mj7750/iiif/manifest" }, "geometry": { "type": "Polygon", "coordinates": [ [ [ 137.25, 37.333333 ], [ 137.5, 37.333333 ], [ 137.5, 37.4999998 ], [ 137.25, 37.4999998 ], [ 137.25, 37.333333 ] ] ] } },
{ "type": "Feature", "properties": { "Id": 0, "Sheet_ID": "珠洲岬 15", "label": "珠洲岬 15", "call_short": "G7960 S50 .K61", "call_num": "G7960 S50 .K61 NJ-53-4-15", "recid": "gk642mh4116", "websiteUrl": "https://purl.stanford.edu/gk642mh4116", "title": "[日本] 五万分一地形圖", "ckey": 9741696, "available": true, "iiifUrl": "https://purl.stanford.edu/gk642mh4116/iiif/manifest" }, "geometry": { "type": "Polygon", "coordinates": [ [ [ 137.0, 37.4999998 ], [ 137.25, 37.4999998 ], [ 137.25, 37.6666665 ], [ 137.0, 37.6666665 ], [ 137.0, 37.4999998 ] ] ] } },
{ "type": "Feature", "properties": { "Id": 0, "Sheet_ID": "珠洲岬 11", "label": "珠洲岬 11", "call_short": "G7960 S50 .K61", "call_num": "G7960 S50 .K61 NJ-53-4-11", "recid": "fn282fm3821", "websiteUrl": "https://purl.stanford.edu/fn282fm3821", "title": "[日本] 五万分一地形圖", "ckey": 9741696, "available": true, "iiifUrl": "https://purl.stanford.edu/fn282fm3821/iiif/manifest" }, "geometry": { "type": "Polygon", "coordinates": [ [ [ 137.25, 37.4999998 ], [ 137.5, 37.4999998 ], [ 137.5, 37.6666665 ], [ 137.25, 37.6666665 ], [ 137.25, 37.4999998 ] ] ] } },
{ "type": "Feature", "properties": { "Id": 0, "Sheet_ID": "珠洲岬 12 ED.2", "label": "珠洲岬 12 ED.2", "call_short": "G7960 S50 .K61", "call_num": "G7960 S50 .K61 NJ-53-4-12 ED.2", "recid": "tt968sg9351", "websiteUrl": "https://purl.stanford.edu/tt968sg9351", "title": "[日本] 五万分一地形圖", "ckey": 9741696, "available": true, "iiifUrl": "https://purl.stanford.edu/tt968sg9351/iiif/manifest" }, "geometry": { "type": "Polygon", "coordinates": [ [ [ 137.25, 37.333333 ], [ 137.5, 37.333333 ], [ 137.5, 37.4999998 ], [ 137.25, 37.4999998 ], [ 137.25, 37.333333 ] ] ] } },
{ "type": "Feature", "properties": { "Id": 0, "Sheet_ID": "神子元島 13", "label": "神子元島 13", "call_short": "G7960 S50 .K61", "call_num": "G7960 S50 .K61 NI-54-33-13", "recid": "sr504yp5720", "websiteUrl": "https://purl.stanford.edu/sr504yp5720", "title": "[日本] 五万分一地形圖", "ckey": 9741696, "available": true, "iiifUrl": "https://purl.stanford.edu/sr504yp5720/iiif/manifest" }, "geometry": { "type": "Polygon", "coordinates": [ [ [ 138.0, 34.5000002 ], [ 138.25, 34.5000002 ], [ 138.25, 34.666667 ], [ 138.0, 34.666667 ], [ 138.0, 34.5000002 ] ] ] } },
{ "type": "Feature", "properties": { "Id": 0, "Sheet_ID": "神子元島 1", "label": "神子元島 1", "call_short": "G7960 S50 .K61", "call_num": "G7960 S50 .K61 NI-54-33-1", "recid": "bb284df4131", "websiteUrl": "https://purl.stanford.edu/bb284df4131", "title": "[日本] 五万分一地形圖", "ckey": 9741696, "available": true, "iiifUrl": "https://purl.stanford.edu/bb284df4131/iiif/manifest" }, "geometry": { "type": "Polygon", "coordinates": [ [ [ 138.75, 34.5000002 ], [ 139.0, 34.5000002 ], [ 139.0, 34.666667 ], [ 138.75, 34.666667 ], [ 138.75, 34.5000002 ] ] ] } },
{ "type": "Feature", "properties": { "Id": 0, "Sheet_ID": "神子元島 1 ED.2", "label": "神子元島 1 ED.2", "call_short": "G7960 S50 .K61", "call_num": "G7960 S50 .K61 NI-54-33-1 ED.2", "recid": "xc700hw7312", "websiteUrl": "https://purl.stanford.edu/xc700hw7312", "title": "[日本] 五万分一地形圖", "ckey": 9741696, "available": true, "iiifUrl": "https://purl.stanford.edu/xc700hw7312/iiif/manifest" }, "geometry": { "type": "Polygon", "coordinates": [ [ [ 138.75, 34.5000002 ], [ 139.0, 34.5000002 ], [ 139.0, 34.666667 ], [ 138.75, 34.666667 ], [ 138.75, 34.5000002 ] ] ] } },
{ "type": "Feature", "properties": { "Id": 0, "Sheet_ID": "静岡 16 ITEM 2", "label": "静岡 16 ITEM 2", "call_short": "G7960 S50 .K61", "call_num": "G7960 S50 .K61 NI-54-32-16", "recid": "wt474xd1980", "websiteUrl": "https://purl.stanford.edu/wt474xd1980", "title": "[日本] 五万分一地形圖", "ckey": 9741696, "available": true, "iiifUrl": "https://purl.stanford.edu/wt474xd1980/iiif/manifest" }, "geometry": { "type": "Polygon", "coordinates": [ [ [ 138.0, 34.666667 ], [ 138.25, 34.666667 ], [ 138.25, 34.8333335 ], [ 138.0, 34.8333335 ], [ 138.0, 34.666667 ] ] ] } },
{ "type": "Feature", "properties": { "Id": 0, "Sheet_ID": "静岡 12", "label": "静岡 12", "call_short": "G7960 S50 .K61", "call_num": "G7960 S50 .K61 NI-54-32-12", "recid": "gt070wq3953", "websiteUrl": "https://purl.stanford.edu/gt070wq3953", "title": "[日本] 五万分一地形圖", "ckey": 9741696, "available": true, "iiifUrl": "https://purl.stanford.edu/gt070wq3953/iiif/manifest" }, "geometry": { "type": "Polygon", "coordinates": [ [ [ 138.25, 34.666667 ], [ 138.5, 34.666667 ], [ 138.5, 34.8333335 ], [ 138.25, 34.8333335 ], [ 138.25, 34.666667 ] ] ] } },
{ "type": "Feature", "properties": { "Id": 0, "Sheet_ID": "静岡 4", "label": "静岡 4", "call_short": "G7960 S50 .K61", "call_num": "G7960 S50 .K61 NI-54-32-4", "recid": "gr879kq7122", "websiteUrl": "https://purl.stanford.edu/gr879kq7122", "title": "[日本] 五万分一地形圖", "ckey": 9741696, "available": true, "iiifUrl": "https://purl.stanford.edu/gr879kq7122/iiif/manifest" }, "geometry": { "type": "Polygon", "coordinates": [ [ [ 138.75, 34.666667 ], [ 139.0, 34.666667 ], [ 139.0, 34.8333335 ], [ 138.75, 34.8333335 ], [ 138.75, 34.666667 ] ] ] } },
{ "type": "Feature", "properties": { "Id": 0, "Sheet_ID": "静岡 15", "label": "静岡 15", "call_short": "0", "call_num": "0", "recid": "0", "websiteUrl": "0", "title": "0", "ckey": 0, "available": false, "iiifUrl": "0" }, "geometry": { "type": "Polygon", "coordinates": [ [ [ 138.0, 34.8333335 ], [ 138.25, 34.8333335 ], [ 138.25, 35.0 ], [ 138.0, 35.0 ], [ 138.0, 34.8333335 ] ] ] } },
{ "type": "Feature", "properties": { "Id": 0, "Sheet_ID": "静岡 11", "label": "静岡 11", "call_short": "G7960 S50 .K61", "call_num": "G7960 S50 .K61 NI-54-32-11", "recid": "py419jt2498", "websiteUrl": "https://purl.stanford.edu/py419jt2498", "title": "[日本] 五万分一地形圖", "ckey": 9741696, "available": true, "iiifUrl": "https://purl.stanford.edu/py419jt2498/iiif/manifest" }, "geometry": { "type": "Polygon", "coordinates": [ [ [ 138.25, 34.8333335 ], [ 138.5, 34.8333335 ], [ 138.5, 35.0 ], [ 138.25, 35.0 ], [ 138.25, 34.8333335 ] ] ] } },
{ "type": "Feature", "properties": { "Id": 0, "Sheet_ID": "静岡 7", "label": "静岡 7", "call_short": "G7960 S50 .K61", "call_num": "G7960 S50 .K61 NI-54-32-7", "recid": "nz139dd1008", "websiteUrl": "https://purl.stanford.edu/nz139dd1008", "title": "[日本] 五万分一地形圖", "ckey": 9741696, "available": true, "iiifUrl": "https://purl.stanford.edu/nz139dd1008/iiif/manifest" }, "geometry": { "type": "Polygon", "coordinates": [ [ [ 138.5, 34.8333335 ], [ 138.75, 34.8333335 ], [ 138.75, 35.0 ], [ 138.5, 35.0 ], [ 138.5, 34.8333335 ] ] ] } },
{ "type": "Feature", "properties": { "Id": 0, "Sheet_ID": "静岡 3", "label": "静岡 3", "call_short": "G7960 S50 .K61", "call_num": "G7960 S50 .K61 NI-54-32-3", "recid": "tw994vx6275", "websiteUrl": "https://purl.stanford.edu/tw994vx6275", "title": "[日本] 五万分一地形圖", "ckey": 9741696, "available": true, "iiifUrl": "https://purl.stanford.edu/tw994vx6275/iiif/manifest" }, "geometry": { "type": "Polygon", "coordinates": [ [ [ 138.75, 34.8333335 ], [ 139.0, 34.8333335 ], [ 139.0, 35.0 ], [ 138.75, 35.0 ], [ 138.75, 34.8333335 ] ] ] } },
{ "type": "Feature", "properties": { "Id": 0, "Sheet_ID": "静岡 14", "label": "静岡 14", "call_short": "G7960 S50 .K61", "call_num": "G7960 S50 .K61 NI-54-32-14", "recid": "vr693ms0104", "websiteUrl": "https://purl.stanford.edu/vr693ms0104", "title": "[日本] 五万分一地形圖", "ckey": 9741696, "available": true, "iiifUrl": "https://purl.stanford.edu/vr693ms0104/iiif/manifest" }, "geometry": { "type": "Polygon", "coordinates": [ [ [ 138.0, 35.0 ], [ 138.25, 35.0 ], [ 138.25, 35.1666665 ], [ 138.0, 35.1666665 ], [ 138.0, 35.0 ] ] ] } },
{ "type": "Feature", "properties": { "Id": 0, "Sheet_ID": "静岡 10", "label": "静岡 10", "call_short": "G7960 S50 .K61", "call_num": "G7960 S50 .K61 NI-54-32-10", "recid": "gg085vx9443", "websiteUrl": "https://purl.stanford.edu/gg085vx9443", "title": "[日本] 五万分一地形圖", "ckey": 9741696, "available": true, "iiifUrl": "https://purl.stanford.edu/gg085vx9443/iiif/manifest" }, "geometry": { "type": "Polygon", "coordinates": [ [ [ 138.25, 35.0 ], [ 138.5, 35.0 ], [ 138.5, 35.1666665 ], [ 138.25, 35.1666665 ], [ 138.25, 35.0 ] ] ] } },
{ "type": "Feature", "properties": { "Id": 0, "Sheet_ID": "静岡 6", "label": "静岡 6", "call_short": "G7960 S50 .K61", "call_num": "G7960 S50 .K61 NI-54-32-6", "recid": "gg659gx7521", "websiteUrl": "https://purl.stanford.edu/gg659gx7521", "title": "[日本] 五万分一地形圖", "ckey": 9741696, "available": true, "iiifUrl": "https://purl.stanford.edu/gg659gx7521/iiif/manifest" }, "geometry": { "type": "Polygon", "coordinates": [ [ [ 138.5, 35.0 ], [ 138.75, 35.0 ], [ 138.75, 35.1666665 ], [ 138.5, 35.1666665 ], [ 138.5, 35.0 ] ] ] } },
{ "type": "Feature", "properties": { "Id": 0, "Sheet_ID": "静岡 2", "label": "静岡 2", "call_short": "G7960 S50 .K61", "call_num": "G7960 S50 .K61 NI-54-32-2", "recid": "nk210gr7602", "websiteUrl": "https://purl.stanford.edu/nk210gr7602", "title": "[日本] 五万分一地形圖", "ckey": 9741696, "available": true, "iiifUrl": "https://purl.stanford.edu/nk210gr7602/iiif/manifest" }, "geometry": { "type": "Polygon", "coordinates": [ [ [ 138.75, 35.0 ], [ 139.0, 35.0 ], [ 139.0, 35.1666665 ], [ 138.75, 35.1666665 ], [ 138.75, 35.0 ] ] ] } },
{ "type": "Feature", "properties": { "Id": 0, "Sheet_ID": "静岡 13 ED.2", "label": "静岡 13 ED.2", "call_short": "G7960 S50 .K61", "call_num": "G7960 S50 .K61 NI-54-32-13 ED.2", "recid": "nt252rv0860", "websiteUrl": "https://purl.stanford.edu/nt252rv0860", "title": "[日本] 五万分一地形圖", "ckey": 9741696, "available": true, "iiifUrl": "https://purl.stanford.edu/nt252rv0860/iiif/manifest" }, "geometry": { "type": "Polygon", "coordinates": [ [ [ 138.0, 35.1666665 ], [ 138.25, 35.1666665 ], [ 138.25, 35.333333 ], [ 138.0, 35.333333 ], [ 138.0, 35.1666665 ] ] ] } },
{ "type": "Feature", "properties": { "Id": 0, "Sheet_ID": "静岡 9", "label": "静岡 9", "call_short": "G7960 S50 .K61", "call_num": "G7960 S50 .K61 NI-54-32-9", "recid": "pm537bn3221", "websiteUrl": "https://purl.stanford.edu/pm537bn3221", "title": "[日本] 五万分一地形圖", "ckey": 9741696, "available": true, "iiifUrl": "https://purl.stanford.edu/pm537bn3221/iiif/manifest" }, "geometry": { "type": "Polygon", "coordinates": [ [ [ 138.25, 35.1666665 ], [ 138.5, 35.1666665 ], [ 138.5, 35.333333 ], [ 138.25, 35.333333 ], [ 138.25, 35.1666665 ] ] ] } },
{ "type": "Feature", "properties": { "Id": 0, "Sheet_ID": "静岡 5 ED.2", "label": "静岡 5 ED.2", "call_short": "G7960 S50 .K61", "call_num": "G7960 S50 .K61 NI-54-32-5 ED.2", "recid": "yg335dr9219", "websiteUrl": "https://purl.stanford.edu/yg335dr9219", "title": "[日本] 五万分一地形圖", "ckey": 9741696, "available": true, "iiifUrl": "https://purl.stanford.edu/yg335dr9219/iiif/manifest" }, "geometry": { "type": "Polygon", "coordinates": [ [ [ 138.5, 35.1666665 ], [ 138.75, 35.1666665 ], [ 138.75, 35.333333 ], [ 138.5, 35.333333 ], [ 138.5, 35.1666665 ] ] ] } },
{ "type": "Feature", "properties": { "Id": 0, "Sheet_ID": "静岡 1", "label": "静岡 1", "call_short": "G7960 S50 .K61", "call_num": "G7960 S50 .K61 NI-54-32-1", "recid": "pv082jb9338", "websiteUrl": "https://purl.stanford.edu/pv082jb9338", "title": "[日本] 五万分一地形圖", "ckey": 9741696, "available": true, "iiifUrl": "https://purl.stanford.edu/pv082jb9338/iiif/manifest" }, "geometry": { "type": "Polygon", "coordinates": [ [ [ 138.75, 35.1666665 ], [ 139.0, 35.1666665 ], [ 139.0, 35.333333 ], [ 138.75, 35.333333 ], [ 138.75, 35.1666665 ] ] ] } },
{ "type": "Feature", "properties": { "Id": 0, "Sheet_ID": "静岡 5", "label": "静岡 5", "call_short": "G7960 S50 .K61", "call_num": "G7960 S50 .K61 NI-54-32-5", "recid": "yc380xx0693", "websiteUrl": "https://purl.stanford.edu/yc380xx0693", "title": "[日本] 五万分一地形圖", "ckey": 9741696, "available": true, "iiifUrl": "https://purl.stanford.edu/yc380xx0693/iiif/manifest" }, "geometry": { "type": "Polygon", "coordinates": [ [ [ 138.5, 35.1666665 ], [ 138.75, 35.1666665 ], [ 138.75, 35.333333 ], [ 138.5, 35.333333 ], [ 138.5, 35.1666665 ] ] ] } },
{ "type": "Feature", "properties": { "Id": 0, "Sheet_ID": "静岡 13", "label": "静岡 13", "call_short": "G7960 S50 .K61", "call_num": "G7960 S50 .K61 NI-54-32-13", "recid": "wr114kd5874", "websiteUrl": "https://purl.stanford.edu/wr114kd5874", "title": "[日本] 五万分一地形圖", "ckey": 9741696, "available": true, "iiifUrl": "https://purl.stanford.edu/wr114kd5874/iiif/manifest" }, "geometry": { "type": "Polygon", "coordinates": [ [ [ 138.0, 35.1666665 ], [ 138.25, 35.1666665 ], [ 138.25, 35.333333 ], [ 138.0, 35.333333 ], [ 138.0, 35.1666665 ] ] ] } },
{ "type": "Feature", "properties": { "Id": 0, "Sheet_ID": "静岡 16", "label": "静岡 16", "call_short": "G7960 S50 .K61", "call_num": "G7960 S50 .K61 NI-54-32-16", "recid": "jr445gm2332", "websiteUrl": "https://purl.stanford.edu/jr445gm2332", "title": "[日本] 五万分一地形圖", "ckey": 9741696, "available": true, "iiifUrl": "https://purl.stanford.edu/jr445gm2332/iiif/manifest" }, "geometry": { "type": "Polygon", "coordinates": [ [ [ 138.0, 34.666667 ], [ 138.25, 34.666667 ], [ 138.25, 34.8333335 ], [ 138.0, 34.8333335 ], [ 138.0, 34.666667 ] ] ] } },
{ "type": "Feature", "properties": { "Id": 0, "Sheet_ID": "甲府 16", "label": "甲府 16", "call_short": "G7960 S50 .K61", "call_num": "G7960 S50 .K61 NI-54-31-16", "recid": "fm603bw4761", "websiteUrl": "https://purl.stanford.edu/fm603bw4761", "title": "[日本] 五万分一地形圖", "ckey": 9741696, "available": true, "iiifUrl": "https://purl.stanford.edu/fm603bw4761/iiif/manifest" }, "geometry": { "type": "Polygon", "coordinates": [ [ [ 138.0, 35.333333 ], [ 138.25, 35.333333 ], [ 138.25, 35.4999998 ], [ 138.0, 35.4999998 ], [ 138.0, 35.333333 ] ] ] } },
{ "type": "Feature", "properties": { "Id": 0, "Sheet_ID": "甲府 12", "label": "甲府 12", "call_short": "0", "call_num": "0", "recid": "0", "websiteUrl": "0", "title": "0", "ckey": 0, "available": false, "iiifUrl": "0" }, "geometry": { "type": "Polygon", "coordinates": [ [ [ 138.25, 35.333333 ], [ 138.5, 35.333333 ], [ 138.5, 35.4999998 ], [ 138.25, 35.4999998 ], [ 138.25, 35.333333 ] ] ] } },
{ "type": "Feature", "properties": { "Id": 0, "Sheet_ID": "甲府 8_1896", "label": "甲府 8_1896", "call_short": "G7960 S50 .K61", "call_num": "G7960 S50 .K61 NI-54-31-8 1896", "recid": "kf305hg4763", "websiteUrl": "https://purl.stanford.edu/kf305hg4763", "title": "[日本] 五万分一地形圖", "ckey": 9741696, "available": true, "iiifUrl": "https://purl.stanford.edu/kf305hg4763/iiif/manifest" }, "geometry": { "type": "Polygon", "coordinates": [ [ [ 138.5, 35.333333 ], [ 138.75, 35.333333 ], [ 138.75, 35.4999998 ], [ 138.5, 35.4999998 ], [ 138.5, 35.333333 ] ] ] } },
{ "type": "Feature", "properties": { "Id": 0, "Sheet_ID": "甲府 4_1913", "label": "甲府 4_1913", "call_short": "G7960 S50 .K61", "call_num": "G7960 S50 .K61 NI-54-31-4 1913", "recid": "rj512pd0755", "websiteUrl": "https://purl.stanford.edu/rj512pd0755", "title": "[日本] 五万分一地形圖", "ckey": 9741696, "available": true, "iiifUrl": "https://purl.stanford.edu/rj512pd0755/iiif/manifest" }, "geometry": { "type": "Polygon", "coordinates": [ [ [ 138.75, 35.333333 ], [ 139.0, 35.333333 ], [ 139.0, 35.4999998 ], [ 138.75, 35.4999998 ], [ 138.75, 35.333333 ] ] ] } },
{ "type": "Feature", "properties": { "Id": 0, "Sheet_ID": "甲府 15", "label": "甲府 15", "call_short": "G7960 S50 .K61", "call_num": "G7960 S50 .K61 NI-54-31-15", "recid": "vk701wy1624", "websiteUrl": "https://purl.stanford.edu/vk701wy1624", "title": "[日本] 五万分一地形圖", "ckey": 9741696, "available": true, "iiifUrl": "https://purl.stanford.edu/vk701wy1624/iiif/manifest" }, "geometry": { "type": "Polygon", "coordinates": [ [ [ 138.0, 35.4999998 ], [ 138.25, 35.4999998 ], [ 138.25, 35.6666665 ], [ 138.0, 35.6666665 ], [ 138.0, 35.4999998 ] ] ] } },
{ "type": "Feature", "properties": { "Id": 0, "Sheet_ID": "甲府 11", "label": "甲府 11", "call_short": "G7960 S50 .K61", "call_num": "G7960 S50 .K61 NI-54-31-11", "recid": "zt940jh1771", "websiteUrl": "https://purl.stanford.edu/zt940jh1771", "title": "[日本] 五万分一地形圖", "ckey": 9741696, "available": true, "iiifUrl": "https://purl.stanford.edu/zt940jh1771/iiif/manifest" }, "geometry": { "type": "Polygon", "coordinates": [ [ [ 138.25, 35.4999998 ], [ 138.5, 35.4999998 ], [ 138.5, 35.6666665 ], [ 138.25, 35.6666665 ], [ 138.25, 35.4999998 ] ] ] } },
{ "type": "Feature", "properties": { "Id": 0, "Sheet_ID": "甲府 7_1910", "label": "甲府 7_1910", "call_short": "G7960 S50 .K61", "call_num": "G7960 S50 .K61 NI-54-31-7 1910", "recid": "mr760th1637", "websiteUrl": "https://purl.stanford.edu/mr760th1637", "title": "[日本] 五万分一地形圖", "ckey": 9741696, "available": true, "iiifUrl": "https://purl.stanford.edu/mr760th1637/iiif/manifest" }, "geometry": { "type": "Polygon", "coordinates": [ [ [ 138.5, 35.4999998 ], [ 138.75, 35.4999998 ], [ 138.75, 35.6666665 ], [ 138.5, 35.6666665 ], [ 138.5, 35.4999998 ] ] ] } },
{ "type": "Feature", "properties": { "Id": 0, "Sheet_ID": "甲府 3_1913", "label": "甲府 3_1913", "call_short": "G7960 S50 .K61", "call_num": "G7960 S50 .K61 NI-54-31-3 1913", "recid": "bd846bq1057", "websiteUrl": "https://purl.stanford.edu/bd846bq1057", "title": "[日本] 五万分一地形圖", "ckey": 9741696, "available": true, "iiifUrl": "https://purl.stanford.edu/bd846bq1057/iiif/manifest" }, "geometry": { "type": "Polygon", "coordinates": [ [ [ 138.75, 35.4999998 ], [ 139.0, 35.4999998 ], [ 139.0, 35.6666665 ], [ 138.75, 35.6666665 ], [ 138.75, 35.4999998 ] ] ] } },
{ "type": "Feature", "properties": { "Id": 0, "Sheet_ID": "甲府 14", "label": "甲府 14", "call_short": "G7960 S50 .K61", "call_num": "G7960 S50 .K61 NI-54-31-14", "recid": "kf504vn7080", "websiteUrl": "https://purl.stanford.edu/kf504vn7080", "title": "[日本] 五万分一地形圖", "ckey": 9741696, "available": true, "iiifUrl": "https://purl.stanford.edu/kf504vn7080/iiif/manifest" }, "geometry": { "type": "Polygon", "coordinates": [ [ [ 138.0, 35.6666665 ], [ 138.25, 35.6666665 ], [ 138.25, 35.8333333 ], [ 138.0, 35.8333333 ], [ 138.0, 35.6666665 ] ] ] } },
{ "type": "Feature", "properties": { "Id": 0, "Sheet_ID": "甲府 10", "label": "甲府 10", "call_short": "G7960 S50 .K61", "call_num": "G7960 S50 .K61 NI-54-31-10", "recid": "vt887rk9696", "websiteUrl": "https://purl.stanford.edu/vt887rk9696", "title": "[日本] 五万分一地形圖", "ckey": 9741696, "available": true, "iiifUrl": "https://purl.stanford.edu/vt887rk9696/iiif/manifest" }, "geometry": { "type": "Polygon", "coordinates": [ [ [ 138.25, 35.6666665 ], [ 138.5, 35.6666665 ], [ 138.5, 35.8333333 ], [ 138.25, 35.8333333 ], [ 138.25, 35.6666665 ] ] ] } },
{ "type": "Feature", "properties": { "Id": 0, "Sheet_ID": "甲府 6", "label": "甲府 6", "call_short": "G7960 S50 .K61", "call_num": "G7960 S50 .K61 NI-54-31-6", "recid": "df876mt6710", "websiteUrl": "https://purl.stanford.edu/df876mt6710", "title": "[日本] 五万分一地形圖", "ckey": 9741696, "available": true, "iiifUrl": "https://purl.stanford.edu/df876mt6710/iiif/manifest" }, "geometry": { "type": "Polygon", "coordinates": [ [ [ 138.5, 35.6666665 ], [ 138.75, 35.6666665 ], [ 138.75, 35.8333333 ], [ 138.5, 35.8333333 ], [ 138.5, 35.6666665 ] ] ] } },
{ "type": "Feature", "properties": { "Id": 0, "Sheet_ID": "甲府 2", "label": "甲府 2", "call_short": "G7960 S50 .K61", "call_num": "G7960 S50 .K61 NI-54-31-2", "recid": "nf409vf7651", "websiteUrl": "https://purl.stanford.edu/nf409vf7651", "title": "[日本] 五万分一地形圖", "ckey": 9741696, "available": true, "iiifUrl": "https://purl.stanford.edu/nf409vf7651/iiif/manifest" }, "geometry": { "type": "Polygon", "coordinates": [ [ [ 138.75, 35.6666665 ], [ 139.0, 35.6666665 ], [ 139.0, 35.8333333 ], [ 138.75, 35.8333333 ], [ 138.75, 35.6666665 ] ] ] } },
{ "type": "Feature", "properties": { "Id": 0, "Sheet_ID": "甲府 13", "label": "甲府 13", "call_short": "G7960 S50 .K61", "call_num": "G7960 S50 .K61 NI-54-31-13", "recid": "zs982mh8480", "websiteUrl": "https://purl.stanford.edu/zs982mh8480", "title": "[日本] 五万分一地形圖", "ckey": 9741696, "available": true, "iiifUrl": "https://purl.stanford.edu/zs982mh8480/iiif/manifest" }, "geometry": { "type": "Polygon", "coordinates": [ [ [ 138.0, 35.8333333 ], [ 138.25, 35.8333333 ], [ 138.25, 36.0 ], [ 138.0, 36.0 ], [ 138.0, 35.8333333 ] ] ] } },
{ "type": "Feature", "properties": { "Id": 0, "Sheet_ID": "甲府 9", "label": "甲府 9", "call_short": "G7960 S50 .K61", "call_num": "G7960 S50 .K61 NI-54-31-9", "recid": "wv684jn8400", "websiteUrl": "https://purl.stanford.edu/wv684jn8400", "title": "[日本] 五万分一地形圖", "ckey": 9741696, "available": true, "iiifUrl": "https://purl.stanford.edu/wv684jn8400/iiif/manifest" }, "geometry": { "type": "Polygon", "coordinates": [ [ [ 138.25, 35.8333333 ], [ 138.5, 35.8333333 ], [ 138.5, 36.0 ], [ 138.25, 36.0 ], [ 138.25, 35.8333333 ] ] ] } },
{ "type": "Feature", "properties": { "Id": 0, "Sheet_ID": "甲府 5", "label": "甲府 5", "call_short": "G7960 S50 .K61", "call_num": "G7960 S50 .K61 NI-54-31-5", "recid": "xr810yc9364", "websiteUrl": "https://purl.stanford.edu/xr810yc9364", "title": "[日本] 五万分一地形圖", "ckey": 9741696, "available": true, "iiifUrl": "https://purl.stanford.edu/xr810yc9364/iiif/manifest" }, "geometry": { "type": "Polygon", "coordinates": [ [ [ 138.5, 35.8333333 ], [ 138.75, 35.8333333 ], [ 138.75, 36.0 ], [ 138.5, 36.0 ], [ 138.5, 35.8333333 ] ] ] } },
{ "type": "Feature", "properties": { "Id": 0, "Sheet_ID": "甲府 1", "label": "甲府 1", "call_short": "G7960 S50 .K61", "call_num": "G7960 S50 .K61 NI-54-31-1", "recid": "jn819vp4068", "websiteUrl": "https://purl.stanford.edu/jn819vp4068", "title": "[日本] 五万分一地形圖", "ckey": 9741696, "available": true, "iiifUrl": "https://purl.stanford.edu/jn819vp4068/iiif/manifest" }, "geometry": { "type": "Polygon", "coordinates": [ [ [ 138.75, 35.8333333 ], [ 139.0, 35.8333333 ], [ 139.0, 36.0 ], [ 138.75, 36.0 ], [ 138.75, 35.8333333 ] ] ] } },
{ "type": "Feature", "properties": { "Id": 0, "Sheet_ID": "甲府 3_1929", "label": "甲府 3_1929", "call_short": "G7960 S50 .K61", "call_num": "G7960 S50 .K61 NI-54-31-3 1929", "recid": "xk025mw5665", "websiteUrl": "https://purl.stanford.edu/xk025mw5665", "title": "[日本] 五万分一地形圖", "ckey": 9741696, "available": true, "iiifUrl": "https://purl.stanford.edu/xk025mw5665/iiif/manifest" }, "geometry": { "type": "Polygon", "coordinates": [ [ [ 138.75, 35.4999998 ], [ 139.0, 35.4999998 ], [ 139.0, 35.6666665 ], [ 138.75, 35.6666665 ], [ 138.75, 35.4999998 ] ] ] } },
{ "type": "Feature", "properties": { "Id": 0, "Sheet_ID": "甲府 4_1929", "label": "甲府 4_1929", "call_short": "G7960 S50 .K61", "call_num": "G7960 S50 .K61 NI-54-31-4 1929", "recid": "cf772gh9023", "websiteUrl": "https://purl.stanford.edu/cf772gh9023", "title": "[日本] 五万分一地形圖", "ckey": 9741696, "available": true, "iiifUrl": "https://purl.stanford.edu/cf772gh9023/iiif/manifest" }, "geometry": { "type": "Polygon", "coordinates": [ [ [ 138.75, 35.333333 ], [ 139.0, 35.333333 ], [ 139.0, 35.4999998 ], [ 138.75, 35.4999998 ], [ 138.75, 35.333333 ] ] ] } },
{ "type": "Feature", "properties": { "Id": 0, "Sheet_ID": "甲府 7_1929", "label": "甲府 7_1929", "call_short": "G7960 S50 .K61", "call_num": "G7960 S50 .K61 NI-54-31-7 1929", "recid": "rj371rx6813", "websiteUrl": "https://purl.stanford.edu/rj371rx6813", "title": "[日本] 五万分一地形圖", "ckey": 9741696, "available": true, "iiifUrl": "https://purl.stanford.edu/rj371rx6813/iiif/manifest" }, "geometry": { "type": "Polygon", "coordinates": [ [ [ 138.5, 35.4999998 ], [ 138.75, 35.4999998 ], [ 138.75, 35.6666665 ], [ 138.5, 35.6666665 ], [ 138.5, 35.4999998 ] ] ] } },
{ "type": "Feature", "properties": { "Id": 0, "Sheet_ID": "甲府 8_1896 C2", "label": "甲府 8_1896 C2", "call_short": "G7960 S50 .K61", "call_num": "G7960 S50 .K61 NI-54-31-8 1896 C2", "recid": "gv281nz3847", "websiteUrl": "https://purl.stanford.edu/gv281nz3847", "title": "[日本] 五万分一地形圖", "ckey": 9741696, "available": true, "iiifUrl": "https://purl.stanford.edu/gv281nz3847/iiif/manifest" }, "geometry": { "type": "Polygon", "coordinates": [ [ [ 138.5, 35.333333 ], [ 138.75, 35.333333 ], [ 138.75, 35.4999998 ], [ 138.5, 35.4999998 ], [ 138.5, 35.333333 ] ] ] } },
{ "type": "Feature", "properties": { "Id": 0, "Sheet_ID": "甲府 8_1896 C3", "label": "甲府 8_1896 C3", "call_short": "G7960 S50 .K61", "call_num": "G7960 S50 .K61 NI-54-31-8 1896 C3", "recid": "fd483rd2025", "websiteUrl": "https://purl.stanford.edu/fd483rd2025", "title": "[日本] 五万分一地形圖", "ckey": 9741696, "available": true, "iiifUrl": "https://purl.stanford.edu/fd483rd2025/iiif/manifest" }, "geometry": { "type": "Polygon", "coordinates": [ [ [ 138.5, 35.333333 ], [ 138.75, 35.333333 ], [ 138.75, 35.4999998 ], [ 138.5, 35.4999998 ], [ 138.5, 35.333333 ] ] ] } },
{ "type": "Feature", "properties": { "Id": 0, "Sheet_ID": "甲府 8_1928", "label": "甲府 8_1928", "call_short": "G7960 S50 .K61", "call_num": "G7960 S50 .K61 NI-54-31-8 1928", "recid": "hk361pn3204", "websiteUrl": "https://purl.stanford.edu/hk361pn3204", "title": "[日本] 五万分一地形圖", "ckey": 9741696, "available": true, "iiifUrl": "https://purl.stanford.edu/hk361pn3204/iiif/manifest" }, "geometry": { "type": "Polygon", "coordinates": [ [ [ 138.5, 35.333333 ], [ 138.75, 35.333333 ], [ 138.75, 35.4999998 ], [ 138.5, 35.4999998 ], [ 138.5, 35.333333 ] ] ] } },
{ "type": "Feature", "properties": { "Id": 0, "Sheet_ID": "甲府 9 ED.2", "label": "甲府 9 ED.2", "call_short": "G7960 S50 .K61", "call_num": "G7960 S50 .K61 NI-54-31-9 ED.2", "recid": "fv152mr5196", "websiteUrl": "https://purl.stanford.edu/fv152mr5196", "title": "[日本] 五万分一地形圖", "ckey": 9741696, "available": true, "iiifUrl": "https://purl.stanford.edu/fv152mr5196/iiif/manifest" }, "geometry": { "type": "Polygon", "coordinates": [ [ [ 138.25, 35.8333332 ], [ 138.5, 35.8333332 ], [ 138.5, 36.0 ], [ 138.25, 36.0 ], [ 138.25, 35.8333332 ] ] ] } },
{ "type": "Feature", "properties": { "Id": 0, "Sheet_ID": "甲府 11 ED.2", "label": "甲府 11 ED.2", "call_short": "G7960 S50 .K61", "call_num": "G7960 S50 .K61 NI-54-31-11 ED.2", "recid": "dt832nm5312", "websiteUrl": "https://purl.stanford.edu/dt832nm5312", "title": "[日本] 五万分一地形圖", "ckey": 9741696, "available": true, "iiifUrl": "https://purl.stanford.edu/dt832nm5312/iiif/manifest" }, "geometry": { "type": "Polygon", "coordinates": [ [ [ 138.25, 35.4999998 ], [ 138.5, 35.4999998 ], [ 138.5, 35.6666665 ], [ 138.25, 35.6666665 ], [ 138.25, 35.4999998 ] ] ] } },
{ "type": "Feature", "properties": { "Id": 0, "Sheet_ID": "甲府 13 ED.2", "label": "甲府 13 ED.2", "call_short": "G7960 S50 .K61", "call_num": "G7960 S50 .K61 NI-54-31-13 ED.2", "recid": "hf633gr8404", "websiteUrl": "https://purl.stanford.edu/hf633gr8404", "title": "[日本] 五万分一地形圖", "ckey": 9741696, "available": true, "iiifUrl": "https://purl.stanford.edu/hf633gr8404/iiif/manifest" }, "geometry": { "type": "Polygon", "coordinates": [ [ [ 138.0, 35.8333332 ], [ 138.25, 35.8333332 ], [ 138.25, 36.0 ], [ 138.0, 36.0 ], [ 138.0, 35.8333332 ] ] ] } },
{ "type": "Feature", "properties": { "Id": 0, "Sheet_ID": "甲府 14 ED.2", "label": "甲府 14 ED.2", "call_short": "G7960 S50 .K61", "call_num": "G7960 S50 .K61 NI-54-31-14 ED.2", "recid": "mm453xw7415", "websiteUrl": "https://purl.stanford.edu/mm453xw7415", "title": "[日本] 五万分一地形圖", "ckey": 9741696, "available": true, "iiifUrl": "https://purl.stanford.edu/mm453xw7415/iiif/manifest" }, "geometry": { "type": "Polygon", "coordinates": [ [ [ 138.0, 35.6666665 ], [ 138.25, 35.6666665 ], [ 138.25, 35.8333332 ], [ 138.0, 35.8333332 ], [ 138.0, 35.6666665 ] ] ] } },
{ "type": "Feature", "properties": { "Id": 0, "Sheet_ID": "青島 2", "label": "青島 2", "call_short": "G7960 S50 .K61", "call_num": "G7960 S50 .K61 NI-54-30-2", "recid": "fs538jv6645", "websiteUrl": "https://purl.stanford.edu/fs538jv6645", "title": "[日本] 五万分一地形圖", "ckey": 9741696, "available": true, "iiifUrl": "https://purl.stanford.edu/fs538jv6645/iiif/manifest" }, "geometry": { "type": "Polygon", "coordinates": [ [ [ 139.75, 32.3333335 ], [ 140.0, 32.3333335 ], [ 140.0, 32.5000002 ], [ 139.75, 32.5000002 ], [ 139.75, 32.3333335 ] ] ] } },
{ "type": "Feature", "properties": { "Id": 0, "Sheet_ID": "八丈島 6", "label": "八丈島 6", "call_short": "0", "call_num": "0", "recid": "0", "websiteUrl": "0", "title": "0", "ckey": 0, "available": false, "iiifUrl": "0" }, "geometry": { "type": "Polygon", "coordinates": [ [ [ 139.5, 33.0 ], [ 139.75, 33.0 ], [ 139.75, 33.1666665 ], [ 139.5, 33.1666665 ], [ 139.5, 33.0 ] ] ] } },
{ "type": "Feature", "properties": { "Id": 0, "Sheet_ID": "八丈島 2", "label": "八丈島 2", "call_short": "G7960 S50 .K61", "call_num": "G7960 S50 .K61 NI-54-29-2", "recid": "xx013fh8315", "websiteUrl": "https://purl.stanford.edu/xx013fh8315", "title": "[日本] 五万分一地形圖", "ckey": 9741696, "available": true, "iiifUrl": "https://purl.stanford.edu/xx013fh8315/iiif/manifest" }, "geometry": { "type": "Polygon", "coordinates": [ [ [ 139.75, 33.0 ], [ 140.0, 33.0 ], [ 140.0, 33.1666665 ], [ 139.75, 33.1666665 ], [ 139.75, 33.0 ] ] ] } },
{ "type": "Feature", "properties": { "Id": 0, "Sheet_ID": "御蔵島 11", "label": "御蔵島 11", "call_short": "G7960 S50 .K61", "call_num": "G7960 S50 .K61 NI-54-28-11", "recid": "vb910sy6901", "websiteUrl": "https://purl.stanford.edu/vb910sy6901", "title": "[日本] 五万分一地形圖", "ckey": 9741696, "available": true, "iiifUrl": "https://purl.stanford.edu/vb910sy6901/iiif/manifest" }, "geometry": { "type": "Polygon", "coordinates": [ [ [ 139.25, 33.4999998 ], [ 139.5, 33.4999998 ], [ 139.5, 33.6666665 ], [ 139.25, 33.6666665 ], [ 139.25, 33.4999998 ] ] ] } },
{ "type": "Feature", "properties": { "Id": 0, "Sheet_ID": "御蔵島 5", "label": "御蔵島 5", "call_short": "0", "call_num": "0", "recid": "0", "websiteUrl": "0", "title": "0", "ckey": 0, "available": false, "iiifUrl": "0" }, "geometry": { "type": "Polygon", "coordinates": [ [ [ 139.5, 33.8333333 ], [ 139.75, 33.8333333 ], [ 139.75, 34.0 ], [ 139.5, 34.0 ], [ 139.5, 33.8333333 ] ] ] } },
{ "type": "Feature", "properties": { "Id": 0, "Sheet_ID": "三宅島 12", "label": "三宅島 12", "call_short": "G7960 S50 .K61", "call_num": "G7960 S50 .K61 NI-54-27-12", "recid": "fn026xh1192", "websiteUrl": "https://purl.stanford.edu/fn026xh1192", "title": "[日本] 五万分一地形圖", "ckey": 9741696, "available": true, "iiifUrl": "https://purl.stanford.edu/fn026xh1192/iiif/manifest" }, "geometry": { "type": "Polygon", "coordinates": [ [ [ 139.25, 34.0 ], [ 139.5, 34.0 ], [ 139.5, 34.1666667 ], [ 139.25, 34.1666667 ], [ 139.25, 34.0 ] ] ] } },
{ "type": "Feature", "properties": { "Id": 0, "Sheet_ID": "三宅島 8", "label": "三宅島 8", "call_short": "G7960 S50 .K61", "call_num": "G7960 S50 .K61 NI-54-27-8", "recid": "kv658gg8766", "websiteUrl": "https://purl.stanford.edu/kv658gg8766", "title": "[日本] 五万分一地形圖", "ckey": 9741696, "available": true, "iiifUrl": "https://purl.stanford.edu/kv658gg8766/iiif/manifest" }, "geometry": { "type": "Polygon", "coordinates": [ [ [ 139.5, 34.0 ], [ 139.75, 34.0 ], [ 139.75, 34.1666667 ], [ 139.5, 34.1666667 ], [ 139.5, 34.0 ] ] ] } },
{ "type": "Feature", "properties": { "Id": 0, "Sheet_ID": "三宅島 15", "label": "三宅島 15", "call_short": "G7960 S50 .K61", "call_num": "G7960 S50 .K61 NI-54-27-15", "recid": "tz478wq4263", "websiteUrl": "https://purl.stanford.edu/tz478wq4263", "title": "[日本] 五万分一地形圖", "ckey": 9741696, "available": true, "iiifUrl": "https://purl.stanford.edu/tz478wq4263/iiif/manifest" }, "geometry": { "type": "Polygon", "coordinates": [ [ [ 139.0, 34.1666667 ], [ 139.25, 34.1666667 ], [ 139.25, 34.3333335 ], [ 139.0, 34.3333335 ], [ 139.0, 34.1666667 ] ] ] } },
{ "type": "Feature", "properties": { "Id": 0, "Sheet_ID": "三宅島 14", "label": "三宅島 14", "call_short": "0", "call_num": "0", "recid": "0", "websiteUrl": "0", "title": "0", "ckey": 0, "available": false, "iiifUrl": "0" }, "geometry": { "type": "Polygon", "coordinates": [ [ [ 139.0, 34.3333335 ], [ 139.25, 34.3333335 ], [ 139.25, 34.5000002 ], [ 139.0, 34.5000002 ], [ 139.0, 34.3333335 ] ] ] } },
{ "type": "Feature", "properties": { "Id": 0, "Sheet_ID": "三宅島 10", "label": "三宅島 10", "call_short": "0", "call_num": "0", "recid": "0", "websiteUrl": "0", "title": "0", "ckey": 0, "available": false, "iiifUrl": "0" }, "geometry": { "type": "Polygon", "coordinates": [ [ [ 139.25, 34.3333335 ], [ 139.5, 34.3333335 ], [ 139.5, 34.5000002 ], [ 139.25, 34.5000002 ], [ 139.25, 34.3333335 ] ] ] } },
{ "type": "Feature", "properties": { "Id": 0, "Sheet_ID": "三宅島 9", "label": "三宅島 9", "call_short": "0", "call_num": "0", "recid": "0", "websiteUrl": "0", "title": "0", "ckey": 0, "available": false, "iiifUrl": "0" }, "geometry": { "type": "Polygon", "coordinates": [ [ [ 139.25, 34.5000002 ], [ 139.5, 34.5000002 ], [ 139.5, 34.666667 ], [ 139.25, 34.666667 ], [ 139.25, 34.5000002 ] ] ] } },
{ "type": "Feature", "properties": { "Id": 0, "Sheet_ID": "横須賀 16", "label": "横須賀 16", "call_short": "0", "call_num": "0", "recid": "0", "websiteUrl": "0", "title": "0", "ckey": 0, "available": false, "iiifUrl": "0" }, "geometry": { "type": "Polygon", "coordinates": [ [ [ 139.0, 34.666667 ], [ 139.25, 34.666667 ], [ 139.25, 34.8333335 ], [ 139.0, 34.8333335 ], [ 139.0, 34.666667 ] ] ] } },
{ "type": "Feature", "properties": { "Id": 0, "Sheet_ID": "横須賀 12", "label": "横須賀 12", "call_short": "0", "call_num": "0", "recid": "0", "websiteUrl": "0", "title": "0", "ckey": 0, "available": false, "iiifUrl": "0" }, "geometry": { "type": "Polygon", "coordinates": [ [ [ 139.25, 34.666667 ], [ 139.5, 34.666667 ], [ 139.5, 34.8333335 ], [ 139.25, 34.8333335 ], [ 139.25, 34.666667 ] ] ] } },
{ "type": "Feature", "properties": { "Id": 0, "Sheet_ID": "横須賀 15", "label": "横須賀 15", "call_short": "0", "call_num": "0", "recid": "0", "websiteUrl": "0", "title": "0", "ckey": 0, "available": false, "iiifUrl": "0" }, "geometry": { "type": "Polygon", "coordinates": [ [ [ 139.0, 34.8333335 ], [ 139.25, 34.8333335 ], [ 139.25, 35.0 ], [ 139.0, 35.0 ], [ 139.0, 34.8333335 ] ] ] } },
{ "type": "Feature", "properties": { "Id": 0, "Sheet_ID": "横須賀 3", "label": "横須賀 3", "call_short": "G7960 S50 .K61", "call_num": "G7960 S50 .K61 NI-54-26-3", "recid": "qz007xq5897", "websiteUrl": "https://purl.stanford.edu/qz007xq5897", "title": "[日本] 五万分一地形圖", "ckey": 9741696, "available": true, "iiifUrl": "https://purl.stanford.edu/qz007xq5897/iiif/manifest" }, "geometry": { "type": "Polygon", "coordinates": [ [ [ 139.75, 34.8333335 ], [ 140.0, 34.8333335 ], [ 140.0, 35.0 ], [ 139.75, 35.0 ], [ 139.75, 34.8333335 ] ] ] } },
{ "type": "Feature", "properties": { "Id": 0, "Sheet_ID": "横須賀 14", "label": "横須賀 14", "call_short": "G7960 S50 .K61", "call_num": "G7960 S50 .K61 NI-54-26-14", "recid": "fg106xz0738", "websiteUrl": "https://purl.stanford.edu/fg106xz0738", "title": "[日本] 五万分一地形圖", "ckey": 9741696, "available": true, "iiifUrl": "https://purl.stanford.edu/fg106xz0738/iiif/manifest" }, "geometry": { "type": "Polygon", "coordinates": [ [ [ 139.0, 35.0 ], [ 139.25, 35.0 ], [ 139.25, 35.1666665 ], [ 139.0, 35.1666665 ], [ 139.0, 35.0 ] ] ] } },
{ "type": "Feature", "properties": { "Id": 0, "Sheet_ID": "横須賀 6", "label": "横須賀 6", "call_short": "0", "call_num": "0", "recid": "0", "websiteUrl": "0", "title": "0", "ckey": 0, "available": false, "iiifUrl": "0" }, "geometry": { "type": "Polygon", "coordinates": [ [ [ 139.5, 35.0 ], [ 139.75, 35.0 ], [ 139.75, 35.1666665 ], [ 139.5, 35.1666665 ], [ 139.5, 35.0 ] ] ] } },
{ "type": "Feature", "properties": { "Id": 0, "Sheet_ID": "横須賀 2", "label": "横須賀 2", "call_short": "0", "call_num": "0", "recid": "0", "websiteUrl": "0", "title": "0", "ckey": 0, "available": false, "iiifUrl": "0" }, "geometry": { "type": "Polygon", "coordinates": [ [ [ 139.75, 35.0 ], [ 140.0, 35.0 ], [ 140.0, 35.1666665 ], [ 139.75, 35.1666665 ], [ 139.75, 35.0 ] ] ] } },
{ "type": "Feature", "properties": { "Id": 0, "Sheet_ID": "横須賀 13", "label": "横須賀 13", "call_short": "G7960 S50 .K61", "call_num": "G7960 S50 .K61 NI-54-26-13", "recid": "ck166ps4212", "websiteUrl": "https://purl.stanford.edu/ck166ps4212", "title": "[日本] 五万分一地形圖", "ckey": 9741696, "available": true, "iiifUrl": "https://purl.stanford.edu/ck166ps4212/iiif/manifest" }, "geometry": { "type": "Polygon", "coordinates": [ [ [ 139.0, 35.1666665 ], [ 139.25, 35.1666665 ], [ 139.25, 35.333333 ], [ 139.0, 35.333333 ], [ 139.0, 35.1666665 ] ] ] } },
{ "type": "Feature", "properties": { "Id": 0, "Sheet_ID": "横須賀 9", "label": "横須賀 9", "call_short": "G7960 S50 .K61", "call_num": "G7960 S50 .K61 NI-54-26-9", "recid": "qb752yr3134", "websiteUrl": "https://purl.stanford.edu/qb752yr3134", "title": "[日本] 五万分一地形圖", "ckey": 9741696, "available": true, "iiifUrl": "https://purl.stanford.edu/qb752yr3134/iiif/manifest" }, "geometry": { "type": "Polygon", "coordinates": [ [ [ 139.25, 35.1666665 ], [ 139.5, 35.1666665 ], [ 139.5, 35.333333 ], [ 139.25, 35.333333 ], [ 139.25, 35.1666665 ] ] ] } },
{ "type": "Feature", "properties": { "Id": 0, "Sheet_ID": "横須賀 5", "label": "横須賀 5", "call_short": "0", "call_num": "0", "recid": "0", "websiteUrl": "0", "title": "0", "ckey": 0, "available": false, "iiifUrl": "0" }, "geometry": { "type": "Polygon", "coordinates": [ [ [ 139.5, 35.1666665 ], [ 139.75, 35.1666665 ], [ 139.75, 35.333333 ], [ 139.5, 35.333333 ], [ 139.5, 35.1666665 ] ] ] } },
{ "type": "Feature", "properties": { "Id": 0, "Sheet_ID": "横須賀 1", "label": "横須賀 1", "call_short": "0", "call_num": "0", "recid": "0", "websiteUrl": "0", "title": "0", "ckey": 0, "available": false, "iiifUrl": "0" }, "geometry": { "type": "Polygon", "coordinates": [ [ [ 139.75, 35.1666665 ], [ 140.0, 35.1666665 ], [ 140.0, 35.333333 ], [ 139.75, 35.333333 ], [ 139.75, 35.1666665 ] ] ] } },
{ "type": "Feature", "properties": { "Id": 0, "Sheet_ID": "横須賀 9 ED.2", "label": "横須賀 9 ED.2", "call_short": "G7960 S50 .K61", "call_num": "G7960 S50 .K61 NI-54-26-9 ED.2", "recid": "mg065jm5517", "websiteUrl": "https://purl.stanford.edu/mg065jm5517", "title": "[日本] 五万分一地形圖", "ckey": 9741696, "available": true, "iiifUrl": "https://purl.stanford.edu/mg065jm5517/iiif/manifest" }, "geometry": { "type": "Polygon", "coordinates": [ [ [ 139.25, 35.1666665 ], [ 139.5, 35.1666665 ], [ 139.5, 35.333333 ], [ 139.25, 35.333333 ], [ 139.25, 35.1666665 ] ] ] } },
{ "type": "Feature", "properties": { "Id": 0, "Sheet_ID": "東京 16", "label": "東京 16", "call_short": "0", "call_num": "0", "recid": "0", "websiteUrl": "0", "title": "0", "ckey": 0, "available": false, "iiifUrl": "0" }, "geometry": { "type": "Polygon", "coordinates": [ [ [ 139.0, 35.333333 ], [ 139.25, 35.333333 ], [ 139.25, 35.4999998 ], [ 139.0, 35.4999998 ], [ 139.0, 35.333333 ] ] ] } },
{ "type": "Feature", "properties": { "Id": 0, "Sheet_ID": "東京 12", "label": "東京 12", "call_short": "0", "call_num": "0", "recid": "0", "websiteUrl": "0", "title": "0", "ckey": 0, "available": false, "iiifUrl": "0" }, "geometry": { "type": "Polygon", "coordinates": [ [ [ 139.25, 35.333333 ], [ 139.5, 35.333333 ], [ 139.5, 35.4999998 ], [ 139.25, 35.4999998 ], [ 139.25, 35.333333 ] ] ] } },
{ "type": "Feature", "properties": { "Id": 0, "Sheet_ID": "東京 8", "label": "東京 8", "call_short": "G7960 S50 .K61", "call_num": "G7960 S50 .K61 NI-54-25-8", "recid": "pp860cp5236", "websiteUrl": "https://purl.stanford.edu/pp860cp5236", "title": "[日本] 五万分一地形圖", "ckey": 9741696, "available": true, "iiifUrl": "https://purl.stanford.edu/pp860cp5236/iiif/manifest" }, "geometry": { "type": "Polygon", "coordinates": [ [ [ 139.5, 35.333333 ], [ 139.75, 35.333333 ], [ 139.75, 35.4999998 ], [ 139.5, 35.4999998 ], [ 139.5, 35.333333 ] ] ] } },
{ "type": "Feature", "properties": { "Id": 0, "Sheet_ID": "東京 4", "label": "東京 4", "call_short": "0", "call_num": "0", "recid": "0", "websiteUrl": "0", "title": "0", "ckey": 0, "available": false, "iiifUrl": "0" }, "geometry": { "type": "Polygon", "coordinates": [ [ [ 139.75, 35.333333 ], [ 140.0, 35.333333 ], [ 140.0, 35.4999998 ], [ 139.75, 35.4999998 ], [ 139.75, 35.333333 ] ] ] } },
{ "type": "Feature", "properties": { "Id": 0, "Sheet_ID": "東京 15_1908", "label": "東京 15_1908", "call_short": "G7960 S50 .K61", "call_num": "G7960 S50 .K61 NI-54-25-15 1908", "recid": "bq006mv3671", "websiteUrl": "https://purl.stanford.edu/bq006mv3671", "title": "[日本] 五万分一地形圖", "ckey": 9741696, "available": true, "iiifUrl": "https://purl.stanford.edu/bq006mv3671/iiif/manifest" }, "geometry": { "type": "Polygon", "coordinates": [ [ [ 139.0, 35.4999998 ], [ 139.25, 35.4999998 ], [ 139.25, 35.6666665 ], [ 139.0, 35.6666665 ], [ 139.0, 35.4999998 ] ] ] } },
{ "type": "Feature", "properties": { "Id": 0, "Sheet_ID": "東京 11", "label": "東京 11", "call_short": "G7960 S50 .K61", "call_num": "G7960 S50 .K61 NI-54-25-11", "recid": "nf686tq3814", "websiteUrl": "https://purl.stanford.edu/nf686tq3814", "title": "[日本] 五万分一地形圖", "ckey": 9741696, "available": true, "iiifUrl": "https://purl.stanford.edu/nf686tq3814/iiif/manifest" }, "geometry": { "type": "Polygon", "coordinates": [ [ [ 139.25, 35.4999998 ], [ 139.5, 35.4999998 ], [ 139.5, 35.6666665 ], [ 139.25, 35.6666665 ], [ 139.25, 35.4999998 ] ] ] } },
{ "type": "Feature", "properties": { "Id": 0, "Sheet_ID": "東京 7 ED.2", "label": "東京 7 ED.2", "call_short": "G7960 S50 .K61", "call_num": "G7960 S50 .K61 NI-54-25-7 ED.2", "recid": "wz492sk5660", "websiteUrl": "https://purl.stanford.edu/wz492sk5660", "title": "[日本] 五万分一地形圖", "ckey": 9741696, "available": true, "iiifUrl": "https://purl.stanford.edu/wz492sk5660/iiif/manifest" }, "geometry": { "type": "Polygon", "coordinates": [ [ [ 139.5, 35.4999998 ], [ 139.75, 35.4999998 ], [ 139.75, 35.6666665 ], [ 139.5, 35.6666665 ], [ 139.5, 35.4999998 ] ] ] } },
{ "type": "Feature", "properties": { "Id": 0, "Sheet_ID": "東京 3", "label": "東京 3", "call_short": "0", "call_num": "0", "recid": "0", "websiteUrl": "0", "title": "0", "ckey": 0, "available": false, "iiifUrl": "0" }, "geometry": { "type": "Polygon", "coordinates": [ [ [ 139.75, 35.4999998 ], [ 140.0, 35.4999998 ], [ 140.0, 35.6666665 ], [ 139.75, 35.6666665 ], [ 139.75, 35.4999998 ] ] ] } },
{ "type": "Feature", "properties": { "Id": 0, "Sheet_ID": "東京 14", "label": "東京 14", "call_short": "G7960 S50 .K61", "call_num": "G7960 S50 .K61 NI-54-25-14", "recid": "td632xm1921", "websiteUrl": "https://purl.stanford.edu/td632xm1921", "title": "[日本] 五万分一地形圖", "ckey": 9741696, "available": true, "iiifUrl": "https://purl.stanford.edu/td632xm1921/iiif/manifest" }, "geometry": { "type": "Polygon", "coordinates": [ [ [ 139.0, 35.6666665 ], [ 139.25, 35.6666665 ], [ 139.25, 35.8333333 ], [ 139.0, 35.8333333 ], [ 139.0, 35.6666665 ] ] ] } },
{ "type": "Feature", "properties": { "Id": 0, "Sheet_ID": "東京 10", "label": "東京 10", "call_short": "G7960 S50 .K61", "call_num": "G7960 S50 .K61 NI-54-25-10", "recid": "df436tv8596", "websiteUrl": "https://purl.stanford.edu/df436tv8596", "title": "[日本] 五万分一地形圖", "ckey": 9741696, "available": true, "iiifUrl": "https://purl.stanford.edu/df436tv8596/iiif/manifest" }, "geometry": { "type": "Polygon", "coordinates": [ [ [ 139.25, 35.6666665 ], [ 139.5, 35.6666665 ], [ 139.5, 35.8333333 ], [ 139.25, 35.8333333 ], [ 139.25, 35.6666665 ] ] ] } },
{ "type": "Feature", "properties": { "Id": 0, "Sheet_ID": "東京 6", "label": "東京 6", "call_short": "0", "call_num": "0", "recid": "0", "websiteUrl": "0", "title": "0", "ckey": 0, "available": false, "iiifUrl": "0" }, "geometry": { "type": "Polygon", "coordinates": [ [ [ 139.5, 35.6666665 ], [ 139.75, 35.6666665 ], [ 139.75, 35.8333333 ], [ 139.5, 35.8333333 ], [ 139.5, 35.6666665 ] ] ] } },
{ "type": "Feature", "properties": { "Id": 0, "Sheet_ID": "東京 2", "label": "東京 2", "call_short": "G7960 S50 .K61", "call_num": "G7960 S50 .K61 NI-54-25-2", "recid": "vn542zm4027", "websiteUrl": "https://purl.stanford.edu/vn542zm4027", "title": "[日本] 五万分一地形圖", "ckey": 9741696, "available": true, "iiifUrl": "https://purl.stanford.edu/vn542zm4027/iiif/manifest" }, "geometry": { "type": "Polygon", "coordinates": [ [ [ 139.75, 35.6666665 ], [ 140.0, 35.6666665 ], [ 140.0, 35.8333333 ], [ 139.75, 35.8333333 ], [ 139.75, 35.6666665 ] ] ] } },
{ "type": "Feature", "properties": { "Id": 0, "Sheet_ID": "東京 13", "label": "東京 13", "call_short": "G7960 S50 .K61", "call_num": "G7960 S50 .K61 NI-54-25-13", "recid": "kd477pp1888", "websiteUrl": "https://purl.stanford.edu/kd477pp1888", "title": "[日本] 五万分一地形圖", "ckey": 9741696, "available": true, "iiifUrl": "https://purl.stanford.edu/kd477pp1888/iiif/manifest" }, "geometry": { "type": "Polygon", "coordinates": [ [ [ 139.0, 35.8333333 ], [ 139.25, 35.8333333 ], [ 139.25, 36.0 ], [ 139.0, 36.0 ], [ 139.0, 35.8333333 ] ] ] } },
{ "type": "Feature", "properties": { "Id": 0, "Sheet_ID": "東京 9", "label": "東京 9", "call_short": "G7960 S50 .K61", "call_num": "G7960 S50 .K61 NI-54-25-9", "recid": "cn237bd0391", "websiteUrl": "https://purl.stanford.edu/cn237bd0391", "title": "[日本] 五万分一地形圖", "ckey": 9741696, "available": true, "iiifUrl": "https://purl.stanford.edu/cn237bd0391/iiif/manifest" }, "geometry": { "type": "Polygon", "coordinates": [ [ [ 139.25, 35.8333333 ], [ 139.5, 35.8333333 ], [ 139.5, 36.0 ], [ 139.25, 36.0 ], [ 139.25, 35.8333333 ] ] ] } },
{ "type": "Feature", "properties": { "Id": 0, "Sheet_ID": "東京 5", "label": "東京 5", "call_short": "G7960 S50 .K61", "call_num": "G7960 S50 .K61 NI-54-25-5", "recid": "gp003yv0389", "websiteUrl": "https://purl.stanford.edu/gp003yv0389", "title": "[日本] 五万分一地形圖", "ckey": 9741696, "available": true, "iiifUrl": "https://purl.stanford.edu/gp003yv0389/iiif/manifest" }, "geometry": { "type": "Polygon", "coordinates": [ [ [ 139.5, 35.8333333 ], [ 139.75, 35.8333333 ], [ 139.75, 36.0 ], [ 139.5, 36.0 ], [ 139.5, 35.8333333 ] ] ] } },
{ "type": "Feature", "properties": { "Id": 0, "Sheet_ID": "東京 1", "label": "東京 1", "call_short": "G7960 S50 .K61", "call_num": "G7960 S50 .K61 NI-54-25-1", "recid": "kt422vr8937", "websiteUrl": "https://purl.stanford.edu/kt422vr8937", "title": "[日本] 五万分一地形圖", "ckey": 9741696, "available": true, "iiifUrl": "https://purl.stanford.edu/kt422vr8937/iiif/manifest" }, "geometry": { "type": "Polygon", "coordinates": [ [ [ 139.75, 35.8333333 ], [ 140.0, 35.8333333 ], [ 140.0, 36.0 ], [ 139.75, 36.0 ], [ 139.75, 35.8333333 ] ] ] } },
{ "type": "Feature", "properties": { "Id": 0, "Sheet_ID": "東京 7", "label": "東京 7", "call_short": "G7960 S50 .K61", "call_num": "G7960 S50 .K61 NI-54-25-7", "recid": "vz909jc0494", "websiteUrl": "https://purl.stanford.edu/vz909jc0494", "title": "[日本] 五万分一地形圖", "ckey": 9741696, "available": true, "iiifUrl": "https://purl.stanford.edu/vz909jc0494/iiif/manifest" }, "geometry": { "type": "Polygon", "coordinates": [ [ [ 139.5, 35.4999998 ], [ 139.75, 35.4999998 ], [ 139.75, 35.6666665 ], [ 139.5, 35.6666665 ], [ 139.5, 35.4999998 ] ] ] } },
{ "type": "Feature", "properties": { "Id": 0, "Sheet_ID": "東京 15_1929", "label": "東京 15_1929", "call_short": "G7960 S50 .K61", "call_num": "G7960 S50 .K61 NI-54-25-15 1929", "recid": "jw864cs2674", "websiteUrl": "https://purl.stanford.edu/jw864cs2674", "title": "[日本] 五万分一地形圖", "ckey": 9741696, "available": true, "iiifUrl": "https://purl.stanford.edu/jw864cs2674/iiif/manifest" }, "geometry": { "type": "Polygon", "coordinates": [ [ [ 139.0, 35.4999998 ], [ 139.25, 35.4999998 ], [ 139.25, 35.6666665 ], [ 139.0, 35.6666665 ], [ 139.0, 35.4999998 ] ] ] } },
{ "type": "Feature", "properties": { "Id": 0, "Sheet_ID": "大多喜 14", "label": "大多喜 14", "call_short": "G7960 S50 .K61", "call_num": "G7960 S50 .K61 NI-54-20-14", "recid": "fz902wj8449", "websiteUrl": "https://purl.stanford.edu/fz902wj8449", "title": "[日本] 五万分一地形圖", "ckey": 9741696, "available": true, "iiifUrl": "https://purl.stanford.edu/fz902wj8449/iiif/manifest" }, "geometry": { "type": "Polygon", "coordinates": [ [ [ 140.0, 35.0 ], [ 140.25, 35.0 ], [ 140.25, 35.1666665 ], [ 140.0, 35.1666665 ], [ 140.0, 35.0 ] ] ] } },
{ "type": "Feature", "properties": { "Id": 0, "Sheet_ID": "大多喜 10 ED.2", "label": "大多喜 10 ED.2", "call_short": "G7960 S50 .K61", "call_num": "G7960 S50 .K61 NI-54-20-10 ED.2", "recid": "gb732kv8535", "websiteUrl": "https://purl.stanford.edu/gb732kv8535", "title": "[日本] 五万分一地形圖", "ckey": 9741696, "available": true, "iiifUrl": "https://purl.stanford.edu/gb732kv8535/iiif/manifest" }, "geometry": { "type": "Polygon", "coordinates": [ [ [ 140.25, 35.0 ], [ 140.5, 35.0 ], [ 140.5, 35.1666665 ], [ 140.25, 35.1666665 ], [ 140.25, 35.0 ] ] ] } },
{ "type": "Feature", "properties": { "Id": 0, "Sheet_ID": "大多喜 13", "label": "大多喜 13", "call_short": "G7960 S50 .K61", "call_num": "G7960 S50 .K61 NI-54-20-13", "recid": "tg665zz8391", "websiteUrl": "https://purl.stanford.edu/tg665zz8391", "title": "[日本] 五万分一地形圖", "ckey": 9741696, "available": true, "iiifUrl": "https://purl.stanford.edu/tg665zz8391/iiif/manifest" }, "geometry": { "type": "Polygon", "coordinates": [ [ [ 140.0, 35.1666665 ], [ 140.25, 35.1666665 ], [ 140.25, 35.333333 ], [ 140.0, 35.333333 ], [ 140.0, 35.1666665 ] ] ] } },
{ "type": "Feature", "properties": { "Id": 0, "Sheet_ID": "大多喜 9 ED.2", "label": "大多喜 9 ED.2", "call_short": "G7960 S50 .K61", "call_num": "G7960 S50 .K61 NI-54-20-9 ED.2", "recid": "dz477ng8246", "websiteUrl": "https://purl.stanford.edu/dz477ng8246", "title": "[日本] 五万分一地形圖", "ckey": 9741696, "available": true, "iiifUrl": "https://purl.stanford.edu/dz477ng8246/iiif/manifest" }, "geometry": { "type": "Polygon", "coordinates": [ [ [ 140.25, 35.1666665 ], [ 140.5, 35.1666665 ], [ 140.5, 35.333333 ], [ 140.25, 35.333333 ], [ 140.25, 35.1666665 ] ] ] } },
{ "type": "Feature", "properties": { "Id": 0, "Sheet_ID": "大多喜 9", "label": "大多喜 9", "call_short": "G7960 S50 .K61", "call_num": "G7960 S50 .K61 NI-54-20-9", "recid": "bp720jh6401", "websiteUrl": "https://purl.stanford.edu/bp720jh6401", "title": "[日本] 五万分一地形圖", "ckey": 9741696, "available": true, "iiifUrl": "https://purl.stanford.edu/bp720jh6401/iiif/manifest" }, "geometry": { "type": "Polygon", "coordinates": [ [ [ 140.25, 35.1666665 ], [ 140.5, 35.1666665 ], [ 140.5, 35.333333 ], [ 140.25, 35.333333 ], [ 140.25, 35.1666665 ] ] ] } },
{ "type": "Feature", "properties": { "Id": 0, "Sheet_ID": "大多喜 10", "label": "大多喜 10", "call_short": "G7960 S50 .K61", "call_num": "G7960 S50 .K61 NI-54-20-10", "recid": "mw591zt0312", "websiteUrl": "https://purl.stanford.edu/mw591zt0312", "title": "[日本] 五万分一地形圖", "ckey": 9741696, "available": true, "iiifUrl": "https://purl.stanford.edu/mw591zt0312/iiif/manifest" }, "geometry": { "type": "Polygon", "coordinates": [ [ [ 140.25, 35.0 ], [ 140.5, 35.0 ], [ 140.5, 35.1666665 ], [ 140.25, 35.1666665 ], [ 140.25, 35.0 ] ] ] } },
{ "type": "Feature", "properties": { "Id": 0, "Sheet_ID": "佐倉 16", "label": "佐倉 16", "call_short": "G7960 S50 .K61", "call_num": "G7960 S50 .K61 NI-54-19-16", "recid": "xg903pq8363", "websiteUrl": "https://purl.stanford.edu/xg903pq8363", "title": "[日本] 五万分一地形圖", "ckey": 9741696, "available": true, "iiifUrl": "https://purl.stanford.edu/xg903pq8363/iiif/manifest" }, "geometry": { "type": "Polygon", "coordinates": [ [ [ 140.0, 35.333333 ], [ 140.25, 35.333333 ], [ 140.25, 35.4999998 ], [ 140.0, 35.4999998 ], [ 140.0, 35.333333 ] ] ] } },
{ "type": "Feature", "properties": { "Id": 0, "Sheet_ID": "佐倉 12 ED.2", "label": "佐倉 12 ED.2", "call_short": "G7960 S50 .K61", "call_num": "G7960 S50 .K61 NI-54-19-12 ED.2", "recid": "sx705rx2679", "websiteUrl": "https://purl.stanford.edu/sx705rx2679", "title": "[日本] 五万分一地形圖", "ckey": 9741696, "available": true, "iiifUrl": "https://purl.stanford.edu/sx705rx2679/iiif/manifest" }, "geometry": { "type": "Polygon", "coordinates": [ [ [ 140.25, 35.333333 ], [ 140.5, 35.333333 ], [ 140.5, 35.4999998 ], [ 140.25, 35.4999998 ], [ 140.25, 35.333333 ] ] ] } },
{ "type": "Feature", "properties": { "Id": 0, "Sheet_ID": "佐倉 15 ED.2", "label": "佐倉 15 ED.2", "call_short": "G7960 S50 .K61", "call_num": "G7960 S50 .K61 NI-54-19-15 ED.2", "recid": "kh199yd1514", "websiteUrl": "https://purl.stanford.edu/kh199yd1514", "title": "[日本] 五万分一地形圖", "ckey": 9741696, "available": true, "iiifUrl": "https://purl.stanford.edu/kh199yd1514/iiif/manifest" }, "geometry": { "type": "Polygon", "coordinates": [ [ [ 140.0, 35.4999998 ], [ 140.25, 35.4999998 ], [ 140.25, 35.6666665 ], [ 140.0, 35.6666665 ], [ 140.0, 35.4999998 ] ] ] } },
{ "type": "Feature", "properties": { "Id": 0, "Sheet_ID": "佐倉 11", "label": "佐倉 11", "call_short": "G7960 S50 .K61", "call_num": "G7960 S50 .K61 NI-54-19-11", "recid": "sc727bp2875", "websiteUrl": "https://purl.stanford.edu/sc727bp2875", "title": "[日本] 五万分一地形圖", "ckey": 9741696, "available": true, "iiifUrl": "https://purl.stanford.edu/sc727bp2875/iiif/manifest" }, "geometry": { "type": "Polygon", "coordinates": [ [ [ 140.25, 35.4999998 ], [ 140.5, 35.4999998 ], [ 140.5, 35.6666665 ], [ 140.25, 35.6666665 ], [ 140.25, 35.4999998 ] ] ] } },
{ "type": "Feature", "properties": { "Id": 0, "Sheet_ID": "佐倉 7 ED.2", "label": "佐倉 7 ED.2", "call_short": "G7960 S50 .K61", "call_num": "G7960 S50 .K61 NI-54-19-7 ED.2", "recid": "xz909qc2696", "websiteUrl": "https://purl.stanford.edu/xz909qc2696", "title": "[日本] 五万分一地形圖", "ckey": 9741696, "available": true, "iiifUrl": "https://purl.stanford.edu/xz909qc2696/iiif/manifest" }, "geometry": { "type": "Polygon", "coordinates": [ [ [ 140.5, 35.4999998 ], [ 140.75, 35.4999998 ], [ 140.75, 35.6666665 ], [ 140.5, 35.6666665 ], [ 140.5, 35.4999998 ] ] ] } },
{ "type": "Feature", "properties": { "Id": 0, "Sheet_ID": "佐倉 14 ED.2", "label": "佐倉 14 ED.2", "call_short": "G7960 S50 .K61", "call_num": "G7960 S50 .K61 NI-54-19-14 ED.2", "recid": "sp707ny4357", "websiteUrl": "https://purl.stanford.edu/sp707ny4357", "title": "[日本] 五万分一地形圖", "ckey": 9741696, "available": true, "iiifUrl": "https://purl.stanford.edu/sp707ny4357/iiif/manifest" }, "geometry": { "type": "Polygon", "coordinates": [ [ [ 140.0, 35.6666665 ], [ 140.25, 35.6666665 ], [ 140.25, 35.8333333 ], [ 140.0, 35.8333333 ], [ 140.0, 35.6666665 ] ] ] } },
{ "type": "Feature", "properties": { "Id": 0, "Sheet_ID": "佐倉 10", "label": "佐倉 10", "call_short": "0", "call_num": "0", "recid": "0", "websiteUrl": "0", "title": "0", "ckey": 0, "available": false, "iiifUrl": "0" }, "geometry": { "type": "Polygon", "coordinates": [ [ [ 140.25, 35.6666665 ], [ 140.5, 35.6666665 ], [ 140.5, 35.8333333 ], [ 140.25, 35.8333333 ], [ 140.25, 35.6666665 ] ] ] } },
{ "type": "Feature", "properties": { "Id": 0, "Sheet_ID": "佐倉 6 ED.2", "label": "佐倉 6 ED.2", "call_short": "G7960 S50 .K61", "call_num": "G7960 S50 .K61 NI-54-19-6 ED.2", "recid": "vr496dz7985", "websiteUrl": "https://purl.stanford.edu/vr496dz7985", "title": "[日本] 五万分一地形圖", "ckey": 9741696, "available": true, "iiifUrl": "https://purl.stanford.edu/vr496dz7985/iiif/manifest" }, "geometry": { "type": "Polygon", "coordinates": [ [ [ 140.5, 35.6666665 ], [ 140.75, 35.6666665 ], [ 140.75, 35.8333333 ], [ 140.5, 35.8333333 ], [ 140.5, 35.6666665 ] ] ] } },
{ "type": "Feature", "properties": { "Id": 0, "Sheet_ID": "佐倉 2", "label": "佐倉 2", "call_short": "G7960 S50 .K61", "call_num": "G7960 S50 .K61 NI-54-19-2", "recid": "sy724rk6270", "websiteUrl": "https://purl.stanford.edu/sy724rk6270", "title": "[日本] 五万分一地形圖", "ckey": 9741696, "available": true, "iiifUrl": "https://purl.stanford.edu/sy724rk6270/iiif/manifest" }, "geometry": { "type": "Polygon", "coordinates": [ [ [ 140.75, 35.6666665 ], [ 141.0, 35.6666665 ], [ 141.0, 35.8333333 ], [ 140.75, 35.8333333 ], [ 140.75, 35.6666665 ] ] ] } },
{ "type": "Feature", "properties": { "Id": 0, "Sheet_ID": "佐倉 13", "label": "佐倉 13", "call_short": "G7960 S50 .K61", "call_num": "G7960 S50 .K61 NI-54-19-13", "recid": "tt557hx7716", "websiteUrl": "https://purl.stanford.edu/tt557hx7716", "title": "[日本] 五万分一地形圖", "ckey": 9741696, "available": true, "iiifUrl": "https://purl.stanford.edu/tt557hx7716/iiif/manifest" }, "geometry": { "type": "Polygon", "coordinates": [ [ [ 140.0, 35.8333333 ], [ 140.25, 35.8333333 ], [ 140.25, 36.0 ], [ 140.0, 36.0 ], [ 140.0, 35.8333333 ] ] ] } },
{ "type": "Feature", "properties": { "Id": 0, "Sheet_ID": "佐倉 9", "label": "佐倉 9", "call_short": "G7960 S50 .K61", "call_num": "G7960 S50 .K61 NI-54-19-9", "recid": "mw329kc1250", "websiteUrl": "https://purl.stanford.edu/mw329kc1250", "title": "[日本] 五万分一地形圖", "ckey": 9741696, "available": true, "iiifUrl": "https://purl.stanford.edu/mw329kc1250/iiif/manifest" }, "geometry": { "type": "Polygon", "coordinates": [ [ [ 140.25, 35.8333333 ], [ 140.5, 35.8333333 ], [ 140.5, 36.0 ], [ 140.25, 36.0 ], [ 140.25, 35.8333333 ] ] ] } },
{ "type": "Feature", "properties": { "Id": 0, "Sheet_ID": "佐倉 5 ED.2", "label": "佐倉 5 ED.2", "call_short": "G7960 S50 .K61", "call_num": "G7960 S50 .K61 NI-54-19-5 ED.2", "recid": "yy736yg2781", "websiteUrl": "https://purl.stanford.edu/yy736yg2781", "title": "[日本] 五万分一地形圖", "ckey": 9741696, "available": true, "iiifUrl": "https://purl.stanford.edu/yy736yg2781/iiif/manifest" }, "geometry": { "type": "Polygon", "coordinates": [ [ [ 140.75, 36.0 ], [ 140.5, 36.0 ], [ 140.5, 35.8333332 ], [ 140.75, 35.8333332 ], [ 140.77, 35.8333332 ], [ 140.77, 35.86 ], [ 140.75, 35.86 ], [ 140.75, 36.0 ] ] ] } },
{ "type": "Feature", "properties": { "Id": 0, "Sheet_ID": "佐倉 5", "label": "佐倉 5", "call_short": "G7960 S50 .K61", "call_num": "G7960 S50 .K61 NI-54-19-5", "recid": "zb273ww8057", "websiteUrl": "https://purl.stanford.edu/zb273ww8057", "title": "[日本] 五万分一地形圖", "ckey": 9741696, "available": true, "iiifUrl": "https://purl.stanford.edu/zb273ww8057/iiif/manifest" }, "geometry": { "type": "Polygon", "coordinates": [ [ [ 140.75, 36.0 ], [ 140.5, 36.0 ], [ 140.5, 35.8333332 ], [ 140.75, 35.8333332 ], [ 140.77, 35.8333332 ], [ 140.77, 35.86 ], [ 140.75, 35.86 ], [ 140.75, 36.0 ] ] ] } },
{ "type": "Feature", "properties": { "Id": 0, "Sheet_ID": "佐倉 6", "label": "佐倉 6", "call_short": "G7960 S50 .K61", "call_num": "G7960 S50 .K61 NI-54-19-6", "recid": "yd187rb7789", "websiteUrl": "https://purl.stanford.edu/yd187rb7789", "title": "[日本] 五万分一地形圖", "ckey": 9741696, "available": true, "iiifUrl": "https://purl.stanford.edu/yd187rb7789/iiif/manifest" }, "geometry": { "type": "Polygon", "coordinates": [ [ [ 140.5, 35.6666665 ], [ 140.75, 35.6666665 ], [ 140.75, 35.8333332 ], [ 140.5, 35.8333332 ], [ 140.5, 35.6666665 ] ] ] } },
{ "type": "Feature", "properties": { "Id": 0, "Sheet_ID": "佐倉 7", "label": "佐倉 7", "call_short": "G7960 S50 .K61", "call_num": "G7960 S50 .K61 NI-54-19-7", "recid": "dr147yq6632", "websiteUrl": "https://purl.stanford.edu/dr147yq6632", "title": "[日本] 五万分一地形圖", "ckey": 9741696, "available": true, "iiifUrl": "https://purl.stanford.edu/dr147yq6632/iiif/manifest" }, "geometry": { "type": "Polygon", "coordinates": [ [ [ 140.5, 35.4999998 ], [ 140.75, 35.4999998 ], [ 140.75, 35.6666665 ], [ 140.5, 35.6666665 ], [ 140.5, 35.4999998 ] ] ] } },
{ "type": "Feature", "properties": { "Id": 0, "Sheet_ID": "佐倉 12", "label": "佐倉 12", "call_short": "G7960 S50 .K61", "call_num": "G7960 S50 .K61 NI-54-19-12", "recid": "dn551mr2616", "websiteUrl": "https://purl.stanford.edu/dn551mr2616", "title": "[日本] 五万分一地形圖", "ckey": 9741696, "available": true, "iiifUrl": "https://purl.stanford.edu/dn551mr2616/iiif/manifest" }, "geometry": { "type": "Polygon", "coordinates": [ [ [ 140.25, 35.333333 ], [ 140.5, 35.333333 ], [ 140.5, 35.4999998 ], [ 140.25, 35.4999998 ], [ 140.25, 35.333333 ] ] ] } },
{ "type": "Feature", "properties": { "Id": 0, "Sheet_ID": "佐倉 14", "label": "佐倉 14", "call_short": "G7960 S50 .K61", "call_num": "G7960 S50 .K61 NI-54-19-14", "recid": "ck169zr2896", "websiteUrl": "https://purl.stanford.edu/ck169zr2896", "title": "[日本] 五万分一地形圖", "ckey": 9741696, "available": true, "iiifUrl": "https://purl.stanford.edu/ck169zr2896/iiif/manifest" }, "geometry": { "type": "Polygon", "coordinates": [ [ [ 140.0, 35.6666665 ], [ 140.25, 35.6666665 ], [ 140.25, 35.8333332 ], [ 140.0, 35.8333332 ], [ 140.0, 35.6666665 ] ] ] } },
{ "type": "Feature", "properties": { "Id": 0, "Sheet_ID": "佐倉 15", "label": "佐倉 15", "call_short": "G7960 S50 .K61", "call_num": "G7960 S50 .K61 NI-54-19-15", "recid": "ck275xz3653", "websiteUrl": "https://purl.stanford.edu/ck275xz3653", "title": "[日本] 五万分一地形圖", "ckey": 9741696, "available": true, "iiifUrl": "https://purl.stanford.edu/ck275xz3653/iiif/manifest" }, "geometry": { "type": "Polygon", "coordinates": [ [ [ 140.0, 35.4999998 ], [ 140.25, 35.4999998 ], [ 140.25, 35.6666665 ], [ 140.0, 35.6666665 ], [ 140.0, 35.4999998 ] ] ] } },
{ "type": "Feature", "properties": { "Id": 0, "Sheet_ID": "田辺 8", "label": "田辺 8", "call_short": "0", "call_num": "0", "recid": "0", "websiteUrl": "0", "title": "0", "ckey": 0, "available": false, "iiifUrl": "0" }, "geometry": { "type": "Polygon", "coordinates": [ [ [ 135.5, 33.333333 ], [ 135.75, 33.333333 ], [ 135.75, 33.4999998 ], [ 135.5, 33.4999998 ], [ 135.5, 33.333333 ] ] ] } },
{ "type": "Feature", "properties": { "Id": 0, "Sheet_ID": "田辺 4", "label": "田辺 4", "call_short": "0", "call_num": "0", "recid": "0", "websiteUrl": "0", "title": "0", "ckey": 0, "available": false, "iiifUrl": "0" }, "geometry": { "type": "Polygon", "coordinates": [ [ [ 135.75, 33.333333 ], [ 136.0, 33.333333 ], [ 136.0, 33.4999998 ], [ 135.75, 33.4999998 ], [ 135.75, 33.333333 ] ] ] } },
{ "type": "Feature", "properties": { "Id": 0, "Sheet_ID": "田辺 11", "label": "田辺 11", "call_short": "G7960 S50 .K61", "call_num": "G7960 S50 .K61 NI-53-16-11", "recid": "xp912ry0126", "websiteUrl": "https://purl.stanford.edu/xp912ry0126", "title": "[日本] 五万分一地形圖", "ckey": 9741696, "available": true, "iiifUrl": "https://purl.stanford.edu/xp912ry0126/iiif/manifest" }, "geometry": { "type": "Polygon", "coordinates": [ [ [ 135.25, 33.4999998 ], [ 135.5, 33.4999998 ], [ 135.5, 33.6666665 ], [ 135.25, 33.6666665 ], [ 135.25, 33.4999998 ] ] ] } },
{ "type": "Feature", "properties": { "Id": 0, "Sheet_ID": "田辺 7", "label": "田辺 7", "call_short": "0", "call_num": "0", "recid": "0", "websiteUrl": "0", "title": "0", "ckey": 0, "available": false, "iiifUrl": "0" }, "geometry": { "type": "Polygon", "coordinates": [ [ [ 135.5, 33.4999998 ], [ 135.75, 33.4999998 ], [ 135.75, 33.6666665 ], [ 135.5, 33.6666665 ], [ 135.5, 33.4999998 ] ] ] } },
{ "type": "Feature", "properties": { "Id": 0, "Sheet_ID": "田辺 3", "label": "田辺 3", "call_short": "0", "call_num": "0", "recid": "0", "websiteUrl": "0", "title": "0", "ckey": 0, "available": false, "iiifUrl": "0" }, "geometry": { "type": "Polygon", "coordinates": [ [ [ 135.75, 33.4999998 ], [ 136.0, 33.4999998 ], [ 136.0, 33.6666665 ], [ 135.75, 33.6666665 ], [ 135.75, 33.4999998 ] ] ] } },
{ "type": "Feature", "properties": { "Id": 0, "Sheet_ID": "田辺 14", "label": "田辺 14", "call_short": "0", "call_num": "0", "recid": "0", "websiteUrl": "0", "title": "0", "ckey": 0, "available": false, "iiifUrl": "0" }, "geometry": { "type": "Polygon", "coordinates": [ [ [ 135.0, 33.6666665 ], [ 135.25, 33.6666665 ], [ 135.25, 33.8333333 ], [ 135.0, 33.8333333 ], [ 135.0, 33.6666665 ] ] ] } },
{ "type": "Feature", "properties": { "Id": 0, "Sheet_ID": "田辺 10", "label": "田辺 10", "call_short": "0", "call_num": "0", "recid": "0", "websiteUrl": "0", "title": "0", "ckey": 0, "available": false, "iiifUrl": "0" }, "geometry": { "type": "Polygon", "coordinates": [ [ [ 135.25, 33.6666665 ], [ 135.5, 33.6666665 ], [ 135.5, 33.8333333 ], [ 135.25, 33.8333333 ], [ 135.25, 33.6666665 ] ] ] } },
{ "type": "Feature", "properties": { "Id": 0, "Sheet_ID": "田辺 6", "label": "田辺 6", "call_short": "0", "call_num": "0", "recid": "0", "websiteUrl": "0", "title": "0", "ckey": 0, "available": false, "iiifUrl": "0" }, "geometry": { "type": "Polygon", "coordinates": [ [ [ 135.5, 33.6666665 ], [ 135.75, 33.6666665 ], [ 135.75, 33.8333333 ], [ 135.5, 33.8333333 ], [ 135.5, 33.6666665 ] ] ] } },
{ "type": "Feature", "properties": { "Id": 0, "Sheet_ID": "田辺 2", "label": "田辺 2", "call_short": "0", "call_num": "0", "recid": "0", "websiteUrl": "0", "title": "0", "ckey": 0, "available": false, "iiifUrl": "0" }, "geometry": { "type": "Polygon", "coordinates": [ [ [ 135.75, 33.6666665 ], [ 136.0, 33.6666665 ], [ 136.0, 33.8333333 ], [ 135.75, 33.8333333 ], [ 135.75, 33.6666665 ] ] ] } },
{ "type": "Feature", "properties": { "Id": 0, "Sheet_ID": "田辺 13", "label": "田辺 13", "call_short": "0", "call_num": "0", "recid": "0", "websiteUrl": "0", "title": "0", "ckey": 0, "available": false, "iiifUrl": "0" }, "geometry": { "type": "Polygon", "coordinates": [ [ [ 135.0, 33.8333333 ], [ 135.25, 33.8333333 ], [ 135.25, 34.0 ], [ 135.0, 34.0 ], [ 135.0, 33.8333333 ] ] ] } },
{ "type": "Feature", "properties": { "Id": 0, "Sheet_ID": "田辺 9", "label": "田辺 9", "call_short": "0", "call_num": "0", "recid": "0", "websiteUrl": "0", "title": "0", "ckey": 0, "available": false, "iiifUrl": "0" }, "geometry": { "type": "Polygon", "coordinates": [ [ [ 135.25, 33.8333333 ], [ 135.5, 33.8333333 ], [ 135.5, 34.0 ], [ 135.25, 34.0 ], [ 135.25, 33.8333333 ] ] ] } },
{ "type": "Feature", "properties": { "Id": 0, "Sheet_ID": "田辺 5", "label": "田辺 5", "call_short": "0", "call_num": "0", "recid": "0", "websiteUrl": "0", "title": "0", "ckey": 0, "available": false, "iiifUrl": "0" }, "geometry": { "type": "Polygon", "coordinates": [ [ [ 135.5, 33.8333333 ], [ 135.75, 33.8333333 ], [ 135.75, 34.0 ], [ 135.5, 34.0 ], [ 135.5, 33.8333333 ] ] ] } },
{ "type": "Feature", "properties": { "Id": 0, "Sheet_ID": "田辺 1", "label": "田辺 1", "call_short": "0", "call_num": "0", "recid": "0", "websiteUrl": "0", "title": "0", "ckey": 0, "available": false, "iiifUrl": "0" }, "geometry": { "type": "Polygon", "coordinates": [ [ [ 135.75, 33.8333333 ], [ 136.0, 33.8333333 ], [ 136.0, 34.0 ], [ 135.75, 34.0 ], [ 135.75, 33.8333333 ] ] ] } },
{ "type": "Feature", "properties": { "Id": 0, "Sheet_ID": "和歌山 16", "label": "和歌山 16", "call_short": "G7960 S50 .K61", "call_num": "G7960 S50 .K61 NI-53-15-16", "recid": "fm207tv8865", "websiteUrl": "https://purl.stanford.edu/fm207tv8865", "title": "[日本] 五万分一地形圖", "ckey": 9741696, "available": true, "iiifUrl": "https://purl.stanford.edu/fm207tv8865/iiif/manifest" }, "geometry": { "type": "Polygon", "coordinates": [ [ [ 135.0, 34.0 ], [ 135.25, 34.0 ], [ 135.25, 34.1666667 ], [ 135.0, 34.1666667 ], [ 135.0, 34.0 ] ] ] } },
{ "type": "Feature", "properties": { "Id": 0, "Sheet_ID": "和歌山 12", "label": "和歌山 12", "call_short": "0", "call_num": "0", "recid": "0", "websiteUrl": "0", "title": "0", "ckey": 0, "available": false, "iiifUrl": "0" }, "geometry": { "type": "Polygon", "coordinates": [ [ [ 135.25, 34.0 ], [ 135.5, 34.0 ], [ 135.5, 34.1666667 ], [ 135.25, 34.1666667 ], [ 135.25, 34.0 ] ] ] } },
{ "type": "Feature", "properties": { "Id": 0, "Sheet_ID": "和歌山 8", "label": "和歌山 8", "call_short": "0", "call_num": "0", "recid": "0", "websiteUrl": "0", "title": "0", "ckey": 0, "available": false, "iiifUrl": "0" }, "geometry": { "type": "Polygon", "coordinates": [ [ [ 135.5, 34.0 ], [ 135.75, 34.0 ], [ 135.75, 34.1666667 ], [ 135.5, 34.1666667 ], [ 135.5, 34.0 ] ] ] } },
{ "type": "Feature", "properties": { "Id": 0, "Sheet_ID": "和歌山 4", "label": "和歌山 4", "call_short": "0", "call_num": "0", "recid": "0", "websiteUrl": "0", "title": "0", "ckey": 0, "available": false, "iiifUrl": "0" }, "geometry": { "type": "Polygon", "coordinates": [ [ [ 135.75, 34.0 ], [ 136.0, 34.0 ], [ 136.0, 34.1666667 ], [ 135.75, 34.1666667 ], [ 135.75, 34.0 ] ] ] } },
{ "type": "Feature", "properties": { "Id": 0, "Sheet_ID": "和歌山 15", "label": "和歌山 15", "call_short": "0", "call_num": "0", "recid": "0", "websiteUrl": "0", "title": "0", "ckey": 0, "available": false, "iiifUrl": "0" }, "geometry": { "type": "Polygon", "coordinates": [ [ [ 135.0, 34.1666667 ], [ 135.25, 34.1666667 ], [ 135.25, 34.3333335 ], [ 135.0, 34.3333335 ], [ 135.0, 34.1666667 ] ] ] } },
{ "type": "Feature", "properties": { "Id": 0, "Sheet_ID": "和歌山 11", "label": "和歌山 11", "call_short": "0", "call_num": "0", "recid": "0", "websiteUrl": "0", "title": "0", "ckey": 0, "available": false, "iiifUrl": "0" }, "geometry": { "type": "Polygon", "coordinates": [ [ [ 135.25, 34.1666667 ], [ 135.5, 34.1666667 ], [ 135.5, 34.3333335 ], [ 135.25, 34.3333335 ], [ 135.25, 34.1666667 ] ] ] } },
{ "type": "Feature", "properties": { "Id": 0, "Sheet_ID": "和歌山 7", "label": "和歌山 7", "call_short": "0", "call_num": "0", "recid": "0", "websiteUrl": "0", "title": "0", "ckey": 0, "available": false, "iiifUrl": "0" }, "geometry": { "type": "Polygon", "coordinates": [ [ [ 135.5, 34.1666667 ], [ 135.75, 34.1666667 ], [ 135.75, 34.3333335 ], [ 135.5, 34.3333335 ], [ 135.5, 34.1666667 ] ] ] } },
{ "type": "Feature", "properties": { "Id": 0, "Sheet_ID": "和歌山 3", "label": "和歌山 3", "call_short": "0", "call_num": "0", "recid": "0", "websiteUrl": "0", "title": "0", "ckey": 0, "available": false, "iiifUrl": "0" }, "geometry": { "type": "Polygon", "coordinates": [ [ [ 135.75, 34.1666667 ], [ 136.0, 34.1666667 ], [ 136.0, 34.3333335 ], [ 135.75, 34.3333335 ], [ 135.75, 34.1666667 ] ] ] } },
{ "type": "Feature", "properties": { "Id": 0, "Sheet_ID": "和歌山 14", "label": "和歌山 14", "call_short": "G7960 S50 .K61", "call_num": "G7960 S50 .K61 NI-53-15-14", "recid": "cp082fw2198", "websiteUrl": "https://purl.stanford.edu/cp082fw2198", "title": "[日本] 五万分一地形圖", "ckey": 9741696, "available": true, "iiifUrl": "https://purl.stanford.edu/cp082fw2198/iiif/manifest" }, "geometry": { "type": "Polygon", "coordinates": [ [ [ 135.0, 34.3333335 ], [ 135.25, 34.3333335 ], [ 135.25, 34.5000002 ], [ 135.0, 34.5000002 ], [ 135.0, 34.3333335 ] ] ] } },
{ "type": "Feature", "properties": { "Id": 0, "Sheet_ID": "和歌山 10", "label": "和歌山 10", "call_short": "0", "call_num": "0", "recid": "0", "websiteUrl": "0", "title": "0", "ckey": 0, "available": false, "iiifUrl": "0" }, "geometry": { "type": "Polygon", "coordinates": [ [ [ 135.25, 34.3333335 ], [ 135.5, 34.3333335 ], [ 135.5, 34.5000002 ], [ 135.25, 34.5000002 ], [ 135.25, 34.3333335 ] ] ] } },
{ "type": "Feature", "properties": { "Id": 0, "Sheet_ID": "和歌山 6", "label": "和歌山 6", "call_short": "0", "call_num": "0", "recid": "0", "websiteUrl": "0", "title": "0", "ckey": 0, "available": false, "iiifUrl": "0" }, "geometry": { "type": "Polygon", "coordinates": [ [ [ 135.5, 34.3333335 ], [ 135.75, 34.3333335 ], [ 135.75, 34.5000002 ], [ 135.5, 34.5000002 ], [ 135.5, 34.3333335 ] ] ] } },
{ "type": "Feature", "properties": { "Id": 0, "Sheet_ID": "和歌山 2", "label": "和歌山 2", "call_short": "0", "call_num": "0", "recid": "0", "websiteUrl": "0", "title": "0", "ckey": 0, "available": false, "iiifUrl": "0" }, "geometry": { "type": "Polygon", "coordinates": [ [ [ 135.75, 34.3333335 ], [ 136.0, 34.3333335 ], [ 136.0, 34.5000002 ], [ 135.75, 34.5000002 ], [ 135.75, 34.3333335 ] ] ] } },
{ "type": "Feature", "properties": { "Id": 0, "Sheet_ID": "和歌山 13", "label": "和歌山 13", "call_short": "0", "call_num": "0", "recid": "0", "websiteUrl": "0", "title": "0", "ckey": 0, "available": false, "iiifUrl": "0" }, "geometry": { "type": "Polygon", "coordinates": [ [ [ 135.0, 34.5000002 ], [ 135.25, 34.5000002 ], [ 135.25, 34.666667 ], [ 135.0, 34.666667 ], [ 135.0, 34.5000002 ] ] ] } },
{ "type": "Feature", "properties": { "Id": 0, "Sheet_ID": "和歌山 9", "label": "和歌山 9", "call_short": "0", "call_num": "0", "recid": "0", "websiteUrl": "0", "title": "0", "ckey": 0, "available": false, "iiifUrl": "0" }, "geometry": { "type": "Polygon", "coordinates": [ [ [ 135.25, 34.5000002 ], [ 135.5, 34.5000002 ], [ 135.5, 34.666667 ], [ 135.25, 34.666667 ], [ 135.25, 34.5000002 ] ] ] } },
{ "type": "Feature", "properties": { "Id": 0, "Sheet_ID": "和歌山 5", "label": "和歌山 5", "call_short": "0", "call_num": "0", "recid": "0", "websiteUrl": "0", "title": "0", "ckey": 0, "available": false, "iiifUrl": "0" }, "geometry": { "type": "Polygon", "coordinates": [ [ [ 135.5, 34.5000002 ], [ 135.75, 34.5000002 ], [ 135.75, 34.666667 ], [ 135.5, 34.666667 ], [ 135.5, 34.5000002 ] ] ] } },
{ "type": "Feature", "properties": { "Id": 0, "Sheet_ID": "和歌山 1", "label": "和歌山 1", "call_short": "0", "call_num": "0", "recid": "0", "websiteUrl": "0", "title": "0", "ckey": 0, "available": false, "iiifUrl": "0" }, "geometry": { "type": "Polygon", "coordinates": [ [ [ 135.75, 34.5000002 ], [ 136.0, 34.5000002 ], [ 136.0, 34.666667 ], [ 135.75, 34.666667 ], [ 135.75, 34.5000002 ] ] ] } },
{ "type": "Feature", "properties": { "Id": 0, "Sheet_ID": "京都及大阪 16", "label": "京都及大阪 16", "call_short": "G7960 S50 .K61", "call_num": "G7960 S50 .K61 NI-53-14-16", "recid": "fs206br6980", "websiteUrl": "https://purl.stanford.edu/fs206br6980", "title": "[日本] 五万分一地形圖", "ckey": 9741696, "available": true, "iiifUrl": "https://purl.stanford.edu/fs206br6980/iiif/manifest" }, "geometry": { "type": "Polygon", "coordinates": [ [ [ 135.0, 34.666667 ], [ 135.25, 34.666667 ], [ 135.25, 34.8333335 ], [ 135.0, 34.8333335 ], [ 135.0, 34.666667 ] ] ] } },
{ "type": "Feature", "properties": { "Id": 0, "Sheet_ID": "京都及大阪 12", "label": "京都及大阪 12", "call_short": "0", "call_num": "0", "recid": "0", "websiteUrl": "0", "title": "0", "ckey": 0, "available": false, "iiifUrl": "0" }, "geometry": { "type": "Polygon", "coordinates": [ [ [ 135.25, 34.666667 ], [ 135.5, 34.666667 ], [ 135.5, 34.8333335 ], [ 135.25, 34.8333335 ], [ 135.25, 34.666667 ] ] ] } },
{ "type": "Feature", "properties": { "Id": 0, "Sheet_ID": "京都及大阪 8", "label": "京都及大阪 8", "call_short": "0", "call_num": "0", "recid": "0", "websiteUrl": "0", "title": "0", "ckey": 0, "available": false, "iiifUrl": "0" }, "geometry": { "type": "Polygon", "coordinates": [ [ [ 135.5, 34.666667 ], [ 135.75, 34.666667 ], [ 135.75, 34.8333335 ], [ 135.5, 34.8333335 ], [ 135.5, 34.666667 ] ] ] } },
{ "type": "Feature", "properties": { "Id": 0, "Sheet_ID": "京都及大阪 4", "label": "京都及大阪 4", "call_short": "0", "call_num": "0", "recid": "0", "websiteUrl": "0", "title": "0", "ckey": 0, "available": false, "iiifUrl": "0" }, "geometry": { "type": "Polygon", "coordinates": [ [ [ 135.75, 34.666667 ], [ 136.0, 34.666667 ], [ 136.0, 34.8333335 ], [ 135.75, 34.8333335 ], [ 135.75, 34.666667 ] ] ] } },
{ "type": "Feature", "properties": { "Id": 0, "Sheet_ID": "京都及大阪 15", "label": "京都及大阪 15", "call_short": "G7960 S50 .K61", "call_num": "G7960 S50 .K61 NI-53-14-15", "recid": "bh342dt9740", "websiteUrl": "https://purl.stanford.edu/bh342dt9740", "title": "[日本] 五万分一地形圖", "ckey": 9741696, "available": true, "iiifUrl": "https://purl.stanford.edu/bh342dt9740/iiif/manifest" }, "geometry": { "type": "Polygon", "coordinates": [ [ [ 135.0, 34.8333335 ], [ 135.25, 34.8333335 ], [ 135.25, 35.0 ], [ 135.0, 35.0 ], [ 135.0, 34.8333335 ] ] ] } },
{ "type": "Feature", "properties": { "Id": 0, "Sheet_ID": "京都及大阪 11", "label": "京都及大阪 11", "call_short": "0", "call_num": "0", "recid": "0", "websiteUrl": "0", "title": "0", "ckey": 0, "available": false, "iiifUrl": "0" }, "geometry": { "type": "Polygon", "coordinates": [ [ [ 135.25, 34.8333335 ], [ 135.5, 34.8333335 ], [ 135.5, 35.0 ], [ 135.25, 35.0 ], [ 135.25, 34.8333335 ] ] ] } },
{ "type": "Feature", "properties": { "Id": 0, "Sheet_ID": "京都及大阪 7", "label": "京都及大阪 7", "call_short": "0", "call_num": "0", "recid": "0", "websiteUrl": "0", "title": "0", "ckey": 0, "available": false, "iiifUrl": "0" }, "geometry": { "type": "Polygon", "coordinates": [ [ [ 135.5, 34.8333335 ], [ 135.75, 34.8333335 ], [ 135.75, 35.0 ], [ 135.5, 35.0 ], [ 135.5, 34.8333335 ] ] ] } },
{ "type": "Feature", "properties": { "Id": 0, "Sheet_ID": "京都及大阪 3", "label": "京都及大阪 3", "call_short": "0", "call_num": "0", "recid": "0", "websiteUrl": "0", "title": "0", "ckey": 0, "available": false, "iiifUrl": "0" }, "geometry": { "type": "Polygon", "coordinates": [ [ [ 135.75, 34.8333335 ], [ 136.0, 34.8333335 ], [ 136.0, 35.0 ], [ 135.75, 35.0 ], [ 135.75, 34.8333335 ] ] ] } },
{ "type": "Feature", "properties": { "Id": 0, "Sheet_ID": "京都及大阪 14", "label": "京都及大阪 14", "call_short": "G7960 S50 .K61", "call_num": "G7960 S50 .K61 NI-53-14-14", "recid": "th205td8364", "websiteUrl": "https://purl.stanford.edu/th205td8364", "title": "[日本] 五万分一地形圖", "ckey": 9741696, "available": true, "iiifUrl": "https://purl.stanford.edu/th205td8364/iiif/manifest" }, "geometry": { "type": "Polygon", "coordinates": [ [ [ 135.0, 35.0 ], [ 135.25, 35.0 ], [ 135.25, 35.1666665 ], [ 135.0, 35.1666665 ], [ 135.0, 35.0 ] ] ] } },
{ "type": "Feature", "properties": { "Id": 0, "Sheet_ID": "京都及大阪 10", "label": "京都及大阪 10", "call_short": "G7960 S50 .K61", "call_num": "G7960 S50 .K61 NI-53-14-10", "recid": "yy609kc2650", "websiteUrl": "https://purl.stanford.edu/yy609kc2650", "title": "[日本] 五万分一地形圖", "ckey": 9741696, "available": true, "iiifUrl": "https://purl.stanford.edu/yy609kc2650/iiif/manifest" }, "geometry": { "type": "Polygon", "coordinates": [ [ [ 135.25, 35.0 ], [ 135.5, 35.0 ], [ 135.5, 35.1666665 ], [ 135.25, 35.1666665 ], [ 135.25, 35.0 ] ] ] } },
{ "type": "Feature", "properties": { "Id": 0, "Sheet_ID": "京都及大阪 6", "label": "京都及大阪 6", "call_short": "0", "call_num": "0", "recid": "0", "websiteUrl": "0", "title": "0", "ckey": 0, "available": false, "iiifUrl": "0" }, "geometry": { "type": "Polygon", "coordinates": [ [ [ 135.5, 35.0 ], [ 135.75, 35.0 ], [ 135.75, 35.1666665 ], [ 135.5, 35.1666665 ], [ 135.5, 35.0 ] ] ] } },
{ "type": "Feature", "properties": { "Id": 0, "Sheet_ID": "京都及大阪 2", "label": "京都及大阪 2", "call_short": "0", "call_num": "0", "recid": "0", "websiteUrl": "0", "title": "0", "ckey": 0, "available": false, "iiifUrl": "0" }, "geometry": { "type": "Polygon", "coordinates": [ [ [ 135.75, 35.0 ], [ 136.0, 35.0 ], [ 136.0, 35.1666665 ], [ 135.75, 35.1666665 ], [ 135.75, 35.0 ] ] ] } },
{ "type": "Feature", "properties": { "Id": 0, "Sheet_ID": "京都及大阪 13", "label": "京都及大阪 13", "call_short": "G7960 S50 .K61", "call_num": "G7960 S50 .K61 NI-53-14-13", "recid": "rb776dk6462", "websiteUrl": "https://purl.stanford.edu/rb776dk6462", "title": "[日本] 五万分一地形圖", "ckey": 9741696, "available": true, "iiifUrl": "https://purl.stanford.edu/rb776dk6462/iiif/manifest" }, "geometry": { "type": "Polygon", "coordinates": [ [ [ 135.0, 35.1666665 ], [ 135.25, 35.1666665 ], [ 135.25, 35.333333 ], [ 135.0, 35.333333 ], [ 135.0, 35.1666665 ] ] ] } },
{ "type": "Feature", "properties": { "Id": 0, "Sheet_ID": "京都及大阪 9", "label": "京都及大阪 9", "call_short": "G7960 S50 .K61", "call_num": "G7960 S50 .K61 NI-53-14-9", "recid": "yk313dm7589", "websiteUrl": "https://purl.stanford.edu/yk313dm7589", "title": "[日本] 五万分一地形圖", "ckey": 9741696, "available": true, "iiifUrl": "https://purl.stanford.edu/yk313dm7589/iiif/manifest" }, "geometry": { "type": "Polygon", "coordinates": [ [ [ 135.25, 35.1666665 ], [ 135.5, 35.1666665 ], [ 135.5, 35.333333 ], [ 135.25, 35.333333 ], [ 135.25, 35.1666665 ] ] ] } },
{ "type": "Feature", "properties": { "Id": 0, "Sheet_ID": "京都及大阪 5", "label": "京都及大阪 5", "call_short": "G7960 S50 .K61", "call_num": "G7960 S50 .K61 NI-53-14-5", "recid": "sg892mr4720", "websiteUrl": "https://purl.stanford.edu/sg892mr4720", "title": "[日本] 五万分一地形圖", "ckey": 9741696, "available": true, "iiifUrl": "https://purl.stanford.edu/sg892mr4720/iiif/manifest" }, "geometry": { "type": "Polygon", "coordinates": [ [ [ 135.5, 35.1666665 ], [ 135.75, 35.1666665 ], [ 135.75, 35.333333 ], [ 135.5, 35.333333 ], [ 135.5, 35.1666665 ] ] ] } },
{ "type": "Feature", "properties": { "Id": 0, "Sheet_ID": "京都及大阪 1", "label": "京都及大阪 1", "call_short": "G7960 S50 .K61", "call_num": "G7960 S50 .K61 NI-53-14-1", "recid": "hf547qg6944", "websiteUrl": "https://purl.stanford.edu/hf547qg6944", "title": "[日本] 五万分一地形圖", "ckey": 9741696, "available": true, "iiifUrl": "https://purl.stanford.edu/hf547qg6944/iiif/manifest" }, "geometry": { "type": "Polygon", "coordinates": [ [ [ 135.75, 35.1666665 ], [ 136.0, 35.1666665 ], [ 136.0, 35.333333 ], [ 135.75, 35.333333 ], [ 135.75, 35.1666665 ] ] ] } },
{ "type": "Feature", "properties": { "Id": 0, "Sheet_ID": "宮津 16", "label": "宮津 16", "call_short": "G7960 S50 .K61", "call_num": "G7960 S50 .K61 NI-53-13-16", "recid": "cs626kq2282", "websiteUrl": "https://purl.stanford.edu/cs626kq2282", "title": "[日本] 五万分一地形圖", "ckey": 9741696, "available": true, "iiifUrl": "https://purl.stanford.edu/cs626kq2282/iiif/manifest" }, "geometry": { "type": "Polygon", "coordinates": [ [ [ 135.0, 35.333333 ], [ 135.25, 35.333333 ], [ 135.25, 35.4999998 ], [ 135.0, 35.4999998 ], [ 135.0, 35.333333 ] ] ] } },
{ "type": "Feature", "properties": { "Id": 0, "Sheet_ID": "宮津 12", "label": "宮津 12", "call_short": "G7960 S50 .K61", "call_num": "G7960 S50 .K61 NI-53-13-12", "recid": "fm710xw1713", "websiteUrl": "https://purl.stanford.edu/fm710xw1713", "title": "[日本] 五万分一地形圖", "ckey": 9741696, "available": true, "iiifUrl": "https://purl.stanford.edu/fm710xw1713/iiif/manifest" }, "geometry": { "type": "Polygon", "coordinates": [ [ [ 135.25, 35.333333 ], [ 135.5, 35.333333 ], [ 135.5, 35.4999998 ], [ 135.25, 35.4999998 ], [ 135.25, 35.333333 ] ] ] } },
{ "type": "Feature", "properties": { "Id": 0, "Sheet_ID": "宮津 8", "label": "宮津 8", "call_short": "G7960 S50 .K61", "call_num": "G7960 S50 .K61 NI-53-13-8", "recid": "bt775bn2308", "websiteUrl": "https://purl.stanford.edu/bt775bn2308", "title": "[日本] 五万分一地形圖", "ckey": 9741696, "available": true, "iiifUrl": "https://purl.stanford.edu/bt775bn2308/iiif/manifest" }, "geometry": { "type": "Polygon", "coordinates": [ [ [ 135.5, 35.333333 ], [ 135.75, 35.333333 ], [ 135.75, 35.4999998 ], [ 135.5, 35.4999998 ], [ 135.5, 35.333333 ] ] ] } },
{ "type": "Feature", "properties": { "Id": 0, "Sheet_ID": "宮津 4 ED.2", "label": "宮津 4 ED.2", "call_short": "G7960 S50 .K61", "call_num": "G7960 S50 .K61 NI-53-13-4 ED.2", "recid": "yr687nq8040", "websiteUrl": "https://purl.stanford.edu/yr687nq8040", "title": "[日本] 五万分一地形圖", "ckey": 9741696, "available": true, "iiifUrl": "https://purl.stanford.edu/yr687nq8040/iiif/manifest" }, "geometry": { "type": "Polygon", "coordinates": [ [ [ 135.75, 35.333333 ], [ 136.0, 35.333333 ], [ 136.0, 35.4999998 ], [ 135.75, 35.4999998 ], [ 135.75, 35.333333 ] ] ] } },
{ "type": "Feature", "properties": { "Id": 0, "Sheet_ID": "宮津 15", "label": "宮津 15", "call_short": "G7960 S50 .K61", "call_num": "G7960 S50 .K61 NI-53-13-15", "recid": "vg287bt4412", "websiteUrl": "https://purl.stanford.edu/vg287bt4412", "title": "[日本] 五万分一地形圖", "ckey": 9741696, "available": true, "iiifUrl": "https://purl.stanford.edu/vg287bt4412/iiif/manifest" }, "geometry": { "type": "Polygon", "coordinates": [ [ [ 135.0, 35.4999998 ], [ 135.25, 35.4999998 ], [ 135.25, 35.6666665 ], [ 135.0, 35.6666665 ], [ 135.0, 35.4999998 ] ] ] } },
{ "type": "Feature", "properties": { "Id": 0, "Sheet_ID": "宮津 11", "label": "宮津 11", "call_short": "G7960 S50 .K61", "call_num": "G7960 S50 .K61 NI-53-13-11", "recid": "xb628rh2819", "websiteUrl": "https://purl.stanford.edu/xb628rh2819", "title": "[日本] 五万分一地形圖", "ckey": 9741696, "available": true, "iiifUrl": "https://purl.stanford.edu/xb628rh2819/iiif/manifest" }, "geometry": { "type": "Polygon", "coordinates": [ [ [ 135.25, 35.4999998 ], [ 135.5, 35.4999998 ], [ 135.5, 35.6666665 ], [ 135.25, 35.6666665 ], [ 135.25, 35.4999998 ] ] ] } },
{ "type": "Feature", "properties": { "Id": 0, "Sheet_ID": "宮津 7", "label": "宮津 7", "call_short": "0", "call_num": "0", "recid": "0", "websiteUrl": "0", "title": "0", "ckey": 0, "available": false, "iiifUrl": "0" }, "geometry": { "type": "Polygon", "coordinates": [ [ [ 135.5, 35.4999998 ], [ 135.75, 35.4999998 ], [ 135.75, 35.6666665 ], [ 135.5, 35.6666665 ], [ 135.5, 35.4999998 ] ] ] } },
{ "type": "Feature", "properties": { "Id": 0, "Sheet_ID": "宮津 3", "label": "宮津 3", "call_short": "G7960 S50 .K61", "call_num": "G7960 S50 .K61 NI-53-13-3", "recid": "vv532dq6695", "websiteUrl": "https://purl.stanford.edu/vv532dq6695", "title": "[日本] 五万分一地形圖", "ckey": 9741696, "available": true, "iiifUrl": "https://purl.stanford.edu/vv532dq6695/iiif/manifest" }, "geometry": { "type": "Polygon", "coordinates": [ [ [ 135.75, 35.4999998 ], [ 136.0, 35.4999998 ], [ 136.0, 35.6666665 ], [ 135.75, 35.6666665 ], [ 135.75, 35.4999998 ] ] ] } },
{ "type": "Feature", "properties": { "Id": 0, "Sheet_ID": "宮津 14", "label": "宮津 14", "call_short": "0", "call_num": "0", "recid": "0", "websiteUrl": "0", "title": "0", "ckey": 0, "available": false, "iiifUrl": "0" }, "geometry": { "type": "Polygon", "coordinates": [ [ [ 135.0, 35.6666665 ], [ 135.25, 35.6666665 ], [ 135.25, 35.8333333 ], [ 135.0, 35.8333333 ], [ 135.0, 35.6666665 ] ] ] } },
{ "type": "Feature", "properties": { "Id": 0, "Sheet_ID": "宮津 10", "label": "宮津 10", "call_short": "0", "call_num": "0", "recid": "0", "websiteUrl": "0", "title": "0", "ckey": 0, "available": false, "iiifUrl": "0" }, "geometry": { "type": "Polygon", "coordinates": [ [ [ 135.25, 35.6666665 ], [ 135.5, 35.6666665 ], [ 135.5, 35.8333333 ], [ 135.25, 35.8333333 ], [ 135.25, 35.6666665 ] ] ] } },
{ "type": "Feature", "properties": { "Id": 0, "Sheet_ID": "宮津 2 ED.2", "label": "宮津 2 ED.2", "call_short": "G7960 S50 .K61", "call_num": "G7960 S50 .K61 NI-53-13-2 ED.2", "recid": "hj992gy9156", "websiteUrl": "https://purl.stanford.edu/hj992gy9156", "title": "[日本] 五万分一地形圖", "ckey": 9741696, "available": true, "iiifUrl": "https://purl.stanford.edu/hj992gy9156/iiif/manifest" }, "geometry": { "type": "Polygon", "coordinates": [ [ [ 135.75, 35.6666665 ], [ 136.0, 35.6666665 ], [ 136.0, 35.8333333 ], [ 135.75, 35.8333333 ], [ 135.75, 35.6666665 ] ] ] } },
{ "type": "Feature", "properties": { "Id": 0, "Sheet_ID": "宮津 1", "label": "宮津 1", "call_short": "G7960 S50 .K61", "call_num": "G7960 S50 .K61 NI-53-13-1", "recid": "cm182jc3470", "websiteUrl": "https://purl.stanford.edu/cm182jc3470", "title": "[日本] 五万分一地形圖", "ckey": 9741696, "available": true, "iiifUrl": "https://purl.stanford.edu/cm182jc3470/iiif/manifest" }, "geometry": { "type": "Polygon", "coordinates": [ [ [ 135.75, 35.8333333 ], [ 136.0, 35.8333333 ], [ 136.0, 36.0 ], [ 135.75, 36.0 ], [ 135.75, 35.8333333 ] ] ] } },
{ "type": "Feature", "properties": { "Id": 0, "Sheet_ID": "宮津 2", "label": "宮津 2", "call_short": "G7960 S50 .K61", "call_num": "G7960 S50 .K61 NI-53-13-2", "recid": "dh915ch4781", "websiteUrl": "https://purl.stanford.edu/dh915ch4781", "title": "[日本] 五万分一地形圖", "ckey": 9741696, "available": true, "iiifUrl": "https://purl.stanford.edu/dh915ch4781/iiif/manifest" }, "geometry": { "type": "Polygon", "coordinates": [ [ [ 135.75, 35.6666665 ], [ 136.0, 35.6666665 ], [ 136.0, 35.8333332 ], [ 135.75, 35.8333332 ], [ 135.75, 35.6666665 ] ] ] } },
{ "type": "Feature", "properties": { "Id": 0, "Sheet_ID": "宮津 3 ED.2", "label": "宮津 3 ED.2", "call_short": "G7960 S50 .K61", "call_num": "G7960 S50 .K61 NI-53-13-3 ED.2", "recid": "mg965mc8274", "websiteUrl": "https://purl.stanford.edu/mg965mc8274", "title": "[日本] 五万分一地形圖", "ckey": 9741696, "available": true, "iiifUrl": "https://purl.stanford.edu/mg965mc8274/iiif/manifest" }, "geometry": { "type": "Polygon", "coordinates": [ [ [ 135.75, 35.4999998 ], [ 136.0, 35.4999998 ], [ 136.0, 35.6666665 ], [ 135.75, 35.6666665 ], [ 135.75, 35.4999998 ] ] ] } },
{ "type": "Feature", "properties": { "Id": 0, "Sheet_ID": "宮津 4", "label": "宮津 4", "call_short": "G7960 S50 .K61", "call_num": "G7960 S50 .K61 NI-53-13-4", "recid": "cb173fj2995", "websiteUrl": "https://purl.stanford.edu/cb173fj2995", "title": "[日本] 五万分一地形圖", "ckey": 9741696, "available": true, "iiifUrl": "https://purl.stanford.edu/cb173fj2995/iiif/manifest" }, "geometry": { "type": "Polygon", "coordinates": [ [ [ 135.75, 35.333333 ], [ 136.0, 35.333333 ], [ 136.0, 35.4999998 ], [ 135.75, 35.4999998 ], [ 135.75, 35.333333 ] ] ] } },
{ "type": "Feature", "properties": { "Id": 0, "Sheet_ID": "木本 14", "label": "木本 14", "call_short": "0", "call_num": "0", "recid": "0", "websiteUrl": "0", "title": "0", "ckey": 0, "available": false, "iiifUrl": "0" }, "geometry": { "type": "Polygon", "coordinates": [ [ [ 136.0, 33.6666665 ], [ 136.25, 33.6666665 ], [ 136.25, 33.8333333 ], [ 136.0, 33.8333333 ], [ 136.0, 33.6666665 ] ] ] } },
{ "type": "Feature", "properties": { "Id": 0, "Sheet_ID": "木本 13", "label": "木本 13", "call_short": "0", "call_num": "0", "recid": "0", "websiteUrl": "0", "title": "0", "ckey": 0, "available": false, "iiifUrl": "0" }, "geometry": { "type": "Polygon", "coordinates": [ [ [ 136.0, 33.8333333 ], [ 136.25, 33.8333333 ], [ 136.25, 34.0 ], [ 136.0, 34.0 ], [ 136.0, 33.8333333 ] ] ] } },
{ "type": "Feature", "properties": { "Id": 0, "Sheet_ID": "木本 9", "label": "木本 9", "call_short": "G7960 S50 .K61", "call_num": "G7960 S50 .K61 NI-53-10-9", "recid": "nz086xv6429", "websiteUrl": "https://purl.stanford.edu/nz086xv6429", "title": "[日本] 五万分一地形圖", "ckey": 9741696, "available": true, "iiifUrl": "https://purl.stanford.edu/nz086xv6429/iiif/manifest" }, "geometry": { "type": "Polygon", "coordinates": [ [ [ 136.25, 33.8333333 ], [ 136.5, 33.8333333 ], [ 136.5, 34.0 ], [ 136.25, 34.0 ], [ 136.25, 33.8333333 ] ] ] } },
{ "type": "Feature", "properties": { "Id": 0, "Sheet_ID": "宇治山田 16", "label": "宇治山田 16", "call_short": "0", "call_num": "0", "recid": "0", "websiteUrl": "0", "title": "0", "ckey": 0, "available": false, "iiifUrl": "0" }, "geometry": { "type": "Polygon", "coordinates": [ [ [ 136.0, 34.0 ], [ 136.25, 34.0 ], [ 136.25, 34.1666667 ], [ 136.0, 34.1666667 ], [ 136.0, 34.0 ] ] ] } },
{ "type": "Feature", "properties": { "Id": 0, "Sheet_ID": "宇治山田 12", "label": "宇治山田 12", "call_short": "G7960 S50 .K61", "call_num": "G7960 S50 .K61 NI-53-9-12", "recid": "vd339xd2901", "websiteUrl": "https://purl.stanford.edu/vd339xd2901", "title": "[日本] 五万分一地形圖", "ckey": 9741696, "available": true, "iiifUrl": "https://purl.stanford.edu/vd339xd2901/iiif/manifest" }, "geometry": { "type": "Polygon", "coordinates": [ [ [ 136.25, 34.0 ], [ 136.5, 34.0 ], [ 136.5, 34.1666667 ], [ 136.25, 34.1666667 ], [ 136.25, 34.0 ] ] ] } },
{ "type": "Feature", "properties": { "Id": 0, "Sheet_ID": "宇治山田 15", "label": "宇治山田 15", "call_short": "G7960 S50 .K61", "call_num": "G7960 S50 .K61 NI-53-9-15", "recid": "nq708ty2205", "websiteUrl": "https://purl.stanford.edu/nq708ty2205", "title": "[日本] 五万分一地形圖", "ckey": 9741696, "available": true, "iiifUrl": "https://purl.stanford.edu/nq708ty2205/iiif/manifest" }, "geometry": { "type": "Polygon", "coordinates": [ [ [ 136.0, 34.1666667 ], [ 136.25, 34.1666667 ], [ 136.25, 34.3333335 ], [ 136.0, 34.3333335 ], [ 136.0, 34.1666667 ] ] ] } },
{ "type": "Feature", "properties": { "Id": 0, "Sheet_ID": "宇治山田 11", "label": "宇治山田 11", "call_short": "0", "call_num": "0", "recid": "0", "websiteUrl": "0", "title": "0", "ckey": 0, "available": false, "iiifUrl": "0" }, "geometry": { "type": "Polygon", "coordinates": [ [ [ 136.25, 34.1666667 ], [ 136.5, 34.1666667 ], [ 136.5, 34.3333335 ], [ 136.25, 34.3333335 ], [ 136.25, 34.1666667 ] ] ] } },
{ "type": "Feature", "properties": { "Id": 0, "Sheet_ID": "宇治山田 7", "label": "宇治山田 7", "call_short": "0", "call_num": "0", "recid": "0", "websiteUrl": "0", "title": "0", "ckey": 0, "available": false, "iiifUrl": "0" }, "geometry": { "type": "Polygon", "coordinates": [ [ [ 136.5, 34.1666667 ], [ 136.75, 34.1666667 ], [ 136.75, 34.3333335 ], [ 136.5, 34.3333335 ], [ 136.5, 34.1666667 ] ] ] } },
{ "type": "Feature", "properties": { "Id": 0, "Sheet_ID": "宇治山田 3", "label": "宇治山田 3", "call_short": "0", "call_num": "0", "recid": "0", "websiteUrl": "0", "title": "0", "ckey": 0, "available": false, "iiifUrl": "0" }, "geometry": { "type": "Polygon", "coordinates": [ [ [ 136.75, 34.1666667 ], [ 137.0, 34.1666667 ], [ 137.0, 34.3333335 ], [ 136.75, 34.3333335 ], [ 136.75, 34.1666667 ] ] ] } },
{ "type": "Feature", "properties": { "Id": 0, "Sheet_ID": "宇治山田 14", "label": "宇治山田 14", "call_short": "G7960 S50 .K61", "call_num": "G7960 S50 .K61 NI-53-9-14", "recid": "mv462wr8279", "websiteUrl": "https://purl.stanford.edu/mv462wr8279", "title": "[日本] 五万分一地形圖", "ckey": 9741696, "available": true, "iiifUrl": "https://purl.stanford.edu/mv462wr8279/iiif/manifest" }, "geometry": { "type": "Polygon", "coordinates": [ [ [ 136.0, 34.3333335 ], [ 136.25, 34.3333335 ], [ 136.25, 34.5000002 ], [ 136.0, 34.5000002 ], [ 136.0, 34.3333335 ] ] ] } },
{ "type": "Feature", "properties": { "Id": 0, "Sheet_ID": "宇治山田 10", "label": "宇治山田 10", "call_short": "G7960 S50 .K61", "call_num": "G7960 S50 .K61 NI-53-9-10", "recid": "ky890ww0919", "websiteUrl": "https://purl.stanford.edu/ky890ww0919", "title": "[日本] 五万分一地形圖", "ckey": 9741696, "available": true, "iiifUrl": "https://purl.stanford.edu/ky890ww0919/iiif/manifest" }, "geometry": { "type": "Polygon", "coordinates": [ [ [ 136.25, 34.3333335 ], [ 136.5, 34.3333335 ], [ 136.5, 34.5000002 ], [ 136.25, 34.5000002 ], [ 136.25, 34.3333335 ] ] ] } },
{ "type": "Feature", "properties": { "Id": 0, "Sheet_ID": "宇治山田 6", "label": "宇治山田 6", "call_short": "G7960 S50 .K61", "call_num": "G7960 S50 .K61 NI-53-9-6", "recid": "hp452sf7379", "websiteUrl": "https://purl.stanford.edu/hp452sf7379", "title": "[日本] 五万分一地形圖", "ckey": 9741696, "available": true, "iiifUrl": "https://purl.stanford.edu/hp452sf7379/iiif/manifest" }, "geometry": { "type": "Polygon", "coordinates": [ [ [ 136.5, 34.3333335 ], [ 136.75, 34.3333335 ], [ 136.75, 34.5000002 ], [ 136.5, 34.5000002 ], [ 136.5, 34.3333335 ] ] ] } },
{ "type": "Feature", "properties": { "Id": 0, "Sheet_ID": "宇治山田 2", "label": "宇治山田 2", "call_short": "G7960 S50 .K61", "call_num": "G7960 S50 .K61 NI-53-9-2", "recid": "rg923dm4940", "websiteUrl": "https://purl.stanford.edu/rg923dm4940", "title": "[日本] 五万分一地形圖", "ckey": 9741696, "available": true, "iiifUrl": "https://purl.stanford.edu/rg923dm4940/iiif/manifest" }, "geometry": { "type": "Polygon", "coordinates": [ [ [ 136.75, 34.3333335 ], [ 137.0, 34.3333335 ], [ 137.0, 34.5000002 ], [ 136.75, 34.5000002 ], [ 136.75, 34.3333335 ] ] ] } },
{ "type": "Feature", "properties": { "Id": 0, "Sheet_ID": "宇治山田 13 ED.2", "label": "宇治山田 13 ED.2", "call_short": "G7960 S50 .K61", "call_num": "G7960 S50 .K61 NI-53-9-13 ED.2", "recid": "pq774gk7020", "websiteUrl": "https://purl.stanford.edu/pq774gk7020", "title": "[日本] 五万分一地形圖", "ckey": 9741696, "available": true, "iiifUrl": "https://purl.stanford.edu/pq774gk7020/iiif/manifest" }, "geometry": { "type": "Polygon", "coordinates": [ [ [ 136.0, 34.5000002 ], [ 136.25, 34.5000002 ], [ 136.25, 34.666667 ], [ 136.0, 34.666667 ], [ 136.0, 34.5000002 ] ] ] } },
{ "type": "Feature", "properties": { "Id": 0, "Sheet_ID": "宇治山田 9 ED.2", "label": "宇治山田 9 ED.2", "call_short": "G7960 S50 .K61", "call_num": "G7960 S50 .K61 NI-53-9-9 ED.2", "recid": "kh462zx2165", "websiteUrl": "https://purl.stanford.edu/kh462zx2165", "title": "[日本] 五万分一地形圖", "ckey": 9741696, "available": true, "iiifUrl": "https://purl.stanford.edu/kh462zx2165/iiif/manifest" }, "geometry": { "type": "Polygon", "coordinates": [ [ [ 136.25, 34.5000002 ], [ 136.5, 34.5000002 ], [ 136.5, 34.666667 ], [ 136.25, 34.666667 ], [ 136.25, 34.5000002 ] ] ] } },
{ "type": "Feature", "properties": { "Id": 0, "Sheet_ID": "宇治山田 5", "label": "宇治山田 5", "call_short": "G7960 S50 .K61", "call_num": "G7960 S50 .K61 NI-53-9-5", "recid": "jn453wt5268", "websiteUrl": "https://purl.stanford.edu/jn453wt5268", "title": "[日本] 五万分一地形圖", "ckey": 9741696, "available": true, "iiifUrl": "https://purl.stanford.edu/jn453wt5268/iiif/manifest" }, "geometry": { "type": "Polygon", "coordinates": [ [ [ 136.5, 34.5000002 ], [ 136.75, 34.5000002 ], [ 136.75, 34.666667 ], [ 136.5, 34.666667 ], [ 136.5, 34.5000002 ] ] ] } },
{ "type": "Feature", "properties": { "Id": 0, "Sheet_ID": "宇治山田 1", "label": "宇治山田 1", "call_short": "G7960 S50 .K61", "call_num": "G7960 S50 .K61 NI-53-9-1", "recid": "sk527vg4072", "websiteUrl": "https://purl.stanford.edu/sk527vg4072", "title": "[日本] 五万分一地形圖", "ckey": 9741696, "available": true, "iiifUrl": "https://purl.stanford.edu/sk527vg4072/iiif/manifest" }, "geometry": { "type": "Polygon", "coordinates": [ [ [ 136.75, 34.5000002 ], [ 137.0, 34.5000002 ], [ 137.0, 34.666667 ], [ 136.75, 34.666667 ], [ 136.75, 34.5000002 ] ] ] } },
{ "type": "Feature", "properties": { "Id": 0, "Sheet_ID": "宇治山田 1 ED.2", "label": "宇治山田 1 ED.2", "call_short": "G7960 S50 .K61", "call_num": "G7960 S50 .K61 NI-53-9-1 ED.2", "recid": "jn327bp7082", "websiteUrl": "https://purl.stanford.edu/jn327bp7082", "title": "[日本] 五万分一地形圖", "ckey": 9741696, "available": true, "iiifUrl": "https://purl.stanford.edu/jn327bp7082/iiif/manifest" }, "geometry": { "type": "Polygon", "coordinates": [ [ [ 136.75, 34.5000002 ], [ 137.0, 34.5000002 ], [ 137.0, 34.666667 ], [ 136.75, 34.666667 ], [ 136.75, 34.5000002 ] ] ] } },
{ "type": "Feature", "properties": { "Id": 0, "Sheet_ID": "宇治山田 9", "label": "宇治山田 9", "call_short": "G7960 S50 .K61", "call_num": "G7960 S50 .K61 NI-53-9-9", "recid": "tz061mv2882", "websiteUrl": "https://purl.stanford.edu/tz061mv2882", "title": "[日本] 五万分一地形圖", "ckey": 9741696, "available": true, "iiifUrl": "https://purl.stanford.edu/tz061mv2882/iiif/manifest" }, "geometry": { "type": "Polygon", "coordinates": [ [ [ 136.25, 34.5000002 ], [ 136.5, 34.5000002 ], [ 136.5, 34.666667 ], [ 136.25, 34.666667 ], [ 136.25, 34.5000002 ] ] ] } },
{ "type": "Feature", "properties": { "Id": 0, "Sheet_ID": "宇治山田 13", "label": "宇治山田 13", "call_short": "G7960 S50 .K61", "call_num": "G7960 S50 .K61 NI-53-9-13", "recid": "yc725fb6183", "websiteUrl": "https://purl.stanford.edu/yc725fb6183", "title": "[日本] 五万分一地形圖", "ckey": 9741696, "available": true, "iiifUrl": "https://purl.stanford.edu/yc725fb6183/iiif/manifest" }, "geometry": { "type": "Polygon", "coordinates": [ [ [ 136.0, 34.5000002 ], [ 136.25, 34.5000002 ], [ 136.25, 34.666667 ], [ 136.0, 34.666667 ], [ 136.0, 34.5000002 ] ] ] } },
{ "type": "Feature", "properties": { "Id": 0, "Sheet_ID": "宇治山田 14 ED.2", "label": "宇治山田 14 ED.2", "call_short": "G7960 S50 .K61", "call_num": "G7960 S50 .K61 NI-53-9-14 ED.2", "recid": "sf905kw4937", "websiteUrl": "https://purl.stanford.edu/sf905kw4937", "title": "[日本] 五万分一地形圖", "ckey": 9741696, "available": true, "iiifUrl": "https://purl.stanford.edu/sf905kw4937/iiif/manifest" }, "geometry": { "type": "Polygon", "coordinates": [ [ [ 136.0, 34.3333335 ], [ 136.25, 34.3333335 ], [ 136.25, 34.5000002 ], [ 136.0, 34.5000002 ], [ 136.0, 34.3333335 ] ] ] } },
{ "type": "Feature", "properties": { "Id": 0, "Sheet_ID": "名古屋 16", "label": "名古屋 16", "call_short": "G7960 S50 .K61", "call_num": "G7960 S50 .K61 NI-53-8-16", "recid": "hv165pd0277", "websiteUrl": "https://purl.stanford.edu/hv165pd0277", "title": "[日本] 五万分一地形圖", "ckey": 9741696, "available": true, "iiifUrl": "https://purl.stanford.edu/hv165pd0277/iiif/manifest" }, "geometry": { "type": "Polygon", "coordinates": [ [ [ 136.0, 34.666667 ], [ 136.25, 34.666667 ], [ 136.25, 34.8333335 ], [ 136.0, 34.8333335 ], [ 136.0, 34.666667 ] ] ] } },
{ "type": "Feature", "properties": { "Id": 0, "Sheet_ID": "名古屋 12", "label": "名古屋 12", "call_short": "G7960 S50 .K61", "call_num": "G7960 S50 .K61 NI-53-8-12", "recid": "hv645yr5295", "websiteUrl": "https://purl.stanford.edu/hv645yr5295", "title": "[日本] 五万分一地形圖", "ckey": 9741696, "available": true, "iiifUrl": "https://purl.stanford.edu/hv645yr5295/iiif/manifest" }, "geometry": { "type": "Polygon", "coordinates": [ [ [ 136.25, 34.666667 ], [ 136.5, 34.666667 ], [ 136.5, 34.8333335 ], [ 136.25, 34.8333335 ], [ 136.25, 34.666667 ] ] ] } },
{ "type": "Feature", "properties": { "Id": 0, "Sheet_ID": "名古屋 8", "label": "名古屋 8", "call_short": "G7960 S50 .K61", "call_num": "G7960 S50 .K61 NI-53-8-8", "recid": "tq571dz3457", "websiteUrl": "https://purl.stanford.edu/tq571dz3457", "title": "[日本] 五万分一地形圖", "ckey": 9741696, "available": true, "iiifUrl": "https://purl.stanford.edu/tq571dz3457/iiif/manifest" }, "geometry": { "type": "Polygon", "coordinates": [ [ [ 136.5, 34.666667 ], [ 136.75, 34.666667 ], [ 136.75, 34.8333335 ], [ 136.5, 34.8333335 ], [ 136.5, 34.666667 ] ] ] } },
{ "type": "Feature", "properties": { "Id": 0, "Sheet_ID": "名古屋 4", "label": "名古屋 4", "call_short": "G7960 S50 .K61", "call_num": "G7960 S50 .K61 NI-53-8-4", "recid": "dy796dh5293", "websiteUrl": "https://purl.stanford.edu/dy796dh5293", "title": "[日本] 五万分一地形圖", "ckey": 9741696, "available": true, "iiifUrl": "https://purl.stanford.edu/dy796dh5293/iiif/manifest" }, "geometry": { "type": "Polygon", "coordinates": [ [ [ 136.75, 34.666667 ], [ 137.0, 34.666667 ], [ 137.0, 34.8333335 ], [ 136.75, 34.8333335 ], [ 136.75, 34.666667 ] ] ] } },
{ "type": "Feature", "properties": { "Id": 0, "Sheet_ID": "名古屋 15", "label": "名古屋 15", "call_short": "G7960 S50 .K61", "call_num": "G7960 S50 .K61 NI-53-8-15", "recid": "wd257hg3275", "websiteUrl": "https://purl.stanford.edu/wd257hg3275", "title": "[日本] 五万分一地形圖", "ckey": 9741696, "available": true, "iiifUrl": "https://purl.stanford.edu/wd257hg3275/iiif/manifest" }, "geometry": { "type": "Polygon", "coordinates": [ [ [ 136.0, 34.8333335 ], [ 136.25, 34.8333335 ], [ 136.25, 35.0 ], [ 136.0, 35.0 ], [ 136.0, 34.8333335 ] ] ] } },
{ "type": "Feature", "properties": { "Id": 0, "Sheet_ID": "名古屋 11", "label": "名古屋 11", "call_short": "G7960 S50 .K61", "call_num": "G7960 S50 .K61 NI-53-8-11", "recid": "hb231kv2990", "websiteUrl": "https://purl.stanford.edu/hb231kv2990", "title": "[日本] 五万分一地形圖", "ckey": 9741696, "available": true, "iiifUrl": "https://purl.stanford.edu/hb231kv2990/iiif/manifest" }, "geometry": { "type": "Polygon", "coordinates": [ [ [ 136.25, 34.8333335 ], [ 136.5, 34.8333335 ], [ 136.5, 35.0 ], [ 136.25, 35.0 ], [ 136.25, 34.8333335 ] ] ] } },
{ "type": "Feature", "properties": { "Id": 0, "Sheet_ID": "名古屋 7", "label": "名古屋 7", "call_short": "G7960 S50 .K61", "call_num": "G7960 S50 .K61 NI-53-8-7", "recid": "xn676ww3069", "websiteUrl": "https://purl.stanford.edu/xn676ww3069", "title": "[日本] 五万分一地形圖", "ckey": 9741696, "available": true, "iiifUrl": "https://purl.stanford.edu/xn676ww3069/iiif/manifest" }, "geometry": { "type": "Polygon", "coordinates": [ [ [ 136.5, 34.8333335 ], [ 136.75, 34.8333335 ], [ 136.75, 35.0 ], [ 136.5, 35.0 ], [ 136.5, 34.8333335 ] ] ] } },
{ "type": "Feature", "properties": { "Id": 0, "Sheet_ID": "名古屋 3", "label": "名古屋 3", "call_short": "G7960 S50 .K61", "call_num": "G7960 S50 .K61 NI-53-8-3", "recid": "fr012yv8846", "websiteUrl": "https://purl.stanford.edu/fr012yv8846", "title": "[日本] 五万分一地形圖", "ckey": 9741696, "available": true, "iiifUrl": "https://purl.stanford.edu/fr012yv8846/iiif/manifest" }, "geometry": { "type": "Polygon", "coordinates": [ [ [ 136.75, 34.8333335 ], [ 137.0, 34.8333335 ], [ 137.0, 35.0 ], [ 136.75, 35.0 ], [ 136.75, 34.8333335 ] ] ] } },
{ "type": "Feature", "properties": { "Id": 0, "Sheet_ID": "名古屋 14", "label": "名古屋 14", "call_short": "G7960 S50 .K61", "call_num": "G7960 S50 .K61 NI-53-8-14", "recid": "fc418mk6604", "websiteUrl": "https://purl.stanford.edu/fc418mk6604", "title": "[日本] 五万分一地形圖", "ckey": 9741696, "available": true, "iiifUrl": "https://purl.stanford.edu/fc418mk6604/iiif/manifest" }, "geometry": { "type": "Polygon", "coordinates": [ [ [ 136.0, 35.0 ], [ 136.25, 35.0 ], [ 136.25, 35.1666665 ], [ 136.0, 35.1666665 ], [ 136.0, 35.0 ] ] ] } },
{ "type": "Feature", "properties": { "Id": 0, "Sheet_ID": "名古屋 10 ITEM 2", "label": "名古屋 10 ITEM 2", "call_short": "G7960 S50 .K61", "call_num": "G7960 S50 .K61 NI-53-8-10", "recid": "by756hs7089", "websiteUrl": "https://purl.stanford.edu/by756hs7089", "title": "[日本] 五万分一地形圖", "ckey": 9741696, "available": true, "iiifUrl": "https://purl.stanford.edu/by756hs7089/iiif/manifest" }, "geometry": { "type": "Polygon", "coordinates": [ [ [ 136.25, 35.0 ], [ 136.5, 35.0 ], [ 136.5, 35.1666665 ], [ 136.25, 35.1666665 ], [ 136.25, 35.0 ] ] ] } },
{ "type": "Feature", "properties": { "Id": 0, "Sheet_ID": "名古屋 6 ED.2", "label": "名古屋 6 ED.2", "call_short": "G7960 S50 .K61", "call_num": "G7960 S50 .K61 NI-53-8-6 ED.2", "recid": "mk361ns5331", "websiteUrl": "https://purl.stanford.edu/mk361ns5331", "title": "[日本] 五万分一地形圖", "ckey": 9741696, "available": true, "iiifUrl": "https://purl.stanford.edu/mk361ns5331/iiif/manifest" }, "geometry": { "type": "Polygon", "coordinates": [ [ [ 136.5, 35.0 ], [ 136.75, 35.0 ], [ 136.75, 35.1666665 ], [ 136.5, 35.1666665 ], [ 136.5, 35.0 ] ] ] } },
{ "type": "Feature", "properties": { "Id": 0, "Sheet_ID": "名古屋 2", "label": "名古屋 2", "call_short": "G7960 S50 .K61", "call_num": "G7960 S50 .K61 NI-53-8-2", "recid": "ms429pw9037", "websiteUrl": "https://purl.stanford.edu/ms429pw9037", "title": "[日本] 五万分一地形圖", "ckey": 9741696, "available": true, "iiifUrl": "https://purl.stanford.edu/ms429pw9037/iiif/manifest" }, "geometry": { "type": "Polygon", "coordinates": [ [ [ 136.75, 35.0 ], [ 137.0, 35.0 ], [ 137.0, 35.1666665 ], [ 136.75, 35.1666665 ], [ 136.75, 35.0 ] ] ] } },
{ "type": "Feature", "properties": { "Id": 0, "Sheet_ID": "名古屋 13", "label": "名古屋 13", "call_short": "G7960 S50 .K61", "call_num": "G7960 S50 .K61 NI-53-8-13", "recid": "yn560bk7442", "websiteUrl": "https://purl.stanford.edu/yn560bk7442", "title": "[日本] 五万分一地形圖", "ckey": 9741696, "available": true, "iiifUrl": "https://purl.stanford.edu/yn560bk7442/iiif/manifest" }, "geometry": { "type": "Polygon", "coordinates": [ [ [ 136.0, 35.1666665 ], [ 136.25, 35.1666665 ], [ 136.25, 35.333333 ], [ 136.0, 35.333333 ], [ 136.0, 35.1666665 ] ] ] } },
{ "type": "Feature", "properties": { "Id": 0, "Sheet_ID": "名古屋 9", "label": "名古屋 9", "call_short": "G7960 S50 .K61", "call_num": "G7960 S50 .K61 NI-53-8-9", "recid": "ry668yd4924", "websiteUrl": "https://purl.stanford.edu/ry668yd4924", "title": "[日本] 五万分一地形圖", "ckey": 9741696, "available": true, "iiifUrl": "https://purl.stanford.edu/ry668yd4924/iiif/manifest" }, "geometry": { "type": "Polygon", "coordinates": [ [ [ 136.25, 35.1666665 ], [ 136.5, 35.1666665 ], [ 136.5, 35.333333 ], [ 136.25, 35.333333 ], [ 136.25, 35.1666665 ] ] ] } },
{ "type": "Feature", "properties": { "Id": 0, "Sheet_ID": "名古屋 5 ED.2", "label": "名古屋 5 ED.2", "call_short": "G7960 S50 .K61", "call_num": "G7960 S50 .K61 NI-53-8-5 ED.2", "recid": "wr831vh7279", "websiteUrl": "https://purl.stanford.edu/wr831vh7279", "title": "[日本] 五万分一地形圖", "ckey": 9741696, "available": true, "iiifUrl": "https://purl.stanford.edu/wr831vh7279/iiif/manifest" }, "geometry": { "type": "Polygon", "coordinates": [ [ [ 136.5, 35.1666665 ], [ 136.75, 35.1666665 ], [ 136.75, 35.333333 ], [ 136.5, 35.333333 ], [ 136.5, 35.1666665 ] ] ] } },
{ "type": "Feature", "properties": { "Id": 0, "Sheet_ID": "名古屋 1", "label": "名古屋 1", "call_short": "G7960 S50 .K61", "call_num": "G7960 S50 .K61 NI-53-8-1", "recid": "bh160xh4046", "websiteUrl": "https://purl.stanford.edu/bh160xh4046", "title": "[日本] 五万分一地形圖", "ckey": 9741696, "available": true, "iiifUrl": "https://purl.stanford.edu/bh160xh4046/iiif/manifest" }, "geometry": { "type": "Polygon", "coordinates": [ [ [ 136.75, 35.1666665 ], [ 137.0, 35.1666665 ], [ 137.0, 35.333333 ], [ 136.75, 35.333333 ], [ 136.75, 35.1666665 ] ] ] } },
{ "type": "Feature", "properties": { "Id": 0, "Sheet_ID": "名古屋 1 ED.2", "label": "名古屋 1 ED.2", "call_short": "G7960 S50 .K61", "call_num": "G7960 S50 .K61 NI-53-8-1 ED.2", "recid": "qf991jh7100", "websiteUrl": "https://purl.stanford.edu/qf991jh7100", "title": "[日本] 五万分一地形圖", "ckey": 9741696, "available": true, "iiifUrl": "https://purl.stanford.edu/qf991jh7100/iiif/manifest" }, "geometry": { "type": "Polygon", "coordinates": [ [ [ 136.75, 35.1666665 ], [ 137.0, 35.1666665 ], [ 137.0, 35.333333 ], [ 136.75, 35.333333 ], [ 136.75, 35.1666665 ] ] ] } },
{ "type": "Feature", "properties": { "Id": 0, "Sheet_ID": "名古屋 2 ED.2", "label": "名古屋 2 ED.2", "call_short": "G7960 S50 .K61", "call_num": "G7960 S50 .K61 NI-53-8-2 ED.2", "recid": "wn792sv9156", "websiteUrl": "https://purl.stanford.edu/wn792sv9156", "title": "[日本] 五万分一地形圖", "ckey": 9741696, "available": true, "iiifUrl": "https://purl.stanford.edu/wn792sv9156/iiif/manifest" }, "geometry": { "type": "Polygon", "coordinates": [ [ [ 136.75, 35.0 ], [ 137.0, 35.0 ], [ 137.0, 35.1666665 ], [ 136.75, 35.1666665 ], [ 136.75, 35.0 ] ] ] } },
{ "type": "Feature", "properties": { "Id": 0, "Sheet_ID": "名古屋 5", "label": "名古屋 5", "call_short": "G7960 S50 .K61", "call_num": "G7960 S50 .K61 NI-53-8-5", "recid": "sv153wm8904", "websiteUrl": "https://purl.stanford.edu/sv153wm8904", "title": "[日本] 五万分一地形圖", "ckey": 9741696, "available": true, "iiifUrl": "https://purl.stanford.edu/sv153wm8904/iiif/manifest" }, "geometry": { "type": "Polygon", "coordinates": [ [ [ 136.5, 35.1666665 ], [ 136.75, 35.1666665 ], [ 136.75, 35.333333 ], [ 136.5, 35.333333 ], [ 136.5, 35.1666665 ] ] ] } },
{ "type": "Feature", "properties": { "Id": 0, "Sheet_ID": "名古屋 6", "label": "名古屋 6", "call_short": "G7960 S50 .K61", "call_num": "G7960 S50 .K61 NI-53-8-6", "recid": "bn191rh9807", "websiteUrl": "https://purl.stanford.edu/bn191rh9807", "title": "[日本] 五万分一地形圖", "ckey": 9741696, "available": true, "iiifUrl": "https://purl.stanford.edu/bn191rh9807/iiif/manifest" }, "geometry": { "type": "Polygon", "coordinates": [ [ [ 136.5, 35.0 ], [ 136.75, 35.0 ], [ 136.75, 35.1666665 ], [ 136.5, 35.1666665 ], [ 136.5, 35.0 ] ] ] } },
{ "type": "Feature", "properties": { "Id": 0, "Sheet_ID": "名古屋 10", "label": "名古屋 10", "call_short": "G7960 S50 .K61", "call_num": "G7960 S50 .K61 NI-53-8-10", "recid": "wf002yd8662", "websiteUrl": "https://purl.stanford.edu/wf002yd8662", "title": "[日本] 五万分一地形圖", "ckey": 9741696, "available": true, "iiifUrl": "https://purl.stanford.edu/wf002yd8662/iiif/manifest" }, "geometry": { "type": "Polygon", "coordinates": [ [ [ 136.25, 35.0 ], [ 136.5, 35.0 ], [ 136.5, 35.1666665 ], [ 136.25, 35.1666665 ], [ 136.25, 35.0 ] ] ] } },
{ "type": "Feature", "properties": { "Id": 0, "Sheet_ID": "岐阜 16", "label": "岐阜 16", "call_short": "G7960 S50 .K61", "call_num": "G7960 S50 .K61 NI-53-7-16", "recid": "zt128hp6132", "websiteUrl": "https://purl.stanford.edu/zt128hp6132", "title": "[日本] 五万分一地形圖", "ckey": 9741696, "available": true, "iiifUrl": "https://purl.stanford.edu/zt128hp6132/iiif/manifest" }, "geometry": { "type": "Polygon", "coordinates": [ [ [ 136.0, 35.333333 ], [ 136.25, 35.333333 ], [ 136.25, 35.4999998 ], [ 136.0, 35.4999998 ], [ 136.0, 35.333333 ] ] ] } },
{ "type": "Feature", "properties": { "Id": 0, "Sheet_ID": "岐阜 12", "label": "岐阜 12", "call_short": "G7960 S50 .K61", "call_num": "G7960 S50 .K61 NI-53-7-12", "recid": "kx361cx5845", "websiteUrl": "https://purl.stanford.edu/kx361cx5845", "title": "[日本] 五万分一地形圖", "ckey": 9741696, "available": true, "iiifUrl": "https://purl.stanford.edu/kx361cx5845/iiif/manifest" }, "geometry": { "type": "Polygon", "coordinates": [ [ [ 136.25, 35.333333 ], [ 136.5, 35.333333 ], [ 136.5, 35.4999998 ], [ 136.25, 35.4999998 ], [ 136.25, 35.333333 ] ] ] } },
{ "type": "Feature", "properties": { "Id": 0, "Sheet_ID": "岐阜 8", "label": "岐阜 8", "call_short": "G7960 S50 .K61", "call_num": "G7960 S50 .K61 NI-53-7-8", "recid": "bj788gq3550", "websiteUrl": "https://purl.stanford.edu/bj788gq3550", "title": "[日本] 五万分一地形圖", "ckey": 9741696, "available": true, "iiifUrl": "https://purl.stanford.edu/bj788gq3550/iiif/manifest" }, "geometry": { "type": "Polygon", "coordinates": [ [ [ 136.5, 35.333333 ], [ 136.75, 35.333333 ], [ 136.75, 35.4999998 ], [ 136.5, 35.4999998 ], [ 136.5, 35.333333 ] ] ] } },
{ "type": "Feature", "properties": { "Id": 0, "Sheet_ID": "岐阜 4 ED.2", "label": "岐阜 4 ED.2", "call_short": "G7960 S50 .K61", "call_num": "G7960 S50 .K61 NI-53-7-4 ED.2", "recid": "rc884vh6487", "websiteUrl": "https://purl.stanford.edu/rc884vh6487", "title": "[日本] 五万分一地形圖", "ckey": 9741696, "available": true, "iiifUrl": "https://purl.stanford.edu/rc884vh6487/iiif/manifest" }, "geometry": { "type": "Polygon", "coordinates": [ [ [ 136.75, 35.333333 ], [ 137.0, 35.333333 ], [ 137.0, 35.4999998 ], [ 136.75, 35.4999998 ], [ 136.75, 35.333333 ] ] ] } },
{ "type": "Feature", "properties": { "Id": 0, "Sheet_ID": "岐阜 15", "label": "岐阜 15", "call_short": "G7960 S50 .K61", "call_num": "G7960 S50 .K61 NI-53-7-15", "recid": "th209hc5581", "websiteUrl": "https://purl.stanford.edu/th209hc5581", "title": "[日本] 五万分一地形圖", "ckey": 9741696, "available": true, "iiifUrl": "https://purl.stanford.edu/th209hc5581/iiif/manifest" }, "geometry": { "type": "Polygon", "coordinates": [ [ [ 136.0, 35.4999998 ], [ 136.25, 35.4999998 ], [ 136.25, 35.6666665 ], [ 136.0, 35.6666665 ], [ 136.0, 35.4999998 ] ] ] } },
{ "type": "Feature", "properties": { "Id": 0, "Sheet_ID": "岐阜 11", "label": "岐阜 11", "call_short": "G7960 S50 .K61", "call_num": "G7960 S50 .K61 NI-53-7-11", "recid": "xx646hw7351", "websiteUrl": "https://purl.stanford.edu/xx646hw7351", "title": "[日本] 五万分一地形圖", "ckey": 9741696, "available": true, "iiifUrl": "https://purl.stanford.edu/xx646hw7351/iiif/manifest" }, "geometry": { "type": "Polygon", "coordinates": [ [ [ 136.25, 35.4999998 ], [ 136.5, 35.4999998 ], [ 136.5, 35.6666665 ], [ 136.25, 35.6666665 ], [ 136.25, 35.4999998 ] ] ] } },
{ "type": "Feature", "properties": { "Id": 0, "Sheet_ID": "岐阜 7", "label": "岐阜 7", "call_short": "0", "call_num": "0", "recid": "0", "websiteUrl": "0", "title": "0", "ckey": 0, "available": false, "iiifUrl": "0" }, "geometry": { "type": "Polygon", "coordinates": [ [ [ 136.5, 35.4999998 ], [ 136.75, 35.4999998 ], [ 136.75, 35.6666665 ], [ 136.5, 35.6666665 ], [ 136.5, 35.4999998 ] ] ] } },
{ "type": "Feature", "properties": { "Id": 0, "Sheet_ID": "岐阜 3", "label": "岐阜 3", "call_short": "G7960 S50 .K61", "call_num": "G7960 S50 .K61 NI-53-7-3", "recid": "sf919dg7038", "websiteUrl": "https://purl.stanford.edu/sf919dg7038", "title": "[日本] 五万分一地形圖", "ckey": 9741696, "available": true, "iiifUrl": "https://purl.stanford.edu/sf919dg7038/iiif/manifest" }, "geometry": { "type": "Polygon", "coordinates": [ [ [ 136.75, 35.4999998 ], [ 137.0, 35.4999998 ], [ 137.0, 35.6666665 ], [ 136.75, 35.6666665 ], [ 136.75, 35.4999998 ] ] ] } },
{ "type": "Feature", "properties": { "Id": 0, "Sheet_ID": "岐阜 14", "label": "岐阜 14", "call_short": "G7960 S50 .K61", "call_num": "G7960 S50 .K61 NI-53-7-14", "recid": "qt864tk4204", "websiteUrl": "https://purl.stanford.edu/qt864tk4204", "title": "[日本] 五万分一地形圖", "ckey": 9741696, "available": true, "iiifUrl": "https://purl.stanford.edu/qt864tk4204/iiif/manifest" }, "geometry": { "type": "Polygon", "coordinates": [ [ [ 136.0, 35.6666665 ], [ 136.25, 35.6666665 ], [ 136.25, 35.8333333 ], [ 136.0, 35.8333333 ], [ 136.0, 35.6666665 ] ] ] } },
{ "type": "Feature", "properties": { "Id": 0, "Sheet_ID": "岐阜 10", "label": "岐阜 10", "call_short": "G7960 S50 .K61", "call_num": "G7960 S50 .K61 NI-53-7-10", "recid": "cq616pt6575", "websiteUrl": "https://purl.stanford.edu/cq616pt6575", "title": "[日本] 五万分一地形圖", "ckey": 9741696, "available": true, "iiifUrl": "https://purl.stanford.edu/cq616pt6575/iiif/manifest" }, "geometry": { "type": "Polygon", "coordinates": [ [ [ 136.25, 35.6666665 ], [ 136.5, 35.6666665 ], [ 136.5, 35.8333333 ], [ 136.25, 35.8333333 ], [ 136.25, 35.6666665 ] ] ] } },
{ "type": "Feature", "properties": { "Id": 0, "Sheet_ID": "岐阜 6", "label": "岐阜 6", "call_short": "G7960 S50 .K61", "call_num": "G7960 S50 .K61 NI-53-7-6", "recid": "bc023xr9239", "websiteUrl": "https://purl.stanford.edu/bc023xr9239", "title": "[日本] 五万分一地形圖", "ckey": 9741696, "available": true, "iiifUrl": "https://purl.stanford.edu/bc023xr9239/iiif/manifest" }, "geometry": { "type": "Polygon", "coordinates": [ [ [ 136.5, 35.6666665 ], [ 136.75, 35.6666665 ], [ 136.75, 35.8333333 ], [ 136.5, 35.8333333 ], [ 136.5, 35.6666665 ] ] ] } },
{ "type": "Feature", "properties": { "Id": 0, "Sheet_ID": "岐阜 2", "label": "岐阜 2", "call_short": "G7960 S50 .K61", "call_num": "G7960 S50 .K61 NI-53-7-2", "recid": "mg113wd8181", "websiteUrl": "https://purl.stanford.edu/mg113wd8181", "title": "[日本] 五万分一地形圖", "ckey": 9741696, "available": true, "iiifUrl": "https://purl.stanford.edu/mg113wd8181/iiif/manifest" }, "geometry": { "type": "Polygon", "coordinates": [ [ [ 136.75, 35.6666665 ], [ 137.0, 35.6666665 ], [ 137.0, 35.8333333 ], [ 136.75, 35.8333333 ], [ 136.75, 35.6666665 ] ] ] } },
{ "type": "Feature", "properties": { "Id": 0, "Sheet_ID": "岐阜 13", "label": "岐阜 13", "call_short": "G7960 S50 .K61", "call_num": "G7960 S50 .K61 NI-53-7-13", "recid": "dg766rv2757", "websiteUrl": "https://purl.stanford.edu/dg766rv2757", "title": "[日本] 五万分一地形圖", "ckey": 9741696, "available": true, "iiifUrl": "https://purl.stanford.edu/dg766rv2757/iiif/manifest" }, "geometry": { "type": "Polygon", "coordinates": [ [ [ 136.0, 35.8333333 ], [ 136.25, 35.8333333 ], [ 136.25, 36.0 ], [ 136.0, 36.0 ], [ 136.0, 35.8333333 ] ] ] } },
{ "type": "Feature", "properties": { "Id": 0, "Sheet_ID": "岐阜 9", "label": "岐阜 9", "call_short": "G7960 S50 .K61", "call_num": "G7960 S50 .K61 NI-53-7-9", "recid": "pn621rv0849", "websiteUrl": "https://purl.stanford.edu/pn621rv0849", "title": "[日本] 五万分一地形圖", "ckey": 9741696, "available": true, "iiifUrl": "https://purl.stanford.edu/pn621rv0849/iiif/manifest" }, "geometry": { "type": "Polygon", "coordinates": [ [ [ 136.25, 35.8333333 ], [ 136.5, 35.8333333 ], [ 136.5, 36.0 ], [ 136.25, 36.0 ], [ 136.25, 35.8333333 ] ] ] } },
{ "type": "Feature", "properties": { "Id": 0, "Sheet_ID": "岐阜 5", "label": "岐阜 5", "call_short": "G7960 S50 .K61", "call_num": "G7960 S50 .K61 NI-53-7-5", "recid": "dy180pj3311", "websiteUrl": "https://purl.stanford.edu/dy180pj3311", "title": "[日本] 五万分一地形圖", "ckey": 9741696, "available": true, "iiifUrl": "https://purl.stanford.edu/dy180pj3311/iiif/manifest" }, "geometry": { "type": "Polygon", "coordinates": [ [ [ 136.5, 35.8333333 ], [ 136.75, 35.8333333 ], [ 136.75, 36.0 ], [ 136.5, 36.0 ], [ 136.5, 35.8333333 ] ] ] } },
{ "type": "Feature", "properties": { "Id": 0, "Sheet_ID": "岐阜 1", "label": "岐阜 1", "call_short": "G7960 S50 .K61", "call_num": "G7960 S50 .K61 NI-53-7-1", "recid": "nd713bg1718", "websiteUrl": "https://purl.stanford.edu/nd713bg1718", "title": "[日本] 五万分一地形圖", "ckey": 9741696, "available": true, "iiifUrl": "https://purl.stanford.edu/nd713bg1718/iiif/manifest" }, "geometry": { "type": "Polygon", "coordinates": [ [ [ 136.75, 35.8333333 ], [ 137.0, 35.8333333 ], [ 137.0, 36.0 ], [ 136.75, 36.0 ], [ 136.75, 35.8333333 ] ] ] } },
{ "type": "Feature", "properties": { "Id": 0, "Sheet_ID": "岐阜 4", "label": "岐阜 4", "call_short": "G7960 S50 .K61", "call_num": "G7960 S50 .K61 NI-53-7-4", "recid": "yn543zk5438", "websiteUrl": "https://purl.stanford.edu/yn543zk5438", "title": "[日本] 五万分一地形圖", "ckey": 9741696, "available": true, "iiifUrl": "https://purl.stanford.edu/yn543zk5438/iiif/manifest" }, "geometry": { "type": "Polygon", "coordinates": [ [ [ 136.75, 35.333333 ], [ 137.0, 35.333333 ], [ 137.0, 35.4999998 ], [ 136.75, 35.4999998 ], [ 136.75, 35.333333 ] ] ] } },
{ "type": "Feature", "properties": { "Id": 0, "Sheet_ID": "岐阜 8 ED.2", "label": "岐阜 8 ED.2", "call_short": "G7960 S50 .K61", "call_num": "G7960 S50 .K61 NI-53-7-8 ED.2", "recid": "sy786qm3456", "websiteUrl": "https://purl.stanford.edu/sy786qm3456", "title": "[日本] 五万分一地形圖", "ckey": 9741696, "available": true, "iiifUrl": "https://purl.stanford.edu/sy786qm3456/iiif/manifest" }, "geometry": { "type": "Polygon", "coordinates": [ [ [ 136.5, 35.333333 ], [ 136.75, 35.333333 ], [ 136.75, 35.4999998 ], [ 136.5, 35.4999998 ], [ 136.5, 35.333333 ] ] ] } },
{ "type": "Feature", "properties": { "Id": 0, "Sheet_ID": "伊良湖岬 13", "label": "伊良湖岬 13", "call_short": "G7960 S50 .K61", "call_num": "G7960 S50 .K61 NI-53-3-13", "recid": "gn373xz2968", "websiteUrl": "https://purl.stanford.edu/gn373xz2968", "title": "[日本] 五万分一地形圖", "ckey": 9741696, "available": true, "iiifUrl": "https://purl.stanford.edu/gn373xz2968/iiif/manifest" }, "geometry": { "type": "Polygon", "coordinates": [ [ [ 137.0, 34.5000002 ], [ 137.25, 34.5000002 ], [ 137.25, 34.666667 ], [ 137.0, 34.666667 ], [ 137.0, 34.5000002 ] ] ] } },
{ "type": "Feature", "properties": { "Id": 0, "Sheet_ID": "伊良湖岬 9", "label": "伊良湖岬 9", "call_short": "G7960 S50 .K61", "call_num": "G7960 S50 .K61 NI-53-3-9", "recid": "tm638ys7585", "websiteUrl": "https://purl.stanford.edu/tm638ys7585", "title": "[日本] 五万分一地形圖", "ckey": 9741696, "available": true, "iiifUrl": "https://purl.stanford.edu/tm638ys7585/iiif/manifest" }, "geometry": { "type": "Polygon", "coordinates": [ [ [ 137.25, 34.5000002 ], [ 137.5, 34.5000002 ], [ 137.5, 34.666667 ], [ 137.25, 34.666667 ], [ 137.25, 34.5000002 ] ] ] } },
{ "type": "Feature", "properties": { "Id": 0, "Sheet_ID": "伊良湖岬 1", "label": "伊良湖岬 1", "call_short": "G7960 S50 .K61", "call_num": "G7960 S50 .K61 NI-53-3-1", "recid": "hb141xt5954", "websiteUrl": "https://purl.stanford.edu/hb141xt5954", "title": "[日本] 五万分一地形圖", "ckey": 9741696, "available": true, "iiifUrl": "https://purl.stanford.edu/hb141xt5954/iiif/manifest" }, "geometry": { "type": "Polygon", "coordinates": [ [ [ 137.75, 34.5000002 ], [ 138.0, 34.5000002 ], [ 138.0, 34.666667 ], [ 137.75, 34.666667 ], [ 137.75, 34.5000002 ] ] ] } },
{ "type": "Feature", "properties": { "Id": 0, "Sheet_ID": "豊橋 16", "label": "豊橋 16", "call_short": "G7960 S50 .K61", "call_num": "G7960 S50 .K61 NI-53-2-16", "recid": "jc807hk6099", "websiteUrl": "https://purl.stanford.edu/jc807hk6099", "title": "[日本] 五万分一地形圖", "ckey": 9741696, "available": true, "iiifUrl": "https://purl.stanford.edu/jc807hk6099/iiif/manifest" }, "geometry": { "type": "Polygon", "coordinates": [ [ [ 137.0, 34.666667 ], [ 137.25, 34.666667 ], [ 137.25, 34.8333335 ], [ 137.0, 34.8333335 ], [ 137.0, 34.666667 ] ] ] } },
{ "type": "Feature", "properties": { "Id": 0, "Sheet_ID": "豊橋 12", "label": "豊橋 12", "call_short": "G7960 S50 .K61", "call_num": "G7960 S50 .K61 NI-53-2-12", "recid": "ff799jk1386", "websiteUrl": "https://purl.stanford.edu/ff799jk1386", "title": "[日本] 五万分一地形圖", "ckey": 9741696, "available": true, "iiifUrl": "https://purl.stanford.edu/ff799jk1386/iiif/manifest" }, "geometry": { "type": "Polygon", "coordinates": [ [ [ 137.25, 34.666667 ], [ 137.5, 34.666667 ], [ 137.5, 34.8333335 ], [ 137.25, 34.8333335 ], [ 137.25, 34.666667 ] ] ] } },
{ "type": "Feature", "properties": { "Id": 0, "Sheet_ID": "豊橋 8", "label": "豊橋 8", "call_short": "G7960 S50 .K61", "call_num": "G7960 S50 .K61 NI-53-2-8", "recid": "xg014nx9989", "websiteUrl": "https://purl.stanford.edu/xg014nx9989", "title": "[日本] 五万分一地形圖", "ckey": 9741696, "available": true, "iiifUrl": "https://purl.stanford.edu/xg014nx9989/iiif/manifest" }, "geometry": { "type": "Polygon", "coordinates": [ [ [ 137.75, 34.666667 ], [ 137.75, 34.8333335 ], [ 137.5, 34.8333335 ], [ 137.5, 34.666667 ], [ 137.69, 34.666667 ], [ 137.69, 34.65 ], [ 137.75, 34.65 ], [ 137.75, 34.666667 ] ] ] } },
{ "type": "Feature", "properties": { "Id": 0, "Sheet_ID": "豊橋 4", "label": "豊橋 4", "call_short": "0", "call_num": "0", "recid": "0", "websiteUrl": "0", "title": "0", "ckey": 0, "available": false, "iiifUrl": "0" }, "geometry": { "type": "Polygon", "coordinates": [ [ [ 137.75, 34.666667 ], [ 138.0, 34.666667 ], [ 138.0, 34.8333335 ], [ 137.75, 34.8333335 ], [ 137.75, 34.666667 ] ] ] } },
{ "type": "Feature", "properties": { "Id": 0, "Sheet_ID": "豊橋 15", "label": "豊橋 15", "call_short": "G7960 S50 .K61", "call_num": "G7960 S50 .K61 NI-53-2-15", "recid": "kr585qy0167", "websiteUrl": "https://purl.stanford.edu/kr585qy0167", "title": "[日本] 五万分一地形圖", "ckey": 9741696, "available": true, "iiifUrl": "https://purl.stanford.edu/kr585qy0167/iiif/manifest" }, "geometry": { "type": "Polygon", "coordinates": [ [ [ 137.0, 34.8333335 ], [ 137.25, 34.8333335 ], [ 137.25, 35.0 ], [ 137.0, 35.0 ], [ 137.0, 34.8333335 ] ] ] } },
{ "type": "Feature", "properties": { "Id": 0, "Sheet_ID": "豊橋 11", "label": "豊橋 11", "call_short": "G7960 S50 .K61", "call_num": "G7960 S50 .K61 NI-53-2-11", "recid": "mn218px2291", "websiteUrl": "https://purl.stanford.edu/mn218px2291", "title": "[日本] 五万分一地形圖", "ckey": 9741696, "available": true, "iiifUrl": "https://purl.stanford.edu/mn218px2291/iiif/manifest" }, "geometry": { "type": "Polygon", "coordinates": [ [ [ 137.25, 34.8333335 ], [ 137.5, 34.8333335 ], [ 137.5, 35.0 ], [ 137.25, 35.0 ], [ 137.25, 34.8333335 ] ] ] } },
{ "type": "Feature", "properties": { "Id": 0, "Sheet_ID": "豊橋 7", "label": "豊橋 7", "call_short": "G7960 S50 .K61", "call_num": "G7960 S50 .K61 NI-53-2-7", "recid": "xn287wg9930", "websiteUrl": "https://purl.stanford.edu/xn287wg9930", "title": "[日本] 五万分一地形圖", "ckey": 9741696, "available": true, "iiifUrl": "https://purl.stanford.edu/xn287wg9930/iiif/manifest" }, "geometry": { "type": "Polygon", "coordinates": [ [ [ 137.5, 34.8333335 ], [ 137.75, 34.8333335 ], [ 137.75, 35.0 ], [ 137.5, 35.0 ], [ 137.5, 34.8333335 ] ] ] } },
{ "type": "Feature", "properties": { "Id": 0, "Sheet_ID": "豊橋 3", "label": "豊橋 3", "call_short": "0", "call_num": "0", "recid": "0", "websiteUrl": "0", "title": "0", "ckey": 0, "available": false, "iiifUrl": "0" }, "geometry": { "type": "Polygon", "coordinates": [ [ [ 137.75, 34.8333335 ], [ 138.0, 34.8333335 ], [ 138.0, 35.0 ], [ 137.75, 35.0 ], [ 137.75, 34.8333335 ] ] ] } },
{ "type": "Feature", "properties": { "Id": 0, "Sheet_ID": "豊橋 14 ITEM 2", "label": "豊橋 14 ITEM 2", "call_short": "G7960 S50 .K61", "call_num": "G7960 S50 .K61 NI-53-2-14", "recid": "hh507xx6546", "websiteUrl": "https://purl.stanford.edu/hh507xx6546", "title": "[日本] 五万分一地形圖", "ckey": 9741696, "available": true, "iiifUrl": "https://purl.stanford.edu/hh507xx6546/iiif/manifest" }, "geometry": { "type": "Polygon", "coordinates": [ [ [ 137.0, 35.0 ], [ 137.25, 35.0 ], [ 137.25, 35.1666665 ], [ 137.0, 35.1666665 ], [ 137.0, 35.0 ] ] ] } },
{ "type": "Feature", "properties": { "Id": 0, "Sheet_ID": "豊橋 10", "label": "豊橋 10", "call_short": "G7960 S50 .K61", "call_num": "G7960 S50 .K61 NI-53-2-10", "recid": "zk805dj2626", "websiteUrl": "https://purl.stanford.edu/zk805dj2626", "title": "[日本] 五万分一地形圖", "ckey": 9741696, "available": true, "iiifUrl": "https://purl.stanford.edu/zk805dj2626/iiif/manifest" }, "geometry": { "type": "Polygon", "coordinates": [ [ [ 137.25, 35.0 ], [ 137.5, 35.0 ], [ 137.5, 35.1666665 ], [ 137.25, 35.1666665 ], [ 137.25, 35.0 ] ] ] } },
{ "type": "Feature", "properties": { "Id": 0, "Sheet_ID": "豊橋 6", "label": "豊橋 6", "call_short": "G7960 S50 .K61", "call_num": "G7960 S50 .K61 NI-53-2-6", "recid": "yg302nv6274", "websiteUrl": "https://purl.stanford.edu/yg302nv6274", "title": "[日本] 五万分一地形圖", "ckey": 9741696, "available": true, "iiifUrl": "https://purl.stanford.edu/yg302nv6274/iiif/manifest" }, "geometry": { "type": "Polygon", "coordinates": [ [ [ 137.5, 35.0 ], [ 137.75, 35.0 ], [ 137.75, 35.1666665 ], [ 137.5, 35.1666665 ], [ 137.5, 35.0 ] ] ] } },
{ "type": "Feature", "properties": { "Id": 0, "Sheet_ID": "豊橋 2", "label": "豊橋 2", "call_short": "G7960 S50 .K61", "call_num": "G7960 S50 .K61 NI-53-2-2", "recid": "cb749dc6792", "websiteUrl": "https://purl.stanford.edu/cb749dc6792", "title": "[日本] 五万分一地形圖", "ckey": 9741696, "available": true, "iiifUrl": "https://purl.stanford.edu/cb749dc6792/iiif/manifest" }, "geometry": { "type": "Polygon", "coordinates": [ [ [ 137.75, 35.0 ], [ 138.0, 35.0 ], [ 138.0, 35.1666665 ], [ 137.75, 35.1666665 ], [ 137.75, 35.0 ] ] ] } },
{ "type": "Feature", "properties": { "Id": 0, "Sheet_ID": "豊橋 13", "label": "豊橋 13", "call_short": "G7960 S50 .K61", "call_num": "G7960 S50 .K61 NI-53-2-13", "recid": "zc857my1503", "websiteUrl": "https://purl.stanford.edu/zc857my1503", "title": "[日本] 五万分一地形圖", "ckey": 9741696, "available": true, "iiifUrl": "https://purl.stanford.edu/zc857my1503/iiif/manifest" }, "geometry": { "type": "Polygon", "coordinates": [ [ [ 137.0, 35.1666665 ], [ 137.25, 35.1666665 ], [ 137.25, 35.333333 ], [ 137.0, 35.333333 ], [ 137.0, 35.1666665 ] ] ] } },
{ "type": "Feature", "properties": { "Id": 0, "Sheet_ID": "豊橋 9 ITEM 2", "label": "豊橋 9 ITEM 2", "call_short": "G7960 S50 .K61", "call_num": "G7960 S50 .K61 NI-53-2-9", "recid": "kr284tq3360", "websiteUrl": "https://purl.stanford.edu/kr284tq3360", "title": "[日本] 五万分一地形圖", "ckey": 9741696, "available": true, "iiifUrl": "https://purl.stanford.edu/kr284tq3360/iiif/manifest" }, "geometry": { "type": "Polygon", "coordinates": [ [ [ 137.25, 35.1666665 ], [ 137.5, 35.1666665 ], [ 137.5, 35.333333 ], [ 137.25, 35.333333 ], [ 137.25, 35.1666665 ] ] ] } },
{ "type": "Feature", "properties": { "Id": 0, "Sheet_ID": "豊橋 5 ED.2", "label": "豊橋 5 ED.2", "call_short": "G7960 S50 .K61", "call_num": "G7960 S50 .K61 NI-53-2-5 ED.2", "recid": "th606cv9166", "websiteUrl": "https://purl.stanford.edu/th606cv9166", "title": "[日本] 五万分一地形圖", "ckey": 9741696, "available": true, "iiifUrl": "https://purl.stanford.edu/th606cv9166/iiif/manifest" }, "geometry": { "type": "Polygon", "coordinates": [ [ [ 137.5, 35.1666665 ], [ 137.75, 35.1666665 ], [ 137.75, 35.333333 ], [ 137.5, 35.333333 ], [ 137.5, 35.1666665 ] ] ] } },
{ "type": "Feature", "properties": { "Id": 0, "Sheet_ID": "豊橋 1 ED.2", "label": "豊橋 1 ED.2", "call_short": "G7960 S50 .K61", "call_num": "G7960 S50 .K61 NI-53-2-1 ED.2", "recid": "qh891cs2419", "websiteUrl": "https://purl.stanford.edu/qh891cs2419", "title": "[日本] 五万分一地形圖", "ckey": 9741696, "available": true, "iiifUrl": "https://purl.stanford.edu/qh891cs2419/iiif/manifest" }, "geometry": { "type": "Polygon", "coordinates": [ [ [ 137.75, 35.1666665 ], [ 138.0, 35.1666665 ], [ 138.0, 35.333333 ], [ 137.75, 35.333333 ], [ 137.75, 35.1666665 ] ] ] } },
{ "type": "Feature", "properties": { "Id": 0, "Sheet_ID": "豊橋 1", "label": "豊橋 1", "call_short": "G7960 S50 .K61", "call_num": "G7960 S50 .K61 NI-53-2-1", "recid": "vm372fz0294", "websiteUrl": "https://purl.stanford.edu/vm372fz0294", "title": "[日本] 五万分一地形圖", "ckey": 9741696, "available": true, "iiifUrl": "https://purl.stanford.edu/vm372fz0294/iiif/manifest" }, "geometry": { "type": "Polygon", "coordinates": [ [ [ 137.75, 35.1666665 ], [ 138.0, 35.1666665 ], [ 138.0, 35.333333 ], [ 137.75, 35.333333 ], [ 137.75, 35.1666665 ] ] ] } },
{ "type": "Feature", "properties": { "Id": 0, "Sheet_ID": "豊橋 5", "label": "豊橋 5", "call_short": "G7960 S50 .K61", "call_num": "G7960 S50 .K61 NI-53-2-5", "recid": "jh641ws3216", "websiteUrl": "https://purl.stanford.edu/jh641ws3216", "title": "[日本] 五万分一地形圖", "ckey": 9741696, "available": true, "iiifUrl": "https://purl.stanford.edu/jh641ws3216/iiif/manifest" }, "geometry": { "type": "Polygon", "coordinates": [ [ [ 137.5, 35.1666665 ], [ 137.75, 35.1666665 ], [ 137.75, 35.333333 ], [ 137.5, 35.333333 ], [ 137.5, 35.1666665 ] ] ] } },
{ "type": "Feature", "properties": { "Id": 0, "Sheet_ID": "豊橋 9", "label": "豊橋 9", "call_short": "G7960 S50 .K61", "call_num": "G7960 S50 .K61 NI-53-2-9 ED.2", "recid": "fv110bp7864", "websiteUrl": "https://purl.stanford.edu/fv110bp7864", "title": "[日本] 五万分一地形圖", "ckey": 9741696, "available": true, "iiifUrl": "https://purl.stanford.edu/fv110bp7864/iiif/manifest" }, "geometry": { "type": "Polygon", "coordinates": [ [ [ 137.25, 35.1666665 ], [ 137.5, 35.1666665 ], [ 137.5, 35.333333 ], [ 137.25, 35.333333 ], [ 137.25, 35.1666665 ] ] ] } },
{ "type": "Feature", "properties": { "Id": 0, "Sheet_ID": "豊橋 14", "label": "豊橋 14", "call_short": "G7960 S50 .K61", "call_num": "G7960 S50 .K61 NI-53-2-14", "recid": "dn955jt4867", "websiteUrl": "https://purl.stanford.edu/dn955jt4867", "title": "[日本] 五万分一地形圖", "ckey": 9741696, "available": true, "iiifUrl": "https://purl.stanford.edu/dn955jt4867/iiif/manifest" }, "geometry": { "type": "Polygon", "coordinates": [ [ [ 137.0, 35.0 ], [ 137.25, 35.0 ], [ 137.25, 35.1666665 ], [ 137.0, 35.1666665 ], [ 137.0, 35.0 ] ] ] } },
{ "type": "Feature", "properties": { "Id": 0, "Sheet_ID": "飯田 16", "label": "飯田 16", "call_short": "G7960 S50 .K61", "call_num": "G7960 S50 .K61 NI-53-1-16", "recid": "rp898dz6537", "websiteUrl": "https://purl.stanford.edu/rp898dz6537", "title": "[日本] 五万分一地形圖", "ckey": 9741696, "available": true, "iiifUrl": "https://purl.stanford.edu/rp898dz6537/iiif/manifest" }, "geometry": { "type": "Polygon", "coordinates": [ [ [ 137.0, 35.333333 ], [ 137.25, 35.333333 ], [ 137.25, 35.4999998 ], [ 137.0, 35.4999998 ], [ 137.0, 35.333333 ] ] ] } },
{ "type": "Feature", "properties": { "Id": 0, "Sheet_ID": "飯田 12", "label": "飯田 12", "call_short": "G7960 S50 .K61", "call_num": "G7960 S50 .K61 NI-53-1-12", "recid": "td952zq0668", "websiteUrl": "https://purl.stanford.edu/td952zq0668", "title": "[日本] 五万分一地形圖", "ckey": 9741696, "available": true, "iiifUrl": "https://purl.stanford.edu/td952zq0668/iiif/manifest" }, "geometry": { "type": "Polygon", "coordinates": [ [ [ 137.25, 35.333333 ], [ 137.5, 35.333333 ], [ 137.5, 35.4999998 ], [ 137.25, 35.4999998 ], [ 137.25, 35.333333 ] ] ] } },
{ "type": "Feature", "properties": { "Id": 0, "Sheet_ID": "飯田 8", "label": "飯田 8", "call_short": "G7960 S50 .K61", "call_num": "G7960 S50 .K61 NI-53-1-8", "recid": "np480jz0401", "websiteUrl": "https://purl.stanford.edu/np480jz0401", "title": "[日本] 五万分一地形圖", "ckey": 9741696, "available": true, "iiifUrl": "https://purl.stanford.edu/np480jz0401/iiif/manifest" }, "geometry": { "type": "Polygon", "coordinates": [ [ [ 137.5, 35.333333 ], [ 137.75, 35.333333 ], [ 137.75, 35.4999998 ], [ 137.5, 35.4999998 ], [ 137.5, 35.333333 ] ] ] } },
{ "type": "Feature", "properties": { "Id": 0, "Sheet_ID": "飯田 4", "label": "飯田 4", "call_short": "0", "call_num": "0", "recid": "0", "websiteUrl": "0", "title": "0", "ckey": 0, "available": false, "iiifUrl": "0" }, "geometry": { "type": "Polygon", "coordinates": [ [ [ 137.75, 35.333333 ], [ 138.0, 35.333333 ], [ 138.0, 35.4999998 ], [ 137.75, 35.4999998 ], [ 137.75, 35.333333 ] ] ] } },
{ "type": "Feature", "properties": { "Id": 0, "Sheet_ID": "飯田 15", "label": "飯田 15", "call_short": "G7960 S50 .K61", "call_num": "G7960 S50 .K61 NI-53-1-15", "recid": "mb887tc8363", "websiteUrl": "https://purl.stanford.edu/mb887tc8363", "title": "[日本] 五万分一地形圖", "ckey": 9741696, "available": true, "iiifUrl": "https://purl.stanford.edu/mb887tc8363/iiif/manifest" }, "geometry": { "type": "Polygon", "coordinates": [ [ [ 137.0, 35.4999998 ], [ 137.25, 35.4999998 ], [ 137.25, 35.6666665 ], [ 137.0, 35.6666665 ], [ 137.0, 35.4999998 ] ] ] } },
{ "type": "Feature", "properties": { "Id": 0, "Sheet_ID": "飯田 11 ED.2", "label": "飯田 11 ED.2", "call_short": "G7960 S50 .K61", "call_num": "G7960 S50 .K61 NI-53-1-11 ED.2", "recid": "dx885rm1914", "websiteUrl": "https://purl.stanford.edu/dx885rm1914", "title": "[日本] 五万分一地形圖", "ckey": 9741696, "available": true, "iiifUrl": "https://purl.stanford.edu/dx885rm1914/iiif/manifest" }, "geometry": { "type": "Polygon", "coordinates": [ [ [ 137.25, 35.4999998 ], [ 137.5, 35.4999998 ], [ 137.5, 35.6666665 ], [ 137.25, 35.6666665 ], [ 137.25, 35.4999998 ] ] ] } },
{ "type": "Feature", "properties": { "Id": 0, "Sheet_ID": "飯田 7", "label": "飯田 7", "call_short": "G7960 S50 .K61", "call_num": "G7960 S50 .K61 NI-53-1-7", "recid": "kg791bq8888", "websiteUrl": "https://purl.stanford.edu/kg791bq8888", "title": "[日本] 五万分一地形圖", "ckey": 9741696, "available": true, "iiifUrl": "https://purl.stanford.edu/kg791bq8888/iiif/manifest" }, "geometry": { "type": "Polygon", "coordinates": [ [ [ 137.5, 35.4999998 ], [ 137.75, 35.4999998 ], [ 137.75, 35.6666665 ], [ 137.5, 35.6666665 ], [ 137.5, 35.4999998 ] ] ] } },
{ "type": "Feature", "properties": { "Id": 0, "Sheet_ID": "飯田 3", "label": "飯田 3", "call_short": "G7960 S50 .K61", "call_num": "G7960 S50 .K61 NI-53-1-3", "recid": "zc467vv5272", "websiteUrl": "https://purl.stanford.edu/zc467vv5272", "title": "[日本] 五万分一地形圖", "ckey": 9741696, "available": true, "iiifUrl": "https://purl.stanford.edu/zc467vv5272/iiif/manifest" }, "geometry": { "type": "Polygon", "coordinates": [ [ [ 137.75, 35.4999998 ], [ 138.0, 35.4999998 ], [ 138.0, 35.6666665 ], [ 137.75, 35.6666665 ], [ 137.75, 35.4999998 ] ] ] } },
{ "type": "Feature", "properties": { "Id": 0, "Sheet_ID": "飯田 14", "label": "飯田 14", "call_short": "G7960 S50 .K61", "call_num": "G7960 S50 .K61 NI-53-1-14", "recid": "sc298ry9801", "websiteUrl": "https://purl.stanford.edu/sc298ry9801", "title": "[日本] 五万分一地形圖", "ckey": 9741696, "available": true, "iiifUrl": "https://purl.stanford.edu/sc298ry9801/iiif/manifest" }, "geometry": { "type": "Polygon", "coordinates": [ [ [ 137.0, 35.6666665 ], [ 137.25, 35.6666665 ], [ 137.25, 35.8333333 ], [ 137.0, 35.8333333 ], [ 137.0, 35.6666665 ] ] ] } },
{ "type": "Feature", "properties": { "Id": 0, "Sheet_ID": "飯田 10", "label": "飯田 10", "call_short": "G7960 S50 .K61", "call_num": "G7960 S50 .K61 NI-53-1-10", "recid": "qz521xd3351", "websiteUrl": "https://purl.stanford.edu/qz521xd3351", "title": "[日本] 五万分一地形圖", "ckey": 9741696, "available": true, "iiifUrl": "https://purl.stanford.edu/qz521xd3351/iiif/manifest" }, "geometry": { "type": "Polygon", "coordinates": [ [ [ 137.25, 35.6666665 ], [ 137.5, 35.6666665 ], [ 137.5, 35.8333333 ], [ 137.25, 35.8333333 ], [ 137.25, 35.6666665 ] ] ] } },
{ "type": "Feature", "properties": { "Id": 0, "Sheet_ID": "飯田 6", "label": "飯田 6", "call_short": "G7960 S50 .K61", "call_num": "G7960 S50 .K61 NI-53-1-6", "recid": "ky878pz8975", "websiteUrl": "https://purl.stanford.edu/ky878pz8975", "title": "[日本] 五万分一地形圖", "ckey": 9741696, "available": true, "iiifUrl": "https://purl.stanford.edu/ky878pz8975/iiif/manifest" }, "geometry": { "type": "Polygon", "coordinates": [ [ [ 137.5, 35.6666665 ], [ 137.75, 35.6666665 ], [ 137.75, 35.8333333 ], [ 137.5, 35.8333333 ], [ 137.5, 35.6666665 ] ] ] } },
{ "type": "Feature", "properties": { "Id": 0, "Sheet_ID": "飯田 2", "label": "飯田 2", "call_short": "0", "call_num": "0", "recid": "0", "websiteUrl": "0", "title": "0", "ckey": 0, "available": false, "iiifUrl": "0" }, "geometry": { "type": "Polygon", "coordinates": [ [ [ 137.75, 35.6666665 ], [ 138.0, 35.6666665 ], [ 138.0, 35.8333333 ], [ 137.75, 35.8333333 ], [ 137.75, 35.6666665 ] ] ] } },
{ "type": "Feature", "properties": { "Id": 0, "Sheet_ID": "飯田 13", "label": "飯田 13", "call_short": "0", "call_num": "0", "recid": "0", "websiteUrl": "0", "title": "0", "ckey": 0, "available": false, "iiifUrl": "0" }, "geometry": { "type": "Polygon", "coordinates": [ [ [ 137.0, 35.8333333 ], [ 137.25, 35.8333333 ], [ 137.25, 36.0 ], [ 137.0, 36.0 ], [ 137.0, 35.8333333 ] ] ] } },
{ "type": "Feature", "properties": { "Id": 0, "Sheet_ID": "飯田 9 ED.2", "label": "飯田 9 ED.2", "call_short": "G7960 S50 .K61", "call_num": "G7960 S50 .K61 NI-53-1-9 ED.2", "recid": "kp795sg2658", "websiteUrl": "https://purl.stanford.edu/kp795sg2658", "title": "[日本] 五万分一地形圖", "ckey": 9741696, "available": true, "iiifUrl": "https://purl.stanford.edu/kp795sg2658/iiif/manifest" }, "geometry": { "type": "Polygon", "coordinates": [ [ [ 137.25, 35.8333333 ], [ 137.5, 35.8333333 ], [ 137.5, 36.0 ], [ 137.25, 36.0 ], [ 137.25, 35.8333333 ] ] ] } },
{ "type": "Feature", "properties": { "Id": 0, "Sheet_ID": "飯田 5", "label": "飯田 5", "call_short": "G7960 S50 .K61", "call_num": "G7960 S50 .K61 NI-53-1-5", "recid": "yw111gw9264", "websiteUrl": "https://purl.stanford.edu/yw111gw9264", "title": "[日本] 五万分一地形圖", "ckey": 9741696, "available": true, "iiifUrl": "https://purl.stanford.edu/yw111gw9264/iiif/manifest" }, "geometry": { "type": "Polygon", "coordinates": [ [ [ 137.5, 35.8333333 ], [ 137.75, 35.8333333 ], [ 137.75, 36.0 ], [ 137.5, 36.0 ], [ 137.5, 35.8333333 ] ] ] } },
{ "type": "Feature", "properties": { "Id": 0, "Sheet_ID": "飯田 1", "label": "飯田 1", "call_short": "G7960 S50 .K61", "call_num": "G7960 S50 .K61 NI-53-1-1", "recid": "xr342fs3833", "websiteUrl": "https://purl.stanford.edu/xr342fs3833", "title": "[日本] 五万分一地形圖", "ckey": 9741696, "available": true, "iiifUrl": "https://purl.stanford.edu/xr342fs3833/iiif/manifest" }, "geometry": { "type": "Polygon", "coordinates": [ [ [ 137.75, 35.8333333 ], [ 138.0, 35.8333333 ], [ 138.0, 36.0 ], [ 137.75, 36.0 ], [ 137.75, 35.8333333 ] ] ] } },
{ "type": "Feature", "properties": { "Id": 0, "Sheet_ID": "飯田 9", "label": "飯田 9", "call_short": "G7960 S50 .K61", "call_num": "G7960 S50 .K61 NI-53-1-9", "recid": "qj721cy2808", "websiteUrl": "https://purl.stanford.edu/qj721cy2808", "title": "[日本] 五万分一地形圖", "ckey": 9741696, "available": true, "iiifUrl": "https://purl.stanford.edu/qj721cy2808/iiif/manifest" }, "geometry": { "type": "Polygon", "coordinates": [ [ [ 137.25, 35.8333332 ], [ 137.5, 35.8333332 ], [ 137.5, 36.0 ], [ 137.25, 36.0 ], [ 137.25, 35.8333332 ] ] ] } },
{ "type": "Feature", "properties": { "Id": 0, "Sheet_ID": "飯田 11", "label": "飯田 11", "call_short": "G7960 S50 .K61", "call_num": "G7960 S50 .K61 NI-53-1-11", "recid": "bp009wz1315", "websiteUrl": "https://purl.stanford.edu/bp009wz1315", "title": "[日本] 五万分一地形圖", "ckey": 9741696, "available": true, "iiifUrl": "https://purl.stanford.edu/bp009wz1315/iiif/manifest" }, "geometry": { "type": "Polygon", "coordinates": [ [ [ 137.25, 35.4999998 ], [ 137.5, 35.4999998 ], [ 137.5, 35.6666665 ], [ 137.25, 35.6666665 ], [ 137.25, 35.4999998 ] ] ] } },
{ "type": "Feature", "properties": { "Id": 0, "Sheet_ID": "飯田 12 ED.2", "label": "飯田 12 ED.2", "call_short": "G7960 S50 .K61", "call_num": "G7960 S50 .K61 NI-53-1-12 ED.2", "recid": "vb802jf6120", "websiteUrl": "https://purl.stanford.edu/vb802jf6120", "title": "[日本] 五万分一地形圖", "ckey": 9741696, "available": true, "iiifUrl": "https://purl.stanford.edu/vb802jf6120/iiif/manifest" }, "geometry": { "type": "Polygon", "coordinates": [ [ [ 137.25, 35.333333 ], [ 137.5, 35.333333 ], [ 137.5, 35.4999998 ], [ 137.25, 35.4999998 ], [ 137.25, 35.333333 ] ] ] } },
{ "type": "Feature", "properties": { "Id": 0, "Sheet_ID": "宇和島 8", "label": "宇和島 8", "call_short": "G7960 S50 .K61", "call_num": "G7960 S50 .K61 NI-53-35-8", "recid": "dv276bc1584", "websiteUrl": "https://purl.stanford.edu/dv276bc1584", "title": "[日本] 五万分一地形圖", "ckey": 9741696, "available": true, "iiifUrl": "https://purl.stanford.edu/dv276bc1584/iiif/manifest" }, "geometry": { "type": "Polygon", "coordinates": [ [ [ 132.47, 32.666667 ], [ 132.75, 32.666667 ], [ 132.75, 32.8333335 ], [ 132.47, 32.8333335 ], [ 132.47, 32.666667 ] ] ] } },
{ "type": "Feature", "properties": { "Id": 0, "Sheet_ID": "宇和島 4", "label": "宇和島 4", "call_short": "G7960 S50 .K61", "call_num": "G7960 S50 .K61 NI-53-35-4", "recid": "xv324bq8642", "websiteUrl": "https://purl.stanford.edu/xv324bq8642", "title": "[日本] 五万分一地形圖", "ckey": 9741696, "available": true, "iiifUrl": "https://purl.stanford.edu/xv324bq8642/iiif/manifest" }, "geometry": { "type": "Polygon", "coordinates": [ [ [ 132.75, 32.666667 ], [ 133.0, 32.666667 ], [ 133.0, 32.8333335 ], [ 132.75, 32.8333335 ], [ 132.75, 32.666667 ] ] ] } },
{ "type": "Feature", "properties": { "Id": 0, "Sheet_ID": "宇和島 15", "label": "宇和島 15", "call_short": "0", "call_num": "0", "recid": "0", "websiteUrl": "0", "title": "0", "ckey": 0, "available": false, "iiifUrl": "0" }, "geometry": { "type": "Polygon", "coordinates": [ [ [ 132.0, 32.8333335 ], [ 132.25, 32.8333335 ], [ 132.25, 33.0 ], [ 132.0, 33.0 ], [ 132.0, 32.8333335 ] ] ] } },
{ "type": "Feature", "properties": { "Id": 0, "Sheet_ID": "宇和島 11", "label": "宇和島 11", "call_short": "G7960 S50 .K61", "call_num": "G7960 S50 .K61 NI-53-35-11", "recid": "th329vy2027", "websiteUrl": "https://purl.stanford.edu/th329vy2027", "title": "[日本] 五万分一地形圖", "ckey": 9741696, "available": true, "iiifUrl": "https://purl.stanford.edu/th329vy2027/iiif/manifest" }, "geometry": { "type": "Polygon", "coordinates": [ [ [ 132.25, 32.8333335 ], [ 132.5, 32.8333335 ], [ 132.5, 33.0 ], [ 132.25, 33.0 ], [ 132.25, 32.8333335 ] ] ] } },
{ "type": "Feature", "properties": { "Id": 0, "Sheet_ID": "宇和島 7", "label": "宇和島 7", "call_short": "G7960 S50 .K61", "call_num": "G7960 S50 .K61 NI-53-35-7", "recid": "qx197rw0921", "websiteUrl": "https://purl.stanford.edu/qx197rw0921", "title": "[日本] 五万分一地形圖", "ckey": 9741696, "available": true, "iiifUrl": "https://purl.stanford.edu/qx197rw0921/iiif/manifest" }, "geometry": { "type": "Polygon", "coordinates": [ [ [ 132.5, 32.8333335 ], [ 132.75, 32.8333335 ], [ 132.75, 33.0 ], [ 132.5, 33.0 ], [ 132.5, 32.8333335 ] ] ] } },
{ "type": "Feature", "properties": { "Id": 0, "Sheet_ID": "宇和島 3", "label": "宇和島 3", "call_short": "0", "call_num": "0", "recid": "0", "websiteUrl": "0", "title": "0", "ckey": 0, "available": false, "iiifUrl": "0" }, "geometry": { "type": "Polygon", "coordinates": [ [ [ 132.75, 32.8333335 ], [ 133.02, 32.8333335 ], [ 133.02, 33.0 ], [ 132.75, 33.0 ], [ 132.75, 32.8333335 ] ] ] } },
{ "type": "Feature", "properties": { "Id": 0, "Sheet_ID": "宇和島 14", "label": "宇和島 14", "call_short": "G7960 S50 .K61", "call_num": "G7960 S50 .K61 NI-53-35-14", "recid": "jw276cc9711", "websiteUrl": "https://purl.stanford.edu/jw276cc9711", "title": "[日本] 五万分一地形圖", "ckey": 9741696, "available": true, "iiifUrl": "https://purl.stanford.edu/jw276cc9711/iiif/manifest" }, "geometry": { "type": "Polygon", "coordinates": [ [ [ 132.0, 33.0 ], [ 132.25, 33.0 ], [ 132.25, 33.1666665 ], [ 132.0, 33.1666665 ], [ 132.0, 33.0 ] ] ] } },
{ "type": "Feature", "properties": { "Id": 0, "Sheet_ID": "宇和島 10", "label": "宇和島 10", "call_short": "G7960 S50 .K61", "call_num": "G7960 S50 .K61 NI-53-35-10", "recid": "sh248xs3251", "websiteUrl": "https://purl.stanford.edu/sh248xs3251", "title": "[日本] 五万分一地形圖", "ckey": 9741696, "available": true, "iiifUrl": "https://purl.stanford.edu/sh248xs3251/iiif/manifest" }, "geometry": { "type": "Polygon", "coordinates": [ [ [ 132.25, 33.0 ], [ 132.5, 33.0 ], [ 132.5, 33.1666665 ], [ 132.25, 33.1666665 ], [ 132.25, 33.0 ] ] ] } },
{ "type": "Feature", "properties": { "Id": 0, "Sheet_ID": "宇和島 6 ED.2", "label": "宇和島 6 ED.2", "call_short": "G7960 S50 .K61", "call_num": "G7960 S50 .K61 NI-53-35-6 ED.2", "recid": "mr323wk9895", "websiteUrl": "https://purl.stanford.edu/mr323wk9895", "title": "[日本] 五万分一地形圖", "ckey": 9741696, "available": true, "iiifUrl": "https://purl.stanford.edu/mr323wk9895/iiif/manifest" }, "geometry": { "type": "Polygon", "coordinates": [ [ [ 132.5, 33.0 ], [ 132.75, 33.0 ], [ 132.75, 33.1666665 ], [ 132.5, 33.1666665 ], [ 132.5, 33.0 ] ] ] } },
{ "type": "Feature", "properties": { "Id": 0, "Sheet_ID": "宇和島 2", "label": "宇和島 2", "call_short": "0", "call_num": "0", "recid": "0", "websiteUrl": "0", "title": "0", "ckey": 0, "available": false, "iiifUrl": "0" }, "geometry": { "type": "Polygon", "coordinates": [ [ [ 132.75, 33.0 ], [ 133.0, 33.0 ], [ 133.0, 33.1666665 ], [ 132.75, 33.1666665 ], [ 132.75, 33.0 ] ] ] } },
{ "type": "Feature", "properties": { "Id": 0, "Sheet_ID": "宇和島 9", "label": "宇和島 9", "call_short": "G7960 S50 .K61", "call_num": "G7960 S50 .K61 NI-53-35-9", "recid": "sw890br0330", "websiteUrl": "https://purl.stanford.edu/sw890br0330", "title": "[日本] 五万分一地形圖", "ckey": 9741696, "available": true, "iiifUrl": "https://purl.stanford.edu/sw890br0330/iiif/manifest" }, "geometry": { "type": "Polygon", "coordinates": [ [ [ 132.25, 33.1666665 ], [ 132.5, 33.1666665 ], [ 132.5, 33.333333 ], [ 132.25, 33.333333 ], [ 132.25, 33.1666665 ] ] ] } },
{ "type": "Feature", "properties": { "Id": 0, "Sheet_ID": "宇和島 5", "label": "宇和島 5", "call_short": "G7960 S50 .K61", "call_num": "G7960 S50 .K61 NI-53-35-5", "recid": "jz326fh4144", "websiteUrl": "https://purl.stanford.edu/jz326fh4144", "title": "[日本] 五万分一地形圖", "ckey": 9741696, "available": true, "iiifUrl": "https://purl.stanford.edu/jz326fh4144/iiif/manifest" }, "geometry": { "type": "Polygon", "coordinates": [ [ [ 132.5, 33.1666665 ], [ 132.75, 33.1666665 ], [ 132.75, 33.333333 ], [ 132.5, 33.333333 ], [ 132.5, 33.1666665 ] ] ] } },
{ "type": "Feature", "properties": { "Id": 0, "Sheet_ID": "宇和島 1", "label": "宇和島 1", "call_short": "G7960 S50 .K61", "call_num": "G7960 S50 .K61 NI-53-35-1", "recid": "cd838ff6497", "websiteUrl": "https://purl.stanford.edu/cd838ff6497", "title": "[日本] 五万分一地形圖", "ckey": 9741696, "available": true, "iiifUrl": "https://purl.stanford.edu/cd838ff6497/iiif/manifest" }, "geometry": { "type": "Polygon", "coordinates": [ [ [ 132.75, 33.1666665 ], [ 133.0, 33.1666665 ], [ 133.0, 33.333333 ], [ 132.75, 33.333333 ], [ 132.75, 33.1666665 ] ] ] } },
{ "type": "Feature", "properties": { "Id": 0, "Sheet_ID": "宇和島 6", "label": "宇和島 6", "call_short": "G7960 S50 .K61", "call_num": "G7960 S50 .K61 NI-53-35-6", "recid": "dp550mn6891", "websiteUrl": "https://purl.stanford.edu/dp550mn6891", "title": "[日本] 五万分一地形圖", "ckey": 9741696, "available": true, "iiifUrl": "https://purl.stanford.edu/dp550mn6891/iiif/manifest" }, "geometry": { "type": "Polygon", "coordinates": [ [ [ 132.5, 33.0 ], [ 132.75, 33.0 ], [ 132.75, 33.1666665 ], [ 132.5, 33.1666665 ], [ 132.5, 33.0 ] ] ] } },
{ "type": "Feature", "properties": { "Id": 0, "Sheet_ID": "松山 16", "label": "松山 16", "call_short": "G7960 S50 .K61", "call_num": "G7960 S50 .K61 NI-53-34-16", "recid": "py479js2630", "websiteUrl": "https://purl.stanford.edu/py479js2630", "title": "[日本] 五万分一地形圖", "ckey": 9741696, "available": true, "iiifUrl": "https://purl.stanford.edu/py479js2630/iiif/manifest" }, "geometry": { "type": "Polygon", "coordinates": [ [ [ 132.0, 33.333333 ], [ 132.25, 33.333333 ], [ 132.25, 33.4999998 ], [ 132.0, 33.4999998 ], [ 132.0, 33.333333 ] ] ] } },
{ "type": "Feature", "properties": { "Id": 0, "Sheet_ID": "松山 12", "label": "松山 12", "call_short": "G7960 S50 .K61", "call_num": "G7960 S50 .K61 NI-53-34-12", "recid": "kh334rm6419", "websiteUrl": "https://purl.stanford.edu/kh334rm6419", "title": "[日本] 五万分一地形圖", "ckey": 9741696, "available": true, "iiifUrl": "https://purl.stanford.edu/kh334rm6419/iiif/manifest" }, "geometry": { "type": "Polygon", "coordinates": [ [ [ 132.25, 33.333333 ], [ 132.5, 33.333333 ], [ 132.5, 33.4999998 ], [ 132.25, 33.4999998 ], [ 132.25, 33.333333 ] ] ] } },
{ "type": "Feature", "properties": { "Id": 0, "Sheet_ID": "松山 8", "label": "松山 8", "call_short": "G7960 S50 .K61", "call_num": "G7960 S50 .K61 NI-53-34-8", "recid": "xb337qj2953", "websiteUrl": "https://purl.stanford.edu/xb337qj2953", "title": "[日本] 五万分一地形圖", "ckey": 9741696, "available": true, "iiifUrl": "https://purl.stanford.edu/xb337qj2953/iiif/manifest" }, "geometry": { "type": "Polygon", "coordinates": [ [ [ 132.5, 33.333333 ], [ 132.75, 33.333333 ], [ 132.75, 33.4999998 ], [ 132.5, 33.4999998 ], [ 132.5, 33.333333 ] ] ] } },
{ "type": "Feature", "properties": { "Id": 0, "Sheet_ID": "松山 4", "label": "松山 4", "call_short": "0", "call_num": "0", "recid": "0", "websiteUrl": "0", "title": "0", "ckey": 0, "available": false, "iiifUrl": "0" }, "geometry": { "type": "Polygon", "coordinates": [ [ [ 132.75, 33.333333 ], [ 133.0, 33.333333 ], [ 133.0, 33.4999998 ], [ 132.75, 33.4999998 ], [ 132.75, 33.333333 ] ] ] } },
{ "type": "Feature", "properties": { "Id": 0, "Sheet_ID": "松山 11", "label": "松山 11", "call_short": "G7960 S50 .K61", "call_num": "G7960 S50 .K61 NI-53-34-11", "recid": "dy815pf0341", "websiteUrl": "https://purl.stanford.edu/dy815pf0341", "title": "[日本] 五万分一地形圖", "ckey": 9741696, "available": true, "iiifUrl": "https://purl.stanford.edu/dy815pf0341/iiif/manifest" }, "geometry": { "type": "Polygon", "coordinates": [ [ [ 132.25, 33.4999998 ], [ 132.5, 33.4999998 ], [ 132.5, 33.6666665 ], [ 132.25, 33.6666665 ], [ 132.25, 33.4999998 ] ] ] } },
{ "type": "Feature", "properties": { "Id": 0, "Sheet_ID": "松山 7", "label": "松山 7", "call_short": "G7960 S50 .K61", "call_num": "G7960 S50 .K61 NI-53-34-7", "recid": "zk850wh7864", "websiteUrl": "https://purl.stanford.edu/zk850wh7864", "title": "[日本] 五万分一地形圖", "ckey": 9741696, "available": true, "iiifUrl": "https://purl.stanford.edu/zk850wh7864/iiif/manifest" }, "geometry": { "type": "Polygon", "coordinates": [ [ [ 132.5, 33.4999998 ], [ 132.75, 33.4999998 ], [ 132.75, 33.6666665 ], [ 132.5, 33.6666665 ], [ 132.5, 33.4999998 ] ] ] } },
{ "type": "Feature", "properties": { "Id": 0, "Sheet_ID": "松山 3 ED.2", "label": "松山 3 ED.2", "call_short": "G7960 S50 .K61", "call_num": "G7960 S50 .K61 NI-53-34-3 ED.2", "recid": "qd102hr0761", "websiteUrl": "https://purl.stanford.edu/qd102hr0761", "title": "[日本] 五万分一地形圖", "ckey": 9741696, "available": true, "iiifUrl": "https://purl.stanford.edu/qd102hr0761/iiif/manifest" }, "geometry": { "type": "Polygon", "coordinates": [ [ [ 132.75, 33.4999998 ], [ 133.0, 33.4999998 ], [ 133.0, 33.6666665 ], [ 132.75, 33.6666665 ], [ 132.75, 33.4999998 ] ] ] } },
{ "type": "Feature", "properties": { "Id": 0, "Sheet_ID": "松山 14", "label": "松山 14", "call_short": "0", "call_num": "0", "recid": "0", "websiteUrl": "0", "title": "0", "ckey": 0, "available": false, "iiifUrl": "0" }, "geometry": { "type": "Polygon", "coordinates": [ [ [ 132.0, 33.6666665 ], [ 132.25, 33.6666665 ], [ 132.25, 33.8333333 ], [ 132.0, 33.8333333 ], [ 132.0, 33.6666665 ] ] ] } },
{ "type": "Feature", "properties": { "Id": 0, "Sheet_ID": "松山 10", "label": "松山 10", "call_short": "G7960 S50 .K61", "call_num": "G7960 S50 .K61 NI-53-34-10", "recid": "gg907bj1315", "websiteUrl": "https://purl.stanford.edu/gg907bj1315", "title": "[日本] 五万分一地形圖", "ckey": 9741696, "available": true, "iiifUrl": "https://purl.stanford.edu/gg907bj1315/iiif/manifest" }, "geometry": { "type": "Polygon", "coordinates": [ [ [ 132.25, 33.6666665 ], [ 132.5, 33.6666665 ], [ 132.5, 33.8333333 ], [ 132.25, 33.8333333 ], [ 132.25, 33.6666665 ] ] ] } },
{ "type": "Feature", "properties": { "Id": 0, "Sheet_ID": "松山 6", "label": "松山 6", "call_short": "G7960 S50 .K61", "call_num": "G7960 S50 .K61 NI-53-34-6", "recid": "kc437hn2950", "websiteUrl": "https://purl.stanford.edu/kc437hn2950", "title": "[日本] 五万分一地形圖", "ckey": 9741696, "available": true, "iiifUrl": "https://purl.stanford.edu/kc437hn2950/iiif/manifest" }, "geometry": { "type": "Polygon", "coordinates": [ [ [ 132.5, 33.6666665 ], [ 132.75, 33.6666665 ], [ 132.75, 33.8333333 ], [ 132.5, 33.8333333 ], [ 132.5, 33.6666665 ] ] ] } },
{ "type": "Feature", "properties": { "Id": 0, "Sheet_ID": "松山 2", "label": "松山 2", "call_short": "G7960 S50 .K61", "call_num": "G7960 S50 .K61 NI-53-34-2", "recid": "gh183vg1700", "websiteUrl": "https://purl.stanford.edu/gh183vg1700", "title": "[日本] 五万分一地形圖", "ckey": 9741696, "available": true, "iiifUrl": "https://purl.stanford.edu/gh183vg1700/iiif/manifest" }, "geometry": { "type": "Polygon", "coordinates": [ [ [ 132.75, 33.6666665 ], [ 133.0, 33.6666665 ], [ 133.0, 33.8333333 ], [ 132.75, 33.8333333 ], [ 132.75, 33.6666665 ] ] ] } },
{ "type": "Feature", "properties": { "Id": 0, "Sheet_ID": "松山 13", "label": "松山 13", "call_short": "0", "call_num": "0", "recid": "0", "websiteUrl": "0", "title": "0", "ckey": 0, "available": false, "iiifUrl": "0" }, "geometry": { "type": "Polygon", "coordinates": [ [ [ 132.0, 33.8333333 ], [ 132.25, 33.8333333 ], [ 132.25, 34.0 ], [ 132.0, 34.0 ], [ 132.0, 33.8333333 ] ] ] } },
{ "type": "Feature", "properties": { "Id": 0, "Sheet_ID": "松山 9", "label": "松山 9", "call_short": "0", "call_num": "0", "recid": "0", "websiteUrl": "0", "title": "0", "ckey": 0, "available": false, "iiifUrl": "0" }, "geometry": { "type": "Polygon", "coordinates": [ [ [ 132.25, 33.8333333 ], [ 132.5, 33.8333333 ], [ 132.5, 34.0 ], [ 132.25, 34.0 ], [ 132.25, 33.8333333 ] ] ] } },
{ "type": "Feature", "properties": { "Id": 0, "Sheet_ID": "松山 5", "label": "松山 5", "call_short": "0", "call_num": "0", "recid": "0", "websiteUrl": "0", "title": "0", "ckey": 0, "available": false, "iiifUrl": "0" }, "geometry": { "type": "Polygon", "coordinates": [ [ [ 132.5, 33.8333333 ], [ 132.75, 33.8333333 ], [ 132.75, 34.0 ], [ 132.5, 34.0 ], [ 132.5, 33.8333333 ] ] ] } },
{ "type": "Feature", "properties": { "Id": 0, "Sheet_ID": "松山 1", "label": "松山 1", "call_short": "G7960 S50 .K61", "call_num": "G7960 S50 .K61 NI-53-34-1", "recid": "mk321dw7190", "websiteUrl": "https://purl.stanford.edu/mk321dw7190", "title": "[日本] 五万分一地形圖", "ckey": 9741696, "available": true, "iiifUrl": "https://purl.stanford.edu/mk321dw7190/iiif/manifest" }, "geometry": { "type": "Polygon", "coordinates": [ [ [ 132.75, 33.8333333 ], [ 133.0, 33.8333333 ], [ 133.0, 34.0 ], [ 132.75, 34.0 ], [ 132.75, 33.8333333 ] ] ] } },
{ "type": "Feature", "properties": { "Id": 0, "Sheet_ID": "松山 3", "label": "松山 3", "call_short": "G7960 S50 .K61", "call_num": "G7960 S50 .K61 NI-53-34-3", "recid": "vc192kw6218", "websiteUrl": "https://purl.stanford.edu/vc192kw6218", "title": "[日本] 五万分一地形圖", "ckey": 9741696, "available": true, "iiifUrl": "https://purl.stanford.edu/vc192kw6218/iiif/manifest" }, "geometry": { "type": "Polygon", "coordinates": [ [ [ 132.75, 33.4999998 ], [ 133.0, 33.4999998 ], [ 133.0, 33.6666665 ], [ 132.75, 33.6666665 ], [ 132.75, 33.4999998 ] ] ] } },
{ "type": "Feature", "properties": { "Id": 0, "Sheet_ID": "廣島 16", "label": "廣島 16", "call_short": "G7960 S50 .K61", "call_num": "G7960 S50 .K61 NI-53-33-16", "recid": "dt241rp8216", "websiteUrl": "https://purl.stanford.edu/dt241rp8216", "title": "[日本] 五万分一地形圖", "ckey": 9741696, "available": true, "iiifUrl": "https://purl.stanford.edu/dt241rp8216/iiif/manifest" }, "geometry": { "type": "Polygon", "coordinates": [ [ [ 132.0, 34.0 ], [ 132.25, 34.0 ], [ 132.25, 34.1666667 ], [ 132.0, 34.1666667 ], [ 132.0, 34.0 ] ] ] } },
{ "type": "Feature", "properties": { "Id": 0, "Sheet_ID": "廣島 12", "label": "廣島 12", "call_short": "G7960 S50 .K61", "call_num": "G7960 S50 .K61 NI-53-33-12", "recid": "rd169tz2278", "websiteUrl": "https://purl.stanford.edu/rd169tz2278", "title": "[日本] 五万分一地形圖", "ckey": 9741696, "available": true, "iiifUrl": "https://purl.stanford.edu/rd169tz2278/iiif/manifest" }, "geometry": { "type": "Polygon", "coordinates": [ [ [ 132.25, 34.0 ], [ 132.5, 34.0 ], [ 132.5, 34.1666667 ], [ 132.25, 34.1666667 ], [ 132.25, 34.0 ] ] ] } },
{ "type": "Feature", "properties": { "Id": 0, "Sheet_ID": "廣島 8", "label": "廣島 8", "call_short": "G7960 S50 .K61", "call_num": "G7960 S50 .K61 NI-53-33-8", "recid": "rf724qt0024", "websiteUrl": "https://purl.stanford.edu/rf724qt0024", "title": "[日本] 五万分一地形圖", "ckey": 9741696, "available": true, "iiifUrl": "https://purl.stanford.edu/rf724qt0024/iiif/manifest" }, "geometry": { "type": "Polygon", "coordinates": [ [ [ 132.5, 34.0 ], [ 132.75, 34.0 ], [ 132.75, 34.1666667 ], [ 132.5, 34.1666667 ], [ 132.5, 34.0 ] ] ] } },
{ "type": "Feature", "properties": { "Id": 0, "Sheet_ID": "廣島 4", "label": "廣島 4", "call_short": "G7960 S50 .K61", "call_num": "G7960 S50 .K61 NI-53-33-4", "recid": "qs976ys7785", "websiteUrl": "https://purl.stanford.edu/qs976ys7785", "title": "[日本] 五万分一地形圖", "ckey": 9741696, "available": true, "iiifUrl": "https://purl.stanford.edu/qs976ys7785/iiif/manifest" }, "geometry": { "type": "Polygon", "coordinates": [ [ [ 132.75, 34.0 ], [ 133.0, 34.0 ], [ 133.0, 34.1666667 ], [ 132.75, 34.1666667 ], [ 132.75, 34.0 ] ] ] } },
{ "type": "Feature", "properties": { "Id": 0, "Sheet_ID": "廣島 15", "label": "廣島 15", "call_short": "G7960 S50 .K61", "call_num": "G7960 S50 .K61 NI-53-33-15", "recid": "jn665qt1277", "websiteUrl": "https://purl.stanford.edu/jn665qt1277", "title": "[日本] 五万分一地形圖", "ckey": 9741696, "available": true, "iiifUrl": "https://purl.stanford.edu/jn665qt1277/iiif/manifest" }, "geometry": { "type": "Polygon", "coordinates": [ [ [ 132.0, 34.1666667 ], [ 132.25, 34.1666667 ], [ 132.25, 34.3333335 ], [ 132.0, 34.3333335 ], [ 132.0, 34.1666667 ] ] ] } },
{ "type": "Feature", "properties": { "Id": 0, "Sheet_ID": "廣島 11", "label": "廣島 11", "call_short": "G7960 S50 .K61", "call_num": "G7960 S50 .K61 NI-53-33-11", "recid": "ht634yt7907", "websiteUrl": "https://purl.stanford.edu/ht634yt7907", "title": "[日本] 五万分一地形圖", "ckey": 9741696, "available": true, "iiifUrl": "https://purl.stanford.edu/ht634yt7907/iiif/manifest" }, "geometry": { "type": "Polygon", "coordinates": [ [ [ 132.25, 34.1666667 ], [ 132.5, 34.1666667 ], [ 132.5, 34.3333335 ], [ 132.25, 34.3333335 ], [ 132.25, 34.1666667 ] ] ] } },
{ "type": "Feature", "properties": { "Id": 0, "Sheet_ID": "廣島 7", "label": "廣島 7", "call_short": "G7960 S50 .K61", "call_num": "G7960 S50 .K61 NI-53-33-7", "recid": "cr849mt4398", "websiteUrl": "https://purl.stanford.edu/cr849mt4398", "title": "[日本] 五万分一地形圖", "ckey": 9741696, "available": true, "iiifUrl": "https://purl.stanford.edu/cr849mt4398/iiif/manifest" }, "geometry": { "type": "Polygon", "coordinates": [ [ [ 132.5, 34.1666667 ], [ 132.75, 34.1666667 ], [ 132.75, 34.3333335 ], [ 132.5, 34.3333335 ], [ 132.5, 34.1666667 ] ] ] } },
{ "type": "Feature", "properties": { "Id": 0, "Sheet_ID": "廣島 3", "label": "廣島 3", "call_short": "G7960 S50 .K61", "call_num": "G7960 S50 .K61 NI-53-33-3", "recid": "dh696gr6979", "websiteUrl": "https://purl.stanford.edu/dh696gr6979", "title": "[日本] 五万分一地形圖", "ckey": 9741696, "available": true, "iiifUrl": "https://purl.stanford.edu/dh696gr6979/iiif/manifest" }, "geometry": { "type": "Polygon", "coordinates": [ [ [ 132.75, 34.1666667 ], [ 133.0, 34.1666667 ], [ 133.0, 34.3333335 ], [ 132.75, 34.3333335 ], [ 132.75, 34.1666667 ] ] ] } },
{ "type": "Feature", "properties": { "Id": 0, "Sheet_ID": "廣島 14", "label": "廣島 14", "call_short": "G7960 S50 .K61", "call_num": "G7960 S50 .K61 NI-53-33-14", "recid": "ht453ym9138", "websiteUrl": "https://purl.stanford.edu/ht453ym9138", "title": "[日本] 五万分一地形圖", "ckey": 9741696, "available": true, "iiifUrl": "https://purl.stanford.edu/ht453ym9138/iiif/manifest" }, "geometry": { "type": "Polygon", "coordinates": [ [ [ 132.0, 34.3333335 ], [ 132.25, 34.3333335 ], [ 132.25, 34.5000002 ], [ 132.0, 34.5000002 ], [ 132.0, 34.3333335 ] ] ] } },
{ "type": "Feature", "properties": { "Id": 0, "Sheet_ID": "廣島 10", "label": "廣島 10", "call_short": "G7960 S50 .K61", "call_num": "G7960 S50 .K61 NI-53-33-10", "recid": "tc849qk5117", "websiteUrl": "https://purl.stanford.edu/tc849qk5117", "title": "[日本] 五万分一地形圖", "ckey": 9741696, "available": true, "iiifUrl": "https://purl.stanford.edu/tc849qk5117/iiif/manifest" }, "geometry": { "type": "Polygon", "coordinates": [ [ [ 132.25, 34.3333335 ], [ 132.5, 34.3333335 ], [ 132.5, 34.5000002 ], [ 132.25, 34.5000002 ], [ 132.25, 34.3333335 ] ] ] } },
{ "type": "Feature", "properties": { "Id": 0, "Sheet_ID": "廣島 6", "label": "廣島 6", "call_short": "G7960 S50 .K61", "call_num": "G7960 S50 .K61 NI-53-33-6", "recid": "pc233kq4590", "websiteUrl": "https://purl.stanford.edu/pc233kq4590", "title": "[日本] 五万分一地形圖", "ckey": 9741696, "available": true, "iiifUrl": "https://purl.stanford.edu/pc233kq4590/iiif/manifest" }, "geometry": { "type": "Polygon", "coordinates": [ [ [ 132.5, 34.3333335 ], [ 132.75, 34.3333335 ], [ 132.75, 34.5000002 ], [ 132.5, 34.5000002 ], [ 132.5, 34.3333335 ] ] ] } },
{ "type": "Feature", "properties": { "Id": 0, "Sheet_ID": "廣島 2", "label": "廣島 2", "call_short": "G7960 S50 .K61", "call_num": "G7960 S50 .K61 NI-53-33-2", "recid": "xb918gr2543", "websiteUrl": "https://purl.stanford.edu/xb918gr2543", "title": "[日本] 五万分一地形圖", "ckey": 9741696, "available": true, "iiifUrl": "https://purl.stanford.edu/xb918gr2543/iiif/manifest" }, "geometry": { "type": "Polygon", "coordinates": [ [ [ 132.75, 34.3333335 ], [ 133.0, 34.3333335 ], [ 133.0, 34.5000002 ], [ 132.75, 34.5000002 ], [ 132.75, 34.3333335 ] ] ] } },
{ "type": "Feature", "properties": { "Id": 0, "Sheet_ID": "廣島 13", "label": "廣島 13", "call_short": "G7960 S50 .K61", "call_num": "G7960 S50 .K61 NI-53-33-13", "recid": "nr363dg6028", "websiteUrl": "https://purl.stanford.edu/nr363dg6028", "title": "[日本] 五万分一地形圖", "ckey": 9741696, "available": true, "iiifUrl": "https://purl.stanford.edu/nr363dg6028/iiif/manifest" }, "geometry": { "type": "Polygon", "coordinates": [ [ [ 132.0, 34.5000002 ], [ 132.25, 34.5000002 ], [ 132.25, 34.666667 ], [ 132.0, 34.666667 ], [ 132.0, 34.5000002 ] ] ] } },
{ "type": "Feature", "properties": { "Id": 0, "Sheet_ID": "廣島 9", "label": "廣島 9", "call_short": "G7960 S50 .K61", "call_num": "G7960 S50 .K61 NI-53-33-9", "recid": "bz893tj4019", "websiteUrl": "https://purl.stanford.edu/bz893tj4019", "title": "[日本] 五万分一地形圖", "ckey": 9741696, "available": true, "iiifUrl": "https://purl.stanford.edu/bz893tj4019/iiif/manifest" }, "geometry": { "type": "Polygon", "coordinates": [ [ [ 132.25, 34.5000002 ], [ 132.5, 34.5000002 ], [ 132.5, 34.666667 ], [ 132.25, 34.666667 ], [ 132.25, 34.5000002 ] ] ] } },
{ "type": "Feature", "properties": { "Id": 0, "Sheet_ID": "廣島 5", "label": "廣島 5", "call_short": "G7960 S50 .K61", "call_num": "G7960 S50 .K61 NI-53-33-5", "recid": "qk048gy1833", "websiteUrl": "https://purl.stanford.edu/qk048gy1833", "title": "[日本] 五万分一地形圖", "ckey": 9741696, "available": true, "iiifUrl": "https://purl.stanford.edu/qk048gy1833/iiif/manifest" }, "geometry": { "type": "Polygon", "coordinates": [ [ [ 132.5, 34.5000002 ], [ 132.75, 34.5000002 ], [ 132.75, 34.666667 ], [ 132.5, 34.666667 ], [ 132.5, 34.5000002 ] ] ] } },
{ "type": "Feature", "properties": { "Id": 0, "Sheet_ID": "廣島 1 ED.2", "label": "廣島 1 ED.2", "call_short": "G7960 S50 .K61", "call_num": "G7960 S50 .K61 NI-53-33-1 ED.2", "recid": "ng033pr2095", "websiteUrl": "https://purl.stanford.edu/ng033pr2095", "title": "[日本] 五万分一地形圖", "ckey": 9741696, "available": true, "iiifUrl": "https://purl.stanford.edu/ng033pr2095/iiif/manifest" }, "geometry": { "type": "Polygon", "coordinates": [ [ [ 132.75, 34.5000002 ], [ 133.0, 34.5000002 ], [ 133.0, 34.666667 ], [ 132.75, 34.666667 ], [ 132.75, 34.5000002 ] ] ] } },
{ "type": "Feature", "properties": { "Id": 0, "Sheet_ID": "廣島 1", "label": "廣島 1", "call_short": "G7960 S50 .K61", "call_num": "G7960 S50 .K61 NI-53-33-1", "recid": "jy188yz0449", "websiteUrl": "https://purl.stanford.edu/jy188yz0449", "title": "[日本] 五万分一地形圖", "ckey": 9741696, "available": true, "iiifUrl": "https://purl.stanford.edu/jy188yz0449/iiif/manifest" }, "geometry": { "type": "Polygon", "coordinates": [ [ [ 132.75, 34.5000002 ], [ 133.0, 34.5000002 ], [ 133.0, 34.666667 ], [ 132.75, 34.666667 ], [ 132.75, 34.5000002 ] ] ] } },
{ "type": "Feature", "properties": { "Id": 0, "Sheet_ID": "廣島 9 ED.2", "label": "廣島 9 ED.2", "call_short": "G7960 S50 .K61", "call_num": "G7960 S50 .K61 NI-53-33-9 ED.2", "recid": "hd832fp1114", "websiteUrl": "https://purl.stanford.edu/hd832fp1114", "title": "[日本] 五万分一地形圖", "ckey": 9741696, "available": true, "iiifUrl": "https://purl.stanford.edu/hd832fp1114/iiif/manifest" }, "geometry": { "type": "Polygon", "coordinates": [ [ [ 132.25, 34.5000002 ], [ 132.5, 34.5000002 ], [ 132.5, 34.666667 ], [ 132.25, 34.666667 ], [ 132.25, 34.5000002 ] ] ] } },
{ "type": "Feature", "properties": { "Id": 0, "Sheet_ID": "濱田 16", "label": "濱田 16", "call_short": "G7960 S50 .K61", "call_num": "G7960 S50 .K61 NI-53-32-16", "recid": "nf185hs3085", "websiteUrl": "https://purl.stanford.edu/nf185hs3085", "title": "[日本] 五万分一地形圖", "ckey": 9741696, "available": true, "iiifUrl": "https://purl.stanford.edu/nf185hs3085/iiif/manifest" }, "geometry": { "type": "Polygon", "coordinates": [ [ [ 132.0, 34.666667 ], [ 132.25, 34.666667 ], [ 132.25, 34.8333335 ], [ 132.0, 34.8333335 ], [ 132.0, 34.666667 ] ] ] } },
{ "type": "Feature", "properties": { "Id": 0, "Sheet_ID": "濱田 12", "label": "濱田 12", "call_short": "G7960 S50 .K61", "call_num": "G7960 S50 .K61 NI-53-32-12", "recid": "nh911ws5697", "websiteUrl": "https://purl.stanford.edu/nh911ws5697", "title": "[日本] 五万分一地形圖", "ckey": 9741696, "available": true, "iiifUrl": "https://purl.stanford.edu/nh911ws5697/iiif/manifest" }, "geometry": { "type": "Polygon", "coordinates": [ [ [ 132.25, 34.666667 ], [ 132.5, 34.666667 ], [ 132.5, 34.8333335 ], [ 132.25, 34.8333335 ], [ 132.25, 34.666667 ] ] ] } },
{ "type": "Feature", "properties": { "Id": 0, "Sheet_ID": "濱田 8", "label": "濱田 8", "call_short": "G7960 S50 .K61", "call_num": "G7960 S50 .K61 NI-53-32-8", "recid": "bh620nj4829", "websiteUrl": "https://purl.stanford.edu/bh620nj4829", "title": "[日本] 五万分一地形圖", "ckey": 9741696, "available": true, "iiifUrl": "https://purl.stanford.edu/bh620nj4829/iiif/manifest" }, "geometry": { "type": "Polygon", "coordinates": [ [ [ 132.5, 34.666667 ], [ 132.75, 34.666667 ], [ 132.75, 34.8333335 ], [ 132.5, 34.8333335 ], [ 132.5, 34.666667 ] ] ] } },
{ "type": "Feature", "properties": { "Id": 0, "Sheet_ID": "濱田 4", "label": "濱田 4", "call_short": "G7960 S50 .K61", "call_num": "G7960 S50 .K61 NI-53-32-4", "recid": "qj804hg4646", "websiteUrl": "https://purl.stanford.edu/qj804hg4646", "title": "[日本] 五万分一地形圖", "ckey": 9741696, "available": true, "iiifUrl": "https://purl.stanford.edu/qj804hg4646/iiif/manifest" }, "geometry": { "type": "Polygon", "coordinates": [ [ [ 132.75, 34.666667 ], [ 133.0, 34.666667 ], [ 133.0, 34.8333335 ], [ 132.75, 34.8333335 ], [ 132.75, 34.666667 ] ] ] } },
{ "type": "Feature", "properties": { "Id": 0, "Sheet_ID": "濱田 15", "label": "濱田 15", "call_short": "G7960 S50 .K61", "call_num": "G7960 S50 .K61 NI-53-32-15", "recid": "mc048yw8722", "websiteUrl": "https://purl.stanford.edu/mc048yw8722", "title": "[日本] 五万分一地形圖", "ckey": 9741696, "available": true, "iiifUrl": "https://purl.stanford.edu/mc048yw8722/iiif/manifest" }, "geometry": { "type": "Polygon", "coordinates": [ [ [ 132.0, 34.8333335 ], [ 132.25, 34.8333335 ], [ 132.25, 35.0 ], [ 132.0, 35.0 ], [ 132.0, 34.85 ], [ 131.99, 34.85 ], [ 131.99, 34.8333335 ], [ 132.0, 34.8333335 ] ] ] } },
{ "type": "Feature", "properties": { "Id": 0, "Sheet_ID": "濱田 11", "label": "濱田 11", "call_short": "G7960 S50 .K61", "call_num": "G7960 S50 .K61 NI-53-32-11", "recid": "cv415gr4257", "websiteUrl": "https://purl.stanford.edu/cv415gr4257", "title": "[日本] 五万分一地形圖", "ckey": 9741696, "available": true, "iiifUrl": "https://purl.stanford.edu/cv415gr4257/iiif/manifest" }, "geometry": { "type": "Polygon", "coordinates": [ [ [ 132.25, 34.8333335 ], [ 132.5, 34.8333335 ], [ 132.5, 35.0 ], [ 132.25, 35.0 ], [ 132.25, 34.8333335 ] ] ] } },
{ "type": "Feature", "properties": { "Id": 0, "Sheet_ID": "濱田 7", "label": "濱田 7", "call_short": "G7960 S50 .K61", "call_num": "G7960 S50 .K61 NI-53-32-7", "recid": "fd867ny9894", "websiteUrl": "https://purl.stanford.edu/fd867ny9894", "title": "[日本] 五万分一地形圖", "ckey": 9741696, "available": true, "iiifUrl": "https://purl.stanford.edu/fd867ny9894/iiif/manifest" }, "geometry": { "type": "Polygon", "coordinates": [ [ [ 132.5, 34.8333335 ], [ 132.75, 34.8333335 ], [ 132.75, 35.0 ], [ 132.5, 35.0 ], [ 132.5, 34.8333335 ] ] ] } },
{ "type": "Feature", "properties": { "Id": 0, "Sheet_ID": "濱田 3", "label": "濱田 3", "call_short": "G7960 S50 .K61", "call_num": "G7960 S50 .K61 NI-53-32-3", "recid": "yv728kq0255", "websiteUrl": "https://purl.stanford.edu/yv728kq0255", "title": "[日本] 五万分一地形圖", "ckey": 9741696, "available": true, "iiifUrl": "https://purl.stanford.edu/yv728kq0255/iiif/manifest" }, "geometry": { "type": "Polygon", "coordinates": [ [ [ 132.75, 34.8333335 ], [ 133.0, 34.8333335 ], [ 133.0, 35.0 ], [ 132.75, 35.0 ], [ 132.75, 34.8333335 ] ] ] } },
{ "type": "Feature", "properties": { "Id": 0, "Sheet_ID": "濱田 14", "label": "濱田 14", "call_short": "G7960 S50 .K61", "call_num": "G7960 S50 .K61 NI-53-32-14", "recid": "py585yc4025", "websiteUrl": "https://purl.stanford.edu/py585yc4025", "title": "[日本] 五万分一地形圖", "ckey": 9741696, "available": true, "iiifUrl": "https://purl.stanford.edu/py585yc4025/iiif/manifest" }, "geometry": { "type": "Polygon", "coordinates": [ [ [ 132.0, 35.0 ], [ 132.25, 35.0 ], [ 132.25, 35.1666665 ], [ 132.0, 35.1666665 ], [ 132.0, 35.0 ] ] ] } },
{ "type": "Feature", "properties": { "Id": 0, "Sheet_ID": "濱田 10", "label": "濱田 10", "call_short": "0", "call_num": "0", "recid": "0", "websiteUrl": "0", "title": "0", "ckey": 0, "available": false, "iiifUrl": "0" }, "geometry": { "type": "Polygon", "coordinates": [ [ [ 132.25, 35.0 ], [ 132.5, 35.0 ], [ 132.5, 35.1666665 ], [ 132.25, 35.1666665 ], [ 132.25, 35.0 ] ] ] } },
{ "type": "Feature", "properties": { "Id": 0, "Sheet_ID": "濱田 6", "label": "濱田 6", "call_short": "G7960 S50 .K61", "call_num": "G7960 S50 .K61 NI-53-32-6", "recid": "hy602cp2224", "websiteUrl": "https://purl.stanford.edu/hy602cp2224", "title": "[日本] 五万分一地形圖", "ckey": 9741696, "available": true, "iiifUrl": "https://purl.stanford.edu/hy602cp2224/iiif/manifest" }, "geometry": { "type": "Polygon", "coordinates": [ [ [ 132.5, 35.0 ], [ 132.75, 35.0 ], [ 132.75, 35.1666665 ], [ 132.5, 35.1666665 ], [ 132.5, 35.0 ] ] ] } },
{ "type": "Feature", "properties": { "Id": 0, "Sheet_ID": "濱田 2", "label": "濱田 2", "call_short": "G7960 S50 .K61", "call_num": "G7960 S50 .K61 NI-53-32-2", "recid": "vj585jf4607", "websiteUrl": "https://purl.stanford.edu/vj585jf4607", "title": "[日本] 五万分一地形圖", "ckey": 9741696, "available": true, "iiifUrl": "https://purl.stanford.edu/vj585jf4607/iiif/manifest" }, "geometry": { "type": "Polygon", "coordinates": [ [ [ 132.75, 35.0 ], [ 133.0, 35.0 ], [ 133.0, 35.1666665 ], [ 132.75, 35.1666665 ], [ 132.75, 35.0 ] ] ] } },
{ "type": "Feature", "properties": { "Id": 0, "Sheet_ID": "濱田 9", "label": "濱田 9", "call_short": "0", "call_num": "0", "recid": "0", "websiteUrl": "0", "title": "0", "ckey": 0, "available": false, "iiifUrl": "0" }, "geometry": { "type": "Polygon", "coordinates": [ [ [ 132.25, 35.1666665 ], [ 132.5, 35.1666665 ], [ 132.5, 35.333333 ], [ 132.25, 35.333333 ], [ 132.25, 35.1666665 ] ] ] } },
{ "type": "Feature", "properties": { "Id": 0, "Sheet_ID": "濱田 5", "label": "濱田 5", "call_short": "G7960 S50 .K61", "call_num": "G7960 S50 .K61 NI-53-32-5", "recid": "hp140jz4071", "websiteUrl": "https://purl.stanford.edu/hp140jz4071", "title": "[日本] 五万分一地形圖", "ckey": 9741696, "available": true, "iiifUrl": "https://purl.stanford.edu/hp140jz4071/iiif/manifest" }, "geometry": { "type": "Polygon", "coordinates": [ [ [ 132.5, 35.1666665 ], [ 132.75, 35.1666665 ], [ 132.75, 35.333333 ], [ 132.5, 35.333333 ], [ 132.5, 35.1666665 ] ] ] } },
{ "type": "Feature", "properties": { "Id": 0, "Sheet_ID": "濱田 1", "label": "濱田 1", "call_short": "G7960 S50 .K61", "call_num": "G7960 S50 .K61 NI-53-32-1", "recid": "gs798rc6519", "websiteUrl": "https://purl.stanford.edu/gs798rc6519", "title": "[日本] 五万分一地形圖", "ckey": 9741696, "available": true, "iiifUrl": "https://purl.stanford.edu/gs798rc6519/iiif/manifest" }, "geometry": { "type": "Polygon", "coordinates": [ [ [ 132.75, 35.1666665 ], [ 133.0, 35.1666665 ], [ 133.0, 35.333333 ], [ 132.75, 35.333333 ], [ 132.75, 35.1666665 ] ] ] } },
{ "type": "Feature", "properties": { "Id": 0, "Sheet_ID": "大社 8", "label": "大社 8", "call_short": "G7960 S50 .K61", "call_num": "G7960 S50 .K61 NI-53-31-8", "recid": "nt741dp9336", "websiteUrl": "https://purl.stanford.edu/nt741dp9336", "title": "[日本] 五万分一地形圖", "ckey": 9741696, "available": true, "iiifUrl": "https://purl.stanford.edu/nt741dp9336/iiif/manifest" }, "geometry": { "type": "Polygon", "coordinates": [ [ [ 132.5, 35.333333 ], [ 132.75, 35.333333 ], [ 132.75, 35.4999998 ], [ 132.5, 35.4999998 ], [ 132.5, 35.333333 ] ] ] } },
{ "type": "Feature", "properties": { "Id": 0, "Sheet_ID": "大社 4", "label": "大社 4", "call_short": "G7960 S50 .K61", "call_num": "G7960 S50 .K61 NI-53-31-4", "recid": "ch382nd7855", "websiteUrl": "https://purl.stanford.edu/ch382nd7855", "title": "[日本] 五万分一地形圖", "ckey": 9741696, "available": true, "iiifUrl": "https://purl.stanford.edu/ch382nd7855/iiif/manifest" }, "geometry": { "type": "Polygon", "coordinates": [ [ [ 132.75, 35.333333 ], [ 133.0, 35.333333 ], [ 133.0, 35.4999998 ], [ 132.75, 35.4999998 ], [ 132.75, 35.333333 ] ] ] } },
{ "type": "Feature", "properties": { "Id": 0, "Sheet_ID": "大社 3", "label": "大社 3", "call_short": "0", "call_num": "0", "recid": "0", "websiteUrl": "0", "title": "0", "ckey": 0, "available": false, "iiifUrl": "0" }, "geometry": { "type": "Polygon", "coordinates": [ [ [ 132.75, 35.4999998 ], [ 133.0, 35.4999998 ], [ 133.0, 35.6666665 ], [ 132.75, 35.6666665 ], [ 132.75, 35.4999998 ] ] ] } },
{ "type": "Feature", "properties": { "Id": 0, "Sheet_ID": "窪川 16 ED.2", "label": "窪川 16 ED.2", "call_short": "G7960 S50 .K61", "call_num": "G7960 S50 .K61 NI-53-29-16 ED.2", "recid": "gj780sy0356", "websiteUrl": "https://purl.stanford.edu/gj780sy0356", "title": "[日本] 五万分一地形圖", "ckey": 9741696, "available": true, "iiifUrl": "https://purl.stanford.edu/gj780sy0356/iiif/manifest" }, "geometry": { "type": "Polygon", "coordinates": [ [ [ 133.0, 32.666667 ], [ 133.25, 32.666667 ], [ 133.25, 32.8333335 ], [ 133.0, 32.8333335 ], [ 133.0, 32.666667 ] ] ] } },
{ "type": "Feature", "properties": { "Id": 0, "Sheet_ID": "窪川 14", "label": "窪川 14", "call_short": "G7960 S50 .K61", "call_num": "G7960 S50 .K61 NI-53-29-14", "recid": "zc089kv5918", "websiteUrl": "https://purl.stanford.edu/zc089kv5918", "title": "[日本] 五万分一地形圖", "ckey": 9741696, "available": true, "iiifUrl": "https://purl.stanford.edu/zc089kv5918/iiif/manifest" }, "geometry": { "type": "Polygon", "coordinates": [ [ [ 133.0, 33.0 ], [ 133.25, 33.0 ], [ 133.25, 33.1666665 ], [ 133.0, 33.1666665 ], [ 133.0, 33.0 ] ] ] } },
{ "type": "Feature", "properties": { "Id": 0, "Sheet_ID": "窪川 13", "label": "窪川 13", "call_short": "G7960 S50 .K61", "call_num": "G7960 S50 .K61 NI-53-29-13", "recid": "jk267xq2796", "websiteUrl": "https://purl.stanford.edu/jk267xq2796", "title": "[日本] 五万分一地形圖", "ckey": 9741696, "available": true, "iiifUrl": "https://purl.stanford.edu/jk267xq2796/iiif/manifest" }, "geometry": { "type": "Polygon", "coordinates": [ [ [ 133.0, 33.1666665 ], [ 133.25, 33.1666665 ], [ 133.25, 33.333333 ], [ 133.0, 33.333333 ], [ 133.0, 33.1666665 ] ] ] } },
{ "type": "Feature", "properties": { "Id": 0, "Sheet_ID": "窪川 9", "label": "窪川 9", "call_short": "G7960 S50 .K61", "call_num": "G7960 S50 .K61 NI-53-29-9", "recid": "pq363np2665", "websiteUrl": "https://purl.stanford.edu/pq363np2665", "title": "[日本] 五万分一地形圖", "ckey": 9741696, "available": true, "iiifUrl": "https://purl.stanford.edu/pq363np2665/iiif/manifest" }, "geometry": { "type": "Polygon", "coordinates": [ [ [ 133.25, 33.1666665 ], [ 133.5, 33.1666665 ], [ 133.5, 33.333333 ], [ 133.25, 33.333333 ], [ 133.25, 33.1666665 ] ] ] } },
{ "type": "Feature", "properties": { "Id": 0, "Sheet_ID": "窪川 16", "label": "窪川 16", "call_short": "G7960 S50 .K61", "call_num": "G7960 S50 .K61 NI-53-29-16", "recid": "kk508sd7300", "websiteUrl": "https://purl.stanford.edu/kk508sd7300", "title": "[日本] 五万分一地形圖", "ckey": 9741696, "available": true, "iiifUrl": "https://purl.stanford.edu/kk508sd7300/iiif/manifest" }, "geometry": { "type": "Polygon", "coordinates": [ [ [ 133.0, 32.666667 ], [ 133.25, 32.666667 ], [ 133.25, 32.8333335 ], [ 133.0, 32.8333335 ], [ 133.0, 32.666667 ] ] ] } },
{ "type": "Feature", "properties": { "Id": 0, "Sheet_ID": "高知 16", "label": "高知 16", "call_short": "G7960 S50 .K61", "call_num": "G7960 S50 .K61 NI-53-28-16", "recid": "tm325pd1757", "websiteUrl": "https://purl.stanford.edu/tm325pd1757", "title": "[日本] 五万分一地形圖", "ckey": 9741696, "available": true, "iiifUrl": "https://purl.stanford.edu/tm325pd1757/iiif/manifest" }, "geometry": { "type": "Polygon", "coordinates": [ [ [ 133.0, 33.333333 ], [ 133.25, 33.333333 ], [ 133.25, 33.4999998 ], [ 133.0, 33.4999998 ], [ 133.0, 33.333333 ] ] ] } },
{ "type": "Feature", "properties": { "Id": 0, "Sheet_ID": "高知 12", "label": "高知 12", "call_short": "G7960 S50 .K61", "call_num": "G7960 S50 .K61 NI-53-28-12", "recid": "gp504bm0782", "websiteUrl": "https://purl.stanford.edu/gp504bm0782", "title": "[日本] 五万分一地形圖", "ckey": 9741696, "available": true, "iiifUrl": "https://purl.stanford.edu/gp504bm0782/iiif/manifest" }, "geometry": { "type": "Polygon", "coordinates": [ [ [ 133.25, 33.333333 ], [ 133.5, 33.333333 ], [ 133.5, 33.4999998 ], [ 133.25, 33.4999998 ], [ 133.25, 33.333333 ] ] ] } },
{ "type": "Feature", "properties": { "Id": 0, "Sheet_ID": "高知 8", "label": "高知 8", "call_short": "G7960 S50 .K61", "call_num": "G7960 S50 .K61 NI-53-28-8", "recid": "mj419xx5288", "websiteUrl": "https://purl.stanford.edu/mj419xx5288", "title": "[日本] 五万分一地形圖", "ckey": 9741696, "available": true, "iiifUrl": "https://purl.stanford.edu/mj419xx5288/iiif/manifest" }, "geometry": { "type": "Polygon", "coordinates": [ [ [ 133.5, 33.333333 ], [ 133.75, 33.333333 ], [ 133.75, 33.4999998 ], [ 133.5, 33.4999998 ], [ 133.5, 33.333333 ] ] ] } },
{ "type": "Feature", "properties": { "Id": 0, "Sheet_ID": "高知 4", "label": "高知 4", "call_short": "G7960 S50 .K61", "call_num": "G7960 S50 .K61 NI-53-28-4", "recid": "rh866tp1958", "websiteUrl": "https://purl.stanford.edu/rh866tp1958", "title": "[日本] 五万分一地形圖", "ckey": 9741696, "available": true, "iiifUrl": "https://purl.stanford.edu/rh866tp1958/iiif/manifest" }, "geometry": { "type": "Polygon", "coordinates": [ [ [ 133.75, 33.333333 ], [ 134.0, 33.333333 ], [ 134.0, 33.4999998 ], [ 133.75, 33.4999998 ], [ 133.75, 33.333333 ] ] ] } },
{ "type": "Feature", "properties": { "Id": 0, "Sheet_ID": "高知 15", "label": "高知 15", "call_short": "G7960 S50 .K61", "call_num": "G7960 S50 .K61 NI-53-28-15", "recid": "hz080ty2250", "websiteUrl": "https://purl.stanford.edu/hz080ty2250", "title": "[日本] 五万分一地形圖", "ckey": 9741696, "available": true, "iiifUrl": "https://purl.stanford.edu/hz080ty2250/iiif/manifest" }, "geometry": { "type": "Polygon", "coordinates": [ [ [ 133.0, 33.4999998 ], [ 133.25, 33.4999998 ], [ 133.25, 33.6666665 ], [ 133.0, 33.6666665 ], [ 133.0, 33.4999998 ] ] ] } },
{ "type": "Feature", "properties": { "Id": 0, "Sheet_ID": "高知 11", "label": "高知 11", "call_short": "G7960 S50 .K61", "call_num": "G7960 S50 .K61 NI-53-28-11", "recid": "ts185hd1186", "websiteUrl": "https://purl.stanford.edu/ts185hd1186", "title": "[日本] 五万分一地形圖", "ckey": 9741696, "available": true, "iiifUrl": "https://purl.stanford.edu/ts185hd1186/iiif/manifest" }, "geometry": { "type": "Polygon", "coordinates": [ [ [ 133.25, 33.4999998 ], [ 133.5, 33.4999998 ], [ 133.5, 33.6666665 ], [ 133.25, 33.6666665 ], [ 133.25, 33.4999998 ] ] ] } },
{ "type": "Feature", "properties": { "Id": 0, "Sheet_ID": "高知 7", "label": "高知 7", "call_short": "G7960 S50 .K61", "call_num": "G7960 S50 .K61 NI-53-28-7", "recid": "kt574kg1764", "websiteUrl": "https://purl.stanford.edu/kt574kg1764", "title": "[日本] 五万分一地形圖", "ckey": 9741696, "available": true, "iiifUrl": "https://purl.stanford.edu/kt574kg1764/iiif/manifest" }, "geometry": { "type": "Polygon", "coordinates": [ [ [ 133.5, 33.4999998 ], [ 133.75, 33.4999998 ], [ 133.75, 33.6666665 ], [ 133.5, 33.6666665 ], [ 133.5, 33.4999998 ] ] ] } },
{ "type": "Feature", "properties": { "Id": 0, "Sheet_ID": "高知 3", "label": "高知 3", "call_short": "G7960 S50 .K61", "call_num": "G7960 S50 .K61 NI-53-28-3", "recid": "fc881vc8289", "websiteUrl": "https://purl.stanford.edu/fc881vc8289", "title": "[日本] 五万分一地形圖", "ckey": 9741696, "available": true, "iiifUrl": "https://purl.stanford.edu/fc881vc8289/iiif/manifest" }, "geometry": { "type": "Polygon", "coordinates": [ [ [ 133.75, 33.4999998 ], [ 134.0, 33.4999998 ], [ 134.0, 33.6666665 ], [ 133.75, 33.6666665 ], [ 133.75, 33.4999998 ] ] ] } },
{ "type": "Feature", "properties": { "Id": 0, "Sheet_ID": "高知 14", "label": "高知 14", "call_short": "G7960 S50 .K61", "call_num": "G7960 S50 .K61 NI-53-28-14", "recid": "cd627hc8769", "websiteUrl": "https://purl.stanford.edu/cd627hc8769", "title": "[日本] 五万分一地形圖", "ckey": 9741696, "available": true, "iiifUrl": "https://purl.stanford.edu/cd627hc8769/iiif/manifest" }, "geometry": { "type": "Polygon", "coordinates": [ [ [ 133.0, 33.6666665 ], [ 133.25, 33.6666665 ], [ 133.25, 33.8333333 ], [ 133.0, 33.8333333 ], [ 133.0, 33.6666665 ] ] ] } },
{ "type": "Feature", "properties": { "Id": 0, "Sheet_ID": "高知 10", "label": "高知 10", "call_short": "G7960 S50 .K61", "call_num": "G7960 S50 .K61 NI-53-28-10", "recid": "tf152xb2058", "websiteUrl": "https://purl.stanford.edu/tf152xb2058", "title": "[日本] 五万分一地形圖", "ckey": 9741696, "available": true, "iiifUrl": "https://purl.stanford.edu/tf152xb2058/iiif/manifest" }, "geometry": { "type": "Polygon", "coordinates": [ [ [ 133.25, 33.6666665 ], [ 133.5, 33.6666665 ], [ 133.5, 33.8333333 ], [ 133.25, 33.8333333 ], [ 133.25, 33.6666665 ] ] ] } },
{ "type": "Feature", "properties": { "Id": 0, "Sheet_ID": "高知 6", "label": "高知 6", "call_short": "G7960 S50 .K61", "call_num": "G7960 S50 .K61 NI-53-28-6", "recid": "bn334tq8341", "websiteUrl": "https://purl.stanford.edu/bn334tq8341", "title": "[日本] 五万分一地形圖", "ckey": 9741696, "available": true, "iiifUrl": "https://purl.stanford.edu/bn334tq8341/iiif/manifest" }, "geometry": { "type": "Polygon", "coordinates": [ [ [ 133.5, 33.6666665 ], [ 133.75, 33.6666665 ], [ 133.75, 33.8333333 ], [ 133.5, 33.8333333 ], [ 133.5, 33.6666665 ] ] ] } },
{ "type": "Feature", "properties": { "Id": 0, "Sheet_ID": "高知 2 ED.2", "label": "高知 2 ED.2", "call_short": "G7960 S50 .K61", "call_num": "G7960 S50 .K61 NI-53-28-2 ED.2", "recid": "tq433fk4359", "websiteUrl": "https://purl.stanford.edu/tq433fk4359", "title": "[日本] 五万分一地形圖", "ckey": 9741696, "available": true, "iiifUrl": "https://purl.stanford.edu/tq433fk4359/iiif/manifest" }, "geometry": { "type": "Polygon", "coordinates": [ [ [ 133.75, 33.6666665 ], [ 134.0, 33.6666665 ], [ 134.0, 33.8333333 ], [ 133.75, 33.8333333 ], [ 133.75, 33.6666665 ] ] ] } },
{ "type": "Feature", "properties": { "Id": 0, "Sheet_ID": "高知 13", "label": "高知 13", "call_short": "G7960 S50 .K61", "call_num": "G7960 S50 .K61 NI-53-28-13", "recid": "rf536dm7773", "websiteUrl": "https://purl.stanford.edu/rf536dm7773", "title": "[日本] 五万分一地形圖", "ckey": 9741696, "available": true, "iiifUrl": "https://purl.stanford.edu/rf536dm7773/iiif/manifest" }, "geometry": { "type": "Polygon", "coordinates": [ [ [ 133.0, 33.8333333 ], [ 133.25, 33.8333333 ], [ 133.25, 34.0 ], [ 133.0, 34.0 ], [ 133.0, 33.8333333 ] ] ] } },
{ "type": "Feature", "properties": { "Id": 0, "Sheet_ID": "高知 9", "label": "高知 9", "call_short": "G7960 S50 .K61", "call_num": "G7960 S50 .K61 NI-53-28-9", "recid": "fv486qn4671", "websiteUrl": "https://purl.stanford.edu/fv486qn4671", "title": "[日本] 五万分一地形圖", "ckey": 9741696, "available": true, "iiifUrl": "https://purl.stanford.edu/fv486qn4671/iiif/manifest" }, "geometry": { "type": "Polygon", "coordinates": [ [ [ 133.25, 33.8333333 ], [ 133.5, 33.8333333 ], [ 133.5, 34.0 ], [ 133.25, 34.0 ], [ 133.25, 33.8333333 ] ] ] } },
{ "type": "Feature", "properties": { "Id": 0, "Sheet_ID": "高知 5", "label": "高知 5", "call_short": "G7960 S50 .K61", "call_num": "G7960 S50 .K61 NI-53-28-5", "recid": "th608pv6340", "websiteUrl": "https://purl.stanford.edu/th608pv6340", "title": "[日本] 五万分一地形圖", "ckey": 9741696, "available": true, "iiifUrl": "https://purl.stanford.edu/th608pv6340/iiif/manifest" }, "geometry": { "type": "Polygon", "coordinates": [ [ [ 133.5, 33.8333333 ], [ 133.75, 33.8333333 ], [ 133.75, 34.0 ], [ 133.5, 34.0 ], [ 133.5, 33.8333333 ] ] ] } },
{ "type": "Feature", "properties": { "Id": 0, "Sheet_ID": "高知 1", "label": "高知 1", "call_short": "G7960 S50 .K61", "call_num": "G7960 S50 .K61 NI-53-28-1", "recid": "yk438hm3351", "websiteUrl": "https://purl.stanford.edu/yk438hm3351", "title": "[日本] 五万分一地形圖", "ckey": 9741696, "available": true, "iiifUrl": "https://purl.stanford.edu/yk438hm3351/iiif/manifest" }, "geometry": { "type": "Polygon", "coordinates": [ [ [ 133.75, 33.8333333 ], [ 134.0, 33.8333333 ], [ 134.0, 34.0 ], [ 133.75, 34.0 ], [ 133.75, 33.8333333 ] ] ] } },
{ "type": "Feature", "properties": { "Id": 0, "Sheet_ID": "高知 2", "label": "高知 2", "call_short": "G7960 S50 .K61", "call_num": "G7960 S50 .K61 NI-53-28-2", "recid": "gw681bj5672", "websiteUrl": "https://purl.stanford.edu/gw681bj5672", "title": "[日本] 五万分一地形圖", "ckey": 9741696, "available": true, "iiifUrl": "https://purl.stanford.edu/gw681bj5672/iiif/manifest" }, "geometry": { "type": "Polygon", "coordinates": [ [ [ 133.75, 33.6666665 ], [ 134.0, 33.6666665 ], [ 134.0, 33.8333333 ], [ 133.75, 33.8333333 ], [ 133.75, 33.6666665 ] ] ] } },
{ "type": "Feature", "properties": { "Id": 0, "Sheet_ID": "岡山及丸亀 16", "label": "岡山及丸亀 16", "call_short": "G7960 S50 .K61", "call_num": "G7960 S50 .K61 NI-53-27-16", "recid": "dx515ys8232", "websiteUrl": "https://purl.stanford.edu/dx515ys8232", "title": "[日本] 五万分一地形圖", "ckey": 9741696, "available": true, "iiifUrl": "https://purl.stanford.edu/dx515ys8232/iiif/manifest" }, "geometry": { "type": "Polygon", "coordinates": [ [ [ 133.0, 34.0 ], [ 133.25, 34.0 ], [ 133.25, 34.1666667 ], [ 133.0, 34.1666667 ], [ 133.0, 34.0 ] ] ] } },
{ "type": "Feature", "properties": { "Id": 0, "Sheet_ID": "岡山及丸亀 12", "label": "岡山及丸亀 12", "call_short": "G7960 S50 .K61", "call_num": "G7960 S50 .K61 NI-53-27-12", "recid": "zn547kg3314", "websiteUrl": "https://purl.stanford.edu/zn547kg3314", "title": "[日本] 五万分一地形圖", "ckey": 9741696, "available": true, "iiifUrl": "https://purl.stanford.edu/zn547kg3314/iiif/manifest" }, "geometry": { "type": "Polygon", "coordinates": [ [ [ 133.25, 34.0 ], [ 133.5, 34.0 ], [ 133.5, 34.1666667 ], [ 133.25, 34.1666667 ], [ 133.25, 34.0 ] ] ] } },
{ "type": "Feature", "properties": { "Id": 0, "Sheet_ID": "岡山及丸亀 8", "label": "岡山及丸亀 8", "call_short": "G7960 S50 .K61", "call_num": "G7960 S50 .K61 NI-53-27-8", "recid": "df979dk7295", "websiteUrl": "https://purl.stanford.edu/df979dk7295", "title": "[日本] 五万分一地形圖", "ckey": 9741696, "available": true, "iiifUrl": "https://purl.stanford.edu/df979dk7295/iiif/manifest" }, "geometry": { "type": "Polygon", "coordinates": [ [ [ 133.5, 34.0 ], [ 133.75, 34.0 ], [ 133.75, 34.1666667 ], [ 133.5, 34.1666667 ], [ 133.5, 34.0 ] ] ] } },
{ "type": "Feature", "properties": { "Id": 0, "Sheet_ID": "岡山及丸亀 4", "label": "岡山及丸亀 4", "call_short": "G7960 S50 .K61", "call_num": "G7960 S50 .K61 NI-53-27-4", "recid": "sm762sy4211", "websiteUrl": "https://purl.stanford.edu/sm762sy4211", "title": "[日本] 五万分一地形圖", "ckey": 9741696, "available": true, "iiifUrl": "https://purl.stanford.edu/sm762sy4211/iiif/manifest" }, "geometry": { "type": "Polygon", "coordinates": [ [ [ 133.75, 34.0 ], [ 134.0, 34.0 ], [ 134.0, 34.1666667 ], [ 133.75, 34.1666667 ], [ 133.75, 34.0 ] ] ] } },
{ "type": "Feature", "properties": { "Id": 0, "Sheet_ID": "岡山及丸亀 15 ED.2", "label": "岡山及丸亀 15 ED.2", "call_short": "G7960 S50 .K61", "call_num": "G7960 S50 .K61 NI-53-27-15 ED.2", "recid": "vh618ps0863", "websiteUrl": "https://purl.stanford.edu/vh618ps0863", "title": "[日本] 五万分一地形圖", "ckey": 9741696, "available": true, "iiifUrl": "https://purl.stanford.edu/vh618ps0863/iiif/manifest" }, "geometry": { "type": "Polygon", "coordinates": [ [ [ 133.0, 34.1666667 ], [ 133.25, 34.1666667 ], [ 133.25, 34.3333335 ], [ 133.0, 34.3333335 ], [ 133.0, 34.1666667 ] ] ] } },
{ "type": "Feature", "properties": { "Id": 0, "Sheet_ID": "岡山及丸亀 11", "label": "岡山及丸亀 11", "call_short": "G7960 S50 .K61", "call_num": "G7960 S50 .K61 NI-53-27-11", "recid": "qh077wz3526", "websiteUrl": "https://purl.stanford.edu/qh077wz3526", "title": "[日本] 五万分一地形圖", "ckey": 9741696, "available": true, "iiifUrl": "https://purl.stanford.edu/qh077wz3526/iiif/manifest" }, "geometry": { "type": "Polygon", "coordinates": [ [ [ 133.25, 34.1666667 ], [ 133.5, 34.1666667 ], [ 133.5, 34.3333335 ], [ 133.25, 34.3333335 ], [ 133.25, 34.1666667 ] ] ] } },
{ "type": "Feature", "properties": { "Id": 0, "Sheet_ID": "岡山及丸亀 7", "label": "岡山及丸亀 7", "call_short": "G7960 S50 .K61", "call_num": "G7960 S50 .K61 NI-53-27-7", "recid": "rz472fc3327", "websiteUrl": "https://purl.stanford.edu/rz472fc3327", "title": "[日本] 五万分一地形圖", "ckey": 9741696, "available": true, "iiifUrl": "https://purl.stanford.edu/rz472fc3327/iiif/manifest" }, "geometry": { "type": "Polygon", "coordinates": [ [ [ 133.5, 34.1666667 ], [ 133.75, 34.1666667 ], [ 133.75, 34.3333335 ], [ 133.5, 34.3333335 ], [ 133.5, 34.1666667 ] ] ] } },
{ "type": "Feature", "properties": { "Id": 0, "Sheet_ID": "岡山及丸亀 3", "label": "岡山及丸亀 3", "call_short": "G7960 S50 .K61", "call_num": "G7960 S50 .K61 NI-53-27-3", "recid": "ns594cf3404", "websiteUrl": "https://purl.stanford.edu/ns594cf3404", "title": "[日本] 五万分一地形圖", "ckey": 9741696, "available": true, "iiifUrl": "https://purl.stanford.edu/ns594cf3404/iiif/manifest" }, "geometry": { "type": "Polygon", "coordinates": [ [ [ 133.75, 34.1666667 ], [ 134.0, 34.1666667 ], [ 134.0, 34.3333335 ], [ 133.75, 34.3333335 ], [ 133.75, 34.1666667 ] ] ] } },
{ "type": "Feature", "properties": { "Id": 0, "Sheet_ID": "岡山及丸亀 14", "label": "岡山及丸亀 14", "call_short": "G7960 S50 .K61", "call_num": "G7960 S50 .K61 NI-53-27-14", "recid": "nr715jf1168", "websiteUrl": "https://purl.stanford.edu/nr715jf1168", "title": "[日本] 五万分一地形圖", "ckey": 9741696, "available": true, "iiifUrl": "https://purl.stanford.edu/nr715jf1168/iiif/manifest" }, "geometry": { "type": "Polygon", "coordinates": [ [ [ 133.0, 34.3333335 ], [ 133.25, 34.3333335 ], [ 133.25, 34.5000002 ], [ 133.0, 34.5000002 ], [ 133.0, 34.3333335 ] ] ] } },
{ "type": "Feature", "properties": { "Id": 0, "Sheet_ID": "岡山及丸亀 10", "label": "岡山及丸亀 10", "call_short": "G7960 S50 .K61", "call_num": "G7960 S50 .K61 NI-53-27-10", "recid": "ch529pv2312", "websiteUrl": "https://purl.stanford.edu/ch529pv2312", "title": "[日本] 五万分一地形圖", "ckey": 9741696, "available": true, "iiifUrl": "https://purl.stanford.edu/ch529pv2312/iiif/manifest" }, "geometry": { "type": "Polygon", "coordinates": [ [ [ 133.25, 34.3333335 ], [ 133.5, 34.3333335 ], [ 133.5, 34.5000002 ], [ 133.25, 34.5000002 ], [ 133.25, 34.3333335 ] ] ] } },
{ "type": "Feature", "properties": { "Id": 0, "Sheet_ID": "岡山及丸亀 6", "label": "岡山及丸亀 6", "call_short": "G7960 S50 .K61", "call_num": "G7960 S50 .K61 NI-53-27-6", "recid": "kg387mv8230", "websiteUrl": "https://purl.stanford.edu/kg387mv8230", "title": "[日本] 五万分一地形圖", "ckey": 9741696, "available": true, "iiifUrl": "https://purl.stanford.edu/kg387mv8230/iiif/manifest" }, "geometry": { "type": "Polygon", "coordinates": [ [ [ 133.5, 34.3333335 ], [ 133.75, 34.3333335 ], [ 133.75, 34.5000002 ], [ 133.5, 34.5000002 ], [ 133.5, 34.3333335 ] ] ] } },
{ "type": "Feature", "properties": { "Id": 0, "Sheet_ID": "岡山及丸亀 2", "label": "岡山及丸亀 2", "call_short": "G7960 S50 .K61", "call_num": "G7960 S50 .K61 NI-53-27-2", "recid": "jz771kc5841", "websiteUrl": "https://purl.stanford.edu/jz771kc5841", "title": "[日本] 五万分一地形圖", "ckey": 9741696, "available": true, "iiifUrl": "https://purl.stanford.edu/jz771kc5841/iiif/manifest" }, "geometry": { "type": "Polygon", "coordinates": [ [ [ 133.75, 34.3333335 ], [ 134.0, 34.3333335 ], [ 134.0, 34.5000002 ], [ 133.75, 34.5000002 ], [ 133.75, 34.3333335 ] ] ] } },
{ "type": "Feature", "properties": { "Id": 0, "Sheet_ID": "岡山及丸亀 13", "label": "岡山及丸亀 13", "call_short": "G7960 S50 .K61", "call_num": "G7960 S50 .K61 NI-53-27-13", "recid": "nw775hk5356", "websiteUrl": "https://purl.stanford.edu/nw775hk5356", "title": "[日本] 五万分一地形圖", "ckey": 9741696, "available": true, "iiifUrl": "https://purl.stanford.edu/nw775hk5356/iiif/manifest" }, "geometry": { "type": "Polygon", "coordinates": [ [ [ 133.0, 34.5000002 ], [ 133.25, 34.5000002 ], [ 133.25, 34.666667 ], [ 133.0, 34.666667 ], [ 133.0, 34.5000002 ] ] ] } },
{ "type": "Feature", "properties": { "Id": 0, "Sheet_ID": "岡山及丸亀 9", "label": "岡山及丸亀 9", "call_short": "G7960 S50 .K61", "call_num": "G7960 S50 .K61 NI-53-27-9", "recid": "cb396yk4396", "websiteUrl": "https://purl.stanford.edu/cb396yk4396", "title": "[日本] 五万分一地形圖", "ckey": 9741696, "available": true, "iiifUrl": "https://purl.stanford.edu/cb396yk4396/iiif/manifest" }, "geometry": { "type": "Polygon", "coordinates": [ [ [ 133.25, 34.5000002 ], [ 133.5, 34.5000002 ], [ 133.5, 34.666667 ], [ 133.25, 34.666667 ], [ 133.25, 34.5000002 ] ] ] } },
{ "type": "Feature", "properties": { "Id": 0, "Sheet_ID": "岡山及丸亀 5", "label": "岡山及丸亀 5", "call_short": "G7960 S50 .K61", "call_num": "G7960 S50 .K61 NI-53-27-5", "recid": "fk724yf3779", "websiteUrl": "https://purl.stanford.edu/fk724yf3779", "title": "[日本] 五万分一地形圖", "ckey": 9741696, "available": true, "iiifUrl": "https://purl.stanford.edu/fk724yf3779/iiif/manifest" }, "geometry": { "type": "Polygon", "coordinates": [ [ [ 133.5, 34.5000002 ], [ 133.75, 34.5000002 ], [ 133.75, 34.666667 ], [ 133.5, 34.666667 ], [ 133.5, 34.5000002 ] ] ] } },
{ "type": "Feature", "properties": { "Id": 0, "Sheet_ID": "岡山及丸亀 1", "label": "岡山及丸亀 1", "call_short": "G7960 S50 .K61", "call_num": "G7960 S50 .K61 NI-53-27-1", "recid": "wp680hb0798", "websiteUrl": "https://purl.stanford.edu/wp680hb0798", "title": "[日本] 五万分一地形圖", "ckey": 9741696, "available": true, "iiifUrl": "https://purl.stanford.edu/wp680hb0798/iiif/manifest" }, "geometry": { "type": "Polygon", "coordinates": [ [ [ 133.75, 34.5000002 ], [ 134.0, 34.5000002 ], [ 134.0, 34.666667 ], [ 133.75, 34.666667 ], [ 133.75, 34.5000002 ] ] ] } },
{ "type": "Feature", "properties": { "Id": 0, "Sheet_ID": "岡山及丸亀 12 ED.2", "label": "岡山及丸亀 12 ED.2", "call_short": "G7960 S50 .K61", "call_num": "G7960 S50 .K61 NI-53-27-12 ED.2", "recid": "ry275fs1943", "websiteUrl": "https://purl.stanford.edu/ry275fs1943", "title": "[日本] 五万分一地形圖", "ckey": 9741696, "available": true, "iiifUrl": "https://purl.stanford.edu/ry275fs1943/iiif/manifest" }, "geometry": { "type": "Polygon", "coordinates": [ [ [ 133.25, 34.0 ], [ 133.5, 34.0 ], [ 133.5, 34.1666668 ], [ 133.25, 34.1666668 ], [ 133.25, 34.0 ] ] ] } },
{ "type": "Feature", "properties": { "Id": 0, "Sheet_ID": "岡山及丸亀 15", "label": "岡山及丸亀 15", "call_short": "G7960 S50 .K61", "call_num": "G7960 S50 .K61 NI-53-27-15", "recid": "sb883sp1598", "websiteUrl": "https://purl.stanford.edu/sb883sp1598", "title": "[日本] 五万分一地形圖", "ckey": 9741696, "available": true, "iiifUrl": "https://purl.stanford.edu/sb883sp1598/iiif/manifest" }, "geometry": { "type": "Polygon", "coordinates": [ [ [ 133.0, 34.1666668 ], [ 133.25, 34.1666668 ], [ 133.25, 34.3333335 ], [ 133.0, 34.3333335 ], [ 133.0, 34.1666668 ] ] ] } },
{ "type": "Feature", "properties": { "Id": 0, "Sheet_ID": "岡山及丸亀 16 ED.2", "label": "岡山及丸亀 16 ED.2", "call_short": "G7960 S50 .K61", "call_num": "G7960 S50 .K61 NI-53-27-16 ED.2", "recid": "gf560qf8231", "websiteUrl": "https://purl.stanford.edu/gf560qf8231", "title": "[日本] 五万分一地形圖", "ckey": 9741696, "available": true, "iiifUrl": "https://purl.stanford.edu/gf560qf8231/iiif/manifest" }, "geometry": { "type": "Polygon", "coordinates": [ [ [ 133.0, 34.0 ], [ 133.25, 34.0 ], [ 133.25, 34.1666668 ], [ 133.0, 34.1666668 ], [ 133.0, 34.0 ] ] ] } },
{ "type": "Feature", "properties": { "Id": 0, "Sheet_ID": "高梁 16", "label": "高梁 16", "call_short": "G7960 S50 .K61", "call_num": "G7960 S50 .K61 NI-53-26-16", "recid": "jq994gr3905", "websiteUrl": "https://purl.stanford.edu/jq994gr3905", "title": "[日本] 五万分一地形圖", "ckey": 9741696, "available": true, "iiifUrl": "https://purl.stanford.edu/jq994gr3905/iiif/manifest" }, "geometry": { "type": "Polygon", "coordinates": [ [ [ 133.0, 34.666667 ], [ 133.25, 34.666667 ], [ 133.25, 34.8333335 ], [ 133.0, 34.8333335 ], [ 133.0, 34.666667 ] ] ] } },
{ "type": "Feature", "properties": { "Id": 0, "Sheet_ID": "高梁 12", "label": "高梁 12", "call_short": "G7960 S50 .K61", "call_num": "G7960 S50 .K61 NI-53-26-12", "recid": "fq215kp3181", "websiteUrl": "https://purl.stanford.edu/fq215kp3181", "title": "[日本] 五万分一地形圖", "ckey": 9741696, "available": true, "iiifUrl": "https://purl.stanford.edu/fq215kp3181/iiif/manifest" }, "geometry": { "type": "Polygon", "coordinates": [ [ [ 133.25, 34.666667 ], [ 133.5, 34.666667 ], [ 133.5, 34.8333335 ], [ 133.25, 34.8333335 ], [ 133.25, 34.666667 ] ] ] } },
{ "type": "Feature", "properties": { "Id": 0, "Sheet_ID": "高梁 8", "label": "高梁 8", "call_short": "G7960 S50 .K61", "call_num": "G7960 S50 .K61 NI-53-26-8", "recid": "tr178gz6698", "websiteUrl": "https://purl.stanford.edu/tr178gz6698", "title": "[日本] 五万分一地形圖", "ckey": 9741696, "available": true, "iiifUrl": "https://purl.stanford.edu/tr178gz6698/iiif/manifest" }, "geometry": { "type": "Polygon", "coordinates": [ [ [ 133.5, 34.666667 ], [ 133.75, 34.666667 ], [ 133.75, 34.8333335 ], [ 133.5, 34.8333335 ], [ 133.5, 34.666667 ] ] ] } },
{ "type": "Feature", "properties": { "Id": 0, "Sheet_ID": "高梁 4", "label": "高梁 4", "call_short": "G7960 S50 .K61", "call_num": "G7960 S50 .K61 NI-53-26-4", "recid": "fm307cb5529", "websiteUrl": "https://purl.stanford.edu/fm307cb5529", "title": "[日本] 五万分一地形圖", "ckey": 9741696, "available": true, "iiifUrl": "https://purl.stanford.edu/fm307cb5529/iiif/manifest" }, "geometry": { "type": "Polygon", "coordinates": [ [ [ 133.75, 34.666667 ], [ 134.0, 34.666667 ], [ 134.0, 34.8333335 ], [ 133.75, 34.8333335 ], [ 133.75, 34.666667 ] ] ] } },
{ "type": "Feature", "properties": { "Id": 0, "Sheet_ID": "高梁 15", "label": "高梁 15", "call_short": "G7960 S50 .K61", "call_num": "G7960 S50 .K61 NI-53-26-15", "recid": "kw482mf6962", "websiteUrl": "https://purl.stanford.edu/kw482mf6962", "title": "[日本] 五万分一地形圖", "ckey": 9741696, "available": true, "iiifUrl": "https://purl.stanford.edu/kw482mf6962/iiif/manifest" }, "geometry": { "type": "Polygon", "coordinates": [ [ [ 133.0, 34.8333335 ], [ 133.25, 34.8333335 ], [ 133.25, 35.0 ], [ 133.0, 35.0 ], [ 133.0, 34.8333335 ] ] ] } },
{ "type": "Feature", "properties": { "Id": 0, "Sheet_ID": "高梁 11", "label": "高梁 11", "call_short": "G7960 S50 .K61", "call_num": "G7960 S50 .K61 NI-53-26-11", "recid": "xb778gc1649", "websiteUrl": "https://purl.stanford.edu/xb778gc1649", "title": "[日本] 五万分一地形圖", "ckey": 9741696, "available": true, "iiifUrl": "https://purl.stanford.edu/xb778gc1649/iiif/manifest" }, "geometry": { "type": "Polygon", "coordinates": [ [ [ 133.25, 34.8333335 ], [ 133.5, 34.8333335 ], [ 133.5, 35.0 ], [ 133.25, 35.0 ], [ 133.25, 34.8333335 ] ] ] } },
{ "type": "Feature", "properties": { "Id": 0, "Sheet_ID": "高梁 7", "label": "高梁 7", "call_short": "G7960 S50 .K61", "call_num": "G7960 S50 .K61 NI-53-26-7", "recid": "wr869qt1970", "websiteUrl": "https://purl.stanford.edu/wr869qt1970", "title": "[日本] 五万分一地形圖", "ckey": 9741696, "available": true, "iiifUrl": "https://purl.stanford.edu/wr869qt1970/iiif/manifest" }, "geometry": { "type": "Polygon", "coordinates": [ [ [ 133.5, 34.8333335 ], [ 133.75, 34.8333335 ], [ 133.75, 35.0 ], [ 133.5, 35.0 ], [ 133.5, 34.8333335 ] ] ] } },
{ "type": "Feature", "properties": { "Id": 0, "Sheet_ID": "高梁 3", "label": "高梁 3", "call_short": "G7960 S50 .K61", "call_num": "G7960 S50 .K61 NI-53-26-3", "recid": "jk730js9540", "websiteUrl": "https://purl.stanford.edu/jk730js9540", "title": "[日本] 五万分一地形圖", "ckey": 9741696, "available": true, "iiifUrl": "https://purl.stanford.edu/jk730js9540/iiif/manifest" }, "geometry": { "type": "Polygon", "coordinates": [ [ [ 133.75, 34.8333335 ], [ 134.0, 34.8333335 ], [ 134.0, 35.0 ], [ 133.75, 35.0 ], [ 133.75, 34.8333335 ] ] ] } },
{ "type": "Feature", "properties": { "Id": 0, "Sheet_ID": "高梁 14", "label": "高梁 14", "call_short": "G7960 S50 .K61", "call_num": "G7960 S50 .K61 NI-53-26-14", "recid": "ns002np3897", "websiteUrl": "https://purl.stanford.edu/ns002np3897", "title": "[日本] 五万分一地形圖", "ckey": 9741696, "available": true, "iiifUrl": "https://purl.stanford.edu/ns002np3897/iiif/manifest" }, "geometry": { "type": "Polygon", "coordinates": [ [ [ 133.0, 35.0 ], [ 133.25, 35.0 ], [ 133.25, 35.1666665 ], [ 133.0, 35.1666665 ], [ 133.0, 35.0 ] ] ] } },
{ "type": "Feature", "properties": { "Id": 0, "Sheet_ID": "高梁 10", "label": "高梁 10", "call_short": "G7960 S50 .K61", "call_num": "G7960 S50 .K61 NI-53-26-10", "recid": "sr323mw4866", "websiteUrl": "https://purl.stanford.edu/sr323mw4866", "title": "[日本] 五万分一地形圖", "ckey": 9741696, "available": true, "iiifUrl": "https://purl.stanford.edu/sr323mw4866/iiif/manifest" }, "geometry": { "type": "Polygon", "coordinates": [ [ [ 133.25, 35.0 ], [ 133.5, 35.0 ], [ 133.5, 35.1666665 ], [ 133.25, 35.1666665 ], [ 133.25, 35.0 ] ] ] } },
{ "type": "Feature", "properties": { "Id": 0, "Sheet_ID": "高梁 6", "label": "高梁 6", "call_short": "G7960 S50 .K61", "call_num": "G7960 S50 .K61 NI-53-26-6", "recid": "jq359ng8927", "websiteUrl": "https://purl.stanford.edu/jq359ng8927", "title": "[日本] 五万分一地形圖", "ckey": 9741696, "available": true, "iiifUrl": "https://purl.stanford.edu/jq359ng8927/iiif/manifest" }, "geometry": { "type": "Polygon", "coordinates": [ [ [ 133.5, 35.0 ], [ 133.75, 35.0 ], [ 133.75, 35.1666665 ], [ 133.5, 35.1666665 ], [ 133.5, 35.0 ] ] ] } },
{ "type": "Feature", "properties": { "Id": 0, "Sheet_ID": "高梁 2", "label": "高梁 2", "call_short": "G7960 S50 .K61", "call_num": "G7960 S50 .K61 NI-53-26-2", "recid": "zf246my7285", "websiteUrl": "https://purl.stanford.edu/zf246my7285", "title": "[日本] 五万分一地形圖", "ckey": 9741696, "available": true, "iiifUrl": "https://purl.stanford.edu/zf246my7285/iiif/manifest" }, "geometry": { "type": "Polygon", "coordinates": [ [ [ 133.75, 35.0 ], [ 134.0, 35.0 ], [ 134.0, 35.1666665 ], [ 133.75, 35.1666665 ], [ 133.75, 35.0 ] ] ] } },
{ "type": "Feature", "properties": { "Id": 0, "Sheet_ID": "高梁 13", "label": "高梁 13", "call_short": "G7960 S50 .K61", "call_num": "G7960 S50 .K61 NI-53-26-13", "recid": "tj474jb4293", "websiteUrl": "https://purl.stanford.edu/tj474jb4293", "title": "[日本] 五万分一地形圖", "ckey": 9741696, "available": true, "iiifUrl": "https://purl.stanford.edu/tj474jb4293/iiif/manifest" }, "geometry": { "type": "Polygon", "coordinates": [ [ [ 133.0, 35.1666665 ], [ 133.25, 35.1666665 ], [ 133.25, 35.333333 ], [ 133.0, 35.333333 ], [ 133.0, 35.1666665 ] ] ] } },
{ "type": "Feature", "properties": { "Id": 0, "Sheet_ID": "高梁 9", "label": "高梁 9", "call_short": "G7960 S50 .K61", "call_num": "G7960 S50 .K61 NI-53-26-9", "recid": "bt040fv6866", "websiteUrl": "https://purl.stanford.edu/bt040fv6866", "title": "[日本] 五万分一地形圖", "ckey": 9741696, "available": true, "iiifUrl": "https://purl.stanford.edu/bt040fv6866/iiif/manifest" }, "geometry": { "type": "Polygon", "coordinates": [ [ [ 133.25, 35.1666665 ], [ 133.5, 35.1666665 ], [ 133.5, 35.333333 ], [ 133.25, 35.333333 ], [ 133.25, 35.1666665 ] ] ] } },
{ "type": "Feature", "properties": { "Id": 0, "Sheet_ID": "高梁 5", "label": "高梁 5", "call_short": "G7960 S50 .K61", "call_num": "G7960 S50 .K61 NI-53-26-5", "recid": "rd927tt0717", "websiteUrl": "https://purl.stanford.edu/rd927tt0717", "title": "[日本] 五万分一地形圖", "ckey": 9741696, "available": true, "iiifUrl": "https://purl.stanford.edu/rd927tt0717/iiif/manifest" }, "geometry": { "type": "Polygon", "coordinates": [ [ [ 133.5, 35.1666665 ], [ 133.75, 35.1666665 ], [ 133.75, 35.333333 ], [ 133.5, 35.333333 ], [ 133.5, 35.1666665 ] ] ] } },
{ "type": "Feature", "properties": { "Id": 0, "Sheet_ID": "高梁 1", "label": "高梁 1", "call_short": "G7960 S50 .K61", "call_num": "G7960 S50 .K61 NI-53-26-1", "recid": "zs133tg5022", "websiteUrl": "https://purl.stanford.edu/zs133tg5022", "title": "[日本] 五万分一地形圖", "ckey": 9741696, "available": true, "iiifUrl": "https://purl.stanford.edu/zs133tg5022/iiif/manifest" }, "geometry": { "type": "Polygon", "coordinates": [ [ [ 133.75, 35.1666665 ], [ 134.0, 35.1666665 ], [ 134.0, 35.333333 ], [ 133.75, 35.333333 ], [ 133.75, 35.1666665 ] ] ] } },
{ "type": "Feature", "properties": { "Id": 0, "Sheet_ID": "高梁 9 ED.2", "label": "高梁 9 ED.2", "call_short": "G7960 S50 .K61", "call_num": "G7960 S50 .K61 NI-53-26-9 ED.2", "recid": "nf285zr0019", "websiteUrl": "https://purl.stanford.edu/nf285zr0019", "title": "[日本] 五万分一地形圖", "ckey": 9741696, "available": true, "iiifUrl": "https://purl.stanford.edu/nf285zr0019/iiif/manifest" }, "geometry": { "type": "Polygon", "coordinates": [ [ [ 133.25, 35.1666665 ], [ 133.5, 35.1666665 ], [ 133.5, 35.333333 ], [ 133.25, 35.333333 ], [ 133.25, 35.1666665 ] ] ] } },
{ "type": "Feature", "properties": { "Id": 0, "Sheet_ID": "松江 16", "label": "松江 16", "call_short": "G7960 S50 .K61", "call_num": "G7960 S50 .K61 NI-53-25-16", "recid": "vc897sh7997", "websiteUrl": "https://purl.stanford.edu/vc897sh7997", "title": "[日本] 五万分一地形圖", "ckey": 9741696, "available": true, "iiifUrl": "https://purl.stanford.edu/vc897sh7997/iiif/manifest" }, "geometry": { "type": "Polygon", "coordinates": [ [ [ 133.0, 35.333333 ], [ 133.25, 35.333333 ], [ 133.25, 35.4999998 ], [ 133.0, 35.4999998 ], [ 133.0, 35.333333 ] ] ] } },
{ "type": "Feature", "properties": { "Id": 0, "Sheet_ID": "松江 12", "label": "松江 12", "call_short": "G7960 S50 .K61", "call_num": "G7960 S50 .K61 NI-53-25-12", "recid": "jq554mk2910", "websiteUrl": "https://purl.stanford.edu/jq554mk2910", "title": "[日本] 五万分一地形圖", "ckey": 9741696, "available": true, "iiifUrl": "https://purl.stanford.edu/jq554mk2910/iiif/manifest" }, "geometry": { "type": "Polygon", "coordinates": [ [ [ 133.25, 35.333333 ], [ 133.5, 35.333333 ], [ 133.5, 35.4999998 ], [ 133.25, 35.4999998 ], [ 133.25, 35.333333 ] ] ] } },
{ "type": "Feature", "properties": { "Id": 0, "Sheet_ID": "松江 8", "label": "松江 8", "call_short": "G7960 S50 .K61", "call_num": "G7960 S50 .K61 NI-53-25-8", "recid": "qf772gd6247", "websiteUrl": "https://purl.stanford.edu/qf772gd6247", "title": "[日本] 五万分一地形圖", "ckey": 9741696, "available": true, "iiifUrl": "https://purl.stanford.edu/qf772gd6247/iiif/manifest" }, "geometry": { "type": "Polygon", "coordinates": [ [ [ 133.5, 35.333333 ], [ 133.75, 35.333333 ], [ 133.75, 35.4999998 ], [ 133.5, 35.4999998 ], [ 133.5, 35.333333 ] ] ] } },
{ "type": "Feature", "properties": { "Id": 0, "Sheet_ID": "松江 4", "label": "松江 4", "call_short": "G7960 S50 .K61", "call_num": "G7960 S50 .K61 NI-53-25-4", "recid": "yv902gc9509", "websiteUrl": "https://purl.stanford.edu/yv902gc9509", "title": "[日本] 五万分一地形圖", "ckey": 9741696, "available": true, "iiifUrl": "https://purl.stanford.edu/yv902gc9509/iiif/manifest" }, "geometry": { "type": "Polygon", "coordinates": [ [ [ 133.75, 35.333333 ], [ 134.0, 35.333333 ], [ 134.0, 35.4999998 ], [ 133.75, 35.4999998 ], [ 133.75, 35.333333 ] ] ] } },
{ "type": "Feature", "properties": { "Id": 0, "Sheet_ID": "松江 15", "label": "松江 15", "call_short": "G7960 S50 .K61", "call_num": "G7960 S50 .K61 NI-53-25-15", "recid": "jy408vd0789", "websiteUrl": "https://purl.stanford.edu/jy408vd0789", "title": "[日本] 五万分一地形圖", "ckey": 9741696, "available": true, "iiifUrl": "https://purl.stanford.edu/jy408vd0789/iiif/manifest" }, "geometry": { "type": "Polygon", "coordinates": [ [ [ 133.0, 35.4999998 ], [ 133.25, 35.4999998 ], [ 133.25, 35.6666665 ], [ 133.0, 35.6666665 ], [ 133.0, 35.4999998 ] ] ] } },
{ "type": "Feature", "properties": { "Id": 0, "Sheet_ID": "松江 11", "label": "松江 11", "call_short": "G7960 S50 .K61", "call_num": "G7960 S50 .K61 NI-53-25-11", "recid": "wv448db3683", "websiteUrl": "https://purl.stanford.edu/wv448db3683", "title": "[日本] 五万分一地形圖", "ckey": 9741696, "available": true, "iiifUrl": "https://purl.stanford.edu/wv448db3683/iiif/manifest" }, "geometry": { "type": "Polygon", "coordinates": [ [ [ 133.25, 35.4999998 ], [ 133.5, 35.4999998 ], [ 133.5, 35.6666665 ], [ 133.25, 35.6666665 ], [ 133.25, 35.4999998 ] ] ] } },
{ "type": "Feature", "properties": { "Id": 0, "Sheet_ID": "松江 7", "label": "松江 7", "call_short": "0", "call_num": "0", "recid": "0", "websiteUrl": "0", "title": "0", "ckey": 0, "available": false, "iiifUrl": "0" }, "geometry": { "type": "Polygon", "coordinates": [ [ [ 133.5, 35.4999998 ], [ 133.75, 35.4999998 ], [ 133.75, 35.6666665 ], [ 133.5, 35.6666665 ], [ 133.5, 35.4999998 ] ] ] } },
{ "type": "Feature", "properties": { "Id": 0, "Sheet_ID": "松江 3", "label": "松江 3", "call_short": "0", "call_num": "0", "recid": "0", "websiteUrl": "0", "title": "0", "ckey": 0, "available": false, "iiifUrl": "0" }, "geometry": { "type": "Polygon", "coordinates": [ [ [ 133.75, 35.4999998 ], [ 134.0, 35.4999998 ], [ 134.0, 35.6666665 ], [ 133.75, 35.6666665 ], [ 133.75, 35.4999998 ] ] ] } },
{ "type": "Feature", "properties": { "Id": 0, "Sheet_ID": "剣山 16", "label": "剣山 16", "call_short": "G7960 S50 .K61", "call_num": "G7960 S50 .K61 NI-53-22-16", "recid": "rj182gy5789", "websiteUrl": "https://purl.stanford.edu/rj182gy5789", "title": "[日本] 五万分一地形圖", "ckey": 9741696, "available": true, "iiifUrl": "https://purl.stanford.edu/rj182gy5789/iiif/manifest" }, "geometry": { "type": "Polygon", "coordinates": [ [ [ 134.25, 33.333333 ], [ 134.25, 33.47 ], [ 134.28, 33.47 ], [ 134.28, 33.4999998 ], [ 134.25, 33.4999998 ], [ 134.0, 33.4999998 ], [ 134.0, 33.333333 ], [ 134.25, 33.333333 ] ] ] } },
{ "type": "Feature", "properties": { "Id": 0, "Sheet_ID": "剣山 15", "label": "剣山 15", "call_short": "G7960 S50 .K61", "call_num": "G7960 S50 .K61 NI-53-22-15", "recid": "pk772mb6492", "websiteUrl": "https://purl.stanford.edu/pk772mb6492", "title": "[日本] 五万分一地形圖", "ckey": 9741696, "available": true, "iiifUrl": "https://purl.stanford.edu/pk772mb6492/iiif/manifest" }, "geometry": { "type": "Polygon", "coordinates": [ [ [ 134.0, 33.4999998 ], [ 134.25, 33.4999998 ], [ 134.25, 33.6666665 ], [ 134.0, 33.6666665 ], [ 134.0, 33.4999998 ] ] ] } },
{ "type": "Feature", "properties": { "Id": 0, "Sheet_ID": "剣山 11", "label": "剣山 11", "call_short": "G7960 S50 .K61", "call_num": "G7960 S50 .K61 NI-53-22-11", "recid": "xk804dv4811", "websiteUrl": "https://purl.stanford.edu/xk804dv4811", "title": "[日本] 五万分一地形圖", "ckey": 9741696, "available": true, "iiifUrl": "https://purl.stanford.edu/xk804dv4811/iiif/manifest" }, "geometry": { "type": "Polygon", "coordinates": [ [ [ 134.25, 33.4999998 ], [ 134.5, 33.4999998 ], [ 134.5, 33.6666665 ], [ 134.25, 33.6666665 ], [ 134.25, 33.4999998 ] ] ] } },
{ "type": "Feature", "properties": { "Id": 0, "Sheet_ID": "剣山 14", "label": "剣山 14", "call_short": "G7960 S50 .K61", "call_num": "G7960 S50 .K61 NI-53-22-14", "recid": "rv016dr9614", "websiteUrl": "https://purl.stanford.edu/rv016dr9614", "title": "[日本] 五万分一地形圖", "ckey": 9741696, "available": true, "iiifUrl": "https://purl.stanford.edu/rv016dr9614/iiif/manifest" }, "geometry": { "type": "Polygon", "coordinates": [ [ [ 134.0, 33.6666665 ], [ 134.25, 33.6666665 ], [ 134.25, 33.8333333 ], [ 134.0, 33.8333333 ], [ 134.0, 33.6666665 ] ] ] } },
{ "type": "Feature", "properties": { "Id": 0, "Sheet_ID": "剣山 10", "label": "剣山 10", "call_short": "G7960 S50 .K61", "call_num": "G7960 S50 .K61 NI-53-22-10", "recid": "ft434wf7214", "websiteUrl": "https://purl.stanford.edu/ft434wf7214", "title": "[日本] 五万分一地形圖", "ckey": 9741696, "available": true, "iiifUrl": "https://purl.stanford.edu/ft434wf7214/iiif/manifest" }, "geometry": { "type": "Polygon", "coordinates": [ [ [ 134.25, 33.6666665 ], [ 134.5, 33.6666665 ], [ 134.5, 33.8333333 ], [ 134.25, 33.8333333 ], [ 134.25, 33.6666665 ] ] ] } },
{ "type": "Feature", "properties": { "Id": 0, "Sheet_ID": "剣山 6", "label": "剣山 6", "call_short": "G7960 S50 .K61", "call_num": "G7960 S50 .K61 NI-53-22-6", "recid": "cm756hk3982", "websiteUrl": "https://purl.stanford.edu/cm756hk3982", "title": "[日本] 五万分一地形圖", "ckey": 9741696, "available": true, "iiifUrl": "https://purl.stanford.edu/cm756hk3982/iiif/manifest" }, "geometry": { "type": "Polygon", "coordinates": [ [ [ 134.5, 33.6666665 ], [ 134.75, 33.6666665 ], [ 134.75, 33.8333333 ], [ 134.5, 33.8333333 ], [ 134.5, 33.6666665 ] ] ] } },
{ "type": "Feature", "properties": { "Id": 0, "Sheet_ID": "剣山 13", "label": "剣山 13", "call_short": "G7960 S50 .K61", "call_num": "G7960 S50 .K61 NI-53-22-13", "recid": "pz249fk8360", "websiteUrl": "https://purl.stanford.edu/pz249fk8360", "title": "[日本] 五万分一地形圖", "ckey": 9741696, "available": true, "iiifUrl": "https://purl.stanford.edu/pz249fk8360/iiif/manifest" }, "geometry": { "type": "Polygon", "coordinates": [ [ [ 134.0, 33.8333333 ], [ 134.25, 33.8333333 ], [ 134.25, 34.0 ], [ 134.0, 34.0 ], [ 134.0, 33.8333333 ] ] ] } },
{ "type": "Feature", "properties": { "Id": 0, "Sheet_ID": "剣山 9", "label": "剣山 9", "call_short": "G7960 S50 .K61", "call_num": "G7960 S50 .K61 NI-53-22-9", "recid": "vx372tw0177", "websiteUrl": "https://purl.stanford.edu/vx372tw0177", "title": "[日本] 五万分一地形圖", "ckey": 9741696, "available": true, "iiifUrl": "https://purl.stanford.edu/vx372tw0177/iiif/manifest" }, "geometry": { "type": "Polygon", "coordinates": [ [ [ 134.25, 33.8333333 ], [ 134.5, 33.8333333 ], [ 134.5, 34.0 ], [ 134.25, 34.0 ], [ 134.25, 33.8333333 ] ] ] } },
{ "type": "Feature", "properties": { "Id": 0, "Sheet_ID": "剣山 5", "label": "剣山 5", "call_short": "G7960 S50 .K61", "call_num": "G7960 S50 .K61 NI-53-22-5", "recid": "mk762zm1375", "websiteUrl": "https://purl.stanford.edu/mk762zm1375", "title": "[日本] 五万分一地形圖", "ckey": 9741696, "available": true, "iiifUrl": "https://purl.stanford.edu/mk762zm1375/iiif/manifest" }, "geometry": { "type": "Polygon", "coordinates": [ [ [ 134.5, 33.8333333 ], [ 134.75, 33.8333333 ], [ 134.75, 34.0 ], [ 134.5, 34.0 ], [ 134.5, 33.8333333 ] ] ] } },
{ "type": "Feature", "properties": { "Id": 0, "Sheet_ID": "剣山 1", "label": "剣山 1", "call_short": "G7960 S50 .K61", "call_num": "G7960 S50 .K61 NI-53-22-1", "recid": "tc967wq6930", "websiteUrl": "https://purl.stanford.edu/tc967wq6930", "title": "[日本] 五万分一地形圖", "ckey": 9741696, "available": true, "iiifUrl": "https://purl.stanford.edu/tc967wq6930/iiif/manifest" }, "geometry": { "type": "Polygon", "coordinates": [ [ [ 134.75, 33.8333333 ], [ 135.0, 33.8333333 ], [ 135.0, 34.0 ], [ 134.75, 34.0 ], [ 134.75, 33.8333333 ] ] ] } },
{ "type": "Feature", "properties": { "Id": 0, "Sheet_ID": "剣山 16_南部", "label": "剣山 16_南部", "call_short": "G7960 S50 .K61", "call_num": "G7960 S50 .K61 NI-53-22-16 SOUTH", "recid": "cx900nx8035", "websiteUrl": "https://purl.stanford.edu/cx900nx8035", "title": "[日本] 五万分一地形圖", "ckey": 9741696, "available": true, "iiifUrl": "https://purl.stanford.edu/cx900nx8035/iiif/manifest" }, "geometry": { "type": "Polygon", "coordinates": [ [ [ 134.0, 33.333333 ], [ 134.0, 33.166667 ], [ 134.25, 33.166667 ], [ 134.25, 33.333333 ], [ 134.0, 33.333333 ] ] ] } },
{ "type": "Feature", "properties": { "Id": 0, "Sheet_ID": "徳島 16", "label": "徳島 16", "call_short": "G7960 S50 .K61", "call_num": "G7960 S50 .K61 NI-53-21-16", "recid": "kq800sx4969", "websiteUrl": "https://purl.stanford.edu/kq800sx4969", "title": "[日本] 五万分一地形圖", "ckey": 9741696, "available": true, "iiifUrl": "https://purl.stanford.edu/kq800sx4969/iiif/manifest" }, "geometry": { "type": "Polygon", "coordinates": [ [ [ 134.0, 34.0 ], [ 134.25, 34.0 ], [ 134.25, 34.1666667 ], [ 134.0, 34.1666667 ], [ 134.0, 34.0 ] ] ] } },
{ "type": "Feature", "properties": { "Id": 0, "Sheet_ID": "徳島 12", "label": "徳島 12", "call_short": "G7960 S50 .K61", "call_num": "G7960 S50 .K61 NI-53-21-12", "recid": "gk682zw1950", "websiteUrl": "https://purl.stanford.edu/gk682zw1950", "title": "[日本] 五万分一地形圖", "ckey": 9741696, "available": true, "iiifUrl": "https://purl.stanford.edu/gk682zw1950/iiif/manifest" }, "geometry": { "type": "Polygon", "coordinates": [ [ [ 134.25, 34.0 ], [ 134.5, 34.0 ], [ 134.5, 34.1666667 ], [ 134.25, 34.1666667 ], [ 134.25, 34.0 ] ] ] } },
{ "type": "Feature", "properties": { "Id": 0, "Sheet_ID": "徳島 8", "label": "徳島 8", "call_short": "0", "call_num": "0", "recid": "0", "websiteUrl": "0", "title": "0", "ckey": 0, "available": false, "iiifUrl": "0" }, "geometry": { "type": "Polygon", "coordinates": [ [ [ 134.5, 34.0 ], [ 134.75, 34.0 ], [ 134.75, 34.1666667 ], [ 134.5, 34.1666667 ], [ 134.5, 34.0 ] ] ] } },
{ "type": "Feature", "properties": { "Id": 0, "Sheet_ID": "徳島 15", "label": "徳島 15", "call_short": "G7960 S50 .K61", "call_num": "G7960 S50 .K61 NI-53-21-15", "recid": "kh151pm7941", "websiteUrl": "https://purl.stanford.edu/kh151pm7941", "title": "[日本] 五万分一地形圖", "ckey": 9741696, "available": true, "iiifUrl": "https://purl.stanford.edu/kh151pm7941/iiif/manifest" }, "geometry": { "type": "Polygon", "coordinates": [ [ [ 134.0, 34.1666667 ], [ 134.25, 34.1666667 ], [ 134.25, 34.3333335 ], [ 134.0, 34.3333335 ], [ 134.0, 34.1666667 ] ] ] } },
{ "type": "Feature", "properties": { "Id": 0, "Sheet_ID": "徳島 11", "label": "徳島 11", "call_short": "G7960 S50 .K61", "call_num": "G7960 S50 .K61 NI-53-21-11", "recid": "qh748sk5173", "websiteUrl": "https://purl.stanford.edu/qh748sk5173", "title": "[日本] 五万分一地形圖", "ckey": 9741696, "available": true, "iiifUrl": "https://purl.stanford.edu/qh748sk5173/iiif/manifest" }, "geometry": { "type": "Polygon", "coordinates": [ [ [ 134.25, 34.1666667 ], [ 134.5, 34.1666667 ], [ 134.5, 34.3333335 ], [ 134.25, 34.3333335 ], [ 134.25, 34.1666667 ] ] ] } },
{ "type": "Feature", "properties": { "Id": 0, "Sheet_ID": "徳島 7", "label": "徳島 7", "call_short": "0", "call_num": "0", "recid": "0", "websiteUrl": "0", "title": "0", "ckey": 0, "available": false, "iiifUrl": "0" }, "geometry": { "type": "Polygon", "coordinates": [ [ [ 134.5, 34.1666667 ], [ 134.75, 34.1666667 ], [ 134.75, 34.3333335 ], [ 134.5, 34.3333335 ], [ 134.5, 34.1666667 ] ] ] } },
{ "type": "Feature", "properties": { "Id": 0, "Sheet_ID": "徳島 3", "label": "徳島 3", "call_short": "G7960 S50 .K61", "call_num": "G7960 S50 .K61 NI-53-21-3", "recid": "mf128yc2094", "websiteUrl": "https://purl.stanford.edu/mf128yc2094", "title": "[日本] 五万分一地形圖", "ckey": 9741696, "available": true, "iiifUrl": "https://purl.stanford.edu/mf128yc2094/iiif/manifest" }, "geometry": { "type": "Polygon", "coordinates": [ [ [ 134.84, 34.1666668 ], [ 135.0, 34.1666668 ], [ 135.0, 34.3333335 ], [ 134.75, 34.3333335 ], [ 134.75, 34.1666668 ], [ 134.8, 34.1666668 ], [ 134.8, 34.15 ], [ 134.84, 34.15 ], [ 134.84, 34.1666668 ] ] ] } },
{ "type": "Feature", "properties": { "Id": 0, "Sheet_ID": "徳島 14", "label": "徳島 14", "call_short": "G7960 S50 .K61", "call_num": "G7960 S50 .K61 NI-53-21-14", "recid": "fc320nd6540", "websiteUrl": "https://purl.stanford.edu/fc320nd6540", "title": "[日本] 五万分一地形圖", "ckey": 9741696, "available": true, "iiifUrl": "https://purl.stanford.edu/fc320nd6540/iiif/manifest" }, "geometry": { "type": "Polygon", "coordinates": [ [ [ 134.0, 34.3333335 ], [ 134.25, 34.3333335 ], [ 134.25, 34.5000002 ], [ 134.0, 34.5000002 ], [ 134.0, 34.3333335 ] ] ] } },
{ "type": "Feature", "properties": { "Id": 0, "Sheet_ID": "徳島 10", "label": "徳島 10", "call_short": "G7960 S50 .K61", "call_num": "G7960 S50 .K61 NI-53-21-10", "recid": "sj109pm7457", "websiteUrl": "https://purl.stanford.edu/sj109pm7457", "title": "[日本] 五万分一地形圖", "ckey": 9741696, "available": true, "iiifUrl": "https://purl.stanford.edu/sj109pm7457/iiif/manifest" }, "geometry": { "type": "Polygon", "coordinates": [ [ [ 134.25, 34.3333335 ], [ 134.5, 34.3333335 ], [ 134.5, 34.5000002 ], [ 134.25, 34.5000002 ], [ 134.25, 34.3333335 ] ] ] } },
{ "type": "Feature", "properties": { "Id": 0, "Sheet_ID": "徳島 2", "label": "徳島 2", "call_short": "G7960 S50 .K61", "call_num": "G7960 S50 .K61 NI-53-21-2", "recid": "sy260xs1642", "websiteUrl": "https://purl.stanford.edu/sy260xs1642", "title": "[日本] 五万分一地形圖", "ckey": 9741696, "available": true, "iiifUrl": "https://purl.stanford.edu/sy260xs1642/iiif/manifest" }, "geometry": { "type": "Polygon", "coordinates": [ [ [ 134.75, 34.3333335 ], [ 135.0, 34.3333335 ], [ 135.0, 34.5000002 ], [ 134.75, 34.5000002 ], [ 134.75, 34.38 ], [ 134.72, 34.38 ], [ 134.72, 34.3333335 ], [ 134.75, 34.3333335 ] ] ] } },
{ "type": "Feature", "properties": { "Id": 0, "Sheet_ID": "徳島 13", "label": "徳島 13", "call_short": "G7960 S50 .K61", "call_num": "G7960 S50 .K61 NI-53-21-13", "recid": "pr138wc0512", "websiteUrl": "https://purl.stanford.edu/pr138wc0512", "title": "[日本] 五万分一地形圖", "ckey": 9741696, "available": true, "iiifUrl": "https://purl.stanford.edu/pr138wc0512/iiif/manifest" }, "geometry": { "type": "Polygon", "coordinates": [ [ [ 134.0, 34.5000002 ], [ 134.25, 34.5000002 ], [ 134.25, 34.666667 ], [ 134.0, 34.666667 ], [ 134.0, 34.5000002 ] ] ] } },
{ "type": "Feature", "properties": { "Id": 0, "Sheet_ID": "徳島 9", "label": "徳島 9", "call_short": "G7960 S50 .K61", "call_num": "G7960 S50 .K61 NI-53-21-9", "recid": "qw620qn7503", "websiteUrl": "https://purl.stanford.edu/qw620qn7503", "title": "[日本] 五万分一地形圖", "ckey": 9741696, "available": true, "iiifUrl": "https://purl.stanford.edu/qw620qn7503/iiif/manifest" }, "geometry": { "type": "Polygon", "coordinates": [ [ [ 134.25, 34.5000002 ], [ 134.5, 34.5000002 ], [ 134.5, 34.666667 ], [ 134.25, 34.666667 ], [ 134.25, 34.5000002 ] ] ] } },
{ "type": "Feature", "properties": { "Id": 0, "Sheet_ID": "徳島 5", "label": "徳島 5", "call_short": "0", "call_num": "0", "recid": "0", "websiteUrl": "0", "title": "0", "ckey": 0, "available": false, "iiifUrl": "0" }, "geometry": { "type": "Polygon", "coordinates": [ [ [ 134.5, 34.5000002 ], [ 134.75, 34.5000002 ], [ 134.75, 34.666667 ], [ 134.5, 34.666667 ], [ 134.5, 34.5000002 ] ] ] } },
{ "type": "Feature", "properties": { "Id": 0, "Sheet_ID": "徳島 1", "label": "徳島 1", "call_short": "0", "call_num": "0", "recid": "0", "websiteUrl": "0", "title": "0", "ckey": 0, "available": false, "iiifUrl": "0" }, "geometry": { "type": "Polygon", "coordinates": [ [ [ 134.75, 34.5000002 ], [ 135.0, 34.5000002 ], [ 135.0, 34.666667 ], [ 134.75, 34.666667 ], [ 134.75, 34.5000002 ] ] ] } },
{ "type": "Feature", "properties": { "Id": 0, "Sheet_ID": "姫路 16", "label": "姫路 16", "call_short": "G7960 S50 .K61", "call_num": "G7960 S50 .K61 NI-53-20-16", "recid": "gm798jh2535", "websiteUrl": "https://purl.stanford.edu/gm798jh2535", "title": "[日本] 五万分一地形圖", "ckey": 9741696, "available": true, "iiifUrl": "https://purl.stanford.edu/gm798jh2535/iiif/manifest" }, "geometry": { "type": "Polygon", "coordinates": [ [ [ 134.0, 34.666667 ], [ 134.25, 34.666667 ], [ 134.25, 34.8333335 ], [ 134.0, 34.8333335 ], [ 134.0, 34.666667 ] ] ] } },
{ "type": "Feature", "properties": { "Id": 0, "Sheet_ID": "姫路 12", "label": "姫路 12", "call_short": "G7960 S50 .K61", "call_num": "G7960 S50 .K61 NI-53-20-12", "recid": "hm312rs6022", "websiteUrl": "https://purl.stanford.edu/hm312rs6022", "title": "[日本] 五万分一地形圖", "ckey": 9741696, "available": true, "iiifUrl": "https://purl.stanford.edu/hm312rs6022/iiif/manifest" }, "geometry": { "type": "Polygon", "coordinates": [ [ [ 134.25, 34.666667 ], [ 134.5, 34.666667 ], [ 134.5, 34.8333335 ], [ 134.25, 34.8333335 ], [ 134.25, 34.666667 ] ] ] } },
{ "type": "Feature", "properties": { "Id": 0, "Sheet_ID": "姫路 8", "label": "姫路 8", "call_short": "G7960 S50 .K61", "call_num": "G7960 S50 .K61 NI-53-20-8", "recid": "yh500hw9410", "websiteUrl": "https://purl.stanford.edu/yh500hw9410", "title": "[日本] 五万分一地形圖", "ckey": 9741696, "available": true, "iiifUrl": "https://purl.stanford.edu/yh500hw9410/iiif/manifest" }, "geometry": { "type": "Polygon", "coordinates": [ [ [ 134.5, 34.666667 ], [ 134.75, 34.666667 ], [ 134.75, 34.8333335 ], [ 134.5, 34.8333335 ], [ 134.5, 34.666667 ] ] ] } },
{ "type": "Feature", "properties": { "Id": 0, "Sheet_ID": "姫路 4", "label": "姫路 4", "call_short": "G7960 S50 .K61", "call_num": "G7960 S50 .K61 NI-53-20-4", "recid": "hq276sg8904", "websiteUrl": "https://purl.stanford.edu/hq276sg8904", "title": "[日本] 五万分一地形圖", "ckey": 9741696, "available": true, "iiifUrl": "https://purl.stanford.edu/hq276sg8904/iiif/manifest" }, "geometry": { "type": "Polygon", "coordinates": [ [ [ 134.75, 34.666667 ], [ 135.0, 34.666667 ], [ 135.0, 34.8333335 ], [ 134.75, 34.8333335 ], [ 134.75, 34.666667 ] ] ] } },
{ "type": "Feature", "properties": { "Id": 0, "Sheet_ID": "姫路 15", "label": "姫路 15", "call_short": "G7960 S50 .K61", "call_num": "G7960 S50 .K61 NI-53-20-15", "recid": "rx020vy8442", "websiteUrl": "https://purl.stanford.edu/rx020vy8442", "title": "[日本] 五万分一地形圖", "ckey": 9741696, "available": true, "iiifUrl": "https://purl.stanford.edu/rx020vy8442/iiif/manifest" }, "geometry": { "type": "Polygon", "coordinates": [ [ [ 134.0, 34.8333335 ], [ 134.25, 34.8333335 ], [ 134.25, 35.0 ], [ 134.0, 35.0 ], [ 134.0, 34.8333335 ] ] ] } },
{ "type": "Feature", "properties": { "Id": 0, "Sheet_ID": "姫路 11", "label": "姫路 11", "call_short": "G7960 S50 .K61", "call_num": "G7960 S50 .K61 NI-53-20-11", "recid": "wn566zw2311", "websiteUrl": "https://purl.stanford.edu/wn566zw2311", "title": "[日本] 五万分一地形圖", "ckey": 9741696, "available": true, "iiifUrl": "https://purl.stanford.edu/wn566zw2311/iiif/manifest" }, "geometry": { "type": "Polygon", "coordinates": [ [ [ 134.25, 34.8333335 ], [ 134.5, 34.8333335 ], [ 134.5, 35.0 ], [ 134.25, 35.0 ], [ 134.25, 34.8333335 ] ] ] } },
{ "type": "Feature", "properties": { "Id": 0, "Sheet_ID": "姫路 7", "label": "姫路 7", "call_short": "G7960 S50 .K61", "call_num": "G7960 S50 .K61 NI-53-20-7", "recid": "sm861sy0340", "websiteUrl": "https://purl.stanford.edu/sm861sy0340", "title": "[日本] 五万分一地形圖", "ckey": 9741696, "available": true, "iiifUrl": "https://purl.stanford.edu/sm861sy0340/iiif/manifest" }, "geometry": { "type": "Polygon", "coordinates": [ [ [ 134.5, 34.8333335 ], [ 134.75, 34.8333335 ], [ 134.75, 35.0 ], [ 134.5, 35.0 ], [ 134.5, 34.8333335 ] ] ] } },
{ "type": "Feature", "properties": { "Id": 0, "Sheet_ID": "姫路 3", "label": "姫路 3", "call_short": "G7960 S50 .K61", "call_num": "G7960 S50 .K61 NI-53-20-3", "recid": "mn364wg3445", "websiteUrl": "https://purl.stanford.edu/mn364wg3445", "title": "[日本] 五万分一地形圖", "ckey": 9741696, "available": true, "iiifUrl": "https://purl.stanford.edu/mn364wg3445/iiif/manifest" }, "geometry": { "type": "Polygon", "coordinates": [ [ [ 134.75, 34.8333335 ], [ 135.0, 34.8333335 ], [ 135.0, 35.0 ], [ 134.75, 35.0 ], [ 134.75, 34.8333335 ] ] ] } },
{ "type": "Feature", "properties": { "Id": 0, "Sheet_ID": "姫路 14", "label": "姫路 14", "call_short": "G7960 S50 .K61", "call_num": "G7960 S50 .K61 NI-53-20-14", "recid": "vr576gg5634", "websiteUrl": "https://purl.stanford.edu/vr576gg5634", "title": "[日本] 五万分一地形圖", "ckey": 9741696, "available": true, "iiifUrl": "https://purl.stanford.edu/vr576gg5634/iiif/manifest" }, "geometry": { "type": "Polygon", "coordinates": [ [ [ 134.0, 35.0 ], [ 134.25, 35.0 ], [ 134.25, 35.1666665 ], [ 134.0, 35.1666665 ], [ 134.0, 35.0 ] ] ] } },
{ "type": "Feature", "properties": { "Id": 0, "Sheet_ID": "姫路 10", "label": "姫路 10", "call_short": "G7960 S50 .K61", "call_num": "G7960 S50 .K61 NI-53-20-10", "recid": "hn415by9118", "websiteUrl": "https://purl.stanford.edu/hn415by9118", "title": "[日本] 五万分一地形圖", "ckey": 9741696, "available": true, "iiifUrl": "https://purl.stanford.edu/hn415by9118/iiif/manifest" }, "geometry": { "type": "Polygon", "coordinates": [ [ [ 134.25, 35.0 ], [ 134.5, 35.0 ], [ 134.5, 35.1666665 ], [ 134.25, 35.1666665 ], [ 134.25, 35.0 ] ] ] } },
{ "type": "Feature", "properties": { "Id": 0, "Sheet_ID": "姫路 6", "label": "姫路 6", "call_short": "G7960 S50 .K61", "call_num": "G7960 S50 .K61 NI-53-20-6", "recid": "zv152kz0251", "websiteUrl": "https://purl.stanford.edu/zv152kz0251", "title": "[日本] 五万分一地形圖", "ckey": 9741696, "available": true, "iiifUrl": "https://purl.stanford.edu/zv152kz0251/iiif/manifest" }, "geometry": { "type": "Polygon", "coordinates": [ [ [ 134.5, 35.0 ], [ 134.75, 35.0 ], [ 134.75, 35.1666665 ], [ 134.5, 35.1666665 ], [ 134.5, 35.0 ] ] ] } },
{ "type": "Feature", "properties": { "Id": 0, "Sheet_ID": "姫路 2", "label": "姫路 2", "call_short": "G7960 S50 .K61", "call_num": "G7960 S50 .K61 NI-53-20-2", "recid": "tz282tc3591", "websiteUrl": "https://purl.stanford.edu/tz282tc3591", "title": "[日本] 五万分一地形圖", "ckey": 9741696, "available": true, "iiifUrl": "https://purl.stanford.edu/tz282tc3591/iiif/manifest" }, "geometry": { "type": "Polygon", "coordinates": [ [ [ 134.75, 35.0 ], [ 135.0, 35.0 ], [ 135.0, 35.1666665 ], [ 134.75, 35.1666665 ], [ 134.75, 35.0 ] ] ] } },
{ "type": "Feature", "properties": { "Id": 0, "Sheet_ID": "姫路 13", "label": "姫路 13", "call_short": "G7960 S50 .K61", "call_num": "G7960 S50 .K61 NI-53-20-13", "recid": "xk285tz6479", "websiteUrl": "https://purl.stanford.edu/xk285tz6479", "title": "[日本] 五万分一地形圖", "ckey": 9741696, "available": true, "iiifUrl": "https://purl.stanford.edu/xk285tz6479/iiif/manifest" }, "geometry": { "type": "Polygon", "coordinates": [ [ [ 134.0, 35.1666665 ], [ 134.25, 35.1666665 ], [ 134.25, 35.333333 ], [ 134.0, 35.333333 ], [ 134.0, 35.1666665 ] ] ] } },
{ "type": "Feature", "properties": { "Id": 0, "Sheet_ID": "姫路 9", "label": "姫路 9", "call_short": "G7960 S50 .K61", "call_num": "G7960 S50 .K61 NI-53-20-9", "recid": "wg657sq2218", "websiteUrl": "https://purl.stanford.edu/wg657sq2218", "title": "[日本] 五万分一地形圖", "ckey": 9741696, "available": true, "iiifUrl": "https://purl.stanford.edu/wg657sq2218/iiif/manifest" }, "geometry": { "type": "Polygon", "coordinates": [ [ [ 134.25, 35.1666665 ], [ 134.5, 35.1666665 ], [ 134.5, 35.333333 ], [ 134.25, 35.333333 ], [ 134.25, 35.1666665 ] ] ] } },
{ "type": "Feature", "properties": { "Id": 0, "Sheet_ID": "姫路 5", "label": "姫路 5", "call_short": "G7960 S50 .K61", "call_num": "G7960 S50 .K61 NI-53-20-5", "recid": "zw528cw0255", "websiteUrl": "https://purl.stanford.edu/zw528cw0255", "title": "[日本] 五万分一地形圖", "ckey": 9741696, "available": true, "iiifUrl": "https://purl.stanford.edu/zw528cw0255/iiif/manifest" }, "geometry": { "type": "Polygon", "coordinates": [ [ [ 134.5, 35.1666665 ], [ 134.75, 35.1666665 ], [ 134.75, 35.333333 ], [ 134.5, 35.333333 ], [ 134.5, 35.1666665 ] ] ] } },
{ "type": "Feature", "properties": { "Id": 0, "Sheet_ID": "姫路 1", "label": "姫路 1", "call_short": "G7960 S50 .K61", "call_num": "G7960 S50 .K61 NI-53-20-1", "recid": "zj806bh8066", "websiteUrl": "https://purl.stanford.edu/zj806bh8066", "title": "[日本] 五万分一地形圖", "ckey": 9741696, "available": true, "iiifUrl": "https://purl.stanford.edu/zj806bh8066/iiif/manifest" }, "geometry": { "type": "Polygon", "coordinates": [ [ [ 134.75, 35.1666665 ], [ 135.0, 35.1666665 ], [ 135.0, 35.333333 ], [ 134.75, 35.333333 ], [ 134.75, 35.1666665 ] ] ] } },
{ "type": "Feature", "properties": { "Id": 0, "Sheet_ID": "鳥取 16", "label": "鳥取 16", "call_short": "G7960 S50 .K61", "call_num": "G7960 S50 .K61 NI-53-19-16", "recid": "bq186zg8148", "websiteUrl": "https://purl.stanford.edu/bq186zg8148", "title": "[日本] 五万分一地形圖", "ckey": 9741696, "available": true, "iiifUrl": "https://purl.stanford.edu/bq186zg8148/iiif/manifest" }, "geometry": { "type": "Polygon", "coordinates": [ [ [ 134.0, 35.333333 ], [ 134.25, 35.333333 ], [ 134.25, 35.4999998 ], [ 134.0, 35.4999998 ], [ 134.0, 35.333333 ] ] ] } },
{ "type": "Feature", "properties": { "Id": 0, "Sheet_ID": "鳥取 12", "label": "鳥取 12", "call_short": "G7960 S50 .K61", "call_num": "G7960 S50 .K61 NI-53-19-12", "recid": "dc807zg3973", "websiteUrl": "https://purl.stanford.edu/dc807zg3973", "title": "[日本] 五万分一地形圖", "ckey": 9741696, "available": true, "iiifUrl": "https://purl.stanford.edu/dc807zg3973/iiif/manifest" }, "geometry": { "type": "Polygon", "coordinates": [ [ [ 134.25, 35.333333 ], [ 134.5, 35.333333 ], [ 134.5, 35.4999998 ], [ 134.25, 35.4999998 ], [ 134.25, 35.333333 ] ] ] } },
{ "type": "Feature", "properties": { "Id": 0, "Sheet_ID": "鳥取 8", "label": "鳥取 8", "call_short": "G7960 S50 .K61", "call_num": "G7960 S50 .K61 NI-53-19-8", "recid": "mz409nt6371", "websiteUrl": "https://purl.stanford.edu/mz409nt6371", "title": "[日本] 五万分一地形圖", "ckey": 9741696, "available": true, "iiifUrl": "https://purl.stanford.edu/mz409nt6371/iiif/manifest" }, "geometry": { "type": "Polygon", "coordinates": [ [ [ 134.5, 35.333333 ], [ 134.75, 35.333333 ], [ 134.75, 35.4999998 ], [ 134.5, 35.4999998 ], [ 134.5, 35.333333 ] ] ] } },
{ "type": "Feature", "properties": { "Id": 0, "Sheet_ID": "鳥取 4", "label": "鳥取 4", "call_short": "G7960 S50 .K61", "call_num": "G7960 S50 .K61 NI-53-19-4", "recid": "sv190mt2894", "websiteUrl": "https://purl.stanford.edu/sv190mt2894", "title": "[日本] 五万分一地形圖", "ckey": 9741696, "available": true, "iiifUrl": "https://purl.stanford.edu/sv190mt2894/iiif/manifest" }, "geometry": { "type": "Polygon", "coordinates": [ [ [ 134.75, 35.333333 ], [ 135.0, 35.333333 ], [ 135.0, 35.4999998 ], [ 134.75, 35.4999998 ], [ 134.75, 35.333333 ] ] ] } },
{ "type": "Feature", "properties": { "Id": 0, "Sheet_ID": "鳥取 15", "label": "鳥取 15", "call_short": "G7960 S50 .K61", "call_num": "G7960 S50 .K61 NI-53-19-15", "recid": "jh427dn0162", "websiteUrl": "https://purl.stanford.edu/jh427dn0162", "title": "[日本] 五万分一地形圖", "ckey": 9741696, "available": true, "iiifUrl": "https://purl.stanford.edu/jh427dn0162/iiif/manifest" }, "geometry": { "type": "Polygon", "coordinates": [ [ [ 134.0, 35.4999998 ], [ 134.25, 35.4999998 ], [ 134.25, 35.6666665 ], [ 134.0, 35.6666665 ], [ 134.0, 35.4999998 ] ] ] } },
{ "type": "Feature", "properties": { "Id": 0, "Sheet_ID": "鳥取 11", "label": "鳥取 11", "call_short": "G7960 S50 .K61", "call_num": "G7960 S50 .K61 NI-53-19-11", "recid": "tp684wn6728", "websiteUrl": "https://purl.stanford.edu/tp684wn6728", "title": "[日本] 五万分一地形圖", "ckey": 9741696, "available": true, "iiifUrl": "https://purl.stanford.edu/tp684wn6728/iiif/manifest" }, "geometry": { "type": "Polygon", "coordinates": [ [ [ 134.25, 35.4999998 ], [ 134.5, 35.4999998 ], [ 134.5, 35.6666665 ], [ 134.25, 35.6666665 ], [ 134.25, 35.4999998 ] ] ] } },
{ "type": "Feature", "properties": { "Id": 0, "Sheet_ID": "鳥取 7", "label": "鳥取 7", "call_short": "G7960 S50 .K61", "call_num": "G7960 S50 .K61 NI-53-19-7", "recid": "mt118jq3371", "websiteUrl": "https://purl.stanford.edu/mt118jq3371", "title": "[日本] 五万分一地形圖", "ckey": 9741696, "available": true, "iiifUrl": "https://purl.stanford.edu/mt118jq3371/iiif/manifest" }, "geometry": { "type": "Polygon", "coordinates": [ [ [ 134.5, 35.4999998 ], [ 134.75, 35.4999998 ], [ 134.75, 35.68 ], [ 134.5, 35.68 ], [ 134.5, 35.4999998 ] ] ] } },
{ "type": "Feature", "properties": { "Id": 0, "Sheet_ID": "鳥取 3 ED.2", "label": "鳥取 3 ED.2", "call_short": "G7960 S50 .K61", "call_num": "G7960 S50 .K61 NI-53-19-3 ED.2", "recid": "yr755cg0285", "websiteUrl": "https://purl.stanford.edu/yr755cg0285", "title": "[日本] 五万分一地形圖", "ckey": 9741696, "available": true, "iiifUrl": "https://purl.stanford.edu/yr755cg0285/iiif/manifest" }, "geometry": { "type": "Polygon", "coordinates": [ [ [ 134.75, 35.4999998 ], [ 135.0, 35.4999998 ], [ 135.0, 35.6666665 ], [ 134.75, 35.6666665 ], [ 134.75, 35.4999998 ] ] ] } },
{ "type": "Feature", "properties": { "Id": 0, "Sheet_ID": "鳥取 2", "label": "鳥取 2", "call_short": "G7960 S50 .K61", "call_num": "G7960 S50 .K61 NI-53-19-2", "recid": "nx724rb4831", "websiteUrl": "https://purl.stanford.edu/nx724rb4831", "title": "[日本] 五万分一地形圖", "ckey": 9741696, "available": true, "iiifUrl": "https://purl.stanford.edu/nx724rb4831/iiif/manifest" }, "geometry": { "type": "Polygon", "coordinates": [ [ [ 134.75, 35.6666665 ], [ 135.0, 35.6666665 ], [ 135.0, 35.8333333 ], [ 134.75, 35.8333333 ], [ 134.75, 35.6666665 ] ] ] } },
{ "type": "Feature", "properties": { "Id": 0, "Sheet_ID": "鳥取 3", "label": "鳥取 3", "call_short": "G7960 S50 .K61", "call_num": "G7960 S50 .K61 NI-53-19-3", "recid": "ft491cv6405", "websiteUrl": "https://purl.stanford.edu/ft491cv6405", "title": "[日本] 五万分一地形圖", "ckey": 9741696, "available": true, "iiifUrl": "https://purl.stanford.edu/ft491cv6405/iiif/manifest" }, "geometry": { "type": "Polygon", "coordinates": [ [ [ 134.75, 35.4999998 ], [ 135.0, 35.4999998 ], [ 135.0, 35.6666665 ], [ 134.75, 35.6666665 ], [ 134.75, 35.4999998 ] ] ] } },
{ "type": "Feature", "properties": { "Id": 0, "Sheet_ID": "富江 12", "label": "富江 12", "call_short": "G7960 S50 .K61", "call_num": "G7960 S50 .K61 NI-52-24-12", "recid": "qc523gd5233", "websiteUrl": "https://purl.stanford.edu/qc523gd5233", "title": "[日本] 五万分一地形圖", "ckey": 9741696, "available": true, "iiifUrl": "https://purl.stanford.edu/qc523gd5233/iiif/manifest" }, "geometry": { "type": "Polygon", "coordinates": [ [ [ 128.25, 32.0 ], [ 128.5, 32.0 ], [ 128.5, 32.1666667 ], [ 128.25, 32.1666667 ], [ 128.25, 32.0 ] ] ] } },
{ "type": "Feature", "properties": { "Id": 0, "Sheet_ID": "富江 15", "label": "富江 15", "call_short": "G7960 S50 .K61", "call_num": "G7960 S50 .K61 NI-52-24-15", "recid": "rh352vn8573", "websiteUrl": "https://purl.stanford.edu/rh352vn8573", "title": "[日本] 五万分一地形圖", "ckey": 9741696, "available": true, "iiifUrl": "https://purl.stanford.edu/rh352vn8573/iiif/manifest" }, "geometry": { "type": "Polygon", "coordinates": [ [ [ 128.0, 32.1666667 ], [ 128.25, 32.1666667 ], [ 128.25, 32.3333335 ], [ 128.0, 32.3333335 ], [ 128.0, 32.1666667 ] ] ] } },
{ "type": "Feature", "properties": { "Id": 0, "Sheet_ID": "富江 12_南部", "label": "富江 12_南部", "call_short": "G7960 S50 .K61", "call_num": "G7960 S50 .K61 NI-52-24-12 SOUTH", "recid": "xr546xx2851", "websiteUrl": "https://purl.stanford.edu/xr546xx2851", "title": "[日本] 五万分一地形圖", "ckey": 9741696, "available": true, "iiifUrl": "https://purl.stanford.edu/xr546xx2851/iiif/manifest" }, "geometry": { "type": "Polygon", "coordinates": [ [ [ 128.25, 32.0 ], [ 128.25, 31.833333 ], [ 128.5, 31.833333 ], [ 128.5, 32.0 ], [ 128.25, 32.0 ] ] ] } },
{ "type": "Feature", "properties": { "Id": 0, "Sheet_ID": "富江 5", "label": "富江 5", "call_short": "0", "call_num": "0", "recid": "0", "websiteUrl": "0", "title": "0", "ckey": 0, "available": false, "iiifUrl": "0" }, "geometry": { "type": "Polygon", "coordinates": [ [ [ 128.5, 32.5000002 ], [ 128.75, 32.5000002 ], [ 128.75, 32.666667 ], [ 128.5, 32.666667 ], [ 128.5, 32.5000002 ] ] ] } },
{ "type": "Feature", "properties": { "Id": 0, "Sheet_ID": "富江 1", "label": "富江 1", "call_short": "G7960 S50 .K61", "call_num": "G7960 S50 .K61 NI-52-24-1", "recid": "tn717qh1998", "websiteUrl": "https://purl.stanford.edu/tn717qh1998", "title": "[日本] 五万分一地形圖", "ckey": 9741696, "available": true, "iiifUrl": "https://purl.stanford.edu/tn717qh1998/iiif/manifest" }, "geometry": { "type": "Polygon", "coordinates": [ [ [ 128.75, 32.5000002 ], [ 129.0, 32.5000002 ], [ 129.0, 32.666667 ], [ 128.75, 32.666667 ], [ 128.75, 32.5000002 ] ] ] } },
{ "type": "Feature", "properties": { "Id": 0, "Sheet_ID": "福江 8", "label": "福江 8", "call_short": "G7960 S50 .K61", "call_num": "G7960 S50 .K61 NI-52-23-8", "recid": "st385ff2859", "websiteUrl": "https://purl.stanford.edu/st385ff2859", "title": "[日本] 五万分一地形圖", "ckey": 9741696, "available": true, "iiifUrl": "https://purl.stanford.edu/st385ff2859/iiif/manifest" }, "geometry": { "type": "Polygon", "coordinates": [ [ [ 128.5, 32.666667 ], [ 128.75, 32.666667 ], [ 128.75, 32.8333335 ], [ 128.5, 32.8333335 ], [ 128.5, 32.666667 ] ] ] } },
{ "type": "Feature", "properties": { "Id": 0, "Sheet_ID": "福江 4", "label": "福江 4", "call_short": "G7960 S50 .K61", "call_num": "G7960 S50 .K61 NI-52-23-4", "recid": "nr039bd9918", "websiteUrl": "https://purl.stanford.edu/nr039bd9918", "title": "[日本] 五万分一地形圖", "ckey": 9741696, "available": true, "iiifUrl": "https://purl.stanford.edu/nr039bd9918/iiif/manifest" }, "geometry": { "type": "Polygon", "coordinates": [ [ [ 128.75, 32.666667 ], [ 129.0, 32.666667 ], [ 129.0, 32.8333335 ], [ 128.75, 32.8333335 ], [ 128.75, 32.666667 ] ] ] } },
{ "type": "Feature", "properties": { "Id": 0, "Sheet_ID": "福江 3 ITEM 2", "label": "福江 3 ITEM 2", "call_short": "G7960 S50 .K61", "call_num": "G7960 S50 .K61 NI-52-23-3 C2", "recid": "qt627mq9670", "websiteUrl": "https://purl.stanford.edu/qt627mq9670", "title": "[日本] 五万分一地形圖", "ckey": 9741696, "available": true, "iiifUrl": "https://purl.stanford.edu/qt627mq9670/iiif/manifest" }, "geometry": { "type": "Polygon", "coordinates": [ [ [ 128.75, 32.8333335 ], [ 129.0, 32.8333335 ], [ 129.0, 33.0 ], [ 128.75, 33.0 ], [ 128.75, 32.8333335 ] ] ] } },
{ "type": "Feature", "properties": { "Id": 0, "Sheet_ID": "福江 2", "label": "福江 2", "call_short": "G7960 S50 .K61", "call_num": "G7960 S50 .K61 NI-52-23-2", "recid": "bd799xb6405", "websiteUrl": "https://purl.stanford.edu/bd799xb6405", "title": "[日本] 五万分一地形圖", "ckey": 9741696, "available": true, "iiifUrl": "https://purl.stanford.edu/bd799xb6405/iiif/manifest" }, "geometry": { "type": "Polygon", "coordinates": [ [ [ 128.75, 33.0 ], [ 129.0, 33.0 ], [ 129.0, 33.1666665 ], [ 128.75, 33.1666665 ], [ 128.75, 33.0 ] ] ] } },
{ "type": "Feature", "properties": { "Id": 0, "Sheet_ID": "福江 1", "label": "福江 1", "call_short": "G7960 S50 .K61", "call_num": "G7960 S50 .K61 NI-52-23-1", "recid": "qw472hz0816", "websiteUrl": "https://purl.stanford.edu/qw472hz0816", "title": "[日本] 五万分一地形圖", "ckey": 9741696, "available": true, "iiifUrl": "https://purl.stanford.edu/qw472hz0816/iiif/manifest" }, "geometry": { "type": "Polygon", "coordinates": [ [ [ 128.75, 33.1666665 ], [ 129.0, 33.1666665 ], [ 129.0, 33.333333 ], [ 128.75, 33.333333 ], [ 128.75, 33.1666665 ] ] ] } },
{ "type": "Feature", "properties": { "Id": 0, "Sheet_ID": "福江 3", "label": "福江 3", "call_short": "G7960 S50 .K61", "call_num": "G7960 S50 .K61 NI-52-23-3", "recid": "gw420zt5752", "websiteUrl": "https://purl.stanford.edu/gw420zt5752", "title": "[日本] 五万分一地形圖", "ckey": 9741696, "available": true, "iiifUrl": "https://purl.stanford.edu/gw420zt5752/iiif/manifest" }, "geometry": { "type": "Polygon", "coordinates": [ [ [ 128.75, 32.8333335 ], [ 129.0, 32.8333335 ], [ 129.0, 33.0 ], [ 128.75, 33.0 ], [ 128.75, 32.8333335 ] ] ] } },
{ "type": "Feature", "properties": { "Id": 0, "Sheet_ID": "野母崎 4", "label": "野母崎 4", "call_short": "G7960 S50 .K61", "call_num": "G7960 S50 .K61 NI-52-18-4", "recid": "wh188dk8506", "websiteUrl": "https://purl.stanford.edu/wh188dk8506", "title": "[日本] 五万分一地形圖", "ckey": 9741696, "available": true, "iiifUrl": "https://purl.stanford.edu/wh188dk8506/iiif/manifest" }, "geometry": { "type": "Polygon", "coordinates": [ [ [ 129.75, 32.0 ], [ 130.0, 32.0 ], [ 130.0, 32.1666667 ], [ 129.75, 32.1666667 ], [ 129.75, 32.0 ] ] ] } },
{ "type": "Feature", "properties": { "Id": 0, "Sheet_ID": "野母崎 3", "label": "野母崎 3", "call_short": "G7960 S50 .K61", "call_num": "G7960 S50 .K61 NI-52-18-3", "recid": "ng613ms8905", "websiteUrl": "https://purl.stanford.edu/ng613ms8905", "title": "[日本] 五万分一地形圖", "ckey": 9741696, "available": true, "iiifUrl": "https://purl.stanford.edu/ng613ms8905/iiif/manifest" }, "geometry": { "type": "Polygon", "coordinates": [ [ [ 129.75, 32.1666667 ], [ 130.0, 32.1666667 ], [ 130.0, 32.3333335 ], [ 129.75, 32.3333335 ], [ 129.75, 32.1666667 ] ] ] } },
{ "type": "Feature", "properties": { "Id": 0, "Sheet_ID": "野母崎 2", "label": "野母崎 2", "call_short": "G7960 S50 .K61", "call_num": "G7960 S50 .K61 NI-52-18-2", "recid": "fh984kr1630", "websiteUrl": "https://purl.stanford.edu/fh984kr1630", "title": "[日本] 五万分一地形圖", "ckey": 9741696, "available": true, "iiifUrl": "https://purl.stanford.edu/fh984kr1630/iiif/manifest" }, "geometry": { "type": "Polygon", "coordinates": [ [ [ 129.75, 32.3333335 ], [ 130.0, 32.3333335 ], [ 130.0, 32.5000002 ], [ 129.75, 32.5000002 ], [ 129.75, 32.3333335 ] ] ] } },
{ "type": "Feature", "properties": { "Id": 0, "Sheet_ID": "野母崎 5", "label": "野母崎 5", "call_short": "G7960 S50 .K61", "call_num": "G7960 S50 .K61 NI-52-18-5", "recid": "vv800vq6977", "websiteUrl": "https://purl.stanford.edu/vv800vq6977", "title": "[日本] 五万分一地形圖", "ckey": 9741696, "available": true, "iiifUrl": "https://purl.stanford.edu/vv800vq6977/iiif/manifest" }, "geometry": { "type": "Polygon", "coordinates": [ [ [ 129.5, 32.5000002 ], [ 129.75, 32.5000002 ], [ 129.75, 32.666667 ], [ 129.5, 32.666667 ], [ 129.5, 32.5000002 ] ] ] } },
{ "type": "Feature", "properties": { "Id": 0, "Sheet_ID": "野母崎 1", "label": "野母崎 1", "call_short": "G7960 S50 .K61", "call_num": "G7960 S50 .K61 NI-52-18-1", "recid": "sh039dd3025", "websiteUrl": "https://purl.stanford.edu/sh039dd3025", "title": "[日本] 五万分一地形圖", "ckey": 9741696, "available": true, "iiifUrl": "https://purl.stanford.edu/sh039dd3025/iiif/manifest" }, "geometry": { "type": "Polygon", "coordinates": [ [ [ 129.75, 32.5000002 ], [ 130.0, 32.5000002 ], [ 130.0, 32.666667 ], [ 129.75, 32.666667 ], [ 129.75, 32.5000002 ] ] ] } },
{ "type": "Feature", "properties": { "Id": 0, "Sheet_ID": "長崎 16", "label": "長崎 16", "call_short": "0", "call_num": "0", "recid": "0", "websiteUrl": "0", "title": "0", "ckey": 0, "available": false, "iiifUrl": "0" }, "geometry": { "type": "Polygon", "coordinates": [ [ [ 129.0, 32.666667 ], [ 129.25, 32.666667 ], [ 129.25, 32.8333335 ], [ 129.0, 32.8333335 ], [ 129.0, 32.666667 ] ] ] } },
{ "type": "Feature", "properties": { "Id": 0, "Sheet_ID": "長崎 8", "label": "長崎 8", "call_short": "G7960 S50 .K61", "call_num": "G7960 S50 .K61 NI-52-17-8", "recid": "bx547qd9913", "websiteUrl": "https://purl.stanford.edu/bx547qd9913", "title": "[日本] 五万分一地形圖", "ckey": 9741696, "available": true, "iiifUrl": "https://purl.stanford.edu/bx547qd9913/iiif/manifest" }, "geometry": { "type": "Polygon", "coordinates": [ [ [ 129.5, 32.666667 ], [ 129.75, 32.666667 ], [ 129.75, 32.8333335 ], [ 129.5, 32.8333335 ], [ 129.5, 32.666667 ] ] ] } },
{ "type": "Feature", "properties": { "Id": 0, "Sheet_ID": "長崎 4", "label": "長崎 4", "call_short": "G7960 S50 .K61", "call_num": "G7960 S50 .K61 NI-52-17-4", "recid": "xg215xf0137", "websiteUrl": "https://purl.stanford.edu/xg215xf0137", "title": "[日本] 五万分一地形圖", "ckey": 9741696, "available": true, "iiifUrl": "https://purl.stanford.edu/xg215xf0137/iiif/manifest" }, "geometry": { "type": "Polygon", "coordinates": [ [ [ 129.75, 32.666667 ], [ 130.0, 32.666667 ], [ 130.0, 32.8333335 ], [ 129.75, 32.8333335 ], [ 129.75, 32.666667 ] ] ] } },
{ "type": "Feature", "properties": { "Id": 0, "Sheet_ID": "長崎 15", "label": "長崎 15", "call_short": "G7960 S50 .K61", "call_num": "G7960 S50 .K61 NI-52-17-15", "recid": "vq005cz5381", "websiteUrl": "https://purl.stanford.edu/vq005cz5381", "title": "[日本] 五万分一地形圖", "ckey": 9741696, "available": true, "iiifUrl": "https://purl.stanford.edu/vq005cz5381/iiif/manifest" }, "geometry": { "type": "Polygon", "coordinates": [ [ [ 129.0, 32.8333335 ], [ 129.25, 32.8333335 ], [ 129.25, 33.0 ], [ 129.0, 33.0 ], [ 129.0, 32.8333335 ] ] ] } },
{ "type": "Feature", "properties": { "Id": 0, "Sheet_ID": "長崎 11", "label": "長崎 11", "call_short": "0", "call_num": "0", "recid": "0", "websiteUrl": "0", "title": "0", "ckey": 0, "available": false, "iiifUrl": "0" }, "geometry": { "type": "Polygon", "coordinates": [ [ [ 129.25, 32.8333335 ], [ 129.5, 32.8333335 ], [ 129.5, 33.0 ], [ 129.25, 33.0 ], [ 129.25, 32.8333335 ] ] ] } },
{ "type": "Feature", "properties": { "Id": 0, "Sheet_ID": "長崎 7", "label": "長崎 7", "call_short": "G7960 S50 .K61", "call_num": "G7960 S50 .K61 NI-52-17-7", "recid": "fv996dd2130", "websiteUrl": "https://purl.stanford.edu/fv996dd2130", "title": "[日本] 五万分一地形圖", "ckey": 9741696, "available": true, "iiifUrl": "https://purl.stanford.edu/fv996dd2130/iiif/manifest" }, "geometry": { "type": "Polygon", "coordinates": [ [ [ 129.5, 32.8333335 ], [ 129.75, 32.8333335 ], [ 129.75, 33.0 ], [ 129.5, 33.0 ], [ 129.5, 32.8333335 ] ] ] } },
{ "type": "Feature", "properties": { "Id": 0, "Sheet_ID": "長崎 3", "label": "長崎 3", "call_short": "G7960 S50 .K61", "call_num": "G7960 S50 .K61 NI-52-17-3", "recid": "kk882hr1890", "websiteUrl": "https://purl.stanford.edu/kk882hr1890", "title": "[日本] 五万分一地形圖", "ckey": 9741696, "available": true, "iiifUrl": "https://purl.stanford.edu/kk882hr1890/iiif/manifest" }, "geometry": { "type": "Polygon", "coordinates": [ [ [ 129.75, 32.8333335 ], [ 130.0, 32.8333335 ], [ 130.0, 33.0 ], [ 129.75, 33.0 ], [ 129.75, 32.8333335 ] ] ] } },
{ "type": "Feature", "properties": { "Id": 0, "Sheet_ID": "長崎 14", "label": "長崎 14", "call_short": "G7960 S50 .K61", "call_num": "G7960 S50 .K61 NI-52-17-14", "recid": "rj729mg4908", "websiteUrl": "https://purl.stanford.edu/rj729mg4908", "title": "[日本] 五万分一地形圖", "ckey": 9741696, "available": true, "iiifUrl": "https://purl.stanford.edu/rj729mg4908/iiif/manifest" }, "geometry": { "type": "Polygon", "coordinates": [ [ [ 129.0, 33.0 ], [ 129.25, 33.0 ], [ 129.25, 33.1666665 ], [ 129.0, 33.1666665 ], [ 129.0, 33.0 ] ] ] } },
{ "type": "Feature", "properties": { "Id": 0, "Sheet_ID": "長崎 10", "label": "長崎 10", "call_short": "G7960 S50 .K61", "call_num": "G7960 S50 .K61 NI-52-17-10", "recid": "dt074vm2716", "websiteUrl": "https://purl.stanford.edu/dt074vm2716", "title": "[日本] 五万分一地形圖", "ckey": 9741696, "available": true, "iiifUrl": "https://purl.stanford.edu/dt074vm2716/iiif/manifest" }, "geometry": { "type": "Polygon", "coordinates": [ [ [ 129.25, 33.0 ], [ 129.5, 33.0 ], [ 129.5, 33.1666665 ], [ 129.25, 33.1666665 ], [ 129.25, 33.0 ] ] ] } },
{ "type": "Feature", "properties": { "Id": 0, "Sheet_ID": "長崎 6", "label": "長崎 6", "call_short": "G7960 S50 .K61", "call_num": "G7960 S50 .K61 NI-52-17-6", "recid": "qx064bv2699", "websiteUrl": "https://purl.stanford.edu/qx064bv2699", "title": "[日本] 五万分一地形圖", "ckey": 9741696, "available": true, "iiifUrl": "https://purl.stanford.edu/qx064bv2699/iiif/manifest" }, "geometry": { "type": "Polygon", "coordinates": [ [ [ 129.5, 33.0 ], [ 129.75, 33.0 ], [ 129.75, 33.1666665 ], [ 129.5, 33.1666665 ], [ 129.5, 33.0 ] ] ] } },
{ "type": "Feature", "properties": { "Id": 0, "Sheet_ID": "長崎 2", "label": "長崎 2", "call_short": "G7960 S50 .K61", "call_num": "G7960 S50 .K61 NI-52-17-2", "recid": "hs656vv7569", "websiteUrl": "https://purl.stanford.edu/hs656vv7569", "title": "[日本] 五万分一地形圖", "ckey": 9741696, "available": true, "iiifUrl": "https://purl.stanford.edu/hs656vv7569/iiif/manifest" }, "geometry": { "type": "Polygon", "coordinates": [ [ [ 129.75, 33.0 ], [ 130.0, 33.0 ], [ 130.0, 33.1666665 ], [ 129.75, 33.1666665 ], [ 129.75, 33.0 ] ] ] } },
{ "type": "Feature", "properties": { "Id": 0, "Sheet_ID": "長崎 13", "label": "長崎 13", "call_short": "G7960 S50 .K61", "call_num": "G7960 S50 .K61 NI-52-17-13", "recid": "sk046fd8562", "websiteUrl": "https://purl.stanford.edu/sk046fd8562", "title": "[日本] 五万分一地形圖", "ckey": 9741696, "available": true, "iiifUrl": "https://purl.stanford.edu/sk046fd8562/iiif/manifest" }, "geometry": { "type": "Polygon", "coordinates": [ [ [ 129.0, 33.1666665 ], [ 129.25, 33.1666665 ], [ 129.25, 33.333333 ], [ 129.0, 33.333333 ], [ 129.0, 33.1666665 ] ] ] } },
{ "type": "Feature", "properties": { "Id": 0, "Sheet_ID": "長崎 9", "label": "長崎 9", "call_short": "G7960 S50 .K61", "call_num": "G7960 S50 .K61 NI-52-17-9", "recid": "dd396cx7334", "websiteUrl": "https://purl.stanford.edu/dd396cx7334", "title": "[日本] 五万分一地形圖", "ckey": 9741696, "available": true, "iiifUrl": "https://purl.stanford.edu/dd396cx7334/iiif/manifest" }, "geometry": { "type": "Polygon", "coordinates": [ [ [ 129.25, 33.1666665 ], [ 129.5, 33.1666665 ], [ 129.5, 33.333333 ], [ 129.25, 33.333333 ], [ 129.25, 33.1666665 ] ] ] } },
{ "type": "Feature", "properties": { "Id": 0, "Sheet_ID": "長崎 5", "label": "長崎 5", "call_short": "G7960 S50 .K61", "call_num": "G7960 S50 .K61 NI-52-17-5", "recid": "tt933zv7497", "websiteUrl": "https://purl.stanford.edu/tt933zv7497", "title": "[日本] 五万分一地形圖", "ckey": 9741696, "available": true, "iiifUrl": "https://purl.stanford.edu/tt933zv7497/iiif/manifest" }, "geometry": { "type": "Polygon", "coordinates": [ [ [ 129.5, 33.1666665 ], [ 129.75, 33.1666665 ], [ 129.75, 33.333333 ], [ 129.5, 33.333333 ], [ 129.5, 33.1666665 ] ] ] } },
{ "type": "Feature", "properties": { "Id": 0, "Sheet_ID": "長崎 1", "label": "長崎 1", "call_short": "0", "call_num": "0", "recid": "0", "websiteUrl": "0", "title": "0", "ckey": 0, "available": false, "iiifUrl": "0" }, "geometry": { "type": "Polygon", "coordinates": [ [ [ 129.75, 33.1666665 ], [ 130.0, 33.1666665 ], [ 130.0, 33.333333 ], [ 129.75, 33.333333 ], [ 129.75, 33.1666665 ] ] ] } },
{ "type": "Feature", "properties": { "Id": 0, "Sheet_ID": "唐津 12", "label": "唐津 12", "call_short": "G7960 S50 .K61", "call_num": "G7960 S50 .K61 NI-52-16-12", "recid": "dw364cq1965", "websiteUrl": "https://purl.stanford.edu/dw364cq1965", "title": "[日本] 五万分一地形圖", "ckey": 9741696, "available": true, "iiifUrl": "https://purl.stanford.edu/dw364cq1965/iiif/manifest" }, "geometry": { "type": "Polygon", "coordinates": [ [ [ 129.25, 33.333333 ], [ 129.5, 33.333333 ], [ 129.5, 33.4999998 ], [ 129.25, 33.4999998 ], [ 129.25, 33.333333 ] ] ] } },
{ "type": "Feature", "properties": { "Id": 0, "Sheet_ID": "唐津 8", "label": "唐津 8", "call_short": "G7960 S50 .K61", "call_num": "G7960 S50 .K61 NI-52-16-8", "recid": "zb514rh2538", "websiteUrl": "https://purl.stanford.edu/zb514rh2538", "title": "[日本] 五万分一地形圖", "ckey": 9741696, "available": true, "iiifUrl": "https://purl.stanford.edu/zb514rh2538/iiif/manifest" }, "geometry": { "type": "Polygon", "coordinates": [ [ [ 129.5, 33.333333 ], [ 129.75, 33.333333 ], [ 129.75, 33.4999998 ], [ 129.5, 33.4999998 ], [ 129.5, 33.333333 ] ] ] } },
{ "type": "Feature", "properties": { "Id": 0, "Sheet_ID": "唐津 4", "label": "唐津 4", "call_short": "0", "call_num": "0", "recid": "0", "websiteUrl": "0", "title": "0", "ckey": 0, "available": false, "iiifUrl": "0" }, "geometry": { "type": "Polygon", "coordinates": [ [ [ 129.75, 33.333333 ], [ 130.0, 33.333333 ], [ 130.0, 33.4999998 ], [ 129.75, 33.4999998 ], [ 129.75, 33.333333 ] ] ] } },
{ "type": "Feature", "properties": { "Id": 0, "Sheet_ID": "唐津 7", "label": "唐津 7", "call_short": "G7960 S50 .K61", "call_num": "G7960 S50 .K61 NI-52-16-7", "recid": "ns269cv9086", "websiteUrl": "https://purl.stanford.edu/ns269cv9086", "title": "[日本] 五万分一地形圖", "ckey": 9741696, "available": true, "iiifUrl": "https://purl.stanford.edu/ns269cv9086/iiif/manifest" }, "geometry": { "type": "Polygon", "coordinates": [ [ [ 129.5, 33.4999998 ], [ 129.75, 33.4999998 ], [ 129.75, 33.6666665 ], [ 129.5, 33.6666665 ], [ 129.5, 33.4999998 ] ] ] } },
{ "type": "Feature", "properties": { "Id": 0, "Sheet_ID": "唐津 3", "label": "唐津 3", "call_short": "0", "call_num": "0", "recid": "0", "websiteUrl": "0", "title": "0", "ckey": 0, "available": false, "iiifUrl": "0" }, "geometry": { "type": "Polygon", "coordinates": [ [ [ 129.75, 33.4999998 ], [ 130.0, 33.4999998 ], [ 130.0, 33.6666665 ], [ 129.75, 33.6666665 ], [ 129.75, 33.4999998 ] ] ] } },
{ "type": "Feature", "properties": { "Id": 0, "Sheet_ID": "唐津 6", "label": "唐津 6", "call_short": "G7960 S50 .K61", "call_num": "G7960 S50 .K61 NI-52-16-6", "recid": "sh825sk5009", "websiteUrl": "https://purl.stanford.edu/sh825sk5009", "title": "[日本] 五万分一地形圖", "ckey": 9741696, "available": true, "iiifUrl": "https://purl.stanford.edu/sh825sk5009/iiif/manifest" }, "geometry": { "type": "Polygon", "coordinates": [ [ [ 129.5, 33.6666665 ], [ 129.75, 33.6666665 ], [ 129.75, 33.8333333 ], [ 129.5, 33.8333333 ], [ 129.5, 33.6666665 ] ] ] } },
{ "type": "Feature", "properties": { "Id": 0, "Sheet_ID": "唐津 2", "label": "唐津 2", "call_short": "G7960 S50 .K61", "call_num": "G7960 S50 .K61 NI-52-16-2", "recid": "vh864ws4779", "websiteUrl": "https://purl.stanford.edu/vh864ws4779", "title": "[日本] 五万分一地形圖", "ckey": 9741696, "available": true, "iiifUrl": "https://purl.stanford.edu/vh864ws4779/iiif/manifest" }, "geometry": { "type": "Polygon", "coordinates": [ [ [ 129.78, 33.85 ], [ 129.75, 33.85 ], [ 129.75, 33.8333333 ], [ 129.75, 33.6666665 ], [ 130.0, 33.6666665 ], [ 130.0, 33.8333333 ], [ 129.78, 33.8333333 ], [ 129.78, 33.85 ] ] ] } },
{ "type": "Feature", "properties": { "Id": 0, "Sheet_ID": "唐津 5", "label": "唐津 5", "call_short": "G7960 S50 .K61", "call_num": "G7960 S50 .K61 NI-52-16-5", "recid": "fn134dh3479", "websiteUrl": "https://purl.stanford.edu/fn134dh3479", "title": "[日本] 五万分一地形圖", "ckey": 9741696, "available": true, "iiifUrl": "https://purl.stanford.edu/fn134dh3479/iiif/manifest" }, "geometry": { "type": "Polygon", "coordinates": [ [ [ 129.5, 33.8333333 ], [ 129.75, 33.8333333 ], [ 129.75, 34.0 ], [ 129.5, 34.0 ], [ 129.5, 33.8333333 ] ] ] } },
{ "type": "Feature", "properties": { "Id": 0, "Sheet_ID": "厳原 16", "label": "厳原 16", "call_short": "G7960 S50 .K61", "call_num": "G7960 S50 .K61 NI-52-15-16", "recid": "nm091sc5933", "websiteUrl": "https://purl.stanford.edu/nm091sc5933", "title": "[日本] 五万分一地形圖", "ckey": 9741696, "available": true, "iiifUrl": "https://purl.stanford.edu/nm091sc5933/iiif/manifest" }, "geometry": { "type": "Polygon", "coordinates": [ [ [ 129.0, 34.0 ], [ 129.25, 34.0 ], [ 129.25, 34.1666667 ], [ 129.0, 34.1666667 ], [ 129.0, 34.0 ] ] ] } },
{ "type": "Feature", "properties": { "Id": 0, "Sheet_ID": "厳原 12", "label": "厳原 12", "call_short": "G7960 S50 .K61", "call_num": "G7960 S50 .K61 NI-52-15-12", "recid": "tt234py1601", "websiteUrl": "https://purl.stanford.edu/tt234py1601", "title": "[日本] 五万分一地形圖", "ckey": 9741696, "available": true, "iiifUrl": "https://purl.stanford.edu/tt234py1601/iiif/manifest" }, "geometry": { "type": "Polygon", "coordinates": [ [ [ 129.25, 34.0 ], [ 129.5, 34.0 ], [ 129.5, 34.1666667 ], [ 129.25, 34.1666667 ], [ 129.25, 34.0 ] ] ] } },
{ "type": "Feature", "properties": { "Id": 0, "Sheet_ID": "厳原 15", "label": "厳原 15", "call_short": "G7960 S50 .K61", "call_num": "G7960 S50 .K61 NI-52-15-15", "recid": "rt220rs8653", "websiteUrl": "https://purl.stanford.edu/rt220rs8653", "title": "[日本] 五万分一地形圖", "ckey": 9741696, "available": true, "iiifUrl": "https://purl.stanford.edu/rt220rs8653/iiif/manifest" }, "geometry": { "type": "Polygon", "coordinates": [ [ [ 129.0, 34.1666667 ], [ 129.25, 34.1666667 ], [ 129.25, 34.3333335 ], [ 129.0, 34.3333335 ], [ 129.0, 34.1666667 ] ] ] } },
{ "type": "Feature", "properties": { "Id": 0, "Sheet_ID": "厳原 11", "label": "厳原 11", "call_short": "G7960 S50 .K61", "call_num": "G7960 S50 .K61 NI-52-15-11", "recid": "dw111bp8366", "websiteUrl": "https://purl.stanford.edu/dw111bp8366", "title": "[日本] 五万分一地形圖", "ckey": 9741696, "available": true, "iiifUrl": "https://purl.stanford.edu/dw111bp8366/iiif/manifest" }, "geometry": { "type": "Polygon", "coordinates": [ [ [ 129.25, 34.1666667 ], [ 129.5, 34.1666667 ], [ 129.5, 34.3333335 ], [ 129.25, 34.3333335 ], [ 129.25, 34.1666667 ] ] ] } },
{ "type": "Feature", "properties": { "Id": 0, "Sheet_ID": "厳原 10", "label": "厳原 10", "call_short": "G7960 S50 .K61", "call_num": "G7960 S50 .K61 NI-52-15-10", "recid": "sd811vm1689", "websiteUrl": "https://purl.stanford.edu/sd811vm1689", "title": "[日本] 五万分一地形圖", "ckey": 9741696, "available": true, "iiifUrl": "https://purl.stanford.edu/sd811vm1689/iiif/manifest" }, "geometry": { "type": "Polygon", "coordinates": [ [ [ 129.25, 34.3333335 ], [ 129.5, 34.3333335 ], [ 129.5, 34.5000002 ], [ 129.25, 34.5000002 ], [ 129.25, 34.38 ], [ 129.22, 34.38 ], [ 129.22, 34.3333335 ], [ 129.25, 34.3333335 ] ] ] } },
{ "type": "Feature", "properties": { "Id": 0, "Sheet_ID": "厳原 9", "label": "厳原 9", "call_short": "G7960 S50 .K61", "call_num": "G7960 S50 .K61 NI-52-15-9", "recid": "fp266ws7681", "websiteUrl": "https://purl.stanford.edu/fp266ws7681", "title": "[日本] 五万分一地形圖", "ckey": 9741696, "available": true, "iiifUrl": "https://purl.stanford.edu/fp266ws7681/iiif/manifest" }, "geometry": { "type": "Polygon", "coordinates": [ [ [ 129.25, 34.5000002 ], [ 129.5, 34.5000002 ], [ 129.5, 34.666667 ], [ 129.25, 34.666667 ], [ 129.25, 34.5000002 ] ] ] } },
{ "type": "Feature", "properties": { "Id": 0, "Sheet_ID": "厳原 9_北部", "label": "厳原 9_北部", "call_short": "G7960 S50 .K61", "call_num": "G7960 S50 .K61 NI-52-15-9 NORTH", "recid": "gm644vm5550", "websiteUrl": "https://purl.stanford.edu/gm644vm5550", "title": "[日本] 五万分一地形圖", "ckey": 9741696, "available": true, "iiifUrl": "https://purl.stanford.edu/gm644vm5550/iiif/manifest" }, "geometry": { "type": "Polygon", "coordinates": [ [ [ 129.25, 34.833333 ], [ 129.25, 34.666667 ], [ 129.5, 34.666667 ], [ 129.5, 34.833333 ], [ 129.25, 34.833333 ] ] ] } },
{ "type": "Feature", "properties": { "Id": 0, "Sheet_ID": "八代 16", "label": "八代 16", "call_short": "G7960 S50 .K61", "call_num": "G7960 S50 .K61 NI-52-12-16", "recid": "kq741wk9448", "websiteUrl": "https://purl.stanford.edu/kq741wk9448", "title": "[日本] 五万分一地形圖", "ckey": 9741696, "available": true, "iiifUrl": "https://purl.stanford.edu/kq741wk9448/iiif/manifest" }, "geometry": { "type": "Polygon", "coordinates": [ [ [ 130.0, 32.0 ], [ 130.25, 32.0 ], [ 130.25, 32.1666667 ], [ 130.0, 32.1666667 ], [ 130.0, 32.0 ] ] ] } },
{ "type": "Feature", "properties": { "Id": 0, "Sheet_ID": "八代 12", "label": "八代 12", "call_short": "G7960 S50 .K61", "call_num": "G7960 S50 .K61 NI-52-12-12", "recid": "kj336nh8750", "websiteUrl": "https://purl.stanford.edu/kj336nh8750", "title": "[日本] 五万分一地形圖", "ckey": 9741696, "available": true, "iiifUrl": "https://purl.stanford.edu/kj336nh8750/iiif/manifest" }, "geometry": { "type": "Polygon", "coordinates": [ [ [ 130.25, 32.0 ], [ 130.5, 32.0 ], [ 130.5, 32.1666667 ], [ 130.25, 32.1666667 ], [ 130.25, 32.0 ] ] ] } },
{ "type": "Feature", "properties": { "Id": 0, "Sheet_ID": "八代 8", "label": "八代 8", "call_short": "G7960 S50 .K61", "call_num": "G7960 S50 .K61 NI-52-12-8", "recid": "vk623dr7656", "websiteUrl": "https://purl.stanford.edu/vk623dr7656", "title": "[日本] 五万分一地形圖", "ckey": 9741696, "available": true, "iiifUrl": "https://purl.stanford.edu/vk623dr7656/iiif/manifest" }, "geometry": { "type": "Polygon", "coordinates": [ [ [ 130.5, 32.0 ], [ 130.75, 32.0 ], [ 130.75, 32.1666667 ], [ 130.5, 32.1666667 ], [ 130.5, 32.0 ] ] ] } },
{ "type": "Feature", "properties": { "Id": 0, "Sheet_ID": "八代 4 ED.2", "label": "八代 4 ED.2", "call_short": "G7960 S50 .K61", "call_num": "G7960 S50 .K61 NI-52-12-4 ED.2", "recid": "rg588cs9644", "websiteUrl": "https://purl.stanford.edu/rg588cs9644", "title": "[日本] 五万分一地形圖", "ckey": 9741696, "available": true, "iiifUrl": "https://purl.stanford.edu/rg588cs9644/iiif/manifest" }, "geometry": { "type": "Polygon", "coordinates": [ [ [ 130.75, 32.0 ], [ 131.0, 32.0 ], [ 131.0, 32.1666667 ], [ 130.75, 32.1666667 ], [ 130.75, 32.0 ] ] ] } },
{ "type": "Feature", "properties": { "Id": 0, "Sheet_ID": "八代 15 ED.2", "label": "八代 15 ED.2", "call_short": "G7960 S50 .K61", "call_num": "G7960 S50 .K61 NI-52-12-15 ED.2", "recid": "rc084rt5912", "websiteUrl": "https://purl.stanford.edu/rc084rt5912", "title": "[日本] 五万分一地形圖", "ckey": 9741696, "available": true, "iiifUrl": "https://purl.stanford.edu/rc084rt5912/iiif/manifest" }, "geometry": { "type": "Polygon", "coordinates": [ [ [ 130.0, 32.1666667 ], [ 130.25, 32.1666667 ], [ 130.25, 32.3333335 ], [ 130.0, 32.3333335 ], [ 130.0, 32.1666667 ] ] ] } },
{ "type": "Feature", "properties": { "Id": 0, "Sheet_ID": "八代 11", "label": "八代 11", "call_short": "G7960 S50 .K61", "call_num": "G7960 S50 .K61 NI-52-12-11", "recid": "cx198hw6628", "websiteUrl": "https://purl.stanford.edu/cx198hw6628", "title": "[日本] 五万分一地形圖", "ckey": 9741696, "available": true, "iiifUrl": "https://purl.stanford.edu/cx198hw6628/iiif/manifest" }, "geometry": { "type": "Polygon", "coordinates": [ [ [ 130.25, 32.1666667 ], [ 130.5, 32.1666667 ], [ 130.5, 32.3333335 ], [ 130.25, 32.3333335 ], [ 130.25, 32.1666667 ] ] ] } },
{ "type": "Feature", "properties": { "Id": 0, "Sheet_ID": "八代 7", "label": "八代 7", "call_short": "G7960 S50 .K61", "call_num": "G7960 S50 .K61 NI-52-12-7", "recid": "kk135yg0170", "websiteUrl": "https://purl.stanford.edu/kk135yg0170", "title": "[日本] 五万分一地形圖", "ckey": 9741696, "available": true, "iiifUrl": "https://purl.stanford.edu/kk135yg0170/iiif/manifest" }, "geometry": { "type": "Polygon", "coordinates": [ [ [ 130.5, 32.1666667 ], [ 130.75, 32.1666667 ], [ 130.75, 32.3333335 ], [ 130.5, 32.3333335 ], [ 130.5, 32.1666667 ] ] ] } },
{ "type": "Feature", "properties": { "Id": 0, "Sheet_ID": "八代 3", "label": "八代 3", "call_short": "G7960 S50 .K61", "call_num": "G7960 S50 .K61 NI-52-12-3", "recid": "kv451hv0065", "websiteUrl": "https://purl.stanford.edu/kv451hv0065", "title": "[日本] 五万分一地形圖", "ckey": 9741696, "available": true, "iiifUrl": "https://purl.stanford.edu/kv451hv0065/iiif/manifest" }, "geometry": { "type": "Polygon", "coordinates": [ [ [ 130.75, 32.1666667 ], [ 131.0, 32.1666667 ], [ 131.0, 32.3333335 ], [ 130.75, 32.3333335 ], [ 130.75, 32.1666667 ] ] ] } },
{ "type": "Feature", "properties": { "Id": 0, "Sheet_ID": "八代 14", "label": "八代 14", "call_short": "G7960 S50 .K61", "call_num": "G7960 S50 .K61 NI-52-12-14", "recid": "sn868ts7051", "websiteUrl": "https://purl.stanford.edu/sn868ts7051", "title": "[日本] 五万分一地形圖", "ckey": 9741696, "available": true, "iiifUrl": "https://purl.stanford.edu/sn868ts7051/iiif/manifest" }, "geometry": { "type": "Polygon", "coordinates": [ [ [ 130.0, 32.3333335 ], [ 130.25, 32.3333335 ], [ 130.25, 32.5000002 ], [ 130.0, 32.5000002 ], [ 130.0, 32.3333335 ] ] ] } },
{ "type": "Feature", "properties": { "Id": 0, "Sheet_ID": "八代 10", "label": "八代 10", "call_short": "0", "call_num": "0", "recid": "0", "websiteUrl": "0", "title": "0", "ckey": 0, "available": false, "iiifUrl": "0" }, "geometry": { "type": "Polygon", "coordinates": [ [ [ 130.25, 32.3333335 ], [ 130.5, 32.3333335 ], [ 130.5, 32.5000002 ], [ 130.25, 32.5000002 ], [ 130.25, 32.3333335 ] ] ] } },
{ "type": "Feature", "properties": { "Id": 0, "Sheet_ID": "八代 6", "label": "八代 6", "call_short": "G7960 S50 .K61", "call_num": "G7960 S50 .K61 NI-52-12-6", "recid": "jz729fx3710", "websiteUrl": "https://purl.stanford.edu/jz729fx3710", "title": "[日本] 五万分一地形圖", "ckey": 9741696, "available": true, "iiifUrl": "https://purl.stanford.edu/jz729fx3710/iiif/manifest" }, "geometry": { "type": "Polygon", "coordinates": [ [ [ 130.5, 32.3333335 ], [ 130.75, 32.3333335 ], [ 130.75, 32.5000002 ], [ 130.5, 32.5000002 ], [ 130.5, 32.3333335 ] ] ] } },
{ "type": "Feature", "properties": { "Id": 0, "Sheet_ID": "八代 2", "label": "八代 2", "call_short": "G7960 S50 .K61", "call_num": "G7960 S50 .K61 NI-52-12-2", "recid": "zc982sr3493", "websiteUrl": "https://purl.stanford.edu/zc982sr3493", "title": "[日本] 五万分一地形圖", "ckey": 9741696, "available": true, "iiifUrl": "https://purl.stanford.edu/zc982sr3493/iiif/manifest" }, "geometry": { "type": "Polygon", "coordinates": [ [ [ 130.75, 32.3333335 ], [ 131.0, 32.3333335 ], [ 131.0, 32.5000002 ], [ 130.75, 32.5000002 ], [ 130.75, 32.3333335 ] ] ] } },
{ "type": "Feature", "properties": { "Id": 0, "Sheet_ID": "八代 13", "label": "八代 13", "call_short": "G7960 S50 .K61", "call_num": "G7960 S50 .K61 NI-52-12-13", "recid": "zp882nc2572", "websiteUrl": "https://purl.stanford.edu/zp882nc2572", "title": "[日本] 五万分一地形圖", "ckey": 9741696, "available": true, "iiifUrl": "https://purl.stanford.edu/zp882nc2572/iiif/manifest" }, "geometry": { "type": "Polygon", "coordinates": [ [ [ 130.0, 32.5000002 ], [ 130.25, 32.5000002 ], [ 130.25, 32.666667 ], [ 130.0, 32.666667 ], [ 130.0, 32.5000002 ] ] ] } },
{ "type": "Feature", "properties": { "Id": 0, "Sheet_ID": "八代 9", "label": "八代 9", "call_short": "G7960 S50 .K61", "call_num": "G7960 S50 .K61 NI-52-12-9", "recid": "mf580yz8854", "websiteUrl": "https://purl.stanford.edu/mf580yz8854", "title": "[日本] 五万分一地形圖", "ckey": 9741696, "available": true, "iiifUrl": "https://purl.stanford.edu/mf580yz8854/iiif/manifest" }, "geometry": { "type": "Polygon", "coordinates": [ [ [ 130.25, 32.5000002 ], [ 130.5, 32.5000002 ], [ 130.5, 32.666667 ], [ 130.25, 32.666667 ], [ 130.25, 32.5000002 ] ] ] } },
{ "type": "Feature", "properties": { "Id": 0, "Sheet_ID": "八代 5", "label": "八代 5", "call_short": "G7960 S50 .K61", "call_num": "G7960 S50 .K61 NI-52-12-5", "recid": "qn696wj8411", "websiteUrl": "https://purl.stanford.edu/qn696wj8411", "title": "[日本] 五万分一地形圖", "ckey": 9741696, "available": true, "iiifUrl": "https://purl.stanford.edu/qn696wj8411/iiif/manifest" }, "geometry": { "type": "Polygon", "coordinates": [ [ [ 130.5, 32.5000002 ], [ 130.75, 32.5000002 ], [ 130.75, 32.666667 ], [ 130.5, 32.666667 ], [ 130.5, 32.5000002 ] ] ] } },
{ "type": "Feature", "properties": { "Id": 0, "Sheet_ID": "八代 1", "label": "八代 1", "call_short": "0", "call_num": "0", "recid": "0", "websiteUrl": "0", "title": "0", "ckey": 0, "available": false, "iiifUrl": "0" }, "geometry": { "type": "Polygon", "coordinates": [ [ [ 130.75, 32.5000002 ], [ 131.0, 32.5000002 ], [ 131.0, 32.666667 ], [ 130.75, 32.666667 ], [ 130.75, 32.5000002 ] ] ] } },
{ "type": "Feature", "properties": { "Id": 0, "Sheet_ID": "八代 4", "label": "八代 4", "call_short": "G7960 S50 .K61", "call_num": "G7960 S50 .K61 NI-52-12-4", "recid": "gy028fk1191", "websiteUrl": "https://purl.stanford.edu/gy028fk1191", "title": "[日本] 五万分一地形圖", "ckey": 9741696, "available": true, "iiifUrl": "https://purl.stanford.edu/gy028fk1191/iiif/manifest" }, "geometry": { "type": "Polygon", "coordinates": [ [ [ 130.75, 32.0 ], [ 131.0, 32.0 ], [ 131.0, 32.1666667 ], [ 130.75, 32.1666667 ], [ 130.75, 32.0 ] ] ] } },
{ "type": "Feature", "properties": { "Id": 0, "Sheet_ID": "八代 15", "label": "八代 15", "call_short": "G7960 S50 .K61", "call_num": "G7960 S50 .K61 NI-52-12-15", "recid": "yw010hy3955", "websiteUrl": "https://purl.stanford.edu/yw010hy3955", "title": "[日本] 五万分一地形圖", "ckey": 9741696, "available": true, "iiifUrl": "https://purl.stanford.edu/yw010hy3955/iiif/manifest" }, "geometry": { "type": "Polygon", "coordinates": [ [ [ 130.0, 32.1666667 ], [ 130.25, 32.1666667 ], [ 130.25, 32.3333335 ], [ 130.0, 32.3333335 ], [ 130.0, 32.1666667 ] ] ] } },
{ "type": "Feature", "properties": { "Id": 0, "Sheet_ID": "熊本 16 ED.2", "label": "熊本 16 ED.2", "call_short": "G7960 S50 .K61", "call_num": "G7960 S50 .K61 NI-52-11-16 ED.2", "recid": "tb199ch9850", "websiteUrl": "https://purl.stanford.edu/tb199ch9850", "title": "[日本] 五万分一地形圖", "ckey": 9741696, "available": true, "iiifUrl": "https://purl.stanford.edu/tb199ch9850/iiif/manifest" }, "geometry": { "type": "Polygon", "coordinates": [ [ [ 130.0, 32.666667 ], [ 130.25, 32.666667 ], [ 130.25, 32.8333335 ], [ 130.0, 32.8333335 ], [ 130.0, 32.666667 ] ] ] } },
{ "type": "Feature", "properties": { "Id": 0, "Sheet_ID": "熊本 12", "label": "熊本 12", "call_short": "G7960 S50 .K61", "call_num": "G7960 S50 .K61 NI-52-11-12", "recid": "cc394qj9218", "websiteUrl": "https://purl.stanford.edu/cc394qj9218", "title": "[日本] 五万分一地形圖", "ckey": 9741696, "available": true, "iiifUrl": "https://purl.stanford.edu/cc394qj9218/iiif/manifest" }, "geometry": { "type": "Polygon", "coordinates": [ [ [ 130.25, 32.666667 ], [ 130.5, 32.666667 ], [ 130.5, 32.8333335 ], [ 130.25, 32.8333335 ], [ 130.25, 32.666667 ] ] ] } },
{ "type": "Feature", "properties": { "Id": 0, "Sheet_ID": "熊本 8", "label": "熊本 8", "call_short": "G7960 S50 .K61", "call_num": "G7960 S50 .K61 NI-52-11-8", "recid": "zq417gz0982", "websiteUrl": "https://purl.stanford.edu/zq417gz0982", "title": "[日本] 五万分一地形圖", "ckey": 9741696, "available": true, "iiifUrl": "https://purl.stanford.edu/zq417gz0982/iiif/manifest" }, "geometry": { "type": "Polygon", "coordinates": [ [ [ 130.5, 32.666667 ], [ 130.75, 32.666667 ], [ 130.75, 32.8333335 ], [ 130.5, 32.8333335 ], [ 130.5, 32.666667 ] ] ] } },
{ "type": "Feature", "properties": { "Id": 0, "Sheet_ID": "熊本 4", "label": "熊本 4", "call_short": "G7960 S50 .K61", "call_num": "G7960 S50 .K61 NI-52-11-4", "recid": "qw807kd6455", "websiteUrl": "https://purl.stanford.edu/qw807kd6455", "title": "[日本] 五万分一地形圖", "ckey": 9741696, "available": true, "iiifUrl": "https://purl.stanford.edu/qw807kd6455/iiif/manifest" }, "geometry": { "type": "Polygon", "coordinates": [ [ [ 130.75, 32.666667 ], [ 131.0, 32.666667 ], [ 131.0, 32.8333335 ], [ 130.75, 32.8333335 ], [ 130.75, 32.666667 ] ] ] } },
{ "type": "Feature", "properties": { "Id": 0, "Sheet_ID": "熊本 15", "label": "熊本 15", "call_short": "G7960 S50 .K61", "call_num": "G7960 S50 .K61 NI-52-11-15", "recid": "fw884rn0462", "websiteUrl": "https://purl.stanford.edu/fw884rn0462", "title": "[日本] 五万分一地形圖", "ckey": 9741696, "available": true, "iiifUrl": "https://purl.stanford.edu/fw884rn0462/iiif/manifest" }, "geometry": { "type": "Polygon", "coordinates": [ [ [ 130.0, 32.8333335 ], [ 130.25, 32.8333335 ], [ 130.25, 33.0 ], [ 130.0, 33.0 ], [ 130.0, 32.8333335 ] ] ] } },
{ "type": "Feature", "properties": { "Id": 0, "Sheet_ID": "熊本 11", "label": "熊本 11", "call_short": "G7960 S50 .K61", "call_num": "G7960 S50 .K61 NI-52-11-11", "recid": "qj166dy5299", "websiteUrl": "https://purl.stanford.edu/qj166dy5299", "title": "[日本] 五万分一地形圖", "ckey": 9741696, "available": true, "iiifUrl": "https://purl.stanford.edu/qj166dy5299/iiif/manifest" }, "geometry": { "type": "Polygon", "coordinates": [ [ [ 130.25, 32.8333335 ], [ 130.5, 32.8333335 ], [ 130.5, 33.0 ], [ 130.25, 33.0 ], [ 130.25, 32.8333335 ] ] ] } },
{ "type": "Feature", "properties": { "Id": 0, "Sheet_ID": "熊本 7", "label": "熊本 7", "call_short": "G7960 S50 .K61", "call_num": "G7960 S50 .K61 NI-52-11-7", "recid": "md502yd7566", "websiteUrl": "https://purl.stanford.edu/md502yd7566", "title": "[日本] 五万分一地形圖", "ckey": 9741696, "available": true, "iiifUrl": "https://purl.stanford.edu/md502yd7566/iiif/manifest" }, "geometry": { "type": "Polygon", "coordinates": [ [ [ 130.5, 32.8333335 ], [ 130.75, 32.8333335 ], [ 130.75, 33.0 ], [ 130.5, 33.0 ], [ 130.5, 32.8333335 ] ] ] } },
{ "type": "Feature", "properties": { "Id": 0, "Sheet_ID": "熊本 3", "label": "熊本 3", "call_short": "G7960 S50 .K61", "call_num": "G7960 S50 .K61 NI-52-11-3", "recid": "sg925xn5866", "websiteUrl": "https://purl.stanford.edu/sg925xn5866", "title": "[日本] 五万分一地形圖", "ckey": 9741696, "available": true, "iiifUrl": "https://purl.stanford.edu/sg925xn5866/iiif/manifest" }, "geometry": { "type": "Polygon", "coordinates": [ [ [ 130.75, 32.8333335 ], [ 131.0, 32.8333335 ], [ 131.0, 33.0 ], [ 130.75, 33.0 ], [ 130.75, 32.8333335 ] ] ] } },
{ "type": "Feature", "properties": { "Id": 0, "Sheet_ID": "熊本 14", "label": "熊本 14", "call_short": "G7960 S50 .K61", "call_num": "G7960 S50 .K61 NI-52-11-14", "recid": "ws632tw6500", "websiteUrl": "https://purl.stanford.edu/ws632tw6500", "title": "[日本] 五万分一地形圖", "ckey": 9741696, "available": true, "iiifUrl": "https://purl.stanford.edu/ws632tw6500/iiif/manifest" }, "geometry": { "type": "Polygon", "coordinates": [ [ [ 130.0, 33.0 ], [ 130.25, 33.0 ], [ 130.25, 33.1666665 ], [ 130.0, 33.1666665 ], [ 130.0, 33.0 ] ] ] } },
{ "type": "Feature", "properties": { "Id": 0, "Sheet_ID": "熊本 10", "label": "熊本 10", "call_short": "G7960 S50 .K61", "call_num": "G7960 S50 .K61 NI-52-11-10", "recid": "ds127xw0869", "websiteUrl": "https://purl.stanford.edu/ds127xw0869", "title": "[日本] 五万分一地形圖", "ckey": 9741696, "available": true, "iiifUrl": "https://purl.stanford.edu/ds127xw0869/iiif/manifest" }, "geometry": { "type": "Polygon", "coordinates": [ [ [ 130.25, 33.0 ], [ 130.5, 33.0 ], [ 130.5, 33.1666665 ], [ 130.25, 33.1666665 ], [ 130.25, 33.0 ] ] ] } },
{ "type": "Feature", "properties": { "Id": 0, "Sheet_ID": "熊本 6", "label": "熊本 6", "call_short": "0", "call_num": "0", "recid": "0", "websiteUrl": "0", "title": "0", "ckey": 0, "available": false, "iiifUrl": "0" }, "geometry": { "type": "Polygon", "coordinates": [ [ [ 130.5, 33.0 ], [ 130.75, 33.0 ], [ 130.75, 33.1666665 ], [ 130.5, 33.1666665 ], [ 130.5, 33.0 ] ] ] } },
{ "type": "Feature", "properties": { "Id": 0, "Sheet_ID": "熊本 2", "label": "熊本 2", "call_short": "G7960 S50 .K61", "call_num": "G7960 S50 .K61 NI-52-11-2", "recid": "ny016km4027", "websiteUrl": "https://purl.stanford.edu/ny016km4027", "title": "[日本] 五万分一地形圖", "ckey": 9741696, "available": true, "iiifUrl": "https://purl.stanford.edu/ny016km4027/iiif/manifest" }, "geometry": { "type": "Polygon", "coordinates": [ [ [ 130.75, 33.0 ], [ 131.0, 33.0 ], [ 131.0, 33.1666665 ], [ 130.75, 33.1666665 ], [ 130.75, 33.0 ] ] ] } },
{ "type": "Feature", "properties": { "Id": 0, "Sheet_ID": "熊本 13", "label": "熊本 13", "call_short": "G7960 S50 .K61", "call_num": "G7960 S50 .K61 NI-52-11-13", "recid": "xg366fh8572", "websiteUrl": "https://purl.stanford.edu/xg366fh8572", "title": "[日本] 五万分一地形圖", "ckey": 9741696, "available": true, "iiifUrl": "https://purl.stanford.edu/xg366fh8572/iiif/manifest" }, "geometry": { "type": "Polygon", "coordinates": [ [ [ 130.0, 33.1666665 ], [ 130.25, 33.1666665 ], [ 130.25, 33.333333 ], [ 130.0, 33.333333 ], [ 130.0, 33.1666665 ] ] ] } },
{ "type": "Feature", "properties": { "Id": 0, "Sheet_ID": "熊本 9", "label": "熊本 9", "call_short": "G7960 S50 .K61", "call_num": "G7960 S50 .K61 NI-52-11-9", "recid": "pt331jg1774", "websiteUrl": "https://purl.stanford.edu/pt331jg1774", "title": "[日本] 五万分一地形圖", "ckey": 9741696, "available": true, "iiifUrl": "https://purl.stanford.edu/pt331jg1774/iiif/manifest" }, "geometry": { "type": "Polygon", "coordinates": [ [ [ 130.25, 33.1666665 ], [ 130.5, 33.1666665 ], [ 130.5, 33.333333 ], [ 130.25, 33.333333 ], [ 130.25, 33.1666665 ] ] ] } },
{ "type": "Feature", "properties": { "Id": 0, "Sheet_ID": "熊本 5", "label": "熊本 5", "call_short": "G7960 S50 .K61", "call_num": "G7960 S50 .K61 NI-52-11-5", "recid": "mz024xw7858", "websiteUrl": "https://purl.stanford.edu/mz024xw7858", "title": "[日本] 五万分一地形圖", "ckey": 9741696, "available": true, "iiifUrl": "https://purl.stanford.edu/mz024xw7858/iiif/manifest" }, "geometry": { "type": "Polygon", "coordinates": [ [ [ 130.5, 33.1666665 ], [ 130.75, 33.1666665 ], [ 130.75, 33.333333 ], [ 130.5, 33.333333 ], [ 130.5, 33.1666665 ] ] ] } },
{ "type": "Feature", "properties": { "Id": 0, "Sheet_ID": "熊本 1", "label": "熊本 1", "call_short": "G7960 S50 .K61", "call_num": "G7960 S50 .K61 NI-52-11-1", "recid": "sn081pt1382", "websiteUrl": "https://purl.stanford.edu/sn081pt1382", "title": "[日本] 五万分一地形圖", "ckey": 9741696, "available": true, "iiifUrl": "https://purl.stanford.edu/sn081pt1382/iiif/manifest" }, "geometry": { "type": "Polygon", "coordinates": [ [ [ 130.75, 33.1666665 ], [ 131.0, 33.1666665 ], [ 131.0, 33.333333 ], [ 130.75, 33.333333 ], [ 130.75, 33.1666665 ] ] ] } },
{ "type": "Feature", "properties": { "Id": 0, "Sheet_ID": "熊本 7 ED.2", "label": "熊本 7 ED.2", "call_short": "G7960 S50 .K61", "call_num": "G7960 S50 .K61 NI-52-11-7 ED.2", "recid": "bx978hm7021", "websiteUrl": "https://purl.stanford.edu/bx978hm7021", "title": "[日本] 五万分一地形圖", "ckey": 9741696, "available": true, "iiifUrl": "https://purl.stanford.edu/bx978hm7021/iiif/manifest" }, "geometry": { "type": "Polygon", "coordinates": [ [ [ 130.5, 32.8333335 ], [ 130.75, 32.8333335 ], [ 130.75, 33.0 ], [ 130.5, 33.0 ], [ 130.5, 32.8333335 ] ] ] } },
{ "type": "Feature", "properties": { "Id": 0, "Sheet_ID": "熊本 16", "label": "熊本 16", "call_short": "G7960 S50 .K61", "call_num": "G7960 S50 .K61 NI-52-11-16", "recid": "pb266xq1374", "websiteUrl": "https://purl.stanford.edu/pb266xq1374", "title": "[日本] 五万分一地形圖", "ckey": 9741696, "available": true, "iiifUrl": "https://purl.stanford.edu/pb266xq1374/iiif/manifest" }, "geometry": { "type": "Polygon", "coordinates": [ [ [ 130.0, 32.666667 ], [ 130.25, 32.666667 ], [ 130.25, 32.8333335 ], [ 130.0, 32.8333335 ], [ 130.0, 32.666667 ] ] ] } },
{ "type": "Feature", "properties": { "Id": 0, "Sheet_ID": "小倉 16 ED.2", "label": "小倉 16 ED.2", "call_short": "G7960 S50 .K61", "call_num": "G7960 S50 .K61 NI-52-10-16 ED.2", "recid": "fk418xv5218", "websiteUrl": "https://purl.stanford.edu/fk418xv5218", "title": "[日本] 五万分一地形圖", "ckey": 9741696, "available": true, "iiifUrl": "https://purl.stanford.edu/fk418xv5218/iiif/manifest" }, "geometry": { "type": "Polygon", "coordinates": [ [ [ 130.0, 33.333333 ], [ 130.25, 33.333333 ], [ 130.25, 33.4999998 ], [ 130.0, 33.4999998 ], [ 130.0, 33.333333 ] ] ] } },
{ "type": "Feature", "properties": { "Id": 0, "Sheet_ID": "小倉 12", "label": "小倉 12", "call_short": "G7960 S50 .K61", "call_num": "G7960 S50 .K61 NI-52-10-12", "recid": "wj962fq4768", "websiteUrl": "https://purl.stanford.edu/wj962fq4768", "title": "[日本] 五万分一地形圖", "ckey": 9741696, "available": true, "iiifUrl": "https://purl.stanford.edu/wj962fq4768/iiif/manifest" }, "geometry": { "type": "Polygon", "coordinates": [ [ [ 130.25, 33.333333 ], [ 130.5, 33.333333 ], [ 130.5, 33.4999998 ], [ 130.25, 33.4999998 ], [ 130.25, 33.333333 ] ] ] } },
{ "type": "Feature", "properties": { "Id": 0, "Sheet_ID": "小倉 8", "label": "小倉 8", "call_short": "G7960 S50 .K61", "call_num": "G7960 S50 .K61 NI-52-10-8", "recid": "st141rt0255", "websiteUrl": "https://purl.stanford.edu/st141rt0255", "title": "[日本] 五万分一地形圖", "ckey": 9741696, "available": true, "iiifUrl": "https://purl.stanford.edu/st141rt0255/iiif/manifest" }, "geometry": { "type": "Polygon", "coordinates": [ [ [ 130.5, 33.333333 ], [ 130.75, 33.333333 ], [ 130.75, 33.4999998 ], [ 130.5, 33.4999998 ], [ 130.5, 33.333333 ] ] ] } },
{ "type": "Feature", "properties": { "Id": 0, "Sheet_ID": "小倉 4", "label": "小倉 4", "call_short": "G7960 S50 .K61", "call_num": "G7960 S50 .K61 NI-52-10-4", "recid": "wh756fj5956", "websiteUrl": "https://purl.stanford.edu/wh756fj5956", "title": "[日本] 五万分一地形圖", "ckey": 9741696, "available": true, "iiifUrl": "https://purl.stanford.edu/wh756fj5956/iiif/manifest" }, "geometry": { "type": "Polygon", "coordinates": [ [ [ 130.75, 33.333333 ], [ 131.0, 33.333333 ], [ 131.0, 33.4999998 ], [ 130.75, 33.4999998 ], [ 130.75, 33.333333 ] ] ] } },
{ "type": "Feature", "properties": { "Id": 0, "Sheet_ID": "小倉 15", "label": "小倉 15", "call_short": "G7960 S50 .K61", "call_num": "G7960 S50 .K61 NI-52-10-15", "recid": "fq044jb1996", "websiteUrl": "https://purl.stanford.edu/fq044jb1996", "title": "[日本] 五万分一地形圖", "ckey": 9741696, "available": true, "iiifUrl": "https://purl.stanford.edu/fq044jb1996/iiif/manifest" }, "geometry": { "type": "Polygon", "coordinates": [ [ [ 130.0, 33.4999998 ], [ 130.25, 33.4999998 ], [ 130.25, 33.6666665 ], [ 130.0, 33.6666665 ], [ 130.0, 33.4999998 ] ] ] } },
{ "type": "Feature", "properties": { "Id": 0, "Sheet_ID": "小倉 11", "label": "小倉 11", "call_short": "G7960 S50 .K61", "call_num": "G7960 S50 .K61 NI-52-10-11", "recid": "pd143yg6807", "websiteUrl": "https://purl.stanford.edu/pd143yg6807", "title": "[日本] 五万分一地形圖", "ckey": 9741696, "available": true, "iiifUrl": "https://purl.stanford.edu/pd143yg6807/iiif/manifest" }, "geometry": { "type": "Polygon", "coordinates": [ [ [ 130.25, 33.4999998 ], [ 130.5, 33.4999998 ], [ 130.5, 33.6666665 ], [ 130.25, 33.6666665 ], [ 130.25, 33.4999998 ] ] ] } },
{ "type": "Feature", "properties": { "Id": 0, "Sheet_ID": "小倉 7 ED.2", "label": "小倉 7 ED.2", "call_short": "G7960 S50 .K61", "call_num": "G7960 S50 .K61 NI-52-10-7 ED.2", "recid": "gn852rp2477", "websiteUrl": "https://purl.stanford.edu/gn852rp2477", "title": "[日本] 五万分一地形圖", "ckey": 9741696, "available": true, "iiifUrl": "https://purl.stanford.edu/gn852rp2477/iiif/manifest" }, "geometry": { "type": "Polygon", "coordinates": [ [ [ 130.5, 33.4999998 ], [ 130.75, 33.4999998 ], [ 130.75, 33.6666665 ], [ 130.5, 33.6666665 ], [ 130.5, 33.4999998 ] ] ] } },
{ "type": "Feature", "properties": { "Id": 0, "Sheet_ID": "小倉 3", "label": "小倉 3", "call_short": "G7960 S50 .K61", "call_num": "G7960 S50 .K61 NI-52-10-3", "recid": "xc588bx6283", "websiteUrl": "https://purl.stanford.edu/xc588bx6283", "title": "[日本] 五万分一地形圖", "ckey": 9741696, "available": true, "iiifUrl": "https://purl.stanford.edu/xc588bx6283/iiif/manifest" }, "geometry": { "type": "Polygon", "coordinates": [ [ [ 130.75, 33.4999998 ], [ 131.0, 33.4999998 ], [ 131.0, 33.6666665 ], [ 130.75, 33.6666665 ], [ 130.75, 33.4999998 ] ] ] } },
{ "type": "Feature", "properties": { "Id": 0, "Sheet_ID": "小倉 14", "label": "小倉 14", "call_short": "0", "call_num": "0", "recid": "0", "websiteUrl": "0", "title": "0", "ckey": 0, "available": false, "iiifUrl": "0" }, "geometry": { "type": "Polygon", "coordinates": [ [ [ 130.0, 33.6666665 ], [ 130.25, 33.6666665 ], [ 130.25, 33.8333333 ], [ 130.0, 33.8333333 ], [ 130.0, 33.6666665 ] ] ] } },
{ "type": "Feature", "properties": { "Id": 0, "Sheet_ID": "小倉 10", "label": "小倉 10", "call_short": "0", "call_num": "0", "recid": "0", "websiteUrl": "0", "title": "0", "ckey": 0, "available": false, "iiifUrl": "0" }, "geometry": { "type": "Polygon", "coordinates": [ [ [ 130.25, 33.6666665 ], [ 130.5, 33.6666665 ], [ 130.5, 33.8333333 ], [ 130.25, 33.8333333 ], [ 130.25, 33.6666665 ] ] ] } },
{ "type": "Feature", "properties": { "Id": 0, "Sheet_ID": "小倉 6", "label": "小倉 6", "call_short": "0", "call_num": "0", "recid": "0", "websiteUrl": "0", "title": "0", "ckey": 0, "available": false, "iiifUrl": "0" }, "geometry": { "type": "Polygon", "coordinates": [ [ [ 130.5, 33.6666665 ], [ 130.75, 33.6666665 ], [ 130.75, 33.8333333 ], [ 130.5, 33.8333333 ], [ 130.5, 33.6666665 ] ] ] } },
{ "type": "Feature", "properties": { "Id": 0, "Sheet_ID": "小倉 2", "label": "小倉 2", "call_short": "0", "call_num": "0", "recid": "0", "websiteUrl": "0", "title": "0", "ckey": 0, "available": false, "iiifUrl": "0" }, "geometry": { "type": "Polygon", "coordinates": [ [ [ 130.75, 33.6666665 ], [ 131.0, 33.6666665 ], [ 131.0, 33.8333333 ], [ 130.75, 33.8333333 ], [ 130.75, 33.6666665 ] ] ] } },
{ "type": "Feature", "properties": { "Id": 0, "Sheet_ID": "小倉 13", "label": "小倉 13", "call_short": "0", "call_num": "0", "recid": "0", "websiteUrl": "0", "title": "0", "ckey": 0, "available": false, "iiifUrl": "0" }, "geometry": { "type": "Polygon", "coordinates": [ [ [ 130.0, 33.8333333 ], [ 130.25, 33.8333333 ], [ 130.25, 34.0 ], [ 130.0, 34.0 ], [ 130.0, 33.8333333 ] ] ] } },
{ "type": "Feature", "properties": { "Id": 0, "Sheet_ID": "小倉 9", "label": "小倉 9", "call_short": "G7960 S50 .K61", "call_num": "G7960 S50 .K61 NI-52-10-9", "recid": "vd959jj3019", "websiteUrl": "https://purl.stanford.edu/vd959jj3019", "title": "[日本] 五万分一地形圖", "ckey": 9741696, "available": true, "iiifUrl": "https://purl.stanford.edu/vd959jj3019/iiif/manifest" }, "geometry": { "type": "Polygon", "coordinates": [ [ [ 130.25, 33.8333333 ], [ 130.5, 33.8333333 ], [ 130.5, 34.0 ], [ 130.25, 34.0 ], [ 130.25, 33.8333333 ] ] ] } },
{ "type": "Feature", "properties": { "Id": 0, "Sheet_ID": "小倉 5", "label": "小倉 5", "call_short": "0", "call_num": "0", "recid": "0", "websiteUrl": "0", "title": "0", "ckey": 0, "available": false, "iiifUrl": "0" }, "geometry": { "type": "Polygon", "coordinates": [ [ [ 130.5, 33.8333333 ], [ 130.75, 33.8333333 ], [ 130.75, 34.0 ], [ 130.5, 34.0 ], [ 130.5, 33.8333333 ] ] ] } },
{ "type": "Feature", "properties": { "Id": 0, "Sheet_ID": "小倉 1", "label": "小倉 1", "call_short": "0", "call_num": "0", "recid": "0", "websiteUrl": "0", "title": "0", "ckey": 0, "available": false, "iiifUrl": "0" }, "geometry": { "type": "Polygon", "coordinates": [ [ [ 130.75, 33.8333333 ], [ 131.0, 33.8333333 ], [ 131.0, 34.0 ], [ 130.75, 34.0 ], [ 130.75, 33.8333333 ] ] ] } },
{ "type": "Feature", "properties": { "Id": 0, "Sheet_ID": "小倉 7", "label": "小倉 7", "call_short": "G7960 S50 .K61", "call_num": "G7960 S50 .K61 NI-52-10-7", "recid": "yg959ng1802", "websiteUrl": "https://purl.stanford.edu/yg959ng1802", "title": "[日本] 五万分一地形圖", "ckey": 9741696, "available": true, "iiifUrl": "https://purl.stanford.edu/yg959ng1802/iiif/manifest" }, "geometry": { "type": "Polygon", "coordinates": [ [ [ 130.5, 33.4999998 ], [ 130.75, 33.4999998 ], [ 130.75, 33.6666665 ], [ 130.5, 33.6666665 ], [ 130.5, 33.4999998 ] ] ] } },
{ "type": "Feature", "properties": { "Id": 0, "Sheet_ID": "小倉 11 ED.2", "label": "小倉 11 ED.2", "call_short": "G7960 S50 .K61", "call_num": "G7960 S50 .K61 NI-52-10-11 ED.2", "recid": "vf016sg1450", "websiteUrl": "https://purl.stanford.edu/vf016sg1450", "title": "[日本] 五万分一地形圖", "ckey": 9741696, "available": true, "iiifUrl": "https://purl.stanford.edu/vf016sg1450/iiif/manifest" }, "geometry": { "type": "Polygon", "coordinates": [ [ [ 130.25, 33.4999998 ], [ 130.5, 33.4999998 ], [ 130.5, 33.6666665 ], [ 130.25, 33.6666665 ], [ 130.25, 33.4999998 ] ] ] } },
{ "type": "Feature", "properties": { "Id": 0, "Sheet_ID": "小倉 16", "label": "小倉 16", "call_short": "G7960 S50 .K61", "call_num": "G7960 S50 .K61 NI-52-10-16", "recid": "wt392ks3119", "websiteUrl": "https://purl.stanford.edu/wt392ks3119", "title": "[日本] 五万分一地形圖", "ckey": 9741696, "available": true, "iiifUrl": "https://purl.stanford.edu/wt392ks3119/iiif/manifest" }, "geometry": { "type": "Polygon", "coordinates": [ [ [ 130.0, 33.333333 ], [ 130.25, 33.333333 ], [ 130.25, 33.4999998 ], [ 130.0, 33.4999998 ], [ 130.0, 33.333333 ] ] ] } },
{ "type": "Feature", "properties": { "Id": 0, "Sheet_ID": "小串 4", "label": "小串 4", "call_short": "0", "call_num": "0", "recid": "0", "websiteUrl": "0", "title": "0", "ckey": 0, "available": false, "iiifUrl": "0" }, "geometry": { "type": "Polygon", "coordinates": [ [ [ 130.75, 34.0 ], [ 131.0, 34.0 ], [ 131.0, 34.1666667 ], [ 130.75, 34.1666667 ], [ 130.75, 34.0 ] ] ] } },
{ "type": "Feature", "properties": { "Id": 0, "Sheet_ID": "小串 15", "label": "小串 15", "call_short": "G7960 S50 .K61", "call_num": "G7960 S50 .K61 NI-52-9-15", "recid": "mf036js1377", "websiteUrl": "https://purl.stanford.edu/mf036js1377", "title": "[日本] 五万分一地形圖", "ckey": 9741696, "available": true, "iiifUrl": "https://purl.stanford.edu/mf036js1377/iiif/manifest" }, "geometry": { "type": "Polygon", "coordinates": [ [ [ 130.0, 34.1666667 ], [ 130.25, 34.1666667 ], [ 130.25, 34.3333335 ], [ 130.0, 34.3333335 ], [ 130.0, 34.1666667 ] ] ] } },
{ "type": "Feature", "properties": { "Id": 0, "Sheet_ID": "小串 3", "label": "小串 3", "call_short": "G7960 S50 .K61", "call_num": "G7960 S50 .K61 NI-52-9-3", "recid": "wf092qs1325", "websiteUrl": "https://purl.stanford.edu/wf092qs1325", "title": "[日本] 五万分一地形圖", "ckey": 9741696, "available": true, "iiifUrl": "https://purl.stanford.edu/wf092qs1325/iiif/manifest" }, "geometry": { "type": "Polygon", "coordinates": [ [ [ 130.75, 34.1666667 ], [ 131.0, 34.1666667 ], [ 131.0, 34.3333335 ], [ 130.75, 34.3333335 ], [ 130.75, 34.1666667 ] ] ] } },
{ "type": "Feature", "properties": { "Id": 0, "Sheet_ID": "小串 2", "label": "小串 2", "call_short": "0", "call_num": "0", "recid": "0", "websiteUrl": "0", "title": "0", "ckey": 0, "available": false, "iiifUrl": "0" }, "geometry": { "type": "Polygon", "coordinates": [ [ [ 130.75, 34.3333335 ], [ 131.0, 34.3333335 ], [ 131.0, 34.5000002 ], [ 130.75, 34.5000002 ], [ 130.75, 34.3333335 ] ] ] } },
{ "type": "Feature", "properties": { "Id": 0, "Sheet_ID": "延岡 16", "label": "延岡 16", "call_short": "G7960 S50 .K61", "call_num": "G7960 S50 .K61 NI-52-6-16", "recid": "ws325wr0199", "websiteUrl": "https://purl.stanford.edu/ws325wr0199", "title": "[日本] 五万分一地形圖", "ckey": 9741696, "available": true, "iiifUrl": "https://purl.stanford.edu/ws325wr0199/iiif/manifest" }, "geometry": { "type": "Polygon", "coordinates": [ [ [ 131.0, 32.0 ], [ 131.25, 32.0 ], [ 131.25, 32.1666667 ], [ 131.0, 32.1666667 ], [ 131.0, 32.0 ] ] ] } },
{ "type": "Feature", "properties": { "Id": 0, "Sheet_ID": "延岡 12", "label": "延岡 12", "call_short": "G7960 S50 .K61", "call_num": "G7960 S50 .K61 NI-52-6-12", "recid": "dr054zr5417", "websiteUrl": "https://purl.stanford.edu/dr054zr5417", "title": "[日本] 五万分一地形圖", "ckey": 9741696, "available": true, "iiifUrl": "https://purl.stanford.edu/dr054zr5417/iiif/manifest" }, "geometry": { "type": "Polygon", "coordinates": [ [ [ 131.25, 32.0 ], [ 131.5, 32.0 ], [ 131.5, 32.1666667 ], [ 131.25, 32.1666667 ], [ 131.25, 32.0 ] ] ] } },
{ "type": "Feature", "properties": { "Id": 0, "Sheet_ID": "延岡 8", "label": "延岡 8", "call_short": "G7960 S50 .K61", "call_num": "G7960 S50 .K61 NI-52-6-8", "recid": "rx315fn4857", "websiteUrl": "https://purl.stanford.edu/rx315fn4857", "title": "[日本] 五万分一地形圖", "ckey": 9741696, "available": true, "iiifUrl": "https://purl.stanford.edu/rx315fn4857/iiif/manifest" }, "geometry": { "type": "Polygon", "coordinates": [ [ [ 131.5, 32.0 ], [ 131.75, 32.0 ], [ 131.75, 32.1666667 ], [ 131.5, 32.1666667 ], [ 131.5, 32.0 ] ] ] } },
{ "type": "Feature", "properties": { "Id": 0, "Sheet_ID": "延岡 15", "label": "延岡 15", "call_short": "G7960 S50 .K61", "call_num": "G7960 S50 .K61 NI-52-6-15", "recid": "ws583yp5464", "websiteUrl": "https://purl.stanford.edu/ws583yp5464", "title": "[日本] 五万分一地形圖", "ckey": 9741696, "available": true, "iiifUrl": "https://purl.stanford.edu/ws583yp5464/iiif/manifest" }, "geometry": { "type": "Polygon", "coordinates": [ [ [ 131.0, 32.1666667 ], [ 131.25, 32.1666667 ], [ 131.25, 32.3333335 ], [ 131.0, 32.3333335 ], [ 131.0, 32.1666667 ] ] ] } },
{ "type": "Feature", "properties": { "Id": 0, "Sheet_ID": "延岡 11", "label": "延岡 11", "call_short": "G7960 S50 .K61", "call_num": "G7960 S50 .K61 NI-52-6-11", "recid": "kg897jv2642", "websiteUrl": "https://purl.stanford.edu/kg897jv2642", "title": "[日本] 五万分一地形圖", "ckey": 9741696, "available": true, "iiifUrl": "https://purl.stanford.edu/kg897jv2642/iiif/manifest" }, "geometry": { "type": "Polygon", "coordinates": [ [ [ 131.25, 32.1666667 ], [ 131.5, 32.1666667 ], [ 131.5, 32.3333335 ], [ 131.25, 32.3333335 ], [ 131.25, 32.1666667 ] ] ] } },
{ "type": "Feature", "properties": { "Id": 0, "Sheet_ID": "延岡 7", "label": "延岡 7", "call_short": "G7960 S50 .K61", "call_num": "G7960 S50 .K61 NI-52-6-7", "recid": "gh579yg7336", "websiteUrl": "https://purl.stanford.edu/gh579yg7336", "title": "[日本] 五万分一地形圖", "ckey": 9741696, "available": true, "iiifUrl": "https://purl.stanford.edu/gh579yg7336/iiif/manifest" }, "geometry": { "type": "Polygon", "coordinates": [ [ [ 131.5, 32.1666667 ], [ 131.75, 32.1666667 ], [ 131.75, 32.3333335 ], [ 131.5, 32.3333335 ], [ 131.5, 32.1666667 ] ] ] } },
{ "type": "Feature", "properties": { "Id": 0, "Sheet_ID": "延岡 14", "label": "延岡 14", "call_short": "G7960 S50 .K61", "call_num": "G7960 S50 .K61 NI-52-6-14", "recid": "bt957tm9201", "websiteUrl": "https://purl.stanford.edu/bt957tm9201", "title": "[日本] 五万分一地形圖", "ckey": 9741696, "available": true, "iiifUrl": "https://purl.stanford.edu/bt957tm9201/iiif/manifest" }, "geometry": { "type": "Polygon", "coordinates": [ [ [ 131.0, 32.3333335 ], [ 131.25, 32.3333335 ], [ 131.25, 32.5000002 ], [ 131.0, 32.5000002 ], [ 131.0, 32.3333335 ] ] ] } },
{ "type": "Feature", "properties": { "Id": 0, "Sheet_ID": "延岡 10", "label": "延岡 10", "call_short": "G7960 S50 .K61", "call_num": "G7960 S50 .K61 NI-52-6-10", "recid": "cn949pt2161", "websiteUrl": "https://purl.stanford.edu/cn949pt2161", "title": "[日本] 五万分一地形圖", "ckey": 9741696, "available": true, "iiifUrl": "https://purl.stanford.edu/cn949pt2161/iiif/manifest" }, "geometry": { "type": "Polygon", "coordinates": [ [ [ 131.25, 32.3333335 ], [ 131.5, 32.3333335 ], [ 131.5, 32.5000002 ], [ 131.25, 32.5000002 ], [ 131.25, 32.3333335 ] ] ] } },
{ "type": "Feature", "properties": { "Id": 0, "Sheet_ID": "延岡 6", "label": "延岡 6", "call_short": "G7960 S50 .K61", "call_num": "G7960 S50 .K61 NI-52-6-6", "recid": "wb891nx4009", "websiteUrl": "https://purl.stanford.edu/wb891nx4009", "title": "[日本] 五万分一地形圖", "ckey": 9741696, "available": true, "iiifUrl": "https://purl.stanford.edu/wb891nx4009/iiif/manifest" }, "geometry": { "type": "Polygon", "coordinates": [ [ [ 131.5, 32.3333335 ], [ 131.75, 32.3333335 ], [ 131.75, 32.5000002 ], [ 131.5, 32.5000002 ], [ 131.5, 32.3333335 ] ] ] } },
{ "type": "Feature", "properties": { "Id": 0, "Sheet_ID": "延岡 13", "label": "延岡 13", "call_short": "G7960 S50 .K61", "call_num": "G7960 S50 .K61 NI-52-6-13", "recid": "gr432xg0526", "websiteUrl": "https://purl.stanford.edu/gr432xg0526", "title": "[日本] 五万分一地形圖", "ckey": 9741696, "available": true, "iiifUrl": "https://purl.stanford.edu/gr432xg0526/iiif/manifest" }, "geometry": { "type": "Polygon", "coordinates": [ [ [ 131.0, 32.5000002 ], [ 131.25, 32.5000002 ], [ 131.25, 32.666667 ], [ 131.0, 32.666667 ], [ 131.0, 32.5000002 ] ] ] } },
{ "type": "Feature", "properties": { "Id": 0, "Sheet_ID": "延岡 9", "label": "延岡 9", "call_short": "G7960 S50 .K61", "call_num": "G7960 S50 .K61 NI-52-6-9", "recid": "ky748fh3940", "websiteUrl": "https://purl.stanford.edu/ky748fh3940", "title": "[日本] 五万分一地形圖", "ckey": 9741696, "available": true, "iiifUrl": "https://purl.stanford.edu/ky748fh3940/iiif/manifest" }, "geometry": { "type": "Polygon", "coordinates": [ [ [ 131.25, 32.5000002 ], [ 131.5, 32.5000002 ], [ 131.5, 32.666667 ], [ 131.25, 32.666667 ], [ 131.25, 32.5000002 ] ] ] } },
{ "type": "Feature", "properties": { "Id": 0, "Sheet_ID": "延岡 5 ED.2", "label": "延岡 5 ED.2", "call_short": "G7960 S50 .K61", "call_num": "G7960 S50 .K61 NI-52-6-5 ED.2", "recid": "xb558vq7256", "websiteUrl": "https://purl.stanford.edu/xb558vq7256", "title": "[日本] 五万分一地形圖", "ckey": 9741696, "available": true, "iiifUrl": "https://purl.stanford.edu/xb558vq7256/iiif/manifest" }, "geometry": { "type": "Polygon", "coordinates": [ [ [ 131.5, 32.5000002 ], [ 131.75, 32.5000002 ], [ 131.75, 32.666667 ], [ 131.5, 32.666667 ], [ 131.5, 32.5000002 ] ] ] } },
{ "type": "Feature", "properties": { "Id": 0, "Sheet_ID": "延岡 1", "label": "延岡 1", "call_short": "0", "call_num": "0", "recid": "0", "websiteUrl": "0", "title": "0", "ckey": 0, "available": false, "iiifUrl": "0" }, "geometry": { "type": "Polygon", "coordinates": [ [ [ 131.75, 32.5000002 ], [ 132.0, 32.5000002 ], [ 132.0, 32.666667 ], [ 131.75, 32.666667 ], [ 131.75, 32.5000002 ] ] ] } },
{ "type": "Feature", "properties": { "Id": 0, "Sheet_ID": "延岡 5", "label": "延岡 5", "call_short": "G7960 S50 .K61", "call_num": "G7960 S50 .K61 NI-52-6-5", "recid": "sx494pq8019", "websiteUrl": "https://purl.stanford.edu/sx494pq8019", "title": "[日本] 五万分一地形圖", "ckey": 9741696, "available": true, "iiifUrl": "https://purl.stanford.edu/sx494pq8019/iiif/manifest" }, "geometry": { "type": "Polygon", "coordinates": [ [ [ 131.5, 32.5000003 ], [ 131.75, 32.5000003 ], [ 131.75, 32.666667 ], [ 131.5, 32.666667 ], [ 131.5, 32.5000003 ] ] ] } },
{ "type": "Feature", "properties": { "Id": 0, "Sheet_ID": "大分 16", "label": "大分 16", "call_short": "G7960 S50 .K61", "call_num": "G7960 S50 .K61 NI-52-5-16", "recid": "fr032dq2588", "websiteUrl": "https://purl.stanford.edu/fr032dq2588", "title": "[日本] 五万分一地形圖", "ckey": 9741696, "available": true, "iiifUrl": "https://purl.stanford.edu/fr032dq2588/iiif/manifest" }, "geometry": { "type": "Polygon", "coordinates": [ [ [ 131.0, 32.666667 ], [ 131.25, 32.666667 ], [ 131.25, 32.8333335 ], [ 131.0, 32.8333335 ], [ 131.0, 32.666667 ] ] ] } },
{ "type": "Feature", "properties": { "Id": 0, "Sheet_ID": "大分 12", "label": "大分 12", "call_short": "G7960 S50 .K61", "call_num": "G7960 S50 .K61 NI-52-5-12", "recid": "zg017np1499", "websiteUrl": "https://purl.stanford.edu/zg017np1499", "title": "[日本] 五万分一地形圖", "ckey": 9741696, "available": true, "iiifUrl": "https://purl.stanford.edu/zg017np1499/iiif/manifest" }, "geometry": { "type": "Polygon", "coordinates": [ [ [ 131.25, 32.666667 ], [ 131.5, 32.666667 ], [ 131.5, 32.8333335 ], [ 131.25, 32.8333335 ], [ 131.25, 32.666667 ] ] ] } },
{ "type": "Feature", "properties": { "Id": 0, "Sheet_ID": "大分 8", "label": "大分 8", "call_short": "G7960 S50 .K61", "call_num": "G7960 S50 .K61 NI-52-5-8", "recid": "wx097qz9675", "websiteUrl": "https://purl.stanford.edu/wx097qz9675", "title": "[日本] 五万分一地形圖", "ckey": 9741696, "available": true, "iiifUrl": "https://purl.stanford.edu/wx097qz9675/iiif/manifest" }, "geometry": { "type": "Polygon", "coordinates": [ [ [ 131.5, 32.666667 ], [ 131.75, 32.666667 ], [ 131.75, 32.8333335 ], [ 131.5, 32.8333335 ], [ 131.5, 32.666667 ] ] ] } },
{ "type": "Feature", "properties": { "Id": 0, "Sheet_ID": "大分 4", "label": "大分 4", "call_short": "0", "call_num": "0", "recid": "0", "websiteUrl": "0", "title": "0", "ckey": 0, "available": false, "iiifUrl": "0" }, "geometry": { "type": "Polygon", "coordinates": [ [ [ 131.75, 32.666667 ], [ 132.0, 32.666667 ], [ 132.0, 32.8333335 ], [ 131.75, 32.8333335 ], [ 131.75, 32.666667 ] ] ] } },
{ "type": "Feature", "properties": { "Id": 0, "Sheet_ID": "大分 15", "label": "大分 15", "call_short": "G7960 S50 .K61", "call_num": "G7960 S50 .K61 NI-52-5-15", "recid": "kb486tc6639", "websiteUrl": "https://purl.stanford.edu/kb486tc6639", "title": "[日本] 五万分一地形圖", "ckey": 9741696, "available": true, "iiifUrl": "https://purl.stanford.edu/kb486tc6639/iiif/manifest" }, "geometry": { "type": "Polygon", "coordinates": [ [ [ 131.0, 32.8333335 ], [ 131.25, 32.8333335 ], [ 131.25, 33.0 ], [ 131.0, 33.0 ], [ 131.0, 32.8333335 ] ] ] } },
{ "type": "Feature", "properties": { "Id": 0, "Sheet_ID": "大分 11", "label": "大分 11", "call_short": "G7960 S50 .K61", "call_num": "G7960 S50 .K61 NI-52-5-11", "recid": "xn340mq1056", "websiteUrl": "https://purl.stanford.edu/xn340mq1056", "title": "[日本] 五万分一地形圖", "ckey": 9741696, "available": true, "iiifUrl": "https://purl.stanford.edu/xn340mq1056/iiif/manifest" }, "geometry": { "type": "Polygon", "coordinates": [ [ [ 131.25, 32.8333335 ], [ 131.5, 32.8333335 ], [ 131.5, 33.0 ], [ 131.25, 33.0 ], [ 131.25, 32.8333335 ] ] ] } },
{ "type": "Feature", "properties": { "Id": 0, "Sheet_ID": "大分 7", "label": "大分 7", "call_short": "G7960 S50 .K61", "call_num": "G7960 S50 .K61 NI-52-5-7", "recid": "xc320wz4170", "websiteUrl": "https://purl.stanford.edu/xc320wz4170", "title": "[日本] 五万分一地形圖", "ckey": 9741696, "available": true, "iiifUrl": "https://purl.stanford.edu/xc320wz4170/iiif/manifest" }, "geometry": { "type": "Polygon", "coordinates": [ [ [ 131.5, 32.8333335 ], [ 131.75, 32.8333335 ], [ 131.75, 33.0 ], [ 131.5, 33.0 ], [ 131.5, 32.8333335 ] ] ] } },
{ "type": "Feature", "properties": { "Id": 0, "Sheet_ID": "大分 3", "label": "大分 3", "call_short": "G7960 S50 .K61", "call_num": "G7960 S50 .K61 NI-52-5-3", "recid": "md155mp7573", "websiteUrl": "https://purl.stanford.edu/md155mp7573", "title": "[日本] 五万分一地形圖", "ckey": 9741696, "available": true, "iiifUrl": "https://purl.stanford.edu/md155mp7573/iiif/manifest" }, "geometry": { "type": "Polygon", "coordinates": [ [ [ 131.75, 32.8333335 ], [ 132.0, 32.8333335 ], [ 132.0, 33.0 ], [ 131.75, 33.0 ], [ 131.75, 32.8333335 ] ] ] } },
{ "type": "Feature", "properties": { "Id": 0, "Sheet_ID": "大分 14 ED.2", "label": "大分 14 ED.2", "call_short": "G7960 S50 .K61", "call_num": "G7960 S50 .K61 NI-52-5-14 ED.2", "recid": "rv111dn5047", "websiteUrl": "https://purl.stanford.edu/rv111dn5047", "title": "[日本] 五万分一地形圖", "ckey": 9741696, "available": true, "iiifUrl": "https://purl.stanford.edu/rv111dn5047/iiif/manifest" }, "geometry": { "type": "Polygon", "coordinates": [ [ [ 131.0, 33.0 ], [ 131.25, 33.0 ], [ 131.25, 33.1666665 ], [ 131.0, 33.1666665 ], [ 131.0, 33.0 ] ] ] } },
{ "type": "Feature", "properties": { "Id": 0, "Sheet_ID": "大分 10", "label": "大分 10", "call_short": "G7960 S50 .K61", "call_num": "G7960 S50 .K61 NI-52-5-10", "recid": "fx540yy3714", "websiteUrl": "https://purl.stanford.edu/fx540yy3714", "title": "[日本] 五万分一地形圖", "ckey": 9741696, "available": true, "iiifUrl": "https://purl.stanford.edu/fx540yy3714/iiif/manifest" }, "geometry": { "type": "Polygon", "coordinates": [ [ [ 131.25, 33.0 ], [ 131.5, 33.0 ], [ 131.5, 33.1666665 ], [ 131.25, 33.1666665 ], [ 131.25, 33.0 ] ] ] } },
{ "type": "Feature", "properties": { "Id": 0, "Sheet_ID": "大分 6", "label": "大分 6", "call_short": "G7960 S50 .K61", "call_num": "G7960 S50 .K61 NI-52-5-6", "recid": "tt188hg1408", "websiteUrl": "https://purl.stanford.edu/tt188hg1408", "title": "[日本] 五万分一地形圖", "ckey": 9741696, "available": true, "iiifUrl": "https://purl.stanford.edu/tt188hg1408/iiif/manifest" }, "geometry": { "type": "Polygon", "coordinates": [ [ [ 131.5, 33.0 ], [ 131.75, 33.0 ], [ 131.75, 33.1666665 ], [ 131.5, 33.1666665 ], [ 131.5, 33.0 ] ] ] } },
{ "type": "Feature", "properties": { "Id": 0, "Sheet_ID": "大分 2", "label": "大分 2", "call_short": "0", "call_num": "0", "recid": "0", "websiteUrl": "0", "title": "0", "ckey": 0, "available": false, "iiifUrl": "0" }, "geometry": { "type": "Polygon", "coordinates": [ [ [ 131.75, 33.0 ], [ 132.0, 33.0 ], [ 132.0, 33.1666665 ], [ 131.75, 33.1666665 ], [ 131.75, 33.0 ] ] ] } },
{ "type": "Feature", "properties": { "Id": 0, "Sheet_ID": "大分 13", "label": "大分 13", "call_short": "G7960 S50 .K61", "call_num": "G7960 S50 .K61 NI-52-5-13", "recid": "jc668yw2909", "websiteUrl": "https://purl.stanford.edu/jc668yw2909", "title": "[日本] 五万分一地形圖", "ckey": 9741696, "available": true, "iiifUrl": "https://purl.stanford.edu/jc668yw2909/iiif/manifest" }, "geometry": { "type": "Polygon", "coordinates": [ [ [ 131.0, 33.1666665 ], [ 131.25, 33.1666665 ], [ 131.25, 33.333333 ], [ 131.0, 33.333333 ], [ 131.0, 33.1666665 ] ] ] } },
{ "type": "Feature", "properties": { "Id": 0, "Sheet_ID": "大分 9", "label": "大分 9", "call_short": "G7960 S50 .K61", "call_num": "G7960 S50 .K61 NI-52-5-9", "recid": "kf004rh9026", "websiteUrl": "https://purl.stanford.edu/kf004rh9026", "title": "[日本] 五万分一地形圖", "ckey": 9741696, "available": true, "iiifUrl": "https://purl.stanford.edu/kf004rh9026/iiif/manifest" }, "geometry": { "type": "Polygon", "coordinates": [ [ [ 131.25, 33.1666665 ], [ 131.5, 33.1666665 ], [ 131.5, 33.333333 ], [ 131.25, 33.333333 ], [ 131.25, 33.1666665 ] ] ] } },
{ "type": "Feature", "properties": { "Id": 0, "Sheet_ID": "大分 5", "label": "大分 5", "call_short": "G7960 S50 .K61", "call_num": "G7960 S50 .K61 NI-52-5-5", "recid": "sk712hb2764", "websiteUrl": "https://purl.stanford.edu/sk712hb2764", "title": "[日本] 五万分一地形圖", "ckey": 9741696, "available": true, "iiifUrl": "https://purl.stanford.edu/sk712hb2764/iiif/manifest" }, "geometry": { "type": "Polygon", "coordinates": [ [ [ 131.5, 33.1666665 ], [ 131.75, 33.1666665 ], [ 131.75, 33.333333 ], [ 131.5, 33.333333 ], [ 131.5, 33.1666665 ] ] ] } },
{ "type": "Feature", "properties": { "Id": 0, "Sheet_ID": "大分 1", "label": "大分 1", "call_short": "G7960 S50 .K61", "call_num": "G7960 S50 .K61 NI-52-5-1", "recid": "gd768hw1348", "websiteUrl": "https://purl.stanford.edu/gd768hw1348", "title": "[日本] 五万分一地形圖", "ckey": 9741696, "available": true, "iiifUrl": "https://purl.stanford.edu/gd768hw1348/iiif/manifest" }, "geometry": { "type": "Polygon", "coordinates": [ [ [ 131.75, 33.1666665 ], [ 132.0, 33.1666665 ], [ 132.0, 33.333333 ], [ 131.75, 33.333333 ], [ 131.75, 33.1666665 ] ] ] } },
{ "type": "Feature", "properties": { "Id": 0, "Sheet_ID": "大分 14", "label": "大分 14", "call_short": "G7960 S50 .K61", "call_num": "G7960 S50 .K61 NI-52-5-14", "recid": "mr794wr9218", "websiteUrl": "https://purl.stanford.edu/mr794wr9218", "title": "[日本] 五万分一地形圖", "ckey": 9741696, "available": true, "iiifUrl": "https://purl.stanford.edu/mr794wr9218/iiif/manifest" }, "geometry": { "type": "Polygon", "coordinates": [ [ [ 131.0, 33.0 ], [ 131.25, 33.0 ], [ 131.25, 33.1666665 ], [ 131.0, 33.1666665 ], [ 131.0, 33.0 ] ] ] } },
{ "type": "Feature", "properties": { "Id": 0, "Sheet_ID": "中津 16", "label": "中津 16", "call_short": "G7960 S50 .K61", "call_num": "G7960 S50 .K61 NI-52-4-16", "recid": "kx859pz0291", "websiteUrl": "https://purl.stanford.edu/kx859pz0291", "title": "[日本] 五万分一地形圖", "ckey": 9741696, "available": true, "iiifUrl": "https://purl.stanford.edu/kx859pz0291/iiif/manifest" }, "geometry": { "type": "Polygon", "coordinates": [ [ [ 131.0, 33.333333 ], [ 131.25, 33.333333 ], [ 131.25, 33.4999998 ], [ 131.0, 33.4999998 ], [ 131.0, 33.333333 ] ] ] } },
{ "type": "Feature", "properties": { "Id": 0, "Sheet_ID": "中津 12", "label": "中津 12", "call_short": "G7960 S50 .K61", "call_num": "G7960 S50 .K61 NI-52-4-12", "recid": "nf479nb1236", "websiteUrl": "https://purl.stanford.edu/nf479nb1236", "title": "[日本] 五万分一地形圖", "ckey": 9741696, "available": true, "iiifUrl": "https://purl.stanford.edu/nf479nb1236/iiif/manifest" }, "geometry": { "type": "Polygon", "coordinates": [ [ [ 131.25, 33.333333 ], [ 131.5, 33.333333 ], [ 131.5, 33.4999998 ], [ 131.25, 33.4999998 ], [ 131.25, 33.333333 ] ] ] } },
{ "type": "Feature", "properties": { "Id": 0, "Sheet_ID": "中津 8", "label": "中津 8", "call_short": "G7960 S50 .K61", "call_num": "G7960 S50 .K61 NI-52-4-8", "recid": "yk316wx6106", "websiteUrl": "https://purl.stanford.edu/yk316wx6106", "title": "[日本] 五万分一地形圖", "ckey": 9741696, "available": true, "iiifUrl": "https://purl.stanford.edu/yk316wx6106/iiif/manifest" }, "geometry": { "type": "Polygon", "coordinates": [ [ [ 131.5, 33.333333 ], [ 131.75, 33.333333 ], [ 131.75, 33.4999998 ], [ 131.5, 33.4999998 ], [ 131.5, 33.333333 ] ] ] } },
{ "type": "Feature", "properties": { "Id": 0, "Sheet_ID": "中津 15", "label": "中津 15", "call_short": "G7960 S50 .K61", "call_num": "G7960 S50 .K61 NI-52-4-15", "recid": "gn664hn9288", "websiteUrl": "https://purl.stanford.edu/gn664hn9288", "title": "[日本] 五万分一地形圖", "ckey": 9741696, "available": true, "iiifUrl": "https://purl.stanford.edu/gn664hn9288/iiif/manifest" }, "geometry": { "type": "Polygon", "coordinates": [ [ [ 131.0, 33.4999998 ], [ 131.25, 33.4999998 ], [ 131.25, 33.6666665 ], [ 131.0, 33.6666665 ], [ 131.0, 33.4999998 ] ] ] } },
{ "type": "Feature", "properties": { "Id": 0, "Sheet_ID": "中津 11", "label": "中津 11", "call_short": "G7960 S50 .K61", "call_num": "G7960 S50 .K61 NI-52-4-11", "recid": "xf384qv4312", "websiteUrl": "https://purl.stanford.edu/xf384qv4312", "title": "[日本] 五万分一地形圖", "ckey": 9741696, "available": true, "iiifUrl": "https://purl.stanford.edu/xf384qv4312/iiif/manifest" }, "geometry": { "type": "Polygon", "coordinates": [ [ [ 131.25, 33.4999998 ], [ 131.5, 33.4999998 ], [ 131.5, 33.6666665 ], [ 131.25, 33.6666665 ], [ 131.25, 33.4999998 ] ] ] } },
{ "type": "Feature", "properties": { "Id": 0, "Sheet_ID": "中津 7", "label": "中津 7", "call_short": "G7960 S50 .K61", "call_num": "G7960 S50 .K61 NI-52-4-7", "recid": "fc081pc2550", "websiteUrl": "https://purl.stanford.edu/fc081pc2550", "title": "[日本] 五万分一地形圖", "ckey": 9741696, "available": true, "iiifUrl": "https://purl.stanford.edu/fc081pc2550/iiif/manifest" }, "geometry": { "type": "Polygon", "coordinates": [ [ [ 131.5, 33.4999998 ], [ 131.75, 33.4999998 ], [ 131.75, 33.6666665 ], [ 131.5, 33.6666665 ], [ 131.5, 33.4999998 ] ] ] } },
{ "type": "Feature", "properties": { "Id": 0, "Sheet_ID": "中津 14", "label": "中津 14", "call_short": "0", "call_num": "0", "recid": "0", "websiteUrl": "0", "title": "0", "ckey": 0, "available": false, "iiifUrl": "0" }, "geometry": { "type": "Polygon", "coordinates": [ [ [ 131.0, 33.6666665 ], [ 131.25, 33.6666665 ], [ 131.25, 33.8333333 ], [ 131.0, 33.8333333 ], [ 131.0, 33.6666665 ] ] ] } },
{ "type": "Feature", "properties": { "Id": 0, "Sheet_ID": "中津 6", "label": "中津 6", "call_short": "G7960 S50 .K61", "call_num": "G7960 S50 .K61 NI-52-4-6", "recid": "mb170qd9385", "websiteUrl": "https://purl.stanford.edu/mb170qd9385", "title": "[日本] 五万分一地形圖", "ckey": 9741696, "available": true, "iiifUrl": "https://purl.stanford.edu/mb170qd9385/iiif/manifest" }, "geometry": { "type": "Polygon", "coordinates": [ [ [ 131.5, 33.6666665 ], [ 131.75, 33.6666665 ], [ 131.75, 33.8333333 ], [ 131.5, 33.8333333 ], [ 131.5, 33.6666665 ] ] ] } },
{ "type": "Feature", "properties": { "Id": 0, "Sheet_ID": "中津 2", "label": "中津 2", "call_short": "G7960 S50 .K61", "call_num": "G7960 S50 .K61 NI-52-4-2", "recid": "gn994sd6325", "websiteUrl": "https://purl.stanford.edu/gn994sd6325", "title": "[日本] 五万分一地形圖", "ckey": 9741696, "available": true, "iiifUrl": "https://purl.stanford.edu/gn994sd6325/iiif/manifest" }, "geometry": { "type": "Polygon", "coordinates": [ [ [ 131.75, 33.6666665 ], [ 132.0, 33.6666665 ], [ 132.0, 33.8333333 ], [ 131.75, 33.8333333 ], [ 131.75, 33.6666665 ] ] ] } },
{ "type": "Feature", "properties": { "Id": 0, "Sheet_ID": "中津 13", "label": "中津 13", "call_short": "0", "call_num": "0", "recid": "0", "websiteUrl": "0", "title": "0", "ckey": 0, "available": false, "iiifUrl": "0" }, "geometry": { "type": "Polygon", "coordinates": [ [ [ 131.0, 33.8333333 ], [ 131.25, 33.8333333 ], [ 131.25, 34.0 ], [ 131.0, 34.0 ], [ 131.0, 33.8333333 ] ] ] } },
{ "type": "Feature", "properties": { "Id": 0, "Sheet_ID": "中津 9", "label": "中津 9", "call_short": "G7960 S50 .K61", "call_num": "G7960 S50 .K61 NI-52-4-9", "recid": "nk151st9760", "websiteUrl": "https://purl.stanford.edu/nk151st9760", "title": "[日本] 五万分一地形圖", "ckey": 9741696, "available": true, "iiifUrl": "https://purl.stanford.edu/nk151st9760/iiif/manifest" }, "geometry": { "type": "Polygon", "coordinates": [ [ [ 131.25, 33.8333333 ], [ 131.5, 33.8333333 ], [ 131.5, 34.0 ], [ 131.25, 34.0 ], [ 131.25, 33.8333333 ] ] ] } },
{ "type": "Feature", "properties": { "Id": 0, "Sheet_ID": "中津 5", "label": "中津 5", "call_short": "0", "call_num": "0", "recid": "0", "websiteUrl": "0", "title": "0", "ckey": 0, "available": false, "iiifUrl": "0" }, "geometry": { "type": "Polygon", "coordinates": [ [ [ 131.5, 33.8333333 ], [ 131.75, 33.8333333 ], [ 131.75, 34.0 ], [ 131.5, 34.0 ], [ 131.5, 33.8333333 ] ] ] } },
{ "type": "Feature", "properties": { "Id": 0, "Sheet_ID": "中津 1", "label": "中津 1", "call_short": "G7960 S50 .K61", "call_num": "G7960 S50 .K61 NI-52-4-1", "recid": "wh761pz0866", "websiteUrl": "https://purl.stanford.edu/wh761pz0866", "title": "[日本] 五万分一地形圖", "ckey": 9741696, "available": true, "iiifUrl": "https://purl.stanford.edu/wh761pz0866/iiif/manifest" }, "geometry": { "type": "Polygon", "coordinates": [ [ [ 131.75, 33.8333333 ], [ 132.0, 33.8333333 ], [ 132.0, 34.0 ], [ 131.75, 34.0 ], [ 131.75, 33.8333333 ] ] ] } },
{ "type": "Feature", "properties": { "Id": 0, "Sheet_ID": "山口 16", "label": "山口 16", "call_short": "G7960 S50 .K61", "call_num": "G7960 S50 .K61 NI-52-3-16", "recid": "nv209jf1074", "websiteUrl": "https://purl.stanford.edu/nv209jf1074", "title": "[日本] 五万分一地形圖", "ckey": 9741696, "available": true, "iiifUrl": "https://purl.stanford.edu/nv209jf1074/iiif/manifest" }, "geometry": { "type": "Polygon", "coordinates": [ [ [ 131.0, 34.0 ], [ 131.25, 34.0 ], [ 131.25, 34.1666667 ], [ 131.0, 34.1666667 ], [ 131.0, 34.0 ] ] ] } },
{ "type": "Feature", "properties": { "Id": 0, "Sheet_ID": "山口 12", "label": "山口 12", "call_short": "G7960 S50 .K61", "call_num": "G7960 S50 .K61 NI-52-3-12", "recid": "gc985qm5164", "websiteUrl": "https://purl.stanford.edu/gc985qm5164", "title": "[日本] 五万分一地形圖", "ckey": 9741696, "available": true, "iiifUrl": "https://purl.stanford.edu/gc985qm5164/iiif/manifest" }, "geometry": { "type": "Polygon", "coordinates": [ [ [ 131.25, 34.0 ], [ 131.5, 34.0 ], [ 131.5, 34.1666667 ], [ 131.25, 34.1666667 ], [ 131.25, 34.0 ] ] ] } },
{ "type": "Feature", "properties": { "Id": 0, "Sheet_ID": "山口 8", "label": "山口 8", "call_short": "G7960 S50 .K61", "call_num": "G7960 S50 .K61 NI-52-3-8", "recid": "vn274cj7071", "websiteUrl": "https://purl.stanford.edu/vn274cj7071", "title": "[日本] 五万分一地形圖", "ckey": 9741696, "available": true, "iiifUrl": "https://purl.stanford.edu/vn274cj7071/iiif/manifest" }, "geometry": { "type": "Polygon", "coordinates": [ [ [ 131.5, 34.0 ], [ 131.75, 34.0 ], [ 131.75, 34.1666667 ], [ 131.5, 34.1666667 ], [ 131.5, 34.0 ] ] ] } },
{ "type": "Feature", "properties": { "Id": 0, "Sheet_ID": "山口 4", "label": "山口 4", "call_short": "G7960 S50 .K61", "call_num": "G7960 S50 .K61 NI-52-3-4", "recid": "mk276yp6521", "websiteUrl": "https://purl.stanford.edu/mk276yp6521", "title": "[日本] 五万分一地形圖", "ckey": 9741696, "available": true, "iiifUrl": "https://purl.stanford.edu/mk276yp6521/iiif/manifest" }, "geometry": { "type": "Polygon", "coordinates": [ [ [ 131.75, 34.0 ], [ 132.0, 34.0 ], [ 132.0, 34.1666667 ], [ 131.75, 34.1666667 ], [ 131.75, 34.0 ] ] ] } },
{ "type": "Feature", "properties": { "Id": 0, "Sheet_ID": "山口 15", "label": "山口 15", "call_short": "0", "call_num": "0", "recid": "0", "websiteUrl": "0", "title": "0", "ckey": 0, "available": false, "iiifUrl": "0" }, "geometry": { "type": "Polygon", "coordinates": [ [ [ 131.0, 34.1666667 ], [ 131.25, 34.1666667 ], [ 131.25, 34.3333335 ], [ 131.0, 34.3333335 ], [ 131.0, 34.1666667 ] ] ] } },
{ "type": "Feature", "properties": { "Id": 0, "Sheet_ID": "山口 11", "label": "山口 11", "call_short": "G7960 S50 .K61", "call_num": "G7960 S50 .K61 NI-52-3-11", "recid": "pw848gp7784", "websiteUrl": "https://purl.stanford.edu/pw848gp7784", "title": "[日本] 五万分一地形圖", "ckey": 9741696, "available": true, "iiifUrl": "https://purl.stanford.edu/pw848gp7784/iiif/manifest" }, "geometry": { "type": "Polygon", "coordinates": [ [ [ 131.25, 34.1666667 ], [ 131.5, 34.1666667 ], [ 131.5, 34.3333335 ], [ 131.25, 34.3333335 ], [ 131.25, 34.1666667 ] ] ] } },
{ "type": "Feature", "properties": { "Id": 0, "Sheet_ID": "山口 7", "label": "山口 7", "call_short": "G7960 S50 .K61", "call_num": "G7960 S50 .K61 NI-52-3-7", "recid": "wm138my5304", "websiteUrl": "https://purl.stanford.edu/wm138my5304", "title": "[日本] 五万分一地形圖", "ckey": 9741696, "available": true, "iiifUrl": "https://purl.stanford.edu/wm138my5304/iiif/manifest" }, "geometry": { "type": "Polygon", "coordinates": [ [ [ 131.5, 34.1666667 ], [ 131.75, 34.1666667 ], [ 131.75, 34.3333335 ], [ 131.5, 34.3333335 ], [ 131.5, 34.1666667 ] ] ] } },
{ "type": "Feature", "properties": { "Id": 0, "Sheet_ID": "山口 3", "label": "山口 3", "call_short": "G7960 S50 .K61", "call_num": "G7960 S50 .K61 NI-52-3-3", "recid": "pm157zg9222", "websiteUrl": "https://purl.stanford.edu/pm157zg9222", "title": "[日本] 五万分一地形圖", "ckey": 9741696, "available": true, "iiifUrl": "https://purl.stanford.edu/pm157zg9222/iiif/manifest" }, "geometry": { "type": "Polygon", "coordinates": [ [ [ 131.75, 34.1666667 ], [ 132.0, 34.1666667 ], [ 132.0, 34.3333335 ], [ 131.75, 34.3333335 ], [ 131.75, 34.1666667 ] ] ] } },
{ "type": "Feature", "properties": { "Id": 0, "Sheet_ID": "山口 14", "label": "山口 14", "call_short": "G7960 S50 .K61", "call_num": "G7960 S50 .K61 NI-52-3-14", "recid": "wb288mx8494", "websiteUrl": "https://purl.stanford.edu/wb288mx8494", "title": "[日本] 五万分一地形圖", "ckey": 9741696, "available": true, "iiifUrl": "https://purl.stanford.edu/wb288mx8494/iiif/manifest" }, "geometry": { "type": "Polygon", "coordinates": [ [ [ 131.0, 34.3333335 ], [ 131.25, 34.3333335 ], [ 131.25, 34.5000002 ], [ 131.0, 34.5000002 ], [ 131.0, 34.3333335 ] ] ] } },
{ "type": "Feature", "properties": { "Id": 0, "Sheet_ID": "山口 10", "label": "山口 10", "call_short": "G7960 S50 .K61", "call_num": "G7960 S50 .K61 NI-52-3-10", "recid": "zr497wh6869", "websiteUrl": "https://purl.stanford.edu/zr497wh6869", "title": "[日本] 五万分一地形圖", "ckey": 9741696, "available": true, "iiifUrl": "https://purl.stanford.edu/zr497wh6869/iiif/manifest" }, "geometry": { "type": "Polygon", "coordinates": [ [ [ 131.25, 34.3333335 ], [ 131.5, 34.3333335 ], [ 131.5, 34.5000002 ], [ 131.25, 34.5000002 ], [ 131.25, 34.3333335 ] ] ] } },
{ "type": "Feature", "properties": { "Id": 0, "Sheet_ID": "山口 6", "label": "山口 6", "call_short": "G7960 S50 .K61", "call_num": "G7960 S50 .K61 NI-52-3-6", "recid": "nr035js7372", "websiteUrl": "https://purl.stanford.edu/nr035js7372", "title": "[日本] 五万分一地形圖", "ckey": 9741696, "available": true, "iiifUrl": "https://purl.stanford.edu/nr035js7372/iiif/manifest" }, "geometry": { "type": "Polygon", "coordinates": [ [ [ 131.5, 34.3333335 ], [ 131.75, 34.3333335 ], [ 131.75, 34.5000002 ], [ 131.5, 34.5000002 ], [ 131.5, 34.3333335 ] ] ] } },
{ "type": "Feature", "properties": { "Id": 0, "Sheet_ID": "山口 2", "label": "山口 2", "call_short": "G7960 S50 .K61", "call_num": "G7960 S50 .K61 NI-52-3-2", "recid": "ts051jw6546", "websiteUrl": "https://purl.stanford.edu/ts051jw6546", "title": "[日本] 五万分一地形圖", "ckey": 9741696, "available": true, "iiifUrl": "https://purl.stanford.edu/ts051jw6546/iiif/manifest" }, "geometry": { "type": "Polygon", "coordinates": [ [ [ 131.75, 34.3333335 ], [ 132.0, 34.3333335 ], [ 132.0, 34.5000002 ], [ 131.75, 34.5000002 ], [ 131.75, 34.3333335 ] ] ] } },
{ "type": "Feature", "properties": { "Id": 0, "Sheet_ID": "山口 9", "label": "山口 9", "call_short": "G7960 S50 .K61", "call_num": "G7960 S50 .K61 NI-52-3-9", "recid": "pj737fs4055", "websiteUrl": "https://purl.stanford.edu/pj737fs4055", "title": "[日本] 五万分一地形圖", "ckey": 9741696, "available": true, "iiifUrl": "https://purl.stanford.edu/pj737fs4055/iiif/manifest" }, "geometry": { "type": "Polygon", "coordinates": [ [ [ 131.25, 34.5000002 ], [ 131.5, 34.5000002 ], [ 131.5, 34.666667 ], [ 131.25, 34.666667 ], [ 131.25, 34.5000002 ] ] ] } },
{ "type": "Feature", "properties": { "Id": 0, "Sheet_ID": "山口 5", "label": "山口 5", "call_short": "G7960 S50 .K61", "call_num": "G7960 S50 .K61 NI-52-3-5", "recid": "cx250qw4471", "websiteUrl": "https://purl.stanford.edu/cx250qw4471", "title": "[日本] 五万分一地形圖", "ckey": 9741696, "available": true, "iiifUrl": "https://purl.stanford.edu/cx250qw4471/iiif/manifest" }, "geometry": { "type": "Polygon", "coordinates": [ [ [ 131.5, 34.5000002 ], [ 131.75, 34.5000002 ], [ 131.75, 34.666667 ], [ 131.5, 34.666667 ], [ 131.5, 34.5000002 ] ] ] } },
{ "type": "Feature", "properties": { "Id": 0, "Sheet_ID": "山口 1", "label": "山口 1", "call_short": "G7960 S50 .K61", "call_num": "G7960 S50 .K61 NI-52-3-1", "recid": "wh968gg9235", "websiteUrl": "https://purl.stanford.edu/wh968gg9235", "title": "[日本] 五万分一地形圖", "ckey": 9741696, "available": true, "iiifUrl": "https://purl.stanford.edu/wh968gg9235/iiif/manifest" }, "geometry": { "type": "Polygon", "coordinates": [ [ [ 131.75, 34.5000002 ], [ 132.0, 34.5000002 ], [ 132.0, 34.666667 ], [ 131.75, 34.666667 ], [ 131.75, 34.5000002 ] ] ] } },
{ "type": "Feature", "properties": { "Id": 0, "Sheet_ID": "見嶋 16", "label": "見嶋 16", "call_short": "G7960 S50 .K61", "call_num": "G7960 S50 .K61 NI-52-2-16", "recid": "xq579gv7298", "websiteUrl": "https://purl.stanford.edu/xq579gv7298", "title": "[日本] 五万分一地形圖", "ckey": 9741696, "available": true, "iiifUrl": "https://purl.stanford.edu/xq579gv7298/iiif/manifest" }, "geometry": { "type": "Polygon", "coordinates": [ [ [ 131.0, 34.666667 ], [ 131.25, 34.666667 ], [ 131.25, 34.8333335 ], [ 131.0, 34.8333335 ], [ 131.0, 34.666667 ] ] ] } },
{ "type": "Feature", "properties": { "Id": 0, "Sheet_ID": "見嶋 8", "label": "見嶋 8", "call_short": "G7960 S50 .K61", "call_num": "G7960 S50 .K61 NI-52-2-8", "recid": "hp782kb4522", "websiteUrl": "https://purl.stanford.edu/hp782kb4522", "title": "[日本] 五万分一地形圖", "ckey": 9741696, "available": true, "iiifUrl": "https://purl.stanford.edu/hp782kb4522/iiif/manifest" }, "geometry": { "type": "Polygon", "coordinates": [ [ [ 131.5, 34.666667 ], [ 131.75, 34.666667 ], [ 131.75, 34.8333335 ], [ 131.5, 34.8333335 ], [ 131.5, 34.666667 ] ] ] } },
{ "type": "Feature", "properties": { "Id": 0, "Sheet_ID": "見嶋 4", "label": "見嶋 4", "call_short": "G7960 S50 .K61", "call_num": "G7960 S50 .K61 NI-52-2-4", "recid": "xh912vh6330", "websiteUrl": "https://purl.stanford.edu/xh912vh6330", "title": "[日本] 五万分一地形圖", "ckey": 9741696, "available": true, "iiifUrl": "https://purl.stanford.edu/xh912vh6330/iiif/manifest" }, "geometry": { "type": "Polygon", "coordinates": [ [ [ 131.85, 34.84 ], [ 131.82, 34.84 ], [ 131.82, 34.8333335 ], [ 131.75, 34.8333335 ], [ 131.75, 34.666667 ], [ 132.0, 34.666667 ], [ 132.0, 34.8333335 ], [ 131.85, 34.8333335 ], [ 131.85, 34.84 ] ] ] } },
{ "type": "Feature", "properties": { "Id": 0, "Sheet_ID": "須美壽島 16", "label": "須美壽島 16", "call_short": "G7960 S50 .K61", "call_num": "G7960 S50 .K61 NH-54-19-16", "recid": "wy350db5629", "websiteUrl": "https://purl.stanford.edu/wy350db5629", "title": "[日本] 五万分一地形圖", "ckey": 9741696, "available": true, "iiifUrl": "https://purl.stanford.edu/wy350db5629/iiif/manifest" }, "geometry": { "type": "Polygon", "coordinates": [ [ [ 140.0, 31.333333 ], [ 140.25, 31.333333 ], [ 140.25, 31.4999998 ], [ 140.0, 31.4999998 ], [ 140.0, 31.333333 ] ] ] } },
{ "type": "Feature", "properties": { "Id": 0, "Sheet_ID": "奄美大島 16", "label": "奄美大島 16", "call_short": "G7960 S50 .K61", "call_num": "G7960 S50 .K61 NH-52-18-16", "recid": "dw736kj0912", "websiteUrl": "https://purl.stanford.edu/dw736kj0912", "title": "[日本] 五万分一地形圖", "ckey": 9741696, "available": true, "iiifUrl": "https://purl.stanford.edu/dw736kj0912/iiif/manifest" }, "geometry": { "type": "Polygon", "coordinates": [ [ [ 129.0, 28.0 ], [ 129.25, 28.0 ], [ 129.25, 28.1666668 ], [ 129.0, 28.1666668 ], [ 129.0, 28.0 ] ] ] } },
{ "type": "Feature", "properties": { "Id": 0, "Sheet_ID": "奄美大島 12", "label": "奄美大島 12", "call_short": "G7960 S50 .K61", "call_num": "G7960 S50 .K61 NH-52-18-12", "recid": "hp111gs7027", "websiteUrl": "https://purl.stanford.edu/hp111gs7027", "title": "[日本] 五万分一地形圖", "ckey": 9741696, "available": true, "iiifUrl": "https://purl.stanford.edu/hp111gs7027/iiif/manifest" }, "geometry": { "type": "Polygon", "coordinates": [ [ [ 129.25, 28.0 ], [ 129.5, 28.0 ], [ 129.5, 28.1666668 ], [ 129.25, 28.1666668 ], [ 129.25, 28.0 ] ] ] } },
{ "type": "Feature", "properties": { "Id": 0, "Sheet_ID": "奄美大島 15", "label": "奄美大島 15", "call_short": "G7960 S50 .K61", "call_num": "G7960 S50 .K61 NH-52-18-15", "recid": "jq796vt2845", "websiteUrl": "https://purl.stanford.edu/jq796vt2845", "title": "[日本] 五万分一地形圖", "ckey": 9741696, "available": true, "iiifUrl": "https://purl.stanford.edu/jq796vt2845/iiif/manifest" }, "geometry": { "type": "Polygon", "coordinates": [ [ [ 129.0, 28.1666668 ], [ 129.25, 28.1666668 ], [ 129.25, 28.3333335 ], [ 129.0, 28.3333335 ], [ 129.0, 28.1666668 ] ] ] } },
{ "type": "Feature", "properties": { "Id": 0, "Sheet_ID": "奄美大島 11", "label": "奄美大島 11", "call_short": "0", "call_num": "0", "recid": "0", "websiteUrl": "0", "title": "0", "ckey": 0, "available": false, "iiifUrl": "0" }, "geometry": { "type": "Polygon", "coordinates": [ [ [ 129.25, 28.1666668 ], [ 129.5, 28.1666668 ], [ 129.5, 28.3333335 ], [ 129.25, 28.3333335 ], [ 129.25, 28.1666668 ] ] ] } },
{ "type": "Feature", "properties": { "Id": 0, "Sheet_ID": "奄美大島 7", "label": "奄美大島 7", "call_short": "G7960 S50 .K61", "call_num": "G7960 S50 .K61 NH-52-18-7", "recid": "pt232ny4527", "websiteUrl": "https://purl.stanford.edu/pt232ny4527", "title": "[日本] 五万分一地形圖", "ckey": 9741696, "available": true, "iiifUrl": "https://purl.stanford.edu/pt232ny4527/iiif/manifest" }, "geometry": { "type": "Polygon", "coordinates": [ [ [ 129.5, 28.1666668 ], [ 129.75, 28.1666668 ], [ 129.75, 28.3333335 ], [ 129.5, 28.3333335 ], [ 129.5, 28.1666668 ] ] ] } },
{ "type": "Feature", "properties": { "Id": 0, "Sheet_ID": "奄美大島 2/3", "label": "奄美大島 2/3", "call_short": "G7960 S50 .K61", "call_num": "G7960 S50 .K61 NH-52-18-2/3", "recid": "fc275bp1442", "websiteUrl": "https://purl.stanford.edu/fc275bp1442", "title": "[日本] 五万分一地形圖", "ckey": 9741696, "available": true, "iiifUrl": "https://purl.stanford.edu/fc275bp1442/iiif/manifest" }, "geometry": { "type": "Polygon", "coordinates": [ [ [ 129.875, 28.25 ], [ 130.125, 28.25 ], [ 130.125, 28.416667 ], [ 129.875, 28.416667 ], [ 129.875, 28.25 ] ] ] } },
{ "type": "Feature", "properties": { "Id": 0, "Sheet_ID": "奄美大島 10", "label": "奄美大島 10", "call_short": "G7960 S50 .K61", "call_num": "G7960 S50 .K61 NH-52-18-10", "recid": "jx151dp8705", "websiteUrl": "https://purl.stanford.edu/jx151dp8705", "title": "[日本] 五万分一地形圖", "ckey": 9741696, "available": true, "iiifUrl": "https://purl.stanford.edu/jx151dp8705/iiif/manifest" }, "geometry": { "type": "Polygon", "coordinates": [ [ [ 129.25, 28.3333335 ], [ 129.5, 28.3333335 ], [ 129.5, 28.5000003 ], [ 129.25, 28.5000003 ], [ 129.25, 28.3333335 ] ] ] } },
{ "type": "Feature", "properties": { "Id": 0, "Sheet_ID": "奄美大島 6", "label": "奄美大島 6", "call_short": "0", "call_num": "0", "recid": "0", "websiteUrl": "0", "title": "0", "ckey": 0, "available": false, "iiifUrl": "0" }, "geometry": { "type": "Polygon", "coordinates": [ [ [ 129.5, 28.3333335 ], [ 129.75, 28.3333335 ], [ 129.75, 28.5000003 ], [ 129.5, 28.5000003 ], [ 129.5, 28.3333335 ] ] ] } },
{ "type": "Feature", "properties": { "Id": 0, "Sheet_ID": "奄美大島 5", "label": "奄美大島 5", "call_short": "G7960 S50 .K61", "call_num": "G7960 S50 .K61 NH-52-18-5", "recid": "vr639qk0236", "websiteUrl": "https://purl.stanford.edu/vr639qk0236", "title": "[日本] 五万分一地形圖", "ckey": 9741696, "available": true, "iiifUrl": "https://purl.stanford.edu/vr639qk0236/iiif/manifest" }, "geometry": { "type": "Polygon", "coordinates": [ [ [ 129.5, 28.5000002 ], [ 129.75, 28.5000002 ], [ 129.75, 28.666667 ], [ 129.5, 28.666667 ], [ 129.5, 28.5000002 ] ] ] } },
{ "type": "Feature", "properties": { "Id": 0, "Sheet_ID": "中之島 8", "label": "中之島 8", "call_short": "0", "call_num": "0", "recid": "0", "websiteUrl": "0", "title": "0", "ckey": 0, "available": false, "iiifUrl": "0" }, "geometry": { "type": "Polygon", "coordinates": [ [ [ 129.5, 29.333333 ], [ 129.75, 29.333333 ], [ 129.75, 29.4999998 ], [ 129.5, 29.4999998 ], [ 129.5, 29.333333 ] ] ] } },
{ "type": "Feature", "properties": { "Id": 0, "Sheet_ID": "中之島 8", "label": "中之島 8", "call_short": "0", "call_num": "0", "recid": "0", "websiteUrl": "0", "title": "0", "ckey": 0, "available": false, "iiifUrl": "0" }, "geometry": { "type": "Polygon", "coordinates": [ [ [ 129.5, 29.4999998 ], [ 129.75, 29.4999998 ], [ 129.75, 29.6666665 ], [ 129.5, 29.6666665 ], [ 129.5, 29.4999998 ] ] ] } },
{ "type": "Feature", "properties": { "Id": 0, "Sheet_ID": "中之島 6", "label": "中之島 6", "call_short": "G7960 S50 .K61", "call_num": "G7960 S50 .K61 NH-52-16-6", "recid": "hx450wp2516", "websiteUrl": "https://purl.stanford.edu/hx450wp2516", "title": "[日本] 五万分一地形圖", "ckey": 9741696, "available": true, "iiifUrl": "https://purl.stanford.edu/hx450wp2516/iiif/manifest" }, "geometry": { "type": "Polygon", "coordinates": [ [ [ 129.5, 29.6666665 ], [ 129.75, 29.6666665 ], [ 129.75, 29.8333332 ], [ 129.5, 29.8333332 ], [ 129.5, 29.6666665 ] ] ] } },
{ "type": "Feature", "properties": { "Id": 0, "Sheet_ID": "中之島 2", "label": "中之島 2", "call_short": "0", "call_num": "0", "recid": "0", "websiteUrl": "0", "title": "0", "ckey": 0, "available": false, "iiifUrl": "0" }, "geometry": { "type": "Polygon", "coordinates": [ [ [ 129.75, 29.6666665 ], [ 130.0, 29.6666665 ], [ 130.0, 29.8333332 ], [ 129.75, 29.8333332 ], [ 129.75, 29.6666665 ] ] ] } },
{ "type": "Feature", "properties": { "Id": 0, "Sheet_ID": "中之島 5", "label": "中之島 5", "call_short": "G7960 S50 .K61", "call_num": "G7960 S50 .K61 NH-52-16-5", "recid": "tg272qf7632", "websiteUrl": "https://purl.stanford.edu/tg272qf7632", "title": "[日本] 五万分一地形圖", "ckey": 9741696, "available": true, "iiifUrl": "https://purl.stanford.edu/tg272qf7632/iiif/manifest" }, "geometry": { "type": "Polygon", "coordinates": [ [ [ 129.5, 29.8333332 ], [ 129.75, 29.8333332 ], [ 129.75, 30.0 ], [ 129.5, 30.0 ], [ 129.5, 29.8333332 ] ] ] } },
{ "type": "Feature", "properties": { "Id": 0, "Sheet_ID": "中之島 1", "label": "中之島 1", "call_short": "0", "call_num": "0", "recid": "0", "websiteUrl": "0", "title": "0", "ckey": 0, "available": false, "iiifUrl": "0" }, "geometry": { "type": "Polygon", "coordinates": [ [ [ 129.75, 29.8333332 ], [ 130.0, 29.8333332 ], [ 130.0, 30.0 ], [ 129.75, 30.0 ], [ 129.75, 29.8333332 ] ] ] } },
{ "type": "Feature", "properties": { "Id": 0, "Sheet_ID": "甑島 7", "label": "甑島 7", "call_short": "G7960 S50 .K61", "call_num": "G7960 S50 .K61 NH-52-13-7", "recid": "qj546sn2401", "websiteUrl": "https://purl.stanford.edu/qj546sn2401", "title": "[日本] 五万分一地形圖", "ckey": 9741696, "available": true, "iiifUrl": "https://purl.stanford.edu/qj546sn2401/iiif/manifest" }, "geometry": { "type": "Polygon", "coordinates": [ [ [ 129.5, 31.4999998 ], [ 129.75, 31.4999998 ], [ 129.75, 31.6666665 ], [ 129.5, 31.6666665 ], [ 129.5, 31.4999998 ] ] ] } },
{ "type": "Feature", "properties": { "Id": 0, "Sheet_ID": "甑島 6", "label": "甑島 6", "call_short": "G7960 S50 .K61", "call_num": "G7960 S50 .K61 NH-52-13-6", "recid": "vb937nz2270", "websiteUrl": "https://purl.stanford.edu/vb937nz2270", "title": "[日本] 五万分一地形圖", "ckey": 9741696, "available": true, "iiifUrl": "https://purl.stanford.edu/vb937nz2270/iiif/manifest" }, "geometry": { "type": "Polygon", "coordinates": [ [ [ 129.5, 31.6666665 ], [ 129.75, 31.6666665 ], [ 129.75, 31.8333332 ], [ 129.5, 31.8333332 ], [ 129.5, 31.6666665 ] ] ] } },
{ "type": "Feature", "properties": { "Id": 0, "Sheet_ID": "甑島 2", "label": "甑島 2", "call_short": "G7960 S50 .K61", "call_num": "G7960 S50 .K61 NH-52-13-2", "recid": "py659kw8652", "websiteUrl": "https://purl.stanford.edu/py659kw8652", "title": "[日本] 五万分一地形圖", "ckey": 9741696, "available": true, "iiifUrl": "https://purl.stanford.edu/py659kw8652/iiif/manifest" }, "geometry": { "type": "Polygon", "coordinates": [ [ [ 129.75, 31.6666665 ], [ 130.0, 31.6666665 ], [ 130.0, 31.8333332 ], [ 129.75, 31.8333332 ], [ 129.75, 31.6666665 ] ] ] } },
{ "type": "Feature", "properties": { "Id": 0, "Sheet_ID": "甑島 1", "label": "甑島 1", "call_short": "G7960 S50 .K61", "call_num": "G7960 S50 .K61 NH-52-13-1", "recid": "vm817td8667", "websiteUrl": "https://purl.stanford.edu/vm817td8667", "title": "[日本] 五万分一地形圖", "ckey": 9741696, "available": true, "iiifUrl": "https://purl.stanford.edu/vm817td8667/iiif/manifest" }, "geometry": { "type": "Polygon", "coordinates": [ [ [ 129.75, 31.8333332 ], [ 130.0, 31.8333332 ], [ 130.0, 32.0 ], [ 129.75, 32.0 ], [ 129.75, 31.8333332 ] ] ] } },
{ "type": "Feature", "properties": { "Id": 0, "Sheet_ID": "屋久島 11", "label": "屋久島 11", "call_short": "0", "call_num": "0", "recid": "0", "websiteUrl": "0", "title": "0", "ckey": 0, "available": false, "iiifUrl": "0" }, "geometry": { "type": "Polygon", "coordinates": [ [ [ 130.25, 30.1666668 ], [ 130.5, 30.1666668 ], [ 130.5, 30.3333335 ], [ 130.25, 30.3333335 ], [ 130.25, 30.1666668 ] ] ] } },
{ "type": "Feature", "properties": { "Id": 0, "Sheet_ID": "屋久島 7", "label": "屋久島 7", "call_short": "0", "call_num": "0", "recid": "0", "websiteUrl": "0", "title": "0", "ckey": 0, "available": false, "iiifUrl": "0" }, "geometry": { "type": "Polygon", "coordinates": [ [ [ 130.5, 30.1666668 ], [ 130.75, 30.1666668 ], [ 130.75, 30.3333335 ], [ 130.5, 30.3333335 ], [ 130.5, 30.1666668 ] ] ] } },
{ "type": "Feature", "properties": { "Id": 0, "Sheet_ID": "屋久島 14", "label": "屋久島 14", "call_short": "0", "call_num": "0", "recid": "0", "websiteUrl": "0", "title": "0", "ckey": 0, "available": false, "iiifUrl": "0" }, "geometry": { "type": "Polygon", "coordinates": [ [ [ 130.0, 30.3333335 ], [ 130.25, 30.3333335 ], [ 130.25, 30.5000003 ], [ 130.0, 30.5000003 ], [ 130.0, 30.3333335 ] ] ] } },
{ "type": "Feature", "properties": { "Id": 0, "Sheet_ID": "屋久島 10", "label": "屋久島 10", "call_short": "0", "call_num": "0", "recid": "0", "websiteUrl": "0", "title": "0", "ckey": 0, "available": false, "iiifUrl": "0" }, "geometry": { "type": "Polygon", "coordinates": [ [ [ 130.25, 30.3333335 ], [ 130.5, 30.3333335 ], [ 130.5, 30.5000003 ], [ 130.25, 30.5000003 ], [ 130.25, 30.3333335 ] ] ] } },
{ "type": "Feature", "properties": { "Id": 0, "Sheet_ID": "屋久島 6", "label": "屋久島 6", "call_short": "G7960 S50 .K61", "call_num": "G7960 S50 .K61 NH-52-9-6", "recid": "ft528vv5105", "websiteUrl": "https://purl.stanford.edu/ft528vv5105", "title": "[日本] 五万分一地形圖", "ckey": 9741696, "available": true, "iiifUrl": "https://purl.stanford.edu/ft528vv5105/iiif/manifest" }, "geometry": { "type": "Polygon", "coordinates": [ [ [ 130.5, 30.3333335 ], [ 130.75, 30.3333335 ], [ 130.75, 30.5000003 ], [ 130.5, 30.5000003 ], [ 130.5, 30.3333335 ] ] ] } },
{ "type": "Feature", "properties": { "Id": 0, "Sheet_ID": "屋久島 2", "label": "屋久島 2", "call_short": "0", "call_num": "0", "recid": "0", "websiteUrl": "0", "title": "0", "ckey": 0, "available": false, "iiifUrl": "0" }, "geometry": { "type": "Polygon", "coordinates": [ [ [ 130.75, 30.3333335 ], [ 131.0, 30.3333335 ], [ 131.0, 30.5000003 ], [ 130.75, 30.5000003 ], [ 130.75, 30.3333335 ] ] ] } },
{ "type": "Feature", "properties": { "Id": 0, "Sheet_ID": "屋久島 1_東部", "label": "屋久島 1_東部", "call_short": "G7960 S50 .K61", "call_num": "G7960 S50 .K61 NH-52-9-1 EAST", "recid": "vt525bq0826", "websiteUrl": "https://purl.stanford.edu/vt525bq0826", "title": "[日本] 五万分一地形圖", "ckey": 9741696, "available": true, "iiifUrl": "https://purl.stanford.edu/vt525bq0826/iiif/manifest" }, "geometry": { "type": "Polygon", "coordinates": [ [ [ 131.25, 30.5000003 ], [ 131.25, 30.666667 ], [ 131.0, 30.666667 ], [ 131.0, 30.5000003 ], [ 131.25, 30.5000003 ] ] ] } },
{ "type": "Feature", "properties": { "Id": 0, "Sheet_ID": "屋久島 1", "label": "屋久島 1", "call_short": "G7960 S50 .K61", "call_num": "G7960 S50 .K61 NH-52-9-1", "recid": "kq205sv4014", "websiteUrl": "https://purl.stanford.edu/kq205sv4014", "title": "[日本] 五万分一地形圖", "ckey": 9741696, "available": true, "iiifUrl": "https://purl.stanford.edu/kq205sv4014/iiif/manifest" }, "geometry": { "type": "Polygon", "coordinates": [ [ [ 130.75, 30.5000002 ], [ 131.0, 30.5000002 ], [ 131.0, 30.666667 ], [ 130.75, 30.666667 ], [ 130.75, 30.5000002 ] ] ] } },
{ "type": "Feature", "properties": { "Id": 0, "Sheet_ID": "鹿児島 16", "label": "鹿児島 16", "call_short": "G7960 S50 .K61", "call_num": "G7960 S50 .K61 NH-52-7-16", "recid": "vg035sz9311", "websiteUrl": "https://purl.stanford.edu/vg035sz9311", "title": "[日本] 五万分一地形圖", "ckey": 9741696, "available": true, "iiifUrl": "https://purl.stanford.edu/vg035sz9311/iiif/manifest" }, "geometry": { "type": "Polygon", "coordinates": [ [ [ 130.0, 31.333333 ], [ 130.25, 31.333333 ], [ 130.25, 31.4999998 ], [ 130.0, 31.4999998 ], [ 130.0, 31.333333 ] ] ] } },
{ "type": "Feature", "properties": { "Id": 0, "Sheet_ID": "鹿児島 12", "label": "鹿児島 12", "call_short": "G7960 S50 .K61", "call_num": "G7960 S50 .K61 NH-52-7-12", "recid": "cb449nn6254", "websiteUrl": "https://purl.stanford.edu/cb449nn6254", "title": "[日本] 五万分一地形圖", "ckey": 9741696, "available": true, "iiifUrl": "https://purl.stanford.edu/cb449nn6254/iiif/manifest" }, "geometry": { "type": "Polygon", "coordinates": [ [ [ 130.25, 31.333333 ], [ 130.5, 31.333333 ], [ 130.5, 31.4999998 ], [ 130.25, 31.4999998 ], [ 130.25, 31.333333 ] ] ] } },
{ "type": "Feature", "properties": { "Id": 0, "Sheet_ID": "鹿児島 8", "label": "鹿児島 8", "call_short": "G7960 S50 .K61", "call_num": "G7960 S50 .K61 NH-52-7-8", "recid": "vs313hw6981", "websiteUrl": "https://purl.stanford.edu/vs313hw6981", "title": "[日本] 五万分一地形圖", "ckey": 9741696, "available": true, "iiifUrl": "https://purl.stanford.edu/vs313hw6981/iiif/manifest" }, "geometry": { "type": "Polygon", "coordinates": [ [ [ 130.5, 31.333333 ], [ 130.75, 31.333333 ], [ 130.75, 31.4999998 ], [ 130.5, 31.4999998 ], [ 130.5, 31.333333 ] ] ] } },
{ "type": "Feature", "properties": { "Id": 0, "Sheet_ID": "鹿児島 4", "label": "鹿児島 4", "call_short": "G7960 S50 .K61", "call_num": "G7960 S50 .K61 NH-52-7-4", "recid": "gd795yk1227", "websiteUrl": "https://purl.stanford.edu/gd795yk1227", "title": "[日本] 五万分一地形圖", "ckey": 9741696, "available": true, "iiifUrl": "https://purl.stanford.edu/gd795yk1227/iiif/manifest" }, "geometry": { "type": "Polygon", "coordinates": [ [ [ 130.75, 31.333333 ], [ 131.0, 31.333333 ], [ 131.0, 31.4999998 ], [ 130.75, 31.4999998 ], [ 130.75, 31.333333 ] ] ] } },
{ "type": "Feature", "properties": { "Id": 0, "Sheet_ID": "鹿児島 15", "label": "鹿児島 15", "call_short": "0", "call_num": "0", "recid": "0", "websiteUrl": "0", "title": "0", "ckey": 0, "available": false, "iiifUrl": "0" }, "geometry": { "type": "Polygon", "coordinates": [ [ [ 130.0, 31.4999998 ], [ 130.25, 31.4999998 ], [ 130.25, 31.6666665 ], [ 130.0, 31.6666665 ], [ 130.0, 31.4999998 ] ] ] } },
{ "type": "Feature", "properties": { "Id": 0, "Sheet_ID": "鹿児島 11", "label": "鹿児島 11", "call_short": "G7960 S50 .K61", "call_num": "G7960 S50 .K61 NH-52-7-11", "recid": "vt648fk3015", "websiteUrl": "https://purl.stanford.edu/vt648fk3015", "title": "[日本] 五万分一地形圖", "ckey": 9741696, "available": true, "iiifUrl": "https://purl.stanford.edu/vt648fk3015/iiif/manifest" }, "geometry": { "type": "Polygon", "coordinates": [ [ [ 130.25, 31.4999998 ], [ 130.5, 31.4999998 ], [ 130.5, 31.6666665 ], [ 130.25, 31.6666665 ], [ 130.25, 31.4999998 ] ] ] } },
{ "type": "Feature", "properties": { "Id": 0, "Sheet_ID": "鹿児島 7", "label": "鹿児島 7", "call_short": "G7960 S50 .K61", "call_num": "G7960 S50 .K61 NH-52-7-7", "recid": "xb080fh8320", "websiteUrl": "https://purl.stanford.edu/xb080fh8320", "title": "[日本] 五万分一地形圖", "ckey": 9741696, "available": true, "iiifUrl": "https://purl.stanford.edu/xb080fh8320/iiif/manifest" }, "geometry": { "type": "Polygon", "coordinates": [ [ [ 130.5, 31.4999998 ], [ 130.75, 31.4999998 ], [ 130.75, 31.6666665 ], [ 130.5, 31.6666665 ], [ 130.5, 31.4999998 ] ] ] } },
{ "type": "Feature", "properties": { "Id": 0, "Sheet_ID": "鹿児島 3", "label": "鹿児島 3", "call_short": "G7960 S50 .K61", "call_num": "G7960 S50 .K61 NH-52-7-3", "recid": "bd076tc0298", "websiteUrl": "https://purl.stanford.edu/bd076tc0298", "title": "[日本] 五万分一地形圖", "ckey": 9741696, "available": true, "iiifUrl": "https://purl.stanford.edu/bd076tc0298/iiif/manifest" }, "geometry": { "type": "Polygon", "coordinates": [ [ [ 130.75, 31.4999998 ], [ 131.0, 31.4999998 ], [ 131.0, 31.6666665 ], [ 130.75, 31.6666665 ], [ 130.75, 31.4999998 ] ] ] } },
{ "type": "Feature", "properties": { "Id": 0, "Sheet_ID": "鹿児島 14", "label": "鹿児島 14", "call_short": "G7960 S50 .K61", "call_num": "G7960 S50 .K61 NH-52-7-14", "recid": "cs737tb1378", "websiteUrl": "https://purl.stanford.edu/cs737tb1378", "title": "[日本] 五万分一地形圖", "ckey": 9741696, "available": true, "iiifUrl": "https://purl.stanford.edu/cs737tb1378/iiif/manifest" }, "geometry": { "type": "Polygon", "coordinates": [ [ [ 130.0, 31.6666665 ], [ 130.25, 31.6666665 ], [ 130.25, 31.8333332 ], [ 130.0, 31.8333332 ], [ 130.0, 31.6666665 ] ] ] } },
{ "type": "Feature", "properties": { "Id": 0, "Sheet_ID": "鹿児島 10", "label": "鹿児島 10", "call_short": "G7960 S50 .K61", "call_num": "G7960 S50 .K61 NH-52-7-10", "recid": "bs445zj3498", "websiteUrl": "https://purl.stanford.edu/bs445zj3498", "title": "[日本] 五万分一地形圖", "ckey": 9741696, "available": true, "iiifUrl": "https://purl.stanford.edu/bs445zj3498/iiif/manifest" }, "geometry": { "type": "Polygon", "coordinates": [ [ [ 130.25, 31.6666665 ], [ 130.5, 31.6666665 ], [ 130.5, 31.8333332 ], [ 130.25, 31.8333332 ], [ 130.25, 31.6666665 ] ] ] } },
{ "type": "Feature", "properties": { "Id": 0, "Sheet_ID": "鹿児島 6", "label": "鹿児島 6", "call_short": "G7960 S50 .K61", "call_num": "G7960 S50 .K61 NH-52-7-6", "recid": "nh479mb0291", "websiteUrl": "https://purl.stanford.edu/nh479mb0291", "title": "[日本] 五万分一地形圖", "ckey": 9741696, "available": true, "iiifUrl": "https://purl.stanford.edu/nh479mb0291/iiif/manifest" }, "geometry": { "type": "Polygon", "coordinates": [ [ [ 130.5, 31.6666665 ], [ 130.75, 31.6666665 ], [ 130.75, 31.8333332 ], [ 130.5, 31.8333332 ], [ 130.5, 31.6666665 ] ] ] } },
{ "type": "Feature", "properties": { "Id": 0, "Sheet_ID": "鹿児島 2", "label": "鹿児島 2", "call_short": "G7960 S50 .K61", "call_num": "G7960 S50 .K61 NH-52-7-2", "recid": "hj587qb2191", "websiteUrl": "https://purl.stanford.edu/hj587qb2191", "title": "[日本] 五万分一地形圖", "ckey": 9741696, "available": true, "iiifUrl": "https://purl.stanford.edu/hj587qb2191/iiif/manifest" }, "geometry": { "type": "Polygon", "coordinates": [ [ [ 130.75, 31.6666665 ], [ 131.0, 31.6666665 ], [ 131.0, 31.8333332 ], [ 130.75, 31.8333332 ], [ 130.75, 31.6666665 ] ] ] } },
{ "type": "Feature", "properties": { "Id": 0, "Sheet_ID": "鹿児島 13", "label": "鹿児島 13", "call_short": "G7960 S50 .K61", "call_num": "G7960 S50 .K61 NH-52-7-13", "recid": "xw039np9324", "websiteUrl": "https://purl.stanford.edu/xw039np9324", "title": "[日本] 五万分一地形圖", "ckey": 9741696, "available": true, "iiifUrl": "https://purl.stanford.edu/xw039np9324/iiif/manifest" }, "geometry": { "type": "Polygon", "coordinates": [ [ [ 130.0, 31.8333332 ], [ 130.25, 31.8333332 ], [ 130.25, 32.0 ], [ 130.0, 32.0 ], [ 130.0, 31.8333332 ] ] ] } },
{ "type": "Feature", "properties": { "Id": 0, "Sheet_ID": "鹿児島 9", "label": "鹿児島 9", "call_short": "G7960 S50 .K61", "call_num": "G7960 S50 .K61 NH-52-7-9", "recid": "vb946jq6084", "websiteUrl": "https://purl.stanford.edu/vb946jq6084", "title": "[日本] 五万分一地形圖", "ckey": 9741696, "available": true, "iiifUrl": "https://purl.stanford.edu/vb946jq6084/iiif/manifest" }, "geometry": { "type": "Polygon", "coordinates": [ [ [ 130.25, 31.8333332 ], [ 130.5, 31.8333332 ], [ 130.5, 32.0 ], [ 130.25, 32.0 ], [ 130.25, 31.8333332 ] ] ] } },
{ "type": "Feature", "properties": { "Id": 0, "Sheet_ID": "鹿児島 5", "label": "鹿児島 5", "call_short": "G7960 S50 .K61", "call_num": "G7960 S50 .K61 NH-52-7-5", "recid": "qp456gj4008", "websiteUrl": "https://purl.stanford.edu/qp456gj4008", "title": "[日本] 五万分一地形圖", "ckey": 9741696, "available": true, "iiifUrl": "https://purl.stanford.edu/qp456gj4008/iiif/manifest" }, "geometry": { "type": "Polygon", "coordinates": [ [ [ 130.5, 31.8333332 ], [ 130.75, 31.8333332 ], [ 130.75, 32.0 ], [ 130.5, 32.0 ], [ 130.5, 31.8333332 ] ] ] } },
{ "type": "Feature", "properties": { "Id": 0, "Sheet_ID": "鹿児島 1 ED.2", "label": "鹿児島 1 ED.2", "call_short": "G7960 S50 .K61", "call_num": "G7960 S50 .K61 NH-52-7-1 ED.2", "recid": "cs482xg2311", "websiteUrl": "https://purl.stanford.edu/cs482xg2311", "title": "[日本] 五万分一地形圖", "ckey": 9741696, "available": true, "iiifUrl": "https://purl.stanford.edu/cs482xg2311/iiif/manifest" }, "geometry": { "type": "Polygon", "coordinates": [ [ [ 130.75, 31.8333332 ], [ 131.0, 31.8333332 ], [ 131.0, 32.0 ], [ 130.75, 32.0 ], [ 130.75, 31.8333332 ] ] ] } },
{ "type": "Feature", "properties": { "Id": 0, "Sheet_ID": "鹿児島 1", "label": "鹿児島 1", "call_short": "G7960 S50 .K61", "call_num": "G7960 S50 .K61 NH-52-7-1", "recid": "gw986xh2826", "websiteUrl": "https://purl.stanford.edu/gw986xh2826", "title": "[日本] 五万分一地形圖", "ckey": 9741696, "available": true, "iiifUrl": "https://purl.stanford.edu/gw986xh2826/iiif/manifest" }, "geometry": { "type": "Polygon", "coordinates": [ [ [ 130.75, 31.8333333 ], [ 131.0, 31.8333333 ], [ 131.0, 32.0 ], [ 130.75, 32.0 ], [ 130.75, 31.8333333 ] ] ] } },
{ "type": "Feature", "properties": { "Id": 0, "Sheet_ID": "宮崎 16", "label": "宮崎 16", "call_short": "G7960 S50 .K61", "call_num": "G7960 S50 .K61 NH-52-1-16", "recid": "gv306vh3285", "websiteUrl": "https://purl.stanford.edu/gv306vh3285", "title": "[日本] 五万分一地形圖", "ckey": 9741696, "available": true, "iiifUrl": "https://purl.stanford.edu/gv306vh3285/iiif/manifest" }, "geometry": { "type": "Polygon", "coordinates": [ [ [ 131.0, 31.333333 ], [ 131.25, 31.333333 ], [ 131.25, 31.4999998 ], [ 131.0, 31.4999998 ], [ 131.0, 31.333333 ] ] ] } },
{ "type": "Feature", "properties": { "Id": 0, "Sheet_ID": "宮崎 12", "label": "宮崎 12", "call_short": "G7960 S50 .K61", "call_num": "G7960 S50 .K61 NH-52-1-12", "recid": "xt994dv1395", "websiteUrl": "https://purl.stanford.edu/xt994dv1395", "title": "[日本] 五万分一地形圖", "ckey": 9741696, "available": true, "iiifUrl": "https://purl.stanford.edu/xt994dv1395/iiif/manifest" }, "geometry": { "type": "Polygon", "coordinates": [ [ [ 131.25, 31.333333 ], [ 131.5, 31.333333 ], [ 131.5, 31.4999998 ], [ 131.25, 31.4999998 ], [ 131.25, 31.333333 ] ] ] } },
{ "type": "Feature", "properties": { "Id": 0, "Sheet_ID": "宮崎 15 ED.2", "label": "宮崎 15 ED.2", "call_short": "G7960 S50 .K61", "call_num": "G7960 S50 .K61 NH-52-1-15 ED.2", "recid": "tc441by6740", "websiteUrl": "https://purl.stanford.edu/tc441by6740", "title": "[日本] 五万分一地形圖", "ckey": 9741696, "available": true, "iiifUrl": "https://purl.stanford.edu/tc441by6740/iiif/manifest" }, "geometry": { "type": "Polygon", "coordinates": [ [ [ 131.0, 31.4999998 ], [ 131.25, 31.4999998 ], [ 131.25, 31.6666665 ], [ 131.0, 31.6666665 ], [ 131.0, 31.4999998 ] ] ] } },
{ "type": "Feature", "properties": { "Id": 0, "Sheet_ID": "宮崎 11", "label": "宮崎 11", "call_short": "G7960 S50 .K61", "call_num": "G7960 S50 .K61 NH-52-1-11", "recid": "kb538gn9888", "websiteUrl": "https://purl.stanford.edu/kb538gn9888", "title": "[日本] 五万分一地形圖", "ckey": 9741696, "available": true, "iiifUrl": "https://purl.stanford.edu/kb538gn9888/iiif/manifest" }, "geometry": { "type": "Polygon", "coordinates": [ [ [ 131.25, 31.4999998 ], [ 131.5, 31.4999998 ], [ 131.5, 31.6666665 ], [ 131.25, 31.6666665 ], [ 131.25, 31.4999998 ] ] ] } },
{ "type": "Feature", "properties": { "Id": 0, "Sheet_ID": "宮崎 14", "label": "宮崎 14", "call_short": "G7960 S50 .K61", "call_num": "G7960 S50 .K61 NH-52-1-14", "recid": "vs914db5108", "websiteUrl": "https://purl.stanford.edu/vs914db5108", "title": "[日本] 五万分一地形圖", "ckey": 9741696, "available": true, "iiifUrl": "https://purl.stanford.edu/vs914db5108/iiif/manifest" }, "geometry": { "type": "Polygon", "coordinates": [ [ [ 131.0, 31.6666665 ], [ 131.25, 31.6666665 ], [ 131.25, 31.8333332 ], [ 131.0, 31.8333332 ], [ 131.0, 31.6666665 ] ] ] } },
{ "type": "Feature", "properties": { "Id": 0, "Sheet_ID": "宮崎 10", "label": "宮崎 10", "call_short": "G7960 S50 .K61", "call_num": "G7960 S50 .K61 NH-52-1-10", "recid": "pr727gk1392", "websiteUrl": "https://purl.stanford.edu/pr727gk1392", "title": "[日本] 五万分一地形圖", "ckey": 9741696, "available": true, "iiifUrl": "https://purl.stanford.edu/pr727gk1392/iiif/manifest" }, "geometry": { "type": "Polygon", "coordinates": [ [ [ 131.25, 31.6666665 ], [ 131.5, 31.6666665 ], [ 131.5, 31.8333332 ], [ 131.25, 31.8333332 ], [ 131.25, 31.6666665 ] ] ] } },
{ "type": "Feature", "properties": { "Id": 0, "Sheet_ID": "宮崎 13", "label": "宮崎 13", "call_short": "G7960 S50 .K61", "call_num": "G7960 S50 .K61 NH-52-1-13", "recid": "tp100bz6619", "websiteUrl": "https://purl.stanford.edu/tp100bz6619", "title": "[日本] 五万分一地形圖", "ckey": 9741696, "available": true, "iiifUrl": "https://purl.stanford.edu/tp100bz6619/iiif/manifest" }, "geometry": { "type": "Polygon", "coordinates": [ [ [ 131.0, 31.8333332 ], [ 131.25, 31.8333332 ], [ 131.25, 32.0 ], [ 131.0, 32.0 ], [ 131.0, 31.8333332 ] ] ] } },
{ "type": "Feature", "properties": { "Id": 0, "Sheet_ID": "宮崎 9 ED.2", "label": "宮崎 9 ED.2", "call_short": "G7960 S50 .K61", "call_num": "G7960 S50 .K61 NH-52-1-9 ED.2", "recid": "pc105gc6088", "websiteUrl": "https://purl.stanford.edu/pc105gc6088", "title": "[日本] 五万分一地形圖", "ckey": 9741696, "available": true, "iiifUrl": "https://purl.stanford.edu/pc105gc6088/iiif/manifest" }, "geometry": { "type": "Polygon", "coordinates": [ [ [ 131.25, 31.8333332 ], [ 131.5, 31.8333332 ], [ 131.5, 32.0 ], [ 131.25, 32.0 ], [ 131.25, 31.8333332 ] ] ] } },
{ "type": "Feature", "properties": { "Id": 0, "Sheet_ID": "宮崎 9", "label": "宮崎 9", "call_short": "G7960 S50 .K61", "call_num": "G7960 S50 .K61 NH-52-1-9", "recid": "sw175tz5944", "websiteUrl": "https://purl.stanford.edu/sw175tz5944", "title": "[日本] 五万分一地形圖", "ckey": 9741696, "available": true, "iiifUrl": "https://purl.stanford.edu/sw175tz5944/iiif/manifest" }, "geometry": { "type": "Polygon", "coordinates": [ [ [ 131.25, 31.8333333 ], [ 131.5, 31.8333333 ], [ 131.5, 32.0 ], [ 131.25, 32.0 ], [ 131.25, 31.8333333 ] ] ] } },
{ "type": "Feature", "properties": { "Id": 0, "Sheet_ID": "宮崎 12 ED.2", "label": "宮崎 12 ED.2", "call_short": "G7960 S50 .K61", "call_num": "G7960 S50 .K61 NH-52-1-12 ED.2", "recid": "vk099km4855", "websiteUrl": "https://purl.stanford.edu/vk099km4855", "title": "[日本] 五万分一地形圖", "ckey": 9741696, "available": true, "iiifUrl": "https://purl.stanford.edu/vk099km4855/iiif/manifest" }, "geometry": { "type": "Polygon", "coordinates": [ [ [ 131.25, 31.333333 ], [ 131.5, 31.333333 ], [ 131.5, 31.4999997 ], [ 131.25, 31.4999997 ], [ 131.25, 31.333333 ] ] ] } },
{ "type": "Feature", "properties": { "Id": 0, "Sheet_ID": "宮崎 15", "label": "宮崎 15", "call_short": "G7960 S50 .K61", "call_num": "G7960 S50 .K61 NH-52-1-15", "recid": "ws561yn9597", "websiteUrl": "https://purl.stanford.edu/ws561yn9597", "title": "[日本] 五万分一地形圖", "ckey": 9741696, "available": true, "iiifUrl": "https://purl.stanford.edu/ws561yn9597/iiif/manifest" }, "geometry": { "type": "Polygon", "coordinates": [ [ [ 131.0, 31.4999997 ], [ 131.25, 31.4999997 ], [ 131.25, 31.6666665 ], [ 131.0, 31.6666665 ], [ 131.0, 31.4999997 ] ] ] } },
{ "type": "Feature", "properties": { "Id": 0, "Sheet_ID": "南大東島 9/10/13/14", "label": "南大東島 9/10/13/14", "call_short": "G7960 S50 .K61", "call_num": "G7960 S50 .K61 NG-52-4-9/13", "recid": "fy996dk0689", "websiteUrl": "https://purl.stanford.edu/fy996dk0689", "title": "[日本] 五万分一地形圖", "ckey": 9741696, "available": true, "iiifUrl": "https://purl.stanford.edu/fy996dk0689/iiif/manifest" }, "geometry": { "type": "Polygon", "coordinates": [ [ [ 131.127778, 25.8 ], [ 131.377778, 25.8 ], [ 131.377778, 25.966667 ], [ 131.127778, 25.966667 ], [ 131.127778, 25.8 ] ] ] } },
{ "type": "Feature", "properties": { "Id": 0, "Sheet_ID": "沖大東島 14", "label": "沖大東島 14", "call_short": "G7960 S50 .K61", "call_num": "G7960 S50 .K61 NG-52-6-13", "recid": "sh396my9234", "websiteUrl": "https://purl.stanford.edu/sh396my9234", "title": "[日本] 五万分一地形圖", "ckey": 9741696, "available": true, "iiifUrl": "https://purl.stanford.edu/sh396my9234/iiif/manifest" }, "geometry": { "type": "Polygon", "coordinates": [ [ [ 131.0, 24.333333 ], [ 131.25, 24.333333 ], [ 131.25, 24.5 ], [ 131.0, 24.5 ], [ 131.0, 24.333333 ] ] ] } },
{ "type": "Feature", "properties": { "Id": 0, "Sheet_ID": "徳之島 8", "label": "徳之島 8", "call_short": "G7960 S50 .K61", "call_num": "G7960 S50 .K61 NG-52-19-8", "recid": "ps660fn8789", "websiteUrl": "https://purl.stanford.edu/ps660fn8789", "title": "[日本] 五万分一地形圖", "ckey": 9741696, "available": true, "iiifUrl": "https://purl.stanford.edu/ps660fn8789/iiif/manifest" }, "geometry": { "type": "Polygon", "coordinates": [ [ [ 128.59, 27.333333 ], [ 128.75, 27.333333 ], [ 128.75, 27.4999998 ], [ 128.5, 27.4999998 ], [ 128.5, 27.333333 ], [ 128.54, 27.333333 ], [ 128.54, 27.325 ], [ 128.59, 27.325 ], [ 128.59, 27.333333 ] ] ] } },
{ "type": "Feature", "properties": { "Id": 0, "Sheet_ID": "徳之島 2", "label": "徳之島 2", "call_short": "G7960 S50 .K61", "call_num": "G7960 S50 .K61 NG-52-19-2", "recid": "bj513rz6780", "websiteUrl": "https://purl.stanford.edu/bj513rz6780", "title": "[日本] 五万分一地形圖", "ckey": 9741696, "available": true, "iiifUrl": "https://purl.stanford.edu/bj513rz6780/iiif/manifest" }, "geometry": { "type": "Polygon", "coordinates": [ [ [ 129.0, 27.6666665 ], [ 129.0, 27.8333332 ], [ 128.75, 27.8333332 ], [ 128.75, 27.6666665 ], [ 128.9, 27.6666665 ], [ 128.9, 27.65 ], [ 129.0, 27.65 ], [ 129.0, 27.6666665 ] ] ] } },
{ "type": "Feature", "properties": { "Id": 0, "Sheet_ID": "徳之島 13", "label": "徳之島 13", "call_short": "0", "call_num": "0", "recid": "0", "websiteUrl": "0", "title": "0", "ckey": 0, "available": false, "iiifUrl": "0" }, "geometry": { "type": "Polygon", "coordinates": [ [ [ 128.0, 27.8333332 ], [ 128.25, 27.8333332 ], [ 128.25, 28.0 ], [ 128.0, 28.0 ], [ 128.0, 27.8333332 ] ] ] } },
{ "type": "Feature", "properties": { "Id": 0, "Sheet_ID": "徳之島 1", "label": "徳之島 1", "call_short": "0", "call_num": "0", "recid": "0", "websiteUrl": "0", "title": "0", "ckey": 0, "available": false, "iiifUrl": "0" }, "geometry": { "type": "Polygon", "coordinates": [ [ [ 128.75, 27.8333332 ], [ 129.0, 27.8333332 ], [ 129.0, 28.0 ], [ 128.75, 28.0 ], [ 128.75, 27.8333332 ] ] ] } },
{ "type": "Feature", "properties": { "Id": 0, "Sheet_ID": "徳之島 2_東部", "label": "徳之島 2_東部", "call_short": "0", "call_num": "0", "recid": "0", "websiteUrl": "0", "title": "0", "ckey": 0, "available": false, "iiifUrl": "0" }, "geometry": { "type": "Polygon", "coordinates": [ [ [ 129.25, 27.6666665 ], [ 129.25, 27.8333332 ], [ 129.0, 27.8333332 ], [ 129.0, 27.6666665 ], [ 129.25, 27.6666665 ] ] ] } },
{ "type": "Feature", "properties": { "Id": 0, "Sheet_ID": "輿論島 16", "label": "輿論島 16", "call_short": "G7960 S50 .K61", "call_num": "G7960 S50 .K61 NG-52-20-16", "recid": "nr369fm8489", "websiteUrl": "https://purl.stanford.edu/nr369fm8489", "title": "[日本] 五万分一地形圖", "ckey": 9741696, "available": true, "iiifUrl": "https://purl.stanford.edu/nr369fm8489/iiif/manifest" }, "geometry": { "type": "Polygon", "coordinates": [ [ [ 128.0, 26.666667 ], [ 128.25, 26.666667 ], [ 128.25, 26.8333335 ], [ 128.0, 26.8333335 ], [ 128.0, 26.666667 ] ] ] } },
{ "type": "Feature", "properties": { "Id": 0, "Sheet_ID": "輿論島 12", "label": "輿論島 12", "call_short": "G7960 S50 .K61", "call_num": "G7960 S50 .K61 NG-52-20-12", "recid": "vd420js0307", "websiteUrl": "https://purl.stanford.edu/vd420js0307", "title": "[日本] 五万分一地形圖", "ckey": 9741696, "available": true, "iiifUrl": "https://purl.stanford.edu/vd420js0307/iiif/manifest" }, "geometry": { "type": "Polygon", "coordinates": [ [ [ 128.25, 26.666667 ], [ 128.5, 26.666667 ], [ 128.5, 26.8333335 ], [ 128.25, 26.8333335 ], [ 128.25, 26.666667 ] ] ] } },
{ "type": "Feature", "properties": { "Id": 0, "Sheet_ID": "輿論島 11", "label": "輿論島 11", "call_short": "G7960 S50 .K61", "call_num": "G7960 S50 .K61 NG-52-20-11", "recid": "ry529fz2101", "websiteUrl": "https://purl.stanford.edu/ry529fz2101", "title": "[日本] 五万分一地形圖", "ckey": 9741696, "available": true, "iiifUrl": "https://purl.stanford.edu/ry529fz2101/iiif/manifest" }, "geometry": { "type": "Polygon", "coordinates": [ [ [ 128.25, 26.8333335 ], [ 128.5, 26.8333335 ], [ 128.5, 27.0 ], [ 128.25, 27.0 ], [ 128.25, 26.88 ], [ 128.24, 26.88 ], [ 128.24, 26.8333335 ], [ 128.25, 26.8333335 ] ] ] } },
{ "type": "Feature", "properties": { "Id": 0, "Sheet_ID": "輿論島 14", "label": "輿論島 14", "call_short": "G7960 S50 .K61", "call_num": "G7960 S50 .K61 NG-52-20-14", "recid": "ms114ff9645", "websiteUrl": "https://purl.stanford.edu/ms114ff9645", "title": "[日本] 五万分一地形圖", "ckey": 9741696, "available": true, "iiifUrl": "https://purl.stanford.edu/ms114ff9645/iiif/manifest" }, "geometry": { "type": "Polygon", "coordinates": [ [ [ 128.0, 27.0 ], [ 128.25, 27.0 ], [ 128.25, 27.1666665 ], [ 128.0, 27.1666665 ], [ 128.0, 27.0 ] ] ] } },
{ "type": "Feature", "properties": { "Id": 0, "Sheet_ID": "輿論島 10", "label": "輿論島 10", "call_short": "0", "call_num": "0", "recid": "0", "websiteUrl": "0", "title": "0", "ckey": 0, "available": false, "iiifUrl": "0" }, "geometry": { "type": "Polygon", "coordinates": [ [ [ 128.25, 27.0 ], [ 128.5, 27.0 ], [ 128.5, 27.1666665 ], [ 128.25, 27.1666665 ], [ 128.25, 27.0 ] ] ] } },
{ "type": "Feature", "properties": { "Id": 0, "Sheet_ID": "仲尾次 13", "label": "仲尾次 13", "call_short": "G7960 S50 .K61", "call_num": "G7960 S50 .K61 NG-52-21-13", "recid": "nh074mg3020", "websiteUrl": "https://purl.stanford.edu/nh074mg3020", "title": "[日本] 五万分一地形圖", "ckey": 9741696, "available": true, "iiifUrl": "https://purl.stanford.edu/nh074mg3020/iiif/manifest" }, "geometry": { "type": "Polygon", "coordinates": [ [ [ 128.0, 26.5 ], [ 128.25, 26.5 ], [ 128.25, 26.666667 ], [ 128.0, 26.666667 ], [ 128.0, 26.5 ] ] ] } },
{ "type": "Feature", "properties": { "Id": 0, "Sheet_ID": "仲尾次 9", "label": "仲尾次 9", "call_short": "G7960 S50 .K61", "call_num": "G7960 S50 .K61 NG-52-21-9", "recid": "gy024nh9204", "websiteUrl": "https://purl.stanford.edu/gy024nh9204", "title": "[日本] 五万分一地形圖", "ckey": 9741696, "available": true, "iiifUrl": "https://purl.stanford.edu/gy024nh9204/iiif/manifest" }, "geometry": { "type": "Polygon", "coordinates": [ [ [ 128.25, 26.5 ], [ 128.5, 26.5 ], [ 128.5, 26.666667 ], [ 128.25, 26.666667 ], [ 128.25, 26.5 ] ] ] } },
{ "type": "Feature", "properties": { "Id": 0, "Sheet_ID": "伊平屋島 4", "label": "伊平屋島 4", "call_short": "G7960 S50 .K61", "call_num": "G7960 S50 .K61 NG-52-26-4", "recid": "mz023zs1192", "websiteUrl": "https://purl.stanford.edu/mz023zs1192", "title": "[日本] 五万分一地形圖", "ckey": 9741696, "available": true, "iiifUrl": "https://purl.stanford.edu/mz023zs1192/iiif/manifest" }, "geometry": { "type": "Polygon", "coordinates": [ [ [ 128.0, 26.8333335 ], [ 127.75, 26.8333335 ], [ 127.75, 26.75 ], [ 127.745, 26.75 ], [ 127.745, 26.7 ], [ 127.75, 26.7 ], [ 127.75, 26.666667 ], [ 128.0, 26.666667 ], [ 128.0, 26.8333335 ] ] ] } },
{ "type": "Feature", "properties": { "Id": 0, "Sheet_ID": "伊平屋島 3", "label": "伊平屋島 3", "call_short": "G7960 S50 .K61", "call_num": "G7960 S50 .K61 NG-52-26-3", "recid": "jb358cy7315", "websiteUrl": "https://purl.stanford.edu/jb358cy7315", "title": "[日本] 五万分一地形圖", "ckey": 9741696, "available": true, "iiifUrl": "https://purl.stanford.edu/jb358cy7315/iiif/manifest" }, "geometry": { "type": "Polygon", "coordinates": [ [ [ 127.75, 26.8333335 ], [ 128.0, 26.8333335 ], [ 128.0, 27.0 ], [ 127.75, 27.0 ], [ 127.75, 26.8333335 ] ] ] } },
{ "type": "Feature", "properties": { "Id": 0, "Sheet_ID": "伊平屋島 2", "label": "伊平屋島 2", "call_short": "G7960 S50 .K61", "call_num": "G7960 S50 .K61 NG-52-26-2", "recid": "wh259wk1947", "websiteUrl": "https://purl.stanford.edu/wh259wk1947", "title": "[日本] 五万分一地形圖", "ckey": 9741696, "available": true, "iiifUrl": "https://purl.stanford.edu/wh259wk1947/iiif/manifest" }, "geometry": { "type": "Polygon", "coordinates": [ [ [ 127.75, 27.0 ], [ 128.0, 27.0 ], [ 128.0, 27.1666665 ], [ 127.75, 27.1666665 ], [ 127.75, 27.0 ] ] ] } },
{ "type": "Feature", "properties": { "Id": 0, "Sheet_ID": "那覇 12", "label": "那覇 12", "call_short": "G7960 S50 .K61", "call_num": "G7960 S50 .K61 NG-52-27-12", "recid": "sf845jg4164", "websiteUrl": "https://purl.stanford.edu/sf845jg4164", "title": "[日本] 五万分一地形圖", "ckey": 9741696, "available": true, "iiifUrl": "https://purl.stanford.edu/sf845jg4164/iiif/manifest" }, "geometry": { "type": "Polygon", "coordinates": [ [ [ 127.25, 26.0 ], [ 127.5, 26.0 ], [ 127.5, 26.1666668 ], [ 127.25, 26.1666668 ], [ 127.25, 26.0 ] ] ] } },
{ "type": "Feature", "properties": { "Id": 0, "Sheet_ID": "那覇 8", "label": "那覇 8", "call_short": "0", "call_num": "0", "recid": "0", "websiteUrl": "0", "title": "0", "ckey": 0, "available": false, "iiifUrl": "0" }, "geometry": { "type": "Polygon", "coordinates": [ [ [ 127.5, 26.0 ], [ 127.75, 26.0 ], [ 127.75, 26.1666668 ], [ 127.5, 26.1666668 ], [ 127.5, 26.0 ] ] ] } },
{ "type": "Feature", "properties": { "Id": 0, "Sheet_ID": "那覇 4", "label": "那覇 4", "call_short": "0", "call_num": "0", "recid": "0", "websiteUrl": "0", "title": "0", "ckey": 0, "available": false, "iiifUrl": "0" }, "geometry": { "type": "Polygon", "coordinates": [ [ [ 127.75, 26.0 ], [ 128.0, 26.0 ], [ 128.0, 26.1666668 ], [ 127.75, 26.1666668 ], [ 127.75, 26.0 ] ] ] } },
{ "type": "Feature", "properties": { "Id": 0, "Sheet_ID": "那覇 15", "label": "那覇 15", "call_short": "G7960 S50 .K61", "call_num": "G7960 S50 .K61 NG-52-27-15", "recid": "gx341rd2962", "websiteUrl": "https://purl.stanford.edu/gx341rd2962", "title": "[日本] 五万分一地形圖", "ckey": 9741696, "available": true, "iiifUrl": "https://purl.stanford.edu/gx341rd2962/iiif/manifest" }, "geometry": { "type": "Polygon", "coordinates": [ [ [ 127.25, 26.1666668 ], [ 127.25, 26.3333335 ], [ 127.0, 26.3333335 ], [ 127.0, 26.1666668 ], [ 127.22, 26.1666668 ], [ 127.22, 26.16 ], [ 127.25, 26.16 ], [ 127.25, 26.1666668 ] ] ] } },
{ "type": "Feature", "properties": { "Id": 0, "Sheet_ID": "那覇 11", "label": "那覇 11", "call_short": "0", "call_num": "0", "recid": "0", "websiteUrl": "0", "title": "0", "ckey": 0, "available": false, "iiifUrl": "0" }, "geometry": { "type": "Polygon", "coordinates": [ [ [ 127.25, 26.1666668 ], [ 127.5, 26.1666668 ], [ 127.5, 26.3333335 ], [ 127.25, 26.3333335 ], [ 127.25, 26.1666668 ] ] ] } },
{ "type": "Feature", "properties": { "Id": 0, "Sheet_ID": "那覇 7", "label": "那覇 7", "call_short": "G7960 S50 .K61", "call_num": "G7960 S50 .K61 NG-52-27-7", "recid": "tw196tn3980", "websiteUrl": "https://purl.stanford.edu/tw196tn3980", "title": "[日本] 五万分一地形圖", "ckey": 9741696, "available": true, "iiifUrl": "https://purl.stanford.edu/tw196tn3980/iiif/manifest" }, "geometry": { "type": "Polygon", "coordinates": [ [ [ 127.5, 26.1666668 ], [ 127.75, 26.1666668 ], [ 127.75, 26.3333335 ], [ 127.5, 26.3333335 ], [ 127.5, 26.1666668 ] ] ] } },
{ "type": "Feature", "properties": { "Id": 0, "Sheet_ID": "那覇 3", "label": "那覇 3", "call_short": "G7960 S50 .K61", "call_num": "G7960 S50 .K61 NG-52-27-3", "recid": "wx843rc4982", "websiteUrl": "https://purl.stanford.edu/wx843rc4982", "title": "[日本] 五万分一地形圖", "ckey": 9741696, "available": true, "iiifUrl": "https://purl.stanford.edu/wx843rc4982/iiif/manifest" }, "geometry": { "type": "Polygon", "coordinates": [ [ [ 127.75, 26.1666668 ], [ 128.0, 26.1666668 ], [ 128.0, 26.3333335 ], [ 127.75, 26.3333335 ], [ 127.75, 26.1666668 ] ] ] } },
{ "type": "Feature", "properties": { "Id": 0, "Sheet_ID": "那覇 14", "label": "那覇 14", "call_short": "G7960 S50 .K61", "call_num": "G7960 S50 .K61 NG-52-27-14", "recid": "dd234gg4786", "websiteUrl": "https://purl.stanford.edu/dd234gg4786", "title": "[日本] 五万分一地形圖", "ckey": 9741696, "available": true, "iiifUrl": "https://purl.stanford.edu/dd234gg4786/iiif/manifest" }, "geometry": { "type": "Polygon", "coordinates": [ [ [ 127.0, 26.3333335 ], [ 127.25, 26.3333335 ], [ 127.25, 26.5000003 ], [ 127.0, 26.5000003 ], [ 127.0, 26.3333335 ] ] ] } },
{ "type": "Feature", "properties": { "Id": 0, "Sheet_ID": "那覇 6", "label": "那覇 6", "call_short": "G7960 S50 .K61", "call_num": "G7960 S50 .K61 NG-52-27-6", "recid": "vn744qg7716", "websiteUrl": "https://purl.stanford.edu/vn744qg7716", "title": "[日本] 五万分一地形圖", "ckey": 9741696, "available": true, "iiifUrl": "https://purl.stanford.edu/vn744qg7716/iiif/manifest" }, "geometry": { "type": "Polygon", "coordinates": [ [ [ 127.5, 26.3333335 ], [ 127.75, 26.3333335 ], [ 127.75, 26.5000003 ], [ 127.5, 26.5000003 ], [ 127.5, 26.3333335 ] ] ] } },
{ "type": "Feature", "properties": { "Id": 0, "Sheet_ID": "那覇 2", "label": "那覇 2", "call_short": "G7960 S50 .K61", "call_num": "G7960 S50 .K61 NG-52-27-2", "recid": "xs204pr2939", "websiteUrl": "https://purl.stanford.edu/xs204pr2939", "title": "[日本] 五万分一地形圖", "ckey": 9741696, "available": true, "iiifUrl": "https://purl.stanford.edu/xs204pr2939/iiif/manifest" }, "geometry": { "type": "Polygon", "coordinates": [ [ [ 127.75, 26.3333335 ], [ 128.01, 26.3333335 ], [ 128.01, 26.5000002 ], [ 127.75, 26.5000003 ], [ 127.75, 26.3333335 ] ] ] } },
{ "type": "Feature", "properties": { "Id": 0, "Sheet_ID": "那覇 13", "label": "那覇 13", "call_short": "0", "call_num": "0", "recid": "0", "websiteUrl": "0", "title": "0", "ckey": 0, "available": false, "iiifUrl": "0" }, "geometry": { "type": "Polygon", "coordinates": [ [ [ 127.0, 26.5000002 ], [ 127.25, 26.5000002 ], [ 127.25, 26.666667 ], [ 127.0, 26.666667 ], [ 127.0, 26.5000002 ] ] ] } },
{ "type": "Feature", "properties": { "Id": 0, "Sheet_ID": "那覇 1", "label": "那覇 1", "call_short": "G7960 S50 .K61", "call_num": "G7960 S50 .K61 NG-52-27-1", "recid": "yf761pm1174", "websiteUrl": "https://purl.stanford.edu/yf761pm1174", "title": "[日本] 五万分一地形圖", "ckey": 9741696, "available": true, "iiifUrl": "https://purl.stanford.edu/yf761pm1174/iiif/manifest" }, "geometry": { "type": "Polygon", "coordinates": [ [ [ 127.75, 26.5000002 ], [ 128.0, 26.5000002 ], [ 128.0, 26.666667 ], [ 127.75, 26.666667 ], [ 127.75, 26.5000002 ] ] ] } },
{ "type": "Feature", "properties": { "Id": 0, "Sheet_ID": "久米島 3", "label": "久米島 3", "call_short": "G7960 S50 .K61", "call_num": "G7960 S50 .K61 NG-52-33-3", "recid": "ff719wt4741", "websiteUrl": "https://purl.stanford.edu/ff719wt4741", "title": "[日本] 五万分一地形圖", "ckey": 9741696, "available": true, "iiifUrl": "https://purl.stanford.edu/ff719wt4741/iiif/manifest" }, "geometry": { "type": "Polygon", "coordinates": [ [ [ 126.75, 26.1666668 ], [ 127.0, 26.1666668 ], [ 127.0, 26.3333335 ], [ 126.75, 26.3333335 ], [ 126.75, 26.1666668 ] ] ] } },
{ "type": "Feature", "properties": { "Id": 0, "Sheet_ID": "久米島 6", "label": "久米島 6", "call_short": "G7960 S50 .K61", "call_num": "G7960 S50 .K61 NG-52-33-6", "recid": "nt903sp1078", "websiteUrl": "https://purl.stanford.edu/nt903sp1078", "title": "[日本] 五万分一地形圖", "ckey": 9741696, "available": true, "iiifUrl": "https://purl.stanford.edu/nt903sp1078/iiif/manifest" }, "geometry": { "type": "Polygon", "coordinates": [ [ [ 126.5, 26.3333335 ], [ 126.75, 26.3333335 ], [ 126.75, 26.5000003 ], [ 126.5, 26.5000003 ], [ 126.5, 26.3333335 ] ] ] } },
{ "type": "Feature", "properties": { "Id": 0, "Sheet_ID": "久米島 2", "label": "久米島 2", "call_short": "G7960 S50 .K61", "call_num": "G7960 S50 .K61 NG-52-33-2", "recid": "gx447nv1382", "websiteUrl": "https://purl.stanford.edu/gx447nv1382", "title": "[日本] 五万分一地形圖", "ckey": 9741696, "available": true, "iiifUrl": "https://purl.stanford.edu/gx447nv1382/iiif/manifest" }, "geometry": { "type": "Polygon", "coordinates": [ [ [ 126.75, 26.3333335 ], [ 127.0, 26.3333335 ], [ 127.0, 26.5000003 ], [ 126.75, 26.5000003 ], [ 126.75, 26.3333335 ] ] ] } },
{ "type": "Feature", "properties": { "Id": 0, "Sheet_ID": "石垣島 15", "label": "石垣島 15", "call_short": "0", "call_num": "0", "recid": "0", "websiteUrl": "0", "title": "0", "ckey": 0, "available": false, "iiifUrl": "0" }, "geometry": { "type": "Polygon", "coordinates": [ [ [ 124.0, 24.1666666 ], [ 124.25, 24.1666666 ], [ 124.25, 24.3333333 ], [ 124.0, 24.3333333 ], [ 124.0, 24.1666666 ] ] ] } },
{ "type": "Feature", "properties": { "Id": 0, "Sheet_ID": "石垣島 14", "label": "石垣島 14", "call_short": "0", "call_num": "0", "recid": "0", "websiteUrl": "0", "title": "0", "ckey": 0, "available": false, "iiifUrl": "0" }, "geometry": { "type": "Polygon", "coordinates": [ [ [ 124.0, 24.3333332 ], [ 124.25, 24.3333332 ], [ 124.25, 24.4999999 ], [ 124.0, 24.4999999 ], [ 124.0, 24.3333332 ] ] ] } },
{ "type": "Feature", "properties": { "Id": 0, "Sheet_ID": "石垣島 10", "label": "石垣島 10", "call_short": "0", "call_num": "0", "recid": "0", "websiteUrl": "0", "title": "0", "ckey": 0, "available": false, "iiifUrl": "0" }, "geometry": { "type": "Polygon", "coordinates": [ [ [ 124.25, 24.3333332 ], [ 124.5, 24.3333332 ], [ 124.5, 24.4999999 ], [ 124.25, 24.4999999 ], [ 124.25, 24.3333332 ] ] ] } },
{ "type": "Feature", "properties": { "Id": 0, "Sheet_ID": "石垣島 9", "label": "石垣島 9", "call_short": "0", "call_num": "0", "recid": "0", "websiteUrl": "0", "title": "0", "ckey": 0, "available": false, "iiifUrl": "0" }, "geometry": { "type": "Polygon", "coordinates": [ [ [ 124.25, 24.4999999 ], [ 124.5, 24.4999999 ], [ 124.5, 24.6666665 ], [ 124.25, 24.6666665 ], [ 124.25, 24.52 ], [ 124.235, 24.52 ], [ 124.235, 24.4999999 ], [ 124.25, 24.4999999 ] ] ] } },
{ "type": "Feature", "properties": { "Id": 0, "Sheet_ID": "石垣島 5", "label": "石垣島 5", "call_short": "0", "call_num": "0", "recid": "0", "websiteUrl": "0", "title": "0", "ckey": 0, "available": false, "iiifUrl": "0" }, "geometry": { "type": "Polygon", "coordinates": [ [ [ 124.5, 24.4999999 ], [ 124.75, 24.4999999 ], [ 124.75, 24.6666665 ], [ 124.5, 24.6666665 ], [ 124.5, 24.4999999 ] ] ] } },
{ "type": "Feature", "properties": { "Id": 0, "Sheet_ID": "石垣島 5_北部", "label": "石垣島 5_北部", "call_short": "0", "call_num": "0", "recid": "0", "websiteUrl": "0", "title": "0", "ckey": 0, "available": false, "iiifUrl": "0" }, "geometry": { "type": "Polygon", "coordinates": [ [ [ 124.5, 24.6666665 ], [ 124.75, 24.6666665 ], [ 124.75, 24.8333331 ], [ 124.5, 24.8333331 ], [ 124.5, 24.6666665 ] ] ] } },
{ "type": "Feature", "properties": { "Id": 0, "Sheet_ID": "宮古島 16", "label": "宮古島 16", "call_short": "0", "call_num": "0", "recid": "0", "websiteUrl": "0", "title": "0", "ckey": 0, "available": false, "iiifUrl": "0" }, "geometry": { "type": "Polygon", "coordinates": [ [ [ 125.0, 24.6666665 ], [ 125.25, 24.6666665 ], [ 125.25, 24.8333331 ], [ 125.0, 24.8333331 ], [ 125.0, 24.6666665 ] ] ] } },
{ "type": "Feature", "properties": { "Id": 0, "Sheet_ID": "宮古島 12", "label": "宮古島 12", "call_short": "0", "call_num": "0", "recid": "0", "websiteUrl": "0", "title": "0", "ckey": 0, "available": false, "iiifUrl": "0" }, "geometry": { "type": "Polygon", "coordinates": [ [ [ 125.25, 24.6666665 ], [ 125.5, 24.6666665 ], [ 125.5, 24.8333331 ], [ 125.25, 24.8333331 ], [ 125.25, 24.6666665 ] ] ] } },
{ "type": "Feature", "properties": { "Id": 0, "Sheet_ID": "宮古島 15", "label": "宮古島 15", "call_short": "0", "call_num": "0", "recid": "0", "websiteUrl": "0", "title": "0", "ckey": 0, "available": false, "iiifUrl": "0" }, "geometry": { "type": "Polygon", "coordinates": [ [ [ 125.0, 24.8333331 ], [ 125.25, 24.8333331 ], [ 125.25, 24.9999998 ], [ 125.0, 24.9999998 ], [ 125.0, 24.8333331 ] ] ] } },
{ "type": "Feature", "properties": { "Id": 0, "Sheet_ID": "宮古島 11", "label": "宮古島 11", "call_short": "0", "call_num": "0", "recid": "0", "websiteUrl": "0", "title": "0", "ckey": 0, "available": false, "iiifUrl": "0" }, "geometry": { "type": "Polygon", "coordinates": [ [ [ 125.25, 24.8333331 ], [ 125.5, 24.8333331 ], [ 125.5, 24.9999998 ], [ 125.25, 24.9999998 ], [ 125.25, 24.8333331 ] ] ] } },
{ "type": "Feature", "properties": { "Id": 0, "Sheet_ID": "尖閣群島 6", "label": "尖閣群島 6", "call_short": "G7960 S50 .K61", "call_num": "G7960 S50 .K61 NG-51-16-6", "recid": "pn471xx3268", "websiteUrl": "https://purl.stanford.edu/pn471xx3268", "title": "[日本] 五万分一地形圖", "ckey": 9741696, "available": true, "iiifUrl": "https://purl.stanford.edu/pn471xx3268/iiif/manifest" }, "geometry": { "type": "Polygon", "coordinates": [ [ [ 123.375, 25.666667 ], [ 123.625, 25.666667 ], [ 123.625, 25.8333335 ], [ 123.375, 25.8333335 ], [ 123.375, 25.666667 ] ] ] } },
{ "type": "Feature", "properties": { "Id": 0, "Sheet_ID": "尖閣群島 5", "label": "尖閣群島 5", "call_short": "G7960 S50 .K61", "call_num": "G7960 S50 .K61 NG-51-16-5", "recid": "mk997gg8525", "websiteUrl": "https://purl.stanford.edu/mk997gg8525", "title": "[日本] 五万分一地形圖", "ckey": 9741696, "available": true, "iiifUrl": "https://purl.stanford.edu/mk997gg8525/iiif/manifest" }, "geometry": { "type": "Polygon", "coordinates": [ [ [ 123.5, 25.8333335 ], [ 123.75, 25.8333335 ], [ 123.75, 26.0 ], [ 123.5, 26.0 ], [ 123.5, 25.8333335 ] ] ] } },
{ "type": "Feature", "properties": { "Id": 0, "Sheet_ID": "赤尾嶼 5", "label": "赤尾嶼 5", "call_short": "G7960 S50 .K61", "call_num": "G7960 S50 .K61 NG-51-10-5", "recid": "zv410nb2638", "websiteUrl": "https://purl.stanford.edu/zv410nb2638", "title": "[日本] 五万分一地形圖", "ckey": 9741696, "available": true, "iiifUrl": "https://purl.stanford.edu/zv410nb2638/iiif/manifest" }, "geometry": { "type": "Polygon", "coordinates": [ [ [ 124.5, 25.8333335 ], [ 124.75, 25.8333335 ], [ 124.75, 26.0 ], [ 124.5, 26.0 ], [ 124.5, 25.8333335 ] ] ] } },
{ "type": "Feature", "properties": { "Id": 0, "Sheet_ID": "西表島 4", "label": "西表島 4", "call_short": "G7960 S50 .K61", "call_num": "G7960 S50 .K61 NG-51-18-4", "recid": "ph299bg5284", "websiteUrl": "https://purl.stanford.edu/ph299bg5284", "title": "[日本] 五万分一地形圖", "ckey": 9741696, "available": true, "iiifUrl": "https://purl.stanford.edu/ph299bg5284/iiif/manifest" }, "geometry": { "type": "Polygon", "coordinates": [ [ [ 123.75, 24.0 ], [ 124.0, 24.0 ], [ 124.0, 24.1666668 ], [ 123.75, 24.1666668 ], [ 123.75, 24.0 ] ] ] } },
{ "type": "Feature", "properties": { "Id": 0, "Sheet_ID": "西表島 7", "label": "西表島 7", "call_short": "G7960 S50 .K61", "call_num": "G7960 S50 .K61 NG-51-18-7", "recid": "qq146kj4438", "websiteUrl": "https://purl.stanford.edu/qq146kj4438", "title": "[日本] 五万分一地形圖", "ckey": 9741696, "available": true, "iiifUrl": "https://purl.stanford.edu/qq146kj4438/iiif/manifest" }, "geometry": { "type": "Polygon", "coordinates": [ [ [ 123.5, 24.1666668 ], [ 123.75, 24.1666668 ], [ 123.75, 24.3333335 ], [ 123.5, 24.3333335 ], [ 123.5, 24.1666668 ] ] ] } },
{ "type": "Feature", "properties": { "Id": 0, "Sheet_ID": "西表島 3", "label": "西表島 3", "call_short": "G7960 S50 .K61", "call_num": "G7960 S50 .K61 NG-51-18-3", "recid": "wq528jb3193", "websiteUrl": "https://purl.stanford.edu/wq528jb3193", "title": "[日本] 五万分一地形圖", "ckey": 9741696, "available": true, "iiifUrl": "https://purl.stanford.edu/wq528jb3193/iiif/manifest" }, "geometry": { "type": "Polygon", "coordinates": [ [ [ 123.75, 24.1666668 ], [ 124.0, 24.1666668 ], [ 124.0, 24.3333335 ], [ 123.75, 24.3333335 ], [ 123.75, 24.1666668 ] ] ] } },
{ "type": "Feature", "properties": { "Id": 0, "Sheet_ID": "西表島 14", "label": "西表島 14", "call_short": "G7960 S50 .K61", "call_num": "G7960 S50 .K61 NG-51-18-14", "recid": "ps095dc8989", "websiteUrl": "https://purl.stanford.edu/ps095dc8989", "title": "[日本] 五万分一地形圖", "ckey": 9741696, "available": true, "iiifUrl": "https://purl.stanford.edu/ps095dc8989/iiif/manifest" }, "geometry": { "type": "Polygon", "coordinates": [ [ [ 122.875, 24.333333 ], [ 123.125, 24.333333 ], [ 123.125, 24.5 ], [ 122.875, 24.5 ], [ 122.875, 24.333333 ] ] ] } },
{ "type": "Feature", "properties": { "Id": 0, "Sheet_ID": "西表島 6", "label": "西表島 6", "call_short": "G7960 S50 .K61", "call_num": "G7960 S50 .K61 NG-51-18-6", "recid": "qr131gj9716", "websiteUrl": "https://purl.stanford.edu/qr131gj9716", "title": "[日本] 五万分一地形圖", "ckey": 9741696, "available": true, "iiifUrl": "https://purl.stanford.edu/qr131gj9716/iiif/manifest" }, "geometry": { "type": "Polygon", "coordinates": [ [ [ 123.5, 24.3333335 ], [ 123.75, 24.3333335 ], [ 123.75, 24.5000003 ], [ 123.5, 24.5000003 ], [ 123.5, 24.3333335 ] ] ] } },
{ "type": "Feature", "properties": { "Id": 0, "Sheet_ID": "西表島 2", "label": "西表島 2", "call_short": "0", "call_num": "0", "recid": "0", "websiteUrl": "0", "title": "0", "ckey": 0, "available": false, "iiifUrl": "0" }, "geometry": { "type": "Polygon", "coordinates": [ [ [ 123.75, 24.3333335 ], [ 124.0, 24.3333335 ], [ 124.0, 24.5000003 ], [ 123.75, 24.5000003 ], [ 123.75, 24.3333335 ] ] ] } },
{ "type": "Feature", "properties": { "Id": 0, "Sheet_ID": "硫黄島 12", "label": "硫黄島 12", "call_short": "G7960 S50 .K61", "call_num": "G7960 S50 .K61 NG-54-17-12", "recid": "ww637df6344", "websiteUrl": "https://purl.stanford.edu/ww637df6344", "title": "[日本] 五万分一地形圖", "ckey": 9741696, "available": true, "iiifUrl": "https://purl.stanford.edu/ww637df6344/iiif/manifest" }, "geometry": { "type": "Polygon", "coordinates": [ [ [ 141.25, 24.666667 ], [ 141.5, 24.666667 ], [ 141.5, 24.8333336 ], [ 141.25, 24.8333336 ], [ 141.25, 24.666667 ] ] ] } },
{ "type": "Feature", "properties": { "Id": 0, "Sheet_ID": "北硫黄島 12", "label": "北硫黄島 12", "call_short": "G7960 S50 .K61", "call_num": "G7960 S50 .K61 NG-54-16-12", "recid": "sc758qq3548", "websiteUrl": "https://purl.stanford.edu/sc758qq3548", "title": "[日本] 五万分一地形圖", "ckey": 9741696, "available": true, "iiifUrl": "https://purl.stanford.edu/sc758qq3548/iiif/manifest" }, "geometry": { "type": "Polygon", "coordinates": [ [ [ 141.25, 25.3333334 ], [ 141.5, 25.3333334 ], [ 141.5, 25.5 ], [ 141.25, 25.5 ], [ 141.25, 25.3333334 ] ] ] } },
{ "type": "Feature", "properties": { "Id": 0, "Sheet_ID": "母島 13", "label": "母島 13", "call_short": "G7960 S50 .K61", "call_num": "G7960 S50 .K61 NG-54-9-13", "recid": "mp209sq9305", "websiteUrl": "https://purl.stanford.edu/mp209sq9305", "title": "[日本] 五万分一地形圖", "ckey": 9741696, "available": true, "iiifUrl": "https://purl.stanford.edu/mp209sq9305/iiif/manifest" }, "geometry": { "type": "Polygon", "coordinates": [ [ [ 142.0, 26.5 ], [ 142.25, 26.5 ], [ 142.25, 26.6666666 ], [ 142.0, 26.6666666 ], [ 142.0, 26.5 ] ] ] } },
{ "type": "Feature", "properties": { "Id": 0, "Sheet_ID": "父島 16", "label": "父島 16", "call_short": "G7960 S50 .K61", "call_num": "G7960 S50 .K61 NG-54-8-16", "recid": "dx090qz9203", "websiteUrl": "https://purl.stanford.edu/dx090qz9203", "title": "[日本] 五万分一地形圖", "ckey": 9741696, "available": true, "iiifUrl": "https://purl.stanford.edu/dx090qz9203/iiif/manifest" }, "geometry": { "type": "Polygon", "coordinates": [ [ [ 142.0, 26.6666666 ], [ 142.25, 26.6666666 ], [ 142.25, 26.8333332 ], [ 142.0, 26.8333332 ], [ 142.0, 26.6666666 ] ] ] } },
{ "type": "Feature", "properties": { "Id": 0, "Sheet_ID": "父島 14", "label": "父島 14", "call_short": "G7960 S50 .K61", "call_num": "G7960 S50 .K61 NG-54-8-14", "recid": "bn966bn5730", "websiteUrl": "https://purl.stanford.edu/bn966bn5730", "title": "[日本] 五万分一地形圖", "ckey": 9741696, "available": true, "iiifUrl": "https://purl.stanford.edu/bn966bn5730/iiif/manifest" }, "geometry": { "type": "Polygon", "coordinates": [ [ [ 142.0, 26.9999998 ], [ 142.25, 26.9999998 ], [ 142.25, 27.1666664 ], [ 142.0, 27.1666664 ], [ 142.0, 26.9999998 ] ] ] } },
{ "type": "Feature", "properties": { "Id": 0, "Sheet_ID": "父島 13", "label": "父島 13", "call_short": "G7960 S50 .K61", "call_num": "G7960 S50 .K61 NG-54-8-13", "recid": "xw002zn8557", "websiteUrl": "https://purl.stanford.edu/xw002zn8557", "title": "[日本] 五万分一地形圖", "ckey": 9741696, "available": true, "iiifUrl": "https://purl.stanford.edu/xw002zn8557/iiif/manifest" }, "geometry": { "type": "Polygon", "coordinates": [ [ [ 142.0, 27.1666664 ], [ 142.25, 27.1666664 ], [ 142.25, 27.333333 ], [ 142.0, 27.333333 ], [ 142.0, 27.1666664 ] ] ] } },
{ "type": "Feature", "properties": { "Id": 0, "Sheet_ID": "聟島 16", "label": "聟島 16", "call_short": "G7960 S50 .K61", "call_num": "G7960 S50 .K61 NG-54-7-16", "recid": "sm559nt8009", "websiteUrl": "https://purl.stanford.edu/sm559nt8009", "title": "[日本] 五万分一地形圖", "ckey": 9741696, "available": true, "iiifUrl": "https://purl.stanford.edu/sm559nt8009/iiif/manifest" }, "geometry": { "type": "Polygon", "coordinates": [ [ [ 142.0, 27.333333 ], [ 142.25, 27.333333 ], [ 142.25, 27.4999997 ], [ 142.0, 27.4999997 ], [ 142.0, 27.333333 ] ] ] } },
{ "type": "Feature", "properties": { "Id": 0, "Sheet_ID": "聟島 15", "label": "聟島 15", "call_short": "G7960 S50 .K61", "call_num": "G7960 S50 .K61 NG-54-7-15", "recid": "vb918kn7461", "websiteUrl": "https://purl.stanford.edu/vb918kn7461", "title": "[日本] 五万分一地形圖", "ckey": 9741696, "available": true, "iiifUrl": "https://purl.stanford.edu/vb918kn7461/iiif/manifest" }, "geometry": { "type": "Polygon", "coordinates": [ [ [ 142.0, 27.4999997 ], [ 142.25, 27.4999997 ], [ 142.25, 27.6666663 ], [ 142.0, 27.6666663 ], [ 142.0, 27.4999997 ] ] ] } },
{ "type": "Feature", "properties": { "Id": 0, "Sheet_ID": "聟島 14", "label": "聟島 14", "call_short": "G7960 S50 .K61", "call_num": "G7960 S50 .K61 NG-54-7-14", "recid": "mf165zs8333", "websiteUrl": "https://purl.stanford.edu/mf165zs8333", "title": "[日本] 五万分一地形圖", "ckey": 9741696, "available": true, "iiifUrl": "https://purl.stanford.edu/mf165zs8333/iiif/manifest" }, "geometry": { "type": "Polygon", "coordinates": [ [ [ 142.0, 27.6666663 ], [ 142.25, 27.6666663 ], [ 142.25, 27.833333 ], [ 142.0, 27.833333 ], [ 142.0, 27.6666663 ] ] ] } },
{ "type": "Feature", "properties": { "Id": 0, "Sheet_ID": "寶島 15/16", "label": "寶島 15/16", "call_short": "0", "call_num": "0", "recid": "0", "websiteUrl": "0", "title": "0", "ckey": 0, "available": false, "iiifUrl": "0" }, "geometry": { "type": "Polygon", "coordinates": [ [ [ 128.875, 28.75 ], [ 129.125, 28.75 ], [ 129.125, 28.916667 ], [ 128.875, 28.916667 ], [ 128.875, 28.75 ] ] ] } },
{ "type": "Feature", "properties": { "Id": 0, "Sheet_ID": "寶島 14", "label": "寶島 14", "call_short": "G7960 S50 .K61", "call_num": "G7960 S50 .K61 NH-52-17-14", "recid": "mc047qv8214", "websiteUrl": "https://purl.stanford.edu/mc047qv8214", "title": "[日本] 五万分一地形圖", "ckey": 9741696, "available": true, "iiifUrl": "https://purl.stanford.edu/mc047qv8214/iiif/manifest" }, "geometry": { "type": "Polygon", "coordinates": [ [ [ 129.0, 29.0 ], [ 129.25, 29.0 ], [ 129.25, 29.1666665 ], [ 129.0, 29.1666665 ], [ 129.0, 29.0 ] ] ] } },
{ "type": "Feature", "properties": { "Id": 0, "Sheet_ID": "寶島 9", "label": "寶島 9", "call_short": "G7960 S50 .K61", "call_num": "G7960 S50 .K61 NH-52-17-9", "recid": "rp622km2040", "websiteUrl": "https://purl.stanford.edu/rp622km2040", "title": "[日本] 五万分一地形圖", "ckey": 9741696, "available": true, "iiifUrl": "https://purl.stanford.edu/rp622km2040/iiif/manifest" }, "geometry": { "type": "Polygon", "coordinates": [ [ [ 129.25, 29.1666665 ], [ 129.5, 29.1666665 ], [ 129.5, 29.333333 ], [ 129.25, 29.333333 ], [ 129.25, 29.1666665 ] ] ] } },
{ "type": "Feature", "properties": { "Id": 0, "Sheet_ID": "開聞嶽 12", "label": "開聞嶽 12", "call_short": "0", "call_num": "0", "recid": "0", "websiteUrl": "0", "title": "0", "ckey": 0, "available": false, "iiifUrl": "0" }, "geometry": { "type": "Polygon", "coordinates": [ [ [ 130.25, 30.666667 ], [ 130.5, 30.666667 ], [ 130.5, 30.8333335 ], [ 130.25, 30.8333335 ], [ 130.25, 30.666667 ] ] ] } },
{ "type": "Feature", "properties": { "Id": 0, "Sheet_ID": "開聞嶽 4", "label": "開聞嶽 4", "call_short": "G7960 S50 .K61", "call_num": "G7960 S50 .K61 NH-52-8-4", "recid": "hq532pz2291", "websiteUrl": "https://purl.stanford.edu/hq532pz2291", "title": "[日本] 五万分一地形圖", "ckey": 9741696, "available": true, "iiifUrl": "https://purl.stanford.edu/hq532pz2291/iiif/manifest" }, "geometry": { "type": "Polygon", "coordinates": [ [ [ 130.75, 30.666667 ], [ 131.0, 30.666667 ], [ 131.0, 30.8333335 ], [ 130.75, 30.8333335 ], [ 130.75, 30.666667 ] ] ] } },
{ "type": "Feature", "properties": { "Id": 0, "Sheet_ID": "開聞嶽 15/16_西部", "label": "開聞嶽 15/16_西部", "call_short": "0", "call_num": "0", "recid": "0", "websiteUrl": "0", "title": "0", "ckey": 0, "available": false, "iiifUrl": "0" }, "geometry": { "type": "Polygon", "coordinates": [ [ [ 130.0, 30.75 ], [ 130.0, 30.916667 ], [ 129.75, 30.916667 ], [ 129.75, 30.75 ], [ 130.0, 30.75 ] ] ] } },
{ "type": "Feature", "properties": { "Id": 0, "Sheet_ID": "開聞嶽 6", "label": "開聞嶽 6", "call_short": "G7960 S50 .K61", "call_num": "G7960 S50 .K61 NH-52-8-6", "recid": "zy137xp9883", "websiteUrl": "https://purl.stanford.edu/zy137xp9883", "title": "[日本] 五万分一地形圖", "ckey": 9741696, "available": true, "iiifUrl": "https://purl.stanford.edu/zy137xp9883/iiif/manifest" }, "geometry": { "type": "Polygon", "coordinates": [ [ [ 130.5, 31.0 ], [ 130.75, 31.0 ], [ 130.75, 31.1666665 ], [ 130.5, 31.1666665 ], [ 130.5, 31.0 ] ] ] } },
{ "type": "Feature", "properties": { "Id": 0, "Sheet_ID": "開聞嶽 2", "label": "開聞嶽 2", "call_short": "G7960 S50 .K61", "call_num": "G7960 S50 .K61 NH-52-8-2", "recid": "pc939sb4521", "websiteUrl": "https://purl.stanford.edu/pc939sb4521", "title": "[日本] 五万分一地形圖", "ckey": 9741696, "available": true, "iiifUrl": "https://purl.stanford.edu/pc939sb4521/iiif/manifest" }, "geometry": { "type": "Polygon", "coordinates": [ [ [ 130.75, 31.0 ], [ 131.0, 31.0 ], [ 131.0, 31.1666665 ], [ 130.75, 31.1666665 ], [ 130.75, 31.0 ] ] ] } },
{ "type": "Feature", "properties": { "Id": 0, "Sheet_ID": "開聞嶽 13", "label": "開聞嶽 13", "call_short": "G7960 S50 .K61", "call_num": "G7960 S50 .K61 NH-52-8-13", "recid": "vy146qm4988", "websiteUrl": "https://purl.stanford.edu/vy146qm4988", "title": "[日本] 五万分一地形圖", "ckey": 9741696, "available": true, "iiifUrl": "https://purl.stanford.edu/vy146qm4988/iiif/manifest" }, "geometry": { "type": "Polygon", "coordinates": [ [ [ 130.0, 31.1666665 ], [ 130.25, 31.1666665 ], [ 130.25, 31.333333 ], [ 130.0, 31.333333 ], [ 130.0, 31.1666665 ] ] ] } },
{ "type": "Feature", "properties": { "Id": 0, "Sheet_ID": "開聞嶽 9", "label": "開聞嶽 9", "call_short": "G7960 S50 .K61", "call_num": "G7960 S50 .K61 NH-52-8-9", "recid": "yf232wp9182", "websiteUrl": "https://purl.stanford.edu/yf232wp9182", "title": "[日本] 五万分一地形圖", "ckey": 9741696, "available": true, "iiifUrl": "https://purl.stanford.edu/yf232wp9182/iiif/manifest" }, "geometry": { "type": "Polygon", "coordinates": [ [ [ 130.25, 31.1666665 ], [ 130.5, 31.1666665 ], [ 130.5, 31.333333 ], [ 130.25, 31.333333 ], [ 130.25, 31.1666665 ] ] ] } },
{ "type": "Feature", "properties": { "Id": 0, "Sheet_ID": "開聞嶽 5", "label": "開聞嶽 5", "call_short": "G7960 S50 .K61", "call_num": "G7960 S50 .K61 NH-52-8-5", "recid": "fc613fr0605", "websiteUrl": "https://purl.stanford.edu/fc613fr0605", "title": "[日本] 五万分一地形圖", "ckey": 9741696, "available": true, "iiifUrl": "https://purl.stanford.edu/fc613fr0605/iiif/manifest" }, "geometry": { "type": "Polygon", "coordinates": [ [ [ 130.5, 31.1666665 ], [ 130.75, 31.1666665 ], [ 130.75, 31.333333 ], [ 130.5, 31.333333 ], [ 130.5, 31.1666665 ] ] ] } },
{ "type": "Feature", "properties": { "Id": 0, "Sheet_ID": "開聞嶽 1", "label": "開聞嶽 1", "call_short": "G7960 S50 .K61", "call_num": "G7960 S50 .K61 NH-52-8-1", "recid": "yk015sg2155", "websiteUrl": "https://purl.stanford.edu/yk015sg2155", "title": "[日本] 五万分一地形圖", "ckey": 9741696, "available": true, "iiifUrl": "https://purl.stanford.edu/yk015sg2155/iiif/manifest" }, "geometry": { "type": "Polygon", "coordinates": [ [ [ 130.75, 31.1666665 ], [ 131.0, 31.1666665 ], [ 131.0, 31.333333 ], [ 130.75, 31.333333 ], [ 130.75, 31.1666665 ] ] ] } },
{ "type": "Feature", "properties": { "Id": 0, "Sheet_ID": "開聞嶽 1_東部 ED.2", "label": "開聞嶽 1_東部 ED.2", "call_short": "G7960 S50 .K61", "call_num": "G7960 S50 .K61 NH-52-8-1 EAST ED.2", "recid": "gk702km8394", "websiteUrl": "https://purl.stanford.edu/gk702km8394", "title": "[日本] 五万分一地形圖", "ckey": 9741696, "available": true, "iiifUrl": "https://purl.stanford.edu/gk702km8394/iiif/manifest" }, "geometry": { "type": "Polygon", "coordinates": [ [ [ 131.25, 31.1666665 ], [ 131.25, 31.333333 ], [ 131.0, 31.333333 ], [ 131.0, 31.1666665 ], [ 131.25, 31.1666665 ] ] ] } },
{ "type": "Feature", "properties": { "Id": 0, "Sheet_ID": "開聞嶽 4_東部", "label": "開聞嶽 4_東部", "call_short": "G7960 S50 .K61", "call_num": "G7960 S50 .K61 NH-52-8-4 EAST", "recid": "cz212fz0454", "websiteUrl": "https://purl.stanford.edu/cz212fz0454", "title": "[日本] 五万分一地形圖", "ckey": 9741696, "available": true, "iiifUrl": "https://purl.stanford.edu/cz212fz0454/iiif/manifest" }, "geometry": { "type": "Polygon", "coordinates": [ [ [ 131.25, 30.666667 ], [ 131.25, 30.8333335 ], [ 131.0, 30.8333335 ], [ 131.0, 30.666667 ], [ 131.25, 30.666667 ] ] ] } },
{ "type": "Feature", "properties": { "Id": 0, "Sheet_ID": "開聞嶽 1_東部", "label": "開聞嶽 1_東部", "call_short": "G7960 S50 .K61", "call_num": "G7960 S50 .K61 NH-52-8-1 EAST", "recid": "rr692vw9381", "websiteUrl": "https://purl.stanford.edu/rr692vw9381", "title": "[日本] 五万分一地形圖", "ckey": 9741696, "available": true, "iiifUrl": "https://purl.stanford.edu/rr692vw9381/iiif/manifest" }, "geometry": { "type": "Polygon", "coordinates": [ [ [ 131.25, 31.1666665 ], [ 131.25, 31.333333 ], [ 131.0, 31.333333 ], [ 131.0, 31.1666665 ], [ 131.25, 31.1666665 ] ] ] } }
]
}
