{
"type": "FeatureCollection",
"name": "index_map",
"xy_coordinate_resolution": 1e-07,
"features": [
{ "type": "Feature", "properties": { "Id": 0, "Sheet_ID": "延吉 8-4. 下廣浦", "label": "延吉 8-4. 下廣浦", "call_short": "G7822 .M2 S50 .J4", "call_num": "G7822 .M2 S50 .J4 1-8-4", "recid": "zq277yy6001", "websiteUrl": "https://purl.stanford.edu/zq277yy6001", "title": "満洲五万分一圖", "ckey": 12717575, "available": true, "iiifUrl": "https://purl.stanford.edu/zq277yy6001/iiif/manifest" }, "geometry": { "type": "Polygon", "coordinates": [ [ [ 129.0, 42.333333 ], [ 129.25, 42.333333 ], [ 129.25, 42.4999997 ], [ 129.0, 42.4999997 ], [ 129.0, 42.333333 ] ] ] } },
{ "type": "Feature", "properties": { "Id": 0, "Sheet_ID": "延吉 8-2. 咸朴洞", "label": "延吉 8-2. 咸朴洞", "call_short": "G7822 .M2 S50 .J4", "call_num": "G7822 .M2 S50 .J4 1-8-2", "recid": "sd388kk9724", "websiteUrl": "https://purl.stanford.edu/sd388kk9724", "title": "満洲五万分一圖", "ckey": 12717575, "available": true, "iiifUrl": "https://purl.stanford.edu/sd388kk9724/iiif/manifest" }, "geometry": { "type": "Polygon", "coordinates": [ [ [ 129.25, 42.333333 ], [ 129.5, 42.333333 ], [ 129.5, 42.4999997 ], [ 129.25, 42.4999997 ], [ 129.25, 42.333333 ] ] ] } },
{ "type": "Feature", "properties": { "Id": 0, "Sheet_ID": "延吉 3-4. 稽查處", "label": "延吉 3-4. 稽查處", "call_short": "0", "call_num": "0", "recid": "0", "websiteUrl": "0", "title": "0", "ckey": 0, "available": false, "iiifUrl": "0" }, "geometry": { "type": "Polygon", "coordinates": [ [ [ 129.5, 42.333333 ], [ 129.75, 42.333333 ], [ 129.75, 42.4999997 ], [ 129.5, 42.4999997 ], [ 129.5, 42.333333 ] ] ] } },
{ "type": "Feature", "properties": { "Id": 0, "Sheet_ID": "延吉 13-1. 三道溝", "label": "延吉 13-1. 三道溝", "call_short": "G7822 .M2 S50 .J4", "call_num": "G7822 .M2 S50 .J4 1-13-1", "recid": "fq431qs0025", "websiteUrl": "https://purl.stanford.edu/fq431qs0025", "title": "満洲五万分一圖", "ckey": 12717575, "available": true, "iiifUrl": "https://purl.stanford.edu/fq431qs0025/iiif/manifest" }, "geometry": { "type": "Polygon", "coordinates": [ [ [ 128.75, 42.4999997 ], [ 129.0, 42.4999997 ], [ 129.0, 42.6666663 ], [ 128.75, 42.6666663 ], [ 128.75, 42.4999997 ] ] ] } },
{ "type": "Feature", "properties": { "Id": 0, "Sheet_ID": "延吉 8-3. 土山子", "label": "延吉 8-3. 土山子", "call_short": "G7822 .M2 S50 .J4", "call_num": "G7822 .M2 S50 .J4 1-8-3", "recid": "ff303rq1878", "websiteUrl": "https://purl.stanford.edu/ff303rq1878", "title": "満洲五万分一圖", "ckey": 12717575, "available": true, "iiifUrl": "https://purl.stanford.edu/ff303rq1878/iiif/manifest" }, "geometry": { "type": "Polygon", "coordinates": [ [ [ 129.0, 42.4999997 ], [ 129.25, 42.4999997 ], [ 129.25, 42.6666663 ], [ 129.0, 42.6666663 ], [ 129.0, 42.4999997 ] ] ] } },
{ "type": "Feature", "properties": { "Id": 0, "Sheet_ID": "延吉 8-1. 三山坪", "label": "延吉 8-1. 三山坪", "call_short": "G7822 .M2 S50 .J4", "call_num": "G7822 .M2 S50 .J4 1-8-1", "recid": "ys567gy6806", "websiteUrl": "https://purl.stanford.edu/ys567gy6806", "title": "満洲五万分一圖", "ckey": 12717575, "available": true, "iiifUrl": "https://purl.stanford.edu/ys567gy6806/iiif/manifest" }, "geometry": { "type": "Polygon", "coordinates": [ [ [ 129.25, 42.4999997 ], [ 129.5, 42.4999997 ], [ 129.5, 42.6666663 ], [ 129.25, 42.6666663 ], [ 129.25, 42.4999997 ] ] ] } },
{ "type": "Feature", "properties": { "Id": 0, "Sheet_ID": "延吉 3-3. 和龍", "label": "延吉 3-3. 和龍", "call_short": "0", "call_num": "0", "recid": "0", "websiteUrl": "0", "title": "0", "ckey": 0, "available": false, "iiifUrl": "0" }, "geometry": { "type": "Polygon", "coordinates": [ [ [ 129.5, 42.4999997 ], [ 129.75, 42.4999997 ], [ 129.75, 42.6666663 ], [ 129.5, 42.6666663 ], [ 129.5, 42.4999997 ] ] ] } },
{ "type": "Feature", "properties": { "Id": 0, "Sheet_ID": "延吉 7-4. 頭道溝", "label": "延吉 7-4. 頭道溝", "call_short": "G7822 .M2 S50 .J4", "call_num": "G7822 .M2 S50 .J4 1-7-4", "recid": "zm127jn7224", "websiteUrl": "https://purl.stanford.edu/zm127jn7224", "title": "満洲五万分一圖", "ckey": 12717575, "available": true, "iiifUrl": "https://purl.stanford.edu/zm127jn7224/iiif/manifest" }, "geometry": { "type": "Polygon", "coordinates": [ [ [ 129.0, 42.6666663 ], [ 129.25, 42.6666663 ], [ 129.25, 42.833333 ], [ 129.0, 42.833333 ], [ 129.0, 42.6666663 ] ] ] } },
{ "type": "Feature", "properties": { "Id": 0, "Sheet_ID": "延吉 7-2. 龍井", "label": "延吉 7-2. 龍井", "call_short": "G7822 .M2 S50 .J4", "call_num": "G7822 .M2 S50 .J4 1-7-2", "recid": "wz950bt5630", "websiteUrl": "https://purl.stanford.edu/wz950bt5630", "title": "満洲五万分一圖", "ckey": 12717575, "available": true, "iiifUrl": "https://purl.stanford.edu/wz950bt5630/iiif/manifest" }, "geometry": { "type": "Polygon", "coordinates": [ [ [ 129.25, 42.6666663 ], [ 129.5, 42.6666663 ], [ 129.5, 42.833333 ], [ 129.25, 42.833333 ], [ 129.25, 42.6666663 ] ] ] } },
{ "type": "Feature", "properties": { "Id": 0, "Sheet_ID": "延吉 2-4. 八道河", "label": "延吉 2-4. 八道河", "call_short": "0", "call_num": "0", "recid": "0", "websiteUrl": "0", "title": "0", "ckey": 0, "available": false, "iiifUrl": "0" }, "geometry": { "type": "Polygon", "coordinates": [ [ [ 129.5, 42.6666663 ], [ 129.75, 42.6666663 ], [ 129.75, 42.833333 ], [ 129.5, 42.833333 ], [ 129.5, 42.6666663 ] ] ] } },
{ "type": "Feature", "properties": { "Id": 0, "Sheet_ID": "延吉 7-3. 銅佛寺", "label": "延吉 7-3. 銅佛寺", "call_short": "G7822 .M2 S50 .J4", "call_num": "G7822 .M2 S50 .J4 1-7-3", "recid": "jd750yx5277", "websiteUrl": "https://purl.stanford.edu/jd750yx5277", "title": "満洲五万分一圖", "ckey": 12717575, "available": true, "iiifUrl": "https://purl.stanford.edu/jd750yx5277/iiif/manifest" }, "geometry": { "type": "Polygon", "coordinates": [ [ [ 129.0, 42.833333 ], [ 129.25, 42.833333 ], [ 129.25, 42.9999997 ], [ 129.0, 42.9999997 ], [ 129.0, 42.833333 ] ] ] } },
{ "type": "Feature", "properties": { "Id": 0, "Sheet_ID": "延吉 7-1. 朝陽川", "label": "延吉 7-1. 朝陽川", "call_short": "G7822 .M2 S50 .J4", "call_num": "G7822 .M2 S50 .J4 1-7-1", "recid": "hj050pr9365", "websiteUrl": "https://purl.stanford.edu/hj050pr9365", "title": "満洲五万分一圖", "ckey": 12717575, "available": true, "iiifUrl": "https://purl.stanford.edu/hj050pr9365/iiif/manifest" }, "geometry": { "type": "Polygon", "coordinates": [ [ [ 129.25, 42.833333 ], [ 129.5, 42.833333 ], [ 129.5, 42.9999997 ], [ 129.25, 42.9999997 ], [ 129.25, 42.833333 ] ] ] } },
{ "type": "Feature", "properties": { "Id": 0, "Sheet_ID": "延吉 2-3. 延吉", "label": "延吉 2-3. 延吉", "call_short": "0", "call_num": "0", "recid": "0", "websiteUrl": "0", "title": "0", "ckey": 0, "available": false, "iiifUrl": "0" }, "geometry": { "type": "Polygon", "coordinates": [ [ [ 129.5, 42.833333 ], [ 129.75, 42.833333 ], [ 129.75, 42.9999997 ], [ 129.5, 42.9999997 ], [ 129.5, 42.833333 ] ] ] } },
{ "type": "Feature", "properties": { "Id": 0, "Sheet_ID": "延吉 6-4. 茶條溝", "label": "延吉 6-4. 茶條溝", "call_short": "G7822 .M2 S50 .J4", "call_num": "G7822 .M2 S50 .J4 1-6-4", "recid": "jf394zt5510", "websiteUrl": "https://purl.stanford.edu/jf394zt5510", "title": "満洲五万分一圖", "ckey": 12717575, "available": true, "iiifUrl": "https://purl.stanford.edu/jf394zt5510/iiif/manifest" }, "geometry": { "type": "Polygon", "coordinates": [ [ [ 129.0, 42.9999997 ], [ 129.25, 42.9999997 ], [ 129.25, 43.1666663 ], [ 129.0, 43.1666663 ], [ 129.0, 42.9999997 ] ] ] } },
{ "type": "Feature", "properties": { "Id": 0, "Sheet_ID": "延吉 6-2. 八道溝", "label": "延吉 6-2. 八道溝", "call_short": "G7822 .M2 S50 .J4", "call_num": "G7822 .M2 S50 .J4 1-6-2", "recid": "kh695cm7500", "websiteUrl": "https://purl.stanford.edu/kh695cm7500", "title": "満洲五万分一圖", "ckey": 12717575, "available": true, "iiifUrl": "https://purl.stanford.edu/kh695cm7500/iiif/manifest" }, "geometry": { "type": "Polygon", "coordinates": [ [ [ 129.25, 42.9999997 ], [ 129.5, 42.9999997 ], [ 129.5, 43.1666663 ], [ 129.25, 43.1666663 ], [ 129.25, 42.9999997 ] ] ] } },
{ "type": "Feature", "properties": { "Id": 0, "Sheet_ID": "延吉 1-4. 依蘭溝", "label": "延吉 1-4. 依蘭溝", "call_short": "0", "call_num": "0", "recid": "0", "websiteUrl": "0", "title": "0", "ckey": 0, "available": false, "iiifUrl": "0" }, "geometry": { "type": "Polygon", "coordinates": [ [ [ 129.5, 42.9999997 ], [ 129.75, 42.9999997 ], [ 129.75, 43.1666663 ], [ 129.5, 43.1666663 ], [ 129.5, 42.9999997 ] ] ] } },
{ "type": "Feature", "properties": { "Id": 0, "Sheet_ID": "延吉 1-3. 百草溝", "label": "延吉 1-3. 百草溝", "call_short": "0", "call_num": "0", "recid": "0", "websiteUrl": "0", "title": "0", "ckey": 0, "available": false, "iiifUrl": "0" }, "geometry": { "type": "Polygon", "coordinates": [ [ [ 129.5, 43.1666663 ], [ 129.75, 43.1666663 ], [ 129.75, 43.333333 ], [ 129.5, 43.333333 ], [ 129.5, 43.1666663 ] ] ] } },
{ "type": "Feature", "properties": { "Id": 0, "Sheet_ID": "哈爾濱 8-4. 哈爾濱", "label": "哈爾濱 8-4. 哈爾濱", "call_short": "G7822 .M2 S50 .J4", "call_num": "G7822 .M2 S50 .J4 2-8-4", "recid": "zs714sh9958", "websiteUrl": "https://purl.stanford.edu/zs714sh9958", "title": "満洲五万分一圖", "ckey": 12717575, "available": true, "iiifUrl": "https://purl.stanford.edu/zs714sh9958/iiif/manifest" }, "geometry": { "type": "Polygon", "coordinates": [ [ [ 126.5, 45.666667 ], [ 126.75, 45.666667 ], [ 126.75, 45.8333335 ], [ 126.5, 45.8333335 ], [ 126.5, 45.666667 ] ] ] } },
{ "type": "Feature", "properties": { "Id": 0, "Sheet_ID": "哈爾濱 8-2. 阿什河", "label": "哈爾濱 8-2. 阿什河", "call_short": "G7822 .M2 S50 .J4", "call_num": "G7822 .M2 S50 .J4 2-8-2", "recid": "mm289vm4807", "websiteUrl": "https://purl.stanford.edu/mm289vm4807", "title": "満洲五万分一圖", "ckey": 12717575, "available": true, "iiifUrl": "https://purl.stanford.edu/mm289vm4807/iiif/manifest" }, "geometry": { "type": "Polygon", "coordinates": [ [ [ 126.75, 45.666667 ], [ 127.0, 45.666667 ], [ 127.0, 45.8333335 ], [ 126.75, 45.8333335 ], [ 126.75, 45.666667 ] ] ] } },
{ "type": "Feature", "properties": { "Id": 0, "Sheet_ID": "哈爾濱 8-3. 呼蘭", "label": "哈爾濱 8-3. 呼蘭", "call_short": "G7822 .M2 S50 .J4", "call_num": "G7822 .M2 S50 .J4 2-8-3", "recid": "cb006vp6015", "websiteUrl": "https://purl.stanford.edu/cb006vp6015", "title": "満洲五万分一圖", "ckey": 12717575, "available": true, "iiifUrl": "https://purl.stanford.edu/cb006vp6015/iiif/manifest" }, "geometry": { "type": "Polygon", "coordinates": [ [ [ 126.5, 45.8333335 ], [ 126.75, 45.8333335 ], [ 126.75, 46.0 ], [ 126.5, 46.0 ], [ 126.5, 45.8333335 ] ] ] } },
{ "type": "Feature", "properties": { "Id": 0, "Sheet_ID": "哈爾濱 8-1. 聚源昶", "label": "哈爾濱 8-1. 聚源昶", "call_short": "G7822 .M2 S50 .J4", "call_num": "G7822 .M2 S50 .J4 2-8-1", "recid": "fj664cf4813", "websiteUrl": "https://purl.stanford.edu/fj664cf4813", "title": "満洲五万分一圖", "ckey": 12717575, "available": true, "iiifUrl": "https://purl.stanford.edu/fj664cf4813/iiif/manifest" }, "geometry": { "type": "Polygon", "coordinates": [ [ [ 126.75, 45.8333335 ], [ 127.0, 45.8333335 ], [ 127.0, 46.0 ], [ 126.75, 46.0 ], [ 126.75, 45.8333335 ] ] ] } },
{ "type": "Feature", "properties": { "Id": 0, "Sheet_ID": "新京 24-4. 范家屯", "label": "新京 24-4. 范家屯", "call_short": "G7822 .M2 S50 .J4", "call_num": "G7822 .M2 S50 .J4 3-24-4", "recid": "xd902fd7251", "websiteUrl": "https://purl.stanford.edu/xd902fd7251", "title": "満洲五万分一圖", "ckey": 12717575, "available": true, "iiifUrl": "https://purl.stanford.edu/xd902fd7251/iiif/manifest" }, "geometry": { "type": "Polygon", "coordinates": [ [ [ 125.0, 43.666667 ], [ 125.25, 43.666667 ], [ 125.25, 43.8333335 ], [ 125.0, 43.8333335 ], [ 125.0, 43.666667 ] ] ] } },
{ "type": "Feature", "properties": { "Id": 0, "Sheet_ID": "新京 24-2. 新立城", "label": "新京 24-2. 新立城", "call_short": "G7822 .M2 S50 .J4", "call_num": "G7822 .M2 S50 .J4 3-24-2", "recid": "wf293xf1643", "websiteUrl": "https://purl.stanford.edu/wf293xf1643", "title": "満洲五万分一圖", "ckey": 12717575, "available": true, "iiifUrl": "https://purl.stanford.edu/wf293xf1643/iiif/manifest" }, "geometry": { "type": "Polygon", "coordinates": [ [ [ 125.25, 43.666667 ], [ 125.5, 43.666667 ], [ 125.5, 43.8333335 ], [ 125.25, 43.8333335 ], [ 125.25, 43.666667 ] ] ] } },
{ "type": "Feature", "properties": { "Id": 0, "Sheet_ID": "新京 24-3. 孟家屯", "label": "新京 24-3. 孟家屯", "call_short": "G7822 .M2 S50 .J4", "call_num": "G7822 .M2 S50 .J4 3-24-3", "recid": "ct992fm7079", "websiteUrl": "https://purl.stanford.edu/ct992fm7079", "title": "満洲五万分一圖", "ckey": 12717575, "available": true, "iiifUrl": "https://purl.stanford.edu/ct992fm7079/iiif/manifest" }, "geometry": { "type": "Polygon", "coordinates": [ [ [ 125.0, 43.8333335 ], [ 125.25, 43.8333335 ], [ 125.25, 44.0 ], [ 125.0, 44.0 ], [ 125.0, 43.8333335 ] ] ] } },
{ "type": "Feature", "properties": { "Id": 0, "Sheet_ID": "新京 24-1. 新京", "label": "新京 24-1. 新京", "call_short": "G7822 .M2 S50 .J4", "call_num": "G7822 .M2 S50 .J4 3-24-1", "recid": "my143pr3048", "websiteUrl": "https://purl.stanford.edu/my143pr3048", "title": "満洲五万分一圖", "ckey": 12717575, "available": true, "iiifUrl": "https://purl.stanford.edu/my143pr3048/iiif/manifest" }, "geometry": { "type": "Polygon", "coordinates": [ [ [ 125.25, 43.8333335 ], [ 125.5, 43.8333335 ], [ 125.5, 44.0 ], [ 125.25, 44.0 ], [ 125.25, 43.8333335 ] ] ] } },
{ "type": "Feature", "properties": { "Id": 0, "Sheet_ID": "海龍 24- 4. 甘井子", "label": "海龍 24- 4. 甘井子", "call_short": "G7822 .M2 S50 .J4", "call_num": "G7822 .M2 S50 .J4 4-24-4", "recid": "kr479qx9916", "websiteUrl": "https://purl.stanford.edu/kr479qx9916", "title": "満洲五万分一圖", "ckey": 12717575, "available": true, "iiifUrl": "https://purl.stanford.edu/kr479qx9916/iiif/manifest" }, "geometry": { "type": "Polygon", "coordinates": [ [ [ 125.0, 42.0 ], [ 125.25, 42.0 ], [ 125.25, 42.1666666 ], [ 125.0, 42.1666666 ], [ 125.0, 42.0 ] ] ] } },
{ "type": "Feature", "properties": { "Id": 0, "Sheet_ID": "海龍 24- 3. 永安鎮", "label": "海龍 24- 3. 永安鎮", "call_short": "G7822 .M2 S50 .J4", "call_num": "G7822 .M2 S50 .J4 4-24-3", "recid": "cc594bc5576", "websiteUrl": "https://purl.stanford.edu/cc594bc5576", "title": "満洲五万分一圖", "ckey": 12717575, "available": true, "iiifUrl": "https://purl.stanford.edu/cc594bc5576/iiif/manifest" }, "geometry": { "type": "Polygon", "coordinates": [ [ [ 125.0, 42.1666666 ], [ 125.25, 42.1666666 ], [ 125.25, 42.3333332 ], [ 125.0, 42.3333332 ], [ 125.0, 42.1666666 ] ] ] } },
{ "type": "Feature", "properties": { "Id": 0, "Sheet_ID": "海龍 22-4. 安怨鎮", "label": "海龍 22-4. 安怨鎮", "call_short": "G7822 .M2 S50 .J4", "call_num": "G7822 .M2 S50 .J4 4-22-4", "recid": "nt530zm2687", "websiteUrl": "https://purl.stanford.edu/nt530zm2687", "title": "満洲五万分一圖", "ckey": 12717575, "available": true, "iiifUrl": "https://purl.stanford.edu/nt530zm2687/iiif/manifest" }, "geometry": { "type": "Polygon", "coordinates": [ [ [ 125.0, 42.6666665 ], [ 125.25, 42.6666665 ], [ 125.25, 42.8333331 ], [ 125.0, 42.8333331 ], [ 125.0, 42.6666665 ] ] ] } },
{ "type": "Feature", "properties": { "Id": 0, "Sheet_ID": "海龍 22-2. 渭津", "label": "海龍 22-2. 渭津", "call_short": "G7822 .M2 S50 .J4", "call_num": "G7822 .M2 S50 .J4 4-22-2", "recid": "mf560mq1754", "websiteUrl": "https://purl.stanford.edu/mf560mq1754", "title": "満洲五万分一圖", "ckey": 12717575, "available": true, "iiifUrl": "https://purl.stanford.edu/mf560mq1754/iiif/manifest" }, "geometry": { "type": "Polygon", "coordinates": [ [ [ 125.25, 42.6666665 ], [ 125.5, 42.6666665 ], [ 125.5, 42.8333331 ], [ 125.25, 42.8333331 ], [ 125.25, 42.6666665 ] ] ] } },
{ "type": "Feature", "properties": { "Id": 0, "Sheet_ID": "海龍 22-3. 西安", "label": "海龍 22-3. 西安", "call_short": "G7822 .M2 S50 .J4", "call_num": "G7822 .M2 S50 .J4 4-22-3", "recid": "jf902wz6048", "websiteUrl": "https://purl.stanford.edu/jf902wz6048", "title": "満洲五万分一圖", "ckey": 12717575, "available": true, "iiifUrl": "https://purl.stanford.edu/jf902wz6048/iiif/manifest" }, "geometry": { "type": "Polygon", "coordinates": [ [ [ 125.0, 42.8333331 ], [ 125.25, 42.8333331 ], [ 125.25, 42.9999998 ], [ 125.0, 42.9999998 ], [ 125.0, 42.8333331 ] ] ] } },
{ "type": "Feature", "properties": { "Id": 0, "Sheet_ID": "海龍 22-1. 安福鎮", "label": "海龍 22-1. 安福鎮", "call_short": "G7822 .M2 S50 .J4", "call_num": "G7822 .M2 S50 .J4 4-22-1", "recid": "rh369bk1922", "websiteUrl": "https://purl.stanford.edu/rh369bk1922", "title": "満洲五万分一圖", "ckey": 12717575, "available": true, "iiifUrl": "https://purl.stanford.edu/rh369bk1922/iiif/manifest" }, "geometry": { "type": "Polygon", "coordinates": [ [ [ 125.25, 42.8333331 ], [ 125.5, 42.8333331 ], [ 125.5, 42.9999998 ], [ 125.25, 42.9999998 ], [ 125.25, 42.8333331 ] ] ] } },
{ "type": "Feature", "properties": { "Id": 0, "Sheet_ID": "海龍 21-4. 安仁鎮", "label": "海龍 21-4. 安仁鎮", "call_short": "G7822 .M2 S50 .J4", "call_num": "G7822 .M2 S50 .J4 4-21-4", "recid": "gd158gj1201", "websiteUrl": "https://purl.stanford.edu/gd158gj1201", "title": "満洲五万分一圖", "ckey": 12717575, "available": true, "iiifUrl": "https://purl.stanford.edu/gd158gj1201/iiif/manifest" }, "geometry": { "type": "Polygon", "coordinates": [ [ [ 125.0, 42.9999998 ], [ 125.25, 42.9999998 ], [ 125.25, 43.1666664 ], [ 125.0, 43.1666664 ], [ 125.0, 42.9999998 ] ] ] } },
{ "type": "Feature", "properties": { "Id": 0, "Sheet_ID": "海龍 21-2. 安昌鎮", "label": "海龍 21-2. 安昌鎮", "call_short": "G7822 .M2 S50 .J4", "call_num": "G7822 .M2 S50 .J4 4-21-2", "recid": "nw752xp8496", "websiteUrl": "https://purl.stanford.edu/nw752xp8496", "title": "満洲五万分一圖", "ckey": 12717575, "available": true, "iiifUrl": "https://purl.stanford.edu/nw752xp8496/iiif/manifest" }, "geometry": { "type": "Polygon", "coordinates": [ [ [ 125.25, 42.9999998 ], [ 125.5, 42.9999998 ], [ 125.5, 43.1666664 ], [ 125.25, 43.1666664 ], [ 125.25, 42.9999998 ] ] ] } },
{ "type": "Feature", "properties": { "Id": 0, "Sheet_ID": "海龍 21-3. 大狐山村", "label": "海龍 21-3. 大狐山村", "call_short": "G7822 .M2 S50 .J4", "call_num": "G7822 .M2 S50 .J4 4-21-3", "recid": "ds233qc5211", "websiteUrl": "https://purl.stanford.edu/ds233qc5211", "title": "満洲五万分一圖", "ckey": 12717575, "available": true, "iiifUrl": "https://purl.stanford.edu/ds233qc5211/iiif/manifest" }, "geometry": { "type": "Polygon", "coordinates": [ [ [ 125.0, 43.1666664 ], [ 125.25, 43.1666664 ], [ 125.25, 43.333333 ], [ 125.0, 43.333333 ], [ 125.0, 43.1666664 ] ] ] } },
{ "type": "Feature", "properties": { "Id": 0, "Sheet_ID": "海龍 21-1. 營城子", "label": "海龍 21-1. 營城子", "call_short": "G7822 .M2 S50 .J4", "call_num": "G7822 .M2 S50 .J4 4-21-1", "recid": "vw240vt0280", "websiteUrl": "https://purl.stanford.edu/vw240vt0280", "title": "満洲五万分一圖", "ckey": 12717575, "available": true, "iiifUrl": "https://purl.stanford.edu/vw240vt0280/iiif/manifest" }, "geometry": { "type": "Polygon", "coordinates": [ [ [ 125.25, 43.1666664 ], [ 125.5, 43.1666664 ], [ 125.5, 43.333333 ], [ 125.25, 43.333333 ], [ 125.25, 43.1666664 ] ] ] } },
{ "type": "Feature", "properties": { "Id": 0, "Sheet_ID": "輯安 22-1. 桓仁", "label": "輯安 22-1. 桓仁", "call_short": "G7822 .M2 S50 .J4", "call_num": "G7822 .M2 S50 .J4 5-22-1", "recid": "wr498ng1762", "websiteUrl": "https://purl.stanford.edu/wr498ng1762", "title": "満洲五万分一圖", "ckey": 12717575, "available": true, "iiifUrl": "https://purl.stanford.edu/wr498ng1762/iiif/manifest" }, "geometry": { "type": "Polygon", "coordinates": [ [ [ 125.25, 41.1666665 ], [ 125.5, 41.1666665 ], [ 125.5, 41.3333331 ], [ 125.25, 41.3333331 ], [ 125.25, 41.1666665 ] ] ] } },
{ "type": "Feature", "properties": { "Id": 0, "Sheet_ID": "奉天 20-4. 沙嶺堡", "label": "奉天 20-4. 沙嶺堡", "call_short": "0", "call_num": "0", "recid": "0", "websiteUrl": "0", "title": "0", "ckey": 0, "available": false, "iiifUrl": "0" }, "geometry": { "type": "Polygon", "coordinates": [ [ [ 123.0, 41.666667 ], [ 123.25, 41.666667 ], [ 123.25, 41.8333336 ], [ 123.0, 41.8333336 ], [ 123.0, 41.666667 ] ] ] } },
{ "type": "Feature", "properties": { "Id": 0, "Sheet_ID": "奉天 20-2. 奉天", "label": "奉天 20-2. 奉天", "call_short": "G7822 .M2 S50 .J4", "call_num": "G7822 .M2 S50 .J4 8-20-2", "recid": "xz348th0461", "websiteUrl": "https://purl.stanford.edu/xz348th0461", "title": "満洲五万分一圖", "ckey": 12717575, "available": true, "iiifUrl": "https://purl.stanford.edu/xz348th0461/iiif/manifest" }, "geometry": { "type": "Polygon", "coordinates": [ [ [ 123.25, 41.666667 ], [ 123.5, 41.666667 ], [ 123.5, 41.8333336 ], [ 123.25, 41.8333336 ], [ 123.25, 41.666667 ] ] ] } },
{ "type": "Feature", "properties": { "Id": 0, "Sheet_ID": "奉天 15-4. 東陵", "label": "奉天 15-4. 東陵", "call_short": "G7822 .M2 S50 .J4", "call_num": "G7822 .M2 S50 .J4 8-15-4", "recid": "dh146mk1164", "websiteUrl": "https://purl.stanford.edu/dh146mk1164", "title": "満洲五万分一圖", "ckey": 12717575, "available": true, "iiifUrl": "https://purl.stanford.edu/dh146mk1164/iiif/manifest" }, "geometry": { "type": "Polygon", "coordinates": [ [ [ 123.5, 41.666667 ], [ 123.75, 41.666667 ], [ 123.75, 41.8333336 ], [ 123.5, 41.8333336 ], [ 123.5, 41.666667 ] ] ] } },
{ "type": "Feature", "properties": { "Id": 0, "Sheet_ID": "奉天 15-2. 塔爾峪", "label": "奉天 15-2. 塔爾峪", "call_short": "G7822 .M2 S50 .J4", "call_num": "G7822 .M2 S50 .J4 8-15-2", "recid": "sn505gv6098", "websiteUrl": "https://purl.stanford.edu/sn505gv6098", "title": "満洲五万分一圖", "ckey": 12717575, "available": true, "iiifUrl": "https://purl.stanford.edu/sn505gv6098/iiif/manifest" }, "geometry": { "type": "Polygon", "coordinates": [ [ [ 123.75, 41.666667 ], [ 124.0, 41.666667 ], [ 124.0, 41.8333336 ], [ 123.75, 41.8333336 ], [ 123.75, 41.666667 ] ] ] } },
{ "type": "Feature", "properties": { "Id": 0, "Sheet_ID": "奉天 10-4. 東社", "label": "奉天 10-4. 東社", "call_short": "G7822 .M2 S50 .J4", "call_num": "G7822 .M2 S50 .J4 8-10-4", "recid": "xj429bn6446", "websiteUrl": "https://purl.stanford.edu/xj429bn6446", "title": "満洲五万分一圖", "ckey": 12717575, "available": true, "iiifUrl": "https://purl.stanford.edu/xj429bn6446/iiif/manifest" }, "geometry": { "type": "Polygon", "coordinates": [ [ [ 124.0, 41.666667 ], [ 124.25, 41.666667 ], [ 124.25, 41.8333336 ], [ 124.0, 41.8333336 ], [ 124.0, 41.666667 ] ] ] } },
{ "type": "Feature", "properties": { "Id": 0, "Sheet_ID": "奉天 10-2. 湯圖伙洛", "label": "奉天 10-2. 湯圖伙洛", "call_short": "G7822 .M2 S50 .J4", "call_num": "G7822 .M2 S50 .J4 8-10-2", "recid": "gc727gc8366", "websiteUrl": "https://purl.stanford.edu/gc727gc8366", "title": "満洲五万分一圖", "ckey": 12717575, "available": true, "iiifUrl": "https://purl.stanford.edu/gc727gc8366/iiif/manifest" }, "geometry": { "type": "Polygon", "coordinates": [ [ [ 124.25, 41.666667 ], [ 124.5, 41.666667 ], [ 124.5, 41.8333336 ], [ 124.25, 41.8333336 ], [ 124.25, 41.666667 ] ] ] } },
{ "type": "Feature", "properties": { "Id": 0, "Sheet_ID": "奉天 5-4. 木竒", "label": "奉天 5-4. 木竒", "call_short": "G7822 .M2 S50 .J4", "call_num": "G7822 .M2 S50 .J4 8-5-4", "recid": "nt566vg9021", "websiteUrl": "https://purl.stanford.edu/nt566vg9021", "title": "満洲五万分一圖", "ckey": 12717575, "available": true, "iiifUrl": "https://purl.stanford.edu/nt566vg9021/iiif/manifest" }, "geometry": { "type": "Polygon", "coordinates": [ [ [ 124.5, 41.666667 ], [ 124.75, 41.666667 ], [ 124.75, 41.8333336 ], [ 124.5, 41.8333336 ], [ 124.5, 41.666667 ] ] ] } },
{ "type": "Feature", "properties": { "Id": 0, "Sheet_ID": "奉天 5-2. 永陵街", "label": "奉天 5-2. 永陵街", "call_short": "G7822 .M2 S50 .J4", "call_num": "G7822 .M2 S50 .J4 8-5-2", "recid": "pz790gv7910", "websiteUrl": "https://purl.stanford.edu/pz790gv7910", "title": "満洲五万分一圖", "ckey": 12717575, "available": true, "iiifUrl": "https://purl.stanford.edu/pz790gv7910/iiif/manifest" }, "geometry": { "type": "Polygon", "coordinates": [ [ [ 124.75, 41.666667 ], [ 125.0, 41.666667 ], [ 125.0, 41.8333336 ], [ 124.75, 41.8333336 ], [ 124.75, 41.666667 ] ] ] } },
{ "type": "Feature", "properties": { "Id": 0, "Sheet_ID": "奉天 20-3. 馬三家", "label": "奉天 20-3. 馬三家", "call_short": "0", "call_num": "0", "recid": "0", "websiteUrl": "0", "title": "0", "ckey": 0, "available": false, "iiifUrl": "0" }, "geometry": { "type": "Polygon", "coordinates": [ [ [ 123.0, 41.8333336 ], [ 123.25, 41.8333336 ], [ 123.25, 42.0000002 ], [ 123.0, 42.0000002 ], [ 123.0, 41.8333336 ] ] ] } },
{ "type": "Feature", "properties": { "Id": 0, "Sheet_ID": "奉天 20-1. 北陵", "label": "奉天 20-1. 北陵", "call_short": "G7822 .M2 S50 .J4", "call_num": "G7822 .M2 S50 .J4 8-20-1", "recid": "mj428jc7479", "websiteUrl": "https://purl.stanford.edu/mj428jc7479", "title": "満洲五万分一圖", "ckey": 12717575, "available": true, "iiifUrl": "https://purl.stanford.edu/mj428jc7479/iiif/manifest" }, "geometry": { "type": "Polygon", "coordinates": [ [ [ 123.25, 41.8333336 ], [ 123.5, 41.8333336 ], [ 123.5, 42.0000002 ], [ 123.25, 42.0000002 ], [ 123.25, 41.8333336 ] ] ] } },
{ "type": "Feature", "properties": { "Id": 0, "Sheet_ID": "奉天 15-3. 舊站", "label": "奉天 15-3. 舊站", "call_short": "G7822 .M2 S50 .J4", "call_num": "G7822 .M2 S50 .J4 8-15-3", "recid": "cf731ck9470", "websiteUrl": "https://purl.stanford.edu/cf731ck9470", "title": "満洲五万分一圖", "ckey": 12717575, "available": true, "iiifUrl": "https://purl.stanford.edu/cf731ck9470/iiif/manifest" }, "geometry": { "type": "Polygon", "coordinates": [ [ [ 123.5, 41.8333336 ], [ 123.75, 41.8333336 ], [ 123.75, 42.0000002 ], [ 123.5, 42.0000002 ], [ 123.5, 41.8333336 ] ] ] } },
{ "type": "Feature", "properties": { "Id": 0, "Sheet_ID": "奉天 15-1. 撫順", "label": "奉天 15-1. 撫順", "call_short": "G7822 .M2 S50 .J4", "call_num": "G7822 .M2 S50 .J4 8-15-1", "recid": "wk891jq3516", "websiteUrl": "https://purl.stanford.edu/wk891jq3516", "title": "満洲五万分一圖", "ckey": 12717575, "available": true, "iiifUrl": "https://purl.stanford.edu/wk891jq3516/iiif/manifest" }, "geometry": { "type": "Polygon", "coordinates": [ [ [ 123.75, 41.8333336 ], [ 124.0, 41.8333336 ], [ 124.0, 42.0000002 ], [ 123.75, 42.0000002 ], [ 123.75, 41.8333336 ] ] ] } },
{ "type": "Feature", "properties": { "Id": 0, "Sheet_ID": "奉天 10-3. 營盤", "label": "奉天 10-3. 營盤", "call_short": "G7822 .M2 S50 .J4", "call_num": "G7822 .M2 S50 .J4 8-10-3", "recid": "cq235nc6140", "websiteUrl": "https://purl.stanford.edu/cq235nc6140", "title": "満洲五万分一圖", "ckey": 12717575, "available": true, "iiifUrl": "https://purl.stanford.edu/cq235nc6140/iiif/manifest" }, "geometry": { "type": "Polygon", "coordinates": [ [ [ 124.0, 41.8333336 ], [ 124.25, 41.8333336 ], [ 124.25, 42.0000002 ], [ 124.0, 42.0000002 ], [ 124.0, 41.8333336 ] ] ] } },
{ "type": "Feature", "properties": { "Id": 0, "Sheet_ID": "奉天 10-1. 南雑木", "label": "奉天 10-1. 南雑木", "call_short": "G7822 .M2 S50 .J4", "call_num": "G7822 .M2 S50 .J4 8-10-1", "recid": "gz494mq3568", "websiteUrl": "https://purl.stanford.edu/gz494mq3568", "title": "満洲五万分一圖", "ckey": 12717575, "available": true, "iiifUrl": "https://purl.stanford.edu/gz494mq3568/iiif/manifest" }, "geometry": { "type": "Polygon", "coordinates": [ [ [ 124.25, 41.8333336 ], [ 124.5, 41.8333336 ], [ 124.5, 42.0000002 ], [ 124.25, 42.0000002 ], [ 124.25, 41.8333336 ] ] ] } },
{ "type": "Feature", "properties": { "Id": 0, "Sheet_ID": "奉天 5-3. 蒼石", "label": "奉天 5-3. 蒼石", "call_short": "G7822 .M2 S50 .J4", "call_num": "G7822 .M2 S50 .J4 8-5-3", "recid": "hm938yg0175", "websiteUrl": "https://purl.stanford.edu/hm938yg0175", "title": "満洲五万分一圖", "ckey": 12717575, "available": true, "iiifUrl": "https://purl.stanford.edu/hm938yg0175/iiif/manifest" }, "geometry": { "type": "Polygon", "coordinates": [ [ [ 124.5, 41.8333336 ], [ 124.75, 41.8333336 ], [ 124.75, 42.0000002 ], [ 124.5, 42.0000002 ], [ 124.5, 41.8333336 ] ] ] } },
{ "type": "Feature", "properties": { "Id": 0, "Sheet_ID": "奉天 5-1. 大蘇河", "label": "奉天 5-1. 大蘇河", "call_short": "G7822 .M2 S50 .J4", "call_num": "G7822 .M2 S50 .J4 8-5-1", "recid": "yv734wx7628", "websiteUrl": "https://purl.stanford.edu/yv734wx7628", "title": "満洲五万分一圖", "ckey": 12717575, "available": true, "iiifUrl": "https://purl.stanford.edu/yv734wx7628/iiif/manifest" }, "geometry": { "type": "Polygon", "coordinates": [ [ [ 124.75, 41.8333336 ], [ 125.0, 41.8333336 ], [ 125.0, 42.0000002 ], [ 124.75, 42.0000002 ], [ 124.75, 41.8333336 ] ] ] } },
{ "type": "Feature", "properties": { "Id": 0, "Sheet_ID": "奉天 14-4. 新台子", "label": "奉天 14-4. 新台子", "call_short": "G7822 .M2 S50 .J4", "call_num": "G7822 .M2 S50 .J4 8-14-4", "recid": "kz911jh5484", "websiteUrl": "https://purl.stanford.edu/kz911jh5484", "title": "満洲五万分一圖", "ckey": 12717575, "available": true, "iiifUrl": "https://purl.stanford.edu/kz911jh5484/iiif/manifest" }, "geometry": { "type": "Polygon", "coordinates": [ [ [ 123.5, 42.0000002 ], [ 123.75, 42.0000002 ], [ 123.75, 42.1666668 ], [ 123.5, 42.1666668 ], [ 123.5, 42.0000002 ] ] ] } },
{ "type": "Feature", "properties": { "Id": 0, "Sheet_ID": "奉天 14-2. 三岔子", "label": "奉天 14-2. 三岔子", "call_short": "G7822 .M2 S50 .J4", "call_num": "G7822 .M2 S50 .J4 8-14-2", "recid": "kp061yy7474", "websiteUrl": "https://purl.stanford.edu/kp061yy7474", "title": "満洲五万分一圖", "ckey": 12717575, "available": true, "iiifUrl": "https://purl.stanford.edu/kp061yy7474/iiif/manifest" }, "geometry": { "type": "Polygon", "coordinates": [ [ [ 123.75, 42.0000002 ], [ 124.0, 42.0000002 ], [ 124.0, 42.1666668 ], [ 123.75, 42.1666668 ], [ 123.75, 42.0000002 ] ] ] } },
{ "type": "Feature", "properties": { "Id": 0, "Sheet_ID": "奉天 4-4. 北三家", "label": "奉天 4-4. 北三家", "call_short": "G7822 .M2 S50 .J4", "call_num": "G7822 .M2 S50 .J4 8-4-4", "recid": "bc109rt6333", "websiteUrl": "https://purl.stanford.edu/bc109rt6333", "title": "満洲五万分一圖", "ckey": 12717575, "available": true, "iiifUrl": "https://purl.stanford.edu/bc109rt6333/iiif/manifest" }, "geometry": { "type": "Polygon", "coordinates": [ [ [ 124.5, 42.0000002 ], [ 124.75, 42.0000002 ], [ 124.75, 42.1666668 ], [ 124.5, 42.1666668 ], [ 124.5, 42.0000002 ] ] ] } },
{ "type": "Feature", "properties": { "Id": 0, "Sheet_ID": "奉天 4-2. 清原", "label": "奉天 4-2. 清原", "call_short": "G7822 .M2 S50 .J4", "call_num": "G7822 .M2 S50 .J4 8-4-2", "recid": "bb226zj2457", "websiteUrl": "https://purl.stanford.edu/bb226zj2457", "title": "満洲五万分一圖", "ckey": 12717575, "available": true, "iiifUrl": "https://purl.stanford.edu/bb226zj2457/iiif/manifest" }, "geometry": { "type": "Polygon", "coordinates": [ [ [ 124.75, 42.0000002 ], [ 125.0, 42.0000002 ], [ 125.0, 42.1666668 ], [ 124.75, 42.1666668 ], [ 124.75, 42.0000002 ] ] ] } },
{ "type": "Feature", "properties": { "Id": 0, "Sheet_ID": "奉天 14-3. 大汎河", "label": "奉天 14-3. 大汎河", "call_short": "G7822 .M2 S50 .J4", "call_num": "G7822 .M2 S50 .J4 8-14-3", "recid": "pn002sc4584", "websiteUrl": "https://purl.stanford.edu/pn002sc4584", "title": "満洲五万分一圖", "ckey": 12717575, "available": true, "iiifUrl": "https://purl.stanford.edu/pn002sc4584/iiif/manifest" }, "geometry": { "type": "Polygon", "coordinates": [ [ [ 123.5, 42.1666668 ], [ 123.75, 42.1666668 ], [ 123.75, 42.3333334 ], [ 123.5, 42.3333334 ], [ 123.5, 42.1666668 ] ] ] } },
{ "type": "Feature", "properties": { "Id": 0, "Sheet_ID": "奉天 14-1. 鐵嶺", "label": "奉天 14-1. 鐵嶺", "call_short": "G7822 .M2 S50 .J4", "call_num": "G7822 .M2 S50 .J4 8-14-1", "recid": "fs494rx3078", "websiteUrl": "https://purl.stanford.edu/fs494rx3078", "title": "満洲五万分一圖", "ckey": 12717575, "available": true, "iiifUrl": "https://purl.stanford.edu/fs494rx3078/iiif/manifest" }, "geometry": { "type": "Polygon", "coordinates": [ [ [ 123.75, 42.1666668 ], [ 124.0, 42.1666668 ], [ 124.0, 42.3333334 ], [ 123.75, 42.3333334 ], [ 123.75, 42.1666668 ] ] ] } },
{ "type": "Feature", "properties": { "Id": 0, "Sheet_ID": "奉天 4-3. 夏家堡", "label": "奉天 4-3. 夏家堡", "call_short": "G7822 .M2 S50 .J4", "call_num": "G7822 .M2 S50 .J4 8-4-3", "recid": "tg200ps8050", "websiteUrl": "https://purl.stanford.edu/tg200ps8050", "title": "満洲五万分一圖", "ckey": 12717575, "available": true, "iiifUrl": "https://purl.stanford.edu/tg200ps8050/iiif/manifest" }, "geometry": { "type": "Polygon", "coordinates": [ [ [ 124.5, 42.1666668 ], [ 124.75, 42.1666668 ], [ 124.75, 42.3333334 ], [ 124.5, 42.3333334 ], [ 124.5, 42.1666668 ] ] ] } },
{ "type": "Feature", "properties": { "Id": 0, "Sheet_ID": "奉天 4-1. 金家窩棚", "label": "奉天 4-1. 金家窩棚", "call_short": "G7822 .M2 S50 .J4", "call_num": "G7822 .M2 S50 .J4 8-4-1", "recid": "qn157gm8641", "websiteUrl": "https://purl.stanford.edu/qn157gm8641", "title": "満洲五万分一圖", "ckey": 12717575, "available": true, "iiifUrl": "https://purl.stanford.edu/qn157gm8641/iiif/manifest" }, "geometry": { "type": "Polygon", "coordinates": [ [ [ 124.75, 42.1666668 ], [ 125.0, 42.1666668 ], [ 125.0, 42.3333334 ], [ 124.75, 42.3333334 ], [ 124.75, 42.1666668 ] ] ] } },
{ "type": "Feature", "properties": { "Id": 0, "Sheet_ID": "奉天 2-4. 西豊", "label": "奉天 2-4. 西豊", "call_short": "G7822 .M2 S50 .J4", "call_num": "G7822 .M2 S50 .J4 8-2-4", "recid": "rq206kr8179", "websiteUrl": "https://purl.stanford.edu/rq206kr8179", "title": "満洲五万分一圖", "ckey": 12717575, "available": true, "iiifUrl": "https://purl.stanford.edu/rq206kr8179/iiif/manifest" }, "geometry": { "type": "Polygon", "coordinates": [ [ [ 124.5, 42.6666666 ], [ 124.75, 42.6666666 ], [ 124.75, 42.8333332 ], [ 124.5, 42.8333332 ], [ 124.5, 42.6666666 ] ] ] } },
{ "type": "Feature", "properties": { "Id": 0, "Sheet_ID": "奉天 2-2. 封面街", "label": "奉天 2-2. 封面街", "call_short": "G7822 .M2 S50 .J4", "call_num": "G7822 .M2 S50 .J4 8-2-2", "recid": "qn392bw4114", "websiteUrl": "https://purl.stanford.edu/qn392bw4114", "title": "満洲五万分一圖", "ckey": 12717575, "available": true, "iiifUrl": "https://purl.stanford.edu/qn392bw4114/iiif/manifest" }, "geometry": { "type": "Polygon", "coordinates": [ [ [ 124.75, 42.6666666 ], [ 125.0, 42.6666666 ], [ 125.0, 42.8333332 ], [ 124.75, 42.8333332 ], [ 124.75, 42.6666666 ] ] ] } },
{ "type": "Feature", "properties": { "Id": 0, "Sheet_ID": "奉天 2-3. 葉赫鎮", "label": "奉天 2-3. 葉赫鎮", "call_short": "G7822 .M2 S50 .J4", "call_num": "G7822 .M2 S50 .J4 8-2-3", "recid": "vn624kg2315", "websiteUrl": "https://purl.stanford.edu/vn624kg2315", "title": "満洲五万分一圖", "ckey": 12717575, "available": true, "iiifUrl": "https://purl.stanford.edu/vn624kg2315/iiif/manifest" }, "geometry": { "type": "Polygon", "coordinates": [ [ [ 124.5, 42.8333332 ], [ 124.75, 42.8333332 ], [ 124.75, 42.9999998 ], [ 124.5, 42.9999998 ], [ 124.5, 42.8333332 ] ] ] } },
{ "type": "Feature", "properties": { "Id": 0, "Sheet_ID": "奉天 2-1. 平岡鎮", "label": "奉天 2-1. 平岡鎮", "call_short": "G7822 .M2 S50 .J4", "call_num": "G7822 .M2 S50 .J4 8-2-1", "recid": "wx433gj6029", "websiteUrl": "https://purl.stanford.edu/wx433gj6029", "title": "満洲五万分一圖", "ckey": 12717575, "available": true, "iiifUrl": "https://purl.stanford.edu/wx433gj6029/iiif/manifest" }, "geometry": { "type": "Polygon", "coordinates": [ [ [ 124.75, 42.8333332 ], [ 125.0, 42.8333332 ], [ 125.0, 42.9999998 ], [ 124.75, 42.9999998 ], [ 124.75, 42.8333332 ] ] ] } },
{ "type": "Feature", "properties": { "Id": 0, "Sheet_ID": "奉天 1-4. 石嶺", "label": "奉天 1-4. 石嶺", "call_short": "G7822 .M2 S50 .J4", "call_num": "G7822 .M2 S50 .J4 8-1-4", "recid": "gm613nf0947", "websiteUrl": "https://purl.stanford.edu/gm613nf0947", "title": "満洲五万分一圖", "ckey": 12717575, "available": true, "iiifUrl": "https://purl.stanford.edu/gm613nf0947/iiif/manifest" }, "geometry": { "type": "Polygon", "coordinates": [ [ [ 124.5, 42.9999998 ], [ 124.75, 42.9999998 ], [ 124.75, 43.1666664 ], [ 124.5, 43.1666664 ], [ 124.5, 42.9999998 ] ] ] } },
{ "type": "Feature", "properties": { "Id": 0, "Sheet_ID": "奉天 1-2. 安吉鎮", "label": "奉天 1-2. 安吉鎮", "call_short": "G7822 .M2 S50 .J4", "call_num": "G7822 .M2 S50 .J4 8-1-2", "recid": "gz284wy9160", "websiteUrl": "https://purl.stanford.edu/gz284wy9160", "title": "満洲五万分一圖", "ckey": 12717575, "available": true, "iiifUrl": "https://purl.stanford.edu/gz284wy9160/iiif/manifest" }, "geometry": { "type": "Polygon", "coordinates": [ [ [ 124.75, 42.9999998 ], [ 125.0, 42.9999998 ], [ 125.0, 43.1666664 ], [ 124.75, 43.1666664 ], [ 124.75, 42.9999998 ] ] ] } },
{ "type": "Feature", "properties": { "Id": 0, "Sheet_ID": "奉天 1-3. 四台子", "label": "奉天 1-3. 四台子", "call_short": "G7822 .M2 S50 .J4", "call_num": "G7822 .M2 S50 .J4 8-1-3", "recid": "mc684rr5783", "websiteUrl": "https://purl.stanford.edu/mc684rr5783", "title": "満洲五万分一圖", "ckey": 12717575, "available": true, "iiifUrl": "https://purl.stanford.edu/mc684rr5783/iiif/manifest" }, "geometry": { "type": "Polygon", "coordinates": [ [ [ 124.5, 43.1666664 ], [ 124.75, 43.1666664 ], [ 124.75, 43.333333 ], [ 124.5, 43.333333 ], [ 124.5, 43.1666664 ] ] ] } },
{ "type": "Feature", "properties": { "Id": 0, "Sheet_ID": "奉天 1-1. 赫爾蘇", "label": "奉天 1-1. 赫爾蘇", "call_short": "G7822 .M2 S50 .J4", "call_num": "G7822 .M2 S50 .J4 8-1-1", "recid": "ww741pz7511", "websiteUrl": "https://purl.stanford.edu/ww741pz7511", "title": "満洲五万分一圖", "ckey": 12717575, "available": true, "iiifUrl": "https://purl.stanford.edu/ww741pz7511/iiif/manifest" }, "geometry": { "type": "Polygon", "coordinates": [ [ [ 124.75, 43.1666664 ], [ 125.0, 43.1666664 ], [ 125.0, 43.333333 ], [ 124.75, 43.333333 ], [ 124.75, 43.1666664 ] ] ] } },
{ "type": "Feature", "properties": { "Id": 0, "Sheet_ID": "安東 23-4. 虎荘屯", "label": "安東 23-4. 虎荘屯", "call_short": "G7822 .M2 S50 .J4", "call_num": "G7822 .M2 S50 .J4 9-23-4", "recid": "ww713qw1245", "websiteUrl": "https://purl.stanford.edu/ww713qw1245", "title": "満洲五万分一圖", "ckey": 12717575, "available": true, "iiifUrl": "https://purl.stanford.edu/ww713qw1245/iiif/manifest" }, "geometry": { "type": "Polygon", "coordinates": [ [ [ 122.5, 40.666667 ], [ 122.75, 40.666667 ], [ 122.75, 40.8333337 ], [ 122.5, 40.8333337 ], [ 122.5, 40.666667 ] ] ] } },
{ "type": "Feature", "properties": { "Id": 0, "Sheet_ID": "安東 23-2. 析木城", "label": "安東 23-2. 析木城", "call_short": "G7822 .M2 S50 .J4", "call_num": "G7822 .M2 S50 .J4 9-23-2", "recid": "pg539jz8623", "websiteUrl": "https://purl.stanford.edu/pg539jz8623", "title": "満洲五万分一圖", "ckey": 12717575, "available": true, "iiifUrl": "https://purl.stanford.edu/pg539jz8623/iiif/manifest" }, "geometry": { "type": "Polygon", "coordinates": [ [ [ 122.75, 40.666667 ], [ 123.0, 40.666667 ], [ 123.0, 40.8333337 ], [ 122.75, 40.8333337 ], [ 122.75, 40.666667 ] ] ] } },
{ "type": "Feature", "properties": { "Id": 0, "Sheet_ID": "安東 23-3. 海城", "label": "安東 23-3. 海城", "call_short": "G7822 .M2 S50 .J4", "call_num": "G7822 .M2 S50 .J4 9-23-3", "recid": "kw750zw8587", "websiteUrl": "https://purl.stanford.edu/kw750zw8587", "title": "満洲五万分一圖", "ckey": 12717575, "available": true, "iiifUrl": "https://purl.stanford.edu/kw750zw8587/iiif/manifest" }, "geometry": { "type": "Polygon", "coordinates": [ [ [ 122.5, 40.8333337 ], [ 122.75, 40.8333337 ], [ 122.75, 41.0000003 ], [ 122.5, 41.0000003 ], [ 122.5, 40.8333337 ] ] ] } },
{ "type": "Feature", "properties": { "Id": 0, "Sheet_ID": "安東 23-1. 南台", "label": "安東 23-1. 南台", "call_short": "G7822 .M2 S50 .J4", "call_num": "G7822 .M2 S50 .J4 9-23-1", "recid": "kq893tv7097", "websiteUrl": "https://purl.stanford.edu/kq893tv7097", "title": "満洲五万分一圖", "ckey": 12717575, "available": true, "iiifUrl": "https://purl.stanford.edu/kq893tv7097/iiif/manifest" }, "geometry": { "type": "Polygon", "coordinates": [ [ [ 122.75, 40.8333337 ], [ 123.0, 40.8333337 ], [ 123.0, 41.0000003 ], [ 122.75, 41.0000003 ], [ 122.75, 40.8333337 ] ] ] } },
{ "type": "Feature", "properties": { "Id": 0, "Sheet_ID": "安東 22-4. 土台子", "label": "安東 22-4. 土台子", "call_short": "G7822 .M2 S50 .J4", "call_num": "G7822 .M2 S50 .J4 9-22-4", "recid": "wy274kg2252", "websiteUrl": "https://purl.stanford.edu/wy274kg2252", "title": "満洲五万分一圖", "ckey": 12717575, "available": true, "iiifUrl": "https://purl.stanford.edu/wy274kg2252/iiif/manifest" }, "geometry": { "type": "Polygon", "coordinates": [ [ [ 122.5, 41.0000003 ], [ 122.75, 41.0000003 ], [ 122.75, 41.166667 ], [ 122.5, 41.166667 ], [ 122.5, 41.0000003 ] ] ] } },
{ "type": "Feature", "properties": { "Id": 0, "Sheet_ID": "安東 22-2. 鞍山", "label": "安東 22-2. 鞍山", "call_short": "G7822 .M2 S50 .J4", "call_num": "G7822 .M2 S50 .J4 9-22-2", "recid": "hk442gk1905", "websiteUrl": "https://purl.stanford.edu/hk442gk1905", "title": "満洲五万分一圖", "ckey": 12717575, "available": true, "iiifUrl": "https://purl.stanford.edu/hk442gk1905/iiif/manifest" }, "geometry": { "type": "Polygon", "coordinates": [ [ [ 122.75, 41.0000003 ], [ 123.0, 41.0000003 ], [ 123.0, 41.166667 ], [ 122.75, 41.166667 ], [ 122.75, 41.0000003 ] ] ] } },
{ "type": "Feature", "properties": { "Id": 0, "Sheet_ID": "安東 17-4. 千山", "label": "安東 17-4. 千山", "call_short": "G7822 .M2 S50 .J4", "call_num": "G7822 .M2 S50 .J4 9-17-4", "recid": "db396bb7012", "websiteUrl": "https://purl.stanford.edu/db396bb7012", "title": "満洲五万分一圖", "ckey": 12717575, "available": true, "iiifUrl": "https://purl.stanford.edu/db396bb7012/iiif/manifest" }, "geometry": { "type": "Polygon", "coordinates": [ [ [ 123.0, 41.0000003 ], [ 123.25, 41.0000003 ], [ 123.25, 41.166667 ], [ 123.0, 41.166667 ], [ 123.0, 41.0000003 ] ] ] } },
{ "type": "Feature", "properties": { "Id": 0, "Sheet_ID": "安東 22-3. 唐馬寨", "label": "安東 22-3. 唐馬寨", "call_short": "G7822 .M2 S50 .J4", "call_num": "G7822 .M2 S50 .J4 9-22-3", "recid": "yz630np1720", "websiteUrl": "https://purl.stanford.edu/yz630np1720", "title": "満洲五万分一圖", "ckey": 12717575, "available": true, "iiifUrl": "https://purl.stanford.edu/yz630np1720/iiif/manifest" }, "geometry": { "type": "Polygon", "coordinates": [ [ [ 122.5, 41.166667 ], [ 122.75, 41.166667 ], [ 122.75, 41.3333337 ], [ 122.5, 41.3333337 ], [ 122.5, 41.166667 ] ] ] } },
{ "type": "Feature", "properties": { "Id": 0, "Sheet_ID": "安東 22-1. 劉二堡", "label": "安東 22-1. 劉二堡", "call_short": "G7822 .M2 S50 .J4", "call_num": "G7822 .M2 S50 .J4 9-22-1", "recid": "bb711xy5802", "websiteUrl": "https://purl.stanford.edu/bb711xy5802", "title": "満洲五万分一圖", "ckey": 12717575, "available": true, "iiifUrl": "https://purl.stanford.edu/bb711xy5802/iiif/manifest" }, "geometry": { "type": "Polygon", "coordinates": [ [ [ 122.75, 41.166667 ], [ 123.0, 41.166667 ], [ 123.0, 41.3333337 ], [ 122.75, 41.3333337 ], [ 122.75, 41.166667 ] ] ] } },
{ "type": "Feature", "properties": { "Id": 0, "Sheet_ID": "安東 17-3. 遼陽", "label": "安東 17-3. 遼陽", "call_short": "G7822 .M2 S50 .J4", "call_num": "G7822 .M2 S50 .J4 9-17-3", "recid": "tz148zn5340", "websiteUrl": "https://purl.stanford.edu/tz148zn5340", "title": "満洲五万分一圖", "ckey": 12717575, "available": true, "iiifUrl": "https://purl.stanford.edu/tz148zn5340/iiif/manifest" }, "geometry": { "type": "Polygon", "coordinates": [ [ [ 123.0, 41.166667 ], [ 123.25, 41.166667 ], [ 123.25, 41.3333337 ], [ 123.0, 41.3333337 ], [ 123.0, 41.166667 ] ] ] } },
{ "type": "Feature", "properties": { "Id": 0, "Sheet_ID": "安東 17-1. 小屯子", "label": "安東 17-1. 小屯子", "call_short": "G7822 .M2 S50 .J4", "call_num": "G7822 .M2 S50 .J4 9-17-1", "recid": "gh847mr0449", "websiteUrl": "https://purl.stanford.edu/gh847mr0449", "title": "満洲五万分一圖", "ckey": 12717575, "available": true, "iiifUrl": "https://purl.stanford.edu/gh847mr0449/iiif/manifest" }, "geometry": { "type": "Polygon", "coordinates": [ [ [ 123.25, 41.166667 ], [ 123.5, 41.166667 ], [ 123.5, 41.3333337 ], [ 123.25, 41.3333337 ], [ 123.25, 41.166667 ] ] ] } },
{ "type": "Feature", "properties": { "Id": 0, "Sheet_ID": "安東 12-3. 橋頭", "label": "安東 12-3. 橋頭", "call_short": "G7822 .M2 S50 .J4", "call_num": "G7822 .M2 S50 .J4 9-12-3", "recid": "tf780zr3274", "websiteUrl": "https://purl.stanford.edu/tf780zr3274", "title": "満洲五万分一圖", "ckey": 12717575, "available": true, "iiifUrl": "https://purl.stanford.edu/tf780zr3274/iiif/manifest" }, "geometry": { "type": "Polygon", "coordinates": [ [ [ 123.5, 41.166667 ], [ 123.75, 41.166667 ], [ 123.75, 41.3333337 ], [ 123.5, 41.3333337 ], [ 123.5, 41.166667 ] ] ] } },
{ "type": "Feature", "properties": { "Id": 0, "Sheet_ID": "安東 12-1. 本渓湖", "label": "安東 12-1. 本渓湖", "call_short": "G7822 .M2 S50 .J4", "call_num": "G7822 .M2 S50 .J4 9-12-1", "recid": "jz072bp4182", "websiteUrl": "https://purl.stanford.edu/jz072bp4182", "title": "満洲五万分一圖", "ckey": 12717575, "available": true, "iiifUrl": "https://purl.stanford.edu/jz072bp4182/iiif/manifest" }, "geometry": { "type": "Polygon", "coordinates": [ [ [ 123.75, 41.166667 ], [ 124.0, 41.166667 ], [ 124.0, 41.3333337 ], [ 123.75, 41.3333337 ], [ 123.75, 41.166667 ] ] ] } },
{ "type": "Feature", "properties": { "Id": 0, "Sheet_ID": "安東 21-4. 西佛牛彔", "label": "安東 21-4. 西佛牛彔", "call_short": "G7822 .M2 S50 .J4", "call_num": "G7822 .M2 S50 .J4 9-21-4", "recid": "yt138hg6729", "websiteUrl": "https://purl.stanford.edu/yt138hg6729", "title": "満洲五万分一圖", "ckey": 12717575, "available": true, "iiifUrl": "https://purl.stanford.edu/yt138hg6729/iiif/manifest" }, "geometry": { "type": "Polygon", "coordinates": [ [ [ 122.5, 41.3333337 ], [ 122.75, 41.3333337 ], [ 122.75, 41.5000003 ], [ 122.5, 41.5000003 ], [ 122.5, 41.3333337 ] ] ] } },
{ "type": "Feature", "properties": { "Id": 0, "Sheet_ID": "安東 21-2. 小北河", "label": "安東 21-2. 小北河", "call_short": "G7822 .M2 S50 .J4", "call_num": "G7822 .M2 S50 .J4 9-21-2", "recid": "jn832kk1411", "websiteUrl": "https://purl.stanford.edu/jn832kk1411", "title": "満洲五万分一圖", "ckey": 12717575, "available": true, "iiifUrl": "https://purl.stanford.edu/jn832kk1411/iiif/manifest" }, "geometry": { "type": "Polygon", "coordinates": [ [ [ 122.75, 41.3333337 ], [ 123.0, 41.3333337 ], [ 123.0, 41.5000003 ], [ 122.75, 41.5000003 ], [ 122.75, 41.3333337 ] ] ] } },
{ "type": "Feature", "properties": { "Id": 0, "Sheet_ID": "安東 16-4. 佟二堡", "label": "安東 16-4. 佟二堡", "call_short": "G7822 .M2 S50 .J4", "call_num": "G7822 .M2 S50 .J4 9-16-4", "recid": "jh952xx8837", "websiteUrl": "https://purl.stanford.edu/jh952xx8837", "title": "満洲五万分一圖", "ckey": 12717575, "available": true, "iiifUrl": "https://purl.stanford.edu/jh952xx8837/iiif/manifest" }, "geometry": { "type": "Polygon", "coordinates": [ [ [ 123.0, 41.3333337 ], [ 123.25, 41.3333337 ], [ 123.25, 41.5000003 ], [ 123.0, 41.5000003 ], [ 123.0, 41.3333337 ] ] ] } },
{ "type": "Feature", "properties": { "Id": 0, "Sheet_ID": "安東 16-2. 煙臺", "label": "安東 16-2. 煙臺", "call_short": "G7822 .M2 S50 .J4", "call_num": "G7822 .M2 S50 .J4 9-16-2", "recid": "dp342yr5583", "websiteUrl": "https://purl.stanford.edu/dp342yr5583", "title": "満洲五万分一圖", "ckey": 12717575, "available": true, "iiifUrl": "https://purl.stanford.edu/dp342yr5583/iiif/manifest" }, "geometry": { "type": "Polygon", "coordinates": [ [ [ 123.25, 41.3333337 ], [ 123.5, 41.3333337 ], [ 123.5, 41.5000003 ], [ 123.25, 41.5000003 ], [ 123.25, 41.3333337 ] ] ] } },
{ "type": "Feature", "properties": { "Id": 0, "Sheet_ID": "安東 11-4. 石橋子", "label": "安東 11-4. 石橋子", "call_short": "G7822 .M2 S50 .J4", "call_num": "G7822 .M2 S50 .J4 9-11-4", "recid": "rv009hy4053", "websiteUrl": "https://purl.stanford.edu/rv009hy4053", "title": "満洲五万分一圖", "ckey": 12717575, "available": true, "iiifUrl": "https://purl.stanford.edu/rv009hy4053/iiif/manifest" }, "geometry": { "type": "Polygon", "coordinates": [ [ [ 123.5, 41.3333337 ], [ 123.75, 41.3333337 ], [ 123.75, 41.5000003 ], [ 123.5, 41.5000003 ], [ 123.5, 41.3333337 ] ] ] } },
{ "type": "Feature", "properties": { "Id": 0, "Sheet_ID": "安東 11-2. 牛心臺", "label": "安東 11-2. 牛心臺", "call_short": "G7822 .M2 S50 .J4", "call_num": "G7822 .M2 S50 .J4 9-11-2", "recid": "fx247cj3364", "websiteUrl": "https://purl.stanford.edu/fx247cj3364", "title": "満洲五万分一圖", "ckey": 12717575, "available": true, "iiifUrl": "https://purl.stanford.edu/fx247cj3364/iiif/manifest" }, "geometry": { "type": "Polygon", "coordinates": [ [ [ 123.75, 41.3333337 ], [ 124.0, 41.3333337 ], [ 124.0, 41.5000003 ], [ 123.75, 41.5000003 ], [ 123.75, 41.3333337 ] ] ] } },
{ "type": "Feature", "properties": { "Id": 0, "Sheet_ID": "安東 6-4. 清河城", "label": "安東 6-4. 清河城", "call_short": "0", "call_num": "0", "recid": "0", "websiteUrl": "0", "title": "0", "ckey": 0, "available": false, "iiifUrl": "0" }, "geometry": { "type": "Polygon", "coordinates": [ [ [ 124.0, 41.3333337 ], [ 124.25, 41.3333337 ], [ 124.25, 41.5000003 ], [ 124.0, 41.5000003 ], [ 124.0, 41.3333337 ] ] ] } },
{ "type": "Feature", "properties": { "Id": 0, "Sheet_ID": "安東 6-2. 富家樓子", "label": "安東 6-2. 富家樓子", "call_short": "0", "call_num": "0", "recid": "0", "websiteUrl": "0", "title": "0", "ckey": 0, "available": false, "iiifUrl": "0" }, "geometry": { "type": "Polygon", "coordinates": [ [ [ 124.25, 41.3333337 ], [ 124.5, 41.3333337 ], [ 124.5, 41.5000003 ], [ 124.25, 41.5000003 ], [ 124.25, 41.3333337 ] ] ] } },
{ "type": "Feature", "properties": { "Id": 0, "Sheet_ID": "安東 16-3. 沈旦堡", "label": "安東 16-3. 沈旦堡", "call_short": "G7822 .M2 S50 .J4", "call_num": "G7822 .M2 S50 .J4 9-16-3", "recid": "wz882jy6624", "websiteUrl": "https://purl.stanford.edu/wz882jy6624", "title": "満洲五万分一圖", "ckey": 12717575, "available": true, "iiifUrl": "https://purl.stanford.edu/wz882jy6624/iiif/manifest" }, "geometry": { "type": "Polygon", "coordinates": [ [ [ 123.0, 41.5000003 ], [ 123.25, 41.5000003 ], [ 123.25, 41.666667 ], [ 123.0, 41.666667 ], [ 123.0, 41.5000003 ] ] ] } },
{ "type": "Feature", "properties": { "Id": 0, "Sheet_ID": "安東 16-1. 蘇家屯", "label": "安東 16-1. 蘇家屯", "call_short": "G7822 .M2 S50 .J4", "call_num": "G7822 .M2 S50 .J4 9-16-1", "recid": "vz648zm9109", "websiteUrl": "https://purl.stanford.edu/vz648zm9109", "title": "満洲五万分一圖", "ckey": 12717575, "available": true, "iiifUrl": "https://purl.stanford.edu/vz648zm9109/iiif/manifest" }, "geometry": { "type": "Polygon", "coordinates": [ [ [ 123.25, 41.5000003 ], [ 123.5, 41.5000003 ], [ 123.5, 41.666667 ], [ 123.25, 41.666667 ], [ 123.25, 41.5000003 ] ] ] } },
{ "type": "Feature", "properties": { "Id": 0, "Sheet_ID": "安東 11-3. 姚千戶屯", "label": "安東 11-3. 姚千戶屯", "call_short": "G7822 .M2 S50 .J4", "call_num": "G7822 .M2 S50 .J4 9-11-3", "recid": "km329ht6088", "websiteUrl": "https://purl.stanford.edu/km329ht6088", "title": "満洲五万分一圖", "ckey": 12717575, "available": true, "iiifUrl": "https://purl.stanford.edu/km329ht6088/iiif/manifest" }, "geometry": { "type": "Polygon", "coordinates": [ [ [ 123.5, 41.5000003 ], [ 123.75, 41.5000003 ], [ 123.75, 41.666667 ], [ 123.5, 41.666667 ], [ 123.5, 41.5000003 ] ] ] } },
{ "type": "Feature", "properties": { "Id": 0, "Sheet_ID": "安東 11-1. 閣老溝", "label": "安東 11-1. 閣老溝", "call_short": "G7822 .M2 S50 .J4", "call_num": "G7822 .M2 S50 .J4 9-11-1", "recid": "kd986qx0057", "websiteUrl": "https://purl.stanford.edu/kd986qx0057", "title": "満洲五万分一圖", "ckey": 12717575, "available": true, "iiifUrl": "https://purl.stanford.edu/kd986qx0057/iiif/manifest" }, "geometry": { "type": "Polygon", "coordinates": [ [ [ 123.75, 41.5000003 ], [ 124.0, 41.5000003 ], [ 124.0, 41.666667 ], [ 123.75, 41.666667 ], [ 123.75, 41.5000003 ] ] ] } },
{ "type": "Feature", "properties": { "Id": 0, "Sheet_ID": "安東 6-3. 馬郡那", "label": "安東 6-3. 馬郡那", "call_short": "0", "call_num": "0", "recid": "0", "websiteUrl": "0", "title": "0", "ckey": 0, "available": false, "iiifUrl": "0" }, "geometry": { "type": "Polygon", "coordinates": [ [ [ 124.0, 41.5000003 ], [ 124.25, 41.5000003 ], [ 124.25, 41.666667 ], [ 124.0, 41.666667 ], [ 124.0, 41.5000003 ] ] ] } },
{ "type": "Feature", "properties": { "Id": 0, "Sheet_ID": "安東 6-1. 西廂小堡", "label": "安東 6-1. 西廂小堡", "call_short": "G7822 .M2 S50 .J4", "call_num": "G7822 .M2 S50 .J4 9-6-1", "recid": "pf560yx3811", "websiteUrl": "https://purl.stanford.edu/pf560yx3811", "title": "満洲五万分一圖", "ckey": 12717575, "available": true, "iiifUrl": "https://purl.stanford.edu/pf560yx3811/iiif/manifest" }, "geometry": { "type": "Polygon", "coordinates": [ [ [ 124.25, 41.5000003 ], [ 124.5, 41.5000003 ], [ 124.5, 41.666667 ], [ 124.25, 41.666667 ], [ 124.25, 41.5000003 ] ] ] } },
{ "type": "Feature", "properties": { "Id": 0, "Sheet_ID": "大狐山 22-4. 長隆盛", "label": "大狐山 22-4. 長隆盛", "call_short": "G7822 .M2 S50 .J4", "call_num": "G7822 .M2 S50 .J4 10-22-4", "recid": "ph225vy7378", "websiteUrl": "https://purl.stanford.edu/ph225vy7378", "title": "満洲五万分一圖", "ckey": 12717575, "available": true, "iiifUrl": "https://purl.stanford.edu/ph225vy7378/iiif/manifest" }, "geometry": { "type": "Polygon", "coordinates": [ [ [ 122.5, 39.333333 ], [ 122.75, 39.333333 ], [ 122.75, 39.5 ], [ 122.5, 39.5 ], [ 122.5, 39.333333 ] ] ] } },
{ "type": "Feature", "properties": { "Id": 0, "Sheet_ID": "大狐山 22-3. 花園口", "label": "大狐山 22-3. 花園口", "call_short": "0", "call_num": "0", "recid": "0", "websiteUrl": "0", "title": "0", "ckey": 0, "available": false, "iiifUrl": "0" }, "geometry": { "type": "Polygon", "coordinates": [ [ [ 122.5, 39.5 ], [ 122.75, 39.5 ], [ 122.75, 39.666667 ], [ 122.5, 39.666667 ], [ 122.5, 39.5 ] ] ] } },
{ "type": "Feature", "properties": { "Id": 0, "Sheet_ID": "錦州 3-4. 營口西部", "label": "錦州 3-4. 營口西部", "call_short": "G7822 .M2 S50 .J4", "call_num": "G7822 .M2 S50 .J4 13-3-4", "recid": "yz993wq5894", "websiteUrl": "https://purl.stanford.edu/yz993wq5894", "title": "満洲五万分一圖", "ckey": 12717575, "available": true, "iiifUrl": "https://purl.stanford.edu/yz993wq5894/iiif/manifest" }, "geometry": { "type": "Polygon", "coordinates": [ [ [ 122.0, 40.666667 ], [ 122.25, 40.666667 ], [ 122.25, 40.8333335 ], [ 122.0, 40.8333335 ], [ 122.0, 40.666667 ] ] ] } },
{ "type": "Feature", "properties": { "Id": 0, "Sheet_ID": "錦州 3-2. 營口東部", "label": "錦州 3-2. 營口東部", "call_short": "G7822 .M2 S50 .J4", "call_num": "G7822 .M2 S50 .J4 13-3-2", "recid": "gg512ph1736", "websiteUrl": "https://purl.stanford.edu/gg512ph1736", "title": "満洲五万分一圖", "ckey": 12717575, "available": true, "iiifUrl": "https://purl.stanford.edu/gg512ph1736/iiif/manifest" }, "geometry": { "type": "Polygon", "coordinates": [ [ [ 122.25, 40.666667 ], [ 122.5, 40.666667 ], [ 122.5, 40.8333335 ], [ 122.25, 40.8333335 ], [ 122.25, 40.666667 ] ] ] } },
{ "type": "Feature", "properties": { "Id": 0, "Sheet_ID": "錦州 3-3. 哈吧台", "label": "錦州 3-3. 哈吧台", "call_short": "G7822 .M2 S50 .J4", "call_num": "G7822 .M2 S50 .J4 13-3-3", "recid": "nd339kg3055", "websiteUrl": "https://purl.stanford.edu/nd339kg3055", "title": "満洲五万分一圖", "ckey": 12717575, "available": true, "iiifUrl": "https://purl.stanford.edu/nd339kg3055/iiif/manifest" }, "geometry": { "type": "Polygon", "coordinates": [ [ [ 122.0, 40.8333335 ], [ 122.25, 40.8333335 ], [ 122.25, 41.0 ], [ 122.0, 41.0 ], [ 122.0, 40.8333335 ] ] ] } },
{ "type": "Feature", "properties": { "Id": 0, "Sheet_ID": "錦州 3-1. 藍旗堡", "label": "錦州 3-1. 藍旗堡", "call_short": "G7822 .M2 S50 .J4", "call_num": "G7822 .M2 S50 .J4 13-3-1", "recid": "ft199nf0205", "websiteUrl": "https://purl.stanford.edu/ft199nf0205", "title": "満洲五万分一圖", "ckey": 12717575, "available": true, "iiifUrl": "https://purl.stanford.edu/ft199nf0205/iiif/manifest" }, "geometry": { "type": "Polygon", "coordinates": [ [ [ 122.25, 40.8333335 ], [ 122.5, 40.8333335 ], [ 122.5, 41.0 ], [ 122.25, 41.0 ], [ 122.25, 40.8333335 ] ] ] } },
{ "type": "Feature", "properties": { "Id": 0, "Sheet_ID": "錦州 12-4. 錦州", "label": "錦州 12-4. 錦州", "call_short": "G7822 .M2 S50 .J4", "call_num": "G7822 .M2 S50 .J4 13-12-4", "recid": "cw599kj1947", "websiteUrl": "https://purl.stanford.edu/cw599kj1947", "title": "満洲五万分一圖", "ckey": 12717575, "available": true, "iiifUrl": "https://purl.stanford.edu/cw599kj1947/iiif/manifest" }, "geometry": { "type": "Polygon", "coordinates": [ [ [ 121.0, 41.0 ], [ 121.25, 41.0 ], [ 121.25, 41.1666665 ], [ 121.0, 41.1666665 ], [ 121.0, 41.0 ] ] ] } },
{ "type": "Feature", "properties": { "Id": 0, "Sheet_ID": "錦州 2-4. 田家鎮", "label": "錦州 2-4. 田家鎮", "call_short": "G7822 .M2 S50 .J4", "call_num": "G7822 .M2 S50 .J4 13-2-4", "recid": "fg323gd4346", "websiteUrl": "https://purl.stanford.edu/fg323gd4346", "title": "満洲五万分一圖", "ckey": 12717575, "available": true, "iiifUrl": "https://purl.stanford.edu/fg323gd4346/iiif/manifest" }, "geometry": { "type": "Polygon", "coordinates": [ [ [ 122.0, 41.0 ], [ 122.25, 41.0 ], [ 122.25, 41.1666665 ], [ 122.0, 41.1666665 ], [ 122.0, 41.0 ] ] ] } },
{ "type": "Feature", "properties": { "Id": 0, "Sheet_ID": "錦州 2-2. 沙嶺", "label": "錦州 2-2. 沙嶺", "call_short": "0", "call_num": "0", "recid": "0", "websiteUrl": "0", "title": "0", "ckey": 0, "available": false, "iiifUrl": "0" }, "geometry": { "type": "Polygon", "coordinates": [ [ [ 122.25, 41.0 ], [ 122.5, 41.0 ], [ 122.5, 41.1666665 ], [ 122.25, 41.1666665 ], [ 122.25, 41.0 ] ] ] } },
{ "type": "Feature", "properties": { "Id": 0, "Sheet_ID": "錦州 12-3. 葛王碑", "label": "錦州 12-3. 葛王碑", "call_short": "G7822 .M2 S50 .J4", "call_num": "G7822 .M2 S50 .J4 13-12-3", "recid": "wq735pp4379", "websiteUrl": "https://purl.stanford.edu/wq735pp4379", "title": "満洲五万分一圖", "ckey": 12717575, "available": true, "iiifUrl": "https://purl.stanford.edu/wq735pp4379/iiif/manifest" }, "geometry": { "type": "Polygon", "coordinates": [ [ [ 121.0, 41.1666665 ], [ 121.25, 41.1666665 ], [ 121.25, 41.333333 ], [ 121.0, 41.333333 ], [ 121.0, 41.1666665 ] ] ] } },
{ "type": "Feature", "properties": { "Id": 0, "Sheet_ID": "錦州 2-3. 盤山", "label": "錦州 2-3. 盤山", "call_short": "G7822 .M2 S50 .J4", "call_num": "G7822 .M2 S50 .J4 13-2-3", "recid": "tq972qq2005", "websiteUrl": "https://purl.stanford.edu/tq972qq2005", "title": "満洲五万分一圖", "ckey": 12717575, "available": true, "iiifUrl": "https://purl.stanford.edu/tq972qq2005/iiif/manifest" }, "geometry": { "type": "Polygon", "coordinates": [ [ [ 122.0, 41.1666665 ], [ 122.25, 41.1666665 ], [ 122.25, 41.333333 ], [ 122.0, 41.333333 ], [ 122.0, 41.1666665 ] ] ] } },
{ "type": "Feature", "properties": { "Id": 0, "Sheet_ID": "錦州 2-1. 新開河", "label": "錦州 2-1. 新開河", "call_short": "G7822 .M2 S50 .J4", "call_num": "G7822 .M2 S50 .J4 13-2-1", "recid": "qy217cg9230", "websiteUrl": "https://purl.stanford.edu/qy217cg9230", "title": "満洲五万分一圖", "ckey": 12717575, "available": true, "iiifUrl": "https://purl.stanford.edu/qy217cg9230/iiif/manifest" }, "geometry": { "type": "Polygon", "coordinates": [ [ [ 122.25, 41.1666665 ], [ 122.5, 41.1666665 ], [ 122.5, 41.333333 ], [ 122.25, 41.333333 ], [ 122.25, 41.1666665 ] ] ] } },
{ "type": "Feature", "properties": { "Id": 0, "Sheet_ID": "壹壹カ159−52. 蛟河", "label": "壹壹カ159−52. 蛟河", "call_short": "G7822 .M2 S50 .J4", "call_num": "G7822 .M2 S50 .J4 11KA159-52", "recid": "sx347sm7843", "websiteUrl": "https://purl.stanford.edu/sx347sm7843", "title": "満洲五万分一圖", "ckey": 12717575, "available": true, "iiifUrl": "https://purl.stanford.edu/sx347sm7843/iiif/manifest" }, "geometry": { "type": "Polygon", "coordinates": [ [ [ 127.25, 43.666667 ], [ 127.5, 43.666667 ], [ 127.5, 43.8333335 ], [ 127.25, 43.8333335 ], [ 127.25, 43.666667 ] ] ] } },
{ "type": "Feature", "properties": { "Id": 0, "Sheet_ID": "壹壹カ159−51. 新站", "label": "壹壹カ159−51. 新站", "call_short": "G7822 .M2 S50 .J4", "call_num": "G7822 .M2 S50 .J4 11KA159-51", "recid": "sz700dt5385", "websiteUrl": "https://purl.stanford.edu/sz700dt5385", "title": "満洲五万分一圖", "ckey": 12717575, "available": true, "iiifUrl": "https://purl.stanford.edu/sz700dt5385/iiif/manifest" }, "geometry": { "type": "Polygon", "coordinates": [ [ [ 127.25, 43.8333335 ], [ 127.5, 43.8333335 ], [ 127.5, 44.0 ], [ 127.25, 44.0 ], [ 127.25, 43.8333335 ] ] ] } },
{ "type": "Feature", "properties": { "Id": 0, "Sheet_ID": "壹貳オ142-51. 荘河港", "label": "壹貳オ142-51. 荘河港", "call_short": "0", "call_num": "0", "recid": "0", "websiteUrl": "0", "title": "0", "ckey": 0, "available": false, "iiifUrl": "0" }, "geometry": { "type": "Polygon", "coordinates": [ [ [ 122.75, 39.5 ], [ 123.0, 39.5 ], [ 123.0, 39.6666667 ], [ 122.75, 39.6666667 ], [ 122.75, 39.5 ] ] ] } },
{ "type": "Feature", "properties": { "Id": 0, "Sheet_ID": "壹貳オ141-54. 城山", "label": "壹貳オ141-54. 城山", "call_short": "0", "call_num": "0", "recid": "0", "websiteUrl": "0", "title": "0", "ckey": 0, "available": false, "iiifUrl": "0" }, "geometry": { "type": "Polygon", "coordinates": [ [ [ 122.5, 39.6666667 ], [ 122.75, 39.6666667 ], [ 122.75, 39.8333334 ], [ 122.5, 39.8333334 ], [ 122.5, 39.6666667 ] ] ] } },
{ "type": "Feature", "properties": { "Id": 0, "Sheet_ID": "壹貳オ141-52. 荘河", "label": "壹貳オ141-52. 荘河", "call_short": "G7822 .M2 S50 .J4", "call_num": "G7822 .M2 S50 .J4 12O141-52", "recid": "kk574wk2937", "websiteUrl": "https://purl.stanford.edu/kk574wk2937", "title": "満洲五万分一圖", "ckey": 12717575, "available": true, "iiifUrl": "https://purl.stanford.edu/kk574wk2937/iiif/manifest" }, "geometry": { "type": "Polygon", "coordinates": [ [ [ 122.75, 39.6666667 ], [ 123.0, 39.6666667 ], [ 123.0, 39.8333334 ], [ 122.75, 39.8333334 ], [ 122.75, 39.6666667 ] ] ] } },
{ "type": "Feature", "properties": { "Id": 0, "Sheet_ID": "壹貮オ121-52. 子鹿島", "label": "壹貮オ121-52. 子鹿島", "call_short": "0", "call_num": "0", "recid": "0", "websiteUrl": "0", "title": "0", "ckey": 0, "available": false, "iiifUrl": "0" }, "geometry": { "type": "Polygon", "coordinates": [ [ [ 123.75, 39.6666667 ], [ 124.0, 39.6666667 ], [ 124.0, 39.8333334 ], [ 123.75, 39.8333334 ], [ 123.75, 39.6666667 ] ] ] } },
{ "type": "Feature", "properties": { "Id": 0, "Sheet_ID": "壹貮オ111-54. 窟窿山", "label": "壹貮オ111-54. 窟窿山", "call_short": "G7822 .M2 S50 .J4", "call_num": "G7822 .M2 S50 .J4 12O111-54", "recid": "bv159qq4009", "websiteUrl": "https://purl.stanford.edu/bv159qq4009", "title": "満洲五万分一圖", "ckey": 12717575, "available": true, "iiifUrl": "https://purl.stanford.edu/bv159qq4009/iiif/manifest" }, "geometry": { "type": "Polygon", "coordinates": [ [ [ 124.0, 39.6666667 ], [ 124.25, 39.6666667 ], [ 124.25, 39.8333334 ], [ 124.0, 39.8333334 ], [ 124.0, 39.6666667 ] ] ] } },
{ "type": "Feature", "properties": { "Id": 0, "Sheet_ID": "壹貳オ141-53. 桂雪花山", "label": "壹貳オ141-53. 桂雪花山", "call_short": "0", "call_num": "0", "recid": "0", "websiteUrl": "0", "title": "0", "ckey": 0, "available": false, "iiifUrl": "0" }, "geometry": { "type": "Polygon", "coordinates": [ [ [ 122.5, 39.8333334 ], [ 122.75, 39.8333334 ], [ 122.75, 40.0000001 ], [ 122.5, 40.0000001 ], [ 122.5, 39.8333334 ] ] ] } },
{ "type": "Feature", "properties": { "Id": 0, "Sheet_ID": "壹貮オ121-51. 北井子", "label": "壹貮オ121-51. 北井子", "call_short": "0", "call_num": "0", "recid": "0", "websiteUrl": "0", "title": "0", "ckey": 0, "available": false, "iiifUrl": "0" }, "geometry": { "type": "Polygon", "coordinates": [ [ [ 123.75, 39.8333334 ], [ 124.0, 39.8333334 ], [ 124.0, 40.0000001 ], [ 123.75, 40.0000001 ], [ 123.75, 39.8333334 ] ] ] } },
{ "type": "Feature", "properties": { "Id": 0, "Sheet_ID": "壹貮オ111-53. 大東港", "label": "壹貮オ111-53. 大東港", "call_short": "G7822 .M2 S50 .J4", "call_num": "G7822 .M2 S50 .J4 12O111-53", "recid": "hb011sn3217", "websiteUrl": "https://purl.stanford.edu/hb011sn3217", "title": "満洲五万分一圖", "ckey": 12717575, "available": true, "iiifUrl": "https://purl.stanford.edu/hb011sn3217/iiif/manifest" }, "geometry": { "type": "Polygon", "coordinates": [ [ [ 124.0, 39.8333334 ], [ 124.25, 39.8333334 ], [ 124.25, 40.0000001 ], [ 124.0, 40.0000001 ], [ 124.0, 39.8333334 ] ] ] } },
{ "type": "Feature", "properties": { "Id": 0, "Sheet_ID": "壹貳オ111-51. 柳林子", "label": "壹貳オ111-51. 柳林子", "call_short": "G7822 .M2 S50 .J4", "call_num": "G7822 .M2 S50 .J4 12O111-51", "recid": "jc616hf4008", "websiteUrl": "https://purl.stanford.edu/jc616hf4008", "title": "満洲五万分一圖", "ckey": 12717575, "available": true, "iiifUrl": "https://purl.stanford.edu/jc616hf4008/iiif/manifest" }, "geometry": { "type": "Polygon", "coordinates": [ [ [ 124.25, 39.8333334 ], [ 124.5, 39.8333334 ], [ 124.5, 40.0000001 ], [ 124.25, 40.0000001 ], [ 124.25, 39.8333334 ] ] ] } },
{ "type": "Feature", "properties": { "Id": 0, "Sheet_ID": "壹貮ワ150-54. 萬福荘", "label": "壹貮ワ150-54. 萬福荘", "call_short": "0", "call_num": "0", "recid": "0", "websiteUrl": "0", "title": "0", "ckey": 0, "available": false, "iiifUrl": "0" }, "geometry": { "type": "Polygon", "coordinates": [ [ [ 122.5, 40.0000001 ], [ 122.75, 40.0000001 ], [ 122.75, 40.1666669 ], [ 122.5, 40.1666669 ], [ 122.5, 40.0000001 ] ] ] } },
{ "type": "Feature", "properties": { "Id": 0, "Sheet_ID": "壹貮ワ120-54. 鐡甲村", "label": "壹貮ワ120-54. 鐡甲村", "call_short": "G7822 .M2 S50 .J4", "call_num": "G7822 .M2 S50 .J4 12WA120-54", "recid": "yk652td5381", "websiteUrl": "https://purl.stanford.edu/yk652td5381", "title": "満洲五万分一圖", "ckey": 12717575, "available": true, "iiifUrl": "https://purl.stanford.edu/yk652td5381/iiif/manifest" }, "geometry": { "type": "Polygon", "coordinates": [ [ [ 124.0, 40.0000001 ], [ 124.25, 40.0000001 ], [ 124.25, 40.1666669 ], [ 124.0, 40.1666669 ], [ 124.0, 40.0000001 ] ] ] } },
{ "type": "Feature", "properties": { "Id": 0, "Sheet_ID": "壹貮ワ120-52. 安東", "label": "壹貮ワ120-52. 安東", "call_short": "G7822 .M2 S50 .J4", "call_num": "G7822 .M2 S50 .J4 12WA120-52", "recid": "zq820wn8247", "websiteUrl": "https://purl.stanford.edu/zq820wn8247", "title": "満洲五万分一圖", "ckey": 12717575, "available": true, "iiifUrl": "https://purl.stanford.edu/zq820wn8247/iiif/manifest" }, "geometry": { "type": "Polygon", "coordinates": [ [ [ 124.25, 40.0000001 ], [ 124.5, 40.0000001 ], [ 124.5, 40.1666669 ], [ 124.25, 40.1666669 ], [ 124.25, 40.0000001 ] ] ] } },
{ "type": "Feature", "properties": { "Id": 0, "Sheet_ID": "壹貮ワ150-53. 綿羊頂子", "label": "壹貮ワ150-53. 綿羊頂子", "call_short": "G7822 .M2 S50 .J4", "call_num": "G7822 .M2 S50 .J4 12WA150-53", "recid": "gk675nd6689", "websiteUrl": "https://purl.stanford.edu/gk675nd6689", "title": "満洲五万分一圖", "ckey": 12717575, "available": true, "iiifUrl": "https://purl.stanford.edu/gk675nd6689/iiif/manifest" }, "geometry": { "type": "Polygon", "coordinates": [ [ [ 122.5, 40.1666669 ], [ 122.75, 40.1666669 ], [ 122.75, 40.3333336 ], [ 122.5, 40.3333336 ], [ 122.5, 40.1666669 ] ] ] } },
{ "type": "Feature", "properties": { "Id": 0, "Sheet_ID": "壹貮ワ130-51. 白旗", "label": "壹貮ワ130-51. 白旗", "call_short": "G7822 .M2 S50 .J4", "call_num": "G7822 .M2 S50 .J4 12WA130-51", "recid": "dx693hb2693", "websiteUrl": "https://purl.stanford.edu/dx693hb2693", "title": "満洲五万分一圖", "ckey": 12717575, "available": true, "iiifUrl": "https://purl.stanford.edu/dx693hb2693/iiif/manifest" }, "geometry": { "type": "Polygon", "coordinates": [ [ [ 123.75, 40.1666669 ], [ 124.0, 40.1666669 ], [ 124.0, 40.3333336 ], [ 123.75, 40.3333336 ], [ 123.75, 40.1666669 ] ] ] } },
{ "type": "Feature", "properties": { "Id": 0, "Sheet_ID": "壹貮ワ120-53. 湯山城", "label": "壹貮ワ120-53. 湯山城", "call_short": "G7822 .M2 S50 .J4", "call_num": "G7822 .M2 S50 .J4 12WA120-53", "recid": "vg835dx7778", "websiteUrl": "https://purl.stanford.edu/vg835dx7778", "title": "満洲五万分一圖", "ckey": 12717575, "available": true, "iiifUrl": "https://purl.stanford.edu/vg835dx7778/iiif/manifest" }, "geometry": { "type": "Polygon", "coordinates": [ [ [ 124.0, 40.1666669 ], [ 124.25, 40.1666669 ], [ 124.25, 40.3333336 ], [ 124.0, 40.3333336 ], [ 124.0, 40.1666669 ] ] ] } },
{ "type": "Feature", "properties": { "Id": 0, "Sheet_ID": "壹貮ワ120-51. 五龍背", "label": "壹貮ワ120-51. 五龍背", "call_short": "G7822 .M2 S50 .J4", "call_num": "G7822 .M2 S50 .J4 12WA120-51", "recid": "vf261xj5046", "websiteUrl": "https://purl.stanford.edu/vf261xj5046", "title": "満洲五万分一圖", "ckey": 12717575, "available": true, "iiifUrl": "https://purl.stanford.edu/vf261xj5046/iiif/manifest" }, "geometry": { "type": "Polygon", "coordinates": [ [ [ 124.25, 40.1666669 ], [ 124.5, 40.1666669 ], [ 124.5, 40.3333336 ], [ 124.25, 40.3333336 ], [ 124.25, 40.1666669 ] ] ] } },
{ "type": "Feature", "properties": { "Id": 0, "Sheet_ID": "壹貳ワ110-53. 虎山", "label": "壹貳ワ110-53. 虎山", "call_short": "G7822 .M2 S50 .J4", "call_num": "G7822 .M2 S50 .J4 12WA110-53", "recid": "yz289ts8218", "websiteUrl": "https://purl.stanford.edu/yz289ts8218", "title": "満洲五万分一圖", "ckey": 12717575, "available": true, "iiifUrl": "https://purl.stanford.edu/yz289ts8218/iiif/manifest" }, "geometry": { "type": "Polygon", "coordinates": [ [ [ 124.5, 40.1666669 ], [ 124.75, 40.1666669 ], [ 124.75, 40.3333336 ], [ 124.5, 40.3333336 ], [ 124.5, 40.1666669 ] ] ] } },
{ "type": "Feature", "properties": { "Id": 0, "Sheet_ID": "壹貮ワ149-54. 高家屯", "label": "壹貮ワ149-54. 高家屯", "call_short": "G7822 .M2 S50 .J4", "call_num": "G7822 .M2 S50 .J4 12WA149-54", "recid": "yj784nk8789", "websiteUrl": "https://purl.stanford.edu/yj784nk8789", "title": "満洲五万分一圖", "ckey": 12717575, "available": true, "iiifUrl": "https://purl.stanford.edu/yj784nk8789/iiif/manifest" }, "geometry": { "type": "Polygon", "coordinates": [ [ [ 122.5, 40.3333336 ], [ 122.75, 40.3333336 ], [ 122.75, 40.5000003 ], [ 122.5, 40.5000003 ], [ 122.5, 40.3333336 ] ] ] } },
{ "type": "Feature", "properties": { "Id": 0, "Sheet_ID": "壹貮ワ129-52. 紅旗堡", "label": "壹貮ワ129-52. 紅旗堡", "call_short": "G7822 .M2 S50 .J4", "call_num": "G7822 .M2 S50 .J4 12WA129-52", "recid": "nj738pq3460", "websiteUrl": "https://purl.stanford.edu/nj738pq3460", "title": "満洲五万分一圖", "ckey": 12717575, "available": true, "iiifUrl": "https://purl.stanford.edu/nj738pq3460/iiif/manifest" }, "geometry": { "type": "Polygon", "coordinates": [ [ [ 123.75, 40.3333336 ], [ 124.0, 40.3333336 ], [ 124.0, 40.5000003 ], [ 123.75, 40.5000003 ], [ 123.75, 40.3333336 ] ] ] } },
{ "type": "Feature", "properties": { "Id": 0, "Sheet_ID": "壹貮ワ119-54. 鳳城", "label": "壹貮ワ119-54. 鳳城", "call_short": "G7822 .M2 S50 .J4", "call_num": "G7822 .M2 S50 .J4 12WA119-54", "recid": "yf541gf8542", "websiteUrl": "https://purl.stanford.edu/yf541gf8542", "title": "満洲五万分一圖", "ckey": 12717575, "available": true, "iiifUrl": "https://purl.stanford.edu/yf541gf8542/iiif/manifest" }, "geometry": { "type": "Polygon", "coordinates": [ [ [ 124.0, 40.3333336 ], [ 124.25, 40.3333336 ], [ 124.25, 40.5000003 ], [ 124.0, 40.5000003 ], [ 124.0, 40.3333336 ] ] ] } },
{ "type": "Feature", "properties": { "Id": 0, "Sheet_ID": "壹貮ワ119-52. 東湯", "label": "壹貮ワ119-52. 東湯", "call_short": "G7822 .M2 S50 .J4", "call_num": "G7822 .M2 S50 .J4 12WA119-52", "recid": "gq146tp5128", "websiteUrl": "https://purl.stanford.edu/gq146tp5128", "title": "満洲五万分一圖", "ckey": 12717575, "available": true, "iiifUrl": "https://purl.stanford.edu/gq146tp5128/iiif/manifest" }, "geometry": { "type": "Polygon", "coordinates": [ [ [ 124.25, 40.3333336 ], [ 124.5, 40.3333336 ], [ 124.5, 40.5000003 ], [ 124.25, 40.5000003 ], [ 124.25, 40.3333336 ] ] ] } },
{ "type": "Feature", "properties": { "Id": 0, "Sheet_ID": "壹貮ワ149-53. 湯池", "label": "壹貮ワ149-53. 湯池", "call_short": "G7822 .M2 S50 .J4", "call_num": "G7822 .M2 S50 .J4 12WA149-53", "recid": "gd120bp6524", "websiteUrl": "https://purl.stanford.edu/gd120bp6524", "title": "満洲五万分一圖", "ckey": 12717575, "available": true, "iiifUrl": "https://purl.stanford.edu/gd120bp6524/iiif/manifest" }, "geometry": { "type": "Polygon", "coordinates": [ [ [ 122.5, 40.5000003 ], [ 122.75, 40.5000003 ], [ 122.75, 40.666667 ], [ 122.5, 40.666667 ], [ 122.5, 40.5000003 ] ] ] } },
{ "type": "Feature", "properties": { "Id": 0, "Sheet_ID": "壹貮ワ149-51. 八岔溝", "label": "壹貮ワ149-51. 八岔溝", "call_short": "G7822 .M2 S50 .J4", "call_num": "G7822 .M2 S50 .J4 12WA149-51", "recid": "vq676hp8177", "websiteUrl": "https://purl.stanford.edu/vq676hp8177", "title": "満洲五万分一圖", "ckey": 12717575, "available": true, "iiifUrl": "https://purl.stanford.edu/vq676hp8177/iiif/manifest" }, "geometry": { "type": "Polygon", "coordinates": [ [ [ 122.75, 40.5000003 ], [ 123.0, 40.5000003 ], [ 123.0, 40.666667 ], [ 122.75, 40.666667 ], [ 122.75, 40.5000003 ] ] ] } },
{ "type": "Feature", "properties": { "Id": 0, "Sheet_ID": "壹貮ワ129-51. 鶏冠山", "label": "壹貮ワ129-51. 鶏冠山", "call_short": "G7822 .M2 S50 .J4", "call_num": "G7822 .M2 S50 .J4 12WA129-51", "recid": "fh718cm1444", "websiteUrl": "https://purl.stanford.edu/fh718cm1444", "title": "満洲五万分一圖", "ckey": 12717575, "available": true, "iiifUrl": "https://purl.stanford.edu/fh718cm1444/iiif/manifest" }, "geometry": { "type": "Polygon", "coordinates": [ [ [ 123.75, 40.5000003 ], [ 124.0, 40.5000003 ], [ 124.0, 40.666667 ], [ 123.75, 40.666667 ], [ 123.75, 40.5000003 ] ] ] } },
{ "type": "Feature", "properties": { "Id": 0, "Sheet_ID": "壹貮ワ119-53. 大堡", "label": "壹貮ワ119-53. 大堡", "call_short": "G7822 .M2 S50 .J4", "call_num": "G7822 .M2 S50 .J4 12WA119-53", "recid": "jz254wm7677", "websiteUrl": "https://purl.stanford.edu/jz254wm7677", "title": "満洲五万分一圖", "ckey": 12717575, "available": true, "iiifUrl": "https://purl.stanford.edu/jz254wm7677/iiif/manifest" }, "geometry": { "type": "Polygon", "coordinates": [ [ [ 124.0, 40.5000003 ], [ 124.25, 40.5000003 ], [ 124.25, 40.666667 ], [ 124.0, 40.666667 ], [ 124.0, 40.5000003 ] ] ] } },
{ "type": "Feature", "properties": { "Id": 0, "Sheet_ID": "壹貮ワ119-51. 石頭城", "label": "壹貮ワ119-51. 石頭城", "call_short": "G7822 .M2 S50 .J4", "call_num": "G7822 .M2 S50 .J4 12WA119-51", "recid": "qf778rs0650", "websiteUrl": "https://purl.stanford.edu/qf778rs0650", "title": "満洲五万分一圖", "ckey": 12717575, "available": true, "iiifUrl": "https://purl.stanford.edu/qf778rs0650/iiif/manifest" }, "geometry": { "type": "Polygon", "coordinates": [ [ [ 124.25, 40.5000003 ], [ 124.5, 40.5000003 ], [ 124.5, 40.666667 ], [ 124.25, 40.666667 ], [ 124.25, 40.5000003 ] ] ] } },
{ "type": "Feature", "properties": { "Id": 0, "Sheet_ID": "豊寧 5-3. 将軍關西", "label": "豊寧 5-3. 将軍關西", "call_short": "G7822 .M2 S50 .J4", "call_num": "G7822 .M2 S50 .J4 15-5-3", "recid": "qc708sq6630", "websiteUrl": "https://purl.stanford.edu/qc708sq6630", "title": "満洲五万分一圖", "ckey": 12717575, "available": true, "iiifUrl": "https://purl.stanford.edu/qc708sq6630/iiif/manifest" }, "geometry": { "type": "Polygon", "coordinates": [ [ [ 117.0, 40.166667 ], [ 117.25, 40.166667 ], [ 117.25, 40.3333336 ], [ 117.0, 40.3333336 ], [ 117.0, 40.166667 ] ] ] } },
{ "type": "Feature", "properties": { "Id": 0, "Sheet_ID": "豊寧 5-1. 将軍關", "label": "豊寧 5-1. 将軍關", "call_short": "G7822 .M2 S50 .J4", "call_num": "G7822 .M2 S50 .J4 15-5-1", "recid": "bv779ss5399", "websiteUrl": "https://purl.stanford.edu/bv779ss5399", "title": "満洲五万分一圖", "ckey": 12717575, "available": true, "iiifUrl": "https://purl.stanford.edu/bv779ss5399/iiif/manifest" }, "geometry": { "type": "Polygon", "coordinates": [ [ [ 117.25, 40.166667 ], [ 117.5, 40.166667 ], [ 117.5, 40.3333336 ], [ 117.25, 40.3333336 ], [ 117.25, 40.166667 ] ] ] } },
{ "type": "Feature", "properties": { "Id": 0, "Sheet_ID": "承徳 25-3. 馬蘭峪", "label": "承徳 25-3. 馬蘭峪", "call_short": "G7822 .M2 S50 .J4", "call_num": "G7822 .M2 S50 .J4 14-25-3", "recid": "bz902br4240", "websiteUrl": "https://purl.stanford.edu/bz902br4240", "title": "満洲五万分一圖", "ckey": 12717575, "available": true, "iiifUrl": "https://purl.stanford.edu/bz902br4240/iiif/manifest" }, "geometry": { "type": "Polygon", "coordinates": [ [ [ 117.5, 40.166667 ], [ 117.75, 40.166667 ], [ 117.75, 40.3333336 ], [ 117.5, 40.3333336 ], [ 117.5, 40.166667 ] ] ] } },
{ "type": "Feature", "properties": { "Id": 0, "Sheet_ID": "承徳 25-1. 羅文峪", "label": "承徳 25-1. 羅文峪", "call_short": "G7822 .M2 S50 .J4", "call_num": "G7822 .M2 S50 .J4 14-25-1", "recid": "qb361gk5777", "websiteUrl": "https://purl.stanford.edu/qb361gk5777", "title": "満洲五万分一圖", "ckey": 12717575, "available": true, "iiifUrl": "https://purl.stanford.edu/qb361gk5777/iiif/manifest" }, "geometry": { "type": "Polygon", "coordinates": [ [ [ 117.75, 40.166667 ], [ 118.0, 40.166667 ], [ 118.0, 40.3333336 ], [ 117.75, 40.3333336 ], [ 117.75, 40.166667 ] ] ] } },
{ "type": "Feature", "properties": { "Id": 0, "Sheet_ID": "豊寧 4-2. 興隆", "label": "豊寧 4-2. 興隆", "call_short": "0", "call_num": "0", "recid": "0", "websiteUrl": "0", "title": "0", "ckey": 0, "available": false, "iiifUrl": "0" }, "geometry": { "type": "Polygon", "coordinates": [ [ [ 117.25, 40.3333336 ], [ 117.5, 40.3333336 ], [ 117.5, 40.5000002 ], [ 117.25, 40.5000002 ], [ 117.25, 40.3333336 ] ] ] } },
{ "type": "Feature", "properties": { "Id": 0, "Sheet_ID": "承徳 24-4. 張帽山", "label": "承徳 24-4. 張帽山", "call_short": "G7822 .M2 S50 .J4", "call_num": "G7822 .M2 S50 .J4 14-24-4", "recid": "qr783xq6103", "websiteUrl": "https://purl.stanford.edu/qr783xq6103", "title": "満洲五万分一圖", "ckey": 12717575, "available": true, "iiifUrl": "https://purl.stanford.edu/qr783xq6103/iiif/manifest" }, "geometry": { "type": "Polygon", "coordinates": [ [ [ 117.5, 40.3333336 ], [ 117.75, 40.3333336 ], [ 117.75, 40.5000002 ], [ 117.5, 40.5000002 ], [ 117.5, 40.3333336 ] ] ] } },
{ "type": "Feature", "properties": { "Id": 0, "Sheet_ID": "承徳 24-2. 半壁山", "label": "承徳 24-2. 半壁山", "call_short": "G7822 .M2 S50 .J4", "call_num": "G7822 .M2 S50 .J4 14-24-2", "recid": "fs872gm4171", "websiteUrl": "https://purl.stanford.edu/fs872gm4171", "title": "満洲五万分一圖", "ckey": 12717575, "available": true, "iiifUrl": "https://purl.stanford.edu/fs872gm4171/iiif/manifest" }, "geometry": { "type": "Polygon", "coordinates": [ [ [ 117.75, 40.3333336 ], [ 118.0, 40.3333336 ], [ 118.0, 40.5000002 ], [ 117.75, 40.5000002 ], [ 117.75, 40.3333336 ] ] ] } },
{ "type": "Feature", "properties": { "Id": 0, "Sheet_ID": "豊寧 4-1. 五龍山", "label": "豊寧 4-1. 五龍山", "call_short": "0", "call_num": "0", "recid": "0", "websiteUrl": "0", "title": "0", "ckey": 0, "available": false, "iiifUrl": "0" }, "geometry": { "type": "Polygon", "coordinates": [ [ [ 117.25, 40.5000002 ], [ 117.5, 40.5000002 ], [ 117.5, 40.6666668 ], [ 117.25, 40.6666668 ], [ 117.25, 40.5000002 ] ] ] } },
{ "type": "Feature", "properties": { "Id": 0, "Sheet_ID": "承徳 24-3. 鷹手營", "label": "承徳 24-3. 鷹手營", "call_short": "0", "call_num": "0", "recid": "0", "websiteUrl": "0", "title": "0", "ckey": 0, "available": false, "iiifUrl": "0" }, "geometry": { "type": "Polygon", "coordinates": [ [ [ 117.5, 40.5000002 ], [ 117.75, 40.5000002 ], [ 117.75, 40.6666668 ], [ 117.5, 40.6666668 ], [ 117.5, 40.5000002 ] ] ] } },
{ "type": "Feature", "properties": { "Id": 0, "Sheet_ID": "承徳 24-1. 五風樓山", "label": "承徳 24-1. 五風樓山", "call_short": "0", "call_num": "0", "recid": "0", "websiteUrl": "0", "title": "0", "ckey": 0, "available": false, "iiifUrl": "0" }, "geometry": { "type": "Polygon", "coordinates": [ [ [ 117.75, 40.5000002 ], [ 118.0, 40.5000002 ], [ 118.0, 40.6666668 ], [ 117.75, 40.6666668 ], [ 117.75, 40.5000002 ] ] ] } },
{ "type": "Feature", "properties": { "Id": 0, "Sheet_ID": "承徳 23-4. 小白旗", "label": "承徳 23-4. 小白旗", "call_short": "G7822 .M2 S50 .J4", "call_num": "G7822 .M2 S50 .J4 14-23-4", "recid": "vm879fv4368", "websiteUrl": "https://purl.stanford.edu/vm879fv4368", "title": "満洲五万分一圖", "ckey": 12717575, "available": true, "iiifUrl": "https://purl.stanford.edu/vm879fv4368/iiif/manifest" }, "geometry": { "type": "Polygon", "coordinates": [ [ [ 117.5, 40.6666668 ], [ 117.75, 40.6666668 ], [ 117.75, 40.8333334 ], [ 117.5, 40.8333334 ], [ 117.5, 40.6666668 ] ] ] } },
{ "type": "Feature", "properties": { "Id": 0, "Sheet_ID": "承徳 23-2. 新杖子", "label": "承徳 23-2. 新杖子", "call_short": "G7822 .M2 S50 .J4", "call_num": "G7822 .M2 S50 .J4 14-23-2", "recid": "bz517dn2529", "websiteUrl": "https://purl.stanford.edu/bz517dn2529", "title": "満洲五万分一圖", "ckey": 12717575, "available": true, "iiifUrl": "https://purl.stanford.edu/bz517dn2529/iiif/manifest" }, "geometry": { "type": "Polygon", "coordinates": [ [ [ 117.75, 40.6666668 ], [ 118.0, 40.6666668 ], [ 118.0, 40.8333334 ], [ 117.75, 40.8333334 ], [ 117.75, 40.6666668 ] ] ] } },
{ "type": "Feature", "properties": { "Id": 0, "Sheet_ID": "承徳 23-3. 灤平", "label": "承徳 23-3. 灤平", "call_short": "G7822 .M2 S50 .J4", "call_num": "G7822 .M2 S50 .J4 14-23-3", "recid": "bx710xj3198", "websiteUrl": "https://purl.stanford.edu/bx710xj3198", "title": "満洲五万分一圖", "ckey": 12717575, "available": true, "iiifUrl": "https://purl.stanford.edu/bx710xj3198/iiif/manifest" }, "geometry": { "type": "Polygon", "coordinates": [ [ [ 117.5, 40.8333334 ], [ 117.75, 40.8333334 ], [ 117.75, 41.0 ], [ 117.5, 41.0 ], [ 117.5, 40.8333334 ] ] ] } },
{ "type": "Feature", "properties": { "Id": 0, "Sheet_ID": "承徳 23-1. 承徳", "label": "承徳 23-1. 承徳", "call_short": "G7822 .M2 S50 .J4", "call_num": "G7822 .M2 S50 .J4 14-23-1", "recid": "pm969mh7784", "websiteUrl": "https://purl.stanford.edu/pm969mh7784", "title": "満洲五万分一圖", "ckey": 12717575, "available": true, "iiifUrl": "https://purl.stanford.edu/pm969mh7784/iiif/manifest" }, "geometry": { "type": "Polygon", "coordinates": [ [ [ 117.75, 40.8333334 ], [ 118.0, 40.8333334 ], [ 118.0, 41.0 ], [ 117.75, 41.0 ], [ 117.75, 40.8333334 ] ] ] } },
{ "type": "Feature", "properties": { "Id": 0, "Sheet_ID": "阜新 20-4. 桃花山", "label": "阜新 20-4. 桃花山", "call_short": "G7822 .M2 S50 .J4", "call_num": "G7822 .M2 S50 .J4 12-20-4", "recid": "zp459zc7624", "websiteUrl": "https://purl.stanford.edu/zp459zc7624", "title": "満洲五万分一圖", "ckey": 12717575, "available": true, "iiifUrl": "https://purl.stanford.edu/zp459zc7624/iiif/manifest" }, "geometry": { "type": "Polygon", "coordinates": [ [ [ 120.5, 41.666667 ], [ 120.75, 41.666667 ], [ 120.75, 41.8333335 ], [ 120.5, 41.8333335 ], [ 120.5, 41.666667 ] ] ] } },
{ "type": "Feature", "properties": { "Id": 0, "Sheet_ID": "阜新 20-2. 北票", "label": "阜新 20-2. 北票", "call_short": "G7822 .M2 S50 .J4", "call_num": "G7822 .M2 S50 .J4 12-20-2", "recid": "np311bh7259", "websiteUrl": "https://purl.stanford.edu/np311bh7259", "title": "満洲五万分一圖", "ckey": 12717575, "available": true, "iiifUrl": "https://purl.stanford.edu/np311bh7259/iiif/manifest" }, "geometry": { "type": "Polygon", "coordinates": [ [ [ 120.75, 41.666667 ], [ 121.0, 41.666667 ], [ 121.0, 41.8333335 ], [ 120.75, 41.8333335 ], [ 120.75, 41.666667 ] ] ] } },
{ "type": "Feature", "properties": { "Id": 0, "Sheet_ID": "阜新 15-4. 長皋", "label": "阜新 15-4. 長皋", "call_short": "G7822 .M2 S50 .J4", "call_num": "G7822 .M2 S50 .J4 12-15-4", "recid": "dd420tx5036", "websiteUrl": "https://purl.stanford.edu/dd420tx5036", "title": "満洲五万分一圖", "ckey": 12717575, "available": true, "iiifUrl": "https://purl.stanford.edu/dd420tx5036/iiif/manifest" }, "geometry": { "type": "Polygon", "coordinates": [ [ [ 121.0, 41.666667 ], [ 121.25, 41.666667 ], [ 121.25, 41.8333335 ], [ 121.0, 41.8333335 ], [ 121.0, 41.666667 ] ] ] } },
{ "type": "Feature", "properties": { "Id": 0, "Sheet_ID": "阜新 15-2. 清河門", "label": "阜新 15-2. 清河門", "call_short": "G7822 .M2 S50 .J4", "call_num": "G7822 .M2 S50 .J4 12-15-2", "recid": "nh379vx0536", "websiteUrl": "https://purl.stanford.edu/nh379vx0536", "title": "満洲五万分一圖", "ckey": 12717575, "available": true, "iiifUrl": "https://purl.stanford.edu/nh379vx0536/iiif/manifest" }, "geometry": { "type": "Polygon", "coordinates": [ [ [ 121.25, 41.666667 ], [ 121.5, 41.666667 ], [ 121.5, 41.8333335 ], [ 121.25, 41.8333335 ], [ 121.25, 41.666667 ] ] ] } },
{ "type": "Feature", "properties": { "Id": 0, "Sheet_ID": "阜新 10-4. 稍戶營子", "label": "阜新 10-4. 稍戶營子", "call_short": "G7822 .M2 S50 .J4", "call_num": "G7822 .M2 S50 .J4 12-10-4", "recid": "fb855qr0028", "websiteUrl": "https://purl.stanford.edu/fb855qr0028", "title": "満洲五万分一圖", "ckey": 12717575, "available": true, "iiifUrl": "https://purl.stanford.edu/fb855qr0028/iiif/manifest" }, "geometry": { "type": "Polygon", "coordinates": [ [ [ 121.5, 41.666667 ], [ 121.75, 41.666667 ], [ 121.75, 41.8333335 ], [ 121.5, 41.8333335 ], [ 121.5, 41.666667 ] ] ] } },
{ "type": "Feature", "properties": { "Id": 0, "Sheet_ID": "阜新 10-2. 八道壕", "label": "阜新 10-2. 八道壕", "call_short": "G7822 .M2 S50 .J4", "call_num": "G7822 .M2 S50 .J4 12-10-2", "recid": "bb923zy1994", "websiteUrl": "https://purl.stanford.edu/bb923zy1994", "title": "満洲五万分一圖", "ckey": 12717575, "available": true, "iiifUrl": "https://purl.stanford.edu/bb923zy1994/iiif/manifest" }, "geometry": { "type": "Polygon", "coordinates": [ [ [ 121.75, 41.666667 ], [ 122.0, 41.666667 ], [ 122.0, 41.8333335 ], [ 121.75, 41.8333335 ], [ 121.75, 41.666667 ] ] ] } },
{ "type": "Feature", "properties": { "Id": 0, "Sheet_ID": "阜新 20-3. 西官営子", "label": "阜新 20-3. 西官営子", "call_short": "G7822 .M2 S50 .J4", "call_num": "G7822 .M2 S50 .J4 12-20-3", "recid": "th042dr3862", "websiteUrl": "https://purl.stanford.edu/th042dr3862", "title": "満洲五万分一圖", "ckey": 12717575, "available": true, "iiifUrl": "https://purl.stanford.edu/th042dr3862/iiif/manifest" }, "geometry": { "type": "Polygon", "coordinates": [ [ [ 120.5, 41.8333335 ], [ 120.75, 41.8333335 ], [ 120.75, 42.0 ], [ 120.5, 42.0 ], [ 120.5, 41.8333335 ] ] ] } },
{ "type": "Feature", "properties": { "Id": 0, "Sheet_ID": "阜新 20-1. 米山子", "label": "阜新 20-1. 米山子", "call_short": "G7822 .M2 S50 .J4", "call_num": "G7822 .M2 S50 .J4 12-20-1", "recid": "gj953qt6090", "websiteUrl": "https://purl.stanford.edu/gj953qt6090", "title": "満洲五万分一圖", "ckey": 12717575, "available": true, "iiifUrl": "https://purl.stanford.edu/gj953qt6090/iiif/manifest" }, "geometry": { "type": "Polygon", "coordinates": [ [ [ 120.75, 41.8333335 ], [ 121.0, 41.8333335 ], [ 121.0, 42.0 ], [ 120.75, 42.0 ], [ 120.75, 41.8333335 ] ] ] } },
{ "type": "Feature", "properties": { "Id": 0, "Sheet_ID": "阜新 15-3. 烏蘭山", "label": "阜新 15-3. 烏蘭山", "call_short": "G7822 .M2 S50 .J4", "call_num": "G7822 .M2 S50 .J4 12-15-3", "recid": "kr821vf7388", "websiteUrl": "https://purl.stanford.edu/kr821vf7388", "title": "満洲五万分一圖", "ckey": 12717575, "available": true, "iiifUrl": "https://purl.stanford.edu/kr821vf7388/iiif/manifest" }, "geometry": { "type": "Polygon", "coordinates": [ [ [ 121.0, 41.8333335 ], [ 121.25, 41.8333335 ], [ 121.25, 42.0 ], [ 121.0, 42.0 ], [ 121.0, 41.8333335 ] ] ] } },
{ "type": "Feature", "properties": { "Id": 0, "Sheet_ID": "阜新 15-1. 佛喇嘛寺", "label": "阜新 15-1. 佛喇嘛寺", "call_short": "G7822 .M2 S50 .J4", "call_num": "G7822 .M2 S50 .J4 12-15-1", "recid": "kn849yj6122", "websiteUrl": "https://purl.stanford.edu/kn849yj6122", "title": "満洲五万分一圖", "ckey": 12717575, "available": true, "iiifUrl": "https://purl.stanford.edu/kn849yj6122/iiif/manifest" }, "geometry": { "type": "Polygon", "coordinates": [ [ [ 121.25, 41.8333335 ], [ 121.5, 41.8333335 ], [ 121.5, 42.0 ], [ 121.25, 42.0 ], [ 121.25, 41.8333335 ] ] ] } },
{ "type": "Feature", "properties": { "Id": 0, "Sheet_ID": "阜新 10-3. 海州", "label": "阜新 10-3. 海州", "call_short": "G7822 .M2 S50 .J4", "call_num": "G7822 .M2 S50 .J4 12-10-3", "recid": "zp284kp2324", "websiteUrl": "https://purl.stanford.edu/zp284kp2324", "title": "満洲五万分一圖", "ckey": 12717575, "available": true, "iiifUrl": "https://purl.stanford.edu/zp284kp2324/iiif/manifest" }, "geometry": { "type": "Polygon", "coordinates": [ [ [ 121.5, 41.8333335 ], [ 121.75, 41.8333335 ], [ 121.75, 42.0 ], [ 121.5, 42.0 ], [ 121.5, 41.8333335 ] ] ] } },
{ "type": "Feature", "properties": { "Id": 0, "Sheet_ID": "阜新 10-1. 黒帝廟", "label": "阜新 10-1. 黒帝廟", "call_short": "G7822 .M2 S50 .J4", "call_num": "G7822 .M2 S50 .J4 12-10-1", "recid": "zt383wp6242", "websiteUrl": "https://purl.stanford.edu/zt383wp6242", "title": "満洲五万分一圖", "ckey": 12717575, "available": true, "iiifUrl": "https://purl.stanford.edu/zt383wp6242/iiif/manifest" }, "geometry": { "type": "Polygon", "coordinates": [ [ [ 121.75, 41.8333335 ], [ 122.0, 41.8333335 ], [ 122.0, 42.0 ], [ 121.75, 42.0 ], [ 121.75, 41.8333335 ] ] ] } },
{ "type": "Feature", "properties": { "Id": 0, "Sheet_ID": "阜新 14-2. 昭倫塔拉", "label": "阜新 14-2. 昭倫塔拉", "call_short": "G7822 .M2 S50 .J4", "call_num": "G7822 .M2 S50 .J4 12-14-2", "recid": "jz137xq7551", "websiteUrl": "https://purl.stanford.edu/jz137xq7551", "title": "満洲五万分一圖", "ckey": 12717575, "available": true, "iiifUrl": "https://purl.stanford.edu/jz137xq7551/iiif/manifest" }, "geometry": { "type": "Polygon", "coordinates": [ [ [ 121.25, 42.0 ], [ 121.5, 42.0 ], [ 121.5, 42.1666665 ], [ 121.25, 42.1666665 ], [ 121.25, 42.0 ] ] ] } },
{ "type": "Feature", "properties": { "Id": 0, "Sheet_ID": "阜新 9-4. 阜新", "label": "阜新 9-4. 阜新", "call_short": "G7822 .M2 S50 .J4", "call_num": "G7822 .M2 S50 .J4 12-9-4", "recid": "fv132tx3345", "websiteUrl": "https://purl.stanford.edu/fv132tx3345", "title": "満洲五万分一圖", "ckey": 12717575, "available": true, "iiifUrl": "https://purl.stanford.edu/fv132tx3345/iiif/manifest" }, "geometry": { "type": "Polygon", "coordinates": [ [ [ 121.5, 42.0 ], [ 121.75, 42.0 ], [ 121.75, 42.1666665 ], [ 121.5, 42.1666665 ], [ 121.5, 42.0 ] ] ] } },
{ "type": "Feature", "properties": { "Id": 0, "Sheet_ID": "阜新 9-2. 新邸", "label": "阜新 9-2. 新邸", "call_short": "G7822 .M2 S50 .J4", "call_num": "G7822 .M2 S50 .J4 12-9-2", "recid": "ht730kd0875", "websiteUrl": "https://purl.stanford.edu/ht730kd0875", "title": "満洲五万分一圖", "ckey": 12717575, "available": true, "iiifUrl": "https://purl.stanford.edu/ht730kd0875/iiif/manifest" }, "geometry": { "type": "Polygon", "coordinates": [ [ [ 121.75, 42.0 ], [ 122.0, 42.0 ], [ 122.0, 42.1666665 ], [ 121.75, 42.1666665 ], [ 121.75, 42.0 ] ] ] } },
{ "type": "Feature", "properties": { "Id": 0, "Sheet_ID": "阜新 9-3. 水泉子", "label": "阜新 9-3. 水泉子", "call_short": "G7822 .M2 S50 .J4", "call_num": "G7822 .M2 S50 .J4 12-9-3", "recid": "hj453zr9616", "websiteUrl": "https://purl.stanford.edu/hj453zr9616", "title": "満洲五万分一圖", "ckey": 12717575, "available": true, "iiifUrl": "https://purl.stanford.edu/hj453zr9616/iiif/manifest" }, "geometry": { "type": "Polygon", "coordinates": [ [ [ 121.5, 42.1666665 ], [ 121.75, 42.1666665 ], [ 121.75, 42.333333 ], [ 121.5, 42.333333 ], [ 121.5, 42.1666665 ] ] ] } },
{ "type": "Feature", "properties": { "Id": 0, "Sheet_ID": "阜新 9-1. 鶩歡池", "label": "阜新 9-1. 鶩歡池", "call_short": "G7822 .M2 S50 .J4", "call_num": "G7822 .M2 S50 .J4 12-9-1", "recid": "yn159cv5669", "websiteUrl": "https://purl.stanford.edu/yn159cv5669", "title": "満洲五万分一圖", "ckey": 12717575, "available": true, "iiifUrl": "https://purl.stanford.edu/yn159cv5669/iiif/manifest" }, "geometry": { "type": "Polygon", "coordinates": [ [ [ 121.75, 42.1666665 ], [ 122.0, 42.1666665 ], [ 122.0, 42.333333 ], [ 121.75, 42.333333 ], [ 121.75, 42.1666665 ] ] ] } },
{ "type": "Feature", "properties": { "Id": 0, "Sheet_ID": "王爺廟 3-4. 好屯加拉������", "label": "王爺廟 3-4. 好屯加拉������", "call_short": "0", "call_num": "0", "recid": "0", "websiteUrl": "0", "title": "0", "ckey": 0, "available": false, "iiifUrl": "0" }, "geometry": { "type": "Polygon", "coordinates": [ [ [ 122.0, 45.666667 ], [ 122.25, 45.666667 ], [ 122.25, 45.8333335 ], [ 122.0, 45.8333335 ], [ 122.0, 45.666667 ] ] ] } },
{ "type": "Feature", "properties": { "Id": 0, "Sheet_ID": "王爺廟 3-2. 瓦房", "label": "王爺廟 3-2. 瓦房", "call_short": "G7822 .M2 S50 .J4", "call_num": "G7822 .M2 S50 .J4 11-3-2", "recid": "jm051yb7882", "websiteUrl": "https://purl.stanford.edu/jm051yb7882", "title": "満洲五万分一圖", "ckey": 12717575, "available": true, "iiifUrl": "https://purl.stanford.edu/jm051yb7882/iiif/manifest" }, "geometry": { "type": "Polygon", "coordinates": [ [ [ 122.25, 45.666667 ], [ 122.5, 45.666667 ], [ 122.5, 45.8333335 ], [ 122.25, 45.8333335 ], [ 122.25, 45.666667 ] ] ] } },
{ "type": "Feature", "properties": { "Id": 0, "Sheet_ID": "王爺廟 3-3. 四品加拉������", "label": "王爺廟 3-3. 四品加拉������", "call_short": "0", "call_num": "0", "recid": "0", "websiteUrl": "0", "title": "0", "ckey": 0, "available": false, "iiifUrl": "0" }, "geometry": { "type": "Polygon", "coordinates": [ [ [ 122.0, 45.8333335 ], [ 122.25, 45.8333335 ], [ 122.25, 46.0 ], [ 122.0, 46.0 ], [ 122.0, 45.8333335 ] ] ] } },
{ "type": "Feature", "properties": { "Id": 0, "Sheet_ID": "王爺廟 3-1. 葛根廟", "label": "王爺廟 3-1. 葛根廟", "call_short": "G7822 .M2 S50 .J4", "call_num": "G7822 .M2 S50 .J4 11-3-1", "recid": "vv529hd8261", "websiteUrl": "https://purl.stanford.edu/vv529hd8261", "title": "満洲五万分一圖", "ckey": 12717575, "available": true, "iiifUrl": "https://purl.stanford.edu/vv529hd8261/iiif/manifest" }, "geometry": { "type": "Polygon", "coordinates": [ [ [ 122.25, 45.8333335 ], [ 122.5, 45.8333335 ], [ 122.5, 46.0 ], [ 122.25, 46.0 ], [ 122.25, 45.8333335 ] ] ] } },
{ "type": "Feature", "properties": { "Id": 0, "Sheet_ID": "王爺廟 2-4. 王爺廟", "label": "王爺廟 2-4. 王爺廟", "call_short": "0", "call_num": "0", "recid": "0", "websiteUrl": "0", "title": "0", "ckey": 0, "available": false, "iiifUrl": "0" }, "geometry": { "type": "Polygon", "coordinates": [ [ [ 122.0, 46.0 ], [ 122.25, 46.0 ], [ 122.25, 46.1666665 ], [ 122.0, 46.1666665 ], [ 122.0, 46.0 ] ] ] } },
{ "type": "Feature", "properties": { "Id": 0, "Sheet_ID": "王爺廟 2-2. 水泉", "label": "王爺廟 2-2. 水泉", "call_short": "0", "call_num": "0", "recid": "0", "websiteUrl": "0", "title": "0", "ckey": 0, "available": false, "iiifUrl": "0" }, "geometry": { "type": "Polygon", "coordinates": [ [ [ 122.25, 46.0 ], [ 122.5, 46.0 ], [ 122.5, 46.1666665 ], [ 122.25, 46.1666665 ], [ 122.25, 46.0 ] ] ] } },
{ "type": "Feature", "properties": { "Id": 0, "Sheet_ID": "王爺廟 2-1. コンボカラ", "label": "王爺廟 2-1. コンボカラ", "call_short": "0", "call_num": "0", "recid": "0", "websiteUrl": "0", "title": "0", "ckey": 0, "available": false, "iiifUrl": "0" }, "geometry": { "type": "Polygon", "coordinates": [ [ [ 122.25, 46.1666665 ], [ 122.5, 46.1666665 ], [ 122.5, 46.333333 ], [ 122.25, 46.333333 ], [ 122.25, 46.1666665 ] ] ] } },
{ "type": "Feature", "properties": { "Id": 0, "Sheet_ID": "白城子 25-3. 前太平川", "label": "白城子 25-3. 前太平川", "call_short": "G7822 .M2 S50 .J4", "call_num": "G7822 .M2 S50 .J4 7-25-3", "recid": "wf995zn4194", "websiteUrl": "https://purl.stanford.edu/wf995zn4194", "title": "満洲五万分一圖", "ckey": 12717575, "available": true, "iiifUrl": "https://purl.stanford.edu/wf995zn4194/iiif/manifest" }, "geometry": { "type": "Polygon", "coordinates": [ [ [ 122.5, 45.166667 ], [ 122.75, 45.166667 ], [ 122.75, 45.3333337 ], [ 122.5, 45.3333337 ], [ 122.5, 45.166667 ] ] ] } },
{ "type": "Feature", "properties": { "Id": 0, "Sheet_ID": "白城子 25-1. 洮南南部", "label": "白城子 25-1. 洮南南部", "call_short": "G7822 .M2 S50 .J4", "call_num": "G7822 .M2 S50 .J4 7-25-1", "recid": "zs166kg0878", "websiteUrl": "https://purl.stanford.edu/zs166kg0878", "title": "満洲五万分一圖", "ckey": 12717575, "available": true, "iiifUrl": "https://purl.stanford.edu/zs166kg0878/iiif/manifest" }, "geometry": { "type": "Polygon", "coordinates": [ [ [ 122.75, 45.166667 ], [ 123.0, 45.166667 ], [ 123.0, 45.3333337 ], [ 122.75, 45.3333337 ], [ 122.75, 45.166667 ] ] ] } },
{ "type": "Feature", "properties": { "Id": 0, "Sheet_ID": "白城子 24-4. 六家子", "label": "白城子 24-4. 六家子", "call_short": "G7822 .M2 S50 .J4", "call_num": "G7822 .M2 S50 .J4 7-24-4", "recid": "xh367rx9622", "websiteUrl": "https://purl.stanford.edu/xh367rx9622", "title": "満洲五万分一圖", "ckey": 12717575, "available": true, "iiifUrl": "https://purl.stanford.edu/xh367rx9622/iiif/manifest" }, "geometry": { "type": "Polygon", "coordinates": [ [ [ 122.5, 45.3333337 ], [ 122.75, 45.3333337 ], [ 122.75, 45.5000003 ], [ 122.5, 45.5000003 ], [ 122.5, 45.3333337 ] ] ] } },
{ "type": "Feature", "properties": { "Id": 0, "Sheet_ID": "白城子 24-2. 洮南北部", "label": "白城子 24-2. 洮南北部", "call_short": "G7822 .M2 S50 .J4", "call_num": "G7822 .M2 S50 .J4 7-24-2", "recid": "rn695yx5841", "websiteUrl": "https://purl.stanford.edu/rn695yx5841", "title": "満洲五万分一圖", "ckey": 12717575, "available": true, "iiifUrl": "https://purl.stanford.edu/rn695yx5841/iiif/manifest" }, "geometry": { "type": "Polygon", "coordinates": [ [ [ 122.75, 45.3333337 ], [ 123.0, 45.3333337 ], [ 123.0, 45.5000003 ], [ 122.75, 45.5000003 ], [ 122.75, 45.3333337 ] ] ] } },
{ "type": "Feature", "properties": { "Id": 0, "Sheet_ID": "白城子 24-3. 三十戶", "label": "白城子 24-3. 三十戶", "call_short": "G7822 .M2 S50 .J4", "call_num": "G7822 .M2 S50 .J4 7-24-3", "recid": "qy330gx0403", "websiteUrl": "https://purl.stanford.edu/qy330gx0403", "title": "満洲五万分一圖", "ckey": 12717575, "available": true, "iiifUrl": "https://purl.stanford.edu/qy330gx0403/iiif/manifest" }, "geometry": { "type": "Polygon", "coordinates": [ [ [ 122.5, 45.5000003 ], [ 122.75, 45.5000003 ], [ 122.75, 45.666667 ], [ 122.5, 45.666667 ], [ 122.5, 45.5000003 ] ] ] } },
{ "type": "Feature", "properties": { "Id": 0, "Sheet_ID": "白城子 24-1. 洮安", "label": "白城子 24-1. 洮安", "call_short": "G7822 .M2 S50 .J4", "call_num": "G7822 .M2 S50 .J4 7-24-1", "recid": "sf270sw3110", "websiteUrl": "https://purl.stanford.edu/sf270sw3110", "title": "満洲五万分一圖", "ckey": 12717575, "available": true, "iiifUrl": "https://purl.stanford.edu/sf270sw3110/iiif/manifest" }, "geometry": { "type": "Polygon", "coordinates": [ [ [ 122.75, 45.5000003 ], [ 123.0, 45.5000003 ], [ 123.0, 45.666667 ], [ 122.75, 45.666667 ], [ 122.75, 45.5000003 ] ] ] } },
{ "type": "Feature", "properties": { "Id": 0, "Sheet_ID": "白城子 23-4. 太本站", "label": "白城子 23-4. 太本站", "call_short": "G7822 .M2 S50 .J4", "call_num": "G7822 .M2 S50 .J4 7-23-4", "recid": "km455ds7989", "websiteUrl": "https://purl.stanford.edu/km455ds7989", "title": "満洲五万分一圖", "ckey": 12717575, "available": true, "iiifUrl": "https://purl.stanford.edu/km455ds7989/iiif/manifest" }, "geometry": { "type": "Polygon", "coordinates": [ [ [ 122.5, 45.666667 ], [ 122.75, 45.666667 ], [ 122.75, 45.8333337 ], [ 122.5, 45.8333337 ], [ 122.5, 45.666667 ] ] ] } },
{ "type": "Feature", "properties": { "Id": 0, "Sheet_ID": "白城子 23-2. 紅八塔", "label": "白城子 23-2. 紅八塔", "call_short": "G7822 .M2 S50 .J4", "call_num": "G7822 .M2 S50 .J4 7-23-2", "recid": "xp645fg9961", "websiteUrl": "https://purl.stanford.edu/xp645fg9961", "title": "満洲五万分一圖", "ckey": 12717575, "available": true, "iiifUrl": "https://purl.stanford.edu/xp645fg9961/iiif/manifest" }, "geometry": { "type": "Polygon", "coordinates": [ [ [ 122.75, 45.666667 ], [ 123.0, 45.666667 ], [ 123.0, 45.8333337 ], [ 122.75, 45.8333337 ], [ 122.75, 45.666667 ] ] ] } },
{ "type": "Feature", "properties": { "Id": 0, "Sheet_ID": "白城子 18-4. 二龍山", "label": "白城子 18-4. 二龍山", "call_short": "0", "call_num": "0", "recid": "0", "websiteUrl": "0", "title": "0", "ckey": 0, "available": false, "iiifUrl": "0" }, "geometry": { "type": "Polygon", "coordinates": [ [ [ 123.0, 45.666667 ], [ 123.25, 45.666667 ], [ 123.25, 45.8333337 ], [ 123.0, 45.8333337 ], [ 123.0, 45.666667 ] ] ] } },
{ "type": "Feature", "properties": { "Id": 0, "Sheet_ID": "白城子 23-3. 七十七道嶺", "label": "白城子 23-3. 七十七道嶺", "call_short": "G7822 .M2 S50 .J4", "call_num": "G7822 .M2 S50 .J4 7-23-3", "recid": "hn051tn9718", "websiteUrl": "https://purl.stanford.edu/hn051tn9718", "title": "満洲五万分一圖", "ckey": 12717575, "available": true, "iiifUrl": "https://purl.stanford.edu/hn051tn9718/iiif/manifest" }, "geometry": { "type": "Polygon", "coordinates": [ [ [ 122.5, 45.8333337 ], [ 122.75, 45.8333337 ], [ 122.75, 46.0000003 ], [ 122.5, 46.0000003 ], [ 122.5, 45.8333337 ] ] ] } },
{ "type": "Feature", "properties": { "Id": 0, "Sheet_ID": "白城子 23-1. 葛連池", "label": "白城子 23-1. 葛連池", "call_short": "G7822 .M2 S50 .J4", "call_num": "G7822 .M2 S50 .J4 7-23-1", "recid": "jq611zt2225", "websiteUrl": "https://purl.stanford.edu/jq611zt2225", "title": "満洲五万分一圖", "ckey": 12717575, "available": true, "iiifUrl": "https://purl.stanford.edu/jq611zt2225/iiif/manifest" }, "geometry": { "type": "Polygon", "coordinates": [ [ [ 122.75, 45.8333337 ], [ 123.0, 45.8333337 ], [ 123.0, 46.0000003 ], [ 122.75, 46.0000003 ], [ 122.75, 45.8333337 ] ] ] } },
{ "type": "Feature", "properties": { "Id": 0, "Sheet_ID": "白城子 18-3. 鎭東", "label": "白城子 18-3. 鎭東", "call_short": "0", "call_num": "0", "recid": "0", "websiteUrl": "0", "title": "0", "ckey": 0, "available": false, "iiifUrl": "0" }, "geometry": { "type": "Polygon", "coordinates": [ [ [ 123.0, 45.8333337 ], [ 123.25, 45.8333337 ], [ 123.25, 46.0000003 ], [ 123.0, 46.0000003 ], [ 123.0, 45.8333337 ] ] ] } },
{ "type": "Feature", "properties": { "Id": 0, "Sheet_ID": "白城子 22-4. 阿貴杜", "label": "白城子 22-4. 阿貴杜", "call_short": "G7822 .M2 S50 .J4", "call_num": "G7822 .M2 S50 .J4 7-22-4", "recid": "cv741sw5669", "websiteUrl": "https://purl.stanford.edu/cv741sw5669", "title": "満洲五万分一圖", "ckey": 12717575, "available": true, "iiifUrl": "https://purl.stanford.edu/cv741sw5669/iiif/manifest" }, "geometry": { "type": "Polygon", "coordinates": [ [ [ 122.5, 46.0000003 ], [ 122.75, 46.0000003 ], [ 122.75, 46.166667 ], [ 122.5, 46.166667 ], [ 122.5, 46.0000003 ] ] ] } },
{ "type": "Feature", "properties": { "Id": 0, "Sheet_ID": "白城子 22-2. 丁好堂窩棚", "label": "白城子 22-2. 丁好堂窩棚", "call_short": "G7822 .M2 S50 .J4", "call_num": "G7822 .M2 S50 .J4 7-22-2", "recid": "zs708fz8415", "websiteUrl": "https://purl.stanford.edu/zs708fz8415", "title": "満洲五万分一圖", "ckey": 12717575, "available": true, "iiifUrl": "https://purl.stanford.edu/zs708fz8415/iiif/manifest" }, "geometry": { "type": "Polygon", "coordinates": [ [ [ 122.75, 46.0000003 ], [ 123.0, 46.0000003 ], [ 123.0, 46.166667 ], [ 122.75, 46.166667 ], [ 122.75, 46.0000003 ] ] ] } },
{ "type": "Feature", "properties": { "Id": 0, "Sheet_ID": "白城子 17-4. 傳家圍子", "label": "白城子 17-4. 傳家圍子", "call_short": "0", "call_num": "0", "recid": "0", "websiteUrl": "0", "title": "0", "ckey": 0, "available": false, "iiifUrl": "0" }, "geometry": { "type": "Polygon", "coordinates": [ [ [ 123.0, 46.0000003 ], [ 123.25, 46.0000003 ], [ 123.25, 46.166667 ], [ 123.0, 46.166667 ], [ 123.0, 46.0000003 ] ] ] } },
{ "type": "Feature", "properties": { "Id": 0, "Sheet_ID": "白城子 22-3. 阿立各圖", "label": "白城子 22-3. 阿立各圖", "call_short": "G7822 .M2 S50 .J4", "call_num": "G7822 .M2 S50 .J4 7-22-3", "recid": "xy324bj3031", "websiteUrl": "https://purl.stanford.edu/xy324bj3031", "title": "満洲五万分一圖", "ckey": 12717575, "available": true, "iiifUrl": "https://purl.stanford.edu/xy324bj3031/iiif/manifest" }, "geometry": { "type": "Polygon", "coordinates": [ [ [ 122.5, 46.166667 ], [ 122.75, 46.166667 ], [ 122.75, 46.3333337 ], [ 122.5, 46.3333337 ], [ 122.5, 46.166667 ] ] ] } },
{ "type": "Feature", "properties": { "Id": 0, "Sheet_ID": "白城子 22-1. 前哈噠", "label": "白城子 22-1. 前哈噠", "call_short": "0", "call_num": "0", "recid": "0", "websiteUrl": "0", "title": "0", "ckey": 0, "available": false, "iiifUrl": "0" }, "geometry": { "type": "Polygon", "coordinates": [ [ [ 122.75, 46.166667 ], [ 123.0, 46.166667 ], [ 123.0, 46.3333337 ], [ 122.75, 46.3333337 ], [ 122.75, 46.166667 ] ] ] } },
{ "type": "Feature", "properties": { "Id": 0, "Sheet_ID": "白城子 17-3. 武牙站", "label": "白城子 17-3. 武牙站", "call_short": "0", "call_num": "0", "recid": "0", "websiteUrl": "0", "title": "0", "ckey": 0, "available": false, "iiifUrl": "0" }, "geometry": { "type": "Polygon", "coordinates": [ [ [ 123.0, 46.166667 ], [ 123.25, 46.166667 ], [ 123.25, 46.3333337 ], [ 123.0, 46.3333337 ], [ 123.0, 46.166667 ] ] ] } },
{ "type": "Feature", "properties": { "Id": 0, "Sheet_ID": "白城子 17-1. 王順街基", "label": "白城子 17-1. 王順街基", "call_short": "0", "call_num": "0", "recid": "0", "websiteUrl": "0", "title": "0", "ckey": 0, "available": false, "iiifUrl": "0" }, "geometry": { "type": "Polygon", "coordinates": [ [ [ 123.25, 46.166667 ], [ 123.5, 46.166667 ], [ 123.5, 46.3333337 ], [ 123.25, 46.3333337 ], [ 123.25, 46.166667 ] ] ] } },
{ "type": "Feature", "properties": { "Id": 0, "Sheet_ID": "白城子 16-4. 東聚寶山", "label": "白城子 16-4. 東聚寶山", "call_short": "0", "call_num": "0", "recid": "0", "websiteUrl": "0", "title": "0", "ckey": 0, "available": false, "iiifUrl": "0" }, "geometry": { "type": "Polygon", "coordinates": [ [ [ 123.0, 46.3333337 ], [ 123.25, 46.3333337 ], [ 123.25, 46.5000003 ], [ 123.0, 46.5000003 ], [ 123.0, 46.3333337 ] ] ] } },
{ "type": "Feature", "properties": { "Id": 0, "Sheet_ID": "白城子 16-2. 泰來", "label": "白城子 16-2. 泰來", "call_short": "G7822 .M2 S50 .J4", "call_num": "G7822 .M2 S50 .J4 7-16-2", "recid": "sp351qp1772", "websiteUrl": "https://purl.stanford.edu/sp351qp1772", "title": "満洲五万分一圖", "ckey": 12717575, "available": true, "iiifUrl": "https://purl.stanford.edu/sp351qp1772/iiif/manifest" }, "geometry": { "type": "Polygon", "coordinates": [ [ [ 123.25, 46.3333337 ], [ 123.5, 46.3333337 ], [ 123.5, 46.5000003 ], [ 123.25, 46.5000003 ], [ 123.25, 46.3333337 ] ] ] } },
{ "type": "Feature", "properties": { "Id": 0, "Sheet_ID": "白城子 11-4. 大五家子", "label": "白城子 11-4. 大五家子", "call_short": "0", "call_num": "0", "recid": "0", "websiteUrl": "0", "title": "0", "ckey": 0, "available": false, "iiifUrl": "0" }, "geometry": { "type": "Polygon", "coordinates": [ [ [ 123.5, 46.3333337 ], [ 123.75, 46.3333337 ], [ 123.75, 46.5000003 ], [ 123.5, 46.5000003 ], [ 123.5, 46.3333337 ] ] ] } },
{ "type": "Feature", "properties": { "Id": 0, "Sheet_ID": "白城子 11-2. 多耐站", "label": "白城子 11-2. 多耐站", "call_short": "0", "call_num": "0", "recid": "0", "websiteUrl": "0", "title": "0", "ckey": 0, "available": false, "iiifUrl": "0" }, "geometry": { "type": "Polygon", "coordinates": [ [ [ 123.75, 46.3333337 ], [ 124.0, 46.3333337 ], [ 124.0, 46.5000003 ], [ 123.75, 46.5000003 ], [ 123.75, 46.3333337 ] ] ] } },
{ "type": "Feature", "properties": { "Id": 0, "Sheet_ID": "白城子 16-3. 塔子城", "label": "白城子 16-3. 塔子城", "call_short": "0", "call_num": "0", "recid": "0", "websiteUrl": "0", "title": "0", "ckey": 0, "available": false, "iiifUrl": "0" }, "geometry": { "type": "Polygon", "coordinates": [ [ [ 123.0, 46.5000003 ], [ 123.25, 46.5000003 ], [ 123.25, 46.666667 ], [ 123.0, 46.666667 ], [ 123.0, 46.5000003 ] ] ] } },
{ "type": "Feature", "properties": { "Id": 0, "Sheet_ID": "白城子 16-1. 大克利", "label": "白城子 16-1. 大克利", "call_short": "0", "call_num": "0", "recid": "0", "websiteUrl": "0", "title": "0", "ckey": 0, "available": false, "iiifUrl": "0" }, "geometry": { "type": "Polygon", "coordinates": [ [ [ 123.25, 46.5000003 ], [ 123.5, 46.5000003 ], [ 123.5, 46.666667 ], [ 123.25, 46.666667 ], [ 123.25, 46.5000003 ] ] ] } },
{ "type": "Feature", "properties": { "Id": 0, "Sheet_ID": "白城子 11-3. 五廟子", "label": "白城子 11-3. 五廟子", "call_short": "0", "call_num": "0", "recid": "0", "websiteUrl": "0", "title": "0", "ckey": 0, "available": false, "iiifUrl": "0" }, "geometry": { "type": "Polygon", "coordinates": [ [ [ 123.5, 46.5000003 ], [ 123.75, 46.5000003 ], [ 123.75, 46.666667 ], [ 123.5, 46.666667 ], [ 123.5, 46.5000003 ] ] ] } },
{ "type": "Feature", "properties": { "Id": 0, "Sheet_ID": "白城子 11-1. 九扇門", "label": "白城子 11-1. 九扇門", "call_short": "0", "call_num": "0", "recid": "0", "websiteUrl": "0", "title": "0", "ckey": 0, "available": false, "iiifUrl": "0" }, "geometry": { "type": "Polygon", "coordinates": [ [ [ 123.75, 46.5000003 ], [ 124.0, 46.5000003 ], [ 124.0, 46.666667 ], [ 123.75, 46.666667 ], [ 123.75, 46.5000003 ] ] ] } },
{ "type": "Feature", "properties": { "Id": 0, "Sheet_ID": "齊齊哈爾 20-4. 仙人洞", "label": "齊齊哈爾 20-4. 仙人洞", "call_short": "0", "call_num": "0", "recid": "0", "websiteUrl": "0", "title": "0", "ckey": 0, "available": false, "iiifUrl": "0" }, "geometry": { "type": "Polygon", "coordinates": [ [ [ 123.0, 46.666667 ], [ 123.25, 46.666667 ], [ 123.25, 46.8333336 ], [ 123.0, 46.8333336 ], [ 123.0, 46.666667 ] ] ] } },
{ "type": "Feature", "properties": { "Id": 0, "Sheet_ID": "齊齊哈爾 20-2. 杜爾本㳂", "label": "齊齊哈爾 20-2. 杜爾本㳂", "call_short": "G7822 .M2 S50 .J4", "call_num": "G7822 .M2 S50 .J4 6-20-2", "recid": "hz146nm3225", "websiteUrl": "https://purl.stanford.edu/hz146nm3225", "title": "満洲五万分一圖", "ckey": 12717575, "available": true, "iiifUrl": "https://purl.stanford.edu/hz146nm3225/iiif/manifest" }, "geometry": { "type": "Polygon", "coordinates": [ [ [ 123.25, 46.666667 ], [ 123.5, 46.666667 ], [ 123.5, 46.8333336 ], [ 123.25, 46.8333336 ], [ 123.25, 46.666667 ] ] ] } },
{ "type": "Feature", "properties": { "Id": 0, "Sheet_ID": "齊齊哈爾 15-4. 江橋", "label": "齊齊哈爾 15-4. 江橋", "call_short": "0", "call_num": "0", "recid": "0", "websiteUrl": "0", "title": "0", "ckey": 0, "available": false, "iiifUrl": "0" }, "geometry": { "type": "Polygon", "coordinates": [ [ [ 123.5, 46.666667 ], [ 123.75, 46.666667 ], [ 123.75, 46.8333336 ], [ 123.5, 46.8333336 ], [ 123.5, 46.666667 ] ] ] } },
{ "type": "Feature", "properties": { "Id": 0, "Sheet_ID": "齊齊哈爾 20-3. 堿泡子沿", "label": "齊齊哈爾 20-3. 堿泡子沿", "call_short": "0", "call_num": "0", "recid": "0", "websiteUrl": "0", "title": "0", "ckey": 0, "available": false, "iiifUrl": "0" }, "geometry": { "type": "Polygon", "coordinates": [ [ [ 123.0, 46.8333336 ], [ 123.25, 46.8333336 ], [ 123.25, 47.0000002 ], [ 123.0, 47.0000002 ], [ 123.0, 46.8333336 ] ] ] } },
{ "type": "Feature", "properties": { "Id": 0, "Sheet_ID": "齊齊哈爾 20-1. 頭站", "label": "齊齊哈爾 20-1. 頭站", "call_short": "G7822 .M2 S50 .J4", "call_num": "G7822 .M2 S50 .J4 6-20-1", "recid": "rk494qv1267", "websiteUrl": "https://purl.stanford.edu/rk494qv1267", "title": "満洲五万分一圖", "ckey": 12717575, "available": true, "iiifUrl": "https://purl.stanford.edu/rk494qv1267/iiif/manifest" }, "geometry": { "type": "Polygon", "coordinates": [ [ [ 123.25, 46.8333336 ], [ 123.5, 46.8333336 ], [ 123.5, 47.0000002 ], [ 123.25, 47.0000002 ], [ 123.25, 46.8333336 ] ] ] } },
{ "type": "Feature", "properties": { "Id": 0, "Sheet_ID": "齊齊哈爾 15-3. 依佈氣", "label": "齊齊哈爾 15-3. 依佈氣", "call_short": "0", "call_num": "0", "recid": "0", "websiteUrl": "0", "title": "0", "ckey": 0, "available": false, "iiifUrl": "0" }, "geometry": { "type": "Polygon", "coordinates": [ [ [ 123.5, 46.8333336 ], [ 123.75, 46.8333336 ], [ 123.75, 47.0000002 ], [ 123.5, 47.0000002 ], [ 123.5, 46.8333336 ] ] ] } },
{ "type": "Feature", "properties": { "Id": 0, "Sheet_ID": "齊齊哈爾 15-1. 前官地", "label": "齊齊哈爾 15-1. 前官地", "call_short": "0", "call_num": "0", "recid": "0", "websiteUrl": "0", "title": "0", "ckey": 0, "available": false, "iiifUrl": "0" }, "geometry": { "type": "Polygon", "coordinates": [ [ [ 123.75, 46.8333336 ], [ 124.0, 46.8333336 ], [ 124.0, 47.0000002 ], [ 123.75, 47.0000002 ], [ 123.75, 46.8333336 ] ] ] } },
{ "type": "Feature", "properties": { "Id": 0, "Sheet_ID": "齊齊哈爾 19-4. 景星", "label": "齊齊哈爾 19-4. 景星", "call_short": "G7822 .M2 S50 .J4", "call_num": "G7822 .M2 S50 .J4 6-19-4", "recid": "bb351xf7955", "websiteUrl": "https://purl.stanford.edu/bb351xf7955", "title": "満洲五万分一圖", "ckey": 12717575, "available": true, "iiifUrl": "https://purl.stanford.edu/bb351xf7955/iiif/manifest" }, "geometry": { "type": "Polygon", "coordinates": [ [ [ 123.0, 47.0000002 ], [ 123.25, 47.0000002 ], [ 123.25, 47.1666668 ], [ 123.0, 47.1666668 ], [ 123.0, 47.0000002 ] ] ] } },
{ "type": "Feature", "properties": { "Id": 0, "Sheet_ID": "齊齊哈爾 19-2. 哈拉臺", "label": "齊齊哈爾 19-2. 哈拉臺", "call_short": "G7822 .M2 S50 .J4", "call_num": "G7822 .M2 S50 .J4 6-19-2", "recid": "hg066gf3583", "websiteUrl": "https://purl.stanford.edu/hg066gf3583", "title": "満洲五万分一圖", "ckey": 12717575, "available": true, "iiifUrl": "https://purl.stanford.edu/hg066gf3583/iiif/manifest" }, "geometry": { "type": "Polygon", "coordinates": [ [ [ 123.25, 47.0000002 ], [ 123.5, 47.0000002 ], [ 123.5, 47.1666668 ], [ 123.25, 47.1666668 ], [ 123.25, 47.0000002 ] ] ] } },
{ "type": "Feature", "properties": { "Id": 0, "Sheet_ID": "齊齊哈爾 58 (14-4). 杜魯本沁", "label": "齊齊哈爾 58 (14-4). 杜魯本沁", "call_short": "G7822 .M2 S50 .J4", "call_num": "G7822 .M2 S50 .J4 6-14-4", "recid": "cw579rc9693", "websiteUrl": "https://purl.stanford.edu/cw579rc9693", "title": "満洲五万分一圖", "ckey": 12717575, "available": true, "iiifUrl": "https://purl.stanford.edu/cw579rc9693/iiif/manifest" }, "geometry": { "type": "Polygon", "coordinates": [ [ [ 123.5, 47.0000002 ], [ 123.75, 47.0000002 ], [ 123.75, 47.1666668 ], [ 123.5, 47.1666668 ], [ 123.5, 47.0000002 ] ] ] } },
{ "type": "Feature", "properties": { "Id": 0, "Sheet_ID": "齊齊哈爾 48 (14-2). 昴昴渓", "label": "齊齊哈爾 48 (14-2). 昴昴渓", "call_short": "0", "call_num": "0", "recid": "0", "websiteUrl": "0", "title": "0", "ckey": 0, "available": false, "iiifUrl": "0" }, "geometry": { "type": "Polygon", "coordinates": [ [ [ 123.75, 47.0000002 ], [ 124.0, 47.0000002 ], [ 124.0, 47.1666668 ], [ 123.75, 47.1666668 ], [ 123.75, 47.0000002 ] ] ] } },
{ "type": "Feature", "properties": { "Id": 0, "Sheet_ID": "齊齊哈爾 19-3. 朱家坎", "label": "齊齊哈爾 19-3. 朱家坎", "call_short": "0", "call_num": "0", "recid": "0", "websiteUrl": "0", "title": "0", "ckey": 0, "available": false, "iiifUrl": "0" }, "geometry": { "type": "Polygon", "coordinates": [ [ [ 123.0, 47.1666668 ], [ 123.25, 47.1666668 ], [ 123.25, 47.3333334 ], [ 123.0, 47.3333334 ], [ 123.0, 47.1666668 ] ] ] } },
{ "type": "Feature", "properties": { "Id": 0, "Sheet_ID": "齊齊哈爾 19-1. 李家地房子", "label": "齊齊哈爾 19-1. 李家地房子", "call_short": "G7822 .M2 S50 .J4", "call_num": "G7822 .M2 S50 .J4 6-19-1", "recid": "pr083hs1310", "websiteUrl": "https://purl.stanford.edu/pr083hs1310", "title": "満洲五万分一圖", "ckey": 12717575, "available": true, "iiifUrl": "https://purl.stanford.edu/pr083hs1310/iiif/manifest" }, "geometry": { "type": "Polygon", "coordinates": [ [ [ 123.25, 47.1666668 ], [ 123.5, 47.1666668 ], [ 123.5, 47.3333334 ], [ 123.25, 47.3333334 ], [ 123.25, 47.1666668 ] ] ] } },
{ "type": "Feature", "properties": { "Id": 0, "Sheet_ID": "齊齊哈爾 57 (14-3). 富拉爾基", "label": "齊齊哈爾 57 (14-3). 富拉爾基", "call_short": "0", "call_num": "0", "recid": "0", "websiteUrl": "0", "title": "0", "ckey": 0, "available": false, "iiifUrl": "0" }, "geometry": { "type": "Polygon", "coordinates": [ [ [ 123.5, 47.1666668 ], [ 123.75, 47.1666668 ], [ 123.75, 47.3333334 ], [ 123.5, 47.3333334 ], [ 123.5, 47.1666668 ] ] ] } },
{ "type": "Feature", "properties": { "Id": 0, "Sheet_ID": "齊齊哈爾 47 (14-1). 齊齊哈爾南部", "label": "齊齊哈爾 47 (14-1). 齊齊哈爾南部", "call_short": "0", "call_num": "0", "recid": "0", "websiteUrl": "0", "title": "0", "ckey": 0, "available": false, "iiifUrl": "0" }, "geometry": { "type": "Polygon", "coordinates": [ [ [ 123.75, 47.1666668 ], [ 124.0, 47.1666668 ], [ 124.0, 47.3333334 ], [ 123.75, 47.3333334 ], [ 123.75, 47.1666668 ] ] ] } },
{ "type": "Feature", "properties": { "Id": 0, "Sheet_ID": "齊齊哈爾 18-4. 疙疽甸子", "label": "齊齊哈爾 18-4. 疙疽甸子", "call_short": "0", "call_num": "0", "recid": "0", "websiteUrl": "0", "title": "0", "ckey": 0, "available": false, "iiifUrl": "0" }, "geometry": { "type": "Polygon", "coordinates": [ [ [ 123.0, 47.3333334 ], [ 123.25, 47.3333334 ], [ 123.25, 47.5 ], [ 123.0, 47.5 ], [ 123.0, 47.3333334 ] ] ] } },
{ "type": "Feature", "properties": { "Id": 0, "Sheet_ID": "齊齊哈爾 18-2. 梁家大崗子", "label": "齊齊哈爾 18-2. 梁家大崗子", "call_short": "0", "call_num": "0", "recid": "0", "websiteUrl": "0", "title": "0", "ckey": 0, "available": false, "iiifUrl": "0" }, "geometry": { "type": "Polygon", "coordinates": [ [ [ 123.25, 47.3333334 ], [ 123.5, 47.3333334 ], [ 123.5, 47.5 ], [ 123.25, 47.5 ], [ 123.25, 47.3333334 ] ] ] } },
{ "type": "Feature", "properties": { "Id": 0, "Sheet_ID": "齊齊哈爾 13-4. 後平房", "label": "齊齊哈爾 13-4. 後平房", "call_short": "0", "call_num": "0", "recid": "0", "websiteUrl": "0", "title": "0", "ckey": 0, "available": false, "iiifUrl": "0" }, "geometry": { "type": "Polygon", "coordinates": [ [ [ 123.5, 47.3333334 ], [ 123.75, 47.3333334 ], [ 123.75, 47.5 ], [ 123.5, 47.5 ], [ 123.5, 47.3333334 ] ] ] } }
]
}
