{
"type": "FeatureCollection",
"name": "index_map",
"xy_coordinate_resolution": 1e-07,
"features": [
{ "type": "Feature", "properties": { "Id": 0, "Sheet_ID": "彭佳嶼近傍 3. 花瓶嶼", "label": "彭佳嶼近傍 3. 花瓶嶼", "call_short": "G7910 S25 .J3", "call_num": "G7910 S25 .J3 A-3", "recid": "dm120st2646", "websiteUrl": "https://purl.stanford.edu/dm120st2646", "title": "二万五千分一地形圖 [臺灣]", "ckey": 10716764, "available": true, "iiifUrl": "https://purl.stanford.edu/dm120st2646/iiif/manifest" }, "geometry": { "type": "Polygon", "coordinates": [ [ [ 121.875, 25.416667 ], [ 122.0, 25.416667 ], [ 122.0, 25.5000003 ], [ 121.875, 25.5000003 ], [ 121.875, 25.416667 ] ] ] } },
{ "type": "Feature", "properties": { "Id": 0, "Sheet_ID": "彭佳嶼近傍 2. 棉花嶼", "label": "彭佳嶼近傍 2. 棉花嶼", "call_short": "G7910 S25 .J3", "call_num": "G7910 S25 .J3 A-2", "recid": "yz430zk6956", "websiteUrl": "https://purl.stanford.edu/yz430zk6956", "title": "二万五千分一地形圖 [臺灣]", "ckey": 10716764, "available": true, "iiifUrl": "https://purl.stanford.edu/yz430zk6956/iiif/manifest" }, "geometry": { "type": "Polygon", "coordinates": [ [ [ 122.0, 25.416667 ], [ 122.125, 25.416667 ], [ 122.125, 25.5000003 ], [ 122.0, 25.5000003 ], [ 122.0, 25.416667 ] ] ] } },
{ "type": "Feature", "properties": { "Id": 0, "Sheet_ID": "彭佳嶼近傍 1. 彭佳嶼", "label": "彭佳嶼近傍 1. 彭佳嶼", "call_short": "G7910 S25 .J3", "call_num": "G7910 S25 .J3 A-1", "recid": "sq259nw6422", "websiteUrl": "https://purl.stanford.edu/sq259nw6422", "title": "二万五千分一地形圖 [臺灣]", "ckey": 10716764, "available": true, "iiifUrl": "https://purl.stanford.edu/sq259nw6422/iiif/manifest" }, "geometry": { "type": "Polygon", "coordinates": [ [ [ 122.0, 25.5833337 ], [ 122.125, 25.5833337 ], [ 122.125, 25.666667 ], [ 122.0, 25.666667 ], [ 122.0, 25.5833337 ] ] ] } },
{ "type": "Feature", "properties": { "Id": 0, "Sheet_ID": "臺北及宣蘭近傍 6. 蘇澳", "label": "臺北及宣蘭近傍 6. 蘇澳", "call_short": "G7910 S25 .J3", "call_num": "G7910 S25 .J3 B-6 ED.T", "recid": "jy140fk5506", "websiteUrl": "https://purl.stanford.edu/jy140fk5506", "title": "二万五千分一地形圖 [臺灣]", "ckey": 10716764, "available": true, "iiifUrl": "https://purl.stanford.edu/jy140fk5506/iiif/manifest" }, "geometry": { "type": "Polygon", "coordinates": [ [ [ 121.75, 24.583333 ], [ 121.875, 24.583333 ], [ 121.875, 24.6666663 ], [ 121.75, 24.6666663 ], [ 121.75, 24.583333 ] ] ] } },
{ "type": "Feature", "properties": { "Id": 0, "Sheet_ID": "臺北及宣蘭近傍 10. 三星", "label": "臺北及宣蘭近傍 10. 三星", "call_short": "G7910 S25 .J3", "call_num": "G7910 S25 .J3 B-10", "recid": "xh493tz8840", "websiteUrl": "https://purl.stanford.edu/xh493tz8840", "title": "二万五千分一地形圖 [臺灣]", "ckey": 10716764, "available": true, "iiifUrl": "https://purl.stanford.edu/xh493tz8840/iiif/manifest" }, "geometry": { "type": "Polygon", "coordinates": [ [ [ 121.625, 24.6666663 ], [ 121.75, 24.6666663 ], [ 121.75, 24.7499997 ], [ 121.625, 24.7499997 ], [ 121.625, 24.6666663 ] ] ] } },
{ "type": "Feature", "properties": { "Id": 0, "Sheet_ID": "臺北及宣蘭近傍 5. 羅東", "label": "臺北及宣蘭近傍 5. 羅東", "call_short": "G7910 S25 .J3", "call_num": "G7910 S25 .J3 B-5", "recid": "yz661xw8744", "websiteUrl": "https://purl.stanford.edu/yz661xw8744", "title": "二万五千分一地形圖 [臺灣]", "ckey": 10716764, "available": true, "iiifUrl": "https://purl.stanford.edu/yz661xw8744/iiif/manifest" }, "geometry": { "type": "Polygon", "coordinates": [ [ [ 121.75, 24.6666663 ], [ 121.875, 24.6666663 ], [ 121.875, 24.7499997 ], [ 121.75, 24.7499997 ], [ 121.75, 24.6666663 ] ] ] } },
{ "type": "Feature", "properties": { "Id": 0, "Sheet_ID": "臺北及宣蘭近傍 9. 宜蘭", "label": "臺北及宣蘭近傍 9. 宜蘭", "call_short": "G7910 S25 .J3", "call_num": "G7910 S25 .J3 B-9", "recid": "bk535tc0315", "websiteUrl": "https://purl.stanford.edu/bk535tc0315", "title": "二万五千分一地形圖 [臺灣]", "ckey": 10716764, "available": true, "iiifUrl": "https://purl.stanford.edu/bk535tc0315/iiif/manifest" }, "geometry": { "type": "Polygon", "coordinates": [ [ [ 121.625, 24.7499997 ], [ 121.75, 24.7499997 ], [ 121.75, 24.833333 ], [ 121.625, 24.833333 ], [ 121.625, 24.7499997 ] ] ] } },
{ "type": "Feature", "properties": { "Id": 0, "Sheet_ID": "臺北及宣蘭近傍 4. 礁渓", "label": "臺北及宣蘭近傍 4. 礁渓", "call_short": "G7910 S25 .J3", "call_num": "G7910 S25 .J3 B-4 ED.T", "recid": "tf334gs0783", "websiteUrl": "https://purl.stanford.edu/tf334gs0783", "title": "二万五千分一地形圖 [臺灣]", "ckey": 10716764, "available": true, "iiifUrl": "https://purl.stanford.edu/tf334gs0783/iiif/manifest" }, "geometry": { "type": "Polygon", "coordinates": [ [ [ 121.75, 24.7499997 ], [ 121.875, 24.7499997 ], [ 121.875, 24.833333 ], [ 121.75, 24.833333 ], [ 121.75, 24.7499997 ] ] ] } },
{ "type": "Feature", "properties": { "Id": 0, "Sheet_ID": "臺北及宣蘭近傍 24. 大渓", "label": "臺北及宣蘭近傍 24. 大渓", "call_short": "G7910 S25 .J3", "call_num": "G7910 S25 .J3 B-24", "recid": "fr505km5584", "websiteUrl": "https://purl.stanford.edu/fr505km5584", "title": "二万五千分一地形圖 [臺灣]", "ckey": 10716764, "available": true, "iiifUrl": "https://purl.stanford.edu/fr505km5584/iiif/manifest" }, "geometry": { "type": "Polygon", "coordinates": [ [ [ 121.25, 24.833333 ], [ 121.375, 24.833333 ], [ 121.375, 24.9166663 ], [ 121.25, 24.9166663 ], [ 121.25, 24.833333 ] ] ] } },
{ "type": "Feature", "properties": { "Id": 0, "Sheet_ID": "臺北及宣蘭近傍 3. 頭圍", "label": "臺北及宣蘭近傍 3. 頭圍", "call_short": "G7910 S25 .J3", "call_num": "G7910 S25 .J3 B-3", "recid": "xs377sr3790", "websiteUrl": "https://purl.stanford.edu/xs377sr3790", "title": "二万五千分一地形圖 [臺灣]", "ckey": 10716764, "available": true, "iiifUrl": "https://purl.stanford.edu/xs377sr3790/iiif/manifest" }, "geometry": { "type": "Polygon", "coordinates": [ [ [ 121.75, 24.833333 ], [ 121.875, 24.833333 ], [ 121.875, 24.9166663 ], [ 121.75, 24.9166663 ], [ 121.75, 24.833333 ] ] ] } },
{ "type": "Feature", "properties": { "Id": 0, "Sheet_ID": "臺北及宣蘭近傍 23. 桃園", "label": "臺北及宣蘭近傍 23. 桃園", "call_short": "G7910 S25 .J3", "call_num": "G7910 S25 .J3 B-23 ED.T", "recid": "rr563kz7335", "websiteUrl": "https://purl.stanford.edu/rr563kz7335", "title": "二万五千分一地形圖 [臺灣]", "ckey": 10716764, "available": true, "iiifUrl": "https://purl.stanford.edu/rr563kz7335/iiif/manifest" }, "geometry": { "type": "Polygon", "coordinates": [ [ [ 121.25, 24.9166663 ], [ 121.375, 24.9166663 ], [ 121.375, 24.9999997 ], [ 121.25, 24.9999997 ], [ 121.25, 24.9166663 ] ] ] } },
{ "type": "Feature", "properties": { "Id": 0, "Sheet_ID": "臺北及宣蘭近傍 20. 樹林", "label": "臺北及宣蘭近傍 20. 樹林", "call_short": "G7910 S25 .J3", "call_num": "G7910 S25 .J3 B-20", "recid": "jn044vf5332", "websiteUrl": "https://purl.stanford.edu/jn044vf5332", "title": "二万五千分一地形圖 [臺灣]", "ckey": 10716764, "available": true, "iiifUrl": "https://purl.stanford.edu/jn044vf5332/iiif/manifest" }, "geometry": { "type": "Polygon", "coordinates": [ [ [ 121.375, 24.9166663 ], [ 121.5, 24.9166663 ], [ 121.5, 24.9999997 ], [ 121.375, 24.9999997 ], [ 121.375, 24.9166663 ] ] ] } },
{ "type": "Feature", "properties": { "Id": 0, "Sheet_ID": "臺北及宣蘭近傍 15. 新店", "label": "臺北及宣蘭近傍 15. 新店", "call_short": "G7910 S25 .J3", "call_num": "G7910 S25 .J3 B-15", "recid": "gs025gp7605", "websiteUrl": "https://purl.stanford.edu/gs025gp7605", "title": "二万五千分一地形圖 [臺灣]", "ckey": 10716764, "available": true, "iiifUrl": "https://purl.stanford.edu/gs025gp7605/iiif/manifest" }, "geometry": { "type": "Polygon", "coordinates": [ [ [ 121.5, 24.9166663 ], [ 121.625, 24.9166663 ], [ 121.625, 24.9999997 ], [ 121.5, 24.9999997 ], [ 121.5, 24.9166663 ] ] ] } },
{ "type": "Feature", "properties": { "Id": 0, "Sheet_ID": "臺北及宣蘭近傍 8. 坪林", "label": "臺北及宣蘭近傍 8. 坪林", "call_short": "G7910 S25 .J3", "call_num": "G7910 S25 .J3 B-8 ED.T", "recid": "fr253fs5108", "websiteUrl": "https://purl.stanford.edu/fr253fs5108", "title": "二万五千分一地形圖 [臺灣]", "ckey": 10716764, "available": true, "iiifUrl": "https://purl.stanford.edu/fr253fs5108/iiif/manifest" }, "geometry": { "type": "Polygon", "coordinates": [ [ [ 121.625, 24.9166663 ], [ 121.75, 24.9166663 ], [ 121.75, 24.9999997 ], [ 121.625, 24.9999997 ], [ 121.625, 24.9166663 ] ] ] } },
{ "type": "Feature", "properties": { "Id": 0, "Sheet_ID": "臺北及宣蘭近傍 2. 濶瀨", "label": "臺北及宣蘭近傍 2. 濶瀨", "call_short": "G7910 S25 .J3", "call_num": "G7910 S25 .J3 B-2 ED.T", "recid": "nz157pn3739", "websiteUrl": "https://purl.stanford.edu/nz157pn3739", "title": "二万五千分一地形圖 [臺灣]", "ckey": 10716764, "available": true, "iiifUrl": "https://purl.stanford.edu/nz157pn3739/iiif/manifest" }, "geometry": { "type": "Polygon", "coordinates": [ [ [ 121.75, 24.9166663 ], [ 121.875, 24.9166663 ], [ 121.875, 24.9999997 ], [ 121.75, 24.9999997 ], [ 121.75, 24.9166663 ] ] ] } },
{ "type": "Feature", "properties": { "Id": 0, "Sheet_ID": "臺北及宣蘭近傍 1. 大里簡", "label": "臺北及宣蘭近傍 1. 大里簡", "call_short": "G7910 S25 .J3", "call_num": "G7910 S25 .J3 B-1", "recid": "mz269zp7653", "websiteUrl": "https://purl.stanford.edu/mz269zp7653", "title": "二万五千分一地形圖 [臺灣]", "ckey": 10716764, "available": true, "iiifUrl": "https://purl.stanford.edu/mz269zp7653/iiif/manifest" }, "geometry": { "type": "Polygon", "coordinates": [ [ [ 121.875, 24.9166663 ], [ 122.0, 24.9166663 ], [ 122.0, 24.9999997 ], [ 121.875, 24.9999997 ], [ 121.875, 24.9166663 ] ] ] } },
{ "type": "Feature", "properties": { "Id": 0, "Sheet_ID": "臺北及宣蘭近傍 22 ED3. 南崁", "label": "臺北及宣蘭近傍 22 ED3. 南崁", "call_short": "G7910 S25 .J3", "call_num": "G7910 S25 .J3 B-22 ED.T", "recid": "dy043nz9313", "websiteUrl": "https://purl.stanford.edu/dy043nz9313", "title": "二万五千分一地形圖 [臺灣]", "ckey": 10716764, "available": true, "iiifUrl": "https://purl.stanford.edu/dy043nz9313/iiif/manifest" }, "geometry": { "type": "Polygon", "coordinates": [ [ [ 121.25, 24.9999997 ], [ 121.375, 24.9999997 ], [ 121.375, 25.083333 ], [ 121.25, 25.083333 ], [ 121.25, 24.9999997 ] ] ] } },
{ "type": "Feature", "properties": { "Id": 0, "Sheet_ID": "臺北及宣蘭近傍 19. 臺北西部", "label": "臺北及宣蘭近傍 19. 臺北西部", "call_short": "G7910 S25 .J3", "call_num": "G7910 S25 .J3 B-19", "recid": "ss921fr4837", "websiteUrl": "https://purl.stanford.edu/ss921fr4837", "title": "二万五千分一地形圖 [臺灣]", "ckey": 10716764, "available": true, "iiifUrl": "https://purl.stanford.edu/ss921fr4837/iiif/manifest" }, "geometry": { "type": "Polygon", "coordinates": [ [ [ 121.375, 24.9999997 ], [ 121.5, 24.9999997 ], [ 121.5, 25.083333 ], [ 121.375, 25.083333 ], [ 121.375, 24.9999997 ] ] ] } },
{ "type": "Feature", "properties": { "Id": 0, "Sheet_ID": "臺北及宣蘭近傍 14. 臺北東部", "label": "臺北及宣蘭近傍 14. 臺北東部", "call_short": "0", "call_num": "0", "recid": "0", "websiteUrl": "0", "title": "0", "ckey": 0, "available": false, "iiifUrl": "0" }, "geometry": { "type": "Polygon", "coordinates": [ [ [ 121.5, 24.9999997 ], [ 121.625, 24.9999997 ], [ 121.625, 25.083333 ], [ 121.5, 25.083333 ], [ 121.5, 24.9999997 ] ] ] } },
{ "type": "Feature", "properties": { "Id": 0, "Sheet_ID": "臺北及宣蘭近傍 21. 大南灣", "label": "臺北及宣蘭近傍 21. 大南灣", "call_short": "G7910 S25 .J3", "call_num": "G7910 S25 .J3 B-21", "recid": "qs767fd9566", "websiteUrl": "https://purl.stanford.edu/qs767fd9566", "title": "二万五千分一地形圖 [臺灣]", "ckey": 10716764, "available": true, "iiifUrl": "https://purl.stanford.edu/qs767fd9566/iiif/manifest" }, "geometry": { "type": "Polygon", "coordinates": [ [ [ 121.25, 25.083333 ], [ 121.375, 25.083333 ], [ 121.375, 25.1666663 ], [ 121.25, 25.1666663 ], [ 121.25, 25.083333 ] ] ] } },
{ "type": "Feature", "properties": { "Id": 0, "Sheet_ID": "臺北及宣蘭近傍 18. 北投", "label": "臺北及宣蘭近傍 18. 北投", "call_short": "G7910 S25 .J3", "call_num": "G7910 S25 .J3 B-18", "recid": "bg901fn8252", "websiteUrl": "https://purl.stanford.edu/bg901fn8252", "title": "二万五千分一地形圖 [臺灣]", "ckey": 10716764, "available": true, "iiifUrl": "https://purl.stanford.edu/bg901fn8252/iiif/manifest" }, "geometry": { "type": "Polygon", "coordinates": [ [ [ 121.375, 25.083333 ], [ 121.5, 25.083333 ], [ 121.5, 25.1666663 ], [ 121.375, 25.1666663 ], [ 121.375, 25.083333 ] ] ] } },
{ "type": "Feature", "properties": { "Id": 0, "Sheet_ID": "臺北及宣蘭近傍 13. 士林", "label": "臺北及宣蘭近傍 13. 士林", "call_short": "0", "call_num": "0", "recid": "0", "websiteUrl": "0", "title": "0", "ckey": 0, "available": false, "iiifUrl": "0" }, "geometry": { "type": "Polygon", "coordinates": [ [ [ 121.5, 25.083333 ], [ 121.625, 25.083333 ], [ 121.625, 25.1666663 ], [ 121.5, 25.1666663 ], [ 121.5, 25.083333 ] ] ] } },
{ "type": "Feature", "properties": { "Id": 0, "Sheet_ID": "臺北及宣蘭近傍 17. 淡水", "label": "臺北及宣蘭近傍 17. 淡水", "call_short": "G7910 S25 .J3", "call_num": "G7910 S25 .J3 B-17 ED.T", "recid": "dj511dk5264", "websiteUrl": "https://purl.stanford.edu/dj511dk5264", "title": "二万五千分一地形圖 [臺灣]", "ckey": 10716764, "available": true, "iiifUrl": "https://purl.stanford.edu/dj511dk5264/iiif/manifest" }, "geometry": { "type": "Polygon", "coordinates": [ [ [ 121.375, 25.1666663 ], [ 121.5, 25.1666663 ], [ 121.5, 25.2499997 ], [ 121.375, 25.2499997 ], [ 121.375, 25.1666663 ] ] ] } },
{ "type": "Feature", "properties": { "Id": 0, "Sheet_ID": "臺北及宣蘭近傍 12. 大屯山", "label": "臺北及宣蘭近傍 12. 大屯山", "call_short": "0", "call_num": "0", "recid": "0", "websiteUrl": "0", "title": "0", "ckey": 0, "available": false, "iiifUrl": "0" }, "geometry": { "type": "Polygon", "coordinates": [ [ [ 121.5, 25.1666663 ], [ 121.625, 25.1666663 ], [ 121.625, 25.2499997 ], [ 121.5, 25.2499997 ], [ 121.5, 25.1666663 ] ] ] } },
{ "type": "Feature", "properties": { "Id": 0, "Sheet_ID": "臺北及宣蘭近傍 16. 小基隆", "label": "臺北及宣蘭近傍 16. 小基隆", "call_short": "G7910 S25 .J3", "call_num": "G7910 S25 .J3 B-16", "recid": "hw504dj9933", "websiteUrl": "https://purl.stanford.edu/hw504dj9933", "title": "二万五千分一地形圖 [臺灣]", "ckey": 10716764, "available": true, "iiifUrl": "https://purl.stanford.edu/hw504dj9933/iiif/manifest" }, "geometry": { "type": "Polygon", "coordinates": [ [ [ 121.375, 25.2499997 ], [ 121.5, 25.2499997 ], [ 121.5, 25.333333 ], [ 121.375, 25.333333 ], [ 121.375, 25.2499997 ] ] ] } },
{ "type": "Feature", "properties": { "Id": 0, "Sheet_ID": "臺北及宣蘭近傍 11. 富貴角", "label": "臺北及宣蘭近傍 11. 富貴角", "call_short": "G7910 S25 .J3", "call_num": "G7910 S25 .J3 B-11 ED.T", "recid": "zn147wm0857", "websiteUrl": "https://purl.stanford.edu/zn147wm0857", "title": "二万五千分一地形圖 [臺灣]", "ckey": 10716764, "available": true, "iiifUrl": "https://purl.stanford.edu/zn147wm0857/iiif/manifest" }, "geometry": { "type": "Polygon", "coordinates": [ [ [ 121.5, 25.2499997 ], [ 121.625, 25.2499997 ], [ 121.625, 25.333333 ], [ 121.5, 25.333333 ], [ 121.5, 25.2499997 ] ] ] } },
{ "type": "Feature", "properties": { "Id": 0, "Sheet_ID": "臺北及宣蘭近傍 1 ED2. 大里簡", "label": "臺北及宣蘭近傍 1 ED2. 大里簡", "call_short": "G7910 S25 .J3", "call_num": "G7910 S25 .J3 B-1 ED.T", "recid": "md126hs4857", "websiteUrl": "https://purl.stanford.edu/md126hs4857", "title": "二万五千分一地形圖 [臺灣]", "ckey": 10716764, "available": true, "iiifUrl": "https://purl.stanford.edu/md126hs4857/iiif/manifest" }, "geometry": { "type": "Polygon", "coordinates": [ [ [ 121.875, 24.9166663 ], [ 122.0, 24.9166663 ], [ 122.0, 24.9999997 ], [ 121.875, 24.9999997 ], [ 121.875, 24.9166663 ] ] ] } },
{ "type": "Feature", "properties": { "Id": 0, "Sheet_ID": "臺北及宣蘭近傍 3 ED2. 頭圍", "label": "臺北及宣蘭近傍 3 ED2. 頭圍", "call_short": "G7910 S25 .J3", "call_num": "G7910 S25 .J3 B-3 ED.T", "recid": "yc202mx7561", "websiteUrl": "https://purl.stanford.edu/yc202mx7561", "title": "二万五千分一地形圖 [臺灣]", "ckey": 10716764, "available": true, "iiifUrl": "https://purl.stanford.edu/yc202mx7561/iiif/manifest" }, "geometry": { "type": "Polygon", "coordinates": [ [ [ 121.75, 24.833333 ], [ 121.875, 24.833333 ], [ 121.875, 24.9166663 ], [ 121.75, 24.9166663 ], [ 121.75, 24.833333 ] ] ] } },
{ "type": "Feature", "properties": { "Id": 0, "Sheet_ID": "臺北及宣蘭近傍 5 ED2. 羅東", "label": "臺北及宣蘭近傍 5 ED2. 羅東", "call_short": "G7910 S25 .J3", "call_num": "G7910 S25 .J3 B-5 ED.T", "recid": "yq749kv6861", "websiteUrl": "https://purl.stanford.edu/yq749kv6861", "title": "二万五千分一地形圖 [臺灣]", "ckey": 10716764, "available": true, "iiifUrl": "https://purl.stanford.edu/yq749kv6861/iiif/manifest" }, "geometry": { "type": "Polygon", "coordinates": [ [ [ 121.75, 24.6666663 ], [ 121.875, 24.6666663 ], [ 121.875, 24.7499997 ], [ 121.75, 24.7499997 ], [ 121.75, 24.6666663 ] ] ] } },
{ "type": "Feature", "properties": { "Id": 0, "Sheet_ID": "臺北及宣蘭近傍 9 ED2. 宜蘭", "label": "臺北及宣蘭近傍 9 ED2. 宜蘭", "call_short": "G7910 S25 .J3", "call_num": "G7910 S25 .J3 B-9 ED.T", "recid": "ws888jx2714", "websiteUrl": "https://purl.stanford.edu/ws888jx2714", "title": "二万五千分一地形圖 [臺灣]", "ckey": 10716764, "available": true, "iiifUrl": "https://purl.stanford.edu/ws888jx2714/iiif/manifest" }, "geometry": { "type": "Polygon", "coordinates": [ [ [ 121.625, 24.7499997 ], [ 121.75, 24.7499997 ], [ 121.75, 24.833333 ], [ 121.625, 24.833333 ], [ 121.625, 24.7499997 ] ] ] } },
{ "type": "Feature", "properties": { "Id": 0, "Sheet_ID": "臺北及宣蘭近傍 10 ED2. 三星", "label": "臺北及宣蘭近傍 10 ED2. 三星", "call_short": "G7910 S25 .J3", "call_num": "G7910 S25 .J3 B-10 ED.T", "recid": "gx407gm7349", "websiteUrl": "https://purl.stanford.edu/gx407gm7349", "title": "二万五千分一地形圖 [臺灣]", "ckey": 10716764, "available": true, "iiifUrl": "https://purl.stanford.edu/gx407gm7349/iiif/manifest" }, "geometry": { "type": "Polygon", "coordinates": [ [ [ 121.625, 24.6666663 ], [ 121.75, 24.6666663 ], [ 121.75, 24.7499997 ], [ 121.625, 24.7499997 ], [ 121.625, 24.6666663 ] ] ] } },
{ "type": "Feature", "properties": { "Id": 0, "Sheet_ID": "臺北及宣蘭近傍 16 ED2. 小基隆", "label": "臺北及宣蘭近傍 16 ED2. 小基隆", "call_short": "G7910 S25 .J3", "call_num": "G7910 S25 .J3 B-16 ED.T", "recid": "kz493qm4910", "websiteUrl": "https://purl.stanford.edu/kz493qm4910", "title": "二万五千分一地形圖 [臺灣]", "ckey": 10716764, "available": true, "iiifUrl": "https://purl.stanford.edu/kz493qm4910/iiif/manifest" }, "geometry": { "type": "Polygon", "coordinates": [ [ [ 121.375, 25.2499997 ], [ 121.5, 25.2499997 ], [ 121.5, 25.333333 ], [ 121.375, 25.333333 ], [ 121.375, 25.2499997 ] ] ] } },
{ "type": "Feature", "properties": { "Id": 0, "Sheet_ID": "臺北及宣蘭近傍 21 ED2. 大南灣", "label": "臺北及宣蘭近傍 21 ED2. 大南灣", "call_short": "G7910 S25 .J3", "call_num": "G7910 S25 .J3 B-21 ED.T", "recid": "hb631kt9401", "websiteUrl": "https://purl.stanford.edu/hb631kt9401", "title": "二万五千分一地形圖 [臺灣]", "ckey": 10716764, "available": true, "iiifUrl": "https://purl.stanford.edu/hb631kt9401/iiif/manifest" }, "geometry": { "type": "Polygon", "coordinates": [ [ [ 121.25, 25.083333 ], [ 121.375, 25.083333 ], [ 121.375, 25.1666663 ], [ 121.25, 25.1666663 ], [ 121.25, 25.083333 ] ] ] } },
{ "type": "Feature", "properties": { "Id": 0, "Sheet_ID": "臺北及宣蘭近傍 22 ED2. 南崁", "label": "臺北及宣蘭近傍 22 ED2. 南崁", "call_short": "G7910 S25 .J3", "call_num": "G7910 S25 .J3 B-22 ED.2", "recid": "sy316xy3154", "websiteUrl": "https://purl.stanford.edu/sy316xy3154", "title": "二万五千分一地形圖 [臺灣]", "ckey": 10716764, "available": true, "iiifUrl": "https://purl.stanford.edu/sy316xy3154/iiif/manifest" }, "geometry": { "type": "Polygon", "coordinates": [ [ [ 121.25, 24.9999997 ], [ 121.375, 24.9999997 ], [ 121.375, 25.083333 ], [ 121.25, 25.083333 ], [ 121.25, 24.9999997 ] ] ] } },
{ "type": "Feature", "properties": { "Id": 0, "Sheet_ID": "臺北及宣蘭近傍 22. 南崁", "label": "臺北及宣蘭近傍 22. 南崁", "call_short": "G7910 S25 .J3", "call_num": "G7910 S25 .J3 B-22", "recid": "xf361hb3216", "websiteUrl": "https://purl.stanford.edu/xf361hb3216", "title": "二万五千分一地形圖 [臺灣]", "ckey": 10716764, "available": true, "iiifUrl": "https://purl.stanford.edu/xf361hb3216/iiif/manifest" }, "geometry": { "type": "Polygon", "coordinates": [ [ [ 121.25, 24.9999997 ], [ 121.375, 24.9999997 ], [ 121.375, 25.083333 ], [ 121.25, 25.083333 ], [ 121.25, 24.9999997 ] ] ] } },
{ "type": "Feature", "properties": { "Id": 0, "Sheet_ID": "基隆要塞近傍 10. 坪林", "label": "基隆要塞近傍 10. 坪林", "call_short": "G7910 S25 .J3", "call_num": "G7910 S25 .J3 B-8", "recid": "ff234sy5584", "websiteUrl": "https://purl.stanford.edu/ff234sy5584", "title": "二万五千分一地形圖 [臺灣]", "ckey": 10716764, "available": true, "iiifUrl": "https://purl.stanford.edu/ff234sy5584/iiif/manifest" }, "geometry": { "type": "Polygon", "coordinates": [ [ [ 121.625, 24.916667 ], [ 121.75, 24.916667 ], [ 121.75, 25.0000002 ], [ 121.625, 25.0000002 ], [ 121.625, 24.916667 ] ] ] } },
{ "type": "Feature", "properties": { "Id": 0, "Sheet_ID": "基隆要塞近傍 6. 濶瀨", "label": "基隆要塞近傍 6. 濶瀨", "call_short": "G7910 S25 .J3", "call_num": "G7910 S25 .J3 B-2", "recid": "qs386nq1164", "websiteUrl": "https://purl.stanford.edu/qs386nq1164", "title": "二万五千分一地形圖 [臺灣]", "ckey": 10716764, "available": true, "iiifUrl": "https://purl.stanford.edu/qs386nq1164/iiif/manifest" }, "geometry": { "type": "Polygon", "coordinates": [ [ [ 121.75, 24.916667 ], [ 121.875, 24.916667 ], [ 121.875, 25.0000002 ], [ 121.75, 25.0000002 ], [ 121.75, 24.916667 ] ] ] } },
{ "type": "Feature", "properties": { "Id": 0, "Sheet_ID": "基隆要塞近傍 14. 臺北東部", "label": "基隆要塞近傍 14. 臺北東部", "call_short": "0", "call_num": "0", "recid": "0", "websiteUrl": "0", "title": "0", "ckey": 0, "available": false, "iiifUrl": "0" }, "geometry": { "type": "Polygon", "coordinates": [ [ [ 121.5, 25.0000002 ], [ 121.625, 25.0000002 ], [ 121.625, 25.0833334 ], [ 121.5, 25.0833334 ], [ 121.5, 25.0000002 ] ] ] } },
{ "type": "Feature", "properties": { "Id": 0, "Sheet_ID": "基隆要塞近傍 9. 汐止", "label": "基隆要塞近傍 9. 汐止", "call_short": "0", "call_num": "0", "recid": "0", "websiteUrl": "0", "title": "0", "ckey": 0, "available": false, "iiifUrl": "0" }, "geometry": { "type": "Polygon", "coordinates": [ [ [ 121.625, 25.0000002 ], [ 121.75, 25.0000002 ], [ 121.75, 25.0833334 ], [ 121.625, 25.0833334 ], [ 121.625, 25.0000002 ] ] ] } },
{ "type": "Feature", "properties": { "Id": 0, "Sheet_ID": "基隆要塞近傍 5. 雙渓", "label": "基隆要塞近傍 5. 雙渓", "call_short": "0", "call_num": "0", "recid": "0", "websiteUrl": "0", "title": "0", "ckey": 0, "available": false, "iiifUrl": "0" }, "geometry": { "type": "Polygon", "coordinates": [ [ [ 121.75, 25.0000002 ], [ 121.875, 25.0000002 ], [ 121.875, 25.0833334 ], [ 121.75, 25.0833334 ], [ 121.75, 25.0000002 ] ] ] } },
{ "type": "Feature", "properties": { "Id": 0, "Sheet_ID": "基隆要塞近傍 2. 澳底", "label": "基隆要塞近傍 2. 澳底", "call_short": "0", "call_num": "0", "recid": "0", "websiteUrl": "0", "title": "0", "ckey": 0, "available": false, "iiifUrl": "0" }, "geometry": { "type": "Polygon", "coordinates": [ [ [ 121.875, 25.0000002 ], [ 122.0, 25.0000002 ], [ 122.0, 25.0833334 ], [ 121.875, 25.0833334 ], [ 121.875, 25.0000002 ] ] ] } },
{ "type": "Feature", "properties": { "Id": 0, "Sheet_ID": "基隆要塞近傍 13. 士林", "label": "基隆要塞近傍 13. 士林", "call_short": "0", "call_num": "0", "recid": "0", "websiteUrl": "0", "title": "0", "ckey": 0, "available": false, "iiifUrl": "0" }, "geometry": { "type": "Polygon", "coordinates": [ [ [ 121.5, 25.0833334 ], [ 121.625, 25.0833334 ], [ 121.625, 25.1666666 ], [ 121.5, 25.1666666 ], [ 121.5, 25.0833334 ] ] ] } },
{ "type": "Feature", "properties": { "Id": 0, "Sheet_ID": "基隆要塞近傍 8. 基隆", "label": "基隆要塞近傍 8. 基隆", "call_short": "G7910 S25 .J3", "call_num": "G7910 S25 .J3 B-7N", "recid": "ry946cc3988", "websiteUrl": "https://purl.stanford.edu/ry946cc3988", "title": "二万五千分一地形圖 [臺灣]", "ckey": 10716764, "available": true, "iiifUrl": "https://purl.stanford.edu/ry946cc3988/iiif/manifest" }, "geometry": { "type": "Polygon", "coordinates": [ [ [ 121.625, 25.0833334 ], [ 121.75, 25.0833334 ], [ 121.75, 25.1666666 ], [ 121.625, 25.1666666 ], [ 121.625, 25.0833334 ] ] ] } },
{ "type": "Feature", "properties": { "Id": 0, "Sheet_ID": "基隆要塞近傍 4. 瑞芳", "label": "基隆要塞近傍 4. 瑞芳", "call_short": "G7910 S25 .J3", "call_num": "G7910 S25 .J3 B-2N", "recid": "qz357cq6156", "websiteUrl": "https://purl.stanford.edu/qz357cq6156", "title": "二万五千分一地形圖 [臺灣]", "ckey": 10716764, "available": true, "iiifUrl": "https://purl.stanford.edu/qz357cq6156/iiif/manifest" }, "geometry": { "type": "Polygon", "coordinates": [ [ [ 121.75, 25.0833334 ], [ 121.875, 25.0833334 ], [ 121.875, 25.1666666 ], [ 121.75, 25.1666666 ], [ 121.75, 25.0833334 ] ] ] } },
{ "type": "Feature", "properties": { "Id": 0, "Sheet_ID": "基隆要塞近傍 1. 鼻頭", "label": "基隆要塞近傍 1. 鼻頭", "call_short": "0", "call_num": "0", "recid": "0", "websiteUrl": "0", "title": "0", "ckey": 0, "available": false, "iiifUrl": "0" }, "geometry": { "type": "Polygon", "coordinates": [ [ [ 121.875, 25.0833334 ], [ 122.0, 25.0833334 ], [ 122.0, 25.1666666 ], [ 121.875, 25.1666666 ], [ 121.875, 25.0833334 ] ] ] } },
{ "type": "Feature", "properties": { "Id": 0, "Sheet_ID": "基隆要塞近傍 12. 大屯山", "label": "基隆要塞近傍 12. 大屯山", "call_short": "0", "call_num": "0", "recid": "0", "websiteUrl": "0", "title": "0", "ckey": 0, "available": false, "iiifUrl": "0" }, "geometry": { "type": "Polygon", "coordinates": [ [ [ 121.5, 25.1666666 ], [ 121.625, 25.1666666 ], [ 121.625, 25.2499998 ], [ 121.5, 25.2499998 ], [ 121.5, 25.1666666 ] ] ] } },
{ "type": "Feature", "properties": { "Id": 0, "Sheet_ID": "基隆要塞近傍 7. 金包里", "label": "基隆要塞近傍 7. 金包里", "call_short": "0", "call_num": "0", "recid": "0", "websiteUrl": "0", "title": "0", "ckey": 0, "available": false, "iiifUrl": "0" }, "geometry": { "type": "Polygon", "coordinates": [ [ [ 121.625, 25.1666666 ], [ 121.75, 25.1666666 ], [ 121.75, 25.2499998 ], [ 121.625, 25.2499998 ], [ 121.625, 25.1666666 ] ] ] } },
{ "type": "Feature", "properties": { "Id": 0, "Sheet_ID": "基隆要塞近傍 3. 基隆島", "label": "基隆要塞近傍 3. 基隆島", "call_short": "0", "call_num": "0", "recid": "0", "websiteUrl": "0", "title": "0", "ckey": 0, "available": false, "iiifUrl": "0" }, "geometry": { "type": "Polygon", "coordinates": [ [ [ 121.75, 25.1666666 ], [ 121.875, 25.1666666 ], [ 121.875, 25.2499998 ], [ 121.75, 25.2499998 ], [ 121.75, 25.1666666 ] ] ] } },
{ "type": "Feature", "properties": { "Id": 0, "Sheet_ID": "基隆要塞近傍 11. 富貴角", "label": "基隆要塞近傍 11. 富貴角", "call_short": "G7910 S25 .J3", "call_num": "G7910 S25 .J3 B-11", "recid": "tw686yg6054", "websiteUrl": "https://purl.stanford.edu/tw686yg6054", "title": "二万五千分一地形圖 [臺灣]", "ckey": 10716764, "available": true, "iiifUrl": "https://purl.stanford.edu/tw686yg6054/iiif/manifest" }, "geometry": { "type": "Polygon", "coordinates": [ [ [ 121.5, 25.2499998 ], [ 121.625, 25.2499998 ], [ 121.625, 25.333333 ], [ 121.5, 25.333333 ], [ 121.5, 25.2499998 ] ] ] } },
{ "type": "Feature", "properties": { "Id": 0, "Sheet_ID": "臺北及宣蘭近傍 7. 楓子林", "label": "臺北及宣蘭近傍 7. 楓子林", "call_short": "G7910 S25 .J3", "call_num": "G7910 S25 .J3 B-7 ED.T", "recid": "fv018bg8853", "websiteUrl": "https://purl.stanford.edu/fv018bg8853", "title": "二万五千分一地形圖 [臺灣]", "ckey": 10716764, "available": true, "iiifUrl": "https://purl.stanford.edu/fv018bg8853/iiif/manifest" }, "geometry": { "type": "Polygon", "coordinates": [ [ [ 121.625, 24.9999997 ], [ 121.75, 24.9999997 ], [ 121.75, 25.083333 ], [ 121.625, 25.083333 ], [ 121.625, 24.9999997 ] ] ] } },
{ "type": "Feature", "properties": { "Id": 0, "Sheet_ID": "新竹近傍 24. 船頭埔", "label": "新竹近傍 24. 船頭埔", "call_short": "G7910 S25 .J3", "call_num": "G7910 S25 .J3 C-24 ED.T", "recid": "fb222hc7620", "websiteUrl": "https://purl.stanford.edu/fb222hc7620", "title": "二万五千分一地形圖 [臺灣]", "ckey": 10716764, "available": true, "iiifUrl": "https://purl.stanford.edu/fb222hc7620/iiif/manifest" }, "geometry": { "type": "Polygon", "coordinates": [ [ [ 120.5, 24.416667 ], [ 120.625, 24.416667 ], [ 120.625, 24.5000003 ], [ 120.5, 24.5000003 ], [ 120.5, 24.416667 ] ] ] } },
{ "type": "Feature", "properties": { "Id": 0, "Sheet_ID": "新竹近傍 23. 苑裡", "label": "新竹近傍 23. 苑裡", "call_short": "G7910 S25 .J3", "call_num": "G7910 S25 .J3 C-23 ED.T", "recid": "jc463ck5388", "websiteUrl": "https://purl.stanford.edu/jc463ck5388", "title": "二万五千分一地形圖 [臺灣]", "ckey": 10716764, "available": true, "iiifUrl": "https://purl.stanford.edu/jc463ck5388/iiif/manifest" }, "geometry": { "type": "Polygon", "coordinates": [ [ [ 120.625, 24.416667 ], [ 120.75, 24.416667 ], [ 120.75, 24.5000003 ], [ 120.625, 24.5000003 ], [ 120.625, 24.416667 ] ] ] } },
{ "type": "Feature", "properties": { "Id": 0, "Sheet_ID": "新竹近傍 20. 大湖", "label": "新竹近傍 20. 大湖", "call_short": "G7910 S25 .J3", "call_num": "G7910 S25 .J3 C-20", "recid": "hv460dt7046", "websiteUrl": "https://purl.stanford.edu/hv460dt7046", "title": "二万五千分一地形圖 [臺灣]", "ckey": 10716764, "available": true, "iiifUrl": "https://purl.stanford.edu/hv460dt7046/iiif/manifest" }, "geometry": { "type": "Polygon", "coordinates": [ [ [ 120.75, 24.416667 ], [ 120.875, 24.416667 ], [ 120.875, 24.5000003 ], [ 120.75, 24.5000003 ], [ 120.75, 24.416667 ] ] ] } },
{ "type": "Feature", "properties": { "Id": 0, "Sheet_ID": "新竹近傍 22. 白沙屯", "label": "新竹近傍 22. 白沙屯", "call_short": "G7910 S25 .J3", "call_num": "G7910 S25 .J3 C-22 ED.T", "recid": "yy143yr1667", "websiteUrl": "https://purl.stanford.edu/yy143yr1667", "title": "二万五千分一地形圖 [臺灣]", "ckey": 10716764, "available": true, "iiifUrl": "https://purl.stanford.edu/yy143yr1667/iiif/manifest" }, "geometry": { "type": "Polygon", "coordinates": [ [ [ 120.625, 24.5000003 ], [ 120.75, 24.5000003 ], [ 120.75, 24.5833337 ], [ 120.625, 24.5833337 ], [ 120.625, 24.5000003 ] ] ] } },
{ "type": "Feature", "properties": { "Id": 0, "Sheet_ID": "新竹近傍 19. 苗栗", "label": "新竹近傍 19. 苗栗", "call_short": "G7910 S25 .J3", "call_num": "G7910 S25 .J3 C-19 ED.T", "recid": "rt320zn2831", "websiteUrl": "https://purl.stanford.edu/rt320zn2831", "title": "二万五千分一地形圖 [臺灣]", "ckey": 10716764, "available": true, "iiifUrl": "https://purl.stanford.edu/rt320zn2831/iiif/manifest" }, "geometry": { "type": "Polygon", "coordinates": [ [ [ 120.75, 24.5000003 ], [ 120.875, 24.5000003 ], [ 120.875, 24.5833337 ], [ 120.75, 24.5833337 ], [ 120.75, 24.5000003 ] ] ] } },
{ "type": "Feature", "properties": { "Id": 0, "Sheet_ID": "新竹近傍 16. 紙湖", "label": "新竹近傍 16. 紙湖", "call_short": "G7910 S25 .J3", "call_num": "G7910 S25 .J3 C-16 ED.T", "recid": "xw982vz2367", "websiteUrl": "https://purl.stanford.edu/xw982vz2367", "title": "二万五千分一地形圖 [臺灣]", "ckey": 10716764, "available": true, "iiifUrl": "https://purl.stanford.edu/xw982vz2367/iiif/manifest" }, "geometry": { "type": "Polygon", "coordinates": [ [ [ 120.875, 24.5000003 ], [ 121.0, 24.5000003 ], [ 121.0, 24.5833337 ], [ 120.875, 24.5833337 ], [ 120.875, 24.5000003 ] ] ] } },
{ "type": "Feature", "properties": { "Id": 0, "Sheet_ID": "新竹近傍 21. 灣瓦", "label": "新竹近傍 21. 灣瓦", "call_short": "G7910 S25 .J3", "call_num": "G7910 S25 .J3 C-21 ED.T", "recid": "pk585wz5419", "websiteUrl": "https://purl.stanford.edu/pk585wz5419", "title": "二万五千分一地形圖 [臺灣]", "ckey": 10716764, "available": true, "iiifUrl": "https://purl.stanford.edu/pk585wz5419/iiif/manifest" }, "geometry": { "type": "Polygon", "coordinates": [ [ [ 120.625, 24.5833337 ], [ 120.75, 24.5833337 ], [ 120.75, 24.666667 ], [ 120.625, 24.666667 ], [ 120.625, 24.5833337 ] ] ] } },
{ "type": "Feature", "properties": { "Id": 0, "Sheet_ID": "新竹近傍 18. 後龍", "label": "新竹近傍 18. 後龍", "call_short": "G7910 S25 .J3", "call_num": "G7910 S25 .J3 C-18", "recid": "nq919pz1207", "websiteUrl": "https://purl.stanford.edu/nq919pz1207", "title": "二万五千分一地形圖 [臺灣]", "ckey": 10716764, "available": true, "iiifUrl": "https://purl.stanford.edu/nq919pz1207/iiif/manifest" }, "geometry": { "type": "Polygon", "coordinates": [ [ [ 120.75, 24.5833337 ], [ 120.875, 24.5833337 ], [ 120.875, 24.666667 ], [ 120.75, 24.666667 ], [ 120.75, 24.5833337 ] ] ] } },
{ "type": "Feature", "properties": { "Id": 0, "Sheet_ID": "新竹近傍 15. 三灣", "label": "新竹近傍 15. 三灣", "call_short": "G7910 S25 .J3", "call_num": "G7910 S25 .J3 C-15", "recid": "xp469qs1269", "websiteUrl": "https://purl.stanford.edu/xp469qs1269", "title": "二万五千分一地形圖 [臺灣]", "ckey": 10716764, "available": true, "iiifUrl": "https://purl.stanford.edu/xp469qs1269/iiif/manifest" }, "geometry": { "type": "Polygon", "coordinates": [ [ [ 120.875, 24.5833337 ], [ 121.0, 24.5833337 ], [ 121.0, 24.666667 ], [ 120.875, 24.666667 ], [ 120.875, 24.5833337 ] ] ] } },
{ "type": "Feature", "properties": { "Id": 0, "Sheet_ID": "新竹近傍 17. 竹南", "label": "新竹近傍 17. 竹南", "call_short": "G7910 S25 .J3", "call_num": "G7910 S25 .J3 C-17", "recid": "rz855fm0440", "websiteUrl": "https://purl.stanford.edu/rz855fm0440", "title": "二万五千分一地形圖 [臺灣]", "ckey": 10716764, "available": true, "iiifUrl": "https://purl.stanford.edu/rz855fm0440/iiif/manifest" }, "geometry": { "type": "Polygon", "coordinates": [ [ [ 120.75, 24.666667 ], [ 120.875, 24.666667 ], [ 120.875, 24.7500003 ], [ 120.75, 24.7500003 ], [ 120.75, 24.666667 ] ] ] } },
{ "type": "Feature", "properties": { "Id": 0, "Sheet_ID": "新竹近傍 14. 頭分", "label": "新竹近傍 14. 頭分", "call_short": "G7910 S25 .J3", "call_num": "G7910 S25 .J3 C-14", "recid": "vg212sn0994", "websiteUrl": "https://purl.stanford.edu/vg212sn0994", "title": "二万五千分一地形圖 [臺灣]", "ckey": 10716764, "available": true, "iiifUrl": "https://purl.stanford.edu/vg212sn0994/iiif/manifest" }, "geometry": { "type": "Polygon", "coordinates": [ [ [ 120.875, 24.666667 ], [ 121.0, 24.666667 ], [ 121.0, 24.7500003 ], [ 120.875, 24.7500003 ], [ 120.875, 24.666667 ] ] ] } },
{ "type": "Feature", "properties": { "Id": 0, "Sheet_ID": "新竹近傍 10 ED2. 竹東", "label": "新竹近傍 10 ED2. 竹東", "call_short": "G7910 S25 .J3", "call_num": "G7910 S25 .J3 C-10 ED.T", "recid": "tj201yb1494", "websiteUrl": "https://purl.stanford.edu/tj201yb1494", "title": "二万五千分一地形圖 [臺灣]", "ckey": 10716764, "available": true, "iiifUrl": "https://purl.stanford.edu/tj201yb1494/iiif/manifest" }, "geometry": { "type": "Polygon", "coordinates": [ [ [ 121.0, 24.666667 ], [ 121.125, 24.666667 ], [ 121.125, 24.7500003 ], [ 121.0, 24.7500003 ], [ 121.0, 24.666667 ] ] ] } },
{ "type": "Feature", "properties": { "Id": 0, "Sheet_ID": "新竹近傍 13 ED2. 新竹", "label": "新竹近傍 13 ED2. 新竹", "call_short": "G7910 S25 .J3", "call_num": "G7910 S25 .J3 C-13 ED.T", "recid": "pt384pz5287", "websiteUrl": "https://purl.stanford.edu/pt384pz5287", "title": "二万五千分一地形圖 [臺灣]", "ckey": 10716764, "available": true, "iiifUrl": "https://purl.stanford.edu/pt384pz5287/iiif/manifest" }, "geometry": { "type": "Polygon", "coordinates": [ [ [ 120.875, 24.7500003 ], [ 121.0, 24.7500003 ], [ 121.0, 24.8333337 ], [ 120.875, 24.8333337 ], [ 120.875, 24.7500003 ] ] ] } },
{ "type": "Feature", "properties": { "Id": 0, "Sheet_ID": "新竹近傍 9 ED3. 新埔", "label": "新竹近傍 9 ED3. 新埔", "call_short": "G7910 S25 .J3", "call_num": "G7910 S25 .J3 C-9 ED.T", "recid": "rz734gk3423", "websiteUrl": "https://purl.stanford.edu/rz734gk3423", "title": "二万五千分一地形圖 [臺灣]", "ckey": 10716764, "available": true, "iiifUrl": "https://purl.stanford.edu/rz734gk3423/iiif/manifest" }, "geometry": { "type": "Polygon", "coordinates": [ [ [ 121.0, 24.7500003 ], [ 121.125, 24.7500003 ], [ 121.125, 24.8333337 ], [ 121.0, 24.8333337 ], [ 121.0, 24.7500003 ] ] ] } },
{ "type": "Feature", "properties": { "Id": 0, "Sheet_ID": "新竹近傍 5. 關西", "label": "新竹近傍 5. 關西", "call_short": "G7910 S25 .J3", "call_num": "G7910 S25 .J3 C-5", "recid": "dj445wh4584", "websiteUrl": "https://purl.stanford.edu/dj445wh4584", "title": "二万五千分一地形圖 [臺灣]", "ckey": 10716764, "available": true, "iiifUrl": "https://purl.stanford.edu/dj445wh4584/iiif/manifest" }, "geometry": { "type": "Polygon", "coordinates": [ [ [ 121.125, 24.7500003 ], [ 121.25, 24.7500003 ], [ 121.25, 24.8333337 ], [ 121.125, 24.8333337 ], [ 121.125, 24.7500003 ] ] ] } },
{ "type": "Feature", "properties": { "Id": 0, "Sheet_ID": "新竹近傍 12. 舊港", "label": "新竹近傍 12. 舊港", "call_short": "G7910 S25 .J3", "call_num": "G7910 S25 .J3 C-12 ED.T", "recid": "qn745xj0950", "websiteUrl": "https://purl.stanford.edu/qn745xj0950", "title": "二万五千分一地形圖 [臺灣]", "ckey": 10716764, "available": true, "iiifUrl": "https://purl.stanford.edu/qn745xj0950/iiif/manifest" }, "geometry": { "type": "Polygon", "coordinates": [ [ [ 120.875, 24.8333337 ], [ 121.0, 24.8333337 ], [ 121.0, 24.916667 ], [ 120.875, 24.916667 ], [ 120.875, 24.8333337 ] ] ] } },
{ "type": "Feature", "properties": { "Id": 0, "Sheet_ID": "新竹近傍 8. 湖口", "label": "新竹近傍 8. 湖口", "call_short": "G7910 S25 .J3", "call_num": "G7910 S25 .J3 C-8", "recid": "hp357hp7342", "websiteUrl": "https://purl.stanford.edu/hp357hp7342", "title": "二万五千分一地形圖 [臺灣]", "ckey": 10716764, "available": true, "iiifUrl": "https://purl.stanford.edu/hp357hp7342/iiif/manifest" }, "geometry": { "type": "Polygon", "coordinates": [ [ [ 121.0, 24.8333337 ], [ 121.125, 24.8333337 ], [ 121.125, 24.916667 ], [ 121.0, 24.916667 ], [ 121.0, 24.8333337 ] ] ] } },
{ "type": "Feature", "properties": { "Id": 0, "Sheet_ID": "新竹近傍 4 ED2. 楊梅", "label": "新竹近傍 4 ED2. 楊梅", "call_short": "G7910 S25 .J3", "call_num": "G7910 S25 .J3 C-4 ED.T", "recid": "gq948tj7516", "websiteUrl": "https://purl.stanford.edu/gq948tj7516", "title": "二万五千分一地形圖 [臺灣]", "ckey": 10716764, "available": true, "iiifUrl": "https://purl.stanford.edu/gq948tj7516/iiif/manifest" }, "geometry": { "type": "Polygon", "coordinates": [ [ [ 121.125, 24.8333337 ], [ 121.25, 24.8333337 ], [ 121.25, 24.916667 ], [ 121.125, 24.916667 ], [ 121.125, 24.8333337 ] ] ] } },
{ "type": "Feature", "properties": { "Id": 0, "Sheet_ID": "新竹近傍 11. 蚵殻港", "label": "新竹近傍 11. 蚵殻港", "call_short": "G7910 S25 .J3", "call_num": "G7910 S25 .J3 C-11", "recid": "df680by9116", "websiteUrl": "https://purl.stanford.edu/df680by9116", "title": "二万五千分一地形圖 [臺灣]", "ckey": 10716764, "available": true, "iiifUrl": "https://purl.stanford.edu/df680by9116/iiif/manifest" }, "geometry": { "type": "Polygon", "coordinates": [ [ [ 120.875, 24.916667 ], [ 121.0, 24.916667 ], [ 121.0, 25.0000003 ], [ 120.875, 25.0000003 ], [ 120.875, 24.916667 ] ] ] } },
{ "type": "Feature", "properties": { "Id": 0, "Sheet_ID": "新竹近傍 7. 新屋", "label": "新竹近傍 7. 新屋", "call_short": "G7910 S25 .J3", "call_num": "G7910 S25 .J3 C-7 ED.T", "recid": "yn089kr9223", "websiteUrl": "https://purl.stanford.edu/yn089kr9223", "title": "二万五千分一地形圖 [臺灣]", "ckey": 10716764, "available": true, "iiifUrl": "https://purl.stanford.edu/yn089kr9223/iiif/manifest" }, "geometry": { "type": "Polygon", "coordinates": [ [ [ 121.0, 24.916667 ], [ 121.125, 24.916667 ], [ 121.125, 25.0000003 ], [ 121.0, 25.0000003 ], [ 121.0, 24.916667 ] ] ] } },
{ "type": "Feature", "properties": { "Id": 0, "Sheet_ID": "新竹近傍 3. 中壢", "label": "新竹近傍 3. 中壢", "call_short": "G7910 S25 .J3", "call_num": "G7910 S25 .J3 C-3", "recid": "fd289yw7419", "websiteUrl": "https://purl.stanford.edu/fd289yw7419", "title": "二万五千分一地形圖 [臺灣]", "ckey": 10716764, "available": true, "iiifUrl": "https://purl.stanford.edu/fd289yw7419/iiif/manifest" }, "geometry": { "type": "Polygon", "coordinates": [ [ [ 121.125, 24.916667 ], [ 121.25, 24.916667 ], [ 121.25, 25.0000003 ], [ 121.125, 25.0000003 ], [ 121.125, 24.916667 ] ] ] } },
{ "type": "Feature", "properties": { "Id": 0, "Sheet_ID": "新竹近傍 6. 觀音", "label": "新竹近傍 6. 觀音", "call_short": "G7910 S25 .J3", "call_num": "G7910 S25 .J3 C-6 ED.T", "recid": "jj498gp3506", "websiteUrl": "https://purl.stanford.edu/jj498gp3506", "title": "二万五千分一地形圖 [臺灣]", "ckey": 10716764, "available": true, "iiifUrl": "https://purl.stanford.edu/jj498gp3506/iiif/manifest" }, "geometry": { "type": "Polygon", "coordinates": [ [ [ 121.0, 25.0000003 ], [ 121.125, 25.0000003 ], [ 121.125, 25.0833337 ], [ 121.0, 25.0833337 ], [ 121.0, 25.0000003 ] ] ] } },
{ "type": "Feature", "properties": { "Id": 0, "Sheet_ID": "新竹近傍 2. 大園", "label": "新竹近傍 2. 大園", "call_short": "G7910 S25 .J3", "call_num": "G7910 S25 .J3 C-2", "recid": "hh910gn9707", "websiteUrl": "https://purl.stanford.edu/hh910gn9707", "title": "二万五千分一地形圖 [臺灣]", "ckey": 10716764, "available": true, "iiifUrl": "https://purl.stanford.edu/hh910gn9707/iiif/manifest" }, "geometry": { "type": "Polygon", "coordinates": [ [ [ 121.125, 25.0000003 ], [ 121.25, 25.0000003 ], [ 121.25, 25.0833337 ], [ 121.125, 25.0833337 ], [ 121.125, 25.0000003 ] ] ] } },
{ "type": "Feature", "properties": { "Id": 0, "Sheet_ID": "新竹近傍 1. 竹圍", "label": "新竹近傍 1. 竹圍", "call_short": "G7910 S25 .J3", "call_num": "G7910 S25 .J3 C-1", "recid": "tq278sn8621", "websiteUrl": "https://purl.stanford.edu/tq278sn8621", "title": "二万五千分一地形圖 [臺灣]", "ckey": 10716764, "available": true, "iiifUrl": "https://purl.stanford.edu/tq278sn8621/iiif/manifest" }, "geometry": { "type": "Polygon", "coordinates": [ [ [ 121.125, 25.0833337 ], [ 121.25, 25.0833337 ], [ 121.25, 25.166667 ], [ 121.125, 25.166667 ], [ 121.125, 25.0833337 ] ] ] } },
{ "type": "Feature", "properties": { "Id": 0, "Sheet_ID": "新竹近傍 2 ED2. 大園", "label": "新竹近傍 2 ED2. 大園", "call_short": "G7910 S25 .J3", "call_num": "G7910 S25 .J3 C-2 ED.T", "recid": "qt379vw8662", "websiteUrl": "https://purl.stanford.edu/qt379vw8662", "title": "二万五千分一地形圖 [臺灣]", "ckey": 10716764, "available": true, "iiifUrl": "https://purl.stanford.edu/qt379vw8662/iiif/manifest" }, "geometry": { "type": "Polygon", "coordinates": [ [ [ 121.125, 25.0000003 ], [ 121.25, 25.0000003 ], [ 121.25, 25.0833337 ], [ 121.125, 25.0833337 ], [ 121.125, 25.0000003 ] ] ] } },
{ "type": "Feature", "properties": { "Id": 0, "Sheet_ID": "新竹近傍 4. 楊梅", "label": "新竹近傍 4. 楊梅", "call_short": "G7910 S25 .J3", "call_num": "G7910 S25 .J3 C-4", "recid": "gs674vb2212", "websiteUrl": "https://purl.stanford.edu/gs674vb2212", "title": "二万五千分一地形圖 [臺灣]", "ckey": 10716764, "available": true, "iiifUrl": "https://purl.stanford.edu/gs674vb2212/iiif/manifest" }, "geometry": { "type": "Polygon", "coordinates": [ [ [ 121.125, 24.8333337 ], [ 121.25, 24.8333337 ], [ 121.25, 24.916667 ], [ 121.125, 24.916667 ], [ 121.125, 24.8333337 ] ] ] } },
{ "type": "Feature", "properties": { "Id": 0, "Sheet_ID": "新竹近傍 5 ED2. 關西", "label": "新竹近傍 5 ED2. 關西", "call_short": "G7910 S25 .J3", "call_num": "G7910 S25 .J3 C-5 ED.T", "recid": "vs366cf1271", "websiteUrl": "https://purl.stanford.edu/vs366cf1271", "title": "二万五千分一地形圖 [臺灣]", "ckey": 10716764, "available": true, "iiifUrl": "https://purl.stanford.edu/vs366cf1271/iiif/manifest" }, "geometry": { "type": "Polygon", "coordinates": [ [ [ 121.125, 24.7500003 ], [ 121.25, 24.7500003 ], [ 121.25, 24.8333337 ], [ 121.125, 24.8333337 ], [ 121.125, 24.7500003 ] ] ] } },
{ "type": "Feature", "properties": { "Id": 0, "Sheet_ID": "新竹近傍 8 ED2. 湖口", "label": "新竹近傍 8 ED2. 湖口", "call_short": "G7910 S25 .J3", "call_num": "G7910 S25 .J3 C-8 ED.T", "recid": "pp407tk4473", "websiteUrl": "https://purl.stanford.edu/pp407tk4473", "title": "二万五千分一地形圖 [臺灣]", "ckey": 10716764, "available": true, "iiifUrl": "https://purl.stanford.edu/pp407tk4473/iiif/manifest" }, "geometry": { "type": "Polygon", "coordinates": [ [ [ 121.0, 24.8333337 ], [ 121.125, 24.8333337 ], [ 121.125, 24.916667 ], [ 121.0, 24.916667 ], [ 121.0, 24.8333337 ] ] ] } },
{ "type": "Feature", "properties": { "Id": 0, "Sheet_ID": "新竹近傍 9 ED2. 新埔", "label": "新竹近傍 9 ED2. 新埔", "call_short": "G7910 S25 .J3", "call_num": "G7910 S25 .J3 C-9 ED.2", "recid": "hw732sy0476", "websiteUrl": "https://purl.stanford.edu/hw732sy0476", "title": "二万五千分一地形圖 [臺灣]", "ckey": 10716764, "available": true, "iiifUrl": "https://purl.stanford.edu/hw732sy0476/iiif/manifest" }, "geometry": { "type": "Polygon", "coordinates": [ [ [ 121.0, 24.7500003 ], [ 121.125, 24.7500003 ], [ 121.125, 24.8333337 ], [ 121.0, 24.8333337 ], [ 121.0, 24.7500003 ] ] ] } },
{ "type": "Feature", "properties": { "Id": 0, "Sheet_ID": "新竹近傍 9. 新埔", "label": "新竹近傍 9. 新埔", "call_short": "G7910 S25 .J3", "call_num": "G7910 S25 .J3 C-9", "recid": "vn392vd2672", "websiteUrl": "https://purl.stanford.edu/vn392vd2672", "title": "二万五千分一地形圖 [臺灣]", "ckey": 10716764, "available": true, "iiifUrl": "https://purl.stanford.edu/vn392vd2672/iiif/manifest" }, "geometry": { "type": "Polygon", "coordinates": [ [ [ 121.0, 24.7500003 ], [ 121.125, 24.7500003 ], [ 121.125, 24.8333337 ], [ 121.0, 24.8333337 ], [ 121.0, 24.7500003 ] ] ] } },
{ "type": "Feature", "properties": { "Id": 0, "Sheet_ID": "新竹近傍 10. 竹東", "label": "新竹近傍 10. 竹東", "call_short": "G7910 S25 .J3", "call_num": "G7910 S25 .J3 C-10", "recid": "np508xt5263", "websiteUrl": "https://purl.stanford.edu/np508xt5263", "title": "二万五千分一地形圖 [臺灣]", "ckey": 10716764, "available": true, "iiifUrl": "https://purl.stanford.edu/np508xt5263/iiif/manifest" }, "geometry": { "type": "Polygon", "coordinates": [ [ [ 121.0, 24.666667 ], [ 121.125, 24.666667 ], [ 121.125, 24.7500003 ], [ 121.0, 24.7500003 ], [ 121.0, 24.666667 ] ] ] } },
{ "type": "Feature", "properties": { "Id": 0, "Sheet_ID": "新竹近傍 11 ED2. 蚵殻港", "label": "新竹近傍 11 ED2. 蚵殻港", "call_short": "G7910 S25 .J3", "call_num": "G7910 S25 .J3 C-11 ED.T", "recid": "xn526yr3053", "websiteUrl": "https://purl.stanford.edu/xn526yr3053", "title": "二万五千分一地形圖 [臺灣]", "ckey": 10716764, "available": true, "iiifUrl": "https://purl.stanford.edu/xn526yr3053/iiif/manifest" }, "geometry": { "type": "Polygon", "coordinates": [ [ [ 120.875, 24.916667 ], [ 121.0, 24.916667 ], [ 121.0, 25.0000003 ], [ 120.875, 25.0000003 ], [ 120.875, 24.916667 ] ] ] } },
{ "type": "Feature", "properties": { "Id": 0, "Sheet_ID": "新竹近傍 13. 新竹", "label": "新竹近傍 13. 新竹", "call_short": "G7910 S25 .J3", "call_num": "G7910 S25 .J3 C-13", "recid": "xz358jx5999", "websiteUrl": "https://purl.stanford.edu/xz358jx5999", "title": "二万五千分一地形圖 [臺灣]", "ckey": 10716764, "available": true, "iiifUrl": "https://purl.stanford.edu/xz358jx5999/iiif/manifest" }, "geometry": { "type": "Polygon", "coordinates": [ [ [ 120.875, 24.7500003 ], [ 121.0, 24.7500003 ], [ 121.0, 24.8333337 ], [ 120.875, 24.8333337 ], [ 120.875, 24.7500003 ] ] ] } },
{ "type": "Feature", "properties": { "Id": 0, "Sheet_ID": "新竹近傍 14 ED2. 頭分", "label": "新竹近傍 14 ED2. 頭分", "call_short": "G7910 S25 .J3", "call_num": "G7910 S25 .J3 C-14 ED.T", "recid": "bd585dr7166", "websiteUrl": "https://purl.stanford.edu/bd585dr7166", "title": "二万五千分一地形圖 [臺灣]", "ckey": 10716764, "available": true, "iiifUrl": "https://purl.stanford.edu/bd585dr7166/iiif/manifest" }, "geometry": { "type": "Polygon", "coordinates": [ [ [ 120.875, 24.666667 ], [ 121.0, 24.666667 ], [ 121.0, 24.7500003 ], [ 120.875, 24.7500003 ], [ 120.875, 24.666667 ] ] ] } },
{ "type": "Feature", "properties": { "Id": 0, "Sheet_ID": "新竹近傍 15 ED2. 三灣", "label": "新竹近傍 15 ED2. 三灣", "call_short": "G7910 S25 .J3", "call_num": "G7910 S25 .J3 C-15 ED.T", "recid": "nb280zk2614", "websiteUrl": "https://purl.stanford.edu/nb280zk2614", "title": "二万五千分一地形圖 [臺灣]", "ckey": 10716764, "available": true, "iiifUrl": "https://purl.stanford.edu/nb280zk2614/iiif/manifest" }, "geometry": { "type": "Polygon", "coordinates": [ [ [ 120.875, 24.5833337 ], [ 121.0, 24.5833337 ], [ 121.0, 24.666667 ], [ 120.875, 24.666667 ], [ 120.875, 24.5833337 ] ] ] } },
{ "type": "Feature", "properties": { "Id": 0, "Sheet_ID": "新竹近傍 17 ED2. 竹南", "label": "新竹近傍 17 ED2. 竹南", "call_short": "G7910 S25 .J3", "call_num": "G7910 S25 .J3 C-17 ED.T", "recid": "ys544zj5604", "websiteUrl": "https://purl.stanford.edu/ys544zj5604", "title": "二万五千分一地形圖 [臺灣]", "ckey": 10716764, "available": true, "iiifUrl": "https://purl.stanford.edu/ys544zj5604/iiif/manifest" }, "geometry": { "type": "Polygon", "coordinates": [ [ [ 120.75, 24.666667 ], [ 120.875, 24.666667 ], [ 120.875, 24.7500003 ], [ 120.75, 24.7500003 ], [ 120.75, 24.666667 ] ] ] } },
{ "type": "Feature", "properties": { "Id": 0, "Sheet_ID": "新竹近傍 18 ED2. 後龍", "label": "新竹近傍 18 ED2. 後龍", "call_short": "G7910 S25 .J3", "call_num": "G7910 S25 .J3 C-18 ED.T", "recid": "hy108ns5777", "websiteUrl": "https://purl.stanford.edu/hy108ns5777", "title": "二万五千分一地形圖 [臺灣]", "ckey": 10716764, "available": true, "iiifUrl": "https://purl.stanford.edu/hy108ns5777/iiif/manifest" }, "geometry": { "type": "Polygon", "coordinates": [ [ [ 120.75, 24.5833337 ], [ 120.875, 24.5833337 ], [ 120.875, 24.666667 ], [ 120.75, 24.666667 ], [ 120.75, 24.5833337 ] ] ] } },
{ "type": "Feature", "properties": { "Id": 0, "Sheet_ID": "新竹近傍 20 ED2. 大湖", "label": "新竹近傍 20 ED2. 大湖", "call_short": "G7910 S25 .J3", "call_num": "G7910 S25 .J3 C-20 ED.T", "recid": "cq386bz2480", "websiteUrl": "https://purl.stanford.edu/cq386bz2480", "title": "二万五千分一地形圖 [臺灣]", "ckey": 10716764, "available": true, "iiifUrl": "https://purl.stanford.edu/cq386bz2480/iiif/manifest" }, "geometry": { "type": "Polygon", "coordinates": [ [ [ 120.75, 24.416667 ], [ 120.875, 24.416667 ], [ 120.875, 24.5000003 ], [ 120.75, 24.5000003 ], [ 120.75, 24.416667 ] ] ] } },
{ "type": "Feature", "properties": { "Id": 0, "Sheet_ID": "臺中近傍 23 ED2. 沙山", "label": "臺中近傍 23 ED2. 沙山", "call_short": "G7910 S25 .J3", "call_num": "G7910 S25 .J3 D-23 ED.T", "recid": "yc692qc5410", "websiteUrl": "https://purl.stanford.edu/yc692qc5410", "title": "二万五千分一地形圖 [臺灣]", "ckey": 10716764, "available": true, "iiifUrl": "https://purl.stanford.edu/yc692qc5410/iiif/manifest" }, "geometry": { "type": "Polygon", "coordinates": [ [ [ 120.25, 23.916667 ], [ 120.375, 23.916667 ], [ 120.375, 24.0000003 ], [ 120.25, 24.0000003 ], [ 120.25, 23.916667 ] ] ] } },
{ "type": "Feature", "properties": { "Id": 0, "Sheet_ID": "臺中近傍 21. 渓湖", "label": "臺中近傍 21. 渓湖", "call_short": "G7910 S25 .J3", "call_num": "G7910 S25 .J3 D-21", "recid": "ht000zh1812", "websiteUrl": "https://purl.stanford.edu/ht000zh1812", "title": "二万五千分一地形圖 [臺灣]", "ckey": 10716764, "available": true, "iiifUrl": "https://purl.stanford.edu/ht000zh1812/iiif/manifest" }, "geometry": { "type": "Polygon", "coordinates": [ [ [ 120.375, 23.916667 ], [ 120.5, 23.916667 ], [ 120.5, 24.0000003 ], [ 120.375, 24.0000003 ], [ 120.375, 23.916667 ] ] ] } },
{ "type": "Feature", "properties": { "Id": 0, "Sheet_ID": "臺中近傍 16. 員林", "label": "臺中近傍 16. 員林", "call_short": "G7910 S25 .J3", "call_num": "G7910 S25 .J3 D-16", "recid": "wb078wd8457", "websiteUrl": "https://purl.stanford.edu/wb078wd8457", "title": "二万五千分一地形圖 [臺灣]", "ckey": 10716764, "available": true, "iiifUrl": "https://purl.stanford.edu/wb078wd8457/iiif/manifest" }, "geometry": { "type": "Polygon", "coordinates": [ [ [ 120.5, 23.916667 ], [ 120.625, 23.916667 ], [ 120.625, 24.0000003 ], [ 120.5, 24.0000003 ], [ 120.5, 23.916667 ] ] ] } },
{ "type": "Feature", "properties": { "Id": 0, "Sheet_ID": "臺中近傍 10 ED2. 草屯", "label": "臺中近傍 10 ED2. 草屯", "call_short": "G7910 S25 .J3", "call_num": "G7910 S25 .J3 D-10 ED.T", "recid": "kz660ny5400", "websiteUrl": "https://purl.stanford.edu/kz660ny5400", "title": "二万五千分一地形圖 [臺灣]", "ckey": 10716764, "available": true, "iiifUrl": "https://purl.stanford.edu/kz660ny5400/iiif/manifest" }, "geometry": { "type": "Polygon", "coordinates": [ [ [ 120.625, 23.916667 ], [ 120.75, 23.916667 ], [ 120.75, 24.0000003 ], [ 120.625, 24.0000003 ], [ 120.625, 23.916667 ] ] ] } },
{ "type": "Feature", "properties": { "Id": 0, "Sheet_ID": "臺中近傍 4. 雙冬", "label": "臺中近傍 4. 雙冬", "call_short": "G7910 S25 .J3", "call_num": "G7910 S25 .J3 D-4 ED.T", "recid": "sp953fb1233", "websiteUrl": "https://purl.stanford.edu/sp953fb1233", "title": "二万五千分一地形圖 [臺灣]", "ckey": 10716764, "available": true, "iiifUrl": "https://purl.stanford.edu/sp953fb1233/iiif/manifest" }, "geometry": { "type": "Polygon", "coordinates": [ [ [ 120.75, 23.916667 ], [ 120.875, 23.916667 ], [ 120.875, 24.0000003 ], [ 120.75, 24.0000003 ], [ 120.75, 23.916667 ] ] ] } },
{ "type": "Feature", "properties": { "Id": 0, "Sheet_ID": "臺中近傍 22. 漢寳園", "label": "臺中近傍 22. 漢寳園", "call_short": "G7910 S25 .J3", "call_num": "G7910 S25 .J3 D-22", "recid": "tf015gq8005", "websiteUrl": "https://purl.stanford.edu/tf015gq8005", "title": "二万五千分一地形圖 [臺灣]", "ckey": 10716764, "available": true, "iiifUrl": "https://purl.stanford.edu/tf015gq8005/iiif/manifest" }, "geometry": { "type": "Polygon", "coordinates": [ [ [ 120.25, 24.0000003 ], [ 120.375, 24.0000003 ], [ 120.375, 24.0833337 ], [ 120.25, 24.0833337 ], [ 120.25, 24.0000003 ] ] ] } },
{ "type": "Feature", "properties": { "Id": 0, "Sheet_ID": "臺中近傍 20. 鹿港", "label": "臺中近傍 20. 鹿港", "call_short": "G7910 S25 .J3", "call_num": "G7910 S25 .J3 D-20", "recid": "kp400ct9910", "websiteUrl": "https://purl.stanford.edu/kp400ct9910", "title": "二万五千分一地形圖 [臺灣]", "ckey": 10716764, "available": true, "iiifUrl": "https://purl.stanford.edu/kp400ct9910/iiif/manifest" }, "geometry": { "type": "Polygon", "coordinates": [ [ [ 120.375, 24.0000003 ], [ 120.5, 24.0000003 ], [ 120.5, 24.0833337 ], [ 120.375, 24.0833337 ], [ 120.375, 24.0000003 ] ] ] } },
{ "type": "Feature", "properties": { "Id": 0, "Sheet_ID": "臺中近傍 15. 彰化南部", "label": "臺中近傍 15. 彰化南部", "call_short": "G7910 S25 .J3", "call_num": "G7910 S25 .J3 D-15", "recid": "qx050db0332", "websiteUrl": "https://purl.stanford.edu/qx050db0332", "title": "二万五千分一地形圖 [臺灣]", "ckey": 10716764, "available": true, "iiifUrl": "https://purl.stanford.edu/qx050db0332/iiif/manifest" }, "geometry": { "type": "Polygon", "coordinates": [ [ [ 120.5, 24.0000003 ], [ 120.625, 24.0000003 ], [ 120.625, 24.0833337 ], [ 120.5, 24.0833337 ], [ 120.5, 24.0000003 ] ] ] } },
{ "type": "Feature", "properties": { "Id": 0, "Sheet_ID": "臺中近傍 9 ED3. 霧峯", "label": "臺中近傍 9 ED3. 霧峯", "call_short": "G7910 S25 .J3", "call_num": "G7910 S25 .J3 D-9 ED.T", "recid": "tg768yf5279", "websiteUrl": "https://purl.stanford.edu/tg768yf5279", "title": "二万五千分一地形圖 [臺灣]", "ckey": 10716764, "available": true, "iiifUrl": "https://purl.stanford.edu/tg768yf5279/iiif/manifest" }, "geometry": { "type": "Polygon", "coordinates": [ [ [ 120.625, 24.0000003 ], [ 120.75, 24.0000003 ], [ 120.75, 24.0833337 ], [ 120.625, 24.0833337 ], [ 120.625, 24.0000003 ] ] ] } },
{ "type": "Feature", "properties": { "Id": 0, "Sheet_ID": "臺中近傍 19. 和羙", "label": "臺中近傍 19. 和羙", "call_short": "G7910 S25 .J3", "call_num": "G7910 S25 .J3 D-19 ED.T", "recid": "nc441jq1454", "websiteUrl": "https://purl.stanford.edu/nc441jq1454", "title": "二万五千分一地形圖 [臺灣]", "ckey": 10716764, "available": true, "iiifUrl": "https://purl.stanford.edu/nc441jq1454/iiif/manifest" }, "geometry": { "type": "Polygon", "coordinates": [ [ [ 120.375, 24.0833337 ], [ 120.5, 24.0833337 ], [ 120.5, 24.166667 ], [ 120.375, 24.166667 ], [ 120.375, 24.0833337 ] ] ] } },
{ "type": "Feature", "properties": { "Id": 0, "Sheet_ID": "臺中近傍 14 ED2. 彰化北部", "label": "臺中近傍 14 ED2. 彰化北部", "call_short": "G7910 S25 .J3", "call_num": "G7910 S25 .J3 D-14 ED.T", "recid": "xc182wg0347", "websiteUrl": "https://purl.stanford.edu/xc182wg0347", "title": "二万五千分一地形圖 [臺灣]", "ckey": 10716764, "available": true, "iiifUrl": "https://purl.stanford.edu/xc182wg0347/iiif/manifest" }, "geometry": { "type": "Polygon", "coordinates": [ [ [ 120.5, 24.0833337 ], [ 120.625, 24.0833337 ], [ 120.625, 24.166667 ], [ 120.5, 24.166667 ], [ 120.5, 24.0833337 ] ] ] } },
{ "type": "Feature", "properties": { "Id": 0, "Sheet_ID": "臺中近傍 8. 臺中", "label": "臺中近傍 8. 臺中", "call_short": "G7910 S25 .J3", "call_num": "G7910 S25 .J3 D-8 ED.T", "recid": "bk981yg8522", "websiteUrl": "https://purl.stanford.edu/bk981yg8522", "title": "二万五千分一地形圖 [臺灣]", "ckey": 10716764, "available": true, "iiifUrl": "https://purl.stanford.edu/bk981yg8522/iiif/manifest" }, "geometry": { "type": "Polygon", "coordinates": [ [ [ 120.625, 24.0833337 ], [ 120.75, 24.0833337 ], [ 120.75, 24.166667 ], [ 120.625, 24.166667 ], [ 120.625, 24.0833337 ] ] ] } },
{ "type": "Feature", "properties": { "Id": 0, "Sheet_ID": "臺中近傍 18. 塗葛堀", "label": "臺中近傍 18. 塗葛堀", "call_short": "G7910 S25 .J3", "call_num": "G7910 S25 .J3 D-18 ED.T", "recid": "cn980tc9409", "websiteUrl": "https://purl.stanford.edu/cn980tc9409", "title": "二万五千分一地形圖 [臺灣]", "ckey": 10716764, "available": true, "iiifUrl": "https://purl.stanford.edu/cn980tc9409/iiif/manifest" }, "geometry": { "type": "Polygon", "coordinates": [ [ [ 120.375, 24.166667 ], [ 120.5, 24.166667 ], [ 120.5, 24.2500003 ], [ 120.375, 24.2500003 ], [ 120.375, 24.166667 ] ] ] } },
{ "type": "Feature", "properties": { "Id": 0, "Sheet_ID": "臺中近傍 13. 沙鹿", "label": "臺中近傍 13. 沙鹿", "call_short": "G7910 S25 .J3", "call_num": "G7910 S25 .J3 D-13", "recid": "qv266xn2829", "websiteUrl": "https://purl.stanford.edu/qv266xn2829", "title": "二万五千分一地形圖 [臺灣]", "ckey": 10716764, "available": true, "iiifUrl": "https://purl.stanford.edu/qv266xn2829/iiif/manifest" }, "geometry": { "type": "Polygon", "coordinates": [ [ [ 120.5, 24.166667 ], [ 120.625, 24.166667 ], [ 120.625, 24.2500003 ], [ 120.5, 24.2500003 ], [ 120.5, 24.166667 ] ] ] } },
{ "type": "Feature", "properties": { "Id": 0, "Sheet_ID": "臺中近傍 7. 潭子", "label": "臺中近傍 7. 潭子", "call_short": "G7910 S25 .J3", "call_num": "G7910 S25 .J3 D-7 ED.T", "recid": "jw127kv7767", "websiteUrl": "https://purl.stanford.edu/jw127kv7767", "title": "二万五千分一地形圖 [臺灣]", "ckey": 10716764, "available": true, "iiifUrl": "https://purl.stanford.edu/jw127kv7767/iiif/manifest" }, "geometry": { "type": "Polygon", "coordinates": [ [ [ 120.625, 24.166667 ], [ 120.75, 24.166667 ], [ 120.75, 24.2500003 ], [ 120.625, 24.2500003 ], [ 120.625, 24.166667 ] ] ] } },
{ "type": "Feature", "properties": { "Id": 0, "Sheet_ID": "臺中近傍 3 ED3. 新社", "label": "臺中近傍 3 ED3. 新社", "call_short": "G7910 S25 .J3", "call_num": "G7910 S25 .J3 D-3 ED.T", "recid": "yw024pp7844", "websiteUrl": "https://purl.stanford.edu/yw024pp7844", "title": "二万五千分一地形圖 [臺灣]", "ckey": 10716764, "available": true, "iiifUrl": "https://purl.stanford.edu/yw024pp7844/iiif/manifest" }, "geometry": { "type": "Polygon", "coordinates": [ [ [ 120.75, 24.166667 ], [ 120.875, 24.166667 ], [ 120.875, 24.2500003 ], [ 120.75, 24.2500003 ], [ 120.75, 24.166667 ] ] ] } },
{ "type": "Feature", "properties": { "Id": 0, "Sheet_ID": "臺中近傍 17. 塗葛堀北部", "label": "臺中近傍 17. 塗葛堀北部", "call_short": "G7910 S25 .J3", "call_num": "G7910 S25 .J3 D-17 ED.T", "recid": "mz211rn4601", "websiteUrl": "https://purl.stanford.edu/mz211rn4601", "title": "二万五千分一地形圖 [臺灣]", "ckey": 10716764, "available": true, "iiifUrl": "https://purl.stanford.edu/mz211rn4601/iiif/manifest" }, "geometry": { "type": "Polygon", "coordinates": [ [ [ 120.375, 24.2500003 ], [ 120.5, 24.2500003 ], [ 120.5, 24.3333337 ], [ 120.375, 24.3333337 ], [ 120.375, 24.2500003 ] ] ] } },
{ "type": "Feature", "properties": { "Id": 0, "Sheet_ID": "臺中近傍 12. 臺灣淸水", "label": "臺中近傍 12. 臺灣淸水", "call_short": "G7910 S25 .J3", "call_num": "G7910 S25 .J3 D-12 ED.T", "recid": "xp454gw6549", "websiteUrl": "https://purl.stanford.edu/xp454gw6549", "title": "二万五千分一地形圖 [臺灣]", "ckey": 10716764, "available": true, "iiifUrl": "https://purl.stanford.edu/xp454gw6549/iiif/manifest" }, "geometry": { "type": "Polygon", "coordinates": [ [ [ 120.5, 24.2500003 ], [ 120.625, 24.2500003 ], [ 120.625, 24.3333337 ], [ 120.5, 24.3333337 ], [ 120.5, 24.2500003 ] ] ] } },
{ "type": "Feature", "properties": { "Id": 0, "Sheet_ID": "臺中近傍 6 ED2. 臺灣豐原", "label": "臺中近傍 6 ED2. 臺灣豐原", "call_short": "G7910 S25 .J3", "call_num": "G7910 S25 .J3 D-6 ED.T", "recid": "jh767dd9043", "websiteUrl": "https://purl.stanford.edu/jh767dd9043", "title": "二万五千分一地形圖 [臺灣]", "ckey": 10716764, "available": true, "iiifUrl": "https://purl.stanford.edu/jh767dd9043/iiif/manifest" }, "geometry": { "type": "Polygon", "coordinates": [ [ [ 120.625, 24.2500003 ], [ 120.75, 24.2500003 ], [ 120.75, 24.3333337 ], [ 120.625, 24.3333337 ], [ 120.625, 24.2500003 ] ] ] } },
{ "type": "Feature", "properties": { "Id": 0, "Sheet_ID": "臺中近傍 2 ED2. 東勢", "label": "臺中近傍 2 ED2. 東勢", "call_short": "G7910 S25 .J3", "call_num": "G7910 S25 .J3 D-2 ED.T", "recid": "ry441bk7143", "websiteUrl": "https://purl.stanford.edu/ry441bk7143", "title": "二万五千分一地形圖 [臺灣]", "ckey": 10716764, "available": true, "iiifUrl": "https://purl.stanford.edu/ry441bk7143/iiif/manifest" }, "geometry": { "type": "Polygon", "coordinates": [ [ [ 120.75, 24.2500003 ], [ 120.875, 24.2500003 ], [ 120.875, 24.3333337 ], [ 120.75, 24.3333337 ], [ 120.75, 24.2500003 ] ] ] } },
{ "type": "Feature", "properties": { "Id": 0, "Sheet_ID": "臺中近傍 11 ED2. 大甲", "label": "臺中近傍 11 ED2. 大甲", "call_short": "G7910 S25 .J3", "call_num": "G7910 S25 .J3 D-11 ED.T", "recid": "qf562cy1467", "websiteUrl": "https://purl.stanford.edu/qf562cy1467", "title": "二万五千分一地形圖 [臺灣]", "ckey": 10716764, "available": true, "iiifUrl": "https://purl.stanford.edu/qf562cy1467/iiif/manifest" }, "geometry": { "type": "Polygon", "coordinates": [ [ [ 120.5, 24.3333337 ], [ 120.625, 24.3333337 ], [ 120.625, 24.416667 ], [ 120.5, 24.416667 ], [ 120.5, 24.3333337 ] ] ] } },
{ "type": "Feature", "properties": { "Id": 0, "Sheet_ID": "臺中近傍 5. 火炎山", "label": "臺中近傍 5. 火炎山", "call_short": "G7910 S25 .J3", "call_num": "G7910 S25 .J3 D-5 ED.T", "recid": "pp867yx0343", "websiteUrl": "https://purl.stanford.edu/pp867yx0343", "title": "二万五千分一地形圖 [臺灣]", "ckey": 10716764, "available": true, "iiifUrl": "https://purl.stanford.edu/pp867yx0343/iiif/manifest" }, "geometry": { "type": "Polygon", "coordinates": [ [ [ 120.625, 24.3333337 ], [ 120.75, 24.3333337 ], [ 120.75, 24.416667 ], [ 120.625, 24.416667 ], [ 120.625, 24.3333337 ] ] ] } },
{ "type": "Feature", "properties": { "Id": 0, "Sheet_ID": "臺中近傍 1. 三叉", "label": "臺中近傍 1. 三叉", "call_short": "G7910 S25 .J3", "call_num": "G7910 S25 .J3 D-1 ED.T", "recid": "wb253cr3656", "websiteUrl": "https://purl.stanford.edu/wb253cr3656", "title": "二万五千分一地形圖 [臺灣]", "ckey": 10716764, "available": true, "iiifUrl": "https://purl.stanford.edu/wb253cr3656/iiif/manifest" }, "geometry": { "type": "Polygon", "coordinates": [ [ [ 120.75, 24.3333337 ], [ 120.875, 24.3333337 ], [ 120.875, 24.416667 ], [ 120.75, 24.416667 ], [ 120.75, 24.3333337 ] ] ] } },
{ "type": "Feature", "properties": { "Id": 0, "Sheet_ID": "臺中近傍 2. 東勢", "label": "臺中近傍 2. 東勢", "call_short": "G7910 S25 .J3", "call_num": "G7910 S25 .J3 D-2", "recid": "jf492rm8773", "websiteUrl": "https://purl.stanford.edu/jf492rm8773", "title": "二万五千分一地形圖 [臺灣]", "ckey": 10716764, "available": true, "iiifUrl": "https://purl.stanford.edu/jf492rm8773/iiif/manifest" }, "geometry": { "type": "Polygon", "coordinates": [ [ [ 120.75, 24.2500003 ], [ 120.875, 24.2500003 ], [ 120.875, 24.3333337 ], [ 120.75, 24.3333337 ], [ 120.75, 24.2500003 ] ] ] } },
{ "type": "Feature", "properties": { "Id": 0, "Sheet_ID": "臺中近傍 3. 新社", "label": "臺中近傍 3. 新社", "call_short": "G7910 S25 .J3", "call_num": "G7910 S25 .J3 D-3", "recid": "ch334hp2844", "websiteUrl": "https://purl.stanford.edu/ch334hp2844", "title": "二万五千分一地形圖 [臺灣]", "ckey": 10716764, "available": true, "iiifUrl": "https://purl.stanford.edu/ch334hp2844/iiif/manifest" }, "geometry": { "type": "Polygon", "coordinates": [ [ [ 120.75, 24.166667 ], [ 120.875, 24.166667 ], [ 120.875, 24.2500003 ], [ 120.75, 24.2500003 ], [ 120.75, 24.166667 ] ] ] } },
{ "type": "Feature", "properties": { "Id": 0, "Sheet_ID": "臺中近傍 6. 臺灣豐原", "label": "臺中近傍 6. 臺灣豐原", "call_short": "G7910 S25 .J3", "call_num": "G7910 S25 .J3 D-6", "recid": "jq797mf7454", "websiteUrl": "https://purl.stanford.edu/jq797mf7454", "title": "二万五千分一地形圖 [臺灣]", "ckey": 10716764, "available": true, "iiifUrl": "https://purl.stanford.edu/jq797mf7454/iiif/manifest" }, "geometry": { "type": "Polygon", "coordinates": [ [ [ 120.625, 24.2500003 ], [ 120.75, 24.2500003 ], [ 120.75, 24.3333337 ], [ 120.625, 24.3333337 ], [ 120.625, 24.2500003 ] ] ] } },
{ "type": "Feature", "properties": { "Id": 0, "Sheet_ID": "臺中近傍 9 ED2. 霧峯", "label": "臺中近傍 9 ED2. 霧峯", "call_short": "G7910 S25 .J3", "call_num": "G7910 S25 .J3 D-9 ED.2", "recid": "xj316xp4200", "websiteUrl": "https://purl.stanford.edu/xj316xp4200", "title": "二万五千分一地形圖 [臺灣]", "ckey": 10716764, "available": true, "iiifUrl": "https://purl.stanford.edu/xj316xp4200/iiif/manifest" }, "geometry": { "type": "Polygon", "coordinates": [ [ [ 120.625, 24.0000003 ], [ 120.75, 24.0000003 ], [ 120.75, 24.0833337 ], [ 120.625, 24.0833337 ], [ 120.625, 24.0000003 ] ] ] } },
{ "type": "Feature", "properties": { "Id": 0, "Sheet_ID": "臺中近傍 9. 霧峯", "label": "臺中近傍 9. 霧峯", "call_short": "G7910 S25 .J3", "call_num": "G7910 S25 .J3 D-9", "recid": "nd706nm7472", "websiteUrl": "https://purl.stanford.edu/nd706nm7472", "title": "二万五千分一地形圖 [臺灣]", "ckey": 10716764, "available": true, "iiifUrl": "https://purl.stanford.edu/nd706nm7472/iiif/manifest" }, "geometry": { "type": "Polygon", "coordinates": [ [ [ 120.625, 24.0000003 ], [ 120.75, 24.0000003 ], [ 120.75, 24.0833337 ], [ 120.625, 24.0833337 ], [ 120.625, 24.0000003 ] ] ] } },
{ "type": "Feature", "properties": { "Id": 0, "Sheet_ID": "臺中近傍 10. 草屯", "label": "臺中近傍 10. 草屯", "call_short": "G7910 S25 .J3", "call_num": "G7910 S25 .J3 D-10", "recid": "jn271kz1515", "websiteUrl": "https://purl.stanford.edu/jn271kz1515", "title": "二万五千分一地形圖 [臺灣]", "ckey": 10716764, "available": true, "iiifUrl": "https://purl.stanford.edu/jn271kz1515/iiif/manifest" }, "geometry": { "type": "Polygon", "coordinates": [ [ [ 120.625, 23.916667 ], [ 120.75, 23.916667 ], [ 120.75, 24.0000003 ], [ 120.625, 24.0000003 ], [ 120.625, 23.916667 ] ] ] } },
{ "type": "Feature", "properties": { "Id": 0, "Sheet_ID": "臺中近傍 11. 大甲", "label": "臺中近傍 11. 大甲", "call_short": "G7910 S25 .J3", "call_num": "G7910 S25 .J3 D-11", "recid": "sx316sv1798", "websiteUrl": "https://purl.stanford.edu/sx316sv1798", "title": "二万五千分一地形圖 [臺灣]", "ckey": 10716764, "available": true, "iiifUrl": "https://purl.stanford.edu/sx316sv1798/iiif/manifest" }, "geometry": { "type": "Polygon", "coordinates": [ [ [ 120.5, 24.3333337 ], [ 120.625, 24.3333337 ], [ 120.625, 24.416667 ], [ 120.5, 24.416667 ], [ 120.5, 24.3333337 ] ] ] } },
{ "type": "Feature", "properties": { "Id": 0, "Sheet_ID": "臺中近傍 13 ED2. 沙鹿", "label": "臺中近傍 13 ED2. 沙鹿", "call_short": "G7910 S25 .J3", "call_num": "G7910 S25 .J3 D-13 ED.T", "recid": "zn538hn9332", "websiteUrl": "https://purl.stanford.edu/zn538hn9332", "title": "二万五千分一地形圖 [臺灣]", "ckey": 10716764, "available": true, "iiifUrl": "https://purl.stanford.edu/zn538hn9332/iiif/manifest" }, "geometry": { "type": "Polygon", "coordinates": [ [ [ 120.5, 24.166667 ], [ 120.625, 24.166667 ], [ 120.625, 24.2500003 ], [ 120.5, 24.2500003 ], [ 120.5, 24.166667 ] ] ] } },
{ "type": "Feature", "properties": { "Id": 0, "Sheet_ID": "臺中近傍 14. 彰化北部", "label": "臺中近傍 14. 彰化北部", "call_short": "G7910 S25 .J3", "call_num": "G7910 S25 .J3 D-14", "recid": "sw489vy7995", "websiteUrl": "https://purl.stanford.edu/sw489vy7995", "title": "二万五千分一地形圖 [臺灣]", "ckey": 10716764, "available": true, "iiifUrl": "https://purl.stanford.edu/sw489vy7995/iiif/manifest" }, "geometry": { "type": "Polygon", "coordinates": [ [ [ 120.5, 24.0833337 ], [ 120.625, 24.0833337 ], [ 120.625, 24.166667 ], [ 120.5, 24.166667 ], [ 120.5, 24.0833337 ] ] ] } },
{ "type": "Feature", "properties": { "Id": 0, "Sheet_ID": "臺中近傍 15 ED2. 彰化南部", "label": "臺中近傍 15 ED2. 彰化南部", "call_short": "G7910 S25 .J3", "call_num": "G7910 S25 .J3 D-15 ED.T", "recid": "kq847fw1245", "websiteUrl": "https://purl.stanford.edu/kq847fw1245", "title": "二万五千分一地形圖 [臺灣]", "ckey": 10716764, "available": true, "iiifUrl": "https://purl.stanford.edu/kq847fw1245/iiif/manifest" }, "geometry": { "type": "Polygon", "coordinates": [ [ [ 120.5, 24.0000003 ], [ 120.625, 24.0000003 ], [ 120.625, 24.0833337 ], [ 120.5, 24.0833337 ], [ 120.5, 24.0000003 ] ] ] } },
{ "type": "Feature", "properties": { "Id": 0, "Sheet_ID": "臺中近傍 16 ED2. 員林", "label": "臺中近傍 16 ED2. 員林", "call_short": "G7910 S25 .J3", "call_num": "G7910 S25 .J3 D-16 ED.T", "recid": "qz900kq3503", "websiteUrl": "https://purl.stanford.edu/qz900kq3503", "title": "二万五千分一地形圖 [臺灣]", "ckey": 10716764, "available": true, "iiifUrl": "https://purl.stanford.edu/qz900kq3503/iiif/manifest" }, "geometry": { "type": "Polygon", "coordinates": [ [ [ 120.5, 23.916667 ], [ 120.625, 23.916667 ], [ 120.625, 24.0000003 ], [ 120.5, 24.0000003 ], [ 120.5, 23.916667 ] ] ] } },
{ "type": "Feature", "properties": { "Id": 0, "Sheet_ID": "臺中近傍 20 ED2. 鹿港", "label": "臺中近傍 20 ED2. 鹿港", "call_short": "G7910 S25 .J3", "call_num": "G7910 S25 .J3 D-20 ED.T", "recid": "kj424pw7145", "websiteUrl": "https://purl.stanford.edu/kj424pw7145", "title": "二万五千分一地形圖 [臺灣]", "ckey": 10716764, "available": true, "iiifUrl": "https://purl.stanford.edu/kj424pw7145/iiif/manifest" }, "geometry": { "type": "Polygon", "coordinates": [ [ [ 120.375, 24.0000003 ], [ 120.5, 24.0000003 ], [ 120.5, 24.0833337 ], [ 120.375, 24.0833337 ], [ 120.375, 24.0000003 ] ] ] } },
{ "type": "Feature", "properties": { "Id": 0, "Sheet_ID": "臺中近傍 21 ED2. 渓湖", "label": "臺中近傍 21 ED2. 渓湖", "call_short": "G7910 S25 .J3", "call_num": "G7910 S25 .J3 D-21 ED.T", "recid": "tf538dg4063", "websiteUrl": "https://purl.stanford.edu/tf538dg4063", "title": "二万五千分一地形圖 [臺灣]", "ckey": 10716764, "available": true, "iiifUrl": "https://purl.stanford.edu/tf538dg4063/iiif/manifest" }, "geometry": { "type": "Polygon", "coordinates": [ [ [ 120.375, 23.916667 ], [ 120.5, 23.916667 ], [ 120.5, 24.0000003 ], [ 120.375, 24.0000003 ], [ 120.375, 23.916667 ] ] ] } },
{ "type": "Feature", "properties": { "Id": 0, "Sheet_ID": "臺中近傍 22 ED2. 漢寳園", "label": "臺中近傍 22 ED2. 漢寳園", "call_short": "G7910 S25 .J3", "call_num": "G7910 S25 .J3 D-22 ED.T", "recid": "pq151jw2891", "websiteUrl": "https://purl.stanford.edu/pq151jw2891", "title": "二万五千分一地形圖 [臺灣]", "ckey": 10716764, "available": true, "iiifUrl": "https://purl.stanford.edu/pq151jw2891/iiif/manifest" }, "geometry": { "type": "Polygon", "coordinates": [ [ [ 120.25, 24.0000003 ], [ 120.375, 24.0000003 ], [ 120.375, 24.0833337 ], [ 120.25, 24.0833337 ], [ 120.25, 24.0000003 ] ] ] } },
{ "type": "Feature", "properties": { "Id": 0, "Sheet_ID": "臺中近傍 23. 沙山", "label": "臺中近傍 23. 沙山", "call_short": "G7910 S25 .J3", "call_num": "G7910 S25 .J3 D-23", "recid": "fb827px5219", "websiteUrl": "https://purl.stanford.edu/fb827px5219", "title": "二万五千分一地形圖 [臺灣]", "ckey": 10716764, "available": true, "iiifUrl": "https://purl.stanford.edu/fb827px5219/iiif/manifest" }, "geometry": { "type": "Polygon", "coordinates": [ [ [ 120.25, 23.916667 ], [ 120.375, 23.916667 ], [ 120.375, 24.0000003 ], [ 120.25, 24.0000003 ], [ 120.25, 23.916667 ] ] ] } },
{ "type": "Feature", "properties": { "Id": 0, "Sheet_ID": "臺中近傍 3 ED2. 新社", "label": "臺中近傍 3 ED2. 新社", "call_short": "G7910 S25 .J3", "call_num": "G7910 S25 .J3 D-3 ED.2", "recid": "mc606nq3379", "websiteUrl": "https://purl.stanford.edu/mc606nq3379", "title": "二万五千分一地形圖 [臺灣]", "ckey": 10716764, "available": true, "iiifUrl": "https://purl.stanford.edu/mc606nq3379/iiif/manifest" }, "geometry": { "type": "Polygon", "coordinates": [ [ [ 120.75, 24.166667 ], [ 120.875, 24.166667 ], [ 120.875, 24.2500003 ], [ 120.75, 24.2500003 ], [ 120.75, 24.166667 ] ] ] } },
{ "type": "Feature", "properties": { "Id": 0, "Sheet_ID": "嘉義近傍 35. 布袋西部", "label": "嘉義近傍 35. 布袋西部", "call_short": "G7910 S25 .J3", "call_num": "G7910 S25 .J3 E-35", "recid": "xv764xz7607", "websiteUrl": "https://purl.stanford.edu/xv764xz7607", "title": "二万五千分一地形圖 [臺灣]", "ckey": 10716764, "available": true, "iiifUrl": "https://purl.stanford.edu/xv764xz7607/iiif/manifest" }, "geometry": { "type": "Polygon", "coordinates": [ [ [ 120.0, 23.333333 ], [ 120.125, 23.333333 ], [ 120.125, 23.4166664 ], [ 120.0, 23.4166664 ], [ 120.0, 23.333333 ] ] ] } },
{ "type": "Feature", "properties": { "Id": 0, "Sheet_ID": "嘉義近傍 31. 布袋", "label": "嘉義近傍 31. 布袋", "call_short": "G7910 S25 .J3", "call_num": "G7910 S25 .J3 E-31", "recid": "xr947bh8677", "websiteUrl": "https://purl.stanford.edu/xr947bh8677", "title": "二万五千分一地形圖 [臺灣]", "ckey": 10716764, "available": true, "iiifUrl": "https://purl.stanford.edu/xr947bh8677/iiif/manifest" }, "geometry": { "type": "Polygon", "coordinates": [ [ [ 120.125, 23.333333 ], [ 120.25, 23.333333 ], [ 120.25, 23.4166664 ], [ 120.125, 23.4166664 ], [ 120.125, 23.333333 ] ] ] } },
{ "type": "Feature", "properties": { "Id": 0, "Sheet_ID": "嘉義近傍 24. 後壁", "label": "嘉義近傍 24. 後壁", "call_short": "G7910 S25 .J3", "call_num": "G7910 S25 .J3 E-24", "recid": "df289wm2220", "websiteUrl": "https://purl.stanford.edu/df289wm2220", "title": "二万五千分一地形圖 [臺灣]", "ckey": 10716764, "available": true, "iiifUrl": "https://purl.stanford.edu/df289wm2220/iiif/manifest" }, "geometry": { "type": "Polygon", "coordinates": [ [ [ 120.25, 23.333333 ], [ 120.375, 23.333333 ], [ 120.375, 23.4166664 ], [ 120.25, 23.4166664 ], [ 120.25, 23.333333 ] ] ] } },
{ "type": "Feature", "properties": { "Id": 0, "Sheet_ID": "嘉義近傍 17. 白河", "label": "嘉義近傍 17. 白河", "call_short": "G7910 S25 .J3", "call_num": "G7910 S25 .J3 E-17", "recid": "yk799zw4036", "websiteUrl": "https://purl.stanford.edu/yk799zw4036", "title": "二万五千分一地形圖 [臺灣]", "ckey": 10716764, "available": true, "iiifUrl": "https://purl.stanford.edu/yk799zw4036/iiif/manifest" }, "geometry": { "type": "Polygon", "coordinates": [ [ [ 120.375, 23.333333 ], [ 120.5, 23.333333 ], [ 120.5, 23.4166664 ], [ 120.375, 23.4166664 ], [ 120.375, 23.333333 ] ] ] } },
{ "type": "Feature", "properties": { "Id": 0, "Sheet_ID": "嘉義近傍 34. 外傘頂洲", "label": "嘉義近傍 34. 外傘頂洲", "call_short": "G7910 S25 .J3", "call_num": "G7910 S25 .J3 E-34", "recid": "gj877tg9712", "websiteUrl": "https://purl.stanford.edu/gj877tg9712", "title": "二万五千分一地形圖 [臺灣]", "ckey": 10716764, "available": true, "iiifUrl": "https://purl.stanford.edu/gj877tg9712/iiif/manifest" }, "geometry": { "type": "Polygon", "coordinates": [ [ [ 120.0, 23.4166664 ], [ 120.125, 23.4166664 ], [ 120.125, 23.4999999 ], [ 120.0, 23.4999999 ], [ 120.0, 23.4166664 ] ] ] } },
{ "type": "Feature", "properties": { "Id": 0, "Sheet_ID": "嘉義近傍 30. 朴子", "label": "嘉義近傍 30. 朴子", "call_short": "G7910 S25 .J3", "call_num": "G7910 S25 .J3 E-30", "recid": "mv134jb3705", "websiteUrl": "https://purl.stanford.edu/mv134jb3705", "title": "二万五千分一地形圖 [臺灣]", "ckey": 10716764, "available": true, "iiifUrl": "https://purl.stanford.edu/mv134jb3705/iiif/manifest" }, "geometry": { "type": "Polygon", "coordinates": [ [ [ 120.125, 23.4166664 ], [ 120.25, 23.4166664 ], [ 120.25, 23.4999999 ], [ 120.125, 23.4999999 ], [ 120.125, 23.4166664 ] ] ] } },
{ "type": "Feature", "properties": { "Id": 0, "Sheet_ID": "嘉義近傍 23. 蒜頭", "label": "嘉義近傍 23. 蒜頭", "call_short": "G7910 S25 .J3", "call_num": "G7910 S25 .J3 E-23", "recid": "qh118pn3223", "websiteUrl": "https://purl.stanford.edu/qh118pn3223", "title": "二万五千分一地形圖 [臺灣]", "ckey": 10716764, "available": true, "iiifUrl": "https://purl.stanford.edu/qh118pn3223/iiif/manifest" }, "geometry": { "type": "Polygon", "coordinates": [ [ [ 120.25, 23.4166664 ], [ 120.375, 23.4166664 ], [ 120.375, 23.4999999 ], [ 120.25, 23.4999999 ], [ 120.25, 23.4166664 ] ] ] } },
{ "type": "Feature", "properties": { "Id": 0, "Sheet_ID": "嘉義近傍 16. 嘉義", "label": "嘉義近傍 16. 嘉義", "call_short": "G7910 S25 .J3", "call_num": "G7910 S25 .J3 E-16", "recid": "dz114jp1644", "websiteUrl": "https://purl.stanford.edu/dz114jp1644", "title": "二万五千分一地形圖 [臺灣]", "ckey": 10716764, "available": true, "iiifUrl": "https://purl.stanford.edu/dz114jp1644/iiif/manifest" }, "geometry": { "type": "Polygon", "coordinates": [ [ [ 120.375, 23.4166664 ], [ 120.5, 23.4166664 ], [ 120.5, 23.4999999 ], [ 120.375, 23.4999999 ], [ 120.375, 23.4166664 ] ] ] } },
{ "type": "Feature", "properties": { "Id": 0, "Sheet_ID": "嘉義近傍 10. 中埔", "label": "嘉義近傍 10. 中埔", "call_short": "G7910 S25 .J3", "call_num": "G7910 S25 .J3 E-10", "recid": "gn777jb0372", "websiteUrl": "https://purl.stanford.edu/gn777jb0372", "title": "二万五千分一地形圖 [臺灣]", "ckey": 10716764, "available": true, "iiifUrl": "https://purl.stanford.edu/gn777jb0372/iiif/manifest" }, "geometry": { "type": "Polygon", "coordinates": [ [ [ 120.5, 23.4166664 ], [ 120.625, 23.4166664 ], [ 120.625, 23.4999999 ], [ 120.5, 23.4999999 ], [ 120.5, 23.4166664 ] ] ] } },
{ "type": "Feature", "properties": { "Id": 0, "Sheet_ID": "嘉義近傍 33. 統汕洲", "label": "嘉義近傍 33. 統汕洲", "call_short": "G7910 S25 .J3", "call_num": "G7910 S25 .J3 E-33", "recid": "gt652rn7203", "websiteUrl": "https://purl.stanford.edu/gt652rn7203", "title": "二万五千分一地形圖 [臺灣]", "ckey": 10716764, "available": true, "iiifUrl": "https://purl.stanford.edu/gt652rn7203/iiif/manifest" }, "geometry": { "type": "Polygon", "coordinates": [ [ [ 120.0, 23.4999999 ], [ 120.125, 23.4999999 ], [ 120.125, 23.5833333 ], [ 120.0, 23.5833333 ], [ 120.0, 23.4999999 ] ] ] } },
{ "type": "Feature", "properties": { "Id": 0, "Sheet_ID": "嘉義近傍 29. 水林", "label": "嘉義近傍 29. 水林", "call_short": "G7910 S25 .J3", "call_num": "G7910 S25 .J3 E-29", "recid": "jz294hr5205", "websiteUrl": "https://purl.stanford.edu/jz294hr5205", "title": "二万五千分一地形圖 [臺灣]", "ckey": 10716764, "available": true, "iiifUrl": "https://purl.stanford.edu/jz294hr5205/iiif/manifest" }, "geometry": { "type": "Polygon", "coordinates": [ [ [ 120.125, 23.4999999 ], [ 120.25, 23.4999999 ], [ 120.25, 23.5833333 ], [ 120.125, 23.5833333 ], [ 120.125, 23.4999999 ] ] ] } },
{ "type": "Feature", "properties": { "Id": 0, "Sheet_ID": "嘉義近傍 22 ED2. 北港", "label": "嘉義近傍 22 ED2. 北港", "call_short": "G7910 S25 .J3", "call_num": "G7910 S25 .J3 E-22 ED.2", "recid": "sw543jd6065", "websiteUrl": "https://purl.stanford.edu/sw543jd6065", "title": "二万五千分一地形圖 [臺灣]", "ckey": 10716764, "available": true, "iiifUrl": "https://purl.stanford.edu/sw543jd6065/iiif/manifest" }, "geometry": { "type": "Polygon", "coordinates": [ [ [ 120.25, 23.4999999 ], [ 120.375, 23.4999999 ], [ 120.375, 23.5833333 ], [ 120.25, 23.5833333 ], [ 120.25, 23.4999999 ] ] ] } },
{ "type": "Feature", "properties": { "Id": 0, "Sheet_ID": "嘉義近傍 15. 民雄", "label": "嘉義近傍 15. 民雄", "call_short": "G7910 S25 .J3", "call_num": "G7910 S25 .J3 E-15", "recid": "js833tn8385", "websiteUrl": "https://purl.stanford.edu/js833tn8385", "title": "二万五千分一地形圖 [臺灣]", "ckey": 10716764, "available": true, "iiifUrl": "https://purl.stanford.edu/js833tn8385/iiif/manifest" }, "geometry": { "type": "Polygon", "coordinates": [ [ [ 120.375, 23.4999999 ], [ 120.5, 23.4999999 ], [ 120.5, 23.5833333 ], [ 120.375, 23.5833333 ], [ 120.375, 23.4999999 ] ] ] } },
{ "type": "Feature", "properties": { "Id": 0, "Sheet_ID": "嘉義近傍 9. 竹崎", "label": "嘉義近傍 9. 竹崎", "call_short": "G7910 S25 .J3", "call_num": "G7910 S25 .J3 E-9", "recid": "hh746mk0994", "websiteUrl": "https://purl.stanford.edu/hh746mk0994", "title": "二万五千分一地形圖 [臺灣]", "ckey": 10716764, "available": true, "iiifUrl": "https://purl.stanford.edu/hh746mk0994/iiif/manifest" }, "geometry": { "type": "Polygon", "coordinates": [ [ [ 120.5, 23.4999999 ], [ 120.625, 23.4999999 ], [ 120.625, 23.5833333 ], [ 120.5, 23.5833333 ], [ 120.5, 23.4999999 ] ] ] } },
{ "type": "Feature", "properties": { "Id": 0, "Sheet_ID": "嘉義近傍 32. 統汕洲北部", "label": "嘉義近傍 32. 統汕洲北部", "call_short": "G7910 S25 .J3", "call_num": "G7910 S25 .J3 E-32", "recid": "mc124xp2617", "websiteUrl": "https://purl.stanford.edu/mc124xp2617", "title": "二万五千分一地形圖 [臺灣]", "ckey": 10716764, "available": true, "iiifUrl": "https://purl.stanford.edu/mc124xp2617/iiif/manifest" }, "geometry": { "type": "Polygon", "coordinates": [ [ [ 120.0, 23.5833333 ], [ 120.125, 23.5833333 ], [ 120.125, 23.6666667 ], [ 120.0, 23.6666667 ], [ 120.0, 23.5833333 ] ] ] } },
{ "type": "Feature", "properties": { "Id": 0, "Sheet_ID": "嘉義近傍 28 ED2. 口湖", "label": "嘉義近傍 28 ED2. 口湖", "call_short": "G7910 S25 .J3", "call_num": "G7910 S25 .J3 E-28 ED.2", "recid": "df268wt8921", "websiteUrl": "https://purl.stanford.edu/df268wt8921", "title": "二万五千分一地形圖 [臺灣]", "ckey": 10716764, "available": true, "iiifUrl": "https://purl.stanford.edu/df268wt8921/iiif/manifest" }, "geometry": { "type": "Polygon", "coordinates": [ [ [ 120.125, 23.5833333 ], [ 120.25, 23.5833333 ], [ 120.25, 23.6666667 ], [ 120.125, 23.6666667 ], [ 120.125, 23.5833333 ] ] ] } },
{ "type": "Feature", "properties": { "Id": 0, "Sheet_ID": "嘉義近傍 21. 元長", "label": "嘉義近傍 21. 元長", "call_short": "G7910 S25 .J3", "call_num": "G7910 S25 .J3 E-21", "recid": "kf238hg5644", "websiteUrl": "https://purl.stanford.edu/kf238hg5644", "title": "二万五千分一地形圖 [臺灣]", "ckey": 10716764, "available": true, "iiifUrl": "https://purl.stanford.edu/kf238hg5644/iiif/manifest" }, "geometry": { "type": "Polygon", "coordinates": [ [ [ 120.25, 23.5833333 ], [ 120.375, 23.5833333 ], [ 120.375, 23.6666667 ], [ 120.25, 23.6666667 ], [ 120.25, 23.5833333 ] ] ] } },
{ "type": "Feature", "properties": { "Id": 0, "Sheet_ID": "嘉義近傍 14 ED2. 大林", "label": "嘉義近傍 14 ED2. 大林", "call_short": "G7910 S25 .J3", "call_num": "G7910 S25 .J3 E-14 ED.2", "recid": "sd227qk4190", "websiteUrl": "https://purl.stanford.edu/sd227qk4190", "title": "二万五千分一地形圖 [臺灣]", "ckey": 10716764, "available": true, "iiifUrl": "https://purl.stanford.edu/sd227qk4190/iiif/manifest" }, "geometry": { "type": "Polygon", "coordinates": [ [ [ 120.375, 23.5833333 ], [ 120.5, 23.5833333 ], [ 120.5, 23.6666667 ], [ 120.375, 23.6666667 ], [ 120.375, 23.5833333 ] ] ] } },
{ "type": "Feature", "properties": { "Id": 0, "Sheet_ID": "嘉義近傍 8 ED2. 崁頭厝", "label": "嘉義近傍 8 ED2. 崁頭厝", "call_short": "G7910 S25 .J3", "call_num": "G7910 S25 .J3 E-8 ED.2", "recid": "xp395pk4015", "websiteUrl": "https://purl.stanford.edu/xp395pk4015", "title": "二万五千分一地形圖 [臺灣]", "ckey": 10716764, "available": true, "iiifUrl": "https://purl.stanford.edu/xp395pk4015/iiif/manifest" }, "geometry": { "type": "Polygon", "coordinates": [ [ [ 120.5, 23.5833333 ], [ 120.625, 23.5833333 ], [ 120.625, 23.6666667 ], [ 120.5, 23.6666667 ], [ 120.5, 23.5833333 ] ] ] } },
{ "type": "Feature", "properties": { "Id": 0, "Sheet_ID": "嘉義近傍 27. 海口", "label": "嘉義近傍 27. 海口", "call_short": "G7910 S25 .J3", "call_num": "G7910 S25 .J3 E-27", "recid": "pj479tb6500", "websiteUrl": "https://purl.stanford.edu/pj479tb6500", "title": "二万五千分一地形圖 [臺灣]", "ckey": 10716764, "available": true, "iiifUrl": "https://purl.stanford.edu/pj479tb6500/iiif/manifest" }, "geometry": { "type": "Polygon", "coordinates": [ [ [ 120.125, 23.6666667 ], [ 120.25, 23.6666667 ], [ 120.25, 23.7500001 ], [ 120.125, 23.7500001 ], [ 120.125, 23.6666667 ] ] ] } },
{ "type": "Feature", "properties": { "Id": 0, "Sheet_ID": "嘉義近傍 20. 埔姜崙", "label": "嘉義近傍 20. 埔姜崙", "call_short": "G7910 S25 .J3", "call_num": "G7910 S25 .J3 E-20", "recid": "sz212bd0341", "websiteUrl": "https://purl.stanford.edu/sz212bd0341", "title": "二万五千分一地形圖 [臺灣]", "ckey": 10716764, "available": true, "iiifUrl": "https://purl.stanford.edu/sz212bd0341/iiif/manifest" }, "geometry": { "type": "Polygon", "coordinates": [ [ [ 120.25, 23.6666667 ], [ 120.375, 23.6666667 ], [ 120.375, 23.7500001 ], [ 120.25, 23.7500001 ], [ 120.25, 23.6666667 ] ] ] } },
{ "type": "Feature", "properties": { "Id": 0, "Sheet_ID": "嘉義近傍 13. 虎尾", "label": "嘉義近傍 13. 虎尾", "call_short": "G7910 S25 .J3", "call_num": "G7910 S25 .J3 E-13", "recid": "tm788cz2542", "websiteUrl": "https://purl.stanford.edu/tm788cz2542", "title": "二万五千分一地形圖 [臺灣]", "ckey": 10716764, "available": true, "iiifUrl": "https://purl.stanford.edu/tm788cz2542/iiif/manifest" }, "geometry": { "type": "Polygon", "coordinates": [ [ [ 120.375, 23.6666667 ], [ 120.5, 23.6666667 ], [ 120.5, 23.7500001 ], [ 120.375, 23.7500001 ], [ 120.375, 23.6666667 ] ] ] } },
{ "type": "Feature", "properties": { "Id": 0, "Sheet_ID": "嘉義近傍 7. 斗六", "label": "嘉義近傍 7. 斗六", "call_short": "G7910 S25 .J3", "call_num": "G7910 S25 .J3 E-7", "recid": "qz014hg1395", "websiteUrl": "https://purl.stanford.edu/qz014hg1395", "title": "二万五千分一地形圖 [臺灣]", "ckey": 10716764, "available": true, "iiifUrl": "https://purl.stanford.edu/qz014hg1395/iiif/manifest" }, "geometry": { "type": "Polygon", "coordinates": [ [ [ 120.5, 23.6666667 ], [ 120.625, 23.6666667 ], [ 120.625, 23.7500001 ], [ 120.5, 23.7500001 ], [ 120.5, 23.6666667 ] ] ] } },
{ "type": "Feature", "properties": { "Id": 0, "Sheet_ID": "嘉義近傍 26 ED2. 麥寮", "label": "嘉義近傍 26 ED2. 麥寮", "call_short": "G7910 S25 .J3", "call_num": "G7910 S25 .J3 E-26 ED.T", "recid": "dj842kg5455", "websiteUrl": "https://purl.stanford.edu/dj842kg5455", "title": "二万五千分一地形圖 [臺灣]", "ckey": 10716764, "available": true, "iiifUrl": "https://purl.stanford.edu/dj842kg5455/iiif/manifest" }, "geometry": { "type": "Polygon", "coordinates": [ [ [ 120.125, 23.7500001 ], [ 120.25, 23.7500001 ], [ 120.25, 23.8333336 ], [ 120.125, 23.8333336 ], [ 120.125, 23.7500001 ] ] ] } },
{ "type": "Feature", "properties": { "Id": 0, "Sheet_ID": "嘉義近傍 19. 崙背", "label": "嘉義近傍 19. 崙背", "call_short": "G7910 S25 .J3", "call_num": "G7910 S25 .J3 E-19", "recid": "gb341rb0364", "websiteUrl": "https://purl.stanford.edu/gb341rb0364", "title": "二万五千分一地形圖 [臺灣]", "ckey": 10716764, "available": true, "iiifUrl": "https://purl.stanford.edu/gb341rb0364/iiif/manifest" }, "geometry": { "type": "Polygon", "coordinates": [ [ [ 120.25, 23.7500001 ], [ 120.375, 23.7500001 ], [ 120.375, 23.8333336 ], [ 120.25, 23.8333336 ], [ 120.25, 23.7500001 ] ] ] } },
{ "type": "Feature", "properties": { "Id": 0, "Sheet_ID": "嘉義近傍 12. 西螺", "label": "嘉義近傍 12. 西螺", "call_short": "G7910 S25 .J3", "call_num": "G7910 S25 .J3 E-12", "recid": "dh976gd1728", "websiteUrl": "https://purl.stanford.edu/dh976gd1728", "title": "二万五千分一地形圖 [臺灣]", "ckey": 10716764, "available": true, "iiifUrl": "https://purl.stanford.edu/dh976gd1728/iiif/manifest" }, "geometry": { "type": "Polygon", "coordinates": [ [ [ 120.375, 23.7500001 ], [ 120.5, 23.7500001 ], [ 120.5, 23.8333336 ], [ 120.375, 23.8333336 ], [ 120.375, 23.7500001 ] ] ] } },
{ "type": "Feature", "properties": { "Id": 0, "Sheet_ID": "嘉義近傍 6. 二水", "label": "嘉義近傍 6. 二水", "call_short": "G7910 S25 .J3", "call_num": "G7910 S25 .J3 E-6", "recid": "yc554dg0776", "websiteUrl": "https://purl.stanford.edu/yc554dg0776", "title": "二万五千分一地形圖 [臺灣]", "ckey": 10716764, "available": true, "iiifUrl": "https://purl.stanford.edu/yc554dg0776/iiif/manifest" }, "geometry": { "type": "Polygon", "coordinates": [ [ [ 120.5, 23.7500001 ], [ 120.625, 23.7500001 ], [ 120.625, 23.8333336 ], [ 120.5, 23.8333336 ], [ 120.5, 23.7500001 ] ] ] } },
{ "type": "Feature", "properties": { "Id": 0, "Sheet_ID": "嘉義近傍 4. 竹山", "label": "嘉義近傍 4. 竹山", "call_short": "G7910 S25 .J3", "call_num": "G7910 S25 .J3 E-4", "recid": "pp145jb0509", "websiteUrl": "https://purl.stanford.edu/pp145jb0509", "title": "二万五千分一地形圖 [臺灣]", "ckey": 10716764, "available": true, "iiifUrl": "https://purl.stanford.edu/pp145jb0509/iiif/manifest" }, "geometry": { "type": "Polygon", "coordinates": [ [ [ 120.625, 23.7500001 ], [ 120.75, 23.7500001 ], [ 120.75, 23.8333336 ], [ 120.625, 23.8333336 ], [ 120.625, 23.7500001 ] ] ] } },
{ "type": "Feature", "properties": { "Id": 0, "Sheet_ID": "嘉義近傍 25. 西螺渓口", "label": "嘉義近傍 25. 西螺渓口", "call_short": "G7910 S25 .J3", "call_num": "G7910 S25 .J3 E-25 ED.T", "recid": "fv562mx0709", "websiteUrl": "https://purl.stanford.edu/fv562mx0709", "title": "二万五千分一地形圖 [臺灣]", "ckey": 10716764, "available": true, "iiifUrl": "https://purl.stanford.edu/fv562mx0709/iiif/manifest" }, "geometry": { "type": "Polygon", "coordinates": [ [ [ 120.125, 23.8333336 ], [ 120.25, 23.8333336 ], [ 120.25, 23.916667 ], [ 120.125, 23.916667 ], [ 120.125, 23.8333336 ] ] ] } },
{ "type": "Feature", "properties": { "Id": 0, "Sheet_ID": "嘉義近傍 18. 二林", "label": "嘉義近傍 18. 二林", "call_short": "G7910 S25 .J3", "call_num": "G7910 S25 .J3 E-18", "recid": "ry823gm4658", "websiteUrl": "https://purl.stanford.edu/ry823gm4658", "title": "二万五千分一地形圖 [臺灣]", "ckey": 10716764, "available": true, "iiifUrl": "https://purl.stanford.edu/ry823gm4658/iiif/manifest" }, "geometry": { "type": "Polygon", "coordinates": [ [ [ 120.25, 23.8333336 ], [ 120.375, 23.8333336 ], [ 120.375, 23.916667 ], [ 120.25, 23.916667 ], [ 120.25, 23.8333336 ] ] ] } },
{ "type": "Feature", "properties": { "Id": 0, "Sheet_ID": "嘉義近傍 11 ED2. 渓州", "label": "嘉義近傍 11 ED2. 渓州", "call_short": "G7910 S25 .J3", "call_num": "G7910 S25 .J3 E-11 ED.T", "recid": "wb729mm2805", "websiteUrl": "https://purl.stanford.edu/wb729mm2805", "title": "二万五千分一地形圖 [臺灣]", "ckey": 10716764, "available": true, "iiifUrl": "https://purl.stanford.edu/wb729mm2805/iiif/manifest" }, "geometry": { "type": "Polygon", "coordinates": [ [ [ 120.375, 23.8333336 ], [ 120.5, 23.8333336 ], [ 120.5, 23.916667 ], [ 120.375, 23.916667 ], [ 120.375, 23.8333336 ] ] ] } },
{ "type": "Feature", "properties": { "Id": 0, "Sheet_ID": "嘉義近傍 5 ED2. 北斗", "label": "嘉義近傍 5 ED2. 北斗", "call_short": "G7910 S25 .J3", "call_num": "G7910 S25 .J3 E-5 ED.T", "recid": "zj778vn9656", "websiteUrl": "https://purl.stanford.edu/zj778vn9656", "title": "二万五千分一地形圖 [臺灣]", "ckey": 10716764, "available": true, "iiifUrl": "https://purl.stanford.edu/zj778vn9656/iiif/manifest" }, "geometry": { "type": "Polygon", "coordinates": [ [ [ 120.5, 23.8333336 ], [ 120.625, 23.8333336 ], [ 120.625, 23.916667 ], [ 120.5, 23.916667 ], [ 120.5, 23.8333336 ] ] ] } },
{ "type": "Feature", "properties": { "Id": 0, "Sheet_ID": "嘉義近傍 3. 南投", "label": "嘉義近傍 3. 南投", "call_short": "G7910 S25 .J3", "call_num": "G7910 S25 .J3 E-3", "recid": "kg942qm0780", "websiteUrl": "https://purl.stanford.edu/kg942qm0780", "title": "二万五千分一地形圖 [臺灣]", "ckey": 10716764, "available": true, "iiifUrl": "https://purl.stanford.edu/kg942qm0780/iiif/manifest" }, "geometry": { "type": "Polygon", "coordinates": [ [ [ 120.625, 23.8333336 ], [ 120.75, 23.8333336 ], [ 120.75, 23.916667 ], [ 120.625, 23.916667 ], [ 120.625, 23.8333336 ] ] ] } },
{ "type": "Feature", "properties": { "Id": 0, "Sheet_ID": "嘉義近傍 2 ED2. 外車埕", "label": "嘉義近傍 2 ED2. 外車埕", "call_short": "G7910 S25 .J3", "call_num": "G7910 S25 .J3 E-2 ED.T", "recid": "nm741xq5050", "websiteUrl": "https://purl.stanford.edu/nm741xq5050", "title": "二万五千分一地形圖 [臺灣]", "ckey": 10716764, "available": true, "iiifUrl": "https://purl.stanford.edu/nm741xq5050/iiif/manifest" }, "geometry": { "type": "Polygon", "coordinates": [ [ [ 120.75, 23.8333336 ], [ 120.875, 23.8333336 ], [ 120.875, 23.916667 ], [ 120.75, 23.916667 ], [ 120.75, 23.8333336 ] ] ] } },
{ "type": "Feature", "properties": { "Id": 0, "Sheet_ID": "嘉義近傍 1 ED2. 日月潭", "label": "嘉義近傍 1 ED2. 日月潭", "call_short": "G7910 S25 .J3", "call_num": "G7910 S25 .J3 E-1 ED.T", "recid": "zk280sr5708", "websiteUrl": "https://purl.stanford.edu/zk280sr5708", "title": "二万五千分一地形圖 [臺灣]", "ckey": 10716764, "available": true, "iiifUrl": "https://purl.stanford.edu/zk280sr5708/iiif/manifest" }, "geometry": { "type": "Polygon", "coordinates": [ [ [ 120.875, 23.8333336 ], [ 121.0, 23.8333336 ], [ 121.0, 23.916667 ], [ 120.875, 23.916667 ], [ 120.875, 23.8333336 ] ] ] } },
{ "type": "Feature", "properties": { "Id": 0, "Sheet_ID": "嘉義近傍 1. 日月潭", "label": "嘉義近傍 1. 日月潭", "call_short": "G7910 S25 .J3", "call_num": "G7910 S25 .J3 E-1", "recid": "js228tc3293", "websiteUrl": "https://purl.stanford.edu/js228tc3293", "title": "二万五千分一地形圖 [臺灣]", "ckey": 10716764, "available": true, "iiifUrl": "https://purl.stanford.edu/js228tc3293/iiif/manifest" }, "geometry": { "type": "Polygon", "coordinates": [ [ [ 120.875, 23.8333336 ], [ 121.0, 23.8333336 ], [ 121.0, 23.916667 ], [ 120.875, 23.916667 ], [ 120.875, 23.8333336 ] ] ] } },
{ "type": "Feature", "properties": { "Id": 0, "Sheet_ID": "嘉義近傍 2. 外車埕", "label": "嘉義近傍 2. 外車埕", "call_short": "G7910 S25 .J3", "call_num": "G7910 S25 .J3 E-2", "recid": "gz836zd1090", "websiteUrl": "https://purl.stanford.edu/gz836zd1090", "title": "二万五千分一地形圖 [臺灣]", "ckey": 10716764, "available": true, "iiifUrl": "https://purl.stanford.edu/gz836zd1090/iiif/manifest" }, "geometry": { "type": "Polygon", "coordinates": [ [ [ 120.75, 23.8333336 ], [ 120.875, 23.8333336 ], [ 120.875, 23.916667 ], [ 120.75, 23.916667 ], [ 120.75, 23.8333336 ] ] ] } },
{ "type": "Feature", "properties": { "Id": 0, "Sheet_ID": "嘉義近傍 3 ED2. 南投", "label": "嘉義近傍 3 ED2. 南投", "call_short": "G7910 S25 .J3", "call_num": "G7910 S25 .J3 E-3 ED.T", "recid": "jd762tk8112", "websiteUrl": "https://purl.stanford.edu/jd762tk8112", "title": "二万五千分一地形圖 [臺灣]", "ckey": 10716764, "available": true, "iiifUrl": "https://purl.stanford.edu/jd762tk8112/iiif/manifest" }, "geometry": { "type": "Polygon", "coordinates": [ [ [ 120.625, 23.8333336 ], [ 120.75, 23.8333336 ], [ 120.75, 23.916667 ], [ 120.625, 23.916667 ], [ 120.625, 23.8333336 ] ] ] } },
{ "type": "Feature", "properties": { "Id": 0, "Sheet_ID": "嘉義近傍 5. 北斗", "label": "嘉義近傍 5. 北斗", "call_short": "G7910 S25 .J3", "call_num": "G7910 S25 .J3 E-5", "recid": "mz036kq2623", "websiteUrl": "https://purl.stanford.edu/mz036kq2623", "title": "二万五千分一地形圖 [臺灣]", "ckey": 10716764, "available": true, "iiifUrl": "https://purl.stanford.edu/mz036kq2623/iiif/manifest" }, "geometry": { "type": "Polygon", "coordinates": [ [ [ 120.5, 23.8333336 ], [ 120.625, 23.8333336 ], [ 120.625, 23.916667 ], [ 120.5, 23.916667 ], [ 120.5, 23.8333336 ] ] ] } },
{ "type": "Feature", "properties": { "Id": 0, "Sheet_ID": "嘉義近傍 8. 崁頭厝", "label": "嘉義近傍 8. 崁頭厝", "call_short": "G7910 S25 .J3", "call_num": "G7910 S25 .J3 E-8", "recid": "hq161kn0380", "websiteUrl": "https://purl.stanford.edu/hq161kn0380", "title": "二万五千分一地形圖 [臺灣]", "ckey": 10716764, "available": true, "iiifUrl": "https://purl.stanford.edu/hq161kn0380/iiif/manifest" }, "geometry": { "type": "Polygon", "coordinates": [ [ [ 120.5, 23.5833333 ], [ 120.625, 23.5833333 ], [ 120.625, 23.6666667 ], [ 120.5, 23.6666667 ], [ 120.5, 23.5833333 ] ] ] } },
{ "type": "Feature", "properties": { "Id": 0, "Sheet_ID": "嘉義近傍 11. 渓州", "label": "嘉義近傍 11. 渓州", "call_short": "G7910 S25 .J3", "call_num": "G7910 S25 .J3 E-11", "recid": "zm510dp4114", "websiteUrl": "https://purl.stanford.edu/zm510dp4114", "title": "二万五千分一地形圖 [臺灣]", "ckey": 10716764, "available": true, "iiifUrl": "https://purl.stanford.edu/zm510dp4114/iiif/manifest" }, "geometry": { "type": "Polygon", "coordinates": [ [ [ 120.375, 23.8333336 ], [ 120.5, 23.8333336 ], [ 120.5, 23.916667 ], [ 120.375, 23.916667 ], [ 120.375, 23.8333336 ] ] ] } },
{ "type": "Feature", "properties": { "Id": 0, "Sheet_ID": "嘉義近傍 14. 大林", "label": "嘉義近傍 14. 大林", "call_short": "G7910 S25 .J3", "call_num": "G7910 S25 .J3 E-14", "recid": "kc582gw2080", "websiteUrl": "https://purl.stanford.edu/kc582gw2080", "title": "二万五千分一地形圖 [臺灣]", "ckey": 10716764, "available": true, "iiifUrl": "https://purl.stanford.edu/kc582gw2080/iiif/manifest" }, "geometry": { "type": "Polygon", "coordinates": [ [ [ 120.375, 23.5833333 ], [ 120.5, 23.5833333 ], [ 120.5, 23.6666667 ], [ 120.375, 23.6666667 ], [ 120.375, 23.5833333 ] ] ] } },
{ "type": "Feature", "properties": { "Id": 0, "Sheet_ID": "嘉義近傍 17 ED2. 白河", "label": "嘉義近傍 17 ED2. 白河", "call_short": "G7910 S25 .J3", "call_num": "G7910 S25 .J3 E-17 ED.2", "recid": "ny336wx3938", "websiteUrl": "https://purl.stanford.edu/ny336wx3938", "title": "二万五千分一地形圖 [臺灣]", "ckey": 10716764, "available": true, "iiifUrl": "https://purl.stanford.edu/ny336wx3938/iiif/manifest" }, "geometry": { "type": "Polygon", "coordinates": [ [ [ 120.375, 23.333333 ], [ 120.5, 23.333333 ], [ 120.5, 23.4166664 ], [ 120.375, 23.4166664 ], [ 120.375, 23.333333 ] ] ] } },
{ "type": "Feature", "properties": { "Id": 0, "Sheet_ID": "嘉義近傍 18 ED2. 二林", "label": "嘉義近傍 18 ED2. 二林", "call_short": "G7910 S25 .J3", "call_num": "G7910 S25 .J3 E-18 ED.T", "recid": "zp034pw1608", "websiteUrl": "https://purl.stanford.edu/zp034pw1608", "title": "二万五千分一地形圖 [臺灣]", "ckey": 10716764, "available": true, "iiifUrl": "https://purl.stanford.edu/zp034pw1608/iiif/manifest" }, "geometry": { "type": "Polygon", "coordinates": [ [ [ 120.25, 23.8333336 ], [ 120.375, 23.8333336 ], [ 120.375, 23.916667 ], [ 120.25, 23.916667 ], [ 120.25, 23.8333336 ] ] ] } },
{ "type": "Feature", "properties": { "Id": 0, "Sheet_ID": "嘉義近傍 19 ED2. 崙背", "label": "嘉義近傍 19 ED2. 崙背", "call_short": "G7910 S25 .J3", "call_num": "G7910 S25 .J3 E-19 ED.2", "recid": "vj595sm0261", "websiteUrl": "https://purl.stanford.edu/vj595sm0261", "title": "二万五千分一地形圖 [臺灣]", "ckey": 10716764, "available": true, "iiifUrl": "https://purl.stanford.edu/vj595sm0261/iiif/manifest" }, "geometry": { "type": "Polygon", "coordinates": [ [ [ 120.25, 23.7500001 ], [ 120.375, 23.7500001 ], [ 120.375, 23.8333336 ], [ 120.25, 23.8333336 ], [ 120.25, 23.7500001 ] ] ] } },
{ "type": "Feature", "properties": { "Id": 0, "Sheet_ID": "嘉義近傍 22. 北港", "label": "嘉義近傍 22. 北港", "call_short": "G7910 S25 .J3", "call_num": "G7910 S25 .J3 E-22", "recid": "td949mn7939", "websiteUrl": "https://purl.stanford.edu/td949mn7939", "title": "二万五千分一地形圖 [臺灣]", "ckey": 10716764, "available": true, "iiifUrl": "https://purl.stanford.edu/td949mn7939/iiif/manifest" }, "geometry": { "type": "Polygon", "coordinates": [ [ [ 120.25, 23.4999999 ], [ 120.375, 23.4999999 ], [ 120.375, 23.5833333 ], [ 120.25, 23.5833333 ], [ 120.25, 23.4999999 ] ] ] } },
{ "type": "Feature", "properties": { "Id": 0, "Sheet_ID": "嘉義近傍 26. 麥寮", "label": "嘉義近傍 26. 麥寮", "call_short": "G7910 S25 .J3", "call_num": "G7910 S25 .J3 E-26", "recid": "dp165fj9953", "websiteUrl": "https://purl.stanford.edu/dp165fj9953", "title": "二万五千分一地形圖 [臺灣]", "ckey": 10716764, "available": true, "iiifUrl": "https://purl.stanford.edu/dp165fj9953/iiif/manifest" }, "geometry": { "type": "Polygon", "coordinates": [ [ [ 120.125, 23.7500001 ], [ 120.25, 23.7500001 ], [ 120.25, 23.8333336 ], [ 120.125, 23.8333336 ], [ 120.125, 23.7500001 ] ] ] } },
{ "type": "Feature", "properties": { "Id": 0, "Sheet_ID": "嘉義近傍 28. 口湖", "label": "嘉義近傍 28. 口湖", "call_short": "G7910 S25 .J3", "call_num": "G7910 S25 .J3 E-28", "recid": "gf328xb9228", "websiteUrl": "https://purl.stanford.edu/gf328xb9228", "title": "二万五千分一地形圖 [臺灣]", "ckey": 10716764, "available": true, "iiifUrl": "https://purl.stanford.edu/gf328xb9228/iiif/manifest" }, "geometry": { "type": "Polygon", "coordinates": [ [ [ 120.125, 23.5833333 ], [ 120.25, 23.5833333 ], [ 120.25, 23.6666667 ], [ 120.125, 23.6666667 ], [ 120.125, 23.5833333 ] ] ] } },
{ "type": "Feature", "properties": { "Id": 0, "Sheet_ID": "嘉義近傍 30 ED.2. 朴子", "label": "嘉義近傍 30 ED.2. 朴子", "call_short": "G7910 S25 .J3", "call_num": "G7910 S25 .J3 E-30 ED.2", "recid": "tj429tx5342", "websiteUrl": "https://purl.stanford.edu/tj429tx5342", "title": "二万五千分一地形圖 [臺灣]", "ckey": 10716764, "available": true, "iiifUrl": "https://purl.stanford.edu/tj429tx5342/iiif/manifest" }, "geometry": { "type": "Polygon", "coordinates": [ [ [ 120.125, 23.4166664 ], [ 120.25, 23.4166664 ], [ 120.25, 23.4999999 ], [ 120.125, 23.4999999 ], [ 120.125, 23.4166664 ] ] ] } },
{ "type": "Feature", "properties": { "Id": 0, "Sheet_ID": "嘉義近傍 31 ED2. 布袋", "label": "嘉義近傍 31 ED2. 布袋", "call_short": "G7910 S25 .J3", "call_num": "G7910 S25 .J3 E-31 ED.2", "recid": "yt729qx6603", "websiteUrl": "https://purl.stanford.edu/yt729qx6603", "title": "二万五千分一地形圖 [臺灣]", "ckey": 10716764, "available": true, "iiifUrl": "https://purl.stanford.edu/yt729qx6603/iiif/manifest" }, "geometry": { "type": "Polygon", "coordinates": [ [ [ 120.125, 23.333333 ], [ 120.25, 23.333333 ], [ 120.25, 23.4166664 ], [ 120.125, 23.4166664 ], [ 120.125, 23.333333 ] ] ] } },
{ "type": "Feature", "properties": { "Id": 0, "Sheet_ID": "澎湖島要塞近傍 13. 望安", "label": "澎湖島要塞近傍 13. 望安", "call_short": "0", "call_num": "0", "recid": "0", "websiteUrl": "0", "title": "0", "ckey": 0, "available": false, "iiifUrl": "0" }, "geometry": { "type": "Polygon", "coordinates": [ [ [ 119.375, 23.3333333 ], [ 119.5, 23.3333333 ], [ 119.5, 23.4166666 ], [ 119.375, 23.4166666 ], [ 119.375, 23.3333333 ] ] ] } },
{ "type": "Feature", "properties": { "Id": 0, "Sheet_ID": "澎湖島要塞近傍 9. 将軍澳", "label": "澎湖島要塞近傍 9. 将軍澳", "call_short": "G7910 S25 .J3", "call_num": "G7910 S25 .J3 G-9", "recid": "xt503cx9968", "websiteUrl": "https://purl.stanford.edu/xt503cx9968", "title": "二万五千分一地形圖 [臺灣]", "ckey": 10716764, "available": true, "iiifUrl": "https://purl.stanford.edu/xt503cx9968/iiif/manifest" }, "geometry": { "type": "Polygon", "coordinates": [ [ [ 119.5, 23.3333333 ], [ 119.625, 23.3333333 ], [ 119.625, 23.4166666 ], [ 119.5, 23.4166666 ], [ 119.5, 23.3333333 ] ] ] } },
{ "type": "Feature", "properties": { "Id": 0, "Sheet_ID": "澎湖島要塞近傍 8. 虎井嶼", "label": "澎湖島要塞近傍 8. 虎井嶼", "call_short": "0", "call_num": "0", "recid": "0", "websiteUrl": "0", "title": "0", "ckey": 0, "available": false, "iiifUrl": "0" }, "geometry": { "type": "Polygon", "coordinates": [ [ [ 119.5, 23.4166666 ], [ 119.625, 23.4166666 ], [ 119.625, 23.4999999 ], [ 119.5, 23.4999999 ], [ 119.5, 23.4166666 ] ] ] } },
{ "type": "Feature", "properties": { "Id": 0, "Sheet_ID": "澎湖島要塞近傍 12. 外垵", "label": "澎湖島要塞近傍 12. 外垵", "call_short": "0", "call_num": "0", "recid": "0", "websiteUrl": "0", "title": "0", "ckey": 0, "available": false, "iiifUrl": "0" }, "geometry": { "type": "Polygon", "coordinates": [ [ [ 119.375, 23.4999999 ], [ 119.5, 23.4999999 ], [ 119.5, 23.5833331 ], [ 119.375, 23.5833331 ], [ 119.375, 23.4999999 ] ] ] } },
{ "type": "Feature", "properties": { "Id": 0, "Sheet_ID": "澎湖島要塞近傍 7. 馬公", "label": "澎湖島要塞近傍 7. 馬公", "call_short": "0", "call_num": "0", "recid": "0", "websiteUrl": "0", "title": "0", "ckey": 0, "available": false, "iiifUrl": "0" }, "geometry": { "type": "Polygon", "coordinates": [ [ [ 119.5, 23.4999999 ], [ 119.625, 23.4999999 ], [ 119.625, 23.5833331 ], [ 119.5, 23.5833331 ], [ 119.5, 23.4999999 ] ] ] } },
{ "type": "Feature", "properties": { "Id": 0, "Sheet_ID": "澎湖島要塞近傍 3. 良文港", "label": "澎湖島要塞近傍 3. 良文港", "call_short": "0", "call_num": "0", "recid": "0", "websiteUrl": "0", "title": "0", "ckey": 0, "available": false, "iiifUrl": "0" }, "geometry": { "type": "Polygon", "coordinates": [ [ [ 119.625, 23.4999999 ], [ 119.75, 23.4999999 ], [ 119.75, 23.5833331 ], [ 119.625, 23.5833331 ], [ 119.625, 23.4999999 ] ] ] } },
{ "type": "Feature", "properties": { "Id": 0, "Sheet_ID": "澎湖島要塞近傍 11. 小池角", "label": "澎湖島要塞近傍 11. 小池角", "call_short": "0", "call_num": "0", "recid": "0", "websiteUrl": "0", "title": "0", "ckey": 0, "available": false, "iiifUrl": "0" }, "geometry": { "type": "Polygon", "coordinates": [ [ [ 119.375, 23.5833331 ], [ 119.5, 23.5833331 ], [ 119.5, 23.6666664 ], [ 119.375, 23.6666664 ], [ 119.375, 23.5833331 ] ] ] } },
{ "type": "Feature", "properties": { "Id": 0, "Sheet_ID": "澎湖島要塞近傍 6. 通梁", "label": "澎湖島要塞近傍 6. 通梁", "call_short": "G7910 S25 .J3", "call_num": "G7910 S25 .J3 G-6", "recid": "ws890vn7279", "websiteUrl": "https://purl.stanford.edu/ws890vn7279", "title": "二万五千分一地形圖 [臺灣]", "ckey": 10716764, "available": true, "iiifUrl": "https://purl.stanford.edu/ws890vn7279/iiif/manifest" }, "geometry": { "type": "Polygon", "coordinates": [ [ [ 119.5, 23.5833331 ], [ 119.625, 23.5833331 ], [ 119.625, 23.6666664 ], [ 119.5, 23.6666664 ], [ 119.5, 23.5833331 ] ] ] } },
{ "type": "Feature", "properties": { "Id": 0, "Sheet_ID": "澎湖島要塞近傍 2. 湖西", "label": "澎湖島要塞近傍 2. 湖西", "call_short": "0", "call_num": "0", "recid": "0", "websiteUrl": "0", "title": "0", "ckey": 0, "available": false, "iiifUrl": "0" }, "geometry": { "type": "Polygon", "coordinates": [ [ [ 119.625, 23.5833331 ], [ 119.75, 23.5833331 ], [ 119.75, 23.6666664 ], [ 119.625, 23.6666664 ], [ 119.625, 23.5833331 ] ] ] } },
{ "type": "Feature", "properties": { "Id": 0, "Sheet_ID": "澎湖島要塞近傍 5. 大赤崁", "label": "澎湖島要塞近傍 5. 大赤崁", "call_short": "0", "call_num": "0", "recid": "0", "websiteUrl": "0", "title": "0", "ckey": 0, "available": false, "iiifUrl": "0" }, "geometry": { "type": "Polygon", "coordinates": [ [ [ 119.5, 23.6666664 ], [ 119.625, 23.6666664 ], [ 119.625, 23.7499997 ], [ 119.5, 23.7499997 ], [ 119.5, 23.6666664 ] ] ] } },
{ "type": "Feature", "properties": { "Id": 0, "Sheet_ID": "澎湖島要塞近傍 1. 屈瓜嶼", "label": "澎湖島要塞近傍 1. 屈瓜嶼", "call_short": "0", "call_num": "0", "recid": "0", "websiteUrl": "0", "title": "0", "ckey": 0, "available": false, "iiifUrl": "0" }, "geometry": { "type": "Polygon", "coordinates": [ [ [ 119.625, 23.6666664 ], [ 119.75, 23.6666664 ], [ 119.75, 23.7499997 ], [ 119.625, 23.7499997 ], [ 119.625, 23.6666664 ] ] ] } },
{ "type": "Feature", "properties": { "Id": 0, "Sheet_ID": "澎湖島要塞近傍 4. 北島燈臺", "label": "澎湖島要塞近傍 4. 北島燈臺", "call_short": "0", "call_num": "0", "recid": "0", "websiteUrl": "0", "title": "0", "ckey": 0, "available": false, "iiifUrl": "0" }, "geometry": { "type": "Polygon", "coordinates": [ [ [ 119.5, 23.7499997 ], [ 119.625, 23.7499997 ], [ 119.625, 23.833333 ], [ 119.5, 23.833333 ], [ 119.5, 23.7499997 ] ] ] } },
{ "type": "Feature", "properties": { "Id": 0, "Sheet_ID": "大嶼近傍 5. 大嶼", "label": "大嶼近傍 5. 大嶼", "call_short": "G7910 S25 .J3", "call_num": "G7910 S25 .J3 H-5", "recid": "xp342zk0909", "websiteUrl": "https://purl.stanford.edu/xp342zk0909", "title": "二万五千分一地形圖 [臺灣]", "ckey": 10716764, "available": true, "iiifUrl": "https://purl.stanford.edu/xp342zk0909/iiif/manifest" }, "geometry": { "type": "Polygon", "coordinates": [ [ [ 119.375, 23.166667 ], [ 119.5, 23.166667 ], [ 119.5, 23.2500003 ], [ 119.375, 23.2500003 ], [ 119.375, 23.166667 ] ] ] } },
{ "type": "Feature", "properties": { "Id": 0, "Sheet_ID": "大嶼近傍 3 ED2. 西吉嶼", "label": "大嶼近傍 3 ED2. 西吉嶼", "call_short": "G7910 S25 .J3", "call_num": "G7910 S25 .J3 H-3 ED.2", "recid": "bb856st7998", "websiteUrl": "https://purl.stanford.edu/bb856st7998", "title": "二万五千分一地形圖 [臺灣]", "ckey": 10716764, "available": true, "iiifUrl": "https://purl.stanford.edu/bb856st7998/iiif/manifest" }, "geometry": { "type": "Polygon", "coordinates": [ [ [ 119.5, 23.166667 ], [ 119.625, 23.166667 ], [ 119.625, 23.2500003 ], [ 119.5, 23.2500003 ], [ 119.5, 23.166667 ] ] ] } },
{ "type": "Feature", "properties": { "Id": 0, "Sheet_ID": "大嶼近傍 7. 猫嶼", "label": "大嶼近傍 7. 猫嶼", "call_short": "0", "call_num": "0", "recid": "0", "websiteUrl": "0", "title": "0", "ckey": 0, "available": false, "iiifUrl": "0" }, "geometry": { "type": "Polygon", "coordinates": [ [ [ 119.25, 23.2500003 ], [ 119.375, 23.2500003 ], [ 119.375, 23.3333337 ], [ 119.25, 23.3333337 ], [ 119.25, 23.2500003 ] ] ] } },
{ "type": "Feature", "properties": { "Id": 0, "Sheet_ID": "大嶼近傍 4. 西嶼坪嶼", "label": "大嶼近傍 4. 西嶼坪嶼", "call_short": "0", "call_num": "0", "recid": "0", "websiteUrl": "0", "title": "0", "ckey": 0, "available": false, "iiifUrl": "0" }, "geometry": { "type": "Polygon", "coordinates": [ [ [ 119.375, 23.2500003 ], [ 119.5, 23.2500003 ], [ 119.5, 23.3333337 ], [ 119.375, 23.3333337 ], [ 119.375, 23.2500003 ] ] ] } },
{ "type": "Feature", "properties": { "Id": 0, "Sheet_ID": "大嶼近傍 2. 東嶼坪嶼", "label": "大嶼近傍 2. 東嶼坪嶼", "call_short": "0", "call_num": "0", "recid": "0", "websiteUrl": "0", "title": "0", "ckey": 0, "available": false, "iiifUrl": "0" }, "geometry": { "type": "Polygon", "coordinates": [ [ [ 119.5, 23.2500003 ], [ 119.625, 23.2500003 ], [ 119.625, 23.3333337 ], [ 119.5, 23.3333337 ], [ 119.5, 23.2500003 ] ] ] } },
{ "type": "Feature", "properties": { "Id": 0, "Sheet_ID": "大嶼近傍 1. 東吉嶼", "label": "大嶼近傍 1. 東吉嶼", "call_short": "G7910 S25 .J3", "call_num": "G7910 S25 .J3 H-1", "recid": "nd858cv5991", "websiteUrl": "https://purl.stanford.edu/nd858cv5991", "title": "二万五千分一地形圖 [臺灣]", "ckey": 10716764, "available": true, "iiifUrl": "https://purl.stanford.edu/nd858cv5991/iiif/manifest" }, "geometry": { "type": "Polygon", "coordinates": [ [ [ 119.625, 23.2500003 ], [ 119.75, 23.2500003 ], [ 119.75, 23.3333337 ], [ 119.625, 23.3333337 ], [ 119.625, 23.2500003 ] ] ] } },
{ "type": "Feature", "properties": { "Id": 0, "Sheet_ID": "大嶼近傍 6. 花嶼", "label": "大嶼近傍 6. 花嶼", "call_short": "0", "call_num": "0", "recid": "0", "websiteUrl": "0", "title": "0", "ckey": 0, "available": false, "iiifUrl": "0" }, "geometry": { "type": "Polygon", "coordinates": [ [ [ 119.25, 23.3333337 ], [ 119.375, 23.3333337 ], [ 119.375, 23.416667 ], [ 119.25, 23.416667 ], [ 119.25, 23.3333337 ] ] ] } },
{ "type": "Feature", "properties": { "Id": 0, "Sheet_ID": "大嶼近傍 3. 西吉嶼", "label": "大嶼近傍 3. 西吉嶼", "call_short": "G7910 S25 .J3", "call_num": "G7910 S25 .J3 H-3", "recid": "hx971rg9712", "websiteUrl": "https://purl.stanford.edu/hx971rg9712", "title": "二万五千分一地形圖 [臺灣]", "ckey": 10716764, "available": true, "iiifUrl": "https://purl.stanford.edu/hx971rg9712/iiif/manifest" }, "geometry": { "type": "Polygon", "coordinates": [ [ [ 119.5, 23.166667 ], [ 119.625, 23.166667 ], [ 119.625, 23.2500003 ], [ 119.5, 23.2500003 ], [ 119.5, 23.166667 ] ] ] } },
{ "type": "Feature", "properties": { "Id": 0, "Sheet_ID": "大嶼近傍 5 ED2. 大嶼", "label": "大嶼近傍 5 ED2. 大嶼", "call_short": "G7910 S25 .J3", "call_num": "G7910 S25 .J3 H-5 ED.2", "recid": "yf011sc8755", "websiteUrl": "https://purl.stanford.edu/yf011sc8755", "title": "二万五千分一地形圖 [臺灣]", "ckey": 10716764, "available": true, "iiifUrl": "https://purl.stanford.edu/yf011sc8755/iiif/manifest" }, "geometry": { "type": "Polygon", "coordinates": [ [ [ 119.375, 23.166667 ], [ 119.5, 23.166667 ], [ 119.5, 23.2500003 ], [ 119.375, 23.2500003 ], [ 119.375, 23.166667 ] ] ] } },
{ "type": "Feature", "properties": { "Id": 0, "Sheet_ID": "澎湖島要塞近傍 10. 東嶼坪嶼", "label": "澎湖島要塞近傍 10. 東嶼坪嶼", "call_short": "G7910 S25 .J3", "call_num": "G7910 S25 .J3 G-10", "recid": "qc247gc2968", "websiteUrl": "https://purl.stanford.edu/qc247gc2968", "title": "二万五千分一地形圖 [臺灣]", "ckey": 10716764, "available": true, "iiifUrl": "https://purl.stanford.edu/qc247gc2968/iiif/manifest" }, "geometry": { "type": "Polygon", "coordinates": [ [ [ 119.5, 23.25 ], [ 119.625, 23.25 ], [ 119.625, 23.3333333 ], [ 119.5, 23.3333333 ], [ 119.5, 23.25 ] ] ] } },
{ "type": "Feature", "properties": { "Id": 0, "Sheet_ID": "澎湖島要塞近傍 14. 西嶼坪嶼", "label": "澎湖島要塞近傍 14. 西嶼坪嶼", "call_short": "G7910 S25 .J3", "call_num": "G7910 S25 .J3 G-14", "recid": "wt940xy4371", "websiteUrl": "https://purl.stanford.edu/wt940xy4371", "title": "二万五千分一地形圖 [臺灣]", "ckey": 10716764, "available": true, "iiifUrl": "https://purl.stanford.edu/wt940xy4371/iiif/manifest" }, "geometry": { "type": "Polygon", "coordinates": [ [ [ 119.375, 23.25 ], [ 119.5, 23.25 ], [ 119.5, 23.3333333 ], [ 119.375, 23.3333333 ], [ 119.375, 23.25 ] ] ] } },
{ "type": "Feature", "properties": { "Id": 0, "Sheet_ID": "澎湖島要塞近傍 15. 花嶼", "label": "澎湖島要塞近傍 15. 花嶼", "call_short": "G7910 S25 .J3", "call_num": "G7910 S25 .J3 G-15", "recid": "mq122gv7993", "websiteUrl": "https://purl.stanford.edu/mq122gv7993", "title": "二万五千分一地形圖 [臺灣]", "ckey": 10716764, "available": true, "iiifUrl": "https://purl.stanford.edu/mq122gv7993/iiif/manifest" }, "geometry": { "type": "Polygon", "coordinates": [ [ [ 119.25, 23.3333333 ], [ 119.375, 23.3333333 ], [ 119.375, 23.4166666 ], [ 119.25, 23.4166666 ], [ 119.25, 23.3333333 ] ] ] } },
{ "type": "Feature", "properties": { "Id": 0, "Sheet_ID": "澎湖島要塞近傍 16. 猫嶼", "label": "澎湖島要塞近傍 16. 猫嶼", "call_short": "G7910 S25 .J3", "call_num": "G7910 S25 .J3 G-16", "recid": "pf942wh7656", "websiteUrl": "https://purl.stanford.edu/pf942wh7656", "title": "二万五千分一地形圖 [臺灣]", "ckey": 10716764, "available": true, "iiifUrl": "https://purl.stanford.edu/pf942wh7656/iiif/manifest" }, "geometry": { "type": "Polygon", "coordinates": [ [ [ 119.25, 23.25 ], [ 119.375, 23.25 ], [ 119.375, 23.3333333 ], [ 119.25, 23.3333333 ], [ 119.25, 23.25 ] ] ] } },
{ "type": "Feature", "properties": { "Id": 0, "Sheet_ID": "高雄要塞近傍 18. 琉球嶼", "label": "高雄要塞近傍 18. 琉球嶼", "call_short": "0", "call_num": "0", "recid": "0", "websiteUrl": "0", "title": "0", "ckey": 0, "available": false, "iiifUrl": "0" }, "geometry": { "type": "Polygon", "coordinates": [ [ [ 120.3125, 22.2999997 ], [ 120.4375, 22.2999997 ], [ 120.4375, 22.3833331 ], [ 120.3125, 22.3833331 ], [ 120.3125, 22.2999997 ] ] ] } },
{ "type": "Feature", "properties": { "Id": 0, "Sheet_ID": "高雄要塞近傍 6. 枋寮", "label": "高雄要塞近傍 6. 枋寮", "call_short": "0", "call_num": "0", "recid": "0", "websiteUrl": "0", "title": "0", "ckey": 0, "available": false, "iiifUrl": "0" }, "geometry": { "type": "Polygon", "coordinates": [ [ [ 120.5, 22.333333 ], [ 120.625, 22.333333 ], [ 120.625, 22.4166664 ], [ 120.5, 22.4166664 ], [ 120.5, 22.333333 ] ] ] } },
{ "type": "Feature", "properties": { "Id": 0, "Sheet_ID": "高雄要塞近傍 12. 東港", "label": "高雄要塞近傍 12. 東港", "call_short": "0", "call_num": "0", "recid": "0", "websiteUrl": "0", "title": "0", "ckey": 0, "available": false, "iiifUrl": "0" }, "geometry": { "type": "Polygon", "coordinates": [ [ [ 120.375, 22.4166664 ], [ 120.5, 22.4166664 ], [ 120.5, 22.4999999 ], [ 120.375, 22.4999999 ], [ 120.375, 22.4166664 ] ] ] } },
{ "type": "Feature", "properties": { "Id": 0, "Sheet_ID": "高雄要塞近傍 5. 佳冬", "label": "高雄要塞近傍 5. 佳冬", "call_short": "0", "call_num": "0", "recid": "0", "websiteUrl": "0", "title": "0", "ckey": 0, "available": false, "iiifUrl": "0" }, "geometry": { "type": "Polygon", "coordinates": [ [ [ 120.5, 22.4166664 ], [ 120.625, 22.4166664 ], [ 120.625, 22.4999999 ], [ 120.5, 22.4999999 ], [ 120.5, 22.4166664 ] ] ] } },
{ "type": "Feature", "properties": { "Id": 0, "Sheet_ID": "高雄要塞近傍 17. 台灣小港", "label": "高雄要塞近傍 17. 台灣小港", "call_short": "0", "call_num": "0", "recid": "0", "websiteUrl": "0", "title": "0", "ckey": 0, "available": false, "iiifUrl": "0" }, "geometry": { "type": "Polygon", "coordinates": [ [ [ 120.25, 22.4999999 ], [ 120.375, 22.4999999 ], [ 120.375, 22.5833333 ], [ 120.25, 22.5833333 ], [ 120.25, 22.4999999 ] ] ] } },
{ "type": "Feature", "properties": { "Id": 0, "Sheet_ID": "高雄要塞近傍 11. 仙公廟", "label": "高雄要塞近傍 11. 仙公廟", "call_short": "0", "call_num": "0", "recid": "0", "websiteUrl": "0", "title": "0", "ckey": 0, "available": false, "iiifUrl": "0" }, "geometry": { "type": "Polygon", "coordinates": [ [ [ 120.375, 22.4999999 ], [ 120.5, 22.4999999 ], [ 120.5, 22.5833333 ], [ 120.375, 22.5833333 ], [ 120.375, 22.4999999 ] ] ] } },
{ "type": "Feature", "properties": { "Id": 0, "Sheet_ID": "高雄要塞近傍 4. 潮州", "label": "高雄要塞近傍 4. 潮州", "call_short": "0", "call_num": "0", "recid": "0", "websiteUrl": "0", "title": "0", "ckey": 0, "available": false, "iiifUrl": "0" }, "geometry": { "type": "Polygon", "coordinates": [ [ [ 120.5, 22.4999999 ], [ 120.625, 22.4999999 ], [ 120.625, 22.5833333 ], [ 120.5, 22.5833333 ], [ 120.5, 22.4999999 ] ] ] } },
{ "type": "Feature", "properties": { "Id": 0, "Sheet_ID": "高雄要塞近傍 22. 高雄外港", "label": "高雄要塞近傍 22. 高雄外港", "call_short": "0", "call_num": "0", "recid": "0", "websiteUrl": "0", "title": "0", "ckey": 0, "available": false, "iiifUrl": "0" }, "geometry": { "type": "Polygon", "coordinates": [ [ [ 120.125, 22.5833333 ], [ 120.25, 22.5833333 ], [ 120.25, 22.6666667 ], [ 120.125, 22.6666667 ], [ 120.125, 22.5833333 ] ] ] } },
{ "type": "Feature", "properties": { "Id": 0, "Sheet_ID": "高雄要塞近傍 16. 高雄", "label": "高雄要塞近傍 16. 高雄", "call_short": "0", "call_num": "0", "recid": "0", "websiteUrl": "0", "title": "0", "ckey": 0, "available": false, "iiifUrl": "0" }, "geometry": { "type": "Polygon", "coordinates": [ [ [ 120.25, 22.5833333 ], [ 120.375, 22.5833333 ], [ 120.375, 22.6666667 ], [ 120.25, 22.6666667 ], [ 120.25, 22.5833333 ] ] ] } },
{ "type": "Feature", "properties": { "Id": 0, "Sheet_ID": "高雄要塞近傍 10. 九曲堂", "label": "高雄要塞近傍 10. 九曲堂", "call_short": "0", "call_num": "0", "recid": "0", "websiteUrl": "0", "title": "0", "ckey": 0, "available": false, "iiifUrl": "0" }, "geometry": { "type": "Polygon", "coordinates": [ [ [ 120.375, 22.5833333 ], [ 120.5, 22.5833333 ], [ 120.5, 22.6666667 ], [ 120.375, 22.6666667 ], [ 120.375, 22.5833333 ] ] ] } },
{ "type": "Feature", "properties": { "Id": 0, "Sheet_ID": "高雄要塞近傍 3. 内埔", "label": "高雄要塞近傍 3. 内埔", "call_short": "0", "call_num": "0", "recid": "0", "websiteUrl": "0", "title": "0", "ckey": 0, "available": false, "iiifUrl": "0" }, "geometry": { "type": "Polygon", "coordinates": [ [ [ 120.5, 22.5833333 ], [ 120.625, 22.5833333 ], [ 120.625, 22.6666667 ], [ 120.5, 22.6666667 ], [ 120.5, 22.5833333 ] ] ] } },
{ "type": "Feature", "properties": { "Id": 0, "Sheet_ID": "高雄要塞近傍 21. 赤崁", "label": "高雄要塞近傍 21. 赤崁", "call_short": "0", "call_num": "0", "recid": "0", "websiteUrl": "0", "title": "0", "ckey": 0, "available": false, "iiifUrl": "0" }, "geometry": { "type": "Polygon", "coordinates": [ [ [ 120.125, 22.6666667 ], [ 120.25, 22.6666667 ], [ 120.25, 22.7500001 ], [ 120.125, 22.7500001 ], [ 120.125, 22.6666667 ] ] ] } },
{ "type": "Feature", "properties": { "Id": 0, "Sheet_ID": "高雄要塞近傍 15. 橘梓", "label": "高雄要塞近傍 15. 橘梓", "call_short": "0", "call_num": "0", "recid": "0", "websiteUrl": "0", "title": "0", "ckey": 0, "available": false, "iiifUrl": "0" }, "geometry": { "type": "Polygon", "coordinates": [ [ [ 120.25, 22.6666667 ], [ 120.375, 22.6666667 ], [ 120.375, 22.7500001 ], [ 120.25, 22.7500001 ], [ 120.25, 22.6666667 ] ] ] } },
{ "type": "Feature", "properties": { "Id": 0, "Sheet_ID": "高雄要塞近傍 9. 屏東", "label": "高雄要塞近傍 9. 屏東", "call_short": "0", "call_num": "0", "recid": "0", "websiteUrl": "0", "title": "0", "ckey": 0, "available": false, "iiifUrl": "0" }, "geometry": { "type": "Polygon", "coordinates": [ [ [ 120.375, 22.6666667 ], [ 120.5, 22.6666667 ], [ 120.5, 22.7500001 ], [ 120.375, 22.7500001 ], [ 120.375, 22.6666667 ] ] ] } },
{ "type": "Feature", "properties": { "Id": 0, "Sheet_ID": "高雄要塞近傍 2. 海豐", "label": "高雄要塞近傍 2. 海豐", "call_short": "0", "call_num": "0", "recid": "0", "websiteUrl": "0", "title": "0", "ckey": 0, "available": false, "iiifUrl": "0" }, "geometry": { "type": "Polygon", "coordinates": [ [ [ 120.5, 22.6666667 ], [ 120.625, 22.6666667 ], [ 120.625, 22.7500001 ], [ 120.5, 22.7500001 ], [ 120.5, 22.6666667 ] ] ] } },
{ "type": "Feature", "properties": { "Id": 0, "Sheet_ID": "高雄要塞近傍 20. 蛇彌", "label": "高雄要塞近傍 20. 蛇彌", "call_short": "0", "call_num": "0", "recid": "0", "websiteUrl": "0", "title": "0", "ckey": 0, "available": false, "iiifUrl": "0" }, "geometry": { "type": "Polygon", "coordinates": [ [ [ 120.125, 22.7500001 ], [ 120.25, 22.7500001 ], [ 120.25, 22.8333336 ], [ 120.125, 22.8333336 ], [ 120.125, 22.7500001 ] ] ] } },
{ "type": "Feature", "properties": { "Id": 0, "Sheet_ID": "高雄要塞近傍 14. 岡山", "label": "高雄要塞近傍 14. 岡山", "call_short": "0", "call_num": "0", "recid": "0", "websiteUrl": "0", "title": "0", "ckey": 0, "available": false, "iiifUrl": "0" }, "geometry": { "type": "Polygon", "coordinates": [ [ [ 120.25, 22.7500001 ], [ 120.375, 22.7500001 ], [ 120.375, 22.8333336 ], [ 120.25, 22.8333336 ], [ 120.25, 22.7500001 ] ] ] } },
{ "type": "Feature", "properties": { "Id": 0, "Sheet_ID": "高雄要塞近傍 8. 里港", "label": "高雄要塞近傍 8. 里港", "call_short": "0", "call_num": "0", "recid": "0", "websiteUrl": "0", "title": "0", "ckey": 0, "available": false, "iiifUrl": "0" }, "geometry": { "type": "Polygon", "coordinates": [ [ [ 120.375, 22.7500001 ], [ 120.5, 22.7500001 ], [ 120.5, 22.8333336 ], [ 120.375, 22.8333336 ], [ 120.375, 22.7500001 ] ] ] } },
{ "type": "Feature", "properties": { "Id": 0, "Sheet_ID": "高雄要塞近傍 1. 鹽埔", "label": "高雄要塞近傍 1. 鹽埔", "call_short": "0", "call_num": "0", "recid": "0", "websiteUrl": "0", "title": "0", "ckey": 0, "available": false, "iiifUrl": "0" }, "geometry": { "type": "Polygon", "coordinates": [ [ [ 120.5, 22.7500001 ], [ 120.625, 22.7500001 ], [ 120.625, 22.8333336 ], [ 120.5, 22.8333336 ], [ 120.5, 22.7500001 ] ] ] } },
{ "type": "Feature", "properties": { "Id": 0, "Sheet_ID": "高雄要塞近傍 19. 竹滬", "label": "高雄要塞近傍 19. 竹滬", "call_short": "0", "call_num": "0", "recid": "0", "websiteUrl": "0", "title": "0", "ckey": 0, "available": false, "iiifUrl": "0" }, "geometry": { "type": "Polygon", "coordinates": [ [ [ 120.125, 22.8333336 ], [ 120.25, 22.8333336 ], [ 120.25, 22.916667 ], [ 120.125, 22.916667 ], [ 120.125, 22.8333336 ] ] ] } },
{ "type": "Feature", "properties": { "Id": 0, "Sheet_ID": "高雄要塞近傍 13. 大岡山", "label": "高雄要塞近傍 13. 大岡山", "call_short": "0", "call_num": "0", "recid": "0", "websiteUrl": "0", "title": "0", "ckey": 0, "available": false, "iiifUrl": "0" }, "geometry": { "type": "Polygon", "coordinates": [ [ [ 120.25, 22.8333336 ], [ 120.375, 22.8333336 ], [ 120.375, 22.916667 ], [ 120.25, 22.916667 ], [ 120.25, 22.8333336 ] ] ] } },
{ "type": "Feature", "properties": { "Id": 0, "Sheet_ID": "高雄要塞近傍 7. 旗山", "label": "高雄要塞近傍 7. 旗山", "call_short": "0", "call_num": "0", "recid": "0", "websiteUrl": "0", "title": "0", "ckey": 0, "available": false, "iiifUrl": "0" }, "geometry": { "type": "Polygon", "coordinates": [ [ [ 120.375, 22.8333336 ], [ 120.5, 22.8333336 ], [ 120.5, 22.916667 ], [ 120.375, 22.916667 ], [ 120.375, 22.8333336 ] ] ] } },
{ "type": "Feature", "properties": { "Id": 0, "Sheet_ID": "臺南近傍 15. 竹滬", "label": "臺南近傍 15. 竹滬", "call_short": "0", "call_num": "0", "recid": "0", "websiteUrl": "0", "title": "0", "ckey": 0, "available": false, "iiifUrl": "0" }, "geometry": { "type": "Polygon", "coordinates": [ [ [ 120.125, 22.833333 ], [ 120.25, 22.833333 ], [ 120.25, 22.9166663 ], [ 120.125, 22.9166663 ], [ 120.125, 22.833333 ] ] ] } },
{ "type": "Feature", "properties": { "Id": 0, "Sheet_ID": "臺南近傍 9. 大岡山", "label": "臺南近傍 9. 大岡山", "call_short": "0", "call_num": "0", "recid": "0", "websiteUrl": "0", "title": "0", "ckey": 0, "available": false, "iiifUrl": "0" }, "geometry": { "type": "Polygon", "coordinates": [ [ [ 120.25, 22.833333 ], [ 120.375, 22.833333 ], [ 120.375, 22.9166663 ], [ 120.25, 22.9166663 ], [ 120.25, 22.833333 ] ] ] } },
{ "type": "Feature", "properties": { "Id": 0, "Sheet_ID": "臺南近傍 3. 旗山", "label": "臺南近傍 3. 旗山", "call_short": "0", "call_num": "0", "recid": "0", "websiteUrl": "0", "title": "0", "ckey": 0, "available": false, "iiifUrl": "0" }, "geometry": { "type": "Polygon", "coordinates": [ [ [ 120.375, 22.833333 ], [ 120.5, 22.833333 ], [ 120.5, 22.9166663 ], [ 120.375, 22.9166663 ], [ 120.375, 22.833333 ] ] ] } },
{ "type": "Feature", "properties": { "Id": 0, "Sheet_ID": "臺南近傍 1 ED2. 羙濃", "label": "臺南近傍 1 ED2. 羙濃", "call_short": "G7910 S25 .J3", "call_num": "G7910 S25 .J3 F-1 ED.2", "recid": "qq289vx0138", "websiteUrl": "https://purl.stanford.edu/qq289vx0138", "title": "二万五千分一地形圖 [臺灣]", "ckey": 10716764, "available": true, "iiifUrl": "https://purl.stanford.edu/qq289vx0138/iiif/manifest" }, "geometry": { "type": "Polygon", "coordinates": [ [ [ 120.5, 22.833333 ], [ 120.625, 22.833333 ], [ 120.625, 22.9166663 ], [ 120.5, 22.9166663 ], [ 120.5, 22.833333 ] ] ] } },
{ "type": "Feature", "properties": { "Id": 0, "Sheet_ID": "臺南近傍 14. 臺南南部", "label": "臺南近傍 14. 臺南南部", "call_short": "G7910 S25 .J3", "call_num": "G7910 S25 .J3 F-14", "recid": "vd256hs5683", "websiteUrl": "https://purl.stanford.edu/vd256hs5683", "title": "二万五千分一地形圖 [臺灣]", "ckey": 10716764, "available": true, "iiifUrl": "https://purl.stanford.edu/vd256hs5683/iiif/manifest" }, "geometry": { "type": "Polygon", "coordinates": [ [ [ 120.125, 22.9166663 ], [ 120.25, 22.9166663 ], [ 120.25, 22.9999997 ], [ 120.125, 22.9999997 ], [ 120.125, 22.9166663 ] ] ] } },
{ "type": "Feature", "properties": { "Id": 0, "Sheet_ID": "臺南近傍 8. 關廟", "label": "臺南近傍 8. 關廟", "call_short": "G7910 S25 .J3", "call_num": "G7910 S25 .J3 F-8", "recid": "vq805vh9570", "websiteUrl": "https://purl.stanford.edu/vq805vh9570", "title": "二万五千分一地形圖 [臺灣]", "ckey": 10716764, "available": true, "iiifUrl": "https://purl.stanford.edu/vq805vh9570/iiif/manifest" }, "geometry": { "type": "Polygon", "coordinates": [ [ [ 120.25, 22.9166663 ], [ 120.375, 22.9166663 ], [ 120.375, 22.9999997 ], [ 120.25, 22.9999997 ], [ 120.25, 22.9166663 ] ] ] } },
{ "type": "Feature", "properties": { "Id": 0, "Sheet_ID": "臺南近傍 19. 土城子", "label": "臺南近傍 19. 土城子", "call_short": "G7910 S25 .J3", "call_num": "G7910 S25 .J3 F-19", "recid": "qh842qq9694", "websiteUrl": "https://purl.stanford.edu/qh842qq9694", "title": "二万五千分一地形圖 [臺灣]", "ckey": 10716764, "available": true, "iiifUrl": "https://purl.stanford.edu/qh842qq9694/iiif/manifest" }, "geometry": { "type": "Polygon", "coordinates": [ [ [ 120.0, 22.9999997 ], [ 120.125, 22.9999997 ], [ 120.125, 23.083333 ], [ 120.0, 23.083333 ], [ 120.0, 22.9999997 ] ] ] } },
{ "type": "Feature", "properties": { "Id": 0, "Sheet_ID": "臺南近傍 13. 臺南北部", "label": "臺南近傍 13. 臺南北部", "call_short": "G7910 S25 .J3", "call_num": "G7910 S25 .J3 F-13", "recid": "nb239xt2136", "websiteUrl": "https://purl.stanford.edu/nb239xt2136", "title": "二万五千分一地形圖 [臺灣]", "ckey": 10716764, "available": true, "iiifUrl": "https://purl.stanford.edu/nb239xt2136/iiif/manifest" }, "geometry": { "type": "Polygon", "coordinates": [ [ [ 120.125, 22.9999997 ], [ 120.25, 22.9999997 ], [ 120.25, 23.083333 ], [ 120.125, 23.083333 ], [ 120.125, 22.9999997 ] ] ] } },
{ "type": "Feature", "properties": { "Id": 0, "Sheet_ID": "臺南近傍 7. 新化", "label": "臺南近傍 7. 新化", "call_short": "G7910 S25 .J3", "call_num": "G7910 S25 .J3 F-7", "recid": "wf168qf6294", "websiteUrl": "https://purl.stanford.edu/wf168qf6294", "title": "二万五千分一地形圖 [臺灣]", "ckey": 10716764, "available": true, "iiifUrl": "https://purl.stanford.edu/wf168qf6294/iiif/manifest" }, "geometry": { "type": "Polygon", "coordinates": [ [ [ 120.25, 22.9999997 ], [ 120.375, 22.9999997 ], [ 120.375, 23.083333 ], [ 120.25, 23.083333 ], [ 120.25, 22.9999997 ] ] ] } },
{ "type": "Feature", "properties": { "Id": 0, "Sheet_ID": "臺南近傍 18. 七股", "label": "臺南近傍 18. 七股", "call_short": "G7910 S25 .J3", "call_num": "G7910 S25 .J3 F-18", "recid": "gc720yy3339", "websiteUrl": "https://purl.stanford.edu/gc720yy3339", "title": "二万五千分一地形圖 [臺灣]", "ckey": 10716764, "available": true, "iiifUrl": "https://purl.stanford.edu/gc720yy3339/iiif/manifest" }, "geometry": { "type": "Polygon", "coordinates": [ [ [ 120.0, 23.083333 ], [ 120.125, 23.083333 ], [ 120.125, 23.1666663 ], [ 120.0, 23.1666663 ], [ 120.0, 23.083333 ] ] ] } },
{ "type": "Feature", "properties": { "Id": 0, "Sheet_ID": "臺南近傍 12. 佳里", "label": "臺南近傍 12. 佳里", "call_short": "G7910 S25 .J3", "call_num": "G7910 S25 .J3 F-12", "recid": "nm091fs5703", "websiteUrl": "https://purl.stanford.edu/nm091fs5703", "title": "二万五千分一地形圖 [臺灣]", "ckey": 10716764, "available": true, "iiifUrl": "https://purl.stanford.edu/nm091fs5703/iiif/manifest" }, "geometry": { "type": "Polygon", "coordinates": [ [ [ 120.125, 23.083333 ], [ 120.25, 23.083333 ], [ 120.25, 23.1666663 ], [ 120.125, 23.1666663 ], [ 120.125, 23.083333 ] ] ] } },
{ "type": "Feature", "properties": { "Id": 0, "Sheet_ID": "臺南近傍 6. 善化", "label": "臺南近傍 6. 善化", "call_short": "G7910 S25 .J3", "call_num": "G7910 S25 .J3 F-6", "recid": "vw519fc9585", "websiteUrl": "https://purl.stanford.edu/vw519fc9585", "title": "二万五千分一地形圖 [臺灣]", "ckey": 10716764, "available": true, "iiifUrl": "https://purl.stanford.edu/vw519fc9585/iiif/manifest" }, "geometry": { "type": "Polygon", "coordinates": [ [ [ 120.25, 23.083333 ], [ 120.375, 23.083333 ], [ 120.375, 23.1666663 ], [ 120.25, 23.1666663 ], [ 120.25, 23.083333 ] ] ] } },
{ "type": "Feature", "properties": { "Id": 0, "Sheet_ID": "臺南近傍 17. 青鯤鯓", "label": "臺南近傍 17. 青鯤鯓", "call_short": "G7910 S25 .J3", "call_num": "G7910 S25 .J3 F-17", "recid": "bv204hc4957", "websiteUrl": "https://purl.stanford.edu/bv204hc4957", "title": "二万五千分一地形圖 [臺灣]", "ckey": 10716764, "available": true, "iiifUrl": "https://purl.stanford.edu/bv204hc4957/iiif/manifest" }, "geometry": { "type": "Polygon", "coordinates": [ [ [ 120.0, 23.1666663 ], [ 120.125, 23.1666663 ], [ 120.125, 23.2499997 ], [ 120.0, 23.2499997 ], [ 120.0, 23.1666663 ] ] ] } },
{ "type": "Feature", "properties": { "Id": 0, "Sheet_ID": "臺南近傍 11 ED2. 麻豆", "label": "臺南近傍 11 ED2. 麻豆", "call_short": "G7910 S25 .J3", "call_num": "G7910 S25 .J3 F-11 ED.2", "recid": "db822dt3404", "websiteUrl": "https://purl.stanford.edu/db822dt3404", "title": "二万五千分一地形圖 [臺灣]", "ckey": 10716764, "available": true, "iiifUrl": "https://purl.stanford.edu/db822dt3404/iiif/manifest" }, "geometry": { "type": "Polygon", "coordinates": [ [ [ 120.125, 23.1666663 ], [ 120.25, 23.1666663 ], [ 120.25, 23.2499997 ], [ 120.125, 23.2499997 ], [ 120.125, 23.1666663 ] ] ] } },
{ "type": "Feature", "properties": { "Id": 0, "Sheet_ID": "臺南近傍 5. 六甲", "label": "臺南近傍 5. 六甲", "call_short": "G7910 S25 .J3", "call_num": "G7910 S25 .J3 F-5", "recid": "px431ds8637", "websiteUrl": "https://purl.stanford.edu/px431ds8637", "title": "二万五千分一地形圖 [臺灣]", "ckey": 10716764, "available": true, "iiifUrl": "https://purl.stanford.edu/px431ds8637/iiif/manifest" }, "geometry": { "type": "Polygon", "coordinates": [ [ [ 120.25, 23.1666663 ], [ 120.375, 23.1666663 ], [ 120.375, 23.2499997 ], [ 120.25, 23.2499997 ], [ 120.25, 23.1666663 ] ] ] } },
{ "type": "Feature", "properties": { "Id": 0, "Sheet_ID": "臺南近傍 16. 北門", "label": "臺南近傍 16. 北門", "call_short": "G7910 S25 .J3", "call_num": "G7910 S25 .J3 F-16", "recid": "pb829xv9243", "websiteUrl": "https://purl.stanford.edu/pb829xv9243", "title": "二万五千分一地形圖 [臺灣]", "ckey": 10716764, "available": true, "iiifUrl": "https://purl.stanford.edu/pb829xv9243/iiif/manifest" }, "geometry": { "type": "Polygon", "coordinates": [ [ [ 120.0, 23.2499997 ], [ 120.125, 23.2499997 ], [ 120.125, 23.333333 ], [ 120.0, 23.333333 ], [ 120.0, 23.2499997 ] ] ] } },
{ "type": "Feature", "properties": { "Id": 0, "Sheet_ID": "臺南近傍 10 ED2. 過路子", "label": "臺南近傍 10 ED2. 過路子", "call_short": "G7910 S25 .J3", "call_num": "G7910 S25 .J3 F-10 ED.2", "recid": "zq838py0566", "websiteUrl": "https://purl.stanford.edu/zq838py0566", "title": "二万五千分一地形圖 [臺灣]", "ckey": 10716764, "available": true, "iiifUrl": "https://purl.stanford.edu/zq838py0566/iiif/manifest" }, "geometry": { "type": "Polygon", "coordinates": [ [ [ 120.125, 23.2499997 ], [ 120.25, 23.2499997 ], [ 120.25, 23.333333 ], [ 120.125, 23.333333 ], [ 120.125, 23.2499997 ] ] ] } },
{ "type": "Feature", "properties": { "Id": 0, "Sheet_ID": "臺南近傍 4 ED2. 新營", "label": "臺南近傍 4 ED2. 新營", "call_short": "G7910 S25 .J3", "call_num": "G7910 S25 .J3 F-4 ED.2", "recid": "xg624gs3907", "websiteUrl": "https://purl.stanford.edu/xg624gs3907", "title": "二万五千分一地形圖 [臺灣]", "ckey": 10716764, "available": true, "iiifUrl": "https://purl.stanford.edu/xg624gs3907/iiif/manifest" }, "geometry": { "type": "Polygon", "coordinates": [ [ [ 120.25, 23.2499997 ], [ 120.375, 23.2499997 ], [ 120.375, 23.333333 ], [ 120.25, 23.333333 ], [ 120.25, 23.2499997 ] ] ] } },
{ "type": "Feature", "properties": { "Id": 0, "Sheet_ID": "臺南近傍 2. 番社", "label": "臺南近傍 2. 番社", "call_short": "G7910 S25 .J3", "call_num": "G7910 S25 .J3 F-2", "recid": "tb820vw8135", "websiteUrl": "https://purl.stanford.edu/tb820vw8135", "title": "二万五千分一地形圖 [臺灣]", "ckey": 10716764, "available": true, "iiifUrl": "https://purl.stanford.edu/tb820vw8135/iiif/manifest" }, "geometry": { "type": "Polygon", "coordinates": [ [ [ 120.375, 23.2499997 ], [ 120.5, 23.2499997 ], [ 120.5, 23.333333 ], [ 120.375, 23.333333 ], [ 120.375, 23.2499997 ] ] ] } },
{ "type": "Feature", "properties": { "Id": 0, "Sheet_ID": "臺南近傍 1. 羙濃", "label": "臺南近傍 1. 羙濃", "call_short": "G7910 S25 .J3", "call_num": "G7910 S25 .J3 F-1", "recid": "kf754qh4749", "websiteUrl": "https://purl.stanford.edu/kf754qh4749", "title": "二万五千分一地形圖 [臺灣]", "ckey": 10716764, "available": true, "iiifUrl": "https://purl.stanford.edu/kf754qh4749/iiif/manifest" }, "geometry": { "type": "Polygon", "coordinates": [ [ [ 120.5, 22.833333 ], [ 120.625, 22.833333 ], [ 120.625, 22.9166663 ], [ 120.5, 22.9166663 ], [ 120.5, 22.833333 ] ] ] } },
{ "type": "Feature", "properties": { "Id": 0, "Sheet_ID": "臺南近傍 4. 新營", "label": "臺南近傍 4. 新營", "call_short": "G7910 S25 .J3", "call_num": "G7910 S25 .J3 F-4", "recid": "xx918yz8273", "websiteUrl": "https://purl.stanford.edu/xx918yz8273", "title": "二万五千分一地形圖 [臺灣]", "ckey": 10716764, "available": true, "iiifUrl": "https://purl.stanford.edu/xx918yz8273/iiif/manifest" }, "geometry": { "type": "Polygon", "coordinates": [ [ [ 120.25, 23.2499997 ], [ 120.375, 23.2499997 ], [ 120.375, 23.333333 ], [ 120.25, 23.333333 ], [ 120.25, 23.2499997 ] ] ] } },
{ "type": "Feature", "properties": { "Id": 0, "Sheet_ID": "臺南近傍 10. 過路子", "label": "臺南近傍 10. 過路子", "call_short": "G7910 S25 .J3", "call_num": "G7910 S25 .J3 F-10", "recid": "cm570gp9575", "websiteUrl": "https://purl.stanford.edu/cm570gp9575", "title": "二万五千分一地形圖 [臺灣]", "ckey": 10716764, "available": true, "iiifUrl": "https://purl.stanford.edu/cm570gp9575/iiif/manifest" }, "geometry": { "type": "Polygon", "coordinates": [ [ [ 120.125, 23.2499997 ], [ 120.25, 23.2499997 ], [ 120.25, 23.333333 ], [ 120.125, 23.333333 ], [ 120.125, 23.2499997 ] ] ] } },
{ "type": "Feature", "properties": { "Id": 0, "Sheet_ID": "臺南近傍 11. 麻豆", "label": "臺南近傍 11. 麻豆", "call_short": "G7910 S25 .J3", "call_num": "G7910 S25 .J3 F-11", "recid": "rb231kn4390", "websiteUrl": "https://purl.stanford.edu/rb231kn4390", "title": "二万五千分一地形圖 [臺灣]", "ckey": 10716764, "available": true, "iiifUrl": "https://purl.stanford.edu/rb231kn4390/iiif/manifest" }, "geometry": { "type": "Polygon", "coordinates": [ [ [ 120.125, 23.1666663 ], [ 120.25, 23.1666663 ], [ 120.25, 23.2499997 ], [ 120.125, 23.2499997 ], [ 120.125, 23.1666663 ] ] ] } },
{ "type": "Feature", "properties": { "Id": 0, "Sheet_ID": "臺南近傍 12 ED2. 佳里", "label": "臺南近傍 12 ED2. 佳里", "call_short": "G7910 S25 .J3", "call_num": "G7910 S25 .J3 F-12 ED.2", "recid": "wp163rm9863", "websiteUrl": "https://purl.stanford.edu/wp163rm9863", "title": "二万五千分一地形圖 [臺灣]", "ckey": 10716764, "available": true, "iiifUrl": "https://purl.stanford.edu/wp163rm9863/iiif/manifest" }, "geometry": { "type": "Polygon", "coordinates": [ [ [ 120.125, 23.083333 ], [ 120.25, 23.083333 ], [ 120.25, 23.1666663 ], [ 120.125, 23.1666663 ], [ 120.125, 23.083333 ] ] ] } },
{ "type": "Feature", "properties": { "Id": 0, "Sheet_ID": "臺南近傍 14 ED2. 臺南南部", "label": "臺南近傍 14 ED2. 臺南南部", "call_short": "G7910 S25 .J3", "call_num": "G7910 S25 .J3 F-14 ED.2", "recid": "dw589xd2049", "websiteUrl": "https://purl.stanford.edu/dw589xd2049", "title": "二万五千分一地形圖 [臺灣]", "ckey": 10716764, "available": true, "iiifUrl": "https://purl.stanford.edu/dw589xd2049/iiif/manifest" }, "geometry": { "type": "Polygon", "coordinates": [ [ [ 120.125, 22.9166663 ], [ 120.25, 22.9166663 ], [ 120.25, 22.9999997 ], [ 120.125, 22.9999997 ], [ 120.125, 22.9166663 ] ] ] } }
]
}
