{
"type": "FeatureCollection",
"name": "index_map",
"xy_coordinate_resolution": 1e-07,
"features": [
{ "type": "Feature", "properties": { "Id": 0, "Sheet_ID": "旭川近傍 12", "label": "旭川近傍 12", "call_short": "G7960 S25 .J3", "call_num": "G7960 S25 .J3 1-12", "recid": "jd094qj9665", "websiteUrl": "https://purl.stanford.edu/jd094qj9665", "title": "二万五千分一地形圖 旭川近傍", "ckey": 10561302, "available": true, "iiifUrl": "https://purl.stanford.edu/jd094qj9665/iiif/manifest" }, "geometry": { "type": "Polygon", "coordinates": [ [ [ 142.377778, 43.5 ], [ 142.502778, 43.5 ], [ 142.502778, 43.5833334 ], [ 142.377778, 43.5833334 ], [ 142.377778, 43.5 ] ] ] } },
{ "type": "Feature", "properties": { "Id": 0, "Sheet_ID": "旭川近傍 7", "label": "旭川近傍 7", "call_short": "G7960 S25 .J3", "call_num": "G7960 S25 .J3 1-7", "recid": "gj613sd5509", "websiteUrl": "https://purl.stanford.edu/gj613sd5509", "title": "二万五千分一地形圖 旭川近傍", "ckey": 10561302, "available": true, "iiifUrl": "https://purl.stanford.edu/gj613sd5509/iiif/manifest" }, "geometry": { "type": "Polygon", "coordinates": [ [ [ 142.502778, 43.5 ], [ 142.627778, 43.5 ], [ 142.627778, 43.5833334 ], [ 142.502778, 43.5833334 ], [ 142.502778, 43.5 ] ] ] } },
{ "type": "Feature", "properties": { "Id": 0, "Sheet_ID": "旭川近傍 11", "label": "旭川近傍 11", "call_short": "G7960 S25 .J3", "call_num": "G7960 S25 .J3 1-11", "recid": "cm765ws2084", "websiteUrl": "https://purl.stanford.edu/cm765ws2084", "title": "二万五千分一地形圖 旭川近傍", "ckey": 10561302, "available": true, "iiifUrl": "https://purl.stanford.edu/cm765ws2084/iiif/manifest" }, "geometry": { "type": "Polygon", "coordinates": [ [ [ 142.377778, 43.5833334 ], [ 142.502778, 43.5833334 ], [ 142.502778, 43.6666668 ], [ 142.377778, 43.6666668 ], [ 142.377778, 43.5833334 ] ] ] } },
{ "type": "Feature", "properties": { "Id": 0, "Sheet_ID": "旭川近傍 6", "label": "旭川近傍 6", "call_short": "G7960 S25 .J3", "call_num": "G7960 S25 .J3 1-6", "recid": "bb129nq1018", "websiteUrl": "https://purl.stanford.edu/bb129nq1018", "title": "二万五千分一地形圖 旭川近傍", "ckey": 10561302, "available": true, "iiifUrl": "https://purl.stanford.edu/bb129nq1018/iiif/manifest" }, "geometry": { "type": "Polygon", "coordinates": [ [ [ 142.502778, 43.5833334 ], [ 142.627778, 43.5833334 ], [ 142.627778, 43.6666668 ], [ 142.502778, 43.6666668 ], [ 142.502778, 43.5833334 ] ] ] } },
{ "type": "Feature", "properties": { "Id": 0, "Sheet_ID": "旭川近傍 15", "label": "旭川近傍 15", "call_short": "G7960 S25 .J3", "call_num": "G7960 S25 .J3 1-15", "recid": "wg013qy9370", "websiteUrl": "https://purl.stanford.edu/wg013qy9370", "title": "二万五千分一地形圖 旭川近傍", "ckey": 10561302, "available": true, "iiifUrl": "https://purl.stanford.edu/wg013qy9370/iiif/manifest" }, "geometry": { "type": "Polygon", "coordinates": [ [ [ 142.252778, 43.6666668 ], [ 142.377778, 43.6666668 ], [ 142.377778, 43.7500002 ], [ 142.252778, 43.7500002 ], [ 142.252778, 43.6666668 ] ] ] } },
{ "type": "Feature", "properties": { "Id": 0, "Sheet_ID": "旭川近傍 10", "label": "旭川近傍 10", "call_short": "G7960 S25 .J3", "call_num": "G7960 S25 .J3 1-10", "recid": "xz908dq9588", "websiteUrl": "https://purl.stanford.edu/xz908dq9588", "title": "二万五千分一地形圖 旭川近傍", "ckey": 10561302, "available": true, "iiifUrl": "https://purl.stanford.edu/xz908dq9588/iiif/manifest" }, "geometry": { "type": "Polygon", "coordinates": [ [ [ 142.377778, 43.6666668 ], [ 142.502778, 43.6666668 ], [ 142.502778, 43.7500002 ], [ 142.377778, 43.7500002 ], [ 142.377778, 43.6666668 ] ] ] } },
{ "type": "Feature", "properties": { "Id": 0, "Sheet_ID": "旭川近傍 5", "label": "旭川近傍 5", "call_short": "G7960 S25 .J3", "call_num": "G7960 S25 .J3 1-5", "recid": "nb006dd5355", "websiteUrl": "https://purl.stanford.edu/nb006dd5355", "title": "二万五千分一地形圖 旭川近傍", "ckey": 10561302, "available": true, "iiifUrl": "https://purl.stanford.edu/nb006dd5355/iiif/manifest" }, "geometry": { "type": "Polygon", "coordinates": [ [ [ 142.502778, 43.6666668 ], [ 142.627778, 43.6666668 ], [ 142.627778, 43.7500002 ], [ 142.502778, 43.7500002 ], [ 142.502778, 43.6666668 ] ] ] } },
{ "type": "Feature", "properties": { "Id": 0, "Sheet_ID": "旭川近傍 14", "label": "旭川近傍 14", "call_short": "G7960 S25 .J3", "call_num": "G7960 S25 .J3 1-14", "recid": "mr560sj5194", "websiteUrl": "https://purl.stanford.edu/mr560sj5194", "title": "二万五千分一地形圖 旭川近傍", "ckey": 10561302, "available": true, "iiifUrl": "https://purl.stanford.edu/mr560sj5194/iiif/manifest" }, "geometry": { "type": "Polygon", "coordinates": [ [ [ 142.252778, 43.7500002 ], [ 142.377778, 43.7500002 ], [ 142.377778, 43.8333336 ], [ 142.252778, 43.8333336 ], [ 142.252778, 43.7500002 ] ] ] } },
{ "type": "Feature", "properties": { "Id": 0, "Sheet_ID": "旭川近傍 9", "label": "旭川近傍 9", "call_short": "G7960 S25 .J3", "call_num": "G7960 S25 .J3 1-9", "recid": "fg350hz2635", "websiteUrl": "https://purl.stanford.edu/fg350hz2635", "title": "二万五千分一地形圖 旭川近傍", "ckey": 10561302, "available": true, "iiifUrl": "https://purl.stanford.edu/fg350hz2635/iiif/manifest" }, "geometry": { "type": "Polygon", "coordinates": [ [ [ 142.377778, 43.7500002 ], [ 142.502778, 43.7500002 ], [ 142.502778, 43.8333336 ], [ 142.377778, 43.8333336 ], [ 142.377778, 43.7500002 ] ] ] } },
{ "type": "Feature", "properties": { "Id": 0, "Sheet_ID": "旭川近傍 4", "label": "旭川近傍 4", "call_short": "G7960 S25 .J3", "call_num": "G7960 S25 .J3 1-4", "recid": "bz559df8803", "websiteUrl": "https://purl.stanford.edu/bz559df8803", "title": "二万五千分一地形圖 旭川近傍", "ckey": 10561302, "available": true, "iiifUrl": "https://purl.stanford.edu/bz559df8803/iiif/manifest" }, "geometry": { "type": "Polygon", "coordinates": [ [ [ 142.502778, 43.7500002 ], [ 142.627778, 43.7500002 ], [ 142.627778, 43.8333336 ], [ 142.502778, 43.8333336 ], [ 142.502778, 43.7500002 ] ] ] } },
{ "type": "Feature", "properties": { "Id": 0, "Sheet_ID": "旭川近傍 2", "label": "旭川近傍 2", "call_short": "G7960 S25 .J3", "call_num": "G7960 S25 .J3 1-2", "recid": "tv161nq8600", "websiteUrl": "https://purl.stanford.edu/tv161nq8600", "title": "二万五千分一地形圖 旭川近傍", "ckey": 10561302, "available": true, "iiifUrl": "https://purl.stanford.edu/tv161nq8600/iiif/manifest" }, "geometry": { "type": "Polygon", "coordinates": [ [ [ 142.627778, 43.7500002 ], [ 142.752778, 43.7500002 ], [ 142.752778, 43.8333336 ], [ 142.627778, 43.8333336 ], [ 142.627778, 43.7500002 ] ] ] } },
{ "type": "Feature", "properties": { "Id": 0, "Sheet_ID": "旭川近傍 13", "label": "旭川近傍 13", "call_short": "G7960 S25 .J3", "call_num": "G7960 S25 .J3 1-13", "recid": "xf213sz1479", "websiteUrl": "https://purl.stanford.edu/xf213sz1479", "title": "二万五千分一地形圖 旭川近傍", "ckey": 10561302, "available": true, "iiifUrl": "https://purl.stanford.edu/xf213sz1479/iiif/manifest" }, "geometry": { "type": "Polygon", "coordinates": [ [ [ 142.252778, 43.8333336 ], [ 142.377778, 43.8333336 ], [ 142.377778, 43.916667 ], [ 142.252778, 43.916667 ], [ 142.252778, 43.8333336 ] ] ] } },
{ "type": "Feature", "properties": { "Id": 0, "Sheet_ID": "旭川近傍 8", "label": "旭川近傍 8", "call_short": "G7960 S25 .J3", "call_num": "G7960 S25 .J3 1-8", "recid": "wc827tw7963", "websiteUrl": "https://purl.stanford.edu/wc827tw7963", "title": "二万五千分一地形圖 旭川近傍", "ckey": 10561302, "available": true, "iiifUrl": "https://purl.stanford.edu/wc827tw7963/iiif/manifest" }, "geometry": { "type": "Polygon", "coordinates": [ [ [ 142.377778, 43.8333336 ], [ 142.502778, 43.8333336 ], [ 142.502778, 43.916667 ], [ 142.377778, 43.916667 ], [ 142.377778, 43.8333336 ] ] ] } },
{ "type": "Feature", "properties": { "Id": 0, "Sheet_ID": "旭川近傍 3", "label": "旭川近傍 3", "call_short": "G7960 S25 .J3", "call_num": "G7960 S25 .J3 1-3", "recid": "cq575wy1809", "websiteUrl": "https://purl.stanford.edu/cq575wy1809", "title": "二万五千分一地形圖 旭川近傍", "ckey": 10561302, "available": true, "iiifUrl": "https://purl.stanford.edu/cq575wy1809/iiif/manifest" }, "geometry": { "type": "Polygon", "coordinates": [ [ [ 142.502778, 43.8333336 ], [ 142.627778, 43.8333336 ], [ 142.627778, 43.916667 ], [ 142.502778, 43.916667 ], [ 142.502778, 43.8333336 ] ] ] } },
{ "type": "Feature", "properties": { "Id": 0, "Sheet_ID": "旭川近傍 1", "label": "旭川近傍 1", "call_short": "G7960 S25 .J3", "call_num": "G7960 S25 .J3 1-1", "recid": "wv811fv4237", "websiteUrl": "https://purl.stanford.edu/wv811fv4237", "title": "二万五千分一地形圖 旭川近傍", "ckey": 10561302, "available": true, "iiifUrl": "https://purl.stanford.edu/wv811fv4237/iiif/manifest" }, "geometry": { "type": "Polygon", "coordinates": [ [ [ 142.627778, 43.8333336 ], [ 142.752778, 43.8333336 ], [ 142.752778, 43.916667 ], [ 142.627778, 43.916667 ], [ 142.627778, 43.8333336 ] ] ] } },
{ "type": "Feature", "properties": { "Id": 0, "Sheet_ID": "札幌近傍 8", "label": "札幌近傍 8", "call_short": "G7960 S25 .J3", "call_num": "G7960 S25 .J3 2-8", "recid": "pd623hc9680", "websiteUrl": "https://purl.stanford.edu/pd623hc9680", "title": "二万五千分一地形圖 札幌近傍", "ckey": 10561302, "available": true, "iiifUrl": "https://purl.stanford.edu/pd623hc9680/iiif/manifest" }, "geometry": { "type": "Polygon", "coordinates": [ [ [ 141.377778, 42.833333 ], [ 141.502778, 42.833333 ], [ 141.502778, 42.9166664 ], [ 141.377778, 42.9166664 ], [ 141.377778, 42.833333 ] ] ] } },
{ "type": "Feature", "properties": { "Id": 0, "Sheet_ID": "札幌近傍 4", "label": "札幌近傍 4", "call_short": "G7960 S25 .J3", "call_num": "G7960 S25 .J3 2-4", "recid": "yy776wk6531", "websiteUrl": "https://purl.stanford.edu/yy776wk6531", "title": "二万五千分一地形圖 札幌近傍", "ckey": 10561302, "available": true, "iiifUrl": "https://purl.stanford.edu/yy776wk6531/iiif/manifest" }, "geometry": { "type": "Polygon", "coordinates": [ [ [ 141.502778, 42.833333 ], [ 141.627778, 42.833333 ], [ 141.627778, 42.9166664 ], [ 141.502778, 42.9166664 ], [ 141.502778, 42.833333 ] ] ] } },
{ "type": "Feature", "properties": { "Id": 0, "Sheet_ID": "札幌近傍 11", "label": "札幌近傍 11", "call_short": "G7960 S25 .J3", "call_num": "G7960 S25 .J3 2-11", "recid": "fy176gq0185", "websiteUrl": "https://purl.stanford.edu/fy176gq0185", "title": "二万五千分一地形圖 札幌近傍", "ckey": 10561302, "available": true, "iiifUrl": "https://purl.stanford.edu/fy176gq0185/iiif/manifest" }, "geometry": { "type": "Polygon", "coordinates": [ [ [ 141.252778, 42.9166664 ], [ 141.377778, 42.9166664 ], [ 141.377778, 42.9999998 ], [ 141.252778, 42.9999998 ], [ 141.252778, 42.9166664 ] ] ] } },
{ "type": "Feature", "properties": { "Id": 0, "Sheet_ID": "札幌近傍 7", "label": "札幌近傍 7", "call_short": "G7960 S25 .J3", "call_num": "G7960 S25 .J3 2-7", "recid": "rp903qx7753", "websiteUrl": "https://purl.stanford.edu/rp903qx7753", "title": "二万五千分一地形圖 札幌近傍", "ckey": 10561302, "available": true, "iiifUrl": "https://purl.stanford.edu/rp903qx7753/iiif/manifest" }, "geometry": { "type": "Polygon", "coordinates": [ [ [ 141.377778, 42.9166664 ], [ 141.502778, 42.9166664 ], [ 141.502778, 42.9999998 ], [ 141.377778, 42.9999998 ], [ 141.377778, 42.9166664 ] ] ] } },
{ "type": "Feature", "properties": { "Id": 0, "Sheet_ID": "札幌近傍 3", "label": "札幌近傍 3", "call_short": "0", "call_num": "0", "recid": "0", "websiteUrl": "0", "title": "0", "ckey": 0, "available": false, "iiifUrl": "0" }, "geometry": { "type": "Polygon", "coordinates": [ [ [ 141.502778, 42.9166664 ], [ 141.627778, 42.9166664 ], [ 141.627778, 42.9999998 ], [ 141.502778, 42.9999998 ], [ 141.502778, 42.9166664 ] ] ] } },
{ "type": "Feature", "properties": { "Id": 0, "Sheet_ID": "札幌近傍 10", "label": "札幌近傍 10", "call_short": "G7960 S25 .J3", "call_num": "G7960 S25 .J3 2-10", "recid": "rd048gs8281", "websiteUrl": "https://purl.stanford.edu/rd048gs8281", "title": "二万五千分一地形圖 札幌近傍", "ckey": 10561302, "available": true, "iiifUrl": "https://purl.stanford.edu/rd048gs8281/iiif/manifest" }, "geometry": { "type": "Polygon", "coordinates": [ [ [ 141.252778, 42.9999998 ], [ 141.377778, 42.9999998 ], [ 141.377778, 43.0833332 ], [ 141.252778, 43.0833332 ], [ 141.252778, 42.9999998 ] ] ] } },
{ "type": "Feature", "properties": { "Id": 0, "Sheet_ID": "札幌近傍 6", "label": "札幌近傍 6", "call_short": "G7960 S25 .J3", "call_num": "G7960 S25 .J3 2-6", "recid": "xc920nb0861", "websiteUrl": "https://purl.stanford.edu/xc920nb0861", "title": "二万五千分一地形圖 札幌近傍", "ckey": 10561302, "available": true, "iiifUrl": "https://purl.stanford.edu/xc920nb0861/iiif/manifest" }, "geometry": { "type": "Polygon", "coordinates": [ [ [ 141.377778, 42.9999998 ], [ 141.502778, 42.9999998 ], [ 141.502778, 43.0833332 ], [ 141.377778, 43.0833332 ], [ 141.377778, 42.9999998 ] ] ] } },
{ "type": "Feature", "properties": { "Id": 0, "Sheet_ID": "札幌近傍 2", "label": "札幌近傍 2", "call_short": "0", "call_num": "0", "recid": "0", "websiteUrl": "0", "title": "0", "ckey": 0, "available": false, "iiifUrl": "0" }, "geometry": { "type": "Polygon", "coordinates": [ [ [ 141.502778, 42.9999998 ], [ 141.627778, 42.9999998 ], [ 141.627778, 43.0833332 ], [ 141.502778, 43.0833332 ], [ 141.502778, 42.9999998 ] ] ] } },
{ "type": "Feature", "properties": { "Id": 0, "Sheet_ID": "札幌近傍 14", "label": "札幌近傍 14", "call_short": "G7960 S25 .J3", "call_num": "G7960 S25 .J3 2-14", "recid": "kf223sq5947", "websiteUrl": "https://purl.stanford.edu/kf223sq5947", "title": "二万五千分一地形圖 札幌近傍", "ckey": 10561302, "available": true, "iiifUrl": "https://purl.stanford.edu/kf223sq5947/iiif/manifest" }, "geometry": { "type": "Polygon", "coordinates": [ [ [ 141.002778, 43.0833332 ], [ 141.127778, 43.0833332 ], [ 141.127778, 43.1666666 ], [ 141.002778, 43.1666666 ], [ 141.002778, 43.0833332 ] ] ] } },
{ "type": "Feature", "properties": { "Id": 0, "Sheet_ID": "札幌近傍 12", "label": "札幌近傍 12", "call_short": "G7960 S25 .J3", "call_num": "G7960 S25 .J3 2-12", "recid": "cs702gv6300", "websiteUrl": "https://purl.stanford.edu/cs702gv6300", "title": "二万五千分一地形圖 札幌近傍", "ckey": 10561302, "available": true, "iiifUrl": "https://purl.stanford.edu/cs702gv6300/iiif/manifest" }, "geometry": { "type": "Polygon", "coordinates": [ [ [ 141.127778, 43.0833332 ], [ 141.252778, 43.0833332 ], [ 141.252778, 43.1666666 ], [ 141.127778, 43.1666666 ], [ 141.127778, 43.0833332 ] ] ] } },
{ "type": "Feature", "properties": { "Id": 0, "Sheet_ID": "札幌近傍 9", "label": "札幌近傍 9", "call_short": "G7960 S25 .J3", "call_num": "G7960 S25 .J3 2-9", "recid": "jy224jq5300", "websiteUrl": "https://purl.stanford.edu/jy224jq5300", "title": "二万五千分一地形圖 札幌近傍", "ckey": 10561302, "available": true, "iiifUrl": "https://purl.stanford.edu/jy224jq5300/iiif/manifest" }, "geometry": { "type": "Polygon", "coordinates": [ [ [ 141.252778, 43.0833332 ], [ 141.377778, 43.0833332 ], [ 141.377778, 43.1666666 ], [ 141.252778, 43.1666666 ], [ 141.252778, 43.0833332 ] ] ] } },
{ "type": "Feature", "properties": { "Id": 0, "Sheet_ID": "札幌近傍 5", "label": "札幌近傍 5", "call_short": "G7960 S25 .J3", "call_num": "G7960 S25 .J3 2-5", "recid": "fx846yv1390", "websiteUrl": "https://purl.stanford.edu/fx846yv1390", "title": "二万五千分一地形圖 札幌近傍", "ckey": 10561302, "available": true, "iiifUrl": "https://purl.stanford.edu/fx846yv1390/iiif/manifest" }, "geometry": { "type": "Polygon", "coordinates": [ [ [ 141.377778, 43.0833332 ], [ 141.502778, 43.0833332 ], [ 141.502778, 43.1666666 ], [ 141.377778, 43.1666666 ], [ 141.377778, 43.0833332 ] ] ] } },
{ "type": "Feature", "properties": { "Id": 0, "Sheet_ID": "札幌近傍 1", "label": "札幌近傍 1", "call_short": "G7960 S25 .J3", "call_num": "G7960 S25 .J3 2-1", "recid": "hr497wz8182", "websiteUrl": "https://purl.stanford.edu/hr497wz8182", "title": "二万五千分一地形圖 札幌近傍", "ckey": 10561302, "available": true, "iiifUrl": "https://purl.stanford.edu/hr497wz8182/iiif/manifest" }, "geometry": { "type": "Polygon", "coordinates": [ [ [ 141.502778, 43.0833332 ], [ 141.627778, 43.0833332 ], [ 141.627778, 43.1666666 ], [ 141.502778, 43.1666666 ], [ 141.502778, 43.0833332 ] ] ] } },
{ "type": "Feature", "properties": { "Id": 0, "Sheet_ID": "札幌近傍 15", "label": "札幌近傍 15", "call_short": "G7960 S25 .J3", "call_num": "G7960 S25 .J3 2-15", "recid": "jj294gn0136", "websiteUrl": "https://purl.stanford.edu/jj294gn0136", "title": "二万五千分一地形圖 札幌近傍", "ckey": 10561302, "available": true, "iiifUrl": "https://purl.stanford.edu/jj294gn0136/iiif/manifest" }, "geometry": { "type": "Polygon", "coordinates": [ [ [ 140.877778, 43.1666666 ], [ 141.002778, 43.1666666 ], [ 141.002778, 43.25 ], [ 140.877778, 43.25 ], [ 140.877778, 43.1666666 ] ] ] } },
{ "type": "Feature", "properties": { "Id": 0, "Sheet_ID": "札幌近傍 13", "label": "札幌近傍 13", "call_short": "G7960 S25 .J3", "call_num": "G7960 S25 .J3 2-13", "recid": "yz652qm2071", "websiteUrl": "https://purl.stanford.edu/yz652qm2071", "title": "二万五千分一地形圖 札幌近傍", "ckey": 10561302, "available": true, "iiifUrl": "https://purl.stanford.edu/yz652qm2071/iiif/manifest" }, "geometry": { "type": "Polygon", "coordinates": [ [ [ 141.002778, 43.1666666 ], [ 141.127778, 43.1666666 ], [ 141.127778, 43.25 ], [ 141.002778, 43.25 ], [ 141.002778, 43.1666666 ] ] ] } },
{ "type": "Feature", "properties": { "Id": 0, "Sheet_ID": "青森及弘前近傍 19", "label": "青森及弘前近傍 19", "call_short": "0", "call_num": "0", "recid": "0", "websiteUrl": "0", "title": "0", "ckey": 0, "available": false, "iiifUrl": "0" }, "geometry": { "type": "Polygon", "coordinates": [ [ [ 140.502778, 40.416667 ], [ 140.627778, 40.416667 ], [ 140.627778, 40.5000003 ], [ 140.502778, 40.5000003 ], [ 140.502778, 40.416667 ] ] ] } },
{ "type": "Feature", "properties": { "Id": 0, "Sheet_ID": "青森及弘前近傍 13", "label": "青森及弘前近傍 13", "call_short": "G7960 S25 .J3", "call_num": "G7960 S25 .J3 4-13", "recid": "rp336cd5251", "websiteUrl": "https://purl.stanford.edu/rp336cd5251", "title": "二万五千分一地形圖 青森及弘前近傍", "ckey": 10561302, "available": true, "iiifUrl": "https://purl.stanford.edu/rp336cd5251/iiif/manifest" }, "geometry": { "type": "Polygon", "coordinates": [ [ [ 140.627778, 40.416667 ], [ 140.752778, 40.416667 ], [ 140.752778, 40.5000003 ], [ 140.627778, 40.5000003 ], [ 140.627778, 40.416667 ] ] ] } },
{ "type": "Feature", "properties": { "Id": 0, "Sheet_ID": "青森及弘前近傍 29", "label": "青森及弘前近傍 29", "call_short": "G7960 S25 .J3", "call_num": "G7960 S25 .J3 4-29", "recid": "jq790yc8188", "websiteUrl": "https://purl.stanford.edu/jq790yc8188", "title": "二万五千分一地形圖 青森及弘前近傍", "ckey": 10561302, "available": true, "iiifUrl": "https://purl.stanford.edu/jq790yc8188/iiif/manifest" }, "geometry": { "type": "Polygon", "coordinates": [ [ [ 140.252778, 40.5000003 ], [ 140.377778, 40.5000003 ], [ 140.377778, 40.5833336 ], [ 140.252778, 40.5833336 ], [ 140.252778, 40.5000003 ] ] ] } },
{ "type": "Feature", "properties": { "Id": 0, "Sheet_ID": "青森及弘前近傍 24", "label": "青森及弘前近傍 24", "call_short": "0", "call_num": "0", "recid": "0", "websiteUrl": "0", "title": "0", "ckey": 0, "available": false, "iiifUrl": "0" }, "geometry": { "type": "Polygon", "coordinates": [ [ [ 140.377778, 40.5000003 ], [ 140.502778, 40.5000003 ], [ 140.502778, 40.5833336 ], [ 140.377778, 40.5833336 ], [ 140.377778, 40.5000003 ] ] ] } },
{ "type": "Feature", "properties": { "Id": 0, "Sheet_ID": "青森及弘前近傍 18", "label": "青森及弘前近傍 18", "call_short": "G7960 S25 .J3", "call_num": "G7960 S25 .J3 4-18", "recid": "yw419cc2781", "websiteUrl": "https://purl.stanford.edu/yw419cc2781", "title": "二万五千分一地形圖 青森及弘前近傍", "ckey": 10561302, "available": true, "iiifUrl": "https://purl.stanford.edu/yw419cc2781/iiif/manifest" }, "geometry": { "type": "Polygon", "coordinates": [ [ [ 140.502778, 40.5000003 ], [ 140.627778, 40.5000003 ], [ 140.627778, 40.5833336 ], [ 140.502778, 40.5833336 ], [ 140.502778, 40.5000003 ] ] ] } },
{ "type": "Feature", "properties": { "Id": 0, "Sheet_ID": "青森及弘前近傍 12", "label": "青森及弘前近傍 12", "call_short": "G7960 S25 .J3", "call_num": "G7960 S25 .J3 4-12", "recid": "xt337wb7992", "websiteUrl": "https://purl.stanford.edu/xt337wb7992", "title": "二万五千分一地形圖 青森及弘前近傍", "ckey": 10561302, "available": true, "iiifUrl": "https://purl.stanford.edu/xt337wb7992/iiif/manifest" }, "geometry": { "type": "Polygon", "coordinates": [ [ [ 140.627778, 40.5000003 ], [ 140.752778, 40.5000003 ], [ 140.752778, 40.5833336 ], [ 140.627778, 40.5833336 ], [ 140.627778, 40.5000003 ] ] ] } },
{ "type": "Feature", "properties": { "Id": 0, "Sheet_ID": "青森及弘前近傍 28", "label": "青森及弘前近傍 28", "call_short": "G7960 S25 .J3", "call_num": "G7960 S25 .J3 4-28", "recid": "rs530ct3545", "websiteUrl": "https://purl.stanford.edu/rs530ct3545", "title": "二万五千分一地形圖 青森及弘前近傍", "ckey": 10561302, "available": true, "iiifUrl": "https://purl.stanford.edu/rs530ct3545/iiif/manifest" }, "geometry": { "type": "Polygon", "coordinates": [ [ [ 140.252778, 40.5833336 ], [ 140.377778, 40.5833336 ], [ 140.377778, 40.6666669 ], [ 140.252778, 40.6666669 ], [ 140.252778, 40.5833336 ] ] ] } },
{ "type": "Feature", "properties": { "Id": 0, "Sheet_ID": "青森及弘前近傍 23", "label": "青森及弘前近傍 23", "call_short": "G7960 S25 .J3", "call_num": "G7960 S25 .J3 4-23", "recid": "pt951jn3092", "websiteUrl": "https://purl.stanford.edu/pt951jn3092", "title": "二万五千分一地形圖 青森及弘前近傍", "ckey": 10561302, "available": true, "iiifUrl": "https://purl.stanford.edu/pt951jn3092/iiif/manifest" }, "geometry": { "type": "Polygon", "coordinates": [ [ [ 140.377778, 40.5833336 ], [ 140.502778, 40.5833336 ], [ 140.502778, 40.6666669 ], [ 140.377778, 40.6666669 ], [ 140.377778, 40.5833336 ] ] ] } },
{ "type": "Feature", "properties": { "Id": 0, "Sheet_ID": "青森及弘前近傍 17", "label": "青森及弘前近傍 17", "call_short": "G7960 S25 .J3", "call_num": "G7960 S25 .J3 4-17", "recid": "ht279kc9925", "websiteUrl": "https://purl.stanford.edu/ht279kc9925", "title": "二万五千分一地形圖 青森及弘前近傍", "ckey": 10561302, "available": true, "iiifUrl": "https://purl.stanford.edu/ht279kc9925/iiif/manifest" }, "geometry": { "type": "Polygon", "coordinates": [ [ [ 140.502778, 40.5833336 ], [ 140.627778, 40.5833336 ], [ 140.627778, 40.6666669 ], [ 140.502778, 40.6666669 ], [ 140.502778, 40.5833336 ] ] ] } },
{ "type": "Feature", "properties": { "Id": 0, "Sheet_ID": "青森及弘前近傍 11", "label": "青森及弘前近傍 11", "call_short": "G7960 S25 .J3", "call_num": "G7960 S25 .J3 4-11", "recid": "pm939ns8454", "websiteUrl": "https://purl.stanford.edu/pm939ns8454", "title": "二万五千分一地形圖 青森及弘前近傍", "ckey": 10561302, "available": true, "iiifUrl": "https://purl.stanford.edu/pm939ns8454/iiif/manifest" }, "geometry": { "type": "Polygon", "coordinates": [ [ [ 140.627778, 40.5833336 ], [ 140.752778, 40.5833336 ], [ 140.752778, 40.6666669 ], [ 140.627778, 40.6666669 ], [ 140.627778, 40.5833336 ] ] ] } },
{ "type": "Feature", "properties": { "Id": 0, "Sheet_ID": "青森及弘前近傍 27", "label": "青森及弘前近傍 27", "call_short": "G7960 S25 .J3", "call_num": "G7960 S25 .J3 4-27", "recid": "vx755zw0437", "websiteUrl": "https://purl.stanford.edu/vx755zw0437", "title": "二万五千分一地形圖 青森及弘前近傍", "ckey": 10561302, "available": true, "iiifUrl": "https://purl.stanford.edu/vx755zw0437/iiif/manifest" }, "geometry": { "type": "Polygon", "coordinates": [ [ [ 140.252778, 40.6666669 ], [ 140.377778, 40.6666669 ], [ 140.377778, 40.7500001 ], [ 140.252778, 40.7500001 ], [ 140.252778, 40.6666669 ] ] ] } },
{ "type": "Feature", "properties": { "Id": 0, "Sheet_ID": "青森及弘前近傍 22", "label": "青森及弘前近傍 22", "call_short": "G7960 S25 .J3", "call_num": "G7960 S25 .J3 4-22", "recid": "cg936hg1901", "websiteUrl": "https://purl.stanford.edu/cg936hg1901", "title": "二万五千分一地形圖 青森及弘前近傍", "ckey": 10561302, "available": true, "iiifUrl": "https://purl.stanford.edu/cg936hg1901/iiif/manifest" }, "geometry": { "type": "Polygon", "coordinates": [ [ [ 140.377778, 40.6666669 ], [ 140.502778, 40.6666669 ], [ 140.502778, 40.7500001 ], [ 140.377778, 40.7500001 ], [ 140.377778, 40.6666669 ] ] ] } },
{ "type": "Feature", "properties": { "Id": 0, "Sheet_ID": "青森及弘前近傍 16", "label": "青森及弘前近傍 16", "call_short": "G7960 S25 .J3", "call_num": "G7960 S25 .J3 4-16", "recid": "kn978ff4876", "websiteUrl": "https://purl.stanford.edu/kn978ff4876", "title": "二万五千分一地形圖 青森及弘前近傍", "ckey": 10561302, "available": true, "iiifUrl": "https://purl.stanford.edu/kn978ff4876/iiif/manifest" }, "geometry": { "type": "Polygon", "coordinates": [ [ [ 140.502778, 40.6666669 ], [ 140.627778, 40.6666669 ], [ 140.627778, 40.7500001 ], [ 140.502778, 40.7500001 ], [ 140.502778, 40.6666669 ] ] ] } },
{ "type": "Feature", "properties": { "Id": 0, "Sheet_ID": "青森及弘前近傍 10", "label": "青森及弘前近傍 10", "call_short": "G7960 S25 .J3", "call_num": "G7960 S25 .J3 4-10", "recid": "cf798rt3344", "websiteUrl": "https://purl.stanford.edu/cf798rt3344", "title": "二万五千分一地形圖 青森及弘前近傍", "ckey": 10561302, "available": true, "iiifUrl": "https://purl.stanford.edu/cf798rt3344/iiif/manifest" }, "geometry": { "type": "Polygon", "coordinates": [ [ [ 140.627778, 40.6666669 ], [ 140.752778, 40.6666669 ], [ 140.752778, 40.7500001 ], [ 140.627778, 40.7500001 ], [ 140.627778, 40.6666669 ] ] ] } },
{ "type": "Feature", "properties": { "Id": 0, "Sheet_ID": "青森及弘前近傍 7", "label": "青森及弘前近傍 7", "call_short": "G7960 S25 .J3", "call_num": "G7960 S25 .J3 4-7", "recid": "gy606cs4659", "websiteUrl": "https://purl.stanford.edu/gy606cs4659", "title": "二万五千分一地形圖 青森及弘前近傍", "ckey": 10561302, "available": true, "iiifUrl": "https://purl.stanford.edu/gy606cs4659/iiif/manifest" }, "geometry": { "type": "Polygon", "coordinates": [ [ [ 140.752778, 40.6666669 ], [ 140.877778, 40.6666669 ], [ 140.877778, 40.7500001 ], [ 140.752778, 40.7500001 ], [ 140.752778, 40.6666669 ] ] ] } },
{ "type": "Feature", "properties": { "Id": 0, "Sheet_ID": "青森及弘前近傍 30", "label": "青森及弘前近傍 30", "call_short": "G7960 S25 .J3", "call_num": "G7960 S25 .J3 4-30", "recid": "tk574rb1557", "websiteUrl": "https://purl.stanford.edu/tk574rb1557", "title": "二万五千分一地形圖 青森及弘前近傍", "ckey": 10561302, "available": true, "iiifUrl": "https://purl.stanford.edu/tk574rb1557/iiif/manifest" }, "geometry": { "type": "Polygon", "coordinates": [ [ [ 140.127778, 40.7500001 ], [ 140.252778, 40.7500001 ], [ 140.252778, 40.8333334 ], [ 140.127778, 40.8333334 ], [ 140.127778, 40.7500001 ] ] ] } },
{ "type": "Feature", "properties": { "Id": 0, "Sheet_ID": "青森及弘前近傍 26", "label": "青森及弘前近傍 26", "call_short": "G7960 S25 .J3", "call_num": "G7960 S25 .J3 4-26", "recid": "ns335qr0527", "websiteUrl": "https://purl.stanford.edu/ns335qr0527", "title": "二万五千分一地形圖 青森及弘前近傍", "ckey": 10561302, "available": true, "iiifUrl": "https://purl.stanford.edu/ns335qr0527/iiif/manifest" }, "geometry": { "type": "Polygon", "coordinates": [ [ [ 140.252778, 40.7500001 ], [ 140.377778, 40.7500001 ], [ 140.377778, 40.8333334 ], [ 140.252778, 40.8333334 ], [ 140.252778, 40.7500001 ] ] ] } },
{ "type": "Feature", "properties": { "Id": 0, "Sheet_ID": "青森及弘前近傍 21", "label": "青森及弘前近傍 21", "call_short": "G7960 S25 .J3", "call_num": "G7960 S25 .J3 4-21", "recid": "zh183sr9538", "websiteUrl": "https://purl.stanford.edu/zh183sr9538", "title": "二万五千分一地形圖 青森及弘前近傍", "ckey": 10561302, "available": true, "iiifUrl": "https://purl.stanford.edu/zh183sr9538/iiif/manifest" }, "geometry": { "type": "Polygon", "coordinates": [ [ [ 140.377778, 40.7500001 ], [ 140.502778, 40.7500001 ], [ 140.502778, 40.8333334 ], [ 140.377778, 40.8333334 ], [ 140.377778, 40.7500001 ] ] ] } },
{ "type": "Feature", "properties": { "Id": 0, "Sheet_ID": "青森及弘前近傍 15", "label": "青森及弘前近傍 15", "call_short": "G7960 S25 .J3", "call_num": "G7960 S25 .J3 4-15", "recid": "zm560gg6910", "websiteUrl": "https://purl.stanford.edu/zm560gg6910", "title": "二万五千分一地形圖 青森及弘前近傍", "ckey": 10561302, "available": true, "iiifUrl": "https://purl.stanford.edu/zm560gg6910/iiif/manifest" }, "geometry": { "type": "Polygon", "coordinates": [ [ [ 140.502778, 40.7500001 ], [ 140.627778, 40.7500001 ], [ 140.627778, 40.8333334 ], [ 140.502778, 40.8333334 ], [ 140.502778, 40.7500001 ] ] ] } },
{ "type": "Feature", "properties": { "Id": 0, "Sheet_ID": "青森及弘前近傍 9", "label": "青森及弘前近傍 9", "call_short": "G7960 S25 .J3", "call_num": "G7960 S25 .J3 4-9", "recid": "nk859yf7370", "websiteUrl": "https://purl.stanford.edu/nk859yf7370", "title": "二万五千分一地形圖 青森及弘前近傍", "ckey": 10561302, "available": true, "iiifUrl": "https://purl.stanford.edu/nk859yf7370/iiif/manifest" }, "geometry": { "type": "Polygon", "coordinates": [ [ [ 140.627778, 40.7500001 ], [ 140.752778, 40.7500001 ], [ 140.752778, 40.8333334 ], [ 140.627778, 40.8333334 ], [ 140.627778, 40.7500001 ] ] ] } },
{ "type": "Feature", "properties": { "Id": 0, "Sheet_ID": "青森及弘前近傍 6", "label": "青森及弘前近傍 6", "call_short": "G7960 S25 .J3", "call_num": "G7960 S25 .J3 4-6", "recid": "pb503nb9379", "websiteUrl": "https://purl.stanford.edu/pb503nb9379", "title": "二万五千分一地形圖 青森及弘前近傍", "ckey": 10561302, "available": true, "iiifUrl": "https://purl.stanford.edu/pb503nb9379/iiif/manifest" }, "geometry": { "type": "Polygon", "coordinates": [ [ [ 140.752778, 40.7500001 ], [ 140.877778, 40.7500001 ], [ 140.877778, 40.8333334 ], [ 140.752778, 40.8333334 ], [ 140.752778, 40.7500001 ] ] ] } },
{ "type": "Feature", "properties": { "Id": 0, "Sheet_ID": "青森及弘前近傍 3", "label": "青森及弘前近傍 3", "call_short": "G7960 S25 .J3", "call_num": "G7960 S25 .J3 4-3", "recid": "cq929pn3146", "websiteUrl": "https://purl.stanford.edu/cq929pn3146", "title": "二万五千分一地形圖 青森及弘前近傍", "ckey": 10561302, "available": true, "iiifUrl": "https://purl.stanford.edu/cq929pn3146/iiif/manifest" }, "geometry": { "type": "Polygon", "coordinates": [ [ [ 140.877778, 40.7500001 ], [ 141.002778, 40.7500001 ], [ 141.002778, 40.8333334 ], [ 140.877778, 40.8333334 ], [ 140.877778, 40.7500001 ] ] ] } },
{ "type": "Feature", "properties": { "Id": 0, "Sheet_ID": "青森及弘前近傍 25", "label": "青森及弘前近傍 25", "call_short": "0", "call_num": "0", "recid": "0", "websiteUrl": "0", "title": "0", "ckey": 0, "available": false, "iiifUrl": "0" }, "geometry": { "type": "Polygon", "coordinates": [ [ [ 140.252778, 40.8333334 ], [ 140.377778, 40.8333334 ], [ 140.377778, 40.9166667 ], [ 140.252778, 40.9166667 ], [ 140.252778, 40.8333334 ] ] ] } },
{ "type": "Feature", "properties": { "Id": 0, "Sheet_ID": "青森及弘前近傍 20", "label": "青森及弘前近傍 20", "call_short": "G7960 S25 .J3", "call_num": "G7960 S25 .J3 4-20", "recid": "ct572qb1672", "websiteUrl": "https://purl.stanford.edu/ct572qb1672", "title": "二万五千分一地形圖 青森及弘前近傍", "ckey": 10561302, "available": true, "iiifUrl": "https://purl.stanford.edu/ct572qb1672/iiif/manifest" }, "geometry": { "type": "Polygon", "coordinates": [ [ [ 140.377778, 40.8333334 ], [ 140.502778, 40.8333334 ], [ 140.502778, 40.9166667 ], [ 140.377778, 40.9166667 ], [ 140.377778, 40.8333334 ] ] ] } },
{ "type": "Feature", "properties": { "Id": 0, "Sheet_ID": "青森及弘前近傍 14", "label": "青森及弘前近傍 14", "call_short": "0", "call_num": "0", "recid": "0", "websiteUrl": "0", "title": "0", "ckey": 0, "available": false, "iiifUrl": "0" }, "geometry": { "type": "Polygon", "coordinates": [ [ [ 140.502778, 40.8333334 ], [ 140.627778, 40.8333334 ], [ 140.627778, 40.9166667 ], [ 140.502778, 40.9166667 ], [ 140.502778, 40.8333334 ] ] ] } },
{ "type": "Feature", "properties": { "Id": 0, "Sheet_ID": "青森及弘前近傍 8", "label": "青森及弘前近傍 8", "call_short": "G7960 S25 .J3", "call_num": "G7960 S25 .J3 4-8", "recid": "nr067xv3820", "websiteUrl": "https://purl.stanford.edu/nr067xv3820", "title": "二万五千分一地形圖 青森及弘前近傍", "ckey": 10561302, "available": true, "iiifUrl": "https://purl.stanford.edu/nr067xv3820/iiif/manifest" }, "geometry": { "type": "Polygon", "coordinates": [ [ [ 140.627778, 40.8333334 ], [ 140.752778, 40.8333334 ], [ 140.752778, 40.9166667 ], [ 140.627778, 40.9166667 ], [ 140.627778, 40.8333334 ] ] ] } },
{ "type": "Feature", "properties": { "Id": 0, "Sheet_ID": "青森及弘前近傍 5", "label": "青森及弘前近傍 5", "call_short": "0", "call_num": "0", "recid": "0", "websiteUrl": "0", "title": "0", "ckey": 0, "available": false, "iiifUrl": "0" }, "geometry": { "type": "Polygon", "coordinates": [ [ [ 140.752778, 40.8333334 ], [ 140.877778, 40.8333334 ], [ 140.877778, 40.9166667 ], [ 140.752778, 40.9166667 ], [ 140.752778, 40.8333334 ] ] ] } },
{ "type": "Feature", "properties": { "Id": 0, "Sheet_ID": "青森及弘前近傍 2", "label": "青森及弘前近傍 2", "call_short": "G7960 S25 .J3", "call_num": "G7960 S25 .J3 4-2", "recid": "zk954qm8895", "websiteUrl": "https://purl.stanford.edu/zk954qm8895", "title": "二万五千分一地形圖 青森及弘前近傍", "ckey": 10561302, "available": true, "iiifUrl": "https://purl.stanford.edu/zk954qm8895/iiif/manifest" }, "geometry": { "type": "Polygon", "coordinates": [ [ [ 140.877778, 40.8333334 ], [ 141.002778, 40.8333334 ], [ 141.002778, 40.9166667 ], [ 140.877778, 40.9166667 ], [ 140.877778, 40.8333334 ] ] ] } },
{ "type": "Feature", "properties": { "Id": 0, "Sheet_ID": "青森及弘前近傍 4", "label": "青森及弘前近傍 4", "call_short": "G7960 S25 .J3", "call_num": "G7960 S25 .J3 4-4", "recid": "vf865jd3876", "websiteUrl": "https://purl.stanford.edu/vf865jd3876", "title": "二万五千分一地形圖 青森及弘前近傍", "ckey": 10561302, "available": true, "iiifUrl": "https://purl.stanford.edu/vf865jd3876/iiif/manifest" }, "geometry": { "type": "Polygon", "coordinates": [ [ [ 140.752778, 40.9166667 ], [ 140.877778, 40.9166667 ], [ 140.877778, 41.0 ], [ 140.752778, 41.0 ], [ 140.752778, 40.9166667 ] ] ] } },
{ "type": "Feature", "properties": { "Id": 0, "Sheet_ID": "青森及弘前近傍 1", "label": "青森及弘前近傍 1", "call_short": "G7960 S25 .J3", "call_num": "G7960 S25 .J3 4-1", "recid": "hy759gg9029", "websiteUrl": "https://purl.stanford.edu/hy759gg9029", "title": "二万五千分一地形圖 青森及弘前近傍", "ckey": 10561302, "available": true, "iiifUrl": "https://purl.stanford.edu/hy759gg9029/iiif/manifest" }, "geometry": { "type": "Polygon", "coordinates": [ [ [ 140.877778, 40.9166667 ], [ 141.002778, 40.9166667 ], [ 141.002778, 41.0 ], [ 140.877778, 41.0 ], [ 140.877778, 40.9166667 ] ] ] } },
{ "type": "Feature", "properties": { "Id": 0, "Sheet_ID": "盛岡近傍 12", "label": "盛岡近傍 12", "call_short": "0", "call_num": "0", "recid": "0", "websiteUrl": "0", "title": "0", "ckey": 0, "available": false, "iiifUrl": "0" }, "geometry": { "type": "Polygon", "coordinates": [ [ [ 141.002778, 39.5 ], [ 141.127778, 39.5 ], [ 141.127778, 39.5833333 ], [ 141.002778, 39.5833333 ], [ 141.002778, 39.5 ] ] ] } },
{ "type": "Feature", "properties": { "Id": 0, "Sheet_ID": "盛岡近傍 6", "label": "盛岡近傍 6", "call_short": "0", "call_num": "0", "recid": "0", "websiteUrl": "0", "title": "0", "ckey": 0, "available": false, "iiifUrl": "0" }, "geometry": { "type": "Polygon", "coordinates": [ [ [ 141.127778, 39.5 ], [ 141.252778, 39.5 ], [ 141.252778, 39.5833333 ], [ 141.127778, 39.5833333 ], [ 141.127778, 39.5 ] ] ] } },
{ "type": "Feature", "properties": { "Id": 0, "Sheet_ID": "盛岡近傍 11", "label": "盛岡近傍 11", "call_short": "G7960 S25 .J3", "call_num": "G7960 S25 .J3 5-11", "recid": "nm063tt8878", "websiteUrl": "https://purl.stanford.edu/nm063tt8878", "title": "二万五千分一地形圖 盛岡近傍", "ckey": 10561302, "available": true, "iiifUrl": "https://purl.stanford.edu/nm063tt8878/iiif/manifest" }, "geometry": { "type": "Polygon", "coordinates": [ [ [ 141.002778, 39.5833333 ], [ 141.127778, 39.5833333 ], [ 141.127778, 39.6666667 ], [ 141.002778, 39.6666667 ], [ 141.002778, 39.5833333 ] ] ] } },
{ "type": "Feature", "properties": { "Id": 0, "Sheet_ID": "盛岡近傍 5", "label": "盛岡近傍 5", "call_short": "0", "call_num": "0", "recid": "0", "websiteUrl": "0", "title": "0", "ckey": 0, "available": false, "iiifUrl": "0" }, "geometry": { "type": "Polygon", "coordinates": [ [ [ 141.127778, 39.5833333 ], [ 141.252778, 39.5833333 ], [ 141.252778, 39.6666667 ], [ 141.127778, 39.6666667 ], [ 141.127778, 39.5833333 ] ] ] } },
{ "type": "Feature", "properties": { "Id": 0, "Sheet_ID": "盛岡近傍 14", "label": "盛岡近傍 14", "call_short": "0", "call_num": "0", "recid": "0", "websiteUrl": "0", "title": "0", "ckey": 0, "available": false, "iiifUrl": "0" }, "geometry": { "type": "Polygon", "coordinates": [ [ [ 140.877778, 39.6666667 ], [ 141.002778, 39.6666667 ], [ 141.002778, 39.75 ], [ 140.877778, 39.75 ], [ 140.877778, 39.6666667 ] ] ] } },
{ "type": "Feature", "properties": { "Id": 0, "Sheet_ID": "盛岡近傍 10", "label": "盛岡近傍 10", "call_short": "G7960 S25 .J3", "call_num": "G7960 S25 .J3 5-10", "recid": "qc182ky7026", "websiteUrl": "https://purl.stanford.edu/qc182ky7026", "title": "二万五千分一地形圖 盛岡近傍", "ckey": 10561302, "available": true, "iiifUrl": "https://purl.stanford.edu/qc182ky7026/iiif/manifest" }, "geometry": { "type": "Polygon", "coordinates": [ [ [ 141.002778, 39.6666667 ], [ 141.127778, 39.6666667 ], [ 141.127778, 39.75 ], [ 141.002778, 39.75 ], [ 141.002778, 39.6666667 ] ] ] } },
{ "type": "Feature", "properties": { "Id": 0, "Sheet_ID": "盛岡近傍 4", "label": "盛岡近傍 4", "call_short": "G7960 S25 .J3", "call_num": "G7960 S25 .J3 5-4", "recid": "nw049vr2027", "websiteUrl": "https://purl.stanford.edu/nw049vr2027", "title": "二万五千分一地形圖 盛岡近傍", "ckey": 10561302, "available": true, "iiifUrl": "https://purl.stanford.edu/nw049vr2027/iiif/manifest" }, "geometry": { "type": "Polygon", "coordinates": [ [ [ 141.127778, 39.6666667 ], [ 141.252778, 39.6666667 ], [ 141.252778, 39.75 ], [ 141.127778, 39.75 ], [ 141.127778, 39.6666667 ] ] ] } },
{ "type": "Feature", "properties": { "Id": 0, "Sheet_ID": "盛岡近傍 13", "label": "盛岡近傍 13", "call_short": "0", "call_num": "0", "recid": "0", "websiteUrl": "0", "title": "0", "ckey": 0, "available": false, "iiifUrl": "0" }, "geometry": { "type": "Polygon", "coordinates": [ [ [ 140.877778, 39.75 ], [ 141.002778, 39.75 ], [ 141.002778, 39.8333333 ], [ 140.877778, 39.8333333 ], [ 140.877778, 39.75 ] ] ] } },
{ "type": "Feature", "properties": { "Id": 0, "Sheet_ID": "盛岡近傍 9", "label": "盛岡近傍 9", "call_short": "G7960 S25 .J3", "call_num": "G7960 S25 .J3 5-9", "recid": "sp899zr1983", "websiteUrl": "https://purl.stanford.edu/sp899zr1983", "title": "二万五千分一地形圖 盛岡近傍", "ckey": 10561302, "available": true, "iiifUrl": "https://purl.stanford.edu/sp899zr1983/iiif/manifest" }, "geometry": { "type": "Polygon", "coordinates": [ [ [ 141.002778, 39.75 ], [ 141.127778, 39.75 ], [ 141.127778, 39.8333333 ], [ 141.002778, 39.8333333 ], [ 141.002778, 39.75 ] ] ] } },
{ "type": "Feature", "properties": { "Id": 0, "Sheet_ID": "盛岡近傍 3", "label": "盛岡近傍 3", "call_short": "G7960 S25 .J3", "call_num": "G7960 S25 .J3 5-3", "recid": "cj009qv7386", "websiteUrl": "https://purl.stanford.edu/cj009qv7386", "title": "二万五千分一地形圖 盛岡近傍", "ckey": 10561302, "available": true, "iiifUrl": "https://purl.stanford.edu/cj009qv7386/iiif/manifest" }, "geometry": { "type": "Polygon", "coordinates": [ [ [ 141.127778, 39.75 ], [ 141.252778, 39.75 ], [ 141.252778, 39.8333333 ], [ 141.127778, 39.8333333 ], [ 141.127778, 39.75 ] ] ] } },
{ "type": "Feature", "properties": { "Id": 0, "Sheet_ID": "盛岡近傍 8", "label": "盛岡近傍 8", "call_short": "G7960 S25 .J3", "call_num": "G7960 S25 .J3 5-8", "recid": "mj630cr0774", "websiteUrl": "https://purl.stanford.edu/mj630cr0774", "title": "二万五千分一地形圖 盛岡近傍", "ckey": 10561302, "available": true, "iiifUrl": "https://purl.stanford.edu/mj630cr0774/iiif/manifest" }, "geometry": { "type": "Polygon", "coordinates": [ [ [ 141.002778, 39.8333333 ], [ 141.127778, 39.8333333 ], [ 141.127778, 39.9166667 ], [ 141.002778, 39.9166667 ], [ 141.002778, 39.8333333 ] ] ] } },
{ "type": "Feature", "properties": { "Id": 0, "Sheet_ID": "盛岡近傍 2", "label": "盛岡近傍 2", "call_short": "G7960 S25 .J3", "call_num": "G7960 S25 .J3 5-2", "recid": "wd178hr9378", "websiteUrl": "https://purl.stanford.edu/wd178hr9378", "title": "二万五千分一地形圖 盛岡近傍", "ckey": 10561302, "available": true, "iiifUrl": "https://purl.stanford.edu/wd178hr9378/iiif/manifest" }, "geometry": { "type": "Polygon", "coordinates": [ [ [ 141.127778, 39.8333333 ], [ 141.252778, 39.8333333 ], [ 141.252778, 39.9166667 ], [ 141.127778, 39.9166667 ], [ 141.127778, 39.8333333 ] ] ] } },
{ "type": "Feature", "properties": { "Id": 0, "Sheet_ID": "盛岡近傍 7", "label": "盛岡近傍 7", "call_short": "G7960 S25 .J3", "call_num": "G7960 S25 .J3 5-7", "recid": "rh696mr8691", "websiteUrl": "https://purl.stanford.edu/rh696mr8691", "title": "二万五千分一地形圖 盛岡近傍", "ckey": 10561302, "available": true, "iiifUrl": "https://purl.stanford.edu/rh696mr8691/iiif/manifest" }, "geometry": { "type": "Polygon", "coordinates": [ [ [ 141.002778, 39.9166667 ], [ 141.127778, 39.9166667 ], [ 141.127778, 40.0 ], [ 141.002778, 40.0 ], [ 141.002778, 39.9166667 ] ] ] } },
{ "type": "Feature", "properties": { "Id": 0, "Sheet_ID": "盛岡近傍 1", "label": "盛岡近傍 1", "call_short": "G7960 S25 .J3", "call_num": "G7960 S25 .J3 5-1", "recid": "rf286bp1017", "websiteUrl": "https://purl.stanford.edu/rf286bp1017", "title": "二万五千分一地形圖 盛岡近傍", "ckey": 10561302, "available": true, "iiifUrl": "https://purl.stanford.edu/rf286bp1017/iiif/manifest" }, "geometry": { "type": "Polygon", "coordinates": [ [ [ 141.127778, 39.9166667 ], [ 141.252778, 39.9166667 ], [ 141.252778, 40.0 ], [ 141.127778, 40.0 ], [ 141.127778, 39.9166667 ] ] ] } },
{ "type": "Feature", "properties": { "Id": 0, "Sheet_ID": "秋田近傍 7", "label": "秋田近傍 7", "call_short": "G7960 S25 .J3", "call_num": "G7960 S25 .J3 6-7", "recid": "mp471qf0334", "websiteUrl": "https://purl.stanford.edu/mp471qf0334", "title": "二万五千分一地形圖 秋田近傍", "ckey": 10561302, "available": true, "iiifUrl": "https://purl.stanford.edu/mp471qf0334/iiif/manifest" }, "geometry": { "type": "Polygon", "coordinates": [ [ [ 140.127778, 39.5 ], [ 140.252778, 39.5 ], [ 140.252778, 39.5833334 ], [ 140.127778, 39.5833334 ], [ 140.127778, 39.5 ] ] ] } },
{ "type": "Feature", "properties": { "Id": 0, "Sheet_ID": "秋田近傍 3", "label": "秋田近傍 3", "call_short": "0", "call_num": "0", "recid": "0", "websiteUrl": "0", "title": "0", "ckey": 0, "available": false, "iiifUrl": "0" }, "geometry": { "type": "Polygon", "coordinates": [ [ [ 140.252778, 39.5 ], [ 140.377778, 39.5 ], [ 140.377778, 39.5833334 ], [ 140.252778, 39.5833334 ], [ 140.252778, 39.5 ] ] ] } },
{ "type": "Feature", "properties": { "Id": 0, "Sheet_ID": "秋田近傍 11", "label": "秋田近傍 11", "call_short": "0", "call_num": "0", "recid": "0", "websiteUrl": "0", "title": "0", "ckey": 0, "available": false, "iiifUrl": "0" }, "geometry": { "type": "Polygon", "coordinates": [ [ [ 140.002778, 39.5833334 ], [ 140.127778, 39.5833334 ], [ 140.127778, 39.6666668 ], [ 140.002778, 39.6666668 ], [ 140.002778, 39.5833334 ] ] ] } },
{ "type": "Feature", "properties": { "Id": 0, "Sheet_ID": "秋田近傍 6", "label": "秋田近傍 6", "call_short": "G7960 S25 .J3", "call_num": "G7960 S25 .J3 6-6", "recid": "zy718nb1929", "websiteUrl": "https://purl.stanford.edu/zy718nb1929", "title": "二万五千分一地形圖 秋田近傍", "ckey": 10561302, "available": true, "iiifUrl": "https://purl.stanford.edu/zy718nb1929/iiif/manifest" }, "geometry": { "type": "Polygon", "coordinates": [ [ [ 140.127778, 39.5833334 ], [ 140.252778, 39.5833334 ], [ 140.252778, 39.6666668 ], [ 140.127778, 39.6666668 ], [ 140.127778, 39.5833334 ] ] ] } },
{ "type": "Feature", "properties": { "Id": 0, "Sheet_ID": "秋田近傍 2", "label": "秋田近傍 2", "call_short": "G7960 S25 .J3", "call_num": "G7960 S25 .J3 6-2", "recid": "cy640xf1020", "websiteUrl": "https://purl.stanford.edu/cy640xf1020", "title": "二万五千分一地形圖 秋田近傍", "ckey": 10561302, "available": true, "iiifUrl": "https://purl.stanford.edu/cy640xf1020/iiif/manifest" }, "geometry": { "type": "Polygon", "coordinates": [ [ [ 140.252778, 39.5833334 ], [ 140.377778, 39.5833334 ], [ 140.377778, 39.6666668 ], [ 140.252778, 39.6666668 ], [ 140.252778, 39.5833334 ] ] ] } },
{ "type": "Feature", "properties": { "Id": 0, "Sheet_ID": "秋田近傍 10", "label": "秋田近傍 10", "call_short": "0", "call_num": "0", "recid": "0", "websiteUrl": "0", "title": "0", "ckey": 0, "available": false, "iiifUrl": "0" }, "geometry": { "type": "Polygon", "coordinates": [ [ [ 140.002778, 39.6666668 ], [ 140.127778, 39.6666668 ], [ 140.127778, 39.7500002 ], [ 140.002778, 39.7500002 ], [ 140.002778, 39.6666668 ] ] ] } },
{ "type": "Feature", "properties": { "Id": 0, "Sheet_ID": "秋田近傍 5", "label": "秋田近傍 5", "call_short": "0", "call_num": "0", "recid": "0", "websiteUrl": "0", "title": "0", "ckey": 0, "available": false, "iiifUrl": "0" }, "geometry": { "type": "Polygon", "coordinates": [ [ [ 140.127778, 39.6666668 ], [ 140.252778, 39.6666668 ], [ 140.252778, 39.7500002 ], [ 140.127778, 39.7500002 ], [ 140.127778, 39.6666668 ] ] ] } },
{ "type": "Feature", "properties": { "Id": 0, "Sheet_ID": "秋田近傍 1", "label": "秋田近傍 1", "call_short": "0", "call_num": "0", "recid": "0", "websiteUrl": "0", "title": "0", "ckey": 0, "available": false, "iiifUrl": "0" }, "geometry": { "type": "Polygon", "coordinates": [ [ [ 140.252778, 39.6666668 ], [ 140.377778, 39.6666668 ], [ 140.377778, 39.7500002 ], [ 140.252778, 39.7500002 ], [ 140.252778, 39.6666668 ] ] ] } },
{ "type": "Feature", "properties": { "Id": 0, "Sheet_ID": "秋田近傍 9", "label": "秋田近傍 9", "call_short": "0", "call_num": "0", "recid": "0", "websiteUrl": "0", "title": "0", "ckey": 0, "available": false, "iiifUrl": "0" }, "geometry": { "type": "Polygon", "coordinates": [ [ [ 140.002778, 39.7500002 ], [ 140.127778, 39.7500002 ], [ 140.127778, 39.8333336 ], [ 140.002778, 39.8333336 ], [ 140.002778, 39.7500002 ] ] ] } },
{ "type": "Feature", "properties": { "Id": 0, "Sheet_ID": "秋田近傍 4", "label": "秋田近傍 4", "call_short": "G7960 S25 .J3", "call_num": "G7960 S25 .J3 6-4", "recid": "xr666rc8922", "websiteUrl": "https://purl.stanford.edu/xr666rc8922", "title": "二万五千分一地形圖 秋田近傍", "ckey": 10561302, "available": true, "iiifUrl": "https://purl.stanford.edu/xr666rc8922/iiif/manifest" }, "geometry": { "type": "Polygon", "coordinates": [ [ [ 140.127778, 39.7500002 ], [ 140.252778, 39.7500002 ], [ 140.252778, 39.8333336 ], [ 140.127778, 39.8333336 ], [ 140.127778, 39.7500002 ] ] ] } },
{ "type": "Feature", "properties": { "Id": 0, "Sheet_ID": "秋田近傍 8", "label": "秋田近傍 8", "call_short": "G7960 S25 .J3", "call_num": "G7960 S25 .J3 6-8", "recid": "xz033xm8209", "websiteUrl": "https://purl.stanford.edu/xz033xm8209", "title": "二万五千分一地形圖 秋田近傍", "ckey": 10561302, "available": true, "iiifUrl": "https://purl.stanford.edu/xz033xm8209/iiif/manifest" }, "geometry": { "type": "Polygon", "coordinates": [ [ [ 140.002778, 39.8333336 ], [ 140.127778, 39.8333336 ], [ 140.127778, 39.916667 ], [ 140.002778, 39.916667 ], [ 140.002778, 39.8333336 ] ] ] } },
{ "type": "Feature", "properties": { "Id": 0, "Sheet_ID": "仙臺近傍 17", "label": "仙臺近傍 17", "call_short": "0", "call_num": "0", "recid": "0", "websiteUrl": "0", "title": "0", "ckey": 0, "available": false, "iiifUrl": "0" }, "geometry": { "type": "Polygon", "coordinates": [ [ [ 140.752778, 38.0 ], [ 140.877778, 38.0 ], [ 140.877778, 38.0833333 ], [ 140.752778, 38.0833333 ], [ 140.752778, 38.0 ] ] ] } },
{ "type": "Feature", "properties": { "Id": 0, "Sheet_ID": "仙臺近傍 11", "label": "仙臺近傍 11", "call_short": "0", "call_num": "0", "recid": "0", "websiteUrl": "0", "title": "0", "ckey": 0, "available": false, "iiifUrl": "0" }, "geometry": { "type": "Polygon", "coordinates": [ [ [ 140.877778, 38.0 ], [ 141.002778, 38.0 ], [ 141.002778, 38.0833333 ], [ 140.877778, 38.0833333 ], [ 140.877778, 38.0 ] ] ] } },
{ "type": "Feature", "properties": { "Id": 0, "Sheet_ID": "仙臺近傍 16", "label": "仙臺近傍 16", "call_short": "0", "call_num": "0", "recid": "0", "websiteUrl": "0", "title": "0", "ckey": 0, "available": false, "iiifUrl": "0" }, "geometry": { "type": "Polygon", "coordinates": [ [ [ 140.752778, 38.0833333 ], [ 140.877778, 38.0833333 ], [ 140.877778, 38.1666667 ], [ 140.752778, 38.1666667 ], [ 140.752778, 38.0833333 ] ] ] } },
{ "type": "Feature", "properties": { "Id": 0, "Sheet_ID": "仙臺近傍 10", "label": "仙臺近傍 10", "call_short": "0", "call_num": "0", "recid": "0", "websiteUrl": "0", "title": "0", "ckey": 0, "available": false, "iiifUrl": "0" }, "geometry": { "type": "Polygon", "coordinates": [ [ [ 140.877778, 38.0833333 ], [ 141.002778, 38.0833333 ], [ 141.002778, 38.1666667 ], [ 140.877778, 38.1666667 ], [ 140.877778, 38.0833333 ] ] ] } },
{ "type": "Feature", "properties": { "Id": 0, "Sheet_ID": "仙臺近傍 15", "label": "仙臺近傍 15", "call_short": "G7960 S25 .J3", "call_num": "G7960 S25 .J3 7-15", "recid": "mw011np9095", "websiteUrl": "https://purl.stanford.edu/mw011np9095", "title": "二万五千分一地形圖 仙臺近傍", "ckey": 10561302, "available": true, "iiifUrl": "https://purl.stanford.edu/mw011np9095/iiif/manifest" }, "geometry": { "type": "Polygon", "coordinates": [ [ [ 140.752778, 38.1666667 ], [ 140.877778, 38.1666667 ], [ 140.877778, 38.25 ], [ 140.752778, 38.25 ], [ 140.752778, 38.1666667 ] ] ] } },
{ "type": "Feature", "properties": { "Id": 0, "Sheet_ID": "仙臺近傍 9", "label": "仙臺近傍 9", "call_short": "0", "call_num": "0", "recid": "0", "websiteUrl": "0", "title": "0", "ckey": 0, "available": false, "iiifUrl": "0" }, "geometry": { "type": "Polygon", "coordinates": [ [ [ 140.877778, 38.1666667 ], [ 141.002778, 38.1666667 ], [ 141.002778, 38.25 ], [ 140.877778, 38.25 ], [ 140.877778, 38.1666667 ] ] ] } },
{ "type": "Feature", "properties": { "Id": 0, "Sheet_ID": "仙臺近傍 14", "label": "仙臺近傍 14", "call_short": "G7960 S25 .J3", "call_num": "G7960 S25 .J3 7-14", "recid": "mq171zs4727", "websiteUrl": "https://purl.stanford.edu/mq171zs4727", "title": "二万五千分一地形圖 仙臺近傍", "ckey": 10561302, "available": true, "iiifUrl": "https://purl.stanford.edu/mq171zs4727/iiif/manifest" }, "geometry": { "type": "Polygon", "coordinates": [ [ [ 140.752778, 38.25 ], [ 140.877778, 38.25 ], [ 140.877778, 38.3333333 ], [ 140.752778, 38.3333333 ], [ 140.752778, 38.25 ] ] ] } },
{ "type": "Feature", "properties": { "Id": 0, "Sheet_ID": "仙臺近傍 8", "label": "仙臺近傍 8", "call_short": "0", "call_num": "0", "recid": "0", "websiteUrl": "0", "title": "0", "ckey": 0, "available": false, "iiifUrl": "0" }, "geometry": { "type": "Polygon", "coordinates": [ [ [ 140.877778, 38.25 ], [ 141.002778, 38.25 ], [ 141.002778, 38.3333333 ], [ 140.877778, 38.3333333 ], [ 140.877778, 38.25 ] ] ] } },
{ "type": "Feature", "properties": { "Id": 0, "Sheet_ID": "仙臺近傍 5", "label": "仙臺近傍 5", "call_short": "G7960 S25 .J3", "call_num": "G7960 S25 .J3 7-5", "recid": "mh752cv6522", "websiteUrl": "https://purl.stanford.edu/mh752cv6522", "title": "二万五千分一地形圖 仙臺近傍", "ckey": 10561302, "available": true, "iiifUrl": "https://purl.stanford.edu/mh752cv6522/iiif/manifest" }, "geometry": { "type": "Polygon", "coordinates": [ [ [ 141.002778, 38.25 ], [ 141.127778, 38.25 ], [ 141.127778, 38.3333333 ], [ 141.002778, 38.3333333 ], [ 141.002778, 38.25 ] ] ] } },
{ "type": "Feature", "properties": { "Id": 0, "Sheet_ID": "仙臺近傍 2", "label": "仙臺近傍 2", "call_short": "0", "call_num": "0", "recid": "0", "websiteUrl": "0", "title": "0", "ckey": 0, "available": false, "iiifUrl": "0" }, "geometry": { "type": "Polygon", "coordinates": [ [ [ 141.127778, 38.25 ], [ 141.252778, 38.25 ], [ 141.252778, 38.3333333 ], [ 141.127778, 38.3333333 ], [ 141.127778, 38.25 ] ] ] } },
{ "type": "Feature", "properties": { "Id": 0, "Sheet_ID": "仙臺近傍 13", "label": "仙臺近傍 13", "call_short": "0", "call_num": "0", "recid": "0", "websiteUrl": "0", "title": "0", "ckey": 0, "available": false, "iiifUrl": "0" }, "geometry": { "type": "Polygon", "coordinates": [ [ [ 140.752778, 38.3333333 ], [ 140.877778, 38.3333333 ], [ 140.877778, 38.4166667 ], [ 140.752778, 38.4166667 ], [ 140.752778, 38.3333333 ] ] ] } },
{ "type": "Feature", "properties": { "Id": 0, "Sheet_ID": "仙臺近傍 7", "label": "仙臺近傍 7", "call_short": "0", "call_num": "0", "recid": "0", "websiteUrl": "0", "title": "0", "ckey": 0, "available": false, "iiifUrl": "0" }, "geometry": { "type": "Polygon", "coordinates": [ [ [ 140.877778, 38.3333333 ], [ 141.002778, 38.3333333 ], [ 141.002778, 38.4166667 ], [ 140.877778, 38.4166667 ], [ 140.877778, 38.3333333 ] ] ] } },
{ "type": "Feature", "properties": { "Id": 0, "Sheet_ID": "仙臺近傍 4", "label": "仙臺近傍 4", "call_short": "0", "call_num": "0", "recid": "0", "websiteUrl": "0", "title": "0", "ckey": 0, "available": false, "iiifUrl": "0" }, "geometry": { "type": "Polygon", "coordinates": [ [ [ 141.002778, 38.3333333 ], [ 141.127778, 38.3333333 ], [ 141.127778, 38.4166667 ], [ 141.002778, 38.4166667 ], [ 141.002778, 38.3333333 ] ] ] } },
{ "type": "Feature", "properties": { "Id": 0, "Sheet_ID": "仙臺近傍 1", "label": "仙臺近傍 1", "call_short": "G7960 S25 .J3", "call_num": "G7960 S25 .J3 7-1", "recid": "xy854ff6015", "websiteUrl": "https://purl.stanford.edu/xy854ff6015", "title": "二万五千分一地形圖 仙臺近傍", "ckey": 10561302, "available": true, "iiifUrl": "https://purl.stanford.edu/xy854ff6015/iiif/manifest" }, "geometry": { "type": "Polygon", "coordinates": [ [ [ 141.127778, 38.3333333 ], [ 141.252778, 38.3333333 ], [ 141.252778, 38.4166667 ], [ 141.127778, 38.4166667 ], [ 141.127778, 38.3333333 ] ] ] } },
{ "type": "Feature", "properties": { "Id": 0, "Sheet_ID": "仙臺近傍 6", "label": "仙臺近傍 6", "call_short": "G7960 S25 .J3", "call_num": "G7960 S25 .J3 7-6", "recid": "km568cr7168", "websiteUrl": "https://purl.stanford.edu/km568cr7168", "title": "二万五千分一地形圖 仙臺近傍", "ckey": 10561302, "available": true, "iiifUrl": "https://purl.stanford.edu/km568cr7168/iiif/manifest" }, "geometry": { "type": "Polygon", "coordinates": [ [ [ 140.877778, 38.4166667 ], [ 141.002778, 38.4166667 ], [ 141.002778, 38.5 ], [ 140.877778, 38.5 ], [ 140.877778, 38.4166667 ] ] ] } },
{ "type": "Feature", "properties": { "Id": 0, "Sheet_ID": "仙臺近傍 3", "label": "仙臺近傍 3", "call_short": "G7960 S25 .J3", "call_num": "G7960 S25 .J3 7-3", "recid": "kt370bp3314", "websiteUrl": "https://purl.stanford.edu/kt370bp3314", "title": "二万五千分一地形圖 仙臺近傍", "ckey": 10561302, "available": true, "iiifUrl": "https://purl.stanford.edu/kt370bp3314/iiif/manifest" }, "geometry": { "type": "Polygon", "coordinates": [ [ [ 141.002778, 38.4166667 ], [ 141.127778, 38.4166667 ], [ 141.127778, 38.5 ], [ 141.002778, 38.5 ], [ 141.002778, 38.4166667 ] ] ] } },
{ "type": "Feature", "properties": { "Id": 0, "Sheet_ID": "仙臺近傍 12 ED.2", "label": "仙臺近傍 12 ED.2", "call_short": "G7960 S25 .J3", "call_num": "G7960 S25 .J3 7-12 ED.2", "recid": "vf803zs4408", "websiteUrl": "https://purl.stanford.edu/vf803zs4408", "title": "二万五千分一地形圖 仙臺近傍", "ckey": 10561302, "available": true, "iiifUrl": "https://purl.stanford.edu/vf803zs4408/iiif/manifest" }, "geometry": { "type": "Polygon", "coordinates": [ [ [ 140.783333, 38.466667 ], [ 140.908333, 38.466667 ], [ 140.908333, 38.55 ], [ 140.783333, 38.55 ], [ 140.783333, 38.466667 ] ] ] } },
{ "type": "Feature", "properties": { "Id": 0, "Sheet_ID": "山形近傍 8", "label": "山形近傍 8", "call_short": "0", "call_num": "0", "recid": "0", "websiteUrl": "0", "title": "0", "ckey": 0, "available": false, "iiifUrl": "0" }, "geometry": { "type": "Polygon", "coordinates": [ [ [ 140.252778, 38.083333 ], [ 140.377778, 38.083333 ], [ 140.377778, 38.1666664 ], [ 140.252778, 38.1666664 ], [ 140.252778, 38.083333 ] ] ] } },
{ "type": "Feature", "properties": { "Id": 0, "Sheet_ID": "山形近傍 7", "label": "山形近傍 7", "call_short": "G7960 S25 .J3", "call_num": "G7960 S25 .J3 8-7", "recid": "ym550mm9560", "websiteUrl": "https://purl.stanford.edu/ym550mm9560", "title": "二万五千分一地形圖 山形近傍", "ckey": 10561302, "available": true, "iiifUrl": "https://purl.stanford.edu/ym550mm9560/iiif/manifest" }, "geometry": { "type": "Polygon", "coordinates": [ [ [ 140.252778, 38.1666664 ], [ 140.377778, 38.1666664 ], [ 140.377778, 38.2499998 ], [ 140.252778, 38.2499998 ], [ 140.252778, 38.1666664 ] ] ] } },
{ "type": "Feature", "properties": { "Id": 0, "Sheet_ID": "山形近傍 6", "label": "山形近傍 6", "call_short": "0", "call_num": "0", "recid": "0", "websiteUrl": "0", "title": "0", "ckey": 0, "available": false, "iiifUrl": "0" }, "geometry": { "type": "Polygon", "coordinates": [ [ [ 140.252778, 38.2499998 ], [ 140.377778, 38.2499998 ], [ 140.377778, 38.3333332 ], [ 140.252778, 38.3333332 ], [ 140.252778, 38.2499998 ] ] ] } },
{ "type": "Feature", "properties": { "Id": 0, "Sheet_ID": "山形近傍 3", "label": "山形近傍 3", "call_short": "G7960 S25 .J3", "call_num": "G7960 S25 .J3 8-3", "recid": "nv094gj9132", "websiteUrl": "https://purl.stanford.edu/nv094gj9132", "title": "二万五千分一地形圖 山形近傍", "ckey": 10561302, "available": true, "iiifUrl": "https://purl.stanford.edu/nv094gj9132/iiif/manifest" }, "geometry": { "type": "Polygon", "coordinates": [ [ [ 140.377778, 38.2499998 ], [ 140.502778, 38.2499998 ], [ 140.502778, 38.3333332 ], [ 140.377778, 38.3333332 ], [ 140.377778, 38.2499998 ] ] ] } },
{ "type": "Feature", "properties": { "Id": 0, "Sheet_ID": "山形近傍 5", "label": "山形近傍 5", "call_short": "0", "call_num": "0", "recid": "0", "websiteUrl": "0", "title": "0", "ckey": 0, "available": false, "iiifUrl": "0" }, "geometry": { "type": "Polygon", "coordinates": [ [ [ 140.252778, 38.3333332 ], [ 140.377778, 38.3333332 ], [ 140.377778, 38.4166666 ], [ 140.252778, 38.4166666 ], [ 140.252778, 38.3333332 ] ] ] } },
{ "type": "Feature", "properties": { "Id": 0, "Sheet_ID": "山形近傍 2", "label": "山形近傍 2", "call_short": "0", "call_num": "0", "recid": "0", "websiteUrl": "0", "title": "0", "ckey": 0, "available": false, "iiifUrl": "0" }, "geometry": { "type": "Polygon", "coordinates": [ [ [ 140.377778, 38.3333332 ], [ 140.502778, 38.3333332 ], [ 140.502778, 38.4166666 ], [ 140.377778, 38.4166666 ], [ 140.377778, 38.3333332 ] ] ] } },
{ "type": "Feature", "properties": { "Id": 0, "Sheet_ID": "山形近傍 4", "label": "山形近傍 4", "call_short": "0", "call_num": "0", "recid": "0", "websiteUrl": "0", "title": "0", "ckey": 0, "available": false, "iiifUrl": "0" }, "geometry": { "type": "Polygon", "coordinates": [ [ [ 140.252778, 38.4166666 ], [ 140.377778, 38.4166666 ], [ 140.377778, 38.5 ], [ 140.252778, 38.5 ], [ 140.252778, 38.4166666 ] ] ] } },
{ "type": "Feature", "properties": { "Id": 0, "Sheet_ID": "山形近傍 1", "label": "山形近傍 1", "call_short": "0", "call_num": "0", "recid": "0", "websiteUrl": "0", "title": "0", "ckey": 0, "available": false, "iiifUrl": "0" }, "geometry": { "type": "Polygon", "coordinates": [ [ [ 140.377778, 38.4166666 ], [ 140.502778, 38.4166666 ], [ 140.502778, 38.5 ], [ 140.377778, 38.5 ], [ 140.377778, 38.4166666 ] ] ] } },
{ "type": "Feature", "properties": { "Id": 0, "Sheet_ID": "若松近傍 12", "label": "若松近傍 12", "call_short": "0", "call_num": "0", "recid": "0", "websiteUrl": "0", "title": "0", "ckey": 0, "available": false, "iiifUrl": "0" }, "geometry": { "type": "Polygon", "coordinates": [ [ [ 139.752778, 37.416667 ], [ 139.877778, 37.416667 ], [ 139.877778, 37.5000002 ], [ 139.752778, 37.5000002 ], [ 139.752778, 37.416667 ] ] ] } },
{ "type": "Feature", "properties": { "Id": 0, "Sheet_ID": "若松近傍 8", "label": "若松近傍 8", "call_short": "G7960 S25 .J3", "call_num": "G7960 S25 .J3 9-8", "recid": "wb898jc9656", "websiteUrl": "https://purl.stanford.edu/wb898jc9656", "title": "二万五千分一地形圖 若松近傍", "ckey": 10561302, "available": true, "iiifUrl": "https://purl.stanford.edu/wb898jc9656/iiif/manifest" }, "geometry": { "type": "Polygon", "coordinates": [ [ [ 139.877778, 37.416667 ], [ 140.002778, 37.416667 ], [ 140.002778, 37.5000002 ], [ 139.877778, 37.5000002 ], [ 139.877778, 37.416667 ] ] ] } },
{ "type": "Feature", "properties": { "Id": 0, "Sheet_ID": "若松近傍 4", "label": "若松近傍 4", "call_short": "G7960 S25 .J3", "call_num": "G7960 S25 .J3 9-4", "recid": "tv073sp2820", "websiteUrl": "https://purl.stanford.edu/tv073sp2820", "title": "二万五千分一地形圖 若松近傍", "ckey": 10561302, "available": true, "iiifUrl": "https://purl.stanford.edu/tv073sp2820/iiif/manifest" }, "geometry": { "type": "Polygon", "coordinates": [ [ [ 140.002778, 37.416667 ], [ 140.127778, 37.416667 ], [ 140.127778, 37.5000002 ], [ 140.002778, 37.5000002 ], [ 140.002778, 37.416667 ] ] ] } },
{ "type": "Feature", "properties": { "Id": 0, "Sheet_ID": "若松近傍 2", "label": "若松近傍 2", "call_short": "G7960 S25 .J3", "call_num": "G7960 S25 .J3 9-2", "recid": "jz148ss8546", "websiteUrl": "https://purl.stanford.edu/jz148ss8546", "title": "二万五千分一地形圖 若松近傍", "ckey": 10561302, "available": true, "iiifUrl": "https://purl.stanford.edu/jz148ss8546/iiif/manifest" }, "geometry": { "type": "Polygon", "coordinates": [ [ [ 140.127778, 37.416667 ], [ 140.252778, 37.416667 ], [ 140.252778, 37.5000002 ], [ 140.127778, 37.5000002 ], [ 140.127778, 37.416667 ] ] ] } },
{ "type": "Feature", "properties": { "Id": 0, "Sheet_ID": "若松近傍 11", "label": "若松近傍 11", "call_short": "0", "call_num": "0", "recid": "0", "websiteUrl": "0", "title": "0", "ckey": 0, "available": false, "iiifUrl": "0" }, "geometry": { "type": "Polygon", "coordinates": [ [ [ 139.752778, 37.5000002 ], [ 139.877778, 37.5000002 ], [ 139.877778, 37.5833335 ], [ 139.752778, 37.5833335 ], [ 139.752778, 37.5000002 ] ] ] } },
{ "type": "Feature", "properties": { "Id": 0, "Sheet_ID": "若松近傍 7", "label": "若松近傍 7", "call_short": "0", "call_num": "0", "recid": "0", "websiteUrl": "0", "title": "0", "ckey": 0, "available": false, "iiifUrl": "0" }, "geometry": { "type": "Polygon", "coordinates": [ [ [ 139.877778, 37.5000002 ], [ 140.002778, 37.5000002 ], [ 140.002778, 37.5833335 ], [ 139.877778, 37.5833335 ], [ 139.877778, 37.5000002 ] ] ] } },
{ "type": "Feature", "properties": { "Id": 0, "Sheet_ID": "若松近傍 3", "label": "若松近傍 3", "call_short": "G7960 S25 .J3", "call_num": "G7960 S25 .J3 9-3", "recid": "hz063qr7906", "websiteUrl": "https://purl.stanford.edu/hz063qr7906", "title": "二万五千分一地形圖 若松近傍", "ckey": 10561302, "available": true, "iiifUrl": "https://purl.stanford.edu/hz063qr7906/iiif/manifest" }, "geometry": { "type": "Polygon", "coordinates": [ [ [ 140.002778, 37.5000002 ], [ 140.127778, 37.5000002 ], [ 140.127778, 37.5833335 ], [ 140.002778, 37.5833335 ], [ 140.002778, 37.5000002 ] ] ] } },
{ "type": "Feature", "properties": { "Id": 0, "Sheet_ID": "若松近傍 1", "label": "若松近傍 1", "call_short": "0", "call_num": "0", "recid": "0", "websiteUrl": "0", "title": "0", "ckey": 0, "available": false, "iiifUrl": "0" }, "geometry": { "type": "Polygon", "coordinates": [ [ [ 140.127778, 37.5000002 ], [ 140.252778, 37.5000002 ], [ 140.252778, 37.5833335 ], [ 140.127778, 37.5833335 ], [ 140.127778, 37.5000002 ] ] ] } },
{ "type": "Feature", "properties": { "Id": 0, "Sheet_ID": "若松近傍 10", "label": "若松近傍 10", "call_short": "G7960 S25 .J3", "call_num": "G7960 S25 .J3 9-10", "recid": "vz231wh4159", "websiteUrl": "https://purl.stanford.edu/vz231wh4159", "title": "二万五千分一地形圖 若松近傍", "ckey": 10561302, "available": true, "iiifUrl": "https://purl.stanford.edu/vz231wh4159/iiif/manifest" }, "geometry": { "type": "Polygon", "coordinates": [ [ [ 139.752778, 37.5833335 ], [ 139.877778, 37.5833335 ], [ 139.877778, 37.6666667 ], [ 139.752778, 37.6666667 ], [ 139.752778, 37.5833335 ] ] ] } },
{ "type": "Feature", "properties": { "Id": 0, "Sheet_ID": "若松近傍 6", "label": "若松近傍 6", "call_short": "0", "call_num": "0", "recid": "0", "websiteUrl": "0", "title": "0", "ckey": 0, "available": false, "iiifUrl": "0" }, "geometry": { "type": "Polygon", "coordinates": [ [ [ 139.877778, 37.5833335 ], [ 140.002778, 37.5833335 ], [ 140.002778, 37.6666667 ], [ 139.877778, 37.6666667 ], [ 139.877778, 37.5833335 ] ] ] } },
{ "type": "Feature", "properties": { "Id": 0, "Sheet_ID": "若松近傍 9", "label": "若松近傍 9", "call_short": "G7960 S25 .J3", "call_num": "G7960 S25 .J3 9-9", "recid": "vf038bn0709", "websiteUrl": "https://purl.stanford.edu/vf038bn0709", "title": "二万五千分一地形圖 若松近傍", "ckey": 10561302, "available": true, "iiifUrl": "https://purl.stanford.edu/vf038bn0709/iiif/manifest" }, "geometry": { "type": "Polygon", "coordinates": [ [ [ 139.752778, 37.6666667 ], [ 139.877778, 37.6666667 ], [ 139.877778, 37.75 ], [ 139.752778, 37.75 ], [ 139.752778, 37.6666667 ] ] ] } },
{ "type": "Feature", "properties": { "Id": 0, "Sheet_ID": "若松近傍 5", "label": "若松近傍 5", "call_short": "G7960 S25 .J3", "call_num": "G7960 S25 .J3 9-5", "recid": "bx835cb7607", "websiteUrl": "https://purl.stanford.edu/bx835cb7607", "title": "二万五千分一地形圖 若松近傍", "ckey": 10561302, "available": true, "iiifUrl": "https://purl.stanford.edu/bx835cb7607/iiif/manifest" }, "geometry": { "type": "Polygon", "coordinates": [ [ [ 139.877778, 37.6666667 ], [ 140.002778, 37.6666667 ], [ 140.002778, 37.75 ], [ 139.877778, 37.75 ], [ 139.877778, 37.6666667 ] ] ] } },
{ "type": "Feature", "properties": { "Id": 0, "Sheet_ID": "津軽要塞近傍 36", "label": "津軽要塞近傍 36", "call_short": "G7960 S25 .J3", "call_num": "G7960 S25 .J3 3-36", "recid": "wc674jd1028", "websiteUrl": "https://purl.stanford.edu/wc674jd1028", "title": "二万五千分一地形圖 津軽要塞近傍", "ckey": 10561302, "available": true, "iiifUrl": "https://purl.stanford.edu/wc674jd1028/iiif/manifest" }, "geometry": { "type": "Polygon", "coordinates": [ [ [ 140.502778, 41.666667 ], [ 140.627778, 41.666667 ], [ 140.627778, 41.7500003 ], [ 140.502778, 41.7500003 ], [ 140.502778, 41.666667 ] ] ] } },
{ "type": "Feature", "properties": { "Id": 0, "Sheet_ID": "津軽要塞近傍 31", "label": "津軽要塞近傍 31", "call_short": "G7960 S25 .J3", "call_num": "G7960 S25 .J3 3-31", "recid": "vb512vp7673", "websiteUrl": "https://purl.stanford.edu/vb512vp7673", "title": "二万五千分一地形圖 津軽要塞近傍", "ckey": 10561302, "available": true, "iiifUrl": "https://purl.stanford.edu/vb512vp7673/iiif/manifest" }, "geometry": { "type": "Polygon", "coordinates": [ [ [ 140.627778, 41.666667 ], [ 140.752778, 41.666667 ], [ 140.752778, 41.7500003 ], [ 140.627778, 41.7500003 ], [ 140.627778, 41.666667 ] ] ] } },
{ "type": "Feature", "properties": { "Id": 0, "Sheet_ID": "津軽要塞近傍 17", "label": "津軽要塞近傍 17", "call_short": "G7960 S25 .J3", "call_num": "G7960 S25 .J3 3-17", "recid": "yr450df4274", "websiteUrl": "https://purl.stanford.edu/yr450df4274", "title": "二万五千分一地形圖 津軽要塞近傍", "ckey": 10561302, "available": true, "iiifUrl": "https://purl.stanford.edu/yr450df4274/iiif/manifest" }, "geometry": { "type": "Polygon", "coordinates": [ [ [ 140.877778, 41.666667 ], [ 141.002778, 41.666667 ], [ 141.002778, 41.7500003 ], [ 140.877778, 41.7500003 ], [ 140.877778, 41.666667 ] ] ] } },
{ "type": "Feature", "properties": { "Id": 0, "Sheet_ID": "津軽要塞近傍 12", "label": "津軽要塞近傍 12", "call_short": "G7960 S25 .J3", "call_num": "G7960 S25 .J3 3-12", "recid": "gr972nm3180", "websiteUrl": "https://purl.stanford.edu/gr972nm3180", "title": "二万五千分一地形圖 津軽要塞近傍", "ckey": 10561302, "available": true, "iiifUrl": "https://purl.stanford.edu/gr972nm3180/iiif/manifest" }, "geometry": { "type": "Polygon", "coordinates": [ [ [ 141.002778, 41.666667 ], [ 141.127778, 41.666667 ], [ 141.127778, 41.7500003 ], [ 141.002778, 41.7500003 ], [ 141.002778, 41.666667 ] ] ] } },
{ "type": "Feature", "properties": { "Id": 0, "Sheet_ID": "津軽要塞近傍 35", "label": "津軽要塞近傍 35", "call_short": "G7960 S25 .J3", "call_num": "G7960 S25 .J3 3-35", "recid": "mc131kn0291", "websiteUrl": "https://purl.stanford.edu/mc131kn0291", "title": "二万五千分一地形圖 津軽要塞近傍", "ckey": 10561302, "available": true, "iiifUrl": "https://purl.stanford.edu/mc131kn0291/iiif/manifest" }, "geometry": { "type": "Polygon", "coordinates": [ [ [ 140.502778, 41.7500003 ], [ 140.627778, 41.7500003 ], [ 140.627778, 41.8333337 ], [ 140.502778, 41.8333337 ], [ 140.502778, 41.7500003 ] ] ] } },
{ "type": "Feature", "properties": { "Id": 0, "Sheet_ID": "津軽要塞近傍 30", "label": "津軽要塞近傍 30", "call_short": "G7960 S25 .J3", "call_num": "G7960 S25 .J3 3-30", "recid": "ns429by0568", "websiteUrl": "https://purl.stanford.edu/ns429by0568", "title": "二万五千分一地形圖 津軽要塞近傍", "ckey": 10561302, "available": true, "iiifUrl": "https://purl.stanford.edu/ns429by0568/iiif/manifest" }, "geometry": { "type": "Polygon", "coordinates": [ [ [ 140.627778, 41.7500003 ], [ 140.752778, 41.7500003 ], [ 140.752778, 41.8333337 ], [ 140.627778, 41.8333337 ], [ 140.627778, 41.7500003 ] ] ] } },
{ "type": "Feature", "properties": { "Id": 0, "Sheet_ID": "津軽要塞近傍 23", "label": "津軽要塞近傍 23", "call_short": "G7960 S25 .J3", "call_num": "G7960 S25 .J3 3-23", "recid": "zt661vk2051", "websiteUrl": "https://purl.stanford.edu/zt661vk2051", "title": "二万五千分一地形圖 津軽要塞近傍", "ckey": 10561302, "available": true, "iiifUrl": "https://purl.stanford.edu/zt661vk2051/iiif/manifest" }, "geometry": { "type": "Polygon", "coordinates": [ [ [ 140.752778, 41.7500003 ], [ 140.877778, 41.7500003 ], [ 140.877778, 41.8333337 ], [ 140.752778, 41.8333337 ], [ 140.752778, 41.7500003 ] ] ] } },
{ "type": "Feature", "properties": { "Id": 0, "Sheet_ID": "津軽要塞近傍 34", "label": "津軽要塞近傍 34", "call_short": "G7960 S25 .J3", "call_num": "G7960 S25 .J3 3-34", "recid": "yg507nk8564", "websiteUrl": "https://purl.stanford.edu/yg507nk8564", "title": "二万五千分一地形圖 津軽要塞近傍", "ckey": 10561302, "available": true, "iiifUrl": "https://purl.stanford.edu/yg507nk8564/iiif/manifest" }, "geometry": { "type": "Polygon", "coordinates": [ [ [ 140.502778, 41.8333337 ], [ 140.627778, 41.8333337 ], [ 140.627778, 41.916667 ], [ 140.502778, 41.916667 ], [ 140.502778, 41.8333337 ] ] ] } },
{ "type": "Feature", "properties": { "Id": 0, "Sheet_ID": "津軽要塞近傍 29", "label": "津軽要塞近傍 29", "call_short": "G7960 S25 .J3", "call_num": "G7960 S25 .J3 3-29", "recid": "bg134hv7852", "websiteUrl": "https://purl.stanford.edu/bg134hv7852", "title": "二万五千分一地形圖 津軽要塞近傍", "ckey": 10561302, "available": true, "iiifUrl": "https://purl.stanford.edu/bg134hv7852/iiif/manifest" }, "geometry": { "type": "Polygon", "coordinates": [ [ [ 140.627778, 41.8333337 ], [ 140.752778, 41.8333337 ], [ 140.752778, 41.916667 ], [ 140.627778, 41.916667 ], [ 140.627778, 41.8333337 ] ] ] } },
{ "type": "Feature", "properties": { "Id": 0, "Sheet_ID": "津軽要塞近傍 22", "label": "津軽要塞近傍 22", "call_short": "G7960 S25 .J3", "call_num": "G7960 S25 .J3 3-22", "recid": "zv034qq6050", "websiteUrl": "https://purl.stanford.edu/zv034qq6050", "title": "二万五千分一地形圖 津軽要塞近傍", "ckey": 10561302, "available": true, "iiifUrl": "https://purl.stanford.edu/zv034qq6050/iiif/manifest" }, "geometry": { "type": "Polygon", "coordinates": [ [ [ 140.752778, 41.8333337 ], [ 140.877778, 41.8333337 ], [ 140.877778, 41.916667 ], [ 140.752778, 41.916667 ], [ 140.752778, 41.8333337 ] ] ] } },
{ "type": "Feature", "properties": { "Id": 0, "Sheet_ID": "津軽要塞近傍 38", "label": "津軽要塞近傍 38", "call_short": "G7960 S25 .J3", "call_num": "G7960 S25 .J3 3-38", "recid": "vf496xx2926", "websiteUrl": "https://purl.stanford.edu/vf496xx2926", "title": "二万五千分一地形圖 津軽要塞近傍", "ckey": 10561302, "available": true, "iiifUrl": "https://purl.stanford.edu/vf496xx2926/iiif/manifest" }, "geometry": { "type": "Polygon", "coordinates": [ [ [ 140.502778, 41.083333 ], [ 140.627778, 41.083333 ], [ 140.627778, 41.1666663 ], [ 140.502778, 41.1666663 ], [ 140.502778, 41.083333 ] ] ] } },
{ "type": "Feature", "properties": { "Id": 0, "Sheet_ID": "津軽要塞近傍 33", "label": "津軽要塞近傍 33", "call_short": "G7960 S25 .J3", "call_num": "G7960 S25 .J3 3-33", "recid": "zg954hd7355", "websiteUrl": "https://purl.stanford.edu/zg954hd7355", "title": "二万五千分一地形圖 津軽要塞近傍", "ckey": 10561302, "available": true, "iiifUrl": "https://purl.stanford.edu/zg954hd7355/iiif/manifest" }, "geometry": { "type": "Polygon", "coordinates": [ [ [ 140.627778, 41.083333 ], [ 140.752778, 41.083333 ], [ 140.752778, 41.1666663 ], [ 140.627778, 41.1666663 ], [ 140.627778, 41.083333 ] ] ] } },
{ "type": "Feature", "properties": { "Id": 0, "Sheet_ID": "津軽要塞近傍 28", "label": "津軽要塞近傍 28", "call_short": "G7960 S25 .J3", "call_num": "G7960 S25 .J3 3-28", "recid": "cr865xm4285", "websiteUrl": "https://purl.stanford.edu/cr865xm4285", "title": "二万五千分一地形圖 津軽要塞近傍", "ckey": 10561302, "available": true, "iiifUrl": "https://purl.stanford.edu/cr865xm4285/iiif/manifest" }, "geometry": { "type": "Polygon", "coordinates": [ [ [ 140.752778, 41.083333 ], [ 140.877778, 41.083333 ], [ 140.877778, 41.1666663 ], [ 140.752778, 41.1666663 ], [ 140.752778, 41.083333 ] ] ] } },
{ "type": "Feature", "properties": { "Id": 0, "Sheet_ID": "津軽要塞近傍 40", "label": "津軽要塞近傍 40", "call_short": "G7960 S25 .J3", "call_num": "G7960 S25 .J3 3-40", "recid": "gx449mb5560", "websiteUrl": "https://purl.stanford.edu/gx449mb5560", "title": "二万五千分一地形圖 津軽要塞近傍", "ckey": 10561302, "available": true, "iiifUrl": "https://purl.stanford.edu/gx449mb5560/iiif/manifest" }, "geometry": { "type": "Polygon", "coordinates": [ [ [ 140.252778, 41.1666663 ], [ 140.377778, 41.1666663 ], [ 140.377778, 41.2499997 ], [ 140.252778, 41.2499997 ], [ 140.252778, 41.1666663 ] ] ] } },
{ "type": "Feature", "properties": { "Id": 0, "Sheet_ID": "津軽要塞近傍 39", "label": "津軽要塞近傍 39", "call_short": "G7960 S25 .J3", "call_num": "G7960 S25 .J3 3-39", "recid": "rt086bg5745", "websiteUrl": "https://purl.stanford.edu/rt086bg5745", "title": "二万五千分一地形圖 津軽要塞近傍", "ckey": 10561302, "available": true, "iiifUrl": "https://purl.stanford.edu/rt086bg5745/iiif/manifest" }, "geometry": { "type": "Polygon", "coordinates": [ [ [ 140.377778, 41.1666663 ], [ 140.502778, 41.1666663 ], [ 140.502778, 41.2499997 ], [ 140.377778, 41.2499997 ], [ 140.377778, 41.1666663 ] ] ] } },
{ "type": "Feature", "properties": { "Id": 0, "Sheet_ID": "津軽要塞近傍 37", "label": "津軽要塞近傍 37", "call_short": "G7960 S25 .J3", "call_num": "G7960 S25 .J3 3-37", "recid": "rc932mb7191", "websiteUrl": "https://purl.stanford.edu/rc932mb7191", "title": "二万五千分一地形圖 津軽要塞近傍", "ckey": 10561302, "available": true, "iiifUrl": "https://purl.stanford.edu/rc932mb7191/iiif/manifest" }, "geometry": { "type": "Polygon", "coordinates": [ [ [ 140.502778, 41.1666663 ], [ 140.627778, 41.1666663 ], [ 140.627778, 41.2499997 ], [ 140.502778, 41.2499997 ], [ 140.502778, 41.1666663 ] ] ] } },
{ "type": "Feature", "properties": { "Id": 0, "Sheet_ID": "津軽要塞近傍 32", "label": "津軽要塞近傍 32", "call_short": "G7960 S25 .J3", "call_num": "G7960 S25 .J3 3-32", "recid": "zv362zw5980", "websiteUrl": "https://purl.stanford.edu/zv362zw5980", "title": "二万五千分一地形圖 津軽要塞近傍", "ckey": 10561302, "available": true, "iiifUrl": "https://purl.stanford.edu/zv362zw5980/iiif/manifest" }, "geometry": { "type": "Polygon", "coordinates": [ [ [ 140.627778, 41.1666663 ], [ 140.752778, 41.1666663 ], [ 140.752778, 41.2499997 ], [ 140.627778, 41.2499997 ], [ 140.627778, 41.1666663 ] ] ] } },
{ "type": "Feature", "properties": { "Id": 0, "Sheet_ID": "津軽要塞近傍 27", "label": "津軽要塞近傍 27", "call_short": "G7960 S25 .J3", "call_num": "G7960 S25 .J3 3-27", "recid": "mf003pj5957", "websiteUrl": "https://purl.stanford.edu/mf003pj5957", "title": "二万五千分一地形圖 津軽要塞近傍", "ckey": 10561302, "available": true, "iiifUrl": "https://purl.stanford.edu/mf003pj5957/iiif/manifest" }, "geometry": { "type": "Polygon", "coordinates": [ [ [ 140.752778, 41.1666663 ], [ 140.877778, 41.1666663 ], [ 140.877778, 41.2499997 ], [ 140.752778, 41.2499997 ], [ 140.752778, 41.1666663 ] ] ] } },
{ "type": "Feature", "properties": { "Id": 0, "Sheet_ID": "津軽要塞近傍 21 ED.2", "label": "津軽要塞近傍 21 ED.2", "call_short": "G7960 S25 .J3", "call_num": "G7960 S25 .J3 3-21 ED.2", "recid": "kb782tk3357", "websiteUrl": "https://purl.stanford.edu/kb782tk3357", "title": "二万五千分一地形圖 津軽要塞近傍", "ckey": 10561302, "available": true, "iiifUrl": "https://purl.stanford.edu/kb782tk3357/iiif/manifest" }, "geometry": { "type": "Polygon", "coordinates": [ [ [ 140.877778, 41.1666663 ], [ 141.002778, 41.1666663 ], [ 141.002778, 41.2499997 ], [ 140.877778, 41.2499997 ], [ 140.877778, 41.1666663 ] ] ] } },
{ "type": "Feature", "properties": { "Id": 0, "Sheet_ID": "津軽要塞近傍 16", "label": "津軽要塞近傍 16", "call_short": "G7960 S25 .J3", "call_num": "G7960 S25 .J3 3-16", "recid": "cf469vv1011", "websiteUrl": "https://purl.stanford.edu/cf469vv1011", "title": "二万五千分一地形圖 津軽要塞近傍", "ckey": 10561302, "available": true, "iiifUrl": "https://purl.stanford.edu/cf469vv1011/iiif/manifest" }, "geometry": { "type": "Polygon", "coordinates": [ [ [ 141.002778, 41.1666663 ], [ 141.127778, 41.1666663 ], [ 141.127778, 41.2499997 ], [ 141.002778, 41.2499997 ], [ 141.002778, 41.1666663 ] ] ] } },
{ "type": "Feature", "properties": { "Id": 0, "Sheet_ID": "津軽要塞近傍 11", "label": "津軽要塞近傍 11", "call_short": "G7960 S25 .J3", "call_num": "G7960 S25 .J3 3-11", "recid": "hb344hz3825", "websiteUrl": "https://purl.stanford.edu/hb344hz3825", "title": "二万五千分一地形圖 津軽要塞近傍", "ckey": 10561302, "available": true, "iiifUrl": "https://purl.stanford.edu/hb344hz3825/iiif/manifest" }, "geometry": { "type": "Polygon", "coordinates": [ [ [ 141.127778, 41.1666663 ], [ 141.252778, 41.1666663 ], [ 141.252778, 41.2499997 ], [ 141.127778, 41.2499997 ], [ 141.127778, 41.1666663 ] ] ] } },
{ "type": "Feature", "properties": { "Id": 0, "Sheet_ID": "津軽要塞近傍 7", "label": "津軽要塞近傍 7", "call_short": "G7960 S25 .J3", "call_num": "G7960 S25 .J3 3-7", "recid": "sw084gc1568", "websiteUrl": "https://purl.stanford.edu/sw084gc1568", "title": "二万五千分一地形圖 津軽要塞近傍", "ckey": 10561302, "available": true, "iiifUrl": "https://purl.stanford.edu/sw084gc1568/iiif/manifest" }, "geometry": { "type": "Polygon", "coordinates": [ [ [ 141.252778, 41.1666663 ], [ 141.377778, 41.1666663 ], [ 141.377778, 41.2499997 ], [ 141.252778, 41.2499997 ], [ 141.252778, 41.1666663 ] ] ] } },
{ "type": "Feature", "properties": { "Id": 0, "Sheet_ID": "津軽要塞近傍 4", "label": "津軽要塞近傍 4", "call_short": "G7960 S25 .J3", "call_num": "G7960 S25 .J3 3-4", "recid": "fk302xb4295", "websiteUrl": "https://purl.stanford.edu/fk302xb4295", "title": "二万五千分一地形圖 津軽要塞近傍", "ckey": 10561302, "available": true, "iiifUrl": "https://purl.stanford.edu/fk302xb4295/iiif/manifest" }, "geometry": { "type": "Polygon", "coordinates": [ [ [ 141.377778, 41.1666663 ], [ 141.502778, 41.1666663 ], [ 141.502778, 41.2499997 ], [ 141.377778, 41.2499997 ], [ 141.377778, 41.1666663 ] ] ] } },
{ "type": "Feature", "properties": { "Id": 0, "Sheet_ID": "津軽要塞近傍 26", "label": "津軽要塞近傍 26", "call_short": "G7960 S25 .J3", "call_num": "G7960 S25 .J3 3-26", "recid": "ys798zw7488", "websiteUrl": "https://purl.stanford.edu/ys798zw7488", "title": "二万五千分一地形圖 津軽要塞近傍", "ckey": 10561302, "available": true, "iiifUrl": "https://purl.stanford.edu/ys798zw7488/iiif/manifest" }, "geometry": { "type": "Polygon", "coordinates": [ [ [ 140.752778, 41.2499997 ], [ 140.877778, 41.2499997 ], [ 140.877778, 41.333333 ], [ 140.752778, 41.333333 ], [ 140.752778, 41.2499997 ] ] ] } },
{ "type": "Feature", "properties": { "Id": 0, "Sheet_ID": "津軽要塞近傍 15", "label": "津軽要塞近傍 15", "call_short": "G7960 S25 .J3", "call_num": "G7960 S25 .J3 3-15", "recid": "dc182rt4418", "websiteUrl": "https://purl.stanford.edu/dc182rt4418", "title": "二万五千分一地形圖 津軽要塞近傍", "ckey": 10561302, "available": true, "iiifUrl": "https://purl.stanford.edu/dc182rt4418/iiif/manifest" }, "geometry": { "type": "Polygon", "coordinates": [ [ [ 141.002778, 41.2499997 ], [ 141.127778, 41.2499997 ], [ 141.127778, 41.333333 ], [ 141.002778, 41.333333 ], [ 141.002778, 41.2499997 ] ] ] } },
{ "type": "Feature", "properties": { "Id": 0, "Sheet_ID": "津軽要塞近傍 10", "label": "津軽要塞近傍 10", "call_short": "G7960 S25 .J3", "call_num": "G7960 S25 .J3 3-10", "recid": "gm348sj8501", "websiteUrl": "https://purl.stanford.edu/gm348sj8501", "title": "二万五千分一地形圖 津軽要塞近傍", "ckey": 10561302, "available": true, "iiifUrl": "https://purl.stanford.edu/gm348sj8501/iiif/manifest" }, "geometry": { "type": "Polygon", "coordinates": [ [ [ 141.127778, 41.2499997 ], [ 141.252778, 41.2499997 ], [ 141.252778, 41.333333 ], [ 141.127778, 41.333333 ], [ 141.127778, 41.2499997 ] ] ] } },
{ "type": "Feature", "properties": { "Id": 0, "Sheet_ID": "津軽要塞近傍 6", "label": "津軽要塞近傍 6", "call_short": "G7960 S25 .J3", "call_num": "G7960 S25 .J3 3-6", "recid": "gn273mn7262", "websiteUrl": "https://purl.stanford.edu/gn273mn7262", "title": "二万五千分一地形圖 津軽要塞近傍", "ckey": 10561302, "available": true, "iiifUrl": "https://purl.stanford.edu/gn273mn7262/iiif/manifest" }, "geometry": { "type": "Polygon", "coordinates": [ [ [ 141.252778, 41.2499997 ], [ 141.377778, 41.2499997 ], [ 141.377778, 41.333333 ], [ 141.252778, 41.333333 ], [ 141.252778, 41.2499997 ] ] ] } },
{ "type": "Feature", "properties": { "Id": 0, "Sheet_ID": "津軽要塞近傍 3", "label": "津軽要塞近傍 3", "call_short": "G7960 S25 .J3", "call_num": "G7960 S25 .J3 3-3", "recid": "yz034xk5963", "websiteUrl": "https://purl.stanford.edu/yz034xk5963", "title": "二万五千分一地形圖 津軽要塞近傍", "ckey": 10561302, "available": true, "iiifUrl": "https://purl.stanford.edu/yz034xk5963/iiif/manifest" }, "geometry": { "type": "Polygon", "coordinates": [ [ [ 141.377778, 41.2499997 ], [ 141.502778, 41.2499997 ], [ 141.502778, 41.333333 ], [ 141.377778, 41.333333 ], [ 141.377778, 41.2499997 ] ] ] } },
{ "type": "Feature", "properties": { "Id": 0, "Sheet_ID": "津軽要塞近傍 42", "label": "津軽要塞近傍 42", "call_short": "G7960 S25 .J3", "call_num": "G7960 S25 .J3 3-42", "recid": "nk478mp4204", "websiteUrl": "https://purl.stanford.edu/nk478mp4204", "title": "二万五千分一地形圖 津軽要塞近傍", "ckey": 10561302, "available": true, "iiifUrl": "https://purl.stanford.edu/nk478mp4204/iiif/manifest" }, "geometry": { "type": "Polygon", "coordinates": [ [ [ 140.127778, 41.333333 ], [ 140.252778, 41.333333 ], [ 140.252778, 41.4166663 ], [ 140.127778, 41.4166663 ], [ 140.127778, 41.333333 ] ] ] } },
{ "type": "Feature", "properties": { "Id": 0, "Sheet_ID": "津軽要塞近傍 25", "label": "津軽要塞近傍 25", "call_short": "G7960 S25 .J3", "call_num": "G7960 S25 .J3 3-25", "recid": "wr715hj0065", "websiteUrl": "https://purl.stanford.edu/wr715hj0065", "title": "二万五千分一地形圖 津軽要塞近傍", "ckey": 10561302, "available": true, "iiifUrl": "https://purl.stanford.edu/wr715hj0065/iiif/manifest" }, "geometry": { "type": "Polygon", "coordinates": [ [ [ 140.752778, 41.333333 ], [ 140.877778, 41.333333 ], [ 140.877778, 41.4166663 ], [ 140.752778, 41.4166663 ], [ 140.752778, 41.333333 ] ] ] } },
{ "type": "Feature", "properties": { "Id": 0, "Sheet_ID": "津軽要塞近傍 20", "label": "津軽要塞近傍 20", "call_short": "G7960 S25 .J3", "call_num": "G7960 S25 .J3 3-20", "recid": "kc093wv5745", "websiteUrl": "https://purl.stanford.edu/kc093wv5745", "title": "二万五千分一地形圖 津軽要塞近傍", "ckey": 10561302, "available": true, "iiifUrl": "https://purl.stanford.edu/kc093wv5745/iiif/manifest" }, "geometry": { "type": "Polygon", "coordinates": [ [ [ 140.877778, 41.333333 ], [ 141.002778, 41.333333 ], [ 141.002778, 41.4166663 ], [ 140.877778, 41.4166663 ], [ 140.877778, 41.333333 ] ] ] } },
{ "type": "Feature", "properties": { "Id": 0, "Sheet_ID": "津軽要塞近傍 14", "label": "津軽要塞近傍 14", "call_short": "G7960 S25 .J3", "call_num": "G7960 S25 .J3 3-14", "recid": "gg698kq2507", "websiteUrl": "https://purl.stanford.edu/gg698kq2507", "title": "二万五千分一地形圖 津軽要塞近傍", "ckey": 10561302, "available": true, "iiifUrl": "https://purl.stanford.edu/gg698kq2507/iiif/manifest" }, "geometry": { "type": "Polygon", "coordinates": [ [ [ 141.002778, 41.333333 ], [ 141.127778, 41.333333 ], [ 141.127778, 41.4166663 ], [ 141.002778, 41.4166663 ], [ 141.002778, 41.333333 ] ] ] } },
{ "type": "Feature", "properties": { "Id": 0, "Sheet_ID": "津軽要塞近傍 9", "label": "津軽要塞近傍 9", "call_short": "G7960 S25 .J3", "call_num": "G7960 S25 .J3 3-9", "recid": "kq085dd0123", "websiteUrl": "https://purl.stanford.edu/kq085dd0123", "title": "二万五千分一地形圖 津軽要塞近傍", "ckey": 10561302, "available": true, "iiifUrl": "https://purl.stanford.edu/kq085dd0123/iiif/manifest" }, "geometry": { "type": "Polygon", "coordinates": [ [ [ 141.127778, 41.333333 ], [ 141.252778, 41.333333 ], [ 141.252778, 41.4166663 ], [ 141.127778, 41.4166663 ], [ 141.127778, 41.333333 ] ] ] } },
{ "type": "Feature", "properties": { "Id": 0, "Sheet_ID": "津軽要塞近傍 5", "label": "津軽要塞近傍 5", "call_short": "G7960 S25 .J3", "call_num": "G7960 S25 .J3 3-5", "recid": "qk128gq8557", "websiteUrl": "https://purl.stanford.edu/qk128gq8557", "title": "二万五千分一地形圖 津軽要塞近傍", "ckey": 10561302, "available": true, "iiifUrl": "https://purl.stanford.edu/qk128gq8557/iiif/manifest" }, "geometry": { "type": "Polygon", "coordinates": [ [ [ 141.252778, 41.333333 ], [ 141.377778, 41.333333 ], [ 141.377778, 41.4166663 ], [ 141.252778, 41.4166663 ], [ 141.252778, 41.333333 ] ] ] } },
{ "type": "Feature", "properties": { "Id": 0, "Sheet_ID": "津軽要塞近傍 2", "label": "津軽要塞近傍 2", "call_short": "G7960 S25 .J3", "call_num": "G7960 S25 .J3 3-2", "recid": "jm514kp7542", "websiteUrl": "https://purl.stanford.edu/jm514kp7542", "title": "二万五千分一地形圖 津軽要塞近傍", "ckey": 10561302, "available": true, "iiifUrl": "https://purl.stanford.edu/jm514kp7542/iiif/manifest" }, "geometry": { "type": "Polygon", "coordinates": [ [ [ 141.377778, 41.333333 ], [ 141.502778, 41.333333 ], [ 141.502778, 41.4166663 ], [ 141.377778, 41.4166663 ], [ 141.377778, 41.333333 ] ] ] } },
{ "type": "Feature", "properties": { "Id": 0, "Sheet_ID": "津軽要塞近傍 41", "label": "津軽要塞近傍 41", "call_short": "G7960 S25 .J3", "call_num": "G7960 S25 .J3 3-41", "recid": "bn387sd8159", "websiteUrl": "https://purl.stanford.edu/bn387sd8159", "title": "二万五千分一地形圖 津軽要塞近傍", "ckey": 10561302, "available": true, "iiifUrl": "https://purl.stanford.edu/bn387sd8159/iiif/manifest" }, "geometry": { "type": "Polygon", "coordinates": [ [ [ 140.127778, 41.4166663 ], [ 140.252778, 41.4166663 ], [ 140.252778, 41.4999997 ], [ 140.127778, 41.4999997 ], [ 140.127778, 41.4166663 ] ] ] } },
{ "type": "Feature", "properties": { "Id": 0, "Sheet_ID": "津軽要塞近傍 24", "label": "津軽要塞近傍 24", "call_short": "G7960 S25 .J3", "call_num": "G7960 S25 .J3 3-24", "recid": "yt727dz1509", "websiteUrl": "https://purl.stanford.edu/yt727dz1509", "title": "二万五千分一地形圖 津軽要塞近傍", "ckey": 10561302, "available": true, "iiifUrl": "https://purl.stanford.edu/yt727dz1509/iiif/manifest" }, "geometry": { "type": "Polygon", "coordinates": [ [ [ 140.752778, 41.4166663 ], [ 140.877778, 41.4166663 ], [ 140.877778, 41.4999997 ], [ 140.752778, 41.4999997 ], [ 140.752778, 41.4166663 ] ] ] } },
{ "type": "Feature", "properties": { "Id": 0, "Sheet_ID": "津軽要塞近傍 19", "label": "津軽要塞近傍 19", "call_short": "G7960 S25 .J3", "call_num": "G7960 S25 .J3 3-19", "recid": "mz778bj7186", "websiteUrl": "https://purl.stanford.edu/mz778bj7186", "title": "二万五千分一地形圖 津軽要塞近傍", "ckey": 10561302, "available": true, "iiifUrl": "https://purl.stanford.edu/mz778bj7186/iiif/manifest" }, "geometry": { "type": "Polygon", "coordinates": [ [ [ 140.877778, 41.4166663 ], [ 141.002778, 41.4166663 ], [ 141.002778, 41.4999997 ], [ 140.877778, 41.4999997 ], [ 140.877778, 41.4166663 ] ] ] } },
{ "type": "Feature", "properties": { "Id": 0, "Sheet_ID": "津軽要塞近傍 13", "label": "津軽要塞近傍 13", "call_short": "G7960 S25 .J3", "call_num": "G7960 S25 .J3 3-13", "recid": "hy300yb9313", "websiteUrl": "https://purl.stanford.edu/hy300yb9313", "title": "二万五千分一地形圖 津軽要塞近傍", "ckey": 10561302, "available": true, "iiifUrl": "https://purl.stanford.edu/hy300yb9313/iiif/manifest" }, "geometry": { "type": "Polygon", "coordinates": [ [ [ 141.002778, 41.4166663 ], [ 141.127778, 41.4166663 ], [ 141.127778, 41.4999997 ], [ 141.002778, 41.4999997 ], [ 141.002778, 41.4166663 ] ] ] } },
{ "type": "Feature", "properties": { "Id": 0, "Sheet_ID": "津軽要塞近傍 8", "label": "津軽要塞近傍 8", "call_short": "G7960 S25 .J3", "call_num": "G7960 S25 .J3 3-8", "recid": "ry154wb6906", "websiteUrl": "https://purl.stanford.edu/ry154wb6906", "title": "二万五千分一地形圖 津軽要塞近傍", "ckey": 10561302, "available": true, "iiifUrl": "https://purl.stanford.edu/ry154wb6906/iiif/manifest" }, "geometry": { "type": "Polygon", "coordinates": [ [ [ 141.127778, 41.4166663 ], [ 141.252778, 41.4166663 ], [ 141.252778, 41.4999997 ], [ 141.127778, 41.4999997 ], [ 141.127778, 41.4166663 ] ] ] } },
{ "type": "Feature", "properties": { "Id": 0, "Sheet_ID": "津軽要塞近傍 1", "label": "津軽要塞近傍 1", "call_short": "G7960 S25 .J3", "call_num": "G7960 S25 .J3 3-1", "recid": "tp471qf2984", "websiteUrl": "https://purl.stanford.edu/tp471qf2984", "title": "二万五千分一地形圖 津軽要塞近傍", "ckey": 10561302, "available": true, "iiifUrl": "https://purl.stanford.edu/tp471qf2984/iiif/manifest" }, "geometry": { "type": "Polygon", "coordinates": [ [ [ 141.377778, 41.4166663 ], [ 141.502778, 41.4166663 ], [ 141.502778, 41.4999997 ], [ 141.377778, 41.4999997 ], [ 141.377778, 41.4166663 ] ] ] } },
{ "type": "Feature", "properties": { "Id": 0, "Sheet_ID": "津軽要塞近傍 18", "label": "津軽要塞近傍 18", "call_short": "G7960 S25 .J3", "call_num": "G7960 S25 .J3 3-18", "recid": "sh722nq9325", "websiteUrl": "https://purl.stanford.edu/sh722nq9325", "title": "二万五千分一地形圖 津軽要塞近傍", "ckey": 10561302, "available": true, "iiifUrl": "https://purl.stanford.edu/sh722nq9325/iiif/manifest" }, "geometry": { "type": "Polygon", "coordinates": [ [ [ 140.877778, 41.4999997 ], [ 141.002778, 41.4999997 ], [ 141.002778, 41.583333 ], [ 140.877778, 41.583333 ], [ 140.877778, 41.4999997 ] ] ] } },
{ "type": "Feature", "properties": { "Id": 0, "Sheet_ID": "白河近傍 2", "label": "白河近傍 2", "call_short": "G7960 S25 .J3", "call_num": "G7960 S25 .J3 10-2", "recid": "pw662hg4371", "websiteUrl": "https://purl.stanford.edu/pw662hg4371", "title": "二万五千分一地形圖 白河近傍", "ckey": 10561302, "available": true, "iiifUrl": "https://purl.stanford.edu/pw662hg4371/iiif/manifest" }, "geometry": { "type": "Polygon", "coordinates": [ [ [ 140.041667, 37.077778 ], [ 140.041667, 37.083333 ], [ 140.127778, 37.083333 ], [ 140.133333, 37.083333 ], [ 140.127778, 37.125 ], [ 140.127778, 37.1666665 ], [ 140.002778, 37.1666665 ], [ 140.002778, 37.083333 ], [ 140.002778, 37.077778 ], [ 140.041667, 37.077778 ] ] ] } },
{ "type": "Feature", "properties": { "Id": 0, "Sheet_ID": "白河近傍 1", "label": "白河近傍 1", "call_short": "G7960 S25 .J3", "call_num": "G7960 S25 .J3 10-1", "recid": "jn519fb2597", "websiteUrl": "https://purl.stanford.edu/jn519fb2597", "title": "二万五千分一地形圖 白河近傍", "ckey": 10561302, "available": true, "iiifUrl": "https://purl.stanford.edu/jn519fb2597/iiif/manifest" }, "geometry": { "type": "Polygon", "coordinates": [ [ [ 140.002778, 37.1666665 ], [ 140.127778, 37.1666665 ], [ 140.065278, 37.258333 ], [ 140.002778, 37.258333 ], [ 140.002778, 37.1666665 ] ] ] } },
{ "type": "Feature", "properties": { "Id": 0, "Sheet_ID": "水戸近傍 13", "label": "水戸近傍 13", "call_short": "G7960 S25 .J3", "call_num": "G7960 S25 .J3 11-13", "recid": "st677nt4224", "websiteUrl": "https://purl.stanford.edu/st677nt4224", "title": "二万五千分一地形圖 水戸近傍", "ckey": 10561302, "available": true, "iiifUrl": "https://purl.stanford.edu/st677nt4224/iiif/manifest" }, "geometry": { "type": "Polygon", "coordinates": [ [ [ 140.127778, 36.25 ], [ 140.252778, 36.25 ], [ 140.252778, 36.3333333 ], [ 140.127778, 36.3333333 ], [ 140.127778, 36.25 ] ] ] } },
{ "type": "Feature", "properties": { "Id": 0, "Sheet_ID": "水戸近傍 11", "label": "水戸近傍 11", "call_short": "G7960 S25 .J3", "call_num": "G7960 S25 .J3 11-11", "recid": "km343rv9912", "websiteUrl": "https://purl.stanford.edu/km343rv9912", "title": "二万五千分一地形圖 水戸近傍", "ckey": 10561302, "available": true, "iiifUrl": "https://purl.stanford.edu/km343rv9912/iiif/manifest" }, "geometry": { "type": "Polygon", "coordinates": [ [ [ 140.252778, 36.25 ], [ 140.377778, 36.25 ], [ 140.377778, 36.3333333 ], [ 140.252778, 36.3333333 ], [ 140.252778, 36.25 ] ] ] } },
{ "type": "Feature", "properties": { "Id": 0, "Sheet_ID": "水戸近傍 9", "label": "水戸近傍 9", "call_short": "0", "call_num": "0", "recid": "0", "websiteUrl": "0", "title": "0", "ckey": 0, "available": false, "iiifUrl": "0" }, "geometry": { "type": "Polygon", "coordinates": [ [ [ 140.377778, 36.25 ], [ 140.502778, 36.25 ], [ 140.502778, 36.3333333 ], [ 140.377778, 36.3333333 ], [ 140.377778, 36.25 ] ] ] } },
{ "type": "Feature", "properties": { "Id": 0, "Sheet_ID": "水戸近傍 5", "label": "水戸近傍 5", "call_short": "G7960 S25 .J3", "call_num": "G7960 S25 .J3 11-5", "recid": "xh990vw9548", "websiteUrl": "https://purl.stanford.edu/xh990vw9548", "title": "二万五千分一地形圖 水戸近傍", "ckey": 10561302, "available": true, "iiifUrl": "https://purl.stanford.edu/xh990vw9548/iiif/manifest" }, "geometry": { "type": "Polygon", "coordinates": [ [ [ 140.502778, 36.25 ], [ 140.627778, 36.25 ], [ 140.627778, 36.3333333 ], [ 140.502778, 36.3333333 ], [ 140.502778, 36.25 ] ] ] } },
{ "type": "Feature", "properties": { "Id": 0, "Sheet_ID": "水戸近傍 12", "label": "水戸近傍 12", "call_short": "G7960 S25 .J3", "call_num": "G7960 S25 .J3 11-12", "recid": "pb510cv1545", "websiteUrl": "https://purl.stanford.edu/pb510cv1545", "title": "二万五千分一地形圖 水戸近傍", "ckey": 10561302, "available": true, "iiifUrl": "https://purl.stanford.edu/pb510cv1545/iiif/manifest" }, "geometry": { "type": "Polygon", "coordinates": [ [ [ 140.127778, 36.3333333 ], [ 140.252778, 36.3333333 ], [ 140.252778, 36.4166665 ], [ 140.127778, 36.4166665 ], [ 140.127778, 36.3333333 ] ] ] } },
{ "type": "Feature", "properties": { "Id": 0, "Sheet_ID": "水戸近傍 10", "label": "水戸近傍 10", "call_short": "0", "call_num": "0", "recid": "0", "websiteUrl": "0", "title": "0", "ckey": 0, "available": false, "iiifUrl": "0" }, "geometry": { "type": "Polygon", "coordinates": [ [ [ 140.252778, 36.3333333 ], [ 140.377778, 36.3333333 ], [ 140.377778, 36.4166665 ], [ 140.252778, 36.4166665 ], [ 140.252778, 36.3333333 ] ] ] } },
{ "type": "Feature", "properties": { "Id": 0, "Sheet_ID": "水戸近傍 8", "label": "水戸近傍 8", "call_short": "G7960 S25 .J3", "call_num": "G7960 S25 .J3 11-8", "recid": "rq985hc7237", "websiteUrl": "https://purl.stanford.edu/rq985hc7237", "title": "二万五千分一地形圖 水戸近傍", "ckey": 10561302, "available": true, "iiifUrl": "https://purl.stanford.edu/rq985hc7237/iiif/manifest" }, "geometry": { "type": "Polygon", "coordinates": [ [ [ 140.377778, 36.3333333 ], [ 140.502778, 36.3333333 ], [ 140.502778, 36.4166665 ], [ 140.377778, 36.4166665 ], [ 140.377778, 36.3333333 ] ] ] } },
{ "type": "Feature", "properties": { "Id": 0, "Sheet_ID": "水戸近傍 4", "label": "水戸近傍 4", "call_short": "G7960 S25 .J3", "call_num": "G7960 S25 .J3 11-4", "recid": "pc702mh0952", "websiteUrl": "https://purl.stanford.edu/pc702mh0952", "title": "二万五千分一地形圖 水戸近傍", "ckey": 10561302, "available": true, "iiifUrl": "https://purl.stanford.edu/pc702mh0952/iiif/manifest" }, "geometry": { "type": "Polygon", "coordinates": [ [ [ 140.502778, 36.3333333 ], [ 140.627778, 36.3333333 ], [ 140.627778, 36.4166665 ], [ 140.502778, 36.4166665 ], [ 140.502778, 36.3333333 ] ] ] } },
{ "type": "Feature", "properties": { "Id": 0, "Sheet_ID": "水戸近傍 7", "label": "水戸近傍 7", "call_short": "G7960 S25 .J3", "call_num": "G7960 S25 .J3 11-7", "recid": "zh104md3473", "websiteUrl": "https://purl.stanford.edu/zh104md3473", "title": "二万五千分一地形圖 水戸近傍", "ckey": 10561302, "available": true, "iiifUrl": "https://purl.stanford.edu/zh104md3473/iiif/manifest" }, "geometry": { "type": "Polygon", "coordinates": [ [ [ 140.377778, 36.4166665 ], [ 140.502778, 36.4166665 ], [ 140.502778, 36.4999998 ], [ 140.377778, 36.4999998 ], [ 140.377778, 36.4166665 ] ] ] } },
{ "type": "Feature", "properties": { "Id": 0, "Sheet_ID": "水戸近傍 3", "label": "水戸近傍 3", "call_short": "G7960 S25 .J3", "call_num": "G7960 S25 .J3 11-3", "recid": "ky492yc7290", "websiteUrl": "https://purl.stanford.edu/ky492yc7290", "title": "二万五千分一地形圖 水戸近傍", "ckey": 10561302, "available": true, "iiifUrl": "https://purl.stanford.edu/ky492yc7290/iiif/manifest" }, "geometry": { "type": "Polygon", "coordinates": [ [ [ 140.502778, 36.4166665 ], [ 140.627778, 36.4166665 ], [ 140.627778, 36.4999998 ], [ 140.502778, 36.4999998 ], [ 140.502778, 36.4166665 ] ] ] } },
{ "type": "Feature", "properties": { "Id": 0, "Sheet_ID": "水戸近傍 6", "label": "水戸近傍 6", "call_short": "G7960 S25 .J3", "call_num": "G7960 S25 .J3 11-6", "recid": "bs169nr0062", "websiteUrl": "https://purl.stanford.edu/bs169nr0062", "title": "二万五千分一地形圖 水戸近傍", "ckey": 10561302, "available": true, "iiifUrl": "https://purl.stanford.edu/bs169nr0062/iiif/manifest" }, "geometry": { "type": "Polygon", "coordinates": [ [ [ 140.377778, 36.4999998 ], [ 140.502778, 36.4999998 ], [ 140.502778, 36.583333 ], [ 140.377778, 36.583333 ], [ 140.377778, 36.4999998 ] ] ] } },
{ "type": "Feature", "properties": { "Id": 0, "Sheet_ID": "水戸近傍 2", "label": "水戸近傍 2", "call_short": "G7960 S25 .J3", "call_num": "G7960 S25 .J3 11-2", "recid": "qw111rf8321", "websiteUrl": "https://purl.stanford.edu/qw111rf8321", "title": "二万五千分一地形圖 水戸近傍", "ckey": 10561302, "available": true, "iiifUrl": "https://purl.stanford.edu/qw111rf8321/iiif/manifest" }, "geometry": { "type": "Polygon", "coordinates": [ [ [ 140.502778, 36.4999998 ], [ 140.627778, 36.4999998 ], [ 140.627778, 36.583333 ], [ 140.502778, 36.583333 ], [ 140.502778, 36.4999998 ] ] ] } },
{ "type": "Feature", "properties": { "Id": 0, "Sheet_ID": "水戸近傍 1", "label": "水戸近傍 1", "call_short": "G7960 S25 .J3", "call_num": "G7960 S25 .J3 11-1", "recid": "rg732rh1988", "websiteUrl": "https://purl.stanford.edu/rg732rh1988", "title": "二万五千分一地形圖 水戸近傍", "ckey": 10561302, "available": true, "iiifUrl": "https://purl.stanford.edu/rg732rh1988/iiif/manifest" }, "geometry": { "type": "Polygon", "coordinates": [ [ [ 140.627778, 36.4999998 ], [ 140.752778, 36.4999998 ], [ 140.752778, 36.583333 ], [ 140.627778, 36.583333 ], [ 140.627778, 36.4999998 ] ] ] } },
{ "type": "Feature", "properties": { "Id": 0, "Sheet_ID": "宇都宮近傍 18", "label": "宇都宮近傍 18", "call_short": "0", "call_num": "0", "recid": "0", "websiteUrl": "0", "title": "0", "ckey": 0, "available": false, "iiifUrl": "0" }, "geometry": { "type": "Polygon", "coordinates": [ [ [ 139.752778, 36.25 ], [ 139.877778, 36.25 ], [ 139.877778, 36.3333333 ], [ 139.752778, 36.3333333 ], [ 139.752778, 36.25 ] ] ] } },
{ "type": "Feature", "properties": { "Id": 0, "Sheet_ID": "宇都宮近傍 12", "label": "宇都宮近傍 12", "call_short": "G7960 S25 .J3", "call_num": "G7960 S25 .J3 12-12", "recid": "mk487wr1655", "websiteUrl": "https://purl.stanford.edu/mk487wr1655", "title": "二万五千分一地形圖 宇都宮近傍", "ckey": 10561302, "available": true, "iiifUrl": "https://purl.stanford.edu/mk487wr1655/iiif/manifest" }, "geometry": { "type": "Polygon", "coordinates": [ [ [ 139.877778, 36.25 ], [ 140.002778, 36.25 ], [ 140.002778, 36.3333333 ], [ 139.877778, 36.3333333 ], [ 139.877778, 36.25 ] ] ] } },
{ "type": "Feature", "properties": { "Id": 0, "Sheet_ID": "宇都宮近傍 6", "label": "宇都宮近傍 6", "call_short": "0", "call_num": "0", "recid": "0", "websiteUrl": "0", "title": "0", "ckey": 0, "available": false, "iiifUrl": "0" }, "geometry": { "type": "Polygon", "coordinates": [ [ [ 140.002778, 36.25 ], [ 140.127778, 36.25 ], [ 140.127778, 36.3333333 ], [ 140.002778, 36.3333333 ], [ 140.002778, 36.25 ] ] ] } },
{ "type": "Feature", "properties": { "Id": 0, "Sheet_ID": "宇都宮近傍 19", "label": "宇都宮近傍 19", "call_short": "G7960 S25 .J3", "call_num": "G7960 S25 .J3 12-19", "recid": "dd082yp4668", "websiteUrl": "https://purl.stanford.edu/dd082yp4668", "title": "二万五千分一地形圖 宇都宮近傍", "ckey": 10561302, "available": true, "iiifUrl": "https://purl.stanford.edu/dd082yp4668/iiif/manifest" }, "geometry": { "type": "Polygon", "coordinates": [ [ [ 139.627778, 36.3333333 ], [ 139.752778, 36.3333333 ], [ 139.752778, 36.4166667 ], [ 139.627778, 36.4166667 ], [ 139.627778, 36.3333333 ] ] ] } },
{ "type": "Feature", "properties": { "Id": 0, "Sheet_ID": "宇都宮近傍 17", "label": "宇都宮近傍 17", "call_short": "G7960 S25 .J3", "call_num": "G7960 S25 .J3 12-17", "recid": "pk167yq6876", "websiteUrl": "https://purl.stanford.edu/pk167yq6876", "title": "二万五千分一地形圖 宇都宮近傍", "ckey": 10561302, "available": true, "iiifUrl": "https://purl.stanford.edu/pk167yq6876/iiif/manifest" }, "geometry": { "type": "Polygon", "coordinates": [ [ [ 139.752778, 36.3333333 ], [ 139.877778, 36.3333333 ], [ 139.877778, 36.4166667 ], [ 139.752778, 36.4166667 ], [ 139.752778, 36.3333333 ] ] ] } },
{ "type": "Feature", "properties": { "Id": 0, "Sheet_ID": "宇都宮近傍 11", "label": "宇都宮近傍 11", "call_short": "0", "call_num": "0", "recid": "0", "websiteUrl": "0", "title": "0", "ckey": 0, "available": false, "iiifUrl": "0" }, "geometry": { "type": "Polygon", "coordinates": [ [ [ 139.877778, 36.3333333 ], [ 140.002778, 36.3333333 ], [ 140.002778, 36.4166667 ], [ 139.877778, 36.4166667 ], [ 139.877778, 36.3333333 ] ] ] } },
{ "type": "Feature", "properties": { "Id": 0, "Sheet_ID": "宇都宮近傍 5", "label": "宇都宮近傍 5", "call_short": "0", "call_num": "0", "recid": "0", "websiteUrl": "0", "title": "0", "ckey": 0, "available": false, "iiifUrl": "0" }, "geometry": { "type": "Polygon", "coordinates": [ [ [ 140.002778, 36.3333333 ], [ 140.127778, 36.3333333 ], [ 140.127778, 36.4166667 ], [ 140.002778, 36.4166667 ], [ 140.002778, 36.3333333 ] ] ] } },
{ "type": "Feature", "properties": { "Id": 0, "Sheet_ID": "宇都宮近傍 16", "label": "宇都宮近傍 16", "call_short": "G7960 S25 .J3", "call_num": "G7960 S25 .J3 12-16", "recid": "bp050gk8303", "websiteUrl": "https://purl.stanford.edu/bp050gk8303", "title": "二万五千分一地形圖 宇都宮近傍", "ckey": 10561302, "available": true, "iiifUrl": "https://purl.stanford.edu/bp050gk8303/iiif/manifest" }, "geometry": { "type": "Polygon", "coordinates": [ [ [ 139.752778, 36.4166667 ], [ 139.877778, 36.4166667 ], [ 139.877778, 36.5 ], [ 139.752778, 36.5 ], [ 139.752778, 36.4166667 ] ] ] } },
{ "type": "Feature", "properties": { "Id": 0, "Sheet_ID": "宇都宮近傍 10", "label": "宇都宮近傍 10", "call_short": "0", "call_num": "0", "recid": "0", "websiteUrl": "0", "title": "0", "ckey": 0, "available": false, "iiifUrl": "0" }, "geometry": { "type": "Polygon", "coordinates": [ [ [ 139.877778, 36.4166667 ], [ 140.002778, 36.4166667 ], [ 140.002778, 36.5 ], [ 139.877778, 36.5 ], [ 139.877778, 36.4166667 ] ] ] } },
{ "type": "Feature", "properties": { "Id": 0, "Sheet_ID": "宇都宮近傍 4", "label": "宇都宮近傍 4", "call_short": "G7960 S25 .J3", "call_num": "G7960 S25 .J3 12-4", "recid": "hq305gf5840", "websiteUrl": "https://purl.stanford.edu/hq305gf5840", "title": "二万五千分一地形圖 宇都宮近傍", "ckey": 10561302, "available": true, "iiifUrl": "https://purl.stanford.edu/hq305gf5840/iiif/manifest" }, "geometry": { "type": "Polygon", "coordinates": [ [ [ 140.002778, 36.4166667 ], [ 140.127778, 36.4166667 ], [ 140.127778, 36.5 ], [ 140.002778, 36.5 ], [ 140.002778, 36.4166667 ] ] ] } },
{ "type": "Feature", "properties": { "Id": 0, "Sheet_ID": "宇都宮近傍 15", "label": "宇都宮近傍 15", "call_short": "G7960 S25 .J3", "call_num": "G7960 S25 .J3 12-15", "recid": "tf798gv7886", "websiteUrl": "https://purl.stanford.edu/tf798gv7886", "title": "二万五千分一地形圖 宇都宮近傍", "ckey": 10561302, "available": true, "iiifUrl": "https://purl.stanford.edu/tf798gv7886/iiif/manifest" }, "geometry": { "type": "Polygon", "coordinates": [ [ [ 139.752778, 36.5 ], [ 139.877778, 36.5 ], [ 139.877778, 36.5833333 ], [ 139.752778, 36.5833333 ], [ 139.752778, 36.5 ] ] ] } },
{ "type": "Feature", "properties": { "Id": 0, "Sheet_ID": "宇都宮近傍 9", "label": "宇都宮近傍 9", "call_short": "G7960 S25 .J3", "call_num": "G7960 S25 .J3 12-9", "recid": "bh217rm0042", "websiteUrl": "https://purl.stanford.edu/bh217rm0042", "title": "二万五千分一地形圖 宇都宮近傍", "ckey": 10561302, "available": true, "iiifUrl": "https://purl.stanford.edu/bh217rm0042/iiif/manifest" }, "geometry": { "type": "Polygon", "coordinates": [ [ [ 139.877778, 36.5 ], [ 140.002778, 36.5 ], [ 140.002778, 36.5833333 ], [ 139.877778, 36.5833333 ], [ 139.877778, 36.5 ] ] ] } },
{ "type": "Feature", "properties": { "Id": 0, "Sheet_ID": "宇都宮近傍 3", "label": "宇都宮近傍 3", "call_short": "G7960 S25 .J3", "call_num": "G7960 S25 .J3 12-3", "recid": "qv735rh5572", "websiteUrl": "https://purl.stanford.edu/qv735rh5572", "title": "二万五千分一地形圖 宇都宮近傍", "ckey": 10561302, "available": true, "iiifUrl": "https://purl.stanford.edu/qv735rh5572/iiif/manifest" }, "geometry": { "type": "Polygon", "coordinates": [ [ [ 140.002778, 36.5 ], [ 140.127778, 36.5 ], [ 140.127778, 36.5833333 ], [ 140.002778, 36.5833333 ], [ 140.002778, 36.5 ] ] ] } },
{ "type": "Feature", "properties": { "Id": 0, "Sheet_ID": "宇都宮近傍 14", "label": "宇都宮近傍 14", "call_short": "0", "call_num": "0", "recid": "0", "websiteUrl": "0", "title": "0", "ckey": 0, "available": false, "iiifUrl": "0" }, "geometry": { "type": "Polygon", "coordinates": [ [ [ 139.752778, 36.5833333 ], [ 139.877778, 36.5833333 ], [ 139.877778, 36.6666667 ], [ 139.752778, 36.6666667 ], [ 139.752778, 36.5833333 ] ] ] } },
{ "type": "Feature", "properties": { "Id": 0, "Sheet_ID": "宇都宮近傍 8", "label": "宇都宮近傍 8", "call_short": "G7960 S25 .J3", "call_num": "G7960 S25 .J3 12-8", "recid": "hr148gh7080", "websiteUrl": "https://purl.stanford.edu/hr148gh7080", "title": "二万五千分一地形圖 宇都宮近傍", "ckey": 10561302, "available": true, "iiifUrl": "https://purl.stanford.edu/hr148gh7080/iiif/manifest" }, "geometry": { "type": "Polygon", "coordinates": [ [ [ 139.877778, 36.5833333 ], [ 140.002778, 36.5833333 ], [ 140.002778, 36.6666667 ], [ 139.877778, 36.6666667 ], [ 139.877778, 36.5833333 ] ] ] } },
{ "type": "Feature", "properties": { "Id": 0, "Sheet_ID": "宇都宮近傍 2", "label": "宇都宮近傍 2", "call_short": "0", "call_num": "0", "recid": "0", "websiteUrl": "0", "title": "0", "ckey": 0, "available": false, "iiifUrl": "0" }, "geometry": { "type": "Polygon", "coordinates": [ [ [ 140.002778, 36.5833333 ], [ 140.127778, 36.5833333 ], [ 140.127778, 36.6666667 ], [ 140.002778, 36.6666667 ], [ 140.002778, 36.5833333 ] ] ] } },
{ "type": "Feature", "properties": { "Id": 0, "Sheet_ID": "宇都宮近傍 13", "label": "宇都宮近傍 13", "call_short": "0", "call_num": "0", "recid": "0", "websiteUrl": "0", "title": "0", "ckey": 0, "available": false, "iiifUrl": "0" }, "geometry": { "type": "Polygon", "coordinates": [ [ [ 139.752778, 36.6666667 ], [ 139.877778, 36.6666667 ], [ 139.877778, 36.75 ], [ 139.752778, 36.75 ], [ 139.752778, 36.6666667 ] ] ] } },
{ "type": "Feature", "properties": { "Id": 0, "Sheet_ID": "宇都宮近傍 7", "label": "宇都宮近傍 7", "call_short": "G7960 S25 .J3", "call_num": "G7960 S25 .J3 12-7", "recid": "wg755sy7269", "websiteUrl": "https://purl.stanford.edu/wg755sy7269", "title": "二万五千分一地形圖 宇都宮近傍", "ckey": 10561302, "available": true, "iiifUrl": "https://purl.stanford.edu/wg755sy7269/iiif/manifest" }, "geometry": { "type": "Polygon", "coordinates": [ [ [ 139.877778, 36.6666667 ], [ 140.002778, 36.6666667 ], [ 140.002778, 36.75 ], [ 139.877778, 36.75 ], [ 139.877778, 36.6666667 ] ] ] } },
{ "type": "Feature", "properties": { "Id": 0, "Sheet_ID": "宇都宮近傍 1", "label": "宇都宮近傍 1", "call_short": "G7960 S25 .J3", "call_num": "G7960 S25 .J3 12-1", "recid": "zr238tr4122", "websiteUrl": "https://purl.stanford.edu/zr238tr4122", "title": "二万五千分一地形圖 宇都宮近傍", "ckey": 10561302, "available": true, "iiifUrl": "https://purl.stanford.edu/zr238tr4122/iiif/manifest" }, "geometry": { "type": "Polygon", "coordinates": [ [ [ 140.002778, 36.6666667 ], [ 140.127778, 36.6666667 ], [ 140.127778, 36.75 ], [ 140.002778, 36.75 ], [ 140.002778, 36.6666667 ] ] ] } },
{ "type": "Feature", "properties": { "Id": 0, "Sheet_ID": "日光近傍 6", "label": "日光近傍 6", "call_short": "0", "call_num": "0", "recid": "0", "websiteUrl": "0", "title": "0", "ckey": 0, "available": false, "iiifUrl": "0" }, "geometry": { "type": "Polygon", "coordinates": [ [ [ 139.377778, 36.666667 ], [ 139.502778, 36.666667 ], [ 139.502778, 36.75 ], [ 139.377778, 36.75 ], [ 139.377778, 36.666667 ] ] ] } },
{ "type": "Feature", "properties": { "Id": 0, "Sheet_ID": "日光近傍 4", "label": "日光近傍 4", "call_short": "0", "call_num": "0", "recid": "0", "websiteUrl": "0", "title": "0", "ckey": 0, "available": false, "iiifUrl": "0" }, "geometry": { "type": "Polygon", "coordinates": [ [ [ 139.502778, 36.666667 ], [ 139.627778, 36.666667 ], [ 139.627778, 36.75 ], [ 139.502778, 36.75 ], [ 139.502778, 36.666667 ] ] ] } },
{ "type": "Feature", "properties": { "Id": 0, "Sheet_ID": "日光近傍 2", "label": "日光近傍 2", "call_short": "0", "call_num": "0", "recid": "0", "websiteUrl": "0", "title": "0", "ckey": 0, "available": false, "iiifUrl": "0" }, "geometry": { "type": "Polygon", "coordinates": [ [ [ 139.627778, 36.666667 ], [ 139.752778, 36.666667 ], [ 139.752778, 36.75 ], [ 139.627778, 36.75 ], [ 139.627778, 36.666667 ] ] ] } },
{ "type": "Feature", "properties": { "Id": 0, "Sheet_ID": "日光近傍 5", "label": "日光近傍 5", "call_short": "G7960 S25 .J3", "call_num": "G7960 S25 .J3 13-5", "recid": "hn857nq7112", "websiteUrl": "https://purl.stanford.edu/hn857nq7112", "title": "二万五千分一地形圖 日光近傍", "ckey": 10561302, "available": true, "iiifUrl": "https://purl.stanford.edu/hn857nq7112/iiif/manifest" }, "geometry": { "type": "Polygon", "coordinates": [ [ [ 139.377778, 36.75 ], [ 139.502778, 36.75 ], [ 139.502778, 36.833333 ], [ 139.377778, 36.833333 ], [ 139.377778, 36.75 ] ] ] } },
{ "type": "Feature", "properties": { "Id": 0, "Sheet_ID": "日光近傍 3", "label": "日光近傍 3", "call_short": "G7960 S25 .J3", "call_num": "G7960 S25 .J3 13-3", "recid": "fk987kb3601", "websiteUrl": "https://purl.stanford.edu/fk987kb3601", "title": "二万五千分一地形圖 日光近傍", "ckey": 10561302, "available": true, "iiifUrl": "https://purl.stanford.edu/fk987kb3601/iiif/manifest" }, "geometry": { "type": "Polygon", "coordinates": [ [ [ 139.502778, 36.75 ], [ 139.627778, 36.75 ], [ 139.627778, 36.833333 ], [ 139.502778, 36.833333 ], [ 139.502778, 36.75 ] ] ] } },
{ "type": "Feature", "properties": { "Id": 0, "Sheet_ID": "日光近傍 1", "label": "日光近傍 1", "call_short": "0", "call_num": "0", "recid": "0", "websiteUrl": "0", "title": "0", "ckey": 0, "available": false, "iiifUrl": "0" }, "geometry": { "type": "Polygon", "coordinates": [ [ [ 139.627778, 36.75 ], [ 139.752778, 36.75 ], [ 139.752778, 36.833333 ], [ 139.627778, 36.833333 ], [ 139.627778, 36.75 ] ] ] } },
{ "type": "Feature", "properties": { "Id": 0, "Sheet_ID": "前橋及高崎近傍 16", "label": "前橋及高崎近傍 16", "call_short": "G7960 S25 .J3", "call_num": "G7960 S25 .J3 14-16", "recid": "hr214tp8654", "websiteUrl": "https://purl.stanford.edu/hr214tp8654", "title": "二万五千分一地形圖 前橋及高崎近傍", "ckey": 10561302, "available": true, "iiifUrl": "https://purl.stanford.edu/hr214tp8654/iiif/manifest" }, "geometry": { "type": "Polygon", "coordinates": [ [ [ 138.752778, 36.166667 ], [ 138.877778, 36.166667 ], [ 138.877778, 36.2500002 ], [ 138.752778, 36.2500002 ], [ 138.752778, 36.166667 ] ] ] } },
{ "type": "Feature", "properties": { "Id": 0, "Sheet_ID": "前橋及高崎近傍 12", "label": "前橋及高崎近傍 12", "call_short": "G7960 S25 .J3", "call_num": "G7960 S25 .J3 14-12", "recid": "ds171hg3756", "websiteUrl": "https://purl.stanford.edu/ds171hg3756", "title": "二万五千分一地形圖 前橋及高崎近傍", "ckey": 10561302, "available": true, "iiifUrl": "https://purl.stanford.edu/ds171hg3756/iiif/manifest" }, "geometry": { "type": "Polygon", "coordinates": [ [ [ 138.877778, 36.166667 ], [ 139.002778, 36.166667 ], [ 139.002778, 36.2500002 ], [ 138.877778, 36.2500002 ], [ 138.877778, 36.166667 ] ] ] } },
{ "type": "Feature", "properties": { "Id": 0, "Sheet_ID": "前橋及高崎近傍 8", "label": "前橋及高崎近傍 8", "call_short": "G7960 S25 .J3", "call_num": "G7960 S25 .J3 14-8", "recid": "xx584fy1628", "websiteUrl": "https://purl.stanford.edu/xx584fy1628", "title": "二万五千分一地形圖 前橋及高崎近傍", "ckey": 10561302, "available": true, "iiifUrl": "https://purl.stanford.edu/xx584fy1628/iiif/manifest" }, "geometry": { "type": "Polygon", "coordinates": [ [ [ 139.002778, 36.166667 ], [ 139.127778, 36.166667 ], [ 139.127778, 36.2500002 ], [ 139.002778, 36.2500002 ], [ 139.002778, 36.166667 ] ] ] } },
{ "type": "Feature", "properties": { "Id": 0, "Sheet_ID": "前橋及高崎近傍 4", "label": "前橋及高崎近傍 4", "call_short": "G7960 S25 .J3", "call_num": "G7960 S25 .J3 14-4", "recid": "hs098gj1111", "websiteUrl": "https://purl.stanford.edu/hs098gj1111", "title": "二万五千分一地形圖 前橋及高崎近傍", "ckey": 10561302, "available": true, "iiifUrl": "https://purl.stanford.edu/hs098gj1111/iiif/manifest" }, "geometry": { "type": "Polygon", "coordinates": [ [ [ 139.127778, 36.166667 ], [ 139.252778, 36.166667 ], [ 139.252778, 36.2500002 ], [ 139.127778, 36.2500002 ], [ 139.127778, 36.166667 ] ] ] } },
{ "type": "Feature", "properties": { "Id": 0, "Sheet_ID": "前橋及高崎近傍 15", "label": "前橋及高崎近傍 15", "call_short": "G7960 S25 .J3", "call_num": "G7960 S25 .J3 14-15", "recid": "rz456sg2463", "websiteUrl": "https://purl.stanford.edu/rz456sg2463", "title": "二万五千分一地形圖 前橋及高崎近傍", "ckey": 10561302, "available": true, "iiifUrl": "https://purl.stanford.edu/rz456sg2463/iiif/manifest" }, "geometry": { "type": "Polygon", "coordinates": [ [ [ 138.752778, 36.2500002 ], [ 138.877778, 36.2500002 ], [ 138.877778, 36.3333335 ], [ 138.752778, 36.3333335 ], [ 138.752778, 36.2500002 ] ] ] } },
{ "type": "Feature", "properties": { "Id": 0, "Sheet_ID": "前橋及高崎近傍 11", "label": "前橋及高崎近傍 11", "call_short": "G7960 S25 .J3", "call_num": "G7960 S25 .J3 14-11", "recid": "tm029zh6415", "websiteUrl": "https://purl.stanford.edu/tm029zh6415", "title": "二万五千分一地形圖 前橋及高崎近傍", "ckey": 10561302, "available": true, "iiifUrl": "https://purl.stanford.edu/tm029zh6415/iiif/manifest" }, "geometry": { "type": "Polygon", "coordinates": [ [ [ 138.877778, 36.2500002 ], [ 139.002778, 36.2500002 ], [ 139.002778, 36.3333335 ], [ 138.877778, 36.3333335 ], [ 138.877778, 36.2500002 ] ] ] } },
{ "type": "Feature", "properties": { "Id": 0, "Sheet_ID": "前橋及高崎近傍 7", "label": "前橋及高崎近傍 7", "call_short": "G7960 S25 .J3", "call_num": "G7960 S25 .J3 14-7", "recid": "xt057hc3827", "websiteUrl": "https://purl.stanford.edu/xt057hc3827", "title": "二万五千分一地形圖 前橋及高崎近傍", "ckey": 10561302, "available": true, "iiifUrl": "https://purl.stanford.edu/xt057hc3827/iiif/manifest" }, "geometry": { "type": "Polygon", "coordinates": [ [ [ 139.002778, 36.2500002 ], [ 139.127778, 36.2500002 ], [ 139.127778, 36.3333335 ], [ 139.002778, 36.3333335 ], [ 139.002778, 36.2500002 ] ] ] } },
{ "type": "Feature", "properties": { "Id": 0, "Sheet_ID": "前橋及高崎近傍 3", "label": "前橋及高崎近傍 3", "call_short": "G7960 S25 .J3", "call_num": "G7960 S25 .J3 14-3", "recid": "ty184xz0604", "websiteUrl": "https://purl.stanford.edu/ty184xz0604", "title": "二万五千分一地形圖 前橋及高崎近傍", "ckey": 10561302, "available": true, "iiifUrl": "https://purl.stanford.edu/ty184xz0604/iiif/manifest" }, "geometry": { "type": "Polygon", "coordinates": [ [ [ 139.127778, 36.2500002 ], [ 139.252778, 36.2500002 ], [ 139.252778, 36.3333335 ], [ 139.127778, 36.3333335 ], [ 139.127778, 36.2500002 ] ] ] } },
{ "type": "Feature", "properties": { "Id": 0, "Sheet_ID": "前橋及高崎近傍 14", "label": "前橋及高崎近傍 14", "call_short": "G7960 S25 .J3", "call_num": "G7960 S25 .J3 14-14", "recid": "tj033rw9496", "websiteUrl": "https://purl.stanford.edu/tj033rw9496", "title": "二万五千分一地形圖 前橋及高崎近傍", "ckey": 10561302, "available": true, "iiifUrl": "https://purl.stanford.edu/tj033rw9496/iiif/manifest" }, "geometry": { "type": "Polygon", "coordinates": [ [ [ 138.752778, 36.3333335 ], [ 138.877778, 36.3333335 ], [ 138.877778, 36.4166667 ], [ 138.752778, 36.4166667 ], [ 138.752778, 36.3333335 ] ] ] } },
{ "type": "Feature", "properties": { "Id": 0, "Sheet_ID": "前橋及高崎近傍 10", "label": "前橋及高崎近傍 10", "call_short": "G7960 S25 .J3", "call_num": "G7960 S25 .J3 14-10", "recid": "fn598bf7104", "websiteUrl": "https://purl.stanford.edu/fn598bf7104", "title": "二万五千分一地形圖 前橋及高崎近傍", "ckey": 10561302, "available": true, "iiifUrl": "https://purl.stanford.edu/fn598bf7104/iiif/manifest" }, "geometry": { "type": "Polygon", "coordinates": [ [ [ 138.877778, 36.3333335 ], [ 139.002778, 36.3333335 ], [ 139.002778, 36.4166667 ], [ 138.877778, 36.4166667 ], [ 138.877778, 36.3333335 ] ] ] } },
{ "type": "Feature", "properties": { "Id": 0, "Sheet_ID": "前橋及高崎近傍 6", "label": "前橋及高崎近傍 6", "call_short": "G7960 S25 .J3", "call_num": "G7960 S25 .J3 14-6", "recid": "vj565rw1732", "websiteUrl": "https://purl.stanford.edu/vj565rw1732", "title": "二万五千分一地形圖 前橋及高崎近傍", "ckey": 10561302, "available": true, "iiifUrl": "https://purl.stanford.edu/vj565rw1732/iiif/manifest" }, "geometry": { "type": "Polygon", "coordinates": [ [ [ 139.002778, 36.3333335 ], [ 139.127778, 36.3333335 ], [ 139.127778, 36.4166667 ], [ 139.002778, 36.4166667 ], [ 139.002778, 36.3333335 ] ] ] } },
{ "type": "Feature", "properties": { "Id": 0, "Sheet_ID": "前橋及高崎近傍 2", "label": "前橋及高崎近傍 2", "call_short": "G7960 S25 .J3", "call_num": "G7960 S25 .J3 14-2", "recid": "nv389xz1645", "websiteUrl": "https://purl.stanford.edu/nv389xz1645", "title": "二万五千分一地形圖 前橋及高崎近傍", "ckey": 10561302, "available": true, "iiifUrl": "https://purl.stanford.edu/nv389xz1645/iiif/manifest" }, "geometry": { "type": "Polygon", "coordinates": [ [ [ 139.127778, 36.3333335 ], [ 139.252778, 36.3333335 ], [ 139.252778, 36.4166667 ], [ 139.127778, 36.4166667 ], [ 139.127778, 36.3333335 ] ] ] } },
{ "type": "Feature", "properties": { "Id": 0, "Sheet_ID": "前橋及高崎近傍 13", "label": "前橋及高崎近傍 13", "call_short": "G7960 S25 .J3", "call_num": "G7960 S25 .J3 14-13", "recid": "vg406hp8167", "websiteUrl": "https://purl.stanford.edu/vg406hp8167", "title": "二万五千分一地形圖 前橋及高崎近傍", "ckey": 10561302, "available": true, "iiifUrl": "https://purl.stanford.edu/vg406hp8167/iiif/manifest" }, "geometry": { "type": "Polygon", "coordinates": [ [ [ 138.752778, 36.4166667 ], [ 138.877778, 36.4166667 ], [ 138.877778, 36.5 ], [ 138.752778, 36.5 ], [ 138.752778, 36.4166667 ] ] ] } },
{ "type": "Feature", "properties": { "Id": 0, "Sheet_ID": "前橋及高崎近傍 9", "label": "前橋及高崎近傍 9", "call_short": "G7960 S25 .J3", "call_num": "G7960 S25 .J3 14-9", "recid": "qq326wj9274", "websiteUrl": "https://purl.stanford.edu/qq326wj9274", "title": "二万五千分一地形圖 前橋及高崎近傍", "ckey": 10561302, "available": true, "iiifUrl": "https://purl.stanford.edu/qq326wj9274/iiif/manifest" }, "geometry": { "type": "Polygon", "coordinates": [ [ [ 138.877778, 36.4166667 ], [ 139.002778, 36.4166667 ], [ 139.002778, 36.5 ], [ 138.877778, 36.5 ], [ 138.877778, 36.4166667 ] ] ] } },
{ "type": "Feature", "properties": { "Id": 0, "Sheet_ID": "前橋及高崎近傍 5", "label": "前橋及高崎近傍 5", "call_short": "G7960 S25 .J3", "call_num": "G7960 S25 .J3 14-5", "recid": "gx807xm5108", "websiteUrl": "https://purl.stanford.edu/gx807xm5108", "title": "二万五千分一地形圖 前橋及高崎近傍", "ckey": 10561302, "available": true, "iiifUrl": "https://purl.stanford.edu/gx807xm5108/iiif/manifest" }, "geometry": { "type": "Polygon", "coordinates": [ [ [ 139.002778, 36.4166667 ], [ 139.127778, 36.4166667 ], [ 139.127778, 36.5 ], [ 139.002778, 36.5 ], [ 139.002778, 36.4166667 ] ] ] } },
{ "type": "Feature", "properties": { "Id": 0, "Sheet_ID": "前橋及高崎近傍 1", "label": "前橋及高崎近傍 1", "call_short": "G7960 S25 .J3", "call_num": "G7960 S25 .J3 14-1", "recid": "xw816sn5673", "websiteUrl": "https://purl.stanford.edu/xw816sn5673", "title": "二万五千分一地形圖 前橋及高崎近傍", "ckey": 10561302, "available": true, "iiifUrl": "https://purl.stanford.edu/xw816sn5673/iiif/manifest" }, "geometry": { "type": "Polygon", "coordinates": [ [ [ 139.127778, 36.4166667 ], [ 139.252778, 36.4166667 ], [ 139.252778, 36.5 ], [ 139.127778, 36.5 ], [ 139.127778, 36.4166667 ] ] ] } },
{ "type": "Feature", "properties": { "Id": 0, "Sheet_ID": "東京近傍 16", "label": "東京近傍 16", "call_short": "G7960 S25 .J3", "call_num": "G7960 S25 .J3 16-16", "recid": "vb916xh2706", "websiteUrl": "https://purl.stanford.edu/vb916xh2706", "title": "二万五千分一地形圖 東京近傍", "ckey": 10561302, "available": true, "iiifUrl": "https://purl.stanford.edu/vb916xh2706/iiif/manifest" }, "geometry": { "type": "Polygon", "coordinates": [ [ [ 139.502778, 35.583333 ], [ 139.627778, 35.583333 ], [ 139.627778, 35.6666665 ], [ 139.502778, 35.6666665 ], [ 139.502778, 35.583333 ] ] ] } },
{ "type": "Feature", "properties": { "Id": 0, "Sheet_ID": "東京近傍 12", "label": "東京近傍 12", "call_short": "0", "call_num": "0", "recid": "0", "websiteUrl": "0", "title": "0", "ckey": 0, "available": false, "iiifUrl": "0" }, "geometry": { "type": "Polygon", "coordinates": [ [ [ 139.627778, 35.583333 ], [ 139.752778, 35.583333 ], [ 139.752778, 35.6666665 ], [ 139.627778, 35.6666665 ], [ 139.627778, 35.583333 ] ] ] } },
{ "type": "Feature", "properties": { "Id": 0, "Sheet_ID": "東京近傍 8", "label": "東京近傍 8", "call_short": "G7960 S25 .J3", "call_num": "G7960 S25 .J3 16-8", "recid": "bz707gg2154", "websiteUrl": "https://purl.stanford.edu/bz707gg2154", "title": "二万五千分一地形圖 東京近傍", "ckey": 10561302, "available": true, "iiifUrl": "https://purl.stanford.edu/bz707gg2154/iiif/manifest" }, "geometry": { "type": "Polygon", "coordinates": [ [ [ 139.752778, 35.583333 ], [ 139.877778, 35.583333 ], [ 139.877778, 35.6666665 ], [ 139.752778, 35.6666665 ], [ 139.752778, 35.583333 ] ] ] } },
{ "type": "Feature", "properties": { "Id": 0, "Sheet_ID": "東京近傍 4", "label": "東京近傍 4", "call_short": "G7960 S25 .J3", "call_num": "G7960 S25 .J3 16-4", "recid": "nm330yy3816", "websiteUrl": "https://purl.stanford.edu/nm330yy3816", "title": "二万五千分一地形圖 東京近傍", "ckey": 10561302, "available": true, "iiifUrl": "https://purl.stanford.edu/nm330yy3816/iiif/manifest" }, "geometry": { "type": "Polygon", "coordinates": [ [ [ 139.877778, 35.583333 ], [ 140.002778, 35.583333 ], [ 140.002778, 35.6666665 ], [ 139.877778, 35.6666665 ], [ 139.877778, 35.583333 ] ] ] } },
{ "type": "Feature", "properties": { "Id": 0, "Sheet_ID": "東京近傍 15", "label": "東京近傍 15", "call_short": "G7960 S25 .J3", "call_num": "G7960 S25 .J3 16-15", "recid": "vv284fc4160", "websiteUrl": "https://purl.stanford.edu/vv284fc4160", "title": "二万五千分一地形圖 東京近傍", "ckey": 10561302, "available": true, "iiifUrl": "https://purl.stanford.edu/vv284fc4160/iiif/manifest" }, "geometry": { "type": "Polygon", "coordinates": [ [ [ 139.502778, 35.6666665 ], [ 139.627778, 35.6666665 ], [ 139.627778, 35.75 ], [ 139.502778, 35.75 ], [ 139.502778, 35.6666665 ] ] ] } },
{ "type": "Feature", "properties": { "Id": 0, "Sheet_ID": "東京近傍 11", "label": "東京近傍 11", "call_short": "0", "call_num": "0", "recid": "0", "websiteUrl": "0", "title": "0", "ckey": 0, "available": false, "iiifUrl": "0" }, "geometry": { "type": "Polygon", "coordinates": [ [ [ 139.627778, 35.6666665 ], [ 139.752778, 35.6666665 ], [ 139.752778, 35.75 ], [ 139.627778, 35.75 ], [ 139.627778, 35.6666665 ] ] ] } },
{ "type": "Feature", "properties": { "Id": 0, "Sheet_ID": "東京近傍 7", "label": "東京近傍 7", "call_short": "G7960 S25 .J3", "call_num": "G7960 S25 .J3 16-7", "recid": "tc523cj3677", "websiteUrl": "https://purl.stanford.edu/tc523cj3677", "title": "二万五千分一地形圖 東京近傍", "ckey": 10561302, "available": true, "iiifUrl": "https://purl.stanford.edu/tc523cj3677/iiif/manifest" }, "geometry": { "type": "Polygon", "coordinates": [ [ [ 139.752778, 35.6666665 ], [ 139.877778, 35.6666665 ], [ 139.877778, 35.75 ], [ 139.752778, 35.75 ], [ 139.752778, 35.6666665 ] ] ] } },
{ "type": "Feature", "properties": { "Id": 0, "Sheet_ID": "東京近傍 3", "label": "東京近傍 3", "call_short": "G7960 S25 .J3", "call_num": "G7960 S25 .J3 16-3", "recid": "vs842fh5167", "websiteUrl": "https://purl.stanford.edu/vs842fh5167", "title": "二万五千分一地形圖 東京近傍", "ckey": 10561302, "available": true, "iiifUrl": "https://purl.stanford.edu/vs842fh5167/iiif/manifest" }, "geometry": { "type": "Polygon", "coordinates": [ [ [ 139.877778, 35.6666665 ], [ 140.002778, 35.6666665 ], [ 140.002778, 35.75 ], [ 139.877778, 35.75 ], [ 139.877778, 35.6666665 ] ] ] } },
{ "type": "Feature", "properties": { "Id": 0, "Sheet_ID": "東京近傍 14", "label": "東京近傍 14", "call_short": "0", "call_num": "0", "recid": "0", "websiteUrl": "0", "title": "0", "ckey": 0, "available": false, "iiifUrl": "0" }, "geometry": { "type": "Polygon", "coordinates": [ [ [ 139.502778, 35.75 ], [ 139.627778, 35.75 ], [ 139.627778, 35.8333335 ], [ 139.502778, 35.8333335 ], [ 139.502778, 35.75 ] ] ] } },
{ "type": "Feature", "properties": { "Id": 0, "Sheet_ID": "東京近傍 10", "label": "東京近傍 10", "call_short": "0", "call_num": "0", "recid": "0", "websiteUrl": "0", "title": "0", "ckey": 0, "available": false, "iiifUrl": "0" }, "geometry": { "type": "Polygon", "coordinates": [ [ [ 139.627778, 35.75 ], [ 139.752778, 35.75 ], [ 139.752778, 35.8333335 ], [ 139.627778, 35.8333335 ], [ 139.627778, 35.75 ] ] ] } },
{ "type": "Feature", "properties": { "Id": 0, "Sheet_ID": "東京近傍 6", "label": "東京近傍 6", "call_short": "G7960 S25 .J3", "call_num": "G7960 S25 .J3 16-6", "recid": "br898vw1720", "websiteUrl": "https://purl.stanford.edu/br898vw1720", "title": "二万五千分一地形圖 東京近傍", "ckey": 10561302, "available": true, "iiifUrl": "https://purl.stanford.edu/br898vw1720/iiif/manifest" }, "geometry": { "type": "Polygon", "coordinates": [ [ [ 139.752778, 35.75 ], [ 139.877778, 35.75 ], [ 139.877778, 35.8333335 ], [ 139.752778, 35.8333335 ], [ 139.752778, 35.75 ] ] ] } },
{ "type": "Feature", "properties": { "Id": 0, "Sheet_ID": "東京近傍 2", "label": "東京近傍 2", "call_short": "G7960 S25 .J3", "call_num": "G7960 S25 .J3 16-2", "recid": "gz431yz5889", "websiteUrl": "https://purl.stanford.edu/gz431yz5889", "title": "二万五千分一地形圖 東京近傍", "ckey": 10561302, "available": true, "iiifUrl": "https://purl.stanford.edu/gz431yz5889/iiif/manifest" }, "geometry": { "type": "Polygon", "coordinates": [ [ [ 139.877778, 35.75 ], [ 140.002778, 35.75 ], [ 140.002778, 35.8333335 ], [ 139.877778, 35.8333335 ], [ 139.877778, 35.75 ] ] ] } },
{ "type": "Feature", "properties": { "Id": 0, "Sheet_ID": "東京近傍 13", "label": "東京近傍 13", "call_short": "G7960 S25 .J3", "call_num": "G7960 S25 .J3 16-13", "recid": "xv217rd1032", "websiteUrl": "https://purl.stanford.edu/xv217rd1032", "title": "二万五千分一地形圖 東京近傍", "ckey": 10561302, "available": true, "iiifUrl": "https://purl.stanford.edu/xv217rd1032/iiif/manifest" }, "geometry": { "type": "Polygon", "coordinates": [ [ [ 139.502778, 35.8333335 ], [ 139.627778, 35.8333335 ], [ 139.627778, 35.916667 ], [ 139.502778, 35.916667 ], [ 139.502778, 35.8333335 ] ] ] } },
{ "type": "Feature", "properties": { "Id": 0, "Sheet_ID": "東京近傍 9", "label": "東京近傍 9", "call_short": "G7960 S25 .J3", "call_num": "G7960 S25 .J3 16-9", "recid": "kk632mg9620", "websiteUrl": "https://purl.stanford.edu/kk632mg9620", "title": "二万五千分一地形圖 東京近傍", "ckey": 10561302, "available": true, "iiifUrl": "https://purl.stanford.edu/kk632mg9620/iiif/manifest" }, "geometry": { "type": "Polygon", "coordinates": [ [ [ 139.627778, 35.8333335 ], [ 139.752778, 35.8333335 ], [ 139.752778, 35.916667 ], [ 139.627778, 35.916667 ], [ 139.627778, 35.8333335 ] ] ] } },
{ "type": "Feature", "properties": { "Id": 0, "Sheet_ID": "東京近傍 5", "label": "東京近傍 5", "call_short": "G7960 S25 .J3", "call_num": "G7960 S25 .J3 16-5", "recid": "dx934sp1718", "websiteUrl": "https://purl.stanford.edu/dx934sp1718", "title": "二万五千分一地形圖 東京近傍", "ckey": 10561302, "available": true, "iiifUrl": "https://purl.stanford.edu/dx934sp1718/iiif/manifest" }, "geometry": { "type": "Polygon", "coordinates": [ [ [ 139.752778, 35.8333335 ], [ 139.877778, 35.8333335 ], [ 139.877778, 35.916667 ], [ 139.752778, 35.916667 ], [ 139.752778, 35.8333335 ] ] ] } },
{ "type": "Feature", "properties": { "Id": 0, "Sheet_ID": "東京近傍 1", "label": "東京近傍 1", "call_short": "G7960 S25 .J3", "call_num": "G7960 S25 .J3 16-1", "recid": "jw596tx7403", "websiteUrl": "https://purl.stanford.edu/jw596tx7403", "title": "二万五千分一地形圖 東京近傍", "ckey": 10561302, "available": true, "iiifUrl": "https://purl.stanford.edu/jw596tx7403/iiif/manifest" }, "geometry": { "type": "Polygon", "coordinates": [ [ [ 139.877778, 35.8333335 ], [ 140.002778, 35.8333335 ], [ 140.002778, 35.916667 ], [ 139.877778, 35.916667 ], [ 139.877778, 35.8333335 ] ] ] } },
{ "type": "Feature", "properties": { "Id": 0, "Sheet_ID": "八王子近傍 14", "label": "八王子近傍 14", "call_short": "G7960 S25 .J3", "call_num": "G7960 S25 .J3 17-14", "recid": "dw887cs9886", "websiteUrl": "https://purl.stanford.edu/dw887cs9886", "title": "二万五千分一地形圖 八王子近傍", "ckey": 10561302, "available": true, "iiifUrl": "https://purl.stanford.edu/dw887cs9886/iiif/manifest" }, "geometry": { "type": "Polygon", "coordinates": [ [ [ 139.002778, 35.5 ], [ 139.127778, 35.5 ], [ 139.127778, 35.5833334 ], [ 139.002778, 35.5833334 ], [ 139.002778, 35.5 ] ] ] } },
{ "type": "Feature", "properties": { "Id": 0, "Sheet_ID": "八王子近傍 12", "label": "八王子近傍 12", "call_short": "G7960 S25 .J3", "call_num": "G7960 S25 .J3 17-12", "recid": "xb023sj0661", "websiteUrl": "https://purl.stanford.edu/xb023sj0661", "title": "二万五千分一地形圖 八王子近傍", "ckey": 10561302, "available": true, "iiifUrl": "https://purl.stanford.edu/xb023sj0661/iiif/manifest" }, "geometry": { "type": "Polygon", "coordinates": [ [ [ 139.127778, 35.5 ], [ 139.252778, 35.5 ], [ 139.252778, 35.5833334 ], [ 139.127778, 35.5833334 ], [ 139.127778, 35.5 ] ] ] } },
{ "type": "Feature", "properties": { "Id": 0, "Sheet_ID": "八王子近傍 10", "label": "八王子近傍 10", "call_short": "G7960 S25 .J3", "call_num": "G7960 S25 .J3 17-10", "recid": "zz315gr2085", "websiteUrl": "https://purl.stanford.edu/zz315gr2085", "title": "二万五千分一地形圖 八王子近傍", "ckey": 10561302, "available": true, "iiifUrl": "https://purl.stanford.edu/zz315gr2085/iiif/manifest" }, "geometry": { "type": "Polygon", "coordinates": [ [ [ 139.252778, 35.5 ], [ 139.377778, 35.5 ], [ 139.377778, 35.5833334 ], [ 139.252778, 35.5833334 ], [ 139.252778, 35.5 ] ] ] } },
{ "type": "Feature", "properties": { "Id": 0, "Sheet_ID": "八王子近傍 5", "label": "八王子近傍 5", "call_short": "G7960 S25 .J3", "call_num": "G7960 S25 .J3 17-5", "recid": "yq506kp5078", "websiteUrl": "https://purl.stanford.edu/yq506kp5078", "title": "二万五千分一地形圖 八王子近傍", "ckey": 10561302, "available": true, "iiifUrl": "https://purl.stanford.edu/yq506kp5078/iiif/manifest" }, "geometry": { "type": "Polygon", "coordinates": [ [ [ 139.377778, 35.5 ], [ 139.502778, 35.5 ], [ 139.502778, 35.5833334 ], [ 139.377778, 35.5833334 ], [ 139.377778, 35.5 ] ] ] } },
{ "type": "Feature", "properties": { "Id": 0, "Sheet_ID": "八王子近傍 13", "label": "八王子近傍 13", "call_short": "G7960 S25 .J3", "call_num": "G7960 S25 .J3 17-13", "recid": "vj486rd7686", "websiteUrl": "https://purl.stanford.edu/vj486rd7686", "title": "二万五千分一地形圖 八王子近傍", "ckey": 10561302, "available": true, "iiifUrl": "https://purl.stanford.edu/vj486rd7686/iiif/manifest" }, "geometry": { "type": "Polygon", "coordinates": [ [ [ 139.002778, 35.5833334 ], [ 139.127778, 35.5833334 ], [ 139.127778, 35.6666668 ], [ 139.002778, 35.6666668 ], [ 139.002778, 35.5833334 ] ] ] } },
{ "type": "Feature", "properties": { "Id": 0, "Sheet_ID": "八王子近傍 11", "label": "八王子近傍 11", "call_short": "G7960 S25 .J3", "call_num": "G7960 S25 .J3 17-11", "recid": "fz377fw2217", "websiteUrl": "https://purl.stanford.edu/fz377fw2217", "title": "二万五千分一地形圖 八王子近傍", "ckey": 10561302, "available": true, "iiifUrl": "https://purl.stanford.edu/fz377fw2217/iiif/manifest" }, "geometry": { "type": "Polygon", "coordinates": [ [ [ 139.127778, 35.5833334 ], [ 139.252778, 35.5833334 ], [ 139.252778, 35.6666668 ], [ 139.127778, 35.6666668 ], [ 139.127778, 35.5833334 ] ] ] } },
{ "type": "Feature", "properties": { "Id": 0, "Sheet_ID": "八王子近傍 9", "label": "八王子近傍 9", "call_short": "G7960 S25 .J3", "call_num": "G7960 S25 .J3 17-9", "recid": "zf860yp2091", "websiteUrl": "https://purl.stanford.edu/zf860yp2091", "title": "二万五千分一地形圖 八王子近傍", "ckey": 10561302, "available": true, "iiifUrl": "https://purl.stanford.edu/zf860yp2091/iiif/manifest" }, "geometry": { "type": "Polygon", "coordinates": [ [ [ 139.252778, 35.5833334 ], [ 139.377778, 35.5833334 ], [ 139.377778, 35.6666668 ], [ 139.252778, 35.6666668 ], [ 139.252778, 35.5833334 ] ] ] } },
{ "type": "Feature", "properties": { "Id": 0, "Sheet_ID": "八王子近傍 4", "label": "八王子近傍 4", "call_short": "G7960 S25 .J3", "call_num": "G7960 S25 .J3 17-4", "recid": "df732bw1856", "websiteUrl": "https://purl.stanford.edu/df732bw1856", "title": "二万五千分一地形圖 八王子近傍", "ckey": 10561302, "available": true, "iiifUrl": "https://purl.stanford.edu/df732bw1856/iiif/manifest" }, "geometry": { "type": "Polygon", "coordinates": [ [ [ 139.377778, 35.5833334 ], [ 139.502778, 35.5833334 ], [ 139.502778, 35.6666668 ], [ 139.377778, 35.6666668 ], [ 139.377778, 35.5833334 ] ] ] } },
{ "type": "Feature", "properties": { "Id": 0, "Sheet_ID": "八王子近傍 8", "label": "八王子近傍 8", "call_short": "G7960 S25 .J3", "call_num": "G7960 S25 .J3 17-8", "recid": "hq197pc3734", "websiteUrl": "https://purl.stanford.edu/hq197pc3734", "title": "二万五千分一地形圖 八王子近傍", "ckey": 10561302, "available": true, "iiifUrl": "https://purl.stanford.edu/hq197pc3734/iiif/manifest" }, "geometry": { "type": "Polygon", "coordinates": [ [ [ 139.252778, 35.6666668 ], [ 139.377778, 35.6666668 ], [ 139.377778, 35.7500002 ], [ 139.252778, 35.7500002 ], [ 139.252778, 35.6666668 ] ] ] } },
{ "type": "Feature", "properties": { "Id": 0, "Sheet_ID": "八王子近傍 3", "label": "八王子近傍 3", "call_short": "G7960 S25 .J3", "call_num": "G7960 S25 .J3 17-3", "recid": "tj656gz5655", "websiteUrl": "https://purl.stanford.edu/tj656gz5655", "title": "二万五千分一地形圖 八王子近傍", "ckey": 10561302, "available": true, "iiifUrl": "https://purl.stanford.edu/tj656gz5655/iiif/manifest" }, "geometry": { "type": "Polygon", "coordinates": [ [ [ 139.377778, 35.6666668 ], [ 139.502778, 35.6666668 ], [ 139.502778, 35.7500002 ], [ 139.377778, 35.7500002 ], [ 139.377778, 35.6666668 ] ] ] } },
{ "type": "Feature", "properties": { "Id": 0, "Sheet_ID": "八王子近傍 7", "label": "八王子近傍 7", "call_short": "G7960 S25 .J3", "call_num": "G7960 S25 .J3 17-7", "recid": "hj032qv9961", "websiteUrl": "https://purl.stanford.edu/hj032qv9961", "title": "二万五千分一地形圖 八王子近傍", "ckey": 10561302, "available": true, "iiifUrl": "https://purl.stanford.edu/hj032qv9961/iiif/manifest" }, "geometry": { "type": "Polygon", "coordinates": [ [ [ 139.252778, 35.7500002 ], [ 139.377778, 35.7500002 ], [ 139.377778, 35.8333336 ], [ 139.252778, 35.8333336 ], [ 139.252778, 35.7500002 ] ] ] } },
{ "type": "Feature", "properties": { "Id": 0, "Sheet_ID": "八王子近傍 2", "label": "八王子近傍 2", "call_short": "G7960 S25 .J3", "call_num": "G7960 S25 .J3 17-2", "recid": "yj675gv2807", "websiteUrl": "https://purl.stanford.edu/yj675gv2807", "title": "二万五千分一地形圖 八王子近傍", "ckey": 10561302, "available": true, "iiifUrl": "https://purl.stanford.edu/yj675gv2807/iiif/manifest" }, "geometry": { "type": "Polygon", "coordinates": [ [ [ 139.377778, 35.7500002 ], [ 139.502778, 35.7500002 ], [ 139.502778, 35.8333336 ], [ 139.377778, 35.8333336 ], [ 139.377778, 35.7500002 ] ] ] } },
{ "type": "Feature", "properties": { "Id": 0, "Sheet_ID": "八王子近傍 6", "label": "八王子近傍 6", "call_short": "G7960 S25 .J3", "call_num": "G7960 S25 .J3 17-6", "recid": "hn499xd8142", "websiteUrl": "https://purl.stanford.edu/hn499xd8142", "title": "二万五千分一地形圖 八王子近傍", "ckey": 10561302, "available": true, "iiifUrl": "https://purl.stanford.edu/hn499xd8142/iiif/manifest" }, "geometry": { "type": "Polygon", "coordinates": [ [ [ 139.252778, 35.8333336 ], [ 139.377778, 35.8333336 ], [ 139.377778, 35.916667 ], [ 139.252778, 35.916667 ], [ 139.252778, 35.8333336 ] ] ] } },
{ "type": "Feature", "properties": { "Id": 0, "Sheet_ID": "八王子近傍 1", "label": "八王子近傍 1", "call_short": "G7960 S25 .J3", "call_num": "G7960 S25 .J3 17-1", "recid": "mx192qg7228", "websiteUrl": "https://purl.stanford.edu/mx192qg7228", "title": "二万五千分一地形圖 八王子近傍", "ckey": 10561302, "available": true, "iiifUrl": "https://purl.stanford.edu/mx192qg7228/iiif/manifest" }, "geometry": { "type": "Polygon", "coordinates": [ [ [ 139.377778, 35.8333336 ], [ 139.502778, 35.8333336 ], [ 139.502778, 35.916667 ], [ 139.377778, 35.916667 ], [ 139.377778, 35.8333336 ] ] ] } },
{ "type": "Feature", "properties": { "Id": 0, "Sheet_ID": "佐倉近傍 20", "label": "佐倉近傍 20", "call_short": "G7960 S25 .J3", "call_num": "G7960 S25 .J3 15-20", "recid": "pp535gz4828", "websiteUrl": "https://purl.stanford.edu/pp535gz4828", "title": "二万五千分一地形圖 佐倉近傍", "ckey": 10561302, "available": true, "iiifUrl": "https://purl.stanford.edu/pp535gz4828/iiif/manifest" }, "geometry": { "type": "Polygon", "coordinates": [ [ [ 140.002778, 35.5 ], [ 140.127778, 35.5 ], [ 140.127778, 35.5833334 ], [ 140.002778, 35.5833334 ], [ 140.002778, 35.5 ] ] ] } },
{ "type": "Feature", "properties": { "Id": 0, "Sheet_ID": "佐倉近傍 15", "label": "佐倉近傍 15", "call_short": "G7960 S25 .J3", "call_num": "G7960 S25 .J3 15-15", "recid": "nt978tr9278", "websiteUrl": "https://purl.stanford.edu/nt978tr9278", "title": "二万五千分一地形圖 佐倉近傍", "ckey": 10561302, "available": true, "iiifUrl": "https://purl.stanford.edu/nt978tr9278/iiif/manifest" }, "geometry": { "type": "Polygon", "coordinates": [ [ [ 140.127778, 35.5 ], [ 140.252778, 35.5 ], [ 140.252778, 35.5833334 ], [ 140.127778, 35.5833334 ], [ 140.127778, 35.5 ] ] ] } },
{ "type": "Feature", "properties": { "Id": 0, "Sheet_ID": "佐倉近傍 10", "label": "佐倉近傍 10", "call_short": "G7960 S25 .J3", "call_num": "G7960 S25 .J3 15-10", "recid": "sn723zw6537", "websiteUrl": "https://purl.stanford.edu/sn723zw6537", "title": "二万五千分一地形圖 佐倉近傍", "ckey": 10561302, "available": true, "iiifUrl": "https://purl.stanford.edu/sn723zw6537/iiif/manifest" }, "geometry": { "type": "Polygon", "coordinates": [ [ [ 140.252778, 35.5 ], [ 140.377778, 35.5 ], [ 140.377778, 35.5833334 ], [ 140.252778, 35.5833334 ], [ 140.252778, 35.5 ] ] ] } },
{ "type": "Feature", "properties": { "Id": 0, "Sheet_ID": "佐倉近傍 5", "label": "佐倉近傍 5", "call_short": "G7960 S25 .J3", "call_num": "G7960 S25 .J3 15-5", "recid": "hj304rj7490", "websiteUrl": "https://purl.stanford.edu/hj304rj7490", "title": "二万五千分一地形圖 佐倉近傍", "ckey": 10561302, "available": true, "iiifUrl": "https://purl.stanford.edu/hj304rj7490/iiif/manifest" }, "geometry": { "type": "Polygon", "coordinates": [ [ [ 140.377778, 35.5 ], [ 140.502778, 35.5 ], [ 140.502778, 35.5833334 ], [ 140.377778, 35.5833334 ], [ 140.377778, 35.5 ] ] ] } },
{ "type": "Feature", "properties": { "Id": 0, "Sheet_ID": "佐倉近傍 19", "label": "佐倉近傍 19", "call_short": "G7960 S25 .J3", "call_num": "G7960 S25 .J3 15-19", "recid": "ns917gp0367", "websiteUrl": "https://purl.stanford.edu/ns917gp0367", "title": "二万五千分一地形圖 佐倉近傍", "ckey": 10561302, "available": true, "iiifUrl": "https://purl.stanford.edu/ns917gp0367/iiif/manifest" }, "geometry": { "type": "Polygon", "coordinates": [ [ [ 140.002778, 35.5833334 ], [ 140.127778, 35.5833334 ], [ 140.127778, 35.6666668 ], [ 140.002778, 35.6666668 ], [ 140.002778, 35.5833334 ] ] ] } },
{ "type": "Feature", "properties": { "Id": 0, "Sheet_ID": "佐倉近傍 14", "label": "佐倉近傍 14", "call_short": "G7960 S25 .J3", "call_num": "G7960 S25 .J3 15-14", "recid": "pv620qs8288", "websiteUrl": "https://purl.stanford.edu/pv620qs8288", "title": "二万五千分一地形圖 佐倉近傍", "ckey": 10561302, "available": true, "iiifUrl": "https://purl.stanford.edu/pv620qs8288/iiif/manifest" }, "geometry": { "type": "Polygon", "coordinates": [ [ [ 140.127778, 35.5833334 ], [ 140.252778, 35.5833334 ], [ 140.252778, 35.6666668 ], [ 140.127778, 35.6666668 ], [ 140.127778, 35.5833334 ] ] ] } },
{ "type": "Feature", "properties": { "Id": 0, "Sheet_ID": "佐倉近傍 9", "label": "佐倉近傍 9", "call_short": "G7960 S25 .J3", "call_num": "G7960 S25 .J3 15-9", "recid": "fc856wp5587", "websiteUrl": "https://purl.stanford.edu/fc856wp5587", "title": "二万五千分一地形圖 佐倉近傍", "ckey": 10561302, "available": true, "iiifUrl": "https://purl.stanford.edu/fc856wp5587/iiif/manifest" }, "geometry": { "type": "Polygon", "coordinates": [ [ [ 140.252778, 35.5833334 ], [ 140.377778, 35.5833334 ], [ 140.377778, 35.6666668 ], [ 140.252778, 35.6666668 ], [ 140.252778, 35.5833334 ] ] ] } },
{ "type": "Feature", "properties": { "Id": 0, "Sheet_ID": "佐倉近傍 4", "label": "佐倉近傍 4", "call_short": "G7960 S25 .J3", "call_num": "G7960 S25 .J3 15-4", "recid": "mr738pb5864", "websiteUrl": "https://purl.stanford.edu/mr738pb5864", "title": "二万五千分一地形圖 佐倉近傍", "ckey": 10561302, "available": true, "iiifUrl": "https://purl.stanford.edu/mr738pb5864/iiif/manifest" }, "geometry": { "type": "Polygon", "coordinates": [ [ [ 140.377778, 35.5833334 ], [ 140.502778, 35.5833334 ], [ 140.502778, 35.6666668 ], [ 140.377778, 35.6666668 ], [ 140.377778, 35.5833334 ] ] ] } },
{ "type": "Feature", "properties": { "Id": 0, "Sheet_ID": "佐倉近傍 18", "label": "佐倉近傍 18", "call_short": "G7960 S25 .J3", "call_num": "G7960 S25 .J3 15-18", "recid": "fc358jm6974", "websiteUrl": "https://purl.stanford.edu/fc358jm6974", "title": "二万五千分一地形圖 佐倉近傍", "ckey": 10561302, "available": true, "iiifUrl": "https://purl.stanford.edu/fc358jm6974/iiif/manifest" }, "geometry": { "type": "Polygon", "coordinates": [ [ [ 140.002778, 35.6666668 ], [ 140.127778, 35.6666668 ], [ 140.127778, 35.7500002 ], [ 140.002778, 35.7500002 ], [ 140.002778, 35.6666668 ] ] ] } },
{ "type": "Feature", "properties": { "Id": 0, "Sheet_ID": "佐倉近傍 13", "label": "佐倉近傍 13", "call_short": "G7960 S25 .J3", "call_num": "G7960 S25 .J3 15-13", "recid": "pr959yv2364", "websiteUrl": "https://purl.stanford.edu/pr959yv2364", "title": "二万五千分一地形圖 佐倉近傍", "ckey": 10561302, "available": true, "iiifUrl": "https://purl.stanford.edu/pr959yv2364/iiif/manifest" }, "geometry": { "type": "Polygon", "coordinates": [ [ [ 140.127778, 35.6666668 ], [ 140.252778, 35.6666668 ], [ 140.252778, 35.7500002 ], [ 140.127778, 35.7500002 ], [ 140.127778, 35.6666668 ] ] ] } },
{ "type": "Feature", "properties": { "Id": 0, "Sheet_ID": "佐倉近傍 8", "label": "佐倉近傍 8", "call_short": "G7960 S25 .J3", "call_num": "G7960 S25 .J3 15-8", "recid": "fb619ws4917", "websiteUrl": "https://purl.stanford.edu/fb619ws4917", "title": "二万五千分一地形圖 佐倉近傍", "ckey": 10561302, "available": true, "iiifUrl": "https://purl.stanford.edu/fb619ws4917/iiif/manifest" }, "geometry": { "type": "Polygon", "coordinates": [ [ [ 140.252778, 35.6666668 ], [ 140.377778, 35.6666668 ], [ 140.377778, 35.7500002 ], [ 140.252778, 35.7500002 ], [ 140.252778, 35.6666668 ] ] ] } },
{ "type": "Feature", "properties": { "Id": 0, "Sheet_ID": "佐倉近傍 3", "label": "佐倉近傍 3", "call_short": "G7960 S25 .J3", "call_num": "G7960 S25 .J3 15-3", "recid": "zz083db2569", "websiteUrl": "https://purl.stanford.edu/zz083db2569", "title": "二万五千分一地形圖 佐倉近傍", "ckey": 10561302, "available": true, "iiifUrl": "https://purl.stanford.edu/zz083db2569/iiif/manifest" }, "geometry": { "type": "Polygon", "coordinates": [ [ [ 140.377778, 35.6666668 ], [ 140.502778, 35.6666668 ], [ 140.502778, 35.7500002 ], [ 140.377778, 35.7500002 ], [ 140.377778, 35.6666668 ] ] ] } },
{ "type": "Feature", "properties": { "Id": 0, "Sheet_ID": "佐倉近傍 17", "label": "佐倉近傍 17", "call_short": "G7960 S25 .J3", "call_num": "G7960 S25 .J3 15-17", "recid": "hq527hc9819", "websiteUrl": "https://purl.stanford.edu/hq527hc9819", "title": "二万五千分一地形圖 佐倉近傍", "ckey": 10561302, "available": true, "iiifUrl": "https://purl.stanford.edu/hq527hc9819/iiif/manifest" }, "geometry": { "type": "Polygon", "coordinates": [ [ [ 140.002778, 35.7500002 ], [ 140.127778, 35.7500002 ], [ 140.127778, 35.8333336 ], [ 140.002778, 35.8333336 ], [ 140.002778, 35.7500002 ] ] ] } },
{ "type": "Feature", "properties": { "Id": 0, "Sheet_ID": "佐倉近傍 12", "label": "佐倉近傍 12", "call_short": "G7960 S25 .J3", "call_num": "G7960 S25 .J3 15-12", "recid": "hb349xm0163", "websiteUrl": "https://purl.stanford.edu/hb349xm0163", "title": "二万五千分一地形圖 佐倉近傍", "ckey": 10561302, "available": true, "iiifUrl": "https://purl.stanford.edu/hb349xm0163/iiif/manifest" }, "geometry": { "type": "Polygon", "coordinates": [ [ [ 140.127778, 35.7500002 ], [ 140.252778, 35.7500002 ], [ 140.252778, 35.8333336 ], [ 140.127778, 35.8333336 ], [ 140.127778, 35.7500002 ] ] ] } },
{ "type": "Feature", "properties": { "Id": 0, "Sheet_ID": "佐倉近傍 7", "label": "佐倉近傍 7", "call_short": "G7960 S25 .J3", "call_num": "G7960 S25 .J3 15-7", "recid": "fp497pf7641", "websiteUrl": "https://purl.stanford.edu/fp497pf7641", "title": "二万五千分一地形圖 佐倉近傍", "ckey": 10561302, "available": true, "iiifUrl": "https://purl.stanford.edu/fp497pf7641/iiif/manifest" }, "geometry": { "type": "Polygon", "coordinates": [ [ [ 140.252778, 35.7500002 ], [ 140.377778, 35.7500002 ], [ 140.377778, 35.8333336 ], [ 140.252778, 35.8333336 ], [ 140.252778, 35.7500002 ] ] ] } },
{ "type": "Feature", "properties": { "Id": 0, "Sheet_ID": "佐倉近傍 2", "label": "佐倉近傍 2", "call_short": "G7960 S25 .J3", "call_num": "G7960 S25 .J3 15-2", "recid": "xz505vt4394", "websiteUrl": "https://purl.stanford.edu/xz505vt4394", "title": "二万五千分一地形圖 佐倉近傍", "ckey": 10561302, "available": true, "iiifUrl": "https://purl.stanford.edu/xz505vt4394/iiif/manifest" }, "geometry": { "type": "Polygon", "coordinates": [ [ [ 140.377778, 35.7500002 ], [ 140.502778, 35.7500002 ], [ 140.502778, 35.8333336 ], [ 140.377778, 35.8333336 ], [ 140.377778, 35.7500002 ] ] ] } },
{ "type": "Feature", "properties": { "Id": 0, "Sheet_ID": "佐倉近傍 16", "label": "佐倉近傍 16", "call_short": "G7960 S25 .J3", "call_num": "G7960 S25 .J3 15-16", "recid": "jd410pk1955", "websiteUrl": "https://purl.stanford.edu/jd410pk1955", "title": "二万五千分一地形圖 佐倉近傍", "ckey": 10561302, "available": true, "iiifUrl": "https://purl.stanford.edu/jd410pk1955/iiif/manifest" }, "geometry": { "type": "Polygon", "coordinates": [ [ [ 140.002778, 35.8333336 ], [ 140.127778, 35.8333336 ], [ 140.127778, 35.916667 ], [ 140.002778, 35.916667 ], [ 140.002778, 35.8333336 ] ] ] } },
{ "type": "Feature", "properties": { "Id": 0, "Sheet_ID": "佐倉近傍 11", "label": "佐倉近傍 11", "call_short": "G7960 S25 .J3", "call_num": "G7960 S25 .J3 15-11", "recid": "qf748gv7118", "websiteUrl": "https://purl.stanford.edu/qf748gv7118", "title": "二万五千分一地形圖 佐倉近傍", "ckey": 10561302, "available": true, "iiifUrl": "https://purl.stanford.edu/qf748gv7118/iiif/manifest" }, "geometry": { "type": "Polygon", "coordinates": [ [ [ 140.127778, 35.8333336 ], [ 140.252778, 35.8333336 ], [ 140.252778, 35.916667 ], [ 140.127778, 35.916667 ], [ 140.127778, 35.8333336 ] ] ] } },
{ "type": "Feature", "properties": { "Id": 0, "Sheet_ID": "佐倉近傍 6", "label": "佐倉近傍 6", "call_short": "G7960 S25 .J3", "call_num": "G7960 S25 .J3 15-6", "recid": "vg065mx6991", "websiteUrl": "https://purl.stanford.edu/vg065mx6991", "title": "二万五千分一地形圖 佐倉近傍", "ckey": 10561302, "available": true, "iiifUrl": "https://purl.stanford.edu/vg065mx6991/iiif/manifest" }, "geometry": { "type": "Polygon", "coordinates": [ [ [ 140.252778, 35.8333336 ], [ 140.377778, 35.8333336 ], [ 140.377778, 35.916667 ], [ 140.252778, 35.916667 ], [ 140.252778, 35.8333336 ] ] ] } },
{ "type": "Feature", "properties": { "Id": 0, "Sheet_ID": "佐倉近傍 1", "label": "佐倉近傍 1", "call_short": "G7960 S25 .J3", "call_num": "G7960 S25 .J3 15-1", "recid": "vj618sm1580", "websiteUrl": "https://purl.stanford.edu/vj618sm1580", "title": "二万五千分一地形圖 佐倉近傍", "ckey": 10561302, "available": true, "iiifUrl": "https://purl.stanford.edu/vj618sm1580/iiif/manifest" }, "geometry": { "type": "Polygon", "coordinates": [ [ [ 140.377778, 35.8333336 ], [ 140.502778, 35.8333336 ], [ 140.502778, 35.916667 ], [ 140.377778, 35.916667 ], [ 140.377778, 35.8333336 ] ] ] } },
{ "type": "Feature", "properties": { "Id": 0, "Sheet_ID": "富山近傍 13", "label": "富山近傍 13", "call_short": "0", "call_num": "0", "recid": "0", "websiteUrl": "0", "title": "0", "ckey": 0, "available": false, "iiifUrl": "0" }, "geometry": { "type": "Polygon", "coordinates": [ [ [ 137.002778, 36.5 ], [ 137.127778, 36.5 ], [ 137.127778, 36.5833333 ], [ 137.002778, 36.5833333 ], [ 137.002778, 36.5 ] ] ] } },
{ "type": "Feature", "properties": { "Id": 0, "Sheet_ID": "富山近傍 9", "label": "富山近傍 9", "call_short": "0", "call_num": "0", "recid": "0", "websiteUrl": "0", "title": "0", "ckey": 0, "available": false, "iiifUrl": "0" }, "geometry": { "type": "Polygon", "coordinates": [ [ [ 137.127778, 36.5 ], [ 137.252778, 36.5 ], [ 137.252778, 36.5833333 ], [ 137.127778, 36.5833333 ], [ 137.127778, 36.5 ] ] ] } },
{ "type": "Feature", "properties": { "Id": 0, "Sheet_ID": "富山近傍 12", "label": "富山近傍 12", "call_short": "G7960 S25 .J3", "call_num": "G7960 S25 .J3 25-12", "recid": "xf293fx7104", "websiteUrl": "https://purl.stanford.edu/xf293fx7104", "title": "二万五千分一地形圖 富山近傍", "ckey": 10561302, "available": true, "iiifUrl": "https://purl.stanford.edu/xf293fx7104/iiif/manifest" }, "geometry": { "type": "Polygon", "coordinates": [ [ [ 137.002778, 36.5833333 ], [ 137.127778, 36.5833333 ], [ 137.127778, 36.6666665 ], [ 137.002778, 36.6666665 ], [ 137.002778, 36.5833333 ] ] ] } },
{ "type": "Feature", "properties": { "Id": 0, "Sheet_ID": "富山近傍 8", "label": "富山近傍 8", "call_short": "0", "call_num": "0", "recid": "0", "websiteUrl": "0", "title": "0", "ckey": 0, "available": false, "iiifUrl": "0" }, "geometry": { "type": "Polygon", "coordinates": [ [ [ 137.127778, 36.5833333 ], [ 137.252778, 36.5833333 ], [ 137.252778, 36.6666665 ], [ 137.127778, 36.6666665 ], [ 137.127778, 36.5833333 ] ] ] } },
{ "type": "Feature", "properties": { "Id": 0, "Sheet_ID": "富山近傍 5", "label": "富山近傍 5", "call_short": "G7960 S25 .J3", "call_num": "G7960 S25 .J3 25-5", "recid": "gy846gj7579", "websiteUrl": "https://purl.stanford.edu/gy846gj7579", "title": "二万五千分一地形圖 富山近傍", "ckey": 10561302, "available": true, "iiifUrl": "https://purl.stanford.edu/gy846gj7579/iiif/manifest" }, "geometry": { "type": "Polygon", "coordinates": [ [ [ 137.252778, 36.5833333 ], [ 137.377778, 36.5833333 ], [ 137.377778, 36.6666665 ], [ 137.252778, 36.6666665 ], [ 137.252778, 36.5833333 ] ] ] } },
{ "type": "Feature", "properties": { "Id": 0, "Sheet_ID": "富山近傍 11", "label": "富山近傍 11", "call_short": "0", "call_num": "0", "recid": "0", "websiteUrl": "0", "title": "0", "ckey": 0, "available": false, "iiifUrl": "0" }, "geometry": { "type": "Polygon", "coordinates": [ [ [ 137.002778, 36.6666665 ], [ 137.127778, 36.6666665 ], [ 137.127778, 36.7499998 ], [ 137.002778, 36.7499998 ], [ 137.002778, 36.6666665 ] ] ] } },
{ "type": "Feature", "properties": { "Id": 0, "Sheet_ID": "富山近傍 7", "label": "富山近傍 7", "call_short": "0", "call_num": "0", "recid": "0", "websiteUrl": "0", "title": "0", "ckey": 0, "available": false, "iiifUrl": "0" }, "geometry": { "type": "Polygon", "coordinates": [ [ [ 137.127778, 36.6666665 ], [ 137.252778, 36.6666665 ], [ 137.252778, 36.7499998 ], [ 137.127778, 36.7499998 ], [ 137.127778, 36.6666665 ] ] ] } },
{ "type": "Feature", "properties": { "Id": 0, "Sheet_ID": "富山近傍 4", "label": "富山近傍 4", "call_short": "G7960 S25 .J3", "call_num": "G7960 S25 .J3 25-4", "recid": "gg201ym5573", "websiteUrl": "https://purl.stanford.edu/gg201ym5573", "title": "二万五千分一地形圖 富山近傍", "ckey": 10561302, "available": true, "iiifUrl": "https://purl.stanford.edu/gg201ym5573/iiif/manifest" }, "geometry": { "type": "Polygon", "coordinates": [ [ [ 137.252778, 36.6666665 ], [ 137.377778, 36.6666665 ], [ 137.377778, 36.7499998 ], [ 137.252778, 36.7499998 ], [ 137.252778, 36.6666665 ] ] ] } },
{ "type": "Feature", "properties": { "Id": 0, "Sheet_ID": "富山近傍 2", "label": "富山近傍 2", "call_short": "0", "call_num": "0", "recid": "0", "websiteUrl": "0", "title": "0", "ckey": 0, "available": false, "iiifUrl": "0" }, "geometry": { "type": "Polygon", "coordinates": [ [ [ 137.377778, 36.6666665 ], [ 137.502778, 36.6666665 ], [ 137.502778, 36.7499998 ], [ 137.377778, 36.7499998 ], [ 137.377778, 36.6666665 ] ] ] } },
{ "type": "Feature", "properties": { "Id": 0, "Sheet_ID": "富山近傍 10", "label": "富山近傍 10", "call_short": "G7960 S25 .J3", "call_num": "G7960 S25 .J3 25-10", "recid": "nb335bf1389", "websiteUrl": "https://purl.stanford.edu/nb335bf1389", "title": "二万五千分一地形圖 富山近傍", "ckey": 10561302, "available": true, "iiifUrl": "https://purl.stanford.edu/nb335bf1389/iiif/manifest" }, "geometry": { "type": "Polygon", "coordinates": [ [ [ 137.002778, 36.7499998 ], [ 137.127778, 36.7499998 ], [ 137.127778, 36.833333 ], [ 137.002778, 36.833333 ], [ 137.002778, 36.7499998 ] ] ] } },
{ "type": "Feature", "properties": { "Id": 0, "Sheet_ID": "富山近傍 6", "label": "富山近傍 6", "call_short": "0", "call_num": "0", "recid": "0", "websiteUrl": "0", "title": "0", "ckey": 0, "available": false, "iiifUrl": "0" }, "geometry": { "type": "Polygon", "coordinates": [ [ [ 137.127778, 36.7499998 ], [ 137.252778, 36.7499998 ], [ 137.252778, 36.833333 ], [ 137.127778, 36.833333 ], [ 137.127778, 36.7499998 ] ] ] } },
{ "type": "Feature", "properties": { "Id": 0, "Sheet_ID": "富山近傍 3", "label": "富山近傍 3", "call_short": "G7960 S25 .J3", "call_num": "G7960 S25 .J3 25-3", "recid": "py184ws6488", "websiteUrl": "https://purl.stanford.edu/py184ws6488", "title": "二万五千分一地形圖 富山近傍", "ckey": 10561302, "available": true, "iiifUrl": "https://purl.stanford.edu/py184ws6488/iiif/manifest" }, "geometry": { "type": "Polygon", "coordinates": [ [ [ 137.252778, 36.7499998 ], [ 137.377778, 36.7499998 ], [ 137.377778, 36.833333 ], [ 137.252778, 36.833333 ], [ 137.252778, 36.7499998 ] ] ] } },
{ "type": "Feature", "properties": { "Id": 0, "Sheet_ID": "富山近傍 1", "label": "富山近傍 1", "call_short": "G7960 S25 .J3", "call_num": "G7960 S25 .J3 25-1", "recid": "xq044my1614", "websiteUrl": "https://purl.stanford.edu/xq044my1614", "title": "二万五千分一地形圖 富山近傍", "ckey": 10561302, "available": true, "iiifUrl": "https://purl.stanford.edu/xq044my1614/iiif/manifest" }, "geometry": { "type": "Polygon", "coordinates": [ [ [ 137.377778, 36.7499998 ], [ 137.502778, 36.7499998 ], [ 137.502778, 36.833333 ], [ 137.377778, 36.833333 ], [ 137.377778, 36.7499998 ] ] ] } },
{ "type": "Feature", "properties": { "Id": 0, "Sheet_ID": "高田近傍 15", "label": "高田近傍 15", "call_short": "0", "call_num": "0", "recid": "0", "websiteUrl": "0", "title": "0", "ckey": 0, "available": false, "iiifUrl": "0" }, "geometry": { "type": "Polygon", "coordinates": [ [ [ 138.127778, 36.833333 ], [ 138.252778, 36.833333 ], [ 138.252778, 36.9166664 ], [ 138.127778, 36.9166664 ], [ 138.127778, 36.833333 ] ] ] } },
{ "type": "Feature", "properties": { "Id": 0, "Sheet_ID": "高田近傍 14", "label": "高田近傍 14", "call_short": "G7960 S25 .J3", "call_num": "G7960 S25 .J3 24-14", "recid": "hz536gn3649", "websiteUrl": "https://purl.stanford.edu/hz536gn3649", "title": "二万五千分一地形圖 高田近傍", "ckey": 10561302, "available": true, "iiifUrl": "https://purl.stanford.edu/hz536gn3649/iiif/manifest" }, "geometry": { "type": "Polygon", "coordinates": [ [ [ 138.127778, 36.9166664 ], [ 138.252778, 36.9166664 ], [ 138.252778, 36.9999999 ], [ 138.127778, 36.9999999 ], [ 138.127778, 36.9166664 ] ] ] } },
{ "type": "Feature", "properties": { "Id": 0, "Sheet_ID": "高田近傍 10", "label": "高田近傍 10", "call_short": "G7960 S25 .J3", "call_num": "G7960 S25 .J3 24-10", "recid": "rk926np4789", "websiteUrl": "https://purl.stanford.edu/rk926np4789", "title": "二万五千分一地形圖 高田近傍", "ckey": 10561302, "available": true, "iiifUrl": "https://purl.stanford.edu/rk926np4789/iiif/manifest" }, "geometry": { "type": "Polygon", "coordinates": [ [ [ 138.252778, 36.9166664 ], [ 138.377778, 36.9166664 ], [ 138.377778, 36.9999999 ], [ 138.252778, 36.9999999 ], [ 138.252778, 36.9166664 ] ] ] } },
{ "type": "Feature", "properties": { "Id": 0, "Sheet_ID": "高田近傍 13", "label": "高田近傍 13", "call_short": "0", "call_num": "0", "recid": "0", "websiteUrl": "0", "title": "0", "ckey": 0, "available": false, "iiifUrl": "0" }, "geometry": { "type": "Polygon", "coordinates": [ [ [ 138.127778, 36.9999999 ], [ 138.252778, 36.9999999 ], [ 138.252778, 37.0833333 ], [ 138.127778, 37.0833333 ], [ 138.127778, 36.9999999 ] ] ] } },
{ "type": "Feature", "properties": { "Id": 0, "Sheet_ID": "高田近傍 9", "label": "高田近傍 9", "call_short": "G7960 S25 .J3", "call_num": "G7960 S25 .J3 24-9", "recid": "tv099yk7026", "websiteUrl": "https://purl.stanford.edu/tv099yk7026", "title": "二万五千分一地形圖 高田近傍", "ckey": 10561302, "available": true, "iiifUrl": "https://purl.stanford.edu/tv099yk7026/iiif/manifest" }, "geometry": { "type": "Polygon", "coordinates": [ [ [ 138.252778, 36.9999999 ], [ 138.377778, 36.9999999 ], [ 138.377778, 37.0833333 ], [ 138.252778, 37.0833333 ], [ 138.252778, 36.9999999 ] ] ] } },
{ "type": "Feature", "properties": { "Id": 0, "Sheet_ID": "高田近傍 5", "label": "高田近傍 5", "call_short": "0", "call_num": "0", "recid": "0", "websiteUrl": "0", "title": "0", "ckey": 0, "available": false, "iiifUrl": "0" }, "geometry": { "type": "Polygon", "coordinates": [ [ [ 138.377778, 36.9999999 ], [ 138.502778, 36.9999999 ], [ 138.502778, 37.0833333 ], [ 138.377778, 37.0833333 ], [ 138.377778, 36.9999999 ] ] ] } },
{ "type": "Feature", "properties": { "Id": 0, "Sheet_ID": "高田近傍 12", "label": "高田近傍 12", "call_short": "0", "call_num": "0", "recid": "0", "websiteUrl": "0", "title": "0", "ckey": 0, "available": false, "iiifUrl": "0" }, "geometry": { "type": "Polygon", "coordinates": [ [ [ 138.127778, 37.0833333 ], [ 138.252778, 37.0833333 ], [ 138.252778, 37.1666667 ], [ 138.127778, 37.1666667 ], [ 138.127778, 37.0833333 ] ] ] } },
{ "type": "Feature", "properties": { "Id": 0, "Sheet_ID": "高田近傍 8", "label": "高田近傍 8", "call_short": "G7960 S25 .J3", "call_num": "G7960 S25 .J3 24-8", "recid": "gf678qn1494", "websiteUrl": "https://purl.stanford.edu/gf678qn1494", "title": "二万五千分一地形圖 高田近傍", "ckey": 10561302, "available": true, "iiifUrl": "https://purl.stanford.edu/gf678qn1494/iiif/manifest" }, "geometry": { "type": "Polygon", "coordinates": [ [ [ 138.252778, 37.0833333 ], [ 138.377778, 37.0833333 ], [ 138.377778, 37.1666667 ], [ 138.252778, 37.1666667 ], [ 138.252778, 37.0833333 ] ] ] } },
{ "type": "Feature", "properties": { "Id": 0, "Sheet_ID": "高田近傍 4", "label": "高田近傍 4", "call_short": "0", "call_num": "0", "recid": "0", "websiteUrl": "0", "title": "0", "ckey": 0, "available": false, "iiifUrl": "0" }, "geometry": { "type": "Polygon", "coordinates": [ [ [ 138.377778, 37.0833333 ], [ 138.502778, 37.0833333 ], [ 138.502778, 37.1666667 ], [ 138.377778, 37.1666667 ], [ 138.377778, 37.0833333 ] ] ] } },
{ "type": "Feature", "properties": { "Id": 0, "Sheet_ID": "高田近傍 11", "label": "高田近傍 11", "call_short": "0", "call_num": "0", "recid": "0", "websiteUrl": "0", "title": "0", "ckey": 0, "available": false, "iiifUrl": "0" }, "geometry": { "type": "Polygon", "coordinates": [ [ [ 138.127778, 37.1666667 ], [ 138.252778, 37.1666667 ], [ 138.252778, 37.2500001 ], [ 138.127778, 37.2500001 ], [ 138.127778, 37.1666667 ] ] ] } },
{ "type": "Feature", "properties": { "Id": 0, "Sheet_ID": "高田近傍 7", "label": "高田近傍 7", "call_short": "0", "call_num": "0", "recid": "0", "websiteUrl": "0", "title": "0", "ckey": 0, "available": false, "iiifUrl": "0" }, "geometry": { "type": "Polygon", "coordinates": [ [ [ 138.252778, 37.1666667 ], [ 138.377778, 37.1666667 ], [ 138.377778, 37.2500001 ], [ 138.252778, 37.2500001 ], [ 138.252778, 37.1666667 ] ] ] } },
{ "type": "Feature", "properties": { "Id": 0, "Sheet_ID": "高田近傍 3", "label": "高田近傍 3", "call_short": "0", "call_num": "0", "recid": "0", "websiteUrl": "0", "title": "0", "ckey": 0, "available": false, "iiifUrl": "0" }, "geometry": { "type": "Polygon", "coordinates": [ [ [ 138.377778, 37.1666667 ], [ 138.502778, 37.1666667 ], [ 138.502778, 37.2500001 ], [ 138.377778, 37.2500001 ], [ 138.377778, 37.1666667 ] ] ] } },
{ "type": "Feature", "properties": { "Id": 0, "Sheet_ID": "高田近傍 6", "label": "高田近傍 6", "call_short": "0", "call_num": "0", "recid": "0", "websiteUrl": "0", "title": "0", "ckey": 0, "available": false, "iiifUrl": "0" }, "geometry": { "type": "Polygon", "coordinates": [ [ [ 138.252778, 37.2500001 ], [ 138.377778, 37.2500001 ], [ 138.377778, 37.3333336 ], [ 138.252778, 37.3333336 ], [ 138.252778, 37.2500001 ] ] ] } },
{ "type": "Feature", "properties": { "Id": 0, "Sheet_ID": "高田近傍 2", "label": "高田近傍 2", "call_short": "G7960 S25 .J3", "call_num": "G7960 S25 .J3 24-2", "recid": "bm857rx1849", "websiteUrl": "https://purl.stanford.edu/bm857rx1849", "title": "二万五千分一地形圖 高田近傍", "ckey": 10561302, "available": true, "iiifUrl": "https://purl.stanford.edu/bm857rx1849/iiif/manifest" }, "geometry": { "type": "Polygon", "coordinates": [ [ [ 138.377778, 37.2500001 ], [ 138.502778, 37.2500001 ], [ 138.502778, 37.3333336 ], [ 138.377778, 37.3333336 ], [ 138.377778, 37.2500001 ] ] ] } },
{ "type": "Feature", "properties": { "Id": 0, "Sheet_ID": "高田近傍 1", "label": "高田近傍 1", "call_short": "0", "call_num": "0", "recid": "0", "websiteUrl": "0", "title": "0", "ckey": 0, "available": false, "iiifUrl": "0" }, "geometry": { "type": "Polygon", "coordinates": [ [ [ 138.377778, 37.3333336 ], [ 138.502778, 37.3333336 ], [ 138.502778, 37.416667 ], [ 138.377778, 37.416667 ], [ 138.377778, 37.3333336 ] ] ] } },
{ "type": "Feature", "properties": { "Id": 0, "Sheet_ID": "小千谷近傍 15", "label": "小千谷近傍 15", "call_short": "G7960 S25 .J3", "call_num": "G7960 S25 .J3 23-15", "recid": "yp184sx9420", "websiteUrl": "https://purl.stanford.edu/yp184sx9420", "title": "二万五千分一地形圖 小千谷近傍", "ckey": 10561302, "available": true, "iiifUrl": "https://purl.stanford.edu/yp184sx9420/iiif/manifest" }, "geometry": { "type": "Polygon", "coordinates": [ [ [ 138.627778, 36.916667 ], [ 138.752778, 36.916667 ], [ 138.752778, 37.0000003 ], [ 138.627778, 37.0000003 ], [ 138.627778, 36.916667 ] ] ] } },
{ "type": "Feature", "properties": { "Id": 0, "Sheet_ID": "小千谷近傍 14", "label": "小千谷近傍 14", "call_short": "0", "call_num": "0", "recid": "0", "websiteUrl": "0", "title": "0", "ckey": 0, "available": false, "iiifUrl": "0" }, "geometry": { "type": "Polygon", "coordinates": [ [ [ 138.627778, 37.0000003 ], [ 138.752778, 37.0000003 ], [ 138.752778, 37.0833337 ], [ 138.627778, 37.0833337 ], [ 138.627778, 37.0000003 ] ] ] } },
{ "type": "Feature", "properties": { "Id": 0, "Sheet_ID": "小千谷近傍 10", "label": "小千谷近傍 10", "call_short": "G7960 S25 .J3", "call_num": "G7960 S25 .J3 23-10", "recid": "nk024sv8458", "websiteUrl": "https://purl.stanford.edu/nk024sv8458", "title": "二万五千分一地形圖 小千谷近傍", "ckey": 10561302, "available": true, "iiifUrl": "https://purl.stanford.edu/nk024sv8458/iiif/manifest" }, "geometry": { "type": "Polygon", "coordinates": [ [ [ 138.752778, 37.0000003 ], [ 138.877778, 37.0000003 ], [ 138.877778, 37.0833337 ], [ 138.752778, 37.0833337 ], [ 138.752778, 37.0000003 ] ] ] } },
{ "type": "Feature", "properties": { "Id": 0, "Sheet_ID": "小千谷近傍 13", "label": "小千谷近傍 13", "call_short": "G7960 S25 .J3", "call_num": "G7960 S25 .J3 23-13", "recid": "tg460tk0947", "websiteUrl": "https://purl.stanford.edu/tg460tk0947", "title": "二万五千分一地形圖 小千谷近傍", "ckey": 10561302, "available": true, "iiifUrl": "https://purl.stanford.edu/tg460tk0947/iiif/manifest" }, "geometry": { "type": "Polygon", "coordinates": [ [ [ 138.627778, 37.0833337 ], [ 138.752778, 37.0833337 ], [ 138.752778, 37.166667 ], [ 138.627778, 37.166667 ], [ 138.627778, 37.0833337 ] ] ] } },
{ "type": "Feature", "properties": { "Id": 0, "Sheet_ID": "小千谷近傍 9", "label": "小千谷近傍 9", "call_short": "G7960 S25 .J3", "call_num": "G7960 S25 .J3 23-9", "recid": "bj024xy0941", "websiteUrl": "https://purl.stanford.edu/bj024xy0941", "title": "二万五千分一地形圖 小千谷近傍", "ckey": 10561302, "available": true, "iiifUrl": "https://purl.stanford.edu/bj024xy0941/iiif/manifest" }, "geometry": { "type": "Polygon", "coordinates": [ [ [ 138.752778, 37.0833337 ], [ 138.877778, 37.0833337 ], [ 138.877778, 37.166667 ], [ 138.752778, 37.166667 ], [ 138.752778, 37.0833337 ] ] ] } },
{ "type": "Feature", "properties": { "Id": 0, "Sheet_ID": "小千谷近傍 12", "label": "小千谷近傍 12", "call_short": "0", "call_num": "0", "recid": "0", "websiteUrl": "0", "title": "0", "ckey": 0, "available": false, "iiifUrl": "0" }, "geometry": { "type": "Polygon", "coordinates": [ [ [ 138.627778, 37.166667 ], [ 138.752778, 37.166667 ], [ 138.752778, 37.2500003 ], [ 138.627778, 37.2500003 ], [ 138.627778, 37.166667 ] ] ] } },
{ "type": "Feature", "properties": { "Id": 0, "Sheet_ID": "小千谷近傍 8", "label": "小千谷近傍 8", "call_short": "0", "call_num": "0", "recid": "0", "websiteUrl": "0", "title": "0", "ckey": 0, "available": false, "iiifUrl": "0" }, "geometry": { "type": "Polygon", "coordinates": [ [ [ 138.752778, 37.166667 ], [ 138.877778, 37.166667 ], [ 138.877778, 37.2500003 ], [ 138.752778, 37.2500003 ], [ 138.752778, 37.166667 ] ] ] } },
{ "type": "Feature", "properties": { "Id": 0, "Sheet_ID": "小千谷近傍 7", "label": "小千谷近傍 7", "call_short": "0", "call_num": "0", "recid": "0", "websiteUrl": "0", "title": "0", "ckey": 0, "available": false, "iiifUrl": "0" }, "geometry": { "type": "Polygon", "coordinates": [ [ [ 138.752778, 37.2500003 ], [ 138.877778, 37.2500003 ], [ 138.877778, 37.3333337 ], [ 138.752778, 37.3333337 ], [ 138.752778, 37.2500003 ] ] ] } },
{ "type": "Feature", "properties": { "Id": 0, "Sheet_ID": "小千谷近傍 16", "label": "小千谷近傍 16", "call_short": "G7960 S25 .J3", "call_num": "G7960 S25 .J3 23-16", "recid": "dw992mq3860", "websiteUrl": "https://purl.stanford.edu/dw992mq3860", "title": "二万五千分一地形圖 小千谷近傍", "ckey": 10561302, "available": true, "iiifUrl": "https://purl.stanford.edu/dw992mq3860/iiif/manifest" }, "geometry": { "type": "Polygon", "coordinates": [ [ [ 138.502778, 37.3333337 ], [ 138.627778, 37.3333337 ], [ 138.627778, 37.416667 ], [ 138.502778, 37.416667 ], [ 138.502778, 37.3333337 ] ] ] } },
{ "type": "Feature", "properties": { "Id": 0, "Sheet_ID": "小千谷近傍 11", "label": "小千谷近傍 11", "call_short": "G7960 S25 .J3", "call_num": "G7960 S25 .J3 23-11", "recid": "zq771hj1461", "websiteUrl": "https://purl.stanford.edu/zq771hj1461", "title": "二万五千分一地形圖 小千谷近傍", "ckey": 10561302, "available": true, "iiifUrl": "https://purl.stanford.edu/zq771hj1461/iiif/manifest" }, "geometry": { "type": "Polygon", "coordinates": [ [ [ 138.627778, 37.3333337 ], [ 138.752778, 37.3333337 ], [ 138.752778, 37.416667 ], [ 138.627778, 37.416667 ], [ 138.627778, 37.3333337 ] ] ] } },
{ "type": "Feature", "properties": { "Id": 0, "Sheet_ID": "小千谷近傍 6", "label": "小千谷近傍 6", "call_short": "0", "call_num": "0", "recid": "0", "websiteUrl": "0", "title": "0", "ckey": 0, "available": false, "iiifUrl": "0" }, "geometry": { "type": "Polygon", "coordinates": [ [ [ 138.752778, 37.3333337 ], [ 138.877778, 37.3333337 ], [ 138.877778, 37.416667 ], [ 138.752778, 37.416667 ], [ 138.752778, 37.3333337 ] ] ] } },
{ "type": "Feature", "properties": { "Id": 0, "Sheet_ID": "小千谷近傍 4", "label": "小千谷近傍 4", "call_short": "G7960 S25 .J3", "call_num": "G7960 S25 .J3 23-4", "recid": "mh041wf0077", "websiteUrl": "https://purl.stanford.edu/mh041wf0077", "title": "二万五千分一地形圖 小千谷近傍", "ckey": 10561302, "available": true, "iiifUrl": "https://purl.stanford.edu/mh041wf0077/iiif/manifest" }, "geometry": { "type": "Polygon", "coordinates": [ [ [ 138.877778, 37.3333337 ], [ 139.002778, 37.3333337 ], [ 139.002778, 37.416667 ], [ 138.877778, 37.416667 ], [ 138.877778, 37.3333337 ] ] ] } },
{ "type": "Feature", "properties": { "Id": 0, "Sheet_ID": "小千谷近傍 5", "label": "小千谷近傍 5", "call_short": "G7960 S25 .J3", "call_num": "G7960 S25 .J3 23-5", "recid": "mt696fx6957", "websiteUrl": "https://purl.stanford.edu/mt696fx6957", "title": "二万五千分一地形圖 小千谷近傍", "ckey": 10561302, "available": true, "iiifUrl": "https://purl.stanford.edu/mt696fx6957/iiif/manifest" }, "geometry": { "type": "Polygon", "coordinates": [ [ [ 138.752778, 37.416667 ], [ 138.877778, 37.416667 ], [ 138.877778, 37.5000003 ], [ 138.752778, 37.5000003 ], [ 138.752778, 37.416667 ] ] ] } },
{ "type": "Feature", "properties": { "Id": 0, "Sheet_ID": "小千谷近傍 3", "label": "小千谷近傍 3", "call_short": "G7960 S25 .J3", "call_num": "G7960 S25 .J3 23-3", "recid": "vn910jp1688", "websiteUrl": "https://purl.stanford.edu/vn910jp1688", "title": "二万五千分一地形圖 小千谷近傍", "ckey": 10561302, "available": true, "iiifUrl": "https://purl.stanford.edu/vn910jp1688/iiif/manifest" }, "geometry": { "type": "Polygon", "coordinates": [ [ [ 138.877778, 37.416667 ], [ 139.002778, 37.416667 ], [ 139.002778, 37.5000003 ], [ 138.877778, 37.5000003 ], [ 138.877778, 37.416667 ] ] ] } },
{ "type": "Feature", "properties": { "Id": 0, "Sheet_ID": "小千谷近傍 2", "label": "小千谷近傍 2", "call_short": "0", "call_num": "0", "recid": "0", "websiteUrl": "0", "title": "0", "ckey": 0, "available": false, "iiifUrl": "0" }, "geometry": { "type": "Polygon", "coordinates": [ [ [ 138.877778, 37.5000003 ], [ 139.002778, 37.5000003 ], [ 139.002778, 37.5833337 ], [ 138.877778, 37.5833337 ], [ 138.877778, 37.5000003 ] ] ] } },
{ "type": "Feature", "properties": { "Id": 0, "Sheet_ID": "小千谷近傍 1", "label": "小千谷近傍 1", "call_short": "0", "call_num": "0", "recid": "0", "websiteUrl": "0", "title": "0", "ckey": 0, "available": false, "iiifUrl": "0" }, "geometry": { "type": "Polygon", "coordinates": [ [ [ 138.877778, 37.5833337 ], [ 139.002778, 37.5833337 ], [ 139.002778, 37.666667 ], [ 138.877778, 37.666667 ], [ 138.877778, 37.5833337 ] ] ] } },
{ "type": "Feature", "properties": { "Id": 0, "Sheet_ID": "村松近傍 12", "label": "村松近傍 12", "call_short": "0", "call_num": "0", "recid": "0", "websiteUrl": "0", "title": "0", "ckey": 0, "available": false, "iiifUrl": "0" }, "geometry": { "type": "Polygon", "coordinates": [ [ [ 139.002778, 37.333333 ], [ 139.127778, 37.333333 ], [ 139.127778, 37.4166663 ], [ 139.002778, 37.4166663 ], [ 139.002778, 37.333333 ] ] ] } },
{ "type": "Feature", "properties": { "Id": 0, "Sheet_ID": "村松近傍 11", "label": "村松近傍 11", "call_short": "0", "call_num": "0", "recid": "0", "websiteUrl": "0", "title": "0", "ckey": 0, "available": false, "iiifUrl": "0" }, "geometry": { "type": "Polygon", "coordinates": [ [ [ 139.002778, 37.4166663 ], [ 139.127778, 37.4166663 ], [ 139.127778, 37.4999997 ], [ 139.002778, 37.4999997 ], [ 139.002778, 37.4166663 ] ] ] } },
{ "type": "Feature", "properties": { "Id": 0, "Sheet_ID": "村松近傍 10", "label": "村松近傍 10", "call_short": "0", "call_num": "0", "recid": "0", "websiteUrl": "0", "title": "0", "ckey": 0, "available": false, "iiifUrl": "0" }, "geometry": { "type": "Polygon", "coordinates": [ [ [ 139.002778, 37.4999997 ], [ 139.127778, 37.4999997 ], [ 139.127778, 37.583333 ], [ 139.002778, 37.583333 ], [ 139.002778, 37.4999997 ] ] ] } },
{ "type": "Feature", "properties": { "Id": 0, "Sheet_ID": "村松近傍 9", "label": "村松近傍 9", "call_short": "0", "call_num": "0", "recid": "0", "websiteUrl": "0", "title": "0", "ckey": 0, "available": false, "iiifUrl": "0" }, "geometry": { "type": "Polygon", "coordinates": [ [ [ 139.002778, 37.583333 ], [ 139.127778, 37.583333 ], [ 139.127778, 37.6666663 ], [ 139.002778, 37.6666663 ], [ 139.002778, 37.583333 ] ] ] } },
{ "type": "Feature", "properties": { "Id": 0, "Sheet_ID": "村松近傍 6", "label": "村松近傍 6", "call_short": "0", "call_num": "0", "recid": "0", "websiteUrl": "0", "title": "0", "ckey": 0, "available": false, "iiifUrl": "0" }, "geometry": { "type": "Polygon", "coordinates": [ [ [ 139.127778, 37.583333 ], [ 139.252778, 37.583333 ], [ 139.252778, 37.6666663 ], [ 139.127778, 37.6666663 ], [ 139.127778, 37.583333 ] ] ] } },
{ "type": "Feature", "properties": { "Id": 0, "Sheet_ID": "村松近傍 3", "label": "村松近傍 3", "call_short": "G7960 S25 .J3", "call_num": "G7960 S25 .J3 22-3", "recid": "ny733tc4958", "websiteUrl": "https://purl.stanford.edu/ny733tc4958", "title": "二万五千分一地形圖 村松近傍", "ckey": 10561302, "available": true, "iiifUrl": "https://purl.stanford.edu/ny733tc4958/iiif/manifest" }, "geometry": { "type": "Polygon", "coordinates": [ [ [ 139.252778, 37.583333 ], [ 139.377778, 37.583333 ], [ 139.377778, 37.6666663 ], [ 139.252778, 37.6666663 ], [ 139.252778, 37.583333 ] ] ] } },
{ "type": "Feature", "properties": { "Id": 0, "Sheet_ID": "村松近傍 8", "label": "村松近傍 8", "call_short": "G7960 S25 .J3", "call_num": "G7960 S25 .J3 22-8", "recid": "zg471zj1708", "websiteUrl": "https://purl.stanford.edu/zg471zj1708", "title": "二万五千分一地形圖 村松近傍", "ckey": 10561302, "available": true, "iiifUrl": "https://purl.stanford.edu/zg471zj1708/iiif/manifest" }, "geometry": { "type": "Polygon", "coordinates": [ [ [ 139.002778, 37.6666663 ], [ 139.127778, 37.6666663 ], [ 139.127778, 37.7499997 ], [ 139.002778, 37.7499997 ], [ 139.002778, 37.6666663 ] ] ] } },
{ "type": "Feature", "properties": { "Id": 0, "Sheet_ID": "村松近傍 5", "label": "村松近傍 5", "call_short": "0", "call_num": "0", "recid": "0", "websiteUrl": "0", "title": "0", "ckey": 0, "available": false, "iiifUrl": "0" }, "geometry": { "type": "Polygon", "coordinates": [ [ [ 139.127778, 37.6666663 ], [ 139.252778, 37.6666663 ], [ 139.252778, 37.7499997 ], [ 139.127778, 37.7499997 ], [ 139.127778, 37.6666663 ] ] ] } },
{ "type": "Feature", "properties": { "Id": 0, "Sheet_ID": "村松近傍 2", "label": "村松近傍 2", "call_short": "G7960 S25 .J3", "call_num": "G7960 S25 .J3 22-2", "recid": "yq364rc1513", "websiteUrl": "https://purl.stanford.edu/yq364rc1513", "title": "二万五千分一地形圖 村松近傍", "ckey": 10561302, "available": true, "iiifUrl": "https://purl.stanford.edu/yq364rc1513/iiif/manifest" }, "geometry": { "type": "Polygon", "coordinates": [ [ [ 139.252778, 37.6666663 ], [ 139.377778, 37.6666663 ], [ 139.377778, 37.7499997 ], [ 139.252778, 37.7499997 ], [ 139.252778, 37.6666663 ] ] ] } },
{ "type": "Feature", "properties": { "Id": 0, "Sheet_ID": "村松近傍 7", "label": "村松近傍 7", "call_short": "G7960 S25 .J3", "call_num": "G7960 S25 .J3 22-7", "recid": "hp868cy2308", "websiteUrl": "https://purl.stanford.edu/hp868cy2308", "title": "二万五千分一地形圖 村松近傍", "ckey": 10561302, "available": true, "iiifUrl": "https://purl.stanford.edu/hp868cy2308/iiif/manifest" }, "geometry": { "type": "Polygon", "coordinates": [ [ [ 139.002778, 37.7499997 ], [ 139.127778, 37.7499997 ], [ 139.127778, 37.833333 ], [ 139.002778, 37.833333 ], [ 139.002778, 37.7499997 ] ] ] } },
{ "type": "Feature", "properties": { "Id": 0, "Sheet_ID": "村松近傍 4", "label": "村松近傍 4", "call_short": "0", "call_num": "0", "recid": "0", "websiteUrl": "0", "title": "0", "ckey": 0, "available": false, "iiifUrl": "0" }, "geometry": { "type": "Polygon", "coordinates": [ [ [ 139.127778, 37.7499997 ], [ 139.252778, 37.7499997 ], [ 139.252778, 37.833333 ], [ 139.127778, 37.833333 ], [ 139.127778, 37.7499997 ] ] ] } },
{ "type": "Feature", "properties": { "Id": 0, "Sheet_ID": "村松近傍 1", "label": "村松近傍 1", "call_short": "G7960 S25 .J3", "call_num": "G7960 S25 .J3 22-1", "recid": "cj248fz4022", "websiteUrl": "https://purl.stanford.edu/cj248fz4022", "title": "二万五千分一地形圖 村松近傍", "ckey": 10561302, "available": true, "iiifUrl": "https://purl.stanford.edu/cj248fz4022/iiif/manifest" }, "geometry": { "type": "Polygon", "coordinates": [ [ [ 139.252778, 37.7499997 ], [ 139.377778, 37.7499997 ], [ 139.377778, 37.833333 ], [ 139.252778, 37.833333 ], [ 139.252778, 37.7499997 ] ] ] } },
{ "type": "Feature", "properties": { "Id": 0, "Sheet_ID": "新發田及新潟近傍 10", "label": "新發田及新潟近傍 10", "call_short": "G7960 S25 .J3", "call_num": "G7960 S25 .J3 21-10", "recid": "hj544tn4352", "websiteUrl": "https://purl.stanford.edu/hj544tn4352", "title": "二万五千分一地形圖 新發田及新潟近傍", "ckey": 10561302, "available": true, "iiifUrl": "https://purl.stanford.edu/hj544tn4352/iiif/manifest" }, "geometry": { "type": "Polygon", "coordinates": [ [ [ 139.002778, 37.833333 ], [ 139.127778, 37.833333 ], [ 139.127778, 37.9166663 ], [ 139.002778, 37.9166663 ], [ 139.002778, 37.833333 ] ] ] } },
{ "type": "Feature", "properties": { "Id": 0, "Sheet_ID": "新發田及新潟近傍 8", "label": "新發田及新潟近傍 8", "call_short": "G7960 S25 .J3", "call_num": "G7960 S25 .J3 21-8", "recid": "hp432pk0115", "websiteUrl": "https://purl.stanford.edu/hp432pk0115", "title": "二万五千分一地形圖 新發田及新潟近傍", "ckey": 10561302, "available": true, "iiifUrl": "https://purl.stanford.edu/hp432pk0115/iiif/manifest" }, "geometry": { "type": "Polygon", "coordinates": [ [ [ 139.127778, 37.833333 ], [ 139.252778, 37.833333 ], [ 139.252778, 37.9166663 ], [ 139.127778, 37.9166663 ], [ 139.127778, 37.833333 ] ] ] } },
{ "type": "Feature", "properties": { "Id": 0, "Sheet_ID": "新發田及新潟近傍 6", "label": "新發田及新潟近傍 6", "call_short": "G7960 S25 .J3", "call_num": "G7960 S25 .J3 21-6", "recid": "yb889rb1544", "websiteUrl": "https://purl.stanford.edu/yb889rb1544", "title": "二万五千分一地形圖 新發田及新潟近傍", "ckey": 10561302, "available": true, "iiifUrl": "https://purl.stanford.edu/yb889rb1544/iiif/manifest" }, "geometry": { "type": "Polygon", "coordinates": [ [ [ 139.252778, 37.833333 ], [ 139.377778, 37.833333 ], [ 139.377778, 37.9166663 ], [ 139.252778, 37.9166663 ], [ 139.252778, 37.833333 ] ] ] } },
{ "type": "Feature", "properties": { "Id": 0, "Sheet_ID": "新發田及新潟近傍 3", "label": "新發田及新潟近傍 3", "call_short": "G7960 S25 .J3", "call_num": "G7960 S25 .J3 21-3", "recid": "wk120mq3190", "websiteUrl": "https://purl.stanford.edu/wk120mq3190", "title": "二万五千分一地形圖 新發田及新潟近傍", "ckey": 10561302, "available": true, "iiifUrl": "https://purl.stanford.edu/wk120mq3190/iiif/manifest" }, "geometry": { "type": "Polygon", "coordinates": [ [ [ 139.377778, 37.833333 ], [ 139.502778, 37.833333 ], [ 139.502778, 37.9166663 ], [ 139.377778, 37.9166663 ], [ 139.377778, 37.833333 ] ] ] } },
{ "type": "Feature", "properties": { "Id": 0, "Sheet_ID": "新發田及新潟近傍 9", "label": "新發田及新潟近傍 9", "call_short": "0", "call_num": "0", "recid": "0", "websiteUrl": "0", "title": "0", "ckey": 0, "available": false, "iiifUrl": "0" }, "geometry": { "type": "Polygon", "coordinates": [ [ [ 139.002778, 37.9166663 ], [ 139.127778, 37.9166663 ], [ 139.127778, 37.9999997 ], [ 139.002778, 37.9999997 ], [ 139.002778, 37.9166663 ] ] ] } },
{ "type": "Feature", "properties": { "Id": 0, "Sheet_ID": "新發田及新潟近傍 7", "label": "新發田及新潟近傍 7", "call_short": "0", "call_num": "0", "recid": "0", "websiteUrl": "0", "title": "0", "ckey": 0, "available": false, "iiifUrl": "0" }, "geometry": { "type": "Polygon", "coordinates": [ [ [ 139.127778, 37.9166663 ], [ 139.252778, 37.9166663 ], [ 139.252778, 37.9999997 ], [ 139.127778, 37.9999997 ], [ 139.127778, 37.9166663 ] ] ] } },
{ "type": "Feature", "properties": { "Id": 0, "Sheet_ID": "新發田及新潟近傍 5", "label": "新發田及新潟近傍 5", "call_short": "G7960 S25 .J3", "call_num": "G7960 S25 .J3 21-5", "recid": "kx739jr5964", "websiteUrl": "https://purl.stanford.edu/kx739jr5964", "title": "二万五千分一地形圖 新發田及新潟近傍", "ckey": 10561302, "available": true, "iiifUrl": "https://purl.stanford.edu/kx739jr5964/iiif/manifest" }, "geometry": { "type": "Polygon", "coordinates": [ [ [ 139.252778, 37.9166663 ], [ 139.377778, 37.9166663 ], [ 139.377778, 37.9999997 ], [ 139.252778, 37.9999997 ], [ 139.252778, 37.9166663 ] ] ] } },
{ "type": "Feature", "properties": { "Id": 0, "Sheet_ID": "新發田及新潟近傍 2", "label": "新發田及新潟近傍 2", "call_short": "0", "call_num": "0", "recid": "0", "websiteUrl": "0", "title": "0", "ckey": 0, "available": false, "iiifUrl": "0" }, "geometry": { "type": "Polygon", "coordinates": [ [ [ 139.377778, 37.9166663 ], [ 139.502778, 37.9166663 ], [ 139.502778, 37.9999997 ], [ 139.377778, 37.9999997 ], [ 139.377778, 37.9166663 ] ] ] } },
{ "type": "Feature", "properties": { "Id": 0, "Sheet_ID": "新發田及新潟近傍 4", "label": "新發田及新潟近傍 4", "call_short": "G7960 S25 .J3", "call_num": "G7960 S25 .J3 21-4", "recid": "fx727bt9883", "websiteUrl": "https://purl.stanford.edu/fx727bt9883", "title": "二万五千分一地形圖 新發田及新潟近傍", "ckey": 10561302, "available": true, "iiifUrl": "https://purl.stanford.edu/fx727bt9883/iiif/manifest" }, "geometry": { "type": "Polygon", "coordinates": [ [ [ 139.252778, 37.9999997 ], [ 139.377778, 37.9999997 ], [ 139.377778, 38.083333 ], [ 139.252778, 38.083333 ], [ 139.252778, 37.9999997 ] ] ] } },
{ "type": "Feature", "properties": { "Id": 0, "Sheet_ID": "新發田及新潟近傍 1", "label": "新發田及新潟近傍 1", "call_short": "0", "call_num": "0", "recid": "0", "websiteUrl": "0", "title": "0", "ckey": 0, "available": false, "iiifUrl": "0" }, "geometry": { "type": "Polygon", "coordinates": [ [ [ 139.377778, 37.9999997 ], [ 139.502778, 37.9999997 ], [ 139.502778, 38.083333 ], [ 139.377778, 38.083333 ], [ 139.377778, 37.9999997 ] ] ] } },
{ "type": "Feature", "properties": { "Id": 0, "Sheet_ID": "豊橋近傍 14", "label": "豊橋近傍 14", "call_short": "G7960 S25 .J3", "call_num": "G7960 S25 .J3 34-14", "recid": "gs659zq6645", "websiteUrl": "https://purl.stanford.edu/gs659zq6645", "title": "二万五千分一地形圖 豊橋近傍", "ckey": 10561302, "available": true, "iiifUrl": "https://purl.stanford.edu/gs659zq6645/iiif/manifest" }, "geometry": { "type": "Polygon", "coordinates": [ [ [ 137.127778, 34.583333 ], [ 137.252778, 34.583333 ], [ 137.252778, 34.6666664 ], [ 137.127778, 34.6666664 ], [ 137.127778, 34.583333 ] ] ] } },
{ "type": "Feature", "properties": { "Id": 0, "Sheet_ID": "豊橋近傍 9", "label": "豊橋近傍 9", "call_short": "G7960 S25 .J3", "call_num": "G7960 S25 .J3 34-9", "recid": "zf926jy7275", "websiteUrl": "https://purl.stanford.edu/zf926jy7275", "title": "二万五千分一地形圖 豊橋近傍", "ckey": 10561302, "available": true, "iiifUrl": "https://purl.stanford.edu/zf926jy7275/iiif/manifest" }, "geometry": { "type": "Polygon", "coordinates": [ [ [ 137.252778, 34.583333 ], [ 137.377778, 34.583333 ], [ 137.377778, 34.6666664 ], [ 137.252778, 34.6666664 ], [ 137.252778, 34.583333 ] ] ] } },
{ "type": "Feature", "properties": { "Id": 0, "Sheet_ID": "豊橋近傍 4", "label": "豊橋近傍 4", "call_short": "G7960 S25 .J3", "call_num": "G7960 S25 .J3 34-4", "recid": "rr308xx5649", "websiteUrl": "https://purl.stanford.edu/rr308xx5649", "title": "二万五千分一地形圖 豊橋近傍", "ckey": 10561302, "available": true, "iiifUrl": "https://purl.stanford.edu/rr308xx5649/iiif/manifest" }, "geometry": { "type": "Polygon", "coordinates": [ [ [ 137.377778, 34.583333 ], [ 137.502778, 34.583333 ], [ 137.502778, 34.6666664 ], [ 137.377778, 34.6666664 ], [ 137.377778, 34.583333 ] ] ] } },
{ "type": "Feature", "properties": { "Id": 0, "Sheet_ID": "豊橋近傍 13", "label": "豊橋近傍 13", "call_short": "G7960 S25 .J3", "call_num": "G7960 S25 .J3 34-13", "recid": "df366sb1067", "websiteUrl": "https://purl.stanford.edu/df366sb1067", "title": "二万五千分一地形圖 豊橋近傍", "ckey": 10561302, "available": true, "iiifUrl": "https://purl.stanford.edu/df366sb1067/iiif/manifest" }, "geometry": { "type": "Polygon", "coordinates": [ [ [ 137.127778, 34.6666664 ], [ 137.252778, 34.6666664 ], [ 137.252778, 34.7499998 ], [ 137.127778, 34.7499998 ], [ 137.127778, 34.6666664 ] ] ] } },
{ "type": "Feature", "properties": { "Id": 0, "Sheet_ID": "豊橋近傍 8", "label": "豊橋近傍 8", "call_short": "G7960 S25 .J3", "call_num": "G7960 S25 .J3 34-8", "recid": "ts639nn2255", "websiteUrl": "https://purl.stanford.edu/ts639nn2255", "title": "二万五千分一地形圖 豊橋近傍", "ckey": 10561302, "available": true, "iiifUrl": "https://purl.stanford.edu/ts639nn2255/iiif/manifest" }, "geometry": { "type": "Polygon", "coordinates": [ [ [ 137.252778, 34.6666664 ], [ 137.377778, 34.6666664 ], [ 137.377778, 34.7499998 ], [ 137.252778, 34.7499998 ], [ 137.252778, 34.6666664 ] ] ] } },
{ "type": "Feature", "properties": { "Id": 0, "Sheet_ID": "豊橋近傍 3", "label": "豊橋近傍 3", "call_short": "G7960 S25 .J3", "call_num": "G7960 S25 .J3 34-3", "recid": "vh932tf7215", "websiteUrl": "https://purl.stanford.edu/vh932tf7215", "title": "二万五千分一地形圖 豊橋近傍", "ckey": 10561302, "available": true, "iiifUrl": "https://purl.stanford.edu/vh932tf7215/iiif/manifest" }, "geometry": { "type": "Polygon", "coordinates": [ [ [ 137.377778, 34.6666664 ], [ 137.502778, 34.6666664 ], [ 137.502778, 34.7499998 ], [ 137.377778, 34.7499998 ], [ 137.377778, 34.6666664 ] ] ] } },
{ "type": "Feature", "properties": { "Id": 0, "Sheet_ID": "豊橋近傍 12", "label": "豊橋近傍 12", "call_short": "0", "call_num": "0", "recid": "0", "websiteUrl": "0", "title": "0", "ckey": 0, "available": false, "iiifUrl": "0" }, "geometry": { "type": "Polygon", "coordinates": [ [ [ 137.127778, 34.7499998 ], [ 137.252778, 34.7499998 ], [ 137.252778, 34.8333332 ], [ 137.127778, 34.8333332 ], [ 137.127778, 34.7499998 ] ] ] } },
{ "type": "Feature", "properties": { "Id": 0, "Sheet_ID": "豊橋近傍 7", "label": "豊橋近傍 7", "call_short": "G7960 S25 .J3", "call_num": "G7960 S25 .J3 34-7", "recid": "kj197ws1051", "websiteUrl": "https://purl.stanford.edu/kj197ws1051", "title": "二万五千分一地形圖 豊橋近傍", "ckey": 10561302, "available": true, "iiifUrl": "https://purl.stanford.edu/kj197ws1051/iiif/manifest" }, "geometry": { "type": "Polygon", "coordinates": [ [ [ 137.252778, 34.7499998 ], [ 137.377778, 34.7499998 ], [ 137.377778, 34.8333332 ], [ 137.252778, 34.8333332 ], [ 137.252778, 34.7499998 ] ] ] } },
{ "type": "Feature", "properties": { "Id": 0, "Sheet_ID": "豊橋近傍 2", "label": "豊橋近傍 2", "call_short": "G7960 S25 .J3", "call_num": "G7960 S25 .J3 34-2", "recid": "rz265yc6303", "websiteUrl": "https://purl.stanford.edu/rz265yc6303", "title": "二万五千分一地形圖 豊橋近傍", "ckey": 10561302, "available": true, "iiifUrl": "https://purl.stanford.edu/rz265yc6303/iiif/manifest" }, "geometry": { "type": "Polygon", "coordinates": [ [ [ 137.377778, 34.7499998 ], [ 137.502778, 34.7499998 ], [ 137.502778, 34.8333332 ], [ 137.377778, 34.8333332 ], [ 137.377778, 34.7499998 ] ] ] } },
{ "type": "Feature", "properties": { "Id": 0, "Sheet_ID": "豊橋近傍 11", "label": "豊橋近傍 11", "call_short": "G7960 S25 .J3", "call_num": "G7960 S25 .J3 34-11", "recid": "xb029fh8275", "websiteUrl": "https://purl.stanford.edu/xb029fh8275", "title": "二万五千分一地形圖 豊橋近傍", "ckey": 10561302, "available": true, "iiifUrl": "https://purl.stanford.edu/xb029fh8275/iiif/manifest" }, "geometry": { "type": "Polygon", "coordinates": [ [ [ 137.127778, 34.8333332 ], [ 137.252778, 34.8333332 ], [ 137.252778, 34.9166666 ], [ 137.127778, 34.9166666 ], [ 137.127778, 34.8333332 ] ] ] } },
{ "type": "Feature", "properties": { "Id": 0, "Sheet_ID": "豊橋近傍 6", "label": "豊橋近傍 6", "call_short": "G7960 S25 .J3", "call_num": "G7960 S25 .J3 34-6", "recid": "yr501ky1830", "websiteUrl": "https://purl.stanford.edu/yr501ky1830", "title": "二万五千分一地形圖 豊橋近傍", "ckey": 10561302, "available": true, "iiifUrl": "https://purl.stanford.edu/yr501ky1830/iiif/manifest" }, "geometry": { "type": "Polygon", "coordinates": [ [ [ 137.252778, 34.8333332 ], [ 137.377778, 34.8333332 ], [ 137.377778, 34.9166666 ], [ 137.252778, 34.9166666 ], [ 137.252778, 34.8333332 ] ] ] } },
{ "type": "Feature", "properties": { "Id": 0, "Sheet_ID": "豊橋近傍 1", "label": "豊橋近傍 1", "call_short": "G7960 S25 .J3", "call_num": "G7960 S25 .J3 34-1", "recid": "pp918rc4649", "websiteUrl": "https://purl.stanford.edu/pp918rc4649", "title": "二万五千分一地形圖 豊橋近傍", "ckey": 10561302, "available": true, "iiifUrl": "https://purl.stanford.edu/pp918rc4649/iiif/manifest" }, "geometry": { "type": "Polygon", "coordinates": [ [ [ 137.377778, 34.8333332 ], [ 137.502778, 34.8333332 ], [ 137.502778, 34.9166666 ], [ 137.377778, 34.9166666 ], [ 137.377778, 34.8333332 ] ] ] } },
{ "type": "Feature", "properties": { "Id": 0, "Sheet_ID": "豊橋近傍 10", "label": "豊橋近傍 10", "call_short": "G7960 S25 .J3", "call_num": "G7960 S25 .J3 34-10", "recid": "rs799dt1087", "websiteUrl": "https://purl.stanford.edu/rs799dt1087", "title": "二万五千分一地形圖 豊橋近傍", "ckey": 10561302, "available": true, "iiifUrl": "https://purl.stanford.edu/rs799dt1087/iiif/manifest" }, "geometry": { "type": "Polygon", "coordinates": [ [ [ 137.127778, 34.9166666 ], [ 137.252778, 34.9166666 ], [ 137.252778, 35.0 ], [ 137.127778, 35.0 ], [ 137.127778, 34.9166666 ] ] ] } },
{ "type": "Feature", "properties": { "Id": 0, "Sheet_ID": "豊橋近傍 5", "label": "豊橋近傍 5", "call_short": "G7960 S25 .J3", "call_num": "G7960 S25 .J3 34-5", "recid": "fr554bn8544", "websiteUrl": "https://purl.stanford.edu/fr554bn8544", "title": "二万五千分一地形圖 豊橋近傍", "ckey": 10561302, "available": true, "iiifUrl": "https://purl.stanford.edu/fr554bn8544/iiif/manifest" }, "geometry": { "type": "Polygon", "coordinates": [ [ [ 137.252778, 34.9166666 ], [ 137.377778, 34.9166666 ], [ 137.377778, 35.0 ], [ 137.252778, 35.0 ], [ 137.252778, 34.9166666 ] ] ] } },
{ "type": "Feature", "properties": { "Id": 0, "Sheet_ID": "浜松近傍 12", "label": "浜松近傍 12", "call_short": "0", "call_num": "0", "recid": "0", "websiteUrl": "0", "title": "0", "ckey": 0, "available": false, "iiifUrl": "0" }, "geometry": { "type": "Polygon", "coordinates": [ [ [ 137.627778, 34.583333 ], [ 137.752778, 34.583333 ], [ 137.752778, 34.6666665 ], [ 137.627778, 34.6666665 ], [ 137.627778, 34.583333 ] ] ] } },
{ "type": "Feature", "properties": { "Id": 0, "Sheet_ID": "浜松近傍 8", "label": "浜松近傍 8", "call_short": "0", "call_num": "0", "recid": "0", "websiteUrl": "0", "title": "0", "ckey": 0, "available": false, "iiifUrl": "0" }, "geometry": { "type": "Polygon", "coordinates": [ [ [ 137.752778, 34.583333 ], [ 137.877778, 34.583333 ], [ 137.877778, 34.6666665 ], [ 137.752778, 34.6666665 ], [ 137.752778, 34.583333 ] ] ] } },
{ "type": "Feature", "properties": { "Id": 0, "Sheet_ID": "浜松近傍 4", "label": "浜松近傍 4", "call_short": "0", "call_num": "0", "recid": "0", "websiteUrl": "0", "title": "0", "ckey": 0, "available": false, "iiifUrl": "0" }, "geometry": { "type": "Polygon", "coordinates": [ [ [ 137.877778, 34.583333 ], [ 138.002778, 34.583333 ], [ 138.002778, 34.6666665 ], [ 137.877778, 34.6666665 ], [ 137.877778, 34.583333 ] ] ] } },
{ "type": "Feature", "properties": { "Id": 0, "Sheet_ID": "浜松近傍 15", "label": "浜松近傍 15", "call_short": "G7960 S25 .J3", "call_num": "G7960 S25 .J3 33-15", "recid": "zx379tn8820", "websiteUrl": "https://purl.stanford.edu/zx379tn8820", "title": "二万五千分一地形圖 浜松近傍", "ckey": 10561302, "available": true, "iiifUrl": "https://purl.stanford.edu/zx379tn8820/iiif/manifest" }, "geometry": { "type": "Polygon", "coordinates": [ [ [ 137.502778, 34.6666665 ], [ 137.627778, 34.6666665 ], [ 137.627778, 34.75 ], [ 137.502778, 34.75 ], [ 137.502778, 34.6666665 ] ] ] } },
{ "type": "Feature", "properties": { "Id": 0, "Sheet_ID": "浜松近傍 11", "label": "浜松近傍 11", "call_short": "0", "call_num": "0", "recid": "0", "websiteUrl": "0", "title": "0", "ckey": 0, "available": false, "iiifUrl": "0" }, "geometry": { "type": "Polygon", "coordinates": [ [ [ 137.627778, 34.6666665 ], [ 137.752778, 34.6666665 ], [ 137.752778, 34.75 ], [ 137.627778, 34.75 ], [ 137.627778, 34.6666665 ] ] ] } },
{ "type": "Feature", "properties": { "Id": 0, "Sheet_ID": "浜松近傍 7", "label": "浜松近傍 7", "call_short": "0", "call_num": "0", "recid": "0", "websiteUrl": "0", "title": "0", "ckey": 0, "available": false, "iiifUrl": "0" }, "geometry": { "type": "Polygon", "coordinates": [ [ [ 137.752778, 34.6666665 ], [ 137.877778, 34.6666665 ], [ 137.877778, 34.75 ], [ 137.752778, 34.75 ], [ 137.752778, 34.6666665 ] ] ] } },
{ "type": "Feature", "properties": { "Id": 0, "Sheet_ID": "浜松近傍 3", "label": "浜松近傍 3", "call_short": "0", "call_num": "0", "recid": "0", "websiteUrl": "0", "title": "0", "ckey": 0, "available": false, "iiifUrl": "0" }, "geometry": { "type": "Polygon", "coordinates": [ [ [ 137.877778, 34.6666665 ], [ 138.002778, 34.6666665 ], [ 138.002778, 34.75 ], [ 137.877778, 34.75 ], [ 137.877778, 34.6666665 ] ] ] } },
{ "type": "Feature", "properties": { "Id": 0, "Sheet_ID": "浜松近傍 14", "label": "浜松近傍 14", "call_short": "G7960 S25 .J3", "call_num": "G7960 S25 .J3 33-14", "recid": "ng677hw2660", "websiteUrl": "https://purl.stanford.edu/ng677hw2660", "title": "二万五千分一地形圖 浜松近傍", "ckey": 10561302, "available": true, "iiifUrl": "https://purl.stanford.edu/ng677hw2660/iiif/manifest" }, "geometry": { "type": "Polygon", "coordinates": [ [ [ 137.502778, 34.75 ], [ 137.627778, 34.75 ], [ 137.627778, 34.8333335 ], [ 137.502778, 34.8333335 ], [ 137.502778, 34.75 ] ] ] } },
{ "type": "Feature", "properties": { "Id": 0, "Sheet_ID": "浜松近傍 10", "label": "浜松近傍 10", "call_short": "0", "call_num": "0", "recid": "0", "websiteUrl": "0", "title": "0", "ckey": 0, "available": false, "iiifUrl": "0" }, "geometry": { "type": "Polygon", "coordinates": [ [ [ 137.627778, 34.75 ], [ 137.752778, 34.75 ], [ 137.752778, 34.8333335 ], [ 137.627778, 34.8333335 ], [ 137.627778, 34.75 ] ] ] } },
{ "type": "Feature", "properties": { "Id": 0, "Sheet_ID": "浜松近傍 6", "label": "浜松近傍 6", "call_short": "0", "call_num": "0", "recid": "0", "websiteUrl": "0", "title": "0", "ckey": 0, "available": false, "iiifUrl": "0" }, "geometry": { "type": "Polygon", "coordinates": [ [ [ 137.752778, 34.75 ], [ 137.877778, 34.75 ], [ 137.877778, 34.8333335 ], [ 137.752778, 34.8333335 ], [ 137.752778, 34.75 ] ] ] } },
{ "type": "Feature", "properties": { "Id": 0, "Sheet_ID": "浜松近傍 2", "label": "浜松近傍 2", "call_short": "G7960 S25 .J3", "call_num": "G7960 S25 .J3 33-2", "recid": "zx163dv0110", "websiteUrl": "https://purl.stanford.edu/zx163dv0110", "title": "二万五千分一地形圖 浜松近傍", "ckey": 10561302, "available": true, "iiifUrl": "https://purl.stanford.edu/zx163dv0110/iiif/manifest" }, "geometry": { "type": "Polygon", "coordinates": [ [ [ 137.877778, 34.75 ], [ 138.002778, 34.75 ], [ 138.002778, 34.8333335 ], [ 137.877778, 34.8333335 ], [ 137.877778, 34.75 ] ] ] } },
{ "type": "Feature", "properties": { "Id": 0, "Sheet_ID": "浜松近傍 13", "label": "浜松近傍 13", "call_short": "0", "call_num": "0", "recid": "0", "websiteUrl": "0", "title": "0", "ckey": 0, "available": false, "iiifUrl": "0" }, "geometry": { "type": "Polygon", "coordinates": [ [ [ 137.502778, 34.8333335 ], [ 137.627778, 34.8333335 ], [ 137.627778, 34.916667 ], [ 137.502778, 34.916667 ], [ 137.502778, 34.8333335 ] ] ] } },
{ "type": "Feature", "properties": { "Id": 0, "Sheet_ID": "浜松近傍 9", "label": "浜松近傍 9", "call_short": "0", "call_num": "0", "recid": "0", "websiteUrl": "0", "title": "0", "ckey": 0, "available": false, "iiifUrl": "0" }, "geometry": { "type": "Polygon", "coordinates": [ [ [ 137.627778, 34.8333335 ], [ 137.752778, 34.8333335 ], [ 137.752778, 34.916667 ], [ 137.627778, 34.916667 ], [ 137.627778, 34.8333335 ] ] ] } },
{ "type": "Feature", "properties": { "Id": 0, "Sheet_ID": "浜松近傍 5", "label": "浜松近傍 5", "call_short": "0", "call_num": "0", "recid": "0", "websiteUrl": "0", "title": "0", "ckey": 0, "available": false, "iiifUrl": "0" }, "geometry": { "type": "Polygon", "coordinates": [ [ [ 137.752778, 34.8333335 ], [ 137.877778, 34.8333335 ], [ 137.877778, 34.916667 ], [ 137.752778, 34.916667 ], [ 137.752778, 34.8333335 ] ] ] } },
{ "type": "Feature", "properties": { "Id": 0, "Sheet_ID": "浜松近傍 1", "label": "浜松近傍 1", "call_short": "0", "call_num": "0", "recid": "0", "websiteUrl": "0", "title": "0", "ckey": 0, "available": false, "iiifUrl": "0" }, "geometry": { "type": "Polygon", "coordinates": [ [ [ 137.877778, 34.8333335 ], [ 138.002778, 34.8333335 ], [ 138.002778, 34.916667 ], [ 137.877778, 34.916667 ], [ 137.877778, 34.8333335 ] ] ] } },
{ "type": "Feature", "properties": { "Id": 0, "Sheet_ID": "静岡近傍 16", "label": "静岡近傍 16", "call_short": "G7960 S25 .J3", "call_num": "G7960 S25 .J3 32-16", "recid": "cn730jg7478", "websiteUrl": "https://purl.stanford.edu/cn730jg7478", "title": "二万五千分一地形圖 静岡近傍", "ckey": 10561302, "available": true, "iiifUrl": "https://purl.stanford.edu/cn730jg7478/iiif/manifest" }, "geometry": { "type": "Polygon", "coordinates": [ [ [ 138.002778, 34.583333 ], [ 138.127778, 34.583333 ], [ 138.127778, 34.6666663 ], [ 138.002778, 34.6666663 ], [ 138.002778, 34.583333 ] ] ] } },
{ "type": "Feature", "properties": { "Id": 0, "Sheet_ID": "静岡近傍 12", "label": "静岡近傍 12", "call_short": "G7960 S25 .J3", "call_num": "G7960 S25 .J3 32-12", "recid": "bt899vz1434", "websiteUrl": "https://purl.stanford.edu/bt899vz1434", "title": "二万五千分一地形圖 静岡近傍", "ckey": 10561302, "available": true, "iiifUrl": "https://purl.stanford.edu/bt899vz1434/iiif/manifest" }, "geometry": { "type": "Polygon", "coordinates": [ [ [ 138.127778, 34.583333 ], [ 138.252778, 34.583333 ], [ 138.252778, 34.6666663 ], [ 138.127778, 34.6666663 ], [ 138.127778, 34.583333 ] ] ] } },
{ "type": "Feature", "properties": { "Id": 0, "Sheet_ID": "静岡近傍 15", "label": "静岡近傍 15", "call_short": "G7960 S25 .J3", "call_num": "G7960 S25 .J3 32-15", "recid": "sz444tg0246", "websiteUrl": "https://purl.stanford.edu/sz444tg0246", "title": "二万五千分一地形圖 静岡近傍", "ckey": 10561302, "available": true, "iiifUrl": "https://purl.stanford.edu/sz444tg0246/iiif/manifest" }, "geometry": { "type": "Polygon", "coordinates": [ [ [ 138.002778, 34.6666663 ], [ 138.127778, 34.6666663 ], [ 138.127778, 34.7499997 ], [ 138.002778, 34.7499997 ], [ 138.002778, 34.6666663 ] ] ] } },
{ "type": "Feature", "properties": { "Id": 0, "Sheet_ID": "静岡近傍 11", "label": "静岡近傍 11", "call_short": "G7960 S25 .J3", "call_num": "G7960 S25 .J3 32-11", "recid": "sn317jg6978", "websiteUrl": "https://purl.stanford.edu/sn317jg6978", "title": "二万五千分一地形圖 静岡近傍", "ckey": 10561302, "available": true, "iiifUrl": "https://purl.stanford.edu/sn317jg6978/iiif/manifest" }, "geometry": { "type": "Polygon", "coordinates": [ [ [ 138.127778, 34.6666663 ], [ 138.252778, 34.6666663 ], [ 138.252778, 34.7499997 ], [ 138.127778, 34.7499997 ], [ 138.127778, 34.6666663 ] ] ] } },
{ "type": "Feature", "properties": { "Id": 0, "Sheet_ID": "静岡近傍 14", "label": "静岡近傍 14", "call_short": "G7960 S25 .J3", "call_num": "G7960 S25 .J3 32-14", "recid": "wt969zc3407", "websiteUrl": "https://purl.stanford.edu/wt969zc3407", "title": "二万五千分一地形圖 静岡近傍", "ckey": 10561302, "available": true, "iiifUrl": "https://purl.stanford.edu/wt969zc3407/iiif/manifest" }, "geometry": { "type": "Polygon", "coordinates": [ [ [ 138.002778, 34.7499997 ], [ 138.127778, 34.7499997 ], [ 138.127778, 34.833333 ], [ 138.002778, 34.833333 ], [ 138.002778, 34.7499997 ] ] ] } },
{ "type": "Feature", "properties": { "Id": 0, "Sheet_ID": "静岡近傍 10", "label": "静岡近傍 10", "call_short": "G7960 S25 .J3", "call_num": "G7960 S25 .J3 32-10", "recid": "dp623ns5453", "websiteUrl": "https://purl.stanford.edu/dp623ns5453", "title": "二万五千分一地形圖 静岡近傍", "ckey": 10561302, "available": true, "iiifUrl": "https://purl.stanford.edu/dp623ns5453/iiif/manifest" }, "geometry": { "type": "Polygon", "coordinates": [ [ [ 138.127778, 34.7499997 ], [ 138.252778, 34.7499997 ], [ 138.252778, 34.833333 ], [ 138.127778, 34.833333 ], [ 138.127778, 34.7499997 ] ] ] } },
{ "type": "Feature", "properties": { "Id": 0, "Sheet_ID": "静岡近傍 8", "label": "静岡近傍 8", "call_short": "0", "call_num": "0", "recid": "0", "websiteUrl": "0", "title": "0", "ckey": 0, "available": false, "iiifUrl": "0" }, "geometry": { "type": "Polygon", "coordinates": [ [ [ 138.252778, 34.7499997 ], [ 138.377778, 34.7499997 ], [ 138.377778, 34.833333 ], [ 138.252778, 34.833333 ], [ 138.252778, 34.7499997 ] ] ] } },
{ "type": "Feature", "properties": { "Id": 0, "Sheet_ID": "静岡近傍 13", "label": "静岡近傍 13", "call_short": "G7960 S25 .J3", "call_num": "G7960 S25 .J3 32-13", "recid": "hm144tm6569", "websiteUrl": "https://purl.stanford.edu/hm144tm6569", "title": "二万五千分一地形圖 静岡近傍", "ckey": 10561302, "available": true, "iiifUrl": "https://purl.stanford.edu/hm144tm6569/iiif/manifest" }, "geometry": { "type": "Polygon", "coordinates": [ [ [ 138.002778, 34.833333 ], [ 138.127778, 34.833333 ], [ 138.127778, 34.9166663 ], [ 138.002778, 34.9166663 ], [ 138.002778, 34.833333 ] ] ] } },
{ "type": "Feature", "properties": { "Id": 0, "Sheet_ID": "静岡近傍 9", "label": "静岡近傍 9", "call_short": "G7960 S25 .J3", "call_num": "G7960 S25 .J3 32-9", "recid": "nk535bc0533", "websiteUrl": "https://purl.stanford.edu/nk535bc0533", "title": "二万五千分一地形圖 静岡近傍", "ckey": 10561302, "available": true, "iiifUrl": "https://purl.stanford.edu/nk535bc0533/iiif/manifest" }, "geometry": { "type": "Polygon", "coordinates": [ [ [ 138.127778, 34.833333 ], [ 138.252778, 34.833333 ], [ 138.252778, 34.9166663 ], [ 138.127778, 34.9166663 ], [ 138.127778, 34.833333 ] ] ] } },
{ "type": "Feature", "properties": { "Id": 0, "Sheet_ID": "静岡近傍 7", "label": "静岡近傍 7", "call_short": "G7960 S25 .J3", "call_num": "G7960 S25 .J3 32-7", "recid": "xs094gh6270", "websiteUrl": "https://purl.stanford.edu/xs094gh6270", "title": "二万五千分一地形圖 静岡近傍", "ckey": 10561302, "available": true, "iiifUrl": "https://purl.stanford.edu/xs094gh6270/iiif/manifest" }, "geometry": { "type": "Polygon", "coordinates": [ [ [ 138.252778, 34.833333 ], [ 138.377778, 34.833333 ], [ 138.377778, 34.9166663 ], [ 138.252778, 34.9166663 ], [ 138.252778, 34.833333 ] ] ] } },
{ "type": "Feature", "properties": { "Id": 0, "Sheet_ID": "静岡近傍 6", "label": "静岡近傍 6", "call_short": "G7960 S25 .J3", "call_num": "G7960 S25 .J3 32-6", "recid": "qy693wz7023", "websiteUrl": "https://purl.stanford.edu/qy693wz7023", "title": "二万五千分一地形圖 静岡近傍", "ckey": 10561302, "available": true, "iiifUrl": "https://purl.stanford.edu/qy693wz7023/iiif/manifest" }, "geometry": { "type": "Polygon", "coordinates": [ [ [ 138.252778, 34.9166663 ], [ 138.377778, 34.9166663 ], [ 138.377778, 34.9999997 ], [ 138.252778, 34.9999997 ], [ 138.252778, 34.9166663 ] ] ] } },
{ "type": "Feature", "properties": { "Id": 0, "Sheet_ID": "静岡近傍 4", "label": "静岡近傍 4", "call_short": "G7960 S25 .J3", "call_num": "G7960 S25 .J3 32-4", "recid": "hq870br4827", "websiteUrl": "https://purl.stanford.edu/hq870br4827", "title": "二万五千分一地形圖 静岡近傍", "ckey": 10561302, "available": true, "iiifUrl": "https://purl.stanford.edu/hq870br4827/iiif/manifest" }, "geometry": { "type": "Polygon", "coordinates": [ [ [ 138.377778, 34.9166663 ], [ 138.502778, 34.9166663 ], [ 138.502778, 34.9999997 ], [ 138.377778, 34.9999997 ], [ 138.377778, 34.9166663 ] ] ] } },
{ "type": "Feature", "properties": { "Id": 0, "Sheet_ID": "静岡近傍 2", "label": "静岡近傍 2", "call_short": "G7960 S25 .J3", "call_num": "G7960 S25 .J3 32-2", "recid": "gf819pr6424", "websiteUrl": "https://purl.stanford.edu/gf819pr6424", "title": "二万五千分一地形圖 静岡近傍", "ckey": 10561302, "available": true, "iiifUrl": "https://purl.stanford.edu/gf819pr6424/iiif/manifest" }, "geometry": { "type": "Polygon", "coordinates": [ [ [ 138.502778, 34.9166663 ], [ 138.627778, 34.9166663 ], [ 138.627778, 34.9999997 ], [ 138.502778, 34.9999997 ], [ 138.502778, 34.9166663 ] ] ] } },
{ "type": "Feature", "properties": { "Id": 0, "Sheet_ID": "静岡近傍 5", "label": "静岡近傍 5", "call_short": "G7960 S25 .J3", "call_num": "G7960 S25 .J3 32-5", "recid": "pv609jz8272", "websiteUrl": "https://purl.stanford.edu/pv609jz8272", "title": "二万五千分一地形圖 静岡近傍", "ckey": 10561302, "available": true, "iiifUrl": "https://purl.stanford.edu/pv609jz8272/iiif/manifest" }, "geometry": { "type": "Polygon", "coordinates": [ [ [ 138.252778, 34.9999997 ], [ 138.377778, 34.9999997 ], [ 138.377778, 35.083333 ], [ 138.252778, 35.083333 ], [ 138.252778, 34.9999997 ] ] ] } },
{ "type": "Feature", "properties": { "Id": 0, "Sheet_ID": "静岡近傍 3", "label": "静岡近傍 3", "call_short": "G7960 S25 .J3", "call_num": "G7960 S25 .J3 32-3", "recid": "qh719hx4599", "websiteUrl": "https://purl.stanford.edu/qh719hx4599", "title": "二万五千分一地形圖 静岡近傍", "ckey": 10561302, "available": true, "iiifUrl": "https://purl.stanford.edu/qh719hx4599/iiif/manifest" }, "geometry": { "type": "Polygon", "coordinates": [ [ [ 138.377778, 34.9999997 ], [ 138.502778, 34.9999997 ], [ 138.502778, 35.083333 ], [ 138.377778, 35.083333 ], [ 138.377778, 34.9999997 ] ] ] } },
{ "type": "Feature", "properties": { "Id": 0, "Sheet_ID": "静岡近傍 1", "label": "静岡近傍 1", "call_short": "G7960 S25 .J3", "call_num": "G7960 S25 .J3 32-1", "recid": "dv832cy5569", "websiteUrl": "https://purl.stanford.edu/dv832cy5569", "title": "二万五千分一地形圖 静岡近傍", "ckey": 10561302, "available": true, "iiifUrl": "https://purl.stanford.edu/dv832cy5569/iiif/manifest" }, "geometry": { "type": "Polygon", "coordinates": [ [ [ 138.502778, 34.9999997 ], [ 138.627778, 34.9999997 ], [ 138.627778, 35.083333 ], [ 138.502778, 35.083333 ], [ 138.502778, 34.9999997 ] ] ] } },
{ "type": "Feature", "properties": { "Id": 0, "Sheet_ID": "沼津近傍 10", "label": "沼津近傍 10", "call_short": "G7960 S25 .J3", "call_num": "G7960 S25 .J3 31-10", "recid": "bb664ty1706", "websiteUrl": "https://purl.stanford.edu/bb664ty1706", "title": "二万五千分一地形圖 沼津近傍", "ckey": 10561302, "available": true, "iiifUrl": "https://purl.stanford.edu/bb664ty1706/iiif/manifest" }, "geometry": { "type": "Polygon", "coordinates": [ [ [ 138.752778, 35.0 ], [ 138.877778, 35.0 ], [ 138.877778, 35.0833334 ], [ 138.752778, 35.0833334 ], [ 138.752778, 35.0 ] ] ] } },
{ "type": "Feature", "properties": { "Id": 0, "Sheet_ID": "沼津近傍 5", "label": "沼津近傍 5", "call_short": "G7960 S25 .J3", "call_num": "G7960 S25 .J3 31-5", "recid": "cy920th5699", "websiteUrl": "https://purl.stanford.edu/cy920th5699", "title": "二万五千分一地形圖 沼津近傍", "ckey": 10561302, "available": true, "iiifUrl": "https://purl.stanford.edu/cy920th5699/iiif/manifest" }, "geometry": { "type": "Polygon", "coordinates": [ [ [ 138.877778, 35.0 ], [ 139.002778, 35.0 ], [ 139.002778, 35.0833334 ], [ 138.877778, 35.0833334 ], [ 138.877778, 35.0 ] ] ] } },
{ "type": "Feature", "properties": { "Id": 0, "Sheet_ID": "沼津近傍 16", "label": "沼津近傍 16", "call_short": "0", "call_num": "0", "recid": "0", "websiteUrl": "0", "title": "0", "ckey": 0, "available": false, "iiifUrl": "0" }, "geometry": { "type": "Polygon", "coordinates": [ [ [ 138.502778, 35.0833334 ], [ 138.627778, 35.0833334 ], [ 138.627778, 35.1666668 ], [ 138.502778, 35.1666668 ], [ 138.502778, 35.0833334 ] ] ] } },
{ "type": "Feature", "properties": { "Id": 0, "Sheet_ID": "沼津近傍 13", "label": "沼津近傍 13", "call_short": "G7960 S25 .J3", "call_num": "G7960 S25 .J3 31-13", "recid": "cn574zd3683", "websiteUrl": "https://purl.stanford.edu/cn574zd3683", "title": "二万五千分一地形圖 沼津近傍", "ckey": 10561302, "available": true, "iiifUrl": "https://purl.stanford.edu/cn574zd3683/iiif/manifest" }, "geometry": { "type": "Polygon", "coordinates": [ [ [ 138.627778, 35.0833334 ], [ 138.752778, 35.0833334 ], [ 138.752778, 35.1666668 ], [ 138.627778, 35.1666668 ], [ 138.627778, 35.0833334 ] ] ] } },
{ "type": "Feature", "properties": { "Id": 0, "Sheet_ID": "沼津近傍 9", "label": "沼津近傍 9", "call_short": "G7960 S25 .J3", "call_num": "G7960 S25 .J3 31-9", "recid": "sj108yb4212", "websiteUrl": "https://purl.stanford.edu/sj108yb4212", "title": "二万五千分一地形圖 沼津近傍", "ckey": 10561302, "available": true, "iiifUrl": "https://purl.stanford.edu/sj108yb4212/iiif/manifest" }, "geometry": { "type": "Polygon", "coordinates": [ [ [ 138.752778, 35.0833334 ], [ 138.877778, 35.0833334 ], [ 138.877778, 35.1666668 ], [ 138.752778, 35.1666668 ], [ 138.752778, 35.0833334 ] ] ] } },
{ "type": "Feature", "properties": { "Id": 0, "Sheet_ID": "沼津近傍 4", "label": "沼津近傍 4", "call_short": "G7960 S25 .J3", "call_num": "G7960 S25 .J3 31-4", "recid": "vw804xy1765", "websiteUrl": "https://purl.stanford.edu/vw804xy1765", "title": "二万五千分一地形圖 沼津近傍", "ckey": 10561302, "available": true, "iiifUrl": "https://purl.stanford.edu/vw804xy1765/iiif/manifest" }, "geometry": { "type": "Polygon", "coordinates": [ [ [ 138.877778, 35.0833334 ], [ 139.002778, 35.0833334 ], [ 139.002778, 35.1666668 ], [ 138.877778, 35.1666668 ], [ 138.877778, 35.0833334 ] ] ] } },
{ "type": "Feature", "properties": { "Id": 0, "Sheet_ID": "沼津近傍 18", "label": "沼津近傍 18", "call_short": "G7960 S25 .J3", "call_num": "G7960 S25 .J3 31-18", "recid": "zc247mx4754", "websiteUrl": "https://purl.stanford.edu/zc247mx4754", "title": "二万五千分一地形圖 沼津近傍", "ckey": 10561302, "available": true, "iiifUrl": "https://purl.stanford.edu/zc247mx4754/iiif/manifest" }, "geometry": { "type": "Polygon", "coordinates": [ [ [ 138.377778, 35.1666668 ], [ 138.502778, 35.1666668 ], [ 138.502778, 35.2500002 ], [ 138.377778, 35.2500002 ], [ 138.377778, 35.1666668 ] ] ] } },
{ "type": "Feature", "properties": { "Id": 0, "Sheet_ID": "沼津近傍 15", "label": "沼津近傍 15", "call_short": "G7960 S25 .J3", "call_num": "G7960 S25 .J3 31-15", "recid": "dw013xb5682", "websiteUrl": "https://purl.stanford.edu/dw013xb5682", "title": "二万五千分一地形圖 沼津近傍", "ckey": 10561302, "available": true, "iiifUrl": "https://purl.stanford.edu/dw013xb5682/iiif/manifest" }, "geometry": { "type": "Polygon", "coordinates": [ [ [ 138.502778, 35.1666668 ], [ 138.627778, 35.1666668 ], [ 138.627778, 35.2500002 ], [ 138.502778, 35.2500002 ], [ 138.502778, 35.1666668 ] ] ] } },
{ "type": "Feature", "properties": { "Id": 0, "Sheet_ID": "沼津近傍 12", "label": "沼津近傍 12", "call_short": "G7960 S25 .J3", "call_num": "G7960 S25 .J3 31-12", "recid": "zk255bk7090", "websiteUrl": "https://purl.stanford.edu/zk255bk7090", "title": "二万五千分一地形圖 沼津近傍", "ckey": 10561302, "available": true, "iiifUrl": "https://purl.stanford.edu/zk255bk7090/iiif/manifest" }, "geometry": { "type": "Polygon", "coordinates": [ [ [ 138.627778, 35.1666668 ], [ 138.752778, 35.1666668 ], [ 138.752778, 35.2500002 ], [ 138.627778, 35.2500002 ], [ 138.627778, 35.1666668 ] ] ] } },
{ "type": "Feature", "properties": { "Id": 0, "Sheet_ID": "沼津近傍 8", "label": "沼津近傍 8", "call_short": "G7960 S25 .J3", "call_num": "G7960 S25 .J3 31-8", "recid": "rb332mp6318", "websiteUrl": "https://purl.stanford.edu/rb332mp6318", "title": "二万五千分一地形圖 沼津近傍", "ckey": 10561302, "available": true, "iiifUrl": "https://purl.stanford.edu/rb332mp6318/iiif/manifest" }, "geometry": { "type": "Polygon", "coordinates": [ [ [ 138.752778, 35.1666668 ], [ 138.877778, 35.1666668 ], [ 138.877778, 35.2500002 ], [ 138.752778, 35.2500002 ], [ 138.752778, 35.1666668 ] ] ] } },
{ "type": "Feature", "properties": { "Id": 0, "Sheet_ID": "沼津近傍 3", "label": "沼津近傍 3", "call_short": "G7960 S25 .J3", "call_num": "G7960 S25 .J3 31-3", "recid": "gp522vd4268", "websiteUrl": "https://purl.stanford.edu/gp522vd4268", "title": "二万五千分一地形圖 沼津近傍", "ckey": 10561302, "available": true, "iiifUrl": "https://purl.stanford.edu/gp522vd4268/iiif/manifest" }, "geometry": { "type": "Polygon", "coordinates": [ [ [ 138.877778, 35.1666668 ], [ 139.002778, 35.1666668 ], [ 139.002778, 35.2500002 ], [ 138.877778, 35.2500002 ], [ 138.877778, 35.1666668 ] ] ] } },
{ "type": "Feature", "properties": { "Id": 0, "Sheet_ID": "沼津近傍 17", "label": "沼津近傍 17", "call_short": "G7960 S25 .J3", "call_num": "G7960 S25 .J3 31-17", "recid": "jy347dz0913", "websiteUrl": "https://purl.stanford.edu/jy347dz0913", "title": "二万五千分一地形圖 沼津近傍", "ckey": 10561302, "available": true, "iiifUrl": "https://purl.stanford.edu/jy347dz0913/iiif/manifest" }, "geometry": { "type": "Polygon", "coordinates": [ [ [ 138.377778, 35.2500002 ], [ 138.502778, 35.2500002 ], [ 138.502778, 35.3333336 ], [ 138.377778, 35.3333336 ], [ 138.377778, 35.2500002 ] ] ] } },
{ "type": "Feature", "properties": { "Id": 0, "Sheet_ID": "沼津近傍 14", "label": "沼津近傍 14", "call_short": "G7960 S25 .J3", "call_num": "G7960 S25 .J3 31-14", "recid": "rt865cs8206", "websiteUrl": "https://purl.stanford.edu/rt865cs8206", "title": "二万五千分一地形圖 沼津近傍", "ckey": 10561302, "available": true, "iiifUrl": "https://purl.stanford.edu/rt865cs8206/iiif/manifest" }, "geometry": { "type": "Polygon", "coordinates": [ [ [ 138.502778, 35.2500002 ], [ 138.627778, 35.2500002 ], [ 138.627778, 35.3333336 ], [ 138.502778, 35.3333336 ], [ 138.502778, 35.2500002 ] ] ] } },
{ "type": "Feature", "properties": { "Id": 0, "Sheet_ID": "沼津近傍 11", "label": "沼津近傍 11", "call_short": "G7960 S25 .J3", "call_num": "G7960 S25 .J3 31-11", "recid": "ww631dk4895", "websiteUrl": "https://purl.stanford.edu/ww631dk4895", "title": "二万五千分一地形圖 沼津近傍", "ckey": 10561302, "available": true, "iiifUrl": "https://purl.stanford.edu/ww631dk4895/iiif/manifest" }, "geometry": { "type": "Polygon", "coordinates": [ [ [ 138.627778, 35.2500002 ], [ 138.752778, 35.2500002 ], [ 138.752778, 35.3333336 ], [ 138.627778, 35.3333336 ], [ 138.627778, 35.2500002 ] ] ] } },
{ "type": "Feature", "properties": { "Id": 0, "Sheet_ID": "沼津近傍 7", "label": "沼津近傍 7", "call_short": "G7960 S25 .J3", "call_num": "G7960 S25 .J3 31-7", "recid": "js815tz8175", "websiteUrl": "https://purl.stanford.edu/js815tz8175", "title": "二万五千分一地形圖 沼津近傍", "ckey": 10561302, "available": true, "iiifUrl": "https://purl.stanford.edu/js815tz8175/iiif/manifest" }, "geometry": { "type": "Polygon", "coordinates": [ [ [ 138.752778, 35.2500002 ], [ 138.877778, 35.2500002 ], [ 138.877778, 35.3333336 ], [ 138.752778, 35.3333336 ], [ 138.752778, 35.2500002 ] ] ] } },
{ "type": "Feature", "properties": { "Id": 0, "Sheet_ID": "沼津近傍 2", "label": "沼津近傍 2", "call_short": "G7960 S25 .J3", "call_num": "G7960 S25 .J3 31-2", "recid": "gw521kq2306", "websiteUrl": "https://purl.stanford.edu/gw521kq2306", "title": "二万五千分一地形圖 沼津近傍", "ckey": 10561302, "available": true, "iiifUrl": "https://purl.stanford.edu/gw521kq2306/iiif/manifest" }, "geometry": { "type": "Polygon", "coordinates": [ [ [ 138.877778, 35.2500002 ], [ 139.002778, 35.2500002 ], [ 139.002778, 35.3333336 ], [ 138.877778, 35.3333336 ], [ 138.877778, 35.2500002 ] ] ] } },
{ "type": "Feature", "properties": { "Id": 0, "Sheet_ID": "沼津近傍 6", "label": "沼津近傍 6", "call_short": "G7960 S25 .J3", "call_num": "G7960 S25 .J3 31-6", "recid": "rr449fy0910", "websiteUrl": "https://purl.stanford.edu/rr449fy0910", "title": "二万五千分一地形圖 沼津近傍", "ckey": 10561302, "available": true, "iiifUrl": "https://purl.stanford.edu/rr449fy0910/iiif/manifest" }, "geometry": { "type": "Polygon", "coordinates": [ [ [ 138.752778, 35.3333336 ], [ 138.877778, 35.3333336 ], [ 138.877778, 35.416667 ], [ 138.752778, 35.416667 ], [ 138.752778, 35.3333336 ] ] ] } },
{ "type": "Feature", "properties": { "Id": 0, "Sheet_ID": "沼津近傍 1", "label": "沼津近傍 1", "call_short": "G7960 S25 .J3", "call_num": "G7960 S25 .J3 31-1", "recid": "cy620vs2652", "websiteUrl": "https://purl.stanford.edu/cy620vs2652", "title": "二万五千分一地形圖 沼津近傍", "ckey": 10561302, "available": true, "iiifUrl": "https://purl.stanford.edu/cy620vs2652/iiif/manifest" }, "geometry": { "type": "Polygon", "coordinates": [ [ [ 138.877778, 35.3333336 ], [ 139.002778, 35.3333336 ], [ 139.002778, 35.416667 ], [ 138.877778, 35.416667 ], [ 138.877778, 35.3333336 ] ] ] } },
{ "type": "Feature", "properties": { "Id": 0, "Sheet_ID": "甲府近傍 21", "label": "甲府近傍 21", "call_short": "G7960 S25 .J3", "call_num": "G7960 S25 .J3 30-21", "recid": "tt842kg8136", "websiteUrl": "https://purl.stanford.edu/tt842kg8136", "title": "二万五千分一地形圖 甲府近傍", "ckey": 10561302, "available": true, "iiifUrl": "https://purl.stanford.edu/tt842kg8136/iiif/manifest" }, "geometry": { "type": "Polygon", "coordinates": [ [ [ 138.377778, 35.333333 ], [ 138.502778, 35.333333 ], [ 138.502778, 35.4166664 ], [ 138.377778, 35.4166664 ], [ 138.377778, 35.333333 ] ] ] } },
{ "type": "Feature", "properties": { "Id": 0, "Sheet_ID": "甲府近傍 16", "label": "甲府近傍 16", "call_short": "G7960 S25 .J3", "call_num": "G7960 S25 .J3 30-16", "recid": "hq204gq4087", "websiteUrl": "https://purl.stanford.edu/hq204gq4087", "title": "二万五千分一地形圖 甲府近傍", "ckey": 10561302, "available": true, "iiifUrl": "https://purl.stanford.edu/hq204gq4087/iiif/manifest" }, "geometry": { "type": "Polygon", "coordinates": [ [ [ 138.502778, 35.333333 ], [ 138.627778, 35.333333 ], [ 138.627778, 35.4166664 ], [ 138.502778, 35.4166664 ], [ 138.502778, 35.333333 ] ] ] } },
{ "type": "Feature", "properties": { "Id": 0, "Sheet_ID": "甲府近傍 11", "label": "甲府近傍 11", "call_short": "G7960 S25 .J3", "call_num": "G7960 S25 .J3 30-11", "recid": "st690fz3864", "websiteUrl": "https://purl.stanford.edu/st690fz3864", "title": "二万五千分一地形圖 甲府近傍", "ckey": 10561302, "available": true, "iiifUrl": "https://purl.stanford.edu/st690fz3864/iiif/manifest" }, "geometry": { "type": "Polygon", "coordinates": [ [ [ 138.627778, 35.333333 ], [ 138.752778, 35.333333 ], [ 138.752778, 35.4166664 ], [ 138.627778, 35.4166664 ], [ 138.627778, 35.333333 ] ] ] } },
{ "type": "Feature", "properties": { "Id": 0, "Sheet_ID": "甲府近傍 20", "label": "甲府近傍 20", "call_short": "G7960 S25 .J3", "call_num": "G7960 S25 .J3 30-20", "recid": "vc906xw2006", "websiteUrl": "https://purl.stanford.edu/vc906xw2006", "title": "二万五千分一地形圖 甲府近傍", "ckey": 10561302, "available": true, "iiifUrl": "https://purl.stanford.edu/vc906xw2006/iiif/manifest" }, "geometry": { "type": "Polygon", "coordinates": [ [ [ 138.377778, 35.4166664 ], [ 138.502778, 35.4166664 ], [ 138.502778, 35.4999998 ], [ 138.377778, 35.4999998 ], [ 138.377778, 35.4166664 ] ] ] } },
{ "type": "Feature", "properties": { "Id": 0, "Sheet_ID": "甲府近傍 15", "label": "甲府近傍 15", "call_short": "G7960 S25 .J3", "call_num": "G7960 S25 .J3 30-15", "recid": "yv721mv2588", "websiteUrl": "https://purl.stanford.edu/yv721mv2588", "title": "二万五千分一地形圖 甲府近傍", "ckey": 10561302, "available": true, "iiifUrl": "https://purl.stanford.edu/yv721mv2588/iiif/manifest" }, "geometry": { "type": "Polygon", "coordinates": [ [ [ 138.502778, 35.4166664 ], [ 138.627778, 35.4166664 ], [ 138.627778, 35.4999998 ], [ 138.502778, 35.4999998 ], [ 138.502778, 35.4166664 ] ] ] } },
{ "type": "Feature", "properties": { "Id": 0, "Sheet_ID": "甲府近傍 10", "label": "甲府近傍 10", "call_short": "G7960 S25 .J3", "call_num": "G7960 S25 .J3 30-10", "recid": "vz387qq2913", "websiteUrl": "https://purl.stanford.edu/vz387qq2913", "title": "二万五千分一地形圖 甲府近傍", "ckey": 10561302, "available": true, "iiifUrl": "https://purl.stanford.edu/vz387qq2913/iiif/manifest" }, "geometry": { "type": "Polygon", "coordinates": [ [ [ 138.627778, 35.4166664 ], [ 138.752778, 35.4166664 ], [ 138.752778, 35.4999998 ], [ 138.627778, 35.4999998 ], [ 138.627778, 35.4166664 ] ] ] } },
{ "type": "Feature", "properties": { "Id": 0, "Sheet_ID": "甲府近傍 6", "label": "甲府近傍 6", "call_short": "G7960 S25 .J3", "call_num": "G7960 S25 .J3 30-6", "recid": "qm404kc7396", "websiteUrl": "https://purl.stanford.edu/qm404kc7396", "title": "二万五千分一地形圖 甲府近傍", "ckey": 10561302, "available": true, "iiifUrl": "https://purl.stanford.edu/qm404kc7396/iiif/manifest" }, "geometry": { "type": "Polygon", "coordinates": [ [ [ 138.752778, 35.4166664 ], [ 138.877778, 35.4166664 ], [ 138.877778, 35.4999998 ], [ 138.752778, 35.4999998 ], [ 138.752778, 35.4166664 ] ] ] } },
{ "type": "Feature", "properties": { "Id": 0, "Sheet_ID": "甲府近傍 3", "label": "甲府近傍 3", "call_short": "G7960 S25 .J3", "call_num": "G7960 S25 .J3 30-3", "recid": "rb150rm9447", "websiteUrl": "https://purl.stanford.edu/rb150rm9447", "title": "二万五千分一地形圖 甲府近傍", "ckey": 10561302, "available": true, "iiifUrl": "https://purl.stanford.edu/rb150rm9447/iiif/manifest" }, "geometry": { "type": "Polygon", "coordinates": [ [ [ 138.877778, 35.4166664 ], [ 139.002778, 35.4166664 ], [ 139.002778, 35.4999998 ], [ 138.877778, 35.4999998 ], [ 138.877778, 35.4166664 ] ] ] } },
{ "type": "Feature", "properties": { "Id": 0, "Sheet_ID": "甲府近傍 19", "label": "甲府近傍 19", "call_short": "G7960 S25 .J3", "call_num": "G7960 S25 .J3 30-19", "recid": "yx566bh5211", "websiteUrl": "https://purl.stanford.edu/yx566bh5211", "title": "二万五千分一地形圖 甲府近傍", "ckey": 10561302, "available": true, "iiifUrl": "https://purl.stanford.edu/yx566bh5211/iiif/manifest" }, "geometry": { "type": "Polygon", "coordinates": [ [ [ 138.377778, 35.4999998 ], [ 138.502778, 35.4999998 ], [ 138.502778, 35.5833332 ], [ 138.377778, 35.5833332 ], [ 138.377778, 35.4999998 ] ] ] } },
{ "type": "Feature", "properties": { "Id": 0, "Sheet_ID": "甲府近傍 14", "label": "甲府近傍 14", "call_short": "G7960 S25 .J3", "call_num": "G7960 S25 .J3 30-14", "recid": "ky064vw0238", "websiteUrl": "https://purl.stanford.edu/ky064vw0238", "title": "二万五千分一地形圖 甲府近傍", "ckey": 10561302, "available": true, "iiifUrl": "https://purl.stanford.edu/ky064vw0238/iiif/manifest" }, "geometry": { "type": "Polygon", "coordinates": [ [ [ 138.502778, 35.4999998 ], [ 138.627778, 35.4999998 ], [ 138.627778, 35.5833332 ], [ 138.502778, 35.5833332 ], [ 138.502778, 35.4999998 ] ] ] } },
{ "type": "Feature", "properties": { "Id": 0, "Sheet_ID": "甲府近傍 9", "label": "甲府近傍 9", "call_short": "G7960 S25 .J3", "call_num": "G7960 S25 .J3 30-9", "recid": "tz457ty4665", "websiteUrl": "https://purl.stanford.edu/tz457ty4665", "title": "二万五千分一地形圖 甲府近傍", "ckey": 10561302, "available": true, "iiifUrl": "https://purl.stanford.edu/tz457ty4665/iiif/manifest" }, "geometry": { "type": "Polygon", "coordinates": [ [ [ 138.627778, 35.4999998 ], [ 138.752778, 35.4999998 ], [ 138.752778, 35.5833332 ], [ 138.627778, 35.5833332 ], [ 138.627778, 35.4999998 ] ] ] } },
{ "type": "Feature", "properties": { "Id": 0, "Sheet_ID": "甲府近傍 5", "label": "甲府近傍 5", "call_short": "G7960 S25 .J3", "call_num": "G7960 S25 .J3 30-5", "recid": "dn546gx7912", "websiteUrl": "https://purl.stanford.edu/dn546gx7912", "title": "二万五千分一地形圖 甲府近傍", "ckey": 10561302, "available": true, "iiifUrl": "https://purl.stanford.edu/dn546gx7912/iiif/manifest" }, "geometry": { "type": "Polygon", "coordinates": [ [ [ 138.752778, 35.4999998 ], [ 138.877778, 35.4999998 ], [ 138.877778, 35.5833332 ], [ 138.752778, 35.5833332 ], [ 138.752778, 35.4999998 ] ] ] } },
{ "type": "Feature", "properties": { "Id": 0, "Sheet_ID": "甲府近傍 2", "label": "甲府近傍 2", "call_short": "G7960 S25 .J3", "call_num": "G7960 S25 .J3 30-2", "recid": "dg391vs9696", "websiteUrl": "https://purl.stanford.edu/dg391vs9696", "title": "二万五千分一地形圖 甲府近傍", "ckey": 10561302, "available": true, "iiifUrl": "https://purl.stanford.edu/dg391vs9696/iiif/manifest" }, "geometry": { "type": "Polygon", "coordinates": [ [ [ 138.877778, 35.4999998 ], [ 139.002778, 35.4999998 ], [ 139.002778, 35.5833332 ], [ 138.877778, 35.5833332 ], [ 138.877778, 35.4999998 ] ] ] } },
{ "type": "Feature", "properties": { "Id": 0, "Sheet_ID": "甲府近傍 18", "label": "甲府近傍 18", "call_short": "G7960 S25 .J3", "call_num": "G7960 S25 .J3 30-18", "recid": "xd061fn1073", "websiteUrl": "https://purl.stanford.edu/xd061fn1073", "title": "二万五千分一地形圖 甲府近傍", "ckey": 10561302, "available": true, "iiifUrl": "https://purl.stanford.edu/xd061fn1073/iiif/manifest" }, "geometry": { "type": "Polygon", "coordinates": [ [ [ 138.377778, 35.5833332 ], [ 138.502778, 35.5833332 ], [ 138.502778, 35.6666666 ], [ 138.377778, 35.6666666 ], [ 138.377778, 35.5833332 ] ] ] } },
{ "type": "Feature", "properties": { "Id": 0, "Sheet_ID": "甲府近傍 13", "label": "甲府近傍 13", "call_short": "G7960 S25 .J3", "call_num": "G7960 S25 .J3 30-13", "recid": "bh843gd0746", "websiteUrl": "https://purl.stanford.edu/bh843gd0746", "title": "二万五千分一地形圖 甲府近傍", "ckey": 10561302, "available": true, "iiifUrl": "https://purl.stanford.edu/bh843gd0746/iiif/manifest" }, "geometry": { "type": "Polygon", "coordinates": [ [ [ 138.502778, 35.5833332 ], [ 138.627778, 35.5833332 ], [ 138.627778, 35.6666666 ], [ 138.502778, 35.6666666 ], [ 138.502778, 35.5833332 ] ] ] } },
{ "type": "Feature", "properties": { "Id": 0, "Sheet_ID": "甲府近傍 8", "label": "甲府近傍 8", "call_short": "G7960 S25 .J3", "call_num": "G7960 S25 .J3 30-8", "recid": "cd019kc6491", "websiteUrl": "https://purl.stanford.edu/cd019kc6491", "title": "二万五千分一地形圖 甲府近傍", "ckey": 10561302, "available": true, "iiifUrl": "https://purl.stanford.edu/cd019kc6491/iiif/manifest" }, "geometry": { "type": "Polygon", "coordinates": [ [ [ 138.627778, 35.5833332 ], [ 138.752778, 35.5833332 ], [ 138.752778, 35.6666666 ], [ 138.627778, 35.6666666 ], [ 138.627778, 35.5833332 ] ] ] } },
{ "type": "Feature", "properties": { "Id": 0, "Sheet_ID": "甲府近傍 4", "label": "甲府近傍 4", "call_short": "G7960 S25 .J3", "call_num": "G7960 S25 .J3 30-4", "recid": "db653fr6871", "websiteUrl": "https://purl.stanford.edu/db653fr6871", "title": "二万五千分一地形圖 甲府近傍", "ckey": 10561302, "available": true, "iiifUrl": "https://purl.stanford.edu/db653fr6871/iiif/manifest" }, "geometry": { "type": "Polygon", "coordinates": [ [ [ 138.752778, 35.5833332 ], [ 138.877778, 35.5833332 ], [ 138.877778, 35.6666666 ], [ 138.752778, 35.6666666 ], [ 138.752778, 35.5833332 ] ] ] } },
{ "type": "Feature", "properties": { "Id": 0, "Sheet_ID": "甲府近傍 1", "label": "甲府近傍 1", "call_short": "G7960 S25 .J3", "call_num": "G7960 S25 .J3 30-1", "recid": "gw708mg1134", "websiteUrl": "https://purl.stanford.edu/gw708mg1134", "title": "二万五千分一地形圖 甲府近傍", "ckey": 10561302, "available": true, "iiifUrl": "https://purl.stanford.edu/gw708mg1134/iiif/manifest" }, "geometry": { "type": "Polygon", "coordinates": [ [ [ 138.877778, 35.5833332 ], [ 139.002778, 35.5833332 ], [ 139.002778, 35.6666666 ], [ 138.877778, 35.6666666 ], [ 138.877778, 35.5833332 ] ] ] } },
{ "type": "Feature", "properties": { "Id": 0, "Sheet_ID": "甲府近傍 17", "label": "甲府近傍 17", "call_short": "G7960 S25 .J3", "call_num": "G7960 S25 .J3 30-17", "recid": "sp052cb6491", "websiteUrl": "https://purl.stanford.edu/sp052cb6491", "title": "二万五千分一地形圖 甲府近傍", "ckey": 10561302, "available": true, "iiifUrl": "https://purl.stanford.edu/sp052cb6491/iiif/manifest" }, "geometry": { "type": "Polygon", "coordinates": [ [ [ 138.377778, 35.6666666 ], [ 138.502778, 35.6666666 ], [ 138.502778, 35.75 ], [ 138.377778, 35.75 ], [ 138.377778, 35.6666666 ] ] ] } },
{ "type": "Feature", "properties": { "Id": 0, "Sheet_ID": "甲府近傍 12", "label": "甲府近傍 12", "call_short": "G7960 S25 .J3", "call_num": "G7960 S25 .J3 30-12", "recid": "jh918wg0249", "websiteUrl": "https://purl.stanford.edu/jh918wg0249", "title": "二万五千分一地形圖 甲府近傍", "ckey": 10561302, "available": true, "iiifUrl": "https://purl.stanford.edu/jh918wg0249/iiif/manifest" }, "geometry": { "type": "Polygon", "coordinates": [ [ [ 138.502778, 35.6666666 ], [ 138.627778, 35.6666666 ], [ 138.627778, 35.75 ], [ 138.502778, 35.75 ], [ 138.502778, 35.6666666 ] ] ] } },
{ "type": "Feature", "properties": { "Id": 0, "Sheet_ID": "甲府近傍 7", "label": "甲府近傍 7", "call_short": "G7960 S25 .J3", "call_num": "G7960 S25 .J3 30-7", "recid": "sb586kp3251", "websiteUrl": "https://purl.stanford.edu/sb586kp3251", "title": "二万五千分一地形圖 甲府近傍", "ckey": 10561302, "available": true, "iiifUrl": "https://purl.stanford.edu/sb586kp3251/iiif/manifest" }, "geometry": { "type": "Polygon", "coordinates": [ [ [ 138.627778, 35.6666666 ], [ 138.752778, 35.6666666 ], [ 138.752778, 35.75 ], [ 138.627778, 35.75 ], [ 138.627778, 35.6666666 ] ] ] } },
{ "type": "Feature", "properties": { "Id": 0, "Sheet_ID": "松本近傍 10", "label": "松本近傍 10", "call_short": "0", "call_num": "0", "recid": "0", "websiteUrl": "0", "title": "0", "ckey": 0, "available": false, "iiifUrl": "0" }, "geometry": { "type": "Polygon", "coordinates": [ [ [ 137.877778, 36.0 ], [ 138.002778, 36.0 ], [ 138.002778, 36.0833333 ], [ 137.877778, 36.0833333 ], [ 137.877778, 36.0 ] ] ] } },
{ "type": "Feature", "properties": { "Id": 0, "Sheet_ID": "松本近傍 4", "label": "松本近傍 4", "call_short": "0", "call_num": "0", "recid": "0", "websiteUrl": "0", "title": "0", "ckey": 0, "available": false, "iiifUrl": "0" }, "geometry": { "type": "Polygon", "coordinates": [ [ [ 138.002778, 36.0 ], [ 138.127778, 36.0 ], [ 138.127778, 36.0833333 ], [ 138.002778, 36.0833333 ], [ 138.002778, 36.0 ] ] ] } },
{ "type": "Feature", "properties": { "Id": 0, "Sheet_ID": "松本近傍 15", "label": "松本近傍 15", "call_short": "G7960 S25 .J3", "call_num": "G7960 S25 .J3 29-15", "recid": "gd378jd9521", "websiteUrl": "https://purl.stanford.edu/gd378jd9521", "title": "二万五千分一地形圖 松本近傍", "ckey": 10561302, "available": true, "iiifUrl": "https://purl.stanford.edu/gd378jd9521/iiif/manifest" }, "geometry": { "type": "Polygon", "coordinates": [ [ [ 137.752778, 36.0833333 ], [ 137.877778, 36.0833333 ], [ 137.877778, 36.1666667 ], [ 137.752778, 36.1666667 ], [ 137.752778, 36.0833333 ] ] ] } },
{ "type": "Feature", "properties": { "Id": 0, "Sheet_ID": "松本近傍 9", "label": "松本近傍 9", "call_short": "0", "call_num": "0", "recid": "0", "websiteUrl": "0", "title": "0", "ckey": 0, "available": false, "iiifUrl": "0" }, "geometry": { "type": "Polygon", "coordinates": [ [ [ 137.877778, 36.0833333 ], [ 138.002778, 36.0833333 ], [ 138.002778, 36.1666667 ], [ 137.877778, 36.1666667 ], [ 137.877778, 36.0833333 ] ] ] } },
{ "type": "Feature", "properties": { "Id": 0, "Sheet_ID": "松本近傍 3", "label": "松本近傍 3", "call_short": "G7960 S25 .J3", "call_num": "G7960 S25 .J3 29-3", "recid": "pk264rk2365", "websiteUrl": "https://purl.stanford.edu/pk264rk2365", "title": "二万五千分一地形圖 松本近傍", "ckey": 10561302, "available": true, "iiifUrl": "https://purl.stanford.edu/pk264rk2365/iiif/manifest" }, "geometry": { "type": "Polygon", "coordinates": [ [ [ 138.002778, 36.0833333 ], [ 138.127778, 36.0833333 ], [ 138.127778, 36.1666667 ], [ 138.002778, 36.1666667 ], [ 138.002778, 36.0833333 ] ] ] } },
{ "type": "Feature", "properties": { "Id": 0, "Sheet_ID": "松本近傍 14", "label": "松本近傍 14", "call_short": "G7960 S25 .J3", "call_num": "G7960 S25 .J3 29-14", "recid": "gx207gz3956", "websiteUrl": "https://purl.stanford.edu/gx207gz3956", "title": "二万五千分一地形圖 松本近傍", "ckey": 10561302, "available": true, "iiifUrl": "https://purl.stanford.edu/gx207gz3956/iiif/manifest" }, "geometry": { "type": "Polygon", "coordinates": [ [ [ 137.752778, 36.1666667 ], [ 137.877778, 36.1666667 ], [ 137.877778, 36.25 ], [ 137.752778, 36.25 ], [ 137.752778, 36.1666667 ] ] ] } },
{ "type": "Feature", "properties": { "Id": 0, "Sheet_ID": "松本近傍 8", "label": "松本近傍 8", "call_short": "G7960 S25 .J3", "call_num": "G7960 S25 .J3 29-8", "recid": "pc509rf6574", "websiteUrl": "https://purl.stanford.edu/pc509rf6574", "title": "二万五千分一地形圖 松本近傍", "ckey": 10561302, "available": true, "iiifUrl": "https://purl.stanford.edu/pc509rf6574/iiif/manifest" }, "geometry": { "type": "Polygon", "coordinates": [ [ [ 137.877778, 36.1666667 ], [ 138.002778, 36.1666667 ], [ 138.002778, 36.25 ], [ 137.877778, 36.25 ], [ 137.877778, 36.1666667 ] ] ] } },
{ "type": "Feature", "properties": { "Id": 0, "Sheet_ID": "松本近傍 2", "label": "松本近傍 2", "call_short": "G7960 S25 .J3", "call_num": "G7960 S25 .J3 29-2", "recid": "dn510jg8199", "websiteUrl": "https://purl.stanford.edu/dn510jg8199", "title": "二万五千分一地形圖 松本近傍", "ckey": 10561302, "available": true, "iiifUrl": "https://purl.stanford.edu/dn510jg8199/iiif/manifest" }, "geometry": { "type": "Polygon", "coordinates": [ [ [ 138.002778, 36.1666667 ], [ 138.127778, 36.1666667 ], [ 138.127778, 36.25 ], [ 138.002778, 36.25 ], [ 138.002778, 36.1666667 ] ] ] } },
{ "type": "Feature", "properties": { "Id": 0, "Sheet_ID": "松本近傍 13", "label": "松本近傍 13", "call_short": "0", "call_num": "0", "recid": "0", "websiteUrl": "0", "title": "0", "ckey": 0, "available": false, "iiifUrl": "0" }, "geometry": { "type": "Polygon", "coordinates": [ [ [ 137.752778, 36.25 ], [ 137.877778, 36.25 ], [ 137.877778, 36.3333333 ], [ 137.752778, 36.3333333 ], [ 137.752778, 36.25 ] ] ] } },
{ "type": "Feature", "properties": { "Id": 0, "Sheet_ID": "松本近傍 7", "label": "松本近傍 7", "call_short": "0", "call_num": "0", "recid": "0", "websiteUrl": "0", "title": "0", "ckey": 0, "available": false, "iiifUrl": "0" }, "geometry": { "type": "Polygon", "coordinates": [ [ [ 137.877778, 36.25 ], [ 138.002778, 36.25 ], [ 138.002778, 36.3333333 ], [ 137.877778, 36.3333333 ], [ 137.877778, 36.25 ] ] ] } },
{ "type": "Feature", "properties": { "Id": 0, "Sheet_ID": "松本近傍 1", "label": "松本近傍 1", "call_short": "G7960 S25 .J3", "call_num": "G7960 S25 .J3 29-1", "recid": "hf054ms6836", "websiteUrl": "https://purl.stanford.edu/hf054ms6836", "title": "二万五千分一地形圖 松本近傍", "ckey": 10561302, "available": true, "iiifUrl": "https://purl.stanford.edu/hf054ms6836/iiif/manifest" }, "geometry": { "type": "Polygon", "coordinates": [ [ [ 138.002778, 36.25 ], [ 138.127778, 36.25 ], [ 138.127778, 36.3333333 ], [ 138.002778, 36.3333333 ], [ 138.002778, 36.25 ] ] ] } },
{ "type": "Feature", "properties": { "Id": 0, "Sheet_ID": "松本近傍 12", "label": "松本近傍 12", "call_short": "G7960 S25 .J3", "call_num": "G7960 S25 .J3 29-12", "recid": "sz921xj8246", "websiteUrl": "https://purl.stanford.edu/sz921xj8246", "title": "二万五千分一地形圖 松本近傍", "ckey": 10561302, "available": true, "iiifUrl": "https://purl.stanford.edu/sz921xj8246/iiif/manifest" }, "geometry": { "type": "Polygon", "coordinates": [ [ [ 137.752778, 36.3333333 ], [ 137.877778, 36.3333333 ], [ 137.877778, 36.4166667 ], [ 137.752778, 36.4166667 ], [ 137.752778, 36.3333333 ] ] ] } },
{ "type": "Feature", "properties": { "Id": 0, "Sheet_ID": "松本近傍 6", "label": "松本近傍 6", "call_short": "G7960 S25 .J3", "call_num": "G7960 S25 .J3 29-6", "recid": "zj115kx0805", "websiteUrl": "https://purl.stanford.edu/zj115kx0805", "title": "二万五千分一地形圖 松本近傍", "ckey": 10561302, "available": true, "iiifUrl": "https://purl.stanford.edu/zj115kx0805/iiif/manifest" }, "geometry": { "type": "Polygon", "coordinates": [ [ [ 137.877778, 36.3333333 ], [ 138.002778, 36.3333333 ], [ 138.002778, 36.4166667 ], [ 137.877778, 36.4166667 ], [ 137.877778, 36.3333333 ] ] ] } },
{ "type": "Feature", "properties": { "Id": 0, "Sheet_ID": "松本近傍 11", "label": "松本近傍 11", "call_short": "G7960 S25 .J3", "call_num": "G7960 S25 .J3 29-11", "recid": "ts713kg3601", "websiteUrl": "https://purl.stanford.edu/ts713kg3601", "title": "二万五千分一地形圖 松本近傍", "ckey": 10561302, "available": true, "iiifUrl": "https://purl.stanford.edu/ts713kg3601/iiif/manifest" }, "geometry": { "type": "Polygon", "coordinates": [ [ [ 137.752778, 36.4166667 ], [ 137.877778, 36.4166667 ], [ 137.877778, 36.5 ], [ 137.752778, 36.5 ], [ 137.752778, 36.4166667 ] ] ] } },
{ "type": "Feature", "properties": { "Id": 0, "Sheet_ID": "松本近傍 5", "label": "松本近傍 5", "call_short": "G7960 S25 .J3", "call_num": "G7960 S25 .J3 29-5", "recid": "sn439fj8541", "websiteUrl": "https://purl.stanford.edu/sn439fj8541", "title": "二万五千分一地形圖 松本近傍", "ckey": 10561302, "available": true, "iiifUrl": "https://purl.stanford.edu/sn439fj8541/iiif/manifest" }, "geometry": { "type": "Polygon", "coordinates": [ [ [ 137.877778, 36.4166667 ], [ 138.002778, 36.4166667 ], [ 138.002778, 36.5 ], [ 137.877778, 36.5 ], [ 137.877778, 36.4166667 ] ] ] } },
{ "type": "Feature", "properties": { "Id": 0, "Sheet_ID": "敦賀近傍 11", "label": "敦賀近傍 11", "call_short": "G7960 S25 .J3", "call_num": "G7960 S25 .J3 28-11", "recid": "yz890kf0100", "websiteUrl": "https://purl.stanford.edu/yz890kf0100", "title": "二万五千分一地形圖 敦賀近傍", "ckey": 10561302, "available": true, "iiifUrl": "https://purl.stanford.edu/yz890kf0100/iiif/manifest" }, "geometry": { "type": "Polygon", "coordinates": [ [ [ 135.877778, 35.5 ], [ 136.002778, 35.5 ], [ 136.002778, 35.5833333 ], [ 135.877778, 35.5833333 ], [ 135.877778, 35.5 ] ] ] } },
{ "type": "Feature", "properties": { "Id": 0, "Sheet_ID": "敦賀近傍 8", "label": "敦賀近傍 8", "call_short": "0", "call_num": "0", "recid": "0", "websiteUrl": "0", "title": "0", "ckey": 0, "available": false, "iiifUrl": "0" }, "geometry": { "type": "Polygon", "coordinates": [ [ [ 136.002778, 35.5 ], [ 136.127778, 35.5 ], [ 136.127778, 35.5833333 ], [ 136.002778, 35.5833333 ], [ 136.002778, 35.5 ] ] ] } },
{ "type": "Feature", "properties": { "Id": 0, "Sheet_ID": "敦賀近傍 4", "label": "敦賀近傍 4", "call_short": "0", "call_num": "0", "recid": "0", "websiteUrl": "0", "title": "0", "ckey": 0, "available": false, "iiifUrl": "0" }, "geometry": { "type": "Polygon", "coordinates": [ [ [ 136.127778, 35.5 ], [ 136.252778, 35.5 ], [ 136.252778, 35.5833333 ], [ 136.127778, 35.5833333 ], [ 136.127778, 35.5 ] ] ] } },
{ "type": "Feature", "properties": { "Id": 0, "Sheet_ID": "敦賀近傍 10", "label": "敦賀近傍 10", "call_short": "G7960 S25 .J3", "call_num": "G7960 S25 .J3 28-10", "recid": "mj024dt2104", "websiteUrl": "https://purl.stanford.edu/mj024dt2104", "title": "二万五千分一地形圖 敦賀近傍", "ckey": 10561302, "available": true, "iiifUrl": "https://purl.stanford.edu/mj024dt2104/iiif/manifest" }, "geometry": { "type": "Polygon", "coordinates": [ [ [ 135.877778, 35.5833333 ], [ 136.002778, 35.5833333 ], [ 136.002778, 35.6666665 ], [ 135.877778, 35.6666665 ], [ 135.877778, 35.5833333 ] ] ] } },
{ "type": "Feature", "properties": { "Id": 0, "Sheet_ID": "敦賀近傍 7", "label": "敦賀近傍 7", "call_short": "G7960 S25 .J3", "call_num": "G7960 S25 .J3 28-7", "recid": "gs996mz1222", "websiteUrl": "https://purl.stanford.edu/gs996mz1222", "title": "二万五千分一地形圖 敦賀近傍", "ckey": 10561302, "available": true, "iiifUrl": "https://purl.stanford.edu/gs996mz1222/iiif/manifest" }, "geometry": { "type": "Polygon", "coordinates": [ [ [ 136.002778, 35.5833333 ], [ 136.127778, 35.5833333 ], [ 136.127778, 35.6666665 ], [ 136.002778, 35.6666665 ], [ 136.002778, 35.5833333 ] ] ] } },
{ "type": "Feature", "properties": { "Id": 0, "Sheet_ID": "敦賀近傍 3", "label": "敦賀近傍 3", "call_short": "G7960 S25 .J3", "call_num": "G7960 S25 .J3 28-3", "recid": "ck174tp5766", "websiteUrl": "https://purl.stanford.edu/ck174tp5766", "title": "二万五千分一地形圖 敦賀近傍", "ckey": 10561302, "available": true, "iiifUrl": "https://purl.stanford.edu/ck174tp5766/iiif/manifest" }, "geometry": { "type": "Polygon", "coordinates": [ [ [ 136.127778, 35.5833333 ], [ 136.252778, 35.5833333 ], [ 136.252778, 35.6666665 ], [ 136.127778, 35.6666665 ], [ 136.127778, 35.5833333 ] ] ] } },
{ "type": "Feature", "properties": { "Id": 0, "Sheet_ID": "敦賀近傍 9", "label": "敦賀近傍 9", "call_short": "G7960 S25 .J3", "call_num": "G7960 S25 .J3 28-9", "recid": "sj413nc3797", "websiteUrl": "https://purl.stanford.edu/sj413nc3797", "title": "二万五千分一地形圖 敦賀近傍", "ckey": 10561302, "available": true, "iiifUrl": "https://purl.stanford.edu/sj413nc3797/iiif/manifest" }, "geometry": { "type": "Polygon", "coordinates": [ [ [ 135.877778, 35.6666665 ], [ 136.002778, 35.6666665 ], [ 136.002778, 35.7499998 ], [ 135.877778, 35.7499998 ], [ 135.877778, 35.6666665 ] ] ] } },
{ "type": "Feature", "properties": { "Id": 0, "Sheet_ID": "敦賀近傍 6", "label": "敦賀近傍 6", "call_short": "G7960 S25 .J3", "call_num": "G7960 S25 .J3 28-6", "recid": "gj828kc1842", "websiteUrl": "https://purl.stanford.edu/gj828kc1842", "title": "二万五千分一地形圖 敦賀近傍", "ckey": 10561302, "available": true, "iiifUrl": "https://purl.stanford.edu/gj828kc1842/iiif/manifest" }, "geometry": { "type": "Polygon", "coordinates": [ [ [ 136.002778, 35.6666665 ], [ 136.127778, 35.6666665 ], [ 136.127778, 35.7499998 ], [ 136.002778, 35.7499998 ], [ 136.002778, 35.6666665 ] ] ] } },
{ "type": "Feature", "properties": { "Id": 0, "Sheet_ID": "敦賀近傍 2", "label": "敦賀近傍 2", "call_short": "G7960 S25 .J3", "call_num": "G7960 S25 .J3 28-2", "recid": "tt669ff9472", "websiteUrl": "https://purl.stanford.edu/tt669ff9472", "title": "二万五千分一地形圖 敦賀近傍", "ckey": 10561302, "available": true, "iiifUrl": "https://purl.stanford.edu/tt669ff9472/iiif/manifest" }, "geometry": { "type": "Polygon", "coordinates": [ [ [ 136.127778, 35.6666665 ], [ 136.252778, 35.6666665 ], [ 136.252778, 35.7499998 ], [ 136.127778, 35.7499998 ], [ 136.127778, 35.6666665 ] ] ] } },
{ "type": "Feature", "properties": { "Id": 0, "Sheet_ID": "敦賀近傍 5", "label": "敦賀近傍 5", "call_short": "G7960 S25 .J3", "call_num": "G7960 S25 .J3 28-5", "recid": "wz872sx3701", "websiteUrl": "https://purl.stanford.edu/wz872sx3701", "title": "二万五千分一地形圖 敦賀近傍", "ckey": 10561302, "available": true, "iiifUrl": "https://purl.stanford.edu/wz872sx3701/iiif/manifest" }, "geometry": { "type": "Polygon", "coordinates": [ [ [ 136.002778, 35.7499998 ], [ 136.127778, 35.7499998 ], [ 136.127778, 35.833333 ], [ 136.002778, 35.833333 ], [ 136.002778, 35.7499998 ] ] ] } },
{ "type": "Feature", "properties": { "Id": 0, "Sheet_ID": "敦賀近傍 1", "label": "敦賀近傍 1", "call_short": "0", "call_num": "0", "recid": "0", "websiteUrl": "0", "title": "0", "ckey": 0, "available": false, "iiifUrl": "0" }, "geometry": { "type": "Polygon", "coordinates": [ [ [ 136.127778, 35.7499998 ], [ 136.252778, 35.7499998 ], [ 136.252778, 35.833333 ], [ 136.127778, 35.833333 ], [ 136.127778, 35.7499998 ] ] ] } },
{ "type": "Feature", "properties": { "Id": 0, "Sheet_ID": "福井及鯖江近傍 8", "label": "福井及鯖江近傍 8", "call_short": "0", "call_num": "0", "recid": "0", "websiteUrl": "0", "title": "0", "ckey": 0, "available": false, "iiifUrl": "0" }, "geometry": { "type": "Polygon", "coordinates": [ [ [ 136.127778, 35.833333 ], [ 136.252778, 35.833333 ], [ 136.252778, 35.9166665 ], [ 136.127778, 35.9166665 ], [ 136.127778, 35.833333 ] ] ] } },
{ "type": "Feature", "properties": { "Id": 0, "Sheet_ID": "福井及鯖江近傍 4", "label": "福井及鯖江近傍 4", "call_short": "G7960 S25 .J3", "call_num": "G7960 S25 .J3 27-4", "recid": "mm530fg8438", "websiteUrl": "https://purl.stanford.edu/mm530fg8438", "title": "二万五千分一地形圖 福井及鯖江近傍", "ckey": 10561302, "available": true, "iiifUrl": "https://purl.stanford.edu/mm530fg8438/iiif/manifest" }, "geometry": { "type": "Polygon", "coordinates": [ [ [ 136.252778, 35.833333 ], [ 136.377778, 35.833333 ], [ 136.377778, 35.9166665 ], [ 136.252778, 35.9166665 ], [ 136.252778, 35.833333 ] ] ] } },
{ "type": "Feature", "properties": { "Id": 0, "Sheet_ID": "福井及鯖江近傍 7", "label": "福井及鯖江近傍 7", "call_short": "0", "call_num": "0", "recid": "0", "websiteUrl": "0", "title": "0", "ckey": 0, "available": false, "iiifUrl": "0" }, "geometry": { "type": "Polygon", "coordinates": [ [ [ 136.127778, 35.9166665 ], [ 136.252778, 35.9166665 ], [ 136.252778, 36.0 ], [ 136.127778, 36.0 ], [ 136.127778, 35.9166665 ] ] ] } },
{ "type": "Feature", "properties": { "Id": 0, "Sheet_ID": "福井及鯖江近傍 3", "label": "福井及鯖江近傍 3", "call_short": "0", "call_num": "0", "recid": "0", "websiteUrl": "0", "title": "0", "ckey": 0, "available": false, "iiifUrl": "0" }, "geometry": { "type": "Polygon", "coordinates": [ [ [ 136.252778, 35.9166665 ], [ 136.377778, 35.9166665 ], [ 136.377778, 36.0 ], [ 136.252778, 36.0 ], [ 136.252778, 35.9166665 ] ] ] } },
{ "type": "Feature", "properties": { "Id": 0, "Sheet_ID": "福井及鯖江近傍 6", "label": "福井及鯖江近傍 6", "call_short": "G7960 S25 .J3", "call_num": "G7960 S25 .J3 27-6", "recid": "jb320qp7156", "websiteUrl": "https://purl.stanford.edu/jb320qp7156", "title": "二万五千分一地形圖 福井及鯖江近傍", "ckey": 10561302, "available": true, "iiifUrl": "https://purl.stanford.edu/jb320qp7156/iiif/manifest" }, "geometry": { "type": "Polygon", "coordinates": [ [ [ 136.127778, 36.0 ], [ 136.252778, 36.0 ], [ 136.252778, 36.0833335 ], [ 136.127778, 36.0833335 ], [ 136.127778, 36.0 ] ] ] } },
{ "type": "Feature", "properties": { "Id": 0, "Sheet_ID": "福井及鯖江近傍 2", "label": "福井及鯖江近傍 2", "call_short": "0", "call_num": "0", "recid": "0", "websiteUrl": "0", "title": "0", "ckey": 0, "available": false, "iiifUrl": "0" }, "geometry": { "type": "Polygon", "coordinates": [ [ [ 136.252778, 36.0 ], [ 136.377778, 36.0 ], [ 136.377778, 36.0833335 ], [ 136.252778, 36.0833335 ], [ 136.252778, 36.0 ] ] ] } },
{ "type": "Feature", "properties": { "Id": 0, "Sheet_ID": "福井及鯖江近傍 5", "label": "福井及鯖江近傍 5", "call_short": "0", "call_num": "0", "recid": "0", "websiteUrl": "0", "title": "0", "ckey": 0, "available": false, "iiifUrl": "0" }, "geometry": { "type": "Polygon", "coordinates": [ [ [ 136.127778, 36.0833335 ], [ 136.252778, 36.0833335 ], [ 136.252778, 36.166667 ], [ 136.127778, 36.166667 ], [ 136.127778, 36.0833335 ] ] ] } },
{ "type": "Feature", "properties": { "Id": 0, "Sheet_ID": "福井及鯖江近傍 1", "label": "福井及鯖江近傍 1", "call_short": "G7960 S25 .J3", "call_num": "G7960 S25 .J3 27-1", "recid": "xw227yt7525", "websiteUrl": "https://purl.stanford.edu/xw227yt7525", "title": "二万五千分一地形圖 福井及鯖江近傍", "ckey": 10561302, "available": true, "iiifUrl": "https://purl.stanford.edu/xw227yt7525/iiif/manifest" }, "geometry": { "type": "Polygon", "coordinates": [ [ [ 136.252778, 36.0833335 ], [ 136.377778, 36.0833335 ], [ 136.377778, 36.166667 ], [ 136.252778, 36.166667 ], [ 136.252778, 36.0833335 ] ] ] } },
{ "type": "Feature", "properties": { "Id": 0, "Sheet_ID": "半田近傍 6", "label": "半田近傍 6", "call_short": "G7960 S25 .J3", "call_num": "G7960 S25 .J3 35-6", "recid": "vt156ww0375", "websiteUrl": "https://purl.stanford.edu/vt156ww0375", "title": "二万五千分一地形圖 半田近傍", "ckey": 10561302, "available": true, "iiifUrl": "https://purl.stanford.edu/vt156ww0375/iiif/manifest" }, "geometry": { "type": "Polygon", "coordinates": [ [ [ 137.002778, 34.5 ], [ 137.127778, 34.5 ], [ 137.127778, 34.5833333 ], [ 137.002778, 34.5833333 ], [ 137.002778, 34.5 ] ] ] } },
{ "type": "Feature", "properties": { "Id": 0, "Sheet_ID": "半田近傍 5", "label": "半田近傍 5", "call_short": "G7960 S25 .J3", "call_num": "G7960 S25 .J3 35-5", "recid": "nk493jt2483", "websiteUrl": "https://purl.stanford.edu/nk493jt2483", "title": "二万五千分一地形圖 半田近傍", "ckey": 10561302, "available": true, "iiifUrl": "https://purl.stanford.edu/nk493jt2483/iiif/manifest" }, "geometry": { "type": "Polygon", "coordinates": [ [ [ 137.002778, 34.5833333 ], [ 137.127778, 34.5833333 ], [ 137.127778, 34.6666667 ], [ 137.002778, 34.6666667 ], [ 137.002778, 34.5833333 ] ] ] } },
{ "type": "Feature", "properties": { "Id": 0, "Sheet_ID": "半田近傍 14", "label": "半田近傍 14", "call_short": "0", "call_num": "0", "recid": "0", "websiteUrl": "0", "title": "0", "ckey": 0, "available": false, "iiifUrl": "0" }, "geometry": { "type": "Polygon", "coordinates": [ [ [ 136.752778, 34.6666667 ], [ 136.877778, 34.6666667 ], [ 136.877778, 34.75 ], [ 136.752778, 34.75 ], [ 136.752778, 34.6666667 ] ] ] } },
{ "type": "Feature", "properties": { "Id": 0, "Sheet_ID": "半田近傍 10", "label": "半田近傍 10", "call_short": "G7960 S25 .J3", "call_num": "G7960 S25 .J3 35-10", "recid": "kb954qm4462", "websiteUrl": "https://purl.stanford.edu/kb954qm4462", "title": "二万五千分一地形圖 半田近傍", "ckey": 10561302, "available": true, "iiifUrl": "https://purl.stanford.edu/kb954qm4462/iiif/manifest" }, "geometry": { "type": "Polygon", "coordinates": [ [ [ 136.877778, 34.6666667 ], [ 137.002778, 34.6666667 ], [ 137.002778, 34.75 ], [ 136.877778, 34.75 ], [ 136.877778, 34.6666667 ] ] ] } },
{ "type": "Feature", "properties": { "Id": 0, "Sheet_ID": "半田近傍 4", "label": "半田近傍 4", "call_short": "0", "call_num": "0", "recid": "0", "websiteUrl": "0", "title": "0", "ckey": 0, "available": false, "iiifUrl": "0" }, "geometry": { "type": "Polygon", "coordinates": [ [ [ 137.002778, 34.6666667 ], [ 137.127778, 34.6666667 ], [ 137.127778, 34.75 ], [ 137.002778, 34.75 ], [ 137.002778, 34.6666667 ] ] ] } },
{ "type": "Feature", "properties": { "Id": 0, "Sheet_ID": "半田近傍 13", "label": "半田近傍 13", "call_short": "G7960 S25 .J3", "call_num": "G7960 S25 .J3 35-13", "recid": "mx798yn2458", "websiteUrl": "https://purl.stanford.edu/mx798yn2458", "title": "二万五千分一地形圖 半田近傍", "ckey": 10561302, "available": true, "iiifUrl": "https://purl.stanford.edu/mx798yn2458/iiif/manifest" }, "geometry": { "type": "Polygon", "coordinates": [ [ [ 136.752778, 34.75 ], [ 136.877778, 34.75 ], [ 136.877778, 34.8333333 ], [ 136.752778, 34.8333333 ], [ 136.752778, 34.75 ] ] ] } },
{ "type": "Feature", "properties": { "Id": 0, "Sheet_ID": "半田近傍 9", "label": "半田近傍 9", "call_short": "G7960 S25 .J3", "call_num": "G7960 S25 .J3 35-9", "recid": "wm951sd0069", "websiteUrl": "https://purl.stanford.edu/wm951sd0069", "title": "二万五千分一地形圖 半田近傍", "ckey": 10561302, "available": true, "iiifUrl": "https://purl.stanford.edu/wm951sd0069/iiif/manifest" }, "geometry": { "type": "Polygon", "coordinates": [ [ [ 136.877778, 34.75 ], [ 137.002778, 34.75 ], [ 137.002778, 34.8333333 ], [ 136.877778, 34.8333333 ], [ 136.877778, 34.75 ] ] ] } },
{ "type": "Feature", "properties": { "Id": 0, "Sheet_ID": "半田近傍 3", "label": "半田近傍 3", "call_short": "0", "call_num": "0", "recid": "0", "websiteUrl": "0", "title": "0", "ckey": 0, "available": false, "iiifUrl": "0" }, "geometry": { "type": "Polygon", "coordinates": [ [ [ 137.002778, 34.75 ], [ 137.127778, 34.75 ], [ 137.127778, 34.8333333 ], [ 137.002778, 34.8333333 ], [ 137.002778, 34.75 ] ] ] } },
{ "type": "Feature", "properties": { "Id": 0, "Sheet_ID": "半田近傍 12", "label": "半田近傍 12", "call_short": "G7960 S25 .J3", "call_num": "G7960 S25 .J3 35-12", "recid": "sf516my3452", "websiteUrl": "https://purl.stanford.edu/sf516my3452", "title": "二万五千分一地形圖 半田近傍", "ckey": 10561302, "available": true, "iiifUrl": "https://purl.stanford.edu/sf516my3452/iiif/manifest" }, "geometry": { "type": "Polygon", "coordinates": [ [ [ 136.752778, 34.8333333 ], [ 136.877778, 34.8333333 ], [ 136.877778, 34.9166667 ], [ 136.752778, 34.9166667 ], [ 136.752778, 34.8333333 ] ] ] } },
{ "type": "Feature", "properties": { "Id": 0, "Sheet_ID": "半田近傍 8", "label": "半田近傍 8", "call_short": "G7960 S25 .J3", "call_num": "G7960 S25 .J3 35-8", "recid": "sg287fy0503", "websiteUrl": "https://purl.stanford.edu/sg287fy0503", "title": "二万五千分一地形圖 半田近傍", "ckey": 10561302, "available": true, "iiifUrl": "https://purl.stanford.edu/sg287fy0503/iiif/manifest" }, "geometry": { "type": "Polygon", "coordinates": [ [ [ 136.877778, 34.8333333 ], [ 137.002778, 34.8333333 ], [ 137.002778, 34.9166667 ], [ 136.877778, 34.9166667 ], [ 136.877778, 34.8333333 ] ] ] } },
{ "type": "Feature", "properties": { "Id": 0, "Sheet_ID": "半田近傍 2", "label": "半田近傍 2", "call_short": "G7960 S25 .J3", "call_num": "G7960 S25 .J3 35-2", "recid": "wj389ks6124", "websiteUrl": "https://purl.stanford.edu/wj389ks6124", "title": "二万五千分一地形圖 半田近傍", "ckey": 10561302, "available": true, "iiifUrl": "https://purl.stanford.edu/wj389ks6124/iiif/manifest" }, "geometry": { "type": "Polygon", "coordinates": [ [ [ 137.002778, 34.8333333 ], [ 137.127778, 34.8333333 ], [ 137.127778, 34.9166667 ], [ 137.002778, 34.9166667 ], [ 137.002778, 34.8333333 ] ] ] } },
{ "type": "Feature", "properties": { "Id": 0, "Sheet_ID": "半田近傍 11", "label": "半田近傍 11", "call_short": "G7960 S25 .J3", "call_num": "G7960 S25 .J3 35-11", "recid": "qq076gs3257", "websiteUrl": "https://purl.stanford.edu/qq076gs3257", "title": "二万五千分一地形圖 半田近傍", "ckey": 10561302, "available": true, "iiifUrl": "https://purl.stanford.edu/qq076gs3257/iiif/manifest" }, "geometry": { "type": "Polygon", "coordinates": [ [ [ 136.752778, 34.9166667 ], [ 136.877778, 34.9166667 ], [ 136.877778, 35.0 ], [ 136.752778, 35.0 ], [ 136.752778, 34.9166667 ] ] ] } },
{ "type": "Feature", "properties": { "Id": 0, "Sheet_ID": "半田近傍 7", "label": "半田近傍 7", "call_short": "G7960 S25 .J3", "call_num": "G7960 S25 .J3 35-7", "recid": "tb740yy6004", "websiteUrl": "https://purl.stanford.edu/tb740yy6004", "title": "二万五千分一地形圖 半田近傍", "ckey": 10561302, "available": true, "iiifUrl": "https://purl.stanford.edu/tb740yy6004/iiif/manifest" }, "geometry": { "type": "Polygon", "coordinates": [ [ [ 136.877778, 34.9166667 ], [ 137.002778, 34.9166667 ], [ 137.002778, 35.0 ], [ 136.877778, 35.0 ], [ 136.877778, 34.9166667 ] ] ] } },
{ "type": "Feature", "properties": { "Id": 0, "Sheet_ID": "半田近傍 1", "label": "半田近傍 1", "call_short": "G7960 S25 .J3", "call_num": "G7960 S25 .J3 35-1", "recid": "nr875kc0711", "websiteUrl": "https://purl.stanford.edu/nr875kc0711", "title": "二万五千分一地形圖 半田近傍", "ckey": 10561302, "available": true, "iiifUrl": "https://purl.stanford.edu/nr875kc0711/iiif/manifest" }, "geometry": { "type": "Polygon", "coordinates": [ [ [ 137.002778, 34.9166667 ], [ 137.127778, 34.9166667 ], [ 137.127778, 35.0 ], [ 137.002778, 35.0 ], [ 137.002778, 34.9166667 ] ] ] } },
{ "type": "Feature", "properties": { "Id": 0, "Sheet_ID": "名古屋近傍 14", "label": "名古屋近傍 14", "call_short": "G7960 S25 .J3", "call_num": "G7960 S25 .J3 36-14", "recid": "vf395zv0266", "websiteUrl": "https://purl.stanford.edu/vf395zv0266", "title": "二万五千分一地形圖 名古屋近傍", "ckey": 10561302, "available": true, "iiifUrl": "https://purl.stanford.edu/vf395zv0266/iiif/manifest" }, "geometry": { "type": "Polygon", "coordinates": [ [ [ 136.752778, 35.0 ], [ 136.877778, 35.0 ], [ 136.877778, 35.0833333 ], [ 136.752778, 35.0833333 ], [ 136.752778, 35.0 ] ] ] } },
{ "type": "Feature", "properties": { "Id": 0, "Sheet_ID": "名古屋近傍 10", "label": "名古屋近傍 10", "call_short": "G7960 S25 .J3", "call_num": "G7960 S25 .J3 36-10", "recid": "vr623qh9510", "websiteUrl": "https://purl.stanford.edu/vr623qh9510", "title": "二万五千分一地形圖 名古屋近傍", "ckey": 10561302, "available": true, "iiifUrl": "https://purl.stanford.edu/vr623qh9510/iiif/manifest" }, "geometry": { "type": "Polygon", "coordinates": [ [ [ 136.877778, 35.0 ], [ 137.002778, 35.0 ], [ 137.002778, 35.0833333 ], [ 136.877778, 35.0833333 ], [ 136.877778, 35.0 ] ] ] } },
{ "type": "Feature", "properties": { "Id": 0, "Sheet_ID": "名古屋近傍 6", "label": "名古屋近傍 6", "call_short": "G7960 S25 .J3", "call_num": "G7960 S25 .J3 36-6", "recid": "sm686kb6618", "websiteUrl": "https://purl.stanford.edu/sm686kb6618", "title": "二万五千分一地形圖 名古屋近傍", "ckey": 10561302, "available": true, "iiifUrl": "https://purl.stanford.edu/sm686kb6618/iiif/manifest" }, "geometry": { "type": "Polygon", "coordinates": [ [ [ 137.002778, 35.0 ], [ 137.127778, 35.0 ], [ 137.127778, 35.0833333 ], [ 137.002778, 35.0833333 ], [ 137.002778, 35.0 ] ] ] } },
{ "type": "Feature", "properties": { "Id": 0, "Sheet_ID": "名古屋近傍 2", "label": "名古屋近傍 2", "call_short": "G7960 S25 .J3", "call_num": "G7960 S25 .J3 36-2", "recid": "vc873jd8716", "websiteUrl": "https://purl.stanford.edu/vc873jd8716", "title": "二万五千分一地形圖 名古屋近傍", "ckey": 10561302, "available": true, "iiifUrl": "https://purl.stanford.edu/vc873jd8716/iiif/manifest" }, "geometry": { "type": "Polygon", "coordinates": [ [ [ 137.127778, 35.0 ], [ 137.252778, 35.0 ], [ 137.252778, 35.0833333 ], [ 137.127778, 35.0833333 ], [ 137.127778, 35.0 ] ] ] } },
{ "type": "Feature", "properties": { "Id": 0, "Sheet_ID": "名古屋近傍 13", "label": "名古屋近傍 13", "call_short": "0", "call_num": "0", "recid": "0", "websiteUrl": "0", "title": "0", "ckey": 0, "available": false, "iiifUrl": "0" }, "geometry": { "type": "Polygon", "coordinates": [ [ [ 136.752778, 35.0833333 ], [ 136.877778, 35.0833333 ], [ 136.877778, 35.1666665 ], [ 136.752778, 35.1666665 ], [ 136.752778, 35.0833333 ] ] ] } },
{ "type": "Feature", "properties": { "Id": 0, "Sheet_ID": "名古屋近傍 9", "label": "名古屋近傍 9", "call_short": "G7960 S25 .J3", "call_num": "G7960 S25 .J3 36-9", "recid": "dr603hx8909", "websiteUrl": "https://purl.stanford.edu/dr603hx8909", "title": "二万五千分一地形圖 名古屋近傍", "ckey": 10561302, "available": true, "iiifUrl": "https://purl.stanford.edu/dr603hx8909/iiif/manifest" }, "geometry": { "type": "Polygon", "coordinates": [ [ [ 136.877778, 35.0833333 ], [ 137.002778, 35.0833333 ], [ 137.002778, 35.1666665 ], [ 136.877778, 35.1666665 ], [ 136.877778, 35.0833333 ] ] ] } },
{ "type": "Feature", "properties": { "Id": 0, "Sheet_ID": "名古屋近傍 5", "label": "名古屋近傍 5", "call_short": "G7960 S25 .J3", "call_num": "G7960 S25 .J3 36-5", "recid": "fr232zb7189", "websiteUrl": "https://purl.stanford.edu/fr232zb7189", "title": "二万五千分一地形圖 名古屋近傍", "ckey": 10561302, "available": true, "iiifUrl": "https://purl.stanford.edu/fr232zb7189/iiif/manifest" }, "geometry": { "type": "Polygon", "coordinates": [ [ [ 137.002778, 35.0833333 ], [ 137.127778, 35.0833333 ], [ 137.127778, 35.1666665 ], [ 137.002778, 35.1666665 ], [ 137.002778, 35.0833333 ] ] ] } },
{ "type": "Feature", "properties": { "Id": 0, "Sheet_ID": "名古屋近傍 1", "label": "名古屋近傍 1", "call_short": "G7960 S25 .J3", "call_num": "G7960 S25 .J3 36-1", "recid": "kh699mg3963", "websiteUrl": "https://purl.stanford.edu/kh699mg3963", "title": "二万五千分一地形圖 名古屋近傍", "ckey": 10561302, "available": true, "iiifUrl": "https://purl.stanford.edu/kh699mg3963/iiif/manifest" }, "geometry": { "type": "Polygon", "coordinates": [ [ [ 137.127778, 35.0833333 ], [ 137.252778, 35.0833333 ], [ 137.252778, 35.1666665 ], [ 137.127778, 35.1666665 ], [ 137.127778, 35.0833333 ] ] ] } },
{ "type": "Feature", "properties": { "Id": 0, "Sheet_ID": "名古屋近傍 12", "label": "名古屋近傍 12", "call_short": "G7960 S25 .J3", "call_num": "G7960 S25 .J3 36-12", "recid": "sy435rh8187", "websiteUrl": "https://purl.stanford.edu/sy435rh8187", "title": "二万五千分一地形圖 名古屋近傍", "ckey": 10561302, "available": true, "iiifUrl": "https://purl.stanford.edu/sy435rh8187/iiif/manifest" }, "geometry": { "type": "Polygon", "coordinates": [ [ [ 136.752778, 35.1666665 ], [ 136.877778, 35.1666665 ], [ 136.877778, 35.2499998 ], [ 136.752778, 35.2499998 ], [ 136.752778, 35.1666665 ] ] ] } },
{ "type": "Feature", "properties": { "Id": 0, "Sheet_ID": "名古屋近傍 8", "label": "名古屋近傍 8", "call_short": "G7960 S25 .J3", "call_num": "G7960 S25 .J3 36-8", "recid": "qh692sv8045", "websiteUrl": "https://purl.stanford.edu/qh692sv8045", "title": "二万五千分一地形圖 名古屋近傍", "ckey": 10561302, "available": true, "iiifUrl": "https://purl.stanford.edu/qh692sv8045/iiif/manifest" }, "geometry": { "type": "Polygon", "coordinates": [ [ [ 136.877778, 35.1666665 ], [ 137.002778, 35.1666665 ], [ 137.002778, 35.2499998 ], [ 136.877778, 35.2499998 ], [ 136.877778, 35.1666665 ] ] ] } },
{ "type": "Feature", "properties": { "Id": 0, "Sheet_ID": "名古屋近傍 4", "label": "名古屋近傍 4", "call_short": "G7960 S25 .J3", "call_num": "G7960 S25 .J3 36-4", "recid": "qx164zs8173", "websiteUrl": "https://purl.stanford.edu/qx164zs8173", "title": "二万五千分一地形圖 名古屋近傍", "ckey": 10561302, "available": true, "iiifUrl": "https://purl.stanford.edu/qx164zs8173/iiif/manifest" }, "geometry": { "type": "Polygon", "coordinates": [ [ [ 137.002778, 35.1666665 ], [ 137.127778, 35.1666665 ], [ 137.127778, 35.2499998 ], [ 137.002778, 35.2499998 ], [ 137.002778, 35.1666665 ] ] ] } },
{ "type": "Feature", "properties": { "Id": 0, "Sheet_ID": "名古屋近傍 11", "label": "名古屋近傍 11", "call_short": "0", "call_num": "0", "recid": "0", "websiteUrl": "0", "title": "0", "ckey": 0, "available": false, "iiifUrl": "0" }, "geometry": { "type": "Polygon", "coordinates": [ [ [ 136.752778, 35.2499998 ], [ 136.877778, 35.2499998 ], [ 136.877778, 35.333333 ], [ 136.752778, 35.333333 ], [ 136.752778, 35.2499998 ] ] ] } },
{ "type": "Feature", "properties": { "Id": 0, "Sheet_ID": "名古屋近傍 7", "label": "名古屋近傍 7", "call_short": "G7960 S25 .J3", "call_num": "G7960 S25 .J3 36-7", "recid": "hs943qt9254", "websiteUrl": "https://purl.stanford.edu/hs943qt9254", "title": "二万五千分一地形圖 名古屋近傍", "ckey": 10561302, "available": true, "iiifUrl": "https://purl.stanford.edu/hs943qt9254/iiif/manifest" }, "geometry": { "type": "Polygon", "coordinates": [ [ [ 136.877778, 35.2499998 ], [ 137.002778, 35.2499998 ], [ 137.002778, 35.333333 ], [ 136.877778, 35.333333 ], [ 136.877778, 35.2499998 ] ] ] } },
{ "type": "Feature", "properties": { "Id": 0, "Sheet_ID": "名古屋近傍 3", "label": "名古屋近傍 3", "call_short": "0", "call_num": "0", "recid": "0", "websiteUrl": "0", "title": "0", "ckey": 0, "available": false, "iiifUrl": "0" }, "geometry": { "type": "Polygon", "coordinates": [ [ [ 137.002778, 35.2499998 ], [ 137.127778, 35.2499998 ], [ 137.127778, 35.333333 ], [ 137.002778, 35.333333 ], [ 137.002778, 35.2499998 ] ] ] } },
{ "type": "Feature", "properties": { "Id": 0, "Sheet_ID": "岐阜近傍 10", "label": "岐阜近傍 10", "call_short": "G7960 S25 .J3", "call_num": "G7960 S25 .J3 37-10", "recid": "md836jt9744", "websiteUrl": "https://purl.stanford.edu/md836jt9744", "title": "二万五千分一地形圖 岐阜近傍", "ckey": 10561302, "available": true, "iiifUrl": "https://purl.stanford.edu/md836jt9744/iiif/manifest" }, "geometry": { "type": "Polygon", "coordinates": [ [ [ 136.502778, 35.25 ], [ 136.627778, 35.25 ], [ 136.627778, 35.3333333 ], [ 136.502778, 35.3333333 ], [ 136.502778, 35.25 ] ] ] } },
{ "type": "Feature", "properties": { "Id": 0, "Sheet_ID": "岐阜近傍 7", "label": "岐阜近傍 7", "call_short": "G7960 S25 .J3", "call_num": "G7960 S25 .J3 37-7", "recid": "qd187ky4092", "websiteUrl": "https://purl.stanford.edu/qd187ky4092", "title": "二万五千分一地形圖 岐阜近傍", "ckey": 10561302, "available": true, "iiifUrl": "https://purl.stanford.edu/qd187ky4092/iiif/manifest" }, "geometry": { "type": "Polygon", "coordinates": [ [ [ 136.627778, 35.25 ], [ 136.752778, 35.25 ], [ 136.752778, 35.3333333 ], [ 136.627778, 35.3333333 ], [ 136.627778, 35.25 ] ] ] } },
{ "type": "Feature", "properties": { "Id": 0, "Sheet_ID": "岐阜近傍 9", "label": "岐阜近傍 9", "call_short": "0", "call_num": "0", "recid": "0", "websiteUrl": "0", "title": "0", "ckey": 0, "available": false, "iiifUrl": "0" }, "geometry": { "type": "Polygon", "coordinates": [ [ [ 136.502778, 35.3333333 ], [ 136.627778, 35.3333333 ], [ 136.627778, 35.4166667 ], [ 136.502778, 35.4166667 ], [ 136.502778, 35.3333333 ] ] ] } },
{ "type": "Feature", "properties": { "Id": 0, "Sheet_ID": "岐阜近傍 6", "label": "岐阜近傍 6", "call_short": "G7960 S25 .J3", "call_num": "G7960 S25 .J3 37-6", "recid": "th154qc6065", "websiteUrl": "https://purl.stanford.edu/th154qc6065", "title": "二万五千分一地形圖 岐阜近傍", "ckey": 10561302, "available": true, "iiifUrl": "https://purl.stanford.edu/th154qc6065/iiif/manifest" }, "geometry": { "type": "Polygon", "coordinates": [ [ [ 136.627778, 35.3333333 ], [ 136.752778, 35.3333333 ], [ 136.752778, 35.4166667 ], [ 136.627778, 35.4166667 ], [ 136.627778, 35.3333333 ] ] ] } },
{ "type": "Feature", "properties": { "Id": 0, "Sheet_ID": "岐阜近傍 4", "label": "岐阜近傍 4", "call_short": "G7960 S25 .J3", "call_num": "G7960 S25 .J3 37-4", "recid": "cg442qv1061", "websiteUrl": "https://purl.stanford.edu/cg442qv1061", "title": "二万五千分一地形圖 岐阜近傍", "ckey": 10561302, "available": true, "iiifUrl": "https://purl.stanford.edu/cg442qv1061/iiif/manifest" }, "geometry": { "type": "Polygon", "coordinates": [ [ [ 136.752778, 35.3333333 ], [ 136.877778, 35.3333333 ], [ 136.877778, 35.4166667 ], [ 136.752778, 35.4166667 ], [ 136.752778, 35.3333333 ] ] ] } },
{ "type": "Feature", "properties": { "Id": 0, "Sheet_ID": "岐阜近傍 2", "label": "岐阜近傍 2", "call_short": "G7960 S25 .J3", "call_num": "G7960 S25 .J3 37-2", "recid": "fr347mn3848", "websiteUrl": "https://purl.stanford.edu/fr347mn3848", "title": "二万五千分一地形圖 岐阜近傍", "ckey": 10561302, "available": true, "iiifUrl": "https://purl.stanford.edu/fr347mn3848/iiif/manifest" }, "geometry": { "type": "Polygon", "coordinates": [ [ [ 136.877778, 35.3333333 ], [ 137.002778, 35.3333333 ], [ 137.002778, 35.4166667 ], [ 136.877778, 35.4166667 ], [ 136.877778, 35.3333333 ] ] ] } },
{ "type": "Feature", "properties": { "Id": 0, "Sheet_ID": "岐阜近傍 8", "label": "岐阜近傍 8", "call_short": "G7960 S25 .J3", "call_num": "G7960 S25 .J3 37-8", "recid": "fb331tx8066", "websiteUrl": "https://purl.stanford.edu/fb331tx8066", "title": "二万五千分一地形圖 岐阜近傍", "ckey": 10561302, "available": true, "iiifUrl": "https://purl.stanford.edu/fb331tx8066/iiif/manifest" }, "geometry": { "type": "Polygon", "coordinates": [ [ [ 136.502778, 35.4166667 ], [ 136.627778, 35.4166667 ], [ 136.627778, 35.5 ], [ 136.502778, 35.5 ], [ 136.502778, 35.4166667 ] ] ] } },
{ "type": "Feature", "properties": { "Id": 0, "Sheet_ID": "岐阜近傍 5", "label": "岐阜近傍 5", "call_short": "G7960 S25 .J3", "call_num": "G7960 S25 .J3 37-5", "recid": "nz696bg4938", "websiteUrl": "https://purl.stanford.edu/nz696bg4938", "title": "二万五千分一地形圖 岐阜近傍", "ckey": 10561302, "available": true, "iiifUrl": "https://purl.stanford.edu/nz696bg4938/iiif/manifest" }, "geometry": { "type": "Polygon", "coordinates": [ [ [ 136.627778, 35.4166667 ], [ 136.752778, 35.4166667 ], [ 136.752778, 35.5 ], [ 136.627778, 35.5 ], [ 136.627778, 35.4166667 ] ] ] } },
{ "type": "Feature", "properties": { "Id": 0, "Sheet_ID": "岐阜近傍 3", "label": "岐阜近傍 3", "call_short": "0", "call_num": "0", "recid": "0", "websiteUrl": "0", "title": "0", "ckey": 0, "available": false, "iiifUrl": "0" }, "geometry": { "type": "Polygon", "coordinates": [ [ [ 136.752778, 35.4166667 ], [ 136.877778, 35.4166667 ], [ 136.877778, 35.5 ], [ 136.752778, 35.5 ], [ 136.752778, 35.4166667 ] ] ] } },
{ "type": "Feature", "properties": { "Id": 0, "Sheet_ID": "岐阜近傍 1", "label": "岐阜近傍 1", "call_short": "G7960 S25 .J3", "call_num": "G7960 S25 .J3 37-1", "recid": "ck864hh9141", "websiteUrl": "https://purl.stanford.edu/ck864hh9141", "title": "二万五千分一地形圖 岐阜近傍", "ckey": 10561302, "available": true, "iiifUrl": "https://purl.stanford.edu/ck864hh9141/iiif/manifest" }, "geometry": { "type": "Polygon", "coordinates": [ [ [ 136.877778, 35.4166667 ], [ 137.002778, 35.4166667 ], [ 137.002778, 35.5 ], [ 136.877778, 35.5 ], [ 136.877778, 35.4166667 ] ] ] } },
{ "type": "Feature", "properties": { "Id": 0, "Sheet_ID": "宇治山田近傍 9", "label": "宇治山田近傍 9", "call_short": "G7960 S25 .J3", "call_num": "G7960 S25 .J3 38-9", "recid": "mb120vr0081", "websiteUrl": "https://purl.stanford.edu/mb120vr0081", "title": "二万五千分一地形圖 宇治山田近傍", "ckey": 10561302, "available": true, "iiifUrl": "https://purl.stanford.edu/mb120vr0081/iiif/manifest" }, "geometry": { "type": "Polygon", "coordinates": [ [ [ 136.752778, 34.166667 ], [ 136.877778, 34.166667 ], [ 136.877778, 34.2500002 ], [ 136.752778, 34.2500002 ], [ 136.752778, 34.166667 ] ] ] } },
{ "type": "Feature", "properties": { "Id": 0, "Sheet_ID": "宇治山田近傍 13", "label": "宇治山田近傍 13", "call_short": "G7960 S25 .J3", "call_num": "G7960 S25 .J3 38-13", "recid": "sj296ny4999", "websiteUrl": "https://purl.stanford.edu/sj296ny4999", "title": "二万五千分一地形圖 宇治山田近傍", "ckey": 10561302, "available": true, "iiifUrl": "https://purl.stanford.edu/sj296ny4999/iiif/manifest" }, "geometry": { "type": "Polygon", "coordinates": [ [ [ 136.627778, 34.2500002 ], [ 136.752778, 34.2500002 ], [ 136.752778, 34.3333334 ], [ 136.627778, 34.3333334 ], [ 136.627778, 34.2500002 ] ] ] } },
{ "type": "Feature", "properties": { "Id": 0, "Sheet_ID": "宇治山田近傍 8", "label": "宇治山田近傍 8", "call_short": "G7960 S25 .J3", "call_num": "G7960 S25 .J3 38-8", "recid": "rg122wx1616", "websiteUrl": "https://purl.stanford.edu/rg122wx1616", "title": "二万五千分一地形圖 宇治山田近傍", "ckey": 10561302, "available": true, "iiifUrl": "https://purl.stanford.edu/rg122wx1616/iiif/manifest" }, "geometry": { "type": "Polygon", "coordinates": [ [ [ 136.752778, 34.2500002 ], [ 136.877778, 34.2500002 ], [ 136.877778, 34.3333334 ], [ 136.752778, 34.3333334 ], [ 136.752778, 34.2500002 ] ] ] } },
{ "type": "Feature", "properties": { "Id": 0, "Sheet_ID": "宇治山田近傍 4", "label": "宇治山田近傍 4", "call_short": "G7960 S25 .J3", "call_num": "G7960 S25 .J3 38-4", "recid": "qw119md8504", "websiteUrl": "https://purl.stanford.edu/qw119md8504", "title": "二万五千分一地形圖 宇治山田近傍", "ckey": 10561302, "available": true, "iiifUrl": "https://purl.stanford.edu/qw119md8504/iiif/manifest" }, "geometry": { "type": "Polygon", "coordinates": [ [ [ 136.877778, 34.2500002 ], [ 137.002778, 34.2500002 ], [ 137.002778, 34.3333334 ], [ 136.877778, 34.3333334 ], [ 136.877778, 34.2500002 ] ] ] } },
{ "type": "Feature", "properties": { "Id": 0, "Sheet_ID": "宇治山田近傍 12", "label": "宇治山田近傍 12", "call_short": "G7960 S25 .J3", "call_num": "G7960 S25 .J3 38-12", "recid": "tt251qq3915", "websiteUrl": "https://purl.stanford.edu/tt251qq3915", "title": "二万五千分一地形圖 宇治山田近傍", "ckey": 10561302, "available": true, "iiifUrl": "https://purl.stanford.edu/tt251qq3915/iiif/manifest" }, "geometry": { "type": "Polygon", "coordinates": [ [ [ 136.627778, 34.3333334 ], [ 136.752778, 34.3333334 ], [ 136.752778, 34.4166666 ], [ 136.627778, 34.4166666 ], [ 136.627778, 34.3333334 ] ] ] } },
{ "type": "Feature", "properties": { "Id": 0, "Sheet_ID": "宇治山田近傍 7", "label": "宇治山田近傍 7", "call_short": "0", "call_num": "0", "recid": "0", "websiteUrl": "0", "title": "0", "ckey": 0, "available": false, "iiifUrl": "0" }, "geometry": { "type": "Polygon", "coordinates": [ [ [ 136.752778, 34.3333334 ], [ 136.877778, 34.3333334 ], [ 136.877778, 34.4166666 ], [ 136.752778, 34.4166666 ], [ 136.752778, 34.3333334 ] ] ] } },
{ "type": "Feature", "properties": { "Id": 0, "Sheet_ID": "宇治山田近傍 3", "label": "宇治山田近傍 3", "call_short": "0", "call_num": "0", "recid": "0", "websiteUrl": "0", "title": "0", "ckey": 0, "available": false, "iiifUrl": "0" }, "geometry": { "type": "Polygon", "coordinates": [ [ [ 136.877778, 34.3333334 ], [ 137.002778, 34.3333334 ], [ 137.002778, 34.4166666 ], [ 136.877778, 34.4166666 ], [ 136.877778, 34.3333334 ] ] ] } },
{ "type": "Feature", "properties": { "Id": 0, "Sheet_ID": "宇治山田近傍 15", "label": "宇治山田近傍 15", "call_short": "0", "call_num": "0", "recid": "0", "websiteUrl": "0", "title": "0", "ckey": 0, "available": false, "iiifUrl": "0" }, "geometry": { "type": "Polygon", "coordinates": [ [ [ 136.502778, 34.4166666 ], [ 136.627778, 34.4166666 ], [ 136.627778, 34.4999998 ], [ 136.502778, 34.4999998 ], [ 136.502778, 34.4166666 ] ] ] } },
{ "type": "Feature", "properties": { "Id": 0, "Sheet_ID": "宇治山田近傍 11", "label": "宇治山田近傍 11", "call_short": "G7960 S25 .J3", "call_num": "G7960 S25 .J3 38-11", "recid": "yn549ks7037", "websiteUrl": "https://purl.stanford.edu/yn549ks7037", "title": "二万五千分一地形圖 宇治山田近傍", "ckey": 10561302, "available": true, "iiifUrl": "https://purl.stanford.edu/yn549ks7037/iiif/manifest" }, "geometry": { "type": "Polygon", "coordinates": [ [ [ 136.627778, 34.4166666 ], [ 136.752778, 34.4166666 ], [ 136.752778, 34.4999998 ], [ 136.627778, 34.4999998 ], [ 136.627778, 34.4166666 ] ] ] } },
{ "type": "Feature", "properties": { "Id": 0, "Sheet_ID": "宇治山田近傍 6", "label": "宇治山田近傍 6", "call_short": "0", "call_num": "0", "recid": "0", "websiteUrl": "0", "title": "0", "ckey": 0, "available": false, "iiifUrl": "0" }, "geometry": { "type": "Polygon", "coordinates": [ [ [ 136.752778, 34.4166666 ], [ 136.877778, 34.4166666 ], [ 136.877778, 34.4999998 ], [ 136.752778, 34.4999998 ], [ 136.752778, 34.4166666 ] ] ] } },
{ "type": "Feature", "properties": { "Id": 0, "Sheet_ID": "宇治山田近傍 2", "label": "宇治山田近傍 2", "call_short": "G7960 S25 .J3", "call_num": "G7960 S25 .J3 38-2", "recid": "vh021zx2660", "websiteUrl": "https://purl.stanford.edu/vh021zx2660", "title": "二万五千分一地形圖 宇治山田近傍", "ckey": 10561302, "available": true, "iiifUrl": "https://purl.stanford.edu/vh021zx2660/iiif/manifest" }, "geometry": { "type": "Polygon", "coordinates": [ [ [ 136.877778, 34.4166666 ], [ 137.002778, 34.4166666 ], [ 137.002778, 34.4999998 ], [ 136.877778, 34.4999998 ], [ 136.877778, 34.4166666 ] ] ] } },
{ "type": "Feature", "properties": { "Id": 0, "Sheet_ID": "宇治山田近傍 16", "label": "宇治山田近傍 16", "call_short": "G7960 S25 .J3", "call_num": "G7960 S25 .J3 38-16", "recid": "ch292hb1030", "websiteUrl": "https://purl.stanford.edu/ch292hb1030", "title": "二万五千分一地形圖 宇治山田近傍", "ckey": 10561302, "available": true, "iiifUrl": "https://purl.stanford.edu/ch292hb1030/iiif/manifest" }, "geometry": { "type": "Polygon", "coordinates": [ [ [ 136.377778, 34.4999998 ], [ 136.502778, 34.4999998 ], [ 136.502778, 34.583333 ], [ 136.377778, 34.583333 ], [ 136.377778, 34.4999998 ] ] ] } },
{ "type": "Feature", "properties": { "Id": 0, "Sheet_ID": "宇治山田近傍 14", "label": "宇治山田近傍 14", "call_short": "G7960 S25 .J3", "call_num": "G7960 S25 .J3 38-14", "recid": "ck850jv6357", "websiteUrl": "https://purl.stanford.edu/ck850jv6357", "title": "二万五千分一地形圖 宇治山田近傍", "ckey": 10561302, "available": true, "iiifUrl": "https://purl.stanford.edu/ck850jv6357/iiif/manifest" }, "geometry": { "type": "Polygon", "coordinates": [ [ [ 136.502778, 34.4999998 ], [ 136.627778, 34.4999998 ], [ 136.627778, 34.583333 ], [ 136.502778, 34.583333 ], [ 136.502778, 34.4999998 ] ] ] } },
{ "type": "Feature", "properties": { "Id": 0, "Sheet_ID": "宇治山田近傍 10", "label": "宇治山田近傍 10", "call_short": "0", "call_num": "0", "recid": "0", "websiteUrl": "0", "title": "0", "ckey": 0, "available": false, "iiifUrl": "0" }, "geometry": { "type": "Polygon", "coordinates": [ [ [ 136.627778, 34.4999998 ], [ 136.752778, 34.4999998 ], [ 136.752778, 34.583333 ], [ 136.627778, 34.583333 ], [ 136.627778, 34.4999998 ] ] ] } },
{ "type": "Feature", "properties": { "Id": 0, "Sheet_ID": "宇治山田近傍 5", "label": "宇治山田近傍 5", "call_short": "G7960 S25 .J3", "call_num": "G7960 S25 .J3 38-5", "recid": "nv077kn1941", "websiteUrl": "https://purl.stanford.edu/nv077kn1941", "title": "二万五千分一地形圖 宇治山田近傍", "ckey": 10561302, "available": true, "iiifUrl": "https://purl.stanford.edu/nv077kn1941/iiif/manifest" }, "geometry": { "type": "Polygon", "coordinates": [ [ [ 136.752778, 34.4999998 ], [ 136.877778, 34.4999998 ], [ 136.877778, 34.583333 ], [ 136.752778, 34.583333 ], [ 136.752778, 34.4999998 ] ] ] } },
{ "type": "Feature", "properties": { "Id": 0, "Sheet_ID": "宇治山田近傍 1", "label": "宇治山田近傍 1", "call_short": "G7960 S25 .J3", "call_num": "G7960 S25 .J3 38-1", "recid": "ds353gq6821", "websiteUrl": "https://purl.stanford.edu/ds353gq6821", "title": "二万五千分一地形圖 宇治山田近傍", "ckey": 10561302, "available": true, "iiifUrl": "https://purl.stanford.edu/ds353gq6821/iiif/manifest" }, "geometry": { "type": "Polygon", "coordinates": [ [ [ 136.877778, 34.4999998 ], [ 137.002778, 34.4999998 ], [ 137.002778, 34.583333 ], [ 136.877778, 34.583333 ], [ 136.877778, 34.4999998 ] ] ] } },
{ "type": "Feature", "properties": { "Id": 0, "Sheet_ID": "津近傍 10", "label": "津近傍 10", "call_short": "G7960 S25 .J3", "call_num": "G7960 S25 .J3 39-10", "recid": "fr082zr3529", "websiteUrl": "https://purl.stanford.edu/fr082zr3529", "title": "二万五千分一地形圖 津近傍", "ckey": 10561302, "available": true, "iiifUrl": "https://purl.stanford.edu/fr082zr3529/iiif/manifest" }, "geometry": { "type": "Polygon", "coordinates": [ [ [ 136.377778, 34.583333 ], [ 136.502778, 34.583333 ], [ 136.502778, 34.6666665 ], [ 136.377778, 34.6666665 ], [ 136.377778, 34.583333 ] ] ] } },
{ "type": "Feature", "properties": { "Id": 0, "Sheet_ID": "津近傍 6", "label": "津近傍 6", "call_short": "0", "call_num": "0", "recid": "0", "websiteUrl": "0", "title": "0", "ckey": 0, "available": false, "iiifUrl": "0" }, "geometry": { "type": "Polygon", "coordinates": [ [ [ 136.502778, 34.583333 ], [ 136.627778, 34.583333 ], [ 136.627778, 34.6666665 ], [ 136.502778, 34.6666665 ], [ 136.502778, 34.583333 ] ] ] } },
{ "type": "Feature", "properties": { "Id": 0, "Sheet_ID": "津近傍 2", "label": "津近傍 2", "call_short": "0", "call_num": "0", "recid": "0", "websiteUrl": "0", "title": "0", "ckey": 0, "available": false, "iiifUrl": "0" }, "geometry": { "type": "Polygon", "coordinates": [ [ [ 136.627778, 34.583333 ], [ 136.752778, 34.583333 ], [ 136.752778, 34.6666665 ], [ 136.627778, 34.6666665 ], [ 136.627778, 34.583333 ] ] ] } },
{ "type": "Feature", "properties": { "Id": 0, "Sheet_ID": "津近傍 9", "label": "津近傍 9", "call_short": "G7960 S25 .J3", "call_num": "G7960 S25 .J3 39-9", "recid": "cx030hg9346", "websiteUrl": "https://purl.stanford.edu/cx030hg9346", "title": "二万五千分一地形圖 津近傍", "ckey": 10561302, "available": true, "iiifUrl": "https://purl.stanford.edu/cx030hg9346/iiif/manifest" }, "geometry": { "type": "Polygon", "coordinates": [ [ [ 136.377778, 34.6666665 ], [ 136.502778, 34.6666665 ], [ 136.502778, 34.75 ], [ 136.377778, 34.75 ], [ 136.377778, 34.6666665 ] ] ] } },
{ "type": "Feature", "properties": { "Id": 0, "Sheet_ID": "津近傍 5", "label": "津近傍 5", "call_short": "G7960 S25 .J3", "call_num": "G7960 S25 .J3 39-5", "recid": "kj632kb0076", "websiteUrl": "https://purl.stanford.edu/kj632kb0076", "title": "二万五千分一地形圖 津近傍", "ckey": 10561302, "available": true, "iiifUrl": "https://purl.stanford.edu/kj632kb0076/iiif/manifest" }, "geometry": { "type": "Polygon", "coordinates": [ [ [ 136.502778, 34.6666665 ], [ 136.627778, 34.6666665 ], [ 136.627778, 34.75 ], [ 136.502778, 34.75 ], [ 136.502778, 34.6666665 ] ] ] } },
{ "type": "Feature", "properties": { "Id": 0, "Sheet_ID": "津近傍 8", "label": "津近傍 8", "call_short": "G7960 S25 .J3", "call_num": "G7960 S25 .J3 39-8", "recid": "qx221tf2950", "websiteUrl": "https://purl.stanford.edu/qx221tf2950", "title": "二万五千分一地形圖 津近傍", "ckey": 10561302, "available": true, "iiifUrl": "https://purl.stanford.edu/qx221tf2950/iiif/manifest" }, "geometry": { "type": "Polygon", "coordinates": [ [ [ 136.377778, 34.75 ], [ 136.502778, 34.75 ], [ 136.502778, 34.8333335 ], [ 136.377778, 34.8333335 ], [ 136.377778, 34.75 ] ] ] } },
{ "type": "Feature", "properties": { "Id": 0, "Sheet_ID": "津近傍 4", "label": "津近傍 4", "call_short": "G7960 S25 .J3", "call_num": "G7960 S25 .J3 39-4", "recid": "st797nc5724", "websiteUrl": "https://purl.stanford.edu/st797nc5724", "title": "二万五千分一地形圖 津近傍", "ckey": 10561302, "available": true, "iiifUrl": "https://purl.stanford.edu/st797nc5724/iiif/manifest" }, "geometry": { "type": "Polygon", "coordinates": [ [ [ 136.502778, 34.75 ], [ 136.627778, 34.75 ], [ 136.627778, 34.8333335 ], [ 136.502778, 34.8333335 ], [ 136.502778, 34.75 ] ] ] } },
{ "type": "Feature", "properties": { "Id": 0, "Sheet_ID": "津近傍 7", "label": "津近傍 7", "call_short": "G7960 S25 .J3", "call_num": "G7960 S25 .J3 39-7", "recid": "rx213fx6096", "websiteUrl": "https://purl.stanford.edu/rx213fx6096", "title": "二万五千分一地形圖 津近傍", "ckey": 10561302, "available": true, "iiifUrl": "https://purl.stanford.edu/rx213fx6096/iiif/manifest" }, "geometry": { "type": "Polygon", "coordinates": [ [ [ 136.377778, 34.8333335 ], [ 136.502778, 34.8333335 ], [ 136.502778, 34.916667 ], [ 136.377778, 34.916667 ], [ 136.377778, 34.8333335 ] ] ] } },
{ "type": "Feature", "properties": { "Id": 0, "Sheet_ID": "津近傍 3", "label": "津近傍 3", "call_short": "G7960 S25 .J3", "call_num": "G7960 S25 .J3 39-3", "recid": "qd819wv5527", "websiteUrl": "https://purl.stanford.edu/qd819wv5527", "title": "二万五千分一地形圖 津近傍", "ckey": 10561302, "available": true, "iiifUrl": "https://purl.stanford.edu/qd819wv5527/iiif/manifest" }, "geometry": { "type": "Polygon", "coordinates": [ [ [ 136.502778, 34.8333335 ], [ 136.627778, 34.8333335 ], [ 136.627778, 34.916667 ], [ 136.502778, 34.916667 ], [ 136.502778, 34.8333335 ] ] ] } },
{ "type": "Feature", "properties": { "Id": 0, "Sheet_ID": "津近傍 1", "label": "津近傍 1", "call_short": "G7960 S25 .J3", "call_num": "G7960 S25 .J3 39-1", "recid": "cr166yd4490", "websiteUrl": "https://purl.stanford.edu/cr166yd4490", "title": "二万五千分一地形圖 津近傍", "ckey": 10561302, "available": true, "iiifUrl": "https://purl.stanford.edu/cr166yd4490/iiif/manifest" }, "geometry": { "type": "Polygon", "coordinates": [ [ [ 136.627778, 34.8333335 ], [ 136.752778, 34.8333335 ], [ 136.752778, 34.916667 ], [ 136.627778, 34.916667 ], [ 136.627778, 34.8333335 ] ] ] } },
{ "type": "Feature", "properties": { "Id": 0, "Sheet_ID": "四日市近傍 8", "label": "四日市近傍 8", "call_short": "G7960 S25 .J3", "call_num": "G7960 S25 .J3 40-8", "recid": "gx659tb7244", "websiteUrl": "https://purl.stanford.edu/gx659tb7244", "title": "二万五千分一地形圖 四日市近傍", "ckey": 10561302, "available": true, "iiifUrl": "https://purl.stanford.edu/gx659tb7244/iiif/manifest" }, "geometry": { "type": "Polygon", "coordinates": [ [ [ 136.502778, 34.916667 ], [ 136.627778, 34.916667 ], [ 136.627778, 35.0000002 ], [ 136.502778, 35.0000002 ], [ 136.502778, 34.916667 ] ] ] } },
{ "type": "Feature", "properties": { "Id": 0, "Sheet_ID": "四日市近傍 4", "label": "四日市近傍 4", "call_short": "0", "call_num": "0", "recid": "0", "websiteUrl": "0", "title": "0", "ckey": 0, "available": false, "iiifUrl": "0" }, "geometry": { "type": "Polygon", "coordinates": [ [ [ 136.627778, 34.916667 ], [ 136.752778, 34.916667 ], [ 136.752778, 35.0000002 ], [ 136.627778, 35.0000002 ], [ 136.627778, 34.916667 ] ] ] } },
{ "type": "Feature", "properties": { "Id": 0, "Sheet_ID": "四日市近傍 7", "label": "四日市近傍 7", "call_short": "G7960 S25 .J3", "call_num": "G7960 S25 .J3 40-7", "recid": "hr506qr1895", "websiteUrl": "https://purl.stanford.edu/hr506qr1895", "title": "二万五千分一地形圖 四日市近傍", "ckey": 10561302, "available": true, "iiifUrl": "https://purl.stanford.edu/hr506qr1895/iiif/manifest" }, "geometry": { "type": "Polygon", "coordinates": [ [ [ 136.502778, 35.0000002 ], [ 136.627778, 35.0000002 ], [ 136.627778, 35.0833335 ], [ 136.502778, 35.0833335 ], [ 136.502778, 35.0000002 ] ] ] } },
{ "type": "Feature", "properties": { "Id": 0, "Sheet_ID": "四日市近傍 3", "label": "四日市近傍 3", "call_short": "0", "call_num": "0", "recid": "0", "websiteUrl": "0", "title": "0", "ckey": 0, "available": false, "iiifUrl": "0" }, "geometry": { "type": "Polygon", "coordinates": [ [ [ 136.627778, 35.0000002 ], [ 136.752778, 35.0000002 ], [ 136.752778, 35.0833335 ], [ 136.627778, 35.0833335 ], [ 136.627778, 35.0000002 ] ] ] } },
{ "type": "Feature", "properties": { "Id": 0, "Sheet_ID": "四日市近傍 6", "label": "四日市近傍 6", "call_short": "G7960 S25 .J3", "call_num": "G7960 S25 .J3 40-6", "recid": "bv023jg9449", "websiteUrl": "https://purl.stanford.edu/bv023jg9449", "title": "二万五千分一地形圖 四日市近傍", "ckey": 10561302, "available": true, "iiifUrl": "https://purl.stanford.edu/bv023jg9449/iiif/manifest" }, "geometry": { "type": "Polygon", "coordinates": [ [ [ 136.502778, 35.0833335 ], [ 136.627778, 35.0833335 ], [ 136.627778, 35.1666667 ], [ 136.502778, 35.1666667 ], [ 136.502778, 35.0833335 ] ] ] } },
{ "type": "Feature", "properties": { "Id": 0, "Sheet_ID": "四日市近傍 2", "label": "四日市近傍 2", "call_short": "G7960 S25 .J3", "call_num": "G7960 S25 .J3 40-2", "recid": "mr148gp4029", "websiteUrl": "https://purl.stanford.edu/mr148gp4029", "title": "二万五千分一地形圖 四日市近傍", "ckey": 10561302, "available": true, "iiifUrl": "https://purl.stanford.edu/mr148gp4029/iiif/manifest" }, "geometry": { "type": "Polygon", "coordinates": [ [ [ 136.627778, 35.0833335 ], [ 136.752778, 35.0833335 ], [ 136.752778, 35.1666667 ], [ 136.627778, 35.1666667 ], [ 136.627778, 35.0833335 ] ] ] } },
{ "type": "Feature", "properties": { "Id": 0, "Sheet_ID": "四日市近傍 5", "label": "四日市近傍 5", "call_short": "0", "call_num": "0", "recid": "0", "websiteUrl": "0", "title": "0", "ckey": 0, "available": false, "iiifUrl": "0" }, "geometry": { "type": "Polygon", "coordinates": [ [ [ 136.502778, 35.1666667 ], [ 136.627778, 35.1666667 ], [ 136.627778, 35.25 ], [ 136.502778, 35.25 ], [ 136.502778, 35.1666667 ] ] ] } },
{ "type": "Feature", "properties": { "Id": 0, "Sheet_ID": "四日市近傍 1", "label": "四日市近傍 1", "call_short": "G7960 S25 .J3", "call_num": "G7960 S25 .J3 40-1", "recid": "kj923kw6416", "websiteUrl": "https://purl.stanford.edu/kj923kw6416", "title": "二万五千分一地形圖 四日市近傍", "ckey": 10561302, "available": true, "iiifUrl": "https://purl.stanford.edu/kj923kw6416/iiif/manifest" }, "geometry": { "type": "Polygon", "coordinates": [ [ [ 136.627778, 35.1666667 ], [ 136.752778, 35.1666667 ], [ 136.752778, 35.25 ], [ 136.627778, 35.25 ], [ 136.627778, 35.1666667 ] ] ] } },
{ "type": "Feature", "properties": { "Id": 0, "Sheet_ID": "彦根近傍 22", "label": "彦根近傍 22", "call_short": "0", "call_num": "0", "recid": "0", "websiteUrl": "0", "title": "0", "ckey": 0, "available": false, "iiifUrl": "0" }, "geometry": { "type": "Polygon", "coordinates": [ [ [ 136.002778, 34.916667 ], [ 136.127778, 34.916667 ], [ 136.127778, 35.0000003 ], [ 136.002778, 35.0000003 ], [ 136.002778, 34.916667 ] ] ] } },
{ "type": "Feature", "properties": { "Id": 0, "Sheet_ID": "彦根近傍 15", "label": "彦根近傍 15", "call_short": "G7960 S25 .J3", "call_num": "G7960 S25 .J3 41-15", "recid": "jk720sw0229", "websiteUrl": "https://purl.stanford.edu/jk720sw0229", "title": "二万五千分一地形圖 彦根近傍", "ckey": 10561302, "available": true, "iiifUrl": "https://purl.stanford.edu/jk720sw0229/iiif/manifest" }, "geometry": { "type": "Polygon", "coordinates": [ [ [ 136.127778, 34.916667 ], [ 136.252778, 34.916667 ], [ 136.252778, 35.0000003 ], [ 136.127778, 35.0000003 ], [ 136.127778, 34.916667 ] ] ] } },
{ "type": "Feature", "properties": { "Id": 0, "Sheet_ID": "彦根近傍 21", "label": "彦根近傍 21", "call_short": "G7960 S25 .J3", "call_num": "G7960 S25 .J3 41-21", "recid": "nn407jv1973", "websiteUrl": "https://purl.stanford.edu/nn407jv1973", "title": "二万五千分一地形圖 彦根近傍", "ckey": 10561302, "available": true, "iiifUrl": "https://purl.stanford.edu/nn407jv1973/iiif/manifest" }, "geometry": { "type": "Polygon", "coordinates": [ [ [ 136.002778, 35.0000003 ], [ 136.127778, 35.0000003 ], [ 136.127778, 35.0833336 ], [ 136.002778, 35.0833336 ], [ 136.002778, 35.0000003 ] ] ] } },
{ "type": "Feature", "properties": { "Id": 0, "Sheet_ID": "彦根近傍 14", "label": "彦根近傍 14", "call_short": "G7960 S25 .J3", "call_num": "G7960 S25 .J3 41-14", "recid": "yw992zd9372", "websiteUrl": "https://purl.stanford.edu/yw992zd9372", "title": "二万五千分一地形圖 彦根近傍", "ckey": 10561302, "available": true, "iiifUrl": "https://purl.stanford.edu/yw992zd9372/iiif/manifest" }, "geometry": { "type": "Polygon", "coordinates": [ [ [ 136.127778, 35.0000003 ], [ 136.252778, 35.0000003 ], [ 136.252778, 35.0833336 ], [ 136.127778, 35.0833336 ], [ 136.127778, 35.0000003 ] ] ] } },
{ "type": "Feature", "properties": { "Id": 0, "Sheet_ID": "彦根近傍 20", "label": "彦根近傍 20", "call_short": "G7960 S25 .J3", "call_num": "G7960 S25 .J3 41-20", "recid": "cn798gb6384", "websiteUrl": "https://purl.stanford.edu/cn798gb6384", "title": "二万五千分一地形圖 彦根近傍", "ckey": 10561302, "available": true, "iiifUrl": "https://purl.stanford.edu/cn798gb6384/iiif/manifest" }, "geometry": { "type": "Polygon", "coordinates": [ [ [ 136.002778, 35.0833336 ], [ 136.127778, 35.0833336 ], [ 136.127778, 35.1666669 ], [ 136.002778, 35.1666669 ], [ 136.002778, 35.0833336 ] ] ] } },
{ "type": "Feature", "properties": { "Id": 0, "Sheet_ID": "彦根近傍 13", "label": "彦根近傍 13", "call_short": "G7960 S25 .J3", "call_num": "G7960 S25 .J3 41-13", "recid": "rt748wg5701", "websiteUrl": "https://purl.stanford.edu/rt748wg5701", "title": "二万五千分一地形圖 彦根近傍", "ckey": 10561302, "available": true, "iiifUrl": "https://purl.stanford.edu/rt748wg5701/iiif/manifest" }, "geometry": { "type": "Polygon", "coordinates": [ [ [ 136.127778, 35.0833336 ], [ 136.252778, 35.0833336 ], [ 136.252778, 35.1666669 ], [ 136.127778, 35.1666669 ], [ 136.127778, 35.0833336 ] ] ] } },
{ "type": "Feature", "properties": { "Id": 0, "Sheet_ID": "彦根近傍 8", "label": "彦根近傍 8", "call_short": "0", "call_num": "0", "recid": "0", "websiteUrl": "0", "title": "0", "ckey": 0, "available": false, "iiifUrl": "0" }, "geometry": { "type": "Polygon", "coordinates": [ [ [ 136.252778, 35.0833336 ], [ 136.377778, 35.0833336 ], [ 136.377778, 35.1666669 ], [ 136.252778, 35.1666669 ], [ 136.252778, 35.0833336 ] ] ] } },
{ "type": "Feature", "properties": { "Id": 0, "Sheet_ID": "彦根近傍 19", "label": "彦根近傍 19", "call_short": "0", "call_num": "0", "recid": "0", "websiteUrl": "0", "title": "0", "ckey": 0, "available": false, "iiifUrl": "0" }, "geometry": { "type": "Polygon", "coordinates": [ [ [ 136.002778, 35.1666669 ], [ 136.127778, 35.1666669 ], [ 136.127778, 35.2500001 ], [ 136.002778, 35.2500001 ], [ 136.002778, 35.1666669 ] ] ] } },
{ "type": "Feature", "properties": { "Id": 0, "Sheet_ID": "彦根近傍 12", "label": "彦根近傍 12", "call_short": "0", "call_num": "0", "recid": "0", "websiteUrl": "0", "title": "0", "ckey": 0, "available": false, "iiifUrl": "0" }, "geometry": { "type": "Polygon", "coordinates": [ [ [ 136.127778, 35.1666669 ], [ 136.252778, 35.1666669 ], [ 136.252778, 35.2500001 ], [ 136.127778, 35.2500001 ], [ 136.127778, 35.1666669 ] ] ] } },
{ "type": "Feature", "properties": { "Id": 0, "Sheet_ID": "彦根近傍 7", "label": "彦根近傍 7", "call_short": "G7960 S25 .J3", "call_num": "G7960 S25 .J3 41-7", "recid": "gn184cv0831", "websiteUrl": "https://purl.stanford.edu/gn184cv0831", "title": "二万五千分一地形圖 彦根近傍", "ckey": 10561302, "available": true, "iiifUrl": "https://purl.stanford.edu/gn184cv0831/iiif/manifest" }, "geometry": { "type": "Polygon", "coordinates": [ [ [ 136.252778, 35.1666669 ], [ 136.377778, 35.1666669 ], [ 136.377778, 35.2500001 ], [ 136.252778, 35.2500001 ], [ 136.252778, 35.1666669 ] ] ] } },
{ "type": "Feature", "properties": { "Id": 0, "Sheet_ID": "彦根近傍 3", "label": "彦根近傍 3", "call_short": "G7960 S25 .J3", "call_num": "G7960 S25 .J3 41-3", "recid": "gt416ff6362", "websiteUrl": "https://purl.stanford.edu/gt416ff6362", "title": "二万五千分一地形圖 彦根近傍", "ckey": 10561302, "available": true, "iiifUrl": "https://purl.stanford.edu/gt416ff6362/iiif/manifest" }, "geometry": { "type": "Polygon", "coordinates": [ [ [ 136.377778, 35.1666669 ], [ 136.502778, 35.1666669 ], [ 136.502778, 35.2500001 ], [ 136.377778, 35.2500001 ], [ 136.377778, 35.1666669 ] ] ] } },
{ "type": "Feature", "properties": { "Id": 0, "Sheet_ID": "彦根近傍 25", "label": "彦根近傍 25", "call_short": "0", "call_num": "0", "recid": "0", "websiteUrl": "0", "title": "0", "ckey": 0, "available": false, "iiifUrl": "0" }, "geometry": { "type": "Polygon", "coordinates": [ [ [ 135.877778, 35.2500001 ], [ 136.002778, 35.2500001 ], [ 136.002778, 35.3333334 ], [ 135.877778, 35.3333334 ], [ 135.877778, 35.2500001 ] ] ] } },
{ "type": "Feature", "properties": { "Id": 0, "Sheet_ID": "彦根近傍 18", "label": "彦根近傍 18", "call_short": "G7960 S25 .J3", "call_num": "G7960 S25 .J3 41-18", "recid": "tt778zn8221", "websiteUrl": "https://purl.stanford.edu/tt778zn8221", "title": "二万五千分一地形圖 彦根近傍", "ckey": 10561302, "available": true, "iiifUrl": "https://purl.stanford.edu/tt778zn8221/iiif/manifest" }, "geometry": { "type": "Polygon", "coordinates": [ [ [ 136.002778, 35.2500001 ], [ 136.127778, 35.2500001 ], [ 136.127778, 35.3333334 ], [ 136.002778, 35.3333334 ], [ 136.002778, 35.2500001 ] ] ] } },
{ "type": "Feature", "properties": { "Id": 0, "Sheet_ID": "彦根近傍 11", "label": "彦根近傍 11", "call_short": "G7960 S25 .J3", "call_num": "G7960 S25 .J3 41-11", "recid": "gt117vk6918", "websiteUrl": "https://purl.stanford.edu/gt117vk6918", "title": "二万五千分一地形圖 彦根近傍", "ckey": 10561302, "available": true, "iiifUrl": "https://purl.stanford.edu/gt117vk6918/iiif/manifest" }, "geometry": { "type": "Polygon", "coordinates": [ [ [ 136.127778, 35.2500001 ], [ 136.252778, 35.2500001 ], [ 136.252778, 35.3333334 ], [ 136.127778, 35.3333334 ], [ 136.127778, 35.2500001 ] ] ] } },
{ "type": "Feature", "properties": { "Id": 0, "Sheet_ID": "彦根近傍 6", "label": "彦根近傍 6", "call_short": "G7960 S25 .J3", "call_num": "G7960 S25 .J3 41-6", "recid": "xk242dk7855", "websiteUrl": "https://purl.stanford.edu/xk242dk7855", "title": "二万五千分一地形圖 彦根近傍", "ckey": 10561302, "available": true, "iiifUrl": "https://purl.stanford.edu/xk242dk7855/iiif/manifest" }, "geometry": { "type": "Polygon", "coordinates": [ [ [ 136.252778, 35.2500001 ], [ 136.377778, 35.2500001 ], [ 136.377778, 35.3333334 ], [ 136.252778, 35.3333334 ], [ 136.252778, 35.2500001 ] ] ] } },
{ "type": "Feature", "properties": { "Id": 0, "Sheet_ID": "彦根近傍 2", "label": "彦根近傍 2", "call_short": "G7960 S25 .J3", "call_num": "G7960 S25 .J3 41-2", "recid": "fn770hc2757", "websiteUrl": "https://purl.stanford.edu/fn770hc2757", "title": "二万五千分一地形圖 彦根近傍", "ckey": 10561302, "available": true, "iiifUrl": "https://purl.stanford.edu/fn770hc2757/iiif/manifest" }, "geometry": { "type": "Polygon", "coordinates": [ [ [ 136.377778, 35.2500001 ], [ 136.502778, 35.2500001 ], [ 136.502778, 35.3333334 ], [ 136.377778, 35.3333334 ], [ 136.377778, 35.2500001 ] ] ] } },
{ "type": "Feature", "properties": { "Id": 0, "Sheet_ID": "彦根近傍 24", "label": "彦根近傍 24", "call_short": "0", "call_num": "0", "recid": "0", "websiteUrl": "0", "title": "0", "ckey": 0, "available": false, "iiifUrl": "0" }, "geometry": { "type": "Polygon", "coordinates": [ [ [ 135.877778, 35.3333334 ], [ 136.002778, 35.3333334 ], [ 136.002778, 35.4166667 ], [ 135.877778, 35.4166667 ], [ 135.877778, 35.3333334 ] ] ] } },
{ "type": "Feature", "properties": { "Id": 0, "Sheet_ID": "彦根近傍 17", "label": "彦根近傍 17", "call_short": "G7960 S25 .J3", "call_num": "G7960 S25 .J3 41-17", "recid": "tf939yx9143", "websiteUrl": "https://purl.stanford.edu/tf939yx9143", "title": "二万五千分一地形圖 彦根近傍", "ckey": 10561302, "available": true, "iiifUrl": "https://purl.stanford.edu/tf939yx9143/iiif/manifest" }, "geometry": { "type": "Polygon", "coordinates": [ [ [ 136.002778, 35.3333334 ], [ 136.127778, 35.3333334 ], [ 136.127778, 35.4166667 ], [ 136.002778, 35.4166667 ], [ 136.002778, 35.3333334 ] ] ] } },
{ "type": "Feature", "properties": { "Id": 0, "Sheet_ID": "彦根近傍 10", "label": "彦根近傍 10", "call_short": "G7960 S25 .J3", "call_num": "G7960 S25 .J3 41-10", "recid": "yb366tv7297", "websiteUrl": "https://purl.stanford.edu/yb366tv7297", "title": "二万五千分一地形圖 彦根近傍", "ckey": 10561302, "available": true, "iiifUrl": "https://purl.stanford.edu/yb366tv7297/iiif/manifest" }, "geometry": { "type": "Polygon", "coordinates": [ [ [ 136.127778, 35.3333334 ], [ 136.252778, 35.3333334 ], [ 136.252778, 35.4166667 ], [ 136.127778, 35.4166667 ], [ 136.127778, 35.3333334 ] ] ] } },
{ "type": "Feature", "properties": { "Id": 0, "Sheet_ID": "彦根近傍 5", "label": "彦根近傍 5", "call_short": "0", "call_num": "0", "recid": "0", "websiteUrl": "0", "title": "0", "ckey": 0, "available": false, "iiifUrl": "0" }, "geometry": { "type": "Polygon", "coordinates": [ [ [ 136.252778, 35.3333334 ], [ 136.377778, 35.3333334 ], [ 136.377778, 35.4166667 ], [ 136.252778, 35.4166667 ], [ 136.252778, 35.3333334 ] ] ] } },
{ "type": "Feature", "properties": { "Id": 0, "Sheet_ID": "彦根近傍 1", "label": "彦根近傍 1", "call_short": "G7960 S25 .J3", "call_num": "G7960 S25 .J3 41-1", "recid": "dr481dw1812", "websiteUrl": "https://purl.stanford.edu/dr481dw1812", "title": "二万五千分一地形圖 彦根近傍", "ckey": 10561302, "available": true, "iiifUrl": "https://purl.stanford.edu/dr481dw1812/iiif/manifest" }, "geometry": { "type": "Polygon", "coordinates": [ [ [ 136.377778, 35.3333334 ], [ 136.502778, 35.3333334 ], [ 136.502778, 35.4166667 ], [ 136.377778, 35.4166667 ], [ 136.377778, 35.3333334 ] ] ] } },
{ "type": "Feature", "properties": { "Id": 0, "Sheet_ID": "彦根近傍 23", "label": "彦根近傍 23", "call_short": "0", "call_num": "0", "recid": "0", "websiteUrl": "0", "title": "0", "ckey": 0, "available": false, "iiifUrl": "0" }, "geometry": { "type": "Polygon", "coordinates": [ [ [ 135.877778, 35.4166667 ], [ 136.002778, 35.4166667 ], [ 136.002778, 35.5 ], [ 135.877778, 35.5 ], [ 135.877778, 35.4166667 ] ] ] } },
{ "type": "Feature", "properties": { "Id": 0, "Sheet_ID": "彦根近傍 16", "label": "彦根近傍 16", "call_short": "G7960 S25 .J3", "call_num": "G7960 S25 .J3 41-16", "recid": "nf617zh4207", "websiteUrl": "https://purl.stanford.edu/nf617zh4207", "title": "二万五千分一地形圖 彦根近傍", "ckey": 10561302, "available": true, "iiifUrl": "https://purl.stanford.edu/nf617zh4207/iiif/manifest" }, "geometry": { "type": "Polygon", "coordinates": [ [ [ 136.002778, 35.4166667 ], [ 136.127778, 35.4166667 ], [ 136.127778, 35.5 ], [ 136.002778, 35.5 ], [ 136.002778, 35.4166667 ] ] ] } },
{ "type": "Feature", "properties": { "Id": 0, "Sheet_ID": "彦根近傍 9", "label": "彦根近傍 9", "call_short": "0", "call_num": "0", "recid": "0", "websiteUrl": "0", "title": "0", "ckey": 0, "available": false, "iiifUrl": "0" }, "geometry": { "type": "Polygon", "coordinates": [ [ [ 136.127778, 35.4166667 ], [ 136.252778, 35.4166667 ], [ 136.252778, 35.5 ], [ 136.127778, 35.5 ], [ 136.127778, 35.4166667 ] ] ] } },
{ "type": "Feature", "properties": { "Id": 0, "Sheet_ID": "彦根近傍 4", "label": "彦根近傍 4", "call_short": "0", "call_num": "0", "recid": "0", "websiteUrl": "0", "title": "0", "ckey": 0, "available": false, "iiifUrl": "0" }, "geometry": { "type": "Polygon", "coordinates": [ [ [ 136.252778, 35.4166667 ], [ 136.377778, 35.4166667 ], [ 136.377778, 35.5 ], [ 136.252778, 35.5 ], [ 136.252778, 35.4166667 ] ] ] } },
{ "type": "Feature", "properties": { "Id": 0, "Sheet_ID": "京都近傍 16", "label": "京都近傍 16", "call_short": "0", "call_num": "0", "recid": "0", "websiteUrl": "0", "title": "0", "ckey": 0, "available": false, "iiifUrl": "0" }, "geometry": { "type": "Polygon", "coordinates": [ [ [ 135.502778, 34.833333 ], [ 135.627778, 34.833333 ], [ 135.627778, 34.9166665 ], [ 135.502778, 34.9166665 ], [ 135.502778, 34.833333 ] ] ] } },
{ "type": "Feature", "properties": { "Id": 0, "Sheet_ID": "京都近傍 12", "label": "京都近傍 12", "call_short": "0", "call_num": "0", "recid": "0", "websiteUrl": "0", "title": "0", "ckey": 0, "available": false, "iiifUrl": "0" }, "geometry": { "type": "Polygon", "coordinates": [ [ [ 135.627778, 34.833333 ], [ 135.752778, 34.833333 ], [ 135.752778, 34.9166665 ], [ 135.627778, 34.9166665 ], [ 135.627778, 34.833333 ] ] ] } },
{ "type": "Feature", "properties": { "Id": 0, "Sheet_ID": "京都近傍 8", "label": "京都近傍 8", "call_short": "0", "call_num": "0", "recid": "0", "websiteUrl": "0", "title": "0", "ckey": 0, "available": false, "iiifUrl": "0" }, "geometry": { "type": "Polygon", "coordinates": [ [ [ 135.752778, 34.833333 ], [ 135.877778, 34.833333 ], [ 135.877778, 34.9166665 ], [ 135.752778, 34.9166665 ], [ 135.752778, 34.833333 ] ] ] } },
{ "type": "Feature", "properties": { "Id": 0, "Sheet_ID": "京都近傍 4", "label": "京都近傍 4", "call_short": "G7960 S25 .J3", "call_num": "G7960 S25 .J3 44-4", "recid": "yh217qk6113", "websiteUrl": "https://purl.stanford.edu/yh217qk6113", "title": "二万五千分一地形圖 京都近傍", "ckey": 10561302, "available": true, "iiifUrl": "https://purl.stanford.edu/yh217qk6113/iiif/manifest" }, "geometry": { "type": "Polygon", "coordinates": [ [ [ 135.877778, 34.833333 ], [ 136.002778, 34.833333 ], [ 136.002778, 34.9166665 ], [ 135.877778, 34.9166665 ], [ 135.877778, 34.833333 ] ] ] } },
{ "type": "Feature", "properties": { "Id": 0, "Sheet_ID": "京都近傍 15", "label": "京都近傍 15", "call_short": "0", "call_num": "0", "recid": "0", "websiteUrl": "0", "title": "0", "ckey": 0, "available": false, "iiifUrl": "0" }, "geometry": { "type": "Polygon", "coordinates": [ [ [ 135.502778, 34.9166665 ], [ 135.627778, 34.9166665 ], [ 135.627778, 35.0 ], [ 135.502778, 35.0 ], [ 135.502778, 34.9166665 ] ] ] } },
{ "type": "Feature", "properties": { "Id": 0, "Sheet_ID": "京都近傍 11", "label": "京都近傍 11", "call_short": "G7960 S25 .J3", "call_num": "G7960 S25 .J3 44-11", "recid": "rw236dh1986", "websiteUrl": "https://purl.stanford.edu/rw236dh1986", "title": "二万五千分一地形圖 京都近傍", "ckey": 10561302, "available": true, "iiifUrl": "https://purl.stanford.edu/rw236dh1986/iiif/manifest" }, "geometry": { "type": "Polygon", "coordinates": [ [ [ 135.627778, 34.9166665 ], [ 135.752778, 34.9166665 ], [ 135.752778, 35.0 ], [ 135.627778, 35.0 ], [ 135.627778, 34.9166665 ] ] ] } },
{ "type": "Feature", "properties": { "Id": 0, "Sheet_ID": "京都近傍 7", "label": "京都近傍 7", "call_short": "G7960 S25 .J3", "call_num": "G7960 S25 .J3 44-7", "recid": "xk687yp0207", "websiteUrl": "https://purl.stanford.edu/xk687yp0207", "title": "二万五千分一地形圖 京都近傍", "ckey": 10561302, "available": true, "iiifUrl": "https://purl.stanford.edu/xk687yp0207/iiif/manifest" }, "geometry": { "type": "Polygon", "coordinates": [ [ [ 135.752778, 34.9166665 ], [ 135.877778, 34.9166665 ], [ 135.877778, 35.0 ], [ 135.752778, 35.0 ], [ 135.752778, 34.9166665 ] ] ] } },
{ "type": "Feature", "properties": { "Id": 0, "Sheet_ID": "京都近傍 3", "label": "京都近傍 3", "call_short": "G7960 S25 .J3", "call_num": "G7960 S25 .J3 44-3", "recid": "bk486bx9923", "websiteUrl": "https://purl.stanford.edu/bk486bx9923", "title": "二万五千分一地形圖 京都近傍", "ckey": 10561302, "available": true, "iiifUrl": "https://purl.stanford.edu/bk486bx9923/iiif/manifest" }, "geometry": { "type": "Polygon", "coordinates": [ [ [ 135.877778, 34.9166665 ], [ 136.002778, 34.9166665 ], [ 136.002778, 35.0 ], [ 135.877778, 35.0 ], [ 135.877778, 34.9166665 ] ] ] } },
{ "type": "Feature", "properties": { "Id": 0, "Sheet_ID": "京都近傍 14", "label": "京都近傍 14", "call_short": "G7960 S25 .J3", "call_num": "G7960 S25 .J3 44-14", "recid": "nt808vj9895", "websiteUrl": "https://purl.stanford.edu/nt808vj9895", "title": "二万五千分一地形圖 京都近傍", "ckey": 10561302, "available": true, "iiifUrl": "https://purl.stanford.edu/nt808vj9895/iiif/manifest" }, "geometry": { "type": "Polygon", "coordinates": [ [ [ 135.502778, 35.0 ], [ 135.627778, 35.0 ], [ 135.627778, 35.0833335 ], [ 135.502778, 35.0833335 ], [ 135.502778, 35.0 ] ] ] } },
{ "type": "Feature", "properties": { "Id": 0, "Sheet_ID": "京都近傍 10", "label": "京都近傍 10", "call_short": "0", "call_num": "0", "recid": "0", "websiteUrl": "0", "title": "0", "ckey": 0, "available": false, "iiifUrl": "0" }, "geometry": { "type": "Polygon", "coordinates": [ [ [ 135.627778, 35.0 ], [ 135.752778, 35.0 ], [ 135.752778, 35.0833335 ], [ 135.627778, 35.0833335 ], [ 135.627778, 35.0 ] ] ] } },
{ "type": "Feature", "properties": { "Id": 0, "Sheet_ID": "京都近傍 6", "label": "京都近傍 6", "call_short": "0", "call_num": "0", "recid": "0", "websiteUrl": "0", "title": "0", "ckey": 0, "available": false, "iiifUrl": "0" }, "geometry": { "type": "Polygon", "coordinates": [ [ [ 135.752778, 35.0 ], [ 135.877778, 35.0 ], [ 135.877778, 35.0833335 ], [ 135.752778, 35.0833335 ], [ 135.752778, 35.0 ] ] ] } },
{ "type": "Feature", "properties": { "Id": 0, "Sheet_ID": "京都近傍 2", "label": "京都近傍 2", "call_short": "0", "call_num": "0", "recid": "0", "websiteUrl": "0", "title": "0", "ckey": 0, "available": false, "iiifUrl": "0" }, "geometry": { "type": "Polygon", "coordinates": [ [ [ 135.877778, 35.0 ], [ 136.002778, 35.0 ], [ 136.002778, 35.0833335 ], [ 135.877778, 35.0833335 ], [ 135.877778, 35.0 ] ] ] } },
{ "type": "Feature", "properties": { "Id": 0, "Sheet_ID": "京都近傍 13", "label": "京都近傍 13", "call_short": "0", "call_num": "0", "recid": "0", "websiteUrl": "0", "title": "0", "ckey": 0, "available": false, "iiifUrl": "0" }, "geometry": { "type": "Polygon", "coordinates": [ [ [ 135.502778, 35.0833335 ], [ 135.627778, 35.0833335 ], [ 135.627778, 35.166667 ], [ 135.502778, 35.166667 ], [ 135.502778, 35.0833335 ] ] ] } },
{ "type": "Feature", "properties": { "Id": 0, "Sheet_ID": "京都近傍 9", "label": "京都近傍 9", "call_short": "0", "call_num": "0", "recid": "0", "websiteUrl": "0", "title": "0", "ckey": 0, "available": false, "iiifUrl": "0" }, "geometry": { "type": "Polygon", "coordinates": [ [ [ 135.627778, 35.0833335 ], [ 135.752778, 35.0833335 ], [ 135.752778, 35.166667 ], [ 135.627778, 35.166667 ], [ 135.627778, 35.0833335 ] ] ] } },
{ "type": "Feature", "properties": { "Id": 0, "Sheet_ID": "京都近傍 5", "label": "京都近傍 5", "call_short": "G7960 S25 .J3", "call_num": "G7960 S25 .J3 44-5", "recid": "md021bz1773", "websiteUrl": "https://purl.stanford.edu/md021bz1773", "title": "二万五千分一地形圖 京都近傍", "ckey": 10561302, "available": true, "iiifUrl": "https://purl.stanford.edu/md021bz1773/iiif/manifest" }, "geometry": { "type": "Polygon", "coordinates": [ [ [ 135.752778, 35.0833335 ], [ 135.877778, 35.0833335 ], [ 135.877778, 35.166667 ], [ 135.752778, 35.166667 ], [ 135.752778, 35.0833335 ] ] ] } },
{ "type": "Feature", "properties": { "Id": 0, "Sheet_ID": "京都近傍 1", "label": "京都近傍 1", "call_short": "0", "call_num": "0", "recid": "0", "websiteUrl": "0", "title": "0", "ckey": 0, "available": false, "iiifUrl": "0" }, "geometry": { "type": "Polygon", "coordinates": [ [ [ 135.877778, 35.0833335 ], [ 136.002778, 35.0833335 ], [ 136.002778, 35.166667 ], [ 135.877778, 35.166667 ], [ 135.877778, 35.0833335 ] ] ] } },
{ "type": "Feature", "properties": { "Id": 0, "Sheet_ID": "奈良近傍 10", "label": "奈良近傍 10", "call_short": "G7960 S25 .J3", "call_num": "G7960 S25 .J3 45-10", "recid": "ff757pm2307", "websiteUrl": "https://purl.stanford.edu/ff757pm2307", "title": "二万五千分一地形圖 奈良近傍", "ckey": 10561302, "available": true, "iiifUrl": "https://purl.stanford.edu/ff757pm2307/iiif/manifest" }, "geometry": { "type": "Polygon", "coordinates": [ [ [ 135.752778, 34.416667 ], [ 135.877778, 34.416667 ], [ 135.877778, 34.5000002 ], [ 135.752778, 34.5000002 ], [ 135.752778, 34.416667 ] ] ] } },
{ "type": "Feature", "properties": { "Id": 0, "Sheet_ID": "奈良近傍 5", "label": "奈良近傍 5", "call_short": "G7960 S25 .J3", "call_num": "G7960 S25 .J3 45-5", "recid": "kj467qk7672", "websiteUrl": "https://purl.stanford.edu/kj467qk7672", "title": "二万五千分一地形圖 奈良近傍", "ckey": 10561302, "available": true, "iiifUrl": "https://purl.stanford.edu/kj467qk7672/iiif/manifest" }, "geometry": { "type": "Polygon", "coordinates": [ [ [ 135.877778, 34.416667 ], [ 136.002778, 34.416667 ], [ 136.002778, 34.5000002 ], [ 135.877778, 34.5000002 ], [ 135.877778, 34.416667 ] ] ] } },
{ "type": "Feature", "properties": { "Id": 0, "Sheet_ID": "奈良近傍 9", "label": "奈良近傍 9", "call_short": "G7960 S25 .J3", "call_num": "G7960 S25 .J3 45-9", "recid": "xc896yg5440", "websiteUrl": "https://purl.stanford.edu/xc896yg5440", "title": "二万五千分一地形圖 奈良近傍", "ckey": 10561302, "available": true, "iiifUrl": "https://purl.stanford.edu/xc896yg5440/iiif/manifest" }, "geometry": { "type": "Polygon", "coordinates": [ [ [ 135.752778, 34.5000002 ], [ 135.877778, 34.5000002 ], [ 135.877778, 34.5833334 ], [ 135.752778, 34.5833334 ], [ 135.752778, 34.5000002 ] ] ] } },
{ "type": "Feature", "properties": { "Id": 0, "Sheet_ID": "奈良近傍 4", "label": "奈良近傍 4", "call_short": "G7960 S25 .J3", "call_num": "G7960 S25 .J3 45-4", "recid": "sy957pg5165", "websiteUrl": "https://purl.stanford.edu/sy957pg5165", "title": "二万五千分一地形圖 奈良近傍", "ckey": 10561302, "available": true, "iiifUrl": "https://purl.stanford.edu/sy957pg5165/iiif/manifest" }, "geometry": { "type": "Polygon", "coordinates": [ [ [ 135.877778, 34.5000002 ], [ 136.002778, 34.5000002 ], [ 136.002778, 34.5833334 ], [ 135.877778, 34.5833334 ], [ 135.877778, 34.5000002 ] ] ] } },
{ "type": "Feature", "properties": { "Id": 0, "Sheet_ID": "奈良近傍 8", "label": "奈良近傍 8", "call_short": "0", "call_num": "0", "recid": "0", "websiteUrl": "0", "title": "0", "ckey": 0, "available": false, "iiifUrl": "0" }, "geometry": { "type": "Polygon", "coordinates": [ [ [ 135.752778, 34.5833334 ], [ 135.877778, 34.5833334 ], [ 135.877778, 34.6666666 ], [ 135.752778, 34.6666666 ], [ 135.752778, 34.5833334 ] ] ] } },
{ "type": "Feature", "properties": { "Id": 0, "Sheet_ID": "奈良近傍 3", "label": "奈良近傍 3", "call_short": "G7960 S25 .J3", "call_num": "G7960 S25 .J3 45-3", "recid": "db995wv6753", "websiteUrl": "https://purl.stanford.edu/db995wv6753", "title": "二万五千分一地形圖 奈良近傍", "ckey": 10561302, "available": true, "iiifUrl": "https://purl.stanford.edu/db995wv6753/iiif/manifest" }, "geometry": { "type": "Polygon", "coordinates": [ [ [ 135.877778, 34.5833334 ], [ 136.002778, 34.5833334 ], [ 136.002778, 34.6666666 ], [ 135.877778, 34.6666666 ], [ 135.877778, 34.5833334 ] ] ] } },
{ "type": "Feature", "properties": { "Id": 0, "Sheet_ID": "奈良近傍 7", "label": "奈良近傍 7", "call_short": "G7960 S25 .J3", "call_num": "G7960 S25 .J3 45-7", "recid": "jm693cx1382", "websiteUrl": "https://purl.stanford.edu/jm693cx1382", "title": "二万五千分一地形圖 奈良近傍", "ckey": 10561302, "available": true, "iiifUrl": "https://purl.stanford.edu/jm693cx1382/iiif/manifest" }, "geometry": { "type": "Polygon", "coordinates": [ [ [ 135.752778, 34.6666666 ], [ 135.877778, 34.6666666 ], [ 135.877778, 34.7499998 ], [ 135.752778, 34.7499998 ], [ 135.752778, 34.6666666 ] ] ] } },
{ "type": "Feature", "properties": { "Id": 0, "Sheet_ID": "奈良近傍 2", "label": "奈良近傍 2", "call_short": "0", "call_num": "0", "recid": "0", "websiteUrl": "0", "title": "0", "ckey": 0, "available": false, "iiifUrl": "0" }, "geometry": { "type": "Polygon", "coordinates": [ [ [ 135.877778, 34.6666666 ], [ 136.002778, 34.6666666 ], [ 136.002778, 34.7499998 ], [ 135.877778, 34.7499998 ], [ 135.877778, 34.6666666 ] ] ] } },
{ "type": "Feature", "properties": { "Id": 0, "Sheet_ID": "奈良近傍 6", "label": "奈良近傍 6", "call_short": "G7960 S25 .J3", "call_num": "G7960 S25 .J3 45-6", "recid": "cq765rf1182", "websiteUrl": "https://purl.stanford.edu/cq765rf1182", "title": "二万五千分一地形圖 奈良近傍", "ckey": 10561302, "available": true, "iiifUrl": "https://purl.stanford.edu/cq765rf1182/iiif/manifest" }, "geometry": { "type": "Polygon", "coordinates": [ [ [ 135.752778, 34.7499998 ], [ 135.877778, 34.7499998 ], [ 135.877778, 34.833333 ], [ 135.752778, 34.833333 ], [ 135.752778, 34.7499998 ] ] ] } },
{ "type": "Feature", "properties": { "Id": 0, "Sheet_ID": "奈良近傍 1", "label": "奈良近傍 1", "call_short": "G7960 S25 .J3", "call_num": "G7960 S25 .J3 45-1", "recid": "gp955dz1643", "websiteUrl": "https://purl.stanford.edu/gp955dz1643", "title": "二万五千分一地形圖 奈良近傍", "ckey": 10561302, "available": true, "iiifUrl": "https://purl.stanford.edu/gp955dz1643/iiif/manifest" }, "geometry": { "type": "Polygon", "coordinates": [ [ [ 135.877778, 34.7499998 ], [ 136.002778, 34.7499998 ], [ 136.002778, 34.833333 ], [ 135.877778, 34.833333 ], [ 135.877778, 34.7499998 ] ] ] } },
{ "type": "Feature", "properties": { "Id": 0, "Sheet_ID": "大阪近傍 24", "label": "大阪近傍 24", "call_short": "0", "call_num": "0", "recid": "0", "websiteUrl": "0", "title": "0", "ckey": 0, "available": false, "iiifUrl": "0" }, "geometry": { "type": "Polygon", "coordinates": [ [ [ 135.252778, 34.333333 ], [ 135.377778, 34.333333 ], [ 135.377778, 34.4166664 ], [ 135.252778, 34.4166664 ], [ 135.252778, 34.333333 ] ] ] } },
{ "type": "Feature", "properties": { "Id": 0, "Sheet_ID": "大阪近傍 19", "label": "大阪近傍 19", "call_short": "0", "call_num": "0", "recid": "0", "websiteUrl": "0", "title": "0", "ckey": 0, "available": false, "iiifUrl": "0" }, "geometry": { "type": "Polygon", "coordinates": [ [ [ 135.377778, 34.333333 ], [ 135.502778, 34.333333 ], [ 135.502778, 34.4166664 ], [ 135.377778, 34.4166664 ], [ 135.377778, 34.333333 ] ] ] } },
{ "type": "Feature", "properties": { "Id": 0, "Sheet_ID": "大阪近傍 12", "label": "大阪近傍 12", "call_short": "G7960 S25 .J3", "call_num": "G7960 S25 .J3 46-12", "recid": "hf355kj8472", "websiteUrl": "https://purl.stanford.edu/hf355kj8472", "title": "二万五千分一地形圖 大阪近傍", "ckey": 10561302, "available": true, "iiifUrl": "https://purl.stanford.edu/hf355kj8472/iiif/manifest" }, "geometry": { "type": "Polygon", "coordinates": [ [ [ 135.502778, 34.333333 ], [ 135.627778, 34.333333 ], [ 135.627778, 34.4166664 ], [ 135.502778, 34.4166664 ], [ 135.502778, 34.333333 ] ] ] } },
{ "type": "Feature", "properties": { "Id": 0, "Sheet_ID": "大阪近傍 6", "label": "大阪近傍 6", "call_short": "G7960 S25 .J3", "call_num": "G7960 S25 .J3 46-6", "recid": "sm265yh4534", "websiteUrl": "https://purl.stanford.edu/sm265yh4534", "title": "二万五千分一地形圖 大阪近傍", "ckey": 10561302, "available": true, "iiifUrl": "https://purl.stanford.edu/sm265yh4534/iiif/manifest" }, "geometry": { "type": "Polygon", "coordinates": [ [ [ 135.627778, 34.333333 ], [ 135.752778, 34.333333 ], [ 135.752778, 34.4166664 ], [ 135.627778, 34.4166664 ], [ 135.627778, 34.333333 ] ] ] } },
{ "type": "Feature", "properties": { "Id": 0, "Sheet_ID": "大阪近傍 23", "label": "大阪近傍 23", "call_short": "G7960 S25 .J3", "call_num": "G7960 S25 .J3 46-23", "recid": "fg273ft1462", "websiteUrl": "https://purl.stanford.edu/fg273ft1462", "title": "二万五千分一地形圖 大阪近傍", "ckey": 10561302, "available": true, "iiifUrl": "https://purl.stanford.edu/fg273ft1462/iiif/manifest" }, "geometry": { "type": "Polygon", "coordinates": [ [ [ 135.252778, 34.4166664 ], [ 135.377778, 34.4166664 ], [ 135.377778, 34.4999999 ], [ 135.252778, 34.4999999 ], [ 135.252778, 34.4166664 ] ] ] } },
{ "type": "Feature", "properties": { "Id": 0, "Sheet_ID": "大阪近傍 18", "label": "大阪近傍 18", "call_short": "G7960 S25 .J3", "call_num": "G7960 S25 .J3 46-18", "recid": "zh996wb9208", "websiteUrl": "https://purl.stanford.edu/zh996wb9208", "title": "二万五千分一地形圖 大阪近傍", "ckey": 10561302, "available": true, "iiifUrl": "https://purl.stanford.edu/zh996wb9208/iiif/manifest" }, "geometry": { "type": "Polygon", "coordinates": [ [ [ 135.377778, 34.4166664 ], [ 135.502778, 34.4166664 ], [ 135.502778, 34.4999999 ], [ 135.377778, 34.4999999 ], [ 135.377778, 34.4166664 ] ] ] } },
{ "type": "Feature", "properties": { "Id": 0, "Sheet_ID": "大阪近傍 11", "label": "大阪近傍 11", "call_short": "G7960 S25 .J3", "call_num": "G7960 S25 .J3 46-11", "recid": "yr827bc1993", "websiteUrl": "https://purl.stanford.edu/yr827bc1993", "title": "二万五千分一地形圖 大阪近傍", "ckey": 10561302, "available": true, "iiifUrl": "https://purl.stanford.edu/yr827bc1993/iiif/manifest" }, "geometry": { "type": "Polygon", "coordinates": [ [ [ 135.502778, 34.4166664 ], [ 135.627778, 34.4166664 ], [ 135.627778, 34.4999999 ], [ 135.502778, 34.4999999 ], [ 135.502778, 34.4166664 ] ] ] } },
{ "type": "Feature", "properties": { "Id": 0, "Sheet_ID": "大阪近傍 5", "label": "大阪近傍 5", "call_short": "0", "call_num": "0", "recid": "0", "websiteUrl": "0", "title": "0", "ckey": 0, "available": false, "iiifUrl": "0" }, "geometry": { "type": "Polygon", "coordinates": [ [ [ 135.627778, 34.4166664 ], [ 135.752778, 34.4166664 ], [ 135.752778, 34.4999999 ], [ 135.627778, 34.4999999 ], [ 135.627778, 34.4166664 ] ] ] } },
{ "type": "Feature", "properties": { "Id": 0, "Sheet_ID": "大阪近傍 17", "label": "大阪近傍 17", "call_short": "G7960 S25 .J3", "call_num": "G7960 S25 .J3 46-17", "recid": "zn543dz5031", "websiteUrl": "https://purl.stanford.edu/zn543dz5031", "title": "二万五千分一地形圖 大阪近傍", "ckey": 10561302, "available": true, "iiifUrl": "https://purl.stanford.edu/zn543dz5031/iiif/manifest" }, "geometry": { "type": "Polygon", "coordinates": [ [ [ 135.377778, 34.4999999 ], [ 135.502778, 34.4999999 ], [ 135.502778, 34.5833333 ], [ 135.377778, 34.5833333 ], [ 135.377778, 34.4999999 ] ] ] } },
{ "type": "Feature", "properties": { "Id": 0, "Sheet_ID": "大阪近傍 10", "label": "大阪近傍 10", "call_short": "G7960 S25 .J3", "call_num": "G7960 S25 .J3 46-10", "recid": "dg252rr3185", "websiteUrl": "https://purl.stanford.edu/dg252rr3185", "title": "二万五千分一地形圖 大阪近傍", "ckey": 10561302, "available": true, "iiifUrl": "https://purl.stanford.edu/dg252rr3185/iiif/manifest" }, "geometry": { "type": "Polygon", "coordinates": [ [ [ 135.502778, 34.4999999 ], [ 135.627778, 34.4999999 ], [ 135.627778, 34.5833333 ], [ 135.502778, 34.5833333 ], [ 135.502778, 34.4999999 ] ] ] } },
{ "type": "Feature", "properties": { "Id": 0, "Sheet_ID": "大阪近傍 4", "label": "大阪近傍 4", "call_short": "G7960 S25 .J3", "call_num": "G7960 S25 .J3 46-4", "recid": "wk654mq9576", "websiteUrl": "https://purl.stanford.edu/wk654mq9576", "title": "二万五千分一地形圖 大阪近傍", "ckey": 10561302, "available": true, "iiifUrl": "https://purl.stanford.edu/wk654mq9576/iiif/manifest" }, "geometry": { "type": "Polygon", "coordinates": [ [ [ 135.627778, 34.4999999 ], [ 135.752778, 34.4999999 ], [ 135.752778, 34.5833333 ], [ 135.627778, 34.5833333 ], [ 135.627778, 34.4999999 ] ] ] } },
{ "type": "Feature", "properties": { "Id": 0, "Sheet_ID": "大阪近傍 16", "label": "大阪近傍 16", "call_short": "G7960 S25 .J3", "call_num": "G7960 S25 .J3 46-16", "recid": "mm432jq0413", "websiteUrl": "https://purl.stanford.edu/mm432jq0413", "title": "二万五千分一地形圖 大阪近傍", "ckey": 10561302, "available": true, "iiifUrl": "https://purl.stanford.edu/mm432jq0413/iiif/manifest" }, "geometry": { "type": "Polygon", "coordinates": [ [ [ 135.377778, 34.5833333 ], [ 135.502778, 34.5833333 ], [ 135.502778, 34.6666667 ], [ 135.377778, 34.6666667 ], [ 135.377778, 34.5833333 ] ] ] } },
{ "type": "Feature", "properties": { "Id": 0, "Sheet_ID": "大阪近傍 9", "label": "大阪近傍 9", "call_short": "0", "call_num": "0", "recid": "0", "websiteUrl": "0", "title": "0", "ckey": 0, "available": false, "iiifUrl": "0" }, "geometry": { "type": "Polygon", "coordinates": [ [ [ 135.502778, 34.5833333 ], [ 135.627778, 34.5833333 ], [ 135.627778, 34.6666667 ], [ 135.502778, 34.6666667 ], [ 135.502778, 34.5833333 ] ] ] } },
{ "type": "Feature", "properties": { "Id": 0, "Sheet_ID": "大阪近傍 3", "label": "大阪近傍 3", "call_short": "G7960 S25 .J3", "call_num": "G7960 S25 .J3 46-3", "recid": "rj884yq1655", "websiteUrl": "https://purl.stanford.edu/rj884yq1655", "title": "二万五千分一地形圖 大阪近傍", "ckey": 10561302, "available": true, "iiifUrl": "https://purl.stanford.edu/rj884yq1655/iiif/manifest" }, "geometry": { "type": "Polygon", "coordinates": [ [ [ 135.627778, 34.5833333 ], [ 135.752778, 34.5833333 ], [ 135.752778, 34.6666667 ], [ 135.627778, 34.6666667 ], [ 135.627778, 34.5833333 ] ] ] } },
{ "type": "Feature", "properties": { "Id": 0, "Sheet_ID": "大阪近傍 22", "label": "大阪近傍 22", "call_short": "G7960 S25 .J3", "call_num": "G7960 S25 .J3 46-22", "recid": "xy376wh1619", "websiteUrl": "https://purl.stanford.edu/xy376wh1619", "title": "二万五千分一地形圖 大阪近傍", "ckey": 10561302, "available": true, "iiifUrl": "https://purl.stanford.edu/xy376wh1619/iiif/manifest" }, "geometry": { "type": "Polygon", "coordinates": [ [ [ 135.252778, 34.6666667 ], [ 135.377778, 34.6666667 ], [ 135.377778, 34.7500001 ], [ 135.252778, 34.7500001 ], [ 135.252778, 34.6666667 ] ] ] } },
{ "type": "Feature", "properties": { "Id": 0, "Sheet_ID": "大阪近傍 15", "label": "大阪近傍 15", "call_short": "0", "call_num": "0", "recid": "0", "websiteUrl": "0", "title": "0", "ckey": 0, "available": false, "iiifUrl": "0" }, "geometry": { "type": "Polygon", "coordinates": [ [ [ 135.377778, 34.6666667 ], [ 135.502778, 34.6666667 ], [ 135.502778, 34.7500001 ], [ 135.377778, 34.7500001 ], [ 135.377778, 34.6666667 ] ] ] } },
{ "type": "Feature", "properties": { "Id": 0, "Sheet_ID": "大阪近傍 8", "label": "大阪近傍 8", "call_short": "G7960 S25 .J3", "call_num": "G7960 S25 .J3 46-8", "recid": "vp416ft5604", "websiteUrl": "https://purl.stanford.edu/vp416ft5604", "title": "二万五千分一地形圖 大阪近傍", "ckey": 10561302, "available": true, "iiifUrl": "https://purl.stanford.edu/vp416ft5604/iiif/manifest" }, "geometry": { "type": "Polygon", "coordinates": [ [ [ 135.502778, 34.6666667 ], [ 135.627778, 34.6666667 ], [ 135.627778, 34.7500001 ], [ 135.502778, 34.7500001 ], [ 135.502778, 34.6666667 ] ] ] } },
{ "type": "Feature", "properties": { "Id": 0, "Sheet_ID": "大阪近傍 2", "label": "大阪近傍 2", "call_short": "G7960 S25 .J3", "call_num": "G7960 S25 .J3 46-2", "recid": "py842rs5736", "websiteUrl": "https://purl.stanford.edu/py842rs5736", "title": "二万五千分一地形圖 大阪近傍", "ckey": 10561302, "available": true, "iiifUrl": "https://purl.stanford.edu/py842rs5736/iiif/manifest" }, "geometry": { "type": "Polygon", "coordinates": [ [ [ 135.627778, 34.6666667 ], [ 135.752778, 34.6666667 ], [ 135.752778, 34.7500001 ], [ 135.627778, 34.7500001 ], [ 135.627778, 34.6666667 ] ] ] } },
{ "type": "Feature", "properties": { "Id": 0, "Sheet_ID": "大阪近傍 21", "label": "大阪近傍 21", "call_short": "G7960 S25 .J3", "call_num": "G7960 S25 .J3 46-21", "recid": "cq586mh9878", "websiteUrl": "https://purl.stanford.edu/cq586mh9878", "title": "二万五千分一地形圖 大阪近傍", "ckey": 10561302, "available": true, "iiifUrl": "https://purl.stanford.edu/cq586mh9878/iiif/manifest" }, "geometry": { "type": "Polygon", "coordinates": [ [ [ 135.252778, 34.7500001 ], [ 135.377778, 34.7500001 ], [ 135.377778, 34.8333336 ], [ 135.252778, 34.8333336 ], [ 135.252778, 34.7500001 ] ] ] } },
{ "type": "Feature", "properties": { "Id": 0, "Sheet_ID": "大阪近傍 14", "label": "大阪近傍 14", "call_short": "G7960 S25 .J3", "call_num": "G7960 S25 .J3 46-14", "recid": "bz375yr1653", "websiteUrl": "https://purl.stanford.edu/bz375yr1653", "title": "二万五千分一地形圖 大阪近傍", "ckey": 10561302, "available": true, "iiifUrl": "https://purl.stanford.edu/bz375yr1653/iiif/manifest" }, "geometry": { "type": "Polygon", "coordinates": [ [ [ 135.377778, 34.7500001 ], [ 135.502778, 34.7500001 ], [ 135.502778, 34.8333336 ], [ 135.377778, 34.8333336 ], [ 135.377778, 34.7500001 ] ] ] } },
{ "type": "Feature", "properties": { "Id": 0, "Sheet_ID": "大阪近傍 7", "label": "大阪近傍 7", "call_short": "G7960 S25 .J3", "call_num": "G7960 S25 .J3 46-7", "recid": "wp949np2638", "websiteUrl": "https://purl.stanford.edu/wp949np2638", "title": "二万五千分一地形圖 大阪近傍", "ckey": 10561302, "available": true, "iiifUrl": "https://purl.stanford.edu/wp949np2638/iiif/manifest" }, "geometry": { "type": "Polygon", "coordinates": [ [ [ 135.502778, 34.7500001 ], [ 135.627778, 34.7500001 ], [ 135.627778, 34.8333336 ], [ 135.502778, 34.8333336 ], [ 135.502778, 34.7500001 ] ] ] } },
{ "type": "Feature", "properties": { "Id": 0, "Sheet_ID": "大阪近傍 1", "label": "大阪近傍 1", "call_short": "G7960 S25 .J3", "call_num": "G7960 S25 .J3 46-1", "recid": "sk812bn3642", "websiteUrl": "https://purl.stanford.edu/sk812bn3642", "title": "二万五千分一地形圖 大阪近傍", "ckey": 10561302, "available": true, "iiifUrl": "https://purl.stanford.edu/sk812bn3642/iiif/manifest" }, "geometry": { "type": "Polygon", "coordinates": [ [ [ 135.627778, 34.7500001 ], [ 135.752778, 34.7500001 ], [ 135.752778, 34.8333336 ], [ 135.627778, 34.8333336 ], [ 135.627778, 34.7500001 ] ] ] } },
{ "type": "Feature", "properties": { "Id": 0, "Sheet_ID": "大阪近傍 20", "label": "大阪近傍 20", "call_short": "G7960 S25 .J3", "call_num": "G7960 S25 .J3 46-20", "recid": "bp030sx8966", "websiteUrl": "https://purl.stanford.edu/bp030sx8966", "title": "二万五千分一地形圖 大阪近傍", "ckey": 10561302, "available": true, "iiifUrl": "https://purl.stanford.edu/bp030sx8966/iiif/manifest" }, "geometry": { "type": "Polygon", "coordinates": [ [ [ 135.252778, 34.8333336 ], [ 135.377778, 34.8333336 ], [ 135.377778, 34.916667 ], [ 135.252778, 34.916667 ], [ 135.252778, 34.8333336 ] ] ] } },
{ "type": "Feature", "properties": { "Id": 0, "Sheet_ID": "大阪近傍 13", "label": "大阪近傍 13", "call_short": "G7960 S25 .J3", "call_num": "G7960 S25 .J3 46-13", "recid": "bx033fr5402", "websiteUrl": "https://purl.stanford.edu/bx033fr5402", "title": "二万五千分一地形圖 大阪近傍", "ckey": 10561302, "available": true, "iiifUrl": "https://purl.stanford.edu/bx033fr5402/iiif/manifest" }, "geometry": { "type": "Polygon", "coordinates": [ [ [ 135.377778, 34.8333336 ], [ 135.502778, 34.8333336 ], [ 135.502778, 34.916667 ], [ 135.377778, 34.916667 ], [ 135.377778, 34.8333336 ] ] ] } },
{ "type": "Feature", "properties": { "Id": 0, "Sheet_ID": "粉河近傍 5", "label": "粉河近傍 5", "call_short": "0", "call_num": "0", "recid": "0", "websiteUrl": "0", "title": "0", "ckey": 0, "available": false, "iiifUrl": "0" }, "geometry": { "type": "Polygon", "coordinates": [ [ [ 135.127778, 34.083333 ], [ 135.252778, 34.083333 ], [ 135.252778, 34.1666663 ], [ 135.127778, 34.1666663 ], [ 135.127778, 34.083333 ] ] ] } },
{ "type": "Feature", "properties": { "Id": 0, "Sheet_ID": "粉河近傍 4", "label": "粉河近傍 4", "call_short": "0", "call_num": "0", "recid": "0", "websiteUrl": "0", "title": "0", "ckey": 0, "available": false, "iiifUrl": "0" }, "geometry": { "type": "Polygon", "coordinates": [ [ [ 135.252778, 34.1666663 ], [ 135.377778, 34.1666663 ], [ 135.377778, 34.2499997 ], [ 135.252778, 34.2499997 ], [ 135.252778, 34.1666663 ] ] ] } },
{ "type": "Feature", "properties": { "Id": 0, "Sheet_ID": "粉河近傍 2", "label": "粉河近傍 2", "call_short": "0", "call_num": "0", "recid": "0", "websiteUrl": "0", "title": "0", "ckey": 0, "available": false, "iiifUrl": "0" }, "geometry": { "type": "Polygon", "coordinates": [ [ [ 135.377778, 34.1666663 ], [ 135.502778, 34.1666663 ], [ 135.502778, 34.2499997 ], [ 135.377778, 34.2499997 ], [ 135.377778, 34.1666663 ] ] ] } },
{ "type": "Feature", "properties": { "Id": 0, "Sheet_ID": "粉河近傍 3", "label": "粉河近傍 3", "call_short": "0", "call_num": "0", "recid": "0", "websiteUrl": "0", "title": "0", "ckey": 0, "available": false, "iiifUrl": "0" }, "geometry": { "type": "Polygon", "coordinates": [ [ [ 135.252778, 34.2499997 ], [ 135.377778, 34.2499997 ], [ 135.377778, 34.333333 ], [ 135.252778, 34.333333 ], [ 135.252778, 34.2499997 ] ] ] } },
{ "type": "Feature", "properties": { "Id": 0, "Sheet_ID": "粉河近傍 1", "label": "粉河近傍 1", "call_short": "G7960 S25 .J3", "call_num": "G7960 S25 .J3 47-1", "recid": "fz368pv2054", "websiteUrl": "https://purl.stanford.edu/fz368pv2054", "title": "二万五千分一地形圖 粉河近傍", "ckey": 10561302, "available": true, "iiifUrl": "https://purl.stanford.edu/fz368pv2054/iiif/manifest" }, "geometry": { "type": "Polygon", "coordinates": [ [ [ 135.377778, 34.2499997 ], [ 135.502778, 34.2499997 ], [ 135.502778, 34.333333 ], [ 135.377778, 34.333333 ], [ 135.377778, 34.2499997 ] ] ] } },
{ "type": "Feature", "properties": { "Id": 0, "Sheet_ID": "神戸及明石海峡近傍 18", "label": "神戸及明石海峡近傍 18", "call_short": "0", "call_num": "0", "recid": "0", "websiteUrl": "0", "title": "0", "ckey": 0, "available": false, "iiifUrl": "0" }, "geometry": { "type": "Polygon", "coordinates": [ [ [ 134.752778, 34.416667 ], [ 134.877778, 34.416667 ], [ 134.877778, 34.5000003 ], [ 134.752778, 34.5000003 ], [ 134.752778, 34.416667 ] ] ] } },
{ "type": "Feature", "properties": { "Id": 0, "Sheet_ID": "神戸及明石海峡近傍 16", "label": "神戸及明石海峡近傍 16", "call_short": "0", "call_num": "0", "recid": "0", "websiteUrl": "0", "title": "0", "ckey": 0, "available": false, "iiifUrl": "0" }, "geometry": { "type": "Polygon", "coordinates": [ [ [ 134.877778, 34.416667 ], [ 135.002778, 34.416667 ], [ 135.002778, 34.5000003 ], [ 134.877778, 34.5000003 ], [ 134.877778, 34.416667 ] ] ] } },
{ "type": "Feature", "properties": { "Id": 0, "Sheet_ID": "神戸及明石海峡近傍 17", "label": "神戸及明石海峡近傍 17", "call_short": "0", "call_num": "0", "recid": "0", "websiteUrl": "0", "title": "0", "ckey": 0, "available": false, "iiifUrl": "0" }, "geometry": { "type": "Polygon", "coordinates": [ [ [ 134.752778, 34.5000003 ], [ 134.877778, 34.5000003 ], [ 134.877778, 34.5833336 ], [ 134.752778, 34.5833336 ], [ 134.752778, 34.5000003 ] ] ] } },
{ "type": "Feature", "properties": { "Id": 0, "Sheet_ID": "神戸及明石海峡近傍 15", "label": "神戸及明石海峡近傍 15", "call_short": "0", "call_num": "0", "recid": "0", "websiteUrl": "0", "title": "0", "ckey": 0, "available": false, "iiifUrl": "0" }, "geometry": { "type": "Polygon", "coordinates": [ [ [ 134.877778, 34.5000003 ], [ 135.002778, 34.5000003 ], [ 135.002778, 34.5833336 ], [ 134.877778, 34.5833336 ], [ 134.877778, 34.5000003 ] ] ] } },
{ "type": "Feature", "properties": { "Id": 0, "Sheet_ID": "神戸及明石海峡近傍 9", "label": "神戸及明石海峡近傍 9", "call_short": "0", "call_num": "0", "recid": "0", "websiteUrl": "0", "title": "0", "ckey": 0, "available": false, "iiifUrl": "0" }, "geometry": { "type": "Polygon", "coordinates": [ [ [ 135.002778, 34.5000003 ], [ 135.127778, 34.5000003 ], [ 135.127778, 34.5833336 ], [ 135.002778, 34.5833336 ], [ 135.002778, 34.5000003 ] ] ] } },
{ "type": "Feature", "properties": { "Id": 0, "Sheet_ID": "神戸及明石海峡近傍 14", "label": "神戸及明石海峡近傍 14", "call_short": "0", "call_num": "0", "recid": "0", "websiteUrl": "0", "title": "0", "ckey": 0, "available": false, "iiifUrl": "0" }, "geometry": { "type": "Polygon", "coordinates": [ [ [ 134.877778, 34.5833336 ], [ 135.002778, 34.5833336 ], [ 135.002778, 34.6666669 ], [ 134.877778, 34.6666669 ], [ 134.877778, 34.5833336 ] ] ] } },
{ "type": "Feature", "properties": { "Id": 0, "Sheet_ID": "神戸及明石海峡近傍 8", "label": "神戸及明石海峡近傍 8", "call_short": "0", "call_num": "0", "recid": "0", "websiteUrl": "0", "title": "0", "ckey": 0, "available": false, "iiifUrl": "0" }, "geometry": { "type": "Polygon", "coordinates": [ [ [ 135.002778, 34.5833336 ], [ 135.127778, 34.5833336 ], [ 135.127778, 34.6666669 ], [ 135.002778, 34.6666669 ], [ 135.002778, 34.5833336 ] ] ] } },
{ "type": "Feature", "properties": { "Id": 0, "Sheet_ID": "神戸及明石海峡近傍 4", "label": "神戸及明石海峡近傍 4", "call_short": "0", "call_num": "0", "recid": "0", "websiteUrl": "0", "title": "0", "ckey": 0, "available": false, "iiifUrl": "0" }, "geometry": { "type": "Polygon", "coordinates": [ [ [ 135.127778, 34.5833336 ], [ 135.252778, 34.5833336 ], [ 135.252778, 34.6666669 ], [ 135.127778, 34.6666669 ], [ 135.127778, 34.5833336 ] ] ] } },
{ "type": "Feature", "properties": { "Id": 0, "Sheet_ID": "神戸及明石海峡近傍 13", "label": "神戸及明石海峡近傍 13", "call_short": "G7960 S25 .J3", "call_num": "G7960 S25 .J3 48-13", "recid": "jy252bw5722", "websiteUrl": "https://purl.stanford.edu/jy252bw5722", "title": "二万五千分一地形圖 神戸及明石海峡近傍", "ckey": 10561302, "available": true, "iiifUrl": "https://purl.stanford.edu/jy252bw5722/iiif/manifest" }, "geometry": { "type": "Polygon", "coordinates": [ [ [ 134.877778, 34.6666669 ], [ 135.002778, 34.6666669 ], [ 135.002778, 34.7500001 ], [ 134.877778, 34.7500001 ], [ 134.877778, 34.6666669 ] ] ] } },
{ "type": "Feature", "properties": { "Id": 0, "Sheet_ID": "神戸及明石海峡近傍 7", "label": "神戸及明石海峡近傍 7", "call_short": "0", "call_num": "0", "recid": "0", "websiteUrl": "0", "title": "0", "ckey": 0, "available": false, "iiifUrl": "0" }, "geometry": { "type": "Polygon", "coordinates": [ [ [ 135.002778, 34.6666669 ], [ 135.127778, 34.6666669 ], [ 135.127778, 34.7500001 ], [ 135.002778, 34.7500001 ], [ 135.002778, 34.6666669 ] ] ] } },
{ "type": "Feature", "properties": { "Id": 0, "Sheet_ID": "神戸及明石海峡近傍 3", "label": "神戸及明石海峡近傍 3", "call_short": "0", "call_num": "0", "recid": "0", "websiteUrl": "0", "title": "0", "ckey": 0, "available": false, "iiifUrl": "0" }, "geometry": { "type": "Polygon", "coordinates": [ [ [ 135.127778, 34.6666669 ], [ 135.252778, 34.6666669 ], [ 135.252778, 34.7500001 ], [ 135.127778, 34.7500001 ], [ 135.127778, 34.6666669 ] ] ] } },
{ "type": "Feature", "properties": { "Id": 0, "Sheet_ID": "神戸及明石海峡近傍 12", "label": "神戸及明石海峡近傍 12", "call_short": "G7960 S25 .J3", "call_num": "G7960 S25 .J3 48-12", "recid": "cm477yt1157", "websiteUrl": "https://purl.stanford.edu/cm477yt1157", "title": "二万五千分一地形圖 神戸及明石海峡近傍", "ckey": 10561302, "available": true, "iiifUrl": "https://purl.stanford.edu/cm477yt1157/iiif/manifest" }, "geometry": { "type": "Polygon", "coordinates": [ [ [ 134.877778, 34.7500001 ], [ 135.002778, 34.7500001 ], [ 135.002778, 34.8333334 ], [ 134.877778, 34.8333334 ], [ 134.877778, 34.7500001 ] ] ] } },
{ "type": "Feature", "properties": { "Id": 0, "Sheet_ID": "神戸及明石海峡近傍 6", "label": "神戸及明石海峡近傍 6", "call_short": "0", "call_num": "0", "recid": "0", "websiteUrl": "0", "title": "0", "ckey": 0, "available": false, "iiifUrl": "0" }, "geometry": { "type": "Polygon", "coordinates": [ [ [ 135.002778, 34.7500001 ], [ 135.127778, 34.7500001 ], [ 135.127778, 34.8333334 ], [ 135.002778, 34.8333334 ], [ 135.002778, 34.7500001 ] ] ] } },
{ "type": "Feature", "properties": { "Id": 0, "Sheet_ID": "神戸及明石海峡近傍 2", "label": "神戸及明石海峡近傍 2", "call_short": "0", "call_num": "0", "recid": "0", "websiteUrl": "0", "title": "0", "ckey": 0, "available": false, "iiifUrl": "0" }, "geometry": { "type": "Polygon", "coordinates": [ [ [ 135.127778, 34.7500001 ], [ 135.252778, 34.7500001 ], [ 135.252778, 34.8333334 ], [ 135.127778, 34.8333334 ], [ 135.127778, 34.7500001 ] ] ] } },
{ "type": "Feature", "properties": { "Id": 0, "Sheet_ID": "神戸及明石海峡近傍 11", "label": "神戸及明石海峡近傍 11", "call_short": "0", "call_num": "0", "recid": "0", "websiteUrl": "0", "title": "0", "ckey": 0, "available": false, "iiifUrl": "0" }, "geometry": { "type": "Polygon", "coordinates": [ [ [ 134.877778, 34.8333334 ], [ 135.002778, 34.8333334 ], [ 135.002778, 34.9166667 ], [ 134.877778, 34.9166667 ], [ 134.877778, 34.8333334 ] ] ] } },
{ "type": "Feature", "properties": { "Id": 0, "Sheet_ID": "神戸及明石海峡近傍 5", "label": "神戸及明石海峡近傍 5", "call_short": "G7960 S25 .J3", "call_num": "G7960 S25 .J3 48-5", "recid": "qv508zq0765", "websiteUrl": "https://purl.stanford.edu/qv508zq0765", "title": "二万五千分一地形圖 神戸及明石海峡近傍", "ckey": 10561302, "available": true, "iiifUrl": "https://purl.stanford.edu/qv508zq0765/iiif/manifest" }, "geometry": { "type": "Polygon", "coordinates": [ [ [ 135.002778, 34.8333334 ], [ 135.127778, 34.8333334 ], [ 135.127778, 34.9166667 ], [ 135.002778, 34.9166667 ], [ 135.002778, 34.8333334 ] ] ] } },
{ "type": "Feature", "properties": { "Id": 0, "Sheet_ID": "神戸及明石海峡近傍 1", "label": "神戸及明石海峡近傍 1", "call_short": "0", "call_num": "0", "recid": "0", "websiteUrl": "0", "title": "0", "ckey": 0, "available": false, "iiifUrl": "0" }, "geometry": { "type": "Polygon", "coordinates": [ [ [ 135.127778, 34.8333334 ], [ 135.252778, 34.8333334 ], [ 135.252778, 34.9166667 ], [ 135.127778, 34.9166667 ], [ 135.127778, 34.8333334 ] ] ] } },
{ "type": "Feature", "properties": { "Id": 0, "Sheet_ID": "神戸及明石海峡近傍 10", "label": "神戸及明石海峡近傍 10", "call_short": "0", "call_num": "0", "recid": "0", "websiteUrl": "0", "title": "0", "ckey": 0, "available": false, "iiifUrl": "0" }, "geometry": { "type": "Polygon", "coordinates": [ [ [ 134.877778, 34.9166667 ], [ 135.002778, 34.9166667 ], [ 135.002778, 35.0 ], [ 134.877778, 35.0 ], [ 134.877778, 34.9166667 ] ] ] } },
{ "type": "Feature", "properties": { "Id": 0, "Sheet_ID": "姫路及赤穂近傍 8", "label": "姫路及赤穂近傍 8", "call_short": "G7960 S25 .J3", "call_num": "G7960 S25 .J3 49-8", "recid": "pn566wp1759", "websiteUrl": "https://purl.stanford.edu/pn566wp1759", "title": "二万五千分一地形圖 姫路及赤穂近傍", "ckey": 10561302, "available": true, "iiifUrl": "https://purl.stanford.edu/pn566wp1759/iiif/manifest" }, "geometry": { "type": "Polygon", "coordinates": [ [ [ 134.627778, 34.666667 ], [ 134.752778, 34.666667 ], [ 134.752778, 34.7500002 ], [ 134.627778, 34.7500002 ], [ 134.627778, 34.666667 ] ] ] } },
{ "type": "Feature", "properties": { "Id": 0, "Sheet_ID": "姫路及赤穂近傍 4", "label": "姫路及赤穂近傍 4", "call_short": "G7960 S25 .J3", "call_num": "G7960 S25 .J3 49-4", "recid": "xd949bb2464", "websiteUrl": "https://purl.stanford.edu/xd949bb2464", "title": "二万五千分一地形圖 姫路及赤穂近傍", "ckey": 10561302, "available": true, "iiifUrl": "https://purl.stanford.edu/xd949bb2464/iiif/manifest" }, "geometry": { "type": "Polygon", "coordinates": [ [ [ 134.752778, 34.666667 ], [ 134.877778, 34.666667 ], [ 134.877778, 34.7500002 ], [ 134.752778, 34.7500002 ], [ 134.752778, 34.666667 ] ] ] } },
{ "type": "Feature", "properties": { "Id": 0, "Sheet_ID": "姫路及赤穂近傍 7", "label": "姫路及赤穂近傍 7", "call_short": "G7960 S25 .J3", "call_num": "G7960 S25 .J3 49-7", "recid": "rf900dd8008", "websiteUrl": "https://purl.stanford.edu/rf900dd8008", "title": "二万五千分一地形圖 姫路及赤穂近傍", "ckey": 10561302, "available": true, "iiifUrl": "https://purl.stanford.edu/rf900dd8008/iiif/manifest" }, "geometry": { "type": "Polygon", "coordinates": [ [ [ 134.627778, 34.7500002 ], [ 134.752778, 34.7500002 ], [ 134.752778, 34.8333335 ], [ 134.627778, 34.8333335 ], [ 134.627778, 34.7500002 ] ] ] } },
{ "type": "Feature", "properties": { "Id": 0, "Sheet_ID": "姫路及赤穂近傍 3", "label": "姫路及赤穂近傍 3", "call_short": "G7960 S25 .J3", "call_num": "G7960 S25 .J3 49-3", "recid": "fc130zc8727", "websiteUrl": "https://purl.stanford.edu/fc130zc8727", "title": "二万五千分一地形圖 姫路及赤穂近傍", "ckey": 10561302, "available": true, "iiifUrl": "https://purl.stanford.edu/fc130zc8727/iiif/manifest" }, "geometry": { "type": "Polygon", "coordinates": [ [ [ 134.752778, 34.7500002 ], [ 134.877778, 34.7500002 ], [ 134.877778, 34.8333335 ], [ 134.752778, 34.8333335 ], [ 134.752778, 34.7500002 ] ] ] } },
{ "type": "Feature", "properties": { "Id": 0, "Sheet_ID": "姫路及赤穂近傍 6", "label": "姫路及赤穂近傍 6", "call_short": "G7960 S25 .J3", "call_num": "G7960 S25 .J3 49-6", "recid": "nw657qq7474", "websiteUrl": "https://purl.stanford.edu/nw657qq7474", "title": "二万五千分一地形圖 姫路及赤穂近傍", "ckey": 10561302, "available": true, "iiifUrl": "https://purl.stanford.edu/nw657qq7474/iiif/manifest" }, "geometry": { "type": "Polygon", "coordinates": [ [ [ 134.627778, 34.8333335 ], [ 134.752778, 34.8333335 ], [ 134.752778, 34.9166667 ], [ 134.627778, 34.9166667 ], [ 134.627778, 34.8333335 ] ] ] } },
{ "type": "Feature", "properties": { "Id": 0, "Sheet_ID": "姫路及赤穂近傍 2", "label": "姫路及赤穂近傍 2", "call_short": "0", "call_num": "0", "recid": "0", "websiteUrl": "0", "title": "0", "ckey": 0, "available": false, "iiifUrl": "0" }, "geometry": { "type": "Polygon", "coordinates": [ [ [ 134.752778, 34.8333335 ], [ 134.877778, 34.8333335 ], [ 134.877778, 34.9166667 ], [ 134.752778, 34.9166667 ], [ 134.752778, 34.8333335 ] ] ] } },
{ "type": "Feature", "properties": { "Id": 0, "Sheet_ID": "姫路及赤穂近傍 5", "label": "姫路及赤穂近傍 5", "call_short": "G7960 S25 .J3", "call_num": "G7960 S25 .J3 49-5", "recid": "js390dd4782", "websiteUrl": "https://purl.stanford.edu/js390dd4782", "title": "二万五千分一地形圖 姫路及赤穂近傍", "ckey": 10561302, "available": true, "iiifUrl": "https://purl.stanford.edu/js390dd4782/iiif/manifest" }, "geometry": { "type": "Polygon", "coordinates": [ [ [ 134.627778, 34.9166667 ], [ 134.752778, 34.9166667 ], [ 134.752778, 35.0 ], [ 134.627778, 35.0 ], [ 134.627778, 34.9166667 ] ] ] } },
{ "type": "Feature", "properties": { "Id": 0, "Sheet_ID": "姫路及赤穂近傍 1", "label": "姫路及赤穂近傍 1", "call_short": "0", "call_num": "0", "recid": "0", "websiteUrl": "0", "title": "0", "ckey": 0, "available": false, "iiifUrl": "0" }, "geometry": { "type": "Polygon", "coordinates": [ [ [ 134.752778, 34.9166667 ], [ 134.877778, 34.9166667 ], [ 134.877778, 35.0 ], [ 134.752778, 35.0 ], [ 134.752778, 34.9166667 ] ] ] } },
{ "type": "Feature", "properties": { "Id": 0, "Sheet_ID": "日本原近傍 5", "label": "日本原近傍 5", "call_short": "0", "call_num": "0", "recid": "0", "websiteUrl": "0", "title": "0", "ckey": 0, "available": false, "iiifUrl": "0" }, "geometry": { "type": "Polygon", "coordinates": [ [ [ 133.877778, 35.0 ], [ 134.002778, 35.0 ], [ 134.002778, 35.0833335 ], [ 133.877778, 35.0833335 ], [ 133.877778, 35.0 ] ] ] } },
{ "type": "Feature", "properties": { "Id": 0, "Sheet_ID": "日本原近傍 4", "label": "日本原近傍 4", "call_short": "0", "call_num": "0", "recid": "0", "websiteUrl": "0", "title": "0", "ckey": 0, "available": false, "iiifUrl": "0" }, "geometry": { "type": "Polygon", "coordinates": [ [ [ 134.002778, 35.0 ], [ 134.127778, 35.0 ], [ 134.127778, 35.0833335 ], [ 134.002778, 35.0833335 ], [ 134.002778, 35.0 ] ] ] } },
{ "type": "Feature", "properties": { "Id": 0, "Sheet_ID": "日本原近傍 2", "label": "日本原近傍 2", "call_short": "0", "call_num": "0", "recid": "0", "websiteUrl": "0", "title": "0", "ckey": 0, "available": false, "iiifUrl": "0" }, "geometry": { "type": "Polygon", "coordinates": [ [ [ 134.127778, 35.0 ], [ 134.252778, 35.0 ], [ 134.252778, 35.0833335 ], [ 134.127778, 35.0833335 ], [ 134.127778, 35.0 ] ] ] } },
{ "type": "Feature", "properties": { "Id": 0, "Sheet_ID": "日本原近傍 3", "label": "日本原近傍 3", "call_short": "0", "call_num": "0", "recid": "0", "websiteUrl": "0", "title": "0", "ckey": 0, "available": false, "iiifUrl": "0" }, "geometry": { "type": "Polygon", "coordinates": [ [ [ 134.002778, 35.0833335 ], [ 134.127778, 35.0833335 ], [ 134.127778, 35.166667 ], [ 134.002778, 35.166667 ], [ 134.002778, 35.0833335 ] ] ] } },
{ "type": "Feature", "properties": { "Id": 0, "Sheet_ID": "日本原近傍 1", "label": "日本原近傍 1", "call_short": "G7960 S25 .J3", "call_num": "G7960 S25 .J3 50-1", "recid": "hs343mn3403", "websiteUrl": "https://purl.stanford.edu/hs343mn3403", "title": "二万五千分一地形圖 日本原近傍", "ckey": 10561302, "available": true, "iiifUrl": "https://purl.stanford.edu/hs343mn3403/iiif/manifest" }, "geometry": { "type": "Polygon", "coordinates": [ [ [ 134.127778, 35.0833335 ], [ 134.252778, 35.0833335 ], [ 134.252778, 35.166667 ], [ 134.127778, 35.166667 ], [ 134.127778, 35.0833335 ] ] ] } },
{ "type": "Feature", "properties": { "Id": 0, "Sheet_ID": "高松近傍 2", "label": "高松近傍 2", "call_short": "0", "call_num": "0", "recid": "0", "websiteUrl": "0", "title": "0", "ckey": 0, "available": false, "iiifUrl": "0" }, "geometry": { "type": "Polygon", "coordinates": [ [ [ 134.252778, 34.166667 ], [ 134.377778, 34.166667 ], [ 134.377778, 34.2500003 ], [ 134.252778, 34.2500003 ], [ 134.252778, 34.166667 ] ] ] } },
{ "type": "Feature", "properties": { "Id": 0, "Sheet_ID": "高松近傍 6", "label": "高松近傍 6", "call_short": "0", "call_num": "0", "recid": "0", "websiteUrl": "0", "title": "0", "ckey": 0, "available": false, "iiifUrl": "0" }, "geometry": { "type": "Polygon", "coordinates": [ [ [ 134.002778, 34.2500003 ], [ 134.127778, 34.2500003 ], [ 134.127778, 34.3333337 ], [ 134.002778, 34.3333337 ], [ 134.002778, 34.2500003 ] ] ] } },
{ "type": "Feature", "properties": { "Id": 0, "Sheet_ID": "高松近傍 4", "label": "高松近傍 4", "call_short": "G7960 S25 .J3", "call_num": "G7960 S25 .J3 60-4", "recid": "mj632kd4243", "websiteUrl": "https://purl.stanford.edu/mj632kd4243", "title": "二万五千分一地形圖 高松近傍", "ckey": 10561302, "available": true, "iiifUrl": "https://purl.stanford.edu/mj632kd4243/iiif/manifest" }, "geometry": { "type": "Polygon", "coordinates": [ [ [ 134.127778, 34.2500003 ], [ 134.252778, 34.2500003 ], [ 134.252778, 34.3333337 ], [ 134.127778, 34.3333337 ], [ 134.127778, 34.2500003 ] ] ] } },
{ "type": "Feature", "properties": { "Id": 0, "Sheet_ID": "高松近傍 1", "label": "高松近傍 1", "call_short": "G7960 S25 .J3", "call_num": "G7960 S25 .J3 60-1", "recid": "ts901rh6983", "websiteUrl": "https://purl.stanford.edu/ts901rh6983", "title": "二万五千分一地形圖 高松近傍", "ckey": 10561302, "available": true, "iiifUrl": "https://purl.stanford.edu/ts901rh6983/iiif/manifest" }, "geometry": { "type": "Polygon", "coordinates": [ [ [ 134.252778, 34.2500003 ], [ 134.377778, 34.2500003 ], [ 134.377778, 34.3333337 ], [ 134.252778, 34.3333337 ], [ 134.252778, 34.2500003 ] ] ] } },
{ "type": "Feature", "properties": { "Id": 0, "Sheet_ID": "高松近傍 5", "label": "高松近傍 5", "call_short": "0", "call_num": "0", "recid": "0", "websiteUrl": "0", "title": "0", "ckey": 0, "available": false, "iiifUrl": "0" }, "geometry": { "type": "Polygon", "coordinates": [ [ [ 134.002778, 34.3333337 ], [ 134.127778, 34.3333337 ], [ 134.127778, 34.416667 ], [ 134.002778, 34.416667 ], [ 134.002778, 34.3333337 ] ] ] } },
{ "type": "Feature", "properties": { "Id": 0, "Sheet_ID": "高松近傍 3", "label": "高松近傍 3", "call_short": "0", "call_num": "0", "recid": "0", "websiteUrl": "0", "title": "0", "ckey": 0, "available": false, "iiifUrl": "0" }, "geometry": { "type": "Polygon", "coordinates": [ [ [ 134.127778, 34.3333337 ], [ 134.252778, 34.3333337 ], [ 134.252778, 34.416667 ], [ 134.127778, 34.416667 ], [ 134.127778, 34.3333337 ] ] ] } },
{ "type": "Feature", "properties": { "Id": 0, "Sheet_ID": "丸亀近傍 8", "label": "丸亀近傍 8", "call_short": "G7960 S25 .J3", "call_num": "G7960 S25 .J3 61-8", "recid": "wj018zx1873", "websiteUrl": "https://purl.stanford.edu/wj018zx1873", "title": "二万五千分一地形圖 丸亀近傍", "ckey": 10561302, "available": true, "iiifUrl": "https://purl.stanford.edu/wj018zx1873/iiif/manifest" }, "geometry": { "type": "Polygon", "coordinates": [ [ [ 133.627778, 34.083333 ], [ 133.752778, 34.083333 ], [ 133.752778, 34.1666665 ], [ 133.627778, 34.1666665 ], [ 133.627778, 34.083333 ] ] ] } },
{ "type": "Feature", "properties": { "Id": 0, "Sheet_ID": "丸亀近傍 6", "label": "丸亀近傍 6", "call_short": "0", "call_num": "0", "recid": "0", "websiteUrl": "0", "title": "0", "ckey": 0, "available": false, "iiifUrl": "0" }, "geometry": { "type": "Polygon", "coordinates": [ [ [ 133.752778, 34.083333 ], [ 133.877778, 34.083333 ], [ 133.877778, 34.1666665 ], [ 133.752778, 34.1666665 ], [ 133.752778, 34.083333 ] ] ] } },
{ "type": "Feature", "properties": { "Id": 0, "Sheet_ID": "丸亀近傍 7", "label": "丸亀近傍 7", "call_short": "0", "call_num": "0", "recid": "0", "websiteUrl": "0", "title": "0", "ckey": 0, "available": false, "iiifUrl": "0" }, "geometry": { "type": "Polygon", "coordinates": [ [ [ 133.627778, 34.1666665 ], [ 133.752778, 34.1666665 ], [ 133.752778, 34.25 ], [ 133.627778, 34.25 ], [ 133.627778, 34.1666665 ] ] ] } },
{ "type": "Feature", "properties": { "Id": 0, "Sheet_ID": "丸亀近傍 5", "label": "丸亀近傍 5", "call_short": "0", "call_num": "0", "recid": "0", "websiteUrl": "0", "title": "0", "ckey": 0, "available": false, "iiifUrl": "0" }, "geometry": { "type": "Polygon", "coordinates": [ [ [ 133.752778, 34.1666665 ], [ 133.877778, 34.1666665 ], [ 133.877778, 34.25 ], [ 133.752778, 34.25 ], [ 133.752778, 34.1666665 ] ] ] } },
{ "type": "Feature", "properties": { "Id": 0, "Sheet_ID": "丸亀近傍 3", "label": "丸亀近傍 3", "call_short": "0", "call_num": "0", "recid": "0", "websiteUrl": "0", "title": "0", "ckey": 0, "available": false, "iiifUrl": "0" }, "geometry": { "type": "Polygon", "coordinates": [ [ [ 133.877778, 34.1666665 ], [ 134.002778, 34.1666665 ], [ 134.002778, 34.25 ], [ 133.877778, 34.25 ], [ 133.877778, 34.1666665 ] ] ] } },
{ "type": "Feature", "properties": { "Id": 0, "Sheet_ID": "丸亀近傍 4", "label": "丸亀近傍 4", "call_short": "G7960 S25 .J3", "call_num": "G7960 S25 .J3 61-4", "recid": "ht626wd7531", "websiteUrl": "https://purl.stanford.edu/ht626wd7531", "title": "二万五千分一地形圖 丸亀近傍", "ckey": 10561302, "available": true, "iiifUrl": "https://purl.stanford.edu/ht626wd7531/iiif/manifest" }, "geometry": { "type": "Polygon", "coordinates": [ [ [ 133.752778, 34.25 ], [ 133.877778, 34.25 ], [ 133.877778, 34.3333335 ], [ 133.752778, 34.3333335 ], [ 133.752778, 34.25 ] ] ] } },
{ "type": "Feature", "properties": { "Id": 0, "Sheet_ID": "丸亀近傍 2", "label": "丸亀近傍 2", "call_short": "G7960 S25 .J3", "call_num": "G7960 S25 .J3 61-2", "recid": "bt638yr9245", "websiteUrl": "https://purl.stanford.edu/bt638yr9245", "title": "二万五千分一地形圖 丸亀近傍", "ckey": 10561302, "available": true, "iiifUrl": "https://purl.stanford.edu/bt638yr9245/iiif/manifest" }, "geometry": { "type": "Polygon", "coordinates": [ [ [ 133.877778, 34.25 ], [ 134.002778, 34.25 ], [ 134.002778, 34.3333335 ], [ 133.877778, 34.3333335 ], [ 133.877778, 34.25 ] ] ] } },
{ "type": "Feature", "properties": { "Id": 0, "Sheet_ID": "丸亀近傍 1", "label": "丸亀近傍 1", "call_short": "G7960 S25 .J3", "call_num": "G7960 S25 .J3 61-1", "recid": "nn978sn9155", "websiteUrl": "https://purl.stanford.edu/nn978sn9155", "title": "二万五千分一地形圖 丸亀近傍", "ckey": 10561302, "available": true, "iiifUrl": "https://purl.stanford.edu/nn978sn9155/iiif/manifest" }, "geometry": { "type": "Polygon", "coordinates": [ [ [ 133.877778, 34.3333335 ], [ 134.002778, 34.3333335 ], [ 134.002778, 34.416667 ], [ 133.877778, 34.416667 ], [ 133.877778, 34.3333335 ] ] ] } },
{ "type": "Feature", "properties": { "Id": 0, "Sheet_ID": "高知近傍 11", "label": "高知近傍 11", "call_short": "G7960 S25 .J3", "call_num": "G7960 S25 .J3 62-11", "recid": "vf754qt8407", "websiteUrl": "https://purl.stanford.edu/vf754qt8407", "title": "二万五千分一地形圖 高知近傍", "ckey": 10561302, "available": true, "iiifUrl": "https://purl.stanford.edu/vf754qt8407/iiif/manifest" }, "geometry": { "type": "Polygon", "coordinates": [ [ [ 133.252778, 33.333333 ], [ 133.377778, 33.333333 ], [ 133.377778, 33.4166665 ], [ 133.252778, 33.4166665 ], [ 133.252778, 33.333333 ] ] ] } },
{ "type": "Feature", "properties": { "Id": 0, "Sheet_ID": "高知近傍 9", "label": "高知近傍 9", "call_short": "G7960 S25 .J3", "call_num": "G7960 S25 .J3 62-9", "recid": "sd148kf8948", "websiteUrl": "https://purl.stanford.edu/sd148kf8948", "title": "二万五千分一地形圖 高知近傍", "ckey": 10561302, "available": true, "iiifUrl": "https://purl.stanford.edu/sd148kf8948/iiif/manifest" }, "geometry": { "type": "Polygon", "coordinates": [ [ [ 133.377778, 33.333333 ], [ 133.502778, 33.333333 ], [ 133.502778, 33.4166665 ], [ 133.377778, 33.4166665 ], [ 133.377778, 33.333333 ] ] ] } },
{ "type": "Feature", "properties": { "Id": 0, "Sheet_ID": "高知近傍 10", "label": "高知近傍 10", "call_short": "0", "call_num": "0", "recid": "0", "websiteUrl": "0", "title": "0", "ckey": 0, "available": false, "iiifUrl": "0" }, "geometry": { "type": "Polygon", "coordinates": [ [ [ 133.252778, 33.4166665 ], [ 133.377778, 33.4166665 ], [ 133.377778, 33.5 ], [ 133.252778, 33.5 ], [ 133.252778, 33.4166665 ] ] ] } },
{ "type": "Feature", "properties": { "Id": 0, "Sheet_ID": "高知近傍 8", "label": "高知近傍 8", "call_short": "G7960 S25 .J3", "call_num": "G7960 S25 .J3 62-8", "recid": "fd578yz3860", "websiteUrl": "https://purl.stanford.edu/fd578yz3860", "title": "二万五千分一地形圖 高知近傍", "ckey": 10561302, "available": true, "iiifUrl": "https://purl.stanford.edu/fd578yz3860/iiif/manifest" }, "geometry": { "type": "Polygon", "coordinates": [ [ [ 133.377778, 33.4166665 ], [ 133.502778, 33.4166665 ], [ 133.502778, 33.5 ], [ 133.377778, 33.5 ], [ 133.377778, 33.4166665 ] ] ] } },
{ "type": "Feature", "properties": { "Id": 0, "Sheet_ID": "高知近傍 6", "label": "高知近傍 6", "call_short": "0", "call_num": "0", "recid": "0", "websiteUrl": "0", "title": "0", "ckey": 0, "available": false, "iiifUrl": "0" }, "geometry": { "type": "Polygon", "coordinates": [ [ [ 133.502778, 33.4166665 ], [ 133.627778, 33.4166665 ], [ 133.627778, 33.5 ], [ 133.502778, 33.5 ], [ 133.502778, 33.4166665 ] ] ] } },
{ "type": "Feature", "properties": { "Id": 0, "Sheet_ID": "高知近傍 7", "label": "高知近傍 7", "call_short": "0", "call_num": "0", "recid": "0", "websiteUrl": "0", "title": "0", "ckey": 0, "available": false, "iiifUrl": "0" }, "geometry": { "type": "Polygon", "coordinates": [ [ [ 133.377778, 33.5 ], [ 133.502778, 33.5 ], [ 133.502778, 33.5833335 ], [ 133.377778, 33.5833335 ], [ 133.377778, 33.5 ] ] ] } },
{ "type": "Feature", "properties": { "Id": 0, "Sheet_ID": "高知近傍 5", "label": "高知近傍 5", "call_short": "G7960 S25 .J3", "call_num": "G7960 S25 .J3 62-5", "recid": "jf604qp3930", "websiteUrl": "https://purl.stanford.edu/jf604qp3930", "title": "二万五千分一地形圖 高知近傍", "ckey": 10561302, "available": true, "iiifUrl": "https://purl.stanford.edu/jf604qp3930/iiif/manifest" }, "geometry": { "type": "Polygon", "coordinates": [ [ [ 133.502778, 33.5 ], [ 133.627778, 33.5 ], [ 133.627778, 33.5833335 ], [ 133.502778, 33.5833335 ], [ 133.502778, 33.5 ] ] ] } },
{ "type": "Feature", "properties": { "Id": 0, "Sheet_ID": "高知近傍 3", "label": "高知近傍 3", "call_short": "0", "call_num": "0", "recid": "0", "websiteUrl": "0", "title": "0", "ckey": 0, "available": false, "iiifUrl": "0" }, "geometry": { "type": "Polygon", "coordinates": [ [ [ 133.627778, 33.5 ], [ 133.752778, 33.5 ], [ 133.752778, 33.5833335 ], [ 133.627778, 33.5833335 ], [ 133.627778, 33.5 ] ] ] } },
{ "type": "Feature", "properties": { "Id": 0, "Sheet_ID": "高知近傍 1", "label": "高知近傍 1", "call_short": "0", "call_num": "0", "recid": "0", "websiteUrl": "0", "title": "0", "ckey": 0, "available": false, "iiifUrl": "0" }, "geometry": { "type": "Polygon", "coordinates": [ [ [ 133.752778, 33.5 ], [ 133.877778, 33.5 ], [ 133.877778, 33.5833335 ], [ 133.752778, 33.5833335 ], [ 133.752778, 33.5 ] ] ] } },
{ "type": "Feature", "properties": { "Id": 0, "Sheet_ID": "高知近傍 4", "label": "高知近傍 4", "call_short": "G7960 S25 .J3", "call_num": "G7960 S25 .J3 62-4", "recid": "hw995hx5600", "websiteUrl": "https://purl.stanford.edu/hw995hx5600", "title": "二万五千分一地形圖 高知近傍", "ckey": 10561302, "available": true, "iiifUrl": "https://purl.stanford.edu/hw995hx5600/iiif/manifest" }, "geometry": { "type": "Polygon", "coordinates": [ [ [ 133.502778, 33.5833335 ], [ 133.627778, 33.5833335 ], [ 133.627778, 33.666667 ], [ 133.502778, 33.666667 ], [ 133.502778, 33.5833335 ] ] ] } },
{ "type": "Feature", "properties": { "Id": 0, "Sheet_ID": "高知近傍 2", "label": "高知近傍 2", "call_short": "G7960 S25 .J3", "call_num": "G7960 S25 .J3 62-2", "recid": "rz602qf6579", "websiteUrl": "https://purl.stanford.edu/rz602qf6579", "title": "二万五千分一地形圖 高知近傍", "ckey": 10561302, "available": true, "iiifUrl": "https://purl.stanford.edu/rz602qf6579/iiif/manifest" }, "geometry": { "type": "Polygon", "coordinates": [ [ [ 133.627778, 33.5833335 ], [ 133.752778, 33.5833335 ], [ 133.752778, 33.666667 ], [ 133.627778, 33.666667 ], [ 133.627778, 33.5833335 ] ] ] } },
{ "type": "Feature", "properties": { "Id": 0, "Sheet_ID": "松山近傍 12", "label": "松山近傍 12", "call_short": "G7960 S25 .J3", "call_num": "G7960 S25 .J3 63-12", "recid": "gc866nt9167", "websiteUrl": "https://purl.stanford.edu/gc866nt9167", "title": "二万五千分一地形圖 松山近傍", "ckey": 10561302, "available": true, "iiifUrl": "https://purl.stanford.edu/gc866nt9167/iiif/manifest" }, "geometry": { "type": "Polygon", "coordinates": [ [ [ 132.627778, 33.666667 ], [ 132.752778, 33.666667 ], [ 132.752778, 33.7500003 ], [ 132.627778, 33.7500003 ], [ 132.627778, 33.666667 ] ] ] } },
{ "type": "Feature", "properties": { "Id": 0, "Sheet_ID": "松山近傍 9", "label": "松山近傍 9", "call_short": "G7960 S25 .J3", "call_num": "G7960 S25 .J3 63-9", "recid": "ct969vz7452", "websiteUrl": "https://purl.stanford.edu/ct969vz7452", "title": "二万五千分一地形圖 松山近傍", "ckey": 10561302, "available": true, "iiifUrl": "https://purl.stanford.edu/ct969vz7452/iiif/manifest" }, "geometry": { "type": "Polygon", "coordinates": [ [ [ 132.752778, 33.666667 ], [ 132.877778, 33.666667 ], [ 132.877778, 33.7500003 ], [ 132.752778, 33.7500003 ], [ 132.752778, 33.666667 ] ] ] } },
{ "type": "Feature", "properties": { "Id": 0, "Sheet_ID": "松山近傍 11", "label": "松山近傍 11", "call_short": "G7960 S25 .J3", "call_num": "G7960 S25 .J3 63-11", "recid": "pr444kh5940", "websiteUrl": "https://purl.stanford.edu/pr444kh5940", "title": "二万五千分一地形圖 松山近傍", "ckey": 10561302, "available": true, "iiifUrl": "https://purl.stanford.edu/pr444kh5940/iiif/manifest" }, "geometry": { "type": "Polygon", "coordinates": [ [ [ 132.627778, 33.7500003 ], [ 132.752778, 33.7500003 ], [ 132.752778, 33.8333337 ], [ 132.627778, 33.8333337 ], [ 132.627778, 33.7500003 ] ] ] } },
{ "type": "Feature", "properties": { "Id": 0, "Sheet_ID": "松山近傍 8", "label": "松山近傍 8", "call_short": "G7960 S25 .J3", "call_num": "G7960 S25 .J3 63-8", "recid": "yh057vt3683", "websiteUrl": "https://purl.stanford.edu/yh057vt3683", "title": "二万五千分一地形圖 松山近傍", "ckey": 10561302, "available": true, "iiifUrl": "https://purl.stanford.edu/yh057vt3683/iiif/manifest" }, "geometry": { "type": "Polygon", "coordinates": [ [ [ 132.752778, 33.7500003 ], [ 132.877778, 33.7500003 ], [ 132.877778, 33.8333337 ], [ 132.752778, 33.8333337 ], [ 132.752778, 33.7500003 ] ] ] } },
{ "type": "Feature", "properties": { "Id": 0, "Sheet_ID": "松山近傍 4", "label": "松山近傍 4", "call_short": "G7960 S25 .J3", "call_num": "G7960 S25 .J3 63-4", "recid": "hr925qg6884", "websiteUrl": "https://purl.stanford.edu/hr925qg6884", "title": "二万五千分一地形圖 松山近傍", "ckey": 10561302, "available": true, "iiifUrl": "https://purl.stanford.edu/hr925qg6884/iiif/manifest" }, "geometry": { "type": "Polygon", "coordinates": [ [ [ 132.877778, 33.7500003 ], [ 133.002778, 33.7500003 ], [ 133.002778, 33.8333337 ], [ 132.877778, 33.8333337 ], [ 132.877778, 33.7500003 ] ] ] } },
{ "type": "Feature", "properties": { "Id": 0, "Sheet_ID": "松山近傍 10", "label": "松山近傍 10", "call_short": "0", "call_num": "0", "recid": "0", "websiteUrl": "0", "title": "0", "ckey": 0, "available": false, "iiifUrl": "0" }, "geometry": { "type": "Polygon", "coordinates": [ [ [ 132.627778, 33.8333337 ], [ 132.752778, 33.8333337 ], [ 132.752778, 33.916667 ], [ 132.627778, 33.916667 ], [ 132.627778, 33.8333337 ] ] ] } },
{ "type": "Feature", "properties": { "Id": 0, "Sheet_ID": "松山近傍 7", "label": "松山近傍 7", "call_short": "G7960 S25 .J3", "call_num": "G7960 S25 .J3 63-7", "recid": "th675bg8124", "websiteUrl": "https://purl.stanford.edu/th675bg8124", "title": "二万五千分一地形圖 松山近傍", "ckey": 10561302, "available": true, "iiifUrl": "https://purl.stanford.edu/th675bg8124/iiif/manifest" }, "geometry": { "type": "Polygon", "coordinates": [ [ [ 132.752778, 33.8333337 ], [ 132.877778, 33.8333337 ], [ 132.877778, 33.916667 ], [ 132.752778, 33.916667 ], [ 132.752778, 33.8333337 ] ] ] } },
{ "type": "Feature", "properties": { "Id": 0, "Sheet_ID": "松山近傍 6", "label": "松山近傍 6", "call_short": "G7960 S25 .J3", "call_num": "G7960 S25 .J3 63-6", "recid": "kr334ww4942", "websiteUrl": "https://purl.stanford.edu/kr334ww4942", "title": "二万五千分一地形圖 松山近傍", "ckey": 10561302, "available": true, "iiifUrl": "https://purl.stanford.edu/kr334ww4942/iiif/manifest" }, "geometry": { "type": "Polygon", "coordinates": [ [ [ 132.752778, 33.916667 ], [ 132.877778, 33.916667 ], [ 132.877778, 34.0000003 ], [ 132.752778, 34.0000003 ], [ 132.752778, 33.916667 ] ] ] } },
{ "type": "Feature", "properties": { "Id": 0, "Sheet_ID": "松山近傍 5", "label": "松山近傍 5", "call_short": "G7960 S25 .J3", "call_num": "G7960 S25 .J3 63-5", "recid": "gz494hw9534", "websiteUrl": "https://purl.stanford.edu/gz494hw9534", "title": "二万五千分一地形圖 松山近傍", "ckey": 10561302, "available": true, "iiifUrl": "https://purl.stanford.edu/gz494hw9534/iiif/manifest" }, "geometry": { "type": "Polygon", "coordinates": [ [ [ 132.752778, 34.0000003 ], [ 132.877778, 34.0000003 ], [ 132.877778, 34.0833337 ], [ 132.752778, 34.0833337 ], [ 132.752778, 34.0000003 ] ] ] } },
{ "type": "Feature", "properties": { "Id": 0, "Sheet_ID": "松山近傍 3", "label": "松山近傍 3", "call_short": "G7960 S25 .J3", "call_num": "G7960 S25 .J3 63-3", "recid": "gq498kj5501", "websiteUrl": "https://purl.stanford.edu/gq498kj5501", "title": "二万五千分一地形圖 松山近傍", "ckey": 10561302, "available": true, "iiifUrl": "https://purl.stanford.edu/gq498kj5501/iiif/manifest" }, "geometry": { "type": "Polygon", "coordinates": [ [ [ 132.877778, 34.0000003 ], [ 133.002778, 34.0000003 ], [ 133.002778, 34.0833337 ], [ 132.877778, 34.0833337 ], [ 132.877778, 34.0000003 ] ] ] } },
{ "type": "Feature", "properties": { "Id": 0, "Sheet_ID": "松山近傍 1", "label": "松山近傍 1", "call_short": "G7960 S25 .J3", "call_num": "G7960 S25 .J3 63-1", "recid": "gb626zx6469", "websiteUrl": "https://purl.stanford.edu/gb626zx6469", "title": "二万五千分一地形圖 松山近傍", "ckey": 10561302, "available": true, "iiifUrl": "https://purl.stanford.edu/gb626zx6469/iiif/manifest" }, "geometry": { "type": "Polygon", "coordinates": [ [ [ 133.002778, 34.0000003 ], [ 133.127778, 34.0000003 ], [ 133.127778, 34.0833337 ], [ 133.002778, 34.0833337 ], [ 133.002778, 34.0000003 ] ] ] } },
{ "type": "Feature", "properties": { "Id": 0, "Sheet_ID": "松山近傍 2", "label": "松山近傍 2", "call_short": "G7960 S25 .J3", "call_num": "G7960 S25 .J3 63-2", "recid": "vj916dc4820", "websiteUrl": "https://purl.stanford.edu/vj916dc4820", "title": "二万五千分一地形圖 松山近傍", "ckey": 10561302, "available": true, "iiifUrl": "https://purl.stanford.edu/vj916dc4820/iiif/manifest" }, "geometry": { "type": "Polygon", "coordinates": [ [ [ 132.877778, 34.0833337 ], [ 133.002778, 34.0833337 ], [ 133.002778, 34.166667 ], [ 132.877778, 34.166667 ], [ 132.877778, 34.0833337 ] ] ] } },
{ "type": "Feature", "properties": { "Id": 0, "Sheet_ID": "松江近傍 16", "label": "松江近傍 16", "call_short": "0", "call_num": "0", "recid": "0", "websiteUrl": "0", "title": "0", "ckey": 0, "available": false, "iiifUrl": "0" }, "geometry": { "type": "Polygon", "coordinates": [ [ [ 132.752778, 35.333333 ], [ 132.877778, 35.333333 ], [ 132.877778, 35.4166663 ], [ 132.752778, 35.4166663 ], [ 132.752778, 35.333333 ] ] ] } },
{ "type": "Feature", "properties": { "Id": 0, "Sheet_ID": "松江近傍 15", "label": "松江近傍 15", "call_short": "0", "call_num": "0", "recid": "0", "websiteUrl": "0", "title": "0", "ckey": 0, "available": false, "iiifUrl": "0" }, "geometry": { "type": "Polygon", "coordinates": [ [ [ 132.877778, 35.333333 ], [ 133.002778, 35.333333 ], [ 133.002778, 35.4166663 ], [ 132.877778, 35.4166663 ], [ 132.877778, 35.333333 ] ] ] } },
{ "type": "Feature", "properties": { "Id": 0, "Sheet_ID": "松江近傍 12", "label": "松江近傍 12", "call_short": "0", "call_num": "0", "recid": "0", "websiteUrl": "0", "title": "0", "ckey": 0, "available": false, "iiifUrl": "0" }, "geometry": { "type": "Polygon", "coordinates": [ [ [ 133.002778, 35.333333 ], [ 133.127778, 35.333333 ], [ 133.127778, 35.4166663 ], [ 133.002778, 35.4166663 ], [ 133.002778, 35.333333 ] ] ] } },
{ "type": "Feature", "properties": { "Id": 0, "Sheet_ID": "松江近傍 9", "label": "松江近傍 9", "call_short": "0", "call_num": "0", "recid": "0", "websiteUrl": "0", "title": "0", "ckey": 0, "available": false, "iiifUrl": "0" }, "geometry": { "type": "Polygon", "coordinates": [ [ [ 133.127778, 35.333333 ], [ 133.252778, 35.333333 ], [ 133.252778, 35.4166663 ], [ 133.127778, 35.4166663 ], [ 133.127778, 35.333333 ] ] ] } },
{ "type": "Feature", "properties": { "Id": 0, "Sheet_ID": "松江近傍 6", "label": "松江近傍 6", "call_short": "0", "call_num": "0", "recid": "0", "websiteUrl": "0", "title": "0", "ckey": 0, "available": false, "iiifUrl": "0" }, "geometry": { "type": "Polygon", "coordinates": [ [ [ 133.252778, 35.333333 ], [ 133.377778, 35.333333 ], [ 133.377778, 35.4166663 ], [ 133.252778, 35.4166663 ], [ 133.252778, 35.333333 ] ] ] } },
{ "type": "Feature", "properties": { "Id": 0, "Sheet_ID": "松江近傍 3", "label": "松江近傍 3", "call_short": "0", "call_num": "0", "recid": "0", "websiteUrl": "0", "title": "0", "ckey": 0, "available": false, "iiifUrl": "0" }, "geometry": { "type": "Polygon", "coordinates": [ [ [ 133.377778, 35.333333 ], [ 133.502778, 35.333333 ], [ 133.502778, 35.4166663 ], [ 133.377778, 35.4166663 ], [ 133.377778, 35.333333 ] ] ] } },
{ "type": "Feature", "properties": { "Id": 0, "Sheet_ID": "松江近傍 14", "label": "松江近傍 14", "call_short": "G7960 S25 .J3", "call_num": "G7960 S25 .J3 52-14", "recid": "zp997xk5377", "websiteUrl": "https://purl.stanford.edu/zp997xk5377", "title": "二万五千分一地形圖 松江近傍", "ckey": 10561302, "available": true, "iiifUrl": "https://purl.stanford.edu/zp997xk5377/iiif/manifest" }, "geometry": { "type": "Polygon", "coordinates": [ [ [ 132.877778, 35.4166663 ], [ 133.002778, 35.4166663 ], [ 133.002778, 35.4999997 ], [ 132.877778, 35.4999997 ], [ 132.877778, 35.4166663 ] ] ] } },
{ "type": "Feature", "properties": { "Id": 0, "Sheet_ID": "松江近傍 11", "label": "松江近傍 11", "call_short": "0", "call_num": "0", "recid": "0", "websiteUrl": "0", "title": "0", "ckey": 0, "available": false, "iiifUrl": "0" }, "geometry": { "type": "Polygon", "coordinates": [ [ [ 133.002778, 35.4166663 ], [ 133.127778, 35.4166663 ], [ 133.127778, 35.4999997 ], [ 133.002778, 35.4999997 ], [ 133.002778, 35.4166663 ] ] ] } },
{ "type": "Feature", "properties": { "Id": 0, "Sheet_ID": "松江近傍 8", "label": "松江近傍 8", "call_short": "0", "call_num": "0", "recid": "0", "websiteUrl": "0", "title": "0", "ckey": 0, "available": false, "iiifUrl": "0" }, "geometry": { "type": "Polygon", "coordinates": [ [ [ 133.127778, 35.4166663 ], [ 133.252778, 35.4166663 ], [ 133.252778, 35.4999997 ], [ 133.127778, 35.4999997 ], [ 133.127778, 35.4166663 ] ] ] } },
{ "type": "Feature", "properties": { "Id": 0, "Sheet_ID": "松江近傍 5", "label": "松江近傍 5", "call_short": "G7960 S25 .J3", "call_num": "G7960 S25 .J3 52-5", "recid": "vd179nb1121", "websiteUrl": "https://purl.stanford.edu/vd179nb1121", "title": "二万五千分一地形圖 松江近傍", "ckey": 10561302, "available": true, "iiifUrl": "https://purl.stanford.edu/vd179nb1121/iiif/manifest" }, "geometry": { "type": "Polygon", "coordinates": [ [ [ 133.252778, 35.4166663 ], [ 133.377778, 35.4166663 ], [ 133.377778, 35.4999997 ], [ 133.252778, 35.4999997 ], [ 133.252778, 35.4166663 ] ] ] } },
{ "type": "Feature", "properties": { "Id": 0, "Sheet_ID": "松江近傍 2", "label": "松江近傍 2", "call_short": "0", "call_num": "0", "recid": "0", "websiteUrl": "0", "title": "0", "ckey": 0, "available": false, "iiifUrl": "0" }, "geometry": { "type": "Polygon", "coordinates": [ [ [ 133.377778, 35.4166663 ], [ 133.502778, 35.4166663 ], [ 133.502778, 35.4999997 ], [ 133.377778, 35.4999997 ], [ 133.377778, 35.4166663 ] ] ] } },
{ "type": "Feature", "properties": { "Id": 0, "Sheet_ID": "松江近傍 13", "label": "松江近傍 13", "call_short": "0", "call_num": "0", "recid": "0", "websiteUrl": "0", "title": "0", "ckey": 0, "available": false, "iiifUrl": "0" }, "geometry": { "type": "Polygon", "coordinates": [ [ [ 132.877778, 35.4999997 ], [ 133.002778, 35.4999997 ], [ 133.002778, 35.583333 ], [ 132.877778, 35.583333 ], [ 132.877778, 35.4999997 ] ] ] } },
{ "type": "Feature", "properties": { "Id": 0, "Sheet_ID": "松江近傍 10", "label": "松江近傍 10", "call_short": "G7960 S25 .J3", "call_num": "G7960 S25 .J3 52-10", "recid": "pw412cg8104", "websiteUrl": "https://purl.stanford.edu/pw412cg8104", "title": "二万五千分一地形圖 松江近傍", "ckey": 10561302, "available": true, "iiifUrl": "https://purl.stanford.edu/pw412cg8104/iiif/manifest" }, "geometry": { "type": "Polygon", "coordinates": [ [ [ 133.002778, 35.4999997 ], [ 133.127778, 35.4999997 ], [ 133.127778, 35.583333 ], [ 133.002778, 35.583333 ], [ 133.002778, 35.4999997 ] ] ] } },
{ "type": "Feature", "properties": { "Id": 0, "Sheet_ID": "松江近傍 7", "label": "松江近傍 7", "call_short": "0", "call_num": "0", "recid": "0", "websiteUrl": "0", "title": "0", "ckey": 0, "available": false, "iiifUrl": "0" }, "geometry": { "type": "Polygon", "coordinates": [ [ [ 133.127778, 35.4999997 ], [ 133.252778, 35.4999997 ], [ 133.252778, 35.583333 ], [ 133.127778, 35.583333 ], [ 133.127778, 35.4999997 ] ] ] } },
{ "type": "Feature", "properties": { "Id": 0, "Sheet_ID": "松江近傍 4", "label": "松江近傍 4", "call_short": "G7960 S25 .J3", "call_num": "G7960 S25 .J3 52-4", "recid": "cr979wj6193", "websiteUrl": "https://purl.stanford.edu/cr979wj6193", "title": "二万五千分一地形圖 松江近傍", "ckey": 10561302, "available": true, "iiifUrl": "https://purl.stanford.edu/cr979wj6193/iiif/manifest" }, "geometry": { "type": "Polygon", "coordinates": [ [ [ 133.252778, 35.4999997 ], [ 133.377778, 35.4999997 ], [ 133.377778, 35.583333 ], [ 133.252778, 35.583333 ], [ 133.252778, 35.4999997 ] ] ] } },
{ "type": "Feature", "properties": { "Id": 0, "Sheet_ID": "松江近傍 1", "label": "松江近傍 1", "call_short": "0", "call_num": "0", "recid": "0", "websiteUrl": "0", "title": "0", "ckey": 0, "available": false, "iiifUrl": "0" }, "geometry": { "type": "Polygon", "coordinates": [ [ [ 133.377778, 35.4999997 ], [ 133.502778, 35.4999997 ], [ 133.502778, 35.583333 ], [ 133.377778, 35.583333 ], [ 133.377778, 35.4999997 ] ] ] } },
{ "type": "Feature", "properties": { "Id": 0, "Sheet_ID": "濱田近傍 6", "label": "濱田近傍 6", "call_short": "0", "call_num": "0", "recid": "0", "websiteUrl": "0", "title": "0", "ckey": 0, "available": false, "iiifUrl": "0" }, "geometry": { "type": "Polygon", "coordinates": [ [ [ 132.002778, 34.833333 ], [ 132.127778, 34.833333 ], [ 132.127778, 34.9166663 ], [ 132.002778, 34.9166663 ], [ 132.002778, 34.833333 ] ] ] } },
{ "type": "Feature", "properties": { "Id": 0, "Sheet_ID": "濱田近傍 4", "label": "濱田近傍 4", "call_short": "G7960 S25 .J3", "call_num": "G7960 S25 .J3 53-4", "recid": "vv877rt5642", "websiteUrl": "https://purl.stanford.edu/vv877rt5642", "title": "二万五千分一地形圖 濱田近傍", "ckey": 10561302, "available": true, "iiifUrl": "https://purl.stanford.edu/vv877rt5642/iiif/manifest" }, "geometry": { "type": "Polygon", "coordinates": [ [ [ 132.127778, 34.833333 ], [ 132.252778, 34.833333 ], [ 132.252778, 34.9166663 ], [ 132.127778, 34.9166663 ], [ 132.127778, 34.833333 ] ] ] } },
{ "type": "Feature", "properties": { "Id": 0, "Sheet_ID": "濱田近傍 5", "label": "濱田近傍 5", "call_short": "0", "call_num": "0", "recid": "0", "websiteUrl": "0", "title": "0", "ckey": 0, "available": false, "iiifUrl": "0" }, "geometry": { "type": "Polygon", "coordinates": [ [ [ 132.002778, 34.9166663 ], [ 132.127778, 34.9166663 ], [ 132.127778, 34.9999997 ], [ 132.002778, 34.9999997 ], [ 132.002778, 34.9166663 ] ] ] } },
{ "type": "Feature", "properties": { "Id": 0, "Sheet_ID": "濱田近傍 3", "label": "濱田近傍 3", "call_short": "G7960 S25 .J3", "call_num": "G7960 S25 .J3 53-3", "recid": "yn736nj3008", "websiteUrl": "https://purl.stanford.edu/yn736nj3008", "title": "二万五千分一地形圖 濱田近傍", "ckey": 10561302, "available": true, "iiifUrl": "https://purl.stanford.edu/yn736nj3008/iiif/manifest" }, "geometry": { "type": "Polygon", "coordinates": [ [ [ 132.127778, 34.9166663 ], [ 132.252778, 34.9166663 ], [ 132.252778, 34.9999997 ], [ 132.127778, 34.9999997 ], [ 132.127778, 34.9166663 ] ] ] } },
{ "type": "Feature", "properties": { "Id": 0, "Sheet_ID": "濱田近傍 2", "label": "濱田近傍 2", "call_short": "0", "call_num": "0", "recid": "0", "websiteUrl": "0", "title": "0", "ckey": 0, "available": false, "iiifUrl": "0" }, "geometry": { "type": "Polygon", "coordinates": [ [ [ 132.127778, 34.9999997 ], [ 132.252778, 34.9999997 ], [ 132.252778, 35.083333 ], [ 132.127778, 35.083333 ], [ 132.127778, 34.9999997 ] ] ] } },
{ "type": "Feature", "properties": { "Id": 0, "Sheet_ID": "濱田近傍 1", "label": "濱田近傍 1", "call_short": "G7960 S25 .J3", "call_num": "G7960 S25 .J3 53-1", "recid": "sx630md1850", "websiteUrl": "https://purl.stanford.edu/sx630md1850", "title": "二万五千分一地形圖 濱田近傍", "ckey": 10561302, "available": true, "iiifUrl": "https://purl.stanford.edu/sx630md1850/iiif/manifest" }, "geometry": { "type": "Polygon", "coordinates": [ [ [ 132.252778, 34.9999997 ], [ 132.377778, 34.9999997 ], [ 132.377778, 35.083333 ], [ 132.252778, 35.083333 ], [ 132.252778, 34.9999997 ] ] ] } },
{ "type": "Feature", "properties": { "Id": 0, "Sheet_ID": "日出生臺近傍 4", "label": "日出生臺近傍 4", "call_short": "G7960 S25 .J3", "call_num": "G7960 S25 .J3 66-4", "recid": "yn500hg9330", "websiteUrl": "https://purl.stanford.edu/yn500hg9330", "title": "二万五千分一地形圖 日出生臺近傍", "ckey": 10561302, "available": true, "iiifUrl": "https://purl.stanford.edu/yn500hg9330/iiif/manifest" }, "geometry": { "type": "Polygon", "coordinates": [ [ [ 131.127778, 33.25 ], [ 131.252778, 33.25 ], [ 131.252778, 33.3333335 ], [ 131.127778, 33.3333335 ], [ 131.127778, 33.25 ] ] ] } },
{ "type": "Feature", "properties": { "Id": 0, "Sheet_ID": "日出生臺近傍 2", "label": "日出生臺近傍 2", "call_short": "G7960 S25 .J3", "call_num": "G7960 S25 .J3 66-2", "recid": "hx534nj9751", "websiteUrl": "https://purl.stanford.edu/hx534nj9751", "title": "二万五千分一地形圖 日出生臺近傍", "ckey": 10561302, "available": true, "iiifUrl": "https://purl.stanford.edu/hx534nj9751/iiif/manifest" }, "geometry": { "type": "Polygon", "coordinates": [ [ [ 131.252778, 33.25 ], [ 131.377778, 33.25 ], [ 131.377778, 33.3333335 ], [ 131.252778, 33.3333335 ], [ 131.252778, 33.25 ] ] ] } },
{ "type": "Feature", "properties": { "Id": 0, "Sheet_ID": "日出生臺近傍 3", "label": "日出生臺近傍 3", "call_short": "G7960 S25 .J3", "call_num": "G7960 S25 .J3 66-3", "recid": "wt324fr2654", "websiteUrl": "https://purl.stanford.edu/wt324fr2654", "title": "二万五千分一地形圖 日出生臺近傍", "ckey": 10561302, "available": true, "iiifUrl": "https://purl.stanford.edu/wt324fr2654/iiif/manifest" }, "geometry": { "type": "Polygon", "coordinates": [ [ [ 131.127778, 33.3333335 ], [ 131.252778, 33.3333335 ], [ 131.252778, 33.416667 ], [ 131.127778, 33.416667 ], [ 131.127778, 33.3333335 ] ] ] } },
{ "type": "Feature", "properties": { "Id": 0, "Sheet_ID": "日出生臺近傍 1", "label": "日出生臺近傍 1", "call_short": "G7960 S25 .J3", "call_num": "G7960 S25 .J3 66-1", "recid": "nw184wd5536", "websiteUrl": "https://purl.stanford.edu/nw184wd5536", "title": "二万五千分一地形圖 日出生臺近傍", "ckey": 10561302, "available": true, "iiifUrl": "https://purl.stanford.edu/nw184wd5536/iiif/manifest" }, "geometry": { "type": "Polygon", "coordinates": [ [ [ 131.252778, 33.3333335 ], [ 131.377778, 33.3333335 ], [ 131.377778, 33.416667 ], [ 131.252778, 33.416667 ], [ 131.252778, 33.3333335 ] ] ] } },
{ "type": "Feature", "properties": { "Id": 0, "Sheet_ID": "大分近傍 4", "label": "大分近傍 4", "call_short": "G7960 S25 .J3", "call_num": "G7960 S25 .J3 65-4", "recid": "tm322mb0788", "websiteUrl": "https://purl.stanford.edu/tm322mb0788", "title": "二万五千分一地形圖 大分近傍", "ckey": 10561302, "available": true, "iiifUrl": "https://purl.stanford.edu/tm322mb0788/iiif/manifest" }, "geometry": { "type": "Polygon", "coordinates": [ [ [ 131.502778, 33.166667 ], [ 131.627778, 33.166667 ], [ 131.627778, 33.25 ], [ 131.502778, 33.25 ], [ 131.502778, 33.166667 ] ] ] } },
{ "type": "Feature", "properties": { "Id": 0, "Sheet_ID": "大分近傍 3", "label": "大分近傍 3", "call_short": "G7960 S25 .J3", "call_num": "G7960 S25 .J3 65-3", "recid": "gt145gw4210", "websiteUrl": "https://purl.stanford.edu/gt145gw4210", "title": "二万五千分一地形圖 大分近傍", "ckey": 10561302, "available": true, "iiifUrl": "https://purl.stanford.edu/gt145gw4210/iiif/manifest" }, "geometry": { "type": "Polygon", "coordinates": [ [ [ 131.502778, 33.25 ], [ 131.627778, 33.25 ], [ 131.627778, 33.333333 ], [ 131.502778, 33.333333 ], [ 131.502778, 33.25 ] ] ] } },
{ "type": "Feature", "properties": { "Id": 0, "Sheet_ID": "徳島近傍 7", "label": "徳島近傍 7", "call_short": "0", "call_num": "0", "recid": "0", "websiteUrl": "0", "title": "0", "ckey": 0, "available": false, "iiifUrl": "0" }, "geometry": { "type": "Polygon", "coordinates": [ [ [ 134.502778, 33.833333 ], [ 134.627778, 33.833333 ], [ 134.627778, 33.9166664 ], [ 134.502778, 33.9166664 ], [ 134.502778, 33.833333 ] ] ] } },
{ "type": "Feature", "properties": { "Id": 0, "Sheet_ID": "徳島近傍 3", "label": "徳島近傍 3", "call_short": "0", "call_num": "0", "recid": "0", "websiteUrl": "0", "title": "0", "ckey": 0, "available": false, "iiifUrl": "0" }, "geometry": { "type": "Polygon", "coordinates": [ [ [ 134.627778, 33.833333 ], [ 134.752778, 33.833333 ], [ 134.752778, 33.9166664 ], [ 134.627778, 33.9166664 ], [ 134.627778, 33.833333 ] ] ] } },
{ "type": "Feature", "properties": { "Id": 0, "Sheet_ID": "徳島近傍 6", "label": "徳島近傍 6", "call_short": "0", "call_num": "0", "recid": "0", "websiteUrl": "0", "title": "0", "ckey": 0, "available": false, "iiifUrl": "0" }, "geometry": { "type": "Polygon", "coordinates": [ [ [ 134.502778, 33.9166664 ], [ 134.627778, 33.9166664 ], [ 134.627778, 33.9999998 ], [ 134.502778, 33.9999998 ], [ 134.502778, 33.9166664 ] ] ] } },
{ "type": "Feature", "properties": { "Id": 0, "Sheet_ID": "徳島近傍 2", "label": "徳島近傍 2", "call_short": "0", "call_num": "0", "recid": "0", "websiteUrl": "0", "title": "0", "ckey": 0, "available": false, "iiifUrl": "0" }, "geometry": { "type": "Polygon", "coordinates": [ [ [ 134.627778, 33.9166664 ], [ 134.752778, 33.9166664 ], [ 134.752778, 33.9999998 ], [ 134.627778, 33.9999998 ], [ 134.627778, 33.9166664 ] ] ] } },
{ "type": "Feature", "properties": { "Id": 0, "Sheet_ID": "徳島近傍 15", "label": "徳島近傍 15", "call_short": "G7960 S25 .J3", "call_num": "G7960 S25 .J3 59-15", "recid": "zd374ds7860", "websiteUrl": "https://purl.stanford.edu/zd374ds7860", "title": "二万五千分一地形圖 徳島近傍", "ckey": 10561302, "available": true, "iiifUrl": "https://purl.stanford.edu/zd374ds7860/iiif/manifest" }, "geometry": { "type": "Polygon", "coordinates": [ [ [ 134.002778, 33.9999998 ], [ 134.127778, 33.9999998 ], [ 134.127778, 34.0833332 ], [ 134.002778, 34.0833332 ], [ 134.002778, 33.9999998 ] ] ] } },
{ "type": "Feature", "properties": { "Id": 0, "Sheet_ID": "徳島近傍 14", "label": "徳島近傍 14", "call_short": "0", "call_num": "0", "recid": "0", "websiteUrl": "0", "title": "0", "ckey": 0, "available": false, "iiifUrl": "0" }, "geometry": { "type": "Polygon", "coordinates": [ [ [ 134.127778, 33.9999998 ], [ 134.252778, 33.9999998 ], [ 134.252778, 34.0833332 ], [ 134.127778, 34.0833332 ], [ 134.127778, 33.9999998 ] ] ] } },
{ "type": "Feature", "properties": { "Id": 0, "Sheet_ID": "徳島近傍 12", "label": "徳島近傍 12", "call_short": "0", "call_num": "0", "recid": "0", "websiteUrl": "0", "title": "0", "ckey": 0, "available": false, "iiifUrl": "0" }, "geometry": { "type": "Polygon", "coordinates": [ [ [ 134.252778, 33.9999998 ], [ 134.377778, 33.9999998 ], [ 134.377778, 34.0833332 ], [ 134.252778, 34.0833332 ], [ 134.252778, 33.9999998 ] ] ] } },
{ "type": "Feature", "properties": { "Id": 0, "Sheet_ID": "徳島近傍 10", "label": "徳島近傍 10", "call_short": "0", "call_num": "0", "recid": "0", "websiteUrl": "0", "title": "0", "ckey": 0, "available": false, "iiifUrl": "0" }, "geometry": { "type": "Polygon", "coordinates": [ [ [ 134.377778, 33.9999998 ], [ 134.502778, 33.9999998 ], [ 134.502778, 34.0833332 ], [ 134.377778, 34.0833332 ], [ 134.377778, 33.9999998 ] ] ] } },
{ "type": "Feature", "properties": { "Id": 0, "Sheet_ID": "徳島近傍 5", "label": "徳島近傍 5", "call_short": "0", "call_num": "0", "recid": "0", "websiteUrl": "0", "title": "0", "ckey": 0, "available": false, "iiifUrl": "0" }, "geometry": { "type": "Polygon", "coordinates": [ [ [ 134.502778, 33.9999998 ], [ 134.627778, 33.9999998 ], [ 134.627778, 34.0833332 ], [ 134.502778, 34.0833332 ], [ 134.502778, 33.9999998 ] ] ] } },
{ "type": "Feature", "properties": { "Id": 0, "Sheet_ID": "徳島近傍 1", "label": "徳島近傍 1", "call_short": "G7960 S25 .J3", "call_num": "G7960 S25 .J3 59-1", "recid": "kz675gy2953", "websiteUrl": "https://purl.stanford.edu/kz675gy2953", "title": "二万五千分一地形圖 徳島近傍", "ckey": 10561302, "available": true, "iiifUrl": "https://purl.stanford.edu/kz675gy2953/iiif/manifest" }, "geometry": { "type": "Polygon", "coordinates": [ [ [ 134.627778, 33.9999998 ], [ 134.752778, 33.9999998 ], [ 134.752778, 34.0833332 ], [ 134.627778, 34.0833332 ], [ 134.627778, 33.9999998 ] ] ] } },
{ "type": "Feature", "properties": { "Id": 0, "Sheet_ID": "徳島近傍 13", "label": "徳島近傍 13", "call_short": "G7960 S25 .J3", "call_num": "G7960 S25 .J3 59-13", "recid": "js281bf7883", "websiteUrl": "https://purl.stanford.edu/js281bf7883", "title": "二万五千分一地形圖 徳島近傍", "ckey": 10561302, "available": true, "iiifUrl": "https://purl.stanford.edu/js281bf7883/iiif/manifest" }, "geometry": { "type": "Polygon", "coordinates": [ [ [ 134.127778, 34.0833332 ], [ 134.252778, 34.0833332 ], [ 134.252778, 34.1666666 ], [ 134.127778, 34.1666666 ], [ 134.127778, 34.0833332 ] ] ] } },
{ "type": "Feature", "properties": { "Id": 0, "Sheet_ID": "徳島近傍 11", "label": "徳島近傍 11", "call_short": "0", "call_num": "0", "recid": "0", "websiteUrl": "0", "title": "0", "ckey": 0, "available": false, "iiifUrl": "0" }, "geometry": { "type": "Polygon", "coordinates": [ [ [ 134.252778, 34.0833332 ], [ 134.377778, 34.0833332 ], [ 134.377778, 34.1666666 ], [ 134.252778, 34.1666666 ], [ 134.252778, 34.0833332 ] ] ] } },
{ "type": "Feature", "properties": { "Id": 0, "Sheet_ID": "徳島近傍 9", "label": "徳島近傍 9", "call_short": "0", "call_num": "0", "recid": "0", "websiteUrl": "0", "title": "0", "ckey": 0, "available": false, "iiifUrl": "0" }, "geometry": { "type": "Polygon", "coordinates": [ [ [ 134.377778, 34.0833332 ], [ 134.502778, 34.0833332 ], [ 134.502778, 34.1666666 ], [ 134.377778, 34.1666666 ], [ 134.377778, 34.0833332 ] ] ] } },
{ "type": "Feature", "properties": { "Id": 0, "Sheet_ID": "徳島近傍 4", "label": "徳島近傍 4", "call_short": "0", "call_num": "0", "recid": "0", "websiteUrl": "0", "title": "0", "ckey": 0, "available": false, "iiifUrl": "0" }, "geometry": { "type": "Polygon", "coordinates": [ [ [ 134.502778, 34.0833332 ], [ 134.627778, 34.0833332 ], [ 134.627778, 34.1666666 ], [ 134.502778, 34.1666666 ], [ 134.502778, 34.0833332 ] ] ] } },
{ "type": "Feature", "properties": { "Id": 0, "Sheet_ID": "徳島近傍 8", "label": "徳島近傍 8", "call_short": "0", "call_num": "0", "recid": "0", "websiteUrl": "0", "title": "0", "ckey": 0, "available": false, "iiifUrl": "0" }, "geometry": { "type": "Polygon", "coordinates": [ [ [ 134.502778, 34.1666666 ], [ 134.502778, 34.25 ], [ 134.377778, 34.25 ], [ 134.377778, 34.1666666 ], [ 134.502778, 34.1666666 ] ] ] } },
{ "type": "Feature", "properties": { "Id": 0, "Sheet_ID": "山口近傍 14", "label": "山口近傍 14", "call_short": "G7960 S25 .J3", "call_num": "G7960 S25 .J3 58-14", "recid": "br279mz6973", "websiteUrl": "https://purl.stanford.edu/br279mz6973", "title": "二万五千分一地形圖 山口近傍", "ckey": 10561302, "available": true, "iiifUrl": "https://purl.stanford.edu/br279mz6973/iiif/manifest" }, "geometry": { "type": "Polygon", "coordinates": [ [ [ 131.127778, 33.916667 ], [ 131.252778, 33.916667 ], [ 131.252778, 34.0000002 ], [ 131.127778, 34.0000002 ], [ 131.127778, 33.916667 ] ] ] } },
{ "type": "Feature", "properties": { "Id": 0, "Sheet_ID": "山口近傍 12", "label": "山口近傍 12", "call_short": "G7960 S25 .J3", "call_num": "G7960 S25 .J3 58-12", "recid": "bk547fb2067", "websiteUrl": "https://purl.stanford.edu/bk547fb2067", "title": "二万五千分一地形圖 山口近傍", "ckey": 10561302, "available": true, "iiifUrl": "https://purl.stanford.edu/bk547fb2067/iiif/manifest" }, "geometry": { "type": "Polygon", "coordinates": [ [ [ 131.252778, 33.916667 ], [ 131.377778, 33.916667 ], [ 131.377778, 34.0000002 ], [ 131.252778, 34.0000002 ], [ 131.252778, 33.916667 ] ] ] } },
{ "type": "Feature", "properties": { "Id": 0, "Sheet_ID": "山口近傍 8", "label": "山口近傍 8", "call_short": "G7960 S25 .J3", "call_num": "G7960 S25 .J3 58-8", "recid": "cy886sp3371", "websiteUrl": "https://purl.stanford.edu/cy886sp3371", "title": "二万五千分一地形圖 山口近傍", "ckey": 10561302, "available": true, "iiifUrl": "https://purl.stanford.edu/cy886sp3371/iiif/manifest" }, "geometry": { "type": "Polygon", "coordinates": [ [ [ 131.377778, 33.916667 ], [ 131.502778, 33.916667 ], [ 131.502778, 34.0000002 ], [ 131.377778, 34.0000002 ], [ 131.377778, 33.916667 ] ] ] } },
{ "type": "Feature", "properties": { "Id": 0, "Sheet_ID": "山口近傍 4", "label": "山口近傍 4", "call_short": "G7960 S25 .J3", "call_num": "G7960 S25 .J3 58-4", "recid": "kg073fp1353", "websiteUrl": "https://purl.stanford.edu/kg073fp1353", "title": "二万五千分一地形圖 山口近傍", "ckey": 10561302, "available": true, "iiifUrl": "https://purl.stanford.edu/kg073fp1353/iiif/manifest" }, "geometry": { "type": "Polygon", "coordinates": [ [ [ 131.502778, 33.916667 ], [ 131.627778, 33.916667 ], [ 131.627778, 34.0000002 ], [ 131.502778, 34.0000002 ], [ 131.502778, 33.916667 ] ] ] } },
{ "type": "Feature", "properties": { "Id": 0, "Sheet_ID": "山口近傍 13", "label": "山口近傍 13", "call_short": "G7960 S25 .J3", "call_num": "G7960 S25 .J3 58-13", "recid": "cs780qp5186", "websiteUrl": "https://purl.stanford.edu/cs780qp5186", "title": "二万五千分一地形圖 山口近傍", "ckey": 10561302, "available": true, "iiifUrl": "https://purl.stanford.edu/cs780qp5186/iiif/manifest" }, "geometry": { "type": "Polygon", "coordinates": [ [ [ 131.127778, 34.0000002 ], [ 131.252778, 34.0000002 ], [ 131.252778, 34.0833335 ], [ 131.127778, 34.0833335 ], [ 131.127778, 34.0000002 ] ] ] } },
{ "type": "Feature", "properties": { "Id": 0, "Sheet_ID": "山口近傍 11", "label": "山口近傍 11", "call_short": "G7960 S25 .J3", "call_num": "G7960 S25 .J3 58-11", "recid": "zm859fq3010", "websiteUrl": "https://purl.stanford.edu/zm859fq3010", "title": "二万五千分一地形圖 山口近傍", "ckey": 10561302, "available": true, "iiifUrl": "https://purl.stanford.edu/zm859fq3010/iiif/manifest" }, "geometry": { "type": "Polygon", "coordinates": [ [ [ 131.252778, 34.0000002 ], [ 131.377778, 34.0000002 ], [ 131.377778, 34.0833335 ], [ 131.252778, 34.0833335 ], [ 131.252778, 34.0000002 ] ] ] } },
{ "type": "Feature", "properties": { "Id": 0, "Sheet_ID": "山口近傍 7", "label": "山口近傍 7", "call_short": "G7960 S25 .J3", "call_num": "G7960 S25 .J3 58-7", "recid": "jr967qf0461", "websiteUrl": "https://purl.stanford.edu/jr967qf0461", "title": "二万五千分一地形圖 山口近傍", "ckey": 10561302, "available": true, "iiifUrl": "https://purl.stanford.edu/jr967qf0461/iiif/manifest" }, "geometry": { "type": "Polygon", "coordinates": [ [ [ 131.377778, 34.0000002 ], [ 131.502778, 34.0000002 ], [ 131.502778, 34.0833335 ], [ 131.377778, 34.0833335 ], [ 131.377778, 34.0000002 ] ] ] } },
{ "type": "Feature", "properties": { "Id": 0, "Sheet_ID": "山口近傍 3", "label": "山口近傍 3", "call_short": "0", "call_num": "0", "recid": "0", "websiteUrl": "0", "title": "0", "ckey": 0, "available": false, "iiifUrl": "0" }, "geometry": { "type": "Polygon", "coordinates": [ [ [ 131.502778, 34.0000002 ], [ 131.627778, 34.0000002 ], [ 131.627778, 34.0833335 ], [ 131.502778, 34.0833335 ], [ 131.502778, 34.0000002 ] ] ] } },
{ "type": "Feature", "properties": { "Id": 0, "Sheet_ID": "山口近傍 10", "label": "山口近傍 10", "call_short": "G7960 S25 .J3", "call_num": "G7960 S25 .J3 58-10", "recid": "sm569rr6473", "websiteUrl": "https://purl.stanford.edu/sm569rr6473", "title": "二万五千分一地形圖 山口近傍", "ckey": 10561302, "available": true, "iiifUrl": "https://purl.stanford.edu/sm569rr6473/iiif/manifest" }, "geometry": { "type": "Polygon", "coordinates": [ [ [ 131.252778, 34.0833335 ], [ 131.377778, 34.0833335 ], [ 131.377778, 34.1666667 ], [ 131.252778, 34.1666667 ], [ 131.252778, 34.0833335 ] ] ] } },
{ "type": "Feature", "properties": { "Id": 0, "Sheet_ID": "山口近傍 6", "label": "山口近傍 6", "call_short": "G7960 S25 .J3", "call_num": "G7960 S25 .J3 58-6", "recid": "dv069dk5446", "websiteUrl": "https://purl.stanford.edu/dv069dk5446", "title": "二万五千分一地形圖 山口近傍", "ckey": 10561302, "available": true, "iiifUrl": "https://purl.stanford.edu/dv069dk5446/iiif/manifest" }, "geometry": { "type": "Polygon", "coordinates": [ [ [ 131.377778, 34.0833335 ], [ 131.502778, 34.0833335 ], [ 131.502778, 34.1666667 ], [ 131.377778, 34.1666667 ], [ 131.377778, 34.0833335 ] ] ] } },
{ "type": "Feature", "properties": { "Id": 0, "Sheet_ID": "山口近傍 2", "label": "山口近傍 2", "call_short": "G7960 S25 .J3", "call_num": "G7960 S25 .J3 58-2", "recid": "qc025wx9410", "websiteUrl": "https://purl.stanford.edu/qc025wx9410", "title": "二万五千分一地形圖 山口近傍", "ckey": 10561302, "available": true, "iiifUrl": "https://purl.stanford.edu/qc025wx9410/iiif/manifest" }, "geometry": { "type": "Polygon", "coordinates": [ [ [ 131.502778, 34.0833335 ], [ 131.627778, 34.0833335 ], [ 131.627778, 34.1666667 ], [ 131.502778, 34.1666667 ], [ 131.502778, 34.0833335 ] ] ] } },
{ "type": "Feature", "properties": { "Id": 0, "Sheet_ID": "山口近傍 9", "label": "山口近傍 9", "call_short": "G7960 S25 .J3", "call_num": "G7960 S25 .J3 58-9", "recid": "kt119bw2159", "websiteUrl": "https://purl.stanford.edu/kt119bw2159", "title": "二万五千分一地形圖 山口近傍", "ckey": 10561302, "available": true, "iiifUrl": "https://purl.stanford.edu/kt119bw2159/iiif/manifest" }, "geometry": { "type": "Polygon", "coordinates": [ [ [ 131.252778, 34.1666667 ], [ 131.377778, 34.1666667 ], [ 131.377778, 34.25 ], [ 131.252778, 34.25 ], [ 131.252778, 34.1666667 ] ] ] } },
{ "type": "Feature", "properties": { "Id": 0, "Sheet_ID": "山口近傍 5", "label": "山口近傍 5", "call_short": "G7960 S25 .J3", "call_num": "G7960 S25 .J3 58-5", "recid": "gc376nt9890", "websiteUrl": "https://purl.stanford.edu/gc376nt9890", "title": "二万五千分一地形圖 山口近傍", "ckey": 10561302, "available": true, "iiifUrl": "https://purl.stanford.edu/gc376nt9890/iiif/manifest" }, "geometry": { "type": "Polygon", "coordinates": [ [ [ 131.377778, 34.1666667 ], [ 131.502778, 34.1666667 ], [ 131.502778, 34.25 ], [ 131.377778, 34.25 ], [ 131.377778, 34.1666667 ] ] ] } },
{ "type": "Feature", "properties": { "Id": 0, "Sheet_ID": "山口近傍 1", "label": "山口近傍 1", "call_short": "G7960 S25 .J3", "call_num": "G7960 S25 .J3 58-1", "recid": "qj423cs0263", "websiteUrl": "https://purl.stanford.edu/qj423cs0263", "title": "二万五千分一地形圖 山口近傍", "ckey": 10561302, "available": true, "iiifUrl": "https://purl.stanford.edu/qj423cs0263/iiif/manifest" }, "geometry": { "type": "Polygon", "coordinates": [ [ [ 131.502778, 34.1666667 ], [ 131.627778, 34.1666667 ], [ 131.627778, 34.25 ], [ 131.502778, 34.25 ], [ 131.502778, 34.1666667 ] ] ] } },
{ "type": "Feature", "properties": { "Id": 0, "Sheet_ID": "岩国及柳井近傍 10", "label": "岩国及柳井近傍 10", "call_short": "0", "call_num": "0", "recid": "0", "websiteUrl": "0", "title": "0", "ckey": 0, "available": false, "iiifUrl": "0" }, "geometry": { "type": "Polygon", "coordinates": [ [ [ 132.002778, 33.75 ], [ 132.127778, 33.75 ], [ 132.127778, 33.8333334 ], [ 132.002778, 33.8333334 ], [ 132.002778, 33.75 ] ] ] } },
{ "type": "Feature", "properties": { "Id": 0, "Sheet_ID": "岩国及柳井近傍 9", "label": "岩国及柳井近傍 9", "call_short": "0", "call_num": "0", "recid": "0", "websiteUrl": "0", "title": "0", "ckey": 0, "available": false, "iiifUrl": "0" }, "geometry": { "type": "Polygon", "coordinates": [ [ [ 132.002778, 33.8333334 ], [ 132.127778, 33.8333334 ], [ 132.127778, 33.9166668 ], [ 132.002778, 33.9166668 ], [ 132.002778, 33.8333334 ] ] ] } },
{ "type": "Feature", "properties": { "Id": 0, "Sheet_ID": "岩国及柳井近傍 7", "label": "岩国及柳井近傍 7", "call_short": "0", "call_num": "0", "recid": "0", "websiteUrl": "0", "title": "0", "ckey": 0, "available": false, "iiifUrl": "0" }, "geometry": { "type": "Polygon", "coordinates": [ [ [ 132.127778, 33.8333334 ], [ 132.252778, 33.8333334 ], [ 132.252778, 33.9166668 ], [ 132.127778, 33.9166668 ], [ 132.127778, 33.8333334 ] ] ] } },
{ "type": "Feature", "properties": { "Id": 0, "Sheet_ID": "岩国及柳井近傍 11", "label": "岩国及柳井近傍 11", "call_short": "0", "call_num": "0", "recid": "0", "websiteUrl": "0", "title": "0", "ckey": 0, "available": false, "iiifUrl": "0" }, "geometry": { "type": "Polygon", "coordinates": [ [ [ 131.877778, 33.9166667 ], [ 132.002778, 33.9166667 ], [ 132.002778, 34.0000001 ], [ 131.877778, 34.0000001 ], [ 131.877778, 33.9166667 ] ] ] } },
{ "type": "Feature", "properties": { "Id": 0, "Sheet_ID": "岩国及柳井近傍 8", "label": "岩国及柳井近傍 8", "call_short": "G7960 S25 .J3", "call_num": "G7960 S25 .J3 57-8", "recid": "qj588tv3230", "websiteUrl": "https://purl.stanford.edu/qj588tv3230", "title": "二万五千分一地形圖 岩国及柳井近傍", "ckey": 10561302, "available": true, "iiifUrl": "https://purl.stanford.edu/qj588tv3230/iiif/manifest" }, "geometry": { "type": "Polygon", "coordinates": [ [ [ 132.002778, 33.9166667 ], [ 132.127778, 33.9166667 ], [ 132.127778, 34.0000001 ], [ 132.002778, 34.0000001 ], [ 132.002778, 33.9166667 ] ] ] } },
{ "type": "Feature", "properties": { "Id": 0, "Sheet_ID": "岩国及柳井近傍 6", "label": "岩国及柳井近傍 6", "call_short": "0", "call_num": "0", "recid": "0", "websiteUrl": "0", "title": "0", "ckey": 0, "available": false, "iiifUrl": "0" }, "geometry": { "type": "Polygon", "coordinates": [ [ [ 132.127778, 33.9166667 ], [ 132.252778, 33.9166667 ], [ 132.252778, 34.0000001 ], [ 132.127778, 34.0000001 ], [ 132.127778, 33.9166667 ] ] ] } },
{ "type": "Feature", "properties": { "Id": 0, "Sheet_ID": "岩国及柳井近傍 5", "label": "岩国及柳井近傍 5", "call_short": "0", "call_num": "0", "recid": "0", "websiteUrl": "0", "title": "0", "ckey": 0, "available": false, "iiifUrl": "0" }, "geometry": { "type": "Polygon", "coordinates": [ [ [ 132.127778, 34.0000001 ], [ 132.252778, 34.0000001 ], [ 132.252778, 34.0833335 ], [ 132.127778, 34.0833335 ], [ 132.127778, 34.0000001 ] ] ] } },
{ "type": "Feature", "properties": { "Id": 0, "Sheet_ID": "岩国及柳井近傍 4", "label": "岩国及柳井近傍 4", "call_short": "0", "call_num": "0", "recid": "0", "websiteUrl": "0", "title": "0", "ckey": 0, "available": false, "iiifUrl": "0" }, "geometry": { "type": "Polygon", "coordinates": [ [ [ 132.127778, 34.0833335 ], [ 132.252778, 34.0833335 ], [ 132.252778, 34.1666669 ], [ 132.127778, 34.1666669 ], [ 132.127778, 34.0833335 ] ] ] } },
{ "type": "Feature", "properties": { "Id": 0, "Sheet_ID": "岩国及柳井近傍 3", "label": "岩国及柳井近傍 3", "call_short": "0", "call_num": "0", "recid": "0", "websiteUrl": "0", "title": "0", "ckey": 0, "available": false, "iiifUrl": "0" }, "geometry": { "type": "Polygon", "coordinates": [ [ [ 132.127778, 34.1666669 ], [ 132.252778, 34.1666669 ], [ 132.252778, 34.2500002 ], [ 132.127778, 34.2500002 ], [ 132.127778, 34.1666669 ] ] ] } },
{ "type": "Feature", "properties": { "Id": 0, "Sheet_ID": "岩国及柳井近傍 2", "label": "岩国及柳井近傍 2", "call_short": "0", "call_num": "0", "recid": "0", "websiteUrl": "0", "title": "0", "ckey": 0, "available": false, "iiifUrl": "0" }, "geometry": { "type": "Polygon", "coordinates": [ [ [ 132.127778, 34.2500002 ], [ 132.252778, 34.2500002 ], [ 132.252778, 34.3333336 ], [ 132.127778, 34.3333336 ], [ 132.127778, 34.2500002 ] ] ] } },
{ "type": "Feature", "properties": { "Id": 0, "Sheet_ID": "岩国及柳井近傍 1", "label": "岩国及柳井近傍 1", "call_short": "G7960 S25 .J3", "call_num": "G7960 S25 .J3 57-1", "recid": "hc170jb9313", "websiteUrl": "https://purl.stanford.edu/hc170jb9313", "title": "二万五千分一地形圖 岩国及柳井近傍", "ckey": 10561302, "available": true, "iiifUrl": "https://purl.stanford.edu/hc170jb9313/iiif/manifest" }, "geometry": { "type": "Polygon", "coordinates": [ [ [ 132.127778, 34.3333336 ], [ 132.252778, 34.3333336 ], [ 132.252778, 34.416667 ], [ 132.127778, 34.416667 ], [ 132.127778, 34.3333336 ] ] ] } },
{ "type": "Feature", "properties": { "Id": 0, "Sheet_ID": "福岡近傍 14", "label": "福岡近傍 14", "call_short": "G7960 S25 .J3", "call_num": "G7960 S25 .J3 67-14", "recid": "qs848pf6570", "websiteUrl": "https://purl.stanford.edu/qs848pf6570", "title": "二万五千分一地形圖 福岡近傍", "ckey": 10561302, "available": true, "iiifUrl": "https://purl.stanford.edu/qs848pf6570/iiif/manifest" }, "geometry": { "type": "Polygon", "coordinates": [ [ [ 130.002778, 33.5 ], [ 130.127778, 33.5 ], [ 130.127778, 33.5833333 ], [ 130.002778, 33.5833333 ], [ 130.002778, 33.5 ] ] ] } },
{ "type": "Feature", "properties": { "Id": 0, "Sheet_ID": "福岡近傍 12", "label": "福岡近傍 12", "call_short": "0", "call_num": "0", "recid": "0", "websiteUrl": "0", "title": "0", "ckey": 0, "available": false, "iiifUrl": "0" }, "geometry": { "type": "Polygon", "coordinates": [ [ [ 130.127778, 33.5 ], [ 130.252778, 33.5 ], [ 130.252778, 33.5833333 ], [ 130.127778, 33.5833333 ], [ 130.127778, 33.5 ] ] ] } },
{ "type": "Feature", "properties": { "Id": 0, "Sheet_ID": "福岡近傍 9", "label": "福岡近傍 9", "call_short": "0", "call_num": "0", "recid": "0", "websiteUrl": "0", "title": "0", "ckey": 0, "available": false, "iiifUrl": "0" }, "geometry": { "type": "Polygon", "coordinates": [ [ [ 130.252778, 33.5 ], [ 130.377778, 33.5 ], [ 130.377778, 33.5833333 ], [ 130.252778, 33.5833333 ], [ 130.252778, 33.5 ] ] ] } },
{ "type": "Feature", "properties": { "Id": 0, "Sheet_ID": "福岡近傍 6", "label": "福岡近傍 6", "call_short": "0", "call_num": "0", "recid": "0", "websiteUrl": "0", "title": "0", "ckey": 0, "available": false, "iiifUrl": "0" }, "geometry": { "type": "Polygon", "coordinates": [ [ [ 130.377778, 33.5 ], [ 130.502778, 33.5 ], [ 130.502778, 33.5833333 ], [ 130.377778, 33.5833333 ], [ 130.377778, 33.5 ] ] ] } },
{ "type": "Feature", "properties": { "Id": 0, "Sheet_ID": "福岡近傍 3", "label": "福岡近傍 3", "call_short": "0", "call_num": "0", "recid": "0", "websiteUrl": "0", "title": "0", "ckey": 0, "available": false, "iiifUrl": "0" }, "geometry": { "type": "Polygon", "coordinates": [ [ [ 130.502778, 33.5 ], [ 130.627778, 33.5 ], [ 130.627778, 33.5833333 ], [ 130.502778, 33.5833333 ], [ 130.502778, 33.5 ] ] ] } },
{ "type": "Feature", "properties": { "Id": 0, "Sheet_ID": "福岡近傍 13", "label": "福岡近傍 13", "call_short": "G7960 S25 .J3", "call_num": "G7960 S25 .J3 67-13", "recid": "xk288hb9139", "websiteUrl": "https://purl.stanford.edu/xk288hb9139", "title": "二万五千分一地形圖 福岡近傍", "ckey": 10561302, "available": true, "iiifUrl": "https://purl.stanford.edu/xk288hb9139/iiif/manifest" }, "geometry": { "type": "Polygon", "coordinates": [ [ [ 130.002778, 33.5833333 ], [ 130.127778, 33.5833333 ], [ 130.127778, 33.6666667 ], [ 130.002778, 33.6666667 ], [ 130.002778, 33.5833333 ] ] ] } },
{ "type": "Feature", "properties": { "Id": 0, "Sheet_ID": "福岡近傍 11", "label": "福岡近傍 11", "call_short": "0", "call_num": "0", "recid": "0", "websiteUrl": "0", "title": "0", "ckey": 0, "available": false, "iiifUrl": "0" }, "geometry": { "type": "Polygon", "coordinates": [ [ [ 130.127778, 33.5833333 ], [ 130.252778, 33.5833333 ], [ 130.252778, 33.6666667 ], [ 130.127778, 33.6666667 ], [ 130.127778, 33.5833333 ] ] ] } },
{ "type": "Feature", "properties": { "Id": 0, "Sheet_ID": "福岡近傍 8", "label": "福岡近傍 8", "call_short": "0", "call_num": "0", "recid": "0", "websiteUrl": "0", "title": "0", "ckey": 0, "available": false, "iiifUrl": "0" }, "geometry": { "type": "Polygon", "coordinates": [ [ [ 130.252778, 33.5833333 ], [ 130.377778, 33.5833333 ], [ 130.377778, 33.6666667 ], [ 130.252778, 33.6666667 ], [ 130.252778, 33.5833333 ] ] ] } },
{ "type": "Feature", "properties": { "Id": 0, "Sheet_ID": "福岡近傍 5", "label": "福岡近傍 5", "call_short": "0", "call_num": "0", "recid": "0", "websiteUrl": "0", "title": "0", "ckey": 0, "available": false, "iiifUrl": "0" }, "geometry": { "type": "Polygon", "coordinates": [ [ [ 130.377778, 33.5833333 ], [ 130.502778, 33.5833333 ], [ 130.502778, 33.6666667 ], [ 130.377778, 33.6666667 ], [ 130.377778, 33.5833333 ] ] ] } },
{ "type": "Feature", "properties": { "Id": 0, "Sheet_ID": "福岡近傍 2", "label": "福岡近傍 2", "call_short": "0", "call_num": "0", "recid": "0", "websiteUrl": "0", "title": "0", "ckey": 0, "available": false, "iiifUrl": "0" }, "geometry": { "type": "Polygon", "coordinates": [ [ [ 130.502778, 33.5833333 ], [ 130.627778, 33.5833333 ], [ 130.627778, 33.6666667 ], [ 130.502778, 33.6666667 ], [ 130.502778, 33.5833333 ] ] ] } },
{ "type": "Feature", "properties": { "Id": 0, "Sheet_ID": "福岡近傍 10", "label": "福岡近傍 10", "call_short": "0", "call_num": "0", "recid": "0", "websiteUrl": "0", "title": "0", "ckey": 0, "available": false, "iiifUrl": "0" }, "geometry": { "type": "Polygon", "coordinates": [ [ [ 130.127778, 33.6666667 ], [ 130.252778, 33.6666667 ], [ 130.252778, 33.75 ], [ 130.127778, 33.75 ], [ 130.127778, 33.6666667 ] ] ] } },
{ "type": "Feature", "properties": { "Id": 0, "Sheet_ID": "福岡近傍 7", "label": "福岡近傍 7", "call_short": "G7960 S25 .J3", "call_num": "G7960 S25 .J3 67-7", "recid": "dt399ww7584", "websiteUrl": "https://purl.stanford.edu/dt399ww7584", "title": "二万五千分一地形圖 福岡近傍", "ckey": 10561302, "available": true, "iiifUrl": "https://purl.stanford.edu/dt399ww7584/iiif/manifest" }, "geometry": { "type": "Polygon", "coordinates": [ [ [ 130.252778, 33.6666667 ], [ 130.377778, 33.6666667 ], [ 130.377778, 33.75 ], [ 130.252778, 33.75 ], [ 130.252778, 33.6666667 ] ] ] } },
{ "type": "Feature", "properties": { "Id": 0, "Sheet_ID": "福岡近傍 4", "label": "福岡近傍 4", "call_short": "0", "call_num": "0", "recid": "0", "websiteUrl": "0", "title": "0", "ckey": 0, "available": false, "iiifUrl": "0" }, "geometry": { "type": "Polygon", "coordinates": [ [ [ 130.377778, 33.6666667 ], [ 130.502778, 33.6666667 ], [ 130.502778, 33.75 ], [ 130.377778, 33.75 ], [ 130.377778, 33.6666667 ] ] ] } },
{ "type": "Feature", "properties": { "Id": 0, "Sheet_ID": "福岡近傍 1", "label": "福岡近傍 1", "call_short": "0", "call_num": "0", "recid": "0", "websiteUrl": "0", "title": "0", "ckey": 0, "available": false, "iiifUrl": "0" }, "geometry": { "type": "Polygon", "coordinates": [ [ [ 130.502778, 33.6666667 ], [ 130.627778, 33.6666667 ], [ 130.627778, 33.75 ], [ 130.502778, 33.75 ], [ 130.502778, 33.6666667 ] ] ] } },
{ "type": "Feature", "properties": { "Id": 0, "Sheet_ID": "久留米及佐賀近傍 19", "label": "久留米及佐賀近傍 19", "call_short": "G7960 S25 .J3", "call_num": "G7960 S25 .J3 68-19", "recid": "bw643pd8651", "websiteUrl": "https://purl.stanford.edu/bw643pd8651", "title": "二万五千分一地形圖 久留米及佐賀近傍", "ckey": 10561302, "available": true, "iiifUrl": "https://purl.stanford.edu/bw643pd8651/iiif/manifest" }, "geometry": { "type": "Polygon", "coordinates": [ [ [ 130.127778, 33.083333 ], [ 130.252778, 33.083333 ], [ 130.252778, 33.1666664 ], [ 130.127778, 33.1666664 ], [ 130.127778, 33.083333 ] ] ] } },
{ "type": "Feature", "properties": { "Id": 0, "Sheet_ID": "久留米及佐賀近傍 16", "label": "久留米及佐賀近傍 16", "call_short": "G7960 S25 .J3", "call_num": "G7960 S25 .J3 68-16", "recid": "yh227dp7162", "websiteUrl": "https://purl.stanford.edu/yh227dp7162", "title": "二万五千分一地形圖 久留米及佐賀近傍", "ckey": 10561302, "available": true, "iiifUrl": "https://purl.stanford.edu/yh227dp7162/iiif/manifest" }, "geometry": { "type": "Polygon", "coordinates": [ [ [ 130.252778, 33.083333 ], [ 130.377778, 33.083333 ], [ 130.377778, 33.1666664 ], [ 130.252778, 33.1666664 ], [ 130.252778, 33.083333 ] ] ] } },
{ "type": "Feature", "properties": { "Id": 0, "Sheet_ID": "久留米及佐賀近傍 13", "label": "久留米及佐賀近傍 13", "call_short": "0", "call_num": "0", "recid": "0", "websiteUrl": "0", "title": "0", "ckey": 0, "available": false, "iiifUrl": "0" }, "geometry": { "type": "Polygon", "coordinates": [ [ [ 130.377778, 33.083333 ], [ 130.502778, 33.083333 ], [ 130.502778, 33.1666664 ], [ 130.377778, 33.1666664 ], [ 130.377778, 33.083333 ] ] ] } },
{ "type": "Feature", "properties": { "Id": 0, "Sheet_ID": "久留米及佐賀近傍 18", "label": "久留米及佐賀近傍 18", "call_short": "0", "call_num": "0", "recid": "0", "websiteUrl": "0", "title": "0", "ckey": 0, "available": false, "iiifUrl": "0" }, "geometry": { "type": "Polygon", "coordinates": [ [ [ 130.127778, 33.1666664 ], [ 130.252778, 33.1666664 ], [ 130.252778, 33.2499998 ], [ 130.127778, 33.2499998 ], [ 130.127778, 33.1666664 ] ] ] } },
{ "type": "Feature", "properties": { "Id": 0, "Sheet_ID": "久留米及佐賀近傍 15 ED.2", "label": "久留米及佐賀近傍 15 ED.2", "call_short": "G7960 S25 .J3", "call_num": "G7960 S25 .J3 68-15 ED.2", "recid": "rw939bf7541", "websiteUrl": "https://purl.stanford.edu/rw939bf7541", "title": "二万五千分一地形圖 久留米及佐賀近傍", "ckey": 10561302, "available": true, "iiifUrl": "https://purl.stanford.edu/rw939bf7541/iiif/manifest" }, "geometry": { "type": "Polygon", "coordinates": [ [ [ 130.252778, 33.1666664 ], [ 130.377778, 33.1666664 ], [ 130.377778, 33.2499998 ], [ 130.252778, 33.2499998 ], [ 130.252778, 33.1666664 ] ] ] } },
{ "type": "Feature", "properties": { "Id": 0, "Sheet_ID": "久留米及佐賀近傍 12", "label": "久留米及佐賀近傍 12", "call_short": "0", "call_num": "0", "recid": "0", "websiteUrl": "0", "title": "0", "ckey": 0, "available": false, "iiifUrl": "0" }, "geometry": { "type": "Polygon", "coordinates": [ [ [ 130.377778, 33.1666664 ], [ 130.502778, 33.1666664 ], [ 130.502778, 33.2499998 ], [ 130.377778, 33.2499998 ], [ 130.377778, 33.1666664 ] ] ] } },
{ "type": "Feature", "properties": { "Id": 0, "Sheet_ID": "久留米及佐賀近傍 8", "label": "久留米及佐賀近傍 8", "call_short": "0", "call_num": "0", "recid": "0", "websiteUrl": "0", "title": "0", "ckey": 0, "available": false, "iiifUrl": "0" }, "geometry": { "type": "Polygon", "coordinates": [ [ [ 130.502778, 33.1666664 ], [ 130.627778, 33.1666664 ], [ 130.627778, 33.2499998 ], [ 130.502778, 33.2499998 ], [ 130.502778, 33.1666664 ] ] ] } },
{ "type": "Feature", "properties": { "Id": 0, "Sheet_ID": "久留米及佐賀近傍 4", "label": "久留米及佐賀近傍 4", "call_short": "G7960 S25 .J3", "call_num": "G7960 S25 .J3 68-4", "recid": "qc344qw5273", "websiteUrl": "https://purl.stanford.edu/qc344qw5273", "title": "二万五千分一地形圖 久留米及佐賀近傍", "ckey": 10561302, "available": true, "iiifUrl": "https://purl.stanford.edu/qc344qw5273/iiif/manifest" }, "geometry": { "type": "Polygon", "coordinates": [ [ [ 130.627778, 33.1666664 ], [ 130.752778, 33.1666664 ], [ 130.752778, 33.2499998 ], [ 130.627778, 33.2499998 ], [ 130.627778, 33.1666664 ] ] ] } },
{ "type": "Feature", "properties": { "Id": 0, "Sheet_ID": "久留米及佐賀近傍 17", "label": "久留米及佐賀近傍 17", "call_short": "G7960 S25 .J3", "call_num": "G7960 S25 .J3 68-17", "recid": "hk922kv5518", "websiteUrl": "https://purl.stanford.edu/hk922kv5518", "title": "二万五千分一地形圖 久留米及佐賀近傍", "ckey": 10561302, "available": true, "iiifUrl": "https://purl.stanford.edu/hk922kv5518/iiif/manifest" }, "geometry": { "type": "Polygon", "coordinates": [ [ [ 130.127778, 33.2499998 ], [ 130.252778, 33.2499998 ], [ 130.252778, 33.3333332 ], [ 130.127778, 33.3333332 ], [ 130.127778, 33.2499998 ] ] ] } },
{ "type": "Feature", "properties": { "Id": 0, "Sheet_ID": "久留米及佐賀近傍 14", "label": "久留米及佐賀近傍 14", "call_short": "G7960 S25 .J3", "call_num": "G7960 S25 .J3 68-14", "recid": "sf549jq2735", "websiteUrl": "https://purl.stanford.edu/sf549jq2735", "title": "二万五千分一地形圖 久留米及佐賀近傍", "ckey": 10561302, "available": true, "iiifUrl": "https://purl.stanford.edu/sf549jq2735/iiif/manifest" }, "geometry": { "type": "Polygon", "coordinates": [ [ [ 130.252778, 33.2499998 ], [ 130.377778, 33.2499998 ], [ 130.377778, 33.3333332 ], [ 130.252778, 33.3333332 ], [ 130.252778, 33.2499998 ] ] ] } },
{ "type": "Feature", "properties": { "Id": 0, "Sheet_ID": "久留米及佐賀近傍 11", "label": "久留米及佐賀近傍 11", "call_short": "0", "call_num": "0", "recid": "0", "websiteUrl": "0", "title": "0", "ckey": 0, "available": false, "iiifUrl": "0" }, "geometry": { "type": "Polygon", "coordinates": [ [ [ 130.377778, 33.2499998 ], [ 130.502778, 33.2499998 ], [ 130.502778, 33.3333332 ], [ 130.377778, 33.3333332 ], [ 130.377778, 33.2499998 ] ] ] } },
{ "type": "Feature", "properties": { "Id": 0, "Sheet_ID": "久留米及佐賀近傍 7", "label": "久留米及佐賀近傍 7", "call_short": "G7960 S25 .J3", "call_num": "G7960 S25 .J3 68-7", "recid": "bt970db4756", "websiteUrl": "https://purl.stanford.edu/bt970db4756", "title": "二万五千分一地形圖 久留米及佐賀近傍", "ckey": 10561302, "available": true, "iiifUrl": "https://purl.stanford.edu/bt970db4756/iiif/manifest" }, "geometry": { "type": "Polygon", "coordinates": [ [ [ 130.502778, 33.2499998 ], [ 130.627778, 33.2499998 ], [ 130.627778, 33.3333332 ], [ 130.502778, 33.3333332 ], [ 130.502778, 33.2499998 ] ] ] } },
{ "type": "Feature", "properties": { "Id": 0, "Sheet_ID": "久留米及佐賀近傍 3", "label": "久留米及佐賀近傍 3", "call_short": "0", "call_num": "0", "recid": "0", "websiteUrl": "0", "title": "0", "ckey": 0, "available": false, "iiifUrl": "0" }, "geometry": { "type": "Polygon", "coordinates": [ [ [ 130.627778, 33.2499998 ], [ 130.752778, 33.2499998 ], [ 130.752778, 33.3333332 ], [ 130.627778, 33.3333332 ], [ 130.627778, 33.2499998 ] ] ] } },
{ "type": "Feature", "properties": { "Id": 0, "Sheet_ID": "久留米及佐賀近傍 10", "label": "久留米及佐賀近傍 10", "call_short": "0", "call_num": "0", "recid": "0", "websiteUrl": "0", "title": "0", "ckey": 0, "available": false, "iiifUrl": "0" }, "geometry": { "type": "Polygon", "coordinates": [ [ [ 130.377778, 33.3333332 ], [ 130.502778, 33.3333332 ], [ 130.502778, 33.4166666 ], [ 130.377778, 33.4166666 ], [ 130.377778, 33.3333332 ] ] ] } },
{ "type": "Feature", "properties": { "Id": 0, "Sheet_ID": "久留米及佐賀近傍 6", "label": "久留米及佐賀近傍 6", "call_short": "0", "call_num": "0", "recid": "0", "websiteUrl": "0", "title": "0", "ckey": 0, "available": false, "iiifUrl": "0" }, "geometry": { "type": "Polygon", "coordinates": [ [ [ 130.502778, 33.3333332 ], [ 130.627778, 33.3333332 ], [ 130.627778, 33.4166666 ], [ 130.502778, 33.4166666 ], [ 130.502778, 33.3333332 ] ] ] } },
{ "type": "Feature", "properties": { "Id": 0, "Sheet_ID": "久留米及佐賀近傍 2", "label": "久留米及佐賀近傍 2", "call_short": "0", "call_num": "0", "recid": "0", "websiteUrl": "0", "title": "0", "ckey": 0, "available": false, "iiifUrl": "0" }, "geometry": { "type": "Polygon", "coordinates": [ [ [ 130.627778, 33.3333332 ], [ 130.752778, 33.3333332 ], [ 130.752778, 33.4166666 ], [ 130.627778, 33.4166666 ], [ 130.627778, 33.3333332 ] ] ] } },
{ "type": "Feature", "properties": { "Id": 0, "Sheet_ID": "久留米及佐賀近傍 9", "label": "久留米及佐賀近傍 9", "call_short": "0", "call_num": "0", "recid": "0", "websiteUrl": "0", "title": "0", "ckey": 0, "available": false, "iiifUrl": "0" }, "geometry": { "type": "Polygon", "coordinates": [ [ [ 130.377778, 33.4166666 ], [ 130.502778, 33.4166666 ], [ 130.502778, 33.5 ], [ 130.377778, 33.5 ], [ 130.377778, 33.4166666 ] ] ] } },
{ "type": "Feature", "properties": { "Id": 0, "Sheet_ID": "久留米及佐賀近傍 5", "label": "久留米及佐賀近傍 5", "call_short": "0", "call_num": "0", "recid": "0", "websiteUrl": "0", "title": "0", "ckey": 0, "available": false, "iiifUrl": "0" }, "geometry": { "type": "Polygon", "coordinates": [ [ [ 130.502778, 33.4166666 ], [ 130.627778, 33.4166666 ], [ 130.627778, 33.5 ], [ 130.502778, 33.5 ], [ 130.502778, 33.4166666 ] ] ] } },
{ "type": "Feature", "properties": { "Id": 0, "Sheet_ID": "久留米及佐賀近傍 1", "label": "久留米及佐賀近傍 1", "call_short": "0", "call_num": "0", "recid": "0", "websiteUrl": "0", "title": "0", "ckey": 0, "available": false, "iiifUrl": "0" }, "geometry": { "type": "Polygon", "coordinates": [ [ [ 130.627778, 33.4166666 ], [ 130.752778, 33.4166666 ], [ 130.752778, 33.5 ], [ 130.627778, 33.5 ], [ 130.627778, 33.4166666 ] ] ] } },
{ "type": "Feature", "properties": { "Id": 0, "Sheet_ID": "熊本近傍 11", "label": "熊本近傍 11", "call_short": "G7960 S25 .J3", "call_num": "G7960 S25 .J3 71-11", "recid": "mv999kb8335", "websiteUrl": "https://purl.stanford.edu/mv999kb8335", "title": "二万五千分一地形圖 熊本近傍", "ckey": 10561302, "available": true, "iiifUrl": "https://purl.stanford.edu/mv999kb8335/iiif/manifest" }, "geometry": { "type": "Polygon", "coordinates": [ [ [ 130.502778, 32.666667 ], [ 130.627778, 32.666667 ], [ 130.627778, 32.7500003 ], [ 130.502778, 32.7500003 ], [ 130.502778, 32.666667 ] ] ] } },
{ "type": "Feature", "properties": { "Id": 0, "Sheet_ID": "熊本近傍 8", "label": "熊本近傍 8", "call_short": "G7960 S25 .J3", "call_num": "G7960 S25 .J3 71-8", "recid": "dj268kq9304", "websiteUrl": "https://purl.stanford.edu/dj268kq9304", "title": "二万五千分一地形圖 熊本近傍", "ckey": 10561302, "available": true, "iiifUrl": "https://purl.stanford.edu/dj268kq9304/iiif/manifest" }, "geometry": { "type": "Polygon", "coordinates": [ [ [ 130.627778, 32.666667 ], [ 130.752778, 32.666667 ], [ 130.752778, 32.7500003 ], [ 130.627778, 32.7500003 ], [ 130.627778, 32.666667 ] ] ] } },
{ "type": "Feature", "properties": { "Id": 0, "Sheet_ID": "熊本近傍 5", "label": "熊本近傍 5", "call_short": "G7960 S25 .J3", "call_num": "G7960 S25 .J3 71-5", "recid": "pg124wf3378", "websiteUrl": "https://purl.stanford.edu/pg124wf3378", "title": "二万五千分一地形圖 熊本近傍", "ckey": 10561302, "available": true, "iiifUrl": "https://purl.stanford.edu/pg124wf3378/iiif/manifest" }, "geometry": { "type": "Polygon", "coordinates": [ [ [ 130.752778, 32.666667 ], [ 130.877778, 32.666667 ], [ 130.877778, 32.7500003 ], [ 130.752778, 32.7500003 ], [ 130.752778, 32.666667 ] ] ] } },
{ "type": "Feature", "properties": { "Id": 0, "Sheet_ID": "熊本近傍 10", "label": "熊本近傍 10", "call_short": "0", "call_num": "0", "recid": "0", "websiteUrl": "0", "title": "0", "ckey": 0, "available": false, "iiifUrl": "0" }, "geometry": { "type": "Polygon", "coordinates": [ [ [ 130.502778, 32.7500003 ], [ 130.627778, 32.7500003 ], [ 130.627778, 32.8333337 ], [ 130.502778, 32.8333337 ], [ 130.502778, 32.7500003 ] ] ] } },
{ "type": "Feature", "properties": { "Id": 0, "Sheet_ID": "熊本近傍 7", "label": "熊本近傍 7", "call_short": "G7960 S25 .J3", "call_num": "G7960 S25 .J3 71-7", "recid": "zv478wy1085", "websiteUrl": "https://purl.stanford.edu/zv478wy1085", "title": "二万五千分一地形圖 熊本近傍", "ckey": 10561302, "available": true, "iiifUrl": "https://purl.stanford.edu/zv478wy1085/iiif/manifest" }, "geometry": { "type": "Polygon", "coordinates": [ [ [ 130.627778, 32.7500003 ], [ 130.752778, 32.7500003 ], [ 130.752778, 32.8333337 ], [ 130.627778, 32.8333337 ], [ 130.627778, 32.7500003 ] ] ] } },
{ "type": "Feature", "properties": { "Id": 0, "Sheet_ID": "熊本近傍 4", "label": "熊本近傍 4", "call_short": "G7960 S25 .J3", "call_num": "G7960 S25 .J3 71-4", "recid": "vc791xq6188", "websiteUrl": "https://purl.stanford.edu/vc791xq6188", "title": "二万五千分一地形圖 熊本近傍", "ckey": 10561302, "available": true, "iiifUrl": "https://purl.stanford.edu/vc791xq6188/iiif/manifest" }, "geometry": { "type": "Polygon", "coordinates": [ [ [ 130.752778, 32.7500003 ], [ 130.877778, 32.7500003 ], [ 130.877778, 32.8333337 ], [ 130.752778, 32.8333337 ], [ 130.752778, 32.7500003 ] ] ] } },
{ "type": "Feature", "properties": { "Id": 0, "Sheet_ID": "熊本近傍 1-2", "label": "熊本近傍 1-2", "call_short": "0", "call_num": "0", "recid": "0", "websiteUrl": "0", "title": "0", "ckey": 0, "available": false, "iiifUrl": "0" }, "geometry": { "type": "Polygon", "coordinates": [ [ [ 130.877778, 32.708333 ], [ 131.002778, 32.708333 ], [ 131.002778, 32.791667 ], [ 130.877778, 32.791667 ], [ 130.877778, 32.708333 ] ] ] } },
{ "type": "Feature", "properties": { "Id": 0, "Sheet_ID": "熊本近傍 9", "label": "熊本近傍 9", "call_short": "G7960 S25 .J3", "call_num": "G7960 S25 .J3 71-9", "recid": "dx760jx2983", "websiteUrl": "https://purl.stanford.edu/dx760jx2983", "title": "二万五千分一地形圖 熊本近傍", "ckey": 10561302, "available": true, "iiifUrl": "https://purl.stanford.edu/dx760jx2983/iiif/manifest" }, "geometry": { "type": "Polygon", "coordinates": [ [ [ 130.502778, 32.8333337 ], [ 130.627778, 32.8333337 ], [ 130.627778, 32.916667 ], [ 130.502778, 32.916667 ], [ 130.502778, 32.8333337 ] ] ] } },
{ "type": "Feature", "properties": { "Id": 0, "Sheet_ID": "熊本近傍 6", "label": "熊本近傍 6", "call_short": "G7960 S25 .J3", "call_num": "G7960 S25 .J3 71-6", "recid": "yw807pq2683", "websiteUrl": "https://purl.stanford.edu/yw807pq2683", "title": "二万五千分一地形圖 熊本近傍", "ckey": 10561302, "available": true, "iiifUrl": "https://purl.stanford.edu/yw807pq2683/iiif/manifest" }, "geometry": { "type": "Polygon", "coordinates": [ [ [ 130.627778, 32.8333337 ], [ 130.752778, 32.8333337 ], [ 130.752778, 32.916667 ], [ 130.627778, 32.916667 ], [ 130.627778, 32.8333337 ] ] ] } },
{ "type": "Feature", "properties": { "Id": 0, "Sheet_ID": "熊本近傍 3", "label": "熊本近傍 3", "call_short": "0", "call_num": "0", "recid": "0", "websiteUrl": "0", "title": "0", "ckey": 0, "available": false, "iiifUrl": "0" }, "geometry": { "type": "Polygon", "coordinates": [ [ [ 130.752778, 32.8333337 ], [ 130.877778, 32.8333337 ], [ 130.877778, 32.916667 ], [ 130.752778, 32.916667 ], [ 130.752778, 32.8333337 ] ] ] } },
{ "type": "Feature", "properties": { "Id": 0, "Sheet_ID": "都城近傍 9", "label": "都城近傍 9", "call_short": "G7960 S25 .J3", "call_num": "G7960 S25 .J3 72-9", "recid": "kj389ck4891", "websiteUrl": "https://purl.stanford.edu/kj389ck4891", "title": "二万五千分一地形圖 都城近傍", "ckey": 10561302, "available": true, "iiifUrl": "https://purl.stanford.edu/kj389ck4891/iiif/manifest" }, "geometry": { "type": "Polygon", "coordinates": [ [ [ 130.877778, 31.583333 ], [ 131.002778, 31.583333 ], [ 131.002778, 31.6666665 ], [ 130.877778, 31.6666665 ], [ 130.877778, 31.583333 ] ] ] } },
{ "type": "Feature", "properties": { "Id": 0, "Sheet_ID": "都城近傍 6", "label": "都城近傍 6", "call_short": "G7960 S25 .J3", "call_num": "G7960 S25 .J3 72-6", "recid": "jr150gk9316", "websiteUrl": "https://purl.stanford.edu/jr150gk9316", "title": "二万五千分一地形圖 都城近傍", "ckey": 10561302, "available": true, "iiifUrl": "https://purl.stanford.edu/jr150gk9316/iiif/manifest" }, "geometry": { "type": "Polygon", "coordinates": [ [ [ 131.002778, 31.583333 ], [ 131.127778, 31.583333 ], [ 131.127778, 31.6666665 ], [ 131.002778, 31.6666665 ], [ 131.002778, 31.583333 ] ] ] } },
{ "type": "Feature", "properties": { "Id": 0, "Sheet_ID": "都城近傍 8", "label": "都城近傍 8", "call_short": "G7960 S25 .J3", "call_num": "G7960 S25 .J3 72-8", "recid": "vb941rd8370", "websiteUrl": "https://purl.stanford.edu/vb941rd8370", "title": "二万五千分一地形圖 都城近傍", "ckey": 10561302, "available": true, "iiifUrl": "https://purl.stanford.edu/vb941rd8370/iiif/manifest" }, "geometry": { "type": "Polygon", "coordinates": [ [ [ 130.877778, 31.6666665 ], [ 131.002778, 31.6666665 ], [ 131.002778, 31.75 ], [ 130.877778, 31.75 ], [ 130.877778, 31.6666665 ] ] ] } },
{ "type": "Feature", "properties": { "Id": 0, "Sheet_ID": "都城近傍 5", "label": "都城近傍 5", "call_short": "G7960 S25 .J3", "call_num": "G7960 S25 .J3 72-5", "recid": "fm093wc4147", "websiteUrl": "https://purl.stanford.edu/fm093wc4147", "title": "二万五千分一地形圖 都城近傍", "ckey": 10561302, "available": true, "iiifUrl": "https://purl.stanford.edu/fm093wc4147/iiif/manifest" }, "geometry": { "type": "Polygon", "coordinates": [ [ [ 131.002778, 31.6666665 ], [ 131.127778, 31.6666665 ], [ 131.127778, 31.75 ], [ 131.002778, 31.75 ], [ 131.002778, 31.6666665 ] ] ] } },
{ "type": "Feature", "properties": { "Id": 0, "Sheet_ID": "都城近傍 2", "label": "都城近傍 2", "call_short": "0", "call_num": "0", "recid": "0", "websiteUrl": "0", "title": "0", "ckey": 0, "available": false, "iiifUrl": "0" }, "geometry": { "type": "Polygon", "coordinates": [ [ [ 131.127778, 31.6666665 ], [ 131.252778, 31.6666665 ], [ 131.252778, 31.75 ], [ 131.127778, 31.75 ], [ 131.127778, 31.6666665 ] ] ] } },
{ "type": "Feature", "properties": { "Id": 0, "Sheet_ID": "都城近傍 7", "label": "都城近傍 7", "call_short": "G7960 S25 .J3", "call_num": "G7960 S25 .J3 72-7", "recid": "fr557zk6529", "websiteUrl": "https://purl.stanford.edu/fr557zk6529", "title": "二万五千分一地形圖 都城近傍", "ckey": 10561302, "available": true, "iiifUrl": "https://purl.stanford.edu/fr557zk6529/iiif/manifest" }, "geometry": { "type": "Polygon", "coordinates": [ [ [ 130.877778, 31.75 ], [ 131.002778, 31.75 ], [ 131.002778, 31.8333335 ], [ 130.877778, 31.8333335 ], [ 130.877778, 31.75 ] ] ] } },
{ "type": "Feature", "properties": { "Id": 0, "Sheet_ID": "都城近傍 4", "label": "都城近傍 4", "call_short": "G7960 S25 .J3", "call_num": "G7960 S25 .J3 72-4", "recid": "jd100hn2981", "websiteUrl": "https://purl.stanford.edu/jd100hn2981", "title": "二万五千分一地形圖 都城近傍", "ckey": 10561302, "available": true, "iiifUrl": "https://purl.stanford.edu/jd100hn2981/iiif/manifest" }, "geometry": { "type": "Polygon", "coordinates": [ [ [ 131.002778, 31.75 ], [ 131.127778, 31.75 ], [ 131.127778, 31.8333335 ], [ 131.002778, 31.8333335 ], [ 131.002778, 31.75 ] ] ] } },
{ "type": "Feature", "properties": { "Id": 0, "Sheet_ID": "都城近傍 1", "label": "都城近傍 1", "call_short": "0", "call_num": "0", "recid": "0", "websiteUrl": "0", "title": "0", "ckey": 0, "available": false, "iiifUrl": "0" }, "geometry": { "type": "Polygon", "coordinates": [ [ [ 131.127778, 31.75 ], [ 131.252778, 31.75 ], [ 131.252778, 31.8333335 ], [ 131.127778, 31.8333335 ], [ 131.127778, 31.75 ] ] ] } },
{ "type": "Feature", "properties": { "Id": 0, "Sheet_ID": "都城近傍 3", "label": "都城近傍 3", "call_short": "G7960 S25 .J3", "call_num": "G7960 S25 .J3 72-3", "recid": "bg481dv4017", "websiteUrl": "https://purl.stanford.edu/bg481dv4017", "title": "二万五千分一地形圖 都城近傍", "ckey": 10561302, "available": true, "iiifUrl": "https://purl.stanford.edu/bg481dv4017/iiif/manifest" }, "geometry": { "type": "Polygon", "coordinates": [ [ [ 131.002778, 31.8333335 ], [ 131.127778, 31.8333335 ], [ 131.127778, 31.916667 ], [ 131.002778, 31.916667 ], [ 131.002778, 31.8333335 ] ] ] } },
{ "type": "Feature", "properties": { "Id": 0, "Sheet_ID": "鹿兒島近傍 11", "label": "鹿兒島近傍 11", "call_short": "G7960 S25 .J3", "call_num": "G7960 S25 .J3 73-11", "recid": "pb723wk0076", "websiteUrl": "https://purl.stanford.edu/pb723wk0076", "title": "二万五千分一地形圖 鹿兒島近傍", "ckey": 10561302, "available": true, "iiifUrl": "https://purl.stanford.edu/pb723wk0076/iiif/manifest" }, "geometry": { "type": "Polygon", "coordinates": [ [ [ 130.377778, 31.5 ], [ 130.502778, 31.5 ], [ 130.502778, 31.5833332 ], [ 130.377778, 31.5833332 ], [ 130.377778, 31.5 ] ] ] } },
{ "type": "Feature", "properties": { "Id": 0, "Sheet_ID": "鹿兒島近傍 8", "label": "鹿兒島近傍 8", "call_short": "G7960 S25 .J3", "call_num": "G7960 S25 .J3 73-8", "recid": "kf937zh7483", "websiteUrl": "https://purl.stanford.edu/kf937zh7483", "title": "二万五千分一地形圖 鹿兒島近傍", "ckey": 10561302, "available": true, "iiifUrl": "https://purl.stanford.edu/kf937zh7483/iiif/manifest" }, "geometry": { "type": "Polygon", "coordinates": [ [ [ 130.502778, 31.5 ], [ 130.627778, 31.5 ], [ 130.627778, 31.5833332 ], [ 130.502778, 31.5833332 ], [ 130.502778, 31.5 ] ] ] } },
{ "type": "Feature", "properties": { "Id": 0, "Sheet_ID": "鹿兒島近傍 4", "label": "鹿兒島近傍 4", "call_short": "G7960 S25 .J3", "call_num": "G7960 S25 .J3 73-4", "recid": "zh249rj3596", "websiteUrl": "https://purl.stanford.edu/zh249rj3596", "title": "二万五千分一地形圖 鹿兒島近傍", "ckey": 10561302, "available": true, "iiifUrl": "https://purl.stanford.edu/zh249rj3596/iiif/manifest" }, "geometry": { "type": "Polygon", "coordinates": [ [ [ 130.627778, 31.5 ], [ 130.752778, 31.5 ], [ 130.752778, 31.5833332 ], [ 130.627778, 31.5833332 ], [ 130.627778, 31.5 ] ] ] } },
{ "type": "Feature", "properties": { "Id": 0, "Sheet_ID": "鹿兒島近傍 10", "label": "鹿兒島近傍 10", "call_short": "0", "call_num": "0", "recid": "0", "websiteUrl": "0", "title": "0", "ckey": 0, "available": false, "iiifUrl": "0" }, "geometry": { "type": "Polygon", "coordinates": [ [ [ 130.377778, 31.5833332 ], [ 130.502778, 31.5833332 ], [ 130.502778, 31.6666665 ], [ 130.377778, 31.6666665 ], [ 130.377778, 31.5833332 ] ] ] } },
{ "type": "Feature", "properties": { "Id": 0, "Sheet_ID": "鹿兒島近傍 7", "label": "鹿兒島近傍 7", "call_short": "G7960 S25 .J3", "call_num": "G7960 S25 .J3 73-7", "recid": "qb227cs6213", "websiteUrl": "https://purl.stanford.edu/qb227cs6213", "title": "二万五千分一地形圖 鹿兒島近傍", "ckey": 10561302, "available": true, "iiifUrl": "https://purl.stanford.edu/qb227cs6213/iiif/manifest" }, "geometry": { "type": "Polygon", "coordinates": [ [ [ 130.502778, 31.5833332 ], [ 130.627778, 31.5833332 ], [ 130.627778, 31.6666665 ], [ 130.502778, 31.6666665 ], [ 130.502778, 31.5833332 ] ] ] } },
{ "type": "Feature", "properties": { "Id": 0, "Sheet_ID": "鹿兒島近傍 3", "label": "鹿兒島近傍 3", "call_short": "0", "call_num": "0", "recid": "0", "websiteUrl": "0", "title": "0", "ckey": 0, "available": false, "iiifUrl": "0" }, "geometry": { "type": "Polygon", "coordinates": [ [ [ 130.627778, 31.5833332 ], [ 130.752778, 31.5833332 ], [ 130.752778, 31.6666665 ], [ 130.627778, 31.6666665 ], [ 130.627778, 31.5833332 ] ] ] } },
{ "type": "Feature", "properties": { "Id": 0, "Sheet_ID": "鹿兒島近傍 9", "label": "鹿兒島近傍 9", "call_short": "G7960 S25 .J3", "call_num": "G7960 S25 .J3 73-9", "recid": "tr551wr9488", "websiteUrl": "https://purl.stanford.edu/tr551wr9488", "title": "二万五千分一地形圖 鹿兒島近傍", "ckey": 10561302, "available": true, "iiifUrl": "https://purl.stanford.edu/tr551wr9488/iiif/manifest" }, "geometry": { "type": "Polygon", "coordinates": [ [ [ 130.377778, 31.6666665 ], [ 130.502778, 31.6666665 ], [ 130.502778, 31.7499997 ], [ 130.377778, 31.7499997 ], [ 130.377778, 31.6666665 ] ] ] } },
{ "type": "Feature", "properties": { "Id": 0, "Sheet_ID": "鹿兒島近傍 6", "label": "鹿兒島近傍 6", "call_short": "G7960 S25 .J3", "call_num": "G7960 S25 .J3 73-6", "recid": "qn728qy6052", "websiteUrl": "https://purl.stanford.edu/qn728qy6052", "title": "二万五千分一地形圖 鹿兒島近傍", "ckey": 10561302, "available": true, "iiifUrl": "https://purl.stanford.edu/qn728qy6052/iiif/manifest" }, "geometry": { "type": "Polygon", "coordinates": [ [ [ 130.502778, 31.6666665 ], [ 130.627778, 31.6666665 ], [ 130.627778, 31.7499997 ], [ 130.502778, 31.7499997 ], [ 130.502778, 31.6666665 ] ] ] } },
{ "type": "Feature", "properties": { "Id": 0, "Sheet_ID": "鹿兒島近傍 2", "label": "鹿兒島近傍 2", "call_short": "G7960 S25 .J3", "call_num": "G7960 S25 .J3 73-2", "recid": "kp997dt9847", "websiteUrl": "https://purl.stanford.edu/kp997dt9847", "title": "二万五千分一地形圖 鹿兒島近傍", "ckey": 10561302, "available": true, "iiifUrl": "https://purl.stanford.edu/kp997dt9847/iiif/manifest" }, "geometry": { "type": "Polygon", "coordinates": [ [ [ 130.627778, 31.6666665 ], [ 130.752778, 31.6666665 ], [ 130.752778, 31.7499997 ], [ 130.627778, 31.7499997 ], [ 130.627778, 31.6666665 ] ] ] } },
{ "type": "Feature", "properties": { "Id": 0, "Sheet_ID": "鹿兒島近傍 5", "label": "鹿兒島近傍 5", "call_short": "G7960 S25 .J3", "call_num": "G7960 S25 .J3 73-5", "recid": "jw679zg1702", "websiteUrl": "https://purl.stanford.edu/jw679zg1702", "title": "二万五千分一地形圖 鹿兒島近傍", "ckey": 10561302, "available": true, "iiifUrl": "https://purl.stanford.edu/jw679zg1702/iiif/manifest" }, "geometry": { "type": "Polygon", "coordinates": [ [ [ 130.502778, 31.7499998 ], [ 130.627778, 31.7499998 ], [ 130.627778, 31.833333 ], [ 130.502778, 31.833333 ], [ 130.502778, 31.7499998 ] ] ] } },
{ "type": "Feature", "properties": { "Id": 0, "Sheet_ID": "鹿兒島近傍 1", "label": "鹿兒島近傍 1", "call_short": "0", "call_num": "0", "recid": "0", "websiteUrl": "0", "title": "0", "ckey": 0, "available": false, "iiifUrl": "0" }, "geometry": { "type": "Polygon", "coordinates": [ [ [ 130.627778, 31.7499998 ], [ 130.752778, 31.7499998 ], [ 130.752778, 31.833333 ], [ 130.627778, 31.833333 ], [ 130.627778, 31.7499998 ] ] ] } },
{ "type": "Feature", "properties": { "Id": 0, "Sheet_ID": "彦根近傍 26", "label": "彦根近傍 26", "call_short": "0", "call_num": "0", "recid": "0", "websiteUrl": "0", "title": "0", "ckey": 0, "available": false, "iiifUrl": "0" }, "geometry": { "type": "Polygon", "coordinates": [ [ [ 135.627778, 35.3333334 ], [ 135.752778, 35.3333334 ], [ 135.752778, 35.4166667 ], [ 135.627778, 35.4166667 ], [ 135.627778, 35.3333334 ] ] ] } },
{ "type": "Feature", "properties": { "Id": 0, "Sheet_ID": "姫路及赤穂近傍 16", "label": "姫路及赤穂近傍 16", "call_short": "0", "call_num": "0", "recid": "0", "websiteUrl": "0", "title": "0", "ckey": 0, "available": false, "iiifUrl": "0" }, "geometry": { "type": "Polygon", "coordinates": [ [ [ 134.377778, 34.583333 ], [ 134.502778, 34.583333 ], [ 134.502778, 34.6666665 ], [ 134.377778, 34.6666665 ], [ 134.377778, 34.583333 ] ] ] } },
{ "type": "Feature", "properties": { "Id": 0, "Sheet_ID": "姫路及赤穂近傍 12", "label": "姫路及赤穂近傍 12", "call_short": "0", "call_num": "0", "recid": "0", "websiteUrl": "0", "title": "0", "ckey": 0, "available": false, "iiifUrl": "0" }, "geometry": { "type": "Polygon", "coordinates": [ [ [ 134.502778, 34.583333 ], [ 134.627778, 34.583333 ], [ 134.627778, 34.6666665 ], [ 134.502778, 34.6666665 ], [ 134.502778, 34.583333 ] ] ] } },
{ "type": "Feature", "properties": { "Id": 0, "Sheet_ID": "姫路及赤穂近傍 19", "label": "姫路及赤穂近傍 19", "call_short": "0", "call_num": "0", "recid": "0", "websiteUrl": "0", "title": "0", "ckey": 0, "available": false, "iiifUrl": "0" }, "geometry": { "type": "Polygon", "coordinates": [ [ [ 134.252778, 34.6666665 ], [ 134.377778, 34.6666665 ], [ 134.377778, 34.75 ], [ 134.252778, 34.75 ], [ 134.252778, 34.6666665 ] ] ] } },
{ "type": "Feature", "properties": { "Id": 0, "Sheet_ID": "姫路及赤穂近傍 15", "label": "姫路及赤穂近傍 15", "call_short": "0", "call_num": "0", "recid": "0", "websiteUrl": "0", "title": "0", "ckey": 0, "available": false, "iiifUrl": "0" }, "geometry": { "type": "Polygon", "coordinates": [ [ [ 134.377778, 34.6666665 ], [ 134.502778, 34.6666665 ], [ 134.502778, 34.75 ], [ 134.377778, 34.75 ], [ 134.377778, 34.6666665 ] ] ] } },
{ "type": "Feature", "properties": { "Id": 0, "Sheet_ID": "姫路及赤穂近傍 11", "label": "姫路及赤穂近傍 11", "call_short": "0", "call_num": "0", "recid": "0", "websiteUrl": "0", "title": "0", "ckey": 0, "available": false, "iiifUrl": "0" }, "geometry": { "type": "Polygon", "coordinates": [ [ [ 134.502778, 34.6666665 ], [ 134.627778, 34.6666665 ], [ 134.627778, 34.75 ], [ 134.502778, 34.75 ], [ 134.502778, 34.6666665 ] ] ] } },
{ "type": "Feature", "properties": { "Id": 0, "Sheet_ID": "姫路及赤穂近傍 18", "label": "姫路及赤穂近傍 18", "call_short": "0", "call_num": "0", "recid": "0", "websiteUrl": "0", "title": "0", "ckey": 0, "available": false, "iiifUrl": "0" }, "geometry": { "type": "Polygon", "coordinates": [ [ [ 134.252778, 34.75 ], [ 134.377778, 34.75 ], [ 134.377778, 34.8333335 ], [ 134.252778, 34.8333335 ], [ 134.252778, 34.75 ] ] ] } },
{ "type": "Feature", "properties": { "Id": 0, "Sheet_ID": "姫路及赤穂近傍 14", "label": "姫路及赤穂近傍 14", "call_short": "0", "call_num": "0", "recid": "0", "websiteUrl": "0", "title": "0", "ckey": 0, "available": false, "iiifUrl": "0" }, "geometry": { "type": "Polygon", "coordinates": [ [ [ 134.377778, 34.75 ], [ 134.502778, 34.75 ], [ 134.502778, 34.8333335 ], [ 134.377778, 34.8333335 ], [ 134.377778, 34.75 ] ] ] } },
{ "type": "Feature", "properties": { "Id": 0, "Sheet_ID": "姫路及赤穂近傍 10", "label": "姫路及赤穂近傍 10", "call_short": "0", "call_num": "0", "recid": "0", "websiteUrl": "0", "title": "0", "ckey": 0, "available": false, "iiifUrl": "0" }, "geometry": { "type": "Polygon", "coordinates": [ [ [ 134.502778, 34.75 ], [ 134.627778, 34.75 ], [ 134.627778, 34.8333335 ], [ 134.502778, 34.8333335 ], [ 134.502778, 34.75 ] ] ] } },
{ "type": "Feature", "properties": { "Id": 0, "Sheet_ID": "姫路及赤穂近傍 17", "label": "姫路及赤穂近傍 17", "call_short": "0", "call_num": "0", "recid": "0", "websiteUrl": "0", "title": "0", "ckey": 0, "available": false, "iiifUrl": "0" }, "geometry": { "type": "Polygon", "coordinates": [ [ [ 134.252778, 34.8333335 ], [ 134.377778, 34.8333335 ], [ 134.377778, 34.916667 ], [ 134.252778, 34.916667 ], [ 134.252778, 34.8333335 ] ] ] } },
{ "type": "Feature", "properties": { "Id": 0, "Sheet_ID": "姫路及赤穂近傍 13", "label": "姫路及赤穂近傍 13", "call_short": "0", "call_num": "0", "recid": "0", "websiteUrl": "0", "title": "0", "ckey": 0, "available": false, "iiifUrl": "0" }, "geometry": { "type": "Polygon", "coordinates": [ [ [ 134.377778, 34.8333335 ], [ 134.502778, 34.8333335 ], [ 134.502778, 34.916667 ], [ 134.377778, 34.916667 ], [ 134.377778, 34.8333335 ] ] ] } },
{ "type": "Feature", "properties": { "Id": 0, "Sheet_ID": "姫路及赤穂近傍 9", "label": "姫路及赤穂近傍 9", "call_short": "0", "call_num": "0", "recid": "0", "websiteUrl": "0", "title": "0", "ckey": 0, "available": false, "iiifUrl": "0" }, "geometry": { "type": "Polygon", "coordinates": [ [ [ 134.502778, 34.8333335 ], [ 134.627778, 34.8333335 ], [ 134.627778, 34.916667 ], [ 134.502778, 34.916667 ], [ 134.502778, 34.8333335 ] ] ] } },
{ "type": "Feature", "properties": { "Id": 0, "Sheet_ID": "沖縄群島 13", "label": "沖縄群島 13", "call_short": "0", "call_num": "0", "recid": "0", "websiteUrl": "0", "title": "0", "ckey": 0, "available": false, "iiifUrl": "0" }, "geometry": { "type": "Polygon", "coordinates": [ [ [ 127.627778, 26.0 ], [ 127.752778, 26.0 ], [ 127.752778, 26.0833334 ], [ 127.627778, 26.0833334 ], [ 127.627778, 26.0 ] ] ] } },
{ "type": "Feature", "properties": { "Id": 0, "Sheet_ID": "沖縄群島 12", "label": "沖縄群島 12", "call_short": "0", "call_num": "0", "recid": "0", "websiteUrl": "0", "title": "0", "ckey": 0, "available": false, "iiifUrl": "0" }, "geometry": { "type": "Polygon", "coordinates": [ [ [ 127.627778, 26.0833334 ], [ 127.752778, 26.0833334 ], [ 127.752778, 26.1666668 ], [ 127.627778, 26.1666668 ], [ 127.627778, 26.0833334 ] ] ] } },
{ "type": "Feature", "properties": { "Id": 0, "Sheet_ID": "沖縄群島 8", "label": "沖縄群島 8", "call_short": "0", "call_num": "0", "recid": "0", "websiteUrl": "0", "title": "0", "ckey": 0, "available": false, "iiifUrl": "0" }, "geometry": { "type": "Polygon", "coordinates": [ [ [ 127.752778, 26.0833334 ], [ 127.877778, 26.0833334 ], [ 127.877778, 26.1666668 ], [ 127.752778, 26.1666668 ], [ 127.752778, 26.0833334 ] ] ] } },
{ "type": "Feature", "properties": { "Id": 0, "Sheet_ID": "沖縄群島 4", "label": "沖縄群島 4", "call_short": "0", "call_num": "0", "recid": "0", "websiteUrl": "0", "title": "0", "ckey": 0, "available": false, "iiifUrl": "0" }, "geometry": { "type": "Polygon", "coordinates": [ [ [ 127.877778, 26.0833334 ], [ 128.002778, 26.0833334 ], [ 128.002778, 26.1666668 ], [ 127.877778, 26.1666668 ], [ 127.877778, 26.0833334 ] ] ] } },
{ "type": "Feature", "properties": { "Id": 0, "Sheet_ID": "沖縄群島 11", "label": "沖縄群島 11", "call_short": "0", "call_num": "0", "recid": "0", "websiteUrl": "0", "title": "0", "ckey": 0, "available": false, "iiifUrl": "0" }, "geometry": { "type": "Polygon", "coordinates": [ [ [ 127.627778, 26.1666668 ], [ 127.752778, 26.1666668 ], [ 127.752778, 26.2500002 ], [ 127.627778, 26.2500002 ], [ 127.627778, 26.1666668 ] ] ] } },
{ "type": "Feature", "properties": { "Id": 0, "Sheet_ID": "沖縄群島 7", "label": "沖縄群島 7", "call_short": "0", "call_num": "0", "recid": "0", "websiteUrl": "0", "title": "0", "ckey": 0, "available": false, "iiifUrl": "0" }, "geometry": { "type": "Polygon", "coordinates": [ [ [ 127.752778, 26.1666668 ], [ 127.877778, 26.1666668 ], [ 127.877778, 26.2500002 ], [ 127.752778, 26.2500002 ], [ 127.752778, 26.1666668 ] ] ] } },
{ "type": "Feature", "properties": { "Id": 0, "Sheet_ID": "沖縄群島 3", "label": "沖縄群島 3", "call_short": "0", "call_num": "0", "recid": "0", "websiteUrl": "0", "title": "0", "ckey": 0, "available": false, "iiifUrl": "0" }, "geometry": { "type": "Polygon", "coordinates": [ [ [ 127.877778, 26.1666668 ], [ 128.002778, 26.1666668 ], [ 128.002778, 26.2500002 ], [ 127.877778, 26.2500002 ], [ 127.877778, 26.1666668 ] ] ] } },
{ "type": "Feature", "properties": { "Id": 0, "Sheet_ID": "沖縄群島 10", "label": "沖縄群島 10", "call_short": "0", "call_num": "0", "recid": "0", "websiteUrl": "0", "title": "0", "ckey": 0, "available": false, "iiifUrl": "0" }, "geometry": { "type": "Polygon", "coordinates": [ [ [ 127.627778, 26.2500002 ], [ 127.752778, 26.2500002 ], [ 127.752778, 26.3333336 ], [ 127.627778, 26.3333336 ], [ 127.627778, 26.2500002 ] ] ] } },
{ "type": "Feature", "properties": { "Id": 0, "Sheet_ID": "沖縄群島 6", "label": "沖縄群島 6", "call_short": "0", "call_num": "0", "recid": "0", "websiteUrl": "0", "title": "0", "ckey": 0, "available": false, "iiifUrl": "0" }, "geometry": { "type": "Polygon", "coordinates": [ [ [ 127.752778, 26.2500002 ], [ 127.877778, 26.2500002 ], [ 127.877778, 26.3333336 ], [ 127.752778, 26.3333336 ], [ 127.752778, 26.2500002 ] ] ] } },
{ "type": "Feature", "properties": { "Id": 0, "Sheet_ID": "沖縄群島 2", "label": "沖縄群島 2", "call_short": "0", "call_num": "0", "recid": "0", "websiteUrl": "0", "title": "0", "ckey": 0, "available": false, "iiifUrl": "0" }, "geometry": { "type": "Polygon", "coordinates": [ [ [ 127.877778, 26.2500002 ], [ 128.002778, 26.2500002 ], [ 128.002778, 26.3333336 ], [ 127.877778, 26.3333336 ], [ 127.877778, 26.2500002 ] ] ] } },
{ "type": "Feature", "properties": { "Id": 0, "Sheet_ID": "沖縄群島 9", "label": "沖縄群島 9", "call_short": "0", "call_num": "0", "recid": "0", "websiteUrl": "0", "title": "0", "ckey": 0, "available": false, "iiifUrl": "0" }, "geometry": { "type": "Polygon", "coordinates": [ [ [ 127.627778, 26.3333336 ], [ 127.752778, 26.3333336 ], [ 127.752778, 26.416667 ], [ 127.627778, 26.416667 ], [ 127.627778, 26.3333336 ] ] ] } },
{ "type": "Feature", "properties": { "Id": 0, "Sheet_ID": "沖縄群島 5", "label": "沖縄群島 5", "call_short": "0", "call_num": "0", "recid": "0", "websiteUrl": "0", "title": "0", "ckey": 0, "available": false, "iiifUrl": "0" }, "geometry": { "type": "Polygon", "coordinates": [ [ [ 127.752778, 26.3333336 ], [ 127.877778, 26.3333336 ], [ 127.877778, 26.416667 ], [ 127.752778, 26.416667 ], [ 127.752778, 26.3333336 ] ] ] } },
{ "type": "Feature", "properties": { "Id": 0, "Sheet_ID": "沖縄群島 1", "label": "沖縄群島 1", "call_short": "G7960 S25 .J3", "call_num": "G7960 S25 .J3 74-1", "recid": "pc084hj3415", "websiteUrl": "https://purl.stanford.edu/pc084hj3415", "title": "二万五千分一地形圖 沖縄群島", "ckey": 10561302, "available": true, "iiifUrl": "https://purl.stanford.edu/pc084hj3415/iiif/manifest" }, "geometry": { "type": "Polygon", "coordinates": [ [ [ 127.877778, 26.3333336 ], [ 128.002778, 26.3333336 ], [ 128.002778, 26.416667 ], [ 127.877778, 26.416667 ], [ 127.877778, 26.3333336 ] ] ] } },
{ "type": "Feature", "properties": { "Id": 0, "Sheet_ID": "岡山近傍 17", "label": "岡山近傍 17", "call_short": "G7960 S25 .J3", "call_num": "G7960 S25 .J3 51-17", "recid": "mt817wp1547", "websiteUrl": "https://purl.stanford.edu/mt817wp1547", "title": "二万五千分一地形圖 岡山近傍", "ckey": 10561302, "available": true, "iiifUrl": "https://purl.stanford.edu/mt817wp1547/iiif/manifest" }, "geometry": { "type": "Polygon", "coordinates": [ [ [ 133.752778, 34.416667 ], [ 133.877778, 34.416667 ], [ 133.877778, 34.5000003 ], [ 133.752778, 34.5000003 ], [ 133.752778, 34.416667 ] ] ] } },
{ "type": "Feature", "properties": { "Id": 0, "Sheet_ID": "岡山近傍 13", "label": "岡山近傍 13", "call_short": "0", "call_num": "0", "recid": "0", "websiteUrl": "0", "title": "0", "ckey": 0, "available": false, "iiifUrl": "0" }, "geometry": { "type": "Polygon", "coordinates": [ [ [ 133.877778, 34.416667 ], [ 134.002778, 34.416667 ], [ 134.002778, 34.5000003 ], [ 133.877778, 34.5000003 ], [ 133.877778, 34.416667 ] ] ] } },
{ "type": "Feature", "properties": { "Id": 0, "Sheet_ID": "岡山近傍 20", "label": "岡山近傍 20", "call_short": "0", "call_num": "0", "recid": "0", "websiteUrl": "0", "title": "0", "ckey": 0, "available": false, "iiifUrl": "0" }, "geometry": { "type": "Polygon", "coordinates": [ [ [ 133.627778, 34.5000003 ], [ 133.752778, 34.5000003 ], [ 133.752778, 34.5833337 ], [ 133.627778, 34.5833337 ], [ 133.627778, 34.5000003 ] ] ] } },
{ "type": "Feature", "properties": { "Id": 0, "Sheet_ID": "岡山近傍 16", "label": "岡山近傍 16", "call_short": "0", "call_num": "0", "recid": "0", "websiteUrl": "0", "title": "0", "ckey": 0, "available": false, "iiifUrl": "0" }, "geometry": { "type": "Polygon", "coordinates": [ [ [ 133.752778, 34.5000003 ], [ 133.877778, 34.5000003 ], [ 133.877778, 34.5833337 ], [ 133.752778, 34.5833337 ], [ 133.752778, 34.5000003 ] ] ] } },
{ "type": "Feature", "properties": { "Id": 0, "Sheet_ID": "岡山近傍 12", "label": "岡山近傍 12", "call_short": "0", "call_num": "0", "recid": "0", "websiteUrl": "0", "title": "0", "ckey": 0, "available": false, "iiifUrl": "0" }, "geometry": { "type": "Polygon", "coordinates": [ [ [ 133.877778, 34.5000003 ], [ 134.002778, 34.5000003 ], [ 134.002778, 34.5833337 ], [ 133.877778, 34.5833337 ], [ 133.877778, 34.5000003 ] ] ] } },
{ "type": "Feature", "properties": { "Id": 0, "Sheet_ID": "岡山近傍 8", "label": "岡山近傍 8", "call_short": "0", "call_num": "0", "recid": "0", "websiteUrl": "0", "title": "0", "ckey": 0, "available": false, "iiifUrl": "0" }, "geometry": { "type": "Polygon", "coordinates": [ [ [ 134.002778, 34.5000003 ], [ 134.127778, 34.5000003 ], [ 134.127778, 34.5833337 ], [ 134.002778, 34.5833337 ], [ 134.002778, 34.5000003 ] ] ] } },
{ "type": "Feature", "properties": { "Id": 0, "Sheet_ID": "岡山近傍 19", "label": "岡山近傍 19", "call_short": "G7960 S25 .J3", "call_num": "G7960 S25 .J3 51-19", "recid": "fs388ns9517", "websiteUrl": "https://purl.stanford.edu/fs388ns9517", "title": "二万五千分一地形圖 岡山近傍", "ckey": 10561302, "available": true, "iiifUrl": "https://purl.stanford.edu/fs388ns9517/iiif/manifest" }, "geometry": { "type": "Polygon", "coordinates": [ [ [ 133.627778, 34.5833337 ], [ 133.752778, 34.5833337 ], [ 133.752778, 34.666667 ], [ 133.627778, 34.666667 ], [ 133.627778, 34.5833337 ] ] ] } },
{ "type": "Feature", "properties": { "Id": 0, "Sheet_ID": "岡山近傍 15", "label": "岡山近傍 15", "call_short": "0", "call_num": "0", "recid": "0", "websiteUrl": "0", "title": "0", "ckey": 0, "available": false, "iiifUrl": "0" }, "geometry": { "type": "Polygon", "coordinates": [ [ [ 133.752778, 34.5833337 ], [ 133.877778, 34.5833337 ], [ 133.877778, 34.666667 ], [ 133.752778, 34.666667 ], [ 133.752778, 34.5833337 ] ] ] } },
{ "type": "Feature", "properties": { "Id": 0, "Sheet_ID": "岡山近傍 11", "label": "岡山近傍 11", "call_short": "0", "call_num": "0", "recid": "0", "websiteUrl": "0", "title": "0", "ckey": 0, "available": false, "iiifUrl": "0" }, "geometry": { "type": "Polygon", "coordinates": [ [ [ 133.877778, 34.5833337 ], [ 134.002778, 34.5833337 ], [ 134.002778, 34.666667 ], [ 133.877778, 34.666667 ], [ 133.877778, 34.5833337 ] ] ] } },
{ "type": "Feature", "properties": { "Id": 0, "Sheet_ID": "岡山近傍 7", "label": "岡山近傍 7", "call_short": "0", "call_num": "0", "recid": "0", "websiteUrl": "0", "title": "0", "ckey": 0, "available": false, "iiifUrl": "0" }, "geometry": { "type": "Polygon", "coordinates": [ [ [ 134.002778, 34.5833337 ], [ 134.127778, 34.5833337 ], [ 134.127778, 34.666667 ], [ 134.002778, 34.666667 ], [ 134.002778, 34.5833337 ] ] ] } },
{ "type": "Feature", "properties": { "Id": 0, "Sheet_ID": "岡山近傍 4", "label": "岡山近傍 4", "call_short": "0", "call_num": "0", "recid": "0", "websiteUrl": "0", "title": "0", "ckey": 0, "available": false, "iiifUrl": "0" }, "geometry": { "type": "Polygon", "coordinates": [ [ [ 134.127778, 34.5833337 ], [ 134.252778, 34.5833337 ], [ 134.252778, 34.666667 ], [ 134.127778, 34.666667 ], [ 134.127778, 34.5833337 ] ] ] } },
{ "type": "Feature", "properties": { "Id": 0, "Sheet_ID": "岡山近傍 18", "label": "岡山近傍 18", "call_short": "0", "call_num": "0", "recid": "0", "websiteUrl": "0", "title": "0", "ckey": 0, "available": false, "iiifUrl": "0" }, "geometry": { "type": "Polygon", "coordinates": [ [ [ 133.627778, 34.666667 ], [ 133.752778, 34.666667 ], [ 133.752778, 34.7500003 ], [ 133.627778, 34.7500003 ], [ 133.627778, 34.666667 ] ] ] } },
{ "type": "Feature", "properties": { "Id": 0, "Sheet_ID": "岡山近傍 14", "label": "岡山近傍 14", "call_short": "0", "call_num": "0", "recid": "0", "websiteUrl": "0", "title": "0", "ckey": 0, "available": false, "iiifUrl": "0" }, "geometry": { "type": "Polygon", "coordinates": [ [ [ 133.752778, 34.666667 ], [ 133.877778, 34.666667 ], [ 133.877778, 34.7500003 ], [ 133.752778, 34.7500003 ], [ 133.752778, 34.666667 ] ] ] } },
{ "type": "Feature", "properties": { "Id": 0, "Sheet_ID": "岡山近傍 10", "label": "岡山近傍 10", "call_short": "0", "call_num": "0", "recid": "0", "websiteUrl": "0", "title": "0", "ckey": 0, "available": false, "iiifUrl": "0" }, "geometry": { "type": "Polygon", "coordinates": [ [ [ 133.877778, 34.666667 ], [ 134.002778, 34.666667 ], [ 134.002778, 34.7500003 ], [ 133.877778, 34.7500003 ], [ 133.877778, 34.666667 ] ] ] } },
{ "type": "Feature", "properties": { "Id": 0, "Sheet_ID": "岡山近傍 6", "label": "岡山近傍 6", "call_short": "G7960 S25 .J3", "call_num": "G7960 S25 .J3 51-6", "recid": "rg565jr5968", "websiteUrl": "https://purl.stanford.edu/rg565jr5968", "title": "二万五千分一地形圖 岡山近傍", "ckey": 10561302, "available": true, "iiifUrl": "https://purl.stanford.edu/rg565jr5968/iiif/manifest" }, "geometry": { "type": "Polygon", "coordinates": [ [ [ 134.002778, 34.666667 ], [ 134.127778, 34.666667 ], [ 134.127778, 34.7500003 ], [ 134.002778, 34.7500003 ], [ 134.002778, 34.666667 ] ] ] } },
{ "type": "Feature", "properties": { "Id": 0, "Sheet_ID": "岡山近傍 3", "label": "岡山近傍 3", "call_short": "G7960 S25 .J3", "call_num": "G7960 S25 .J3 51-3", "recid": "bs387gy4906", "websiteUrl": "https://purl.stanford.edu/bs387gy4906", "title": "二万五千分一地形圖 岡山近傍", "ckey": 10561302, "available": true, "iiifUrl": "https://purl.stanford.edu/bs387gy4906/iiif/manifest" }, "geometry": { "type": "Polygon", "coordinates": [ [ [ 134.127778, 34.666667 ], [ 134.252778, 34.666667 ], [ 134.252778, 34.7500003 ], [ 134.127778, 34.7500003 ], [ 134.127778, 34.666667 ] ] ] } },
{ "type": "Feature", "properties": { "Id": 0, "Sheet_ID": "岡山近傍 9", "label": "岡山近傍 9", "call_short": "G7960 S25 .J3", "call_num": "G7960 S25 .J3 51-9", "recid": "nj097by0443", "websiteUrl": "https://purl.stanford.edu/nj097by0443", "title": "二万五千分一地形圖 岡山近傍", "ckey": 10561302, "available": true, "iiifUrl": "https://purl.stanford.edu/nj097by0443/iiif/manifest" }, "geometry": { "type": "Polygon", "coordinates": [ [ [ 133.877778, 34.7500003 ], [ 134.002778, 34.7500003 ], [ 134.002778, 34.8333337 ], [ 133.877778, 34.8333337 ], [ 133.877778, 34.7500003 ] ] ] } },
{ "type": "Feature", "properties": { "Id": 0, "Sheet_ID": "岡山近傍 5", "label": "岡山近傍 5", "call_short": "G7960 S25 .J3", "call_num": "G7960 S25 .J3 51-5", "recid": "ky680xb0101", "websiteUrl": "https://purl.stanford.edu/ky680xb0101", "title": "二万五千分一地形圖 岡山近傍", "ckey": 10561302, "available": true, "iiifUrl": "https://purl.stanford.edu/ky680xb0101/iiif/manifest" }, "geometry": { "type": "Polygon", "coordinates": [ [ [ 134.002778, 34.7500003 ], [ 134.127778, 34.7500003 ], [ 134.127778, 34.8333337 ], [ 134.002778, 34.8333337 ], [ 134.002778, 34.7500003 ] ] ] } },
{ "type": "Feature", "properties": { "Id": 0, "Sheet_ID": "岡山近傍 2", "label": "岡山近傍 2", "call_short": "0", "call_num": "0", "recid": "0", "websiteUrl": "0", "title": "0", "ckey": 0, "available": false, "iiifUrl": "0" }, "geometry": { "type": "Polygon", "coordinates": [ [ [ 134.127778, 34.7500003 ], [ 134.252778, 34.7500003 ], [ 134.252778, 34.8333337 ], [ 134.127778, 34.8333337 ], [ 134.127778, 34.7500003 ] ] ] } },
{ "type": "Feature", "properties": { "Id": 0, "Sheet_ID": "岡山近傍 1", "label": "岡山近傍 1", "call_short": "0", "call_num": "0", "recid": "0", "websiteUrl": "0", "title": "0", "ckey": 0, "available": false, "iiifUrl": "0" }, "geometry": { "type": "Polygon", "coordinates": [ [ [ 134.127778, 34.8333337 ], [ 134.252778, 34.8333337 ], [ 134.252778, 34.916667 ], [ 134.127778, 34.916667 ], [ 134.127778, 34.8333337 ] ] ] } },
{ "type": "Feature", "properties": { "Id": 0, "Sheet_ID": "岡山近傍_矢田", "label": "岡山近傍_矢田", "call_short": "0", "call_num": "0", "recid": "0", "websiteUrl": "0", "title": "0", "ckey": 0, "available": false, "iiifUrl": "0" }, "geometry": { "type": "Polygon", "coordinates": [ [ [ 134.002778, 34.916667 ], [ 134.002778, 34.8333337 ], [ 134.127778, 34.8333337 ], [ 134.127778, 34.916667 ], [ 134.002778, 34.916667 ] ] ] } },
{ "type": "Feature", "properties": { "Id": 0, "Sheet_ID": "金澤近傍 15", "label": "金澤近傍 15", "call_short": "0", "call_num": "0", "recid": "0", "websiteUrl": "0", "title": "0", "ckey": 0, "available": false, "iiifUrl": "0" }, "geometry": { "type": "Polygon", "coordinates": [ [ [ 136.377778, 36.333333 ], [ 136.502778, 36.333333 ], [ 136.502778, 36.4166664 ], [ 136.377778, 36.4166664 ], [ 136.377778, 36.333333 ] ] ] } },
{ "type": "Feature", "properties": { "Id": 0, "Sheet_ID": "金澤近傍 14", "label": "金澤近傍 14", "call_short": "G7960 S25 .J3", "call_num": "G7960 S25 .J3 26-14", "recid": "wf775ps8684", "websiteUrl": "https://purl.stanford.edu/wf775ps8684", "title": "二万五千分一地形圖 金沢近傍", "ckey": 10561302, "available": true, "iiifUrl": "https://purl.stanford.edu/wf775ps8684/iiif/manifest" }, "geometry": { "type": "Polygon", "coordinates": [ [ [ 136.377778, 36.4166664 ], [ 136.502778, 36.4166664 ], [ 136.502778, 36.4999998 ], [ 136.377778, 36.4999998 ], [ 136.377778, 36.4166664 ] ] ] } },
{ "type": "Feature", "properties": { "Id": 0, "Sheet_ID": "金澤近傍 13", "label": "金澤近傍 13", "call_short": "0", "call_num": "0", "recid": "0", "websiteUrl": "0", "title": "0", "ckey": 0, "available": false, "iiifUrl": "0" }, "geometry": { "type": "Polygon", "coordinates": [ [ [ 136.502778, 36.4166664 ], [ 136.627778, 36.4166664 ], [ 136.627778, 36.4999998 ], [ 136.502778, 36.4999998 ], [ 136.502778, 36.4166664 ] ] ] } },
{ "type": "Feature", "properties": { "Id": 0, "Sheet_ID": "金澤近傍 10", "label": "金澤近傍 10", "call_short": "0", "call_num": "0", "recid": "0", "websiteUrl": "0", "title": "0", "ckey": 0, "available": false, "iiifUrl": "0" }, "geometry": { "type": "Polygon", "coordinates": [ [ [ 136.627778, 36.4166664 ], [ 136.752778, 36.4166664 ], [ 136.752778, 36.4999998 ], [ 136.627778, 36.4999998 ], [ 136.627778, 36.4166664 ] ] ] } },
{ "type": "Feature", "properties": { "Id": 0, "Sheet_ID": "金澤近傍 號外", "label": "金澤近傍 號外", "call_short": "G7960 S25 .J3", "call_num": "G7960 S25 .J3 26-GOGAI", "recid": "rh939ky0395", "websiteUrl": "https://purl.stanford.edu/rh939ky0395", "title": "二万五千分一地形圖 金沢近傍", "ckey": 10561302, "available": true, "iiifUrl": "https://purl.stanford.edu/rh939ky0395/iiif/manifest" }, "geometry": { "type": "Polygon", "coordinates": [ [ [ 136.752778, 36.4166664 ], [ 136.877778, 36.4166664 ], [ 136.877778, 36.4999998 ], [ 136.752778, 36.4999998 ], [ 136.752778, 36.4166664 ] ] ] } },
{ "type": "Feature", "properties": { "Id": 0, "Sheet_ID": "金澤近傍_林道", "label": "金澤近傍_林道", "call_short": "0", "call_num": "0", "recid": "0", "websiteUrl": "0", "title": "0", "ckey": 0, "available": false, "iiifUrl": "0" }, "geometry": { "type": "Polygon", "coordinates": [ [ [ 136.877778, 36.4166664 ], [ 137.002778, 36.4166664 ], [ 137.002778, 36.4999998 ], [ 136.877778, 36.4999998 ], [ 136.877778, 36.4166664 ] ] ] } },
{ "type": "Feature", "properties": { "Id": 0, "Sheet_ID": "金澤近傍 12", "label": "金澤近傍 12", "call_short": "0", "call_num": "0", "recid": "0", "websiteUrl": "0", "title": "0", "ckey": 0, "available": false, "iiifUrl": "0" }, "geometry": { "type": "Polygon", "coordinates": [ [ [ 136.502778, 36.4999998 ], [ 136.627778, 36.4999998 ], [ 136.627778, 36.5833332 ], [ 136.502778, 36.5833332 ], [ 136.502778, 36.4999998 ] ] ] } },
{ "type": "Feature", "properties": { "Id": 0, "Sheet_ID": "金澤近傍 9", "label": "金澤近傍 9", "call_short": "0", "call_num": "0", "recid": "0", "websiteUrl": "0", "title": "0", "ckey": 0, "available": false, "iiifUrl": "0" }, "geometry": { "type": "Polygon", "coordinates": [ [ [ 136.627778, 36.4999998 ], [ 136.752778, 36.4999998 ], [ 136.752778, 36.5833332 ], [ 136.627778, 36.5833332 ], [ 136.627778, 36.4999998 ] ] ] } },
{ "type": "Feature", "properties": { "Id": 0, "Sheet_ID": "金澤近傍 6", "label": "金澤近傍 6", "call_short": "G7960 S25 .J3", "call_num": "G7960 S25 .J3 26-6", "recid": "hf180gc5896", "websiteUrl": "https://purl.stanford.edu/hf180gc5896", "title": "二万五千分一地形圖 金沢近傍", "ckey": 10561302, "available": true, "iiifUrl": "https://purl.stanford.edu/hf180gc5896/iiif/manifest" }, "geometry": { "type": "Polygon", "coordinates": [ [ [ 136.752778, 36.4999998 ], [ 136.877778, 36.4999998 ], [ 136.877778, 36.5833332 ], [ 136.752778, 36.5833332 ], [ 136.752778, 36.4999998 ] ] ] } },
{ "type": "Feature", "properties": { "Id": 0, "Sheet_ID": "金澤近傍_城端", "label": "金澤近傍_城端", "call_short": "0", "call_num": "0", "recid": "0", "websiteUrl": "0", "title": "0", "ckey": 0, "available": false, "iiifUrl": "0" }, "geometry": { "type": "Polygon", "coordinates": [ [ [ 136.877778, 36.4999998 ], [ 137.002778, 36.4999998 ], [ 137.002778, 36.5833332 ], [ 136.877778, 36.5833332 ], [ 136.877778, 36.4999998 ] ] ] } },
{ "type": "Feature", "properties": { "Id": 0, "Sheet_ID": "金澤近傍 11", "label": "金澤近傍 11", "call_short": "0", "call_num": "0", "recid": "0", "websiteUrl": "0", "title": "0", "ckey": 0, "available": false, "iiifUrl": "0" }, "geometry": { "type": "Polygon", "coordinates": [ [ [ 136.502778, 36.5833332 ], [ 136.627778, 36.5833332 ], [ 136.627778, 36.6666666 ], [ 136.502778, 36.6666666 ], [ 136.502778, 36.5833332 ] ] ] } },
{ "type": "Feature", "properties": { "Id": 0, "Sheet_ID": "金澤近傍 8", "label": "金澤近傍 8", "call_short": "0", "call_num": "0", "recid": "0", "websiteUrl": "0", "title": "0", "ckey": 0, "available": false, "iiifUrl": "0" }, "geometry": { "type": "Polygon", "coordinates": [ [ [ 136.627778, 36.5833332 ], [ 136.752778, 36.5833332 ], [ 136.752778, 36.6666666 ], [ 136.627778, 36.6666666 ], [ 136.627778, 36.5833332 ] ] ] } },
{ "type": "Feature", "properties": { "Id": 0, "Sheet_ID": "金澤近傍 5", "label": "金澤近傍 5", "call_short": "0", "call_num": "0", "recid": "0", "websiteUrl": "0", "title": "0", "ckey": 0, "available": false, "iiifUrl": "0" }, "geometry": { "type": "Polygon", "coordinates": [ [ [ 136.752778, 36.5833332 ], [ 136.877778, 36.5833332 ], [ 136.877778, 36.6666666 ], [ 136.752778, 36.6666666 ], [ 136.752778, 36.5833332 ] ] ] } },
{ "type": "Feature", "properties": { "Id": 0, "Sheet_ID": "金澤近傍_出町", "label": "金澤近傍_出町", "call_short": "0", "call_num": "0", "recid": "0", "websiteUrl": "0", "title": "0", "ckey": 0, "available": false, "iiifUrl": "0" }, "geometry": { "type": "Polygon", "coordinates": [ [ [ 136.877778, 36.5833332 ], [ 137.002778, 36.5833332 ], [ 137.002778, 36.6666666 ], [ 136.877778, 36.6666666 ], [ 136.877778, 36.5833332 ] ] ] } },
{ "type": "Feature", "properties": { "Id": 0, "Sheet_ID": "金澤近傍 7", "label": "金澤近傍 7", "call_short": "0", "call_num": "0", "recid": "0", "websiteUrl": "0", "title": "0", "ckey": 0, "available": false, "iiifUrl": "0" }, "geometry": { "type": "Polygon", "coordinates": [ [ [ 136.627778, 36.6666666 ], [ 136.752778, 36.6666666 ], [ 136.752778, 36.75 ], [ 136.627778, 36.75 ], [ 136.627778, 36.6666666 ] ] ] } },
{ "type": "Feature", "properties": { "Id": 0, "Sheet_ID": "金澤近傍_石動", "label": "金澤近傍_石動", "call_short": "0", "call_num": "0", "recid": "0", "websiteUrl": "0", "title": "0", "ckey": 0, "available": false, "iiifUrl": "0" }, "geometry": { "type": "Polygon", "coordinates": [ [ [ 136.752778, 36.6666666 ], [ 136.877778, 36.6666666 ], [ 136.877778, 36.75 ], [ 136.752778, 36.75 ], [ 136.752778, 36.6666666 ] ] ] } },
{ "type": "Feature", "properties": { "Id": 0, "Sheet_ID": "金澤近傍_戸出", "label": "金澤近傍_戸出", "call_short": "0", "call_num": "0", "recid": "0", "websiteUrl": "0", "title": "0", "ckey": 0, "available": false, "iiifUrl": "0" }, "geometry": { "type": "Polygon", "coordinates": [ [ [ 136.877778, 36.6666666 ], [ 137.002778, 36.6666666 ], [ 137.002778, 36.75 ], [ 136.877778, 36.75 ], [ 136.877778, 36.6666666 ] ] ] } },
{ "type": "Feature", "properties": { "Id": 0, "Sheet_ID": "仙臺近傍_貞山堀", "label": "仙臺近傍_貞山堀", "call_short": "0", "call_num": "0", "recid": "0", "websiteUrl": "0", "title": "0", "ckey": 0, "available": false, "iiifUrl": "0" }, "geometry": { "type": "Polygon", "coordinates": [ [ [ 141.002778, 38.25 ], [ 141.002778, 38.1666667 ], [ 141.127778, 38.1666667 ], [ 141.127778, 38.25 ], [ 141.002778, 38.25 ] ] ] } },
{ "type": "Feature", "properties": { "Id": 0, "Sheet_ID": "津軽要塞近傍 21", "label": "津軽要塞近傍 21", "call_short": "G7960 S25 .J3", "call_num": "G7960 S25 .J3 3-21", "recid": "rn024xm0243", "websiteUrl": "https://purl.stanford.edu/rn024xm0243", "title": "二万五千分一地形圖 津軽要塞近傍", "ckey": 10561302, "available": true, "iiifUrl": "https://purl.stanford.edu/rn024xm0243/iiif/manifest" }, "geometry": { "type": "Polygon", "coordinates": [ [ [ 140.877778, 41.1666663 ], [ 141.002778, 41.1666663 ], [ 141.002778, 41.2499997 ], [ 140.877778, 41.2499997 ], [ 140.877778, 41.1666663 ] ] ] } },
{ "type": "Feature", "properties": { "Id": 0, "Sheet_ID": "青森及弘前近傍 2 ED.2", "label": "青森及弘前近傍 2 ED.2", "call_short": "G7960 S25 .J3", "call_num": "G7960 S25 .J3 4-2 ED.2", "recid": "jc355ck1479", "websiteUrl": "https://purl.stanford.edu/jc355ck1479", "title": "二万五千分一地形圖 青森及弘前近傍", "ckey": 10561302, "available": true, "iiifUrl": "https://purl.stanford.edu/jc355ck1479/iiif/manifest" }, "geometry": { "type": "Polygon", "coordinates": [ [ [ 140.877778, 40.8333334 ], [ 141.002778, 40.8333334 ], [ 141.002778, 40.9166667 ], [ 140.877778, 40.9166667 ], [ 140.877778, 40.8333334 ] ] ] } },
{ "type": "Feature", "properties": { "Id": 0, "Sheet_ID": "青森及弘前近傍 4 ED.2", "label": "青森及弘前近傍 4 ED.2", "call_short": "G7960 S25 .J3", "call_num": "G7960 S25 .J3 4-4 ED.2", "recid": "nt523hd0128", "websiteUrl": "https://purl.stanford.edu/nt523hd0128", "title": "二万五千分一地形圖 青森及弘前近傍", "ckey": 10561302, "available": true, "iiifUrl": "https://purl.stanford.edu/nt523hd0128/iiif/manifest" }, "geometry": { "type": "Polygon", "coordinates": [ [ [ 140.752778, 40.9166667 ], [ 140.877778, 40.9166667 ], [ 140.877778, 41.0 ], [ 140.752778, 41.0 ], [ 140.752778, 40.9166667 ] ] ] } },
{ "type": "Feature", "properties": { "Id": 0, "Sheet_ID": "青森及弘前近傍 28 ED.2", "label": "青森及弘前近傍 28 ED.2", "call_short": "G7960 S25 .J3", "call_num": "G7960 S25 .J3 4-28 ED.2", "recid": "tb905ys5049", "websiteUrl": "https://purl.stanford.edu/tb905ys5049", "title": "二万五千分一地形圖 青森及弘前近傍", "ckey": 10561302, "available": true, "iiifUrl": "https://purl.stanford.edu/tb905ys5049/iiif/manifest" }, "geometry": { "type": "Polygon", "coordinates": [ [ [ 140.252778, 40.5833336 ], [ 140.377778, 40.5833336 ], [ 140.377778, 40.6666669 ], [ 140.252778, 40.6666669 ], [ 140.252778, 40.5833336 ] ] ] } },
{ "type": "Feature", "properties": { "Id": 0, "Sheet_ID": "盛岡近傍 4 ED.2", "label": "盛岡近傍 4 ED.2", "call_short": "G7960 S25 .J3", "call_num": "G7960 S25 .J3 5-4 ED.2", "recid": "st211kq7601", "websiteUrl": "https://purl.stanford.edu/st211kq7601", "title": "二万五千分一地形圖 盛岡近傍", "ckey": 10561302, "available": true, "iiifUrl": "https://purl.stanford.edu/st211kq7601/iiif/manifest" }, "geometry": { "type": "Polygon", "coordinates": [ [ [ 141.127778, 39.6666667 ], [ 141.252778, 39.6666667 ], [ 141.252778, 39.75 ], [ 141.127778, 39.75 ], [ 141.127778, 39.6666667 ] ] ] } },
{ "type": "Feature", "properties": { "Id": 0, "Sheet_ID": "盛岡近傍 8 ED.2", "label": "盛岡近傍 8 ED.2", "call_short": "G7960 S25 .J3", "call_num": "G7960 S25 .J3 5-8 ED.2", "recid": "xj375gg0325", "websiteUrl": "https://purl.stanford.edu/xj375gg0325", "title": "二万五千分一地形圖 盛岡近傍", "ckey": 10561302, "available": true, "iiifUrl": "https://purl.stanford.edu/xj375gg0325/iiif/manifest" }, "geometry": { "type": "Polygon", "coordinates": [ [ [ 141.002778, 39.8333333 ], [ 141.127778, 39.8333333 ], [ 141.127778, 39.9166667 ], [ 141.002778, 39.9166667 ], [ 141.002778, 39.8333333 ] ] ] } },
{ "type": "Feature", "properties": { "Id": 0, "Sheet_ID": "仙臺近傍 1 ED.2", "label": "仙臺近傍 1 ED.2", "call_short": "G7960 S25 .J3", "call_num": "G7960 S25 .J3 7-1 ED.2", "recid": "mw700bh0451", "websiteUrl": "https://purl.stanford.edu/mw700bh0451", "title": "二万五千分一地形圖 仙臺近傍", "ckey": 10561302, "available": true, "iiifUrl": "https://purl.stanford.edu/mw700bh0451/iiif/manifest" }, "geometry": { "type": "Polygon", "coordinates": [ [ [ 141.127778, 38.3333333 ], [ 141.252778, 38.3333333 ], [ 141.252778, 38.4166667 ], [ 141.127778, 38.4166667 ], [ 141.127778, 38.3333333 ] ] ] } },
{ "type": "Feature", "properties": { "Id": 0, "Sheet_ID": "仙臺近傍 12", "label": "仙臺近傍 12", "call_short": "G7960 S25 .J3", "call_num": "G7960 S25 .J3 7-12", "recid": "mw867rb0338", "websiteUrl": "https://purl.stanford.edu/mw867rb0338", "title": "二万五千分一地形圖 仙臺近傍", "ckey": 10561302, "available": true, "iiifUrl": "https://purl.stanford.edu/mw867rb0338/iiif/manifest" }, "geometry": { "type": "Polygon", "coordinates": [ [ [ 140.783333, 38.466667 ], [ 140.908333, 38.466667 ], [ 140.908333, 38.55 ], [ 140.783333, 38.55 ], [ 140.783333, 38.466667 ] ] ] } },
{ "type": "Feature", "properties": { "Id": 0, "Sheet_ID": "東京近傍 2 ED.2", "label": "東京近傍 2 ED.2", "call_short": "G7960 S25 .J3", "call_num": "G7960 S25 .J3 16-2 ED.2", "recid": "fv575pd6223", "websiteUrl": "https://purl.stanford.edu/fv575pd6223", "title": "二万五千分一地形圖 東京近傍", "ckey": 10561302, "available": true, "iiifUrl": "https://purl.stanford.edu/fv575pd6223/iiif/manifest" }, "geometry": { "type": "Polygon", "coordinates": [ [ [ 139.877778, 35.75 ], [ 140.002778, 35.75 ], [ 140.002778, 35.8333335 ], [ 139.877778, 35.8333335 ], [ 139.877778, 35.75 ] ] ] } },
{ "type": "Feature", "properties": { "Id": 0, "Sheet_ID": "東京近傍 3 ED.2", "label": "東京近傍 3 ED.2", "call_short": "G7960 S25 .J3", "call_num": "G7960 S25 .J3 16-3 ED.2", "recid": "rz167ng7984", "websiteUrl": "https://purl.stanford.edu/rz167ng7984", "title": "二万五千分一地形圖 東京近傍", "ckey": 10561302, "available": true, "iiifUrl": "https://purl.stanford.edu/rz167ng7984/iiif/manifest" }, "geometry": { "type": "Polygon", "coordinates": [ [ [ 139.877778, 35.6666665 ], [ 140.002778, 35.6666665 ], [ 140.002778, 35.75 ], [ 139.877778, 35.75 ], [ 139.877778, 35.6666665 ] ] ] } },
{ "type": "Feature", "properties": { "Id": 0, "Sheet_ID": "八王子近傍 7 ED.2", "label": "八王子近傍 7 ED.2", "call_short": "G7960 S25 .J3", "call_num": "G7960 S25 .J3 17-7 ED.2", "recid": "hc924ft7144", "websiteUrl": "https://purl.stanford.edu/hc924ft7144", "title": "二万五千分一地形圖 八王子近傍", "ckey": 10561302, "available": true, "iiifUrl": "https://purl.stanford.edu/hc924ft7144/iiif/manifest" }, "geometry": { "type": "Polygon", "coordinates": [ [ [ 139.252778, 35.7500002 ], [ 139.377778, 35.7500002 ], [ 139.377778, 35.8333336 ], [ 139.252778, 35.8333336 ], [ 139.252778, 35.7500002 ] ] ] } },
{ "type": "Feature", "properties": { "Id": 0, "Sheet_ID": "甲府近傍 4 ED.2", "label": "甲府近傍 4 ED.2", "call_short": "G7960 S25 .J3", "call_num": "G7960 S25 .J3 30-4 ED.2", "recid": "hw151df5234", "websiteUrl": "https://purl.stanford.edu/hw151df5234", "title": "二万五千分一地形圖 甲府近傍", "ckey": 10561302, "available": true, "iiifUrl": "https://purl.stanford.edu/hw151df5234/iiif/manifest" }, "geometry": { "type": "Polygon", "coordinates": [ [ [ 138.752778, 35.5833332 ], [ 138.877778, 35.5833332 ], [ 138.877778, 35.6666666 ], [ 138.752778, 35.6666666 ], [ 138.752778, 35.5833332 ] ] ] } },
{ "type": "Feature", "properties": { "Id": 0, "Sheet_ID": "沼津近傍 9 ED.2", "label": "沼津近傍 9 ED.2", "call_short": "G7960 S25 .J3", "call_num": "G7960 S25 .J3 31-9 ED.2", "recid": "hp186sn9688", "websiteUrl": "https://purl.stanford.edu/hp186sn9688", "title": "二万五千分一地形圖 沼津近傍", "ckey": 10561302, "available": true, "iiifUrl": "https://purl.stanford.edu/hp186sn9688/iiif/manifest" }, "geometry": { "type": "Polygon", "coordinates": [ [ [ 138.752778, 35.0833334 ], [ 138.877778, 35.0833334 ], [ 138.877778, 35.1666668 ], [ 138.752778, 35.1666668 ], [ 138.752778, 35.0833334 ] ] ] } },
{ "type": "Feature", "properties": { "Id": 0, "Sheet_ID": "沼津近傍 18 ED.2", "label": "沼津近傍 18 ED.2", "call_short": "G7960 S25 .J3", "call_num": "G7960 S25 .J3 31-18 ED.2", "recid": "rz998hz5785", "websiteUrl": "https://purl.stanford.edu/rz998hz5785", "title": "二万五千分一地形圖 沼津近傍", "ckey": 10561302, "available": true, "iiifUrl": "https://purl.stanford.edu/rz998hz5785/iiif/manifest" }, "geometry": { "type": "Polygon", "coordinates": [ [ [ 138.377778, 35.1666668 ], [ 138.502778, 35.1666668 ], [ 138.502778, 35.2500002 ], [ 138.377778, 35.2500002 ], [ 138.377778, 35.1666668 ] ] ] } },
{ "type": "Feature", "properties": { "Id": 0, "Sheet_ID": "豊橋近傍 9 ED.2", "label": "豊橋近傍 9 ED.2", "call_short": "G7960 S25 .J3", "call_num": "G7960 S25 .J3 34-9 ED.2", "recid": "gy458gm6850", "websiteUrl": "https://purl.stanford.edu/gy458gm6850", "title": "二万五千分一地形圖 豊橋近傍", "ckey": 10561302, "available": true, "iiifUrl": "https://purl.stanford.edu/gy458gm6850/iiif/manifest" }, "geometry": { "type": "Polygon", "coordinates": [ [ [ 137.252778, 34.583333 ], [ 137.377778, 34.583333 ], [ 137.377778, 34.6666664 ], [ 137.252778, 34.6666664 ], [ 137.252778, 34.583333 ] ] ] } },
{ "type": "Feature", "properties": { "Id": 0, "Sheet_ID": "名古屋近傍 6 ED.2", "label": "名古屋近傍 6 ED.2", "call_short": "G7960 S25 .J3", "call_num": "G7960 S25 .J3 36-6 ED.2", "recid": "cf535bh9578", "websiteUrl": "https://purl.stanford.edu/cf535bh9578", "title": "二万五千分一地形圖 名古屋近傍", "ckey": 10561302, "available": true, "iiifUrl": "https://purl.stanford.edu/cf535bh9578/iiif/manifest" }, "geometry": { "type": "Polygon", "coordinates": [ [ [ 137.002778, 35.0 ], [ 137.127778, 35.0 ], [ 137.127778, 35.0833333 ], [ 137.002778, 35.0833333 ], [ 137.002778, 35.0 ] ] ] } },
{ "type": "Feature", "properties": { "Id": 0, "Sheet_ID": "津近傍 1 ED.2", "label": "津近傍 1 ED.2", "call_short": "G7960 S25 .J3", "call_num": "G7960 S25 .J3 39-1 ED.2", "recid": "vn278pb0780", "websiteUrl": "https://purl.stanford.edu/vn278pb0780", "title": "二万五千分一地形圖 津近傍", "ckey": 10561302, "available": true, "iiifUrl": "https://purl.stanford.edu/vn278pb0780/iiif/manifest" }, "geometry": { "type": "Polygon", "coordinates": [ [ [ 136.627778, 34.8333335 ], [ 136.752778, 34.8333335 ], [ 136.752778, 34.916667 ], [ 136.627778, 34.916667 ], [ 136.627778, 34.8333335 ] ] ] } },
{ "type": "Feature", "properties": { "Id": 0, "Sheet_ID": "津近傍 4 ED.2", "label": "津近傍 4 ED.2", "call_short": "G7960 S25 .J3", "call_num": "G7960 S25 .J3 39-4 ED.2", "recid": "pd257zs8373", "websiteUrl": "https://purl.stanford.edu/pd257zs8373", "title": "二万五千分一地形圖 津近傍", "ckey": 10561302, "available": true, "iiifUrl": "https://purl.stanford.edu/pd257zs8373/iiif/manifest" }, "geometry": { "type": "Polygon", "coordinates": [ [ [ 136.502778, 34.75 ], [ 136.627778, 34.75 ], [ 136.627778, 34.8333335 ], [ 136.502778, 34.8333335 ], [ 136.502778, 34.75 ] ] ] } },
{ "type": "Feature", "properties": { "Id": 0, "Sheet_ID": "舞鶴要塞近傍 20", "label": "舞鶴要塞近傍 20", "call_short": "0", "call_num": "0", "recid": "0", "websiteUrl": "0", "title": "0", "ckey": 0, "available": false, "iiifUrl": "0" }, "geometry": { "type": "Polygon", "coordinates": [ [ [ 135.127778, 35.25 ], [ 135.252778, 35.25 ], [ 135.252778, 35.3333333 ], [ 135.127778, 35.3333333 ], [ 135.127778, 35.25 ] ] ] } },
{ "type": "Feature", "properties": { "Id": 0, "Sheet_ID": "舞鶴要塞近傍 15", "label": "舞鶴要塞近傍 15", "call_short": "0", "call_num": "0", "recid": "0", "websiteUrl": "0", "title": "0", "ckey": 0, "available": false, "iiifUrl": "0" }, "geometry": { "type": "Polygon", "coordinates": [ [ [ 135.252778, 35.25 ], [ 135.377778, 35.25 ], [ 135.377778, 35.3333333 ], [ 135.252778, 35.3333333 ], [ 135.252778, 35.25 ] ] ] } },
{ "type": "Feature", "properties": { "Id": 0, "Sheet_ID": "舞鶴要塞近傍 19", "label": "舞鶴要塞近傍 19", "call_short": "0", "call_num": "0", "recid": "0", "websiteUrl": "0", "title": "0", "ckey": 0, "available": false, "iiifUrl": "0" }, "geometry": { "type": "Polygon", "coordinates": [ [ [ 135.127778, 35.3333333 ], [ 135.252778, 35.3333333 ], [ 135.252778, 35.4166667 ], [ 135.127778, 35.4166667 ], [ 135.127778, 35.3333333 ] ] ] } },
{ "type": "Feature", "properties": { "Id": 0, "Sheet_ID": "舞鶴要塞近傍 14", "label": "舞鶴要塞近傍 14", "call_short": "G7960 S25 .J3", "call_num": "G7960 S25 .J3 42-14", "recid": "gy806rh3632", "websiteUrl": "https://purl.stanford.edu/gy806rh3632", "title": "二万五千分一地形圖 舞鶴要塞近傍", "ckey": 10561302, "available": true, "iiifUrl": "https://purl.stanford.edu/gy806rh3632/iiif/manifest" }, "geometry": { "type": "Polygon", "coordinates": [ [ [ 135.252778, 35.3333333 ], [ 135.377778, 35.3333333 ], [ 135.377778, 35.4166667 ], [ 135.252778, 35.4166667 ], [ 135.252778, 35.3333333 ] ] ] } },
{ "type": "Feature", "properties": { "Id": 0, "Sheet_ID": "舞鶴要塞近傍 10", "label": "舞鶴要塞近傍 10", "call_short": "0", "call_num": "0", "recid": "0", "websiteUrl": "0", "title": "0", "ckey": 0, "available": false, "iiifUrl": "0" }, "geometry": { "type": "Polygon", "coordinates": [ [ [ 135.377778, 35.3333333 ], [ 135.502778, 35.3333333 ], [ 135.502778, 35.4166667 ], [ 135.377778, 35.4166667 ], [ 135.377778, 35.3333333 ] ] ] } },
{ "type": "Feature", "properties": { "Id": 0, "Sheet_ID": "舞鶴要塞近傍 5", "label": "舞鶴要塞近傍 5", "call_short": "0", "call_num": "0", "recid": "0", "websiteUrl": "0", "title": "0", "ckey": 0, "available": false, "iiifUrl": "0" }, "geometry": { "type": "Polygon", "coordinates": [ [ [ 135.502778, 35.3333333 ], [ 135.627778, 35.3333333 ], [ 135.627778, 35.4166667 ], [ 135.502778, 35.4166667 ], [ 135.502778, 35.3333333 ] ] ] } },
{ "type": "Feature", "properties": { "Id": 0, "Sheet_ID": "舞鶴要塞近傍 18", "label": "舞鶴要塞近傍 18", "call_short": "G7960 S25 .J3", "call_num": "G7960 S25 .J3 42-18", "recid": "qf824hb4494", "websiteUrl": "https://purl.stanford.edu/qf824hb4494", "title": "二万五千分一地形圖 舞鶴要塞近傍", "ckey": 10561302, "available": true, "iiifUrl": "https://purl.stanford.edu/qf824hb4494/iiif/manifest" }, "geometry": { "type": "Polygon", "coordinates": [ [ [ 135.127778, 35.4166667 ], [ 135.252778, 35.4166667 ], [ 135.252778, 35.5 ], [ 135.127778, 35.5 ], [ 135.127778, 35.4166667 ] ] ] } },
{ "type": "Feature", "properties": { "Id": 0, "Sheet_ID": "舞鶴要塞近傍 13", "label": "舞鶴要塞近傍 13", "call_short": "0", "call_num": "0", "recid": "0", "websiteUrl": "0", "title": "0", "ckey": 0, "available": false, "iiifUrl": "0" }, "geometry": { "type": "Polygon", "coordinates": [ [ [ 135.252778, 35.4166667 ], [ 135.377778, 35.4166667 ], [ 135.377778, 35.5 ], [ 135.252778, 35.5 ], [ 135.252778, 35.4166667 ] ] ] } },
{ "type": "Feature", "properties": { "Id": 0, "Sheet_ID": "舞鶴要塞近傍 9", "label": "舞鶴要塞近傍 9", "call_short": "0", "call_num": "0", "recid": "0", "websiteUrl": "0", "title": "0", "ckey": 0, "available": false, "iiifUrl": "0" }, "geometry": { "type": "Polygon", "coordinates": [ [ [ 135.377778, 35.4166667 ], [ 135.502778, 35.4166667 ], [ 135.502778, 35.5 ], [ 135.377778, 35.5 ], [ 135.377778, 35.4166667 ] ] ] } },
{ "type": "Feature", "properties": { "Id": 0, "Sheet_ID": "舞鶴要塞近傍 4", "label": "舞鶴要塞近傍 4", "call_short": "G7960 S25 .J3", "call_num": "G7960 S25 .J3 42-4", "recid": "vx526fj1878", "websiteUrl": "https://purl.stanford.edu/vx526fj1878", "title": "二万五千分一地形圖 舞鶴要塞近傍", "ckey": 10561302, "available": true, "iiifUrl": "https://purl.stanford.edu/vx526fj1878/iiif/manifest" }, "geometry": { "type": "Polygon", "coordinates": [ [ [ 135.502778, 35.4166667 ], [ 135.627778, 35.4166667 ], [ 135.627778, 35.5 ], [ 135.502778, 35.5 ], [ 135.502778, 35.4166667 ] ] ] } },
{ "type": "Feature", "properties": { "Id": 0, "Sheet_ID": "舞鶴要塞近傍 2", "label": "舞鶴要塞近傍 2", "call_short": "0", "call_num": "0", "recid": "0", "websiteUrl": "0", "title": "0", "ckey": 0, "available": false, "iiifUrl": "0" }, "geometry": { "type": "Polygon", "coordinates": [ [ [ 135.627778, 35.4166667 ], [ 135.752778, 35.4166667 ], [ 135.752778, 35.5 ], [ 135.627778, 35.5 ], [ 135.627778, 35.4166667 ] ] ] } },
{ "type": "Feature", "properties": { "Id": 0, "Sheet_ID": "舞鶴要塞近傍 17", "label": "舞鶴要塞近傍 17", "call_short": "0", "call_num": "0", "recid": "0", "websiteUrl": "0", "title": "0", "ckey": 0, "available": false, "iiifUrl": "0" }, "geometry": { "type": "Polygon", "coordinates": [ [ [ 135.127778, 35.5 ], [ 135.252778, 35.5 ], [ 135.252778, 35.5833333 ], [ 135.127778, 35.5833333 ], [ 135.127778, 35.5 ] ] ] } },
{ "type": "Feature", "properties": { "Id": 0, "Sheet_ID": "舞鶴要塞近傍 12", "label": "舞鶴要塞近傍 12", "call_short": "0", "call_num": "0", "recid": "0", "websiteUrl": "0", "title": "0", "ckey": 0, "available": false, "iiifUrl": "0" }, "geometry": { "type": "Polygon", "coordinates": [ [ [ 135.252778, 35.5 ], [ 135.377778, 35.5 ], [ 135.377778, 35.5833333 ], [ 135.252778, 35.5833333 ], [ 135.252778, 35.5 ] ] ] } },
{ "type": "Feature", "properties": { "Id": 0, "Sheet_ID": "舞鶴要塞近傍 8", "label": "舞鶴要塞近傍 8", "call_short": "0", "call_num": "0", "recid": "0", "websiteUrl": "0", "title": "0", "ckey": 0, "available": false, "iiifUrl": "0" }, "geometry": { "type": "Polygon", "coordinates": [ [ [ 135.377778, 35.5 ], [ 135.502778, 35.5 ], [ 135.502778, 35.5833333 ], [ 135.377778, 35.5833333 ], [ 135.377778, 35.5 ] ] ] } },
{ "type": "Feature", "properties": { "Id": 0, "Sheet_ID": "舞鶴要塞近傍 3", "label": "舞鶴要塞近傍 3", "call_short": "0", "call_num": "0", "recid": "0", "websiteUrl": "0", "title": "0", "ckey": 0, "available": false, "iiifUrl": "0" }, "geometry": { "type": "Polygon", "coordinates": [ [ [ 135.502778, 35.5 ], [ 135.627778, 35.5 ], [ 135.627778, 35.5833333 ], [ 135.502778, 35.5833333 ], [ 135.502778, 35.5 ] ] ] } },
{ "type": "Feature", "properties": { "Id": 0, "Sheet_ID": "舞鶴要塞近傍 1", "label": "舞鶴要塞近傍 1", "call_short": "0", "call_num": "0", "recid": "0", "websiteUrl": "0", "title": "0", "ckey": 0, "available": false, "iiifUrl": "0" }, "geometry": { "type": "Polygon", "coordinates": [ [ [ 135.627778, 35.5 ], [ 135.752778, 35.5 ], [ 135.752778, 35.5833333 ], [ 135.627778, 35.5833333 ], [ 135.627778, 35.5 ] ] ] } },
{ "type": "Feature", "properties": { "Id": 0, "Sheet_ID": "舞鶴要塞近傍 16", "label": "舞鶴要塞近傍 16", "call_short": "0", "call_num": "0", "recid": "0", "websiteUrl": "0", "title": "0", "ckey": 0, "available": false, "iiifUrl": "0" }, "geometry": { "type": "Polygon", "coordinates": [ [ [ 135.127778, 35.5833333 ], [ 135.252778, 35.5833333 ], [ 135.252778, 35.6666667 ], [ 135.127778, 35.6666667 ], [ 135.127778, 35.5833333 ] ] ] } },
{ "type": "Feature", "properties": { "Id": 0, "Sheet_ID": "舞鶴要塞近傍 11", "label": "舞鶴要塞近傍 11", "call_short": "0", "call_num": "0", "recid": "0", "websiteUrl": "0", "title": "0", "ckey": 0, "available": false, "iiifUrl": "0" }, "geometry": { "type": "Polygon", "coordinates": [ [ [ 135.252778, 35.5833333 ], [ 135.377778, 35.5833333 ], [ 135.377778, 35.6666667 ], [ 135.252778, 35.6666667 ], [ 135.252778, 35.5833333 ] ] ] } },
{ "type": "Feature", "properties": { "Id": 0, "Sheet_ID": "舞鶴要塞近傍 7", "label": "舞鶴要塞近傍 7", "call_short": "0", "call_num": "0", "recid": "0", "websiteUrl": "0", "title": "0", "ckey": 0, "available": false, "iiifUrl": "0" }, "geometry": { "type": "Polygon", "coordinates": [ [ [ 135.377778, 35.5833333 ], [ 135.502778, 35.5833333 ], [ 135.502778, 35.6666667 ], [ 135.377778, 35.6666667 ], [ 135.377778, 35.5833333 ] ] ] } },
{ "type": "Feature", "properties": { "Id": 0, "Sheet_ID": "舞鶴要塞近傍 6", "label": "舞鶴要塞近傍 6", "call_short": "0", "call_num": "0", "recid": "0", "websiteUrl": "0", "title": "0", "ckey": 0, "available": false, "iiifUrl": "0" }, "geometry": { "type": "Polygon", "coordinates": [ [ [ 135.377778, 35.6666667 ], [ 135.502778, 35.6666667 ], [ 135.502778, 35.75 ], [ 135.377778, 35.75 ], [ 135.377778, 35.6666667 ] ] ] } },
{ "type": "Feature", "properties": { "Id": 0, "Sheet_ID": "奈良近傍 5 ED.2", "label": "奈良近傍 5 ED.2", "call_short": "G7960 S25 .J3", "call_num": "G7960 S25 .J3 45-5 ED.2", "recid": "hm720ng7835", "websiteUrl": "https://purl.stanford.edu/hm720ng7835", "title": "二万五千分一地形圖 奈良近傍", "ckey": 10561302, "available": true, "iiifUrl": "https://purl.stanford.edu/hm720ng7835/iiif/manifest" }, "geometry": { "type": "Polygon", "coordinates": [ [ [ 135.877778, 34.416667 ], [ 136.002778, 34.416667 ], [ 136.002778, 34.5000002 ], [ 135.877778, 34.5000002 ], [ 135.877778, 34.416667 ] ] ] } },
{ "type": "Feature", "properties": { "Id": 0, "Sheet_ID": "久留米及佐賀近傍 15", "label": "久留米及佐賀近傍 15", "call_short": "G7960 S25 .J3", "call_num": "G7960 S25 .J3 68-15", "recid": "vd305sp0530", "websiteUrl": "https://purl.stanford.edu/vd305sp0530", "title": "二万五千分一地形圖 久留米及佐賀近傍", "ckey": 10561302, "available": true, "iiifUrl": "https://purl.stanford.edu/vd305sp0530/iiif/manifest" }, "geometry": { "type": "Polygon", "coordinates": [ [ [ 130.252778, 33.1666664 ], [ 130.377778, 33.1666664 ], [ 130.377778, 33.2499998 ], [ 130.252778, 33.2499998 ], [ 130.252778, 33.1666664 ] ] ] } },
{ "type": "Feature", "properties": { "Id": 0, "Sheet_ID": "小田原近傍 15", "label": "小田原近傍 15", "call_short": "G7960 S25 .J3", "call_num": "G7960 S25 .J3 20-15", "recid": "wp687dh7446", "websiteUrl": "https://purl.stanford.edu/wp687dh7446", "title": "二万五千分一地形圖 小田原近傍", "ckey": 10561302, "available": true, "iiifUrl": "https://purl.stanford.edu/wp687dh7446/iiif/manifest" }, "geometry": { "type": "Polygon", "coordinates": [ [ [ 139.002778, 35.0 ], [ 139.127778, 35.0 ], [ 139.127778, 35.0833333 ], [ 139.002778, 35.0833333 ], [ 139.002778, 35.0 ] ] ] } },
{ "type": "Feature", "properties": { "Id": 0, "Sheet_ID": "小田原近傍 9", "label": "小田原近傍 9", "call_short": "G7960 S25 .J3", "call_num": "G7960 S25 .J3 20-9", "recid": "wt129vv5117", "websiteUrl": "https://purl.stanford.edu/wt129vv5117", "title": "二万五千分一地形圖 小田原近傍", "ckey": 10561302, "available": true, "iiifUrl": "https://purl.stanford.edu/wt129vv5117/iiif/manifest" }, "geometry": { "type": "Polygon", "coordinates": [ [ [ 139.127778, 35.0 ], [ 139.252778, 35.0 ], [ 139.252778, 35.0833333 ], [ 139.127778, 35.0833333 ], [ 139.127778, 35.0 ] ] ] } },
{ "type": "Feature", "properties": { "Id": 0, "Sheet_ID": "小田原近傍 14", "label": "小田原近傍 14", "call_short": "G7960 S25 .J3", "call_num": "G7960 S25 .J3 20-14", "recid": "vd712bg4076", "websiteUrl": "https://purl.stanford.edu/vd712bg4076", "title": "二万五千分一地形圖 小田原近傍", "ckey": 10561302, "available": true, "iiifUrl": "https://purl.stanford.edu/vd712bg4076/iiif/manifest" }, "geometry": { "type": "Polygon", "coordinates": [ [ [ 139.002778, 35.0833333 ], [ 139.127778, 35.0833333 ], [ 139.127778, 35.1666667 ], [ 139.002778, 35.1666667 ], [ 139.002778, 35.0833333 ] ] ] } },
{ "type": "Feature", "properties": { "Id": 0, "Sheet_ID": "小田原近傍 8", "label": "小田原近傍 8", "call_short": "G7960 S25 .J3", "call_num": "G7960 S25 .J3 20-8", "recid": "hy058xd7859", "websiteUrl": "https://purl.stanford.edu/hy058xd7859", "title": "二万五千分一地形圖 小田原近傍", "ckey": 10561302, "available": true, "iiifUrl": "https://purl.stanford.edu/hy058xd7859/iiif/manifest" }, "geometry": { "type": "Polygon", "coordinates": [ [ [ 139.127778, 35.0833333 ], [ 139.252778, 35.0833333 ], [ 139.252778, 35.1666667 ], [ 139.127778, 35.1666667 ], [ 139.127778, 35.0833333 ] ] ] } },
{ "type": "Feature", "properties": { "Id": 0, "Sheet_ID": "小田原近傍 13", "label": "小田原近傍 13", "call_short": "G7960 S25 .J3", "call_num": "G7960 S25 .J3 20-13", "recid": "cx540bk2120", "websiteUrl": "https://purl.stanford.edu/cx540bk2120", "title": "二万五千分一地形圖 小田原近傍", "ckey": 10561302, "available": true, "iiifUrl": "https://purl.stanford.edu/cx540bk2120/iiif/manifest" }, "geometry": { "type": "Polygon", "coordinates": [ [ [ 139.002778, 35.1666667 ], [ 139.127778, 35.1666667 ], [ 139.127778, 35.25 ], [ 139.002778, 35.25 ], [ 139.002778, 35.1666667 ] ] ] } },
{ "type": "Feature", "properties": { "Id": 0, "Sheet_ID": "小田原近傍 7 ED.2", "label": "小田原近傍 7 ED.2", "call_short": "G7960 S25 .J3", "call_num": "G7960 S25 .J3 20-7 ED.2", "recid": "jt371ty8110", "websiteUrl": "https://purl.stanford.edu/jt371ty8110", "title": "二万五千分一地形圖 小田原近傍", "ckey": 10561302, "available": true, "iiifUrl": "https://purl.stanford.edu/jt371ty8110/iiif/manifest" }, "geometry": { "type": "Polygon", "coordinates": [ [ [ 139.127778, 35.1666667 ], [ 139.252778, 35.1666667 ], [ 139.252778, 35.25 ], [ 139.127778, 35.25 ], [ 139.127778, 35.1666667 ] ] ] } },
{ "type": "Feature", "properties": { "Id": 0, "Sheet_ID": "小田原近傍 12", "label": "小田原近傍 12", "call_short": "G7960 S25 .J3", "call_num": "G7960 S25 .J3 20-12", "recid": "qc791mt7562", "websiteUrl": "https://purl.stanford.edu/qc791mt7562", "title": "二万五千分一地形圖 小田原近傍", "ckey": 10561302, "available": true, "iiifUrl": "https://purl.stanford.edu/qc791mt7562/iiif/manifest" }, "geometry": { "type": "Polygon", "coordinates": [ [ [ 139.002778, 35.25 ], [ 139.127778, 35.25 ], [ 139.127778, 35.3333333 ], [ 139.002778, 35.3333333 ], [ 139.002778, 35.25 ] ] ] } },
{ "type": "Feature", "properties": { "Id": 0, "Sheet_ID": "小田原近傍 6", "label": "小田原近傍 6", "call_short": "G7960 S25 .J3", "call_num": "G7960 S25 .J3 20-6", "recid": "rd754dm7875", "websiteUrl": "https://purl.stanford.edu/rd754dm7875", "title": "二万五千分一地形圖 小田原近傍", "ckey": 10561302, "available": true, "iiifUrl": "https://purl.stanford.edu/rd754dm7875/iiif/manifest" }, "geometry": { "type": "Polygon", "coordinates": [ [ [ 139.127778, 35.25 ], [ 139.252778, 35.25 ], [ 139.252778, 35.3333333 ], [ 139.127778, 35.3333333 ], [ 139.127778, 35.25 ] ] ] } },
{ "type": "Feature", "properties": { "Id": 0, "Sheet_ID": "小田原近傍 3", "label": "小田原近傍 3", "call_short": "0", "call_num": "0", "recid": "0", "websiteUrl": "0", "title": "0", "ckey": 0, "available": false, "iiifUrl": "0" }, "geometry": { "type": "Polygon", "coordinates": [ [ [ 139.252778, 35.25 ], [ 139.377778, 35.25 ], [ 139.377778, 35.3333333 ], [ 139.252778, 35.3333333 ], [ 139.252778, 35.25 ] ] ] } },
{ "type": "Feature", "properties": { "Id": 0, "Sheet_ID": "小田原近傍 11", "label": "小田原近傍 11", "call_short": "G7960 S25 .J3", "call_num": "G7960 S25 .J3 20-11", "recid": "bm121gx3495", "websiteUrl": "https://purl.stanford.edu/bm121gx3495", "title": "二万五千分一地形圖 小田原近傍", "ckey": 10561302, "available": true, "iiifUrl": "https://purl.stanford.edu/bm121gx3495/iiif/manifest" }, "geometry": { "type": "Polygon", "coordinates": [ [ [ 139.002778, 35.3333333 ], [ 139.127778, 35.3333333 ], [ 139.127778, 35.4166667 ], [ 139.002778, 35.4166667 ], [ 139.002778, 35.3333333 ] ] ] } },
{ "type": "Feature", "properties": { "Id": 0, "Sheet_ID": "小田原近傍 5", "label": "小田原近傍 5", "call_short": "G7960 S25 .J3", "call_num": "G7960 S25 .J3 20-5", "recid": "nv279by2353", "websiteUrl": "https://purl.stanford.edu/nv279by2353", "title": "二万五千分一地形圖 小田原近傍", "ckey": 10561302, "available": true, "iiifUrl": "https://purl.stanford.edu/nv279by2353/iiif/manifest" }, "geometry": { "type": "Polygon", "coordinates": [ [ [ 139.127778, 35.3333333 ], [ 139.252778, 35.3333333 ], [ 139.252778, 35.4166667 ], [ 139.127778, 35.4166667 ], [ 139.127778, 35.3333333 ] ] ] } },
{ "type": "Feature", "properties": { "Id": 0, "Sheet_ID": "小田原近傍 2", "label": "小田原近傍 2", "call_short": "0", "call_num": "0", "recid": "0", "websiteUrl": "0", "title": "0", "ckey": 0, "available": false, "iiifUrl": "0" }, "geometry": { "type": "Polygon", "coordinates": [ [ [ 139.252778, 35.3333333 ], [ 139.377778, 35.3333333 ], [ 139.377778, 35.4166667 ], [ 139.252778, 35.4166667 ], [ 139.252778, 35.3333333 ] ] ] } },
{ "type": "Feature", "properties": { "Id": 0, "Sheet_ID": "小田原近傍 10", "label": "小田原近傍 10", "call_short": "G7960 S25 .J3", "call_num": "G7960 S25 .J3 20-10", "recid": "wq746zb9586", "websiteUrl": "https://purl.stanford.edu/wq746zb9586", "title": "二万五千分一地形圖 小田原近傍", "ckey": 10561302, "available": true, "iiifUrl": "https://purl.stanford.edu/wq746zb9586/iiif/manifest" }, "geometry": { "type": "Polygon", "coordinates": [ [ [ 139.002778, 35.4166667 ], [ 139.127778, 35.4166667 ], [ 139.127778, 35.5 ], [ 139.002778, 35.5 ], [ 139.002778, 35.4166667 ] ] ] } },
{ "type": "Feature", "properties": { "Id": 0, "Sheet_ID": "小田原近傍 4", "label": "小田原近傍 4", "call_short": "G7960 S25 .J3", "call_num": "G7960 S25 .J3 20-4", "recid": "bz476vc5383", "websiteUrl": "https://purl.stanford.edu/bz476vc5383", "title": "二万五千分一地形圖 小田原近傍", "ckey": 10561302, "available": true, "iiifUrl": "https://purl.stanford.edu/bz476vc5383/iiif/manifest" }, "geometry": { "type": "Polygon", "coordinates": [ [ [ 139.127778, 35.4166667 ], [ 139.252778, 35.4166667 ], [ 139.252778, 35.5 ], [ 139.127778, 35.5 ], [ 139.127778, 35.4166667 ] ] ] } },
{ "type": "Feature", "properties": { "Id": 0, "Sheet_ID": "小田原近傍 1", "label": "小田原近傍 1", "call_short": "G7960 S25 .J3", "call_num": "G7960 S25 .J3 20-1", "recid": "wg674ng5842", "websiteUrl": "https://purl.stanford.edu/wg674ng5842", "title": "二万五千分一地形圖 小田原近傍", "ckey": 10561302, "available": true, "iiifUrl": "https://purl.stanford.edu/wg674ng5842/iiif/manifest" }, "geometry": { "type": "Polygon", "coordinates": [ [ [ 139.252778, 35.4166667 ], [ 139.377778, 35.4166667 ], [ 139.377778, 35.5 ], [ 139.252778, 35.5 ], [ 139.252778, 35.4166667 ] ] ] } },
{ "type": "Feature", "properties": { "Id": 0, "Sheet_ID": "小田原近傍 6 ED.2", "label": "小田原近傍 6 ED.2", "call_short": "G7960 S25 .J3", "call_num": "G7960 S25 .J3 20-6 ED.2", "recid": "vf406wv1926", "websiteUrl": "https://purl.stanford.edu/vf406wv1926", "title": "二万五千分一地形圖 小田原近傍", "ckey": 10561302, "available": true, "iiifUrl": "https://purl.stanford.edu/vf406wv1926/iiif/manifest" }, "geometry": { "type": "Polygon", "coordinates": [ [ [ 139.127778, 35.25 ], [ 139.252778, 35.25 ], [ 139.252778, 35.3333333 ], [ 139.127778, 35.3333333 ], [ 139.127778, 35.25 ] ] ] } },
{ "type": "Feature", "properties": { "Id": 0, "Sheet_ID": "小田原近傍 7", "label": "小田原近傍 7", "call_short": "G7960 S25 .J3", "call_num": "G7960 S25 .J3 20-7", "recid": "jg486zx3350", "websiteUrl": "https://purl.stanford.edu/jg486zx3350", "title": "二万五千分一地形圖 小田原近傍", "ckey": 10561302, "available": true, "iiifUrl": "https://purl.stanford.edu/jg486zx3350/iiif/manifest" }, "geometry": { "type": "Polygon", "coordinates": [ [ [ 139.127778, 35.1666667 ], [ 139.252778, 35.1666667 ], [ 139.252778, 35.25 ], [ 139.127778, 35.25 ], [ 139.127778, 35.1666667 ] ] ] } },
{ "type": "Feature", "properties": { "Id": 0, "Sheet_ID": "東京湾要塞近傍 14", "label": "東京湾要塞近傍 14", "call_short": "0", "call_num": "0", "recid": "0", "websiteUrl": "0", "title": "0", "ckey": 0, "available": false, "iiifUrl": "0" }, "geometry": { "type": "Polygon", "coordinates": [ [ [ 139.752778, 34.833333 ], [ 139.877778, 34.833333 ], [ 139.877778, 34.9166664 ], [ 139.752778, 34.9166664 ], [ 139.752778, 34.833333 ] ] ] } },
{ "type": "Feature", "properties": { "Id": 0, "Sheet_ID": "東京湾要塞近傍 7", "label": "東京湾要塞近傍 7", "call_short": "G7960 S25 .J3", "call_num": "G7960 S25 .J3 19-7", "recid": "qf933vh5213", "websiteUrl": "https://purl.stanford.edu/qf933vh5213", "title": "二万五千分一地形圖 東京湾要塞近傍", "ckey": 10561302, "available": true, "iiifUrl": "https://purl.stanford.edu/qf933vh5213/iiif/manifest" }, "geometry": { "type": "Polygon", "coordinates": [ [ [ 139.877778, 34.833333 ], [ 140.002778, 34.833333 ], [ 140.002778, 34.9166664 ], [ 139.877778, 34.9166664 ], [ 139.877778, 34.833333 ] ] ] } },
{ "type": "Feature", "properties": { "Id": 0, "Sheet_ID": "東京湾要塞近傍 13", "label": "東京湾要塞近傍 13", "call_short": "G7960 S25 .J3", "call_num": "G7960 S25 .J3 19-13", "recid": "sp785pd1632", "websiteUrl": "https://purl.stanford.edu/sp785pd1632", "title": "二万五千分一地形圖 東京湾要塞近傍", "ckey": 10561302, "available": true, "iiifUrl": "https://purl.stanford.edu/sp785pd1632/iiif/manifest" }, "geometry": { "type": "Polygon", "coordinates": [ [ [ 139.752778, 34.9166664 ], [ 139.877778, 34.9166664 ], [ 139.877778, 34.9999998 ], [ 139.752778, 34.9999998 ], [ 139.752778, 34.9166664 ] ] ] } },
{ "type": "Feature", "properties": { "Id": 0, "Sheet_ID": "東京湾要塞近傍 6", "label": "東京湾要塞近傍 6", "call_short": "G7960 S25 .J3", "call_num": "G7960 S25 .J3 19-6", "recid": "cb694ht7658", "websiteUrl": "https://purl.stanford.edu/cb694ht7658", "title": "二万五千分一地形圖 東京湾要塞近傍", "ckey": 10561302, "available": true, "iiifUrl": "https://purl.stanford.edu/cb694ht7658/iiif/manifest" }, "geometry": { "type": "Polygon", "coordinates": [ [ [ 139.877778, 34.9166664 ], [ 140.002778, 34.9166664 ], [ 140.002778, 34.9999998 ], [ 139.877778, 34.9999998 ], [ 139.877778, 34.9166664 ] ] ] } },
{ "type": "Feature", "properties": { "Id": 0, "Sheet_ID": "東京湾要塞近傍 12", "label": "東京湾要塞近傍 12", "call_short": "G7960 S25 .J3", "call_num": "G7960 S25 .J3 19-12", "recid": "hr164nj5639", "websiteUrl": "https://purl.stanford.edu/hr164nj5639", "title": "二万五千分一地形圖 東京湾要塞近傍", "ckey": 10561302, "available": true, "iiifUrl": "https://purl.stanford.edu/hr164nj5639/iiif/manifest" }, "geometry": { "type": "Polygon", "coordinates": [ [ [ 139.752778, 34.9999998 ], [ 139.877778, 34.9999998 ], [ 139.877778, 35.0833331 ], [ 139.752778, 35.0833331 ], [ 139.752778, 34.9999998 ] ] ] } },
{ "type": "Feature", "properties": { "Id": 0, "Sheet_ID": "東京湾要塞近傍 5", "label": "東京湾要塞近傍 5", "call_short": "G7960 S25 .J3", "call_num": "G7960 S25 .J3 19-5", "recid": "nr092nx7590", "websiteUrl": "https://purl.stanford.edu/nr092nx7590", "title": "二万五千分一地形圖 東京湾要塞近傍", "ckey": 10561302, "available": true, "iiifUrl": "https://purl.stanford.edu/nr092nx7590/iiif/manifest" }, "geometry": { "type": "Polygon", "coordinates": [ [ [ 139.877778, 34.9999998 ], [ 140.002778, 34.9999998 ], [ 140.002778, 35.0833331 ], [ 139.877778, 35.0833331 ], [ 139.877778, 34.9999998 ] ] ] } },
{ "type": "Feature", "properties": { "Id": 0, "Sheet_ID": "東京湾要塞近傍 24", "label": "東京湾要塞近傍 24", "call_short": "G7960 S25 .J3", "call_num": "G7960 S25 .J3 19-24", "recid": "wm532jh2735", "websiteUrl": "https://purl.stanford.edu/wm532jh2735", "title": "二万五千分一地形圖 東京湾要塞近傍", "ckey": 10561302, "available": true, "iiifUrl": "https://purl.stanford.edu/wm532jh2735/iiif/manifest" }, "geometry": { "type": "Polygon", "coordinates": [ [ [ 139.502778, 35.0833331 ], [ 139.627778, 35.0833331 ], [ 139.627778, 35.1666665 ], [ 139.502778, 35.1666665 ], [ 139.502778, 35.0833331 ] ] ] } },
{ "type": "Feature", "properties": { "Id": 0, "Sheet_ID": "東京湾要塞近傍 19", "label": "東京湾要塞近傍 19", "call_short": "G7960 S25 .J3", "call_num": "G7960 S25 .J3 19-19", "recid": "wc218xp9789", "websiteUrl": "https://purl.stanford.edu/wc218xp9789", "title": "二万五千分一地形圖 東京湾要塞近傍", "ckey": 10561302, "available": true, "iiifUrl": "https://purl.stanford.edu/wc218xp9789/iiif/manifest" }, "geometry": { "type": "Polygon", "coordinates": [ [ [ 139.627778, 35.0833331 ], [ 139.752778, 35.0833331 ], [ 139.752778, 35.1666665 ], [ 139.627778, 35.1666665 ], [ 139.627778, 35.0833331 ] ] ] } },
{ "type": "Feature", "properties": { "Id": 0, "Sheet_ID": "東京湾要塞近傍 11", "label": "東京湾要塞近傍 11", "call_short": "G7960 S25 .J3", "call_num": "G7960 S25 .J3 19-11", "recid": "qz530bm6643", "websiteUrl": "https://purl.stanford.edu/qz530bm6643", "title": "二万五千分一地形圖 東京湾要塞近傍", "ckey": 10561302, "available": true, "iiifUrl": "https://purl.stanford.edu/qz530bm6643/iiif/manifest" }, "geometry": { "type": "Polygon", "coordinates": [ [ [ 139.752778, 35.0833331 ], [ 139.877778, 35.0833331 ], [ 139.877778, 35.1666665 ], [ 139.752778, 35.1666665 ], [ 139.752778, 35.0833331 ] ] ] } },
{ "type": "Feature", "properties": { "Id": 0, "Sheet_ID": "東京湾要塞近傍 4", "label": "東京湾要塞近傍 4", "call_short": "G7960 S25 .J3", "call_num": "G7960 S25 .J3 19-4", "recid": "xz833fw5800", "websiteUrl": "https://purl.stanford.edu/xz833fw5800", "title": "二万五千分一地形圖 東京湾要塞近傍", "ckey": 10561302, "available": true, "iiifUrl": "https://purl.stanford.edu/xz833fw5800/iiif/manifest" }, "geometry": { "type": "Polygon", "coordinates": [ [ [ 139.877778, 35.0833331 ], [ 140.002778, 35.0833331 ], [ 140.002778, 35.1666665 ], [ 139.877778, 35.1666665 ], [ 139.877778, 35.0833331 ] ] ] } },
{ "type": "Feature", "properties": { "Id": 0, "Sheet_ID": "東京湾要塞近傍 23", "label": "東京湾要塞近傍 23", "call_short": "G7960 S25 .J3", "call_num": "G7960 S25 .J3 19-23", "recid": "sy066px8993", "websiteUrl": "https://purl.stanford.edu/sy066px8993", "title": "二万五千分一地形圖 東京湾要塞近傍", "ckey": 10561302, "available": true, "iiifUrl": "https://purl.stanford.edu/sy066px8993/iiif/manifest" }, "geometry": { "type": "Polygon", "coordinates": [ [ [ 139.502778, 35.1666665 ], [ 139.627778, 35.1666665 ], [ 139.627778, 35.2499999 ], [ 139.502778, 35.2499999 ], [ 139.502778, 35.1666665 ] ] ] } },
{ "type": "Feature", "properties": { "Id": 0, "Sheet_ID": "東京湾要塞近傍 18", "label": "東京湾要塞近傍 18", "call_short": "G7960 S25 .J3", "call_num": "G7960 S25 .J3 19-18", "recid": "wx600zq2746", "websiteUrl": "https://purl.stanford.edu/wx600zq2746", "title": "二万五千分一地形圖 東京湾要塞近傍", "ckey": 10561302, "available": true, "iiifUrl": "https://purl.stanford.edu/wx600zq2746/iiif/manifest" }, "geometry": { "type": "Polygon", "coordinates": [ [ [ 139.627778, 35.1666665 ], [ 139.752778, 35.1666665 ], [ 139.752778, 35.2499999 ], [ 139.627778, 35.2499999 ], [ 139.627778, 35.1666665 ] ] ] } },
{ "type": "Feature", "properties": { "Id": 0, "Sheet_ID": "東京湾要塞近傍 10", "label": "東京湾要塞近傍 10", "call_short": "G7960 S25 .J3", "call_num": "G7960 S25 .J3 19-10", "recid": "dq410jb7185", "websiteUrl": "https://purl.stanford.edu/dq410jb7185", "title": "二万五千分一地形圖 東京湾要塞近傍", "ckey": 10561302, "available": true, "iiifUrl": "https://purl.stanford.edu/dq410jb7185/iiif/manifest" }, "geometry": { "type": "Polygon", "coordinates": [ [ [ 139.752778, 35.1666665 ], [ 139.877778, 35.1666665 ], [ 139.877778, 35.2499999 ], [ 139.752778, 35.2499999 ], [ 139.752778, 35.1666665 ] ] ] } },
{ "type": "Feature", "properties": { "Id": 0, "Sheet_ID": "東京湾要塞近傍 3", "label": "東京湾要塞近傍 3", "call_short": "G7960 S25 .J3", "call_num": "G7960 S25 .J3 19-3", "recid": "xg042xp1433", "websiteUrl": "https://purl.stanford.edu/xg042xp1433", "title": "二万五千分一地形圖 東京湾要塞近傍", "ckey": 10561302, "available": true, "iiifUrl": "https://purl.stanford.edu/xg042xp1433/iiif/manifest" }, "geometry": { "type": "Polygon", "coordinates": [ [ [ 139.877778, 35.1666665 ], [ 140.002778, 35.1666665 ], [ 140.002778, 35.2499999 ], [ 139.877778, 35.2499999 ], [ 139.877778, 35.1666665 ] ] ] } },
{ "type": "Feature", "properties": { "Id": 0, "Sheet_ID": "東京湾要塞近傍 29", "label": "東京湾要塞近傍 29", "call_short": "G7960 S25 .J3", "call_num": "G7960 S25 .J3 19-29", "recid": "jm204fq8212", "websiteUrl": "https://purl.stanford.edu/jm204fq8212", "title": "二万五千分一地形圖 東京湾要塞近傍", "ckey": 10561302, "available": true, "iiifUrl": "https://purl.stanford.edu/jm204fq8212/iiif/manifest" }, "geometry": { "type": "Polygon", "coordinates": [ [ [ 139.252778, 35.2499999 ], [ 139.377778, 35.2499999 ], [ 139.377778, 35.3333333 ], [ 139.252778, 35.3333333 ], [ 139.252778, 35.2499999 ] ] ] } },
{ "type": "Feature", "properties": { "Id": 0, "Sheet_ID": "東京湾要塞近傍 22", "label": "東京湾要塞近傍 22", "call_short": "G7960 S25 .J3", "call_num": "G7960 S25 .J3 19-22", "recid": "md716cd7705", "websiteUrl": "https://purl.stanford.edu/md716cd7705", "title": "二万五千分一地形圖 東京湾要塞近傍", "ckey": 10561302, "available": true, "iiifUrl": "https://purl.stanford.edu/md716cd7705/iiif/manifest" }, "geometry": { "type": "Polygon", "coordinates": [ [ [ 139.502778, 35.2499999 ], [ 139.627778, 35.2499999 ], [ 139.627778, 35.3333333 ], [ 139.502778, 35.3333333 ], [ 139.502778, 35.2499999 ] ] ] } },
{ "type": "Feature", "properties": { "Id": 0, "Sheet_ID": "東京湾要塞近傍 17", "label": "東京湾要塞近傍 17", "call_short": "G7960 S25 .J3", "call_num": "G7960 S25 .J3 19-17", "recid": "dy135kc0782", "websiteUrl": "https://purl.stanford.edu/dy135kc0782", "title": "二万五千分一地形圖 東京湾要塞近傍", "ckey": 10561302, "available": true, "iiifUrl": "https://purl.stanford.edu/dy135kc0782/iiif/manifest" }, "geometry": { "type": "Polygon", "coordinates": [ [ [ 139.627778, 35.2499999 ], [ 139.752778, 35.2499999 ], [ 139.752778, 35.3333333 ], [ 139.627778, 35.3333333 ], [ 139.627778, 35.2499999 ] ] ] } },
{ "type": "Feature", "properties": { "Id": 0, "Sheet_ID": "東京湾要塞近傍 9", "label": "東京湾要塞近傍 9", "call_short": "G7960 S25 .J3", "call_num": "G7960 S25 .J3 19-9", "recid": "yv040bc3993", "websiteUrl": "https://purl.stanford.edu/yv040bc3993", "title": "二万五千分一地形圖 東京湾要塞近傍", "ckey": 10561302, "available": true, "iiifUrl": "https://purl.stanford.edu/yv040bc3993/iiif/manifest" }, "geometry": { "type": "Polygon", "coordinates": [ [ [ 139.752778, 35.2499999 ], [ 139.877778, 35.2499999 ], [ 139.877778, 35.3333333 ], [ 139.752778, 35.3333333 ], [ 139.752778, 35.2499999 ] ] ] } },
{ "type": "Feature", "properties": { "Id": 0, "Sheet_ID": "東京湾要塞近傍 2", "label": "東京湾要塞近傍 2", "call_short": "G7960 S25 .J3", "call_num": "G7960 S25 .J3 19-2", "recid": "sw544zq5801", "websiteUrl": "https://purl.stanford.edu/sw544zq5801", "title": "二万五千分一地形圖 東京湾要塞近傍", "ckey": 10561302, "available": true, "iiifUrl": "https://purl.stanford.edu/sw544zq5801/iiif/manifest" }, "geometry": { "type": "Polygon", "coordinates": [ [ [ 139.877778, 35.2499999 ], [ 140.002778, 35.2499999 ], [ 140.002778, 35.3333333 ], [ 139.877778, 35.3333333 ], [ 139.877778, 35.2499999 ] ] ] } },
{ "type": "Feature", "properties": { "Id": 0, "Sheet_ID": "東京湾要塞近傍 28", "label": "東京湾要塞近傍 28", "call_short": "G7960 S25 .J3", "call_num": "G7960 S25 .J3 19-28", "recid": "yj187bw2327", "websiteUrl": "https://purl.stanford.edu/yj187bw2327", "title": "二万五千分一地形圖 東京湾要塞近傍", "ckey": 10561302, "available": true, "iiifUrl": "https://purl.stanford.edu/yj187bw2327/iiif/manifest" }, "geometry": { "type": "Polygon", "coordinates": [ [ [ 139.252778, 35.3333333 ], [ 139.377778, 35.3333333 ], [ 139.377778, 35.4166666 ], [ 139.252778, 35.4166666 ], [ 139.252778, 35.3333333 ] ] ] } },
{ "type": "Feature", "properties": { "Id": 0, "Sheet_ID": "東京湾要塞近傍 20", "label": "東京湾要塞近傍 20", "call_short": "0", "call_num": "0", "recid": "0", "websiteUrl": "0", "title": "0", "ckey": 0, "available": false, "iiifUrl": "0" }, "geometry": { "type": "Polygon", "coordinates": [ [ [ 139.502778, 35.4166666 ], [ 139.627778, 35.4166666 ], [ 139.627778, 35.5 ], [ 139.502778, 35.5 ], [ 139.502778, 35.4166666 ] ] ] } },
{ "type": "Feature", "properties": { "Id": 0, "Sheet_ID": "東京湾要塞近傍 15", "label": "東京湾要塞近傍 15", "call_short": "0", "call_num": "0", "recid": "0", "websiteUrl": "0", "title": "0", "ckey": 0, "available": false, "iiifUrl": "0" }, "geometry": { "type": "Polygon", "coordinates": [ [ [ 139.627778, 35.4166666 ], [ 139.752778, 35.4166666 ], [ 139.752778, 35.5 ], [ 139.627778, 35.5 ], [ 139.627778, 35.4166666 ] ] ] } },
{ "type": "Feature", "properties": { "Id": 0, "Sheet_ID": "横浜近傍 12", "label": "横浜近傍 12", "call_short": "0", "call_num": "0", "recid": "0", "websiteUrl": "0", "title": "0", "ckey": 0, "available": false, "iiifUrl": "0" }, "geometry": { "type": "Polygon", "coordinates": [ [ [ 139.377778, 35.25 ], [ 139.502778, 35.25 ], [ 139.502778, 35.3333333 ], [ 139.377778, 35.3333333 ], [ 139.377778, 35.25 ] ] ] } },
{ "type": "Feature", "properties": { "Id": 0, "Sheet_ID": "横浜近傍 11", "label": "横浜近傍 11", "call_short": "0", "call_num": "0", "recid": "0", "websiteUrl": "0", "title": "0", "ckey": 0, "available": false, "iiifUrl": "0" }, "geometry": { "type": "Polygon", "coordinates": [ [ [ 139.377778, 35.3333333 ], [ 139.502778, 35.3333333 ], [ 139.502778, 35.4166665 ], [ 139.377778, 35.4166665 ], [ 139.377778, 35.3333333 ] ] ] } },
{ "type": "Feature", "properties": { "Id": 0, "Sheet_ID": "横浜近傍 9", "label": "横浜近傍 9", "call_short": "0", "call_num": "0", "recid": "0", "websiteUrl": "0", "title": "0", "ckey": 0, "available": false, "iiifUrl": "0" }, "geometry": { "type": "Polygon", "coordinates": [ [ [ 139.502778, 35.3333333 ], [ 139.627778, 35.3333333 ], [ 139.627778, 35.4166665 ], [ 139.502778, 35.4166665 ], [ 139.502778, 35.3333333 ] ] ] } },
{ "type": "Feature", "properties": { "Id": 0, "Sheet_ID": "横浜近傍 6", "label": "横浜近傍 6", "call_short": "0", "call_num": "0", "recid": "0", "websiteUrl": "0", "title": "0", "ckey": 0, "available": false, "iiifUrl": "0" }, "geometry": { "type": "Polygon", "coordinates": [ [ [ 139.627778, 35.3333333 ], [ 139.752778, 35.3333333 ], [ 139.752778, 35.4166665 ], [ 139.627778, 35.4166665 ], [ 139.627778, 35.3333333 ] ] ] } },
{ "type": "Feature", "properties": { "Id": 0, "Sheet_ID": "横浜近傍 3", "label": "横浜近傍 3", "call_short": "0", "call_num": "0", "recid": "0", "websiteUrl": "0", "title": "0", "ckey": 0, "available": false, "iiifUrl": "0" }, "geometry": { "type": "Polygon", "coordinates": [ [ [ 139.752778, 35.3333333 ], [ 139.877778, 35.3333333 ], [ 139.877778, 35.4166665 ], [ 139.752778, 35.4166665 ], [ 139.752778, 35.3333333 ] ] ] } },
{ "type": "Feature", "properties": { "Id": 0, "Sheet_ID": "横浜近傍 1", "label": "横浜近傍 1", "call_short": "0", "call_num": "0", "recid": "0", "websiteUrl": "0", "title": "0", "ckey": 0, "available": false, "iiifUrl": "0" }, "geometry": { "type": "Polygon", "coordinates": [ [ [ 139.877778, 35.3333333 ], [ 140.002778, 35.3333333 ], [ 140.002778, 35.4166665 ], [ 139.877778, 35.4166665 ], [ 139.877778, 35.3333333 ] ] ] } },
{ "type": "Feature", "properties": { "Id": 0, "Sheet_ID": "横浜近傍 10", "label": "横浜近傍 10", "call_short": "0", "call_num": "0", "recid": "0", "websiteUrl": "0", "title": "0", "ckey": 0, "available": false, "iiifUrl": "0" }, "geometry": { "type": "Polygon", "coordinates": [ [ [ 139.377778, 35.4166665 ], [ 139.502778, 35.4166665 ], [ 139.502778, 35.4999998 ], [ 139.377778, 35.4999998 ], [ 139.377778, 35.4166665 ] ] ] } },
{ "type": "Feature", "properties": { "Id": 0, "Sheet_ID": "横浜近傍 8", "label": "横浜近傍 8", "call_short": "G7960 S25 .J3", "call_num": "G7960 S25 .J3 18-8", "recid": "fj866bq0531", "websiteUrl": "https://purl.stanford.edu/fj866bq0531", "title": "二万五千分一地形圖 横浜近傍", "ckey": 10561302, "available": true, "iiifUrl": "https://purl.stanford.edu/fj866bq0531/iiif/manifest" }, "geometry": { "type": "Polygon", "coordinates": [ [ [ 139.502778, 35.4166665 ], [ 139.627778, 35.4166665 ], [ 139.627778, 35.4999998 ], [ 139.502778, 35.4999998 ], [ 139.502778, 35.4166665 ] ] ] } },
{ "type": "Feature", "properties": { "Id": 0, "Sheet_ID": "横浜近傍 5", "label": "横浜近傍 5", "call_short": "G7960 S25 .J3", "call_num": "G7960 S25 .J3 18-5", "recid": "cp085wf2939", "websiteUrl": "https://purl.stanford.edu/cp085wf2939", "title": "二万五千分一地形圖 横浜近傍", "ckey": 10561302, "available": true, "iiifUrl": "https://purl.stanford.edu/cp085wf2939/iiif/manifest" }, "geometry": { "type": "Polygon", "coordinates": [ [ [ 139.627778, 35.4166665 ], [ 139.752778, 35.4166665 ], [ 139.752778, 35.4999998 ], [ 139.627778, 35.4999998 ], [ 139.627778, 35.4166665 ] ] ] } },
{ "type": "Feature", "properties": { "Id": 0, "Sheet_ID": "横浜近傍 7", "label": "横浜近傍 7", "call_short": "0", "call_num": "0", "recid": "0", "websiteUrl": "0", "title": "0", "ckey": 0, "available": false, "iiifUrl": "0" }, "geometry": { "type": "Polygon", "coordinates": [ [ [ 139.502778, 35.4999998 ], [ 139.627778, 35.4999998 ], [ 139.627778, 35.583333 ], [ 139.502778, 35.583333 ], [ 139.502778, 35.4999998 ] ] ] } },
{ "type": "Feature", "properties": { "Id": 0, "Sheet_ID": "横浜近傍 4", "label": "横浜近傍 4", "call_short": "G7960 S25 .J3", "call_num": "G7960 S25 .J3 18-4", "recid": "sq359hx7769", "websiteUrl": "https://purl.stanford.edu/sq359hx7769", "title": "二万五千分一地形圖 横浜近傍", "ckey": 10561302, "available": true, "iiifUrl": "https://purl.stanford.edu/sq359hx7769/iiif/manifest" }, "geometry": { "type": "Polygon", "coordinates": [ [ [ 139.627778, 35.4999998 ], [ 139.752778, 35.4999998 ], [ 139.752778, 35.583333 ], [ 139.627778, 35.583333 ], [ 139.627778, 35.4999998 ] ] ] } },
{ "type": "Feature", "properties": { "Id": 0, "Sheet_ID": "横浜近傍 2", "label": "横浜近傍 2", "call_short": "G7960 S25 .J3", "call_num": "G7960 S25 .J3 18-2", "recid": "zm531tb3662", "websiteUrl": "https://purl.stanford.edu/zm531tb3662", "title": "二万五千分一地形圖 横浜近傍", "ckey": 10561302, "available": true, "iiifUrl": "https://purl.stanford.edu/zm531tb3662/iiif/manifest" }, "geometry": { "type": "Polygon", "coordinates": [ [ [ 139.752778, 35.4999998 ], [ 139.877778, 35.4999998 ], [ 139.877778, 35.583333 ], [ 139.752778, 35.583333 ], [ 139.752778, 35.4999998 ] ] ] } },
{ "type": "Feature", "properties": { "Id": 0, "Sheet_ID": "福知山及篠山近傍 13", "label": "福知山及篠山近傍 13", "call_short": "0", "call_num": "0", "recid": "0", "websiteUrl": "0", "title": "0", "ckey": 0, "available": false, "iiifUrl": "0" }, "geometry": { "type": "Polygon", "coordinates": [ [ [ 135.127778, 34.916667 ], [ 135.252778, 34.916667 ], [ 135.252778, 35.0000002 ], [ 135.127778, 35.0000002 ], [ 135.127778, 34.916667 ] ] ] } },
{ "type": "Feature", "properties": { "Id": 0, "Sheet_ID": "福知山及篠山近傍 8", "label": "福知山及篠山近傍 8", "call_short": "G7960 S25 .J3", "call_num": "G7960 S25 .J3 43-8", "recid": "cs751nc2914", "websiteUrl": "https://purl.stanford.edu/cs751nc2914", "title": "二万五千分一地形圖 福知山及篠山近傍", "ckey": 10561302, "available": true, "iiifUrl": "https://purl.stanford.edu/cs751nc2914/iiif/manifest" }, "geometry": { "type": "Polygon", "coordinates": [ [ [ 135.252778, 34.916667 ], [ 135.377778, 34.916667 ], [ 135.377778, 35.0000002 ], [ 135.252778, 35.0000002 ], [ 135.252778, 34.916667 ] ] ] } },
{ "type": "Feature", "properties": { "Id": 0, "Sheet_ID": "福知山及篠山近傍 3", "label": "福知山及篠山近傍 3", "call_short": "G7960 S25 .J3", "call_num": "G7960 S25 .J3 43-3", "recid": "hm366db7436", "websiteUrl": "https://purl.stanford.edu/hm366db7436", "title": "二万五千分一地形圖 福知山及篠山近傍", "ckey": 10561302, "available": true, "iiifUrl": "https://purl.stanford.edu/hm366db7436/iiif/manifest" }, "geometry": { "type": "Polygon", "coordinates": [ [ [ 135.377778, 34.916667 ], [ 135.502778, 34.916667 ], [ 135.502778, 35.0000002 ], [ 135.377778, 35.0000002 ], [ 135.377778, 34.916667 ] ] ] } },
{ "type": "Feature", "properties": { "Id": 0, "Sheet_ID": "福知山及篠山近傍 12", "label": "福知山及篠山近傍 12", "call_short": "0", "call_num": "0", "recid": "0", "websiteUrl": "0", "title": "0", "ckey": 0, "available": false, "iiifUrl": "0" }, "geometry": { "type": "Polygon", "coordinates": [ [ [ 135.127778, 35.0000002 ], [ 135.252778, 35.0000002 ], [ 135.252778, 35.0833335 ], [ 135.127778, 35.0833335 ], [ 135.127778, 35.0000002 ] ] ] } },
{ "type": "Feature", "properties": { "Id": 0, "Sheet_ID": "福知山及篠山近傍 7", "label": "福知山及篠山近傍 7", "call_short": "0", "call_num": "0", "recid": "0", "websiteUrl": "0", "title": "0", "ckey": 0, "available": false, "iiifUrl": "0" }, "geometry": { "type": "Polygon", "coordinates": [ [ [ 135.252778, 35.0000002 ], [ 135.377778, 35.0000002 ], [ 135.377778, 35.0833335 ], [ 135.252778, 35.0833335 ], [ 135.252778, 35.0000002 ] ] ] } },
{ "type": "Feature", "properties": { "Id": 0, "Sheet_ID": "福知山及篠山近傍 2", "label": "福知山及篠山近傍 2", "call_short": "G7960 S25 .J3", "call_num": "G7960 S25 .J3 43-2", "recid": "bq919fp8253", "websiteUrl": "https://purl.stanford.edu/bq919fp8253", "title": "二万五千分一地形圖 福知山及篠山近傍", "ckey": 10561302, "available": true, "iiifUrl": "https://purl.stanford.edu/bq919fp8253/iiif/manifest" }, "geometry": { "type": "Polygon", "coordinates": [ [ [ 135.377778, 35.0000002 ], [ 135.502778, 35.0000002 ], [ 135.502778, 35.0833335 ], [ 135.377778, 35.0833335 ], [ 135.377778, 35.0000002 ] ] ] } },
{ "type": "Feature", "properties": { "Id": 0, "Sheet_ID": "福知山及篠山近傍 11", "label": "福知山及篠山近傍 11", "call_short": "0", "call_num": "0", "recid": "0", "websiteUrl": "0", "title": "0", "ckey": 0, "available": false, "iiifUrl": "0" }, "geometry": { "type": "Polygon", "coordinates": [ [ [ 135.127778, 35.0833335 ], [ 135.252778, 35.0833335 ], [ 135.252778, 35.1666667 ], [ 135.127778, 35.1666667 ], [ 135.127778, 35.0833335 ] ] ] } },
{ "type": "Feature", "properties": { "Id": 0, "Sheet_ID": "福知山及篠山近傍 6", "label": "福知山及篠山近傍 6", "call_short": "G7960 S25 .J3", "call_num": "G7960 S25 .J3 43-6", "recid": "qd168rh3875", "websiteUrl": "https://purl.stanford.edu/qd168rh3875", "title": "二万五千分一地形圖 福知山及篠山近傍", "ckey": 10561302, "available": true, "iiifUrl": "https://purl.stanford.edu/qd168rh3875/iiif/manifest" }, "geometry": { "type": "Polygon", "coordinates": [ [ [ 135.252778, 35.0833335 ], [ 135.377778, 35.0833335 ], [ 135.377778, 35.1666667 ], [ 135.252778, 35.1666667 ], [ 135.252778, 35.0833335 ] ] ] } },
{ "type": "Feature", "properties": { "Id": 0, "Sheet_ID": "福知山及篠山近傍 1", "label": "福知山及篠山近傍 1", "call_short": "G7960 S25 .J3", "call_num": "G7960 S25 .J3 43-1", "recid": "xr225zb0192", "websiteUrl": "https://purl.stanford.edu/xr225zb0192", "title": "二万五千分一地形圖 福知山及篠山近傍", "ckey": 10561302, "available": true, "iiifUrl": "https://purl.stanford.edu/xr225zb0192/iiif/manifest" }, "geometry": { "type": "Polygon", "coordinates": [ [ [ 135.377778, 35.0833335 ], [ 135.502778, 35.0833335 ], [ 135.502778, 35.1666667 ], [ 135.377778, 35.1666667 ], [ 135.377778, 35.0833335 ] ] ] } },
{ "type": "Feature", "properties": { "Id": 0, "Sheet_ID": "福知山及篠山近傍 18", "label": "福知山及篠山近傍 18", "call_short": "G7960 S25 .J3", "call_num": "G7960 S25 .J3 43-18", "recid": "pk801qj6163", "websiteUrl": "https://purl.stanford.edu/pk801qj6163", "title": "二万五千分一地形圖 福知山及篠山近傍", "ckey": 10561302, "available": true, "iiifUrl": "https://purl.stanford.edu/pk801qj6163/iiif/manifest" }, "geometry": { "type": "Polygon", "coordinates": [ [ [ 135.002778, 35.1666667 ], [ 135.127778, 35.1666667 ], [ 135.127778, 35.25 ], [ 135.002778, 35.25 ], [ 135.002778, 35.1666667 ] ] ] } },
{ "type": "Feature", "properties": { "Id": 0, "Sheet_ID": "福知山及篠山近傍 10", "label": "福知山及篠山近傍 10", "call_short": "G7960 S25 .J3", "call_num": "G7960 S25 .J3 43-10", "recid": "tm386yn9236", "websiteUrl": "https://purl.stanford.edu/tm386yn9236", "title": "二万五千分一地形圖 福知山及篠山近傍", "ckey": 10561302, "available": true, "iiifUrl": "https://purl.stanford.edu/tm386yn9236/iiif/manifest" }, "geometry": { "type": "Polygon", "coordinates": [ [ [ 135.127778, 35.1666667 ], [ 135.252778, 35.1666667 ], [ 135.252778, 35.25 ], [ 135.127778, 35.25 ], [ 135.127778, 35.1666667 ] ] ] } },
{ "type": "Feature", "properties": { "Id": 0, "Sheet_ID": "福知山及篠山近傍 5", "label": "福知山及篠山近傍 5", "call_short": "G7960 S25 .J3", "call_num": "G7960 S25 .J3 43-5", "recid": "jw464kc3662", "websiteUrl": "https://purl.stanford.edu/jw464kc3662", "title": "二万五千分一地形圖 福知山及篠山近傍", "ckey": 10561302, "available": true, "iiifUrl": "https://purl.stanford.edu/jw464kc3662/iiif/manifest" }, "geometry": { "type": "Polygon", "coordinates": [ [ [ 135.252778, 35.1666667 ], [ 135.377778, 35.1666667 ], [ 135.377778, 35.25 ], [ 135.252778, 35.25 ], [ 135.252778, 35.1666667 ] ] ] } },
{ "type": "Feature", "properties": { "Id": 0, "Sheet_ID": "福知山及篠山近傍 17", "label": "福知山及篠山近傍 17", "call_short": "G7960 S25 .J3", "call_num": "G7960 S25 .J3 43-17", "recid": "qb256ft1784", "websiteUrl": "https://purl.stanford.edu/qb256ft1784", "title": "二万五千分一地形圖 福知山及篠山近傍", "ckey": 10561302, "available": true, "iiifUrl": "https://purl.stanford.edu/qb256ft1784/iiif/manifest" }, "geometry": { "type": "Polygon", "coordinates": [ [ [ 135.002778, 35.25 ], [ 135.127778, 35.25 ], [ 135.127778, 35.3333333 ], [ 135.002778, 35.3333333 ], [ 135.002778, 35.25 ] ] ] } },
{ "type": "Feature", "properties": { "Id": 0, "Sheet_ID": "福知山及篠山近傍 9", "label": "福知山及篠山近傍 9", "call_short": "0", "call_num": "0", "recid": "0", "websiteUrl": "0", "title": "0", "ckey": 0, "available": false, "iiifUrl": "0" }, "geometry": { "type": "Polygon", "coordinates": [ [ [ 135.127778, 35.25 ], [ 135.252778, 35.25 ], [ 135.252778, 35.3333333 ], [ 135.127778, 35.3333333 ], [ 135.127778, 35.25 ] ] ] } },
{ "type": "Feature", "properties": { "Id": 0, "Sheet_ID": "福知山及篠山近傍 4", "label": "福知山及篠山近傍 4", "call_short": "0", "call_num": "0", "recid": "0", "websiteUrl": "0", "title": "0", "ckey": 0, "available": false, "iiifUrl": "0" }, "geometry": { "type": "Polygon", "coordinates": [ [ [ 135.252778, 35.25 ], [ 135.377778, 35.25 ], [ 135.377778, 35.3333333 ], [ 135.252778, 35.3333333 ], [ 135.252778, 35.25 ] ] ] } },
{ "type": "Feature", "properties": { "Id": 0, "Sheet_ID": "福知山及篠山近傍 16", "label": "福知山及篠山近傍 16", "call_short": "0", "call_num": "0", "recid": "0", "websiteUrl": "0", "title": "0", "ckey": 0, "available": false, "iiifUrl": "0" }, "geometry": { "type": "Polygon", "coordinates": [ [ [ 135.002778, 35.3333333 ], [ 135.127778, 35.3333333 ], [ 135.127778, 35.4166665 ], [ 135.002778, 35.4166665 ], [ 135.002778, 35.3333333 ] ] ] } },
{ "type": "Feature", "properties": { "Id": 0, "Sheet_ID": "福知山及篠山近傍 15", "label": "福知山及篠山近傍 15", "call_short": "0", "call_num": "0", "recid": "0", "websiteUrl": "0", "title": "0", "ckey": 0, "available": false, "iiifUrl": "0" }, "geometry": { "type": "Polygon", "coordinates": [ [ [ 135.002778, 35.4166665 ], [ 135.127778, 35.4166665 ], [ 135.127778, 35.4999998 ], [ 135.002778, 35.4999998 ], [ 135.002778, 35.4166665 ] ] ] } },
{ "type": "Feature", "properties": { "Id": 0, "Sheet_ID": "福知山及篠山近傍 14", "label": "福知山及篠山近傍 14", "call_short": "0", "call_num": "0", "recid": "0", "websiteUrl": "0", "title": "0", "ckey": 0, "available": false, "iiifUrl": "0" }, "geometry": { "type": "Polygon", "coordinates": [ [ [ 135.002778, 35.4999998 ], [ 135.127778, 35.4999998 ], [ 135.127778, 35.583333 ], [ 135.002778, 35.583333 ], [ 135.002778, 35.4999998 ] ] ] } },
{ "type": "Feature", "properties": { "Id": 0, "Sheet_ID": "福知山及篠山近傍 18 ED.2", "label": "福知山及篠山近傍 18 ED.2", "call_short": "G7960 S25 .J3", "call_num": "G7960 S25 .J3 43-18 ED.2", "recid": "mc445ff9483", "websiteUrl": "https://purl.stanford.edu/mc445ff9483", "title": "二万五千分一地形圖 福知山及篠山近傍", "ckey": 10561302, "available": true, "iiifUrl": "https://purl.stanford.edu/mc445ff9483/iiif/manifest" }, "geometry": { "type": "Polygon", "coordinates": [ [ [ 135.002778, 35.1666668 ], [ 135.127778, 35.1666668 ], [ 135.127778, 35.25 ], [ 135.002778, 35.25 ], [ 135.002778, 35.1666668 ] ] ] } },
{ "type": "Feature", "properties": { "Id": 0, "Sheet_ID": "福山近傍 15", "label": "福山近傍 15", "call_short": "0", "call_num": "0", "recid": "0", "websiteUrl": "0", "title": "0", "ckey": 0, "available": false, "iiifUrl": "0" }, "geometry": { "type": "Polygon", "coordinates": [ [ [ 133.127778, 34.333333 ], [ 133.252778, 34.333333 ], [ 133.252778, 34.4166665 ], [ 133.127778, 34.4166665 ], [ 133.127778, 34.333333 ] ] ] } },
{ "type": "Feature", "properties": { "Id": 0, "Sheet_ID": "福山近傍 10", "label": "福山近傍 10", "call_short": "G7960 S25 .J3", "call_num": "G7960 S25 .J3 54-10", "recid": "cf422gv3051", "websiteUrl": "https://purl.stanford.edu/cf422gv3051", "title": "二万五千分一地形圖 福山近傍", "ckey": 10561302, "available": true, "iiifUrl": "https://purl.stanford.edu/cf422gv3051/iiif/manifest" }, "geometry": { "type": "Polygon", "coordinates": [ [ [ 133.252778, 34.333333 ], [ 133.377778, 34.333333 ], [ 133.377778, 34.4166665 ], [ 133.252778, 34.4166665 ], [ 133.252778, 34.333333 ] ] ] } },
{ "type": "Feature", "properties": { "Id": 0, "Sheet_ID": "福山近傍 7", "label": "福山近傍 7", "call_short": "G7960 S25 .J3", "call_num": "G7960 S25 .J3 54-7", "recid": "zk070yw4259", "websiteUrl": "https://purl.stanford.edu/zk070yw4259", "title": "二万五千分一地形圖 福山近傍", "ckey": 10561302, "available": true, "iiifUrl": "https://purl.stanford.edu/zk070yw4259/iiif/manifest" }, "geometry": { "type": "Polygon", "coordinates": [ [ [ 133.377778, 34.333333 ], [ 133.502778, 34.333333 ], [ 133.502778, 34.4166665 ], [ 133.377778, 34.4166665 ], [ 133.377778, 34.333333 ] ] ] } },
{ "type": "Feature", "properties": { "Id": 0, "Sheet_ID": "福山近傍 14", "label": "福山近傍 14", "call_short": "0", "call_num": "0", "recid": "0", "websiteUrl": "0", "title": "0", "ckey": 0, "available": false, "iiifUrl": "0" }, "geometry": { "type": "Polygon", "coordinates": [ [ [ 133.127778, 34.4166665 ], [ 133.252778, 34.4166665 ], [ 133.252778, 34.5 ], [ 133.127778, 34.5 ], [ 133.127778, 34.4166665 ] ] ] } },
{ "type": "Feature", "properties": { "Id": 0, "Sheet_ID": "福山近傍 9", "label": "福山近傍 9", "call_short": "0", "call_num": "0", "recid": "0", "websiteUrl": "0", "title": "0", "ckey": 0, "available": false, "iiifUrl": "0" }, "geometry": { "type": "Polygon", "coordinates": [ [ [ 133.252778, 34.4166665 ], [ 133.377778, 34.4166665 ], [ 133.377778, 34.5 ], [ 133.252778, 34.5 ], [ 133.252778, 34.4166665 ] ] ] } },
{ "type": "Feature", "properties": { "Id": 0, "Sheet_ID": "福山近傍 6", "label": "福山近傍 6", "call_short": "0", "call_num": "0", "recid": "0", "websiteUrl": "0", "title": "0", "ckey": 0, "available": false, "iiifUrl": "0" }, "geometry": { "type": "Polygon", "coordinates": [ [ [ 133.377778, 34.4166665 ], [ 133.502778, 34.4166665 ], [ 133.502778, 34.5 ], [ 133.377778, 34.5 ], [ 133.377778, 34.4166665 ] ] ] } },
{ "type": "Feature", "properties": { "Id": 0, "Sheet_ID": "福山近傍 3", "label": "福山近傍 3", "call_short": "G7960 S25 .J3", "call_num": "G7960 S25 .J3 54-3", "recid": "vx814ct0740", "websiteUrl": "https://purl.stanford.edu/vx814ct0740", "title": "二万五千分一地形圖 福山近傍", "ckey": 10561302, "available": true, "iiifUrl": "https://purl.stanford.edu/vx814ct0740/iiif/manifest" }, "geometry": { "type": "Polygon", "coordinates": [ [ [ 133.502778, 34.4166665 ], [ 133.627778, 34.4166665 ], [ 133.627778, 34.5 ], [ 133.502778, 34.5 ], [ 133.502778, 34.4166665 ] ] ] } },
{ "type": "Feature", "properties": { "Id": 0, "Sheet_ID": "福山近傍 13", "label": "福山近傍 13", "call_short": "0", "call_num": "0", "recid": "0", "websiteUrl": "0", "title": "0", "ckey": 0, "available": false, "iiifUrl": "0" }, "geometry": { "type": "Polygon", "coordinates": [ [ [ 133.127778, 34.5 ], [ 133.252778, 34.5 ], [ 133.252778, 34.5833335 ], [ 133.127778, 34.5833335 ], [ 133.127778, 34.5 ] ] ] } },
{ "type": "Feature", "properties": { "Id": 0, "Sheet_ID": "福山近傍 8", "label": "福山近傍 8", "call_short": "G7960 S25 .J3", "call_num": "G7960 S25 .J3 54-8", "recid": "hk902mw1151", "websiteUrl": "https://purl.stanford.edu/hk902mw1151", "title": "二万五千分一地形圖 福山近傍", "ckey": 10561302, "available": true, "iiifUrl": "https://purl.stanford.edu/hk902mw1151/iiif/manifest" }, "geometry": { "type": "Polygon", "coordinates": [ [ [ 133.252778, 34.5 ], [ 133.377778, 34.5 ], [ 133.377778, 34.5833335 ], [ 133.252778, 34.5833335 ], [ 133.252778, 34.5 ] ] ] } },
{ "type": "Feature", "properties": { "Id": 0, "Sheet_ID": "福山近傍 5", "label": "福山近傍 5", "call_short": "G7960 S25 .J3", "call_num": "G7960 S25 .J3 54-5", "recid": "fv646kk8420", "websiteUrl": "https://purl.stanford.edu/fv646kk8420", "title": "二万五千分一地形圖 福山近傍", "ckey": 10561302, "available": true, "iiifUrl": "https://purl.stanford.edu/fv646kk8420/iiif/manifest" }, "geometry": { "type": "Polygon", "coordinates": [ [ [ 133.377778, 34.5 ], [ 133.502778, 34.5 ], [ 133.502778, 34.5833335 ], [ 133.377778, 34.5833335 ], [ 133.377778, 34.5 ] ] ] } },
{ "type": "Feature", "properties": { "Id": 0, "Sheet_ID": "福山近傍 2", "label": "福山近傍 2", "call_short": "0", "call_num": "0", "recid": "0", "websiteUrl": "0", "title": "0", "ckey": 0, "available": false, "iiifUrl": "0" }, "geometry": { "type": "Polygon", "coordinates": [ [ [ 133.502778, 34.5 ], [ 133.627778, 34.5 ], [ 133.627778, 34.5833335 ], [ 133.502778, 34.5833335 ], [ 133.502778, 34.5 ] ] ] } },
{ "type": "Feature", "properties": { "Id": 0, "Sheet_ID": "福山近傍 12", "label": "福山近傍 12", "call_short": "G7960 S25 .J3", "call_num": "G7960 S25 .J3 54-12", "recid": "ty262cr5069", "websiteUrl": "https://purl.stanford.edu/ty262cr5069", "title": "二万五千分一地形圖 福山近傍", "ckey": 10561302, "available": true, "iiifUrl": "https://purl.stanford.edu/ty262cr5069/iiif/manifest" }, "geometry": { "type": "Polygon", "coordinates": [ [ [ 133.127778, 34.5833335 ], [ 133.252778, 34.5833335 ], [ 133.252778, 34.666667 ], [ 133.127778, 34.666667 ], [ 133.127778, 34.5833335 ] ] ] } },
{ "type": "Feature", "properties": { "Id": 0, "Sheet_ID": "福山近傍_金丸", "label": "福山近傍_金丸", "call_short": "0", "call_num": "0", "recid": "0", "websiteUrl": "0", "title": "0", "ckey": 0, "available": false, "iiifUrl": "0" }, "geometry": { "type": "Polygon", "coordinates": [ [ [ 133.252778, 34.5833335 ], [ 133.377778, 34.5833335 ], [ 133.377778, 34.666667 ], [ 133.252778, 34.666667 ], [ 133.252778, 34.5833335 ] ] ] } },
{ "type": "Feature", "properties": { "Id": 0, "Sheet_ID": "福山近傍 4", "label": "福山近傍 4", "call_short": "G7960 S25 .J3", "call_num": "G7960 S25 .J3 54-4", "recid": "mv458rj8299", "websiteUrl": "https://purl.stanford.edu/mv458rj8299", "title": "二万五千分一地形圖 福山近傍", "ckey": 10561302, "available": true, "iiifUrl": "https://purl.stanford.edu/mv458rj8299/iiif/manifest" }, "geometry": { "type": "Polygon", "coordinates": [ [ [ 133.377778, 34.5833335 ], [ 133.502778, 34.5833335 ], [ 133.502778, 34.666667 ], [ 133.377778, 34.666667 ], [ 133.377778, 34.5833335 ] ] ] } },
{ "type": "Feature", "properties": { "Id": 0, "Sheet_ID": "福山近傍 1", "label": "福山近傍 1", "call_short": "G7960 S25 .J3", "call_num": "G7960 S25 .J3 54-1", "recid": "fx177xv8896", "websiteUrl": "https://purl.stanford.edu/fx177xv8896", "title": "二万五千分一地形圖 福山近傍", "ckey": 10561302, "available": true, "iiifUrl": "https://purl.stanford.edu/fx177xv8896/iiif/manifest" }, "geometry": { "type": "Polygon", "coordinates": [ [ [ 133.502778, 34.5833335 ], [ 133.627778, 34.5833335 ], [ 133.627778, 34.666667 ], [ 133.502778, 34.666667 ], [ 133.502778, 34.5833335 ] ] ] } },
{ "type": "Feature", "properties": { "Id": 0, "Sheet_ID": "尾道及竹原近傍 13", "label": "尾道及竹原近傍 13", "call_short": "0", "call_num": "0", "recid": "0", "websiteUrl": "0", "title": "0", "ckey": 0, "available": false, "iiifUrl": "0" }, "geometry": { "type": "Polygon", "coordinates": [ [ [ 132.752778, 34.166667 ], [ 132.877778, 34.166667 ], [ 132.877778, 34.2500002 ], [ 132.752778, 34.2500002 ], [ 132.752778, 34.166667 ] ] ] } },
{ "type": "Feature", "properties": { "Id": 0, "Sheet_ID": "尾道及竹原近傍 12", "label": "尾道及竹原近傍 12", "call_short": "0", "call_num": "0", "recid": "0", "websiteUrl": "0", "title": "0", "ckey": 0, "available": false, "iiifUrl": "0" }, "geometry": { "type": "Polygon", "coordinates": [ [ [ 132.752778, 34.2500002 ], [ 132.877778, 34.2500002 ], [ 132.877778, 34.3333334 ], [ 132.752778, 34.3333334 ], [ 132.752778, 34.2500002 ] ] ] } },
{ "type": "Feature", "properties": { "Id": 0, "Sheet_ID": "尾道及竹原近傍 9", "label": "尾道及竹原近傍 9", "call_short": "0", "call_num": "0", "recid": "0", "websiteUrl": "0", "title": "0", "ckey": 0, "available": false, "iiifUrl": "0" }, "geometry": { "type": "Polygon", "coordinates": [ [ [ 132.877778, 34.2500002 ], [ 133.002778, 34.2500002 ], [ 133.002778, 34.3333334 ], [ 132.877778, 34.3333334 ], [ 132.877778, 34.2500002 ] ] ] } },
{ "type": "Feature", "properties": { "Id": 0, "Sheet_ID": "尾道及竹原近傍 6", "label": "尾道及竹原近傍 6", "call_short": "0", "call_num": "0", "recid": "0", "websiteUrl": "0", "title": "0", "ckey": 0, "available": false, "iiifUrl": "0" }, "geometry": { "type": "Polygon", "coordinates": [ [ [ 133.002778, 34.2500002 ], [ 133.127778, 34.2500002 ], [ 133.127778, 34.3333334 ], [ 133.002778, 34.3333334 ], [ 133.002778, 34.2500002 ] ] ] } },
{ "type": "Feature", "properties": { "Id": 0, "Sheet_ID": "尾道及竹原近傍 11", "label": "尾道及竹原近傍 11", "call_short": "G7960 S25 .J3", "call_num": "G7960 S25 .J3 55-11", "recid": "hq868sr2023", "websiteUrl": "https://purl.stanford.edu/hq868sr2023", "title": "二万五千分一地形圖 尾道及竹原近傍", "ckey": 10561302, "available": true, "iiifUrl": "https://purl.stanford.edu/hq868sr2023/iiif/manifest" }, "geometry": { "type": "Polygon", "coordinates": [ [ [ 132.752778, 34.3333334 ], [ 132.877778, 34.3333334 ], [ 132.877778, 34.4166666 ], [ 132.752778, 34.4166666 ], [ 132.752778, 34.3333334 ] ] ] } },
{ "type": "Feature", "properties": { "Id": 0, "Sheet_ID": "尾道及竹原近傍 8", "label": "尾道及竹原近傍 8", "call_short": "G7960 S25 .J3", "call_num": "G7960 S25 .J3 55-8", "recid": "nr597nt1006", "websiteUrl": "https://purl.stanford.edu/nr597nt1006", "title": "二万五千分一地形圖 尾道及竹原近傍", "ckey": 10561302, "available": true, "iiifUrl": "https://purl.stanford.edu/nr597nt1006/iiif/manifest" }, "geometry": { "type": "Polygon", "coordinates": [ [ [ 132.877778, 34.3333334 ], [ 133.002778, 34.3333334 ], [ 133.002778, 34.4166666 ], [ 132.877778, 34.4166666 ], [ 132.877778, 34.3333334 ] ] ] } },
{ "type": "Feature", "properties": { "Id": 0, "Sheet_ID": "尾道及竹原近傍 5", "label": "尾道及竹原近傍 5", "call_short": "G7960 S25 .J3", "call_num": "G7960 S25 .J3 55-5", "recid": "fr567cm2488", "websiteUrl": "https://purl.stanford.edu/fr567cm2488", "title": "二万五千分一地形圖 尾道及竹原近傍", "ckey": 10561302, "available": true, "iiifUrl": "https://purl.stanford.edu/fr567cm2488/iiif/manifest" }, "geometry": { "type": "Polygon", "coordinates": [ [ [ 133.002778, 34.3333334 ], [ 133.127778, 34.3333334 ], [ 133.127778, 34.4166666 ], [ 133.002778, 34.4166666 ], [ 133.002778, 34.3333334 ] ] ] } },
{ "type": "Feature", "properties": { "Id": 0, "Sheet_ID": "尾道及竹原近傍 3", "label": "尾道及竹原近傍 3", "call_short": "G7960 S25 .J3", "call_num": "G7960 S25 .J3 55-3", "recid": "tz602tx6901", "websiteUrl": "https://purl.stanford.edu/tz602tx6901", "title": "二万五千分一地形圖 尾道及竹原近傍", "ckey": 10561302, "available": true, "iiifUrl": "https://purl.stanford.edu/tz602tx6901/iiif/manifest" }, "geometry": { "type": "Polygon", "coordinates": [ [ [ 133.127778, 34.3333334 ], [ 133.252778, 34.3333334 ], [ 133.252778, 34.4166666 ], [ 133.127778, 34.4166666 ], [ 133.127778, 34.3333334 ] ] ] } },
{ "type": "Feature", "properties": { "Id": 0, "Sheet_ID": "尾道及竹原近傍 10", "label": "尾道及竹原近傍 10", "call_short": "0", "call_num": "0", "recid": "0", "websiteUrl": "0", "title": "0", "ckey": 0, "available": false, "iiifUrl": "0" }, "geometry": { "type": "Polygon", "coordinates": [ [ [ 132.752778, 34.4166666 ], [ 132.877778, 34.4166666 ], [ 132.877778, 34.4999998 ], [ 132.752778, 34.4999998 ], [ 132.752778, 34.4166666 ] ] ] } },
{ "type": "Feature", "properties": { "Id": 0, "Sheet_ID": "尾道及竹原近傍 7", "label": "尾道及竹原近傍 7", "call_short": "G7960 S25 .J3", "call_num": "G7960 S25 .J3 55-7", "recid": "sm994wb5449", "websiteUrl": "https://purl.stanford.edu/sm994wb5449", "title": "二万五千分一地形圖 尾道及竹原近傍", "ckey": 10561302, "available": true, "iiifUrl": "https://purl.stanford.edu/sm994wb5449/iiif/manifest" }, "geometry": { "type": "Polygon", "coordinates": [ [ [ 132.877778, 34.4166666 ], [ 133.002778, 34.4166666 ], [ 133.002778, 34.4999998 ], [ 132.877778, 34.4999998 ], [ 132.877778, 34.4166666 ] ] ] } },
{ "type": "Feature", "properties": { "Id": 0, "Sheet_ID": "尾道及竹原近傍 4", "label": "尾道及竹原近傍 4", "call_short": "0", "call_num": "0", "recid": "0", "websiteUrl": "0", "title": "0", "ckey": 0, "available": false, "iiifUrl": "0" }, "geometry": { "type": "Polygon", "coordinates": [ [ [ 133.002778, 34.4166666 ], [ 133.127778, 34.4166666 ], [ 133.127778, 34.4999998 ], [ 133.002778, 34.4999998 ], [ 133.002778, 34.4166666 ] ] ] } },
{ "type": "Feature", "properties": { "Id": 0, "Sheet_ID": "尾道及竹原近傍 2", "label": "尾道及竹原近傍 2", "call_short": "0", "call_num": "0", "recid": "0", "websiteUrl": "0", "title": "0", "ckey": 0, "available": false, "iiifUrl": "0" }, "geometry": { "type": "Polygon", "coordinates": [ [ [ 133.127778, 34.4166666 ], [ 133.252778, 34.4166666 ], [ 133.252778, 34.4999998 ], [ 133.127778, 34.4999998 ], [ 133.127778, 34.4166666 ] ] ] } },
{ "type": "Feature", "properties": { "Id": 0, "Sheet_ID": "尾道及竹原近傍 1", "label": "尾道及竹原近傍 1", "call_short": "G7960 S25 .J3", "call_num": "G7960 S25 .J3 55-1", "recid": "sb490hs2762", "websiteUrl": "https://purl.stanford.edu/sb490hs2762", "title": "二万五千分一地形圖 尾道及竹原近傍", "ckey": 10561302, "available": true, "iiifUrl": "https://purl.stanford.edu/sb490hs2762/iiif/manifest" }, "geometry": { "type": "Polygon", "coordinates": [ [ [ 133.127778, 34.4999998 ], [ 133.252778, 34.4999998 ], [ 133.252778, 34.583333 ], [ 133.127778, 34.583333 ], [ 133.127778, 34.4999998 ] ] ] } },
{ "type": "Feature", "properties": { "Id": 0, "Sheet_ID": "豊豫要塞近傍 20", "label": "豊豫要塞近傍 20", "call_short": "0", "call_num": "0", "recid": "0", "websiteUrl": "0", "title": "0", "ckey": 0, "available": false, "iiifUrl": "0" }, "geometry": { "type": "Polygon", "coordinates": [ [ [ 131.877778, 32.75 ], [ 132.002778, 32.75 ], [ 132.002778, 32.8333333 ], [ 131.877778, 32.8333333 ], [ 131.877778, 32.75 ] ] ] } },
{ "type": "Feature", "properties": { "Id": 0, "Sheet_ID": "豊豫要塞近傍 19", "label": "豊豫要塞近傍 19", "call_short": "0", "call_num": "0", "recid": "0", "websiteUrl": "0", "title": "0", "ckey": 0, "available": false, "iiifUrl": "0" }, "geometry": { "type": "Polygon", "coordinates": [ [ [ 131.877778, 32.8333333 ], [ 132.002778, 32.8333333 ], [ 132.002778, 32.9166667 ], [ 131.877778, 32.9166667 ], [ 131.877778, 32.8333333 ] ] ] } },
{ "type": "Feature", "properties": { "Id": 0, "Sheet_ID": "豊豫要塞近傍 13", "label": "豊豫要塞近傍 13", "call_short": "0", "call_num": "0", "recid": "0", "websiteUrl": "0", "title": "0", "ckey": 0, "available": false, "iiifUrl": "0" }, "geometry": { "type": "Polygon", "coordinates": [ [ [ 132.002778, 32.8333333 ], [ 132.127778, 32.8333333 ], [ 132.127778, 32.9166667 ], [ 132.002778, 32.9166667 ], [ 132.002778, 32.8333333 ] ] ] } },
{ "type": "Feature", "properties": { "Id": 0, "Sheet_ID": "豊豫要塞近傍 24", "label": "豊豫要塞近傍 24", "call_short": "0", "call_num": "0", "recid": "0", "websiteUrl": "0", "title": "0", "ckey": 0, "available": false, "iiifUrl": "0" }, "geometry": { "type": "Polygon", "coordinates": [ [ [ 131.752778, 32.9166667 ], [ 131.877778, 32.9166667 ], [ 131.877778, 33.0 ], [ 131.752778, 33.0 ], [ 131.752778, 32.9166667 ] ] ] } },
{ "type": "Feature", "properties": { "Id": 0, "Sheet_ID": "豊豫要塞近傍 18", "label": "豊豫要塞近傍 18", "call_short": "0", "call_num": "0", "recid": "0", "websiteUrl": "0", "title": "0", "ckey": 0, "available": false, "iiifUrl": "0" }, "geometry": { "type": "Polygon", "coordinates": [ [ [ 131.877778, 32.9166667 ], [ 132.002778, 32.9166667 ], [ 132.002778, 33.0 ], [ 131.877778, 33.0 ], [ 131.877778, 32.9166667 ] ] ] } },
{ "type": "Feature", "properties": { "Id": 0, "Sheet_ID": "豊豫要塞近傍 12", "label": "豊豫要塞近傍 12", "call_short": "0", "call_num": "0", "recid": "0", "websiteUrl": "0", "title": "0", "ckey": 0, "available": false, "iiifUrl": "0" }, "geometry": { "type": "Polygon", "coordinates": [ [ [ 132.002778, 32.9166667 ], [ 132.127778, 32.9166667 ], [ 132.127778, 33.0 ], [ 132.002778, 33.0 ], [ 132.002778, 32.9166667 ] ] ] } },
{ "type": "Feature", "properties": { "Id": 0, "Sheet_ID": "豊豫要塞近傍 23", "label": "豊豫要塞近傍 23", "call_short": "0", "call_num": "0", "recid": "0", "websiteUrl": "0", "title": "0", "ckey": 0, "available": false, "iiifUrl": "0" }, "geometry": { "type": "Polygon", "coordinates": [ [ [ 131.752778, 33.0 ], [ 131.877778, 33.0 ], [ 131.877778, 33.0833333 ], [ 131.752778, 33.0833333 ], [ 131.752778, 33.0 ] ] ] } },
{ "type": "Feature", "properties": { "Id": 0, "Sheet_ID": "豊豫要塞近傍 17", "label": "豊豫要塞近傍 17", "call_short": "0", "call_num": "0", "recid": "0", "websiteUrl": "0", "title": "0", "ckey": 0, "available": false, "iiifUrl": "0" }, "geometry": { "type": "Polygon", "coordinates": [ [ [ 131.877778, 33.0 ], [ 132.002778, 33.0 ], [ 132.002778, 33.0833333 ], [ 131.877778, 33.0833333 ], [ 131.877778, 33.0 ] ] ] } },
{ "type": "Feature", "properties": { "Id": 0, "Sheet_ID": "豊豫要塞近傍 11", "label": "豊豫要塞近傍 11", "call_short": "G7960 S25 .J3", "call_num": "G7960 S25 .J3 64-11", "recid": "xb222rv4676", "websiteUrl": "https://purl.stanford.edu/xb222rv4676", "title": "二万五千分一地形圖 豊豫要塞近傍", "ckey": 10561302, "available": true, "iiifUrl": "https://purl.stanford.edu/xb222rv4676/iiif/manifest" }, "geometry": { "type": "Polygon", "coordinates": [ [ [ 132.002778, 33.0 ], [ 132.127778, 33.0 ], [ 132.127778, 33.0833333 ], [ 132.002778, 33.0833333 ], [ 132.002778, 33.0 ] ] ] } },
{ "type": "Feature", "properties": { "Id": 0, "Sheet_ID": "豊豫要塞近傍 8", "label": "豊豫要塞近傍 8", "call_short": "0", "call_num": "0", "recid": "0", "websiteUrl": "0", "title": "0", "ckey": 0, "available": false, "iiifUrl": "0" }, "geometry": { "type": "Polygon", "coordinates": [ [ [ 132.127778, 33.0 ], [ 132.252778, 33.0 ], [ 132.252778, 33.0833333 ], [ 132.127778, 33.0833333 ], [ 132.127778, 33.0 ] ] ] } },
{ "type": "Feature", "properties": { "Id": 0, "Sheet_ID": "豊豫要塞近傍 3", "label": "豊豫要塞近傍 3", "call_short": "0", "call_num": "0", "recid": "0", "websiteUrl": "0", "title": "0", "ckey": 0, "available": false, "iiifUrl": "0" }, "geometry": { "type": "Polygon", "coordinates": [ [ [ 132.377778, 33.0 ], [ 132.502778, 33.0 ], [ 132.502778, 33.0833333 ], [ 132.377778, 33.0833333 ], [ 132.377778, 33.0 ] ] ] } },
{ "type": "Feature", "properties": { "Id": 0, "Sheet_ID": "豊豫要塞近傍 22", "label": "豊豫要塞近傍 22", "call_short": "0", "call_num": "0", "recid": "0", "websiteUrl": "0", "title": "0", "ckey": 0, "available": false, "iiifUrl": "0" }, "geometry": { "type": "Polygon", "coordinates": [ [ [ 131.752778, 33.0833333 ], [ 131.877778, 33.0833333 ], [ 131.877778, 33.1666667 ], [ 131.752778, 33.1666667 ], [ 131.752778, 33.0833333 ] ] ] } },
{ "type": "Feature", "properties": { "Id": 0, "Sheet_ID": "豊豫要塞近傍 16", "label": "豊豫要塞近傍 16", "call_short": "0", "call_num": "0", "recid": "0", "websiteUrl": "0", "title": "0", "ckey": 0, "available": false, "iiifUrl": "0" }, "geometry": { "type": "Polygon", "coordinates": [ [ [ 131.877778, 33.0833333 ], [ 132.002778, 33.0833333 ], [ 132.002778, 33.1666667 ], [ 131.877778, 33.1666667 ], [ 131.877778, 33.0833333 ] ] ] } },
{ "type": "Feature", "properties": { "Id": 0, "Sheet_ID": "豊豫要塞近傍 10", "label": "豊豫要塞近傍 10", "call_short": "0", "call_num": "0", "recid": "0", "websiteUrl": "0", "title": "0", "ckey": 0, "available": false, "iiifUrl": "0" }, "geometry": { "type": "Polygon", "coordinates": [ [ [ 132.002778, 33.0833333 ], [ 132.127778, 33.0833333 ], [ 132.127778, 33.1666667 ], [ 132.002778, 33.1666667 ], [ 132.002778, 33.0833333 ] ] ] } },
{ "type": "Feature", "properties": { "Id": 0, "Sheet_ID": "豊豫要塞近傍 5", "label": "豊豫要塞近傍 5", "call_short": "0", "call_num": "0", "recid": "0", "websiteUrl": "0", "title": "0", "ckey": 0, "available": false, "iiifUrl": "0" }, "geometry": { "type": "Polygon", "coordinates": [ [ [ 132.252778, 33.0833333 ], [ 132.377778, 33.0833333 ], [ 132.377778, 33.1666667 ], [ 132.252778, 33.1666667 ], [ 132.252778, 33.0833333 ] ] ] } },
{ "type": "Feature", "properties": { "Id": 0, "Sheet_ID": "豊豫要塞近傍 2", "label": "豊豫要塞近傍 2", "call_short": "0", "call_num": "0", "recid": "0", "websiteUrl": "0", "title": "0", "ckey": 0, "available": false, "iiifUrl": "0" }, "geometry": { "type": "Polygon", "coordinates": [ [ [ 132.377778, 33.0833333 ], [ 132.502778, 33.0833333 ], [ 132.502778, 33.1666667 ], [ 132.377778, 33.1666667 ], [ 132.377778, 33.0833333 ] ] ] } },
{ "type": "Feature", "properties": { "Id": 0, "Sheet_ID": "豊豫要塞近傍 21", "label": "豊豫要塞近傍 21", "call_short": "0", "call_num": "0", "recid": "0", "websiteUrl": "0", "title": "0", "ckey": 0, "available": false, "iiifUrl": "0" }, "geometry": { "type": "Polygon", "coordinates": [ [ [ 131.752778, 33.1666667 ], [ 131.877778, 33.1666667 ], [ 131.877778, 33.25 ], [ 131.752778, 33.25 ], [ 131.752778, 33.1666667 ] ] ] } },
{ "type": "Feature", "properties": { "Id": 0, "Sheet_ID": "豊豫要塞近傍 15", "label": "豊豫要塞近傍 15", "call_short": "0", "call_num": "0", "recid": "0", "websiteUrl": "0", "title": "0", "ckey": 0, "available": false, "iiifUrl": "0" }, "geometry": { "type": "Polygon", "coordinates": [ [ [ 131.877778, 33.1666667 ], [ 132.002778, 33.1666667 ], [ 132.002778, 33.25 ], [ 131.877778, 33.25 ], [ 131.877778, 33.1666667 ] ] ] } },
{ "type": "Feature", "properties": { "Id": 0, "Sheet_ID": "豊豫要塞近傍 4", "label": "豊豫要塞近傍 4", "call_short": "0", "call_num": "0", "recid": "0", "websiteUrl": "0", "title": "0", "ckey": 0, "available": false, "iiifUrl": "0" }, "geometry": { "type": "Polygon", "coordinates": [ [ [ 132.252778, 33.1666667 ], [ 132.377778, 33.1666667 ], [ 132.377778, 33.25 ], [ 132.252778, 33.25 ], [ 132.252778, 33.1666667 ] ] ] } },
{ "type": "Feature", "properties": { "Id": 0, "Sheet_ID": "豊豫要塞近傍 1", "label": "豊豫要塞近傍 1", "call_short": "0", "call_num": "0", "recid": "0", "websiteUrl": "0", "title": "0", "ckey": 0, "available": false, "iiifUrl": "0" }, "geometry": { "type": "Polygon", "coordinates": [ [ [ 132.377778, 33.1666667 ], [ 132.502778, 33.1666667 ], [ 132.502778, 33.25 ], [ 132.377778, 33.25 ], [ 132.377778, 33.1666667 ] ] ] } },
{ "type": "Feature", "properties": { "Id": 0, "Sheet_ID": "豊豫要塞近傍 14", "label": "豊豫要塞近傍 14", "call_short": "G7960 S25 .J3", "call_num": "G7960 S25 .J3 64-14", "recid": "df864xq9352", "websiteUrl": "https://purl.stanford.edu/df864xq9352", "title": "二万五千分一地形圖 豊豫要塞近傍", "ckey": 10561302, "available": true, "iiifUrl": "https://purl.stanford.edu/df864xq9352/iiif/manifest" }, "geometry": { "type": "Polygon", "coordinates": [ [ [ 131.877778, 33.25 ], [ 132.002778, 33.25 ], [ 132.002778, 33.3333333 ], [ 131.877778, 33.3333333 ], [ 131.877778, 33.25 ] ] ] } },
{ "type": "Feature", "properties": { "Id": 0, "Sheet_ID": "豊豫要塞近傍 9", "label": "豊豫要塞近傍 9", "call_short": "0", "call_num": "0", "recid": "0", "websiteUrl": "0", "title": "0", "ckey": 0, "available": false, "iiifUrl": "0" }, "geometry": { "type": "Polygon", "coordinates": [ [ [ 132.002778, 33.3333333 ], [ 132.127778, 33.3333333 ], [ 132.127778, 33.4166667 ], [ 132.002778, 33.4166667 ], [ 132.002778, 33.3333333 ] ] ] } },
{ "type": "Feature", "properties": { "Id": 0, "Sheet_ID": "豊豫要塞近傍 7", "label": "豊豫要塞近傍 7", "call_short": "0", "call_num": "0", "recid": "0", "websiteUrl": "0", "title": "0", "ckey": 0, "available": false, "iiifUrl": "0" }, "geometry": { "type": "Polygon", "coordinates": [ [ [ 132.127778, 33.3333333 ], [ 132.252778, 33.3333333 ], [ 132.252778, 33.4166667 ], [ 132.127778, 33.4166667 ], [ 132.127778, 33.3333333 ] ] ] } },
{ "type": "Feature", "properties": { "Id": 0, "Sheet_ID": "豊豫要塞近傍 6", "label": "豊豫要塞近傍 6", "call_short": "0", "call_num": "0", "recid": "0", "websiteUrl": "0", "title": "0", "ckey": 0, "available": false, "iiifUrl": "0" }, "geometry": { "type": "Polygon", "coordinates": [ [ [ 132.127778, 33.4166667 ], [ 132.252778, 33.4166667 ], [ 132.252778, 33.5 ], [ 132.127778, 33.5 ], [ 132.127778, 33.4166667 ] ] ] } },
{ "type": "Feature", "properties": { "Id": 0, "Sheet_ID": "豊豫要塞近傍 26", "label": "豊豫要塞近傍 26", "call_short": "0", "call_num": "0", "recid": "0", "websiteUrl": "0", "title": "0", "ckey": 0, "available": false, "iiifUrl": "0" }, "geometry": { "type": "Polygon", "coordinates": [ [ [ 131.752778, 33.1666667 ], [ 131.752778, 33.25 ], [ 131.627778, 33.25 ], [ 131.627778, 33.1666667 ], [ 131.752778, 33.1666667 ] ] ] } },
{ "type": "Feature", "properties": { "Id": 0, "Sheet_ID": "豊豫要塞近傍 25", "label": "豊豫要塞近傍 25", "call_short": "0", "call_num": "0", "recid": "0", "websiteUrl": "0", "title": "0", "ckey": 0, "available": false, "iiifUrl": "0" }, "geometry": { "type": "Polygon", "coordinates": [ [ [ 131.752778, 33.3333333 ], [ 131.627778, 33.3333333 ], [ 131.627778, 33.25 ], [ 131.752778, 33.25 ], [ 131.752778, 33.3333333 ] ] ] } },
{ "type": "Feature", "properties": { "Id": 0, "Sheet_ID": "長崎要塞近傍 57", "label": "長崎要塞近傍 57", "call_short": "0", "call_num": "0", "recid": "0", "websiteUrl": "0", "title": "0", "ckey": 0, "available": false, "iiifUrl": "0" }, "geometry": { "type": "Polygon", "coordinates": [ [ [ 128.627778, 32.5 ], [ 128.752778, 32.5 ], [ 128.752778, 32.5833333 ], [ 128.627778, 32.5833333 ], [ 128.627778, 32.5 ] ] ] } },
{ "type": "Feature", "properties": { "Id": 0, "Sheet_ID": "長崎要塞近傍 53", "label": "長崎要塞近傍 53", "call_short": "0", "call_num": "0", "recid": "0", "websiteUrl": "0", "title": "0", "ckey": 0, "available": false, "iiifUrl": "0" }, "geometry": { "type": "Polygon", "coordinates": [ [ [ 128.752778, 32.5 ], [ 128.877778, 32.5 ], [ 128.877778, 32.5833333 ], [ 128.752778, 32.5833333 ], [ 128.752778, 32.5 ] ] ] } },
{ "type": "Feature", "properties": { "Id": 0, "Sheet_ID": "長崎要塞近傍 48", "label": "長崎要塞近傍 48", "call_short": "0", "call_num": "0", "recid": "0", "websiteUrl": "0", "title": "0", "ckey": 0, "available": false, "iiifUrl": "0" }, "geometry": { "type": "Polygon", "coordinates": [ [ [ 128.877778, 32.5 ], [ 129.002778, 32.5 ], [ 129.002778, 32.5833333 ], [ 128.877778, 32.5833333 ], [ 128.877778, 32.5 ] ] ] } },
{ "type": "Feature", "properties": { "Id": 0, "Sheet_ID": "長崎要塞近傍 22", "label": "長崎要塞近傍 22", "call_short": "0", "call_num": "0", "recid": "0", "websiteUrl": "0", "title": "0", "ckey": 0, "available": false, "iiifUrl": "0" }, "geometry": { "type": "Polygon", "coordinates": [ [ [ 129.627778, 32.5 ], [ 129.752778, 32.5 ], [ 129.752778, 32.5833333 ], [ 129.627778, 32.5833333 ], [ 129.627778, 32.5 ] ] ] } },
{ "type": "Feature", "properties": { "Id": 0, "Sheet_ID": "長崎要塞近傍 13", "label": "長崎要塞近傍 13", "call_short": "0", "call_num": "0", "recid": "0", "websiteUrl": "0", "title": "0", "ckey": 0, "available": false, "iiifUrl": "0" }, "geometry": { "type": "Polygon", "coordinates": [ [ [ 129.752778, 32.5 ], [ 129.877778, 32.5 ], [ 129.877778, 32.5833333 ], [ 129.752778, 32.5833333 ], [ 129.752778, 32.5 ] ] ] } },
{ "type": "Feature", "properties": { "Id": 0, "Sheet_ID": "長崎要塞近傍 59", "label": "長崎要塞近傍 59", "call_short": "0", "call_num": "0", "recid": "0", "websiteUrl": "0", "title": "0", "ckey": 0, "available": false, "iiifUrl": "0" }, "geometry": { "type": "Polygon", "coordinates": [ [ [ 128.502778, 32.5833333 ], [ 128.627778, 32.5833333 ], [ 128.627778, 32.6666666 ], [ 128.502778, 32.6666666 ], [ 128.502778, 32.5833333 ] ] ] } },
{ "type": "Feature", "properties": { "Id": 0, "Sheet_ID": "長崎要塞近傍 56", "label": "長崎要塞近傍 56", "call_short": "0", "call_num": "0", "recid": "0", "websiteUrl": "0", "title": "0", "ckey": 0, "available": false, "iiifUrl": "0" }, "geometry": { "type": "Polygon", "coordinates": [ [ [ 128.627778, 32.5833333 ], [ 128.752778, 32.5833333 ], [ 128.752778, 32.6666666 ], [ 128.627778, 32.6666666 ], [ 128.627778, 32.5833333 ] ] ] } },
{ "type": "Feature", "properties": { "Id": 0, "Sheet_ID": "長崎要塞近傍 52", "label": "長崎要塞近傍 52", "call_short": "0", "call_num": "0", "recid": "0", "websiteUrl": "0", "title": "0", "ckey": 0, "available": false, "iiifUrl": "0" }, "geometry": { "type": "Polygon", "coordinates": [ [ [ 128.752778, 32.5833333 ], [ 128.877778, 32.5833333 ], [ 128.877778, 32.6666666 ], [ 128.752778, 32.6666666 ], [ 128.752778, 32.5833333 ] ] ] } },
{ "type": "Feature", "properties": { "Id": 0, "Sheet_ID": "長崎要塞近傍 47", "label": "長崎要塞近傍 47", "call_short": "0", "call_num": "0", "recid": "0", "websiteUrl": "0", "title": "0", "ckey": 0, "available": false, "iiifUrl": "0" }, "geometry": { "type": "Polygon", "coordinates": [ [ [ 128.877778, 32.5833333 ], [ 129.002778, 32.5833333 ], [ 129.002778, 32.6666666 ], [ 128.877778, 32.6666666 ], [ 128.877778, 32.5833333 ] ] ] } },
{ "type": "Feature", "properties": { "Id": 0, "Sheet_ID": "長崎要塞近傍 21", "label": "長崎要塞近傍 21", "call_short": "0", "call_num": "0", "recid": "0", "websiteUrl": "0", "title": "0", "ckey": 0, "available": false, "iiifUrl": "0" }, "geometry": { "type": "Polygon", "coordinates": [ [ [ 129.627778, 32.5833333 ], [ 129.752778, 32.5833333 ], [ 129.752778, 32.6666666 ], [ 129.627778, 32.6666666 ], [ 129.627778, 32.5833333 ] ] ] } },
{ "type": "Feature", "properties": { "Id": 0, "Sheet_ID": "長崎要塞近傍 12", "label": "長崎要塞近傍 12", "call_short": "0", "call_num": "0", "recid": "0", "websiteUrl": "0", "title": "0", "ckey": 0, "available": false, "iiifUrl": "0" }, "geometry": { "type": "Polygon", "coordinates": [ [ [ 129.752778, 32.5833333 ], [ 129.877778, 32.5833333 ], [ 129.877778, 32.6666666 ], [ 129.752778, 32.6666666 ], [ 129.752778, 32.5833333 ] ] ] } },
{ "type": "Feature", "properties": { "Id": 0, "Sheet_ID": "長崎要塞近傍 4", "label": "長崎要塞近傍 4", "call_short": "0", "call_num": "0", "recid": "0", "websiteUrl": "0", "title": "0", "ckey": 0, "available": false, "iiifUrl": "0" }, "geometry": { "type": "Polygon", "coordinates": [ [ [ 129.877778, 32.5833333 ], [ 130.002778, 32.5833333 ], [ 130.002778, 32.6666666 ], [ 129.877778, 32.6666666 ], [ 129.877778, 32.5833333 ] ] ] } },
{ "type": "Feature", "properties": { "Id": 0, "Sheet_ID": "長崎要塞近傍 58", "label": "長崎要塞近傍 58", "call_short": "0", "call_num": "0", "recid": "0", "websiteUrl": "0", "title": "0", "ckey": 0, "available": false, "iiifUrl": "0" }, "geometry": { "type": "Polygon", "coordinates": [ [ [ 128.502778, 32.6666666 ], [ 128.627778, 32.6666666 ], [ 128.627778, 32.7499999 ], [ 128.502778, 32.7499999 ], [ 128.502778, 32.6666666 ] ] ] } },
{ "type": "Feature", "properties": { "Id": 0, "Sheet_ID": "長崎要塞近傍 55", "label": "長崎要塞近傍 55", "call_short": "0", "call_num": "0", "recid": "0", "websiteUrl": "0", "title": "0", "ckey": 0, "available": false, "iiifUrl": "0" }, "geometry": { "type": "Polygon", "coordinates": [ [ [ 128.627778, 32.6666666 ], [ 128.752778, 32.6666666 ], [ 128.752778, 32.7499999 ], [ 128.627778, 32.7499999 ], [ 128.627778, 32.6666666 ] ] ] } },
{ "type": "Feature", "properties": { "Id": 0, "Sheet_ID": "長崎要塞近傍 51", "label": "長崎要塞近傍 51", "call_short": "0", "call_num": "0", "recid": "0", "websiteUrl": "0", "title": "0", "ckey": 0, "available": false, "iiifUrl": "0" }, "geometry": { "type": "Polygon", "coordinates": [ [ [ 128.752778, 32.6666666 ], [ 128.877778, 32.6666666 ], [ 128.877778, 32.7499999 ], [ 128.752778, 32.7499999 ], [ 128.752778, 32.6666666 ] ] ] } },
{ "type": "Feature", "properties": { "Id": 0, "Sheet_ID": "長崎要塞近傍 46", "label": "長崎要塞近傍 46", "call_short": "0", "call_num": "0", "recid": "0", "websiteUrl": "0", "title": "0", "ckey": 0, "available": false, "iiifUrl": "0" }, "geometry": { "type": "Polygon", "coordinates": [ [ [ 128.877778, 32.6666666 ], [ 129.002778, 32.6666666 ], [ 129.002778, 32.7499999 ], [ 128.877778, 32.7499999 ], [ 128.877778, 32.6666666 ] ] ] } },
{ "type": "Feature", "properties": { "Id": 0, "Sheet_ID": "長崎要塞近傍 11", "label": "長崎要塞近傍 11", "call_short": "0", "call_num": "0", "recid": "0", "websiteUrl": "0", "title": "0", "ckey": 0, "available": false, "iiifUrl": "0" }, "geometry": { "type": "Polygon", "coordinates": [ [ [ 129.752778, 32.6666666 ], [ 129.877778, 32.6666666 ], [ 129.877778, 32.7499999 ], [ 129.752778, 32.7499999 ], [ 129.752778, 32.6666666 ] ] ] } },
{ "type": "Feature", "properties": { "Id": 0, "Sheet_ID": "長崎要塞近傍 3", "label": "長崎要塞近傍 3", "call_short": "0", "call_num": "0", "recid": "0", "websiteUrl": "0", "title": "0", "ckey": 0, "available": false, "iiifUrl": "0" }, "geometry": { "type": "Polygon", "coordinates": [ [ [ 129.877778, 32.6666666 ], [ 130.002778, 32.6666666 ], [ 130.002778, 32.7499999 ], [ 129.877778, 32.7499999 ], [ 129.877778, 32.6666666 ] ] ] } },
{ "type": "Feature", "properties": { "Id": 0, "Sheet_ID": "長崎要塞近傍 54", "label": "長崎要塞近傍 54", "call_short": "0", "call_num": "0", "recid": "0", "websiteUrl": "0", "title": "0", "ckey": 0, "available": false, "iiifUrl": "0" }, "geometry": { "type": "Polygon", "coordinates": [ [ [ 128.627778, 32.7499999 ], [ 128.752778, 32.7499999 ], [ 128.752778, 32.8333332 ], [ 128.627778, 32.8333332 ], [ 128.627778, 32.7499999 ] ] ] } },
{ "type": "Feature", "properties": { "Id": 0, "Sheet_ID": "長崎要塞近傍 50", "label": "長崎要塞近傍 50", "call_short": "0", "call_num": "0", "recid": "0", "websiteUrl": "0", "title": "0", "ckey": 0, "available": false, "iiifUrl": "0" }, "geometry": { "type": "Polygon", "coordinates": [ [ [ 128.752778, 32.7499999 ], [ 128.877778, 32.7499999 ], [ 128.877778, 32.8333332 ], [ 128.752778, 32.8333332 ], [ 128.752778, 32.7499999 ] ] ] } },
{ "type": "Feature", "properties": { "Id": 0, "Sheet_ID": "長崎要塞近傍 45", "label": "長崎要塞近傍 45", "call_short": "0", "call_num": "0", "recid": "0", "websiteUrl": "0", "title": "0", "ckey": 0, "available": false, "iiifUrl": "0" }, "geometry": { "type": "Polygon", "coordinates": [ [ [ 128.877778, 32.7499999 ], [ 129.002778, 32.7499999 ], [ 129.002778, 32.8333332 ], [ 128.877778, 32.8333332 ], [ 128.877778, 32.7499999 ] ] ] } },
{ "type": "Feature", "properties": { "Id": 0, "Sheet_ID": "長崎要塞近傍 42", "label": "長崎要塞近傍 42", "call_short": "0", "call_num": "0", "recid": "0", "websiteUrl": "0", "title": "0", "ckey": 0, "available": false, "iiifUrl": "0" }, "geometry": { "type": "Polygon", "coordinates": [ [ [ 129.002778, 32.7499999 ], [ 129.127778, 32.7499999 ], [ 129.127778, 32.8333332 ], [ 129.002778, 32.8333332 ], [ 129.002778, 32.7499999 ] ] ] } },
{ "type": "Feature", "properties": { "Id": 0, "Sheet_ID": "長崎要塞近傍 10", "label": "長崎要塞近傍 10", "call_short": "0", "call_num": "0", "recid": "0", "websiteUrl": "0", "title": "0", "ckey": 0, "available": false, "iiifUrl": "0" }, "geometry": { "type": "Polygon", "coordinates": [ [ [ 129.752778, 32.7499999 ], [ 129.877778, 32.7499999 ], [ 129.877778, 32.8333332 ], [ 129.752778, 32.8333332 ], [ 129.752778, 32.7499999 ] ] ] } },
{ "type": "Feature", "properties": { "Id": 0, "Sheet_ID": "長崎要塞近傍 2", "label": "長崎要塞近傍 2", "call_short": "0", "call_num": "0", "recid": "0", "websiteUrl": "0", "title": "0", "ckey": 0, "available": false, "iiifUrl": "0" }, "geometry": { "type": "Polygon", "coordinates": [ [ [ 129.877778, 32.7499999 ], [ 130.002778, 32.7499999 ], [ 130.002778, 32.8333332 ], [ 129.877778, 32.8333332 ], [ 129.877778, 32.7499999 ] ] ] } },
{ "type": "Feature", "properties": { "Id": 0, "Sheet_ID": "長崎要塞近傍 49", "label": "長崎要塞近傍 49", "call_short": "0", "call_num": "0", "recid": "0", "websiteUrl": "0", "title": "0", "ckey": 0, "available": false, "iiifUrl": "0" }, "geometry": { "type": "Polygon", "coordinates": [ [ [ 128.752778, 32.8333332 ], [ 128.877778, 32.8333332 ], [ 128.877778, 32.9166665 ], [ 128.752778, 32.9166665 ], [ 128.752778, 32.8333332 ] ] ] } },
{ "type": "Feature", "properties": { "Id": 0, "Sheet_ID": "長崎要塞近傍 44", "label": "長崎要塞近傍 44", "call_short": "0", "call_num": "0", "recid": "0", "websiteUrl": "0", "title": "0", "ckey": 0, "available": false, "iiifUrl": "0" }, "geometry": { "type": "Polygon", "coordinates": [ [ [ 128.877778, 32.8333332 ], [ 129.002778, 32.8333332 ], [ 129.002778, 32.9166665 ], [ 128.877778, 32.9166665 ], [ 128.877778, 32.8333332 ] ] ] } },
{ "type": "Feature", "properties": { "Id": 0, "Sheet_ID": "長崎要塞近傍 41", "label": "長崎要塞近傍 41", "call_short": "0", "call_num": "0", "recid": "0", "websiteUrl": "0", "title": "0", "ckey": 0, "available": false, "iiifUrl": "0" }, "geometry": { "type": "Polygon", "coordinates": [ [ [ 129.002778, 32.8333332 ], [ 129.127778, 32.8333332 ], [ 129.127778, 32.9166665 ], [ 129.002778, 32.9166665 ], [ 129.002778, 32.8333332 ] ] ] } },
{ "type": "Feature", "properties": { "Id": 0, "Sheet_ID": "長崎要塞近傍 28", "label": "長崎要塞近傍 28", "call_short": "0", "call_num": "0", "recid": "0", "websiteUrl": "0", "title": "0", "ckey": 0, "available": false, "iiifUrl": "0" }, "geometry": { "type": "Polygon", "coordinates": [ [ [ 129.502778, 32.8333332 ], [ 129.627778, 32.8333332 ], [ 129.627778, 32.9166665 ], [ 129.502778, 32.9166665 ], [ 129.502778, 32.8333332 ] ] ] } },
{ "type": "Feature", "properties": { "Id": 0, "Sheet_ID": "長崎要塞近傍 19", "label": "長崎要塞近傍 19", "call_short": "0", "call_num": "0", "recid": "0", "websiteUrl": "0", "title": "0", "ckey": 0, "available": false, "iiifUrl": "0" }, "geometry": { "type": "Polygon", "coordinates": [ [ [ 129.627778, 32.8333332 ], [ 129.752778, 32.8333332 ], [ 129.752778, 32.9166665 ], [ 129.627778, 32.9166665 ], [ 129.627778, 32.8333332 ] ] ] } },
{ "type": "Feature", "properties": { "Id": 0, "Sheet_ID": "長崎要塞近傍 9", "label": "長崎要塞近傍 9", "call_short": "0", "call_num": "0", "recid": "0", "websiteUrl": "0", "title": "0", "ckey": 0, "available": false, "iiifUrl": "0" }, "geometry": { "type": "Polygon", "coordinates": [ [ [ 129.752778, 32.8333332 ], [ 129.877778, 32.8333332 ], [ 129.877778, 32.9166665 ], [ 129.752778, 32.9166665 ], [ 129.752778, 32.8333332 ] ] ] } },
{ "type": "Feature", "properties": { "Id": 0, "Sheet_ID": "長崎要塞近傍 1", "label": "長崎要塞近傍 1", "call_short": "0", "call_num": "0", "recid": "0", "websiteUrl": "0", "title": "0", "ckey": 0, "available": false, "iiifUrl": "0" }, "geometry": { "type": "Polygon", "coordinates": [ [ [ 129.877778, 32.8333332 ], [ 130.002778, 32.8333332 ], [ 130.002778, 32.9166665 ], [ 129.877778, 32.9166665 ], [ 129.877778, 32.8333332 ] ] ] } },
{ "type": "Feature", "properties": { "Id": 0, "Sheet_ID": "長崎要塞近傍 43", "label": "長崎要塞近傍 43", "call_short": "0", "call_num": "0", "recid": "0", "websiteUrl": "0", "title": "0", "ckey": 0, "available": false, "iiifUrl": "0" }, "geometry": { "type": "Polygon", "coordinates": [ [ [ 128.877778, 32.9166665 ], [ 129.002778, 32.9166665 ], [ 129.002778, 32.9999998 ], [ 128.877778, 32.9999998 ], [ 128.877778, 32.9166665 ] ] ] } },
{ "type": "Feature", "properties": { "Id": 0, "Sheet_ID": "長崎要塞近傍 40", "label": "長崎要塞近傍 40", "call_short": "0", "call_num": "0", "recid": "0", "websiteUrl": "0", "title": "0", "ckey": 0, "available": false, "iiifUrl": "0" }, "geometry": { "type": "Polygon", "coordinates": [ [ [ 129.002778, 32.9166665 ], [ 129.127778, 32.9166665 ], [ 129.127778, 32.9999998 ], [ 129.002778, 32.9999998 ], [ 129.002778, 32.9166665 ] ] ] } },
{ "type": "Feature", "properties": { "Id": 0, "Sheet_ID": "長崎要塞近傍 37", "label": "長崎要塞近傍 37", "call_short": "0", "call_num": "0", "recid": "0", "websiteUrl": "0", "title": "0", "ckey": 0, "available": false, "iiifUrl": "0" }, "geometry": { "type": "Polygon", "coordinates": [ [ [ 129.127778, 32.9166665 ], [ 129.252778, 32.9166665 ], [ 129.252778, 32.9999998 ], [ 129.127778, 32.9999998 ], [ 129.127778, 32.9166665 ] ] ] } },
{ "type": "Feature", "properties": { "Id": 0, "Sheet_ID": "長崎要塞近傍 35", "label": "長崎要塞近傍 35", "call_short": "0", "call_num": "0", "recid": "0", "websiteUrl": "0", "title": "0", "ckey": 0, "available": false, "iiifUrl": "0" }, "geometry": { "type": "Polygon", "coordinates": [ [ [ 129.252778, 32.9166665 ], [ 129.377778, 32.9166665 ], [ 129.377778, 32.9999998 ], [ 129.252778, 32.9999998 ], [ 129.252778, 32.9166665 ] ] ] } },
{ "type": "Feature", "properties": { "Id": 0, "Sheet_ID": "長崎要塞近傍 27", "label": "長崎要塞近傍 27", "call_short": "0", "call_num": "0", "recid": "0", "websiteUrl": "0", "title": "0", "ckey": 0, "available": false, "iiifUrl": "0" }, "geometry": { "type": "Polygon", "coordinates": [ [ [ 129.502778, 32.9166665 ], [ 129.627778, 32.9166665 ], [ 129.627778, 32.9999998 ], [ 129.502778, 32.9999998 ], [ 129.502778, 32.9166665 ] ] ] } },
{ "type": "Feature", "properties": { "Id": 0, "Sheet_ID": "長崎要塞近傍 18", "label": "長崎要塞近傍 18", "call_short": "0", "call_num": "0", "recid": "0", "websiteUrl": "0", "title": "0", "ckey": 0, "available": false, "iiifUrl": "0" }, "geometry": { "type": "Polygon", "coordinates": [ [ [ 129.627778, 32.9166665 ], [ 129.752778, 32.9166665 ], [ 129.752778, 32.9999998 ], [ 129.627778, 32.9999998 ], [ 129.627778, 32.9166665 ] ] ] } },
{ "type": "Feature", "properties": { "Id": 0, "Sheet_ID": "長崎要塞近傍 39", "label": "長崎要塞近傍 39", "call_short": "0", "call_num": "0", "recid": "0", "websiteUrl": "0", "title": "0", "ckey": 0, "available": false, "iiifUrl": "0" }, "geometry": { "type": "Polygon", "coordinates": [ [ [ 129.002778, 32.9999998 ], [ 129.127778, 32.9999998 ], [ 129.127778, 33.0833331 ], [ 129.002778, 33.0833331 ], [ 129.002778, 32.9999998 ] ] ] } },
{ "type": "Feature", "properties": { "Id": 0, "Sheet_ID": "長崎要塞近傍 36", "label": "長崎要塞近傍 36", "call_short": "0", "call_num": "0", "recid": "0", "websiteUrl": "0", "title": "0", "ckey": 0, "available": false, "iiifUrl": "0" }, "geometry": { "type": "Polygon", "coordinates": [ [ [ 129.127778, 32.9999998 ], [ 129.252778, 32.9999998 ], [ 129.252778, 33.0833331 ], [ 129.127778, 33.0833331 ], [ 129.127778, 32.9999998 ] ] ] } },
{ "type": "Feature", "properties": { "Id": 0, "Sheet_ID": "長崎要塞近傍 34", "label": "長崎要塞近傍 34", "call_short": "0", "call_num": "0", "recid": "0", "websiteUrl": "0", "title": "0", "ckey": 0, "available": false, "iiifUrl": "0" }, "geometry": { "type": "Polygon", "coordinates": [ [ [ 129.252778, 32.9999998 ], [ 129.377778, 32.9999998 ], [ 129.377778, 33.0833331 ], [ 129.252778, 33.0833331 ], [ 129.252778, 32.9999998 ] ] ] } },
{ "type": "Feature", "properties": { "Id": 0, "Sheet_ID": "長崎要塞近傍 32", "label": "長崎要塞近傍 32", "call_short": "0", "call_num": "0", "recid": "0", "websiteUrl": "0", "title": "0", "ckey": 0, "available": false, "iiifUrl": "0" }, "geometry": { "type": "Polygon", "coordinates": [ [ [ 129.377778, 32.9999998 ], [ 129.502778, 32.9999998 ], [ 129.502778, 33.0833331 ], [ 129.377778, 33.0833331 ], [ 129.377778, 32.9999998 ] ] ] } },
{ "type": "Feature", "properties": { "Id": 0, "Sheet_ID": "長崎要塞近傍 26", "label": "長崎要塞近傍 26", "call_short": "0", "call_num": "0", "recid": "0", "websiteUrl": "0", "title": "0", "ckey": 0, "available": false, "iiifUrl": "0" }, "geometry": { "type": "Polygon", "coordinates": [ [ [ 129.502778, 32.9999998 ], [ 129.627778, 32.9999998 ], [ 129.627778, 33.0833331 ], [ 129.502778, 33.0833331 ], [ 129.502778, 32.9999998 ] ] ] } },
{ "type": "Feature", "properties": { "Id": 0, "Sheet_ID": "長崎要塞近傍 17", "label": "長崎要塞近傍 17", "call_short": "0", "call_num": "0", "recid": "0", "websiteUrl": "0", "title": "0", "ckey": 0, "available": false, "iiifUrl": "0" }, "geometry": { "type": "Polygon", "coordinates": [ [ [ 129.627778, 32.9999998 ], [ 129.752778, 32.9999998 ], [ 129.752778, 33.0833331 ], [ 129.627778, 33.0833331 ], [ 129.627778, 32.9999998 ] ] ] } },
{ "type": "Feature", "properties": { "Id": 0, "Sheet_ID": "長崎要塞近傍 8", "label": "長崎要塞近傍 8", "call_short": "0", "call_num": "0", "recid": "0", "websiteUrl": "0", "title": "0", "ckey": 0, "available": false, "iiifUrl": "0" }, "geometry": { "type": "Polygon", "coordinates": [ [ [ 129.752778, 32.9999998 ], [ 129.877778, 32.9999998 ], [ 129.877778, 33.0833331 ], [ 129.752778, 33.0833331 ], [ 129.752778, 32.9999998 ] ] ] } },
{ "type": "Feature", "properties": { "Id": 0, "Sheet_ID": "長崎要塞近傍 38", "label": "長崎要塞近傍 38", "call_short": "0", "call_num": "0", "recid": "0", "websiteUrl": "0", "title": "0", "ckey": 0, "available": false, "iiifUrl": "0" }, "geometry": { "type": "Polygon", "coordinates": [ [ [ 129.002778, 33.0833331 ], [ 129.127778, 33.0833331 ], [ 129.127778, 33.1666664 ], [ 129.002778, 33.1666664 ], [ 129.002778, 33.0833331 ] ] ] } },
{ "type": "Feature", "properties": { "Id": 0, "Sheet_ID": "長崎要塞近傍 31", "label": "長崎要塞近傍 31", "call_short": "0", "call_num": "0", "recid": "0", "websiteUrl": "0", "title": "0", "ckey": 0, "available": false, "iiifUrl": "0" }, "geometry": { "type": "Polygon", "coordinates": [ [ [ 129.377778, 33.0833331 ], [ 129.502778, 33.0833331 ], [ 129.502778, 33.1666664 ], [ 129.377778, 33.1666664 ], [ 129.377778, 33.0833331 ] ] ] } },
{ "type": "Feature", "properties": { "Id": 0, "Sheet_ID": "長崎要塞近傍 25", "label": "長崎要塞近傍 25", "call_short": "0", "call_num": "0", "recid": "0", "websiteUrl": "0", "title": "0", "ckey": 0, "available": false, "iiifUrl": "0" }, "geometry": { "type": "Polygon", "coordinates": [ [ [ 129.502778, 33.0833331 ], [ 129.627778, 33.0833331 ], [ 129.627778, 33.1666664 ], [ 129.502778, 33.1666664 ], [ 129.502778, 33.0833331 ] ] ] } },
{ "type": "Feature", "properties": { "Id": 0, "Sheet_ID": "長崎要塞近傍 16", "label": "長崎要塞近傍 16", "call_short": "0", "call_num": "0", "recid": "0", "websiteUrl": "0", "title": "0", "ckey": 0, "available": false, "iiifUrl": "0" }, "geometry": { "type": "Polygon", "coordinates": [ [ [ 129.627778, 33.0833331 ], [ 129.752778, 33.0833331 ], [ 129.752778, 33.1666664 ], [ 129.627778, 33.1666664 ], [ 129.627778, 33.0833331 ] ] ] } },
{ "type": "Feature", "properties": { "Id": 0, "Sheet_ID": "長崎要塞近傍 7", "label": "長崎要塞近傍 7", "call_short": "0", "call_num": "0", "recid": "0", "websiteUrl": "0", "title": "0", "ckey": 0, "available": false, "iiifUrl": "0" }, "geometry": { "type": "Polygon", "coordinates": [ [ [ 129.752778, 33.0833331 ], [ 129.877778, 33.0833331 ], [ 129.877778, 33.1666664 ], [ 129.752778, 33.1666664 ], [ 129.752778, 33.0833331 ] ] ] } },
{ "type": "Feature", "properties": { "Id": 0, "Sheet_ID": "長崎要塞近傍 33", "label": "長崎要塞近傍 33", "call_short": "0", "call_num": "0", "recid": "0", "websiteUrl": "0", "title": "0", "ckey": 0, "available": false, "iiifUrl": "0" }, "geometry": { "type": "Polygon", "coordinates": [ [ [ 129.252778, 33.1666664 ], [ 129.377778, 33.1666664 ], [ 129.377778, 33.2499997 ], [ 129.252778, 33.2499997 ], [ 129.252778, 33.1666664 ] ] ] } },
{ "type": "Feature", "properties": { "Id": 0, "Sheet_ID": "長崎要塞近傍 30", "label": "長崎要塞近傍 30", "call_short": "0", "call_num": "0", "recid": "0", "websiteUrl": "0", "title": "0", "ckey": 0, "available": false, "iiifUrl": "0" }, "geometry": { "type": "Polygon", "coordinates": [ [ [ 129.377778, 33.1666664 ], [ 129.502778, 33.1666664 ], [ 129.502778, 33.2499997 ], [ 129.377778, 33.2499997 ], [ 129.377778, 33.1666664 ] ] ] } },
{ "type": "Feature", "properties": { "Id": 0, "Sheet_ID": "長崎要塞近傍 24", "label": "長崎要塞近傍 24", "call_short": "0", "call_num": "0", "recid": "0", "websiteUrl": "0", "title": "0", "ckey": 0, "available": false, "iiifUrl": "0" }, "geometry": { "type": "Polygon", "coordinates": [ [ [ 129.502778, 33.1666664 ], [ 129.627778, 33.1666664 ], [ 129.627778, 33.2499997 ], [ 129.502778, 33.2499997 ], [ 129.502778, 33.1666664 ] ] ] } },
{ "type": "Feature", "properties": { "Id": 0, "Sheet_ID": "長崎要塞近傍 15", "label": "長崎要塞近傍 15", "call_short": "0", "call_num": "0", "recid": "0", "websiteUrl": "0", "title": "0", "ckey": 0, "available": false, "iiifUrl": "0" }, "geometry": { "type": "Polygon", "coordinates": [ [ [ 129.627778, 33.1666664 ], [ 129.752778, 33.1666664 ], [ 129.752778, 33.2499997 ], [ 129.627778, 33.2499997 ], [ 129.627778, 33.1666664 ] ] ] } },
{ "type": "Feature", "properties": { "Id": 0, "Sheet_ID": "長崎要塞近傍 6", "label": "長崎要塞近傍 6", "call_short": "0", "call_num": "0", "recid": "0", "websiteUrl": "0", "title": "0", "ckey": 0, "available": false, "iiifUrl": "0" }, "geometry": { "type": "Polygon", "coordinates": [ [ [ 129.752778, 33.1666664 ], [ 129.877778, 33.1666664 ], [ 129.877778, 33.2499997 ], [ 129.752778, 33.2499997 ], [ 129.752778, 33.1666664 ] ] ] } },
{ "type": "Feature", "properties": { "Id": 0, "Sheet_ID": "長崎要塞近傍 29", "label": "長崎要塞近傍 29", "call_short": "0", "call_num": "0", "recid": "0", "websiteUrl": "0", "title": "0", "ckey": 0, "available": false, "iiifUrl": "0" }, "geometry": { "type": "Polygon", "coordinates": [ [ [ 129.377778, 33.2499997 ], [ 129.502778, 33.2499997 ], [ 129.502778, 33.333333 ], [ 129.377778, 33.333333 ], [ 129.377778, 33.2499997 ] ] ] } },
{ "type": "Feature", "properties": { "Id": 0, "Sheet_ID": "長崎要塞近傍 23", "label": "長崎要塞近傍 23", "call_short": "0", "call_num": "0", "recid": "0", "websiteUrl": "0", "title": "0", "ckey": 0, "available": false, "iiifUrl": "0" }, "geometry": { "type": "Polygon", "coordinates": [ [ [ 129.502778, 33.2499997 ], [ 129.627778, 33.2499997 ], [ 129.627778, 33.333333 ], [ 129.502778, 33.333333 ], [ 129.502778, 33.2499997 ] ] ] } },
{ "type": "Feature", "properties": { "Id": 0, "Sheet_ID": "長崎要塞近傍 14", "label": "長崎要塞近傍 14", "call_short": "0", "call_num": "0", "recid": "0", "websiteUrl": "0", "title": "0", "ckey": 0, "available": false, "iiifUrl": "0" }, "geometry": { "type": "Polygon", "coordinates": [ [ [ 129.627778, 33.2499997 ], [ 129.752778, 33.2499997 ], [ 129.752778, 33.333333 ], [ 129.627778, 33.333333 ], [ 129.627778, 33.2499997 ] ] ] } },
{ "type": "Feature", "properties": { "Id": 0, "Sheet_ID": "長崎要塞近傍 5", "label": "長崎要塞近傍 5", "call_short": "0", "call_num": "0", "recid": "0", "websiteUrl": "0", "title": "0", "ckey": 0, "available": false, "iiifUrl": "0" }, "geometry": { "type": "Polygon", "coordinates": [ [ [ 129.752778, 33.2499997 ], [ 129.877778, 33.2499997 ], [ 129.877778, 33.333333 ], [ 129.752778, 33.333333 ], [ 129.752778, 33.2499997 ] ] ] } },
{ "type": "Feature", "properties": { "Id": 0, "Sheet_ID": "大村近傍 9", "label": "大村近傍 9", "call_short": "0", "call_num": "0", "recid": "0", "websiteUrl": "0", "title": "0", "ckey": 0, "available": false, "iiifUrl": "0" }, "geometry": { "type": "Polygon", "coordinates": [ [ [ 129.627778, 32.75 ], [ 129.752778, 32.75 ], [ 129.752778, 32.8333333 ], [ 129.627778, 32.8333333 ], [ 129.627778, 32.75 ] ] ] } },
{ "type": "Feature", "properties": { "Id": 0, "Sheet_ID": "大村近傍 4", "label": "大村近傍 4", "call_short": "G7960 S25 .J3", "call_num": "G7960 S25 .J3 69-4", "recid": "tt986mp5420", "websiteUrl": "https://purl.stanford.edu/tt986mp5420", "title": "二万五千分一地形圖 大村近傍", "ckey": 10561302, "available": true, "iiifUrl": "https://purl.stanford.edu/tt986mp5420/iiif/manifest" }, "geometry": { "type": "Polygon", "coordinates": [ [ [ 130.002778, 32.75 ], [ 130.127778, 32.75 ], [ 130.127778, 32.8333333 ], [ 130.002778, 32.8333333 ], [ 130.002778, 32.75 ] ] ] } },
{ "type": "Feature", "properties": { "Id": 0, "Sheet_ID": "大村近傍 2", "label": "大村近傍 2", "call_short": "G7960 S25 .J3", "call_num": "G7960 S25 .J3 69-2", "recid": "gv081bz2835", "websiteUrl": "https://purl.stanford.edu/gv081bz2835", "title": "二万五千分一地形圖 大村近傍", "ckey": 10561302, "available": true, "iiifUrl": "https://purl.stanford.edu/gv081bz2835/iiif/manifest" }, "geometry": { "type": "Polygon", "coordinates": [ [ [ 130.127778, 32.75 ], [ 130.252778, 32.75 ], [ 130.252778, 32.8333333 ], [ 130.127778, 32.8333333 ], [ 130.127778, 32.75 ] ] ] } },
{ "type": "Feature", "properties": { "Id": 0, "Sheet_ID": "大村近傍 8", "label": "大村近傍 8", "call_short": "0", "call_num": "0", "recid": "0", "websiteUrl": "0", "title": "0", "ckey": 0, "available": false, "iiifUrl": "0" }, "geometry": { "type": "Polygon", "coordinates": [ [ [ 129.752778, 32.8333333 ], [ 129.877778, 32.8333333 ], [ 129.877778, 32.9166665 ], [ 129.752778, 32.9166665 ], [ 129.752778, 32.8333333 ] ] ] } },
{ "type": "Feature", "properties": { "Id": 0, "Sheet_ID": "大村近傍 7", "label": "大村近傍 7", "call_short": "0", "call_num": "0", "recid": "0", "websiteUrl": "0", "title": "0", "ckey": 0, "available": false, "iiifUrl": "0" }, "geometry": { "type": "Polygon", "coordinates": [ [ [ 129.877778, 32.8333333 ], [ 130.002778, 32.8333333 ], [ 130.002778, 32.9166665 ], [ 129.877778, 32.9166665 ], [ 129.877778, 32.8333333 ] ] ] } },
{ "type": "Feature", "properties": { "Id": 0, "Sheet_ID": "大村近傍 3", "label": "大村近傍 3", "call_short": "G7960 S25 .J3", "call_num": "G7960 S25 .J3 69-3", "recid": "cy571gv0736", "websiteUrl": "https://purl.stanford.edu/cy571gv0736", "title": "二万五千分一地形圖 大村近傍", "ckey": 10561302, "available": true, "iiifUrl": "https://purl.stanford.edu/cy571gv0736/iiif/manifest" }, "geometry": { "type": "Polygon", "coordinates": [ [ [ 130.002778, 32.8333333 ], [ 130.127778, 32.8333333 ], [ 130.127778, 32.9166665 ], [ 130.002778, 32.9166665 ], [ 130.002778, 32.8333333 ] ] ] } },
{ "type": "Feature", "properties": { "Id": 0, "Sheet_ID": "大村近傍 1", "label": "大村近傍 1", "call_short": "G7960 S25 .J3", "call_num": "G7960 S25 .J3 69-1", "recid": "ms017qh1121", "websiteUrl": "https://purl.stanford.edu/ms017qh1121", "title": "二万五千分一地形圖 大村近傍", "ckey": 10561302, "available": true, "iiifUrl": "https://purl.stanford.edu/ms017qh1121/iiif/manifest" }, "geometry": { "type": "Polygon", "coordinates": [ [ [ 130.127778, 32.8333333 ], [ 130.252778, 32.8333333 ], [ 130.252778, 32.9166665 ], [ 130.127778, 32.9166665 ], [ 130.127778, 32.8333333 ] ] ] } },
{ "type": "Feature", "properties": { "Id": 0, "Sheet_ID": "大村近傍 6", "label": "大村近傍 6", "call_short": "G7960 S25 .J3", "call_num": "G7960 S25 .J3 69-6", "recid": "mv685pd1699", "websiteUrl": "https://purl.stanford.edu/mv685pd1699", "title": "二万五千分一地形圖 大村近傍", "ckey": 10561302, "available": true, "iiifUrl": "https://purl.stanford.edu/mv685pd1699/iiif/manifest" }, "geometry": { "type": "Polygon", "coordinates": [ [ [ 129.877778, 32.9166665 ], [ 130.002778, 32.9166665 ], [ 130.002778, 32.9999998 ], [ 129.877778, 32.9999998 ], [ 129.877778, 32.9166665 ] ] ] } },
{ "type": "Feature", "properties": { "Id": 0, "Sheet_ID": "大村近傍 5", "label": "大村近傍 5", "call_short": "0", "call_num": "0", "recid": "0", "websiteUrl": "0", "title": "0", "ckey": 0, "available": false, "iiifUrl": "0" }, "geometry": { "type": "Polygon", "coordinates": [ [ [ 129.877778, 32.9999998 ], [ 130.002778, 32.9999998 ], [ 130.002778, 33.083333 ], [ 129.877778, 33.083333 ], [ 129.877778, 32.9999998 ] ] ] } },
{ "type": "Feature", "properties": { "Id": 0, "Sheet_ID": "長崎要塞近傍 20", "label": "長崎要塞近傍 20", "call_short": "G7960 S25 .J3", "call_num": "G7960 S25 .J3 70-20", "recid": "rp602ys2747", "websiteUrl": "https://purl.stanford.edu/rp602ys2747", "title": "二万五千分一地形圖 長崎要塞近傍", "ckey": 10561302, "available": true, "iiifUrl": "https://purl.stanford.edu/rp602ys2747/iiif/manifest" }, "geometry": { "type": "Polygon", "coordinates": [ [ [ 129.627778, 32.7499999 ], [ 129.752778, 32.7499999 ], [ 129.752778, 32.8333332 ], [ 129.627778, 32.8333332 ], [ 129.627778, 32.7499999 ] ] ] } },
{ "type": "Feature", "properties": { "Id": 0, "Sheet_ID": "大分近傍 1", "label": "大分近傍 1", "call_short": "0", "call_num": "0", "recid": "0", "websiteUrl": "0", "title": "0", "ckey": 0, "available": false, "iiifUrl": "0" }, "geometry": { "type": "Polygon", "coordinates": [ [ [ 131.627778, 33.25 ], [ 131.752778, 33.25 ], [ 131.752778, 33.333333 ], [ 131.627778, 33.333333 ], [ 131.627778, 33.25 ] ] ] } },
{ "type": "Feature", "properties": { "Id": 0, "Sheet_ID": "大分近傍 2", "label": "大分近傍 2", "call_short": "G7960 S25 .J3", "call_num": "G7960 S25 .J3 65-2", "recid": "gc344zd4565", "websiteUrl": "https://purl.stanford.edu/gc344zd4565", "title": "二万五千分一地形圖 大分近傍", "ckey": 10561302, "available": true, "iiifUrl": "https://purl.stanford.edu/gc344zd4565/iiif/manifest" }, "geometry": { "type": "Polygon", "coordinates": [ [ [ 131.627778, 33.166667 ], [ 131.752778, 33.166667 ], [ 131.752778, 33.25 ], [ 131.627778, 33.25 ], [ 131.627778, 33.166667 ] ] ] } },
{ "type": "Feature", "properties": { "Id": 0, "Sheet_ID": "廣島近傍_中地", "label": "廣島近傍_中地", "call_short": "G7960 S25 .J3", "call_num": "G7960 S25 .J3 56-11", "recid": "fj176wk0191", "websiteUrl": "https://purl.stanford.edu/fj176wk0191", "title": "二万五千分一地形圖 廣島近傍", "ckey": 10561302, "available": true, "iiifUrl": "https://purl.stanford.edu/fj176wk0191/iiif/manifest" }, "geometry": { "type": "Polygon", "coordinates": [ [ [ 132.252778, 34.333333 ], [ 132.377778, 34.333333 ], [ 132.377778, 34.4166663 ], [ 132.252778, 34.4166663 ], [ 132.252778, 34.333333 ] ] ] } },
{ "type": "Feature", "properties": { "Id": 0, "Sheet_ID": "廣島近傍_廣島", "label": "廣島近傍_廣島", "call_short": "0", "call_num": "0", "recid": "0", "websiteUrl": "0", "title": "0", "ckey": 0, "available": false, "iiifUrl": "0" }, "geometry": { "type": "Polygon", "coordinates": [ [ [ 132.377778, 34.333333 ], [ 132.502778, 34.333333 ], [ 132.502778, 34.4166663 ], [ 132.377778, 34.4166663 ], [ 132.377778, 34.333333 ] ] ] } },
{ "type": "Feature", "properties": { "Id": 0, "Sheet_ID": "廣島近傍_海田市", "label": "廣島近傍_海田市", "call_short": "0", "call_num": "0", "recid": "0", "websiteUrl": "0", "title": "0", "ckey": 0, "available": false, "iiifUrl": "0" }, "geometry": { "type": "Polygon", "coordinates": [ [ [ 132.502778, 34.333333 ], [ 132.627778, 34.333333 ], [ 132.627778, 34.4166663 ], [ 132.502778, 34.4166663 ], [ 132.502778, 34.333333 ] ] ] } },
{ "type": "Feature", "properties": { "Id": 0, "Sheet_ID": "廣島近傍_原村", "label": "廣島近傍_原村", "call_short": "0", "call_num": "0", "recid": "0", "websiteUrl": "0", "title": "0", "ckey": 0, "available": false, "iiifUrl": "0" }, "geometry": { "type": "Polygon", "coordinates": [ [ [ 132.627778, 34.333333 ], [ 132.752778, 34.333333 ], [ 132.752778, 34.4166663 ], [ 132.627778, 34.4166663 ], [ 132.627778, 34.333333 ] ] ] } },
{ "type": "Feature", "properties": { "Id": 0, "Sheet_ID": "廣島近傍_戸山", "label": "廣島近傍_戸山", "call_short": "G7960 S25 .J3", "call_num": "G7960 S25 .J3 56-10", "recid": "cx169gq4694", "websiteUrl": "https://purl.stanford.edu/cx169gq4694", "title": "二万五千分一地形圖 廣島近傍", "ckey": 10561302, "available": true, "iiifUrl": "https://purl.stanford.edu/cx169gq4694/iiif/manifest" }, "geometry": { "type": "Polygon", "coordinates": [ [ [ 132.252778, 34.4166663 ], [ 132.377778, 34.4166663 ], [ 132.377778, 34.4999997 ], [ 132.252778, 34.4999997 ], [ 132.252778, 34.4166663 ] ] ] } },
{ "type": "Feature", "properties": { "Id": 0, "Sheet_ID": "廣島近傍_祇園", "label": "廣島近傍_祇園", "call_short": "G7960 S25 .J3", "call_num": "G7960 S25 .J3 56-7", "recid": "cf956xk2427", "websiteUrl": "https://purl.stanford.edu/cf956xk2427", "title": "二万五千分一地形圖 廣島近傍", "ckey": 10561302, "available": true, "iiifUrl": "https://purl.stanford.edu/cf956xk2427/iiif/manifest" }, "geometry": { "type": "Polygon", "coordinates": [ [ [ 132.377778, 34.4166663 ], [ 132.502778, 34.4166663 ], [ 132.502778, 34.4999997 ], [ 132.377778, 34.4999997 ], [ 132.377778, 34.4166663 ] ] ] } },
{ "type": "Feature", "properties": { "Id": 0, "Sheet_ID": "廣島近傍_深川", "label": "廣島近傍_深川", "call_short": "G7960 S25 .J3", "call_num": "G7960 S25 .J3 56-4", "recid": "ys896jx8168", "websiteUrl": "https://purl.stanford.edu/ys896jx8168", "title": "二万五千分一地形圖 廣島近傍", "ckey": 10561302, "available": true, "iiifUrl": "https://purl.stanford.edu/ys896jx8168/iiif/manifest" }, "geometry": { "type": "Polygon", "coordinates": [ [ [ 132.502778, 34.4166663 ], [ 132.627778, 34.4166663 ], [ 132.627778, 34.4999997 ], [ 132.502778, 34.4999997 ], [ 132.502778, 34.4166663 ] ] ] } },
{ "type": "Feature", "properties": { "Id": 0, "Sheet_ID": "廣島近傍_西條", "label": "廣島近傍_西條", "call_short": "G7960 S25 .J3", "call_num": "G7960 S25 .J3 56-1", "recid": "fs693bt5544", "websiteUrl": "https://purl.stanford.edu/fs693bt5544", "title": "二万五千分一地形圖 廣島近傍", "ckey": 10561302, "available": true, "iiifUrl": "https://purl.stanford.edu/fs693bt5544/iiif/manifest" }, "geometry": { "type": "Polygon", "coordinates": [ [ [ 132.627778, 34.4166663 ], [ 132.752778, 34.4166663 ], [ 132.752778, 34.4999997 ], [ 132.627778, 34.4999997 ], [ 132.627778, 34.4166663 ] ] ] } },
{ "type": "Feature", "properties": { "Id": 0, "Sheet_ID": "廣島近傍_麥谷", "label": "廣島近傍_麥谷", "call_short": "0", "call_num": "0", "recid": "0", "websiteUrl": "0", "title": "0", "ckey": 0, "available": false, "iiifUrl": "0" }, "geometry": { "type": "Polygon", "coordinates": [ [ [ 132.252778, 34.4999997 ], [ 132.377778, 34.4999997 ], [ 132.377778, 34.583333 ], [ 132.252778, 34.583333 ], [ 132.252778, 34.4999997 ] ] ] } },
{ "type": "Feature", "properties": { "Id": 0, "Sheet_ID": "廣島近傍_毛木", "label": "廣島近傍_毛木", "call_short": "G7960 S25 .J3", "call_num": "G7960 S25 .J3 56-6", "recid": "nd286gg8109", "websiteUrl": "https://purl.stanford.edu/nd286gg8109", "title": "二万五千分一地形圖 廣島近傍", "ckey": 10561302, "available": true, "iiifUrl": "https://purl.stanford.edu/nd286gg8109/iiif/manifest" }, "geometry": { "type": "Polygon", "coordinates": [ [ [ 132.377778, 34.4999997 ], [ 132.502778, 34.4999997 ], [ 132.502778, 34.583333 ], [ 132.377778, 34.583333 ], [ 132.377778, 34.4999997 ] ] ] } },
{ "type": "Feature", "properties": { "Id": 0, "Sheet_ID": "廣島近傍_可部", "label": "廣島近傍_可部", "call_short": "G7960 S25 .J3", "call_num": "G7960 S25 .J3 56-3", "recid": "yv662yy3362", "websiteUrl": "https://purl.stanford.edu/yv662yy3362", "title": "二万五千分一地形圖 廣島近傍", "ckey": 10561302, "available": true, "iiifUrl": "https://purl.stanford.edu/yv662yy3362/iiif/manifest" }, "geometry": { "type": "Polygon", "coordinates": [ [ [ 132.502778, 34.4999997 ], [ 132.627778, 34.4999997 ], [ 132.627778, 34.583333 ], [ 132.502778, 34.583333 ], [ 132.502778, 34.4999997 ] ] ] } },
{ "type": "Feature", "properties": { "Id": 0, "Sheet_ID": "廣島近傍_祇園 ED.2", "label": "廣島近傍_祇園 ED.2", "call_short": "G7960 S25 .J3", "call_num": "G7960 S25 .J3 56-7 ED.2", "recid": "zg576mt6827", "websiteUrl": "https://purl.stanford.edu/zg576mt6827", "title": "二万五千分一地形圖 廣島近傍", "ckey": 10561302, "available": true, "iiifUrl": "https://purl.stanford.edu/zg576mt6827/iiif/manifest" }, "geometry": { "type": "Polygon", "coordinates": [ [ [ 132.377778, 34.4166663 ], [ 132.502778, 34.4166663 ], [ 132.502778, 34.4999997 ], [ 132.377778, 34.4999997 ], [ 132.377778, 34.4166663 ] ] ] } },
{ "type": "Feature", "properties": { "Id": 0, "Sheet_ID": "東京湾要塞近傍 1", "label": "東京湾要塞近傍 1", "call_short": "G7960 S25 .J3", "call_num": "G7960 S25 .J3 19-1", "recid": "qf160ht3051", "websiteUrl": "https://purl.stanford.edu/qf160ht3051", "title": "二万五千分一地形圖 東京湾要塞近傍", "ckey": 10561302, "available": true, "iiifUrl": "https://purl.stanford.edu/qf160ht3051/iiif/manifest" }, "geometry": { "type": "Polygon", "coordinates": [ [ [ 139.877778, 35.3333333 ], [ 140.002778, 35.3333333 ], [ 140.002778, 35.4166666 ], [ 139.877778, 35.4166666 ], [ 139.877778, 35.3333333 ] ] ] } },
{ "type": "Feature", "properties": { "Id": 0, "Sheet_ID": "東京湾要塞近傍 8", "label": "東京湾要塞近傍 8", "call_short": "G7960 S25 .J3", "call_num": "G7960 S25 .J3 19-8", "recid": "zh115nx9360", "websiteUrl": "https://purl.stanford.edu/zh115nx9360", "title": "二万五千分一地形圖 東京湾要塞近傍", "ckey": 10561302, "available": true, "iiifUrl": "https://purl.stanford.edu/zh115nx9360/iiif/manifest" }, "geometry": { "type": "Polygon", "coordinates": [ [ [ 139.752778, 35.3333333 ], [ 139.877778, 35.3333333 ], [ 139.877778, 35.4166666 ], [ 139.752778, 35.4166666 ], [ 139.752778, 35.3333333 ] ] ] } },
{ "type": "Feature", "properties": { "Id": 0, "Sheet_ID": "東京湾要塞近傍 16", "label": "東京湾要塞近傍 16", "call_short": "G7960 S25 .J3", "call_num": "G7960 S25 .J3 19-16", "recid": "bs669wd1348", "websiteUrl": "https://purl.stanford.edu/bs669wd1348", "title": "二万五千分一地形圖 東京湾要塞近傍", "ckey": 10561302, "available": true, "iiifUrl": "https://purl.stanford.edu/bs669wd1348/iiif/manifest" }, "geometry": { "type": "Polygon", "coordinates": [ [ [ 139.627778, 35.3333333 ], [ 139.752778, 35.3333333 ], [ 139.752778, 35.4166666 ], [ 139.627778, 35.4166666 ], [ 139.627778, 35.3333333 ] ] ] } },
{ "type": "Feature", "properties": { "Id": 0, "Sheet_ID": "東京湾要塞近傍 21", "label": "東京湾要塞近傍 21", "call_short": "G7960 S25 .J3", "call_num": "G7960 S25 .J3 19-21", "recid": "tc372qv1736", "websiteUrl": "https://purl.stanford.edu/tc372qv1736", "title": "二万五千分一地形圖 東京湾要塞近傍", "ckey": 10561302, "available": true, "iiifUrl": "https://purl.stanford.edu/tc372qv1736/iiif/manifest" }, "geometry": { "type": "Polygon", "coordinates": [ [ [ 139.502778, 35.3333333 ], [ 139.627778, 35.3333333 ], [ 139.627778, 35.4166666 ], [ 139.502778, 35.4166666 ], [ 139.502778, 35.3333333 ] ] ] } },
{ "type": "Feature", "properties": { "Id": 0, "Sheet_ID": "東京湾要塞近傍 25", "label": "東京湾要塞近傍 25", "call_short": "G7960 S25 .J3", "call_num": "G7960 S25 .J3 19-25", "recid": "vb571qc1188", "websiteUrl": "https://purl.stanford.edu/vb571qc1188", "title": "二万五千分一地形圖 東京湾要塞近傍", "ckey": 10561302, "available": true, "iiifUrl": "https://purl.stanford.edu/vb571qc1188/iiif/manifest" }, "geometry": { "type": "Polygon", "coordinates": [ [ [ 139.377778, 35.4166666 ], [ 139.502778, 35.4166666 ], [ 139.502778, 35.5 ], [ 139.377778, 35.5 ], [ 139.377778, 35.4166666 ] ] ] } },
{ "type": "Feature", "properties": { "Id": 0, "Sheet_ID": "東京湾要塞近傍 26", "label": "東京湾要塞近傍 26", "call_short": "G7960 S25 .J3", "call_num": "G7960 S25 .J3 19-26", "recid": "rz359dx8242", "websiteUrl": "https://purl.stanford.edu/rz359dx8242", "title": "二万五千分一地形圖 東京湾要塞近傍", "ckey": 10561302, "available": true, "iiifUrl": "https://purl.stanford.edu/rz359dx8242/iiif/manifest" }, "geometry": { "type": "Polygon", "coordinates": [ [ [ 139.377778, 35.3333333 ], [ 139.502778, 35.3333333 ], [ 139.502778, 35.4166666 ], [ 139.377778, 35.4166666 ], [ 139.377778, 35.3333333 ] ] ] } },
{ "type": "Feature", "properties": { "Id": 0, "Sheet_ID": "東京湾要塞近傍 27", "label": "東京湾要塞近傍 27", "call_short": "G7960 S25 .J3", "call_num": "G7960 S25 .J3 19-27", "recid": "xh929tb9001", "websiteUrl": "https://purl.stanford.edu/xh929tb9001", "title": "二万五千分一地形圖 東京湾要塞近傍", "ckey": 10561302, "available": true, "iiifUrl": "https://purl.stanford.edu/xh929tb9001/iiif/manifest" }, "geometry": { "type": "Polygon", "coordinates": [ [ [ 139.377778, 35.2499999 ], [ 139.502778, 35.2499999 ], [ 139.502778, 35.3333333 ], [ 139.377778, 35.3333333 ], [ 139.377778, 35.2499999 ] ] ] } }
]
}
