{
"type": "FeatureCollection",
"name": "index_map",
"xy_coordinate_resolution": 1e-07,
"features": [
{ "type": "Feature", "properties": { "Id": 0, "Sheet_ID": "デ・カストゥリ近傍_8. クロステルカムブ岬", "label": "デ・カストゥリ近傍_8. クロステルカムブ岬", "call_short": "G7270 S25 .J36", "call_num": "G7270 S25 .J36 1-8", "recid": "nw897jn3418", "websiteUrl": "https://purl.stanford.edu/nw897jn3418", "title": "極東二万五千分一圖", "ckey": 12725908, "available": true, "iiifUrl": "https://purl.stanford.edu/nw897jn3418/iiif/manifest" }, "geometry": { "type": "Polygon", "coordinates": [ [ [ 140.775, 51.358333 ], [ 140.9, 51.358333 ], [ 140.9, 51.4416665 ], [ 140.775, 51.4416665 ], [ 140.775, 51.358333 ] ] ] } },
{ "type": "Feature", "properties": { "Id": 0, "Sheet_ID": "デ・カストゥリ近傍_11. ソモン河", "label": "デ・カストゥリ近傍_11. ソモン河", "call_short": "G7270 S25 .J36", "call_num": "G7270 S25 .J36 1-11", "recid": "ty547wf1078", "websiteUrl": "https://purl.stanford.edu/ty547wf1078", "title": "極東二万五千分一圖", "ckey": 12725908, "available": true, "iiifUrl": "https://purl.stanford.edu/ty547wf1078/iiif/manifest" }, "geometry": { "type": "Polygon", "coordinates": [ [ [ 140.65, 51.4416665 ], [ 140.775, 51.4416665 ], [ 140.775, 51.525 ], [ 140.65, 51.525 ], [ 140.65, 51.4416665 ] ] ] } },
{ "type": "Feature", "properties": { "Id": 0, "Sheet_ID": "デ・カストゥリ近傍_7. デ・カストゥリ", "label": "デ・カストゥリ近傍_7. デ・カストゥリ", "call_short": "G7270 S25 .J36", "call_num": "G7270 S25 .J36 1-7", "recid": "zs547gk4826", "websiteUrl": "https://purl.stanford.edu/zs547gk4826", "title": "極東二万五千分一圖", "ckey": 12725908, "available": true, "iiifUrl": "https://purl.stanford.edu/zs547gk4826/iiif/manifest" }, "geometry": { "type": "Polygon", "coordinates": [ [ [ 140.775, 51.4416665 ], [ 140.9, 51.4416665 ], [ 140.9, 51.525 ], [ 140.775, 51.525 ], [ 140.775, 51.4416665 ] ] ] } },
{ "type": "Feature", "properties": { "Id": 0, "Sheet_ID": "臨湖屯", "label": "臨湖屯", "call_short": "0", "call_num": "0", "recid": "0", "websiteUrl": "0", "title": "0", "ckey": 0, "available": false, "iiifUrl": "0" }, "geometry": { "type": "Polygon", "coordinates": [ [ [ 132.0, 45.25 ], [ 132.125, 45.25 ], [ 132.125, 45.3333333 ], [ 132.0, 45.3333333 ], [ 132.0, 45.25 ] ] ] } },
{ "type": "Feature", "properties": { "Id": 0, "Sheet_ID": "裕發東", "label": "裕發東", "call_short": "0", "call_num": "0", "recid": "0", "websiteUrl": "0", "title": "0", "ckey": 0, "available": false, "iiifUrl": "0" }, "geometry": { "type": "Polygon", "coordinates": [ [ [ 132.125, 45.25 ], [ 132.25, 45.25 ], [ 132.25, 45.3333333 ], [ 132.125, 45.3333333 ], [ 132.125, 45.25 ] ] ] } },
{ "type": "Feature", "properties": { "Id": 0, "Sheet_ID": "楊木崗近傍_16. 興隆屯", "label": "楊木崗近傍_16. 興隆屯", "call_short": "G7270 S25 .J36", "call_num": "G7270 S25 .J36 9-16", "recid": "kc022vf3887", "websiteUrl": "https://purl.stanford.edu/kc022vf3887", "title": "満洲二万五千分一圖", "ckey": 12725908, "available": true, "iiifUrl": "https://purl.stanford.edu/kc022vf3887/iiif/manifest" }, "geometry": { "type": "Polygon", "coordinates": [ [ [ 132.0, 45.3333333 ], [ 132.125, 45.3333333 ], [ 132.125, 45.4166667 ], [ 132.0, 45.4166667 ], [ 132.0, 45.3333333 ] ] ] } },
{ "type": "Feature", "properties": { "Id": 0, "Sheet_ID": "楊木崗近傍_12. 勤農屯", "label": "楊木崗近傍_12. 勤農屯", "call_short": "G7270 S25 .J36", "call_num": "G7270 S25 .J36 9-12", "recid": "nd910gj0214", "websiteUrl": "https://purl.stanford.edu/nd910gj0214", "title": "満洲二万五千分一圖", "ckey": 12725908, "available": true, "iiifUrl": "https://purl.stanford.edu/nd910gj0214/iiif/manifest" }, "geometry": { "type": "Polygon", "coordinates": [ [ [ 132.125, 45.3333333 ], [ 132.25, 45.3333333 ], [ 132.25, 45.4166667 ], [ 132.125, 45.4166667 ], [ 132.125, 45.3333333 ] ] ] } },
{ "type": "Feature", "properties": { "Id": 0, "Sheet_ID": "楊木崗近傍_15. 蜂蜜山", "label": "楊木崗近傍_15. 蜂蜜山", "call_short": "G7270 S25 .J36", "call_num": "G7270 S25 .J36 9-15", "recid": "nf029dc0056", "websiteUrl": "https://purl.stanford.edu/nf029dc0056", "title": "満洲二万五千分一圖", "ckey": 12725908, "available": true, "iiifUrl": "https://purl.stanford.edu/nf029dc0056/iiif/manifest" }, "geometry": { "type": "Polygon", "coordinates": [ [ [ 132.0, 45.4166667 ], [ 132.125, 45.4166667 ], [ 132.125, 45.5 ], [ 132.0, 45.5 ], [ 132.0, 45.4166667 ] ] ] } },
{ "type": "Feature", "properties": { "Id": 0, "Sheet_ID": "楊木崗近傍_11. 馬家崗", "label": "楊木崗近傍_11. 馬家崗", "call_short": "G7270 S25 .J36", "call_num": "G7270 S25 .J36 9-11", "recid": "nz737dq7181", "websiteUrl": "https://purl.stanford.edu/nz737dq7181", "title": "満洲二万五千分一圖", "ckey": 12725908, "available": true, "iiifUrl": "https://purl.stanford.edu/nz737dq7181/iiif/manifest" }, "geometry": { "type": "Polygon", "coordinates": [ [ [ 132.125, 45.4166667 ], [ 132.25, 45.4166667 ], [ 132.25, 45.5 ], [ 132.125, 45.5 ], [ 132.125, 45.4166667 ] ] ] } },
{ "type": "Feature", "properties": { "Id": 0, "Sheet_ID": "倒木溝近傍_15. 黒咀子移民團", "label": "倒木溝近傍_15. 黒咀子移民團", "call_short": "G7270 S25 .J36", "call_num": "G7270 S25 .J36 8-15", "recid": "yf142xm9284", "websiteUrl": "https://purl.stanford.edu/yf142xm9284", "title": "満洲二万五千分一圖", "ckey": 12725908, "available": true, "iiifUrl": "https://purl.stanford.edu/yf142xm9284/iiif/manifest" }, "geometry": { "type": "Polygon", "coordinates": [ [ [ 133.0, 45.75 ], [ 133.125, 45.75 ], [ 133.125, 45.8333335 ], [ 133.0, 45.8333335 ], [ 133.0, 45.75 ] ] ] } },
{ "type": "Feature", "properties": { "Id": 0, "Sheet_ID": "倒木溝近傍_14. 和氣屯", "label": "倒木溝近傍_14. 和氣屯", "call_short": "G7270 S25 .J36", "call_num": "G7270 S25 .J36 8-14", "recid": "by692xv8569", "websiteUrl": "https://purl.stanford.edu/by692xv8569", "title": "満洲二万五千分一圖", "ckey": 12725908, "available": true, "iiifUrl": "https://purl.stanford.edu/by692xv8569/iiif/manifest" }, "geometry": { "type": "Polygon", "coordinates": [ [ [ 133.0, 45.8333335 ], [ 133.125, 45.8333335 ], [ 133.125, 45.916667 ], [ 133.0, 45.916667 ], [ 133.0, 45.8333335 ] ] ] } },
{ "type": "Feature", "properties": { "Id": 0, "Sheet_ID": "康徳屯", "label": "康徳屯", "call_short": "0", "call_num": "0", "recid": "0", "websiteUrl": "0", "title": "0", "ckey": 0, "available": false, "iiifUrl": "0" }, "geometry": { "type": "Polygon", "coordinates": [ [ [ 132.875, 45.8333335 ], [ 133.0, 45.8333335 ], [ 133.0, 45.916667 ], [ 132.875, 45.916667 ], [ 132.875, 45.8333335 ] ] ] } },
{ "type": "Feature", "properties": { "Id": 0, "Sheet_ID": "虎林", "label": "虎林", "call_short": "0", "call_num": "0", "recid": "0", "websiteUrl": "0", "title": "0", "ckey": 0, "available": false, "iiifUrl": "0" }, "geometry": { "type": "Polygon", "coordinates": [ [ [ 132.875, 45.75 ], [ 133.0, 45.75 ], [ 133.0, 45.8333335 ], [ 132.875, 45.8333335 ], [ 132.875, 45.75 ] ] ] } },
{ "type": "Feature", "properties": { "Id": 0, "Sheet_ID": "プロハスコ", "label": "プロハスコ", "call_short": "0", "call_num": "0", "recid": "0", "websiteUrl": "0", "title": "0", "ckey": 0, "available": false, "iiifUrl": "0" }, "geometry": { "type": "Polygon", "coordinates": [ [ [ 133.483333, 45.458333 ], [ 133.641667, 45.458333 ], [ 133.641667, 45.6666664 ], [ 133.483333, 45.6666664 ], [ 133.483333, 45.458333 ] ] ] } },
{ "type": "Feature", "properties": { "Id": 0, "Sheet_ID": "虎頭近傍_16. ブッセ", "label": "虎頭近傍_16. ブッセ", "call_short": "G7270 S25 .J36", "call_num": "G7270 S25 .J36 7-16", "recid": "jt131fj1118", "websiteUrl": "https://purl.stanford.edu/jt131fj1118", "title": "東「ソ」二万五千分一圖", "ckey": 12725908, "available": true, "iiifUrl": "https://purl.stanford.edu/jt131fj1118/iiif/manifest" }, "geometry": { "type": "Polygon", "coordinates": [ [ [ 133.5, 45.6666664 ], [ 133.625, 45.6666664 ], [ 133.625, 45.7499998 ], [ 133.5, 45.7499998 ], [ 133.5, 45.6666664 ] ] ] } },
{ "type": "Feature", "properties": { "Id": 0, "Sheet_ID": "虎頭近傍_12. ネーウスカヤ", "label": "虎頭近傍_12. ネーウスカヤ", "call_short": "G7270 S25 .J36", "call_num": "G7270 S25 .J36 7-12", "recid": "dq209kp7711", "websiteUrl": "https://purl.stanford.edu/dq209kp7711", "title": "東「ソ」二万五千分一圖", "ckey": 12725908, "available": true, "iiifUrl": "https://purl.stanford.edu/dq209kp7711/iiif/manifest" }, "geometry": { "type": "Polygon", "coordinates": [ [ [ 133.625, 45.6666664 ], [ 133.75, 45.6666664 ], [ 133.75, 45.7499998 ], [ 133.625, 45.7499998 ], [ 133.625, 45.6666664 ] ] ] } },
{ "type": "Feature", "properties": { "Id": 0, "Sheet_ID": "虎頭近傍_15. セブチアル驛", "label": "虎頭近傍_15. セブチアル驛", "call_short": "G7270 S25 .J36", "call_num": "G7270 S25 .J36 7-15", "recid": "zm167rr0994", "websiteUrl": "https://purl.stanford.edu/zm167rr0994", "title": "東「ソ」二万五千分一圖", "ckey": 12725908, "available": true, "iiifUrl": "https://purl.stanford.edu/zm167rr0994/iiif/manifest" }, "geometry": { "type": "Polygon", "coordinates": [ [ [ 133.5, 45.7499998 ], [ 133.625, 45.7499998 ], [ 133.625, 45.8333332 ], [ 133.5, 45.8333332 ], [ 133.5, 45.7499998 ] ] ] } },
{ "type": "Feature", "properties": { "Id": 0, "Sheet_ID": "虎頭近傍_11. セブチアル", "label": "虎頭近傍_11. セブチアル", "call_short": "G7270 S25 .J36", "call_num": "G7270 S25 .J36 7-11", "recid": "zp301vv5071", "websiteUrl": "https://purl.stanford.edu/zp301vv5071", "title": "東「ソ」二万五千分一圖", "ckey": 12725908, "available": true, "iiifUrl": "https://purl.stanford.edu/zp301vv5071/iiif/manifest" }, "geometry": { "type": "Polygon", "coordinates": [ [ [ 133.625, 45.7499998 ], [ 133.75, 45.7499998 ], [ 133.75, 45.8333332 ], [ 133.625, 45.8333332 ], [ 133.625, 45.7499998 ] ] ] } },
{ "type": "Feature", "properties": { "Id": 0, "Sheet_ID": "虎頭近傍_14. イリィンスキー", "label": "虎頭近傍_14. イリィンスキー", "call_short": "0", "call_num": "0", "recid": "0", "websiteUrl": "0", "title": "0", "ckey": 0, "available": false, "iiifUrl": "0" }, "geometry": { "type": "Polygon", "coordinates": [ [ [ 133.5, 45.8333332 ], [ 133.625, 45.8333332 ], [ 133.625, 45.9166666 ], [ 133.5, 45.9166666 ], [ 133.5, 45.8333332 ] ] ] } },
{ "type": "Feature", "properties": { "Id": 0, "Sheet_ID": "虎頭近傍_10. ラゾ", "label": "虎頭近傍_10. ラゾ", "call_short": "0", "call_num": "0", "recid": "0", "websiteUrl": "0", "title": "0", "ckey": 0, "available": false, "iiifUrl": "0" }, "geometry": { "type": "Polygon", "coordinates": [ [ [ 133.625, 45.8333332 ], [ 133.75, 45.8333332 ], [ 133.75, 45.9166666 ], [ 133.625, 45.9166666 ], [ 133.625, 45.8333332 ] ] ] } },
{ "type": "Feature", "properties": { "Id": 0, "Sheet_ID": "虎頭近傍_13. 樸實村", "label": "虎頭近傍_13. 樸實村", "call_short": "0", "call_num": "0", "recid": "0", "websiteUrl": "0", "title": "0", "ckey": 0, "available": false, "iiifUrl": "0" }, "geometry": { "type": "Polygon", "coordinates": [ [ [ 133.5, 45.9166666 ], [ 133.625, 45.9166666 ], [ 133.625, 46.0 ], [ 133.5, 46.0 ], [ 133.5, 45.9166666 ] ] ] } },
{ "type": "Feature", "properties": { "Id": 0, "Sheet_ID": "虎頭近傍_9. 虎頭", "label": "虎頭近傍_9. 虎頭", "call_short": "0", "call_num": "0", "recid": "0", "websiteUrl": "0", "title": "0", "ckey": 0, "available": false, "iiifUrl": "0" }, "geometry": { "type": "Polygon", "coordinates": [ [ [ 133.625, 45.9166666 ], [ 133.75, 45.9166666 ], [ 133.75, 46.0 ], [ 133.625, 46.0 ], [ 133.625, 45.9166666 ] ] ] } },
{ "type": "Feature", "properties": { "Id": 0, "Sheet_ID": "虎頭近傍_5. サリスキー", "label": "虎頭近傍_5. サリスキー", "call_short": "0", "call_num": "0", "recid": "0", "websiteUrl": "0", "title": "0", "ckey": 0, "available": false, "iiifUrl": "0" }, "geometry": { "type": "Polygon", "coordinates": [ [ [ 133.75, 45.9166666 ], [ 133.875, 45.9166666 ], [ 133.875, 46.0 ], [ 133.75, 46.0 ], [ 133.75, 45.9166666 ] ] ] } },
{ "type": "Feature", "properties": { "Id": 0, "Sheet_ID": "哈府近傍_15. 哈府", "label": "哈府近傍_15. 哈府", "call_short": "0", "call_num": "0", "recid": "0", "websiteUrl": "0", "title": "0", "ckey": 0, "available": false, "iiifUrl": "0" }, "geometry": { "type": "Polygon", "coordinates": [ [ [ 135.0, 48.416667 ], [ 135.125, 48.416667 ], [ 135.125, 48.5000003 ], [ 135.0, 48.5000003 ], [ 135.0, 48.416667 ] ] ] } },
{ "type": "Feature", "properties": { "Id": 0, "Sheet_ID": "哈府近傍_11. ガローフカ", "label": "哈府近傍_11. ガローフカ", "call_short": "0", "call_num": "0", "recid": "0", "websiteUrl": "0", "title": "0", "ckey": 0, "available": false, "iiifUrl": "0" }, "geometry": { "type": "Polygon", "coordinates": [ [ [ 135.125, 48.416667 ], [ 135.25, 48.416667 ], [ 135.25, 48.5000003 ], [ 135.125, 48.5000003 ], [ 135.125, 48.416667 ] ] ] } },
{ "type": "Feature", "properties": { "Id": 0, "Sheet_ID": "パコロフカ", "label": "パコロフカ", "call_short": "0", "call_num": "0", "recid": "0", "websiteUrl": "0", "title": "0", "ckey": 0, "available": false, "iiifUrl": "0" }, "geometry": { "type": "Polygon", "coordinates": [ [ [ 134.875, 48.5000003 ], [ 135.0, 48.5000003 ], [ 135.0, 48.5833337 ], [ 134.875, 48.5833337 ], [ 134.875, 48.5000003 ] ] ] } },
{ "type": "Feature", "properties": { "Id": 0, "Sheet_ID": "哈府近傍_14. 哈府北部", "label": "哈府近傍_14. 哈府北部", "call_short": "G7270 S25 .J36", "call_num": "G7270 S25 .J36 6-14", "recid": "pk450bs5188", "websiteUrl": "https://purl.stanford.edu/pk450bs5188", "title": "極東二万五千分一圖", "ckey": 12725908, "available": true, "iiifUrl": "https://purl.stanford.edu/pk450bs5188/iiif/manifest" }, "geometry": { "type": "Polygon", "coordinates": [ [ [ 135.0, 48.5000003 ], [ 135.125, 48.5000003 ], [ 135.125, 48.5833337 ], [ 135.0, 48.5833337 ], [ 135.0, 48.5000003 ] ] ] } },
{ "type": "Feature", "properties": { "Id": 0, "Sheet_ID": "哈府近傍_10. マチビエフカ", "label": "哈府近傍_10. マチビエフカ", "call_short": "0", "call_num": "0", "recid": "0", "websiteUrl": "0", "title": "0", "ckey": 0, "available": false, "iiifUrl": "0" }, "geometry": { "type": "Polygon", "coordinates": [ [ [ 135.125, 48.5000003 ], [ 135.25, 48.5000003 ], [ 135.25, 48.5833337 ], [ 135.125, 48.5833337 ], [ 135.125, 48.5000003 ] ] ] } },
{ "type": "Feature", "properties": { "Id": 0, "Sheet_ID": "哈府近傍_13. ウォロネジスカヤ", "label": "哈府近傍_13. ウォロネジスカヤ", "call_short": "0", "call_num": "0", "recid": "0", "websiteUrl": "0", "title": "0", "ckey": 0, "available": false, "iiifUrl": "0" }, "geometry": { "type": "Polygon", "coordinates": [ [ [ 135.0, 48.5833337 ], [ 135.125, 48.5833337 ], [ 135.125, 48.666667 ], [ 135.0, 48.666667 ], [ 135.0, 48.5833337 ] ] ] } },
{ "type": "Feature", "properties": { "Id": 0, "Sheet_ID": "ソフガワニ近傍_9. イムペラートルスカヤ河", "label": "ソフガワニ近傍_9. イムペラートルスカヤ河", "call_short": "G7270 S25 .J36", "call_num": "G7270 S25 .J36 4-9", "recid": "wq603rd2617", "websiteUrl": "https://purl.stanford.edu/wq603rd2617", "title": "極東二万五千分一圖", "ckey": 12725908, "available": true, "iiifUrl": "https://purl.stanford.edu/wq603rd2617/iiif/manifest" }, "geometry": { "type": "Polygon", "coordinates": [ [ [ 140.125, 48.9125003 ], [ 140.25, 48.9125003 ], [ 140.25, 48.9958337 ], [ 140.125, 48.9958337 ], [ 140.125, 48.9125003 ] ] ] } },
{ "type": "Feature", "properties": { "Id": 0, "Sheet_ID": "ソフガワニ近傍_5. ソフガワニ", "label": "ソフガワニ近傍_5. ソフガワニ", "call_short": "G7270 S25 .J36", "call_num": "G7270 S25 .J36 4-5", "recid": "hj964fn0344", "websiteUrl": "https://purl.stanford.edu/hj964fn0344", "title": "極東二万五千分一圖", "ckey": 12725908, "available": true, "iiifUrl": "https://purl.stanford.edu/hj964fn0344/iiif/manifest" }, "geometry": { "type": "Polygon", "coordinates": [ [ [ 140.25, 48.9125003 ], [ 140.375, 48.9125003 ], [ 140.375, 48.9958337 ], [ 140.25, 48.9958337 ], [ 140.25, 48.9125003 ] ] ] } },
{ "type": "Feature", "properties": { "Id": 0, "Sheet_ID": "ダータ近傍_12. ポストーワヤ湾", "label": "ダータ近傍_12. ポストーワヤ湾", "call_short": "G7270 S25 .J36", "call_num": "G7270 S25 .J36 3-12", "recid": "xx091fy4679", "websiteUrl": "https://purl.stanford.edu/xx091fy4679", "title": "極東二万五千分一圖", "ckey": 12725908, "available": true, "iiifUrl": "https://purl.stanford.edu/xx091fy4679/iiif/manifest" }, "geometry": { "type": "Polygon", "coordinates": [ [ [ 140.125, 48.9958337 ], [ 140.25, 48.9958337 ], [ 140.25, 49.079167 ], [ 140.125, 49.079167 ], [ 140.125, 48.9958337 ] ] ] } },
{ "type": "Feature", "properties": { "Id": 0, "Sheet_ID": "ダータ近傍_8. ソヴェート湾", "label": "ダータ近傍_8. ソヴェート湾", "call_short": "G7270 S25 .J36", "call_num": "G7270 S25 .J36 3-8", "recid": "gj807dg4748", "websiteUrl": "https://purl.stanford.edu/gj807dg4748", "title": "極東二万五千分一圖", "ckey": 12725908, "available": true, "iiifUrl": "https://purl.stanford.edu/gj807dg4748/iiif/manifest" }, "geometry": { "type": "Polygon", "coordinates": [ [ [ 140.25, 48.9958337 ], [ 140.375, 48.9958337 ], [ 140.375, 49.079167 ], [ 140.25, 49.079167 ], [ 140.25, 48.9958337 ] ] ] } },
{ "type": "Feature", "properties": { "Id": 0, "Sheet_ID": "ダータ近傍_7. ワニナ", "label": "ダータ近傍_7. ワニナ", "call_short": "G7270 S25 .J36", "call_num": "G7270 S25 .J36 3-7", "recid": "ry700yc1891", "websiteUrl": "https://purl.stanford.edu/ry700yc1891", "title": "極東二万五千分一圖", "ckey": 12725908, "available": true, "iiifUrl": "https://purl.stanford.edu/ry700yc1891/iiif/manifest" }, "geometry": { "type": "Polygon", "coordinates": [ [ [ 140.25, 49.079167 ], [ 140.375, 49.079167 ], [ 140.375, 49.1625003 ], [ 140.25, 49.1625003 ], [ 140.25, 49.079167 ] ] ] } },
{ "type": "Feature", "properties": { "Id": 0, "Sheet_ID": "ソフィスコエ近傍_6. ソフィスコエ西部", "label": "ソフィスコエ近傍_6. ソフィスコエ西部", "call_short": "G7270 S25 .J36", "call_num": "G7270 S25 .J36 5-6", "recid": "gp809tf0035", "websiteUrl": "https://purl.stanford.edu/gp809tf0035", "title": "極東二万五千分一圖", "ckey": 12725908, "available": true, "iiifUrl": "https://purl.stanford.edu/gp809tf0035/iiif/manifest" }, "geometry": { "type": "Polygon", "coordinates": [ [ [ 139.7083333, 51.525 ], [ 139.8333333, 51.525 ], [ 139.8333333, 51.608333 ], [ 139.7083333, 51.608333 ], [ 139.7083333, 51.56 ], [ 139.7, 51.56 ], [ 139.7, 51.525 ], [ 139.7083333, 51.525 ] ] ] } },
{ "type": "Feature", "properties": { "Id": 0, "Sheet_ID": "ソフィスコエ近傍_2. ソフィスコエ", "label": "ソフィスコエ近傍_2. ソフィスコエ", "call_short": "G7270 S25 .J36", "call_num": "G7270 S25 .J36 5-2", "recid": "rn466gf4662", "websiteUrl": "https://purl.stanford.edu/rn466gf4662", "title": "極東二万五千分一圖", "ckey": 12725908, "available": true, "iiifUrl": "https://purl.stanford.edu/rn466gf4662/iiif/manifest" }, "geometry": { "type": "Polygon", "coordinates": [ [ [ 139.8333333, 51.525 ], [ 139.9583333, 51.525 ], [ 139.9583333, 51.608333 ], [ 139.8333333, 51.608333 ], [ 139.8333333, 51.525 ] ] ] } },
{ "type": "Feature", "properties": { "Id": 0, "Sheet_ID": "コマロフカ近傍_14. ソフィスコエ東方", "label": "コマロフカ近傍_14. ソフィスコエ東方", "call_short": "G7270 S25 .J36", "call_num": "G7270 S25 .J36 2-14", "recid": "zm025rp5590", "websiteUrl": "https://purl.stanford.edu/zm025rp5590", "title": "極東二万五千分一圖", "ckey": 12725908, "available": true, "iiifUrl": "https://purl.stanford.edu/zm025rp5590/iiif/manifest" }, "geometry": { "type": "Polygon", "coordinates": [ [ [ 139.9583333, 51.525 ], [ 140.0833333, 51.525 ], [ 140.0833333, 51.608333 ], [ 139.9583333, 51.608333 ], [ 139.9583333, 51.525 ] ] ] } },
{ "type": "Feature", "properties": { "Id": 0, "Sheet_ID": "承徳近傍_3. 莊頭營子", "label": "承徳近傍_3. 莊頭營子", "call_short": "G7270 S25 .J36", "call_num": "G7270 S25 .J36 42-3", "recid": "pw597hz1736", "websiteUrl": "https://purl.stanford.edu/pw597hz1736", "title": "満洲二万五千分一圖", "ckey": 12725908, "available": true, "iiifUrl": "https://purl.stanford.edu/pw597hz1736/iiif/manifest" }, "geometry": { "type": "Polygon", "coordinates": [ [ [ 117.916667, 40.875 ], [ 118.041667, 40.875 ], [ 118.041667, 40.9583333 ], [ 117.916667, 40.9583333 ], [ 117.916667, 40.875 ] ] ] } },
{ "type": "Feature", "properties": { "Id": 0, "Sheet_ID": "承徳近傍_2. 承德", "label": "承徳近傍_2. 承德", "call_short": "G7270 S25 .J36", "call_num": "G7270 S25 .J36 42-2", "recid": "wt901mq2660", "websiteUrl": "https://purl.stanford.edu/wt901mq2660", "title": "満洲二万五千分一圖", "ckey": 12725908, "available": true, "iiifUrl": "https://purl.stanford.edu/wt901mq2660/iiif/manifest" }, "geometry": { "type": "Polygon", "coordinates": [ [ [ 117.916667, 40.9583333 ], [ 118.041667, 40.9583333 ], [ 118.041667, 41.0416667 ], [ 117.916667, 41.0416667 ], [ 117.916667, 40.9583333 ] ] ] } },
{ "type": "Feature", "properties": { "Id": 0, "Sheet_ID": "承徳近傍_1. 雙峯寺", "label": "承徳近傍_1. 雙峯寺", "call_short": "G7270 S25 .J36", "call_num": "G7270 S25 .J36 42-1", "recid": "vj969sf7085", "websiteUrl": "https://purl.stanford.edu/vj969sf7085", "title": "満洲二万五千分一圖", "ckey": 12725908, "available": true, "iiifUrl": "https://purl.stanford.edu/vj969sf7085/iiif/manifest" }, "geometry": { "type": "Polygon", "coordinates": [ [ [ 117.916667, 41.0416667 ], [ 118.041667, 41.0416667 ], [ 118.041667, 41.125 ], [ 117.916667, 41.125 ], [ 117.916667, 41.0416667 ] ] ] } },
{ "type": "Feature", "properties": { "Id": 0, "Sheet_ID": "烏固諾爾近傍_3. ウイルタフルタ", "label": "烏固諾爾近傍_3. ウイルタフルタ", "call_short": "0", "call_num": "0", "recid": "0", "websiteUrl": "0", "title": "0", "ckey": 0, "available": false, "iiifUrl": "0" }, "geometry": { "type": "Polygon", "coordinates": [ [ [ 119.375, 49.083333 ], [ 119.5, 49.083333 ], [ 119.5, 49.1666663 ], [ 119.375, 49.1666663 ], [ 119.375, 49.083333 ] ] ] } },
{ "type": "Feature", "properties": { "Id": 0, "Sheet_ID": "烏固諾爾近傍_2. 巴彥庫仁南部", "label": "烏固諾爾近傍_2. 巴彥庫仁南部", "call_short": "G7270 S25 .J36", "call_num": "G7270 S25 .J36 41-2", "recid": "zs944yg0367", "websiteUrl": "https://purl.stanford.edu/zs944yg0367", "title": "満洲二万五千分一圖", "ckey": 12725908, "available": true, "iiifUrl": "https://purl.stanford.edu/zs944yg0367/iiif/manifest" }, "geometry": { "type": "Polygon", "coordinates": [ [ [ 119.375, 49.1666663 ], [ 119.5, 49.1666663 ], [ 119.5, 49.2499997 ], [ 119.375, 49.2499997 ], [ 119.375, 49.1666663 ] ] ] } },
{ "type": "Feature", "properties": { "Id": 0, "Sheet_ID": "烏固諾爾近傍_1. 巴彥庫仁", "label": "烏固諾爾近傍_1. 巴彥庫仁", "call_short": "G7270 S25 .J36", "call_num": "G7270 S25 .J36 41-1", "recid": "px703ym3976", "websiteUrl": "https://purl.stanford.edu/px703ym3976", "title": "満洲二万五千分一圖", "ckey": 12725908, "available": true, "iiifUrl": "https://purl.stanford.edu/px703ym3976/iiif/manifest" }, "geometry": { "type": "Polygon", "coordinates": [ [ [ 119.375, 49.2499997 ], [ 119.5, 49.2499997 ], [ 119.5, 49.333333 ], [ 119.375, 49.333333 ], [ 119.375, 49.2499997 ] ] ] } },
{ "type": "Feature", "properties": { "Id": 0, "Sheet_ID": "海垃爾近傍_15. 南屯西部", "label": "海垃爾近傍_15. 南屯西部", "call_short": "0", "call_num": "0", "recid": "0", "websiteUrl": "0", "title": "0", "ckey": 0, "available": false, "iiifUrl": "0" }, "geometry": { "type": "Polygon", "coordinates": [ [ [ 119.5, 49.083333 ], [ 119.625, 49.083333 ], [ 119.625, 49.1666663 ], [ 119.5, 49.1666663 ], [ 119.5, 49.083333 ] ] ] } },
{ "type": "Feature", "properties": { "Id": 0, "Sheet_ID": "海垃爾近傍_11. 南屯首部", "label": "海垃爾近傍_11. 南屯首部", "call_short": "G7270 S25 .J36", "call_num": "G7270 S25 .J36 40-11", "recid": "kz357kp5994", "websiteUrl": "https://purl.stanford.edu/kz357kp5994", "title": "満洲二万五千分一圖", "ckey": 12725908, "available": true, "iiifUrl": "https://purl.stanford.edu/kz357kp5994/iiif/manifest" }, "geometry": { "type": "Polygon", "coordinates": [ [ [ 119.625, 49.083333 ], [ 119.75, 49.083333 ], [ 119.75, 49.1666663 ], [ 119.625, 49.1666663 ], [ 119.625, 49.083333 ] ] ] } },
{ "type": "Feature", "properties": { "Id": 0, "Sheet_ID": "海垃爾近傍_7. 南屯東部", "label": "海垃爾近傍_7. 南屯東部", "call_short": "G7270 S25 .J36", "call_num": "G7270 S25 .J36 40-7", "recid": "cs443mt9430", "websiteUrl": "https://purl.stanford.edu/cs443mt9430", "title": "満洲二万五千分一圖", "ckey": 12725908, "available": true, "iiifUrl": "https://purl.stanford.edu/cs443mt9430/iiif/manifest" }, "geometry": { "type": "Polygon", "coordinates": [ [ [ 119.75, 49.083333 ], [ 119.9, 49.083333 ], [ 119.9, 49.1666663 ], [ 119.75, 49.1666663 ], [ 119.75, 49.083333 ] ] ] } },
{ "type": "Feature", "properties": { "Id": 0, "Sheet_ID": "海垃爾近傍_14. 砂山", "label": "海垃爾近傍_14. 砂山", "call_short": "0", "call_num": "0", "recid": "0", "websiteUrl": "0", "title": "0", "ckey": 0, "available": false, "iiifUrl": "0" }, "geometry": { "type": "Polygon", "coordinates": [ [ [ 119.5, 49.1666663 ], [ 119.625, 49.1666663 ], [ 119.625, 49.2499997 ], [ 119.5, 49.2499997 ], [ 119.5, 49.1666663 ] ] ] } },
{ "type": "Feature", "properties": { "Id": 0, "Sheet_ID": "海垃爾近傍_10. 海垃爾", "label": "海垃爾近傍_10. 海垃爾", "call_short": "0", "call_num": "0", "recid": "0", "websiteUrl": "0", "title": "0", "ckey": 0, "available": false, "iiifUrl": "0" }, "geometry": { "type": "Polygon", "coordinates": [ [ [ 119.625, 49.1666663 ], [ 119.75, 49.1666663 ], [ 119.75, 49.2499997 ], [ 119.625, 49.2499997 ], [ 119.625, 49.1666663 ] ] ] } },
{ "type": "Feature", "properties": { "Id": 0, "Sheet_ID": "海垃爾近傍_6. 東山", "label": "海垃爾近傍_6. 東山", "call_short": "0", "call_num": "0", "recid": "0", "websiteUrl": "0", "title": "0", "ckey": 0, "available": false, "iiifUrl": "0" }, "geometry": { "type": "Polygon", "coordinates": [ [ [ 119.75, 49.1666663 ], [ 119.9, 49.1666663 ], [ 119.9, 49.2499997 ], [ 119.75, 49.2499997 ], [ 119.75, 49.1666663 ] ] ] } },
{ "type": "Feature", "properties": { "Id": 0, "Sheet_ID": "海垃爾近傍_13. 巴彦庫仁東部", "label": "海垃爾近傍_13. 巴彦庫仁東部", "call_short": "0", "call_num": "0", "recid": "0", "websiteUrl": "0", "title": "0", "ckey": 0, "available": false, "iiifUrl": "0" }, "geometry": { "type": "Polygon", "coordinates": [ [ [ 119.5, 49.2499997 ], [ 119.625, 49.2499997 ], [ 119.625, 49.333333 ], [ 119.5, 49.333333 ], [ 119.5, 49.2499997 ] ] ] } },
{ "type": "Feature", "properties": { "Id": 0, "Sheet_ID": "海垃爾近傍_9. 安保山", "label": "海垃爾近傍_9. 安保山", "call_short": "G7270 S25 .J36", "call_num": "G7270 S25 .J36 40-9", "recid": "nn911dh9807", "websiteUrl": "https://purl.stanford.edu/nn911dh9807", "title": "満洲二万五千分一圖", "ckey": 12725908, "available": true, "iiifUrl": "https://purl.stanford.edu/nn911dh9807/iiif/manifest" }, "geometry": { "type": "Polygon", "coordinates": [ [ [ 119.625, 49.2499997 ], [ 119.75, 49.2499997 ], [ 119.75, 49.333333 ], [ 119.625, 49.333333 ], [ 119.625, 49.2499997 ] ] ] } },
{ "type": "Feature", "properties": { "Id": 0, "Sheet_ID": "海垃爾近傍_5. 饅頭山", "label": "海垃爾近傍_5. 饅頭山", "call_short": "0", "call_num": "0", "recid": "0", "websiteUrl": "0", "title": "0", "ckey": 0, "available": false, "iiifUrl": "0" }, "geometry": { "type": "Polygon", "coordinates": [ [ [ 119.75, 49.2499997 ], [ 119.9, 49.2499997 ], [ 119.9, 49.333333 ], [ 119.75, 49.333333 ], [ 119.75, 49.2499997 ] ] ] } },
{ "type": "Feature", "properties": { "Id": 0, "Sheet_ID": "莫爾格爾近傍_16. アリアト湖", "label": "莫爾格爾近傍_16. アリアト湖", "call_short": "0", "call_num": "0", "recid": "0", "websiteUrl": "0", "title": "0", "ckey": 0, "available": false, "iiifUrl": "0" }, "geometry": { "type": "Polygon", "coordinates": [ [ [ 119.5, 49.333333 ], [ 119.625, 49.333333 ], [ 119.625, 49.416667 ], [ 119.5, 49.416667 ], [ 119.5, 49.333333 ] ] ] } },
{ "type": "Feature", "properties": { "Id": 0, "Sheet_ID": "莫爾格爾近傍_12. 摺岡", "label": "莫爾格爾近傍_12. 摺岡", "call_short": "0", "call_num": "0", "recid": "0", "websiteUrl": "0", "title": "0", "ckey": 0, "available": false, "iiifUrl": "0" }, "geometry": { "type": "Polygon", "coordinates": [ [ [ 119.625, 49.333333 ], [ 119.75, 49.333333 ], [ 119.75, 49.416667 ], [ 119.625, 49.416667 ], [ 119.625, 49.333333 ] ] ] } },
{ "type": "Feature", "properties": { "Id": 0, "Sheet_ID": "莫爾格爾近傍_8. 丸山", "label": "莫爾格爾近傍_8. 丸山", "call_short": "G7270 S25 .J36", "call_num": "G7270 S25 .J36 39-8", "recid": "jy724db6306", "websiteUrl": "https://purl.stanford.edu/jy724db6306", "title": "満洲二万五千分一圖", "ckey": 12725908, "available": true, "iiifUrl": "https://purl.stanford.edu/jy724db6306/iiif/manifest" }, "geometry": { "type": "Polygon", "coordinates": [ [ [ 119.75, 49.333333 ], [ 119.9, 49.333333 ], [ 119.9, 49.416667 ], [ 119.75, 49.416667 ], [ 119.75, 49.333333 ] ] ] } },
{ "type": "Feature", "properties": { "Id": 0, "Sheet_ID": "錦州近傍_2. 桃園", "label": "錦州近傍_2. 桃園", "call_short": "G7270 S25 .J36", "call_num": "G7270 S25 .J36 38-2", "recid": "gr663gy1798", "websiteUrl": "https://purl.stanford.edu/gr663gy1798", "title": "満洲二万五千分一圖", "ckey": 12725908, "available": true, "iiifUrl": "https://purl.stanford.edu/gr663gy1798/iiif/manifest" }, "geometry": { "type": "Polygon", "coordinates": [ [ [ 121.0625, 41.0 ], [ 121.1875, 41.0 ], [ 121.1875, 41.0833335 ], [ 121.0625, 41.0833335 ], [ 121.0625, 41.0 ] ] ] } },
{ "type": "Feature", "properties": { "Id": 0, "Sheet_ID": "錦州近傍_1. 錦州", "label": "錦州近傍_1. 錦州", "call_short": "G7270 S25 .J36", "call_num": "G7270 S25 .J36 38-1", "recid": "hp870xn0055", "websiteUrl": "https://purl.stanford.edu/hp870xn0055", "title": "満洲二万五千分一圖", "ckey": 12725908, "available": true, "iiifUrl": "https://purl.stanford.edu/hp870xn0055/iiif/manifest" }, "geometry": { "type": "Polygon", "coordinates": [ [ [ 121.0625, 41.0833335 ], [ 121.1875, 41.0833335 ], [ 121.1875, 41.166667 ], [ 121.0625, 41.166667 ], [ 121.0625, 41.0833335 ] ] ] } },
{ "type": "Feature", "properties": { "Id": 0, "Sheet_ID": "奉天近傍_5. 渾河堡", "label": "奉天近傍_5. 渾河堡", "call_short": "G7270 S25 .J36", "call_num": "G7270 S25 .J36 37-5", "recid": "xd724br9572", "websiteUrl": "https://purl.stanford.edu/xd724br9572", "title": "満洲二万五千分一圖", "ckey": 12725908, "available": true, "iiifUrl": "https://purl.stanford.edu/xd724br9572/iiif/manifest" }, "geometry": { "type": "Polygon", "coordinates": [ [ [ 123.375, 41.666667 ], [ 123.5, 41.666667 ], [ 123.5, 41.7500003 ], [ 123.375, 41.7500003 ], [ 123.375, 41.666667 ] ] ] } },
{ "type": "Feature", "properties": { "Id": 0, "Sheet_ID": "奉天近傍_6. 皇姑屯", "label": "奉天近傍_6. 皇姑屯", "call_short": "G7270 S25 .J36", "call_num": "G7270 S25 .J36 37-6", "recid": "vr573fh0773", "websiteUrl": "https://purl.stanford.edu/vr573fh0773", "title": "満洲二万五千分一圖", "ckey": 12725908, "available": true, "iiifUrl": "https://purl.stanford.edu/vr573fh0773/iiif/manifest" }, "geometry": { "type": "Polygon", "coordinates": [ [ [ 123.25, 41.7500003 ], [ 123.375, 41.7500003 ], [ 123.375, 41.8333337 ], [ 123.25, 41.8333337 ], [ 123.25, 41.7500003 ] ] ] } },
{ "type": "Feature", "properties": { "Id": 0, "Sheet_ID": "奉天近傍_4. 奉天", "label": "奉天近傍_4. 奉天", "call_short": "G7270 S25 .J36", "call_num": "G7270 S25 .J36 37-4", "recid": "wg735mj9968", "websiteUrl": "https://purl.stanford.edu/wg735mj9968", "title": "満洲二万五千分一圖", "ckey": 12725908, "available": true, "iiifUrl": "https://purl.stanford.edu/wg735mj9968/iiif/manifest" }, "geometry": { "type": "Polygon", "coordinates": [ [ [ 123.375, 41.7500003 ], [ 123.5, 41.7500003 ], [ 123.5, 41.8333337 ], [ 123.375, 41.8333337 ], [ 123.375, 41.7500003 ] ] ] } },
{ "type": "Feature", "properties": { "Id": 0, "Sheet_ID": "奉天近傍_2. 東陵", "label": "奉天近傍_2. 東陵", "call_short": "G7270 S25 .J36", "call_num": "G7270 S25 .J36 37-2", "recid": "pf328tf2531", "websiteUrl": "https://purl.stanford.edu/pf328tf2531", "title": "満洲二万五千分一圖", "ckey": 12725908, "available": true, "iiifUrl": "https://purl.stanford.edu/pf328tf2531/iiif/manifest" }, "geometry": { "type": "Polygon", "coordinates": [ [ [ 123.5, 41.7500003 ], [ 123.625, 41.7500003 ], [ 123.625, 41.8333337 ], [ 123.5, 41.8333337 ], [ 123.5, 41.7500003 ] ] ] } },
{ "type": "Feature", "properties": { "Id": 0, "Sheet_ID": "奉天近傍_3. 北陵", "label": "奉天近傍_3. 北陵", "call_short": "G7270 S25 .J36", "call_num": "G7270 S25 .J36 37-3", "recid": "rk514qh4419", "websiteUrl": "https://purl.stanford.edu/rk514qh4419", "title": "満洲二万五千分一圖", "ckey": 12725908, "available": true, "iiifUrl": "https://purl.stanford.edu/rk514qh4419/iiif/manifest" }, "geometry": { "type": "Polygon", "coordinates": [ [ [ 123.375, 41.8333337 ], [ 123.5, 41.8333337 ], [ 123.5, 41.916667 ], [ 123.375, 41.916667 ], [ 123.375, 41.8333337 ] ] ] } },
{ "type": "Feature", "properties": { "Id": 0, "Sheet_ID": "奉天近傍_1. 英達護堡", "label": "奉天近傍_1. 英達護堡", "call_short": "G7270 S25 .J36", "call_num": "G7270 S25 .J36 37-1", "recid": "rs931mn5678", "websiteUrl": "https://purl.stanford.edu/rs931mn5678", "title": "満洲二万五千分一圖", "ckey": 12725908, "available": true, "iiifUrl": "https://purl.stanford.edu/rs931mn5678/iiif/manifest" }, "geometry": { "type": "Polygon", "coordinates": [ [ [ 123.5, 41.8333337 ], [ 123.625, 41.8333337 ], [ 123.625, 41.916667 ], [ 123.5, 41.916667 ], [ 123.5, 41.8333337 ] ] ] } },
{ "type": "Feature", "properties": { "Id": 0, "Sheet_ID": "斉斉哈爾近傍_6. 昂昂溪", "label": "斉斉哈爾近傍_6. 昂昂溪", "call_short": "G7270 S25 .J36", "call_num": "G7270 S25 .J36 36-6", "recid": "ky889nv6248", "websiteUrl": "https://purl.stanford.edu/ky889nv6248", "title": "満洲二万五千分一圖", "ckey": 12725908, "available": true, "iiifUrl": "https://purl.stanford.edu/ky889nv6248/iiif/manifest" }, "geometry": { "type": "Polygon", "coordinates": [ [ [ 123.875, 47.083333 ], [ 123.875, 47.13 ], [ 123.905, 47.13 ], [ 123.905, 47.1666665 ], [ 123.875, 47.1666665 ], [ 123.75, 47.1666665 ], [ 123.75, 47.083333 ], [ 123.875, 47.083333 ] ] ] } },
{ "type": "Feature", "properties": { "Id": 0, "Sheet_ID": "斉斉哈爾近傍_5. 大五福瑪", "label": "斉斉哈爾近傍_5. 大五福瑪", "call_short": "0", "call_num": "0", "recid": "0", "websiteUrl": "0", "title": "0", "ckey": 0, "available": false, "iiifUrl": "0" }, "geometry": { "type": "Polygon", "coordinates": [ [ [ 123.75, 47.1666665 ], [ 123.875, 47.1666665 ], [ 123.875, 47.25 ], [ 123.75, 47.25 ], [ 123.75, 47.1666665 ] ] ] } },
{ "type": "Feature", "properties": { "Id": 0, "Sheet_ID": "斉斉哈爾近傍_4. 大道三家子", "label": "斉斉哈爾近傍_4. 大道三家子", "call_short": "0", "call_num": "0", "recid": "0", "websiteUrl": "0", "title": "0", "ckey": 0, "available": false, "iiifUrl": "0" }, "geometry": { "type": "Polygon", "coordinates": [ [ [ 123.875, 47.1666665 ], [ 124.0, 47.1666665 ], [ 124.0, 47.25 ], [ 123.875, 47.25 ], [ 123.875, 47.1666665 ] ] ] } },
{ "type": "Feature", "properties": { "Id": 0, "Sheet_ID": "斉斉哈爾近傍_3. 齊齊哈爾南部", "label": "斉斉哈爾近傍_3. 齊齊哈爾南部", "call_short": "G7270 S25 .J36", "call_num": "G7270 S25 .J36 36-3", "recid": "pb564rf1339", "websiteUrl": "https://purl.stanford.edu/pb564rf1339", "title": "満洲二万五千分一圖", "ckey": 12725908, "available": true, "iiifUrl": "https://purl.stanford.edu/pb564rf1339/iiif/manifest" }, "geometry": { "type": "Polygon", "coordinates": [ [ [ 124.0, 47.25 ], [ 124.02, 47.25 ], [ 124.02, 47.3333335 ], [ 124.0, 47.3333335 ], [ 123.875, 47.3333335 ], [ 123.875, 47.25 ], [ 124.0, 47.25 ] ] ] } },
{ "type": "Feature", "properties": { "Id": 0, "Sheet_ID": "斉斉哈爾近傍_2. 齊齊哈爾北部", "label": "斉斉哈爾近傍_2. 齊齊哈爾北部", "call_short": "G7270 S25 .J36", "call_num": "G7270 S25 .J36 36-2", "recid": "mt778ps1072", "websiteUrl": "https://purl.stanford.edu/mt778ps1072", "title": "満洲二万五千分一圖", "ckey": 12725908, "available": true, "iiifUrl": "https://purl.stanford.edu/mt778ps1072/iiif/manifest" }, "geometry": { "type": "Polygon", "coordinates": [ [ [ 123.875, 47.3333335 ], [ 124.0, 47.3333335 ], [ 124.0, 47.416667 ], [ 123.875, 47.416667 ], [ 123.875, 47.3333335 ] ] ] } },
{ "type": "Feature", "properties": { "Id": 0, "Sheet_ID": "斉斉哈爾近傍_1. 四家子", "label": "斉斉哈爾近傍_1. 四家子", "call_short": "0", "call_num": "0", "recid": "0", "websiteUrl": "0", "title": "0", "ckey": 0, "available": false, "iiifUrl": "0" }, "geometry": { "type": "Polygon", "coordinates": [ [ [ 124.0, 47.3333335 ], [ 124.125, 47.3333335 ], [ 124.125, 47.416667 ], [ 124.0, 47.416667 ], [ 124.0, 47.3333335 ] ] ] } },
{ "type": "Feature", "properties": { "Id": 0, "Sheet_ID": "吉林近傍_4. 騷達溝", "label": "吉林近傍_4. 騷達溝", "call_short": "G7270 S25 .J36", "call_num": "G7270 S25 .J36 35-4", "recid": "cf668pw0981", "websiteUrl": "https://purl.stanford.edu/cf668pw0981", "title": "満洲二万五千分一圖", "ckey": 12725908, "available": true, "iiifUrl": "https://purl.stanford.edu/cf668pw0981/iiif/manifest" }, "geometry": { "type": "Polygon", "coordinates": [ [ [ 126.375, 43.75 ], [ 126.5, 43.75 ], [ 126.5, 43.8333335 ], [ 126.375, 43.8333335 ], [ 126.375, 43.75 ] ] ] } },
{ "type": "Feature", "properties": { "Id": 0, "Sheet_ID": "吉林近傍_2. 吉林南部", "label": "吉林近傍_2. 吉林南部", "call_short": "G7270 S25 .J36", "call_num": "G7270 S25 .J36 35-2", "recid": "rz379gx0564", "websiteUrl": "https://purl.stanford.edu/rz379gx0564", "title": "満洲二万五千分一圖", "ckey": 12725908, "available": true, "iiifUrl": "https://purl.stanford.edu/rz379gx0564/iiif/manifest" }, "geometry": { "type": "Polygon", "coordinates": [ [ [ 126.5, 43.75 ], [ 126.625, 43.75 ], [ 126.625, 43.8333335 ], [ 126.5, 43.8333335 ], [ 126.5, 43.75 ] ] ] } },
{ "type": "Feature", "properties": { "Id": 0, "Sheet_ID": "吉林近傍_3. 通氣溝", "label": "吉林近傍_3. 通氣溝", "call_short": "G7270 S25 .J36", "call_num": "G7270 S25 .J36 35-3", "recid": "jh270bw3418", "websiteUrl": "https://purl.stanford.edu/jh270bw3418", "title": "満洲二万五千分一圖", "ckey": 12725908, "available": true, "iiifUrl": "https://purl.stanford.edu/jh270bw3418/iiif/manifest" }, "geometry": { "type": "Polygon", "coordinates": [ [ [ 126.375, 43.8333335 ], [ 126.5, 43.8333335 ], [ 126.5, 43.916667 ], [ 126.375, 43.916667 ], [ 126.375, 43.8333335 ] ] ] } },
{ "type": "Feature", "properties": { "Id": 0, "Sheet_ID": "吉林近傍_1. 吉林北部", "label": "吉林近傍_1. 吉林北部", "call_short": "G7270 S25 .J36", "call_num": "G7270 S25 .J36 35-1", "recid": "ys320nc4723", "websiteUrl": "https://purl.stanford.edu/ys320nc4723", "title": "満洲二万五千分一圖", "ckey": 12725908, "available": true, "iiifUrl": "https://purl.stanford.edu/ys320nc4723/iiif/manifest" }, "geometry": { "type": "Polygon", "coordinates": [ [ [ 126.5, 43.8333335 ], [ 126.625, 43.8333335 ], [ 126.625, 43.916667 ], [ 126.5, 43.916667 ], [ 126.5, 43.8333335 ] ] ] } },
{ "type": "Feature", "properties": { "Id": 0, "Sheet_ID": "哈爾濱近傍_4. 哈爾濱西南部", "label": "哈爾濱近傍_4. 哈爾濱西南部", "call_short": "G7270 S25 .J36", "call_num": "G7270 S25 .J36 34-4", "recid": "vh603cq5191", "websiteUrl": "https://purl.stanford.edu/vh603cq5191", "title": "満洲二万五千分一圖", "ckey": 12725908, "available": true, "iiifUrl": "https://purl.stanford.edu/vh603cq5191/iiif/manifest" }, "geometry": { "type": "Polygon", "coordinates": [ [ [ 126.5, 45.666667 ], [ 126.625, 45.666667 ], [ 126.625, 45.75 ], [ 126.5, 45.75 ], [ 126.5, 45.666667 ] ] ] } },
{ "type": "Feature", "properties": { "Id": 0, "Sheet_ID": "哈爾濱近傍_2. 哈爾濱東南部", "label": "哈爾濱近傍_2. 哈爾濱東南部", "call_short": "G7270 S25 .J36", "call_num": "G7270 S25 .J36 34-2", "recid": "pq210mp1486", "websiteUrl": "https://purl.stanford.edu/pq210mp1486", "title": "満洲二万五千分一圖", "ckey": 12725908, "available": true, "iiifUrl": "https://purl.stanford.edu/pq210mp1486/iiif/manifest" }, "geometry": { "type": "Polygon", "coordinates": [ [ [ 126.625, 45.666667 ], [ 126.75, 45.666667 ], [ 126.75, 45.75 ], [ 126.625, 45.75 ], [ 126.625, 45.666667 ] ] ] } },
{ "type": "Feature", "properties": { "Id": 0, "Sheet_ID": "哈爾濱近傍_3. 哈爾濱西北部", "label": "哈爾濱近傍_3. 哈爾濱西北部", "call_short": "G7270 S25 .J36", "call_num": "G7270 S25 .J36 34-3", "recid": "fh525jw2220", "websiteUrl": "https://purl.stanford.edu/fh525jw2220", "title": "満洲二万五千分一圖", "ckey": 12725908, "available": true, "iiifUrl": "https://purl.stanford.edu/fh525jw2220/iiif/manifest" }, "geometry": { "type": "Polygon", "coordinates": [ [ [ 126.5, 45.75 ], [ 126.625, 45.75 ], [ 126.625, 45.833333 ], [ 126.5, 45.833333 ], [ 126.5, 45.75 ] ] ] } },
{ "type": "Feature", "properties": { "Id": 0, "Sheet_ID": "哈爾濱近傍_1. 哈爾濱東北部", "label": "哈爾濱近傍_1. 哈爾濱東北部", "call_short": "0", "call_num": "0", "recid": "0", "websiteUrl": "0", "title": "0", "ckey": 0, "available": false, "iiifUrl": "0" }, "geometry": { "type": "Polygon", "coordinates": [ [ [ 126.625, 45.75 ], [ 126.75, 45.75 ], [ 126.75, 45.833333 ], [ 126.625, 45.833333 ], [ 126.625, 45.75 ] ] ] } },
{ "type": "Feature", "properties": { "Id": 0, "Sheet_ID": "喓子溝近傍_9. 天頂臺", "label": "喓子溝近傍_9. 天頂臺", "call_short": "G7270 S25 .J36", "call_num": "G7270 S25 .J36 20-9", "recid": "zd813dr3401", "websiteUrl": "https://purl.stanford.edu/zd813dr3401", "title": "満洲二万五千分一圖", "ckey": 12725908, "available": true, "iiifUrl": "https://purl.stanford.edu/zd813dr3401/iiif/manifest" }, "geometry": { "type": "Polygon", "coordinates": [ [ [ 129.625, 44.25 ], [ 129.75, 44.25 ], [ 129.75, 44.3333333 ], [ 129.625, 44.3333333 ], [ 129.625, 44.25 ] ] ] } },
{ "type": "Feature", "properties": { "Id": 0, "Sheet_ID": "牡丹江近傍_16. 花臉溝屯", "label": "牡丹江近傍_16. 花臉溝屯", "call_short": "G7270 S25 .J36", "call_num": "G7270 S25 .J36 19-16", "recid": "ft370yr0402", "websiteUrl": "https://purl.stanford.edu/ft370yr0402", "title": "満洲二万五千分一圖", "ckey": 12725908, "available": true, "iiifUrl": "https://purl.stanford.edu/ft370yr0402/iiif/manifest" }, "geometry": { "type": "Polygon", "coordinates": [ [ [ 129.5, 44.3333333 ], [ 129.625, 44.3333333 ], [ 129.625, 44.4166667 ], [ 129.5, 44.4166667 ], [ 129.5, 44.3333333 ] ] ] } },
{ "type": "Feature", "properties": { "Id": 0, "Sheet_ID": "牡丹江近傍_12. 南部臺", "label": "牡丹江近傍_12. 南部臺", "call_short": "G7270 S25 .J36", "call_num": "G7270 S25 .J36 19-12", "recid": "qb530rg7579", "websiteUrl": "https://purl.stanford.edu/qb530rg7579", "title": "満洲二万五千分一圖", "ckey": 12725908, "available": true, "iiifUrl": "https://purl.stanford.edu/qb530rg7579/iiif/manifest" }, "geometry": { "type": "Polygon", "coordinates": [ [ [ 129.625, 44.3333333 ], [ 129.75, 44.3333333 ], [ 129.75, 44.4166667 ], [ 129.625, 44.4166667 ], [ 129.625, 44.3333333 ] ] ] } },
{ "type": "Feature", "properties": { "Id": 0, "Sheet_ID": "牡丹江近傍_8. 燈樓樹山", "label": "牡丹江近傍_8. 燈樓樹山", "call_short": "G7270 S25 .J36", "call_num": "G7270 S25 .J36 19-8", "recid": "gc524bp8124", "websiteUrl": "https://purl.stanford.edu/gc524bp8124", "title": "満洲二万五千分一圖", "ckey": 12725908, "available": true, "iiifUrl": "https://purl.stanford.edu/gc524bp8124/iiif/manifest" }, "geometry": { "type": "Polygon", "coordinates": [ [ [ 129.75, 44.3333333 ], [ 129.875, 44.3333333 ], [ 129.875, 44.4166667 ], [ 129.75, 44.4166667 ], [ 129.75, 44.3333333 ] ] ] } },
{ "type": "Feature", "properties": { "Id": 0, "Sheet_ID": "牡丹江近傍_15. 千溝子", "label": "牡丹江近傍_15. 千溝子", "call_short": "G7270 S25 .J36", "call_num": "G7270 S25 .J36 19-15", "recid": "zh085gp0443", "websiteUrl": "https://purl.stanford.edu/zh085gp0443", "title": "満洲二万五千分一圖", "ckey": 12725908, "available": true, "iiifUrl": "https://purl.stanford.edu/zh085gp0443/iiif/manifest" }, "geometry": { "type": "Polygon", "coordinates": [ [ [ 129.5, 44.4166667 ], [ 129.625, 44.4166667 ], [ 129.625, 44.5 ], [ 129.5, 44.5 ], [ 129.5, 44.4166667 ] ] ] } },
{ "type": "Feature", "properties": { "Id": 0, "Sheet_ID": "牡丹江近傍_11. 南溝西屯", "label": "牡丹江近傍_11. 南溝西屯", "call_short": "G7270 S25 .J36", "call_num": "G7270 S25 .J36 19-11", "recid": "cy357zc8521", "websiteUrl": "https://purl.stanford.edu/cy357zc8521", "title": "満洲二万五千分一圖", "ckey": 12725908, "available": true, "iiifUrl": "https://purl.stanford.edu/cy357zc8521/iiif/manifest" }, "geometry": { "type": "Polygon", "coordinates": [ [ [ 129.625, 44.4166667 ], [ 129.75, 44.4166667 ], [ 129.75, 44.5 ], [ 129.625, 44.5 ], [ 129.625, 44.4166667 ] ] ] } },
{ "type": "Feature", "properties": { "Id": 0, "Sheet_ID": "牡丹江近傍_7. 四壘臺", "label": "牡丹江近傍_7. 四壘臺", "call_short": "G7270 S25 .J36", "call_num": "G7270 S25 .J36 19-7", "recid": "nf521jf0899", "websiteUrl": "https://purl.stanford.edu/nf521jf0899", "title": "満洲二万五千分一圖", "ckey": 12725908, "available": true, "iiifUrl": "https://purl.stanford.edu/nf521jf0899/iiif/manifest" }, "geometry": { "type": "Polygon", "coordinates": [ [ [ 129.75, 44.4166667 ], [ 129.875, 44.4166667 ], [ 129.875, 44.5 ], [ 129.75, 44.5 ], [ 129.75, 44.4166667 ] ] ] } },
{ "type": "Feature", "properties": { "Id": 0, "Sheet_ID": "三道卡近傍_8. 老卡南溝", "label": "三道卡近傍_8. 老卡南溝", "call_short": "0", "call_num": "0", "recid": "0", "websiteUrl": "0", "title": "0", "ckey": 0, "available": false, "iiifUrl": "0" }, "geometry": { "type": "Polygon", "coordinates": [ [ [ 126.75, 51.0 ], [ 126.875, 51.0 ], [ 126.875, 51.0833333 ], [ 126.75, 51.0833333 ], [ 126.75, 51.0 ] ] ] } },
{ "type": "Feature", "properties": { "Id": 0, "Sheet_ID": "三道卡近傍_4. 四克金", "label": "三道卡近傍_4. 四克金", "call_short": "G7270 S25 .J36", "call_num": "G7270 S25 .J36 31-4", "recid": "br764tk6327", "websiteUrl": "https://purl.stanford.edu/br764tk6327", "title": "満洲二万五千分一圖", "ckey": 12725908, "available": true, "iiifUrl": "https://purl.stanford.edu/br764tk6327/iiif/manifest" }, "geometry": { "type": "Polygon", "coordinates": [ [ [ 126.875, 51.0 ], [ 127.0, 51.0 ], [ 127.0, 51.0833333 ], [ 126.875, 51.0833333 ], [ 126.875, 51.0 ] ] ] } },
{ "type": "Feature", "properties": { "Id": 0, "Sheet_ID": "三道卡近傍_11. 腰卡金廠", "label": "三道卡近傍_11. 腰卡金廠", "call_short": "0", "call_num": "0", "recid": "0", "websiteUrl": "0", "title": "0", "ckey": 0, "available": false, "iiifUrl": "0" }, "geometry": { "type": "Polygon", "coordinates": [ [ [ 126.625, 51.0833333 ], [ 126.75, 51.0833333 ], [ 126.75, 51.1666665 ], [ 126.625, 51.1666665 ], [ 126.625, 51.0833333 ] ] ] } },
{ "type": "Feature", "properties": { "Id": 0, "Sheet_ID": "三道卡近傍_7. 寛河屯", "label": "三道卡近傍_7. 寛河屯", "call_short": "0", "call_num": "0", "recid": "0", "websiteUrl": "0", "title": "0", "ckey": 0, "available": false, "iiifUrl": "0" }, "geometry": { "type": "Polygon", "coordinates": [ [ [ 126.75, 51.0833333 ], [ 126.875, 51.0833333 ], [ 126.875, 51.1666665 ], [ 126.75, 51.1666665 ], [ 126.75, 51.0833333 ] ] ] } },
{ "type": "Feature", "properties": { "Id": 0, "Sheet_ID": "三道卡近傍_3. 三道卡", "label": "三道卡近傍_3. 三道卡", "call_short": "G7270 S25 .J36", "call_num": "G7270 S25 .J36 31-3", "recid": "cz377ts8273", "websiteUrl": "https://purl.stanford.edu/cz377ts8273", "title": "満洲二万五千分一圖", "ckey": 12725908, "available": true, "iiifUrl": "https://purl.stanford.edu/cz377ts8273/iiif/manifest" }, "geometry": { "type": "Polygon", "coordinates": [ [ [ 126.875, 51.0833333 ], [ 127.0, 51.0833333 ], [ 127.0, 51.1666665 ], [ 126.875, 51.1666665 ], [ 126.875, 51.0833333 ] ] ] } },
{ "type": "Feature", "properties": { "Id": 0, "Sheet_ID": "三道卡近傍_10. 漢達河", "label": "三道卡近傍_10. 漢達河", "call_short": "G7270 S25 .J36", "call_num": "G7270 S25 .J36 31-10", "recid": "ww523xp3262", "websiteUrl": "https://purl.stanford.edu/ww523xp3262", "title": "満洲二万五千分一圖", "ckey": 12725908, "available": true, "iiifUrl": "https://purl.stanford.edu/ww523xp3262/iiif/manifest" }, "geometry": { "type": "Polygon", "coordinates": [ [ [ 126.625, 51.1666665 ], [ 126.75, 51.1666665 ], [ 126.75, 51.2499998 ], [ 126.625, 51.2499998 ], [ 126.625, 51.1666665 ] ] ] } },
{ "type": "Feature", "properties": { "Id": 0, "Sheet_ID": "三道卡近傍_6. 水磨", "label": "三道卡近傍_6. 水磨", "call_short": "G7270 S25 .J36", "call_num": "G7270 S25 .J36 31-6", "recid": "pc926hr9959", "websiteUrl": "https://purl.stanford.edu/pc926hr9959", "title": "満洲二万五千分一圖", "ckey": 12725908, "available": true, "iiifUrl": "https://purl.stanford.edu/pc926hr9959/iiif/manifest" }, "geometry": { "type": "Polygon", "coordinates": [ [ [ 126.75, 51.1666665 ], [ 126.875, 51.1666665 ], [ 126.875, 51.2499998 ], [ 126.75, 51.2499998 ], [ 126.75, 51.1666665 ] ] ] } },
{ "type": "Feature", "properties": { "Id": 0, "Sheet_ID": "三道卡近傍_2. 三間房", "label": "三道卡近傍_2. 三間房", "call_short": "G7270 S25 .J36", "call_num": "G7270 S25 .J36 31-2", "recid": "tg081fc6108", "websiteUrl": "https://purl.stanford.edu/tg081fc6108", "title": "満洲二万五千分一圖", "ckey": 12725908, "available": true, "iiifUrl": "https://purl.stanford.edu/tg081fc6108/iiif/manifest" }, "geometry": { "type": "Polygon", "coordinates": [ [ [ 126.875, 51.1666665 ], [ 127.0, 51.1666665 ], [ 127.0, 51.2499998 ], [ 126.875, 51.2499998 ], [ 126.875, 51.1666665 ] ] ] } },
{ "type": "Feature", "properties": { "Id": 0, "Sheet_ID": "三道卡近傍_9. 老頭店", "label": "三道卡近傍_9. 老頭店", "call_short": "0", "call_num": "0", "recid": "0", "websiteUrl": "0", "title": "0", "ckey": 0, "available": false, "iiifUrl": "0" }, "geometry": { "type": "Polygon", "coordinates": [ [ [ 126.625, 51.2499998 ], [ 126.75, 51.2499998 ], [ 126.75, 51.333333 ], [ 126.625, 51.333333 ], [ 126.625, 51.2499998 ] ] ] } },
{ "type": "Feature", "properties": { "Id": 0, "Sheet_ID": "三道卡近傍_5. 麒麟間", "label": "三道卡近傍_5. 麒麟間", "call_short": "G7270 S25 .J36", "call_num": "G7270 S25 .J36 31-5", "recid": "nd569dc0621", "websiteUrl": "https://purl.stanford.edu/nd569dc0621", "title": "満洲二万五千分一圖", "ckey": 12725908, "available": true, "iiifUrl": "https://purl.stanford.edu/nd569dc0621/iiif/manifest" }, "geometry": { "type": "Polygon", "coordinates": [ [ [ 126.75, 51.2499998 ], [ 126.875, 51.2499998 ], [ 126.875, 51.333333 ], [ 126.75, 51.333333 ], [ 126.75, 51.2499998 ] ] ] } },
{ "type": "Feature", "properties": { "Id": 0, "Sheet_ID": "三道卡近傍_1. 獨立口", "label": "三道卡近傍_1. 獨立口", "call_short": "G7270 S25 .J36", "call_num": "G7270 S25 .J36 31-1", "recid": "mf214mr7267", "websiteUrl": "https://purl.stanford.edu/mf214mr7267", "title": "満洲二万五千分一圖", "ckey": 12725908, "available": true, "iiifUrl": "https://purl.stanford.edu/mf214mr7267/iiif/manifest" }, "geometry": { "type": "Polygon", "coordinates": [ [ [ 126.875, 51.2499998 ], [ 127.0, 51.2499998 ], [ 127.0, 51.333333 ], [ 126.875, 51.333333 ], [ 126.875, 51.2499998 ] ] ] } },
{ "type": "Feature", "properties": { "Id": 0, "Sheet_ID": "獨立口東方", "label": "獨立口東方", "call_short": "0", "call_num": "0", "recid": "0", "websiteUrl": "0", "title": "0", "ckey": 0, "available": false, "iiifUrl": "0" }, "geometry": { "type": "Polygon", "coordinates": [ [ [ 127.0, 51.2499998 ], [ 127.125, 51.2499998 ], [ 127.125, 51.333333 ], [ 127.0, 51.333333 ], [ 127.0, 51.2499998 ] ] ] } },
{ "type": "Feature", "properties": { "Id": 0, "Sheet_ID": "パクーリハ河", "label": "パクーリハ河", "call_short": "0", "call_num": "0", "recid": "0", "websiteUrl": "0", "title": "0", "ckey": 0, "available": false, "iiifUrl": "0" }, "geometry": { "type": "Polygon", "coordinates": [ [ [ 127.0, 51.1666665 ], [ 127.125, 51.1666665 ], [ 127.125, 51.2499998 ], [ 127.0, 51.2499998 ], [ 127.0, 51.1666665 ] ] ] } },
{ "type": "Feature", "properties": { "Id": 0, "Sheet_ID": "ボルタニーハ河", "label": "ボルタニーハ河", "call_short": "0", "call_num": "0", "recid": "0", "websiteUrl": "0", "title": "0", "ckey": 0, "available": false, "iiifUrl": "0" }, "geometry": { "type": "Polygon", "coordinates": [ [ [ 127.0, 51.0833333 ], [ 127.125, 51.0833333 ], [ 127.125, 51.1666665 ], [ 127.0, 51.1666665 ], [ 127.0, 51.0833333 ] ] ] } },
{ "type": "Feature", "properties": { "Id": 0, "Sheet_ID": "マラヤカメヌシカ河", "label": "マラヤカメヌシカ河", "call_short": "0", "call_num": "0", "recid": "0", "websiteUrl": "0", "title": "0", "ckey": 0, "available": false, "iiifUrl": "0" }, "geometry": { "type": "Polygon", "coordinates": [ [ [ 127.0, 51.0 ], [ 127.125, 51.0 ], [ 127.125, 51.0833333 ], [ 127.0, 51.0833333 ], [ 127.0, 51.0 ] ] ] } },
{ "type": "Feature", "properties": { "Id": 0, "Sheet_ID": "老卡南溝南方", "label": "老卡南溝南方", "call_short": "0", "call_num": "0", "recid": "0", "websiteUrl": "0", "title": "0", "ckey": 0, "available": false, "iiifUrl": "0" }, "geometry": { "type": "Polygon", "coordinates": [ [ [ 126.75, 50.9166667 ], [ 126.875, 50.9166667 ], [ 126.875, 50.9999999 ], [ 126.75, 50.9999999 ], [ 126.75, 50.9166667 ] ] ] } },
{ "type": "Feature", "properties": { "Id": 0, "Sheet_ID": "白石磖子近傍_16. 興業金廠", "label": "白石磖子近傍_16. 興業金廠", "call_short": "G7270 S25 .J36", "call_num": "G7270 S25 .J36 26-16", "recid": "rc236yx0879", "websiteUrl": "https://purl.stanford.edu/rc236yx0879", "title": "満洲二万五千分一圖", "ckey": 12725908, "available": true, "iiifUrl": "https://purl.stanford.edu/rc236yx0879/iiif/manifest" }, "geometry": { "type": "Polygon", "coordinates": [ [ [ 127.0, 50.666667 ], [ 127.125, 50.666667 ], [ 127.125, 50.7500002 ], [ 127.0, 50.7500002 ], [ 127.0, 50.666667 ] ] ] } },
{ "type": "Feature", "properties": { "Id": 0, "Sheet_ID": "白石磖子近傍_12. 小克楞河", "label": "白石磖子近傍_12. 小克楞河", "call_short": "G7270 S25 .J36", "call_num": "G7270 S25 .J36 26-12", "recid": "qt671dj0246", "websiteUrl": "https://purl.stanford.edu/qt671dj0246", "title": "満洲二万五千分一圖", "ckey": 12725908, "available": true, "iiifUrl": "https://purl.stanford.edu/qt671dj0246/iiif/manifest" }, "geometry": { "type": "Polygon", "coordinates": [ [ [ 127.125, 50.666667 ], [ 127.25, 50.666667 ], [ 127.25, 50.7500002 ], [ 127.125, 50.7500002 ], [ 127.125, 50.666667 ] ] ] } },
{ "type": "Feature", "properties": { "Id": 0, "Sheet_ID": "白石磖子近傍_8. 白石磖子", "label": "白石磖子近傍_8. 白石磖子", "call_short": "G7270 S25 .J36", "call_num": "G7270 S25 .J36 26-8", "recid": "zv585kt6755", "websiteUrl": "https://purl.stanford.edu/zv585kt6755", "title": "満洲二万五千分一圖", "ckey": 12725908, "available": true, "iiifUrl": "https://purl.stanford.edu/zv585kt6755/iiif/manifest" }, "geometry": { "type": "Polygon", "coordinates": [ [ [ 127.25, 50.666667 ], [ 127.375, 50.666667 ], [ 127.375, 50.7500002 ], [ 127.25, 50.7500002 ], [ 127.25, 50.666667 ] ] ] } },
{ "type": "Feature", "properties": { "Id": 0, "Sheet_ID": "白石磖子近傍_4. スタロヅボワ農舎", "label": "白石磖子近傍_4. スタロヅボワ農舎", "call_short": "0", "call_num": "0", "recid": "0", "websiteUrl": "0", "title": "0", "ckey": 0, "available": false, "iiifUrl": "0" }, "geometry": { "type": "Polygon", "coordinates": [ [ [ 127.375, 50.666667 ], [ 127.5, 50.666667 ], [ 127.5, 50.7500002 ], [ 127.375, 50.7500002 ], [ 127.375, 50.666667 ] ] ] } },
{ "type": "Feature", "properties": { "Id": 0, "Sheet_ID": "白石磖子近傍_15. 武烈山", "label": "白石磖子近傍_15. 武烈山", "call_short": "G7270 S25 .J36", "call_num": "G7270 S25 .J36 26-15", "recid": "sp863mr2977", "websiteUrl": "https://purl.stanford.edu/sp863mr2977", "title": "満洲二万五千分一圖", "ckey": 12725908, "available": true, "iiifUrl": "https://purl.stanford.edu/sp863mr2977/iiif/manifest" }, "geometry": { "type": "Polygon", "coordinates": [ [ [ 127.0, 50.7500002 ], [ 127.125, 50.7500002 ], [ 127.125, 50.8333335 ], [ 127.0, 50.8333335 ], [ 127.0, 50.7500002 ] ] ] } },
{ "type": "Feature", "properties": { "Id": 0, "Sheet_ID": "白石磖子近傍_11. 大克楞河", "label": "白石磖子近傍_11. 大克楞河", "call_short": "G7270 S25 .J36", "call_num": "G7270 S25 .J36 26-11", "recid": "yj928gw5602", "websiteUrl": "https://purl.stanford.edu/yj928gw5602", "title": "満洲二万五千分一圖", "ckey": 12725908, "available": true, "iiifUrl": "https://purl.stanford.edu/yj928gw5602/iiif/manifest" }, "geometry": { "type": "Polygon", "coordinates": [ [ [ 127.125, 50.7500002 ], [ 127.25, 50.7500002 ], [ 127.25, 50.8333335 ], [ 127.125, 50.8333335 ], [ 127.125, 50.7500002 ] ] ] } },
{ "type": "Feature", "properties": { "Id": 0, "Sheet_ID": "白石磖子近傍_7. 二卡", "label": "白石磖子近傍_7. 二卡", "call_short": "G7270 S25 .J36", "call_num": "G7270 S25 .J36 26-7", "recid": "vz501yt9175", "websiteUrl": "https://purl.stanford.edu/vz501yt9175", "title": "満洲二万五千分一圖", "ckey": 12725908, "available": true, "iiifUrl": "https://purl.stanford.edu/vz501yt9175/iiif/manifest" }, "geometry": { "type": "Polygon", "coordinates": [ [ [ 127.25, 50.7500002 ], [ 127.375, 50.7500002 ], [ 127.375, 50.8333335 ], [ 127.25, 50.8333335 ], [ 127.25, 50.7500002 ] ] ] } },
{ "type": "Feature", "properties": { "Id": 0, "Sheet_ID": "白石磖子近傍_3. マンジウルカ河", "label": "白石磖子近傍_3. マンジウルカ河", "call_short": "0", "call_num": "0", "recid": "0", "websiteUrl": "0", "title": "0", "ckey": 0, "available": false, "iiifUrl": "0" }, "geometry": { "type": "Polygon", "coordinates": [ [ [ 127.375, 50.7500002 ], [ 127.5, 50.7500002 ], [ 127.5, 50.8333335 ], [ 127.375, 50.8333335 ], [ 127.375, 50.7500002 ] ] ] } },
{ "type": "Feature", "properties": { "Id": 0, "Sheet_ID": "白石磖子近傍_14. 至誠金廠", "label": "白石磖子近傍_14. 至誠金廠", "call_short": "G7270 S25 .J36", "call_num": "G7270 S25 .J36 26-14", "recid": "pf617hf0794", "websiteUrl": "https://purl.stanford.edu/pf617hf0794", "title": "満洲二万五千分一圖", "ckey": 12725908, "available": true, "iiifUrl": "https://purl.stanford.edu/pf617hf0794/iiif/manifest" }, "geometry": { "type": "Polygon", "coordinates": [ [ [ 127.0, 50.8333335 ], [ 127.125, 50.8333335 ], [ 127.125, 50.9166667 ], [ 127.0, 50.9166667 ], [ 127.0, 50.8333335 ] ] ] } },
{ "type": "Feature", "properties": { "Id": 0, "Sheet_ID": "白石磖子近傍_10. 滿洲屯", "label": "白石磖子近傍_10. 滿洲屯", "call_short": "G7270 S25 .J36", "call_num": "G7270 S25 .J36 26-10", "recid": "kv211yq9012", "websiteUrl": "https://purl.stanford.edu/kv211yq9012", "title": "満洲二万五千分一圖", "ckey": 12725908, "available": true, "iiifUrl": "https://purl.stanford.edu/kv211yq9012/iiif/manifest" }, "geometry": { "type": "Polygon", "coordinates": [ [ [ 127.125, 50.8333335 ], [ 127.25, 50.8333335 ], [ 127.25, 50.9166667 ], [ 127.125, 50.9166667 ], [ 127.125, 50.8333335 ] ] ] } },
{ "type": "Feature", "properties": { "Id": 0, "Sheet_ID": "白石磖子近傍_6. チェプコーシァ河", "label": "白石磖子近傍_6. チェプコーシァ河", "call_short": "0", "call_num": "0", "recid": "0", "websiteUrl": "0", "title": "0", "ckey": 0, "available": false, "iiifUrl": "0" }, "geometry": { "type": "Polygon", "coordinates": [ [ [ 127.25, 50.8333335 ], [ 127.375, 50.8333335 ], [ 127.375, 50.9166667 ], [ 127.25, 50.9166667 ], [ 127.25, 50.8333335 ] ] ] } },
{ "type": "Feature", "properties": { "Id": 0, "Sheet_ID": "白石磖子近傍_2. クレン谷", "label": "白石磖子近傍_2. クレン谷", "call_short": "0", "call_num": "0", "recid": "0", "websiteUrl": "0", "title": "0", "ckey": 0, "available": false, "iiifUrl": "0" }, "geometry": { "type": "Polygon", "coordinates": [ [ [ 127.375, 50.8333335 ], [ 127.5, 50.8333335 ], [ 127.5, 50.9166667 ], [ 127.375, 50.9166667 ], [ 127.375, 50.8333335 ] ] ] } },
{ "type": "Feature", "properties": { "Id": 0, "Sheet_ID": "白石磖子近傍_13. 四克金石灰窰", "label": "白石磖子近傍_13. 四克金石灰窰", "call_short": "G7270 S25 .J36", "call_num": "G7270 S25 .J36 26-13", "recid": "qx678wz9059", "websiteUrl": "https://purl.stanford.edu/qx678wz9059", "title": "満洲二万五千分一圖", "ckey": 12725908, "available": true, "iiifUrl": "https://purl.stanford.edu/qx678wz9059/iiif/manifest" }, "geometry": { "type": "Polygon", "coordinates": [ [ [ 127.0, 50.9166667 ], [ 127.125, 50.9166667 ], [ 127.125, 51.0 ], [ 127.0, 51.0 ], [ 127.0, 50.9166667 ] ] ] } },
{ "type": "Feature", "properties": { "Id": 0, "Sheet_ID": "白石磖子近傍_9. ボリシャーンカメヌーシカ河", "label": "白石磖子近傍_9. ボリシャーンカメヌーシカ河", "call_short": "0", "call_num": "0", "recid": "0", "websiteUrl": "0", "title": "0", "ckey": 0, "available": false, "iiifUrl": "0" }, "geometry": { "type": "Polygon", "coordinates": [ [ [ 127.125, 50.9166667 ], [ 127.25, 50.9166667 ], [ 127.25, 51.0 ], [ 127.125, 51.0 ], [ 127.125, 50.9166667 ] ] ] } },
{ "type": "Feature", "properties": { "Id": 0, "Sheet_ID": "白石磖子近傍_5. グラーン河", "label": "白石磖子近傍_5. グラーン河", "call_short": "0", "call_num": "0", "recid": "0", "websiteUrl": "0", "title": "0", "ckey": 0, "available": false, "iiifUrl": "0" }, "geometry": { "type": "Polygon", "coordinates": [ [ [ 127.25, 50.9166667 ], [ 127.375, 50.9166667 ], [ 127.375, 51.0 ], [ 127.25, 51.0 ], [ 127.25, 50.9166667 ] ] ] } },
{ "type": "Feature", "properties": { "Id": 0, "Sheet_ID": "白石磖子近傍_1. コンフェライツガゴ農舎", "label": "白石磖子近傍_1. コンフェライツガゴ農舎", "call_short": "0", "call_num": "0", "recid": "0", "websiteUrl": "0", "title": "0", "ckey": 0, "available": false, "iiifUrl": "0" }, "geometry": { "type": "Polygon", "coordinates": [ [ [ 127.375, 50.9166667 ], [ 127.5, 50.9166667 ], [ 127.5, 51.0 ], [ 127.375, 51.0 ], [ 127.375, 50.9166667 ] ] ] } },
{ "type": "Feature", "properties": { "Id": 0, "Sheet_ID": "四克金南方", "label": "四克金南方", "call_short": "0", "call_num": "0", "recid": "0", "websiteUrl": "0", "title": "0", "ckey": 0, "available": false, "iiifUrl": "0" }, "geometry": { "type": "Polygon", "coordinates": [ [ [ 126.875, 50.9166667 ], [ 127.0, 50.9166667 ], [ 127.0, 51.0 ], [ 126.875, 51.0 ], [ 126.875, 50.9166667 ] ] ] } },
{ "type": "Feature", "properties": { "Id": 0, "Sheet_ID": "二道河", "label": "二道河", "call_short": "0", "call_num": "0", "recid": "0", "websiteUrl": "0", "title": "0", "ckey": 0, "available": false, "iiifUrl": "0" }, "geometry": { "type": "Polygon", "coordinates": [ [ [ 126.875, 50.8333335 ], [ 127.0, 50.8333335 ], [ 127.0, 50.9166667 ], [ 126.875, 50.9166667 ], [ 126.875, 50.8333335 ] ] ] } },
{ "type": "Feature", "properties": { "Id": 0, "Sheet_ID": "三角原", "label": "三角原", "call_short": "0", "call_num": "0", "recid": "0", "websiteUrl": "0", "title": "0", "ckey": 0, "available": false, "iiifUrl": "0" }, "geometry": { "type": "Polygon", "coordinates": [ [ [ 126.875, 50.7500002 ], [ 127.0, 50.7500002 ], [ 127.0, 50.8333335 ], [ 126.875, 50.8333335 ], [ 126.875, 50.7500002 ] ] ] } },
{ "type": "Feature", "properties": { "Id": 0, "Sheet_ID": "真砂橋", "label": "真砂橋", "call_short": "0", "call_num": "0", "recid": "0", "websiteUrl": "0", "title": "0", "ckey": 0, "available": false, "iiifUrl": "0" }, "geometry": { "type": "Polygon", "coordinates": [ [ [ 126.875, 50.666667 ], [ 127.0, 50.666667 ], [ 127.0, 50.7500002 ], [ 126.875, 50.7500002 ], [ 126.875, 50.666667 ] ] ] } },
{ "type": "Feature", "properties": { "Id": 0, "Sheet_ID": "孫呉近傍_12. 堯屯", "label": "孫呉近傍_12. 堯屯", "call_short": "G7270 S25 .J36", "call_num": "G7270 S25 .J36 30-12", "recid": "jz082nb9854", "websiteUrl": "https://purl.stanford.edu/jz082nb9854", "title": "満洲二万五千分一圖", "ckey": 12725908, "available": true, "iiifUrl": "https://purl.stanford.edu/jz082nb9854/iiif/manifest" }, "geometry": { "type": "Polygon", "coordinates": [ [ [ 127.125, 49.333333 ], [ 127.25, 49.333333 ], [ 127.25, 49.4166665 ], [ 127.125, 49.4166665 ], [ 127.125, 49.333333 ] ] ] } },
{ "type": "Feature", "properties": { "Id": 0, "Sheet_ID": "孫呉近傍_8. 任家屯", "label": "孫呉近傍_8. 任家屯", "call_short": "G7270 S25 .J36", "call_num": "G7270 S25 .J36 30-8", "recid": "zh849gf1440", "websiteUrl": "https://purl.stanford.edu/zh849gf1440", "title": "満洲二万五千分一圖", "ckey": 12725908, "available": true, "iiifUrl": "https://purl.stanford.edu/zh849gf1440/iiif/manifest" }, "geometry": { "type": "Polygon", "coordinates": [ [ [ 127.25, 49.333333 ], [ 127.375, 49.333333 ], [ 127.375, 49.4166665 ], [ 127.25, 49.4166665 ], [ 127.25, 49.333333 ] ] ] } },
{ "type": "Feature", "properties": { "Id": 0, "Sheet_ID": "孫呉近傍_4. 三家屯", "label": "孫呉近傍_4. 三家屯", "call_short": "G7270 S25 .J36", "call_num": "G7270 S25 .J36 30-4", "recid": "df882qs2329", "websiteUrl": "https://purl.stanford.edu/df882qs2329", "title": "満洲二万五千分一圖", "ckey": 12725908, "available": true, "iiifUrl": "https://purl.stanford.edu/df882qs2329/iiif/manifest" }, "geometry": { "type": "Polygon", "coordinates": [ [ [ 127.375, 49.333333 ], [ 127.5, 49.333333 ], [ 127.5, 49.4166665 ], [ 127.375, 49.4166665 ], [ 127.375, 49.333333 ] ] ] } },
{ "type": "Feature", "properties": { "Id": 0, "Sheet_ID": "霍勒漠津近傍_16. 秋月山", "label": "霍勒漠津近傍_16. 秋月山", "call_short": "G7270 S25 .J36", "call_num": "G7270 S25 .J36 25-16", "recid": "bx254xf5557", "websiteUrl": "https://purl.stanford.edu/bx254xf5557", "title": "満洲二万五千分一圖", "ckey": 12725908, "available": true, "iiifUrl": "https://purl.stanford.edu/bx254xf5557/iiif/manifest" }, "geometry": { "type": "Polygon", "coordinates": [ [ [ 127.5, 49.333333 ], [ 127.625, 49.333333 ], [ 127.625, 49.4166665 ], [ 127.5, 49.4166665 ], [ 127.5, 49.333333 ] ] ] } },
{ "type": "Feature", "properties": { "Id": 0, "Sheet_ID": "霍勒漠津近傍_12. 九段山", "label": "霍勒漠津近傍_12. 九段山", "call_short": "G7270 S25 .J36", "call_num": "G7270 S25 .J36 25-12", "recid": "vp074qb7627", "websiteUrl": "https://purl.stanford.edu/vp074qb7627", "title": "満洲二万五千分一圖", "ckey": 12725908, "available": true, "iiifUrl": "https://purl.stanford.edu/vp074qb7627/iiif/manifest" }, "geometry": { "type": "Polygon", "coordinates": [ [ [ 127.625, 49.333333 ], [ 127.75, 49.333333 ], [ 127.75, 49.4166665 ], [ 127.625, 49.4166665 ], [ 127.625, 49.333333 ] ] ] } },
{ "type": "Feature", "properties": { "Id": 0, "Sheet_ID": "霍勒漠津近傍_8. 西哈拉氣口子", "label": "霍勒漠津近傍_8. 西哈拉氣口子", "call_short": "G7270 S25 .J36", "call_num": "G7270 S25 .J36 25-8", "recid": "jr436cr1534", "websiteUrl": "https://purl.stanford.edu/jr436cr1534", "title": "満洲二万五千分一圖", "ckey": 12725908, "available": true, "iiifUrl": "https://purl.stanford.edu/jr436cr1534/iiif/manifest" }, "geometry": { "type": "Polygon", "coordinates": [ [ [ 127.75, 49.333333 ], [ 127.875, 49.333333 ], [ 127.875, 49.4166665 ], [ 127.75, 49.4166665 ], [ 127.75, 49.333333 ] ] ] } },
{ "type": "Feature", "properties": { "Id": 0, "Sheet_ID": "霍勒漠津近傍_4. 七站", "label": "霍勒漠津近傍_4. 七站", "call_short": "G7270 S25 .J36", "call_num": "G7270 S25 .J36 25-4", "recid": "sg408wj8284", "websiteUrl": "https://purl.stanford.edu/sg408wj8284", "title": "満洲二万五千分一圖", "ckey": 12725908, "available": true, "iiifUrl": "https://purl.stanford.edu/sg408wj8284/iiif/manifest" }, "geometry": { "type": "Polygon", "coordinates": [ [ [ 127.875, 49.333333 ], [ 128.0, 49.333333 ], [ 128.0, 49.4166665 ], [ 127.875, 49.4166665 ], [ 127.875, 49.333333 ] ] ] } },
{ "type": "Feature", "properties": { "Id": 0, "Sheet_ID": "孫呉近傍_11. 腰嶺河", "label": "孫呉近傍_11. 腰嶺河", "call_short": "G7270 S25 .J36", "call_num": "G7270 S25 .J36 30-11", "recid": "vd830hb7199", "websiteUrl": "https://purl.stanford.edu/vd830hb7199", "title": "満洲二万五千分一圖", "ckey": 12725908, "available": true, "iiifUrl": "https://purl.stanford.edu/vd830hb7199/iiif/manifest" }, "geometry": { "type": "Polygon", "coordinates": [ [ [ 127.125, 49.4166665 ], [ 127.25, 49.4166665 ], [ 127.25, 49.5 ], [ 127.125, 49.5 ], [ 127.125, 49.4166665 ] ] ] } },
{ "type": "Feature", "properties": { "Id": 0, "Sheet_ID": "孫呉近傍_7. 孫吳", "label": "孫呉近傍_7. 孫吳", "call_short": "G7270 S25 .J36", "call_num": "G7270 S25 .J36 30-7", "recid": "ns406kc8731", "websiteUrl": "https://purl.stanford.edu/ns406kc8731", "title": "満洲二万五千分一圖", "ckey": 12725908, "available": true, "iiifUrl": "https://purl.stanford.edu/ns406kc8731/iiif/manifest" }, "geometry": { "type": "Polygon", "coordinates": [ [ [ 127.25, 49.4166665 ], [ 127.375, 49.4166665 ], [ 127.375, 49.5 ], [ 127.25, 49.5 ], [ 127.25, 49.4166665 ] ] ] } },
{ "type": "Feature", "properties": { "Id": 0, "Sheet_ID": "孫呉近傍_3. 曾家窩堡", "label": "孫呉近傍_3. 曾家窩堡", "call_short": "G7270 S25 .J36", "call_num": "G7270 S25 .J36 30-3", "recid": "pk899kn8126", "websiteUrl": "https://purl.stanford.edu/pk899kn8126", "title": "満洲二万五千分一圖", "ckey": 12725908, "available": true, "iiifUrl": "https://purl.stanford.edu/pk899kn8126/iiif/manifest" }, "geometry": { "type": "Polygon", "coordinates": [ [ [ 127.375, 49.4166665 ], [ 127.5, 49.4166665 ], [ 127.5, 49.5 ], [ 127.375, 49.5 ], [ 127.375, 49.4166665 ] ] ] } },
{ "type": "Feature", "properties": { "Id": 0, "Sheet_ID": "霍勒漠津近傍_15. 連集窩堡", "label": "霍勒漠津近傍_15. 連集窩堡", "call_short": "G7270 S25 .J36", "call_num": "G7270 S25 .J36 25-15", "recid": "wc962gr1511", "websiteUrl": "https://purl.stanford.edu/wc962gr1511", "title": "満洲二万五千分一圖", "ckey": 12725908, "available": true, "iiifUrl": "https://purl.stanford.edu/wc962gr1511/iiif/manifest" }, "geometry": { "type": "Polygon", "coordinates": [ [ [ 127.5, 49.4166665 ], [ 127.625, 49.4166665 ], [ 127.625, 49.5 ], [ 127.5, 49.5 ], [ 127.5, 49.4166665 ] ] ] } },
{ "type": "Feature", "properties": { "Id": 0, "Sheet_ID": "霍勒漠津近傍_11. 吳家窩堡", "label": "霍勒漠津近傍_11. 吳家窩堡", "call_short": "G7270 S25 .J36", "call_num": "G7270 S25 .J36 25-11", "recid": "sx370vc4516", "websiteUrl": "https://purl.stanford.edu/sx370vc4516", "title": "満洲二万五千分一圖", "ckey": 12725908, "available": true, "iiifUrl": "https://purl.stanford.edu/sx370vc4516/iiif/manifest" }, "geometry": { "type": "Polygon", "coordinates": [ [ [ 127.625, 49.4166665 ], [ 127.75, 49.4166665 ], [ 127.75, 49.5 ], [ 127.625, 49.5 ], [ 127.625, 49.4166665 ] ] ] } },
{ "type": "Feature", "properties": { "Id": 0, "Sheet_ID": "霍勒漠津近傍_7. 境山", "label": "霍勒漠津近傍_7. 境山", "call_short": "G7270 S25 .J36", "call_num": "G7270 S25 .J36 25-7", "recid": "mv300bz4388", "websiteUrl": "https://purl.stanford.edu/mv300bz4388", "title": "満洲二万五千分一圖", "ckey": 12725908, "available": true, "iiifUrl": "https://purl.stanford.edu/mv300bz4388/iiif/manifest" }, "geometry": { "type": "Polygon", "coordinates": [ [ [ 127.75, 49.4166665 ], [ 127.875, 49.4166665 ], [ 127.875, 49.5 ], [ 127.75, 49.5 ], [ 127.75, 49.4166665 ] ] ] } },
{ "type": "Feature", "properties": { "Id": 0, "Sheet_ID": "霍勒漠津近傍_3. 哈達彦南", "label": "霍勒漠津近傍_3. 哈達彦南", "call_short": "G7270 S25 .J36", "call_num": "G7270 S25 .J36 25-3", "recid": "rs099nw7493", "websiteUrl": "https://purl.stanford.edu/rs099nw7493", "title": "満洲二万五千分一圖", "ckey": 12725908, "available": true, "iiifUrl": "https://purl.stanford.edu/rs099nw7493/iiif/manifest" }, "geometry": { "type": "Polygon", "coordinates": [ [ [ 127.875, 49.4166665 ], [ 128.0, 49.4166665 ], [ 128.0, 49.5 ], [ 127.875, 49.5 ], [ 127.875, 49.4166665 ] ] ] } },
{ "type": "Feature", "properties": { "Id": 0, "Sheet_ID": "孫呉近傍_10. 額雨爾河", "label": "孫呉近傍_10. 額雨爾河", "call_short": "G7270 S25 .J36", "call_num": "G7270 S25 .J36 30-10", "recid": "dd397qd9718", "websiteUrl": "https://purl.stanford.edu/dd397qd9718", "title": "満洲二万五千分一圖", "ckey": 12725908, "available": true, "iiifUrl": "https://purl.stanford.edu/dd397qd9718/iiif/manifest" }, "geometry": { "type": "Polygon", "coordinates": [ [ [ 127.125, 49.5 ], [ 127.25, 49.5 ], [ 127.25, 49.5833335 ], [ 127.125, 49.5833335 ], [ 127.125, 49.5 ] ] ] } },
{ "type": "Feature", "properties": { "Id": 0, "Sheet_ID": "孫呉近傍_6. 我家", "label": "孫呉近傍_6. 我家", "call_short": "G7270 S25 .J36", "call_num": "G7270 S25 .J36 30-6", "recid": "ff650cy8718", "websiteUrl": "https://purl.stanford.edu/ff650cy8718", "title": "満洲二万五千分一圖", "ckey": 12725908, "available": true, "iiifUrl": "https://purl.stanford.edu/ff650cy8718/iiif/manifest" }, "geometry": { "type": "Polygon", "coordinates": [ [ [ 127.25, 49.5 ], [ 127.375, 49.5 ], [ 127.375, 49.5833335 ], [ 127.25, 49.5833335 ], [ 127.25, 49.5 ] ] ] } },
{ "type": "Feature", "properties": { "Id": 0, "Sheet_ID": "孫呉近傍_2. 額雨爾河下流", "label": "孫呉近傍_2. 額雨爾河下流", "call_short": "G7270 S25 .J36", "call_num": "G7270 S25 .J36 30-2", "recid": "ck639yg1298", "websiteUrl": "https://purl.stanford.edu/ck639yg1298", "title": "満洲二万五千分一圖", "ckey": 12725908, "available": true, "iiifUrl": "https://purl.stanford.edu/ck639yg1298/iiif/manifest" }, "geometry": { "type": "Polygon", "coordinates": [ [ [ 127.375, 49.5 ], [ 127.5, 49.5 ], [ 127.5, 49.5833335 ], [ 127.375, 49.5833335 ], [ 127.375, 49.5 ] ] ] } },
{ "type": "Feature", "properties": { "Id": 0, "Sheet_ID": "霍勒漠津近傍_14. 勝武屯西", "label": "霍勒漠津近傍_14. 勝武屯西", "call_short": "G7270 S25 .J36", "call_num": "G7270 S25 .J36 25-14", "recid": "fd409tw1041", "websiteUrl": "https://purl.stanford.edu/fd409tw1041", "title": "満洲二万五千分一圖", "ckey": 12725908, "available": true, "iiifUrl": "https://purl.stanford.edu/fd409tw1041/iiif/manifest" }, "geometry": { "type": "Polygon", "coordinates": [ [ [ 127.5, 49.5 ], [ 127.625, 49.5 ], [ 127.625, 49.5833335 ], [ 127.5, 49.5833335 ], [ 127.5, 49.5 ] ] ] } },
{ "type": "Feature", "properties": { "Id": 0, "Sheet_ID": "霍勒漠津近傍_10. 勝武屯", "label": "霍勒漠津近傍_10. 勝武屯", "call_short": "G7270 S25 .J36", "call_num": "G7270 S25 .J36 25-10", "recid": "tn170fj7861", "websiteUrl": "https://purl.stanford.edu/tn170fj7861", "title": "満洲二万五千分一圖", "ckey": 12725908, "available": true, "iiifUrl": "https://purl.stanford.edu/tn170fj7861/iiif/manifest" }, "geometry": { "type": "Polygon", "coordinates": [ [ [ 127.625, 49.5 ], [ 127.75, 49.5 ], [ 127.75, 49.5833335 ], [ 127.625, 49.5833335 ], [ 127.625, 49.5 ] ] ] } },
{ "type": "Feature", "properties": { "Id": 0, "Sheet_ID": "霍勒漠津近傍_6. 霍勒漠津", "label": "霍勒漠津近傍_6. 霍勒漠津", "call_short": "0", "call_num": "0", "recid": "0", "websiteUrl": "0", "title": "0", "ckey": 0, "available": false, "iiifUrl": "0" }, "geometry": { "type": "Polygon", "coordinates": [ [ [ 127.75, 49.5 ], [ 127.875, 49.5 ], [ 127.875, 49.5833335 ], [ 127.75, 49.5833335 ], [ 127.75, 49.5 ] ] ] } },
{ "type": "Feature", "properties": { "Id": 0, "Sheet_ID": "霍勒漠津近傍_2. 哈達彦", "label": "霍勒漠津近傍_2. 哈達彦", "call_short": "G7270 S25 .J36", "call_num": "G7270 S25 .J36 25-2", "recid": "zj297kr2827", "websiteUrl": "https://purl.stanford.edu/zj297kr2827", "title": "満洲二万五千分一圖", "ckey": 12725908, "available": true, "iiifUrl": "https://purl.stanford.edu/zj297kr2827/iiif/manifest" }, "geometry": { "type": "Polygon", "coordinates": [ [ [ 127.875, 49.5 ], [ 128.0, 49.5 ], [ 128.0, 49.5833335 ], [ 127.875, 49.5833335 ], [ 127.875, 49.5 ] ] ] } },
{ "type": "Feature", "properties": { "Id": 0, "Sheet_ID": "孫呉近傍_5. 額雨", "label": "孫呉近傍_5. 額雨", "call_short": "G7270 S25 .J36", "call_num": "G7270 S25 .J36 30-5", "recid": "pp204md7721", "websiteUrl": "https://purl.stanford.edu/pp204md7721", "title": "満洲二万五千分一圖", "ckey": 12725908, "available": true, "iiifUrl": "https://purl.stanford.edu/pp204md7721/iiif/manifest" }, "geometry": { "type": "Polygon", "coordinates": [ [ [ 127.25, 49.5833335 ], [ 127.375, 49.5833335 ], [ 127.375, 49.666667 ], [ 127.25, 49.666667 ], [ 127.25, 49.5833335 ] ] ] } },
{ "type": "Feature", "properties": { "Id": 0, "Sheet_ID": "孫呉近傍_1. 大甲台", "label": "孫呉近傍_1. 大甲台", "call_short": "G7270 S25 .J36", "call_num": "G7270 S25 .J36 30-1", "recid": "qx014jy6020", "websiteUrl": "https://purl.stanford.edu/qx014jy6020", "title": "満洲二万五千分一圖", "ckey": 12725908, "available": true, "iiifUrl": "https://purl.stanford.edu/qx014jy6020/iiif/manifest" }, "geometry": { "type": "Polygon", "coordinates": [ [ [ 127.375, 49.5833335 ], [ 127.5, 49.5833335 ], [ 127.5, 49.666667 ], [ 127.375, 49.666667 ], [ 127.375, 49.5833335 ] ] ] } },
{ "type": "Feature", "properties": { "Id": 0, "Sheet_ID": "霍勒漠津近傍_13. 首山", "label": "霍勒漠津近傍_13. 首山", "call_short": "G7270 S25 .J36", "call_num": "G7270 S25 .J36 25-13", "recid": "vy534dy1457", "websiteUrl": "https://purl.stanford.edu/vy534dy1457", "title": "満洲二万五千分一圖", "ckey": 12725908, "available": true, "iiifUrl": "https://purl.stanford.edu/vy534dy1457/iiif/manifest" }, "geometry": { "type": "Polygon", "coordinates": [ [ [ 127.5, 49.5833335 ], [ 127.625, 49.5833335 ], [ 127.625, 49.666667 ], [ 127.5, 49.666667 ], [ 127.5, 49.5833335 ] ] ] } },
{ "type": "Feature", "properties": { "Id": 0, "Sheet_ID": "霍勒漠津近傍_9. 四季屯", "label": "霍勒漠津近傍_9. 四季屯", "call_short": "G7270 S25 .J36", "call_num": "G7270 S25 .J36 25-9", "recid": "jc160vy1675", "websiteUrl": "https://purl.stanford.edu/jc160vy1675", "title": "満洲二万五千分一圖", "ckey": 12725908, "available": true, "iiifUrl": "https://purl.stanford.edu/jc160vy1675/iiif/manifest" }, "geometry": { "type": "Polygon", "coordinates": [ [ [ 127.625, 49.5833335 ], [ 127.75, 49.5833335 ], [ 127.75, 49.666667 ], [ 127.625, 49.666667 ], [ 127.625, 49.5833335 ] ] ] } },
{ "type": "Feature", "properties": { "Id": 0, "Sheet_ID": "霍勒漠津近傍_5. 衣利哈", "label": "霍勒漠津近傍_5. 衣利哈", "call_short": "G7270 S25 .J36", "call_num": "G7270 S25 .J36 25-5", "recid": "wz947mg7107", "websiteUrl": "https://purl.stanford.edu/wz947mg7107", "title": "満洲二万五千分一圖", "ckey": 12725908, "available": true, "iiifUrl": "https://purl.stanford.edu/wz947mg7107/iiif/manifest" }, "geometry": { "type": "Polygon", "coordinates": [ [ [ 127.75, 49.5833335 ], [ 127.875, 49.5833335 ], [ 127.875, 49.666667 ], [ 127.75, 49.666667 ], [ 127.75, 49.5833335 ] ] ] } },
{ "type": "Feature", "properties": { "Id": 0, "Sheet_ID": "璦琿近傍_8. 朝水", "label": "璦琿近傍_8. 朝水", "call_short": "G7270 S25 .J36", "call_num": "G7270 S25 .J36 29-8", "recid": "pf910js8095", "websiteUrl": "https://purl.stanford.edu/pf910js8095", "title": "満洲二万五千分一圖", "ckey": 12725908, "available": true, "iiifUrl": "https://purl.stanford.edu/pf910js8095/iiif/manifest" }, "geometry": { "type": "Polygon", "coordinates": [ [ [ 127.25, 49.666667 ], [ 127.375, 49.666667 ], [ 127.375, 49.7500002 ], [ 127.25, 49.7500002 ], [ 127.25, 49.666667 ] ] ] } },
{ "type": "Feature", "properties": { "Id": 0, "Sheet_ID": "璦琿近傍_4. 拉炭窩堡", "label": "璦琿近傍_4. 拉炭窩堡", "call_short": "G7270 S25 .J36", "call_num": "G7270 S25 .J36 29-4", "recid": "nd159yg8476", "websiteUrl": "https://purl.stanford.edu/nd159yg8476", "title": "満洲二万五千分一圖", "ckey": 12725908, "available": true, "iiifUrl": "https://purl.stanford.edu/nd159yg8476/iiif/manifest" }, "geometry": { "type": "Polygon", "coordinates": [ [ [ 127.375, 49.666667 ], [ 127.5, 49.666667 ], [ 127.5, 49.7500002 ], [ 127.375, 49.7500002 ], [ 127.375, 49.666667 ] ] ] } },
{ "type": "Feature", "properties": { "Id": 0, "Sheet_ID": "大五家子近傍_16. 開土堪屯", "label": "大五家子近傍_16. 開土堪屯", "call_short": "G7270 S25 .J36", "call_num": "G7270 S25 .J36 24-16", "recid": "qn645jf4191", "websiteUrl": "https://purl.stanford.edu/qn645jf4191", "title": "満洲二万五千分一圖", "ckey": 12725908, "available": true, "iiifUrl": "https://purl.stanford.edu/qn645jf4191/iiif/manifest" }, "geometry": { "type": "Polygon", "coordinates": [ [ [ 127.5, 49.666667 ], [ 127.625, 49.666667 ], [ 127.625, 49.7500002 ], [ 127.5, 49.7500002 ], [ 127.5, 49.666667 ] ] ] } },
{ "type": "Feature", "properties": { "Id": 0, "Sheet_ID": "大五家子近傍_12. 摺鉢山", "label": "大五家子近傍_12. 摺鉢山", "call_short": "G7270 S25 .J36", "call_num": "G7270 S25 .J36 24-12", "recid": "nq879mh4545", "websiteUrl": "https://purl.stanford.edu/nq879mh4545", "title": "満洲二万五千分一圖", "ckey": 12725908, "available": true, "iiifUrl": "https://purl.stanford.edu/nq879mh4545/iiif/manifest" }, "geometry": { "type": "Polygon", "coordinates": [ [ [ 127.625, 49.666667 ], [ 127.75, 49.666667 ], [ 127.75, 49.7500002 ], [ 127.625, 49.7500002 ], [ 127.625, 49.666667 ] ] ] } },
{ "type": "Feature", "properties": { "Id": 0, "Sheet_ID": "璦琿近傍_7. 老葉記地營子", "label": "璦琿近傍_7. 老葉記地營子", "call_short": "0", "call_num": "0", "recid": "0", "websiteUrl": "0", "title": "0", "ckey": 0, "available": false, "iiifUrl": "0" }, "geometry": { "type": "Polygon", "coordinates": [ [ [ 127.25, 49.7500002 ], [ 127.375, 49.7500002 ], [ 127.375, 49.8333335 ], [ 127.25, 49.8333335 ], [ 127.25, 49.7500002 ] ] ] } },
{ "type": "Feature", "properties": { "Id": 0, "Sheet_ID": "璦琿近傍_3. 藍旗溝", "label": "璦琿近傍_3. 藍旗溝", "call_short": "G7270 S25 .J36", "call_num": "G7270 S25 .J36 29-3", "recid": "jk643rr3525", "websiteUrl": "https://purl.stanford.edu/jk643rr3525", "title": "満洲二万五千分一圖", "ckey": 12725908, "available": true, "iiifUrl": "https://purl.stanford.edu/jk643rr3525/iiif/manifest" }, "geometry": { "type": "Polygon", "coordinates": [ [ [ 127.375, 49.7500002 ], [ 127.5, 49.7500002 ], [ 127.5, 49.8333335 ], [ 127.375, 49.8333335 ], [ 127.375, 49.7500002 ] ] ] } },
{ "type": "Feature", "properties": { "Id": 0, "Sheet_ID": "大五家子近傍_15. 大五家子", "label": "大五家子近傍_15. 大五家子", "call_short": "G7270 S25 .J36", "call_num": "G7270 S25 .J36 24-15", "recid": "hh396pk1071", "websiteUrl": "https://purl.stanford.edu/hh396pk1071", "title": "満洲二万五千分一圖", "ckey": 12725908, "available": true, "iiifUrl": "https://purl.stanford.edu/hh396pk1071/iiif/manifest" }, "geometry": { "type": "Polygon", "coordinates": [ [ [ 127.5, 49.7500002 ], [ 127.625, 49.7500002 ], [ 127.625, 49.8333335 ], [ 127.5, 49.8333335 ], [ 127.5, 49.7500002 ] ] ] } },
{ "type": "Feature", "properties": { "Id": 0, "Sheet_ID": "大五家子近傍_11. 下馬廠", "label": "大五家子近傍_11. 下馬廠", "call_short": "G7270 S25 .J36", "call_num": "G7270 S25 .J36 24-11", "recid": "xg771qy5752", "websiteUrl": "https://purl.stanford.edu/xg771qy5752", "title": "満洲二万五千分一圖", "ckey": 12725908, "available": true, "iiifUrl": "https://purl.stanford.edu/xg771qy5752/iiif/manifest" }, "geometry": { "type": "Polygon", "coordinates": [ [ [ 127.625, 49.7500002 ], [ 127.75, 49.7500002 ], [ 127.75, 49.8333335 ], [ 127.625, 49.8333335 ], [ 127.625, 49.7500002 ] ] ] } },
{ "type": "Feature", "properties": { "Id": 0, "Sheet_ID": "璦琿近傍_6. 新璦琿", "label": "璦琿近傍_6. 新璦琿", "call_short": "0", "call_num": "0", "recid": "0", "websiteUrl": "0", "title": "0", "ckey": 0, "available": false, "iiifUrl": "0" }, "geometry": { "type": "Polygon", "coordinates": [ [ [ 127.25, 49.8333335 ], [ 127.375, 49.8333335 ], [ 127.375, 49.9166667 ], [ 127.25, 49.9166667 ], [ 127.25, 49.8333335 ] ] ] } },
{ "type": "Feature", "properties": { "Id": 0, "Sheet_ID": "璦琿近傍_2. 楊樹屯", "label": "璦琿近傍_2. 楊樹屯", "call_short": "0", "call_num": "0", "recid": "0", "websiteUrl": "0", "title": "0", "ckey": 0, "available": false, "iiifUrl": "0" }, "geometry": { "type": "Polygon", "coordinates": [ [ [ 127.375, 49.8333335 ], [ 127.5, 49.8333335 ], [ 127.5, 49.9166667 ], [ 127.375, 49.9166667 ], [ 127.375, 49.8333335 ] ] ] } },
{ "type": "Feature", "properties": { "Id": 0, "Sheet_ID": "大五家子近傍_14. 坤河屯", "label": "大五家子近傍_14. 坤河屯", "call_short": "G7270 S25 .J36", "call_num": "G7270 S25 .J36 24-14", "recid": "vk499jy4487", "websiteUrl": "https://purl.stanford.edu/vk499jy4487", "title": "満洲二万五千分一圖", "ckey": 12725908, "available": true, "iiifUrl": "https://purl.stanford.edu/vk499jy4487/iiif/manifest" }, "geometry": { "type": "Polygon", "coordinates": [ [ [ 127.5, 49.8333335 ], [ 127.625, 49.8333335 ], [ 127.625, 49.9166667 ], [ 127.5, 49.9166667 ], [ 127.5, 49.8333335 ] ] ] } },
{ "type": "Feature", "properties": { "Id": 0, "Sheet_ID": "璦琿近傍_5. n/a", "label": "璦琿近傍_5. n/a", "call_short": "0", "call_num": "0", "recid": "0", "websiteUrl": "0", "title": "0", "ckey": 0, "available": false, "iiifUrl": "0" }, "geometry": { "type": "Polygon", "coordinates": [ [ [ 127.25, 49.9166667 ], [ 127.375, 49.9166667 ], [ 127.375, 50.0 ], [ 127.25, 50.0 ], [ 127.25, 49.9166667 ] ] ] } },
{ "type": "Feature", "properties": { "Id": 0, "Sheet_ID": "璦琿近傍_1. 璦琿", "label": "璦琿近傍_1. 璦琿", "call_short": "0", "call_num": "0", "recid": "0", "websiteUrl": "0", "title": "0", "ckey": 0, "available": false, "iiifUrl": "0" }, "geometry": { "type": "Polygon", "coordinates": [ [ [ 127.375, 49.9166667 ], [ 127.5, 49.9166667 ], [ 127.5, 50.0 ], [ 127.375, 50.0 ], [ 127.375, 49.9166667 ] ] ] } },
{ "type": "Feature", "properties": { "Id": 0, "Sheet_ID": "大五家子近傍_13. 黃旗營子", "label": "大五家子近傍_13. 黃旗營子", "call_short": "G7270 S25 .J36", "call_num": "G7270 S25 .J36 24-13", "recid": "dn491xc2796", "websiteUrl": "https://purl.stanford.edu/dn491xc2796", "title": "満洲二万五千分一圖", "ckey": 12725908, "available": true, "iiifUrl": "https://purl.stanford.edu/dn491xc2796/iiif/manifest" }, "geometry": { "type": "Polygon", "coordinates": [ [ [ 127.5, 49.9166667 ], [ 127.625, 49.9166667 ], [ 127.625, 50.0 ], [ 127.5, 50.0 ], [ 127.5, 49.9166667 ] ] ] } },
{ "type": "Feature", "properties": { "Id": 0, "Sheet_ID": "新開嶺近傍_4. 光華山", "label": "新開嶺近傍_4. 光華山", "call_short": "G7270 S25 .J36", "call_num": "G7270 S25 .J36 33-4", "recid": "pj758zg0472", "websiteUrl": "https://purl.stanford.edu/pj758zg0472", "title": "満洲二万五千分一圖", "ckey": 12725908, "available": true, "iiifUrl": "https://purl.stanford.edu/pj758zg0472/iiif/manifest" }, "geometry": { "type": "Polygon", "coordinates": [ [ [ 126.875, 50.0 ], [ 127.0, 50.0 ], [ 127.0, 50.0833333 ], [ 126.875, 50.0833333 ], [ 126.875, 50.0 ] ] ] } },
{ "type": "Feature", "properties": { "Id": 0, "Sheet_ID": "黒河近傍_16. 旭光山", "label": "黒河近傍_16. 旭光山", "call_short": "G7270 S25 .J36", "call_num": "G7270 S25 .J36 28-16", "recid": "tx693gj0110", "websiteUrl": "https://purl.stanford.edu/tx693gj0110", "title": "満洲二万五千分一圖", "ckey": 12725908, "available": true, "iiifUrl": "https://purl.stanford.edu/tx693gj0110/iiif/manifest" }, "geometry": { "type": "Polygon", "coordinates": [ [ [ 127.0, 50.0 ], [ 127.125, 50.0 ], [ 127.125, 50.0833333 ], [ 127.0, 50.0833333 ], [ 127.0, 50.0 ] ] ] } },
{ "type": "Feature", "properties": { "Id": 0, "Sheet_ID": "黒河近傍_12. 天白原", "label": "黒河近傍_12. 天白原", "call_short": "0", "call_num": "0", "recid": "0", "websiteUrl": "0", "title": "0", "ckey": 0, "available": false, "iiifUrl": "0" }, "geometry": { "type": "Polygon", "coordinates": [ [ [ 127.125, 50.0 ], [ 127.25, 50.0 ], [ 127.25, 50.0833333 ], [ 127.125, 50.0833333 ], [ 127.125, 50.0 ] ] ] } },
{ "type": "Feature", "properties": { "Id": 0, "Sheet_ID": "黒河近傍_8. 黄金子", "label": "黒河近傍_8. 黄金子", "call_short": "0", "call_num": "0", "recid": "0", "websiteUrl": "0", "title": "0", "ckey": 0, "available": false, "iiifUrl": "0" }, "geometry": { "type": "Polygon", "coordinates": [ [ [ 127.25, 50.0 ], [ 127.375, 50.0 ], [ 127.375, 50.0833333 ], [ 127.25, 50.0833333 ], [ 127.25, 50.0 ] ] ] } },
{ "type": "Feature", "properties": { "Id": 0, "Sheet_ID": "黒河近傍_4. 裡三道溝", "label": "黒河近傍_4. 裡三道溝", "call_short": "0", "call_num": "0", "recid": "0", "websiteUrl": "0", "title": "0", "ckey": 0, "available": false, "iiifUrl": "0" }, "geometry": { "type": "Polygon", "coordinates": [ [ [ 127.375, 50.0 ], [ 127.5, 50.0 ], [ 127.5, 50.0833333 ], [ 127.375, 50.0833333 ], [ 127.375, 50.0 ] ] ] } },
{ "type": "Feature", "properties": { "Id": 0, "Sheet_ID": "新開嶺近傍_3. 小石山", "label": "新開嶺近傍_3. 小石山", "call_short": "G7270 S25 .J36", "call_num": "G7270 S25 .J36 33-3", "recid": "ys573rw1138", "websiteUrl": "https://purl.stanford.edu/ys573rw1138", "title": "満洲二万五千分一圖", "ckey": 12725908, "available": true, "iiifUrl": "https://purl.stanford.edu/ys573rw1138/iiif/manifest" }, "geometry": { "type": "Polygon", "coordinates": [ [ [ 126.875, 50.0833333 ], [ 127.0, 50.0833333 ], [ 127.0, 50.1666665 ], [ 126.875, 50.1666665 ], [ 126.875, 50.0833333 ] ] ] } },
{ "type": "Feature", "properties": { "Id": 0, "Sheet_ID": "黒河近傍_15. 三原臺", "label": "黒河近傍_15. 三原臺", "call_short": "G7270 S25 .J36", "call_num": "G7270 S25 .J36 28-15", "recid": "hm448fp4382", "websiteUrl": "https://purl.stanford.edu/hm448fp4382", "title": "満洲二万五千分一圖", "ckey": 12725908, "available": true, "iiifUrl": "https://purl.stanford.edu/hm448fp4382/iiif/manifest" }, "geometry": { "type": "Polygon", "coordinates": [ [ [ 127.0, 50.0833333 ], [ 127.125, 50.0833333 ], [ 127.125, 50.1666665 ], [ 127.0, 50.1666665 ], [ 127.0, 50.0833333 ] ] ] } },
{ "type": "Feature", "properties": { "Id": 0, "Sheet_ID": "黒河近傍_11. 関神府", "label": "黒河近傍_11. 関神府", "call_short": "0", "call_num": "0", "recid": "0", "websiteUrl": "0", "title": "0", "ckey": 0, "available": false, "iiifUrl": "0" }, "geometry": { "type": "Polygon", "coordinates": [ [ [ 127.125, 50.0833333 ], [ 127.25, 50.0833333 ], [ 127.25, 50.1666665 ], [ 127.125, 50.1666665 ], [ 127.125, 50.0833333 ] ] ] } },
{ "type": "Feature", "properties": { "Id": 0, "Sheet_ID": "黒河近傍_7. 三吉屯", "label": "黒河近傍_7. 三吉屯", "call_short": "G7270 S25 .J36", "call_num": "G7270 S25 .J36 28-7", "recid": "jc936bg0181", "websiteUrl": "https://purl.stanford.edu/jc936bg0181", "title": "満洲二万五千分一圖", "ckey": 12725908, "available": true, "iiifUrl": "https://purl.stanford.edu/jc936bg0181/iiif/manifest" }, "geometry": { "type": "Polygon", "coordinates": [ [ [ 127.25, 50.0833333 ], [ 127.375, 50.0833333 ], [ 127.375, 50.1666665 ], [ 127.25, 50.1666665 ], [ 127.25, 50.0833333 ] ] ] } },
{ "type": "Feature", "properties": { "Id": 0, "Sheet_ID": "黒河近傍_3. 神武屯", "label": "黒河近傍_3. 神武屯", "call_short": "0", "call_num": "0", "recid": "0", "websiteUrl": "0", "title": "0", "ckey": 0, "available": false, "iiifUrl": "0" }, "geometry": { "type": "Polygon", "coordinates": [ [ [ 127.375, 50.0833333 ], [ 127.5, 50.0833333 ], [ 127.5, 50.1666665 ], [ 127.375, 50.1666665 ], [ 127.375, 50.0833333 ] ] ] } },
{ "type": "Feature", "properties": { "Id": 0, "Sheet_ID": "ブラゴーウェシチェンスク近傍_15. 卡倫山", "label": "ブラゴーウェシチェンスク近傍_15. 卡倫山", "call_short": "G7270 S25 .J36", "call_num": "G7270 S25 .J36 23-15", "recid": "vy191fz8427", "websiteUrl": "https://purl.stanford.edu/vy191fz8427", "title": "満洲二万五千分一圖", "ckey": 12725908, "available": true, "iiifUrl": "https://purl.stanford.edu/vy191fz8427/iiif/manifest" }, "geometry": { "type": "Polygon", "coordinates": [ [ [ 127.5, 50.0833333 ], [ 127.625, 50.0833333 ], [ 127.625, 50.1666665 ], [ 127.5, 50.1666665 ], [ 127.5, 50.0833333 ] ] ] } },
{ "type": "Feature", "properties": { "Id": 0, "Sheet_ID": "新開嶺近傍_2. 北双山", "label": "新開嶺近傍_2. 北双山", "call_short": "0", "call_num": "0", "recid": "0", "websiteUrl": "0", "title": "0", "ckey": 0, "available": false, "iiifUrl": "0" }, "geometry": { "type": "Polygon", "coordinates": [ [ [ 126.875, 50.1666665 ], [ 127.0, 50.1666665 ], [ 127.0, 50.2499998 ], [ 126.875, 50.2499998 ], [ 126.875, 50.1666665 ] ] ] } },
{ "type": "Feature", "properties": { "Id": 0, "Sheet_ID": "黒河近傍_14. 大頭山屯", "label": "黒河近傍_14. 大頭山屯", "call_short": "0", "call_num": "0", "recid": "0", "websiteUrl": "0", "title": "0", "ckey": 0, "available": false, "iiifUrl": "0" }, "geometry": { "type": "Polygon", "coordinates": [ [ [ 127.0, 50.1666665 ], [ 127.125, 50.1666665 ], [ 127.125, 50.2499998 ], [ 127.0, 50.2499998 ], [ 127.0, 50.1666665 ] ] ] } },
{ "type": "Feature", "properties": { "Id": 0, "Sheet_ID": "黒河近傍_10. 山神府", "label": "黒河近傍_10. 山神府", "call_short": "G7270 S25 .J36", "call_num": "G7270 S25 .J36 28-10", "recid": "ms712by5430", "websiteUrl": "https://purl.stanford.edu/ms712by5430", "title": "満洲二万五千分一圖", "ckey": 12725908, "available": true, "iiifUrl": "https://purl.stanford.edu/ms712by5430/iiif/manifest" }, "geometry": { "type": "Polygon", "coordinates": [ [ [ 127.125, 50.1666665 ], [ 127.25, 50.1666665 ], [ 127.25, 50.2499998 ], [ 127.125, 50.2499998 ], [ 127.125, 50.1666665 ] ] ] } },
{ "type": "Feature", "properties": { "Id": 0, "Sheet_ID": "黒河近傍_6. 春日台", "label": "黒河近傍_6. 春日台", "call_short": "G7270 S25 .J36", "call_num": "G7270 S25 .J36 28-6", "recid": "hr419hq4484", "websiteUrl": "https://purl.stanford.edu/hr419hq4484", "title": "満洲二万五千分一圖", "ckey": 12725908, "available": true, "iiifUrl": "https://purl.stanford.edu/hr419hq4484/iiif/manifest" }, "geometry": { "type": "Polygon", "coordinates": [ [ [ 127.25, 50.1666665 ], [ 127.375, 50.1666665 ], [ 127.375, 50.2499998 ], [ 127.25, 50.2499998 ], [ 127.25, 50.1666665 ] ] ] } },
{ "type": "Feature", "properties": { "Id": 0, "Sheet_ID": "黒河近傍_2. 黒河南部", "label": "黒河近傍_2. 黒河南部", "call_short": "0", "call_num": "0", "recid": "0", "websiteUrl": "0", "title": "0", "ckey": 0, "available": false, "iiifUrl": "0" }, "geometry": { "type": "Polygon", "coordinates": [ [ [ 127.375, 50.1666665 ], [ 127.5, 50.1666665 ], [ 127.5, 50.2499998 ], [ 127.375, 50.2499998 ], [ 127.375, 50.1666665 ] ] ] } },
{ "type": "Feature", "properties": { "Id": 0, "Sheet_ID": "ブラゴーウェシチェンスク近傍_14. 小黒河", "label": "ブラゴーウェシチェンスク近傍_14. 小黒河", "call_short": "0", "call_num": "0", "recid": "0", "websiteUrl": "0", "title": "0", "ckey": 0, "available": false, "iiifUrl": "0" }, "geometry": { "type": "Polygon", "coordinates": [ [ [ 127.5, 50.1666665 ], [ 127.625, 50.1666665 ], [ 127.625, 50.2499998 ], [ 127.5, 50.2499998 ], [ 127.5, 50.1666665 ] ] ] } },
{ "type": "Feature", "properties": { "Id": 0, "Sheet_ID": "新開嶺近傍_1. 巴山", "label": "新開嶺近傍_1. 巴山", "call_short": "0", "call_num": "0", "recid": "0", "websiteUrl": "0", "title": "0", "ckey": 0, "available": false, "iiifUrl": "0" }, "geometry": { "type": "Polygon", "coordinates": [ [ [ 126.875, 50.2499998 ], [ 127.0, 50.2499998 ], [ 127.0, 50.333333 ], [ 126.875, 50.333333 ], [ 126.875, 50.2499998 ] ] ] } },
{ "type": "Feature", "properties": { "Id": 0, "Sheet_ID": "黒河近傍_13. 太平溝金廠", "label": "黒河近傍_13. 太平溝金廠", "call_short": "G7270 S25 .J36", "call_num": "G7270 S25 .J36 28-13", "recid": "cx319tw3089", "websiteUrl": "https://purl.stanford.edu/cx319tw3089", "title": "満洲二万五千分一圖", "ckey": 12725908, "available": true, "iiifUrl": "https://purl.stanford.edu/cx319tw3089/iiif/manifest" }, "geometry": { "type": "Polygon", "coordinates": [ [ [ 127.0, 50.2499998 ], [ 127.125, 50.2499998 ], [ 127.125, 50.333333 ], [ 127.0, 50.333333 ], [ 127.0, 50.2499998 ] ] ] } },
{ "type": "Feature", "properties": { "Id": 0, "Sheet_ID": "黒河近傍_9. 四間房", "label": "黒河近傍_9. 四間房", "call_short": "G7270 S25 .J36", "call_num": "G7270 S25 .J36 28-9", "recid": "dc758vc5945", "websiteUrl": "https://purl.stanford.edu/dc758vc5945", "title": "満洲二万五千分一圖", "ckey": 12725908, "available": true, "iiifUrl": "https://purl.stanford.edu/dc758vc5945/iiif/manifest" }, "geometry": { "type": "Polygon", "coordinates": [ [ [ 127.125, 50.2499998 ], [ 127.25, 50.2499998 ], [ 127.25, 50.333333 ], [ 127.125, 50.333333 ], [ 127.125, 50.2499998 ] ] ] } },
{ "type": "Feature", "properties": { "Id": 0, "Sheet_ID": "黒河近傍_5. 大額泥河", "label": "黒河近傍_5. 大額泥河", "call_short": "G7270 S25 .J36", "call_num": "G7270 S25 .J36 28-5", "recid": "np321nq3610", "websiteUrl": "https://purl.stanford.edu/np321nq3610", "title": "満洲二万五千分一圖", "ckey": 12725908, "available": true, "iiifUrl": "https://purl.stanford.edu/np321nq3610/iiif/manifest" }, "geometry": { "type": "Polygon", "coordinates": [ [ [ 127.25, 50.2499998 ], [ 127.375, 50.2499998 ], [ 127.375, 50.333333 ], [ 127.25, 50.333333 ], [ 127.25, 50.2499998 ] ] ] } },
{ "type": "Feature", "properties": { "Id": 0, "Sheet_ID": "黒河近傍_1. 黑河北部", "label": "黒河近傍_1. 黑河北部", "call_short": "G7270 S25 .J36", "call_num": "G7270 S25 .J36 28-1", "recid": "rr158qd3868", "websiteUrl": "https://purl.stanford.edu/rr158qd3868", "title": "満洲二万五千分一圖", "ckey": 12725908, "available": true, "iiifUrl": "https://purl.stanford.edu/rr158qd3868/iiif/manifest" }, "geometry": { "type": "Polygon", "coordinates": [ [ [ 127.375, 50.2499998 ], [ 127.5, 50.2499998 ], [ 127.5, 50.333333 ], [ 127.375, 50.333333 ], [ 127.375, 50.2499998 ] ] ] } },
{ "type": "Feature", "properties": { "Id": 0, "Sheet_ID": "ブラゴーウェシチェンスク近傍_13. ブラゴーウェシチェンスク", "label": "ブラゴーウェシチェンスク近傍_13. ブラゴーウェシチェンスク", "call_short": "0", "call_num": "0", "recid": "0", "websiteUrl": "0", "title": "0", "ckey": 0, "available": false, "iiifUrl": "0" }, "geometry": { "type": "Polygon", "coordinates": [ [ [ 127.5, 50.2499998 ], [ 127.625, 50.2499998 ], [ 127.625, 50.333333 ], [ 127.5, 50.333333 ], [ 127.5, 50.2499998 ] ] ] } },
{ "type": "Feature", "properties": { "Id": 0, "Sheet_ID": "納金口子近傍_4. 八紘山", "label": "納金口子近傍_4. 八紘山", "call_short": "G7270 S25 .J36", "call_num": "G7270 S25 .J36 32-4", "recid": "rx394pz0698", "websiteUrl": "https://purl.stanford.edu/rx394pz0698", "title": "満洲二万五千分一圖", "ckey": 12725908, "available": true, "iiifUrl": "https://purl.stanford.edu/rx394pz0698/iiif/manifest" }, "geometry": { "type": "Polygon", "coordinates": [ [ [ 126.875, 50.333333 ], [ 127.0, 50.333333 ], [ 127.0, 50.4166665 ], [ 126.875, 50.4166665 ], [ 126.875, 50.333333 ] ] ] } },
{ "type": "Feature", "properties": { "Id": 0, "Sheet_ID": "張家地營子近傍_16. 三道湾子", "label": "張家地營子近傍_16. 三道湾子", "call_short": "0", "call_num": "0", "recid": "0", "websiteUrl": "0", "title": "0", "ckey": 0, "available": false, "iiifUrl": "0" }, "geometry": { "type": "Polygon", "coordinates": [ [ [ 127.0, 50.333333 ], [ 127.125, 50.333333 ], [ 127.125, 50.4166665 ], [ 127.0, 50.4166665 ], [ 127.0, 50.333333 ] ] ] } },
{ "type": "Feature", "properties": { "Id": 0, "Sheet_ID": "張家地營子近傍_12. 大音炉", "label": "張家地營子近傍_12. 大音炉", "call_short": "0", "call_num": "0", "recid": "0", "websiteUrl": "0", "title": "0", "ckey": 0, "available": false, "iiifUrl": "0" }, "geometry": { "type": "Polygon", "coordinates": [ [ [ 127.125, 50.333333 ], [ 127.25, 50.333333 ], [ 127.25, 50.4166665 ], [ 127.125, 50.4166665 ], [ 127.125, 50.333333 ] ] ] } },
{ "type": "Feature", "properties": { "Id": 0, "Sheet_ID": "張家地營子近傍_4. 方別拉東", "label": "張家地營子近傍_4. 方別拉東", "call_short": "0", "call_num": "0", "recid": "0", "websiteUrl": "0", "title": "0", "ckey": 0, "available": false, "iiifUrl": "0" }, "geometry": { "type": "Polygon", "coordinates": [ [ [ 127.375, 50.333333 ], [ 127.5, 50.333333 ], [ 127.5, 50.4166665 ], [ 127.375, 50.4166665 ], [ 127.375, 50.333333 ] ] ] } },
{ "type": "Feature", "properties": { "Id": 0, "Sheet_ID": "ペトロパウロフカ近傍_16. サドヴォドーフ農園", "label": "ペトロパウロフカ近傍_16. サドヴォドーフ農園", "call_short": "0", "call_num": "0", "recid": "0", "websiteUrl": "0", "title": "0", "ckey": 0, "available": false, "iiifUrl": "0" }, "geometry": { "type": "Polygon", "coordinates": [ [ [ 127.5, 50.333333 ], [ 127.625, 50.333333 ], [ 127.625, 50.4166665 ], [ 127.5, 50.4166665 ], [ 127.5, 50.333333 ] ] ] } },
{ "type": "Feature", "properties": { "Id": 0, "Sheet_ID": "ペトロパウロフカ近傍_12. コルチェームヌイ冬舎", "label": "ペトロパウロフカ近傍_12. コルチェームヌイ冬舎", "call_short": "0", "call_num": "0", "recid": "0", "websiteUrl": "0", "title": "0", "ckey": 0, "available": false, "iiifUrl": "0" }, "geometry": { "type": "Polygon", "coordinates": [ [ [ 127.625, 50.333333 ], [ 127.75, 50.333333 ], [ 127.75, 50.4166665 ], [ 127.625, 50.4166665 ], [ 127.625, 50.333333 ] ] ] } },
{ "type": "Feature", "properties": { "Id": 0, "Sheet_ID": "納金口子近傍_7. 戌里雅金廠", "label": "納金口子近傍_7. 戌里雅金廠", "call_short": "0", "call_num": "0", "recid": "0", "websiteUrl": "0", "title": "0", "ckey": 0, "available": false, "iiifUrl": "0" }, "geometry": { "type": "Polygon", "coordinates": [ [ [ 126.75, 50.4166665 ], [ 126.875, 50.4166665 ], [ 126.875, 50.5 ], [ 126.75, 50.5 ], [ 126.75, 50.4166665 ] ] ] } },
{ "type": "Feature", "properties": { "Id": 0, "Sheet_ID": "納金口子近傍_3. 千鳥山", "label": "納金口子近傍_3. 千鳥山", "call_short": "0", "call_num": "0", "recid": "0", "websiteUrl": "0", "title": "0", "ckey": 0, "available": false, "iiifUrl": "0" }, "geometry": { "type": "Polygon", "coordinates": [ [ [ 126.875, 50.4166665 ], [ 127.0, 50.4166665 ], [ 127.0, 50.5 ], [ 126.875, 50.5 ], [ 126.875, 50.4166665 ] ] ] } },
{ "type": "Feature", "properties": { "Id": 0, "Sheet_ID": "張家地營子近傍_15. 葵山", "label": "張家地營子近傍_15. 葵山", "call_short": "G7270 S25 .J36", "call_num": "G7270 S25 .J36 27-15", "recid": "zg968cb9945", "websiteUrl": "https://purl.stanford.edu/zg968cb9945", "title": "満洲二万五千分一圖", "ckey": 12725908, "available": true, "iiifUrl": "https://purl.stanford.edu/zg968cb9945/iiif/manifest" }, "geometry": { "type": "Polygon", "coordinates": [ [ [ 127.0, 50.4166665 ], [ 127.125, 50.4166665 ], [ 127.125, 50.5 ], [ 127.0, 50.5 ], [ 127.0, 50.4166665 ] ] ] } },
{ "type": "Feature", "properties": { "Id": 0, "Sheet_ID": "張家地營子近傍_11. 阿爾賓山", "label": "張家地營子近傍_11. 阿爾賓山", "call_short": "0", "call_num": "0", "recid": "0", "websiteUrl": "0", "title": "0", "ckey": 0, "available": false, "iiifUrl": "0" }, "geometry": { "type": "Polygon", "coordinates": [ [ [ 127.125, 50.4166665 ], [ 127.25, 50.4166665 ], [ 127.25, 50.5 ], [ 127.125, 50.5 ], [ 127.125, 50.4166665 ] ] ] } },
{ "type": "Feature", "properties": { "Id": 0, "Sheet_ID": "張家地營子近傍_3. イグナチエフスキー", "label": "張家地營子近傍_3. イグナチエフスキー", "call_short": "0", "call_num": "0", "recid": "0", "websiteUrl": "0", "title": "0", "ckey": 0, "available": false, "iiifUrl": "0" }, "geometry": { "type": "Polygon", "coordinates": [ [ [ 127.375, 50.4166665 ], [ 127.5, 50.4166665 ], [ 127.5, 50.5 ], [ 127.375, 50.5 ], [ 127.375, 50.4166665 ] ] ] } },
{ "type": "Feature", "properties": { "Id": 0, "Sheet_ID": "ペトロパウロフカ近傍_15. ノーボトロイツカヤ", "label": "ペトロパウロフカ近傍_15. ノーボトロイツカヤ", "call_short": "G7270 S25 .J36", "call_num": "G7270 S25 .J36 22-15", "recid": "gs081pf9733", "websiteUrl": "https://purl.stanford.edu/gs081pf9733", "title": "西伯利二万五千分一圖", "ckey": 12725908, "available": true, "iiifUrl": "https://purl.stanford.edu/gs081pf9733/iiif/manifest" }, "geometry": { "type": "Polygon", "coordinates": [ [ [ 127.5, 50.4166665 ], [ 127.625, 50.4166665 ], [ 127.625, 50.5 ], [ 127.5, 50.5 ], [ 127.5, 50.4166665 ] ] ] } },
{ "type": "Feature", "properties": { "Id": 0, "Sheet_ID": "ペトロパウロフカ近傍_11. ペロゴリエ", "label": "ペトロパウロフカ近傍_11. ペロゴリエ", "call_short": "0", "call_num": "0", "recid": "0", "websiteUrl": "0", "title": "0", "ckey": 0, "available": false, "iiifUrl": "0" }, "geometry": { "type": "Polygon", "coordinates": [ [ [ 127.625, 50.4166665 ], [ 127.75, 50.4166665 ], [ 127.75, 50.5 ], [ 127.625, 50.5 ], [ 127.625, 50.4166665 ] ] ] } },
{ "type": "Feature", "properties": { "Id": 0, "Sheet_ID": "納金口子近傍_6. 大成金廠", "label": "納金口子近傍_6. 大成金廠", "call_short": "G7270 S25 .J36", "call_num": "G7270 S25 .J36 32-6", "recid": "rv188tr0391", "websiteUrl": "https://purl.stanford.edu/rv188tr0391", "title": "満洲二万五千分一圖", "ckey": 12725908, "available": true, "iiifUrl": "https://purl.stanford.edu/rv188tr0391/iiif/manifest" }, "geometry": { "type": "Polygon", "coordinates": [ [ [ 126.75, 50.5 ], [ 126.875, 50.5 ], [ 126.875, 50.5833335 ], [ 126.75, 50.5833335 ], [ 126.75, 50.5 ] ] ] } },
{ "type": "Feature", "properties": { "Id": 0, "Sheet_ID": "納金口子近傍_2. 鮑家地營子", "label": "納金口子近傍_2. 鮑家地營子", "call_short": "G7270 S25 .J36", "call_num": "G7270 S25 .J36 32-2", "recid": "kz935qy0387", "websiteUrl": "https://purl.stanford.edu/kz935qy0387", "title": "満洲二万五千分一圖", "ckey": 12725908, "available": true, "iiifUrl": "https://purl.stanford.edu/kz935qy0387/iiif/manifest" }, "geometry": { "type": "Polygon", "coordinates": [ [ [ 126.875, 50.5 ], [ 127.0, 50.5 ], [ 127.0, 50.5833335 ], [ 126.875, 50.5833335 ], [ 126.875, 50.5 ] ] ] } },
{ "type": "Feature", "properties": { "Id": 0, "Sheet_ID": "納金口子近傍_5. 廣源金廠", "label": "納金口子近傍_5. 廣源金廠", "call_short": "G7270 S25 .J36", "call_num": "G7270 S25 .J36 32-5", "recid": "fz374zx3964", "websiteUrl": "https://purl.stanford.edu/fz374zx3964", "title": "満洲二万五千分一圖", "ckey": 12725908, "available": true, "iiifUrl": "https://purl.stanford.edu/fz374zx3964/iiif/manifest" }, "geometry": { "type": "Polygon", "coordinates": [ [ [ 126.75, 50.5833335 ], [ 126.875, 50.5833335 ], [ 126.875, 50.666667 ], [ 126.75, 50.666667 ], [ 126.75, 50.5833335 ] ] ] } },
{ "type": "Feature", "properties": { "Id": 0, "Sheet_ID": "納金口子近傍_1. 躑躅橋", "label": "納金口子近傍_1. 躑躅橋", "call_short": "G7270 S25 .J36", "call_num": "G7270 S25 .J36 32-1", "recid": "fv797cy5283", "websiteUrl": "https://purl.stanford.edu/fv797cy5283", "title": "満洲二万五千分一圖", "ckey": 12725908, "available": true, "iiifUrl": "https://purl.stanford.edu/fv797cy5283/iiif/manifest" }, "geometry": { "type": "Polygon", "coordinates": [ [ [ 126.875, 50.5833335 ], [ 127.0, 50.5833335 ], [ 127.0, 50.666667 ], [ 126.875, 50.666667 ], [ 126.875, 50.5833335 ] ] ] } },
{ "type": "Feature", "properties": { "Id": 0, "Sheet_ID": "張家地營子近傍_13. 謝家店", "label": "張家地營子近傍_13. 謝家店", "call_short": "0", "call_num": "0", "recid": "0", "websiteUrl": "0", "title": "0", "ckey": 0, "available": false, "iiifUrl": "0" }, "geometry": { "type": "Polygon", "coordinates": [ [ [ 127.0, 50.5833335 ], [ 127.125, 50.5833335 ], [ 127.125, 50.666667 ], [ 127.0, 50.666667 ], [ 127.0, 50.5833335 ] ] ] } },
{ "type": "Feature", "properties": { "Id": 0, "Sheet_ID": "張家地營子近傍_14. 旗風山", "label": "張家地營子近傍_14. 旗風山", "call_short": "0", "call_num": "0", "recid": "0", "websiteUrl": "0", "title": "0", "ckey": 0, "available": false, "iiifUrl": "0" }, "geometry": { "type": "Polygon", "coordinates": [ [ [ 127.0, 50.5 ], [ 127.125, 50.5 ], [ 127.125, 50.5833335 ], [ 127.0, 50.5833335 ], [ 127.0, 50.5 ] ] ] } },
{ "type": "Feature", "properties": { "Id": 0, "Sheet_ID": "張家地營子近傍_1. グリャズムシカ", "label": "張家地營子近傍_1. グリャズムシカ", "call_short": "0", "call_num": "0", "recid": "0", "websiteUrl": "0", "title": "0", "ckey": 0, "available": false, "iiifUrl": "0" }, "geometry": { "type": "Polygon", "coordinates": [ [ [ 127.375, 50.5833332 ], [ 127.5, 50.5833332 ], [ 127.5, 50.6666667 ], [ 127.375, 50.6666667 ], [ 127.375, 50.5833332 ] ] ] } },
{ "type": "Feature", "properties": { "Id": 0, "Sheet_ID": "張家地營子近傍_5. 泡子沿", "label": "張家地營子近傍_5. 泡子沿", "call_short": "0", "call_num": "0", "recid": "0", "websiteUrl": "0", "title": "0", "ckey": 0, "available": false, "iiifUrl": "0" }, "geometry": { "type": "Polygon", "coordinates": [ [ [ 127.25, 50.5833332 ], [ 127.375, 50.5833332 ], [ 127.375, 50.6666667 ], [ 127.25, 50.6666667 ], [ 127.25, 50.5833332 ] ] ] } },
{ "type": "Feature", "properties": { "Id": 0, "Sheet_ID": "張家地營子近傍_9. 天詳山", "label": "張家地營子近傍_9. 天詳山", "call_short": "0", "call_num": "0", "recid": "0", "websiteUrl": "0", "title": "0", "ckey": 0, "available": false, "iiifUrl": "0" }, "geometry": { "type": "Polygon", "coordinates": [ [ [ 127.125, 50.5833332 ], [ 127.25, 50.5833332 ], [ 127.25, 50.6666667 ], [ 127.125, 50.6666667 ], [ 127.125, 50.5833332 ] ] ] } },
{ "type": "Feature", "properties": { "Id": 0, "Sheet_ID": "源利", "label": "源利", "call_short": "0", "call_num": "0", "recid": "0", "websiteUrl": "0", "title": "0", "ckey": 0, "available": false, "iiifUrl": "0" }, "geometry": { "type": "Polygon", "coordinates": [ [ [ 126.75, 50.6666668 ], [ 126.875, 50.6666668 ], [ 126.875, 50.7500003 ], [ 126.75, 50.7500003 ], [ 126.75, 50.6666668 ] ] ] } },
{ "type": "Feature", "properties": { "Id": 0, "Sheet_ID": "張家地營子近傍_8. 方別拉", "label": "張家地營子近傍_8. 方別拉", "call_short": "0", "call_num": "0", "recid": "0", "websiteUrl": "0", "title": "0", "ckey": 0, "available": false, "iiifUrl": "0" }, "geometry": { "type": "Polygon", "coordinates": [ [ [ 127.25, 50.333333 ], [ 127.375, 50.333333 ], [ 127.375, 50.4166665 ], [ 127.25, 50.4166665 ], [ 127.25, 50.333333 ] ] ] } },
{ "type": "Feature", "properties": { "Id": 0, "Sheet_ID": "東興鎮近傍_16. 六品山", "label": "東興鎮近傍_16. 六品山", "call_short": "G7270 S25 .J36", "call_num": "G7270 S25 .J36 18-16", "recid": "br185my5191", "websiteUrl": "https://purl.stanford.edu/br185my5191", "title": "満洲二万五千分一圖", "ckey": 12725908, "available": true, "iiifUrl": "https://purl.stanford.edu/br185my5191/iiif/manifest" }, "geometry": { "type": "Polygon", "coordinates": [ [ [ 131.0, 43.0 ], [ 131.125, 43.0 ], [ 131.125, 43.0833333 ], [ 131.0, 43.0833333 ], [ 131.0, 43.0 ] ] ] } },
{ "type": "Feature", "properties": { "Id": 0, "Sheet_ID": "東興鎮近傍_12. 富多山", "label": "東興鎮近傍_12. 富多山", "call_short": "G7270 S25 .J36", "call_num": "G7270 S25 .J36 18-12", "recid": "gs604bx7065", "websiteUrl": "https://purl.stanford.edu/gs604bx7065", "title": "満洲二万五千分一圖", "ckey": 12725908, "available": true, "iiifUrl": "https://purl.stanford.edu/gs604bx7065/iiif/manifest" }, "geometry": { "type": "Polygon", "coordinates": [ [ [ 131.125, 43.0 ], [ 131.25, 43.0 ], [ 131.25, 43.0833333 ], [ 131.125, 43.0833333 ], [ 131.125, 43.0 ] ] ] } },
{ "type": "Feature", "properties": { "Id": 0, "Sheet_ID": "東興鎮近傍_8. ナムガチェーギ / ウェールフニー", "label": "東興鎮近傍_8. ナムガチェーギ / ウェールフニー", "call_short": "0", "call_num": "0", "recid": "0", "websiteUrl": "0", "title": "0", "ckey": 0, "available": false, "iiifUrl": "0" }, "geometry": { "type": "Polygon", "coordinates": [ [ [ 131.25, 43.0 ], [ 131.375, 43.0 ], [ 131.375, 43.0833333 ], [ 131.25, 43.0833333 ], [ 131.25, 43.0 ] ] ] } },
{ "type": "Feature", "properties": { "Id": 0, "Sheet_ID": "東興鎮近傍_4. ニージニー", "label": "東興鎮近傍_4. ニージニー", "call_short": "0", "call_num": "0", "recid": "0", "websiteUrl": "0", "title": "0", "ckey": 0, "available": false, "iiifUrl": "0" }, "geometry": { "type": "Polygon", "coordinates": [ [ [ 131.375, 43.0 ], [ 131.5, 43.0 ], [ 131.5, 43.0833333 ], [ 131.375, 43.0833333 ], [ 131.375, 43.0 ] ] ] } },
{ "type": "Feature", "properties": { "Id": 0, "Sheet_ID": "浦潮近傍_16. ケドローワヤパーチ", "label": "浦潮近傍_16. ケドローワヤパーチ", "call_short": "G7270 S25 .J36", "call_num": "G7270 S25 .J36 14-16", "recid": "vf689dw8804", "websiteUrl": "https://purl.stanford.edu/vf689dw8804", "title": "西伯利二万五千分一圖", "ckey": 12725908, "available": true, "iiifUrl": "https://purl.stanford.edu/vf689dw8804/iiif/manifest" }, "geometry": { "type": "Polygon", "coordinates": [ [ [ 131.5, 43.0 ], [ 131.625, 43.0 ], [ 131.625, 43.0833333 ], [ 131.5, 43.0833333 ], [ 131.5, 43.0 ] ] ] } },
{ "type": "Feature", "properties": { "Id": 0, "Sheet_ID": "東興鎮近傍_15. 太平山", "label": "東興鎮近傍_15. 太平山", "call_short": "G7270 S25 .J36", "call_num": "G7270 S25 .J36 18-15", "recid": "ch913fw5068", "websiteUrl": "https://purl.stanford.edu/ch913fw5068", "title": "満洲二万五千分一圖", "ckey": 12725908, "available": true, "iiifUrl": "https://purl.stanford.edu/ch913fw5068/iiif/manifest" }, "geometry": { "type": "Polygon", "coordinates": [ [ [ 131.0, 43.0833333 ], [ 131.125, 43.0833333 ], [ 131.125, 43.1666665 ], [ 131.0, 43.1666665 ], [ 131.0, 43.0833333 ] ] ] } },
{ "type": "Feature", "properties": { "Id": 0, "Sheet_ID": "東興鎮近傍_11. 急速山", "label": "東興鎮近傍_11. 急速山", "call_short": "G7270 S25 .J36", "call_num": "G7270 S25 .J36 18-11", "recid": "wc121nw3737", "websiteUrl": "https://purl.stanford.edu/wc121nw3737", "title": "満洲二万五千分一圖", "ckey": 12725908, "available": true, "iiifUrl": "https://purl.stanford.edu/wc121nw3737/iiif/manifest" }, "geometry": { "type": "Polygon", "coordinates": [ [ [ 131.125, 43.0833333 ], [ 131.25, 43.0833333 ], [ 131.25, 43.1666665 ], [ 131.125, 43.1666665 ], [ 131.125, 43.0833333 ] ] ] } },
{ "type": "Feature", "properties": { "Id": 0, "Sheet_ID": "東興鎮近傍_7. フガチェーギ跡", "label": "東興鎮近傍_7. フガチェーギ跡", "call_short": "G7270 S25 .J36", "call_num": "G7270 S25 .J36 18-7", "recid": "ym763zq0380", "websiteUrl": "https://purl.stanford.edu/ym763zq0380", "title": "東「ソ」二万五千分一圖", "ckey": 12725908, "available": true, "iiifUrl": "https://purl.stanford.edu/ym763zq0380/iiif/manifest" }, "geometry": { "type": "Polygon", "coordinates": [ [ [ 131.25, 43.0833333 ], [ 131.375, 43.0833333 ], [ 131.375, 43.1666665 ], [ 131.25, 43.1666665 ], [ 131.25, 43.0833333 ] ] ] } },
{ "type": "Feature", "properties": { "Id": 0, "Sheet_ID": "東興鎮近傍_3. 加正山", "label": "東興鎮近傍_3. 加正山", "call_short": "G7270 S25 .J36", "call_num": "G7270 S25 .J36 18-3", "recid": "nz192dq5254", "websiteUrl": "https://purl.stanford.edu/nz192dq5254", "title": "西伯利二万五千分一圖", "ckey": 12725908, "available": true, "iiifUrl": "https://purl.stanford.edu/nz192dq5254/iiif/manifest" }, "geometry": { "type": "Polygon", "coordinates": [ [ [ 131.375, 43.0833333 ], [ 131.5, 43.0833333 ], [ 131.5, 43.1666665 ], [ 131.375, 43.1666665 ], [ 131.375, 43.0833333 ] ] ] } },
{ "type": "Feature", "properties": { "Id": 0, "Sheet_ID": "浦潮近傍_15. ブリモールスカヤ", "label": "浦潮近傍_15. ブリモールスカヤ", "call_short": "G7270 S25 .J36", "call_num": "G7270 S25 .J36 14-15", "recid": "qd386vn5993", "websiteUrl": "https://purl.stanford.edu/qd386vn5993", "title": "西伯利二万五千分一圖", "ckey": 12725908, "available": true, "iiifUrl": "https://purl.stanford.edu/qd386vn5993/iiif/manifest" }, "geometry": { "type": "Polygon", "coordinates": [ [ [ 131.5, 43.0833333 ], [ 131.625, 43.0833333 ], [ 131.625, 43.1666665 ], [ 131.5, 43.1666665 ], [ 131.5, 43.0833333 ] ] ] } },
{ "type": "Feature", "properties": { "Id": 0, "Sheet_ID": "浦潮近傍_11. ストローワヤ山", "label": "浦潮近傍_11. ストローワヤ山", "call_short": "0", "call_num": "0", "recid": "0", "websiteUrl": "0", "title": "0", "ckey": 0, "available": false, "iiifUrl": "0" }, "geometry": { "type": "Polygon", "coordinates": [ [ [ 131.625, 43.0833333 ], [ 131.75, 43.0833333 ], [ 131.75, 43.1666665 ], [ 131.625, 43.1666665 ], [ 131.625, 43.0833333 ] ] ] } },
{ "type": "Feature", "properties": { "Id": 0, "Sheet_ID": "東興鎮近傍_10. 王城山", "label": "東興鎮近傍_10. 王城山", "call_short": "G7270 S25 .J36", "call_num": "G7270 S25 .J36 18-10", "recid": "wy038yz0724", "websiteUrl": "https://purl.stanford.edu/wy038yz0724", "title": "満洲二万五千分一圖", "ckey": 12725908, "available": true, "iiifUrl": "https://purl.stanford.edu/wy038yz0724/iiif/manifest" }, "geometry": { "type": "Polygon", "coordinates": [ [ [ 131.125, 43.1666665 ], [ 131.25, 43.1666665 ], [ 131.25, 43.2499998 ], [ 131.125, 43.2499998 ], [ 131.125, 43.1666665 ] ] ] } },
{ "type": "Feature", "properties": { "Id": 0, "Sheet_ID": "東興鎮近傍_6. モングガイ河", "label": "東興鎮近傍_6. モングガイ河", "call_short": "G7270 S25 .J36", "call_num": "G7270 S25 .J36 18-6", "recid": "hj218gm7342", "websiteUrl": "https://purl.stanford.edu/hj218gm7342", "title": "西伯利二万五千分一圖", "ckey": 12725908, "available": true, "iiifUrl": "https://purl.stanford.edu/hj218gm7342/iiif/manifest" }, "geometry": { "type": "Polygon", "coordinates": [ [ [ 131.25, 43.1666665 ], [ 131.375, 43.1666665 ], [ 131.375, 43.2499998 ], [ 131.25, 43.2499998 ], [ 131.25, 43.1666665 ] ] ] } },
{ "type": "Feature", "properties": { "Id": 0, "Sheet_ID": "東興鎮近傍_2. バラバーシ", "label": "東興鎮近傍_2. バラバーシ", "call_short": "G7270 S25 .J36", "call_num": "G7270 S25 .J36 18-2", "recid": "ct782tq9459", "websiteUrl": "https://purl.stanford.edu/ct782tq9459", "title": "西伯利二万五千分一圖", "ckey": 12725908, "available": true, "iiifUrl": "https://purl.stanford.edu/ct782tq9459/iiif/manifest" }, "geometry": { "type": "Polygon", "coordinates": [ [ [ 131.375, 43.1666665 ], [ 131.5, 43.1666665 ], [ 131.5, 43.2499998 ], [ 131.375, 43.2499998 ], [ 131.375, 43.1666665 ] ] ] } },
{ "type": "Feature", "properties": { "Id": 0, "Sheet_ID": "浦潮近傍_14. フィリプコフスカヴォ", "label": "浦潮近傍_14. フィリプコフスカヴォ", "call_short": "G7270 S25 .J36", "call_num": "G7270 S25 .J36 14-14", "recid": "rr908hh9909", "websiteUrl": "https://purl.stanford.edu/rr908hh9909", "title": "西伯利二万五千分一圖", "ckey": 12725908, "available": true, "iiifUrl": "https://purl.stanford.edu/rr908hh9909/iiif/manifest" }, "geometry": { "type": "Polygon", "coordinates": [ [ [ 131.5, 43.1666665 ], [ 131.625, 43.1666665 ], [ 131.625, 43.2499998 ], [ 131.5, 43.2499998 ], [ 131.5, 43.1666665 ] ] ] } },
{ "type": "Feature", "properties": { "Id": 0, "Sheet_ID": "浦潮近傍_10. チャビゴーウ", "label": "浦潮近傍_10. チャビゴーウ", "call_short": "0", "call_num": "0", "recid": "0", "websiteUrl": "0", "title": "0", "ckey": 0, "available": false, "iiifUrl": "0" }, "geometry": { "type": "Polygon", "coordinates": [ [ [ 131.625, 43.1666665 ], [ 131.75, 43.1666665 ], [ 131.75, 43.2499998 ], [ 131.625, 43.2499998 ], [ 131.625, 43.1666665 ] ] ] } },
{ "type": "Feature", "properties": { "Id": 0, "Sheet_ID": "浦潮近傍_6. ペスチァヌイ岬", "label": "浦潮近傍_6. ペスチァヌイ岬", "call_short": "0", "call_num": "0", "recid": "0", "websiteUrl": "0", "title": "0", "ckey": 0, "available": false, "iiifUrl": "0" }, "geometry": { "type": "Polygon", "coordinates": [ [ [ 131.75, 43.1666665 ], [ 131.875, 43.1666665 ], [ 131.875, 43.2499998 ], [ 131.75, 43.2499998 ], [ 131.75, 43.1666665 ] ] ] } },
{ "type": "Feature", "properties": { "Id": 0, "Sheet_ID": "東興鎮近傍_9. 蘭家蹚子", "label": "東興鎮近傍_9. 蘭家蹚子", "call_short": "G7270 S25 .J36", "call_num": "G7270 S25 .J36 18-9", "recid": "jf698hr2179", "websiteUrl": "https://purl.stanford.edu/jf698hr2179", "title": "満洲二万五千分一圖", "ckey": 12725908, "available": true, "iiifUrl": "https://purl.stanford.edu/jf698hr2179/iiif/manifest" }, "geometry": { "type": "Polygon", "coordinates": [ [ [ 131.125, 43.2499998 ], [ 131.25, 43.2499998 ], [ 131.25, 43.333333 ], [ 131.125, 43.333333 ], [ 131.125, 43.2499998 ] ] ] } },
{ "type": "Feature", "properties": { "Id": 0, "Sheet_ID": "東興鎮近傍_5. 青龍山", "label": "東興鎮近傍_5. 青龍山", "call_short": "G7270 S25 .J36", "call_num": "G7270 S25 .J36 18-5", "recid": "pz549wr5196", "websiteUrl": "https://purl.stanford.edu/pz549wr5196", "title": "満洲二万五千分一圖", "ckey": 12725908, "available": true, "iiifUrl": "https://purl.stanford.edu/pz549wr5196/iiif/manifest" }, "geometry": { "type": "Polygon", "coordinates": [ [ [ 131.25, 43.2499998 ], [ 131.375, 43.2499998 ], [ 131.375, 43.333333 ], [ 131.25, 43.333333 ], [ 131.25, 43.2499998 ] ] ] } },
{ "type": "Feature", "properties": { "Id": 0, "Sheet_ID": "東興鎮近傍_1. バラバーシ北方", "label": "東興鎮近傍_1. バラバーシ北方", "call_short": "G7270 S25 .J36", "call_num": "G7270 S25 .J36 18-1", "recid": "vt234mf4545", "websiteUrl": "https://purl.stanford.edu/vt234mf4545", "title": "西伯利二万五千分一圖", "ckey": 12725908, "available": true, "iiifUrl": "https://purl.stanford.edu/vt234mf4545/iiif/manifest" }, "geometry": { "type": "Polygon", "coordinates": [ [ [ 131.375, 43.2499998 ], [ 131.5, 43.2499998 ], [ 131.5, 43.333333 ], [ 131.375, 43.333333 ], [ 131.375, 43.2499998 ] ] ] } },
{ "type": "Feature", "properties": { "Id": 0, "Sheet_ID": "浦潮近傍_13. サナドウォーロフカ", "label": "浦潮近傍_13. サナドウォーロフカ", "call_short": "G7270 S25 .J36", "call_num": "G7270 S25 .J36 14-13", "recid": "pj715rr6637", "websiteUrl": "https://purl.stanford.edu/pj715rr6637", "title": "西伯利二万五千分一圖", "ckey": 12725908, "available": true, "iiifUrl": "https://purl.stanford.edu/pj715rr6637/iiif/manifest" }, "geometry": { "type": "Polygon", "coordinates": [ [ [ 131.5, 43.2499998 ], [ 131.625, 43.2499998 ], [ 131.625, 43.333333 ], [ 131.5, 43.333333 ], [ 131.5, 43.2499998 ] ] ] } },
{ "type": "Feature", "properties": { "Id": 0, "Sheet_ID": "浦潮近傍_9. クレノワヤ谷", "label": "浦潮近傍_9. クレノワヤ谷", "call_short": "G7270 S25 .J36", "call_num": "G7270 S25 .J36 14-9", "recid": "dy739yh0614", "websiteUrl": "https://purl.stanford.edu/dy739yh0614", "title": "西伯利二万五千分一圖", "ckey": 12725908, "available": true, "iiifUrl": "https://purl.stanford.edu/dy739yh0614/iiif/manifest" }, "geometry": { "type": "Polygon", "coordinates": [ [ [ 131.625, 43.2499998 ], [ 131.75, 43.2499998 ], [ 131.75, 43.333333 ], [ 131.625, 43.333333 ], [ 131.625, 43.2499998 ] ] ] } },
{ "type": "Feature", "properties": { "Id": 0, "Sheet_ID": "ボリショーイエリドーガ河", "label": "ボリショーイエリドーガ河", "call_short": "0", "call_num": "0", "recid": "0", "websiteUrl": "0", "title": "0", "ckey": 0, "available": false, "iiifUrl": "0" }, "geometry": { "type": "Polygon", "coordinates": [ [ [ 131.5, 43.3333331 ], [ 131.625, 43.3333331 ], [ 131.625, 43.4166663 ], [ 131.5, 43.4166663 ], [ 131.5, 43.3333331 ] ] ] } },
{ "type": "Feature", "properties": { "Id": 0, "Sheet_ID": "ムラナムヌイ", "label": "ムラナムヌイ", "call_short": "0", "call_num": "0", "recid": "0", "websiteUrl": "0", "title": "0", "ckey": 0, "available": false, "iiifUrl": "0" }, "geometry": { "type": "Polygon", "coordinates": [ [ [ 131.375, 43.3333331 ], [ 131.5, 43.3333331 ], [ 131.5, 43.4166663 ], [ 131.375, 43.4166663 ], [ 131.375, 43.3333331 ] ] ] } },
{ "type": "Feature", "properties": { "Id": 0, "Sheet_ID": "安平山", "label": "安平山", "call_short": "0", "call_num": "0", "recid": "0", "websiteUrl": "0", "title": "0", "ckey": 0, "available": false, "iiifUrl": "0" }, "geometry": { "type": "Polygon", "coordinates": [ [ [ 131.25, 43.3333331 ], [ 131.375, 43.3333331 ], [ 131.375, 43.4166663 ], [ 131.25, 43.4166663 ], [ 131.25, 43.3333331 ] ] ] } },
{ "type": "Feature", "properties": { "Id": 0, "Sheet_ID": "上西北溝", "label": "上西北溝", "call_short": "0", "call_num": "0", "recid": "0", "websiteUrl": "0", "title": "0", "ckey": 0, "available": false, "iiifUrl": "0" }, "geometry": { "type": "Polygon", "coordinates": [ [ [ 131.0, 42.9166667 ], [ 131.125, 42.9166667 ], [ 131.125, 42.9999999 ], [ 131.0, 42.9999999 ], [ 131.0, 42.9166667 ] ] ] } },
{ "type": "Feature", "properties": { "Id": 0, "Sheet_ID": "鎮安嶺", "label": "鎮安嶺", "call_short": "0", "call_num": "0", "recid": "0", "websiteUrl": "0", "title": "0", "ckey": 0, "available": false, "iiifUrl": "0" }, "geometry": { "type": "Polygon", "coordinates": [ [ [ 130.875, 42.9166667 ], [ 131.0, 42.9166667 ], [ 131.0, 42.9999999 ], [ 130.875, 42.9999999 ], [ 130.875, 42.9166667 ] ] ] } },
{ "type": "Feature", "properties": { "Id": 0, "Sheet_ID": "東寧近傍_8. ポルタフカ", "label": "東寧近傍_8. ポルタフカ", "call_short": "0", "call_num": "0", "recid": "0", "websiteUrl": "0", "title": "0", "ckey": 0, "available": false, "iiifUrl": "0" }, "geometry": { "type": "Polygon", "coordinates": [ [ [ 131.25, 44.0 ], [ 131.375, 44.0 ], [ 131.375, 44.0833333 ], [ 131.25, 44.0833333 ], [ 131.25, 44.0 ] ] ] } },
{ "type": "Feature", "properties": { "Id": 0, "Sheet_ID": "東寧近傍_4. ノーウオヂオルキエフカ", "label": "東寧近傍_4. ノーウオヂオルキエフカ", "call_short": "0", "call_num": "0", "recid": "0", "websiteUrl": "0", "title": "0", "ckey": 0, "available": false, "iiifUrl": "0" }, "geometry": { "type": "Polygon", "coordinates": [ [ [ 131.375, 44.0 ], [ 131.5, 44.0 ], [ 131.5, 44.0833333 ], [ 131.375, 44.0833333 ], [ 131.375, 44.0 ] ] ] } },
{ "type": "Feature", "properties": { "Id": 0, "Sheet_ID": "リポフツイ近傍_8. ガリョーンカ", "label": "リポフツイ近傍_8. ガリョーンカ", "call_short": "G7270 S25 .J36", "call_num": "G7270 S25 .J36 13-8", "recid": "dc782xs2809", "websiteUrl": "https://purl.stanford.edu/dc782xs2809", "title": "西伯利二万五千分一圖", "ckey": 12725908, "available": true, "iiifUrl": "https://purl.stanford.edu/dc782xs2809/iiif/manifest" }, "geometry": { "type": "Polygon", "coordinates": [ [ [ 131.708333, 44.0 ], [ 131.875, 44.0 ], [ 131.875, 44.0833333 ], [ 131.708333, 44.0833333 ], [ 131.708333, 44.0 ] ] ] } },
{ "type": "Feature", "properties": { "Id": 0, "Sheet_ID": "リポフツイ近傍_4. ヅーブキ", "label": "リポフツイ近傍_4. ヅーブキ", "call_short": "G7270 S25 .J36", "call_num": "G7270 S25 .J36 13-4", "recid": "gj575kd5564", "websiteUrl": "https://purl.stanford.edu/gj575kd5564", "title": "西伯利二万五千分一圖", "ckey": 12725908, "available": true, "iiifUrl": "https://purl.stanford.edu/gj575kd5564/iiif/manifest" }, "geometry": { "type": "Polygon", "coordinates": [ [ [ 131.875, 44.0 ], [ 132.0, 44.0 ], [ 132.0, 44.0833333 ], [ 131.875, 44.0833333 ], [ 131.875, 44.0 ] ] ] } },
{ "type": "Feature", "properties": { "Id": 0, "Sheet_ID": "東寧近傍_7. 東大川", "label": "東寧近傍_7. 東大川", "call_short": "0", "call_num": "0", "recid": "0", "websiteUrl": "0", "title": "0", "ckey": 0, "available": false, "iiifUrl": "0" }, "geometry": { "type": "Polygon", "coordinates": [ [ [ 131.25, 44.0833333 ], [ 131.375, 44.0833333 ], [ 131.375, 44.1666665 ], [ 131.25, 44.1666665 ], [ 131.25, 44.0833333 ] ] ] } },
{ "type": "Feature", "properties": { "Id": 0, "Sheet_ID": "東寧近傍_3. 東大川東方", "label": "東寧近傍_3. 東大川東方", "call_short": "G7270 S25 .J36", "call_num": "G7270 S25 .J36 17-3", "recid": "jm599tj5250", "websiteUrl": "https://purl.stanford.edu/jm599tj5250", "title": "極東二万五千分一圖", "ckey": 12725908, "available": true, "iiifUrl": "https://purl.stanford.edu/jm599tj5250/iiif/manifest" }, "geometry": { "type": "Polygon", "coordinates": [ [ [ 131.375, 44.0833333 ], [ 131.5, 44.0833333 ], [ 131.5, 44.1666665 ], [ 131.375, 44.1666665 ], [ 131.375, 44.0833333 ] ] ] } },
{ "type": "Feature", "properties": { "Id": 0, "Sheet_ID": "リポフツイ近傍_11. リポフツイ", "label": "リポフツイ近傍_11. リポフツイ", "call_short": "0", "call_num": "0", "recid": "0", "websiteUrl": "0", "title": "0", "ckey": 0, "available": false, "iiifUrl": "0" }, "geometry": { "type": "Polygon", "coordinates": [ [ [ 131.625, 44.0833333 ], [ 131.75, 44.0833333 ], [ 131.75, 44.1666665 ], [ 131.625, 44.1666665 ], [ 131.625, 44.0833333 ] ] ] } },
{ "type": "Feature", "properties": { "Id": 0, "Sheet_ID": "リポフツイ近傍_7. リポフツイ東方", "label": "リポフツイ近傍_7. リポフツイ東方", "call_short": "0", "call_num": "0", "recid": "0", "websiteUrl": "0", "title": "0", "ckey": 0, "available": false, "iiifUrl": "0" }, "geometry": { "type": "Polygon", "coordinates": [ [ [ 131.75, 44.0833333 ], [ 131.875, 44.0833333 ], [ 131.875, 44.1666665 ], [ 131.75, 44.1666665 ], [ 131.75, 44.0833333 ] ] ] } },
{ "type": "Feature", "properties": { "Id": 0, "Sheet_ID": "東寧近傍_6. グラヅーハ山", "label": "東寧近傍_6. グラヅーハ山", "call_short": "0", "call_num": "0", "recid": "0", "websiteUrl": "0", "title": "0", "ckey": 0, "available": false, "iiifUrl": "0" }, "geometry": { "type": "Polygon", "coordinates": [ [ [ 131.25, 44.1666665 ], [ 131.375, 44.1666665 ], [ 131.375, 44.2499998 ], [ 131.25, 44.2499998 ], [ 131.25, 44.1666665 ] ] ] } },
{ "type": "Feature", "properties": { "Id": 0, "Sheet_ID": "東寧近傍_2. グラヅーハ山東方", "label": "東寧近傍_2. グラヅーハ山東方", "call_short": "0", "call_num": "0", "recid": "0", "websiteUrl": "0", "title": "0", "ckey": 0, "available": false, "iiifUrl": "0" }, "geometry": { "type": "Polygon", "coordinates": [ [ [ 131.375, 44.1666665 ], [ 131.5, 44.1666665 ], [ 131.5, 44.2499998 ], [ 131.375, 44.2499998 ], [ 131.375, 44.1666665 ] ] ] } },
{ "type": "Feature", "properties": { "Id": 0, "Sheet_ID": "東寧近傍_5. ソフィエアレクセーエフスキー", "label": "東寧近傍_5. ソフィエアレクセーエフスキー", "call_short": "0", "call_num": "0", "recid": "0", "websiteUrl": "0", "title": "0", "ckey": 0, "available": false, "iiifUrl": "0" }, "geometry": { "type": "Polygon", "coordinates": [ [ [ 131.25, 44.2499998 ], [ 131.375, 44.2499998 ], [ 131.375, 44.333333 ], [ 131.25, 44.333333 ], [ 131.25, 44.2499998 ] ] ] } },
{ "type": "Feature", "properties": { "Id": 0, "Sheet_ID": "リポフツイ近傍_13. タローウォイ南方", "label": "リポフツイ近傍_13. タローウォイ南方", "call_short": "0", "call_num": "0", "recid": "0", "websiteUrl": "0", "title": "0", "ckey": 0, "available": false, "iiifUrl": "0" }, "geometry": { "type": "Polygon", "coordinates": [ [ [ 131.5, 44.2499998 ], [ 131.625, 44.2499998 ], [ 131.625, 44.333333 ], [ 131.5, 44.333333 ], [ 131.5, 44.2499998 ] ] ] } },
{ "type": "Feature", "properties": { "Id": 0, "Sheet_ID": "リポフツイ近傍_9. セルギエフスキー南方", "label": "リポフツイ近傍_9. セルギエフスキー南方", "call_short": "0", "call_num": "0", "recid": "0", "websiteUrl": "0", "title": "0", "ckey": 0, "available": false, "iiifUrl": "0" }, "geometry": { "type": "Polygon", "coordinates": [ [ [ 131.625, 44.2499998 ], [ 131.75, 44.2499998 ], [ 131.75, 44.333333 ], [ 131.625, 44.333333 ], [ 131.625, 44.2499998 ] ] ] } },
{ "type": "Feature", "properties": { "Id": 0, "Sheet_ID": "リポフツイ近傍_1. ワシリェエゴロフスキー", "label": "リポフツイ近傍_1. ワシリェエゴロフスキー", "call_short": "0", "call_num": "0", "recid": "0", "websiteUrl": "0", "title": "0", "ckey": 0, "available": false, "iiifUrl": "0" }, "geometry": { "type": "Polygon", "coordinates": [ [ [ 131.875, 44.2499998 ], [ 132.0, 44.2499998 ], [ 132.0, 44.333333 ], [ 131.875, 44.333333 ], [ 131.875, 44.2499998 ] ] ] } },
{ "type": "Feature", "properties": { "Id": 0, "Sheet_ID": "ウォヅドウィジェンカ北方", "label": "ウォヅドウィジェンカ北方", "call_short": "0", "call_num": "0", "recid": "0", "websiteUrl": "0", "title": "0", "ckey": 0, "available": false, "iiifUrl": "0" }, "geometry": { "type": "Polygon", "coordinates": [ [ [ 131.875, 43.9166667 ], [ 132.0, 43.9166667 ], [ 132.0, 43.9999999 ], [ 131.875, 43.9999999 ], [ 131.875, 43.9166667 ] ] ] } },
{ "type": "Feature", "properties": { "Id": 0, "Sheet_ID": "ノウォニコリスク北方", "label": "ノウォニコリスク北方", "call_short": "0", "call_num": "0", "recid": "0", "websiteUrl": "0", "title": "0", "ckey": 0, "available": false, "iiifUrl": "0" }, "geometry": { "type": "Polygon", "coordinates": [ [ [ 131.75, 43.9166667 ], [ 131.875, 43.9166667 ], [ 131.875, 43.9999999 ], [ 131.75, 43.9999999 ], [ 131.75, 43.9166667 ] ] ] } },
{ "type": "Feature", "properties": { "Id": 0, "Sheet_ID": "ミハイロフスコエ", "label": "ミハイロフスコエ", "call_short": "0", "call_num": "0", "recid": "0", "websiteUrl": "0", "title": "0", "ckey": 0, "available": false, "iiifUrl": "0" }, "geometry": { "type": "Polygon", "coordinates": [ [ [ 132.0, 43.9166667 ], [ 132.125, 43.9166667 ], [ 132.125, 43.9999999 ], [ 132.0, 43.9999999 ], [ 132.0, 43.9166667 ] ] ] } },
{ "type": "Feature", "properties": { "Id": 0, "Sheet_ID": "金廠溝近傍_12. 珠玉山", "label": "金廠溝近傍_12. 珠玉山", "call_short": "0", "call_num": "0", "recid": "0", "websiteUrl": "0", "title": "0", "ckey": 0, "available": false, "iiifUrl": "0" }, "geometry": { "type": "Polygon", "coordinates": [ [ [ 131.125, 44.666667 ], [ 131.25, 44.666667 ], [ 131.25, 44.7500002 ], [ 131.125, 44.7500002 ], [ 131.125, 44.666667 ] ] ] } },
{ "type": "Feature", "properties": { "Id": 0, "Sheet_ID": "金廠溝近傍_4. バラバシェーワ南方", "label": "金廠溝近傍_4. バラバシェーワ南方", "call_short": "0", "call_num": "0", "recid": "0", "websiteUrl": "0", "title": "0", "ckey": 0, "available": false, "iiifUrl": "0" }, "geometry": { "type": "Polygon", "coordinates": [ [ [ 131.375, 44.666667 ], [ 131.5, 44.666667 ], [ 131.5, 44.7500002 ], [ 131.375, 44.7500002 ], [ 131.375, 44.666667 ] ] ] } },
{ "type": "Feature", "properties": { "Id": 0, "Sheet_ID": "イリイソスコエ近傍_16. グラーヅカヤ谷", "label": "イリイソスコエ近傍_16. グラーヅカヤ谷", "call_short": "0", "call_num": "0", "recid": "0", "websiteUrl": "0", "title": "0", "ckey": 0, "available": false, "iiifUrl": "0" }, "geometry": { "type": "Polygon", "coordinates": [ [ [ 131.5, 44.666667 ], [ 131.625, 44.666667 ], [ 131.625, 44.7500002 ], [ 131.5, 44.7500002 ], [ 131.5, 44.666667 ] ] ] } },
{ "type": "Feature", "properties": { "Id": 0, "Sheet_ID": "イリイソスコエ近傍_12. ルビノーフカ", "label": "イリイソスコエ近傍_12. ルビノーフカ", "call_short": "0", "call_num": "0", "recid": "0", "websiteUrl": "0", "title": "0", "ckey": 0, "available": false, "iiifUrl": "0" }, "geometry": { "type": "Polygon", "coordinates": [ [ [ 131.625, 44.666667 ], [ 131.75, 44.666667 ], [ 131.75, 44.7500002 ], [ 131.625, 44.7500002 ], [ 131.625, 44.666667 ] ] ] } },
{ "type": "Feature", "properties": { "Id": 0, "Sheet_ID": "イリイソスコエ近傍_4. カーメンルイボロフ西方", "label": "イリイソスコエ近傍_4. カーメンルイボロフ西方", "call_short": "0", "call_num": "0", "recid": "0", "websiteUrl": "0", "title": "0", "ckey": 0, "available": false, "iiifUrl": "0" }, "geometry": { "type": "Polygon", "coordinates": [ [ [ 131.875, 44.666667 ], [ 132.0, 44.666667 ], [ 132.0, 44.7500002 ], [ 131.875, 44.7500002 ], [ 131.875, 44.666667 ] ] ] } },
{ "type": "Feature", "properties": { "Id": 0, "Sheet_ID": "カーメンルイボローフ", "label": "カーメンルイボローフ", "call_short": "0", "call_num": "0", "recid": "0", "websiteUrl": "0", "title": "0", "ckey": 0, "available": false, "iiifUrl": "0" }, "geometry": { "type": "Polygon", "coordinates": [ [ [ 132.0, 44.666667 ], [ 132.125, 44.666667 ], [ 132.125, 44.7500002 ], [ 132.0, 44.7500002 ], [ 132.0, 44.666667 ] ] ] } },
{ "type": "Feature", "properties": { "Id": 0, "Sheet_ID": "金廠溝近傍_7. ペンチァ河", "label": "金廠溝近傍_7. ペンチァ河", "call_short": "0", "call_num": "0", "recid": "0", "websiteUrl": "0", "title": "0", "ckey": 0, "available": false, "iiifUrl": "0" }, "geometry": { "type": "Polygon", "coordinates": [ [ [ 131.25, 44.7500002 ], [ 131.375, 44.7500002 ], [ 131.375, 44.8333335 ], [ 131.25, 44.8333335 ], [ 131.25, 44.7500002 ] ] ] } },
{ "type": "Feature", "properties": { "Id": 0, "Sheet_ID": "金廠溝近傍_3. バラバシェーワ", "label": "金廠溝近傍_3. バラバシェーワ", "call_short": "G7270 S25 .J36", "call_num": "G7270 S25 .J36 15-3", "recid": "hm803ww8185", "websiteUrl": "https://purl.stanford.edu/hm803ww8185", "title": "極東二万五千分一圖", "ckey": 12725908, "available": true, "iiifUrl": "https://purl.stanford.edu/hm803ww8185/iiif/manifest" }, "geometry": { "type": "Polygon", "coordinates": [ [ [ 131.375, 44.7500002 ], [ 131.5, 44.7500002 ], [ 131.5, 44.8333335 ], [ 131.375, 44.8333335 ], [ 131.375, 44.7500002 ] ] ] } },
{ "type": "Feature", "properties": { "Id": 0, "Sheet_ID": "イリイソスコエ近傍_15. クラスヌイヤ部落", "label": "イリイソスコエ近傍_15. クラスヌイヤ部落", "call_short": "0", "call_num": "0", "recid": "0", "websiteUrl": "0", "title": "0", "ckey": 0, "available": false, "iiifUrl": "0" }, "geometry": { "type": "Polygon", "coordinates": [ [ [ 131.5, 44.7500002 ], [ 131.625, 44.7500002 ], [ 131.625, 44.8333335 ], [ 131.5, 44.8333335 ], [ 131.5, 44.7500002 ] ] ] } },
{ "type": "Feature", "properties": { "Id": 0, "Sheet_ID": "イリイソスコエ近傍_11. アダモフカ", "label": "イリイソスコエ近傍_11. アダモフカ", "call_short": "0", "call_num": "0", "recid": "0", "websiteUrl": "0", "title": "0", "ckey": 0, "available": false, "iiifUrl": "0" }, "geometry": { "type": "Polygon", "coordinates": [ [ [ 131.625, 44.7500002 ], [ 131.75, 44.7500002 ], [ 131.75, 44.8333335 ], [ 131.625, 44.8333335 ], [ 131.625, 44.7500002 ] ] ] } },
{ "type": "Feature", "properties": { "Id": 0, "Sheet_ID": "イリイソスコエ近傍_7. アストラハンスカヤ谷", "label": "イリイソスコエ近傍_7. アストラハンスカヤ谷", "call_short": "0", "call_num": "0", "recid": "0", "websiteUrl": "0", "title": "0", "ckey": 0, "available": false, "iiifUrl": "0" }, "geometry": { "type": "Polygon", "coordinates": [ [ [ 131.75, 44.7500002 ], [ 131.875, 44.7500002 ], [ 131.875, 44.8333335 ], [ 131.75, 44.8333335 ], [ 131.75, 44.7500002 ] ] ] } },
{ "type": "Feature", "properties": { "Id": 0, "Sheet_ID": "イリイソスコエ近傍_3. カーメンルイボローフ農園", "label": "イリイソスコエ近傍_3. カーメンルイボローフ農園", "call_short": "0", "call_num": "0", "recid": "0", "websiteUrl": "0", "title": "0", "ckey": 0, "available": false, "iiifUrl": "0" }, "geometry": { "type": "Polygon", "coordinates": [ [ [ 131.875, 44.7500002 ], [ 132.0, 44.7500002 ], [ 132.0, 44.8333335 ], [ 131.875, 44.8333335 ], [ 131.875, 44.7500002 ] ] ] } },
{ "type": "Feature", "properties": { "Id": 0, "Sheet_ID": "金廠溝近傍_6. 夜鳴山", "label": "金廠溝近傍_6. 夜鳴山", "call_short": "0", "call_num": "0", "recid": "0", "websiteUrl": "0", "title": "0", "ckey": 0, "available": false, "iiifUrl": "0" }, "geometry": { "type": "Polygon", "coordinates": [ [ [ 131.25, 44.8333335 ], [ 131.375, 44.8333335 ], [ 131.375, 44.9166667 ], [ 131.25, 44.9166667 ], [ 131.25, 44.8333335 ] ] ] } },
{ "type": "Feature", "properties": { "Id": 0, "Sheet_ID": "金廠溝近傍_2. 連五山", "label": "金廠溝近傍_2. 連五山", "call_short": "0", "call_num": "0", "recid": "0", "websiteUrl": "0", "title": "0", "ckey": 0, "available": false, "iiifUrl": "0" }, "geometry": { "type": "Polygon", "coordinates": [ [ [ 131.375, 44.8333335 ], [ 131.5, 44.8333335 ], [ 131.5, 44.9166667 ], [ 131.375, 44.9166667 ], [ 131.375, 44.8333335 ] ] ] } },
{ "type": "Feature", "properties": { "Id": 0, "Sheet_ID": "イリイソスコエ近傍_14. ドウォリャンカ", "label": "イリイソスコエ近傍_14. ドウォリャンカ", "call_short": "0", "call_num": "0", "recid": "0", "websiteUrl": "0", "title": "0", "ckey": 0, "available": false, "iiifUrl": "0" }, "geometry": { "type": "Polygon", "coordinates": [ [ [ 131.5, 44.8333335 ], [ 131.625, 44.8333335 ], [ 131.625, 44.9166667 ], [ 131.5, 44.9166667 ], [ 131.5, 44.8333335 ] ] ] } },
{ "type": "Feature", "properties": { "Id": 0, "Sheet_ID": "イリイソスコエ近傍_10. シニャヤ河", "label": "イリイソスコエ近傍_10. シニャヤ河", "call_short": "0", "call_num": "0", "recid": "0", "websiteUrl": "0", "title": "0", "ckey": 0, "available": false, "iiifUrl": "0" }, "geometry": { "type": "Polygon", "coordinates": [ [ [ 131.625, 44.8333335 ], [ 131.75, 44.8333335 ], [ 131.75, 44.9166667 ], [ 131.625, 44.9166667 ], [ 131.625, 44.8333335 ] ] ] } },
{ "type": "Feature", "properties": { "Id": 0, "Sheet_ID": "イリイソスコエ近傍_6. カバンカ河", "label": "イリイソスコエ近傍_6. カバンカ河", "call_short": "G7270 S25 .J36", "call_num": "G7270 S25 .J36 11-6", "recid": "kk108yc7856", "websiteUrl": "https://purl.stanford.edu/kk108yc7856", "title": "極東二万五千分一圖", "ckey": 12725908, "available": true, "iiifUrl": "https://purl.stanford.edu/kk108yc7856/iiif/manifest" }, "geometry": { "type": "Polygon", "coordinates": [ [ [ 131.75, 44.8333335 ], [ 131.875, 44.8333335 ], [ 131.875, 44.9166667 ], [ 131.75, 44.9166667 ], [ 131.75, 44.8333335 ] ] ] } },
{ "type": "Feature", "properties": { "Id": 0, "Sheet_ID": "イリイソスコエ近傍_2. イリインスコエ", "label": "イリイソスコエ近傍_2. イリインスコエ", "call_short": "0", "call_num": "0", "recid": "0", "websiteUrl": "0", "title": "0", "ckey": 0, "available": false, "iiifUrl": "0" }, "geometry": { "type": "Polygon", "coordinates": [ [ [ 131.875, 44.8333335 ], [ 132.0, 44.8333335 ], [ 132.0, 44.9166667 ], [ 131.875, 44.9166667 ], [ 131.875, 44.8333335 ] ] ] } },
{ "type": "Feature", "properties": { "Id": 0, "Sheet_ID": "イリイソスコエ近傍_13. n/a", "label": "イリイソスコエ近傍_13. n/a", "call_short": "0", "call_num": "0", "recid": "0", "websiteUrl": "0", "title": "0", "ckey": 0, "available": false, "iiifUrl": "0" }, "geometry": { "type": "Polygon", "coordinates": [ [ [ 131.5, 44.9166667 ], [ 131.625, 44.9166667 ], [ 131.625, 45.0 ], [ 131.5, 45.0 ], [ 131.5, 44.9166667 ] ] ] } },
{ "type": "Feature", "properties": { "Id": 0, "Sheet_ID": "イリイソスコエ近傍_9. ポペレチナヤ谷", "label": "イリイソスコエ近傍_9. ポペレチナヤ谷", "call_short": "0", "call_num": "0", "recid": "0", "websiteUrl": "0", "title": "0", "ckey": 0, "available": false, "iiifUrl": "0" }, "geometry": { "type": "Polygon", "coordinates": [ [ [ 131.625, 44.9166667 ], [ 131.75, 44.9166667 ], [ 131.75, 45.0 ], [ 131.625, 45.0 ], [ 131.625, 44.9166667 ] ] ] } },
{ "type": "Feature", "properties": { "Id": 0, "Sheet_ID": "イリイソスコエ近傍_5. コミッサローフスキー", "label": "イリイソスコエ近傍_5. コミッサローフスキー", "call_short": "G7270 S25 .J36", "call_num": "G7270 S25 .J36 11-5", "recid": "nv601gs1908", "websiteUrl": "https://purl.stanford.edu/nv601gs1908", "title": "極東二万五千分一圖", "ckey": 12725908, "available": true, "iiifUrl": "https://purl.stanford.edu/nv601gs1908/iiif/manifest" }, "geometry": { "type": "Polygon", "coordinates": [ [ [ 131.75, 44.9166667 ], [ 131.875, 44.9166667 ], [ 131.875, 45.0 ], [ 131.75, 45.0 ], [ 131.75, 44.9166667 ] ] ] } },
{ "type": "Feature", "properties": { "Id": 0, "Sheet_ID": "イリイソスコエ近傍_1. イリインスコエ北方", "label": "イリイソスコエ近傍_1. イリインスコエ北方", "call_short": "0", "call_num": "0", "recid": "0", "websiteUrl": "0", "title": "0", "ckey": 0, "available": false, "iiifUrl": "0" }, "geometry": { "type": "Polygon", "coordinates": [ [ [ 131.875, 44.9166667 ], [ 132.0, 44.9166667 ], [ 132.0, 45.0 ], [ 131.875, 45.0 ], [ 131.875, 44.9166667 ] ] ] } },
{ "type": "Feature", "properties": { "Id": 0, "Sheet_ID": "プラトノーアレクサンドロフスカヤ", "label": "プラトノーアレクサンドロフスカヤ", "call_short": "0", "call_num": "0", "recid": "0", "websiteUrl": "0", "title": "0", "ckey": 0, "available": false, "iiifUrl": "0" }, "geometry": { "type": "Polygon", "coordinates": [ [ [ 131.875, 45.0000001 ], [ 132.0, 45.0000001 ], [ 132.0, 45.0833333 ], [ 131.875, 45.0833333 ], [ 131.875, 45.0000001 ] ] ] } },
{ "type": "Feature", "properties": { "Id": 0, "Sheet_ID": "長森峰", "label": "長森峰", "call_short": "0", "call_num": "0", "recid": "0", "websiteUrl": "0", "title": "0", "ckey": 0, "available": false, "iiifUrl": "0" }, "geometry": { "type": "Polygon", "coordinates": [ [ [ 131.625, 45.0000001 ], [ 131.75, 45.0000001 ], [ 131.75, 45.0833333 ], [ 131.625, 45.0833333 ], [ 131.625, 45.0000001 ] ] ] } },
{ "type": "Feature", "properties": { "Id": 0, "Sheet_ID": "綏芬河近傍_12. 綏芬河", "label": "綏芬河近傍_12. 綏芬河", "call_short": "0", "call_num": "0", "recid": "0", "websiteUrl": "0", "title": "0", "ckey": 0, "available": false, "iiifUrl": "0" }, "geometry": { "type": "Polygon", "coordinates": [ [ [ 131.125, 44.3333334 ], [ 131.25, 44.3333334 ], [ 131.25, 44.4166668 ], [ 131.125, 44.4166668 ], [ 131.125, 44.3333334 ] ] ] } },
{ "type": "Feature", "properties": { "Id": 0, "Sheet_ID": "綏芬河近傍_8. グロデコーウォ西部", "label": "綏芬河近傍_8. グロデコーウォ西部", "call_short": "0", "call_num": "0", "recid": "0", "websiteUrl": "0", "title": "0", "ckey": 0, "available": false, "iiifUrl": "0" }, "geometry": { "type": "Polygon", "coordinates": [ [ [ 131.25, 44.3333334 ], [ 131.375, 44.3333334 ], [ 131.375, 44.4166668 ], [ 131.25, 44.4166668 ], [ 131.25, 44.3333334 ] ] ] } },
{ "type": "Feature", "properties": { "Id": 0, "Sheet_ID": "綏芬河近傍_4. グロデコーウォ", "label": "綏芬河近傍_4. グロデコーウォ", "call_short": "0", "call_num": "0", "recid": "0", "websiteUrl": "0", "title": "0", "ckey": 0, "available": false, "iiifUrl": "0" }, "geometry": { "type": "Polygon", "coordinates": [ [ [ 131.375, 44.3333334 ], [ 131.5, 44.3333334 ], [ 131.5, 44.4166668 ], [ 131.375, 44.4166668 ], [ 131.375, 44.3333334 ] ] ] } },
{ "type": "Feature", "properties": { "Id": 0, "Sheet_ID": "ヂァリコーウォ近傍_16. タローウォイ", "label": "ヂァリコーウォ近傍_16. タローウォイ", "call_short": "G7270 S25 .J36", "call_num": "G7270 S25 .J36 12-16", "recid": "vm736ht5350", "websiteUrl": "https://purl.stanford.edu/vm736ht5350", "title": "極東二万五千分一圖", "ckey": 12725908, "available": true, "iiifUrl": "https://purl.stanford.edu/vm736ht5350/iiif/manifest" }, "geometry": { "type": "Polygon", "coordinates": [ [ [ 131.5, 44.3333334 ], [ 131.625, 44.3333334 ], [ 131.625, 44.4166668 ], [ 131.5, 44.4166668 ], [ 131.5, 44.3333334 ] ] ] } },
{ "type": "Feature", "properties": { "Id": 0, "Sheet_ID": "ヂァリコーウォ近傍_12. セルギエフスキー", "label": "ヂァリコーウォ近傍_12. セルギエフスキー", "call_short": "0", "call_num": "0", "recid": "0", "websiteUrl": "0", "title": "0", "ckey": 0, "available": false, "iiifUrl": "0" }, "geometry": { "type": "Polygon", "coordinates": [ [ [ 131.625, 44.3333334 ], [ 131.75, 44.3333334 ], [ 131.75, 44.4166668 ], [ 131.625, 44.4166668 ], [ 131.625, 44.3333334 ] ] ] } },
{ "type": "Feature", "properties": { "Id": 0, "Sheet_ID": "ヂァリコーウォ近傍_8. プリルーキ北方", "label": "ヂァリコーウォ近傍_8. プリルーキ北方", "call_short": "0", "call_num": "0", "recid": "0", "websiteUrl": "0", "title": "0", "ckey": 0, "available": false, "iiifUrl": "0" }, "geometry": { "type": "Polygon", "coordinates": [ [ [ 131.75, 44.3333334 ], [ 131.875, 44.3333334 ], [ 131.875, 44.4166668 ], [ 131.75, 44.4166668 ], [ 131.75, 44.3333334 ] ] ] } },
{ "type": "Feature", "properties": { "Id": 0, "Sheet_ID": "ヂァリコーウォ近傍_4. ポポーフカ南方", "label": "ヂァリコーウォ近傍_4. ポポーフカ南方", "call_short": "0", "call_num": "0", "recid": "0", "websiteUrl": "0", "title": "0", "ckey": 0, "available": false, "iiifUrl": "0" }, "geometry": { "type": "Polygon", "coordinates": [ [ [ 131.875, 44.3333334 ], [ 132.0, 44.3333334 ], [ 132.0, 44.4166668 ], [ 131.875, 44.4166668 ], [ 131.875, 44.3333334 ] ] ] } },
{ "type": "Feature", "properties": { "Id": 0, "Sheet_ID": "綏芬河近傍_11. 光風臺", "label": "綏芬河近傍_11. 光風臺", "call_short": "0", "call_num": "0", "recid": "0", "websiteUrl": "0", "title": "0", "ckey": 0, "available": false, "iiifUrl": "0" }, "geometry": { "type": "Polygon", "coordinates": [ [ [ 131.125, 44.4166668 ], [ 131.25, 44.4166668 ], [ 131.25, 44.5000002 ], [ 131.125, 44.5000002 ], [ 131.125, 44.4166668 ] ] ] } },
{ "type": "Feature", "properties": { "Id": 0, "Sheet_ID": "綏芬河近傍_7. アンドレーエフスキー西部", "label": "綏芬河近傍_7. アンドレーエフスキー西部", "call_short": "0", "call_num": "0", "recid": "0", "websiteUrl": "0", "title": "0", "ckey": 0, "available": false, "iiifUrl": "0" }, "geometry": { "type": "Polygon", "coordinates": [ [ [ 131.25, 44.4166668 ], [ 131.375, 44.4166668 ], [ 131.375, 44.5000002 ], [ 131.25, 44.5000002 ], [ 131.25, 44.4166668 ] ] ] } },
{ "type": "Feature", "properties": { "Id": 0, "Sheet_ID": "綏芬河近傍_3. アンドレーエフスキー", "label": "綏芬河近傍_3. アンドレーエフスキー", "call_short": "G7270 S25 .J36", "call_num": "G7270 S25 .J36 16-3", "recid": "jt132xy0671", "websiteUrl": "https://purl.stanford.edu/jt132xy0671", "title": "極東二万五千分一圖", "ckey": 12725908, "available": true, "iiifUrl": "https://purl.stanford.edu/jt132xy0671/iiif/manifest" }, "geometry": { "type": "Polygon", "coordinates": [ [ [ 131.375, 44.4166668 ], [ 131.5, 44.4166668 ], [ 131.5, 44.5000002 ], [ 131.375, 44.5000002 ], [ 131.375, 44.4166668 ] ] ] } },
{ "type": "Feature", "properties": { "Id": 0, "Sheet_ID": "ヂァリコーウォ近傍_15. ボグースラフスキー", "label": "ヂァリコーウォ近傍_15. ボグースラフスキー", "call_short": "0", "call_num": "0", "recid": "0", "websiteUrl": "0", "title": "0", "ckey": 0, "available": false, "iiifUrl": "0" }, "geometry": { "type": "Polygon", "coordinates": [ [ [ 131.5, 44.4166668 ], [ 131.625, 44.4166668 ], [ 131.625, 44.5000002 ], [ 131.5, 44.5000002 ], [ 131.5, 44.4166668 ] ] ] } },
{ "type": "Feature", "properties": { "Id": 0, "Sheet_ID": "ヂァリコーウォ近傍_7. ネステローフ", "label": "ヂァリコーウォ近傍_7. ネステローフ", "call_short": "G7270 S25 .J36", "call_num": "G7270 S25 .J36 12-7", "recid": "qy510mg6846", "websiteUrl": "https://purl.stanford.edu/qy510mg6846", "title": "西伯利二万五千分一圖", "ckey": 12725908, "available": true, "iiifUrl": "https://purl.stanford.edu/qy510mg6846/iiif/manifest" }, "geometry": { "type": "Polygon", "coordinates": [ [ [ 131.75, 44.4166668 ], [ 131.875, 44.4166668 ], [ 131.875, 44.5000002 ], [ 131.75, 44.5000002 ], [ 131.75, 44.4166668 ] ] ] } },
{ "type": "Feature", "properties": { "Id": 0, "Sheet_ID": "ヂァリコーウォ近傍_3. ポポーフカ", "label": "ヂァリコーウォ近傍_3. ポポーフカ", "call_short": "G7270 S25 .J36", "call_num": "G7270 S25 .J36 12-3", "recid": "dt649my2005", "websiteUrl": "https://purl.stanford.edu/dt649my2005", "title": "西伯利二万五千分一圖", "ckey": 12725908, "available": true, "iiifUrl": "https://purl.stanford.edu/dt649my2005/iiif/manifest" }, "geometry": { "type": "Polygon", "coordinates": [ [ [ 131.875, 44.4166668 ], [ 132.0, 44.4166668 ], [ 132.0, 44.5000002 ], [ 131.875, 44.5000002 ], [ 131.875, 44.4166668 ] ] ] } },
{ "type": "Feature", "properties": { "Id": 0, "Sheet_ID": "綏芬河近傍_10. 十九號界標", "label": "綏芬河近傍_10. 十九號界標", "call_short": "0", "call_num": "0", "recid": "0", "websiteUrl": "0", "title": "0", "ckey": 0, "available": false, "iiifUrl": "0" }, "geometry": { "type": "Polygon", "coordinates": [ [ [ 131.125, 44.5000002 ], [ 131.25, 44.5000002 ], [ 131.25, 44.5833336 ], [ 131.125, 44.5833336 ], [ 131.125, 44.5000002 ] ] ] } },
{ "type": "Feature", "properties": { "Id": 0, "Sheet_ID": "綏芬河近傍_6. 東嵐山", "label": "綏芬河近傍_6. 東嵐山", "call_short": "0", "call_num": "0", "recid": "0", "websiteUrl": "0", "title": "0", "ckey": 0, "available": false, "iiifUrl": "0" }, "geometry": { "type": "Polygon", "coordinates": [ [ [ 131.25, 44.5000002 ], [ 131.375, 44.5000002 ], [ 131.375, 44.5833336 ], [ 131.25, 44.5833336 ], [ 131.25, 44.5000002 ] ] ] } },
{ "type": "Feature", "properties": { "Id": 0, "Sheet_ID": "綏芬河近傍_2. スミヤチ南方", "label": "綏芬河近傍_2. スミヤチ南方", "call_short": "0", "call_num": "0", "recid": "0", "websiteUrl": "0", "title": "0", "ckey": 0, "available": false, "iiifUrl": "0" }, "geometry": { "type": "Polygon", "coordinates": [ [ [ 131.375, 44.5000002 ], [ 131.5, 44.5000002 ], [ 131.5, 44.5833336 ], [ 131.375, 44.5833336 ], [ 131.375, 44.5000002 ] ] ] } },
{ "type": "Feature", "properties": { "Id": 0, "Sheet_ID": "ヂァリコーウォ近傍_14. ノーワヤデレーフニャ", "label": "ヂァリコーウォ近傍_14. ノーワヤデレーフニャ", "call_short": "G7270 S25 .J36", "call_num": "G7270 S25 .J36 12-14", "recid": "bv888xx3519", "websiteUrl": "https://purl.stanford.edu/bv888xx3519", "title": "極東二万五千分一圖", "ckey": 12725908, "available": true, "iiifUrl": "https://purl.stanford.edu/bv888xx3519/iiif/manifest" }, "geometry": { "type": "Polygon", "coordinates": [ [ [ 131.5, 44.5000002 ], [ 131.625, 44.5000002 ], [ 131.625, 44.5833336 ], [ 131.5, 44.5833336 ], [ 131.5, 44.5000002 ] ] ] } },
{ "type": "Feature", "properties": { "Id": 0, "Sheet_ID": "ヂァリコーウォ近傍_10. ヂァリコーウォ南部", "label": "ヂァリコーウォ近傍_10. ヂァリコーウォ南部", "call_short": "0", "call_num": "0", "recid": "0", "websiteUrl": "0", "title": "0", "ckey": 0, "available": false, "iiifUrl": "0" }, "geometry": { "type": "Polygon", "coordinates": [ [ [ 131.625, 44.5000002 ], [ 131.75, 44.5000002 ], [ 131.75, 44.5833336 ], [ 131.625, 44.5833336 ], [ 131.625, 44.5000002 ] ] ] } },
{ "type": "Feature", "properties": { "Id": 0, "Sheet_ID": "ヂァリコーウォ近傍_6. ヂァリコーウォ東南", "label": "ヂァリコーウォ近傍_6. ヂァリコーウォ東南", "call_short": "G7270 S25 .J36", "call_num": "G7270 S25 .J36 12-6", "recid": "dw328ky6806", "websiteUrl": "https://purl.stanford.edu/dw328ky6806", "title": "西伯利二万五千分一圖", "ckey": 12725908, "available": true, "iiifUrl": "https://purl.stanford.edu/dw328ky6806/iiif/manifest" }, "geometry": { "type": "Polygon", "coordinates": [ [ [ 131.75, 44.5000002 ], [ 131.875, 44.5000002 ], [ 131.875, 44.5833336 ], [ 131.75, 44.5833336 ], [ 131.75, 44.5000002 ] ] ] } },
{ "type": "Feature", "properties": { "Id": 0, "Sheet_ID": "ヂァリコーウォ近傍_2. メリグーノフカ", "label": "ヂァリコーウォ近傍_2. メリグーノフカ", "call_short": "G7270 S25 .J36", "call_num": "G7270 S25 .J36 12-2", "recid": "bs863cz6705", "websiteUrl": "https://purl.stanford.edu/bs863cz6705", "title": "西伯利二万五千分一圖", "ckey": 12725908, "available": true, "iiifUrl": "https://purl.stanford.edu/bs863cz6705/iiif/manifest" }, "geometry": { "type": "Polygon", "coordinates": [ [ [ 131.875, 44.5000002 ], [ 132.0, 44.5000002 ], [ 132.0, 44.5833336 ], [ 131.875, 44.5833336 ], [ 131.875, 44.5000002 ] ] ] } },
{ "type": "Feature", "properties": { "Id": 0, "Sheet_ID": "綏芬河近傍_9. 二十號界標", "label": "綏芬河近傍_9. 二十號界標", "call_short": "0", "call_num": "0", "recid": "0", "websiteUrl": "0", "title": "0", "ckey": 0, "available": false, "iiifUrl": "0" }, "geometry": { "type": "Polygon", "coordinates": [ [ [ 131.125, 44.5833336 ], [ 131.25, 44.5833336 ], [ 131.25, 44.666667 ], [ 131.125, 44.666667 ], [ 131.125, 44.5833336 ] ] ] } },
{ "type": "Feature", "properties": { "Id": 0, "Sheet_ID": "綏芬河近傍_5. アンドレーエウァ谷", "label": "綏芬河近傍_5. アンドレーエウァ谷", "call_short": "G7270 S25 .J36", "call_num": "G7270 S25 .J36 16-5", "recid": "nk818xd3394", "websiteUrl": "https://purl.stanford.edu/nk818xd3394", "title": "極東二万五千分一圖", "ckey": 12725908, "available": true, "iiifUrl": "https://purl.stanford.edu/nk818xd3394/iiif/manifest" }, "geometry": { "type": "Polygon", "coordinates": [ [ [ 131.25, 44.5833336 ], [ 131.375, 44.5833336 ], [ 131.375, 44.666667 ], [ 131.25, 44.666667 ], [ 131.25, 44.5833336 ] ] ] } },
{ "type": "Feature", "properties": { "Id": 0, "Sheet_ID": "綏芬河近傍_1. スミヤチ", "label": "綏芬河近傍_1. スミヤチ", "call_short": "0", "call_num": "0", "recid": "0", "websiteUrl": "0", "title": "0", "ckey": 0, "available": false, "iiifUrl": "0" }, "geometry": { "type": "Polygon", "coordinates": [ [ [ 131.375, 44.5833336 ], [ 131.5, 44.5833336 ], [ 131.5, 44.666667 ], [ 131.375, 44.666667 ], [ 131.375, 44.5833336 ] ] ] } },
{ "type": "Feature", "properties": { "Id": 0, "Sheet_ID": "ヂァリコーウォ近傍_13. ドゥホーフスコイ", "label": "ヂァリコーウォ近傍_13. ドゥホーフスコイ", "call_short": "0", "call_num": "0", "recid": "0", "websiteUrl": "0", "title": "0", "ckey": 0, "available": false, "iiifUrl": "0" }, "geometry": { "type": "Polygon", "coordinates": [ [ [ 131.5, 44.5833336 ], [ 131.625, 44.5833336 ], [ 131.625, 44.666667 ], [ 131.5, 44.666667 ], [ 131.5, 44.5833336 ] ] ] } },
{ "type": "Feature", "properties": { "Id": 0, "Sheet_ID": "ヂァリコーウォ近傍_9. ヂァリコーウォ", "label": "ヂァリコーウォ近傍_9. ヂァリコーウォ", "call_short": "G7270 S25 .J36", "call_num": "G7270 S25 .J36 12-9", "recid": "dz258qq2127", "websiteUrl": "https://purl.stanford.edu/dz258qq2127", "title": "極東二万五千分一圖", "ckey": 12725908, "available": true, "iiifUrl": "https://purl.stanford.edu/dz258qq2127/iiif/manifest" }, "geometry": { "type": "Polygon", "coordinates": [ [ [ 131.625, 44.5833336 ], [ 131.75, 44.5833336 ], [ 131.75, 44.666667 ], [ 131.625, 44.666667 ], [ 131.625, 44.5833336 ] ] ] } },
{ "type": "Feature", "properties": { "Id": 0, "Sheet_ID": "ヂァリコーウォ近傍_5. ノーウォセリシチェ", "label": "ヂァリコーウォ近傍_5. ノーウォセリシチェ", "call_short": "0", "call_num": "0", "recid": "0", "websiteUrl": "0", "title": "0", "ckey": 0, "available": false, "iiifUrl": "0" }, "geometry": { "type": "Polygon", "coordinates": [ [ [ 131.75, 44.5833336 ], [ 131.875, 44.5833336 ], [ 131.875, 44.666667 ], [ 131.75, 44.666667 ], [ 131.75, 44.5833336 ] ] ] } },
{ "type": "Feature", "properties": { "Id": 0, "Sheet_ID": "ヂァリコーウォ近傍_1. モロゾフカ", "label": "ヂァリコーウォ近傍_1. モロゾフカ", "call_short": "G7270 S25 .J36", "call_num": "G7270 S25 .J36 12-1", "recid": "kw549pc5846", "websiteUrl": "https://purl.stanford.edu/kw549pc5846", "title": "西伯利二万五千分一圖", "ckey": 12725908, "available": true, "iiifUrl": "https://purl.stanford.edu/kw549pc5846/iiif/manifest" }, "geometry": { "type": "Polygon", "coordinates": [ [ [ 131.875, 44.5833336 ], [ 132.0, 44.5833336 ], [ 132.0, 44.666667 ], [ 131.875, 44.666667 ], [ 131.875, 44.5833336 ] ] ] } },
{ "type": "Feature", "properties": { "Id": 0, "Sheet_ID": "ホロリスコエ近傍_14. ホロリスコエ北方", "label": "ホロリスコエ近傍_14. ホロリスコエ北方", "call_short": "G7270 S25 .J36", "call_num": "G7270 S25 .J36 10-14", "recid": "ys883wz6288", "websiteUrl": "https://purl.stanford.edu/ys883wz6288", "title": "西伯利二万五千分一圖", "ckey": 12725908, "available": true, "iiifUrl": "https://purl.stanford.edu/ys883wz6288/iiif/manifest" }, "geometry": { "type": "Polygon", "coordinates": [ [ [ 132.0, 44.5000002 ], [ 132.125, 44.5000002 ], [ 132.125, 44.5833336 ], [ 132.0, 44.5833336 ], [ 132.0, 44.5000002 ] ] ] } },
{ "type": "Feature", "properties": { "Id": 0, "Sheet_ID": "ホロリスコエ近傍_13. ウラジミロペトフカ", "label": "ホロリスコエ近傍_13. ウラジミロペトフカ", "call_short": "0", "call_num": "0", "recid": "0", "websiteUrl": "0", "title": "0", "ckey": 0, "available": false, "iiifUrl": "0" }, "geometry": { "type": "Polygon", "coordinates": [ [ [ 132.0, 44.5833336 ], [ 132.125, 44.5833336 ], [ 132.125, 44.666667 ], [ 132.0, 44.666667 ], [ 132.0, 44.5833336 ] ] ] } },
{ "type": "Feature", "properties": { "Id": 0, "Sheet_ID": "ホロリスコエ近傍_15. ホロリスコエ", "label": "ホロリスコエ近傍_15. ホロリスコエ", "call_short": "G7270 S25 .J36", "call_num": "G7270 S25 .J36 10-15", "recid": "ys251ns7536", "websiteUrl": "https://purl.stanford.edu/ys251ns7536", "title": "西伯利二万五千分一圖", "ckey": 12725908, "available": true, "iiifUrl": "https://purl.stanford.edu/ys251ns7536/iiif/manifest" }, "geometry": { "type": "Polygon", "coordinates": [ [ [ 132.0, 44.4166668 ], [ 132.125, 44.4166668 ], [ 132.125, 44.5000002 ], [ 132.0, 44.5000002 ], [ 132.0, 44.4166668 ] ] ] } },
{ "type": "Feature", "properties": { "Id": 0, "Sheet_ID": "ホロリスコエ近傍_16. ホロリスコエ南方", "label": "ホロリスコエ近傍_16. ホロリスコエ南方", "call_short": "G7270 S25 .J36", "call_num": "G7270 S25 .J36 10-16", "recid": "gz434st7992", "websiteUrl": "https://purl.stanford.edu/gz434st7992", "title": "西伯利二万五千分一圖", "ckey": 12725908, "available": true, "iiifUrl": "https://purl.stanford.edu/gz434st7992/iiif/manifest" }, "geometry": { "type": "Polygon", "coordinates": [ [ [ 132.0, 44.3333334 ], [ 132.125, 44.3333334 ], [ 132.125, 44.4166668 ], [ 132.0, 44.4166668 ], [ 132.0, 44.3333334 ] ] ] } },
{ "type": "Feature", "properties": { "Id": 0, "Sheet_ID": "ブラゴダトヌイ", "label": "ブラゴダトヌイ", "call_short": "0", "call_num": "0", "recid": "0", "websiteUrl": "0", "title": "0", "ckey": 0, "available": false, "iiifUrl": "0" }, "geometry": { "type": "Polygon", "coordinates": [ [ [ 132.0, 44.25 ], [ 132.125, 44.25 ], [ 132.125, 44.3333334 ], [ 132.0, 44.3333334 ], [ 132.0, 44.25 ] ] ] } },
{ "type": "Feature", "properties": { "Id": 0, "Sheet_ID": "ストレーテンカ近傍_16. スイチョフスキー南方", "label": "ストレーテンカ近傍_16. スイチョフスキー南方", "call_short": "G7270 S25 .J36", "call_num": "G7270 S25 .J36 21-16", "recid": "ct406wn3733", "websiteUrl": "https://purl.stanford.edu/ct406wn3733", "title": "東「ソ」二万五千分一圖", "ckey": 12725908, "available": true, "iiifUrl": "https://purl.stanford.edu/ct406wn3733/iiif/manifest" }, "geometry": { "type": "Polygon", "coordinates": [ [ [ 127.5, 51.0 ], [ 127.625, 51.0 ], [ 127.625, 51.0833333 ], [ 127.5, 51.0833333 ], [ 127.5, 51.0 ] ] ] } },
{ "type": "Feature", "properties": { "Id": 0, "Sheet_ID": "ストレーテンカ近傍_12. ベツサラフカ北方", "label": "ストレーテンカ近傍_12. ベツサラフカ北方", "call_short": "G7270 S25 .J36", "call_num": "G7270 S25 .J36 21-12", "recid": "cg341zc1652", "websiteUrl": "https://purl.stanford.edu/cg341zc1652", "title": "東「ソ」二万五千分一圖", "ckey": 12725908, "available": true, "iiifUrl": "https://purl.stanford.edu/cg341zc1652/iiif/manifest" }, "geometry": { "type": "Polygon", "coordinates": [ [ [ 127.625, 51.0 ], [ 127.75, 51.0 ], [ 127.75, 51.0833333 ], [ 127.625, 51.0833333 ], [ 127.625, 51.0 ] ] ] } },
{ "type": "Feature", "properties": { "Id": 0, "Sheet_ID": "ストレーテンカ近傍_8. ストレーテンカ西方", "label": "ストレーテンカ近傍_8. ストレーテンカ西方", "call_short": "G7270 S25 .J36", "call_num": "G7270 S25 .J36 21-8", "recid": "gp501jq6401", "websiteUrl": "https://purl.stanford.edu/gp501jq6401", "title": "東「ソ」二万五千分一圖", "ckey": 12725908, "available": true, "iiifUrl": "https://purl.stanford.edu/gp501jq6401/iiif/manifest" }, "geometry": { "type": "Polygon", "coordinates": [ [ [ 127.75, 51.0 ], [ 127.875, 51.0 ], [ 127.875, 51.0833333 ], [ 127.75, 51.0833333 ], [ 127.75, 51.0 ] ] ] } },
{ "type": "Feature", "properties": { "Id": 0, "Sheet_ID": "ストレーテンカ近傍_4. ストレーテンカ", "label": "ストレーテンカ近傍_4. ストレーテンカ", "call_short": "G7270 S25 .J36", "call_num": "G7270 S25 .J36 21-4", "recid": "tr818ns6686", "websiteUrl": "https://purl.stanford.edu/tr818ns6686", "title": "東「ソ」二万五千分一圖", "ckey": 12725908, "available": true, "iiifUrl": "https://purl.stanford.edu/tr818ns6686/iiif/manifest" }, "geometry": { "type": "Polygon", "coordinates": [ [ [ 127.875, 51.0 ], [ 128.0, 51.0 ], [ 128.0, 51.0833333 ], [ 127.875, 51.0833333 ], [ 127.875, 51.0 ] ] ] } },
{ "type": "Feature", "properties": { "Id": 0, "Sheet_ID": "ストレーテンカ近傍_15. スイチョフスキー", "label": "ストレーテンカ近傍_15. スイチョフスキー", "call_short": "G7270 S25 .J36", "call_num": "G7270 S25 .J36 21-15", "recid": "pz934yt2511", "websiteUrl": "https://purl.stanford.edu/pz934yt2511", "title": "東「ソ」二万五千分一圖", "ckey": 12725908, "available": true, "iiifUrl": "https://purl.stanford.edu/pz934yt2511/iiif/manifest" }, "geometry": { "type": "Polygon", "coordinates": [ [ [ 127.5, 51.0833333 ], [ 127.625, 51.0833333 ], [ 127.625, 51.1666665 ], [ 127.5, 51.1666665 ], [ 127.5, 51.0833333 ] ] ] } },
{ "type": "Feature", "properties": { "Id": 0, "Sheet_ID": "ストレーテンカ近傍_11. スイチョフスキー東方", "label": "ストレーテンカ近傍_11. スイチョフスキー東方", "call_short": "G7270 S25 .J36", "call_num": "G7270 S25 .J36 21-11", "recid": "qd875rv2552", "websiteUrl": "https://purl.stanford.edu/qd875rv2552", "title": "東「ソ」二万五千分一圖", "ckey": 12725908, "available": true, "iiifUrl": "https://purl.stanford.edu/qd875rv2552/iiif/manifest" }, "geometry": { "type": "Polygon", "coordinates": [ [ [ 127.625, 51.0833333 ], [ 127.75, 51.0833333 ], [ 127.75, 51.1666665 ], [ 127.625, 51.1666665 ], [ 127.625, 51.0833333 ] ] ] } },
{ "type": "Feature", "properties": { "Id": 0, "Sheet_ID": "ストレーテンカ近傍_7. モスクヴィティナ西方", "label": "ストレーテンカ近傍_7. モスクヴィティナ西方", "call_short": "G7270 S25 .J36", "call_num": "G7270 S25 .J36 21-7", "recid": "kc978zr4292", "websiteUrl": "https://purl.stanford.edu/kc978zr4292", "title": "東「ソ」二万五千分一圖", "ckey": 12725908, "available": true, "iiifUrl": "https://purl.stanford.edu/kc978zr4292/iiif/manifest" }, "geometry": { "type": "Polygon", "coordinates": [ [ [ 127.75, 51.0833333 ], [ 127.875, 51.0833333 ], [ 127.875, 51.1666665 ], [ 127.75, 51.1666665 ], [ 127.75, 51.0833333 ] ] ] } },
{ "type": "Feature", "properties": { "Id": 0, "Sheet_ID": "ストレーテンカ近傍_3. モスクヴィティナ", "label": "ストレーテンカ近傍_3. モスクヴィティナ", "call_short": "G7270 S25 .J36", "call_num": "G7270 S25 .J36 21-3", "recid": "jj310vm0855", "websiteUrl": "https://purl.stanford.edu/jj310vm0855", "title": "東「ソ」二万五千分一圖", "ckey": 12725908, "available": true, "iiifUrl": "https://purl.stanford.edu/jj310vm0855/iiif/manifest" }, "geometry": { "type": "Polygon", "coordinates": [ [ [ 127.875, 51.0833333 ], [ 128.0, 51.0833333 ], [ 128.0, 51.1666665 ], [ 127.875, 51.1666665 ], [ 127.875, 51.0833333 ] ] ] } },
{ "type": "Feature", "properties": { "Id": 0, "Sheet_ID": "ストレーテンカ近傍_14. スイチョフスキー北方", "label": "ストレーテンカ近傍_14. スイチョフスキー北方", "call_short": "G7270 S25 .J36", "call_num": "G7270 S25 .J36 21-14", "recid": "bj271fp1334", "websiteUrl": "https://purl.stanford.edu/bj271fp1334", "title": "東「ソ」二万五千分一圖", "ckey": 12725908, "available": true, "iiifUrl": "https://purl.stanford.edu/bj271fp1334/iiif/manifest" }, "geometry": { "type": "Polygon", "coordinates": [ [ [ 127.5, 51.1666665 ], [ 127.625, 51.1666665 ], [ 127.625, 51.2499998 ], [ 127.5, 51.2499998 ], [ 127.5, 51.1666665 ] ] ] } },
{ "type": "Feature", "properties": { "Id": 0, "Sheet_ID": "ストレーテンカ近傍_10. コスチュコヴィチ南方", "label": "ストレーテンカ近傍_10. コスチュコヴィチ南方", "call_short": "G7270 S25 .J36", "call_num": "G7270 S25 .J36 21-10", "recid": "rn800xn4770", "websiteUrl": "https://purl.stanford.edu/rn800xn4770", "title": "東「ソ」二万五千分一圖", "ckey": 12725908, "available": true, "iiifUrl": "https://purl.stanford.edu/rn800xn4770/iiif/manifest" }, "geometry": { "type": "Polygon", "coordinates": [ [ [ 127.625, 51.1666665 ], [ 127.75, 51.1666665 ], [ 127.75, 51.2499998 ], [ 127.625, 51.2499998 ], [ 127.625, 51.1666665 ] ] ] } },
{ "type": "Feature", "properties": { "Id": 0, "Sheet_ID": "ストレーテンカ近傍_6. ザバイカリスコエ", "label": "ストレーテンカ近傍_6. ザバイカリスコエ", "call_short": "G7270 S25 .J36", "call_num": "G7270 S25 .J36 21-6", "recid": "pg846jq9777", "websiteUrl": "https://purl.stanford.edu/pg846jq9777", "title": "東「ソ」二万五千分一圖", "ckey": 12725908, "available": true, "iiifUrl": "https://purl.stanford.edu/pg846jq9777/iiif/manifest" }, "geometry": { "type": "Polygon", "coordinates": [ [ [ 127.75, 51.1666665 ], [ 127.875, 51.1666665 ], [ 127.875, 51.2499998 ], [ 127.75, 51.2499998 ], [ 127.75, 51.1666665 ] ] ] } },
{ "type": "Feature", "properties": { "Id": 0, "Sheet_ID": "ストレーテンカ近傍_2. ロジデストヴェンスコエ", "label": "ストレーテンカ近傍_2. ロジデストヴェンスコエ", "call_short": "G7270 S25 .J36", "call_num": "G7270 S25 .J36 21-2", "recid": "tr645db7701", "websiteUrl": "https://purl.stanford.edu/tr645db7701", "title": "東「ソ」二万五千分一圖", "ckey": 12725908, "available": true, "iiifUrl": "https://purl.stanford.edu/tr645db7701/iiif/manifest" }, "geometry": { "type": "Polygon", "coordinates": [ [ [ 127.875, 51.1666665 ], [ 128.0, 51.1666665 ], [ 128.0, 51.2499998 ], [ 127.875, 51.2499998 ], [ 127.875, 51.1666665 ] ] ] } },
{ "type": "Feature", "properties": { "Id": 0, "Sheet_ID": "ストレーテンカ近傍_13. コスチュコヴィチ西方", "label": "ストレーテンカ近傍_13. コスチュコヴィチ西方", "call_short": "G7270 S25 .J36", "call_num": "G7270 S25 .J36 21-13", "recid": "bn391cx3034", "websiteUrl": "https://purl.stanford.edu/bn391cx3034", "title": "東「ソ」二万五千分一圖", "ckey": 12725908, "available": true, "iiifUrl": "https://purl.stanford.edu/bn391cx3034/iiif/manifest" }, "geometry": { "type": "Polygon", "coordinates": [ [ [ 127.5, 51.2499998 ], [ 127.625, 51.2499998 ], [ 127.625, 51.333333 ], [ 127.5, 51.333333 ], [ 127.5, 51.2499998 ] ] ] } },
{ "type": "Feature", "properties": { "Id": 0, "Sheet_ID": "ストレーテンカ近傍_9. コスチュコヴィチ", "label": "ストレーテンカ近傍_9. コスチュコヴィチ", "call_short": "G7270 S25 .J36", "call_num": "G7270 S25 .J36 21-9", "recid": "kb559hf5219", "websiteUrl": "https://purl.stanford.edu/kb559hf5219", "title": "東「ソ」二万五千分一圖", "ckey": 12725908, "available": true, "iiifUrl": "https://purl.stanford.edu/kb559hf5219/iiif/manifest" }, "geometry": { "type": "Polygon", "coordinates": [ [ [ 127.625, 51.2499998 ], [ 127.75, 51.2499998 ], [ 127.75, 51.333333 ], [ 127.625, 51.333333 ], [ 127.625, 51.2499998 ] ] ] } },
{ "type": "Feature", "properties": { "Id": 0, "Sheet_ID": "ストレーテンカ近傍_5. アラチェフスカ", "label": "ストレーテンカ近傍_5. アラチェフスカ", "call_short": "G7270 S25 .J36", "call_num": "G7270 S25 .J36 21-5", "recid": "nm454by2617", "websiteUrl": "https://purl.stanford.edu/nm454by2617", "title": "東「ソ」二万五千分一圖", "ckey": 12725908, "available": true, "iiifUrl": "https://purl.stanford.edu/nm454by2617/iiif/manifest" }, "geometry": { "type": "Polygon", "coordinates": [ [ [ 127.75, 51.2499998 ], [ 127.875, 51.2499998 ], [ 127.875, 51.333333 ], [ 127.75, 51.333333 ], [ 127.75, 51.2499998 ] ] ] } },
{ "type": "Feature", "properties": { "Id": 0, "Sheet_ID": "ストレーテンカ近傍_1. アラチェフスカ東方", "label": "ストレーテンカ近傍_1. アラチェフスカ東方", "call_short": "G7270 S25 .J36", "call_num": "G7270 S25 .J36 21-1", "recid": "vr005pg5287", "websiteUrl": "https://purl.stanford.edu/vr005pg5287", "title": "東「ソ」二万五千分一圖", "ckey": 12725908, "available": true, "iiifUrl": "https://purl.stanford.edu/vr005pg5287/iiif/manifest" }, "geometry": { "type": "Polygon", "coordinates": [ [ [ 127.875, 51.2499998 ], [ 128.0, 51.2499998 ], [ 128.0, 51.333333 ], [ 127.875, 51.333333 ], [ 127.875, 51.2499998 ] ] ] } },
{ "type": "Feature", "properties": { "Id": 0, "Sheet_ID": "バルダゴン", "label": "バルダゴン", "call_short": "0", "call_num": "0", "recid": "0", "websiteUrl": "0", "title": "0", "ckey": 0, "available": false, "iiifUrl": "0" }, "geometry": { "type": "Polygon", "coordinates": [ [ [ 128.0, 51.2499998 ], [ 128.125, 51.2499998 ], [ 128.125, 51.333333 ], [ 128.0, 51.333333 ], [ 128.0, 51.2499998 ] ] ] } },
{ "type": "Feature", "properties": { "Id": 0, "Sheet_ID": "マーラヤサザンカ", "label": "マーラヤサザンカ", "call_short": "0", "call_num": "0", "recid": "0", "websiteUrl": "0", "title": "0", "ckey": 0, "available": false, "iiifUrl": "0" }, "geometry": { "type": "Polygon", "coordinates": [ [ [ 128.0, 51.1666665 ], [ 128.125, 51.1666665 ], [ 128.125, 51.2499998 ], [ 128.0, 51.2499998 ], [ 128.0, 51.1666665 ] ] ] } },
{ "type": "Feature", "properties": { "Id": 0, "Sheet_ID": "ウオロニーシヤ", "label": "ウオロニーシヤ", "call_short": "0", "call_num": "0", "recid": "0", "websiteUrl": "0", "title": "0", "ckey": 0, "available": false, "iiifUrl": "0" }, "geometry": { "type": "Polygon", "coordinates": [ [ [ 128.0, 51.0833333 ], [ 128.125, 51.0833333 ], [ 128.125, 51.1666665 ], [ 128.0, 51.1666665 ], [ 128.0, 51.0833333 ] ] ] } },
{ "type": "Feature", "properties": { "Id": 0, "Sheet_ID": "カザンカ", "label": "カザンカ", "call_short": "0", "call_num": "0", "recid": "0", "websiteUrl": "0", "title": "0", "ckey": 0, "available": false, "iiifUrl": "0" }, "geometry": { "type": "Polygon", "coordinates": [ [ [ 128.0, 51.0 ], [ 128.125, 51.0 ], [ 128.125, 51.0833333 ], [ 128.0, 51.0833333 ], [ 128.0, 51.0 ] ] ] } },
{ "type": "Feature", "properties": { "Id": 0, "Sheet_ID": "スヴォボトヌイ西方", "label": "スヴォボトヌイ西方", "call_short": "0", "call_num": "0", "recid": "0", "websiteUrl": "0", "title": "0", "ckey": 0, "available": false, "iiifUrl": "0" }, "geometry": { "type": "Polygon", "coordinates": [ [ [ 128.0, 51.3333331 ], [ 128.125, 51.3333331 ], [ 128.125, 51.4166663 ], [ 128.0, 51.4166663 ], [ 128.0, 51.3333331 ] ] ] } },
{ "type": "Feature", "properties": { "Id": 0, "Sheet_ID": "ズッパソフカ", "label": "ズッパソフカ", "call_short": "0", "call_num": "0", "recid": "0", "websiteUrl": "0", "title": "0", "ckey": 0, "available": false, "iiifUrl": "0" }, "geometry": { "type": "Polygon", "coordinates": [ [ [ 127.875, 51.3333331 ], [ 128.0, 51.3333331 ], [ 128.0, 51.4166663 ], [ 127.875, 51.4166663 ], [ 127.875, 51.3333331 ] ] ] } },
{ "type": "Feature", "properties": { "Id": 0, "Sheet_ID": "セレブリャンカ", "label": "セレブリャンカ", "call_short": "0", "call_num": "0", "recid": "0", "websiteUrl": "0", "title": "0", "ckey": 0, "available": false, "iiifUrl": "0" }, "geometry": { "type": "Polygon", "coordinates": [ [ [ 127.75, 51.3333331 ], [ 127.875, 51.3333331 ], [ 127.875, 51.4166663 ], [ 127.75, 51.4166663 ], [ 127.75, 51.3333331 ] ] ] } },
{ "type": "Feature", "properties": { "Id": 0, "Sheet_ID": "スウヤチローフカ", "label": "スウヤチローフカ", "call_short": "0", "call_num": "0", "recid": "0", "websiteUrl": "0", "title": "0", "ckey": 0, "available": false, "iiifUrl": "0" }, "geometry": { "type": "Polygon", "coordinates": [ [ [ 127.875, 50.9166667 ], [ 128.0, 50.9166667 ], [ 128.0, 50.9999999 ], [ 127.875, 50.9999999 ], [ 127.875, 50.9166667 ] ] ] } },
{ "type": "Feature", "properties": { "Id": 0, "Sheet_ID": "ナターリエフカ", "label": "ナターリエフカ", "call_short": "0", "call_num": "0", "recid": "0", "websiteUrl": "0", "title": "0", "ckey": 0, "available": false, "iiifUrl": "0" }, "geometry": { "type": "Polygon", "coordinates": [ [ [ 127.75, 50.9166667 ], [ 127.875, 50.9166667 ], [ 127.875, 50.9999999 ], [ 127.75, 50.9999999 ], [ 127.75, 50.9166667 ] ] ] } },
{ "type": "Feature", "properties": { "Id": 0, "Sheet_ID": "ベツサラフカ", "label": "ベツサラフカ", "call_short": "0", "call_num": "0", "recid": "0", "websiteUrl": "0", "title": "0", "ckey": 0, "available": false, "iiifUrl": "0" }, "geometry": { "type": "Polygon", "coordinates": [ [ [ 127.625, 50.9166667 ], [ 127.75, 50.9166667 ], [ 127.75, 50.9999999 ], [ 127.625, 50.9999999 ], [ 127.625, 50.9166667 ] ] ] } },
{ "type": "Feature", "properties": { "Id": 0, "Sheet_ID": "ベツサラフカ西方", "label": "ベツサラフカ西方", "call_short": "0", "call_num": "0", "recid": "0", "websiteUrl": "0", "title": "0", "ckey": 0, "available": false, "iiifUrl": "0" }, "geometry": { "type": "Polygon", "coordinates": [ [ [ 127.5, 50.9166667 ], [ 127.625, 50.9166667 ], [ 127.625, 50.9999999 ], [ 127.5, 50.9999999 ], [ 127.5, 50.9166667 ] ] ] } },
{ "type": "Feature", "properties": { "Id": 0, "Sheet_ID": "グーラン河上流北方", "label": "グーラン河上流北方", "call_short": "0", "call_num": "0", "recid": "0", "websiteUrl": "0", "title": "0", "ckey": 0, "available": false, "iiifUrl": "0" }, "geometry": { "type": "Polygon", "coordinates": [ [ [ 127.375, 51.2499998 ], [ 127.5, 51.2499998 ], [ 127.5, 51.333333 ], [ 127.375, 51.333333 ], [ 127.375, 51.2499998 ] ] ] } },
{ "type": "Feature", "properties": { "Id": 0, "Sheet_ID": "スイチョフスキー西方", "label": "スイチョフスキー西方", "call_short": "0", "call_num": "0", "recid": "0", "websiteUrl": "0", "title": "0", "ckey": 0, "available": false, "iiifUrl": "0" }, "geometry": { "type": "Polygon", "coordinates": [ [ [ 127.375, 51.0833333 ], [ 127.5, 51.0833333 ], [ 127.5, 51.1666665 ], [ 127.375, 51.1666665 ], [ 127.375, 51.0833333 ] ] ] } },
{ "type": "Feature", "properties": { "Id": 0, "Sheet_ID": "グーラン東方", "label": "グーラン東方", "call_short": "0", "call_num": "0", "recid": "0", "websiteUrl": "0", "title": "0", "ckey": 0, "available": false, "iiifUrl": "0" }, "geometry": { "type": "Polygon", "coordinates": [ [ [ 127.375, 51.0 ], [ 127.5, 51.0 ], [ 127.5, 51.0833333 ], [ 127.375, 51.0833333 ], [ 127.375, 51.0 ] ] ] } },
{ "type": "Feature", "properties": { "Id": 0, "Sheet_ID": "グーラン河上流", "label": "グーラン河上流", "call_short": "0", "call_num": "0", "recid": "0", "websiteUrl": "0", "title": "0", "ckey": 0, "available": false, "iiifUrl": "0" }, "geometry": { "type": "Polygon", "coordinates": [ [ [ 127.375, 51.1666665 ], [ 127.5, 51.1666665 ], [ 127.5, 51.2499998 ], [ 127.375, 51.2499998 ], [ 127.375, 51.1666665 ] ] ] } }
]
}
