{
"type": "FeatureCollection",
"name": "index_map",
"features": [
{ "type": "Feature", "properties": { "Id": 0, "Sheet_ID": "北知床岬近傍 17", "label": "北知床岬近傍 17", "call_short": "G7330 S25 .J32", "call_num": "G7330 S25 .J32 B17", "recid": "pc919jk4319", "websiteUrl": "https://purl.stanford.edu/pc919jk4319", "title": "二万五千分一樺太空中寫眞測量要圖", "ckey": 12132727, "available": true, "iiifUrl": "https://purl.stanford.edu/pc919jk4319/iiif/manifest" }, "geometry": { "type": "Polygon", "coordinates": [ [ [ 144.625, 48.583333 ], [ 144.758333, 48.583333 ], [ 144.758333, 48.6666664 ], [ 144.625, 48.6666664 ], [ 144.625, 48.583333 ] ] ] } },
{ "type": "Feature", "properties": { "Id": 0, "Sheet_ID": "用萬近傍 24", "label": "用萬近傍 24", "call_short": "G7330 S25 .J32", "call_num": "G7330 S25 .J32 A24", "recid": "mv735zw0293", "websiteUrl": "https://purl.stanford.edu/mv735zw0293", "title": "二万五千分一樺太空中寫眞測量要圖", "ckey": 12132727, "available": true, "iiifUrl": "https://purl.stanford.edu/mv735zw0293/iiif/manifest" }, "geometry": { "type": "Polygon", "coordinates": [ [ [ 144.625, 48.6666664 ], [ 144.75, 48.6666664 ], [ 144.75, 48.7499998 ], [ 144.625, 48.7499998 ], [ 144.625, 48.6666664 ] ] ] } },
{ "type": "Feature", "properties": { "Id": 0, "Sheet_ID": "用萬近傍 23", "label": "用萬近傍 23", "call_short": "G7330 S25 .J32", "call_num": "G7330 S25 .J32 A23", "recid": "hj448td5255", "websiteUrl": "https://purl.stanford.edu/hj448td5255", "title": "二万五千分一樺太空中寫眞測量要圖", "ckey": 12132727, "available": true, "iiifUrl": "https://purl.stanford.edu/hj448td5255/iiif/manifest" }, "geometry": { "type": "Polygon", "coordinates": [ [ [ 144.6, 48.7499998 ], [ 144.75, 48.7499998 ], [ 144.75, 48.8333332 ], [ 144.6, 48.8333332 ], [ 144.6, 48.7499998 ] ] ] } },
{ "type": "Feature", "properties": { "Id": 0, "Sheet_ID": "用萬近傍 30", "label": "用萬近傍 30", "call_short": "G7330 S25 .J32", "call_num": "G7330 S25 .J32 A30", "recid": "vh001cm8853", "websiteUrl": "https://purl.stanford.edu/vh001cm8853", "title": "二万五千分一樺太空中寫眞測量要圖", "ckey": 12132727, "available": true, "iiifUrl": "https://purl.stanford.edu/vh001cm8853/iiif/manifest" }, "geometry": { "type": "Polygon", "coordinates": [ [ [ 144.5, 48.8333332 ], [ 144.625, 48.8333332 ], [ 144.625, 48.9166666 ], [ 144.5, 48.9166666 ], [ 144.5, 48.8333332 ] ] ] } },
{ "type": "Feature", "properties": { "Id": 0, "Sheet_ID": "用萬近傍 22", "label": "用萬近傍 22", "call_short": "G7330 S25 .J32", "call_num": "G7330 S25 .J32 A22", "recid": "rd645ch6876", "websiteUrl": "https://purl.stanford.edu/rd645ch6876", "title": "二万五千分一樺太空中寫眞測量要圖", "ckey": 12132727, "available": true, "iiifUrl": "https://purl.stanford.edu/rd645ch6876/iiif/manifest" }, "geometry": { "type": "Polygon", "coordinates": [ [ [ 144.625, 48.8333332 ], [ 144.75, 48.8333332 ], [ 144.75, 48.9166666 ], [ 144.625, 48.9166666 ], [ 144.625, 48.8333332 ] ] ] } },
{ "type": "Feature", "properties": { "Id": 0, "Sheet_ID": "用萬近傍 29", "label": "用萬近傍 29", "call_short": "G7330 S25 .J32", "call_num": "G7330 S25 .J32 A29", "recid": "yq997xw9085", "websiteUrl": "https://purl.stanford.edu/yq997xw9085", "title": "二万五千分一樺太空中寫眞測量要圖", "ckey": 12132727, "available": true, "iiifUrl": "https://purl.stanford.edu/yq997xw9085/iiif/manifest" }, "geometry": { "type": "Polygon", "coordinates": [ [ [ 144.5, 48.9166666 ], [ 144.625, 48.9166666 ], [ 144.625, 49.0 ], [ 144.5, 49.0 ], [ 144.5, 48.9166666 ] ] ] } },
{ "type": "Feature", "properties": { "Id": 0, "Sheet_ID": "散頃近傍 32", "label": "散頃近傍 32", "call_short": "G7330 S25 .J32", "call_num": "G7330 S25 .J32 C32", "recid": "df806jq5804", "websiteUrl": "https://purl.stanford.edu/df806jq5804", "title": "二万五千分一樺太空中寫眞測量要圖", "ckey": 12132727, "available": true, "iiifUrl": "https://purl.stanford.edu/df806jq5804/iiif/manifest" }, "geometry": { "type": "Polygon", "coordinates": [ [ [ 144.0, 49.333333 ], [ 144.125, 49.333333 ], [ 144.125, 49.4166664 ], [ 144.0, 49.4166664 ], [ 144.0, 49.333333 ] ] ] } },
{ "type": "Feature", "properties": { "Id": 0, "Sheet_ID": "散頃近傍 24", "label": "散頃近傍 24", "call_short": "G7330 S25 .J32", "call_num": "G7330 S25 .J32 C24", "recid": "qk780xb4901", "websiteUrl": "https://purl.stanford.edu/qk780xb4901", "title": "二万五千分一樺太空中寫眞測量要圖", "ckey": 12132727, "available": true, "iiifUrl": "https://purl.stanford.edu/qk780xb4901/iiif/manifest" }, "geometry": { "type": "Polygon", "coordinates": [ [ [ 144.125, 49.333333 ], [ 144.255, 49.333333 ], [ 144.255, 49.4166664 ], [ 144.125, 49.4166664 ], [ 144.125, 49.333333 ] ] ] } },
{ "type": "Feature", "properties": { "Id": 0, "Sheet_ID": "散頃近傍 31", "label": "散頃近傍 31", "call_short": "G7330 S25 .J32", "call_num": "G7330 S25 .J32 C31", "recid": "mv702jr3905", "websiteUrl": "https://purl.stanford.edu/mv702jr3905", "title": "二万五千分一樺太空中寫眞測量要圖", "ckey": 12132727, "available": true, "iiifUrl": "https://purl.stanford.edu/mv702jr3905/iiif/manifest" }, "geometry": { "type": "Polygon", "coordinates": [ [ [ 144.0, 49.4166664 ], [ 144.125, 49.4166664 ], [ 144.125, 49.4999999 ], [ 144.0, 49.4999999 ], [ 144.0, 49.4166664 ] ] ] } },
{ "type": "Feature", "properties": { "Id": 0, "Sheet_ID": "散頃近傍 23", "label": "散頃近傍 23", "call_short": "G7330 S25 .J32", "call_num": "G7330 S25 .J32 C23", "recid": "zk540jq3501", "websiteUrl": "https://purl.stanford.edu/zk540jq3501", "title": "二万五千分一樺太空中寫眞測量要圖", "ckey": 12132727, "available": true, "iiifUrl": "https://purl.stanford.edu/zk540jq3501/iiif/manifest" }, "geometry": { "type": "Polygon", "coordinates": [ [ [ 144.125, 49.4166664 ], [ 144.25, 49.4166664 ], [ 144.25, 49.4999999 ], [ 144.125, 49.4999999 ], [ 144.125, 49.4166664 ] ] ] } },
{ "type": "Feature", "properties": { "Id": 0, "Sheet_ID": "散頃近傍 30", "label": "散頃近傍 30", "call_short": "G7330 S25 .J32", "call_num": "G7330 S25 .J32 C30", "recid": "rr446wd4950", "websiteUrl": "https://purl.stanford.edu/rr446wd4950", "title": "二万五千分一樺太空中寫眞測量要圖", "ckey": 12132727, "available": true, "iiifUrl": "https://purl.stanford.edu/rr446wd4950/iiif/manifest" }, "geometry": { "type": "Polygon", "coordinates": [ [ [ 144.0, 49.4999999 ], [ 144.125, 49.4999999 ], [ 144.125, 49.5833333 ], [ 144.0, 49.5833333 ], [ 144.0, 49.4999999 ] ] ] } },
{ "type": "Feature", "properties": { "Id": 0, "Sheet_ID": "散頃近傍 22", "label": "散頃近傍 22", "call_short": "G7330 S25 .J32", "call_num": "G7330 S25 .J32 C22", "recid": "bf439wh8938", "websiteUrl": "https://purl.stanford.edu/bf439wh8938", "title": "二万五千分一樺太空中寫眞測量要圖", "ckey": 12132727, "available": true, "iiifUrl": "https://purl.stanford.edu/bf439wh8938/iiif/manifest" }, "geometry": { "type": "Polygon", "coordinates": [ [ [ 144.125, 49.4999999 ], [ 144.25, 49.4999999 ], [ 144.25, 49.5833333 ], [ 144.125, 49.5833333 ], [ 144.125, 49.4999999 ] ] ] } },
{ "type": "Feature", "properties": { "Id": 0, "Sheet_ID": "散頃近傍 29", "label": "散頃近傍 29", "call_short": "G7330 S25 .J32", "call_num": "G7330 S25 .J32 C29", "recid": "qj269sq5258", "websiteUrl": "https://purl.stanford.edu/qj269sq5258", "title": "二万五千分一樺太空中寫眞測量要圖", "ckey": 12132727, "available": true, "iiifUrl": "https://purl.stanford.edu/qj269sq5258/iiif/manifest" }, "geometry": { "type": "Polygon", "coordinates": [ [ [ 144.0, 49.5833333 ], [ 144.16, 49.5833333 ], [ 144.16, 49.6666667 ], [ 144.0, 49.6666667 ], [ 144.0, 49.5833333 ] ] ] } },
{ "type": "Feature", "properties": { "Id": 0, "Sheet_ID": "散頃近傍 28", "label": "散頃近傍 28", "call_short": "G7330 S25 .J32", "call_num": "G7330 S25 .J32 C28", "recid": "kq932zq7708", "websiteUrl": "https://purl.stanford.edu/kq932zq7708", "title": "二万五千分一樺太空中寫眞測量要圖", "ckey": 12132727, "available": true, "iiifUrl": "https://purl.stanford.edu/kq932zq7708/iiif/manifest" }, "geometry": { "type": "Polygon", "coordinates": [ [ [ 144.0, 49.6666667 ], [ 144.13, 49.6666667 ], [ 144.13, 49.7500001 ], [ 144.0, 49.7500001 ], [ 144.0, 49.6666667 ] ] ] } },
{ "type": "Feature", "properties": { "Id": 0, "Sheet_ID": "散頃近傍 27", "label": "散頃近傍 27", "call_short": "G7330 S25 .J32", "call_num": "G7330 S25 .J32 C27", "recid": "xt049zn8467", "websiteUrl": "https://purl.stanford.edu/xt049zn8467", "title": "二万五千分一樺太空中寫眞測量要圖", "ckey": 12132727, "available": true, "iiifUrl": "https://purl.stanford.edu/xt049zn8467/iiif/manifest" }, "geometry": { "type": "Polygon", "coordinates": [ [ [ 144.0, 49.7500001 ], [ 144.125, 49.7500001 ], [ 144.125, 49.8333336 ], [ 144.0, 49.8333336 ], [ 144.0, 49.7500001 ] ] ] } },
{ "type": "Feature", "properties": { "Id": 0, "Sheet_ID": "散頃近傍 26", "label": "散頃近傍 26", "call_short": "G7330 S25 .J32", "call_num": "G7330 S25 .J32 C26", "recid": "yr602yg2743", "websiteUrl": "https://purl.stanford.edu/yr602yg2743", "title": "二万五千分一樺太空中寫眞測量要圖", "ckey": 12132727, "available": true, "iiifUrl": "https://purl.stanford.edu/yr602yg2743/iiif/manifest" }, "geometry": { "type": "Polygon", "coordinates": [ [ [ 144.0, 49.8333336 ], [ 144.125, 49.8333336 ], [ 144.125, 49.916667 ], [ 144.0, 49.916667 ], [ 144.0, 49.8333336 ] ] ] } },
{ "type": "Feature", "properties": { "Id": 0, "Sheet_ID": "散江近傍 5", "label": "散江近傍 5", "call_short": "G7330 S25 .J32", "call_num": "G7330 S25 .J32 D5", "recid": "kz556bx6702", "websiteUrl": "https://purl.stanford.edu/kz556bx6702", "title": "二万五千分一樺太空中寫眞測量要圖", "ckey": 12132727, "available": true, "iiifUrl": "https://purl.stanford.edu/kz556bx6702/iiif/manifest" }, "geometry": { "type": "Polygon", "coordinates": [ [ [ 144.375, 48.916667 ], [ 144.5, 48.916667 ], [ 144.5, 49.0000002 ], [ 144.375, 49.0000002 ], [ 144.375, 48.916667 ] ] ] } },
{ "type": "Feature", "properties": { "Id": 0, "Sheet_ID": "散江近傍 12", "label": "散江近傍 12", "call_short": "G7330 S25 .J32", "call_num": "G7330 S25 .J32 D12", "recid": "pt841kg2689", "websiteUrl": "https://purl.stanford.edu/pt841kg2689", "title": "二万五千分一樺太空中寫眞測量要圖", "ckey": 12132727, "available": true, "iiifUrl": "https://purl.stanford.edu/pt841kg2689/iiif/manifest" }, "geometry": { "type": "Polygon", "coordinates": [ [ [ 144.25, 49.0000002 ], [ 144.375, 49.0000002 ], [ 144.375, 49.0833334 ], [ 144.25, 49.0833334 ], [ 144.25, 49.0000002 ] ] ] } },
{ "type": "Feature", "properties": { "Id": 0, "Sheet_ID": "散江近傍 4", "label": "散江近傍 4", "call_short": "G7330 S25 .J32", "call_num": "G7330 S25 .J32 D4", "recid": "jk274wm2357", "websiteUrl": "https://purl.stanford.edu/jk274wm2357", "title": "二万五千分一樺太空中寫眞測量要圖", "ckey": 12132727, "available": true, "iiifUrl": "https://purl.stanford.edu/jk274wm2357/iiif/manifest" }, "geometry": { "type": "Polygon", "coordinates": [ [ [ 144.375, 49.0000002 ], [ 144.5, 49.0000002 ], [ 144.5, 49.0833334 ], [ 144.375, 49.0833334 ], [ 144.375, 49.0000002 ] ] ] } },
{ "type": "Feature", "properties": { "Id": 0, "Sheet_ID": "散江近傍 19", "label": "散江近傍 19", "call_short": "G7330 S25 .J32", "call_num": "G7330 S25 .J32 D19", "recid": "py334hf1830", "websiteUrl": "https://purl.stanford.edu/py334hf1830", "title": "二万五千分一樺太空中寫眞測量要圖", "ckey": 12132727, "available": true, "iiifUrl": "https://purl.stanford.edu/py334hf1830/iiif/manifest" }, "geometry": { "type": "Polygon", "coordinates": [ [ [ 144.125, 49.0833334 ], [ 144.25, 49.0833334 ], [ 144.25, 49.1666666 ], [ 144.125, 49.1666666 ], [ 144.125, 49.0833334 ] ] ] } },
{ "type": "Feature", "properties": { "Id": 0, "Sheet_ID": "散江近傍 11", "label": "散江近傍 11", "call_short": "G7330 S25 .J32", "call_num": "G7330 S25 .J32 D11", "recid": "hg434tm6540", "websiteUrl": "https://purl.stanford.edu/hg434tm6540", "title": "二万五千分一樺太空中寫眞測量要圖", "ckey": 12132727, "available": true, "iiifUrl": "https://purl.stanford.edu/hg434tm6540/iiif/manifest" }, "geometry": { "type": "Polygon", "coordinates": [ [ [ 144.25, 49.0833334 ], [ 144.38, 49.0833334 ], [ 144.38, 49.1666666 ], [ 144.25, 49.1666666 ], [ 144.25, 49.0833334 ] ] ] } },
{ "type": "Feature", "properties": { "Id": 0, "Sheet_ID": "散江近傍 18", "label": "散江近傍 18", "call_short": "G7330 S25 .J32", "call_num": "G7330 S25 .J32 D18", "recid": "xw787kj5104", "websiteUrl": "https://purl.stanford.edu/xw787kj5104", "title": "二万五千分一樺太空中寫眞測量要圖", "ckey": 12132727, "available": true, "iiifUrl": "https://purl.stanford.edu/xw787kj5104/iiif/manifest" }, "geometry": { "type": "Polygon", "coordinates": [ [ [ 144.125, 49.1666666 ], [ 144.25, 49.1666666 ], [ 144.25, 49.2499998 ], [ 144.125, 49.2499998 ], [ 144.125, 49.1666666 ] ] ] } },
{ "type": "Feature", "properties": { "Id": 0, "Sheet_ID": "散江近傍 10", "label": "散江近傍 10", "call_short": "G7330 S25 .J32", "call_num": "G7330 S25 .J32 D10", "recid": "qj848zg2306", "websiteUrl": "https://purl.stanford.edu/qj848zg2306", "title": "二万五千分一樺太空中寫眞測量要圖", "ckey": 12132727, "available": true, "iiifUrl": "https://purl.stanford.edu/qj848zg2306/iiif/manifest" }, "geometry": { "type": "Polygon", "coordinates": [ [ [ 144.25, 49.1666666 ], [ 144.375, 49.1666666 ], [ 144.375, 49.2499998 ], [ 144.25, 49.2499998 ], [ 144.25, 49.1666666 ] ] ] } },
{ "type": "Feature", "properties": { "Id": 0, "Sheet_ID": "散江近傍 25", "label": "散江近傍 25", "call_short": "G7330 S25 .J32", "call_num": "G7330 S25 .J32 D25", "recid": "dc938kd2062", "websiteUrl": "https://purl.stanford.edu/dc938kd2062", "title": "二万五千分一樺太空中寫眞測量要圖", "ckey": 12132727, "available": true, "iiifUrl": "https://purl.stanford.edu/dc938kd2062/iiif/manifest" }, "geometry": { "type": "Polygon", "coordinates": [ [ [ 144.0, 49.22 ], [ 144.125, 49.22 ], [ 144.125, 49.333333 ], [ 144.0, 49.333333 ], [ 144.0, 49.22 ] ] ] } },
{ "type": "Feature", "properties": { "Id": 0, "Sheet_ID": "散江近傍 17", "label": "散江近傍 17", "call_short": "G7330 S25 .J32", "call_num": "G7330 S25 .J32 D17", "recid": "rt278td8908", "websiteUrl": "https://purl.stanford.edu/rt278td8908", "title": "二万五千分一樺太空中寫眞測量要圖", "ckey": 12132727, "available": true, "iiifUrl": "https://purl.stanford.edu/rt278td8908/iiif/manifest" }, "geometry": { "type": "Polygon", "coordinates": [ [ [ 144.125, 49.2499998 ], [ 144.28, 49.2499998 ], [ 144.28, 49.333333 ], [ 144.125, 49.333333 ], [ 144.125, 49.2499998 ] ] ] } },
{ "type": "Feature", "properties": { "Id": 0, "Sheet_ID": "池田近傍 32", "label": "池田近傍 32", "call_short": "G7330 S25 .J32", "call_num": "G7330 S25 .J32 E32", "recid": "gz714jc5340", "websiteUrl": "https://purl.stanford.edu/gz714jc5340", "title": "二万五千分一樺太空中寫眞測量要圖", "ckey": 12132727, "available": true, "iiifUrl": "https://purl.stanford.edu/gz714jc5340/iiif/manifest" }, "geometry": { "type": "Polygon", "coordinates": [ [ [ 143.5, 49.3 ], [ 143.625, 49.3 ], [ 143.625, 49.4166664 ], [ 143.5, 49.4166664 ], [ 143.5, 49.3 ] ] ] } },
{ "type": "Feature", "properties": { "Id": 0, "Sheet_ID": "池田近傍 24", "label": "池田近傍 24", "call_short": "G7330 S25 .J32", "call_num": "G7330 S25 .J32 E24", "recid": "hb929nv1140", "websiteUrl": "https://purl.stanford.edu/hb929nv1140", "title": "二万五千分一樺太空中寫眞測量要圖", "ckey": 12132727, "available": true, "iiifUrl": "https://purl.stanford.edu/hb929nv1140/iiif/manifest" }, "geometry": { "type": "Polygon", "coordinates": [ [ [ 143.625, 49.3 ], [ 143.75, 49.3 ], [ 143.75, 49.4166664 ], [ 143.625, 49.4166664 ], [ 143.625, 49.3 ] ] ] } },
{ "type": "Feature", "properties": { "Id": 0, "Sheet_ID": "池田近傍 16", "label": "池田近傍 16", "call_short": "G7330 S25 .J32", "call_num": "G7330 S25 .J32 E16", "recid": "xv785tt5436", "websiteUrl": "https://purl.stanford.edu/xv785tt5436", "title": "二万五千分一樺太空中寫眞測量要圖", "ckey": 12132727, "available": true, "iiifUrl": "https://purl.stanford.edu/xv785tt5436/iiif/manifest" }, "geometry": { "type": "Polygon", "coordinates": [ [ [ 143.75, 49.333333 ], [ 143.875, 49.333333 ], [ 143.875, 49.4166664 ], [ 143.75, 49.4166664 ], [ 143.75, 49.333333 ] ] ] } },
{ "type": "Feature", "properties": { "Id": 0, "Sheet_ID": "池田近傍 8", "label": "池田近傍 8", "call_short": "G7330 S25 .J32", "call_num": "G7330 S25 .J32 E8", "recid": "hf051zm8443", "websiteUrl": "https://purl.stanford.edu/hf051zm8443", "title": "二万五千分一樺太空中寫眞測量要圖", "ckey": 12132727, "available": true, "iiifUrl": "https://purl.stanford.edu/hf051zm8443/iiif/manifest" }, "geometry": { "type": "Polygon", "coordinates": [ [ [ 143.875, 49.333333 ], [ 144.0, 49.333333 ], [ 144.0, 49.4166664 ], [ 143.875, 49.4166664 ], [ 143.875, 49.333333 ] ] ] } },
{ "type": "Feature", "properties": { "Id": 0, "Sheet_ID": "池田近傍 31", "label": "池田近傍 31", "call_short": "G7330 S25 .J32", "call_num": "G7330 S25 .J32 E31", "recid": "gz610kk1199", "websiteUrl": "https://purl.stanford.edu/gz610kk1199", "title": "二万五千分一樺太空中寫眞測量要圖", "ckey": 12132727, "available": true, "iiifUrl": "https://purl.stanford.edu/gz610kk1199/iiif/manifest" }, "geometry": { "type": "Polygon", "coordinates": [ [ [ 143.5, 49.4166664 ], [ 143.625, 49.4166664 ], [ 143.625, 49.4999998 ], [ 143.5, 49.4999998 ], [ 143.5, 49.4166664 ] ] ] } },
{ "type": "Feature", "properties": { "Id": 0, "Sheet_ID": "池田近傍 23", "label": "池田近傍 23", "call_short": "G7330 S25 .J32", "call_num": "G7330 S25 .J32 E23", "recid": "ny721nb4749", "websiteUrl": "https://purl.stanford.edu/ny721nb4749", "title": "二万五千分一樺太空中寫眞測量要圖", "ckey": 12132727, "available": true, "iiifUrl": "https://purl.stanford.edu/ny721nb4749/iiif/manifest" }, "geometry": { "type": "Polygon", "coordinates": [ [ [ 143.625, 49.4166664 ], [ 143.75, 49.4166664 ], [ 143.75, 49.4999998 ], [ 143.625, 49.4999998 ], [ 143.625, 49.4166664 ] ] ] } },
{ "type": "Feature", "properties": { "Id": 0, "Sheet_ID": "池田近傍 15", "label": "池田近傍 15", "call_short": "G7330 S25 .J32", "call_num": "G7330 S25 .J32 E15", "recid": "fs960cp0248", "websiteUrl": "https://purl.stanford.edu/fs960cp0248", "title": "二万五千分一樺太空中寫眞測量要圖", "ckey": 12132727, "available": true, "iiifUrl": "https://purl.stanford.edu/fs960cp0248/iiif/manifest" }, "geometry": { "type": "Polygon", "coordinates": [ [ [ 143.75, 49.4166664 ], [ 143.875, 49.4166664 ], [ 143.875, 49.4999998 ], [ 143.75, 49.4999998 ], [ 143.75, 49.4166664 ] ] ] } },
{ "type": "Feature", "properties": { "Id": 0, "Sheet_ID": "池田近傍 7", "label": "池田近傍 7", "call_short": "G7330 S25 .J32", "call_num": "G7330 S25 .J32 E7", "recid": "rs854cb8369", "websiteUrl": "https://purl.stanford.edu/rs854cb8369", "title": "二万五千分一樺太空中寫眞測量要圖", "ckey": 12132727, "available": true, "iiifUrl": "https://purl.stanford.edu/rs854cb8369/iiif/manifest" }, "geometry": { "type": "Polygon", "coordinates": [ [ [ 143.875, 49.4166664 ], [ 144.0, 49.4166664 ], [ 144.0, 49.4999998 ], [ 143.875, 49.4999998 ], [ 143.875, 49.4166664 ] ] ] } },
{ "type": "Feature", "properties": { "Id": 0, "Sheet_ID": "池田近傍 30", "label": "池田近傍 30", "call_short": "G7330 S25 .J32", "call_num": "G7330 S25 .J32 E30", "recid": "ch250gw7828", "websiteUrl": "https://purl.stanford.edu/ch250gw7828", "title": "二万五千分一樺太空中寫眞測量要圖", "ckey": 12132727, "available": true, "iiifUrl": "https://purl.stanford.edu/ch250gw7828/iiif/manifest" }, "geometry": { "type": "Polygon", "coordinates": [ [ [ 143.5, 49.4999998 ], [ 143.625, 49.4999998 ], [ 143.625, 49.5833331 ], [ 143.5, 49.5833331 ], [ 143.5, 49.4999998 ] ] ] } },
{ "type": "Feature", "properties": { "Id": 0, "Sheet_ID": "池田近傍 22", "label": "池田近傍 22", "call_short": "G7330 S25 .J32", "call_num": "G7330 S25 .J32 E22", "recid": "yd258ws9501", "websiteUrl": "https://purl.stanford.edu/yd258ws9501", "title": "二万五千分一樺太空中寫眞測量要圖", "ckey": 12132727, "available": true, "iiifUrl": "https://purl.stanford.edu/yd258ws9501/iiif/manifest" }, "geometry": { "type": "Polygon", "coordinates": [ [ [ 143.625, 49.4999998 ], [ 143.75, 49.4999998 ], [ 143.75, 49.5833331 ], [ 143.625, 49.5833331 ], [ 143.625, 49.4999998 ] ] ] } },
{ "type": "Feature", "properties": { "Id": 0, "Sheet_ID": "池田近傍 14", "label": "池田近傍 14", "call_short": "G7330 S25 .J32", "call_num": "G7330 S25 .J32 E14", "recid": "tt228bt3120", "websiteUrl": "https://purl.stanford.edu/tt228bt3120", "title": "二万五千分一樺太空中寫眞測量要圖", "ckey": 12132727, "available": true, "iiifUrl": "https://purl.stanford.edu/tt228bt3120/iiif/manifest" }, "geometry": { "type": "Polygon", "coordinates": [ [ [ 143.75, 49.4999998 ], [ 143.875, 49.4999998 ], [ 143.875, 49.5833331 ], [ 143.75, 49.5833331 ], [ 143.75, 49.4999998 ] ] ] } },
{ "type": "Feature", "properties": { "Id": 0, "Sheet_ID": "池田近傍 6", "label": "池田近傍 6", "call_short": "G7330 S25 .J32", "call_num": "G7330 S25 .J32 E6", "recid": "fz626yp5976", "websiteUrl": "https://purl.stanford.edu/fz626yp5976", "title": "二万五千分一樺太空中寫眞測量要圖", "ckey": 12132727, "available": true, "iiifUrl": "https://purl.stanford.edu/fz626yp5976/iiif/manifest" }, "geometry": { "type": "Polygon", "coordinates": [ [ [ 143.875, 49.4999998 ], [ 144.0, 49.4999998 ], [ 144.0, 49.5833331 ], [ 143.875, 49.5833331 ], [ 143.875, 49.4999998 ] ] ] } },
{ "type": "Feature", "properties": { "Id": 0, "Sheet_ID": "池田近傍 29", "label": "池田近傍 29", "call_short": "G7330 S25 .J32", "call_num": "G7330 S25 .J32 E29", "recid": "bs391pk0480", "websiteUrl": "https://purl.stanford.edu/bs391pk0480", "title": "二万五千分一樺太空中寫眞測量要圖", "ckey": 12132727, "available": true, "iiifUrl": "https://purl.stanford.edu/bs391pk0480/iiif/manifest" }, "geometry": { "type": "Polygon", "coordinates": [ [ [ 143.5, 49.5833331 ], [ 143.625, 49.5833331 ], [ 143.625, 49.6666665 ], [ 143.5, 49.6666665 ], [ 143.5, 49.5833331 ] ] ] } },
{ "type": "Feature", "properties": { "Id": 0, "Sheet_ID": "池田近傍 21", "label": "池田近傍 21", "call_short": "G7330 S25 .J32", "call_num": "G7330 S25 .J32 E21", "recid": "mn752zg9106", "websiteUrl": "https://purl.stanford.edu/mn752zg9106", "title": "二万五千分一樺太空中寫眞測量要圖", "ckey": 12132727, "available": true, "iiifUrl": "https://purl.stanford.edu/mn752zg9106/iiif/manifest" }, "geometry": { "type": "Polygon", "coordinates": [ [ [ 143.625, 49.5833331 ], [ 143.75, 49.5833331 ], [ 143.75, 49.6666665 ], [ 143.625, 49.6666665 ], [ 143.625, 49.5833331 ] ] ] } },
{ "type": "Feature", "properties": { "Id": 0, "Sheet_ID": "池田近傍 13", "label": "池田近傍 13", "call_short": "G7330 S25 .J32", "call_num": "G7330 S25 .J32 E13", "recid": "jj855nt7001", "websiteUrl": "https://purl.stanford.edu/jj855nt7001", "title": "二万五千分一樺太空中寫眞測量要圖", "ckey": 12132727, "available": true, "iiifUrl": "https://purl.stanford.edu/jj855nt7001/iiif/manifest" }, "geometry": { "type": "Polygon", "coordinates": [ [ [ 143.75, 49.5833331 ], [ 143.875, 49.5833331 ], [ 143.875, 49.6666665 ], [ 143.75, 49.6666665 ], [ 143.75, 49.5833331 ] ] ] } },
{ "type": "Feature", "properties": { "Id": 0, "Sheet_ID": "池田近傍 5", "label": "池田近傍 5", "call_short": "G7330 S25 .J32", "call_num": "G7330 S25 .J32 E5", "recid": "ms185zs7643", "websiteUrl": "https://purl.stanford.edu/ms185zs7643", "title": "二万五千分一樺太空中寫眞測量要圖", "ckey": 12132727, "available": true, "iiifUrl": "https://purl.stanford.edu/ms185zs7643/iiif/manifest" }, "geometry": { "type": "Polygon", "coordinates": [ [ [ 143.875, 49.5833331 ], [ 144.0, 49.5833331 ], [ 144.0, 49.6666665 ], [ 143.875, 49.6666665 ], [ 143.875, 49.5833331 ] ] ] } },
{ "type": "Feature", "properties": { "Id": 0, "Sheet_ID": "池田近傍 28", "label": "池田近傍 28", "call_short": "G7330 S25 .J32", "call_num": "G7330 S25 .J32 E28", "recid": "yg201gc5170", "websiteUrl": "https://purl.stanford.edu/yg201gc5170", "title": "二万五千分一樺太空中寫眞測量要圖", "ckey": 12132727, "available": true, "iiifUrl": "https://purl.stanford.edu/yg201gc5170/iiif/manifest" }, "geometry": { "type": "Polygon", "coordinates": [ [ [ 143.5, 49.6666665 ], [ 143.625, 49.6666665 ], [ 143.625, 49.7499999 ], [ 143.5, 49.7499999 ], [ 143.5, 49.6666665 ] ] ] } },
{ "type": "Feature", "properties": { "Id": 0, "Sheet_ID": "池田近傍 20", "label": "池田近傍 20", "call_short": "G7330 S25 .J32", "call_num": "G7330 S25 .J32 E20", "recid": "qn775hy0771", "websiteUrl": "https://purl.stanford.edu/qn775hy0771", "title": "二万五千分一樺太空中寫眞測量要圖", "ckey": 12132727, "available": true, "iiifUrl": "https://purl.stanford.edu/qn775hy0771/iiif/manifest" }, "geometry": { "type": "Polygon", "coordinates": [ [ [ 143.625, 49.6666665 ], [ 143.75, 49.6666665 ], [ 143.75, 49.7499999 ], [ 143.625, 49.7499999 ], [ 143.625, 49.6666665 ] ] ] } },
{ "type": "Feature", "properties": { "Id": 0, "Sheet_ID": "池田近傍 12", "label": "池田近傍 12", "call_short": "G7330 S25 .J32", "call_num": "G7330 S25 .J32 E12", "recid": "fs623gk9911", "websiteUrl": "https://purl.stanford.edu/fs623gk9911", "title": "二万五千分一樺太空中寫眞測量要圖", "ckey": 12132727, "available": true, "iiifUrl": "https://purl.stanford.edu/fs623gk9911/iiif/manifest" }, "geometry": { "type": "Polygon", "coordinates": [ [ [ 143.75, 49.6666665 ], [ 143.875, 49.6666665 ], [ 143.875, 49.7499999 ], [ 143.75, 49.7499999 ], [ 143.75, 49.6666665 ] ] ] } },
{ "type": "Feature", "properties": { "Id": 0, "Sheet_ID": "池田近傍 4", "label": "池田近傍 4", "call_short": "G7330 S25 .J32", "call_num": "G7330 S25 .J32 E4", "recid": "pg836qy1392", "websiteUrl": "https://purl.stanford.edu/pg836qy1392", "title": "二万五千分一樺太空中寫眞測量要圖", "ckey": 12132727, "available": true, "iiifUrl": "https://purl.stanford.edu/pg836qy1392/iiif/manifest" }, "geometry": { "type": "Polygon", "coordinates": [ [ [ 143.875, 49.6666665 ], [ 144.0, 49.6666665 ], [ 144.0, 49.7499999 ], [ 143.875, 49.7499999 ], [ 143.875, 49.6666665 ] ] ] } },
{ "type": "Feature", "properties": { "Id": 0, "Sheet_ID": "池田近傍 27", "label": "池田近傍 27", "call_short": "G7330 S25 .J32", "call_num": "G7330 S25 .J32 E27", "recid": "pm641pw6591", "websiteUrl": "https://purl.stanford.edu/pm641pw6591", "title": "二万五千分一樺太空中寫眞測量要圖", "ckey": 12132727, "available": true, "iiifUrl": "https://purl.stanford.edu/pm641pw6591/iiif/manifest" }, "geometry": { "type": "Polygon", "coordinates": [ [ [ 143.5, 49.7499999 ], [ 143.625, 49.7499999 ], [ 143.625, 49.8333333 ], [ 143.5, 49.8333333 ], [ 143.5, 49.7499999 ] ] ] } },
{ "type": "Feature", "properties": { "Id": 0, "Sheet_ID": "池田近傍 19", "label": "池田近傍 19", "call_short": "G7330 S25 .J32", "call_num": "G7330 S25 .J32 E19", "recid": "jg487rd3928", "websiteUrl": "https://purl.stanford.edu/jg487rd3928", "title": "二万五千分一樺太空中寫眞測量要圖", "ckey": 12132727, "available": true, "iiifUrl": "https://purl.stanford.edu/jg487rd3928/iiif/manifest" }, "geometry": { "type": "Polygon", "coordinates": [ [ [ 143.625, 49.7499999 ], [ 143.75, 49.7499999 ], [ 143.75, 49.8333333 ], [ 143.625, 49.8333333 ], [ 143.625, 49.7499999 ] ] ] } },
{ "type": "Feature", "properties": { "Id": 0, "Sheet_ID": "池田近傍 11", "label": "池田近傍 11", "call_short": "G7330 S25 .J32", "call_num": "G7330 S25 .J32 E11", "recid": "rw977mh0848", "websiteUrl": "https://purl.stanford.edu/rw977mh0848", "title": "二万五千分一樺太空中寫眞測量要圖", "ckey": 12132727, "available": true, "iiifUrl": "https://purl.stanford.edu/rw977mh0848/iiif/manifest" }, "geometry": { "type": "Polygon", "coordinates": [ [ [ 143.75, 49.7499999 ], [ 143.875, 49.7499999 ], [ 143.875, 49.8333333 ], [ 143.75, 49.8333333 ], [ 143.75, 49.7499999 ] ] ] } },
{ "type": "Feature", "properties": { "Id": 0, "Sheet_ID": "池田近傍 3", "label": "池田近傍 3", "call_short": "G7330 S25 .J32", "call_num": "G7330 S25 .J32 E3", "recid": "qc625zq0645", "websiteUrl": "https://purl.stanford.edu/qc625zq0645", "title": "二万五千分一樺太空中寫眞測量要圖", "ckey": 12132727, "available": true, "iiifUrl": "https://purl.stanford.edu/qc625zq0645/iiif/manifest" }, "geometry": { "type": "Polygon", "coordinates": [ [ [ 143.875, 49.7499999 ], [ 144.0, 49.7499999 ], [ 144.0, 49.8333333 ], [ 143.875, 49.8333333 ], [ 143.875, 49.7499999 ] ] ] } },
{ "type": "Feature", "properties": { "Id": 0, "Sheet_ID": "池田近傍 26", "label": "池田近傍 26", "call_short": "G7330 S25 .J32", "call_num": "G7330 S25 .J32 E26", "recid": "rh456kx9106", "websiteUrl": "https://purl.stanford.edu/rh456kx9106", "title": "二万五千分一樺太空中寫眞測量要圖", "ckey": 12132727, "available": true, "iiifUrl": "https://purl.stanford.edu/rh456kx9106/iiif/manifest" }, "geometry": { "type": "Polygon", "coordinates": [ [ [ 143.5, 49.8333333 ], [ 143.625, 49.8333333 ], [ 143.625, 49.9166666 ], [ 143.5, 49.9166666 ], [ 143.5, 49.8333333 ] ] ] } },
{ "type": "Feature", "properties": { "Id": 0, "Sheet_ID": "池田近傍 18", "label": "池田近傍 18", "call_short": "G7330 S25 .J32", "call_num": "G7330 S25 .J32 E18", "recid": "jm816xz2551", "websiteUrl": "https://purl.stanford.edu/jm816xz2551", "title": "二万五千分一樺太空中寫眞測量要圖", "ckey": 12132727, "available": true, "iiifUrl": "https://purl.stanford.edu/jm816xz2551/iiif/manifest" }, "geometry": { "type": "Polygon", "coordinates": [ [ [ 143.625, 49.8333333 ], [ 143.75, 49.8333333 ], [ 143.75, 49.9166666 ], [ 143.625, 49.9166666 ], [ 143.625, 49.8333333 ] ] ] } },
{ "type": "Feature", "properties": { "Id": 0, "Sheet_ID": "池田近傍 10", "label": "池田近傍 10", "call_short": null, "call_num": null, "recid": null, "websiteUrl": null, "title": null, "ckey": 0, "available": false, "iiifUrl": null }, "geometry": { "type": "Polygon", "coordinates": [ [ [ 143.75, 49.8333333 ], [ 143.875, 49.8333333 ], [ 143.875, 49.9166666 ], [ 143.75, 49.9166666 ], [ 143.75, 49.8333333 ] ] ] } },
{ "type": "Feature", "properties": { "Id": 0, "Sheet_ID": "池田近傍 2", "label": "池田近傍 2", "call_short": "G7330 S25 .J32", "call_num": "G7330 S25 .J32 E2", "recid": "ks656pf1028", "websiteUrl": "https://purl.stanford.edu/ks656pf1028", "title": "二万五千分一樺太空中寫眞測量要圖", "ckey": 12132727, "available": true, "iiifUrl": "https://purl.stanford.edu/ks656pf1028/iiif/manifest" }, "geometry": { "type": "Polygon", "coordinates": [ [ [ 143.875, 49.8333333 ], [ 144.0, 49.8333333 ], [ 144.0, 49.9166666 ], [ 143.875, 49.9166666 ], [ 143.875, 49.8333333 ] ] ] } },
{ "type": "Feature", "properties": { "Id": 0, "Sheet_ID": "池田近傍 25", "label": "池田近傍 25", "call_short": "G7330 S25 .J32", "call_num": "G7330 S25 .J32 E25", "recid": "xp975qb0882", "websiteUrl": "https://purl.stanford.edu/xp975qb0882", "title": "二万五千分一樺太空中寫眞測量要圖", "ckey": 12132727, "available": true, "iiifUrl": "https://purl.stanford.edu/xp975qb0882/iiif/manifest" }, "geometry": { "type": "Polygon", "coordinates": [ [ [ 143.5, 49.9166666 ], [ 143.625, 49.9166666 ], [ 143.625, 50.0 ], [ 143.5, 50.0 ], [ 143.5, 49.9166666 ] ] ] } },
{ "type": "Feature", "properties": { "Id": 0, "Sheet_ID": "池田近傍 17", "label": "池田近傍 17", "call_short": "G7330 S25 .J32", "call_num": "G7330 S25 .J32 E17", "recid": "wr454qh4423", "websiteUrl": "https://purl.stanford.edu/wr454qh4423", "title": "二万五千分一樺太空中寫眞測量要圖", "ckey": 12132727, "available": true, "iiifUrl": "https://purl.stanford.edu/wr454qh4423/iiif/manifest" }, "geometry": { "type": "Polygon", "coordinates": [ [ [ 143.625, 49.9166666 ], [ 143.75, 49.9166666 ], [ 143.75, 50.0 ], [ 143.625, 50.0 ], [ 143.625, 49.9166666 ] ] ] } },
{ "type": "Feature", "properties": { "Id": 0, "Sheet_ID": "池田近傍 9", "label": "池田近傍 9", "call_short": "G7330 S25 .J32", "call_num": "G7330 S25 .J32 E9", "recid": "zm282qd1949", "websiteUrl": "https://purl.stanford.edu/zm282qd1949", "title": "二万五千分一樺太空中寫眞測量要圖", "ckey": 12132727, "available": true, "iiifUrl": "https://purl.stanford.edu/zm282qd1949/iiif/manifest" }, "geometry": { "type": "Polygon", "coordinates": [ [ [ 143.75, 49.9166666 ], [ 143.875, 49.9166666 ], [ 143.875, 50.0 ], [ 143.75, 50.0 ], [ 143.75, 49.9166666 ] ] ] } },
{ "type": "Feature", "properties": { "Id": 0, "Sheet_ID": "池田近傍 1", "label": "池田近傍 1", "call_short": "G7330 S25 .J32", "call_num": "G7330 S25 .J32 E1", "recid": "dw548zm8112", "websiteUrl": "https://purl.stanford.edu/dw548zm8112", "title": "二万五千分一樺太空中寫眞測量要圖", "ckey": 12132727, "available": true, "iiifUrl": "https://purl.stanford.edu/dw548zm8112/iiif/manifest" }, "geometry": { "type": "Polygon", "coordinates": [ [ [ 143.875, 49.9166666 ], [ 144.025, 49.9166666 ], [ 144.025, 50.0 ], [ 143.875, 50.0 ], [ 143.875, 49.9166666 ] ] ] } },
{ "type": "Feature", "properties": { "Id": 0, "Sheet_ID": "富岸近傍 9", "label": "富岸近傍 9", "call_short": "G7330 S25 .J32", "call_num": "G7330 S25 .J32 F9", "recid": "cb847bw7979", "websiteUrl": "https://purl.stanford.edu/cb847bw7979", "title": "二万五千分一樺太空中寫眞測量要圖", "ckey": 12132727, "available": true, "iiifUrl": "https://purl.stanford.edu/cb847bw7979/iiif/manifest" }, "geometry": { "type": "Polygon", "coordinates": [ [ [ 143.75, 49.333333 ], [ 143.75, 49.25 ], [ 143.875, 49.25 ], [ 143.875, 49.333333 ], [ 143.75, 49.333333 ] ] ] } },
{ "type": "Feature", "properties": { "Id": 0, "Sheet_ID": "富岸近傍 1", "label": "富岸近傍 1", "call_short": "G7330 S25 .J32", "call_num": "G7330 S25 .J32 F1", "recid": "rr519pt0750", "websiteUrl": "https://purl.stanford.edu/rr519pt0750", "title": "二万五千分一樺太空中寫眞測量要圖", "ckey": 12132727, "available": true, "iiifUrl": "https://purl.stanford.edu/rr519pt0750/iiif/manifest" }, "geometry": { "type": "Polygon", "coordinates": [ [ [ 144.0, 49.333333 ], [ 143.875, 49.333333 ], [ 143.875, 49.25 ], [ 144.0, 49.25 ], [ 144.0, 49.333333 ] ] ] } },
{ "type": "Feature", "properties": { "Id": 0, "Sheet_ID": "敷香近傍 26", "label": "敷香近傍 26", "call_short": "G7330 S25 .J32", "call_num": "G7330 S25 .J32 H26", "recid": "yx379fp5941", "websiteUrl": "https://purl.stanford.edu/yx379fp5941", "title": "二万五千分一樺太空中寫眞測量要圖", "ckey": 12132727, "available": true, "iiifUrl": "https://purl.stanford.edu/yx379fp5941/iiif/manifest" }, "geometry": { "type": "Polygon", "coordinates": [ [ [ 143.0, 49.166667 ], [ 143.125, 49.166667 ], [ 143.125, 49.2500003 ], [ 143.0, 49.2500003 ], [ 143.0, 49.166667 ] ] ] } },
{ "type": "Feature", "properties": { "Id": 0, "Sheet_ID": "敷香近傍 18", "label": "敷香近傍 18", "call_short": "G7330 S25 .J32", "call_num": "G7330 S25 .J32 H18", "recid": "rd611yq0471", "websiteUrl": "https://purl.stanford.edu/rd611yq0471", "title": "二万五千分一樺太空中寫眞測量要圖", "ckey": 12132727, "available": true, "iiifUrl": "https://purl.stanford.edu/rd611yq0471/iiif/manifest" }, "geometry": { "type": "Polygon", "coordinates": [ [ [ 143.125, 49.166667 ], [ 143.25, 49.166667 ], [ 143.25, 49.2500003 ], [ 143.125, 49.2500003 ], [ 143.125, 49.166667 ] ] ] } },
{ "type": "Feature", "properties": { "Id": 0, "Sheet_ID": "敷香近傍 25", "label": "敷香近傍 25", "call_short": "G7330 S25 .J32", "call_num": "G7330 S25 .J32 H25", "recid": "dp421cx5590", "websiteUrl": "https://purl.stanford.edu/dp421cx5590", "title": "二万五千分一樺太空中寫眞測量要圖", "ckey": 12132727, "available": true, "iiifUrl": "https://purl.stanford.edu/dp421cx5590/iiif/manifest" }, "geometry": { "type": "Polygon", "coordinates": [ [ [ 143.0, 49.2500003 ], [ 143.125, 49.2500003 ], [ 143.125, 49.3333336 ], [ 143.0, 49.3333336 ], [ 143.0, 49.2500003 ] ] ] } },
{ "type": "Feature", "properties": { "Id": 0, "Sheet_ID": "敷香近傍 17", "label": "敷香近傍 17", "call_short": "G7330 S25 .J32", "call_num": "G7330 S25 .J32 H17", "recid": "yj955th4977", "websiteUrl": "https://purl.stanford.edu/yj955th4977", "title": "二万五千分一樺太空中寫眞測量要圖", "ckey": 12132727, "available": true, "iiifUrl": "https://purl.stanford.edu/yj955th4977/iiif/manifest" }, "geometry": { "type": "Polygon", "coordinates": [ [ [ 143.125, 49.2500003 ], [ 143.25, 49.2500003 ], [ 143.25, 49.3333336 ], [ 143.125, 49.3333336 ], [ 143.125, 49.2500003 ] ] ] } },
{ "type": "Feature", "properties": { "Id": 0, "Sheet_ID": "敷香近傍 9", "label": "敷香近傍 9", "call_short": "G7330 S25 .J32", "call_num": "G7330 S25 .J32 H9", "recid": "br175sm2382", "websiteUrl": "https://purl.stanford.edu/br175sm2382", "title": "二万五千分一樺太空中寫眞測量要圖", "ckey": 12132727, "available": true, "iiifUrl": "https://purl.stanford.edu/br175sm2382/iiif/manifest" }, "geometry": { "type": "Polygon", "coordinates": [ [ [ 143.25, 49.2500003 ], [ 143.375, 49.2500003 ], [ 143.375, 49.3333336 ], [ 143.25, 49.3333336 ], [ 143.25, 49.2500003 ] ] ] } },
{ "type": "Feature", "properties": { "Id": 0, "Sheet_ID": "多來加湖近傍 32", "label": "多來加湖近傍 32", "call_short": "G7330 S25 .J32", "call_num": "G7330 S25 .J32 G32", "recid": "nq351zk2893", "websiteUrl": "https://purl.stanford.edu/nq351zk2893", "title": "二万五千分一樺太空中寫眞測量要圖", "ckey": 12132727, "available": true, "iiifUrl": "https://purl.stanford.edu/nq351zk2893/iiif/manifest" }, "geometry": { "type": "Polygon", "coordinates": [ [ [ 143.0, 49.3333336 ], [ 143.125, 49.3333336 ], [ 143.125, 49.4166669 ], [ 143.0, 49.4166669 ], [ 143.0, 49.3333336 ] ] ] } },
{ "type": "Feature", "properties": { "Id": 0, "Sheet_ID": "多來加湖近傍 24", "label": "多來加湖近傍 24", "call_short": "G7330 S25 .J32", "call_num": "G7330 S25 .J32 G24", "recid": "qz127cy3219", "websiteUrl": "https://purl.stanford.edu/qz127cy3219", "title": "二万五千分一樺太空中寫眞測量要圖", "ckey": 12132727, "available": true, "iiifUrl": "https://purl.stanford.edu/qz127cy3219/iiif/manifest" }, "geometry": { "type": "Polygon", "coordinates": [ [ [ 143.125, 49.3333336 ], [ 143.25, 49.3333336 ], [ 143.25, 49.4166669 ], [ 143.125, 49.4166669 ], [ 143.125, 49.3333336 ] ] ] } },
{ "type": "Feature", "properties": { "Id": 0, "Sheet_ID": "多來加湖近傍 16", "label": "多來加湖近傍 16", "call_short": "G7330 S25 .J32", "call_num": "G7330 S25 .J32 G16", "recid": "yj498zm0579", "websiteUrl": "https://purl.stanford.edu/yj498zm0579", "title": "二万五千分一樺太空中寫眞測量要圖", "ckey": 12132727, "available": true, "iiifUrl": "https://purl.stanford.edu/yj498zm0579/iiif/manifest" }, "geometry": { "type": "Polygon", "coordinates": [ [ [ 143.25, 49.3333336 ], [ 143.375, 49.3333336 ], [ 143.375, 49.4166669 ], [ 143.25, 49.4166669 ], [ 143.25, 49.3333336 ] ] ] } },
{ "type": "Feature", "properties": { "Id": 0, "Sheet_ID": "多來加湖近傍 8", "label": "多來加湖近傍 8", "call_short": "G7330 S25 .J32", "call_num": "G7330 S25 .J32 G8", "recid": "sr379jj7177", "websiteUrl": "https://purl.stanford.edu/sr379jj7177", "title": "二万五千分一樺太空中寫眞測量要圖", "ckey": 12132727, "available": true, "iiifUrl": "https://purl.stanford.edu/sr379jj7177/iiif/manifest" }, "geometry": { "type": "Polygon", "coordinates": [ [ [ 143.375, 49.295 ], [ 143.5, 49.295 ], [ 143.5, 49.4166669 ], [ 143.375, 49.4166669 ], [ 143.375, 49.295 ] ] ] } },
{ "type": "Feature", "properties": { "Id": 0, "Sheet_ID": "多來加湖近傍 31", "label": "多來加湖近傍 31", "call_short": "G7330 S25 .J32", "call_num": "G7330 S25 .J32 G31", "recid": "gk775mf2152", "websiteUrl": "https://purl.stanford.edu/gk775mf2152", "title": "二万五千分一樺太空中寫眞測量要圖", "ckey": 12132727, "available": true, "iiifUrl": "https://purl.stanford.edu/gk775mf2152/iiif/manifest" }, "geometry": { "type": "Polygon", "coordinates": [ [ [ 143.0, 49.4166669 ], [ 143.125, 49.4166669 ], [ 143.125, 49.5000002 ], [ 143.0, 49.5000002 ], [ 143.0, 49.4166669 ] ] ] } },
{ "type": "Feature", "properties": { "Id": 0, "Sheet_ID": "多來加湖近傍 23", "label": "多來加湖近傍 23", "call_short": "G7330 S25 .J32", "call_num": "G7330 S25 .J32 G23", "recid": "sj936cr8370", "websiteUrl": "https://purl.stanford.edu/sj936cr8370", "title": "二万五千分一樺太空中寫眞測量要圖", "ckey": 12132727, "available": true, "iiifUrl": "https://purl.stanford.edu/sj936cr8370/iiif/manifest" }, "geometry": { "type": "Polygon", "coordinates": [ [ [ 143.125, 49.4166669 ], [ 143.25, 49.4166669 ], [ 143.25, 49.5000002 ], [ 143.125, 49.5000002 ], [ 143.125, 49.4166669 ] ] ] } },
{ "type": "Feature", "properties": { "Id": 0, "Sheet_ID": "多來加湖近傍 15", "label": "多來加湖近傍 15", "call_short": "G7330 S25 .J32", "call_num": "G7330 S25 .J32 G15", "recid": "xp634yk5352", "websiteUrl": "https://purl.stanford.edu/xp634yk5352", "title": "二万五千分一樺太空中寫眞測量要圖", "ckey": 12132727, "available": true, "iiifUrl": "https://purl.stanford.edu/xp634yk5352/iiif/manifest" }, "geometry": { "type": "Polygon", "coordinates": [ [ [ 143.25, 49.4166669 ], [ 143.375, 49.4166669 ], [ 143.375, 49.5000002 ], [ 143.25, 49.5000002 ], [ 143.25, 49.4166669 ] ] ] } },
{ "type": "Feature", "properties": { "Id": 0, "Sheet_ID": "多來加湖近傍 7", "label": "多來加湖近傍 7", "call_short": "G7330 S25 .J32", "call_num": "G7330 S25 .J32 G7", "recid": "mt507ph7783", "websiteUrl": "https://purl.stanford.edu/mt507ph7783", "title": "二万五千分一樺太空中寫眞測量要圖", "ckey": 12132727, "available": true, "iiifUrl": "https://purl.stanford.edu/mt507ph7783/iiif/manifest" }, "geometry": { "type": "Polygon", "coordinates": [ [ [ 143.375, 49.4166669 ], [ 143.5, 49.4166669 ], [ 143.5, 49.5000002 ], [ 143.375, 49.5000002 ], [ 143.375, 49.4166669 ] ] ] } },
{ "type": "Feature", "properties": { "Id": 0, "Sheet_ID": "多來加湖近傍 30", "label": "多來加湖近傍 30", "call_short": "G7330 S25 .J32", "call_num": "G7330 S25 .J32 G30", "recid": "xf883yv6608", "websiteUrl": "https://purl.stanford.edu/xf883yv6608", "title": "二万五千分一樺太空中寫眞測量要圖", "ckey": 12132727, "available": true, "iiifUrl": "https://purl.stanford.edu/xf883yv6608/iiif/manifest" }, "geometry": { "type": "Polygon", "coordinates": [ [ [ 143.0, 49.5000002 ], [ 143.125, 49.5000002 ], [ 143.125, 49.5833335 ], [ 143.0, 49.5833335 ], [ 143.0, 49.5000002 ] ] ] } },
{ "type": "Feature", "properties": { "Id": 0, "Sheet_ID": "多來加湖近傍 22", "label": "多來加湖近傍 22", "call_short": "G7330 S25 .J32", "call_num": "G7330 S25 .J32 G22", "recid": "ry156gm0576", "websiteUrl": "https://purl.stanford.edu/ry156gm0576", "title": "二万五千分一樺太空中寫眞測量要圖", "ckey": 12132727, "available": true, "iiifUrl": "https://purl.stanford.edu/ry156gm0576/iiif/manifest" }, "geometry": { "type": "Polygon", "coordinates": [ [ [ 143.125, 49.5000002 ], [ 143.25, 49.5000002 ], [ 143.25, 49.5833335 ], [ 143.125, 49.5833335 ], [ 143.125, 49.5000002 ] ] ] } },
{ "type": "Feature", "properties": { "Id": 0, "Sheet_ID": "多來加湖近傍 14", "label": "多來加湖近傍 14", "call_short": "G7330 S25 .J32", "call_num": "G7330 S25 .J32 G14", "recid": "qx211xt8917", "websiteUrl": "https://purl.stanford.edu/qx211xt8917", "title": "二万五千分一樺太空中寫眞測量要圖", "ckey": 12132727, "available": true, "iiifUrl": "https://purl.stanford.edu/qx211xt8917/iiif/manifest" }, "geometry": { "type": "Polygon", "coordinates": [ [ [ 143.25, 49.5000002 ], [ 143.375, 49.5000002 ], [ 143.375, 49.5833335 ], [ 143.25, 49.5833335 ], [ 143.25, 49.5000002 ] ] ] } },
{ "type": "Feature", "properties": { "Id": 0, "Sheet_ID": "多來加湖近傍 6", "label": "多來加湖近傍 6", "call_short": "G7330 S25 .J32", "call_num": "G7330 S25 .J32 G6", "recid": "tq867yc9276", "websiteUrl": "https://purl.stanford.edu/tq867yc9276", "title": "二万五千分一樺太空中寫眞測量要圖", "ckey": 12132727, "available": true, "iiifUrl": "https://purl.stanford.edu/tq867yc9276/iiif/manifest" }, "geometry": { "type": "Polygon", "coordinates": [ [ [ 143.375, 49.5000002 ], [ 143.5, 49.5000002 ], [ 143.5, 49.5833335 ], [ 143.375, 49.5833335 ], [ 143.375, 49.5000002 ] ] ] } },
{ "type": "Feature", "properties": { "Id": 0, "Sheet_ID": "多來加湖近傍 29", "label": "多來加湖近傍 29", "call_short": "G7330 S25 .J32", "call_num": "G7330 S25 .J32 G29", "recid": "qw449wc0986", "websiteUrl": "https://purl.stanford.edu/qw449wc0986", "title": "二万五千分一樺太空中寫眞測量要圖", "ckey": 12132727, "available": true, "iiifUrl": "https://purl.stanford.edu/qw449wc0986/iiif/manifest" }, "geometry": { "type": "Polygon", "coordinates": [ [ [ 143.0, 49.5833335 ], [ 143.125, 49.5833335 ], [ 143.125, 49.6666668 ], [ 143.0, 49.6666668 ], [ 143.0, 49.5833335 ] ] ] } },
{ "type": "Feature", "properties": { "Id": 0, "Sheet_ID": "多來加湖近傍 21", "label": "多來加湖近傍 21", "call_short": "G7330 S25 .J32", "call_num": "G7330 S25 .J32 G21", "recid": "gj301fr4400", "websiteUrl": "https://purl.stanford.edu/gj301fr4400", "title": "二万五千分一樺太空中寫眞測量要圖", "ckey": 12132727, "available": true, "iiifUrl": "https://purl.stanford.edu/gj301fr4400/iiif/manifest" }, "geometry": { "type": "Polygon", "coordinates": [ [ [ 143.125, 49.5833335 ], [ 143.25, 49.5833335 ], [ 143.25, 49.6666668 ], [ 143.125, 49.6666668 ], [ 143.125, 49.5833335 ] ] ] } },
{ "type": "Feature", "properties": { "Id": 0, "Sheet_ID": "多來加湖近傍 13", "label": "多來加湖近傍 13", "call_short": "G7330 S25 .J32", "call_num": "G7330 S25 .J32 G13", "recid": "sf000ts0205", "websiteUrl": "https://purl.stanford.edu/sf000ts0205", "title": "二万五千分一樺太空中寫眞測量要圖", "ckey": 12132727, "available": true, "iiifUrl": "https://purl.stanford.edu/sf000ts0205/iiif/manifest" }, "geometry": { "type": "Polygon", "coordinates": [ [ [ 143.25, 49.5833335 ], [ 143.375, 49.5833335 ], [ 143.375, 49.6666668 ], [ 143.25, 49.6666668 ], [ 143.25, 49.5833335 ] ] ] } },
{ "type": "Feature", "properties": { "Id": 0, "Sheet_ID": "多來加湖近傍 5", "label": "多來加湖近傍 5", "call_short": "G7330 S25 .J32", "call_num": "G7330 S25 .J32 G5", "recid": "rb230nf0083", "websiteUrl": "https://purl.stanford.edu/rb230nf0083", "title": "二万五千分一樺太空中寫眞測量要圖", "ckey": 12132727, "available": true, "iiifUrl": "https://purl.stanford.edu/rb230nf0083/iiif/manifest" }, "geometry": { "type": "Polygon", "coordinates": [ [ [ 143.375, 49.5833335 ], [ 143.5, 49.5833335 ], [ 143.5, 49.6666668 ], [ 143.375, 49.6666668 ], [ 143.375, 49.5833335 ] ] ] } },
{ "type": "Feature", "properties": { "Id": 0, "Sheet_ID": "多來加湖近傍 28", "label": "多來加湖近傍 28", "call_short": "G7330 S25 .J32", "call_num": "G7330 S25 .J32 G28", "recid": "gs558rw3970", "websiteUrl": "https://purl.stanford.edu/gs558rw3970", "title": "二万五千分一樺太空中寫眞測量要圖", "ckey": 12132727, "available": true, "iiifUrl": "https://purl.stanford.edu/gs558rw3970/iiif/manifest" }, "geometry": { "type": "Polygon", "coordinates": [ [ [ 143.0, 49.6666668 ], [ 143.125, 49.6666668 ], [ 143.125, 49.7500001 ], [ 143.0, 49.7500001 ], [ 143.0, 49.6666668 ] ] ] } },
{ "type": "Feature", "properties": { "Id": 0, "Sheet_ID": "多來加湖近傍 20", "label": "多來加湖近傍 20", "call_short": "G7330 S25 .J32", "call_num": "G7330 S25 .J32 G20", "recid": "sc689sj1044", "websiteUrl": "https://purl.stanford.edu/sc689sj1044", "title": "二万五千分一樺太空中寫眞測量要圖", "ckey": 12132727, "available": true, "iiifUrl": "https://purl.stanford.edu/sc689sj1044/iiif/manifest" }, "geometry": { "type": "Polygon", "coordinates": [ [ [ 143.125, 49.6666668 ], [ 143.25, 49.6666668 ], [ 143.25, 49.7500001 ], [ 143.125, 49.7500001 ], [ 143.125, 49.6666668 ] ] ] } },
{ "type": "Feature", "properties": { "Id": 0, "Sheet_ID": "多來加湖近傍 12", "label": "多來加湖近傍 12", "call_short": "G7330 S25 .J32", "call_num": "G7330 S25 .J32 G12", "recid": "jr019yf7447", "websiteUrl": "https://purl.stanford.edu/jr019yf7447", "title": "二万五千分一樺太空中寫眞測量要圖", "ckey": 12132727, "available": true, "iiifUrl": "https://purl.stanford.edu/jr019yf7447/iiif/manifest" }, "geometry": { "type": "Polygon", "coordinates": [ [ [ 143.25, 49.6666668 ], [ 143.375, 49.6666668 ], [ 143.375, 49.7500001 ], [ 143.25, 49.7500001 ], [ 143.25, 49.6666668 ] ] ] } },
{ "type": "Feature", "properties": { "Id": 0, "Sheet_ID": "多來加湖近傍 4", "label": "多來加湖近傍 4", "call_short": "G7330 S25 .J32", "call_num": "G7330 S25 .J32 G4", "recid": "fd436jk2693", "websiteUrl": "https://purl.stanford.edu/fd436jk2693", "title": "二万五千分一樺太空中寫眞測量要圖", "ckey": 12132727, "available": true, "iiifUrl": "https://purl.stanford.edu/fd436jk2693/iiif/manifest" }, "geometry": { "type": "Polygon", "coordinates": [ [ [ 143.375, 49.6666668 ], [ 143.5, 49.6666668 ], [ 143.5, 49.7500001 ], [ 143.375, 49.7500001 ], [ 143.375, 49.6666668 ] ] ] } },
{ "type": "Feature", "properties": { "Id": 0, "Sheet_ID": "多來加湖近傍 27", "label": "多來加湖近傍 27", "call_short": "G7330 S25 .J32", "call_num": "G7330 S25 .J32 G27", "recid": "dc729cv1052", "websiteUrl": "https://purl.stanford.edu/dc729cv1052", "title": "二万五千分一樺太空中寫眞測量要圖", "ckey": 12132727, "available": true, "iiifUrl": "https://purl.stanford.edu/dc729cv1052/iiif/manifest" }, "geometry": { "type": "Polygon", "coordinates": [ [ [ 143.0, 49.7500001 ], [ 143.125, 49.7500001 ], [ 143.125, 49.8333334 ], [ 143.0, 49.8333334 ], [ 143.0, 49.7500001 ] ] ] } },
{ "type": "Feature", "properties": { "Id": 0, "Sheet_ID": "多來加湖近傍 19", "label": "多來加湖近傍 19", "call_short": "G7330 S25 .J32", "call_num": "G7330 S25 .J32 G19", "recid": "sc503gr1283", "websiteUrl": "https://purl.stanford.edu/sc503gr1283", "title": "二万五千分一樺太空中寫眞測量要圖", "ckey": 12132727, "available": true, "iiifUrl": "https://purl.stanford.edu/sc503gr1283/iiif/manifest" }, "geometry": { "type": "Polygon", "coordinates": [ [ [ 143.125, 49.7500001 ], [ 143.25, 49.7500001 ], [ 143.25, 49.8333334 ], [ 143.125, 49.8333334 ], [ 143.125, 49.7500001 ] ] ] } },
{ "type": "Feature", "properties": { "Id": 0, "Sheet_ID": "多來加湖近傍 11", "label": "多來加湖近傍 11", "call_short": "G7330 S25 .J32", "call_num": "G7330 S25 .J32 G11", "recid": "gc382kr2367", "websiteUrl": "https://purl.stanford.edu/gc382kr2367", "title": "二万五千分一樺太空中寫眞測量要圖", "ckey": 12132727, "available": true, "iiifUrl": "https://purl.stanford.edu/gc382kr2367/iiif/manifest" }, "geometry": { "type": "Polygon", "coordinates": [ [ [ 143.25, 49.7500001 ], [ 143.375, 49.7500001 ], [ 143.375, 49.8333334 ], [ 143.25, 49.8333334 ], [ 143.25, 49.7500001 ] ] ] } },
{ "type": "Feature", "properties": { "Id": 0, "Sheet_ID": "多來加湖近傍 3", "label": "多來加湖近傍 3", "call_short": "G7330 S25 .J32", "call_num": "G7330 S25 .J32 G3", "recid": "jm879tm1513", "websiteUrl": "https://purl.stanford.edu/jm879tm1513", "title": "二万五千分一樺太空中寫眞測量要圖", "ckey": 12132727, "available": true, "iiifUrl": "https://purl.stanford.edu/jm879tm1513/iiif/manifest" }, "geometry": { "type": "Polygon", "coordinates": [ [ [ 143.375, 49.7500001 ], [ 143.5, 49.7500001 ], [ 143.5, 49.8333334 ], [ 143.375, 49.8333334 ], [ 143.375, 49.7500001 ] ] ] } },
{ "type": "Feature", "properties": { "Id": 0, "Sheet_ID": "多來加湖近傍 26", "label": "多來加湖近傍 26", "call_short": "G7330 S25 .J32", "call_num": "G7330 S25 .J32 G26", "recid": "pz180nn8316", "websiteUrl": "https://purl.stanford.edu/pz180nn8316", "title": "二万五千分一樺太空中寫眞測量要圖", "ckey": 12132727, "available": true, "iiifUrl": "https://purl.stanford.edu/pz180nn8316/iiif/manifest" }, "geometry": { "type": "Polygon", "coordinates": [ [ [ 143.0, 49.8333334 ], [ 143.125, 49.8333334 ], [ 143.125, 49.9166667 ], [ 143.0, 49.9166667 ], [ 143.0, 49.8333334 ] ] ] } },
{ "type": "Feature", "properties": { "Id": 0, "Sheet_ID": "多來加湖近傍 18", "label": "多來加湖近傍 18", "call_short": null, "call_num": null, "recid": null, "websiteUrl": null, "title": null, "ckey": 0, "available": false, "iiifUrl": null }, "geometry": { "type": "Polygon", "coordinates": [ [ [ 143.125, 49.8333334 ], [ 143.25, 49.8333334 ], [ 143.25, 49.9166667 ], [ 143.125, 49.9166667 ], [ 143.125, 49.8333334 ] ] ] } },
{ "type": "Feature", "properties": { "Id": 0, "Sheet_ID": "多來加湖近傍 10", "label": "多來加湖近傍 10", "call_short": "G7330 S25 .J32", "call_num": "G7330 S25 .J32 G10", "recid": "zs101yr8177", "websiteUrl": "https://purl.stanford.edu/zs101yr8177", "title": "二万五千分一樺太空中寫眞測量要圖", "ckey": 12132727, "available": true, "iiifUrl": "https://purl.stanford.edu/zs101yr8177/iiif/manifest" }, "geometry": { "type": "Polygon", "coordinates": [ [ [ 143.25, 49.8333334 ], [ 143.375, 49.8333334 ], [ 143.375, 49.9166667 ], [ 143.25, 49.9166667 ], [ 143.25, 49.8333334 ] ] ] } },
{ "type": "Feature", "properties": { "Id": 0, "Sheet_ID": "多來加湖近傍 2", "label": "多來加湖近傍 2", "call_short": null, "call_num": null, "recid": null, "websiteUrl": null, "title": null, "ckey": 0, "available": false, "iiifUrl": null }, "geometry": { "type": "Polygon", "coordinates": [ [ [ 143.375, 49.8333334 ], [ 143.5, 49.8333334 ], [ 143.5, 49.9166667 ], [ 143.375, 49.9166667 ], [ 143.375, 49.8333334 ] ] ] } },
{ "type": "Feature", "properties": { "Id": 0, "Sheet_ID": "多來加湖近傍 25", "label": "多來加湖近傍 25", "call_short": "G7330 S25 .J32", "call_num": "G7330 S25 .J32 G25", "recid": "tm090nd1736", "websiteUrl": "https://purl.stanford.edu/tm090nd1736", "title": "二万五千分一樺太空中寫眞測量要圖", "ckey": 12132727, "available": true, "iiifUrl": "https://purl.stanford.edu/tm090nd1736/iiif/manifest" }, "geometry": { "type": "Polygon", "coordinates": [ [ [ 143.0, 49.9166667 ], [ 143.125, 49.9166667 ], [ 143.125, 50.0 ], [ 143.0, 50.0 ], [ 143.0, 49.9166667 ] ] ] } },
{ "type": "Feature", "properties": { "Id": 0, "Sheet_ID": "多來加湖近傍 17", "label": "多來加湖近傍 17", "call_short": null, "call_num": null, "recid": null, "websiteUrl": null, "title": null, "ckey": 0, "available": false, "iiifUrl": null }, "geometry": { "type": "Polygon", "coordinates": [ [ [ 143.125, 49.9166667 ], [ 143.25, 49.9166667 ], [ 143.25, 50.0 ], [ 143.125, 50.0 ], [ 143.125, 49.9166667 ] ] ] } },
{ "type": "Feature", "properties": { "Id": 0, "Sheet_ID": "多來加湖近傍 9", "label": "多來加湖近傍 9", "call_short": "G7330 S25 .J32", "call_num": "G7330 S25 .J32 G9", "recid": "hk349sj5574", "websiteUrl": "https://purl.stanford.edu/hk349sj5574", "title": "二万五千分一樺太空中寫眞測量要圖", "ckey": 12132727, "available": true, "iiifUrl": "https://purl.stanford.edu/hk349sj5574/iiif/manifest" }, "geometry": { "type": "Polygon", "coordinates": [ [ [ 143.25, 49.9166667 ], [ 143.375, 49.9166667 ], [ 143.375, 50.0 ], [ 143.25, 50.0 ], [ 143.25, 49.9166667 ] ] ] } },
{ "type": "Feature", "properties": { "Id": 0, "Sheet_ID": "多來加湖近傍 1", "label": "多來加湖近傍 1", "call_short": "G7330 S25 .J32", "call_num": "G7330 S25 .J32 G1", "recid": "zr411qj2791", "websiteUrl": "https://purl.stanford.edu/zr411qj2791", "title": "二万五千分一樺太空中寫眞測量要圖", "ckey": 12132727, "available": true, "iiifUrl": "https://purl.stanford.edu/zr411qj2791/iiif/manifest" }, "geometry": { "type": "Polygon", "coordinates": [ [ [ 143.375, 49.9166667 ], [ 143.5, 49.9166667 ], [ 143.5, 50.0 ], [ 143.375, 50.0 ], [ 143.375, 49.9166667 ] ] ] } },
{ "type": "Feature", "properties": { "Id": 0, "Sheet_ID": "保惠近傍 32", "label": "保惠近傍 32", "call_short": "G7330 S25 .J32", "call_num": "G7330 S25 .J32 I32", "recid": "zf325ny0323", "websiteUrl": "https://purl.stanford.edu/zf325ny0323", "title": "二万五千分一樺太空中寫眞測量要圖", "ckey": 12132727, "available": true, "iiifUrl": "https://purl.stanford.edu/zf325ny0323/iiif/manifest" }, "geometry": { "type": "Polygon", "coordinates": [ [ [ 142.5, 49.333333 ], [ 142.625, 49.333333 ], [ 142.625, 49.4166664 ], [ 142.5, 49.4166664 ], [ 142.5, 49.333333 ] ] ] } },
{ "type": "Feature", "properties": { "Id": 0, "Sheet_ID": "保惠近傍 24", "label": "保惠近傍 24", "call_short": "G7330 S25 .J32", "call_num": "G7330 S25 .J32 I24", "recid": "cc652gf3760", "websiteUrl": "https://purl.stanford.edu/cc652gf3760", "title": "二万五千分一樺太空中寫眞測量要圖", "ckey": 12132727, "available": true, "iiifUrl": "https://purl.stanford.edu/cc652gf3760/iiif/manifest" }, "geometry": { "type": "Polygon", "coordinates": [ [ [ 142.625, 49.333333 ], [ 142.75, 49.333333 ], [ 142.75, 49.4166664 ], [ 142.625, 49.4166664 ], [ 142.625, 49.333333 ] ] ] } },
{ "type": "Feature", "properties": { "Id": 0, "Sheet_ID": "保惠近傍 16", "label": "保惠近傍 16", "call_short": "G7330 S25 .J32", "call_num": "G7330 S25 .J32 I16", "recid": "zr373yz5862", "websiteUrl": "https://purl.stanford.edu/zr373yz5862", "title": "二万五千分一樺太空中寫眞測量要圖", "ckey": 12132727, "available": true, "iiifUrl": "https://purl.stanford.edu/zr373yz5862/iiif/manifest" }, "geometry": { "type": "Polygon", "coordinates": [ [ [ 142.75, 49.333333 ], [ 142.875, 49.333333 ], [ 142.875, 49.4166664 ], [ 142.75, 49.4166664 ], [ 142.75, 49.333333 ] ] ] } },
{ "type": "Feature", "properties": { "Id": 0, "Sheet_ID": "保惠近傍 8", "label": "保惠近傍 8", "call_short": "G7330 S25 .J32", "call_num": "G7330 S25 .J32 I8", "recid": "bb577dn5119", "websiteUrl": "https://purl.stanford.edu/bb577dn5119", "title": "二万五千分一樺太空中寫眞測量要圖", "ckey": 12132727, "available": true, "iiifUrl": "https://purl.stanford.edu/bb577dn5119/iiif/manifest" }, "geometry": { "type": "Polygon", "coordinates": [ [ [ 142.875, 49.333333 ], [ 143.0, 49.333333 ], [ 143.0, 49.4166664 ], [ 142.875, 49.4166664 ], [ 142.875, 49.333333 ] ] ] } },
{ "type": "Feature", "properties": { "Id": 0, "Sheet_ID": "保惠近傍 31", "label": "保惠近傍 31", "call_short": "G7330 S25 .J32", "call_num": "G7330 S25 .J32 I31", "recid": "xd465vn1214", "websiteUrl": "https://purl.stanford.edu/xd465vn1214", "title": "二万五千分一樺太空中寫眞測量要圖", "ckey": 12132727, "available": true, "iiifUrl": "https://purl.stanford.edu/xd465vn1214/iiif/manifest" }, "geometry": { "type": "Polygon", "coordinates": [ [ [ 142.5, 49.4166664 ], [ 142.625, 49.4166664 ], [ 142.625, 49.4999998 ], [ 142.5, 49.4999998 ], [ 142.5, 49.4166664 ] ] ] } },
{ "type": "Feature", "properties": { "Id": 0, "Sheet_ID": "保惠近傍 23", "label": "保惠近傍 23", "call_short": "G7330 S25 .J32", "call_num": "G7330 S25 .J32 I23", "recid": "dk162jk4831", "websiteUrl": "https://purl.stanford.edu/dk162jk4831", "title": "二万五千分一樺太空中寫眞測量要圖", "ckey": 12132727, "available": true, "iiifUrl": "https://purl.stanford.edu/dk162jk4831/iiif/manifest" }, "geometry": { "type": "Polygon", "coordinates": [ [ [ 142.625, 49.4166664 ], [ 142.75, 49.4166664 ], [ 142.75, 49.4999998 ], [ 142.625, 49.4999998 ], [ 142.625, 49.4166664 ] ] ] } },
{ "type": "Feature", "properties": { "Id": 0, "Sheet_ID": "保惠近傍 15", "label": "保惠近傍 15", "call_short": "G7330 S25 .J32", "call_num": "G7330 S25 .J32 I15", "recid": "hg418cj6884", "websiteUrl": "https://purl.stanford.edu/hg418cj6884", "title": "二万五千分一樺太空中寫眞測量要圖", "ckey": 12132727, "available": true, "iiifUrl": "https://purl.stanford.edu/hg418cj6884/iiif/manifest" }, "geometry": { "type": "Polygon", "coordinates": [ [ [ 142.75, 49.4166664 ], [ 142.875, 49.4166664 ], [ 142.875, 49.4999998 ], [ 142.75, 49.4999998 ], [ 142.75, 49.4166664 ] ] ] } },
{ "type": "Feature", "properties": { "Id": 0, "Sheet_ID": "保惠近傍 7", "label": "保惠近傍 7", "call_short": "G7330 S25 .J32", "call_num": "G7330 S25 .J32 I7", "recid": "jk397zm0589", "websiteUrl": "https://purl.stanford.edu/jk397zm0589", "title": "二万五千分一樺太空中寫眞測量要圖", "ckey": 12132727, "available": true, "iiifUrl": "https://purl.stanford.edu/jk397zm0589/iiif/manifest" }, "geometry": { "type": "Polygon", "coordinates": [ [ [ 142.875, 49.4166664 ], [ 143.0, 49.4166664 ], [ 143.0, 49.4999998 ], [ 142.875, 49.4999998 ], [ 142.875, 49.4166664 ] ] ] } },
{ "type": "Feature", "properties": { "Id": 0, "Sheet_ID": "保惠近傍 30", "label": "保惠近傍 30", "call_short": "G7330 S25 .J32", "call_num": "G7330 S25 .J32 I30", "recid": "hc707fn1210", "websiteUrl": "https://purl.stanford.edu/hc707fn1210", "title": "二万五千分一樺太空中寫眞測量要圖", "ckey": 12132727, "available": true, "iiifUrl": "https://purl.stanford.edu/hc707fn1210/iiif/manifest" }, "geometry": { "type": "Polygon", "coordinates": [ [ [ 142.5, 49.4999998 ], [ 142.625, 49.4999998 ], [ 142.625, 49.5833331 ], [ 142.5, 49.5833331 ], [ 142.5, 49.4999998 ] ] ] } },
{ "type": "Feature", "properties": { "Id": 0, "Sheet_ID": "保惠近傍 22", "label": "保惠近傍 22", "call_short": "G7330 S25 .J32", "call_num": "G7330 S25 .J32 I22", "recid": "sc416vf9895", "websiteUrl": "https://purl.stanford.edu/sc416vf9895", "title": "二万五千分一樺太空中寫眞測量要圖", "ckey": 12132727, "available": true, "iiifUrl": "https://purl.stanford.edu/sc416vf9895/iiif/manifest" }, "geometry": { "type": "Polygon", "coordinates": [ [ [ 142.625, 49.4999998 ], [ 142.75, 49.4999998 ], [ 142.75, 49.5833331 ], [ 142.625, 49.5833331 ], [ 142.625, 49.4999998 ] ] ] } },
{ "type": "Feature", "properties": { "Id": 0, "Sheet_ID": "保惠近傍 14", "label": "保惠近傍 14", "call_short": "G7330 S25 .J32", "call_num": "G7330 S25 .J32 I14", "recid": "td192nt4244", "websiteUrl": "https://purl.stanford.edu/td192nt4244", "title": "二万五千分一樺太空中寫眞測量要圖", "ckey": 12132727, "available": true, "iiifUrl": "https://purl.stanford.edu/td192nt4244/iiif/manifest" }, "geometry": { "type": "Polygon", "coordinates": [ [ [ 142.75, 49.4999998 ], [ 142.875, 49.4999998 ], [ 142.875, 49.5833331 ], [ 142.75, 49.5833331 ], [ 142.75, 49.4999998 ] ] ] } },
{ "type": "Feature", "properties": { "Id": 0, "Sheet_ID": "保惠近傍 6", "label": "保惠近傍 6", "call_short": "G7330 S25 .J32", "call_num": "G7330 S25 .J32 I6", "recid": "nr674mh4755", "websiteUrl": "https://purl.stanford.edu/nr674mh4755", "title": "二万五千分一樺太空中寫眞測量要圖", "ckey": 12132727, "available": true, "iiifUrl": "https://purl.stanford.edu/nr674mh4755/iiif/manifest" }, "geometry": { "type": "Polygon", "coordinates": [ [ [ 142.875, 49.4999998 ], [ 143.0, 49.4999998 ], [ 143.0, 49.5833331 ], [ 142.875, 49.5833331 ], [ 142.875, 49.4999998 ] ] ] } },
{ "type": "Feature", "properties": { "Id": 0, "Sheet_ID": "保惠近傍 29", "label": "保惠近傍 29", "call_short": "G7330 S25 .J32", "call_num": "G7330 S25 .J32 I29", "recid": "ff412bq2639", "websiteUrl": "https://purl.stanford.edu/ff412bq2639", "title": "二万五千分一樺太空中寫眞測量要圖", "ckey": 12132727, "available": true, "iiifUrl": "https://purl.stanford.edu/ff412bq2639/iiif/manifest" }, "geometry": { "type": "Polygon", "coordinates": [ [ [ 142.5, 49.5833331 ], [ 142.625, 49.5833331 ], [ 142.625, 49.6666665 ], [ 142.5, 49.6666665 ], [ 142.5, 49.5833331 ] ] ] } },
{ "type": "Feature", "properties": { "Id": 0, "Sheet_ID": "保惠近傍 21", "label": "保惠近傍 21", "call_short": "G7330 S25 .J32", "call_num": "G7330 S25 .J32 I21", "recid": "by113dm6633", "websiteUrl": "https://purl.stanford.edu/by113dm6633", "title": "二万五千分一樺太空中寫眞測量要圖", "ckey": 12132727, "available": true, "iiifUrl": "https://purl.stanford.edu/by113dm6633/iiif/manifest" }, "geometry": { "type": "Polygon", "coordinates": [ [ [ 142.625, 49.5833331 ], [ 142.75, 49.5833331 ], [ 142.75, 49.6666665 ], [ 142.625, 49.6666665 ], [ 142.625, 49.5833331 ] ] ] } },
{ "type": "Feature", "properties": { "Id": 0, "Sheet_ID": "保惠近傍 13", "label": "保惠近傍 13", "call_short": "G7330 S25 .J32", "call_num": "G7330 S25 .J32 I13", "recid": "dd154ww2950", "websiteUrl": "https://purl.stanford.edu/dd154ww2950", "title": "二万五千分一樺太空中寫眞測量要圖", "ckey": 12132727, "available": true, "iiifUrl": "https://purl.stanford.edu/dd154ww2950/iiif/manifest" }, "geometry": { "type": "Polygon", "coordinates": [ [ [ 142.75, 49.5833331 ], [ 142.875, 49.5833331 ], [ 142.875, 49.6666665 ], [ 142.75, 49.6666665 ], [ 142.75, 49.5833331 ] ] ] } },
{ "type": "Feature", "properties": { "Id": 0, "Sheet_ID": "保惠近傍 5", "label": "保惠近傍 5", "call_short": "G7330 S25 .J32", "call_num": "G7330 S25 .J32 I5", "recid": "xj477vj9657", "websiteUrl": "https://purl.stanford.edu/xj477vj9657", "title": "二万五千分一樺太空中寫眞測量要圖", "ckey": 12132727, "available": true, "iiifUrl": "https://purl.stanford.edu/xj477vj9657/iiif/manifest" }, "geometry": { "type": "Polygon", "coordinates": [ [ [ 142.875, 49.5833331 ], [ 143.0, 49.5833331 ], [ 143.0, 49.6666665 ], [ 142.875, 49.6666665 ], [ 142.875, 49.5833331 ] ] ] } },
{ "type": "Feature", "properties": { "Id": 0, "Sheet_ID": "保惠近傍 28", "label": "保惠近傍 28", "call_short": "G7330 S25 .J32", "call_num": "G7330 S25 .J32 I28", "recid": "dg596yw2899", "websiteUrl": "https://purl.stanford.edu/dg596yw2899", "title": "二万五千分一樺太空中寫眞測量要圖", "ckey": 12132727, "available": true, "iiifUrl": "https://purl.stanford.edu/dg596yw2899/iiif/manifest" }, "geometry": { "type": "Polygon", "coordinates": [ [ [ 142.5, 49.6666665 ], [ 142.625, 49.6666665 ], [ 142.625, 49.7499999 ], [ 142.5, 49.7499999 ], [ 142.5, 49.6666665 ] ] ] } },
{ "type": "Feature", "properties": { "Id": 0, "Sheet_ID": "保惠近傍 20", "label": "保惠近傍 20", "call_short": "G7330 S25 .J32", "call_num": "G7330 S25 .J32 I20", "recid": "xg093xq8808", "websiteUrl": "https://purl.stanford.edu/xg093xq8808", "title": "二万五千分一樺太空中寫眞測量要圖", "ckey": 12132727, "available": true, "iiifUrl": "https://purl.stanford.edu/xg093xq8808/iiif/manifest" }, "geometry": { "type": "Polygon", "coordinates": [ [ [ 142.625, 49.6666665 ], [ 142.75, 49.6666665 ], [ 142.75, 49.7499999 ], [ 142.625, 49.7499999 ], [ 142.625, 49.6666665 ] ] ] } },
{ "type": "Feature", "properties": { "Id": 0, "Sheet_ID": "保惠近傍 12", "label": "保惠近傍 12", "call_short": "G7330 S25 .J32", "call_num": "G7330 S25 .J32 I12", "recid": "px331qp2848", "websiteUrl": "https://purl.stanford.edu/px331qp2848", "title": "二万五千分一樺太空中寫眞測量要圖", "ckey": 12132727, "available": true, "iiifUrl": "https://purl.stanford.edu/px331qp2848/iiif/manifest" }, "geometry": { "type": "Polygon", "coordinates": [ [ [ 142.75, 49.6666665 ], [ 142.875, 49.6666665 ], [ 142.875, 49.7499999 ], [ 142.75, 49.7499999 ], [ 142.75, 49.6666665 ] ] ] } },
{ "type": "Feature", "properties": { "Id": 0, "Sheet_ID": "保惠近傍 4", "label": "保惠近傍 4", "call_short": "G7330 S25 .J32", "call_num": "G7330 S25 .J32 I4", "recid": "pc691gq7078", "websiteUrl": "https://purl.stanford.edu/pc691gq7078", "title": "二万五千分一樺太空中寫眞測量要圖", "ckey": 12132727, "available": true, "iiifUrl": "https://purl.stanford.edu/pc691gq7078/iiif/manifest" }, "geometry": { "type": "Polygon", "coordinates": [ [ [ 142.875, 49.6666665 ], [ 143.0, 49.6666665 ], [ 143.0, 49.7499999 ], [ 142.875, 49.7499999 ], [ 142.875, 49.6666665 ] ] ] } },
{ "type": "Feature", "properties": { "Id": 0, "Sheet_ID": "保惠近傍 27", "label": "保惠近傍 27", "call_short": "G7330 S25 .J32", "call_num": "G7330 S25 .J32 I27", "recid": "rx577zm1678", "websiteUrl": "https://purl.stanford.edu/rx577zm1678", "title": "二万五千分一樺太空中寫眞測量要圖", "ckey": 12132727, "available": true, "iiifUrl": "https://purl.stanford.edu/rx577zm1678/iiif/manifest" }, "geometry": { "type": "Polygon", "coordinates": [ [ [ 142.5, 49.7499999 ], [ 142.625, 49.7499999 ], [ 142.625, 49.8333333 ], [ 142.5, 49.8333333 ], [ 142.5, 49.7499999 ] ] ] } },
{ "type": "Feature", "properties": { "Id": 0, "Sheet_ID": "保惠近傍 19", "label": "保惠近傍 19", "call_short": "G7330 S25 .J32", "call_num": "G7330 S25 .J32 I19", "recid": "xr509hy7044", "websiteUrl": "https://purl.stanford.edu/xr509hy7044", "title": "二万五千分一樺太空中寫眞測量要圖", "ckey": 12132727, "available": true, "iiifUrl": "https://purl.stanford.edu/xr509hy7044/iiif/manifest" }, "geometry": { "type": "Polygon", "coordinates": [ [ [ 142.625, 49.7499999 ], [ 142.75, 49.7499999 ], [ 142.75, 49.8333333 ], [ 142.625, 49.8333333 ], [ 142.625, 49.7499999 ] ] ] } },
{ "type": "Feature", "properties": { "Id": 0, "Sheet_ID": "保惠近傍 11", "label": "保惠近傍 11", "call_short": "G7330 S25 .J32", "call_num": "G7330 S25 .J32 I11", "recid": "mz632hc5335", "websiteUrl": "https://purl.stanford.edu/mz632hc5335", "title": "二万五千分一樺太空中寫眞測量要圖", "ckey": 12132727, "available": true, "iiifUrl": "https://purl.stanford.edu/mz632hc5335/iiif/manifest" }, "geometry": { "type": "Polygon", "coordinates": [ [ [ 142.75, 49.7499999 ], [ 142.875, 49.7499999 ], [ 142.875, 49.8333333 ], [ 142.75, 49.8333333 ], [ 142.75, 49.7499999 ] ] ] } },
{ "type": "Feature", "properties": { "Id": 0, "Sheet_ID": "保惠近傍 3", "label": "保惠近傍 3", "call_short": "G7330 S25 .J32", "call_num": "G7330 S25 .J32 I3", "recid": "hf372gp2031", "websiteUrl": "https://purl.stanford.edu/hf372gp2031", "title": "二万五千分一樺太空中寫眞測量要圖", "ckey": 12132727, "available": true, "iiifUrl": "https://purl.stanford.edu/hf372gp2031/iiif/manifest" }, "geometry": { "type": "Polygon", "coordinates": [ [ [ 142.875, 49.7499999 ], [ 143.0, 49.7499999 ], [ 143.0, 49.8333333 ], [ 142.875, 49.8333333 ], [ 142.875, 49.7499999 ] ] ] } },
{ "type": "Feature", "properties": { "Id": 0, "Sheet_ID": "保惠近傍 26", "label": "保惠近傍 26", "call_short": "G7330 S25 .J32", "call_num": "G7330 S25 .J32 I26", "recid": "mn392sy1307", "websiteUrl": "https://purl.stanford.edu/mn392sy1307", "title": "二万五千分一樺太空中寫眞測量要圖", "ckey": 12132727, "available": true, "iiifUrl": "https://purl.stanford.edu/mn392sy1307/iiif/manifest" }, "geometry": { "type": "Polygon", "coordinates": [ [ [ 142.5, 49.8333333 ], [ 142.625, 49.8333333 ], [ 142.625, 49.9166666 ], [ 142.5, 49.9166666 ], [ 142.5, 49.8333333 ] ] ] } },
{ "type": "Feature", "properties": { "Id": 0, "Sheet_ID": "保惠近傍 18", "label": "保惠近傍 18", "call_short": null, "call_num": null, "recid": null, "websiteUrl": null, "title": null, "ckey": 0, "available": false, "iiifUrl": null }, "geometry": { "type": "Polygon", "coordinates": [ [ [ 142.625, 49.8333333 ], [ 142.75, 49.8333333 ], [ 142.75, 49.9166666 ], [ 142.625, 49.9166666 ], [ 142.625, 49.8333333 ] ] ] } },
{ "type": "Feature", "properties": { "Id": 0, "Sheet_ID": "保惠近傍 10", "label": "保惠近傍 10", "call_short": "G7330 S25 .J32", "call_num": "G7330 S25 .J32 I10", "recid": "np709vp1709", "websiteUrl": "https://purl.stanford.edu/np709vp1709", "title": "二万五千分一樺太空中寫眞測量要圖", "ckey": 12132727, "available": true, "iiifUrl": "https://purl.stanford.edu/np709vp1709/iiif/manifest" }, "geometry": { "type": "Polygon", "coordinates": [ [ [ 142.75, 49.8333333 ], [ 142.875, 49.8333333 ], [ 142.875, 49.9166666 ], [ 142.75, 49.9166666 ], [ 142.75, 49.8333333 ] ] ] } },
{ "type": "Feature", "properties": { "Id": 0, "Sheet_ID": "保惠近傍 2", "label": "保惠近傍 2", "call_short": "G7330 S25 .J32", "call_num": "G7330 S25 .J32 I2", "recid": "xr616kw6718", "websiteUrl": "https://purl.stanford.edu/xr616kw6718", "title": "二万五千分一樺太空中寫眞測量要圖", "ckey": 12132727, "available": true, "iiifUrl": "https://purl.stanford.edu/xr616kw6718/iiif/manifest" }, "geometry": { "type": "Polygon", "coordinates": [ [ [ 142.875, 49.8333333 ], [ 143.0, 49.8333333 ], [ 143.0, 49.9166666 ], [ 142.875, 49.9166666 ], [ 142.875, 49.8333333 ] ] ] } },
{ "type": "Feature", "properties": { "Id": 0, "Sheet_ID": "保惠近傍 25", "label": "保惠近傍 25", "call_short": null, "call_num": null, "recid": null, "websiteUrl": null, "title": null, "ckey": 0, "available": false, "iiifUrl": null }, "geometry": { "type": "Polygon", "coordinates": [ [ [ 142.5, 49.9166666 ], [ 142.625, 49.9166666 ], [ 142.625, 50.0 ], [ 142.5, 50.0 ], [ 142.5, 49.9166666 ] ] ] } },
{ "type": "Feature", "properties": { "Id": 0, "Sheet_ID": "保惠近傍 17", "label": "保惠近傍 17", "call_short": null, "call_num": null, "recid": null, "websiteUrl": null, "title": null, "ckey": 0, "available": false, "iiifUrl": null }, "geometry": { "type": "Polygon", "coordinates": [ [ [ 142.625, 49.9166666 ], [ 142.75, 49.9166666 ], [ 142.75, 50.0 ], [ 142.625, 50.0 ], [ 142.625, 49.9166666 ] ] ] } },
{ "type": "Feature", "properties": { "Id": 0, "Sheet_ID": "保惠近傍 9", "label": "保惠近傍 9", "call_short": "G7330 S25 .J32", "call_num": "G7330 S25 .J32 I9", "recid": "bt229xb1628", "websiteUrl": "https://purl.stanford.edu/bt229xb1628", "title": "二万五千分一樺太空中寫眞測量要圖", "ckey": 12132727, "available": true, "iiifUrl": "https://purl.stanford.edu/bt229xb1628/iiif/manifest" }, "geometry": { "type": "Polygon", "coordinates": [ [ [ 142.75, 49.9166666 ], [ 142.875, 49.9166666 ], [ 142.875, 50.0 ], [ 142.75, 50.0 ], [ 142.75, 49.9166666 ] ] ] } },
{ "type": "Feature", "properties": { "Id": 0, "Sheet_ID": "保惠近傍 1", "label": "保惠近傍 1", "call_short": "G7330 S25 .J32", "call_num": "G7330 S25 .J32 I1", "recid": "gf992nq7496", "websiteUrl": "https://purl.stanford.edu/gf992nq7496", "title": "二万五千分一樺太空中寫眞測量要圖", "ckey": 12132727, "available": true, "iiifUrl": "https://purl.stanford.edu/gf992nq7496/iiif/manifest" }, "geometry": { "type": "Polygon", "coordinates": [ [ [ 142.875, 49.9166666 ], [ 143.0, 49.9166666 ], [ 143.0, 50.0 ], [ 142.875, 50.0 ], [ 142.875, 49.9166666 ] ] ] } },
{ "type": "Feature", "properties": { "Id": 0, "Sheet_ID": "内路近傍 32", "label": "内路近傍 32", "call_short": "G7330 S25 .J32", "call_num": "G7330 S25 .J32 J32", "recid": "vm165jg5621", "websiteUrl": "https://purl.stanford.edu/vm165jg5621", "title": "二万五千分一樺太空中寫眞測量要圖", "ckey": 12132727, "available": true, "iiifUrl": "https://purl.stanford.edu/vm165jg5621/iiif/manifest" }, "geometry": { "type": "Polygon", "coordinates": [ [ [ 142.5, 48.666667 ], [ 142.625, 48.666667 ], [ 142.625, 48.7500002 ], [ 142.5, 48.7500002 ], [ 142.5, 48.666667 ] ] ] } },
{ "type": "Feature", "properties": { "Id": 0, "Sheet_ID": "内路近傍 24", "label": "内路近傍 24", "call_short": "G7330 S25 .J32", "call_num": "G7330 S25 .J32 J24", "recid": "bb245xr3174", "websiteUrl": "https://purl.stanford.edu/bb245xr3174", "title": "二万五千分一樺太空中寫眞測量要圖", "ckey": 12132727, "available": true, "iiifUrl": "https://purl.stanford.edu/bb245xr3174/iiif/manifest" }, "geometry": { "type": "Polygon", "coordinates": [ [ [ 142.625, 48.666667 ], [ 142.75, 48.666667 ], [ 142.75, 48.7500002 ], [ 142.625, 48.7500002 ], [ 142.625, 48.666667 ] ] ] } },
{ "type": "Feature", "properties": { "Id": 0, "Sheet_ID": "内路近傍 16", "label": "内路近傍 16", "call_short": "G7330 S25 .J32", "call_num": "G7330 S25 .J32 J16", "recid": "qh253mg5040", "websiteUrl": "https://purl.stanford.edu/qh253mg5040", "title": "二万五千分一樺太空中寫眞測量要圖", "ckey": 12132727, "available": true, "iiifUrl": "https://purl.stanford.edu/qh253mg5040/iiif/manifest" }, "geometry": { "type": "Polygon", "coordinates": [ [ [ 142.75, 48.666667 ], [ 142.875, 48.666667 ], [ 142.875, 48.7500002 ], [ 142.75, 48.7500002 ], [ 142.75, 48.666667 ] ] ] } },
{ "type": "Feature", "properties": { "Id": 0, "Sheet_ID": "内路近傍 31", "label": "内路近傍 31", "call_short": "G7330 S25 .J32", "call_num": "G7330 S25 .J32 J31", "recid": "gx789xx9626", "websiteUrl": "https://purl.stanford.edu/gx789xx9626", "title": "二万五千分一樺太空中寫眞測量要圖", "ckey": 12132727, "available": true, "iiifUrl": "https://purl.stanford.edu/gx789xx9626/iiif/manifest" }, "geometry": { "type": "Polygon", "coordinates": [ [ [ 142.5, 48.7500002 ], [ 142.625, 48.7500002 ], [ 142.625, 48.8333335 ], [ 142.5, 48.8333335 ], [ 142.5, 48.7500002 ] ] ] } },
{ "type": "Feature", "properties": { "Id": 0, "Sheet_ID": "内路近傍 23", "label": "内路近傍 23", "call_short": "G7330 S25 .J32", "call_num": "G7330 S25 .J32 J23", "recid": "nj149sq4371", "websiteUrl": "https://purl.stanford.edu/nj149sq4371", "title": "二万五千分一樺太空中寫眞測量要圖", "ckey": 12132727, "available": true, "iiifUrl": "https://purl.stanford.edu/nj149sq4371/iiif/manifest" }, "geometry": { "type": "Polygon", "coordinates": [ [ [ 142.625, 48.7500002 ], [ 142.75, 48.7500002 ], [ 142.75, 48.8333335 ], [ 142.625, 48.8333335 ], [ 142.625, 48.7500002 ] ] ] } },
{ "type": "Feature", "properties": { "Id": 0, "Sheet_ID": "内路近傍 15", "label": "内路近傍 15", "call_short": "G7330 S25 .J32", "call_num": "G7330 S25 .J32 J15", "recid": "kw646vn7507", "websiteUrl": "https://purl.stanford.edu/kw646vn7507", "title": "二万五千分一樺太空中寫眞測量要圖", "ckey": 12132727, "available": true, "iiifUrl": "https://purl.stanford.edu/kw646vn7507/iiif/manifest" }, "geometry": { "type": "Polygon", "coordinates": [ [ [ 142.75, 48.7500002 ], [ 142.875, 48.7500002 ], [ 142.875, 48.8333335 ], [ 142.75, 48.8333335 ], [ 142.75, 48.7500002 ] ] ] } },
{ "type": "Feature", "properties": { "Id": 0, "Sheet_ID": "内路近傍 7", "label": "内路近傍 7", "call_short": "G7330 S25 .J32", "call_num": "G7330 S25 .J32 J7", "recid": "xm928xv8486", "websiteUrl": "https://purl.stanford.edu/xm928xv8486", "title": "二万五千分一樺太空中寫眞測量要圖", "ckey": 12132727, "available": true, "iiifUrl": "https://purl.stanford.edu/xm928xv8486/iiif/manifest" }, "geometry": { "type": "Polygon", "coordinates": [ [ [ 142.875, 48.7500002 ], [ 143.0, 48.7500002 ], [ 143.0, 48.8333335 ], [ 142.875, 48.8333335 ], [ 142.875, 48.7500002 ] ] ] } },
{ "type": "Feature", "properties": { "Id": 0, "Sheet_ID": "内路近傍 30", "label": "内路近傍 30", "call_short": "G7330 S25 .J32", "call_num": "G7330 S25 .J32 J30", "recid": "yz162gm3777", "websiteUrl": "https://purl.stanford.edu/yz162gm3777", "title": "二万五千分一樺太空中寫眞測量要圖", "ckey": 12132727, "available": true, "iiifUrl": "https://purl.stanford.edu/yz162gm3777/iiif/manifest" }, "geometry": { "type": "Polygon", "coordinates": [ [ [ 142.5, 48.8333335 ], [ 142.625, 48.8333335 ], [ 142.625, 48.9166667 ], [ 142.5, 48.9166667 ], [ 142.5, 48.8333335 ] ] ] } },
{ "type": "Feature", "properties": { "Id": 0, "Sheet_ID": "内路近傍 22", "label": "内路近傍 22", "call_short": "G7330 S25 .J32", "call_num": "G7330 S25 .J32 J22", "recid": "kd571wg2684", "websiteUrl": "https://purl.stanford.edu/kd571wg2684", "title": "二万五千分一樺太空中寫眞測量要圖", "ckey": 12132727, "available": true, "iiifUrl": "https://purl.stanford.edu/kd571wg2684/iiif/manifest" }, "geometry": { "type": "Polygon", "coordinates": [ [ [ 142.625, 48.8333335 ], [ 142.75, 48.8333335 ], [ 142.75, 48.9166667 ], [ 142.625, 48.9166667 ], [ 142.625, 48.8333335 ] ] ] } },
{ "type": "Feature", "properties": { "Id": 0, "Sheet_ID": "内路近傍 14", "label": "内路近傍 14", "call_short": "G7330 S25 .J32", "call_num": "G7330 S25 .J32 J14", "recid": "mt831fp4107", "websiteUrl": "https://purl.stanford.edu/mt831fp4107", "title": "二万五千分一樺太空中寫眞測量要圖", "ckey": 12132727, "available": true, "iiifUrl": "https://purl.stanford.edu/mt831fp4107/iiif/manifest" }, "geometry": { "type": "Polygon", "coordinates": [ [ [ 142.75, 48.8333335 ], [ 142.875, 48.8333335 ], [ 142.875, 48.9166667 ], [ 142.75, 48.9166667 ], [ 142.75, 48.8333335 ] ] ] } },
{ "type": "Feature", "properties": { "Id": 0, "Sheet_ID": "内路近傍 6", "label": "内路近傍 6", "call_short": "G7330 S25 .J32", "call_num": "G7330 S25 .J32 J6", "recid": "fn300sh4695", "websiteUrl": "https://purl.stanford.edu/fn300sh4695", "title": "二万五千分一樺太空中寫眞測量要圖", "ckey": 12132727, "available": true, "iiifUrl": "https://purl.stanford.edu/fn300sh4695/iiif/manifest" }, "geometry": { "type": "Polygon", "coordinates": [ [ [ 142.875, 48.8333335 ], [ 143.0, 48.8333335 ], [ 143.0, 48.9166667 ], [ 142.875, 48.9166667 ], [ 142.875, 48.8333335 ] ] ] } },
{ "type": "Feature", "properties": { "Id": 0, "Sheet_ID": "内路近傍 29", "label": "内路近傍 29", "call_short": "G7330 S25 .J32", "call_num": "G7330 S25 .J32 J29", "recid": "js638fm5840", "websiteUrl": "https://purl.stanford.edu/js638fm5840", "title": "二万五千分一樺太空中寫眞測量要圖", "ckey": 12132727, "available": true, "iiifUrl": "https://purl.stanford.edu/js638fm5840/iiif/manifest" }, "geometry": { "type": "Polygon", "coordinates": [ [ [ 142.5, 48.9166667 ], [ 142.625, 48.9166667 ], [ 142.625, 49.0 ], [ 142.5, 49.0 ], [ 142.5, 48.9166667 ] ] ] } },
{ "type": "Feature", "properties": { "Id": 0, "Sheet_ID": "内路近傍 21", "label": "内路近傍 21", "call_short": "G7330 S25 .J32", "call_num": "G7330 S25 .J32 J21", "recid": "vw443cw7785", "websiteUrl": "https://purl.stanford.edu/vw443cw7785", "title": "二万五千分一樺太空中寫眞測量要圖", "ckey": 12132727, "available": true, "iiifUrl": "https://purl.stanford.edu/vw443cw7785/iiif/manifest" }, "geometry": { "type": "Polygon", "coordinates": [ [ [ 142.625, 48.9166667 ], [ 142.75, 48.9166667 ], [ 142.75, 49.0 ], [ 142.625, 49.0 ], [ 142.625, 48.9166667 ] ] ] } },
{ "type": "Feature", "properties": { "Id": 0, "Sheet_ID": "内路近傍 13", "label": "内路近傍 13", "call_short": "G7330 S25 .J32", "call_num": "G7330 S25 .J32 J13", "recid": "vk929gc5423", "websiteUrl": "https://purl.stanford.edu/vk929gc5423", "title": "二万五千分一樺太空中寫眞測量要圖", "ckey": 12132727, "available": true, "iiifUrl": "https://purl.stanford.edu/vk929gc5423/iiif/manifest" }, "geometry": { "type": "Polygon", "coordinates": [ [ [ 142.75, 48.9166667 ], [ 142.875, 48.9166667 ], [ 142.875, 49.0 ], [ 142.75, 49.0 ], [ 142.75, 48.9166667 ] ] ] } },
{ "type": "Feature", "properties": { "Id": 0, "Sheet_ID": "内路近傍 5", "label": "内路近傍 5", "call_short": "G7330 S25 .J32", "call_num": "G7330 S25 .J32 J5", "recid": "qv612dh5698", "websiteUrl": "https://purl.stanford.edu/qv612dh5698", "title": "二万五千分一樺太空中寫眞測量要圖", "ckey": 12132727, "available": true, "iiifUrl": "https://purl.stanford.edu/qv612dh5698/iiif/manifest" }, "geometry": { "type": "Polygon", "coordinates": [ [ [ 142.875, 48.9166667 ], [ 143.0, 48.9166667 ], [ 143.0, 49.0 ], [ 142.875, 49.0 ], [ 142.875, 48.9166667 ] ] ] } },
{ "type": "Feature", "properties": { "Id": 0, "Sheet_ID": "内路近傍 28", "label": "内路近傍 28", "call_short": "G7330 S25 .J32", "call_num": "G7330 S25 .J32 J28", "recid": "dx193wp5921", "websiteUrl": "https://purl.stanford.edu/dx193wp5921", "title": "二万五千分一樺太空中寫眞測量要圖", "ckey": 12132727, "available": true, "iiifUrl": "https://purl.stanford.edu/dx193wp5921/iiif/manifest" }, "geometry": { "type": "Polygon", "coordinates": [ [ [ 142.5, 49.0 ], [ 142.625, 49.0 ], [ 142.625, 49.0833333 ], [ 142.5, 49.0833333 ], [ 142.5, 49.0 ] ] ] } },
{ "type": "Feature", "properties": { "Id": 0, "Sheet_ID": "内路近傍 20", "label": "内路近傍 20", "call_short": "G7330 S25 .J32", "call_num": "G7330 S25 .J32 J20", "recid": "dt761qn3067", "websiteUrl": "https://purl.stanford.edu/dt761qn3067", "title": "二万五千分一樺太空中寫眞測量要圖", "ckey": 12132727, "available": true, "iiifUrl": "https://purl.stanford.edu/dt761qn3067/iiif/manifest" }, "geometry": { "type": "Polygon", "coordinates": [ [ [ 142.625, 49.0 ], [ 142.75, 49.0 ], [ 142.75, 49.0833333 ], [ 142.625, 49.0833333 ], [ 142.625, 49.0 ] ] ] } },
{ "type": "Feature", "properties": { "Id": 0, "Sheet_ID": "内路近傍 12", "label": "内路近傍 12", "call_short": "G7330 S25 .J32", "call_num": "G7330 S25 .J32 J12", "recid": "xr568fc4238", "websiteUrl": "https://purl.stanford.edu/xr568fc4238", "title": "二万五千分一樺太空中寫眞測量要圖", "ckey": 12132727, "available": true, "iiifUrl": "https://purl.stanford.edu/xr568fc4238/iiif/manifest" }, "geometry": { "type": "Polygon", "coordinates": [ [ [ 142.75, 49.0 ], [ 142.875, 49.0 ], [ 142.875, 49.0833333 ], [ 142.75, 49.0833333 ], [ 142.75, 49.0 ] ] ] } },
{ "type": "Feature", "properties": { "Id": 0, "Sheet_ID": "内路近傍 4", "label": "内路近傍 4", "call_short": "G7330 S25 .J32", "call_num": "G7330 S25 .J32 J4", "recid": "vq075bp1496", "websiteUrl": "https://purl.stanford.edu/vq075bp1496", "title": "二万五千分一樺太空中寫眞測量要圖", "ckey": 12132727, "available": true, "iiifUrl": "https://purl.stanford.edu/vq075bp1496/iiif/manifest" }, "geometry": { "type": "Polygon", "coordinates": [ [ [ 142.875, 49.0 ], [ 143.0, 49.0 ], [ 143.0, 49.0833333 ], [ 142.875, 49.0833333 ], [ 142.875, 49.0 ] ] ] } },
{ "type": "Feature", "properties": { "Id": 0, "Sheet_ID": "内路近傍 27", "label": "内路近傍 27", "call_short": "G7330 S25 .J32", "call_num": "G7330 S25 .J32 J27", "recid": "wd312hq3293", "websiteUrl": "https://purl.stanford.edu/wd312hq3293", "title": "二万五千分一樺太空中寫眞測量要圖", "ckey": 12132727, "available": true, "iiifUrl": "https://purl.stanford.edu/wd312hq3293/iiif/manifest" }, "geometry": { "type": "Polygon", "coordinates": [ [ [ 142.5, 49.0833333 ], [ 142.625, 49.0833333 ], [ 142.625, 49.1666665 ], [ 142.5, 49.1666665 ], [ 142.5, 49.0833333 ] ] ] } },
{ "type": "Feature", "properties": { "Id": 0, "Sheet_ID": "内路近傍 19", "label": "内路近傍 19", "call_short": "G7330 S25 .J32", "call_num": "G7330 S25 .J32 J19", "recid": "tc159jj2634", "websiteUrl": "https://purl.stanford.edu/tc159jj2634", "title": "二万五千分一樺太空中寫眞測量要圖", "ckey": 12132727, "available": true, "iiifUrl": "https://purl.stanford.edu/tc159jj2634/iiif/manifest" }, "geometry": { "type": "Polygon", "coordinates": [ [ [ 142.625, 49.0833333 ], [ 142.75, 49.0833333 ], [ 142.75, 49.1666665 ], [ 142.625, 49.1666665 ], [ 142.625, 49.0833333 ] ] ] } },
{ "type": "Feature", "properties": { "Id": 0, "Sheet_ID": "内路近傍 11", "label": "内路近傍 11", "call_short": "G7330 S25 .J32", "call_num": "G7330 S25 .J32 J11", "recid": "th719qq3613", "websiteUrl": "https://purl.stanford.edu/th719qq3613", "title": "二万五千分一樺太空中寫眞測量要圖", "ckey": 12132727, "available": true, "iiifUrl": "https://purl.stanford.edu/th719qq3613/iiif/manifest" }, "geometry": { "type": "Polygon", "coordinates": [ [ [ 142.75, 49.0833333 ], [ 142.875, 49.0833333 ], [ 142.875, 49.1666665 ], [ 142.75, 49.1666665 ], [ 142.75, 49.0833333 ] ] ] } },
{ "type": "Feature", "properties": { "Id": 0, "Sheet_ID": "内路近傍 3", "label": "内路近傍 3", "call_short": "G7330 S25 .J32", "call_num": "G7330 S25 .J32 J3", "recid": "cd668ht2605", "websiteUrl": "https://purl.stanford.edu/cd668ht2605", "title": "二万五千分一樺太空中寫眞測量要圖", "ckey": 12132727, "available": true, "iiifUrl": "https://purl.stanford.edu/cd668ht2605/iiif/manifest" }, "geometry": { "type": "Polygon", "coordinates": [ [ [ 142.875, 49.0833333 ], [ 143.03, 49.0833333 ], [ 143.03, 49.1666665 ], [ 142.875, 49.1666665 ], [ 142.875, 49.0833333 ] ] ] } },
{ "type": "Feature", "properties": { "Id": 0, "Sheet_ID": "内路近傍 26", "label": "内路近傍 26", "call_short": "G7330 S25 .J32", "call_num": "G7330 S25 .J32 J26", "recid": "cp407vf6483", "websiteUrl": "https://purl.stanford.edu/cp407vf6483", "title": "二万五千分一樺太空中寫眞測量要圖", "ckey": 12132727, "available": true, "iiifUrl": "https://purl.stanford.edu/cp407vf6483/iiif/manifest" }, "geometry": { "type": "Polygon", "coordinates": [ [ [ 142.5, 49.1666665 ], [ 142.625, 49.1666665 ], [ 142.625, 49.2499998 ], [ 142.5, 49.2499998 ], [ 142.5, 49.1666665 ] ] ] } },
{ "type": "Feature", "properties": { "Id": 0, "Sheet_ID": "内路近傍 18", "label": "内路近傍 18", "call_short": "G7330 S25 .J32", "call_num": "G7330 S25 .J32 J18", "recid": "my836kr2743", "websiteUrl": "https://purl.stanford.edu/my836kr2743", "title": "二万五千分一樺太空中寫眞測量要圖", "ckey": 12132727, "available": true, "iiifUrl": "https://purl.stanford.edu/my836kr2743/iiif/manifest" }, "geometry": { "type": "Polygon", "coordinates": [ [ [ 142.625, 49.1666665 ], [ 142.75, 49.1666665 ], [ 142.75, 49.2499998 ], [ 142.625, 49.2499998 ], [ 142.625, 49.1666665 ] ] ] } },
{ "type": "Feature", "properties": { "Id": 0, "Sheet_ID": "内路近傍 10", "label": "内路近傍 10", "call_short": "G7330 S25 .J32", "call_num": "G7330 S25 .J32 J10", "recid": "kn838sr1425", "websiteUrl": "https://purl.stanford.edu/kn838sr1425", "title": "二万五千分一樺太空中寫眞測量要圖", "ckey": 12132727, "available": true, "iiifUrl": "https://purl.stanford.edu/kn838sr1425/iiif/manifest" }, "geometry": { "type": "Polygon", "coordinates": [ [ [ 142.75, 49.1666665 ], [ 142.875, 49.1666665 ], [ 142.875, 49.2499998 ], [ 142.75, 49.2499998 ], [ 142.75, 49.1666665 ] ] ] } },
{ "type": "Feature", "properties": { "Id": 0, "Sheet_ID": "内路近傍 2", "label": "内路近傍 2", "call_short": "G7330 S25 .J32", "call_num": "G7330 S25 .J32 J2", "recid": "vx497hv6941", "websiteUrl": "https://purl.stanford.edu/vx497hv6941", "title": "二万五千分一樺太空中寫眞測量要圖", "ckey": 12132727, "available": true, "iiifUrl": "https://purl.stanford.edu/vx497hv6941/iiif/manifest" }, "geometry": { "type": "Polygon", "coordinates": [ [ [ 142.875, 49.1666665 ], [ 143.0, 49.1666665 ], [ 143.0, 49.2499998 ], [ 142.875, 49.2499998 ], [ 142.875, 49.1666665 ] ] ] } },
{ "type": "Feature", "properties": { "Id": 0, "Sheet_ID": "内路近傍 25", "label": "内路近傍 25", "call_short": "G7330 S25 .J32", "call_num": "G7330 S25 .J32 J25", "recid": "rz733fn1355", "websiteUrl": "https://purl.stanford.edu/rz733fn1355", "title": "二万五千分一樺太空中寫眞測量要圖", "ckey": 12132727, "available": true, "iiifUrl": "https://purl.stanford.edu/rz733fn1355/iiif/manifest" }, "geometry": { "type": "Polygon", "coordinates": [ [ [ 142.5, 49.2499998 ], [ 142.625, 49.2499998 ], [ 142.625, 49.333333 ], [ 142.5, 49.333333 ], [ 142.5, 49.2499998 ] ] ] } },
{ "type": "Feature", "properties": { "Id": 0, "Sheet_ID": "内路近傍 17", "label": "内路近傍 17", "call_short": "G7330 S25 .J32", "call_num": "G7330 S25 .J32 J17", "recid": "qf751wf9333", "websiteUrl": "https://purl.stanford.edu/qf751wf9333", "title": "二万五千分一樺太空中寫眞測量要圖", "ckey": 12132727, "available": true, "iiifUrl": "https://purl.stanford.edu/qf751wf9333/iiif/manifest" }, "geometry": { "type": "Polygon", "coordinates": [ [ [ 142.625, 49.2499998 ], [ 142.75, 49.2499998 ], [ 142.75, 49.333333 ], [ 142.625, 49.333333 ], [ 142.625, 49.2499998 ] ] ] } },
{ "type": "Feature", "properties": { "Id": 0, "Sheet_ID": "内路近傍 9", "label": "内路近傍 9", "call_short": "G7330 S25 .J32", "call_num": "G7330 S25 .J32 J9", "recid": "pq648fh1509", "websiteUrl": "https://purl.stanford.edu/pq648fh1509", "title": "二万五千分一樺太空中寫眞測量要圖", "ckey": 12132727, "available": true, "iiifUrl": "https://purl.stanford.edu/pq648fh1509/iiif/manifest" }, "geometry": { "type": "Polygon", "coordinates": [ [ [ 142.75, 49.2499998 ], [ 142.875, 49.2499998 ], [ 142.875, 49.333333 ], [ 142.75, 49.333333 ], [ 142.75, 49.2499998 ] ] ] } },
{ "type": "Feature", "properties": { "Id": 0, "Sheet_ID": "内路近傍 1", "label": "内路近傍 1", "call_short": "G7330 S25 .J32", "call_num": "G7330 S25 .J32 J1", "recid": "rx557nn3713", "websiteUrl": "https://purl.stanford.edu/rx557nn3713", "title": "二万五千分一樺太空中寫眞測量要圖", "ckey": 12132727, "available": true, "iiifUrl": "https://purl.stanford.edu/rx557nn3713/iiif/manifest" }, "geometry": { "type": "Polygon", "coordinates": [ [ [ 142.875, 49.2499998 ], [ 143.0, 49.2499998 ], [ 143.0, 49.333333 ], [ 142.875, 49.333333 ], [ 142.875, 49.2499998 ] ] ] } },
{ "type": "Feature", "properties": { "Id": 0, "Sheet_ID": "元泊近傍 32", "label": "元泊近傍 32", "call_short": "G7330 S25 .J32", "call_num": "G7330 S25 .J32 K32", "recid": "xm486dg5808", "websiteUrl": "https://purl.stanford.edu/xm486dg5808", "title": "二万五千分一樺太空中寫眞測量要圖", "ckey": 12132727, "available": true, "iiifUrl": "https://purl.stanford.edu/xm486dg5808/iiif/manifest" }, "geometry": { "type": "Polygon", "coordinates": [ [ [ 142.5, 48.0 ], [ 142.625, 48.0 ], [ 142.625, 48.0833334 ], [ 142.5, 48.0833334 ], [ 142.5, 48.0 ] ] ] } },
{ "type": "Feature", "properties": { "Id": 0, "Sheet_ID": "元泊近傍 31", "label": "元泊近傍 31", "call_short": "G7330 S25 .J32", "call_num": "G7330 S25 .J32 K31", "recid": "gc447wg4670", "websiteUrl": "https://purl.stanford.edu/gc447wg4670", "title": "二万五千分一樺太空中寫眞測量要圖", "ckey": 12132727, "available": true, "iiifUrl": "https://purl.stanford.edu/gc447wg4670/iiif/manifest" }, "geometry": { "type": "Polygon", "coordinates": [ [ [ 142.5, 48.0833334 ], [ 142.625, 48.0833334 ], [ 142.625, 48.1666668 ], [ 142.5, 48.1666668 ], [ 142.5, 48.0833334 ] ] ] } },
{ "type": "Feature", "properties": { "Id": 0, "Sheet_ID": "元泊近傍 30", "label": "元泊近傍 30", "call_short": "G7330 S25 .J32", "call_num": "G7330 S25 .J32 K30", "recid": "ky904tq4761", "websiteUrl": "https://purl.stanford.edu/ky904tq4761", "title": "二万五千分一樺太空中寫眞測量要圖", "ckey": 12132727, "available": true, "iiifUrl": "https://purl.stanford.edu/ky904tq4761/iiif/manifest" }, "geometry": { "type": "Polygon", "coordinates": [ [ [ 142.5, 48.1666667 ], [ 142.625, 48.1666667 ], [ 142.625, 48.2500001 ], [ 142.5, 48.2500001 ], [ 142.5, 48.1666667 ] ] ] } },
{ "type": "Feature", "properties": { "Id": 0, "Sheet_ID": "元泊近傍 29", "label": "元泊近傍 29", "call_short": "G7330 S25 .J32", "call_num": "G7330 S25 .J32 K29", "recid": "ss648jw0332", "websiteUrl": "https://purl.stanford.edu/ss648jw0332", "title": "二万五千分一樺太空中寫眞測量要圖", "ckey": 12132727, "available": true, "iiifUrl": "https://purl.stanford.edu/ss648jw0332/iiif/manifest" }, "geometry": { "type": "Polygon", "coordinates": [ [ [ 142.5, 48.2500001 ], [ 142.625, 48.2500001 ], [ 142.625, 48.3333335 ], [ 142.5, 48.3333335 ], [ 142.5, 48.2500001 ] ] ] } },
{ "type": "Feature", "properties": { "Id": 0, "Sheet_ID": "元泊近傍 21", "label": "元泊近傍 21", "call_short": "G7330 S25 .J32", "call_num": "G7330 S25 .J32 K21", "recid": "yx244tv1637", "websiteUrl": "https://purl.stanford.edu/yx244tv1637", "title": "二万五千分一樺太空中寫眞測量要圖", "ckey": 12132727, "available": true, "iiifUrl": "https://purl.stanford.edu/yx244tv1637/iiif/manifest" }, "geometry": { "type": "Polygon", "coordinates": [ [ [ 142.625, 48.2500001 ], [ 142.75, 48.2500001 ], [ 142.75, 48.3333335 ], [ 142.625, 48.3333335 ], [ 142.625, 48.2500001 ] ] ] } },
{ "type": "Feature", "properties": { "Id": 0, "Sheet_ID": "元泊近傍 28", "label": "元泊近傍 28", "call_short": "G7330 S25 .J32", "call_num": "G7330 S25 .J32 K28", "recid": "pm216xk7954", "websiteUrl": "https://purl.stanford.edu/pm216xk7954", "title": "二万五千分一樺太空中寫眞測量要圖", "ckey": 12132727, "available": true, "iiifUrl": "https://purl.stanford.edu/pm216xk7954/iiif/manifest" }, "geometry": { "type": "Polygon", "coordinates": [ [ [ 142.5, 48.3333335 ], [ 142.625, 48.3333335 ], [ 142.625, 48.4166669 ], [ 142.5, 48.4166669 ], [ 142.5, 48.3333335 ] ] ] } },
{ "type": "Feature", "properties": { "Id": 0, "Sheet_ID": "元泊近傍 20", "label": "元泊近傍 20", "call_short": "G7330 S25 .J32", "call_num": "G7330 S25 .J32 K20", "recid": "zr961ks6844", "websiteUrl": "https://purl.stanford.edu/zr961ks6844", "title": "二万五千分一樺太空中寫眞測量要圖", "ckey": 12132727, "available": true, "iiifUrl": "https://purl.stanford.edu/zr961ks6844/iiif/manifest" }, "geometry": { "type": "Polygon", "coordinates": [ [ [ 142.625, 48.3333335 ], [ 142.75, 48.3333335 ], [ 142.75, 48.4166669 ], [ 142.625, 48.4166669 ], [ 142.625, 48.3333335 ] ] ] } },
{ "type": "Feature", "properties": { "Id": 0, "Sheet_ID": "元泊近傍 27", "label": "元泊近傍 27", "call_short": "G7330 S25 .J32", "call_num": "G7330 S25 .J32 K27", "recid": "cf122fq7244", "websiteUrl": "https://purl.stanford.edu/cf122fq7244", "title": "二万五千分一樺太空中寫眞測量要圖", "ckey": 12132727, "available": true, "iiifUrl": "https://purl.stanford.edu/cf122fq7244/iiif/manifest" }, "geometry": { "type": "Polygon", "coordinates": [ [ [ 142.5, 48.4166669 ], [ 142.625, 48.4166669 ], [ 142.625, 48.5000002 ], [ 142.5, 48.5000002 ], [ 142.5, 48.4166669 ] ] ] } },
{ "type": "Feature", "properties": { "Id": 0, "Sheet_ID": "元泊近傍 19", "label": "元泊近傍 19", "call_short": "G7330 S25 .J32", "call_num": "G7330 S25 .J32 K19", "recid": "kq583cf5024", "websiteUrl": "https://purl.stanford.edu/kq583cf5024", "title": "二万五千分一樺太空中寫眞測量要圖", "ckey": 12132727, "available": true, "iiifUrl": "https://purl.stanford.edu/kq583cf5024/iiif/manifest" }, "geometry": { "type": "Polygon", "coordinates": [ [ [ 142.625, 48.4166669 ], [ 142.75, 48.4166669 ], [ 142.75, 48.5000002 ], [ 142.625, 48.5000002 ], [ 142.625, 48.4166669 ] ] ] } },
{ "type": "Feature", "properties": { "Id": 0, "Sheet_ID": "元泊近傍 26", "label": "元泊近傍 26", "call_short": "G7330 S25 .J32", "call_num": "G7330 S25 .J32 K26", "recid": "tv837wm4195", "websiteUrl": "https://purl.stanford.edu/tv837wm4195", "title": "二万五千分一樺太空中寫眞測量要圖", "ckey": 12132727, "available": true, "iiifUrl": "https://purl.stanford.edu/tv837wm4195/iiif/manifest" }, "geometry": { "type": "Polygon", "coordinates": [ [ [ 142.5, 48.5000002 ], [ 142.625, 48.5000002 ], [ 142.625, 48.5833336 ], [ 142.5, 48.5833336 ], [ 142.5, 48.5000002 ] ] ] } },
{ "type": "Feature", "properties": { "Id": 0, "Sheet_ID": "元泊近傍 18", "label": "元泊近傍 18", "call_short": null, "call_num": null, "recid": null, "websiteUrl": null, "title": null, "ckey": 0, "available": false, "iiifUrl": null }, "geometry": { "type": "Polygon", "coordinates": [ [ [ 142.625, 48.5000003 ], [ 142.78, 48.5000003 ], [ 142.78, 48.5833336 ], [ 142.625, 48.5833336 ], [ 142.625, 48.5000003 ] ] ] } },
{ "type": "Feature", "properties": { "Id": 0, "Sheet_ID": "元泊近傍 25", "label": "元泊近傍 25", "call_short": "G7330 S25 .J32", "call_num": "G7330 S25 .J32 K25", "recid": "zy211bk0892", "websiteUrl": "https://purl.stanford.edu/zy211bk0892", "title": "二万五千分一樺太空中寫眞測量要圖", "ckey": 12132727, "available": true, "iiifUrl": "https://purl.stanford.edu/zy211bk0892/iiif/manifest" }, "geometry": { "type": "Polygon", "coordinates": [ [ [ 142.5, 48.5833336 ], [ 142.625, 48.5833336 ], [ 142.625, 48.666667 ], [ 142.5, 48.666667 ], [ 142.5, 48.5833336 ] ] ] } },
{ "type": "Feature", "properties": { "Id": 0, "Sheet_ID": "元泊近傍 17", "label": "元泊近傍 17", "call_short": "G7330 S25 .J32", "call_num": "G7330 S25 .J32 K17", "recid": "gj165cj4832", "websiteUrl": "https://purl.stanford.edu/gj165cj4832", "title": "二万五千分一樺太空中寫眞測量要圖", "ckey": 12132727, "available": true, "iiifUrl": "https://purl.stanford.edu/gj165cj4832/iiif/manifest" }, "geometry": { "type": "Polygon", "coordinates": [ [ [ 142.625, 48.5833336 ], [ 142.75, 48.5833336 ], [ 142.75, 48.666667 ], [ 142.625, 48.666667 ], [ 142.625, 48.5833336 ] ] ] } },
{ "type": "Feature", "properties": { "Id": 0, "Sheet_ID": "元泊近傍 9", "label": "元泊近傍 9", "call_short": "G7330 S25 .J32", "call_num": "G7330 S25 .J32 K9", "recid": "ty289zx8418", "websiteUrl": "https://purl.stanford.edu/ty289zx8418", "title": "二万五千分一樺太空中寫眞測量要圖", "ckey": 12132727, "available": true, "iiifUrl": "https://purl.stanford.edu/ty289zx8418/iiif/manifest" }, "geometry": { "type": "Polygon", "coordinates": [ [ [ 142.75, 48.5833336 ], [ 142.875, 48.5833336 ], [ 142.875, 48.666667 ], [ 142.75, 48.666667 ], [ 142.75, 48.5833336 ] ] ] } },
{ "type": "Feature", "properties": { "Id": 0, "Sheet_ID": "榮濱近傍 32", "label": "榮濱近傍 32", "call_short": "G7330 S25 .J32", "call_num": "G7330 S25 .J32 L32", "recid": "zt397my9246", "websiteUrl": "https://purl.stanford.edu/zt397my9246", "title": "二万五千分一樺太空中寫眞測量要圖", "ckey": 12132727, "available": true, "iiifUrl": "https://purl.stanford.edu/zt397my9246/iiif/manifest" }, "geometry": { "type": "Polygon", "coordinates": [ [ [ 142.5, 47.333333 ], [ 142.625, 47.333333 ], [ 142.625, 47.4166664 ], [ 142.5, 47.4166664 ], [ 142.5, 47.333333 ] ] ] } },
{ "type": "Feature", "properties": { "Id": 0, "Sheet_ID": "榮濱近傍 24", "label": "榮濱近傍 24", "call_short": "G7330 S25 .J32", "call_num": "G7330 S25 .J32 L24", "recid": "nd704fg0701", "websiteUrl": "https://purl.stanford.edu/nd704fg0701", "title": "二万五千分一樺太空中寫眞測量要圖", "ckey": 12132727, "available": true, "iiifUrl": "https://purl.stanford.edu/nd704fg0701/iiif/manifest" }, "geometry": { "type": "Polygon", "coordinates": [ [ [ 142.625, 47.333333 ], [ 142.75, 47.333333 ], [ 142.75, 47.4166664 ], [ 142.625, 47.4166664 ], [ 142.625, 47.333333 ] ] ] } },
{ "type": "Feature", "properties": { "Id": 0, "Sheet_ID": "榮濱近傍 16", "label": "榮濱近傍 16", "call_short": "G7330 S25 .J32", "call_num": "G7330 S25 .J32 L16", "recid": "cd888qz7910", "websiteUrl": "https://purl.stanford.edu/cd888qz7910", "title": "二万五千分一樺太空中寫眞測量要圖", "ckey": 12132727, "available": true, "iiifUrl": "https://purl.stanford.edu/cd888qz7910/iiif/manifest" }, "geometry": { "type": "Polygon", "coordinates": [ [ [ 142.75, 47.333333 ], [ 142.875, 47.333333 ], [ 142.875, 47.4166664 ], [ 142.75, 47.4166664 ], [ 142.75, 47.333333 ] ] ] } },
{ "type": "Feature", "properties": { "Id": 0, "Sheet_ID": "榮濱近傍 8", "label": "榮濱近傍 8", "call_short": "G7330 S25 .J32", "call_num": "G7330 S25 .J32 L8", "recid": "rn122qp5638", "websiteUrl": "https://purl.stanford.edu/rn122qp5638", "title": "二万五千分一樺太空中寫眞測量要圖", "ckey": 12132727, "available": true, "iiifUrl": "https://purl.stanford.edu/rn122qp5638/iiif/manifest" }, "geometry": { "type": "Polygon", "coordinates": [ [ [ 142.875, 47.333333 ], [ 143.0, 47.333333 ], [ 143.0, 47.4166664 ], [ 142.875, 47.4166664 ], [ 142.875, 47.333333 ] ] ] } },
{ "type": "Feature", "properties": { "Id": 0, "Sheet_ID": "榮濱近傍 31", "label": "榮濱近傍 31", "call_short": "G7330 S25 .J32", "call_num": "G7330 S25 .J32 L31", "recid": "pz791yz2334", "websiteUrl": "https://purl.stanford.edu/pz791yz2334", "title": "二万五千分一樺太空中寫眞測量要圖", "ckey": 12132727, "available": true, "iiifUrl": "https://purl.stanford.edu/pz791yz2334/iiif/manifest" }, "geometry": { "type": "Polygon", "coordinates": [ [ [ 142.5, 47.4166664 ], [ 142.625, 47.4166664 ], [ 142.625, 47.4999998 ], [ 142.5, 47.4999998 ], [ 142.5, 47.4166664 ] ] ] } },
{ "type": "Feature", "properties": { "Id": 0, "Sheet_ID": "榮濱近傍 23", "label": "榮濱近傍 23", "call_short": "G7330 S25 .J32", "call_num": "G7330 S25 .J32 L23", "recid": "kj240vx5850", "websiteUrl": "https://purl.stanford.edu/kj240vx5850", "title": "二万五千分一樺太空中寫眞測量要圖", "ckey": 12132727, "available": true, "iiifUrl": "https://purl.stanford.edu/kj240vx5850/iiif/manifest" }, "geometry": { "type": "Polygon", "coordinates": [ [ [ 142.625, 47.4166664 ], [ 142.75, 47.4166664 ], [ 142.75, 47.4999998 ], [ 142.625, 47.4999998 ], [ 142.625, 47.4166664 ] ] ] } },
{ "type": "Feature", "properties": { "Id": 0, "Sheet_ID": "榮濱近傍 15", "label": "榮濱近傍 15", "call_short": "G7330 S25 .J32", "call_num": "G7330 S25 .J32 L15", "recid": "wn583rt7245", "websiteUrl": "https://purl.stanford.edu/wn583rt7245", "title": "二万五千分一樺太空中寫眞測量要圖", "ckey": 12132727, "available": true, "iiifUrl": "https://purl.stanford.edu/wn583rt7245/iiif/manifest" }, "geometry": { "type": "Polygon", "coordinates": [ [ [ 142.75, 47.4166664 ], [ 142.875, 47.4166664 ], [ 142.875, 47.4999998 ], [ 142.75, 47.4999998 ], [ 142.75, 47.4166664 ] ] ] } },
{ "type": "Feature", "properties": { "Id": 0, "Sheet_ID": "榮濱近傍 30", "label": "榮濱近傍 30", "call_short": "G7330 S25 .J32", "call_num": "G7330 S25 .J32 L30", "recid": "yj323cj6369", "websiteUrl": "https://purl.stanford.edu/yj323cj6369", "title": "二万五千分一樺太空中寫眞測量要圖", "ckey": 12132727, "available": true, "iiifUrl": "https://purl.stanford.edu/yj323cj6369/iiif/manifest" }, "geometry": { "type": "Polygon", "coordinates": [ [ [ 142.5, 47.4999998 ], [ 142.625, 47.4999998 ], [ 142.625, 47.5833331 ], [ 142.5, 47.5833331 ], [ 142.5, 47.4999998 ] ] ] } },
{ "type": "Feature", "properties": { "Id": 0, "Sheet_ID": "榮濱近傍 22", "label": "榮濱近傍 22", "call_short": "G7330 S25 .J32", "call_num": "G7330 S25 .J32 L22", "recid": "gd075bv7412", "websiteUrl": "https://purl.stanford.edu/gd075bv7412", "title": "二万五千分一樺太空中寫眞測量要圖", "ckey": 12132727, "available": true, "iiifUrl": "https://purl.stanford.edu/gd075bv7412/iiif/manifest" }, "geometry": { "type": "Polygon", "coordinates": [ [ [ 142.625, 47.4999998 ], [ 142.75, 47.4999998 ], [ 142.75, 47.5833331 ], [ 142.625, 47.5833331 ], [ 142.625, 47.4999998 ] ] ] } },
{ "type": "Feature", "properties": { "Id": 0, "Sheet_ID": "榮濱近傍 29", "label": "榮濱近傍 29", "call_short": "G7330 S25 .J32", "call_num": "G7330 S25 .J32 L29", "recid": "cp534sy3807", "websiteUrl": "https://purl.stanford.edu/cp534sy3807", "title": "二万五千分一樺太空中寫眞測量要圖", "ckey": 12132727, "available": true, "iiifUrl": "https://purl.stanford.edu/cp534sy3807/iiif/manifest" }, "geometry": { "type": "Polygon", "coordinates": [ [ [ 142.5, 47.5833331 ], [ 142.625, 47.5833331 ], [ 142.625, 47.6666665 ], [ 142.5, 47.6666665 ], [ 142.5, 47.5833331 ] ] ] } },
{ "type": "Feature", "properties": { "Id": 0, "Sheet_ID": "榮濱近傍 28", "label": "榮濱近傍 28", "call_short": "G7330 S25 .J32", "call_num": "G7330 S25 .J32 L28", "recid": "ny211nr2606", "websiteUrl": "https://purl.stanford.edu/ny211nr2606", "title": "二万五千分一樺太空中寫眞測量要圖", "ckey": 12132727, "available": true, "iiifUrl": "https://purl.stanford.edu/ny211nr2606/iiif/manifest" }, "geometry": { "type": "Polygon", "coordinates": [ [ [ 142.5, 47.6666665 ], [ 142.625, 47.6666665 ], [ 142.625, 47.7499999 ], [ 142.5, 47.7499999 ], [ 142.5, 47.6666665 ] ] ] } },
{ "type": "Feature", "properties": { "Id": 0, "Sheet_ID": "榮濱近傍 27", "label": "榮濱近傍 27", "call_short": "G7330 S25 .J32", "call_num": "G7330 S25 .J32 L27", "recid": "jq855pf7139", "websiteUrl": "https://purl.stanford.edu/jq855pf7139", "title": "二万五千分一樺太空中寫眞測量要圖", "ckey": 12132727, "available": true, "iiifUrl": "https://purl.stanford.edu/jq855pf7139/iiif/manifest" }, "geometry": { "type": "Polygon", "coordinates": [ [ [ 142.5, 47.7499999 ], [ 142.625, 47.7499999 ], [ 142.625, 47.8333333 ], [ 142.5, 47.8333333 ], [ 142.5, 47.7499999 ] ] ] } },
{ "type": "Feature", "properties": { "Id": 0, "Sheet_ID": "榮濱近傍 26", "label": "榮濱近傍 26", "call_short": "G7330 S25 .J32", "call_num": "G7330 S25 .J32 L26", "recid": "kh498hs2585", "websiteUrl": "https://purl.stanford.edu/kh498hs2585", "title": "二万五千分一樺太空中寫眞測量要圖", "ckey": 12132727, "available": true, "iiifUrl": "https://purl.stanford.edu/kh498hs2585/iiif/manifest" }, "geometry": { "type": "Polygon", "coordinates": [ [ [ 142.5, 47.8333333 ], [ 142.625, 47.8333333 ], [ 142.625, 47.9166666 ], [ 142.5, 47.9166666 ], [ 142.5, 47.8333333 ] ] ] } },
{ "type": "Feature", "properties": { "Id": 0, "Sheet_ID": "榮濱近傍 25", "label": "榮濱近傍 25", "call_short": "G7330 S25 .J32", "call_num": "G7330 S25 .J32 L25", "recid": "xp922sn6244", "websiteUrl": "https://purl.stanford.edu/xp922sn6244", "title": "二万五千分一樺太空中寫眞測量要圖", "ckey": 12132727, "available": true, "iiifUrl": "https://purl.stanford.edu/xp922sn6244/iiif/manifest" }, "geometry": { "type": "Polygon", "coordinates": [ [ [ 142.5, 47.9166666 ], [ 142.625, 47.9166666 ], [ 142.625, 48.0 ], [ 142.5, 48.0 ], [ 142.5, 47.9166666 ] ] ] } },
{ "type": "Feature", "properties": { "Id": 0, "Sheet_ID": "名好近傍 32", "label": "名好近傍 32", "call_short": "G7330 S25 .J32", "call_num": "G7330 S25 .J32 M32", "recid": "hg745mw6106", "websiteUrl": "https://purl.stanford.edu/hg745mw6106", "title": "二万五千分一樺太空中寫眞測量要圖", "ckey": 12132727, "available": true, "iiifUrl": "https://purl.stanford.edu/hg745mw6106/iiif/manifest" }, "geometry": { "type": "Polygon", "coordinates": [ [ [ 142.0, 49.333333 ], [ 142.125, 49.333333 ], [ 142.125, 49.4166664 ], [ 142.0, 49.4166664 ], [ 142.0, 49.333333 ] ] ] } },
{ "type": "Feature", "properties": { "Id": 0, "Sheet_ID": "名好近傍 24", "label": "名好近傍 24", "call_short": "G7330 S25 .J32", "call_num": "G7330 S25 .J32 M24", "recid": "vj439qb5899", "websiteUrl": "https://purl.stanford.edu/vj439qb5899", "title": "二万五千分一樺太空中寫眞測量要圖", "ckey": 12132727, "available": true, "iiifUrl": "https://purl.stanford.edu/vj439qb5899/iiif/manifest" }, "geometry": { "type": "Polygon", "coordinates": [ [ [ 142.125, 49.333333 ], [ 142.25, 49.333333 ], [ 142.25, 49.4166664 ], [ 142.125, 49.4166664 ], [ 142.125, 49.333333 ] ] ] } },
{ "type": "Feature", "properties": { "Id": 0, "Sheet_ID": "名好近傍 16", "label": "名好近傍 16", "call_short": "G7330 S25 .J32", "call_num": "G7330 S25 .J32 M16", "recid": "sg898dc0510", "websiteUrl": "https://purl.stanford.edu/sg898dc0510", "title": "二万五千分一樺太空中寫眞測量要圖", "ckey": 12132727, "available": true, "iiifUrl": "https://purl.stanford.edu/sg898dc0510/iiif/manifest" }, "geometry": { "type": "Polygon", "coordinates": [ [ [ 142.25, 49.333333 ], [ 142.375, 49.333333 ], [ 142.375, 49.4166664 ], [ 142.25, 49.4166664 ], [ 142.25, 49.333333 ] ] ] } },
{ "type": "Feature", "properties": { "Id": 0, "Sheet_ID": "名好近傍 8", "label": "名好近傍 8", "call_short": "G7330 S25 .J32", "call_num": "G7330 S25 .J32 M8", "recid": "jp024hs8247", "websiteUrl": "https://purl.stanford.edu/jp024hs8247", "title": "二万五千分一樺太空中寫眞測量要圖", "ckey": 12132727, "available": true, "iiifUrl": "https://purl.stanford.edu/jp024hs8247/iiif/manifest" }, "geometry": { "type": "Polygon", "coordinates": [ [ [ 142.375, 49.333333 ], [ 142.5, 49.333333 ], [ 142.5, 49.4166664 ], [ 142.375, 49.4166664 ], [ 142.375, 49.333333 ] ] ] } },
{ "type": "Feature", "properties": { "Id": 0, "Sheet_ID": "名好近傍 23", "label": "名好近傍 23", "call_short": "G7330 S25 .J32", "call_num": "G7330 S25 .J32 M23", "recid": "cj021dm1729", "websiteUrl": "https://purl.stanford.edu/cj021dm1729", "title": "二万五千分一樺太空中寫眞測量要圖", "ckey": 12132727, "available": true, "iiifUrl": "https://purl.stanford.edu/cj021dm1729/iiif/manifest" }, "geometry": { "type": "Polygon", "coordinates": [ [ [ 142.09, 49.4166664 ], [ 142.25, 49.4166664 ], [ 142.25, 49.4999998 ], [ 142.09, 49.4999998 ], [ 142.09, 49.4166664 ] ] ] } },
{ "type": "Feature", "properties": { "Id": 0, "Sheet_ID": "名好近傍 15", "label": "名好近傍 15", "call_short": "G7330 S25 .J32", "call_num": "G7330 S25 .J32 M15", "recid": "hk436nj5214", "websiteUrl": "https://purl.stanford.edu/hk436nj5214", "title": "二万五千分一樺太空中寫眞測量要圖", "ckey": 12132727, "available": true, "iiifUrl": "https://purl.stanford.edu/hk436nj5214/iiif/manifest" }, "geometry": { "type": "Polygon", "coordinates": [ [ [ 142.25, 49.4166664 ], [ 142.375, 49.4166664 ], [ 142.375, 49.4999998 ], [ 142.25, 49.4999998 ], [ 142.25, 49.4166664 ] ] ] } },
{ "type": "Feature", "properties": { "Id": 0, "Sheet_ID": "名好近傍 7", "label": "名好近傍 7", "call_short": "G7330 S25 .J32", "call_num": "G7330 S25 .J32 M7", "recid": "qt311rg6295", "websiteUrl": "https://purl.stanford.edu/qt311rg6295", "title": "二万五千分一樺太空中寫眞測量要圖", "ckey": 12132727, "available": true, "iiifUrl": "https://purl.stanford.edu/qt311rg6295/iiif/manifest" }, "geometry": { "type": "Polygon", "coordinates": [ [ [ 142.375, 49.4166664 ], [ 142.5, 49.4166664 ], [ 142.5, 49.4999998 ], [ 142.375, 49.4999998 ], [ 142.375, 49.4166664 ] ] ] } },
{ "type": "Feature", "properties": { "Id": 0, "Sheet_ID": "名好近傍 22", "label": "名好近傍 22", "call_short": "G7330 S25 .J32", "call_num": "G7330 S25 .J32 M22", "recid": "rn550ts2233", "websiteUrl": "https://purl.stanford.edu/rn550ts2233", "title": "二万五千分一樺太空中寫眞測量要圖", "ckey": 12132727, "available": true, "iiifUrl": "https://purl.stanford.edu/rn550ts2233/iiif/manifest" }, "geometry": { "type": "Polygon", "coordinates": [ [ [ 142.125, 49.4999998 ], [ 142.25, 49.4999998 ], [ 142.25, 49.5833331 ], [ 142.125, 49.5833331 ], [ 142.125, 49.4999998 ] ] ] } },
{ "type": "Feature", "properties": { "Id": 0, "Sheet_ID": "名好近傍 14", "label": "名好近傍 14", "call_short": "G7330 S25 .J32", "call_num": "G7330 S25 .J32 M14", "recid": "ks708rh0077", "websiteUrl": "https://purl.stanford.edu/ks708rh0077", "title": "二万五千分一樺太空中寫眞測量要圖", "ckey": 12132727, "available": true, "iiifUrl": "https://purl.stanford.edu/ks708rh0077/iiif/manifest" }, "geometry": { "type": "Polygon", "coordinates": [ [ [ 142.25, 49.4999998 ], [ 142.375, 49.4999998 ], [ 142.375, 49.5833331 ], [ 142.25, 49.5833331 ], [ 142.25, 49.4999998 ] ] ] } },
{ "type": "Feature", "properties": { "Id": 0, "Sheet_ID": "名好近傍 6", "label": "名好近傍 6", "call_short": "G7330 S25 .J32", "call_num": "G7330 S25 .J32 M6", "recid": "nt395bn2565", "websiteUrl": "https://purl.stanford.edu/nt395bn2565", "title": "二万五千分一樺太空中寫眞測量要圖", "ckey": 12132727, "available": true, "iiifUrl": "https://purl.stanford.edu/nt395bn2565/iiif/manifest" }, "geometry": { "type": "Polygon", "coordinates": [ [ [ 142.375, 49.4999998 ], [ 142.5, 49.4999998 ], [ 142.5, 49.5833331 ], [ 142.375, 49.5833331 ], [ 142.375, 49.4999998 ] ] ] } },
{ "type": "Feature", "properties": { "Id": 0, "Sheet_ID": "名好近傍 21", "label": "名好近傍 21", "call_short": "G7330 S25 .J32", "call_num": "G7330 S25 .J32 M21", "recid": "xr687hy1997", "websiteUrl": "https://purl.stanford.edu/xr687hy1997", "title": "二万五千分一樺太空中寫眞測量要圖", "ckey": 12132727, "available": true, "iiifUrl": "https://purl.stanford.edu/xr687hy1997/iiif/manifest" }, "geometry": { "type": "Polygon", "coordinates": [ [ [ 142.125, 49.5833331 ], [ 142.25, 49.5833331 ], [ 142.25, 49.6666665 ], [ 142.125, 49.6666665 ], [ 142.125, 49.5833331 ] ] ] } },
{ "type": "Feature", "properties": { "Id": 0, "Sheet_ID": "名好近傍 13", "label": "名好近傍 13", "call_short": "G7330 S25 .J32", "call_num": "G7330 S25 .J32 M13", "recid": "qt235fp7712", "websiteUrl": "https://purl.stanford.edu/qt235fp7712", "title": "二万五千分一樺太空中寫眞測量要圖", "ckey": 12132727, "available": true, "iiifUrl": "https://purl.stanford.edu/qt235fp7712/iiif/manifest" }, "geometry": { "type": "Polygon", "coordinates": [ [ [ 142.25, 49.5833331 ], [ 142.375, 49.5833331 ], [ 142.375, 49.6666665 ], [ 142.25, 49.6666665 ], [ 142.25, 49.5833331 ] ] ] } },
{ "type": "Feature", "properties": { "Id": 0, "Sheet_ID": "名好近傍 5", "label": "名好近傍 5", "call_short": "G7330 S25 .J32", "call_num": "G7330 S25 .J32 M5", "recid": "kf241tx1425", "websiteUrl": "https://purl.stanford.edu/kf241tx1425", "title": "二万五千分一樺太空中寫眞測量要圖", "ckey": 12132727, "available": true, "iiifUrl": "https://purl.stanford.edu/kf241tx1425/iiif/manifest" }, "geometry": { "type": "Polygon", "coordinates": [ [ [ 142.375, 49.5833331 ], [ 142.5, 49.5833331 ], [ 142.5, 49.6666665 ], [ 142.375, 49.6666665 ], [ 142.375, 49.5833331 ] ] ] } },
{ "type": "Feature", "properties": { "Id": 0, "Sheet_ID": "名好近傍 20", "label": "名好近傍 20", "call_short": "G7330 S25 .J32", "call_num": "G7330 S25 .J32 M20", "recid": "jc606bd1837", "websiteUrl": "https://purl.stanford.edu/jc606bd1837", "title": "二万五千分一樺太空中寫眞測量要圖", "ckey": 12132727, "available": true, "iiifUrl": "https://purl.stanford.edu/jc606bd1837/iiif/manifest" }, "geometry": { "type": "Polygon", "coordinates": [ [ [ 142.125, 49.6666665 ], [ 142.25, 49.6666665 ], [ 142.25, 49.7499999 ], [ 142.125, 49.7499999 ], [ 142.125, 49.6666665 ] ] ] } },
{ "type": "Feature", "properties": { "Id": 0, "Sheet_ID": "名好近傍 12", "label": "名好近傍 12", "call_short": "G7330 S25 .J32", "call_num": "G7330 S25 .J32 M12", "recid": "cj926ks0007", "websiteUrl": "https://purl.stanford.edu/cj926ks0007", "title": "二万五千分一樺太空中寫眞測量要圖", "ckey": 12132727, "available": true, "iiifUrl": "https://purl.stanford.edu/cj926ks0007/iiif/manifest" }, "geometry": { "type": "Polygon", "coordinates": [ [ [ 142.25, 49.6666665 ], [ 142.375, 49.6666665 ], [ 142.375, 49.7499999 ], [ 142.25, 49.7499999 ], [ 142.25, 49.6666665 ] ] ] } },
{ "type": "Feature", "properties": { "Id": 0, "Sheet_ID": "名好近傍 4", "label": "名好近傍 4", "call_short": "G7330 S25 .J32", "call_num": "G7330 S25 .J32 M4", "recid": "pp711bd2122", "websiteUrl": "https://purl.stanford.edu/pp711bd2122", "title": "二万五千分一樺太空中寫眞測量要圖", "ckey": 12132727, "available": true, "iiifUrl": "https://purl.stanford.edu/pp711bd2122/iiif/manifest" }, "geometry": { "type": "Polygon", "coordinates": [ [ [ 142.375, 49.6666665 ], [ 142.5, 49.6666665 ], [ 142.5, 49.7499999 ], [ 142.375, 49.7499999 ], [ 142.375, 49.6666665 ] ] ] } },
{ "type": "Feature", "properties": { "Id": 0, "Sheet_ID": "名好近傍 19", "label": "名好近傍 19", "call_short": "G7330 S25 .J32", "call_num": "G7330 S25 .J32 M19", "recid": "xn741gg5103", "websiteUrl": "https://purl.stanford.edu/xn741gg5103", "title": "二万五千分一樺太空中寫眞測量要圖", "ckey": 12132727, "available": true, "iiifUrl": "https://purl.stanford.edu/xn741gg5103/iiif/manifest" }, "geometry": { "type": "Polygon", "coordinates": [ [ [ 142.125, 49.7499999 ], [ 142.25, 49.7499999 ], [ 142.25, 49.8333333 ], [ 142.125, 49.8333333 ], [ 142.125, 49.7499999 ] ] ] } },
{ "type": "Feature", "properties": { "Id": 0, "Sheet_ID": "名好近傍 11", "label": "名好近傍 11", "call_short": "G7330 S25 .J32", "call_num": "G7330 S25 .J32 M11", "recid": "pc019xr8178", "websiteUrl": "https://purl.stanford.edu/pc019xr8178", "title": "二万五千分一樺太空中寫眞測量要圖", "ckey": 12132727, "available": true, "iiifUrl": "https://purl.stanford.edu/pc019xr8178/iiif/manifest" }, "geometry": { "type": "Polygon", "coordinates": [ [ [ 142.25, 49.7499999 ], [ 142.375, 49.7499999 ], [ 142.375, 49.8333333 ], [ 142.25, 49.8333333 ], [ 142.25, 49.7499999 ] ] ] } },
{ "type": "Feature", "properties": { "Id": 0, "Sheet_ID": "名好近傍 3", "label": "名好近傍 3", "call_short": "G7330 S25 .J32", "call_num": "G7330 S25 .J32 M3", "recid": "kh031vb3784", "websiteUrl": "https://purl.stanford.edu/kh031vb3784", "title": "二万五千分一樺太空中寫眞測量要圖", "ckey": 12132727, "available": true, "iiifUrl": "https://purl.stanford.edu/kh031vb3784/iiif/manifest" }, "geometry": { "type": "Polygon", "coordinates": [ [ [ 142.375, 49.7499999 ], [ 142.5, 49.7499999 ], [ 142.5, 49.8333333 ], [ 142.375, 49.8333333 ], [ 142.375, 49.7499999 ] ] ] } },
{ "type": "Feature", "properties": { "Id": 0, "Sheet_ID": "名好近傍 18", "label": "名好近傍 18", "call_short": null, "call_num": null, "recid": null, "websiteUrl": null, "title": null, "ckey": 0, "available": false, "iiifUrl": null }, "geometry": { "type": "Polygon", "coordinates": [ [ [ 142.125, 49.8333333 ], [ 142.25, 49.8333333 ], [ 142.25, 49.9166666 ], [ 142.125, 49.9166666 ], [ 142.125, 49.8333333 ] ] ] } },
{ "type": "Feature", "properties": { "Id": 0, "Sheet_ID": "名好近傍 10", "label": "名好近傍 10", "call_short": null, "call_num": null, "recid": null, "websiteUrl": null, "title": null, "ckey": 0, "available": false, "iiifUrl": null }, "geometry": { "type": "Polygon", "coordinates": [ [ [ 142.25, 49.8333333 ], [ 142.375, 49.8333333 ], [ 142.375, 49.9166666 ], [ 142.25, 49.9166666 ], [ 142.25, 49.8333333 ] ] ] } },
{ "type": "Feature", "properties": { "Id": 0, "Sheet_ID": "名好近傍 2", "label": "名好近傍 2", "call_short": "G7330 S25 .J32", "call_num": "G7330 S25 .J32 M2", "recid": "sr738tk1488", "websiteUrl": "https://purl.stanford.edu/sr738tk1488", "title": "二万五千分一樺太空中寫眞測量要圖", "ckey": 12132727, "available": true, "iiifUrl": "https://purl.stanford.edu/sr738tk1488/iiif/manifest" }, "geometry": { "type": "Polygon", "coordinates": [ [ [ 142.375, 49.8333333 ], [ 142.5, 49.8333333 ], [ 142.5, 49.9166666 ], [ 142.375, 49.9166666 ], [ 142.375, 49.8333333 ] ] ] } },
{ "type": "Feature", "properties": { "Id": 0, "Sheet_ID": "名好近傍 17", "label": "名好近傍 17", "call_short": null, "call_num": null, "recid": null, "websiteUrl": null, "title": null, "ckey": 0, "available": false, "iiifUrl": null }, "geometry": { "type": "Polygon", "coordinates": [ [ [ 142.125, 49.9166666 ], [ 142.25, 49.9166666 ], [ 142.25, 50.0 ], [ 142.125, 50.0 ], [ 142.125, 49.9166666 ] ] ] } },
{ "type": "Feature", "properties": { "Id": 0, "Sheet_ID": "名好近傍 9", "label": "名好近傍 9", "call_short": null, "call_num": null, "recid": null, "websiteUrl": null, "title": null, "ckey": 0, "available": false, "iiifUrl": null }, "geometry": { "type": "Polygon", "coordinates": [ [ [ 142.25, 49.9166666 ], [ 142.375, 49.9166666 ], [ 142.375, 50.0 ], [ 142.25, 50.0 ], [ 142.25, 49.9166666 ] ] ] } },
{ "type": "Feature", "properties": { "Id": 0, "Sheet_ID": "名好近傍 1", "label": "名好近傍 1", "call_short": null, "call_num": null, "recid": null, "websiteUrl": null, "title": null, "ckey": 0, "available": false, "iiifUrl": null }, "geometry": { "type": "Polygon", "coordinates": [ [ [ 142.375, 49.9166666 ], [ 142.5, 49.9166666 ], [ 142.5, 50.0 ], [ 142.375, 50.0 ], [ 142.375, 49.9166666 ] ] ] } },
{ "type": "Feature", "properties": { "Id": 0, "Sheet_ID": "惠須取近傍 40", "label": "惠須取近傍 40", "call_short": "G7330 S25 .J32", "call_num": "G7330 S25 .J32 N40", "recid": "zs374cq9337", "websiteUrl": "https://purl.stanford.edu/zs374cq9337", "title": "二万五千分一樺太空中寫眞測量要圖", "ckey": 12132727, "available": true, "iiifUrl": "https://purl.stanford.edu/zs374cq9337/iiif/manifest" }, "geometry": { "type": "Polygon", "coordinates": [ [ [ 141.84, 48.666667 ], [ 142.0, 48.666667 ], [ 142.0, 48.7500002 ], [ 141.84, 48.7500002 ], [ 141.84, 48.666667 ] ] ] } },
{ "type": "Feature", "properties": { "Id": 0, "Sheet_ID": "惠須取近傍 32", "label": "惠須取近傍 32", "call_short": "G7330 S25 .J32", "call_num": "G7330 S25 .J32 N32", "recid": "tx473zy3943", "websiteUrl": "https://purl.stanford.edu/tx473zy3943", "title": "二万五千分一樺太空中寫眞測量要圖", "ckey": 12132727, "available": true, "iiifUrl": "https://purl.stanford.edu/tx473zy3943/iiif/manifest" }, "geometry": { "type": "Polygon", "coordinates": [ [ [ 142.0, 48.666667 ], [ 142.125, 48.666667 ], [ 142.125, 48.7500002 ], [ 142.0, 48.7500002 ], [ 142.0, 48.666667 ] ] ] } },
{ "type": "Feature", "properties": { "Id": 0, "Sheet_ID": "惠須取近傍 24", "label": "惠須取近傍 24", "call_short": "G7330 S25 .J32", "call_num": "G7330 S25 .J32 N24", "recid": "hj315rt9106", "websiteUrl": "https://purl.stanford.edu/hj315rt9106", "title": "二万五千分一樺太空中寫眞測量要圖", "ckey": 12132727, "available": true, "iiifUrl": "https://purl.stanford.edu/hj315rt9106/iiif/manifest" }, "geometry": { "type": "Polygon", "coordinates": [ [ [ 142.125, 48.666667 ], [ 142.25, 48.666667 ], [ 142.25, 48.7500002 ], [ 142.125, 48.7500002 ], [ 142.125, 48.666667 ] ] ] } },
{ "type": "Feature", "properties": { "Id": 0, "Sheet_ID": "惠須取近傍 16", "label": "惠須取近傍 16", "call_short": "G7330 S25 .J32", "call_num": "G7330 S25 .J32 N16", "recid": "ng996hs7776", "websiteUrl": "https://purl.stanford.edu/ng996hs7776", "title": "二万五千分一樺太空中寫眞測量要圖", "ckey": 12132727, "available": true, "iiifUrl": "https://purl.stanford.edu/ng996hs7776/iiif/manifest" }, "geometry": { "type": "Polygon", "coordinates": [ [ [ 142.25, 48.666667 ], [ 142.375, 48.666667 ], [ 142.375, 48.7500002 ], [ 142.25, 48.7500002 ], [ 142.25, 48.666667 ] ] ] } },
{ "type": "Feature", "properties": { "Id": 0, "Sheet_ID": "惠須取近傍 8", "label": "惠須取近傍 8", "call_short": "G7330 S25 .J32", "call_num": "G7330 S25 .J32 N8", "recid": "df057ts1262", "websiteUrl": "https://purl.stanford.edu/df057ts1262", "title": "二万五千分一樺太空中寫眞測量要圖", "ckey": 12132727, "available": true, "iiifUrl": "https://purl.stanford.edu/df057ts1262/iiif/manifest" }, "geometry": { "type": "Polygon", "coordinates": [ [ [ 142.375, 48.666667 ], [ 142.5, 48.666667 ], [ 142.5, 48.7500002 ], [ 142.375, 48.7500002 ], [ 142.375, 48.666667 ] ] ] } },
{ "type": "Feature", "properties": { "Id": 0, "Sheet_ID": "惠須取近傍 39", "label": "惠須取近傍 39", "call_short": "G7330 S25 .J32", "call_num": "G7330 S25 .J32 N39", "recid": "yj388xr3625", "websiteUrl": "https://purl.stanford.edu/yj388xr3625", "title": "二万五千分一樺太空中寫眞測量要圖", "ckey": 12132727, "available": true, "iiifUrl": "https://purl.stanford.edu/yj388xr3625/iiif/manifest" }, "geometry": { "type": "Polygon", "coordinates": [ [ [ 141.84, 48.7500002 ], [ 142.0, 48.7500002 ], [ 142.0, 48.8333335 ], [ 141.84, 48.8333335 ], [ 141.84, 48.7500002 ] ] ] } },
{ "type": "Feature", "properties": { "Id": 0, "Sheet_ID": "惠須取近傍 31", "label": "惠須取近傍 31", "call_short": "G7330 S25 .J32", "call_num": "G7330 S25 .J32 N31", "recid": "kv788dx0157", "websiteUrl": "https://purl.stanford.edu/kv788dx0157", "title": "二万五千分一樺太空中寫眞測量要圖", "ckey": 12132727, "available": true, "iiifUrl": "https://purl.stanford.edu/kv788dx0157/iiif/manifest" }, "geometry": { "type": "Polygon", "coordinates": [ [ [ 142.0, 48.7500002 ], [ 142.125, 48.7500002 ], [ 142.125, 48.8333335 ], [ 142.0, 48.8333335 ], [ 142.0, 48.7500002 ] ] ] } },
{ "type": "Feature", "properties": { "Id": 0, "Sheet_ID": "惠須取近傍 23", "label": "惠須取近傍 23", "call_short": "G7330 S25 .J32", "call_num": "G7330 S25 .J32 N23", "recid": "jc705rv5462", "websiteUrl": "https://purl.stanford.edu/jc705rv5462", "title": "二万五千分一樺太空中寫眞測量要圖", "ckey": 12132727, "available": true, "iiifUrl": "https://purl.stanford.edu/jc705rv5462/iiif/manifest" }, "geometry": { "type": "Polygon", "coordinates": [ [ [ 142.125, 48.7500002 ], [ 142.25, 48.7500002 ], [ 142.25, 48.8333335 ], [ 142.125, 48.8333335 ], [ 142.125, 48.7500002 ] ] ] } },
{ "type": "Feature", "properties": { "Id": 0, "Sheet_ID": "惠須取近傍 15", "label": "惠須取近傍 15", "call_short": "G7330 S25 .J32", "call_num": "G7330 S25 .J32 N15", "recid": "ps154pv8157", "websiteUrl": "https://purl.stanford.edu/ps154pv8157", "title": "二万五千分一樺太空中寫眞測量要圖", "ckey": 12132727, "available": true, "iiifUrl": "https://purl.stanford.edu/ps154pv8157/iiif/manifest" }, "geometry": { "type": "Polygon", "coordinates": [ [ [ 142.25, 48.7500002 ], [ 142.375, 48.7500002 ], [ 142.375, 48.8333335 ], [ 142.25, 48.8333335 ], [ 142.25, 48.7500002 ] ] ] } },
{ "type": "Feature", "properties": { "Id": 0, "Sheet_ID": "惠須取近傍 7", "label": "惠須取近傍 7", "call_short": "G7330 S25 .J32", "call_num": "G7330 S25 .J32 N7", "recid": "yh267dv2586", "websiteUrl": "https://purl.stanford.edu/yh267dv2586", "title": "二万五千分一樺太空中寫眞測量要圖", "ckey": 12132727, "available": true, "iiifUrl": "https://purl.stanford.edu/yh267dv2586/iiif/manifest" }, "geometry": { "type": "Polygon", "coordinates": [ [ [ 142.375, 48.7500002 ], [ 142.5, 48.7500002 ], [ 142.5, 48.8333335 ], [ 142.375, 48.8333335 ], [ 142.375, 48.7500002 ] ] ] } },
{ "type": "Feature", "properties": { "Id": 0, "Sheet_ID": "惠須取近傍 38", "label": "惠須取近傍 38", "call_short": "G7330 S25 .J32", "call_num": "G7330 S25 .J32 N38", "recid": "tg981wk5943", "websiteUrl": "https://purl.stanford.edu/tg981wk5943", "title": "二万五千分一樺太空中寫眞測量要圖", "ckey": 12132727, "available": true, "iiifUrl": "https://purl.stanford.edu/tg981wk5943/iiif/manifest" }, "geometry": { "type": "Polygon", "coordinates": [ [ [ 141.875, 48.8333335 ], [ 142.0, 48.8333335 ], [ 142.0, 48.9166667 ], [ 141.875, 48.9166667 ], [ 141.875, 48.8333335 ] ] ] } },
{ "type": "Feature", "properties": { "Id": 0, "Sheet_ID": "惠須取近傍 30", "label": "惠須取近傍 30", "call_short": "G7330 S25 .J32", "call_num": "G7330 S25 .J32 N30", "recid": "js292ct0416", "websiteUrl": "https://purl.stanford.edu/js292ct0416", "title": "二万五千分一樺太空中寫眞測量要圖", "ckey": 12132727, "available": true, "iiifUrl": "https://purl.stanford.edu/js292ct0416/iiif/manifest" }, "geometry": { "type": "Polygon", "coordinates": [ [ [ 142.0, 48.8333335 ], [ 142.125, 48.8333335 ], [ 142.125, 48.9166667 ], [ 142.0, 48.9166667 ], [ 142.0, 48.8333335 ] ] ] } },
{ "type": "Feature", "properties": { "Id": 0, "Sheet_ID": "惠須取近傍 22", "label": "惠須取近傍 22", "call_short": "G7330 S25 .J32", "call_num": "G7330 S25 .J32 N22", "recid": "ft463cr7324", "websiteUrl": "https://purl.stanford.edu/ft463cr7324", "title": "二万五千分一樺太空中寫眞測量要圖", "ckey": 12132727, "available": true, "iiifUrl": "https://purl.stanford.edu/ft463cr7324/iiif/manifest" }, "geometry": { "type": "Polygon", "coordinates": [ [ [ 142.125, 48.8333335 ], [ 142.25, 48.8333335 ], [ 142.25, 48.9166667 ], [ 142.125, 48.9166667 ], [ 142.125, 48.8333335 ] ] ] } },
{ "type": "Feature", "properties": { "Id": 0, "Sheet_ID": "惠須取近傍 14", "label": "惠須取近傍 14", "call_short": "G7330 S25 .J32", "call_num": "G7330 S25 .J32 N14", "recid": "nt982rv1117", "websiteUrl": "https://purl.stanford.edu/nt982rv1117", "title": "二万五千分一樺太空中寫眞測量要圖", "ckey": 12132727, "available": true, "iiifUrl": "https://purl.stanford.edu/nt982rv1117/iiif/manifest" }, "geometry": { "type": "Polygon", "coordinates": [ [ [ 142.25, 48.8333335 ], [ 142.375, 48.8333335 ], [ 142.375, 48.9166667 ], [ 142.25, 48.9166667 ], [ 142.25, 48.8333335 ] ] ] } },
{ "type": "Feature", "properties": { "Id": 0, "Sheet_ID": "惠須取近傍 6", "label": "惠須取近傍 6", "call_short": "G7330 S25 .J32", "call_num": "G7330 S25 .J32 N6", "recid": "ng662hp9543", "websiteUrl": "https://purl.stanford.edu/ng662hp9543", "title": "二万五千分一樺太空中寫眞測量要圖", "ckey": 12132727, "available": true, "iiifUrl": "https://purl.stanford.edu/ng662hp9543/iiif/manifest" }, "geometry": { "type": "Polygon", "coordinates": [ [ [ 142.375, 48.8333335 ], [ 142.5, 48.8333335 ], [ 142.5, 48.9166667 ], [ 142.375, 48.9166667 ], [ 142.375, 48.8333335 ] ] ] } },
{ "type": "Feature", "properties": { "Id": 0, "Sheet_ID": "惠須取近傍 37", "label": "惠須取近傍 37", "call_short": "G7330 S25 .J32", "call_num": "G7330 S25 .J32 N37", "recid": "td563mc7994", "websiteUrl": "https://purl.stanford.edu/td563mc7994", "title": "二万五千分一樺太空中寫眞測量要圖", "ckey": 12132727, "available": true, "iiifUrl": "https://purl.stanford.edu/td563mc7994/iiif/manifest" }, "geometry": { "type": "Polygon", "coordinates": [ [ [ 141.875, 48.9166667 ], [ 142.0, 48.9166667 ], [ 142.0, 49.0 ], [ 141.875, 49.0 ], [ 141.875, 48.9166667 ] ] ] } },
{ "type": "Feature", "properties": { "Id": 0, "Sheet_ID": "惠須取近傍 29", "label": "惠須取近傍 29", "call_short": "G7330 S25 .J32", "call_num": "G7330 S25 .J32 N29", "recid": "px556pn1989", "websiteUrl": "https://purl.stanford.edu/px556pn1989", "title": "二万五千分一樺太空中寫眞測量要圖", "ckey": 12132727, "available": true, "iiifUrl": "https://purl.stanford.edu/px556pn1989/iiif/manifest" }, "geometry": { "type": "Polygon", "coordinates": [ [ [ 142.0, 48.9166667 ], [ 142.125, 48.9166667 ], [ 142.125, 49.0 ], [ 142.0, 49.0 ], [ 142.0, 48.9166667 ] ] ] } },
{ "type": "Feature", "properties": { "Id": 0, "Sheet_ID": "惠須取近傍 21", "label": "惠須取近傍 21", "call_short": "G7330 S25 .J32", "call_num": "G7330 S25 .J32 N21", "recid": "ry876sh0304", "websiteUrl": "https://purl.stanford.edu/ry876sh0304", "title": "二万五千分一樺太空中寫眞測量要圖", "ckey": 12132727, "available": true, "iiifUrl": "https://purl.stanford.edu/ry876sh0304/iiif/manifest" }, "geometry": { "type": "Polygon", "coordinates": [ [ [ 142.125, 48.9166667 ], [ 142.25, 48.9166667 ], [ 142.25, 49.0 ], [ 142.125, 49.0 ], [ 142.125, 48.9166667 ] ] ] } },
{ "type": "Feature", "properties": { "Id": 0, "Sheet_ID": "惠須取近傍 13", "label": "惠須取近傍 13", "call_short": "G7330 S25 .J32", "call_num": "G7330 S25 .J32 N13", "recid": "kg377ym9533", "websiteUrl": "https://purl.stanford.edu/kg377ym9533", "title": "二万五千分一樺太空中寫眞測量要圖", "ckey": 12132727, "available": true, "iiifUrl": "https://purl.stanford.edu/kg377ym9533/iiif/manifest" }, "geometry": { "type": "Polygon", "coordinates": [ [ [ 142.25, 48.9166667 ], [ 142.375, 48.9166667 ], [ 142.375, 49.0 ], [ 142.25, 49.0 ], [ 142.25, 48.9166667 ] ] ] } },
{ "type": "Feature", "properties": { "Id": 0, "Sheet_ID": "惠須取近傍 5", "label": "惠須取近傍 5", "call_short": "G7330 S25 .J32", "call_num": "G7330 S25 .J32 N5", "recid": "kd400nk4237", "websiteUrl": "https://purl.stanford.edu/kd400nk4237", "title": "二万五千分一樺太空中寫眞測量要圖", "ckey": 12132727, "available": true, "iiifUrl": "https://purl.stanford.edu/kd400nk4237/iiif/manifest" }, "geometry": { "type": "Polygon", "coordinates": [ [ [ 142.375, 48.9166667 ], [ 142.5, 48.9166667 ], [ 142.5, 49.0 ], [ 142.375, 49.0 ], [ 142.375, 48.9166667 ] ] ] } },
{ "type": "Feature", "properties": { "Id": 0, "Sheet_ID": "惠須取近傍 28", "label": "惠須取近傍 28", "call_short": "G7330 S25 .J32", "call_num": "G7330 S25 .J32 N28", "recid": "np651nq9061", "websiteUrl": "https://purl.stanford.edu/np651nq9061", "title": "二万五千分一樺太空中寫眞測量要圖", "ckey": 12132727, "available": true, "iiifUrl": "https://purl.stanford.edu/np651nq9061/iiif/manifest" }, "geometry": { "type": "Polygon", "coordinates": [ [ [ 142.0, 49.0 ], [ 142.125, 49.0 ], [ 142.125, 49.0833333 ], [ 142.0, 49.0833333 ], [ 142.0, 49.0 ] ] ] } },
{ "type": "Feature", "properties": { "Id": 0, "Sheet_ID": "惠須取近傍 20", "label": "惠須取近傍 20", "call_short": "G7330 S25 .J32", "call_num": "G7330 S25 .J32 N20", "recid": "gp049gy4581", "websiteUrl": "https://purl.stanford.edu/gp049gy4581", "title": "二万五千分一樺太空中寫眞測量要圖", "ckey": 12132727, "available": true, "iiifUrl": "https://purl.stanford.edu/gp049gy4581/iiif/manifest" }, "geometry": { "type": "Polygon", "coordinates": [ [ [ 142.125, 49.0 ], [ 142.25, 49.0 ], [ 142.25, 49.0833333 ], [ 142.125, 49.0833333 ], [ 142.125, 49.0 ] ] ] } },
{ "type": "Feature", "properties": { "Id": 0, "Sheet_ID": "惠須取近傍 12", "label": "惠須取近傍 12", "call_short": "G7330 S25 .J32", "call_num": "G7330 S25 .J32 N12", "recid": "gh175fw6182", "websiteUrl": "https://purl.stanford.edu/gh175fw6182", "title": "二万五千分一樺太空中寫眞測量要圖", "ckey": 12132727, "available": true, "iiifUrl": "https://purl.stanford.edu/gh175fw6182/iiif/manifest" }, "geometry": { "type": "Polygon", "coordinates": [ [ [ 142.25, 49.0 ], [ 142.375, 49.0 ], [ 142.375, 49.0833333 ], [ 142.25, 49.0833333 ], [ 142.25, 49.0 ] ] ] } },
{ "type": "Feature", "properties": { "Id": 0, "Sheet_ID": "惠須取近傍 4", "label": "惠須取近傍 4", "call_short": "G7330 S25 .J32", "call_num": "G7330 S25 .J32 N4", "recid": "kp307cf6540", "websiteUrl": "https://purl.stanford.edu/kp307cf6540", "title": "二万五千分一樺太空中寫眞測量要圖", "ckey": 12132727, "available": true, "iiifUrl": "https://purl.stanford.edu/kp307cf6540/iiif/manifest" }, "geometry": { "type": "Polygon", "coordinates": [ [ [ 142.375, 49.0 ], [ 142.5, 49.0 ], [ 142.5, 49.0833333 ], [ 142.375, 49.0833333 ], [ 142.375, 49.0 ] ] ] } },
{ "type": "Feature", "properties": { "Id": 0, "Sheet_ID": "惠須取近傍 27", "label": "惠須取近傍 27", "call_short": "G7330 S25 .J32", "call_num": "G7330 S25 .J32 N27", "recid": "rb830jh6491", "websiteUrl": "https://purl.stanford.edu/rb830jh6491", "title": "二万五千分一樺太空中寫眞測量要圖", "ckey": 12132727, "available": true, "iiifUrl": "https://purl.stanford.edu/rb830jh6491/iiif/manifest" }, "geometry": { "type": "Polygon", "coordinates": [ [ [ 142.0, 49.0833333 ], [ 142.125, 49.0833333 ], [ 142.125, 49.1666665 ], [ 142.0, 49.1666665 ], [ 142.0, 49.0833333 ] ] ] } },
{ "type": "Feature", "properties": { "Id": 0, "Sheet_ID": "惠須取近傍 19", "label": "惠須取近傍 19", "call_short": "G7330 S25 .J32", "call_num": "G7330 S25 .J32 N19", "recid": "sp238ff2456", "websiteUrl": "https://purl.stanford.edu/sp238ff2456", "title": "二万五千分一樺太空中寫眞測量要圖", "ckey": 12132727, "available": true, "iiifUrl": "https://purl.stanford.edu/sp238ff2456/iiif/manifest" }, "geometry": { "type": "Polygon", "coordinates": [ [ [ 142.125, 49.0833333 ], [ 142.25, 49.0833333 ], [ 142.25, 49.1666665 ], [ 142.125, 49.1666665 ], [ 142.125, 49.0833333 ] ] ] } },
{ "type": "Feature", "properties": { "Id": 0, "Sheet_ID": "惠須取近傍 11", "label": "惠須取近傍 11", "call_short": "G7330 S25 .J32", "call_num": "G7330 S25 .J32 N11", "recid": "fv680zn0551", "websiteUrl": "https://purl.stanford.edu/fv680zn0551", "title": "二万五千分一樺太空中寫眞測量要圖", "ckey": 12132727, "available": true, "iiifUrl": "https://purl.stanford.edu/fv680zn0551/iiif/manifest" }, "geometry": { "type": "Polygon", "coordinates": [ [ [ 142.25, 49.0833333 ], [ 142.375, 49.0833333 ], [ 142.375, 49.1666665 ], [ 142.25, 49.1666665 ], [ 142.25, 49.0833333 ] ] ] } },
{ "type": "Feature", "properties": { "Id": 0, "Sheet_ID": "惠須取近傍 3", "label": "惠須取近傍 3", "call_short": "G7330 S25 .J32", "call_num": "G7330 S25 .J32 N3", "recid": "yc891hb4584", "websiteUrl": "https://purl.stanford.edu/yc891hb4584", "title": "二万五千分一樺太空中寫眞測量要圖", "ckey": 12132727, "available": true, "iiifUrl": "https://purl.stanford.edu/yc891hb4584/iiif/manifest" }, "geometry": { "type": "Polygon", "coordinates": [ [ [ 142.375, 49.0833333 ], [ 142.5, 49.0833333 ], [ 142.5, 49.1666665 ], [ 142.375, 49.1666665 ], [ 142.375, 49.0833333 ] ] ] } },
{ "type": "Feature", "properties": { "Id": 0, "Sheet_ID": "惠須取近傍 26", "label": "惠須取近傍 26", "call_short": "G7330 S25 .J32", "call_num": "G7330 S25 .J32 N26", "recid": "dh149bj2588", "websiteUrl": "https://purl.stanford.edu/dh149bj2588", "title": "二万五千分一樺太空中寫眞測量要圖", "ckey": 12132727, "available": true, "iiifUrl": "https://purl.stanford.edu/dh149bj2588/iiif/manifest" }, "geometry": { "type": "Polygon", "coordinates": [ [ [ 142.0, 49.1666665 ], [ 142.125, 49.1666665 ], [ 142.125, 49.2499998 ], [ 142.0, 49.2499998 ], [ 142.0, 49.1666665 ] ] ] } },
{ "type": "Feature", "properties": { "Id": 0, "Sheet_ID": "惠須取近傍 18", "label": "惠須取近傍 18", "call_short": "G7330 S25 .J32", "call_num": "G7330 S25 .J32 N18", "recid": "xk298wx6044", "websiteUrl": "https://purl.stanford.edu/xk298wx6044", "title": "二万五千分一樺太空中寫眞測量要圖", "ckey": 12132727, "available": true, "iiifUrl": "https://purl.stanford.edu/xk298wx6044/iiif/manifest" }, "geometry": { "type": "Polygon", "coordinates": [ [ [ 142.125, 49.1666665 ], [ 142.25, 49.1666665 ], [ 142.25, 49.2499998 ], [ 142.125, 49.2499998 ], [ 142.125, 49.1666665 ] ] ] } },
{ "type": "Feature", "properties": { "Id": 0, "Sheet_ID": "惠須取近傍 10", "label": "惠須取近傍 10", "call_short": "G7330 S25 .J32", "call_num": "G7330 S25 .J32 N10", "recid": "tk700fz9419", "websiteUrl": "https://purl.stanford.edu/tk700fz9419", "title": "二万五千分一樺太空中寫眞測量要圖", "ckey": 12132727, "available": true, "iiifUrl": "https://purl.stanford.edu/tk700fz9419/iiif/manifest" }, "geometry": { "type": "Polygon", "coordinates": [ [ [ 142.25, 49.1666665 ], [ 142.375, 49.1666665 ], [ 142.375, 49.2499998 ], [ 142.25, 49.2499998 ], [ 142.25, 49.1666665 ] ] ] } },
{ "type": "Feature", "properties": { "Id": 0, "Sheet_ID": "惠須取近傍 2", "label": "惠須取近傍 2", "call_short": "G7330 S25 .J32", "call_num": "G7330 S25 .J32 N2", "recid": "ft420jq6278", "websiteUrl": "https://purl.stanford.edu/ft420jq6278", "title": "二万五千分一樺太空中寫眞測量要圖", "ckey": 12132727, "available": true, "iiifUrl": "https://purl.stanford.edu/ft420jq6278/iiif/manifest" }, "geometry": { "type": "Polygon", "coordinates": [ [ [ 142.375, 49.1666665 ], [ 142.5, 49.1666665 ], [ 142.5, 49.2499998 ], [ 142.375, 49.2499998 ], [ 142.375, 49.1666665 ] ] ] } },
{ "type": "Feature", "properties": { "Id": 0, "Sheet_ID": "惠須取近傍 25", "label": "惠須取近傍 25", "call_short": "G7330 S25 .J32", "call_num": "G7330 S25 .J32 N25", "recid": "gw378by3142", "websiteUrl": "https://purl.stanford.edu/gw378by3142", "title": "二万五千分一樺太空中寫眞測量要圖", "ckey": 12132727, "available": true, "iiifUrl": "https://purl.stanford.edu/gw378by3142/iiif/manifest" }, "geometry": { "type": "Polygon", "coordinates": [ [ [ 142.0, 49.2499998 ], [ 142.125, 49.2499998 ], [ 142.125, 49.333333 ], [ 142.0, 49.333333 ], [ 142.0, 49.2499998 ] ] ] } },
{ "type": "Feature", "properties": { "Id": 0, "Sheet_ID": "惠須取近傍 17", "label": "惠須取近傍 17", "call_short": "G7330 S25 .J32", "call_num": "G7330 S25 .J32 N17", "recid": "tn161dp9446", "websiteUrl": "https://purl.stanford.edu/tn161dp9446", "title": "二万五千分一樺太空中寫眞測量要圖", "ckey": 12132727, "available": true, "iiifUrl": "https://purl.stanford.edu/tn161dp9446/iiif/manifest" }, "geometry": { "type": "Polygon", "coordinates": [ [ [ 142.125, 49.2499998 ], [ 142.25, 49.2499998 ], [ 142.25, 49.333333 ], [ 142.125, 49.333333 ], [ 142.125, 49.2499998 ] ] ] } },
{ "type": "Feature", "properties": { "Id": 0, "Sheet_ID": "惠須取近傍 9", "label": "惠須取近傍 9", "call_short": "G7330 S25 .J32", "call_num": "G7330 S25 .J32 N9", "recid": "rm408nb6677", "websiteUrl": "https://purl.stanford.edu/rm408nb6677", "title": "二万五千分一樺太空中寫眞測量要圖", "ckey": 12132727, "available": true, "iiifUrl": "https://purl.stanford.edu/rm408nb6677/iiif/manifest" }, "geometry": { "type": "Polygon", "coordinates": [ [ [ 142.25, 49.2499998 ], [ 142.375, 49.2499998 ], [ 142.375, 49.333333 ], [ 142.25, 49.333333 ], [ 142.25, 49.2499998 ] ] ] } },
{ "type": "Feature", "properties": { "Id": 0, "Sheet_ID": "惠須取近傍 1", "label": "惠須取近傍 1", "call_short": "G7330 S25 .J32", "call_num": "G7330 S25 .J32 N1", "recid": "kd197bt6275", "websiteUrl": "https://purl.stanford.edu/kd197bt6275", "title": "二万五千分一樺太空中寫眞測量要圖", "ckey": 12132727, "available": true, "iiifUrl": "https://purl.stanford.edu/kd197bt6275/iiif/manifest" }, "geometry": { "type": "Polygon", "coordinates": [ [ [ 142.375, 49.2499998 ], [ 142.5, 49.2499998 ], [ 142.5, 49.333333 ], [ 142.375, 49.333333 ], [ 142.375, 49.2499998 ] ] ] } },
{ "type": "Feature", "properties": { "Id": 0, "Sheet_ID": "珍内近傍 24", "label": "珍内近傍 24", "call_short": "G7330 S25 .J32", "call_num": "G7330 S25 .J32 O24", "recid": "hn779dz5276", "websiteUrl": "https://purl.stanford.edu/hn779dz5276", "title": "二万五千分一樺太空中寫眞測量要圖", "ckey": 12132727, "available": true, "iiifUrl": "https://purl.stanford.edu/hn779dz5276/iiif/manifest" }, "geometry": { "type": "Polygon", "coordinates": [ [ [ 142.125, 48.0 ], [ 142.25, 48.0 ], [ 142.25, 48.0833334 ], [ 142.125, 48.0833334 ], [ 142.125, 48.0 ] ] ] } },
{ "type": "Feature", "properties": { "Id": 0, "Sheet_ID": "珍内近傍 16", "label": "珍内近傍 16", "call_short": "G7330 S25 .J32", "call_num": "G7330 S25 .J32 O16", "recid": "qm807vk2950", "websiteUrl": "https://purl.stanford.edu/qm807vk2950", "title": "二万五千分一樺太空中寫眞測量要圖", "ckey": 12132727, "available": true, "iiifUrl": "https://purl.stanford.edu/qm807vk2950/iiif/manifest" }, "geometry": { "type": "Polygon", "coordinates": [ [ [ 142.25, 48.0 ], [ 142.375, 48.0 ], [ 142.375, 48.0833334 ], [ 142.25, 48.0833334 ], [ 142.25, 48.0 ] ] ] } },
{ "type": "Feature", "properties": { "Id": 0, "Sheet_ID": "珍内近傍 8", "label": "珍内近傍 8", "call_short": "G7330 S25 .J32", "call_num": "G7330 S25 .J32 O8", "recid": "cg137ht2403", "websiteUrl": "https://purl.stanford.edu/cg137ht2403", "title": "二万五千分一樺太空中寫眞測量要圖", "ckey": 12132727, "available": true, "iiifUrl": "https://purl.stanford.edu/cg137ht2403/iiif/manifest" }, "geometry": { "type": "Polygon", "coordinates": [ [ [ 142.375, 48.0 ], [ 142.5, 48.0 ], [ 142.5, 48.0833334 ], [ 142.375, 48.0833334 ], [ 142.375, 48.0 ] ] ] } },
{ "type": "Feature", "properties": { "Id": 0, "Sheet_ID": "珍内近傍 23", "label": "珍内近傍 23", "call_short": "G7330 S25 .J32", "call_num": "G7330 S25 .J32 O23", "recid": "pm885kf9986", "websiteUrl": "https://purl.stanford.edu/pm885kf9986", "title": "二万五千分一樺太空中寫眞測量要圖", "ckey": 12132727, "available": true, "iiifUrl": "https://purl.stanford.edu/pm885kf9986/iiif/manifest" }, "geometry": { "type": "Polygon", "coordinates": [ [ [ 142.125, 48.0833334 ], [ 142.25, 48.0833334 ], [ 142.25, 48.1666668 ], [ 142.125, 48.1666668 ], [ 142.125, 48.0833334 ] ] ] } },
{ "type": "Feature", "properties": { "Id": 0, "Sheet_ID": "珍内近傍 15", "label": "珍内近傍 15", "call_short": "G7330 S25 .J32", "call_num": "G7330 S25 .J32 O15", "recid": "yt493hh5422", "websiteUrl": "https://purl.stanford.edu/yt493hh5422", "title": "二万五千分一樺太空中寫眞測量要圖", "ckey": 12132727, "available": true, "iiifUrl": "https://purl.stanford.edu/yt493hh5422/iiif/manifest" }, "geometry": { "type": "Polygon", "coordinates": [ [ [ 142.25, 48.0833334 ], [ 142.375, 48.0833334 ], [ 142.375, 48.1666668 ], [ 142.25, 48.1666668 ], [ 142.25, 48.0833334 ] ] ] } },
{ "type": "Feature", "properties": { "Id": 0, "Sheet_ID": "珍内近傍 7", "label": "珍内近傍 7", "call_short": "G7330 S25 .J32", "call_num": "G7330 S25 .J32 O7", "recid": "pb585qj8057", "websiteUrl": "https://purl.stanford.edu/pb585qj8057", "title": "二万五千分一樺太空中寫眞測量要圖", "ckey": 12132727, "available": true, "iiifUrl": "https://purl.stanford.edu/pb585qj8057/iiif/manifest" }, "geometry": { "type": "Polygon", "coordinates": [ [ [ 142.375, 48.0833334 ], [ 142.5, 48.0833334 ], [ 142.5, 48.1666668 ], [ 142.375, 48.1666668 ], [ 142.375, 48.0833334 ] ] ] } },
{ "type": "Feature", "properties": { "Id": 0, "Sheet_ID": "珍内近傍 22", "label": "珍内近傍 22", "call_short": "G7330 S25 .J32", "call_num": "G7330 S25 .J32 O22", "recid": "th804vp2019", "websiteUrl": "https://purl.stanford.edu/th804vp2019", "title": "二万五千分一樺太空中寫眞測量要圖", "ckey": 12132727, "available": true, "iiifUrl": "https://purl.stanford.edu/th804vp2019/iiif/manifest" }, "geometry": { "type": "Polygon", "coordinates": [ [ [ 142.125, 48.1666667 ], [ 142.25, 48.1666667 ], [ 142.25, 48.2500001 ], [ 142.125, 48.2500001 ], [ 142.125, 48.1666667 ] ] ] } },
{ "type": "Feature", "properties": { "Id": 0, "Sheet_ID": "珍内近傍 14", "label": "珍内近傍 14", "call_short": "G7330 S25 .J32", "call_num": "G7330 S25 .J32 O14", "recid": "mc608ds3246", "websiteUrl": "https://purl.stanford.edu/mc608ds3246", "title": "二万五千分一樺太空中寫眞測量要圖", "ckey": 12132727, "available": true, "iiifUrl": "https://purl.stanford.edu/mc608ds3246/iiif/manifest" }, "geometry": { "type": "Polygon", "coordinates": [ [ [ 142.25, 48.1666667 ], [ 142.375, 48.1666667 ], [ 142.375, 48.2500001 ], [ 142.25, 48.2500001 ], [ 142.25, 48.1666667 ] ] ] } },
{ "type": "Feature", "properties": { "Id": 0, "Sheet_ID": "珍内近傍 6", "label": "珍内近傍 6", "call_short": "G7330 S25 .J32", "call_num": "G7330 S25 .J32 O6", "recid": "dw544wq3021", "websiteUrl": "https://purl.stanford.edu/dw544wq3021", "title": "二万五千分一樺太空中寫眞測量要圖", "ckey": 12132727, "available": true, "iiifUrl": "https://purl.stanford.edu/dw544wq3021/iiif/manifest" }, "geometry": { "type": "Polygon", "coordinates": [ [ [ 142.375, 48.1666667 ], [ 142.5, 48.1666667 ], [ 142.5, 48.2500001 ], [ 142.375, 48.2500001 ], [ 142.375, 48.1666667 ] ] ] } },
{ "type": "Feature", "properties": { "Id": 0, "Sheet_ID": "珍内近傍 21", "label": "珍内近傍 21", "call_short": "G7330 S25 .J32", "call_num": "G7330 S25 .J32 O21", "recid": "sh742vb1365", "websiteUrl": "https://purl.stanford.edu/sh742vb1365", "title": "二万五千分一樺太空中寫眞測量要圖", "ckey": 12132727, "available": true, "iiifUrl": "https://purl.stanford.edu/sh742vb1365/iiif/manifest" }, "geometry": { "type": "Polygon", "coordinates": [ [ [ 142.125, 48.2500001 ], [ 142.25, 48.2500001 ], [ 142.25, 48.3333335 ], [ 142.125, 48.3333335 ], [ 142.125, 48.2500001 ] ] ] } },
{ "type": "Feature", "properties": { "Id": 0, "Sheet_ID": "珍内近傍 13", "label": "珍内近傍 13", "call_short": "G7330 S25 .J32", "call_num": "G7330 S25 .J32 O13", "recid": "rk158yh8508", "websiteUrl": "https://purl.stanford.edu/rk158yh8508", "title": "二万五千分一樺太空中寫眞測量要圖", "ckey": 12132727, "available": true, "iiifUrl": "https://purl.stanford.edu/rk158yh8508/iiif/manifest" }, "geometry": { "type": "Polygon", "coordinates": [ [ [ 142.25, 48.2500001 ], [ 142.375, 48.2500001 ], [ 142.375, 48.3333335 ], [ 142.25, 48.3333335 ], [ 142.25, 48.2500001 ] ] ] } },
{ "type": "Feature", "properties": { "Id": 0, "Sheet_ID": "珍内近傍 5", "label": "珍内近傍 5", "call_short": "G7330 S25 .J32", "call_num": "G7330 S25 .J32 O5", "recid": "cx408sp6690", "websiteUrl": "https://purl.stanford.edu/cx408sp6690", "title": "二万五千分一樺太空中寫眞測量要圖", "ckey": 12132727, "available": true, "iiifUrl": "https://purl.stanford.edu/cx408sp6690/iiif/manifest" }, "geometry": { "type": "Polygon", "coordinates": [ [ [ 142.375, 48.2500001 ], [ 142.5, 48.2500001 ], [ 142.5, 48.3333335 ], [ 142.375, 48.3333335 ], [ 142.375, 48.2500001 ] ] ] } },
{ "type": "Feature", "properties": { "Id": 0, "Sheet_ID": "珍内近傍 28", "label": "珍内近傍 28", "call_short": "G7330 S25 .J32", "call_num": "G7330 S25 .J32 O28", "recid": "ps663sq5190", "websiteUrl": "https://purl.stanford.edu/ps663sq5190", "title": "二万五千分一樺太空中寫眞測量要圖", "ckey": 12132727, "available": true, "iiifUrl": "https://purl.stanford.edu/ps663sq5190/iiif/manifest" }, "geometry": { "type": "Polygon", "coordinates": [ [ [ 142.0, 48.3333335 ], [ 142.125, 48.3333335 ], [ 142.125, 48.4166669 ], [ 142.0, 48.4166669 ], [ 142.0, 48.3333335 ] ] ] } },
{ "type": "Feature", "properties": { "Id": 0, "Sheet_ID": "珍内近傍 20", "label": "珍内近傍 20", "call_short": "G7330 S25 .J32", "call_num": "G7330 S25 .J32 O20", "recid": "qz251sw8943", "websiteUrl": "https://purl.stanford.edu/qz251sw8943", "title": "二万五千分一樺太空中寫眞測量要圖", "ckey": 12132727, "available": true, "iiifUrl": "https://purl.stanford.edu/qz251sw8943/iiif/manifest" }, "geometry": { "type": "Polygon", "coordinates": [ [ [ 142.125, 48.3333335 ], [ 142.25, 48.3333335 ], [ 142.25, 48.4166669 ], [ 142.125, 48.4166669 ], [ 142.125, 48.3333335 ] ] ] } },
{ "type": "Feature", "properties": { "Id": 0, "Sheet_ID": "珍内近傍 12", "label": "珍内近傍 12", "call_short": "G7330 S25 .J32", "call_num": "G7330 S25 .J32 O12", "recid": "xj690mm2384", "websiteUrl": "https://purl.stanford.edu/xj690mm2384", "title": "二万五千分一樺太空中寫眞測量要圖", "ckey": 12132727, "available": true, "iiifUrl": "https://purl.stanford.edu/xj690mm2384/iiif/manifest" }, "geometry": { "type": "Polygon", "coordinates": [ [ [ 142.25, 48.3333335 ], [ 142.375, 48.3333335 ], [ 142.375, 48.4166669 ], [ 142.25, 48.4166669 ], [ 142.25, 48.3333335 ] ] ] } },
{ "type": "Feature", "properties": { "Id": 0, "Sheet_ID": "珍内近傍 4", "label": "珍内近傍 4", "call_short": "G7330 S25 .J32", "call_num": "G7330 S25 .J32 O4", "recid": "sq451jy3165", "websiteUrl": "https://purl.stanford.edu/sq451jy3165", "title": "二万五千分一樺太空中寫眞測量要圖", "ckey": 12132727, "available": true, "iiifUrl": "https://purl.stanford.edu/sq451jy3165/iiif/manifest" }, "geometry": { "type": "Polygon", "coordinates": [ [ [ 142.375, 48.3333335 ], [ 142.5, 48.3333335 ], [ 142.5, 48.4166669 ], [ 142.375, 48.4166669 ], [ 142.375, 48.3333335 ] ] ] } },
{ "type": "Feature", "properties": { "Id": 0, "Sheet_ID": "珍内近傍 27", "label": "珍内近傍 27", "call_short": "G7330 S25 .J32", "call_num": "G7330 S25 .J32 O27", "recid": "xp187rc5507", "websiteUrl": "https://purl.stanford.edu/xp187rc5507", "title": "二万五千分一樺太空中寫眞測量要圖", "ckey": 12132727, "available": true, "iiifUrl": "https://purl.stanford.edu/xp187rc5507/iiif/manifest" }, "geometry": { "type": "Polygon", "coordinates": [ [ [ 142.0, 48.4166669 ], [ 142.125, 48.4166669 ], [ 142.125, 48.5000002 ], [ 142.0, 48.5000002 ], [ 142.0, 48.4166669 ] ] ] } },
{ "type": "Feature", "properties": { "Id": 0, "Sheet_ID": "珍内近傍 19", "label": "珍内近傍 19", "call_short": "G7330 S25 .J32", "call_num": "G7330 S25 .J32 O19", "recid": "py710wg4647", "websiteUrl": "https://purl.stanford.edu/py710wg4647", "title": "二万五千分一樺太空中寫眞測量要圖", "ckey": 12132727, "available": true, "iiifUrl": "https://purl.stanford.edu/py710wg4647/iiif/manifest" }, "geometry": { "type": "Polygon", "coordinates": [ [ [ 142.125, 48.4166669 ], [ 142.25, 48.4166669 ], [ 142.25, 48.5000002 ], [ 142.125, 48.5000002 ], [ 142.125, 48.4166669 ] ] ] } },
{ "type": "Feature", "properties": { "Id": 0, "Sheet_ID": "珍内近傍 11", "label": "珍内近傍 11", "call_short": "G7330 S25 .J32", "call_num": "G7330 S25 .J32 O11", "recid": "zs934xm5823", "websiteUrl": "https://purl.stanford.edu/zs934xm5823", "title": "二万五千分一樺太空中寫眞測量要圖", "ckey": 12132727, "available": true, "iiifUrl": "https://purl.stanford.edu/zs934xm5823/iiif/manifest" }, "geometry": { "type": "Polygon", "coordinates": [ [ [ 142.25, 48.4166669 ], [ 142.375, 48.4166669 ], [ 142.375, 48.5000002 ], [ 142.25, 48.5000002 ], [ 142.25, 48.4166669 ] ] ] } },
{ "type": "Feature", "properties": { "Id": 0, "Sheet_ID": "珍内近傍 3", "label": "珍内近傍 3", "call_short": "G7330 S25 .J32", "call_num": "G7330 S25 .J32 O3", "recid": "nb064cy0956", "websiteUrl": "https://purl.stanford.edu/nb064cy0956", "title": "二万五千分一樺太空中寫眞測量要圖", "ckey": 12132727, "available": true, "iiifUrl": "https://purl.stanford.edu/nb064cy0956/iiif/manifest" }, "geometry": { "type": "Polygon", "coordinates": [ [ [ 142.375, 48.4166669 ], [ 142.5, 48.4166669 ], [ 142.5, 48.5000002 ], [ 142.375, 48.5000002 ], [ 142.375, 48.4166669 ] ] ] } },
{ "type": "Feature", "properties": { "Id": 0, "Sheet_ID": "珍内近傍 34", "label": "珍内近傍 34", "call_short": "G7330 S25 .J32", "call_num": "G7330 S25 .J32 O34", "recid": "cv130sm3463", "websiteUrl": "https://purl.stanford.edu/cv130sm3463", "title": "二万五千分一樺太空中寫眞測量要圖", "ckey": 12132727, "available": true, "iiifUrl": "https://purl.stanford.edu/cv130sm3463/iiif/manifest" }, "geometry": { "type": "Polygon", "coordinates": [ [ [ 141.875, 48.5000002 ], [ 142.0, 48.5000002 ], [ 142.0, 48.5833336 ], [ 141.875, 48.5833336 ], [ 141.875, 48.5000002 ] ] ] } },
{ "type": "Feature", "properties": { "Id": 0, "Sheet_ID": "珍内近傍 26", "label": "珍内近傍 26", "call_short": "G7330 S25 .J32", "call_num": "G7330 S25 .J32 O26", "recid": "mk049fh5879", "websiteUrl": "https://purl.stanford.edu/mk049fh5879", "title": "二万五千分一樺太空中寫眞測量要圖", "ckey": 12132727, "available": true, "iiifUrl": "https://purl.stanford.edu/mk049fh5879/iiif/manifest" }, "geometry": { "type": "Polygon", "coordinates": [ [ [ 142.0, 48.5000002 ], [ 142.125, 48.5000002 ], [ 142.125, 48.5833336 ], [ 142.0, 48.5833336 ], [ 142.0, 48.5000002 ] ] ] } },
{ "type": "Feature", "properties": { "Id": 0, "Sheet_ID": "珍内近傍 18", "label": "珍内近傍 18", "call_short": "G7330 S25 .J32", "call_num": "G7330 S25 .J32 O18", "recid": "rp943vg2799", "websiteUrl": "https://purl.stanford.edu/rp943vg2799", "title": "二万五千分一樺太空中寫眞測量要圖", "ckey": 12132727, "available": true, "iiifUrl": "https://purl.stanford.edu/rp943vg2799/iiif/manifest" }, "geometry": { "type": "Polygon", "coordinates": [ [ [ 142.125, 48.5000002 ], [ 142.25, 48.5000002 ], [ 142.25, 48.5833336 ], [ 142.125, 48.5833336 ], [ 142.125, 48.5000002 ] ] ] } },
{ "type": "Feature", "properties": { "Id": 0, "Sheet_ID": "珍内近傍 10", "label": "珍内近傍 10", "call_short": "G7330 S25 .J32", "call_num": "G7330 S25 .J32 O10", "recid": "xy547rb2348", "websiteUrl": "https://purl.stanford.edu/xy547rb2348", "title": "二万五千分一樺太空中寫眞測量要圖", "ckey": 12132727, "available": true, "iiifUrl": "https://purl.stanford.edu/xy547rb2348/iiif/manifest" }, "geometry": { "type": "Polygon", "coordinates": [ [ [ 142.25, 48.5000002 ], [ 142.375, 48.5000002 ], [ 142.375, 48.5833336 ], [ 142.25, 48.5833336 ], [ 142.25, 48.5000002 ] ] ] } },
{ "type": "Feature", "properties": { "Id": 0, "Sheet_ID": "珍内近傍 2", "label": "珍内近傍 2", "call_short": "G7330 S25 .J32", "call_num": "G7330 S25 .J32 O2", "recid": "hb483bk0370", "websiteUrl": "https://purl.stanford.edu/hb483bk0370", "title": "二万五千分一樺太空中寫眞測量要圖", "ckey": 12132727, "available": true, "iiifUrl": "https://purl.stanford.edu/hb483bk0370/iiif/manifest" }, "geometry": { "type": "Polygon", "coordinates": [ [ [ 142.375, 48.5000002 ], [ 142.5, 48.5000002 ], [ 142.5, 48.5833336 ], [ 142.375, 48.5833336 ], [ 142.375, 48.5000002 ] ] ] } },
{ "type": "Feature", "properties": { "Id": 0, "Sheet_ID": "珍内近傍 33", "label": "珍内近傍 33", "call_short": "G7330 S25 .J32", "call_num": "G7330 S25 .J32 O33", "recid": "zq118nz4958", "websiteUrl": "https://purl.stanford.edu/zq118nz4958", "title": "二万五千分一樺太空中寫眞測量要圖", "ckey": 12132727, "available": true, "iiifUrl": "https://purl.stanford.edu/zq118nz4958/iiif/manifest" }, "geometry": { "type": "Polygon", "coordinates": [ [ [ 141.875, 48.5833336 ], [ 142.0, 48.5833336 ], [ 142.0, 48.666667 ], [ 141.875, 48.666667 ], [ 141.875, 48.5833336 ] ] ] } },
{ "type": "Feature", "properties": { "Id": 0, "Sheet_ID": "珍内近傍 25", "label": "珍内近傍 25", "call_short": "G7330 S25 .J32", "call_num": "G7330 S25 .J32 O25", "recid": "xs877pm3183", "websiteUrl": "https://purl.stanford.edu/xs877pm3183", "title": "二万五千分一樺太空中寫眞測量要圖", "ckey": 12132727, "available": true, "iiifUrl": "https://purl.stanford.edu/xs877pm3183/iiif/manifest" }, "geometry": { "type": "Polygon", "coordinates": [ [ [ 142.0, 48.5833336 ], [ 142.125, 48.5833336 ], [ 142.125, 48.666667 ], [ 142.0, 48.666667 ], [ 142.0, 48.5833336 ] ] ] } },
{ "type": "Feature", "properties": { "Id": 0, "Sheet_ID": "珍内近傍 17", "label": "珍内近傍 17", "call_short": "G7330 S25 .J32", "call_num": "G7330 S25 .J32 O17", "recid": "xp129ht6133", "websiteUrl": "https://purl.stanford.edu/xp129ht6133", "title": "二万五千分一樺太空中寫眞測量要圖", "ckey": 12132727, "available": true, "iiifUrl": "https://purl.stanford.edu/xp129ht6133/iiif/manifest" }, "geometry": { "type": "Polygon", "coordinates": [ [ [ 142.125, 48.5833336 ], [ 142.25, 48.5833336 ], [ 142.25, 48.666667 ], [ 142.125, 48.666667 ], [ 142.125, 48.5833336 ] ] ] } },
{ "type": "Feature", "properties": { "Id": 0, "Sheet_ID": "珍内近傍 9", "label": "珍内近傍 9", "call_short": "G7330 S25 .J32", "call_num": "G7330 S25 .J32 O9", "recid": "fg667tb8114", "websiteUrl": "https://purl.stanford.edu/fg667tb8114", "title": "二万五千分一樺太空中寫眞測量要圖", "ckey": 12132727, "available": true, "iiifUrl": "https://purl.stanford.edu/fg667tb8114/iiif/manifest" }, "geometry": { "type": "Polygon", "coordinates": [ [ [ 142.25, 48.5833336 ], [ 142.375, 48.5833336 ], [ 142.375, 48.666667 ], [ 142.25, 48.666667 ], [ 142.25, 48.5833336 ] ] ] } },
{ "type": "Feature", "properties": { "Id": 0, "Sheet_ID": "珍内近傍 1", "label": "珍内近傍 1", "call_short": "G7330 S25 .J32", "call_num": "G7330 S25 .J32 O1", "recid": "gf105hx7744", "websiteUrl": "https://purl.stanford.edu/gf105hx7744", "title": "二万五千分一樺太空中寫眞測量要圖", "ckey": 12132727, "available": true, "iiifUrl": "https://purl.stanford.edu/gf105hx7744/iiif/manifest" }, "geometry": { "type": "Polygon", "coordinates": [ [ [ 142.375, 48.5833336 ], [ 142.5, 48.5833336 ], [ 142.5, 48.666667 ], [ 142.375, 48.666667 ], [ 142.375, 48.5833336 ] ] ] } },
{ "type": "Feature", "properties": { "Id": 0, "Sheet_ID": "泊居近傍 40", "label": "泊居近傍 40", "call_short": "G7330 S25 .J32", "call_num": "G7330 S25 .J32 P40", "recid": "tv704bg9834", "websiteUrl": "https://purl.stanford.edu/tv704bg9834", "title": "二万五千分一樺太空中寫眞測量要圖", "ckey": 12132727, "available": true, "iiifUrl": "https://purl.stanford.edu/tv704bg9834/iiif/manifest" }, "geometry": { "type": "Polygon", "coordinates": [ [ [ 141.875, 47.333333 ], [ 142.0, 47.333333 ], [ 142.0, 47.4166664 ], [ 141.875, 47.4166664 ], [ 141.875, 47.333333 ] ] ] } },
{ "type": "Feature", "properties": { "Id": 0, "Sheet_ID": "泊居近傍 32", "label": "泊居近傍 32", "call_short": "G7330 S25 .J32", "call_num": "G7330 S25 .J32 P32", "recid": "fc005jk6219", "websiteUrl": "https://purl.stanford.edu/fc005jk6219", "title": "二万五千分一樺太空中寫眞測量要圖", "ckey": 12132727, "available": true, "iiifUrl": "https://purl.stanford.edu/fc005jk6219/iiif/manifest" }, "geometry": { "type": "Polygon", "coordinates": [ [ [ 142.0, 47.333333 ], [ 142.125, 47.333333 ], [ 142.125, 47.4166664 ], [ 142.0, 47.4166664 ], [ 142.0, 47.333333 ] ] ] } },
{ "type": "Feature", "properties": { "Id": 0, "Sheet_ID": "泊居近傍 24", "label": "泊居近傍 24", "call_short": "G7330 S25 .J32", "call_num": "G7330 S25 .J32 P24", "recid": "wc888bt0439", "websiteUrl": "https://purl.stanford.edu/wc888bt0439", "title": "二万五千分一樺太空中寫眞測量要圖", "ckey": 12132727, "available": true, "iiifUrl": "https://purl.stanford.edu/wc888bt0439/iiif/manifest" }, "geometry": { "type": "Polygon", "coordinates": [ [ [ 142.125, 47.333333 ], [ 142.25, 47.333333 ], [ 142.25, 47.4166664 ], [ 142.125, 47.4166664 ], [ 142.125, 47.333333 ] ] ] } },
{ "type": "Feature", "properties": { "Id": 0, "Sheet_ID": "泊居近傍 16", "label": "泊居近傍 16", "call_short": "G7330 S25 .J32", "call_num": "G7330 S25 .J32 P16", "recid": "kg157dw7107", "websiteUrl": "https://purl.stanford.edu/kg157dw7107", "title": "二万五千分一樺太空中寫眞測量要圖", "ckey": 12132727, "available": true, "iiifUrl": "https://purl.stanford.edu/kg157dw7107/iiif/manifest" }, "geometry": { "type": "Polygon", "coordinates": [ [ [ 142.25, 47.333333 ], [ 142.375, 47.333333 ], [ 142.375, 47.4166664 ], [ 142.25, 47.4166664 ], [ 142.25, 47.333333 ] ] ] } },
{ "type": "Feature", "properties": { "Id": 0, "Sheet_ID": "泊居近傍 8", "label": "泊居近傍 8", "call_short": "G7330 S25 .J32", "call_num": "G7330 S25 .J32 P8", "recid": "gy770kq9371", "websiteUrl": "https://purl.stanford.edu/gy770kq9371", "title": "二万五千分一樺太空中寫眞測量要圖", "ckey": 12132727, "available": true, "iiifUrl": "https://purl.stanford.edu/gy770kq9371/iiif/manifest" }, "geometry": { "type": "Polygon", "coordinates": [ [ [ 142.375, 47.333333 ], [ 142.5, 47.333333 ], [ 142.5, 47.4166664 ], [ 142.375, 47.4166664 ], [ 142.375, 47.333333 ] ] ] } },
{ "type": "Feature", "properties": { "Id": 0, "Sheet_ID": "泊居近傍 39", "label": "泊居近傍 39", "call_short": "G7330 S25 .J32", "call_num": "G7330 S25 .J32 P39", "recid": "qx629zy2464", "websiteUrl": "https://purl.stanford.edu/qx629zy2464", "title": "二万五千分一樺太空中寫眞測量要圖", "ckey": 12132727, "available": true, "iiifUrl": "https://purl.stanford.edu/qx629zy2464/iiif/manifest" }, "geometry": { "type": "Polygon", "coordinates": [ [ [ 141.875, 47.4166664 ], [ 142.0, 47.4166664 ], [ 142.0, 47.4999998 ], [ 141.875, 47.4999998 ], [ 141.875, 47.4166664 ] ] ] } },
{ "type": "Feature", "properties": { "Id": 0, "Sheet_ID": "泊居近傍 31", "label": "泊居近傍 31", "call_short": "G7330 S25 .J32", "call_num": "G7330 S25 .J32 P31", "recid": "vc144wj1131", "websiteUrl": "https://purl.stanford.edu/vc144wj1131", "title": "二万五千分一樺太空中寫眞測量要圖", "ckey": 12132727, "available": true, "iiifUrl": "https://purl.stanford.edu/vc144wj1131/iiif/manifest" }, "geometry": { "type": "Polygon", "coordinates": [ [ [ 142.0, 47.4166664 ], [ 142.125, 47.4166664 ], [ 142.125, 47.4999998 ], [ 142.0, 47.4999998 ], [ 142.0, 47.4166664 ] ] ] } },
{ "type": "Feature", "properties": { "Id": 0, "Sheet_ID": "泊居近傍 23", "label": "泊居近傍 23", "call_short": "G7330 S25 .J32", "call_num": "G7330 S25 .J32 P23", "recid": "sb509gw8045", "websiteUrl": "https://purl.stanford.edu/sb509gw8045", "title": "二万五千分一樺太空中寫眞測量要圖", "ckey": 12132727, "available": true, "iiifUrl": "https://purl.stanford.edu/sb509gw8045/iiif/manifest" }, "geometry": { "type": "Polygon", "coordinates": [ [ [ 142.125, 47.4166664 ], [ 142.25, 47.4166664 ], [ 142.25, 47.4999998 ], [ 142.125, 47.4999998 ], [ 142.125, 47.4166664 ] ] ] } },
{ "type": "Feature", "properties": { "Id": 0, "Sheet_ID": "泊居近傍 15", "label": "泊居近傍 15", "call_short": "G7330 S25 .J32", "call_num": "G7330 S25 .J32 P15", "recid": "zt464zg5901", "websiteUrl": "https://purl.stanford.edu/zt464zg5901", "title": "二万五千分一樺太空中寫眞測量要圖", "ckey": 12132727, "available": true, "iiifUrl": "https://purl.stanford.edu/zt464zg5901/iiif/manifest" }, "geometry": { "type": "Polygon", "coordinates": [ [ [ 142.25, 47.4166664 ], [ 142.375, 47.4166664 ], [ 142.375, 47.4999998 ], [ 142.25, 47.4999998 ], [ 142.25, 47.4166664 ] ] ] } },
{ "type": "Feature", "properties": { "Id": 0, "Sheet_ID": "泊居近傍 7", "label": "泊居近傍 7", "call_short": "G7330 S25 .J32", "call_num": "G7330 S25 .J32 P7", "recid": "ym508cy5927", "websiteUrl": "https://purl.stanford.edu/ym508cy5927", "title": "二万五千分一樺太空中寫眞測量要圖", "ckey": 12132727, "available": true, "iiifUrl": "https://purl.stanford.edu/ym508cy5927/iiif/manifest" }, "geometry": { "type": "Polygon", "coordinates": [ [ [ 142.375, 47.4166664 ], [ 142.5, 47.4166664 ], [ 142.5, 47.4999998 ], [ 142.375, 47.4999998 ], [ 142.375, 47.4166664 ] ] ] } },
{ "type": "Feature", "properties": { "Id": 0, "Sheet_ID": "泊居近傍 38", "label": "泊居近傍 38", "call_short": "G7330 S25 .J32", "call_num": "G7330 S25 .J32 P38", "recid": "kn708jy1067", "websiteUrl": "https://purl.stanford.edu/kn708jy1067", "title": "二万五千分一樺太空中寫眞測量要圖", "ckey": 12132727, "available": true, "iiifUrl": "https://purl.stanford.edu/kn708jy1067/iiif/manifest" }, "geometry": { "type": "Polygon", "coordinates": [ [ [ 141.875, 47.4999998 ], [ 142.0, 47.4999998 ], [ 142.0, 47.5833331 ], [ 141.875, 47.5833331 ], [ 141.875, 47.4999998 ] ] ] } },
{ "type": "Feature", "properties": { "Id": 0, "Sheet_ID": "泊居近傍 30", "label": "泊居近傍 30", "call_short": "G7330 S25 .J32", "call_num": "G7330 S25 .J32 P30", "recid": "gf992mq0001", "websiteUrl": "https://purl.stanford.edu/gf992mq0001", "title": "二万五千分一樺太空中寫眞測量要圖", "ckey": 12132727, "available": true, "iiifUrl": "https://purl.stanford.edu/gf992mq0001/iiif/manifest" }, "geometry": { "type": "Polygon", "coordinates": [ [ [ 142.0, 47.4999998 ], [ 142.125, 47.4999998 ], [ 142.125, 47.5833331 ], [ 142.0, 47.5833331 ], [ 142.0, 47.4999998 ] ] ] } },
{ "type": "Feature", "properties": { "Id": 0, "Sheet_ID": "泊居近傍 22", "label": "泊居近傍 22", "call_short": "G7330 S25 .J32", "call_num": "G7330 S25 .J32 P22", "recid": "hd500tn8363", "websiteUrl": "https://purl.stanford.edu/hd500tn8363", "title": "二万五千分一樺太空中寫眞測量要圖", "ckey": 12132727, "available": true, "iiifUrl": "https://purl.stanford.edu/hd500tn8363/iiif/manifest" }, "geometry": { "type": "Polygon", "coordinates": [ [ [ 142.125, 47.4999998 ], [ 142.25, 47.4999998 ], [ 142.25, 47.5833331 ], [ 142.125, 47.5833331 ], [ 142.125, 47.4999998 ] ] ] } },
{ "type": "Feature", "properties": { "Id": 0, "Sheet_ID": "泊居近傍 14", "label": "泊居近傍 14", "call_short": "G7330 S25 .J32", "call_num": "G7330 S25 .J32 P14", "recid": "tc193qk0689", "websiteUrl": "https://purl.stanford.edu/tc193qk0689", "title": "二万五千分一樺太空中寫眞測量要圖", "ckey": 12132727, "available": true, "iiifUrl": "https://purl.stanford.edu/tc193qk0689/iiif/manifest" }, "geometry": { "type": "Polygon", "coordinates": [ [ [ 142.25, 47.4999998 ], [ 142.375, 47.4999998 ], [ 142.375, 47.5833331 ], [ 142.25, 47.5833331 ], [ 142.25, 47.4999998 ] ] ] } },
{ "type": "Feature", "properties": { "Id": 0, "Sheet_ID": "泊居近傍 6", "label": "泊居近傍 6", "call_short": "G7330 S25 .J32", "call_num": "G7330 S25 .J32 P6", "recid": "ym983xc5515", "websiteUrl": "https://purl.stanford.edu/ym983xc5515", "title": "二万五千分一樺太空中寫眞測量要圖", "ckey": 12132727, "available": true, "iiifUrl": "https://purl.stanford.edu/ym983xc5515/iiif/manifest" }, "geometry": { "type": "Polygon", "coordinates": [ [ [ 142.375, 47.4999998 ], [ 142.5, 47.4999998 ], [ 142.5, 47.5833331 ], [ 142.375, 47.5833331 ], [ 142.375, 47.4999998 ] ] ] } },
{ "type": "Feature", "properties": { "Id": 0, "Sheet_ID": "泊居近傍 37", "label": "泊居近傍 37", "call_short": "G7330 S25 .J32", "call_num": "G7330 S25 .J32 P37", "recid": "nv399dn1704", "websiteUrl": "https://purl.stanford.edu/nv399dn1704", "title": "二万五千分一樺太空中寫眞測量要圖", "ckey": 12132727, "available": true, "iiifUrl": "https://purl.stanford.edu/nv399dn1704/iiif/manifest" }, "geometry": { "type": "Polygon", "coordinates": [ [ [ 141.875, 47.5833331 ], [ 142.0, 47.5833331 ], [ 142.0, 47.6666665 ], [ 141.875, 47.6666665 ], [ 141.875, 47.5833331 ] ] ] } },
{ "type": "Feature", "properties": { "Id": 0, "Sheet_ID": "泊居近傍 29", "label": "泊居近傍 29", "call_short": "G7330 S25 .J32", "call_num": "G7330 S25 .J32 P29", "recid": "vj570xt6691", "websiteUrl": "https://purl.stanford.edu/vj570xt6691", "title": "二万五千分一樺太空中寫眞測量要圖", "ckey": 12132727, "available": true, "iiifUrl": "https://purl.stanford.edu/vj570xt6691/iiif/manifest" }, "geometry": { "type": "Polygon", "coordinates": [ [ [ 142.0, 47.5833331 ], [ 142.125, 47.5833331 ], [ 142.125, 47.6666665 ], [ 142.0, 47.6666665 ], [ 142.0, 47.5833331 ] ] ] } },
{ "type": "Feature", "properties": { "Id": 0, "Sheet_ID": "泊居近傍 21", "label": "泊居近傍 21", "call_short": "G7330 S25 .J32", "call_num": "G7330 S25 .J32 P21", "recid": "sp331qs1151", "websiteUrl": "https://purl.stanford.edu/sp331qs1151", "title": "二万五千分一樺太空中寫眞測量要圖", "ckey": 12132727, "available": true, "iiifUrl": "https://purl.stanford.edu/sp331qs1151/iiif/manifest" }, "geometry": { "type": "Polygon", "coordinates": [ [ [ 142.125, 47.5833331 ], [ 142.25, 47.5833331 ], [ 142.25, 47.6666665 ], [ 142.125, 47.6666665 ], [ 142.125, 47.5833331 ] ] ] } },
{ "type": "Feature", "properties": { "Id": 0, "Sheet_ID": "泊居近傍 13", "label": "泊居近傍 13", "call_short": "G7330 S25 .J32", "call_num": "G7330 S25 .J32 P13", "recid": "jk986db2034", "websiteUrl": "https://purl.stanford.edu/jk986db2034", "title": "二万五千分一樺太空中寫眞測量要圖", "ckey": 12132727, "available": true, "iiifUrl": "https://purl.stanford.edu/jk986db2034/iiif/manifest" }, "geometry": { "type": "Polygon", "coordinates": [ [ [ 142.25, 47.5833331 ], [ 142.375, 47.5833331 ], [ 142.375, 47.6666665 ], [ 142.25, 47.6666665 ], [ 142.25, 47.5833331 ] ] ] } },
{ "type": "Feature", "properties": { "Id": 0, "Sheet_ID": "泊居近傍 5", "label": "泊居近傍 5", "call_short": "G7330 S25 .J32", "call_num": "G7330 S25 .J32 P5", "recid": "tr319qr9977", "websiteUrl": "https://purl.stanford.edu/tr319qr9977", "title": "二万五千分一樺太空中寫眞測量要圖", "ckey": 12132727, "available": true, "iiifUrl": "https://purl.stanford.edu/tr319qr9977/iiif/manifest" }, "geometry": { "type": "Polygon", "coordinates": [ [ [ 142.375, 47.5833331 ], [ 142.5, 47.5833331 ], [ 142.5, 47.6666665 ], [ 142.375, 47.6666665 ], [ 142.375, 47.5833331 ] ] ] } },
{ "type": "Feature", "properties": { "Id": 0, "Sheet_ID": "泊居近傍 28", "label": "泊居近傍 28", "call_short": "G7330 S25 .J32", "call_num": "G7330 S25 .J32 P28", "recid": "ry128wj0619", "websiteUrl": "https://purl.stanford.edu/ry128wj0619", "title": "二万五千分一樺太空中寫眞測量要圖", "ckey": 12132727, "available": true, "iiifUrl": "https://purl.stanford.edu/ry128wj0619/iiif/manifest" }, "geometry": { "type": "Polygon", "coordinates": [ [ [ 142.0, 47.6666665 ], [ 142.125, 47.6666665 ], [ 142.125, 47.7499999 ], [ 142.0, 47.7499999 ], [ 142.0, 47.6666665 ] ] ] } },
{ "type": "Feature", "properties": { "Id": 0, "Sheet_ID": "泊居近傍 20", "label": "泊居近傍 20", "call_short": "G7330 S25 .J32", "call_num": "G7330 S25 .J32 P20", "recid": "nz669mm6319", "websiteUrl": "https://purl.stanford.edu/nz669mm6319", "title": "二万五千分一樺太空中寫眞測量要圖", "ckey": 12132727, "available": true, "iiifUrl": "https://purl.stanford.edu/nz669mm6319/iiif/manifest" }, "geometry": { "type": "Polygon", "coordinates": [ [ [ 142.125, 47.6666665 ], [ 142.25, 47.6666665 ], [ 142.25, 47.7499999 ], [ 142.125, 47.7499999 ], [ 142.125, 47.6666665 ] ] ] } },
{ "type": "Feature", "properties": { "Id": 0, "Sheet_ID": "泊居近傍 12", "label": "泊居近傍 12", "call_short": "G7330 S25 .J32", "call_num": "G7330 S25 .J32 P12", "recid": "qt836rz8824", "websiteUrl": "https://purl.stanford.edu/qt836rz8824", "title": "二万五千分一樺太空中寫眞測量要圖", "ckey": 12132727, "available": true, "iiifUrl": "https://purl.stanford.edu/qt836rz8824/iiif/manifest" }, "geometry": { "type": "Polygon", "coordinates": [ [ [ 142.25, 47.6666665 ], [ 142.375, 47.6666665 ], [ 142.375, 47.7499999 ], [ 142.25, 47.7499999 ], [ 142.25, 47.6666665 ] ] ] } },
{ "type": "Feature", "properties": { "Id": 0, "Sheet_ID": "泊居近傍 4", "label": "泊居近傍 4", "call_short": "G7330 S25 .J32", "call_num": "G7330 S25 .J32 P4", "recid": "yt719pr3062", "websiteUrl": "https://purl.stanford.edu/yt719pr3062", "title": "二万五千分一樺太空中寫眞測量要圖", "ckey": 12132727, "available": true, "iiifUrl": "https://purl.stanford.edu/yt719pr3062/iiif/manifest" }, "geometry": { "type": "Polygon", "coordinates": [ [ [ 142.375, 47.6666665 ], [ 142.5, 47.6666665 ], [ 142.5, 47.7499999 ], [ 142.375, 47.7499999 ], [ 142.375, 47.6666665 ] ] ] } },
{ "type": "Feature", "properties": { "Id": 0, "Sheet_ID": "泊居近傍 27", "label": "泊居近傍 27", "call_short": "G7330 S25 .J32", "call_num": "G7330 S25 .J32 P27", "recid": "nw410ft5931", "websiteUrl": "https://purl.stanford.edu/nw410ft5931", "title": "二万五千分一樺太空中寫眞測量要圖", "ckey": 12132727, "available": true, "iiifUrl": "https://purl.stanford.edu/nw410ft5931/iiif/manifest" }, "geometry": { "type": "Polygon", "coordinates": [ [ [ 142.0, 47.7499999 ], [ 142.125, 47.7499999 ], [ 142.125, 47.8333333 ], [ 142.0, 47.8333333 ], [ 142.0, 47.7499999 ] ] ] } },
{ "type": "Feature", "properties": { "Id": 0, "Sheet_ID": "泊居近傍 19", "label": "泊居近傍 19", "call_short": "G7330 S25 .J32", "call_num": "G7330 S25 .J32 P19", "recid": "vw030my7998", "websiteUrl": "https://purl.stanford.edu/vw030my7998", "title": "二万五千分一樺太空中寫眞測量要圖", "ckey": 12132727, "available": true, "iiifUrl": "https://purl.stanford.edu/vw030my7998/iiif/manifest" }, "geometry": { "type": "Polygon", "coordinates": [ [ [ 142.125, 47.7499999 ], [ 142.25, 47.7499999 ], [ 142.25, 47.8333333 ], [ 142.125, 47.8333333 ], [ 142.125, 47.7499999 ] ] ] } },
{ "type": "Feature", "properties": { "Id": 0, "Sheet_ID": "泊居近傍 11", "label": "泊居近傍 11", "call_short": "G7330 S25 .J32", "call_num": "G7330 S25 .J32 P11", "recid": "ph059jw2596", "websiteUrl": "https://purl.stanford.edu/ph059jw2596", "title": "二万五千分一樺太空中寫眞測量要圖", "ckey": 12132727, "available": true, "iiifUrl": "https://purl.stanford.edu/ph059jw2596/iiif/manifest" }, "geometry": { "type": "Polygon", "coordinates": [ [ [ 142.25, 47.7499999 ], [ 142.375, 47.7499999 ], [ 142.375, 47.8333333 ], [ 142.25, 47.8333333 ], [ 142.25, 47.7499999 ] ] ] } },
{ "type": "Feature", "properties": { "Id": 0, "Sheet_ID": "泊居近傍 3", "label": "泊居近傍 3", "call_short": "G7330 S25 .J32", "call_num": "G7330 S25 .J32 P3", "recid": "kt697gw8793", "websiteUrl": "https://purl.stanford.edu/kt697gw8793", "title": "二万五千分一樺太空中寫眞測量要圖", "ckey": 12132727, "available": true, "iiifUrl": "https://purl.stanford.edu/kt697gw8793/iiif/manifest" }, "geometry": { "type": "Polygon", "coordinates": [ [ [ 142.375, 47.7499999 ], [ 142.5, 47.7499999 ], [ 142.5, 47.8333333 ], [ 142.375, 47.8333333 ], [ 142.375, 47.7499999 ] ] ] } },
{ "type": "Feature", "properties": { "Id": 0, "Sheet_ID": "泊居近傍 26", "label": "泊居近傍 26", "call_short": "G7330 S25 .J32", "call_num": "G7330 S25 .J32 P26", "recid": "xn042vv9223", "websiteUrl": "https://purl.stanford.edu/xn042vv9223", "title": "二万五千分一樺太空中寫眞測量要圖", "ckey": 12132727, "available": true, "iiifUrl": "https://purl.stanford.edu/xn042vv9223/iiif/manifest" }, "geometry": { "type": "Polygon", "coordinates": [ [ [ 142.0, 47.8333333 ], [ 142.125, 47.8333333 ], [ 142.125, 47.9166666 ], [ 142.0, 47.9166666 ], [ 142.0, 47.8333333 ] ] ] } },
{ "type": "Feature", "properties": { "Id": 0, "Sheet_ID": "泊居近傍 18", "label": "泊居近傍 18", "call_short": "G7330 S25 .J32", "call_num": "G7330 S25 .J32 P18", "recid": "rr728mg1312", "websiteUrl": "https://purl.stanford.edu/rr728mg1312", "title": "二万五千分一樺太空中寫眞測量要圖", "ckey": 12132727, "available": true, "iiifUrl": "https://purl.stanford.edu/rr728mg1312/iiif/manifest" }, "geometry": { "type": "Polygon", "coordinates": [ [ [ 142.125, 47.8333333 ], [ 142.25, 47.8333333 ], [ 142.25, 47.9166666 ], [ 142.125, 47.9166666 ], [ 142.125, 47.8333333 ] ] ] } },
{ "type": "Feature", "properties": { "Id": 0, "Sheet_ID": "泊居近傍 10", "label": "泊居近傍 10", "call_short": "G7330 S25 .J32", "call_num": "G7330 S25 .J32 P10", "recid": "rh950kt9098", "websiteUrl": "https://purl.stanford.edu/rh950kt9098", "title": "二万五千分一樺太空中寫眞測量要圖", "ckey": 12132727, "available": true, "iiifUrl": "https://purl.stanford.edu/rh950kt9098/iiif/manifest" }, "geometry": { "type": "Polygon", "coordinates": [ [ [ 142.25, 47.8333333 ], [ 142.375, 47.8333333 ], [ 142.375, 47.9166666 ], [ 142.25, 47.9166666 ], [ 142.25, 47.8333333 ] ] ] } },
{ "type": "Feature", "properties": { "Id": 0, "Sheet_ID": "泊居近傍 2", "label": "泊居近傍 2", "call_short": "G7330 S25 .J32", "call_num": "G7330 S25 .J32 P2", "recid": "fj959gw5989", "websiteUrl": "https://purl.stanford.edu/fj959gw5989", "title": "二万五千分一樺太空中寫眞測量要圖", "ckey": 12132727, "available": true, "iiifUrl": "https://purl.stanford.edu/fj959gw5989/iiif/manifest" }, "geometry": { "type": "Polygon", "coordinates": [ [ [ 142.375, 47.8333333 ], [ 142.5, 47.8333333 ], [ 142.5, 47.9166666 ], [ 142.375, 47.9166666 ], [ 142.375, 47.8333333 ] ] ] } },
{ "type": "Feature", "properties": { "Id": 0, "Sheet_ID": "泊居近傍 17", "label": "泊居近傍 17", "call_short": "G7330 S25 .J32", "call_num": "G7330 S25 .J32 P17", "recid": "mn853pr5254", "websiteUrl": "https://purl.stanford.edu/mn853pr5254", "title": "二万五千分一樺太空中寫眞測量要圖", "ckey": 12132727, "available": true, "iiifUrl": "https://purl.stanford.edu/mn853pr5254/iiif/manifest" }, "geometry": { "type": "Polygon", "coordinates": [ [ [ 142.125, 47.9166666 ], [ 142.25, 47.9166666 ], [ 142.25, 48.0 ], [ 142.125, 48.0 ], [ 142.125, 47.9166666 ] ] ] } },
{ "type": "Feature", "properties": { "Id": 0, "Sheet_ID": "泊居近傍 9", "label": "泊居近傍 9", "call_short": "G7330 S25 .J32", "call_num": "G7330 S25 .J32 P9", "recid": "sr462sf8098", "websiteUrl": "https://purl.stanford.edu/sr462sf8098", "title": "二万五千分一樺太空中寫眞測量要圖", "ckey": 12132727, "available": true, "iiifUrl": "https://purl.stanford.edu/sr462sf8098/iiif/manifest" }, "geometry": { "type": "Polygon", "coordinates": [ [ [ 142.25, 47.9166666 ], [ 142.375, 47.9166666 ], [ 142.375, 48.0 ], [ 142.25, 48.0 ], [ 142.25, 47.9166666 ] ] ] } },
{ "type": "Feature", "properties": { "Id": 0, "Sheet_ID": "泊居近傍 1", "label": "泊居近傍 1", "call_short": "G7330 S25 .J32", "call_num": "G7330 S25 .J32 P1", "recid": "qb447qy6395", "websiteUrl": "https://purl.stanford.edu/qb447qy6395", "title": "二万五千分一樺太空中寫眞測量要圖", "ckey": 12132727, "available": true, "iiifUrl": "https://purl.stanford.edu/qb447qy6395/iiif/manifest" }, "geometry": { "type": "Polygon", "coordinates": [ [ [ 142.375, 47.9166666 ], [ 142.5, 47.9166666 ], [ 142.5, 48.0 ], [ 142.375, 48.0 ], [ 142.375, 47.9166666 ] ] ] } }
]
}
