{
"type": "FeatureCollection",
"name": "index_map",
"xy_coordinate_resolution": 1e-07,
"features": [
{ "type": "Feature", "properties": { "Id": 0, "Sheet_ID": "新嘉坡", "label": "新嘉坡", "call_short": "0", "call_num": "0", "recid": "0", "websiteUrl": "0", "title": "0", "ckey": 0, "available": false, "iiifUrl": "0" }, "geometry": { "type": "Polygon", "coordinates": [ [ [ 100.0, 0.0 ], [ 105.0, 0.0 ], [ 105.0, 2.5 ], [ 100.0, 2.5 ], [ 100.0, 0.0 ] ] ] } },
{ "type": "Feature", "properties": { "Id": 0, "Sheet_ID": "桑婆斯", "label": "桑婆斯", "call_short": "0", "call_num": "0", "recid": "0", "websiteUrl": "0", "title": "0", "ckey": 0, "available": false, "iiifUrl": "0" }, "geometry": { "type": "Polygon", "coordinates": [ [ [ 105.0, 0.0 ], [ 110.0, 0.0 ], [ 110.0, 2.5 ], [ 105.0, 2.5 ], [ 105.0, 0.0 ] ] ] } },
{ "type": "Feature", "properties": { "Id": 0, "Sheet_ID": "佐良和克", "label": "佐良和克", "call_short": "0", "call_num": "0", "recid": "0", "websiteUrl": "0", "title": "0", "ckey": 0, "available": false, "iiifUrl": "0" }, "geometry": { "type": "Polygon", "coordinates": [ [ [ 110.0, 0.0 ], [ 115.0, 0.0 ], [ 115.0, 2.5 ], [ 110.0, 2.5 ], [ 110.0, 0.0 ] ] ] } },
{ "type": "Feature", "properties": { "Id": 0, "Sheet_ID": "多布爾", "label": "多布爾", "call_short": "0", "call_num": "0", "recid": "0", "websiteUrl": "0", "title": "0", "ckey": 0, "available": false, "iiifUrl": "0" }, "geometry": { "type": "Polygon", "coordinates": [ [ [ 115.0, 0.0 ], [ 120.0, 0.0 ], [ 120.0, 2.5 ], [ 115.0, 2.5 ], [ 115.0, 0.0 ] ] ] } },
{ "type": "Feature", "properties": { "Id": 0, "Sheet_ID": "瑪拿土", "label": "瑪拿土", "call_short": "0", "call_num": "0", "recid": "0", "websiteUrl": "0", "title": "0", "ckey": 0, "available": false, "iiifUrl": "0" }, "geometry": { "type": "Polygon", "coordinates": [ [ [ 120.0, 0.0 ], [ 125.0, 0.0 ], [ 125.0, 2.5 ], [ 120.0, 2.5 ], [ 120.0, 0.0 ] ] ] } },
{ "type": "Feature", "properties": { "Id": 0, "Sheet_ID": "吉羅羅", "label": "吉羅羅", "call_short": "0", "call_num": "0", "recid": "0", "websiteUrl": "0", "title": "0", "ckey": 0, "available": false, "iiifUrl": "0" }, "geometry": { "type": "Polygon", "coordinates": [ [ [ 125.0, 0.0 ], [ 130.0, 0.0 ], [ 130.0, 2.5 ], [ 125.0, 2.5 ], [ 125.0, 0.0 ] ] ] } },
{ "type": "Feature", "properties": { "Id": 0, "Sheet_ID": "白漢", "label": "白漢", "call_short": "0", "call_num": "0", "recid": "0", "websiteUrl": "0", "title": "0", "ckey": 0, "available": false, "iiifUrl": "0" }, "geometry": { "type": "Polygon", "coordinates": [ [ [ 100.0, 2.5 ], [ 105.0, 2.5 ], [ 105.0, 5.0 ], [ 100.0, 5.0 ], [ 100.0, 2.5 ] ] ] } },
{ "type": "Feature", "properties": { "Id": 0, "Sheet_ID": "拿都納諸嶋", "label": "拿都納諸嶋", "call_short": "0", "call_num": "0", "recid": "0", "websiteUrl": "0", "title": "0", "ckey": 0, "available": false, "iiifUrl": "0" }, "geometry": { "type": "Polygon", "coordinates": [ [ [ 105.0, 2.5 ], [ 110.0, 2.5 ], [ 110.0, 5.0 ], [ 105.0, 5.0 ], [ 105.0, 2.5 ] ] ] } },
{ "type": "Feature", "properties": { "Id": 0, "Sheet_ID": "婆羅尼", "label": "婆羅尼", "call_short": "0", "call_num": "0", "recid": "0", "websiteUrl": "0", "title": "0", "ckey": 0, "available": false, "iiifUrl": "0" }, "geometry": { "type": "Polygon", "coordinates": [ [ [ 110.0, 2.5 ], [ 115.0, 2.5 ], [ 115.0, 5.0 ], [ 110.0, 5.0 ], [ 110.0, 2.5 ] ] ] } },
{ "type": "Feature", "properties": { "Id": 0, "Sheet_ID": "伯倫岸", "label": "伯倫岸", "call_short": "0", "call_num": "0", "recid": "0", "websiteUrl": "0", "title": "0", "ckey": 0, "available": false, "iiifUrl": "0" }, "geometry": { "type": "Polygon", "coordinates": [ [ [ 115.0, 2.5 ], [ 120.0, 2.5 ], [ 120.0, 5.0 ], [ 115.0, 5.0 ], [ 115.0, 2.5 ] ] ] } },
{ "type": "Feature", "properties": { "Id": 0, "Sheet_ID": "多拉額爾諸嶋", "label": "多拉額爾諸嶋", "call_short": "0", "call_num": "0", "recid": "0", "websiteUrl": "0", "title": "0", "ckey": 0, "available": false, "iiifUrl": "0" }, "geometry": { "type": "Polygon", "coordinates": [ [ [ 125.0, 2.5 ], [ 130.0, 2.5 ], [ 130.0, 5.0 ], [ 125.0, 5.0 ], [ 125.0, 2.5 ] ] ] } },
{ "type": "Feature", "properties": { "Id": 0, "Sheet_ID": "白南", "label": "白南", "call_short": "0", "call_num": "0", "recid": "0", "websiteUrl": "0", "title": "0", "ckey": 0, "available": false, "iiifUrl": "0" }, "geometry": { "type": "Polygon", "coordinates": [ [ [ 100.0, 5.0 ], [ 105.0, 5.0 ], [ 105.0, 7.5 ], [ 100.0, 7.5 ], [ 100.0, 5.0 ] ] ] } },
{ "type": "Feature", "properties": { "Id": 0, "Sheet_ID": "勞耶爾査爾洛的礁", "label": "勞耶爾査爾洛的礁", "call_short": "0", "call_num": "0", "recid": "0", "websiteUrl": "0", "title": "0", "ckey": 0, "available": false, "iiifUrl": "0" }, "geometry": { "type": "Polygon", "coordinates": [ [ [ 110.0, 5.0 ], [ 115.0, 5.0 ], [ 115.0, 7.5 ], [ 110.0, 7.5 ], [ 110.0, 5.0 ] ] ] } },
{ "type": "Feature", "properties": { "Id": 0, "Sheet_ID": "撒達干", "label": "撒達干", "call_short": "0", "call_num": "0", "recid": "0", "websiteUrl": "0", "title": "0", "ckey": 0, "available": false, "iiifUrl": "0" }, "geometry": { "type": "Polygon", "coordinates": [ [ [ 115.0, 5.0 ], [ 120.0, 5.0 ], [ 120.0, 7.5 ], [ 115.0, 7.5 ], [ 115.0, 5.0 ] ] ] } },
{ "type": "Feature", "properties": { "Id": 0, "Sheet_ID": "蘇禄", "label": "蘇禄", "call_short": "0", "call_num": "0", "recid": "0", "websiteUrl": "0", "title": "0", "ckey": 0, "available": false, "iiifUrl": "0" }, "geometry": { "type": "Polygon", "coordinates": [ [ [ 120.0, 5.0 ], [ 125.0, 5.0 ], [ 125.0, 7.5 ], [ 120.0, 7.5 ], [ 120.0, 5.0 ] ] ] } },
{ "type": "Feature", "properties": { "Id": 0, "Sheet_ID": "他婆俄", "label": "他婆俄", "call_short": "0", "call_num": "0", "recid": "0", "websiteUrl": "0", "title": "0", "ckey": 0, "available": false, "iiifUrl": "0" }, "geometry": { "type": "Polygon", "coordinates": [ [ [ 125.0, 5.0 ], [ 130.0, 5.0 ], [ 130.0, 7.5 ], [ 125.0, 7.5 ], [ 125.0, 5.0 ] ] ] } },
{ "type": "Feature", "properties": { "Id": 0, "Sheet_ID": "果茂岬", "label": "果茂岬", "call_short": "0", "call_num": "0", "recid": "0", "websiteUrl": "0", "title": "0", "ckey": 0, "available": false, "iiifUrl": "0" }, "geometry": { "type": "Polygon", "coordinates": [ [ [ 100.0, 7.5 ], [ 105.0, 7.5 ], [ 105.0, 10.0 ], [ 100.0, 10.0 ], [ 100.0, 7.5 ] ] ] } },
{ "type": "Feature", "properties": { "Id": 0, "Sheet_ID": "眉公河口", "label": "眉公河口", "call_short": "0", "call_num": "0", "recid": "0", "websiteUrl": "0", "title": "0", "ckey": 0, "available": false, "iiifUrl": "0" }, "geometry": { "type": "Polygon", "coordinates": [ [ [ 105.0, 7.5 ], [ 110.0, 7.5 ], [ 110.0, 10.0 ], [ 105.0, 10.0 ], [ 105.0, 7.5 ] ] ] } },
{ "type": "Feature", "properties": { "Id": 0, "Sheet_ID": "司布拉得利嶋", "label": "司布拉得利嶋", "call_short": "0", "call_num": "0", "recid": "0", "websiteUrl": "0", "title": "0", "ckey": 0, "available": false, "iiifUrl": "0" }, "geometry": { "type": "Polygon", "coordinates": [ [ [ 110.0, 7.5 ], [ 115.0, 7.5 ], [ 115.0, 10.0 ], [ 110.0, 10.0 ], [ 110.0, 7.5 ] ] ] } },
{ "type": "Feature", "properties": { "Id": 0, "Sheet_ID": "婆拉婆克嶋", "label": "婆拉婆克嶋", "call_short": "0", "call_num": "0", "recid": "0", "websiteUrl": "0", "title": "0", "ckey": 0, "available": false, "iiifUrl": "0" }, "geometry": { "type": "Polygon", "coordinates": [ [ [ 115.0, 7.5 ], [ 120.0, 7.5 ], [ 120.0, 10.0 ], [ 115.0, 10.0 ], [ 115.0, 7.5 ] ] ] } },
{ "type": "Feature", "properties": { "Id": 0, "Sheet_ID": "伊里岸", "label": "伊里岸", "call_short": "0", "call_num": "0", "recid": "0", "websiteUrl": "0", "title": "0", "ckey": 0, "available": false, "iiifUrl": "0" }, "geometry": { "type": "Polygon", "coordinates": [ [ [ 120.0, 7.5 ], [ 125.0, 7.5 ], [ 125.0, 10.0 ], [ 120.0, 10.0 ], [ 120.0, 7.5 ] ] ] } },
{ "type": "Feature", "properties": { "Id": 0, "Sheet_ID": "蘇里加俄", "label": "蘇里加俄", "call_short": "0", "call_num": "0", "recid": "0", "websiteUrl": "0", "title": "0", "ckey": 0, "available": false, "iiifUrl": "0" }, "geometry": { "type": "Polygon", "coordinates": [ [ [ 125.0, 7.5 ], [ 130.0, 7.5 ], [ 130.0, 10.0 ], [ 125.0, 10.0 ], [ 125.0, 7.5 ] ] ] } },
{ "type": "Feature", "properties": { "Id": 0, "Sheet_ID": "南旺", "label": "南旺", "call_short": "0", "call_num": "0", "recid": "0", "websiteUrl": "0", "title": "0", "ckey": 0, "available": false, "iiifUrl": "0" }, "geometry": { "type": "Polygon", "coordinates": [ [ [ 100.0, 10.0 ], [ 105.0, 10.0 ], [ 105.0, 12.5 ], [ 100.0, 12.5 ], [ 100.0, 10.0 ] ] ] } },
{ "type": "Feature", "properties": { "Id": 0, "Sheet_ID": "柴棍", "label": "柴棍", "call_short": "0", "call_num": "0", "recid": "0", "websiteUrl": "0", "title": "0", "ckey": 0, "available": false, "iiifUrl": "0" }, "geometry": { "type": "Polygon", "coordinates": [ [ [ 105.0, 10.0 ], [ 110.0, 10.0 ], [ 110.0, 12.5 ], [ 105.0, 12.5 ], [ 105.0, 10.0 ] ] ] } },
{ "type": "Feature", "properties": { "Id": 0, "Sheet_ID": "知朱嶋", "label": "知朱嶋", "call_short": "0", "call_num": "0", "recid": "0", "websiteUrl": "0", "title": "0", "ckey": 0, "available": false, "iiifUrl": "0" }, "geometry": { "type": "Polygon", "coordinates": [ [ [ 110.0, 10.0 ], [ 115.0, 10.0 ], [ 115.0, 12.5 ], [ 110.0, 12.5 ], [ 110.0, 10.0 ] ] ] } },
{ "type": "Feature", "properties": { "Id": 0, "Sheet_ID": "帶帶", "label": "帶帶", "call_short": "0", "call_num": "0", "recid": "0", "websiteUrl": "0", "title": "0", "ckey": 0, "available": false, "iiifUrl": "0" }, "geometry": { "type": "Polygon", "coordinates": [ [ [ 115.0, 10.0 ], [ 120.0, 10.0 ], [ 120.0, 12.5 ], [ 115.0, 12.5 ], [ 115.0, 10.0 ] ] ] } },
{ "type": "Feature", "properties": { "Id": 0, "Sheet_ID": "巴奶嶋", "label": "巴奶嶋", "call_short": "0", "call_num": "0", "recid": "0", "websiteUrl": "0", "title": "0", "ckey": 0, "available": false, "iiifUrl": "0" }, "geometry": { "type": "Polygon", "coordinates": [ [ [ 120.0, 10.0 ], [ 125.0, 10.0 ], [ 125.0, 12.5 ], [ 120.0, 12.5 ], [ 120.0, 10.0 ] ] ] } },
{ "type": "Feature", "properties": { "Id": 0, "Sheet_ID": "婆倫安", "label": "婆倫安", "call_short": "0", "call_num": "0", "recid": "0", "websiteUrl": "0", "title": "0", "ckey": 0, "available": false, "iiifUrl": "0" }, "geometry": { "type": "Polygon", "coordinates": [ [ [ 125.0, 10.0 ], [ 130.0, 10.0 ], [ 130.0, 12.5 ], [ 125.0, 12.5 ], [ 125.0, 10.0 ] ] ] } },
{ "type": "Feature", "properties": { "Id": 0, "Sheet_ID": "盤谷", "label": "盤谷", "call_short": "0", "call_num": "0", "recid": "0", "websiteUrl": "0", "title": "0", "ckey": 0, "available": false, "iiifUrl": "0" }, "geometry": { "type": "Polygon", "coordinates": [ [ [ 100.0, 12.5 ], [ 105.0, 12.5 ], [ 105.0, 15.0 ], [ 100.0, 15.0 ], [ 100.0, 12.5 ] ] ] } },
{ "type": "Feature", "properties": { "Id": 0, "Sheet_ID": "冨安", "label": "冨安", "call_short": "0", "call_num": "0", "recid": "0", "websiteUrl": "0", "title": "0", "ckey": 0, "available": false, "iiifUrl": "0" }, "geometry": { "type": "Polygon", "coordinates": [ [ [ 105.0, 12.5 ], [ 110.0, 12.5 ], [ 110.0, 15.0 ], [ 105.0, 15.0 ], [ 105.0, 12.5 ] ] ] } },
{ "type": "Feature", "properties": { "Id": 0, "Sheet_ID": "馬尼喇", "label": "馬尼喇", "call_short": "0", "call_num": "0", "recid": "0", "websiteUrl": "0", "title": "0", "ckey": 0, "available": false, "iiifUrl": "0" }, "geometry": { "type": "Polygon", "coordinates": [ [ [ 120.0, 12.5 ], [ 125.0, 12.5 ], [ 125.0, 15.0 ], [ 120.0, 15.0 ], [ 120.0, 12.5 ] ] ] } },
{ "type": "Feature", "properties": { "Id": 0, "Sheet_ID": "婆達具嶋", "label": "婆達具嶋", "call_short": "0", "call_num": "0", "recid": "0", "websiteUrl": "0", "title": "0", "ckey": 0, "available": false, "iiifUrl": "0" }, "geometry": { "type": "Polygon", "coordinates": [ [ [ 125.0, 12.5 ], [ 130.0, 12.5 ], [ 130.0, 15.0 ], [ 125.0, 15.0 ], [ 125.0, 12.5 ] ] ] } },
{ "type": "Feature", "properties": { "Id": 0, "Sheet_ID": "于盆", "label": "于盆", "call_short": "0", "call_num": "0", "recid": "0", "websiteUrl": "0", "title": "0", "ckey": 0, "available": false, "iiifUrl": "0" }, "geometry": { "type": "Polygon", "coordinates": [ [ [ 100.0, 15.0 ], [ 105.0, 15.0 ], [ 105.0, 17.5 ], [ 100.0, 17.5 ], [ 100.0, 15.0 ] ] ] } },
{ "type": "Feature", "properties": { "Id": 0, "Sheet_ID": "許愛", "label": "許愛", "call_short": "0", "call_num": "0", "recid": "0", "websiteUrl": "0", "title": "0", "ckey": 0, "available": false, "iiifUrl": "0" }, "geometry": { "type": "Polygon", "coordinates": [ [ [ 105.0, 15.0 ], [ 110.0, 15.0 ], [ 110.0, 17.5 ], [ 105.0, 17.5 ], [ 105.0, 15.0 ] ] ] } },
{ "type": "Feature", "properties": { "Id": 0, "Sheet_ID": "巴拉塞爾諸嶋", "label": "巴拉塞爾諸嶋", "call_short": "0", "call_num": "0", "recid": "0", "websiteUrl": "0", "title": "0", "ckey": 0, "available": false, "iiifUrl": "0" }, "geometry": { "type": "Polygon", "coordinates": [ [ [ 110.0, 15.0 ], [ 115.0, 15.0 ], [ 115.0, 17.5 ], [ 110.0, 17.5 ], [ 110.0, 15.0 ] ] ] } },
{ "type": "Feature", "properties": { "Id": 0, "Sheet_ID": "伯里撓岬", "label": "伯里撓岬", "call_short": "0", "call_num": "0", "recid": "0", "websiteUrl": "0", "title": "0", "ckey": 0, "available": false, "iiifUrl": "0" }, "geometry": { "type": "Polygon", "coordinates": [ [ [ 115.0, 15.0 ], [ 120.0, 15.0 ], [ 120.0, 17.5 ], [ 115.0, 17.5 ], [ 115.0, 15.0 ] ] ] } },
{ "type": "Feature", "properties": { "Id": 0, "Sheet_ID": "冷加延", "label": "冷加延", "call_short": "0", "call_num": "0", "recid": "0", "websiteUrl": "0", "title": "0", "ckey": 0, "available": false, "iiifUrl": "0" }, "geometry": { "type": "Polygon", "coordinates": [ [ [ 120.0, 15.0 ], [ 125.0, 15.0 ], [ 125.0, 17.5 ], [ 120.0, 17.5 ], [ 120.0, 15.0 ] ] ] } },
{ "type": "Feature", "properties": { "Id": 0, "Sheet_ID": "東古", "label": "東古", "call_short": "0", "call_num": "0", "recid": "0", "websiteUrl": "0", "title": "0", "ckey": 0, "available": false, "iiifUrl": "0" }, "geometry": { "type": "Polygon", "coordinates": [ [ [ 95.0, 17.5 ], [ 100.0, 17.5 ], [ 100.0, 20.0 ], [ 95.0, 20.0 ], [ 95.0, 17.5 ] ] ] } },
{ "type": "Feature", "properties": { "Id": 0, "Sheet_ID": "路安布拉盤", "label": "路安布拉盤", "call_short": "0", "call_num": "0", "recid": "0", "websiteUrl": "0", "title": "0", "ckey": 0, "available": false, "iiifUrl": "0" }, "geometry": { "type": "Polygon", "coordinates": [ [ [ 100.0, 17.5 ], [ 105.0, 17.5 ], [ 105.0, 20.0 ], [ 100.0, 20.0 ], [ 100.0, 17.5 ] ] ] } },
{ "type": "Feature", "properties": { "Id": 0, "Sheet_ID": "清華", "label": "清華", "call_short": "0", "call_num": "0", "recid": "0", "websiteUrl": "0", "title": "0", "ckey": 0, "available": false, "iiifUrl": "0" }, "geometry": { "type": "Polygon", "coordinates": [ [ [ 105.0, 17.5 ], [ 110.0, 17.5 ], [ 110.0, 20.0 ], [ 105.0, 20.0 ], [ 105.0, 17.5 ] ] ] } },
{ "type": "Feature", "properties": { "Id": 0, "Sheet_ID": "萬州", "label": "萬州", "call_short": "0", "call_num": "0", "recid": "0", "websiteUrl": "0", "title": "0", "ckey": 0, "available": false, "iiifUrl": "0" }, "geometry": { "type": "Polygon", "coordinates": [ [ [ 110.0, 17.5 ], [ 115.0, 17.5 ], [ 115.0, 20.0 ], [ 110.0, 20.0 ], [ 110.0, 17.5 ] ] ] } },
{ "type": "Feature", "properties": { "Id": 0, "Sheet_ID": "維岸", "label": "維岸", "call_short": "0", "call_num": "0", "recid": "0", "websiteUrl": "0", "title": "0", "ckey": 0, "available": false, "iiifUrl": "0" }, "geometry": { "type": "Polygon", "coordinates": [ [ [ 120.0, 17.5 ], [ 125.0, 17.5 ], [ 125.0, 20.0 ], [ 120.0, 20.0 ], [ 120.0, 17.5 ] ] ] } },
{ "type": "Feature", "properties": { "Id": 0, "Sheet_ID": "曼達來", "label": "曼達來", "call_short": "0", "call_num": "0", "recid": "0", "websiteUrl": "0", "title": "0", "ckey": 0, "available": false, "iiifUrl": "0" }, "geometry": { "type": "Polygon", "coordinates": [ [ [ 95.0, 20.0 ], [ 100.0, 20.0 ], [ 100.0, 22.5 ], [ 95.0, 22.5 ], [ 95.0, 20.0 ] ] ] } },
{ "type": "Feature", "properties": { "Id": 0, "Sheet_ID": "W7S3S. 建笨", "label": "W7S3S. 建笨", "call_short": "G7400 S1000 .J3", "call_num": "G7400 S1000 .J3 W7S3S", "recid": "yr314gw9982", "websiteUrl": "https://purl.stanford.edu/yr314gw9982", "title": "東亞輿地圖", "ckey": 9590334, "available": true, "iiifUrl": "https://purl.stanford.edu/yr314gw9982/iiif/manifest" }, "geometry": { "type": "Polygon", "coordinates": [ [ [ 100.0, 20.0 ], [ 105.0, 20.0 ], [ 105.0, 22.5 ], [ 100.0, 22.5 ], [ 100.0, 20.0 ] ] ] } },
{ "type": "Feature", "properties": { "Id": 0, "Sheet_ID": "河内", "label": "河内", "call_short": "0", "call_num": "0", "recid": "0", "websiteUrl": "0", "title": "0", "ckey": 0, "available": false, "iiifUrl": "0" }, "geometry": { "type": "Polygon", "coordinates": [ [ [ 105.0, 20.0 ], [ 110.0, 20.0 ], [ 110.0, 22.5 ], [ 105.0, 22.5 ], [ 105.0, 20.0 ] ] ] } },
{ "type": "Feature", "properties": { "Id": 0, "Sheet_ID": "W5S3S. 香港", "label": "W5S3S. 香港", "call_short": "G7400 S1000 .J3", "call_num": "G7400 S1000 .J3 W5S3S", "recid": "gj595vf8132", "websiteUrl": "https://purl.stanford.edu/gj595vf8132", "title": "東亞輿地圖", "ckey": 9590334, "available": true, "iiifUrl": "https://purl.stanford.edu/gj595vf8132/iiif/manifest" }, "geometry": { "type": "Polygon", "coordinates": [ [ [ 110.0, 20.0 ], [ 115.0, 20.0 ], [ 115.0, 22.5 ], [ 110.0, 22.5 ], [ 110.0, 20.0 ] ] ] } },
{ "type": "Feature", "properties": { "Id": 0, "Sheet_ID": "布拉多斯嶋", "label": "布拉多斯嶋", "call_short": "0", "call_num": "0", "recid": "0", "websiteUrl": "0", "title": "0", "ckey": 0, "available": false, "iiifUrl": "0" }, "geometry": { "type": "Polygon", "coordinates": [ [ [ 115.0, 20.0 ], [ 120.0, 20.0 ], [ 120.0, 22.5 ], [ 115.0, 22.5 ], [ 115.0, 20.0 ] ] ] } },
{ "type": "Feature", "properties": { "Id": 0, "Sheet_ID": "W3S3S. 恒春", "label": "W3S3S. 恒春", "call_short": "G7400 S1000 .J3", "call_num": "G7400 S1000 .J3 W3S3S", "recid": "yh959yk5310", "websiteUrl": "https://purl.stanford.edu/yh959yk5310", "title": "東亞輿地圖", "ckey": 9590334, "available": true, "iiifUrl": "https://purl.stanford.edu/yh959yk5310/iiif/manifest" }, "geometry": { "type": "Polygon", "coordinates": [ [ [ 120.0, 20.0 ], [ 125.0, 20.0 ], [ 125.0, 22.5 ], [ 120.0, 22.5 ], [ 120.0, 20.0 ] ] ] } },
{ "type": "Feature", "properties": { "Id": 0, "Sheet_ID": "加擦", "label": "加擦", "call_short": "0", "call_num": "0", "recid": "0", "websiteUrl": "0", "title": "0", "ckey": 0, "available": false, "iiifUrl": "0" }, "geometry": { "type": "Polygon", "coordinates": [ [ [ 95.0, 22.5 ], [ 100.0, 22.5 ], [ 100.0, 25.0 ], [ 95.0, 25.0 ], [ 95.0, 22.5 ] ] ] } },
{ "type": "Feature", "properties": { "Id": 0, "Sheet_ID": "W7S3N. 雲南", "label": "W7S3N. 雲南", "call_short": "G7400 S1000 .J3", "call_num": "G7400 S1000 .J3 W7S3N", "recid": "gp500vr6780", "websiteUrl": "https://purl.stanford.edu/gp500vr6780", "title": "東亞輿地圖", "ckey": 9590334, "available": true, "iiifUrl": "https://purl.stanford.edu/gp500vr6780/iiif/manifest" }, "geometry": { "type": "Polygon", "coordinates": [ [ [ 100.0, 22.5 ], [ 105.0, 22.5 ], [ 105.0, 25.0 ], [ 100.0, 25.0 ], [ 100.0, 22.5 ] ] ] } },
{ "type": "Feature", "properties": { "Id": 0, "Sheet_ID": "W6S3N. 慶遠", "label": "W6S3N. 慶遠", "call_short": "G7400 S1000 .J3", "call_num": "G7400 S1000 .J3 W6S3N", "recid": "sz485zv9280", "websiteUrl": "https://purl.stanford.edu/sz485zv9280", "title": "東亞輿地圖", "ckey": 9590334, "available": true, "iiifUrl": "https://purl.stanford.edu/sz485zv9280/iiif/manifest" }, "geometry": { "type": "Polygon", "coordinates": [ [ [ 105.0, 22.5 ], [ 110.0, 22.5 ], [ 110.0, 25.0 ], [ 105.0, 25.0 ], [ 105.0, 22.5 ] ] ] } },
{ "type": "Feature", "properties": { "Id": 0, "Sheet_ID": "W5S3N. 廣東", "label": "W5S3N. 廣東", "call_short": "G7400 S1000 .J3", "call_num": "G7400 S1000 .J3 W5S3N", "recid": "wv578gm2134", "websiteUrl": "https://purl.stanford.edu/wv578gm2134", "title": "東亞輿地圖", "ckey": 9590334, "available": true, "iiifUrl": "https://purl.stanford.edu/wv578gm2134/iiif/manifest" }, "geometry": { "type": "Polygon", "coordinates": [ [ [ 110.0, 22.5 ], [ 115.0, 22.5 ], [ 115.0, 25.0 ], [ 110.0, 25.0 ], [ 110.0, 22.5 ] ] ] } },
{ "type": "Feature", "properties": { "Id": 0, "Sheet_ID": "W4S3N. 厦門", "label": "W4S3N. 厦門", "call_short": "G7400 S1000 .J3", "call_num": "G7400 S1000 .J3 W4S3N", "recid": "yz163rm1584", "websiteUrl": "https://purl.stanford.edu/yz163rm1584", "title": "東亞輿地圖", "ckey": 9590334, "available": true, "iiifUrl": "https://purl.stanford.edu/yz163rm1584/iiif/manifest" }, "geometry": { "type": "Polygon", "coordinates": [ [ [ 115.0, 22.5 ], [ 120.0, 22.5 ], [ 120.0, 25.0 ], [ 115.0, 25.0 ], [ 115.0, 22.5 ] ] ] } },
{ "type": "Feature", "properties": { "Id": 0, "Sheet_ID": "W3S3N. 臺南", "label": "W3S3N. 臺南", "call_short": "G7400 S1000 .J3", "call_num": "G7400 S1000 .J3 W3S3N", "recid": "wy314xc0969", "websiteUrl": "https://purl.stanford.edu/wy314xc0969", "title": "東亞輿地圖", "ckey": 9590334, "available": true, "iiifUrl": "https://purl.stanford.edu/wy314xc0969/iiif/manifest" }, "geometry": { "type": "Polygon", "coordinates": [ [ [ 120.0, 22.5 ], [ 125.0, 22.5 ], [ 125.0, 25.0 ], [ 120.0, 25.0 ], [ 120.0, 22.5 ] ] ] } },
{ "type": "Feature", "properties": { "Id": 0, "Sheet_ID": "W2S3N. 宮古嶋", "label": "W2S3N. 宮古嶋", "call_short": "G7400 S1000 .J3", "call_num": "G7400 S1000 .J3 W2S3N", "recid": "ms669kr4630", "websiteUrl": "https://purl.stanford.edu/ms669kr4630", "title": "東亞輿地圖", "ckey": 9590334, "available": true, "iiifUrl": "https://purl.stanford.edu/ms669kr4630/iiif/manifest" }, "geometry": { "type": "Polygon", "coordinates": [ [ [ 125.0, 22.5 ], [ 130.0, 22.5 ], [ 130.0, 25.0 ], [ 125.0, 25.0 ], [ 125.0, 22.5 ] ] ] } },
{ "type": "Feature", "properties": { "Id": 0, "Sheet_ID": "W1S3N. 良佐嶋", "label": "W1S3N. 良佐嶋", "call_short": "G7400 S1000 .J3", "call_num": "G7400 S1000 .J3 W1S3N", "recid": "hw583xk7068", "websiteUrl": "https://purl.stanford.edu/hw583xk7068", "title": "東亞輿地圖", "ckey": 9590334, "available": true, "iiifUrl": "https://purl.stanford.edu/hw583xk7068/iiif/manifest" }, "geometry": { "type": "Polygon", "coordinates": [ [ [ 130.0, 22.5 ], [ 135.0, 22.5 ], [ 135.0, 25.0 ], [ 130.0, 25.0 ], [ 130.0, 22.5 ] ] ] } },
{ "type": "Feature", "properties": { "Id": 0, "Sheet_ID": "雲龍", "label": "雲龍", "call_short": "0", "call_num": "0", "recid": "0", "websiteUrl": "0", "title": "0", "ckey": 0, "available": false, "iiifUrl": "0" }, "geometry": { "type": "Polygon", "coordinates": [ [ [ 95.0, 25.0 ], [ 100.0, 25.0 ], [ 100.0, 27.5 ], [ 95.0, 27.5 ], [ 95.0, 25.0 ] ] ] } },
{ "type": "Feature", "properties": { "Id": 0, "Sheet_ID": "W7S2S. 曲靖", "label": "W7S2S. 曲靖", "call_short": "G7400 S1000 .J3", "call_num": "G7400 S1000 .J3 W7S2S", "recid": "mq532gn4094", "websiteUrl": "https://purl.stanford.edu/mq532gn4094", "title": "東亞輿地圖", "ckey": 9590334, "available": true, "iiifUrl": "https://purl.stanford.edu/mq532gn4094/iiif/manifest" }, "geometry": { "type": "Polygon", "coordinates": [ [ [ 100.0, 25.0 ], [ 105.0, 25.0 ], [ 105.0, 27.5 ], [ 100.0, 27.5 ], [ 100.0, 25.0 ] ] ] } },
{ "type": "Feature", "properties": { "Id": 0, "Sheet_ID": "貴陽", "label": "貴陽", "call_short": "0", "call_num": "0", "recid": "0", "websiteUrl": "0", "title": "0", "ckey": 0, "available": false, "iiifUrl": "0" }, "geometry": { "type": "Polygon", "coordinates": [ [ [ 105.0, 25.0 ], [ 110.0, 25.0 ], [ 110.0, 27.5 ], [ 105.0, 27.5 ], [ 105.0, 25.0 ] ] ] } },
{ "type": "Feature", "properties": { "Id": 0, "Sheet_ID": "桂林", "label": "桂林", "call_short": "0", "call_num": "0", "recid": "0", "websiteUrl": "0", "title": "0", "ckey": 0, "available": false, "iiifUrl": "0" }, "geometry": { "type": "Polygon", "coordinates": [ [ [ 110.0, 25.0 ], [ 115.0, 25.0 ], [ 115.0, 27.5 ], [ 110.0, 27.5 ], [ 110.0, 25.0 ] ] ] } },
{ "type": "Feature", "properties": { "Id": 0, "Sheet_ID": "W4S2S. 福州", "label": "W4S2S. 福州", "call_short": "G7400 S1000 .J3", "call_num": "G7400 S1000 .J3 W4S2S", "recid": "qq126bh3509", "websiteUrl": "https://purl.stanford.edu/qq126bh3509", "title": "東亞輿地圖", "ckey": 9590334, "available": true, "iiifUrl": "https://purl.stanford.edu/qq126bh3509/iiif/manifest" }, "geometry": { "type": "Polygon", "coordinates": [ [ [ 115.0, 25.0 ], [ 120.0, 25.0 ], [ 120.0, 27.5 ], [ 115.0, 27.5 ], [ 115.0, 25.0 ] ] ] } },
{ "type": "Feature", "properties": { "Id": 0, "Sheet_ID": "W3S2S. 臺北", "label": "W3S2S. 臺北", "call_short": "G7400 S1000 .J3", "call_num": "G7400 S1000 .J3 W3S2S", "recid": "gx966db3148", "websiteUrl": "https://purl.stanford.edu/gx966db3148", "title": "東亞輿地圖", "ckey": 9590334, "available": true, "iiifUrl": "https://purl.stanford.edu/gx966db3148/iiif/manifest" }, "geometry": { "type": "Polygon", "coordinates": [ [ [ 120.0, 25.0 ], [ 125.0, 25.0 ], [ 125.0, 27.5 ], [ 120.0, 27.5 ], [ 120.0, 25.0 ] ] ] } },
{ "type": "Feature", "properties": { "Id": 0, "Sheet_ID": "W2S2S. 那覇", "label": "W2S2S. 那覇", "call_short": "G7400 S1000 .J3", "call_num": "G7400 S1000 .J3 W2S2S", "recid": "tj436fw5154", "websiteUrl": "https://purl.stanford.edu/tj436fw5154", "title": "東亞輿地圖", "ckey": 9590334, "available": true, "iiifUrl": "https://purl.stanford.edu/tj436fw5154/iiif/manifest" }, "geometry": { "type": "Polygon", "coordinates": [ [ [ 125.0, 25.0 ], [ 130.0, 25.0 ], [ 130.0, 27.5 ], [ 125.0, 27.5 ], [ 125.0, 25.0 ] ] ] } },
{ "type": "Feature", "properties": { "Id": 0, "Sheet_ID": "W1S2S. 大東嶋", "label": "W1S2S. 大東嶋", "call_short": "G7400 S1000 .J3", "call_num": "G7400 S1000 .J3 W1S2S", "recid": "fw730rk9323", "websiteUrl": "https://purl.stanford.edu/fw730rk9323", "title": "東亞輿地圖", "ckey": 9590334, "available": true, "iiifUrl": "https://purl.stanford.edu/fw730rk9323/iiif/manifest" }, "geometry": { "type": "Polygon", "coordinates": [ [ [ 130.0, 25.0 ], [ 135.0, 25.0 ], [ 135.0, 27.5 ], [ 130.0, 27.5 ], [ 130.0, 25.0 ] ] ] } },
{ "type": "Feature", "properties": { "Id": 0, "Sheet_ID": "巴塘", "label": "巴塘", "call_short": "0", "call_num": "0", "recid": "0", "websiteUrl": "0", "title": "0", "ckey": 0, "available": false, "iiifUrl": "0" }, "geometry": { "type": "Polygon", "coordinates": [ [ [ 95.0, 27.5 ], [ 100.0, 27.5 ], [ 100.0, 30.0 ], [ 95.0, 30.0 ], [ 95.0, 27.5 ] ] ] } },
{ "type": "Feature", "properties": { "Id": 0, "Sheet_ID": "W7S2N. 嘉定", "label": "W7S2N. 嘉定", "call_short": "G7400 S1000 .J3", "call_num": "G7400 S1000 .J3 W7S2N", "recid": "vb231sr5444", "websiteUrl": "https://purl.stanford.edu/vb231sr5444", "title": "東亞輿地圖", "ckey": 9590334, "available": true, "iiifUrl": "https://purl.stanford.edu/vb231sr5444/iiif/manifest" }, "geometry": { "type": "Polygon", "coordinates": [ [ [ 100.0, 27.5 ], [ 105.0, 27.5 ], [ 105.0, 30.0 ], [ 100.0, 30.0 ], [ 100.0, 27.5 ] ] ] } },
{ "type": "Feature", "properties": { "Id": 0, "Sheet_ID": "W6S2N. 重慶", "label": "W6S2N. 重慶", "call_short": "G7400 S1000 .J3", "call_num": "G7400 S1000 .J3 W6S2N", "recid": "xg382gh7415", "websiteUrl": "https://purl.stanford.edu/xg382gh7415", "title": "東亞輿地圖", "ckey": 9590334, "available": true, "iiifUrl": "https://purl.stanford.edu/xg382gh7415/iiif/manifest" }, "geometry": { "type": "Polygon", "coordinates": [ [ [ 105.0, 27.5 ], [ 110.0, 27.5 ], [ 110.0, 30.0 ], [ 105.0, 30.0 ], [ 105.0, 27.5 ] ] ] } },
{ "type": "Feature", "properties": { "Id": 0, "Sheet_ID": "長沙", "label": "長沙", "call_short": "0", "call_num": "0", "recid": "0", "websiteUrl": "0", "title": "0", "ckey": 0, "available": false, "iiifUrl": "0" }, "geometry": { "type": "Polygon", "coordinates": [ [ [ 110.0, 27.5 ], [ 115.0, 27.5 ], [ 115.0, 30.0 ], [ 110.0, 30.0 ], [ 110.0, 27.5 ] ] ] } },
{ "type": "Feature", "properties": { "Id": 0, "Sheet_ID": "W4S2N. 南昌", "label": "W4S2N. 南昌", "call_short": "G7400 S1000 .J3", "call_num": "G7400 S1000 .J3 W4S2N", "recid": "rw637gs4783", "websiteUrl": "https://purl.stanford.edu/rw637gs4783", "title": "東亞輿地圖", "ckey": 9590334, "available": true, "iiifUrl": "https://purl.stanford.edu/rw637gs4783/iiif/manifest" }, "geometry": { "type": "Polygon", "coordinates": [ [ [ 115.0, 27.5 ], [ 120.0, 27.5 ], [ 120.0, 30.0 ], [ 115.0, 30.0 ], [ 115.0, 27.5 ] ] ] } },
{ "type": "Feature", "properties": { "Id": 0, "Sheet_ID": "W3S2N. 寧波", "label": "W3S2N. 寧波", "call_short": "G7400 S1000 .J3", "call_num": "G7400 S1000 .J3 W3S2N", "recid": "hv338qb0817", "websiteUrl": "https://purl.stanford.edu/hv338qb0817", "title": "東亞輿地圖", "ckey": 9590334, "available": true, "iiifUrl": "https://purl.stanford.edu/hv338qb0817/iiif/manifest" }, "geometry": { "type": "Polygon", "coordinates": [ [ [ 120.0, 27.5 ], [ 125.0, 27.5 ], [ 125.0, 30.0 ], [ 120.0, 30.0 ], [ 120.0, 27.5 ] ] ] } },
{ "type": "Feature", "properties": { "Id": 0, "Sheet_ID": "W2S2N. 奄美大嶋", "label": "W2S2N. 奄美大嶋", "call_short": "G7400 S1000 .J3", "call_num": "G7400 S1000 .J3 W2S2N", "recid": "jf064kh7031", "websiteUrl": "https://purl.stanford.edu/jf064kh7031", "title": "東亞輿地圖", "ckey": 9590334, "available": true, "iiifUrl": "https://purl.stanford.edu/jf064kh7031/iiif/manifest" }, "geometry": { "type": "Polygon", "coordinates": [ [ [ 125.0, 27.5 ], [ 130.0, 27.5 ], [ 130.0, 30.0 ], [ 125.0, 30.0 ], [ 125.0, 27.5 ] ] ] } },
{ "type": "Feature", "properties": { "Id": 0, "Sheet_ID": "喜界嶋", "label": "喜界嶋", "call_short": "0", "call_num": "0", "recid": "0", "websiteUrl": "0", "title": "0", "ckey": 0, "available": false, "iiifUrl": "0" }, "geometry": { "type": "Polygon", "coordinates": [ [ [ 130.0, 27.5 ], [ 135.0, 27.5 ], [ 135.0, 30.0 ], [ 130.0, 30.0 ], [ 130.0, 27.5 ] ] ] } },
{ "type": "Feature", "properties": { "Id": 0, "Sheet_ID": "寮穆多", "label": "寮穆多", "call_short": "0", "call_num": "0", "recid": "0", "websiteUrl": "0", "title": "0", "ckey": 0, "available": false, "iiifUrl": "0" }, "geometry": { "type": "Polygon", "coordinates": [ [ [ 95.0, 30.0 ], [ 100.0, 30.0 ], [ 100.0, 32.5 ], [ 95.0, 32.5 ], [ 95.0, 30.0 ] ] ] } },
{ "type": "Feature", "properties": { "Id": 0, "Sheet_ID": "W7S1S. 成都", "label": "W7S1S. 成都", "call_short": "G7400 S1000 .J3", "call_num": "G7400 S1000 .J3 W7S1S", "recid": "bv498bc3514", "websiteUrl": "https://purl.stanford.edu/bv498bc3514", "title": "東亞輿地圖", "ckey": 9590334, "available": true, "iiifUrl": "https://purl.stanford.edu/bv498bc3514/iiif/manifest" }, "geometry": { "type": "Polygon", "coordinates": [ [ [ 100.0, 30.0 ], [ 105.0, 30.0 ], [ 105.0, 32.5 ], [ 100.0, 32.5 ], [ 100.0, 30.0 ] ] ] } },
{ "type": "Feature", "properties": { "Id": 0, "Sheet_ID": "W6S1S. 綏定", "label": "W6S1S. 綏定", "call_short": "G7400 S1000 .J3", "call_num": "G7400 S1000 .J3 W6S1S", "recid": "wg121sr8341", "websiteUrl": "https://purl.stanford.edu/wg121sr8341", "title": "東亞輿地圖", "ckey": 9590334, "available": true, "iiifUrl": "https://purl.stanford.edu/wg121sr8341/iiif/manifest" }, "geometry": { "type": "Polygon", "coordinates": [ [ [ 105.0, 30.0 ], [ 110.0, 30.0 ], [ 110.0, 32.5 ], [ 105.0, 32.5 ], [ 105.0, 30.0 ] ] ] } },
{ "type": "Feature", "properties": { "Id": 0, "Sheet_ID": "W5S1S. 武昌", "label": "W5S1S. 武昌", "call_short": "G7400 S1000 .J3", "call_num": "G7400 S1000 .J3 W5S1S", "recid": "fj402wt1955", "websiteUrl": "https://purl.stanford.edu/fj402wt1955", "title": "東亞輿地圖", "ckey": 9590334, "available": true, "iiifUrl": "https://purl.stanford.edu/fj402wt1955/iiif/manifest" }, "geometry": { "type": "Polygon", "coordinates": [ [ [ 110.0, 30.0 ], [ 115.0, 30.0 ], [ 115.0, 32.5 ], [ 110.0, 32.5 ], [ 110.0, 30.0 ] ] ] } },
{ "type": "Feature", "properties": { "Id": 0, "Sheet_ID": "南京", "label": "南京", "call_short": "0", "call_num": "0", "recid": "0", "websiteUrl": "0", "title": "0", "ckey": 0, "available": false, "iiifUrl": "0" }, "geometry": { "type": "Polygon", "coordinates": [ [ [ 115.0, 30.0 ], [ 120.0, 30.0 ], [ 120.0, 32.5 ], [ 115.0, 32.5 ], [ 115.0, 30.0 ] ] ] } },
{ "type": "Feature", "properties": { "Id": 0, "Sheet_ID": "上海", "label": "上海", "call_short": "0", "call_num": "0", "recid": "0", "websiteUrl": "0", "title": "0", "ckey": 0, "available": false, "iiifUrl": "0" }, "geometry": { "type": "Polygon", "coordinates": [ [ [ 120.0, 30.0 ], [ 125.0, 30.0 ], [ 125.0, 32.5 ], [ 120.0, 32.5 ], [ 120.0, 30.0 ] ] ] } },
{ "type": "Feature", "properties": { "Id": 0, "Sheet_ID": "甑島", "label": "甑島", "call_short": "0", "call_num": "0", "recid": "0", "websiteUrl": "0", "title": "0", "ckey": 0, "available": false, "iiifUrl": "0" }, "geometry": { "type": "Polygon", "coordinates": [ [ [ 125.0, 30.0 ], [ 130.0, 30.0 ], [ 130.0, 32.5 ], [ 125.0, 32.5 ], [ 125.0, 30.0 ] ] ] } },
{ "type": "Feature", "properties": { "Id": 0, "Sheet_ID": "鹿兒嶋", "label": "鹿兒嶋", "call_short": "0", "call_num": "0", "recid": "0", "websiteUrl": "0", "title": "0", "ckey": 0, "available": false, "iiifUrl": "0" }, "geometry": { "type": "Polygon", "coordinates": [ [ [ 130.0, 30.0 ], [ 135.0, 30.0 ], [ 135.0, 32.5 ], [ 130.0, 32.5 ], [ 130.0, 30.0 ] ] ] } },
{ "type": "Feature", "properties": { "Id": 0, "Sheet_ID": "珠古布", "label": "珠古布", "call_short": "0", "call_num": "0", "recid": "0", "websiteUrl": "0", "title": "0", "ckey": 0, "available": false, "iiifUrl": "0" }, "geometry": { "type": "Polygon", "coordinates": [ [ [ 95.0, 32.5 ], [ 100.0, 32.5 ], [ 100.0, 35.0 ], [ 95.0, 35.0 ], [ 95.0, 32.5 ] ] ] } },
{ "type": "Feature", "properties": { "Id": 0, "Sheet_ID": "W7S1N. 岷州", "label": "W7S1N. 岷州", "call_short": "G7400 S1000 .J3", "call_num": "G7400 S1000 .J3 W7S1N", "recid": "rf229jj4527", "websiteUrl": "https://purl.stanford.edu/rf229jj4527", "title": "東亞輿地圖", "ckey": 9590334, "available": true, "iiifUrl": "https://purl.stanford.edu/rf229jj4527/iiif/manifest" }, "geometry": { "type": "Polygon", "coordinates": [ [ [ 100.0, 32.5 ], [ 105.0, 32.5 ], [ 105.0, 35.0 ], [ 100.0, 35.0 ], [ 100.0, 32.5 ] ] ] } },
{ "type": "Feature", "properties": { "Id": 0, "Sheet_ID": "W6S1N. 西安", "label": "W6S1N. 西安", "call_short": "G7400 S1000 .J3", "call_num": "G7400 S1000 .J3 W6S1N", "recid": "db229wv8018", "websiteUrl": "https://purl.stanford.edu/db229wv8018", "title": "東亞輿地圖", "ckey": 9590334, "available": true, "iiifUrl": "https://purl.stanford.edu/db229wv8018/iiif/manifest" }, "geometry": { "type": "Polygon", "coordinates": [ [ [ 105.0, 32.5 ], [ 110.0, 32.5 ], [ 110.0, 35.0 ], [ 105.0, 35.0 ], [ 105.0, 32.5 ] ] ] } },
{ "type": "Feature", "properties": { "Id": 0, "Sheet_ID": "W5S1N. 開封", "label": "W5S1N. 開封", "call_short": "G7400 S1000 .J3", "call_num": "G7400 S1000 .J3 W5S1N", "recid": "ps486mk7518", "websiteUrl": "https://purl.stanford.edu/ps486mk7518", "title": "東亞輿地圖", "ckey": 9590334, "available": true, "iiifUrl": "https://purl.stanford.edu/ps486mk7518/iiif/manifest" }, "geometry": { "type": "Polygon", "coordinates": [ [ [ 110.0, 32.5 ], [ 115.0, 32.5 ], [ 115.0, 35.0 ], [ 110.0, 35.0 ], [ 110.0, 32.5 ] ] ] } },
{ "type": "Feature", "properties": { "Id": 0, "Sheet_ID": "W4S1N. 鳳陽", "label": "W4S1N. 鳳陽", "call_short": "G7400 S1000 .J3", "call_num": "G7400 S1000 .J3 W4S1N", "recid": "cc774tv3720", "websiteUrl": "https://purl.stanford.edu/cc774tv3720", "title": "東亞輿地圖", "ckey": 9590334, "available": true, "iiifUrl": "https://purl.stanford.edu/cc774tv3720/iiif/manifest" }, "geometry": { "type": "Polygon", "coordinates": [ [ [ 115.0, 32.5 ], [ 120.0, 32.5 ], [ 120.0, 35.0 ], [ 115.0, 35.0 ], [ 115.0, 32.5 ] ] ] } },
{ "type": "Feature", "properties": { "Id": 0, "Sheet_ID": "W3S1N. 鹽城", "label": "W3S1N. 鹽城", "call_short": "G7400 S1000 .J3", "call_num": "G7400 S1000 .J3 W3S1N", "recid": "pg316ys9999", "websiteUrl": "https://purl.stanford.edu/pg316ys9999", "title": "東亞輿地圖", "ckey": 9590334, "available": true, "iiifUrl": "https://purl.stanford.edu/pg316ys9999/iiif/manifest" }, "geometry": { "type": "Polygon", "coordinates": [ [ [ 120.0, 32.5 ], [ 125.0, 32.5 ], [ 125.0, 35.0 ], [ 120.0, 35.0 ], [ 120.0, 32.5 ] ] ] } },
{ "type": "Feature", "properties": { "Id": 0, "Sheet_ID": "長崎", "label": "長崎", "call_short": "0", "call_num": "0", "recid": "0", "websiteUrl": "0", "title": "0", "ckey": 0, "available": false, "iiifUrl": "0" }, "geometry": { "type": "Polygon", "coordinates": [ [ [ 125.0, 32.5 ], [ 130.0, 32.5 ], [ 130.0, 35.0 ], [ 125.0, 35.0 ], [ 125.0, 32.5 ] ] ] } },
{ "type": "Feature", "properties": { "Id": 0, "Sheet_ID": "廣嶋", "label": "廣嶋", "call_short": "0", "call_num": "0", "recid": "0", "websiteUrl": "0", "title": "0", "ckey": 0, "available": false, "iiifUrl": "0" }, "geometry": { "type": "Polygon", "coordinates": [ [ [ 130.0, 32.5 ], [ 135.0, 32.5 ], [ 135.0, 35.0 ], [ 130.0, 35.0 ], [ 130.0, 32.5 ] ] ] } },
{ "type": "Feature", "properties": { "Id": 0, "Sheet_ID": "E1S1N. 大阪", "label": "E1S1N. 大阪", "call_short": "G7400 S1000 .J3", "call_num": "G7400 S1000 .J3 E1S1N", "recid": "vh229xp6110", "websiteUrl": "https://purl.stanford.edu/vh229xp6110", "title": "東亞輿地圖", "ckey": 9590334, "available": true, "iiifUrl": "https://purl.stanford.edu/vh229xp6110/iiif/manifest" }, "geometry": { "type": "Polygon", "coordinates": [ [ [ 135.0, 32.5 ], [ 140.0, 32.5 ], [ 140.0, 35.0 ], [ 135.0, 35.0 ], [ 135.0, 32.5 ] ] ] } },
{ "type": "Feature", "properties": { "Id": 0, "Sheet_ID": "W13N1S. イシカシム", "label": "W13N1S. イシカシム", "call_short": "G7400 S1000 .J3", "call_num": "G7400 S1000 .J3 W13N1S", "recid": "yj942pc8722", "websiteUrl": "https://purl.stanford.edu/yj942pc8722", "title": "東亞輿地圖", "ckey": 9590334, "available": true, "iiifUrl": "https://purl.stanford.edu/yj942pc8722/iiif/manifest" }, "geometry": { "type": "Polygon", "coordinates": [ [ [ 70.0, 35.0 ], [ 75.0, 35.0 ], [ 75.0, 37.5 ], [ 70.0, 37.5 ], [ 70.0, 35.0 ] ] ] } },
{ "type": "Feature", "properties": { "Id": 0, "Sheet_ID": "W12N1S. 和闐", "label": "W12N1S. 和闐", "call_short": "G7400 S1000 .J3", "call_num": "G7400 S1000 .J3 W12N1S", "recid": "zj388xg8504", "websiteUrl": "https://purl.stanford.edu/zj388xg8504", "title": "東亞輿地圖", "ckey": 9590334, "available": true, "iiifUrl": "https://purl.stanford.edu/zj388xg8504/iiif/manifest" }, "geometry": { "type": "Polygon", "coordinates": [ [ [ 75.0, 35.0 ], [ 80.0, 35.0 ], [ 80.0, 37.5 ], [ 75.0, 37.5 ], [ 75.0, 35.0 ] ] ] } },
{ "type": "Feature", "properties": { "Id": 0, "Sheet_ID": "W11N1S. 克里雅", "label": "W11N1S. 克里雅", "call_short": "G7400 S1000 .J3", "call_num": "G7400 S1000 .J3 W11N1S", "recid": "tj285nm3779", "websiteUrl": "https://purl.stanford.edu/tj285nm3779", "title": "東亞輿地圖", "ckey": 9590334, "available": true, "iiifUrl": "https://purl.stanford.edu/tj285nm3779/iiif/manifest" }, "geometry": { "type": "Polygon", "coordinates": [ [ [ 80.0, 35.0 ], [ 85.0, 35.0 ], [ 85.0, 37.5 ], [ 80.0, 37.5 ], [ 80.0, 35.0 ] ] ] } },
{ "type": "Feature", "properties": { "Id": 0, "Sheet_ID": "W10N1S. 沁司坎", "label": "W10N1S. 沁司坎", "call_short": "G7400 S1000 .J3", "call_num": "G7400 S1000 .J3 W10N1S", "recid": "dw871zt5612", "websiteUrl": "https://purl.stanford.edu/dw871zt5612", "title": "東亞輿地圖", "ckey": 9590334, "available": true, "iiifUrl": "https://purl.stanford.edu/dw871zt5612/iiif/manifest" }, "geometry": { "type": "Polygon", "coordinates": [ [ [ 85.0, 35.0 ], [ 90.0, 35.0 ], [ 90.0, 37.5 ], [ 85.0, 37.5 ], [ 85.0, 35.0 ] ] ] } },
{ "type": "Feature", "properties": { "Id": 0, "Sheet_ID": "W9N1S. 哈雅阿魯", "label": "W9N1S. 哈雅阿魯", "call_short": "G7400 S1000 .J3", "call_num": "G7400 S1000 .J3 W9N1S", "recid": "hw809qd3947", "websiteUrl": "https://purl.stanford.edu/hw809qd3947", "title": "東亞輿地圖", "ckey": 9590334, "available": true, "iiifUrl": "https://purl.stanford.edu/hw809qd3947/iiif/manifest" }, "geometry": { "type": "Polygon", "coordinates": [ [ [ 90.0, 35.0 ], [ 95.0, 35.0 ], [ 95.0, 37.5 ], [ 90.0, 37.5 ], [ 90.0, 35.0 ] ] ] } },
{ "type": "Feature", "properties": { "Id": 0, "Sheet_ID": "W8N1S. 都蘭奇特", "label": "W8N1S. 都蘭奇特", "call_short": "G7400 S1000 .J3", "call_num": "G7400 S1000 .J3 W8N1S", "recid": "kx382rj0087", "websiteUrl": "https://purl.stanford.edu/kx382rj0087", "title": "東亞輿地圖", "ckey": 9590334, "available": true, "iiifUrl": "https://purl.stanford.edu/kx382rj0087/iiif/manifest" }, "geometry": { "type": "Polygon", "coordinates": [ [ [ 95.0, 35.0 ], [ 100.0, 35.0 ], [ 100.0, 37.5 ], [ 95.0, 37.5 ], [ 95.0, 35.0 ] ] ] } },
{ "type": "Feature", "properties": { "Id": 0, "Sheet_ID": "W7N1S. 蘭州", "label": "W7N1S. 蘭州", "call_short": "G7400 S1000 .J3", "call_num": "G7400 S1000 .J3 W7N1S", "recid": "pb797kn6270", "websiteUrl": "https://purl.stanford.edu/pb797kn6270", "title": "東亞輿地圖", "ckey": 9590334, "available": true, "iiifUrl": "https://purl.stanford.edu/pb797kn6270/iiif/manifest" }, "geometry": { "type": "Polygon", "coordinates": [ [ [ 100.0, 35.0 ], [ 105.0, 35.0 ], [ 105.0, 37.5 ], [ 100.0, 37.5 ], [ 100.0, 35.0 ] ] ] } },
{ "type": "Feature", "properties": { "Id": 0, "Sheet_ID": "平凉", "label": "平凉", "call_short": "0", "call_num": "0", "recid": "0", "websiteUrl": "0", "title": "0", "ckey": 0, "available": false, "iiifUrl": "0" }, "geometry": { "type": "Polygon", "coordinates": [ [ [ 105.0, 35.0 ], [ 110.0, 35.0 ], [ 110.0, 37.5 ], [ 105.0, 37.5 ], [ 105.0, 35.0 ] ] ] } },
{ "type": "Feature", "properties": { "Id": 0, "Sheet_ID": "W5N1S. 平陽", "label": "W5N1S. 平陽", "call_short": "G7400 S1000 .J3", "call_num": "G7400 S1000 .J3 W5N1S", "recid": "qd584nd7163", "websiteUrl": "https://purl.stanford.edu/qd584nd7163", "title": "東亞輿地圖", "ckey": 9590334, "available": true, "iiifUrl": "https://purl.stanford.edu/qd584nd7163/iiif/manifest" }, "geometry": { "type": "Polygon", "coordinates": [ [ [ 110.0, 35.0 ], [ 115.0, 35.0 ], [ 115.0, 37.5 ], [ 110.0, 37.5 ], [ 110.0, 35.0 ] ] ] } },
{ "type": "Feature", "properties": { "Id": 0, "Sheet_ID": "W4N1S. 濟南", "label": "W4N1S. 濟南", "call_short": "G7400 S1000 .J3", "call_num": "G7400 S1000 .J3 W4N1S", "recid": "ps491pm8682", "websiteUrl": "https://purl.stanford.edu/ps491pm8682", "title": "東亞輿地圖", "ckey": 9590334, "available": true, "iiifUrl": "https://purl.stanford.edu/ps491pm8682/iiif/manifest" }, "geometry": { "type": "Polygon", "coordinates": [ [ [ 115.0, 35.0 ], [ 120.0, 35.0 ], [ 120.0, 37.5 ], [ 115.0, 37.5 ], [ 115.0, 35.0 ] ] ] } },
{ "type": "Feature", "properties": { "Id": 0, "Sheet_ID": "W3N1S. 靑島", "label": "W3N1S. 靑島", "call_short": "G7400 S1000 .J3", "call_num": "G7400 S1000 .J3 W3N1S", "recid": "bb790yg4497", "websiteUrl": "https://purl.stanford.edu/bb790yg4497", "title": "東亞輿地圖", "ckey": 9590334, "available": true, "iiifUrl": "https://purl.stanford.edu/bb790yg4497/iiif/manifest" }, "geometry": { "type": "Polygon", "coordinates": [ [ [ 120.0, 35.0 ], [ 125.0, 35.0 ], [ 125.0, 37.5 ], [ 120.0, 37.5 ], [ 120.0, 35.0 ] ] ] } },
{ "type": "Feature", "properties": { "Id": 0, "Sheet_ID": "釡山", "label": "釡山", "call_short": "0", "call_num": "0", "recid": "0", "websiteUrl": "0", "title": "0", "ckey": 0, "available": false, "iiifUrl": "0" }, "geometry": { "type": "Polygon", "coordinates": [ [ [ 125.0, 35.0 ], [ 130.0, 35.0 ], [ 130.0, 37.5 ], [ 125.0, 37.5 ], [ 125.0, 35.0 ] ] ] } },
{ "type": "Feature", "properties": { "Id": 0, "Sheet_ID": "松江", "label": "松江", "call_short": "0", "call_num": "0", "recid": "0", "websiteUrl": "0", "title": "0", "ckey": 0, "available": false, "iiifUrl": "0" }, "geometry": { "type": "Polygon", "coordinates": [ [ [ 130.0, 35.0 ], [ 135.0, 35.0 ], [ 135.0, 37.5 ], [ 130.0, 37.5 ], [ 130.0, 35.0 ] ] ] } },
{ "type": "Feature", "properties": { "Id": 0, "Sheet_ID": "E1N1S. 東京", "label": "E1N1S. 東京", "call_short": "G7400 S1000 .J3", "call_num": "G7400 S1000 .J3 E1N1S", "recid": "dk560xc8880", "websiteUrl": "https://purl.stanford.edu/dk560xc8880", "title": "東亞輿地圖", "ckey": 9590334, "available": true, "iiifUrl": "https://purl.stanford.edu/dk560xc8880/iiif/manifest" }, "geometry": { "type": "Polygon", "coordinates": [ [ [ 135.0, 35.0 ], [ 140.0, 35.0 ], [ 140.0, 37.5 ], [ 135.0, 37.5 ], [ 135.0, 35.0 ] ] ] } },
{ "type": "Feature", "properties": { "Id": 0, "Sheet_ID": "E2N1S. 水戸", "label": "E2N1S. 水戸", "call_short": "G7400 S1000 .J3", "call_num": "G7400 S1000 .J3 E2N1S", "recid": "rx558rn0482", "websiteUrl": "https://purl.stanford.edu/rx558rn0482", "title": "東亞輿地圖", "ckey": 9590334, "available": true, "iiifUrl": "https://purl.stanford.edu/rx558rn0482/iiif/manifest" }, "geometry": { "type": "Polygon", "coordinates": [ [ [ 140.0, 35.0 ], [ 145.0, 35.0 ], [ 145.0, 37.5 ], [ 140.0, 37.5 ], [ 140.0, 35.0 ] ] ] } },
{ "type": "Feature", "properties": { "Id": 0, "Sheet_ID": "W13N1N. ガルム", "label": "W13N1N. ガルム", "call_short": "G7400 S1000 .J3", "call_num": "G7400 S1000 .J3 W13N1N", "recid": "pc768wy1160", "websiteUrl": "https://purl.stanford.edu/pc768wy1160", "title": "東亞輿地圖", "ckey": 9590334, "available": true, "iiifUrl": "https://purl.stanford.edu/pc768wy1160/iiif/manifest" }, "geometry": { "type": "Polygon", "coordinates": [ [ [ 70.0, 37.5 ], [ 75.0, 37.5 ], [ 75.0, 40.0 ], [ 70.0, 40.0 ], [ 70.0, 37.5 ] ] ] } },
{ "type": "Feature", "properties": { "Id": 0, "Sheet_ID": "W12N1N. 喀什噶爾", "label": "W12N1N. 喀什噶爾", "call_short": "G7400 S1000 .J3", "call_num": "G7400 S1000 .J3 W12N1N", "recid": "vb433vy2362", "websiteUrl": "https://purl.stanford.edu/vb433vy2362", "title": "東亞輿地圖", "ckey": 9590334, "available": true, "iiifUrl": "https://purl.stanford.edu/vb433vy2362/iiif/manifest" }, "geometry": { "type": "Polygon", "coordinates": [ [ [ 75.0, 37.5 ], [ 80.0, 37.5 ], [ 80.0, 40.0 ], [ 75.0, 40.0 ], [ 75.0, 37.5 ] ] ] } },
{ "type": "Feature", "properties": { "Id": 0, "Sheet_ID": "布克薩穆", "label": "布克薩穆", "call_short": "0", "call_num": "0", "recid": "0", "websiteUrl": "0", "title": "0", "ckey": 0, "available": false, "iiifUrl": "0" }, "geometry": { "type": "Polygon", "coordinates": [ [ [ 80.0, 37.5 ], [ 85.0, 37.5 ], [ 85.0, 40.0 ], [ 80.0, 40.0 ], [ 80.0, 37.5 ] ] ] } },
{ "type": "Feature", "properties": { "Id": 0, "Sheet_ID": "W10N1N. 羅布泊", "label": "W10N1N. 羅布泊", "call_short": "G7400 S1000 .J3", "call_num": "G7400 S1000 .J3 W10N1N", "recid": "yz923pn5741", "websiteUrl": "https://purl.stanford.edu/yz923pn5741", "title": "東亞輿地圖", "ckey": 9590334, "available": true, "iiifUrl": "https://purl.stanford.edu/yz923pn5741/iiif/manifest" }, "geometry": { "type": "Polygon", "coordinates": [ [ [ 85.0, 37.5 ], [ 90.0, 37.5 ], [ 90.0, 40.0 ], [ 85.0, 40.0 ], [ 85.0, 37.5 ] ] ] } },
{ "type": "Feature", "properties": { "Id": 0, "Sheet_ID": "W9N1N. 玉門關", "label": "W9N1N. 玉門關", "call_short": "G7400 S1000 .J3", "call_num": "G7400 S1000 .J3 W9N1N", "recid": "nj609ws0302", "websiteUrl": "https://purl.stanford.edu/nj609ws0302", "title": "東亞輿地圖", "ckey": 9590334, "available": true, "iiifUrl": "https://purl.stanford.edu/nj609ws0302/iiif/manifest" }, "geometry": { "type": "Polygon", "coordinates": [ [ [ 90.0, 37.5 ], [ 95.0, 37.5 ], [ 95.0, 40.0 ], [ 90.0, 40.0 ], [ 90.0, 37.5 ] ] ] } },
{ "type": "Feature", "properties": { "Id": 0, "Sheet_ID": "W8N1N. 酒泉", "label": "W8N1N. 酒泉", "call_short": "G7400 S1000 .J3", "call_num": "G7400 S1000 .J3 W8N1N", "recid": "ky282cw1217", "websiteUrl": "https://purl.stanford.edu/ky282cw1217", "title": "東亞輿地圖", "ckey": 9590334, "available": true, "iiifUrl": "https://purl.stanford.edu/ky282cw1217/iiif/manifest" }, "geometry": { "type": "Polygon", "coordinates": [ [ [ 95.0, 37.5 ], [ 100.0, 37.5 ], [ 100.0, 40.0 ], [ 95.0, 40.0 ], [ 95.0, 37.5 ] ] ] } },
{ "type": "Feature", "properties": { "Id": 0, "Sheet_ID": "W7N1N. 甘州", "label": "W7N1N. 甘州", "call_short": "G7400 S1000 .J3", "call_num": "G7400 S1000 .J3 W7N1N", "recid": "jb796qy3899", "websiteUrl": "https://purl.stanford.edu/jb796qy3899", "title": "東亞輿地圖", "ckey": 9590334, "available": true, "iiifUrl": "https://purl.stanford.edu/jb796qy3899/iiif/manifest" }, "geometry": { "type": "Polygon", "coordinates": [ [ [ 100.0, 37.5 ], [ 105.0, 37.5 ], [ 105.0, 40.0 ], [ 100.0, 40.0 ], [ 100.0, 37.5 ] ] ] } },
{ "type": "Feature", "properties": { "Id": 0, "Sheet_ID": "W6N1N. 榆林", "label": "W6N1N. 榆林", "call_short": "G7400 S1000 .J3", "call_num": "G7400 S1000 .J3 W6N1N", "recid": "tw493qb0667", "websiteUrl": "https://purl.stanford.edu/tw493qb0667", "title": "東亞輿地圖", "ckey": 9590334, "available": true, "iiifUrl": "https://purl.stanford.edu/tw493qb0667/iiif/manifest" }, "geometry": { "type": "Polygon", "coordinates": [ [ [ 105.0, 37.5 ], [ 110.0, 37.5 ], [ 110.0, 40.0 ], [ 105.0, 40.0 ], [ 105.0, 37.5 ] ] ] } },
{ "type": "Feature", "properties": { "Id": 0, "Sheet_ID": "太原", "label": "太原", "call_short": "0", "call_num": "0", "recid": "0", "websiteUrl": "0", "title": "0", "ckey": 0, "available": false, "iiifUrl": "0" }, "geometry": { "type": "Polygon", "coordinates": [ [ [ 110.0, 37.5 ], [ 115.0, 37.5 ], [ 115.0, 40.0 ], [ 110.0, 40.0 ], [ 110.0, 37.5 ] ] ] } },
{ "type": "Feature", "properties": { "Id": 0, "Sheet_ID": "W4N1N. 北平", "label": "W4N1N. 北平", "call_short": "G7400 S1000 .J3", "call_num": "G7400 S1000 .J3 W4N1N", "recid": "zf065pd2402", "websiteUrl": "https://purl.stanford.edu/zf065pd2402", "title": "東亞輿地圖", "ckey": 9590334, "available": true, "iiifUrl": "https://purl.stanford.edu/zf065pd2402/iiif/manifest" }, "geometry": { "type": "Polygon", "coordinates": [ [ [ 115.0, 37.5 ], [ 120.0, 37.5 ], [ 120.0, 40.0 ], [ 115.0, 40.0 ], [ 115.0, 37.5 ] ] ] } },
{ "type": "Feature", "properties": { "Id": 0, "Sheet_ID": "W3N1N. 旅順", "label": "W3N1N. 旅順", "call_short": "G7400 S1000 .J3", "call_num": "G7400 S1000 .J3 W3N1N", "recid": "cw825vy5324", "websiteUrl": "https://purl.stanford.edu/cw825vy5324", "title": "東亞輿地圖", "ckey": 9590334, "available": true, "iiifUrl": "https://purl.stanford.edu/cw825vy5324/iiif/manifest" }, "geometry": { "type": "Polygon", "coordinates": [ [ [ 120.0, 37.5 ], [ 125.0, 37.5 ], [ 125.0, 40.0 ], [ 120.0, 40.0 ], [ 120.0, 37.5 ] ] ] } },
{ "type": "Feature", "properties": { "Id": 0, "Sheet_ID": "漢城 / 亰城", "label": "漢城 / 亰城", "call_short": "0", "call_num": "0", "recid": "0", "websiteUrl": "0", "title": "0", "ckey": 0, "available": false, "iiifUrl": "0" }, "geometry": { "type": "Polygon", "coordinates": [ [ [ 125.0, 37.5 ], [ 130.0, 37.5 ], [ 130.0, 40.0 ], [ 125.0, 40.0 ], [ 125.0, 37.5 ] ] ] } },
{ "type": "Feature", "properties": { "Id": 0, "Sheet_ID": "鬱陵嶋", "label": "鬱陵嶋", "call_short": "0", "call_num": "0", "recid": "0", "websiteUrl": "0", "title": "0", "ckey": 0, "available": false, "iiifUrl": "0" }, "geometry": { "type": "Polygon", "coordinates": [ [ [ 130.0, 37.5 ], [ 135.0, 37.5 ], [ 135.0, 40.0 ], [ 130.0, 40.0 ], [ 130.0, 37.5 ] ] ] } },
{ "type": "Feature", "properties": { "Id": 0, "Sheet_ID": "E1N1N. 新潟", "label": "E1N1N. 新潟", "call_short": "G7400 S1000 .J3", "call_num": "G7400 S1000 .J3 E1N1N", "recid": "cv727df1227", "websiteUrl": "https://purl.stanford.edu/cv727df1227", "title": "東亞輿地圖", "ckey": 9590334, "available": true, "iiifUrl": "https://purl.stanford.edu/cv727df1227/iiif/manifest" }, "geometry": { "type": "Polygon", "coordinates": [ [ [ 135.0, 37.5 ], [ 140.0, 37.5 ], [ 140.0, 40.0 ], [ 135.0, 40.0 ], [ 135.0, 37.5 ] ] ] } },
{ "type": "Feature", "properties": { "Id": 0, "Sheet_ID": "E2N1N. 仙臺", "label": "E2N1N. 仙臺", "call_short": "G7400 S1000 .J3", "call_num": "G7400 S1000 .J3 E2N1N", "recid": "rv543nv2709", "websiteUrl": "https://purl.stanford.edu/rv543nv2709", "title": "東亞輿地圖", "ckey": 9590334, "available": true, "iiifUrl": "https://purl.stanford.edu/rv543nv2709/iiif/manifest" }, "geometry": { "type": "Polygon", "coordinates": [ [ [ 140.0, 37.5 ], [ 145.0, 37.5 ], [ 145.0, 40.0 ], [ 140.0, 40.0 ], [ 140.0, 37.5 ] ] ] } },
{ "type": "Feature", "properties": { "Id": 0, "Sheet_ID": "W13N2S. マルゲラン", "label": "W13N2S. マルゲラン", "call_short": "G7400 S1000 .J3", "call_num": "G7400 S1000 .J3 W13N2S", "recid": "mc150xr7168", "websiteUrl": "https://purl.stanford.edu/mc150xr7168", "title": "東亞輿地圖", "ckey": 9590334, "available": true, "iiifUrl": "https://purl.stanford.edu/mc150xr7168/iiif/manifest" }, "geometry": { "type": "Polygon", "coordinates": [ [ [ 70.0, 40.0 ], [ 75.0, 40.0 ], [ 75.0, 42.5 ], [ 70.0, 42.5 ], [ 70.0, 40.0 ] ] ] } },
{ "type": "Feature", "properties": { "Id": 0, "Sheet_ID": "W12N2S. 烏什", "label": "W12N2S. 烏什", "call_short": "G7400 S1000 .J3", "call_num": "G7400 S1000 .J3 W12N2S", "recid": "jb617zg0700", "websiteUrl": "https://purl.stanford.edu/jb617zg0700", "title": "東亞輿地圖", "ckey": 9590334, "available": true, "iiifUrl": "https://purl.stanford.edu/jb617zg0700/iiif/manifest" }, "geometry": { "type": "Polygon", "coordinates": [ [ [ 75.0, 40.0 ], [ 80.0, 40.0 ], [ 80.0, 42.5 ], [ 75.0, 42.5 ], [ 75.0, 40.0 ] ] ] } },
{ "type": "Feature", "properties": { "Id": 0, "Sheet_ID": "W11N2S. 阿克蘇", "label": "W11N2S. 阿克蘇", "call_short": "G7400 S1000 .J3", "call_num": "G7400 S1000 .J3 W11N2S", "recid": "zv057gm2233", "websiteUrl": "https://purl.stanford.edu/zv057gm2233", "title": "東亞輿地圖", "ckey": 9590334, "available": true, "iiifUrl": "https://purl.stanford.edu/zv057gm2233/iiif/manifest" }, "geometry": { "type": "Polygon", "coordinates": [ [ [ 80.0, 40.0 ], [ 85.0, 40.0 ], [ 85.0, 42.5 ], [ 80.0, 42.5 ], [ 80.0, 40.0 ] ] ] } },
{ "type": "Feature", "properties": { "Id": 0, "Sheet_ID": "W10N2S. 喀喇沙爾", "label": "W10N2S. 喀喇沙爾", "call_short": "G7400 S1000 .J3", "call_num": "G7400 S1000 .J3 W10N2S", "recid": "xv358jy7513", "websiteUrl": "https://purl.stanford.edu/xv358jy7513", "title": "東亞輿地圖", "ckey": 9590334, "available": true, "iiifUrl": "https://purl.stanford.edu/xv358jy7513/iiif/manifest" }, "geometry": { "type": "Polygon", "coordinates": [ [ [ 85.0, 40.0 ], [ 90.0, 40.0 ], [ 90.0, 42.5 ], [ 85.0, 42.5 ], [ 85.0, 40.0 ] ] ] } },
{ "type": "Feature", "properties": { "Id": 0, "Sheet_ID": "W9N2S. 敦煌", "label": "W9N2S. 敦煌", "call_short": "G7400 S1000 .J3", "call_num": "G7400 S1000 .J3 W9N2S", "recid": "pw703zr9696", "websiteUrl": "https://purl.stanford.edu/pw703zr9696", "title": "東亞輿地圖", "ckey": 9590334, "available": true, "iiifUrl": "https://purl.stanford.edu/pw703zr9696/iiif/manifest" }, "geometry": { "type": "Polygon", "coordinates": [ [ [ 90.0, 40.0 ], [ 95.0, 40.0 ], [ 95.0, 42.5 ], [ 90.0, 42.5 ], [ 90.0, 40.0 ] ] ] } },
{ "type": "Feature", "properties": { "Id": 0, "Sheet_ID": "W8N2S. 安西", "label": "W8N2S. 安西", "call_short": "G7400 S1000 .J3", "call_num": "G7400 S1000 .J3 W8N2S", "recid": "zt413pv2292", "websiteUrl": "https://purl.stanford.edu/zt413pv2292", "title": "東亞輿地圖", "ckey": 9590334, "available": true, "iiifUrl": "https://purl.stanford.edu/zt413pv2292/iiif/manifest" }, "geometry": { "type": "Polygon", "coordinates": [ [ [ 95.0, 40.0 ], [ 100.0, 40.0 ], [ 100.0, 42.5 ], [ 95.0, 42.5 ], [ 95.0, 40.0 ] ] ] } },
{ "type": "Feature", "properties": { "Id": 0, "Sheet_ID": "W7N2S. 昌寧湖", "label": "W7N2S. 昌寧湖", "call_short": "G7400 S1000 .J3", "call_num": "G7400 S1000 .J3 W7N2S", "recid": "ps700cb8240", "websiteUrl": "https://purl.stanford.edu/ps700cb8240", "title": "東亞輿地圖", "ckey": 9590334, "available": true, "iiifUrl": "https://purl.stanford.edu/ps700cb8240/iiif/manifest" }, "geometry": { "type": "Polygon", "coordinates": [ [ [ 100.0, 40.0 ], [ 105.0, 40.0 ], [ 105.0, 42.5 ], [ 100.0, 42.5 ], [ 100.0, 40.0 ] ] ] } },
{ "type": "Feature", "properties": { "Id": 0, "Sheet_ID": "W6N2S. 包頭", "label": "W6N2S. 包頭", "call_short": "G7400 S1000 .J3", "call_num": "G7400 S1000 .J3 W6N2S", "recid": "kf701pm8320", "websiteUrl": "https://purl.stanford.edu/kf701pm8320", "title": "東亞輿地圖", "ckey": 9590334, "available": true, "iiifUrl": "https://purl.stanford.edu/kf701pm8320/iiif/manifest" }, "geometry": { "type": "Polygon", "coordinates": [ [ [ 105.0, 40.0 ], [ 110.0, 40.0 ], [ 110.0, 42.5 ], [ 105.0, 42.5 ], [ 105.0, 40.0 ] ] ] } },
{ "type": "Feature", "properties": { "Id": 0, "Sheet_ID": "W5N2S. 歸化城", "label": "W5N2S. 歸化城", "call_short": "G7400 S1000 .J3", "call_num": "G7400 S1000 .J3 W5N2S", "recid": "kg401xm6901", "websiteUrl": "https://purl.stanford.edu/kg401xm6901", "title": "東亞輿地圖", "ckey": 9590334, "available": true, "iiifUrl": "https://purl.stanford.edu/kg401xm6901/iiif/manifest" }, "geometry": { "type": "Polygon", "coordinates": [ [ [ 110.0, 40.0 ], [ 115.0, 40.0 ], [ 115.0, 42.5 ], [ 110.0, 42.5 ], [ 110.0, 40.0 ] ] ] } },
{ "type": "Feature", "properties": { "Id": 0, "Sheet_ID": "承徳", "label": "承徳", "call_short": "0", "call_num": "0", "recid": "0", "websiteUrl": "0", "title": "0", "ckey": 0, "available": false, "iiifUrl": "0" }, "geometry": { "type": "Polygon", "coordinates": [ [ [ 115.0, 40.0 ], [ 120.0, 40.0 ], [ 120.0, 42.5 ], [ 115.0, 42.5 ], [ 115.0, 40.0 ] ] ] } },
{ "type": "Feature", "properties": { "Id": 0, "Sheet_ID": "W3N2S. 奉天", "label": "W3N2S. 奉天", "call_short": "G7400 S1000 .J3", "call_num": "G7400 S1000 .J3 W3N2S", "recid": "zb428hm2595", "websiteUrl": "https://purl.stanford.edu/zb428hm2595", "title": "東亞輿地圖", "ckey": 9590334, "available": true, "iiifUrl": "https://purl.stanford.edu/zb428hm2595/iiif/manifest" }, "geometry": { "type": "Polygon", "coordinates": [ [ [ 120.0, 40.0 ], [ 125.0, 40.0 ], [ 125.0, 42.5 ], [ 120.0, 42.5 ], [ 120.0, 40.0 ] ] ] } },
{ "type": "Feature", "properties": { "Id": 0, "Sheet_ID": "鏡城 / 白頭山", "label": "鏡城 / 白頭山", "call_short": "0", "call_num": "0", "recid": "0", "websiteUrl": "0", "title": "0", "ckey": 0, "available": false, "iiifUrl": "0" }, "geometry": { "type": "Polygon", "coordinates": [ [ [ 125.0, 40.0 ], [ 130.0, 40.0 ], [ 130.0, 42.5 ], [ 125.0, 42.5 ], [ 125.0, 40.0 ] ] ] } },
{ "type": "Feature", "properties": { "Id": 0, "Sheet_ID": "W1N2S. 圖們江口", "label": "W1N2S. 圖們江口", "call_short": "G7400 S1000 .J3", "call_num": "G7400 S1000 .J3 W1N2S", "recid": "wz721hz6605", "websiteUrl": "https://purl.stanford.edu/wz721hz6605", "title": "東亞輿地圖", "ckey": 9590334, "available": true, "iiifUrl": "https://purl.stanford.edu/wz721hz6605/iiif/manifest" }, "geometry": { "type": "Polygon", "coordinates": [ [ [ 130.0, 40.0 ], [ 135.0, 40.0 ], [ 135.0, 42.5 ], [ 130.0, 42.5 ], [ 130.0, 40.0 ] ] ] } },
{ "type": "Feature", "properties": { "Id": 0, "Sheet_ID": "E1N2S. 久遠", "label": "E1N2S. 久遠", "call_short": "G7400 S1000 .J3", "call_num": "G7400 S1000 .J3 E1N2S", "recid": "kg576zz7778", "websiteUrl": "https://purl.stanford.edu/kg576zz7778", "title": "東亞輿地圖", "ckey": 9590334, "available": true, "iiifUrl": "https://purl.stanford.edu/kg576zz7778/iiif/manifest" }, "geometry": { "type": "Polygon", "coordinates": [ [ [ 135.0, 40.0 ], [ 140.0, 40.0 ], [ 140.0, 42.5 ], [ 135.0, 42.5 ], [ 135.0, 40.0 ] ] ] } },
{ "type": "Feature", "properties": { "Id": 0, "Sheet_ID": "函館", "label": "函館", "call_short": "0", "call_num": "0", "recid": "0", "websiteUrl": "0", "title": "0", "ckey": 0, "available": false, "iiifUrl": "0" }, "geometry": { "type": "Polygon", "coordinates": [ [ [ 140.0, 40.0 ], [ 145.0, 40.0 ], [ 145.0, 42.5 ], [ 140.0, 42.5 ], [ 140.0, 40.0 ] ] ] } },
{ "type": "Feature", "properties": { "Id": 0, "Sheet_ID": "W13N2N. ピシペク", "label": "W13N2N. ピシペク", "call_short": "G7400 S1000 .J3", "call_num": "G7400 S1000 .J3 W13N2N", "recid": "mc613rd1511", "websiteUrl": "https://purl.stanford.edu/mc613rd1511", "title": "東亞輿地圖", "ckey": 9590334, "available": true, "iiifUrl": "https://purl.stanford.edu/mc613rd1511/iiif/manifest" }, "geometry": { "type": "Polygon", "coordinates": [ [ [ 70.0, 42.5 ], [ 75.0, 42.5 ], [ 75.0, 45.0 ], [ 70.0, 45.0 ], [ 70.0, 42.5 ] ] ] } },
{ "type": "Feature", "properties": { "Id": 0, "Sheet_ID": "W12N2N. ウェルヌィー", "label": "W12N2N. ウェルヌィー", "call_short": "G7400 S1000 .J3", "call_num": "G7400 S1000 .J3 W12N2N", "recid": "ky900mz3026", "websiteUrl": "https://purl.stanford.edu/ky900mz3026", "title": "東亞輿地圖", "ckey": 9590334, "available": true, "iiifUrl": "https://purl.stanford.edu/ky900mz3026/iiif/manifest" }, "geometry": { "type": "Polygon", "coordinates": [ [ [ 75.0, 42.5 ], [ 80.0, 42.5 ], [ 80.0, 45.0 ], [ 75.0, 45.0 ], [ 75.0, 42.5 ] ] ] } },
{ "type": "Feature", "properties": { "Id": 0, "Sheet_ID": "W11N2N. 伊犂", "label": "W11N2N. 伊犂", "call_short": "G7400 S1000 .J3", "call_num": "G7400 S1000 .J3 W11N2N", "recid": "rm758by6223", "websiteUrl": "https://purl.stanford.edu/rm758by6223", "title": "東亞輿地圖", "ckey": 9590334, "available": true, "iiifUrl": "https://purl.stanford.edu/rm758by6223/iiif/manifest" }, "geometry": { "type": "Polygon", "coordinates": [ [ [ 80.0, 42.5 ], [ 85.0, 42.5 ], [ 85.0, 45.0 ], [ 80.0, 45.0 ], [ 80.0, 42.5 ] ] ] } },
{ "type": "Feature", "properties": { "Id": 0, "Sheet_ID": "W10N2N. 烏魯木齊", "label": "W10N2N. 烏魯木齊", "call_short": "G7400 S1000 .J3", "call_num": "G7400 S1000 .J3 W10N2N", "recid": "mq553fg9443", "websiteUrl": "https://purl.stanford.edu/mq553fg9443", "title": "東亞輿地圖", "ckey": 9590334, "available": true, "iiifUrl": "https://purl.stanford.edu/mq553fg9443/iiif/manifest" }, "geometry": { "type": "Polygon", "coordinates": [ [ [ 85.0, 42.5 ], [ 90.0, 42.5 ], [ 90.0, 45.0 ], [ 85.0, 45.0 ], [ 85.0, 42.5 ] ] ] } },
{ "type": "Feature", "properties": { "Id": 0, "Sheet_ID": "W9N2N. 哈密", "label": "W9N2N. 哈密", "call_short": "G7400 S1000 .J3", "call_num": "G7400 S1000 .J3 W9N2N", "recid": "qr546hp6266", "websiteUrl": "https://purl.stanford.edu/qr546hp6266", "title": "東亞輿地圖", "ckey": 9590334, "available": true, "iiifUrl": "https://purl.stanford.edu/qr546hp6266/iiif/manifest" }, "geometry": { "type": "Polygon", "coordinates": [ [ [ 90.0, 42.5 ], [ 95.0, 42.5 ], [ 95.0, 45.0 ], [ 90.0, 45.0 ], [ 90.0, 42.5 ] ] ] } },
{ "type": "Feature", "properties": { "Id": 0, "Sheet_ID": "W8N2N. 巴雷爾", "label": "W8N2N. 巴雷爾", "call_short": "G7400 S1000 .J3", "call_num": "G7400 S1000 .J3 W8N2N", "recid": "mg759qf9928", "websiteUrl": "https://purl.stanford.edu/mg759qf9928", "title": "東亞輿地圖", "ckey": 9590334, "available": true, "iiifUrl": "https://purl.stanford.edu/mg759qf9928/iiif/manifest" }, "geometry": { "type": "Polygon", "coordinates": [ [ [ 95.0, 42.5 ], [ 100.0, 42.5 ], [ 100.0, 45.0 ], [ 95.0, 45.0 ], [ 95.0, 42.5 ] ] ] } },
{ "type": "Feature", "properties": { "Id": 0, "Sheet_ID": "W7N2N. 察罕托羅海", "label": "W7N2N. 察罕托羅海", "call_short": "G7400 S1000 .J3", "call_num": "G7400 S1000 .J3 W7N2N", "recid": "gh585hc8153", "websiteUrl": "https://purl.stanford.edu/gh585hc8153", "title": "東亞輿地圖", "ckey": 9590334, "available": true, "iiifUrl": "https://purl.stanford.edu/gh585hc8153/iiif/manifest" }, "geometry": { "type": "Polygon", "coordinates": [ [ [ 100.0, 42.5 ], [ 105.0, 42.5 ], [ 105.0, 45.0 ], [ 100.0, 45.0 ], [ 100.0, 42.5 ] ] ] } },
{ "type": "Feature", "properties": { "Id": 0, "Sheet_ID": "W6N2N. 爾烏蘇賽", "label": "W6N2N. 爾烏蘇賽", "call_short": "G7400 S1000 .J3", "call_num": "G7400 S1000 .J3 W6N2N", "recid": "rv303vc6700", "websiteUrl": "https://purl.stanford.edu/rv303vc6700", "title": "東亞輿地圖", "ckey": 9590334, "available": true, "iiifUrl": "https://purl.stanford.edu/rv303vc6700/iiif/manifest" }, "geometry": { "type": "Polygon", "coordinates": [ [ [ 105.0, 42.5 ], [ 110.0, 42.5 ], [ 110.0, 45.0 ], [ 105.0, 45.0 ], [ 105.0, 42.5 ] ] ] } },
{ "type": "Feature", "properties": { "Id": 0, "Sheet_ID": "W5N2N. 明安", "label": "W5N2N. 明安", "call_short": "G7400 S1000 .J3", "call_num": "G7400 S1000 .J3 W5N2N", "recid": "pz877yd1901", "websiteUrl": "https://purl.stanford.edu/pz877yd1901", "title": "東亞輿地圖", "ckey": 9590334, "available": true, "iiifUrl": "https://purl.stanford.edu/pz877yd1901/iiif/manifest" }, "geometry": { "type": "Polygon", "coordinates": [ [ [ 110.0, 42.5 ], [ 115.0, 42.5 ], [ 115.0, 45.0 ], [ 110.0, 45.0 ], [ 110.0, 42.5 ] ] ] } },
{ "type": "Feature", "properties": { "Id": 0, "Sheet_ID": "W4N2N. 多倫諾爾", "label": "W4N2N. 多倫諾爾", "call_short": "G7400 S1000 .J3", "call_num": "G7400 S1000 .J3 W4N2N", "recid": "cz880gt0173", "websiteUrl": "https://purl.stanford.edu/cz880gt0173", "title": "東亞輿地圖", "ckey": 9590334, "available": true, "iiifUrl": "https://purl.stanford.edu/cz880gt0173/iiif/manifest" }, "geometry": { "type": "Polygon", "coordinates": [ [ [ 115.0, 42.5 ], [ 120.0, 42.5 ], [ 120.0, 45.0 ], [ 115.0, 45.0 ], [ 115.0, 42.5 ] ] ] } },
{ "type": "Feature", "properties": { "Id": 0, "Sheet_ID": "W3N2N. 昌圖", "label": "W3N2N. 昌圖", "call_short": "G7400 S1000 .J3", "call_num": "G7400 S1000 .J3 W3N2N", "recid": "ms445wn1153", "websiteUrl": "https://purl.stanford.edu/ms445wn1153", "title": "東亞輿地圖", "ckey": 9590334, "available": true, "iiifUrl": "https://purl.stanford.edu/ms445wn1153/iiif/manifest" }, "geometry": { "type": "Polygon", "coordinates": [ [ [ 120.0, 42.5 ], [ 125.0, 42.5 ], [ 125.0, 45.0 ], [ 120.0, 45.0 ], [ 120.0, 42.5 ] ] ] } },
{ "type": "Feature", "properties": { "Id": 0, "Sheet_ID": "W2N2N. 吉林", "label": "W2N2N. 吉林", "call_short": "G7400 S1000 .J3", "call_num": "G7400 S1000 .J3 W2N2N", "recid": "ty070gj6200", "websiteUrl": "https://purl.stanford.edu/ty070gj6200", "title": "東亞輿地圖", "ckey": 9590334, "available": true, "iiifUrl": "https://purl.stanford.edu/ty070gj6200/iiif/manifest" }, "geometry": { "type": "Polygon", "coordinates": [ [ [ 125.0, 42.5 ], [ 130.0, 42.5 ], [ 130.0, 45.0 ], [ 125.0, 45.0 ], [ 125.0, 42.5 ] ] ] } },
{ "type": "Feature", "properties": { "Id": 0, "Sheet_ID": "W1N2N. 浦潮斯徳", "label": "W1N2N. 浦潮斯徳", "call_short": "G7400 S1000 .J3", "call_num": "G7400 S1000 .J3 W1N2N", "recid": "zz551sx9272", "websiteUrl": "https://purl.stanford.edu/zz551sx9272", "title": "東亞輿地圖", "ckey": 9590334, "available": true, "iiifUrl": "https://purl.stanford.edu/zz551sx9272/iiif/manifest" }, "geometry": { "type": "Polygon", "coordinates": [ [ [ 130.0, 42.5 ], [ 135.0, 42.5 ], [ 135.0, 45.0 ], [ 130.0, 45.0 ], [ 130.0, 42.5 ] ] ] } },
{ "type": "Feature", "properties": { "Id": 0, "Sheet_ID": "E1N2N. 聖俄里哈灣", "label": "E1N2N. 聖俄里哈灣", "call_short": "G7400 S1000 .J3", "call_num": "G7400 S1000 .J3 E1N2N", "recid": "jg937jm3201", "websiteUrl": "https://purl.stanford.edu/jg937jm3201", "title": "東亞輿地圖", "ckey": 9590334, "available": true, "iiifUrl": "https://purl.stanford.edu/jg937jm3201/iiif/manifest" }, "geometry": { "type": "Polygon", "coordinates": [ [ [ 135.0, 42.5 ], [ 140.0, 42.5 ], [ 140.0, 45.0 ], [ 135.0, 45.0 ], [ 135.0, 42.5 ] ] ] } },
{ "type": "Feature", "properties": { "Id": 0, "Sheet_ID": "E2N2N. 札幌", "label": "E2N2N. 札幌", "call_short": "G7400 S1000 .J3", "call_num": "G7400 S1000 .J3 E2N2N", "recid": "qc082nz1931", "websiteUrl": "https://purl.stanford.edu/qc082nz1931", "title": "東亞輿地圖", "ckey": 9590334, "available": true, "iiifUrl": "https://purl.stanford.edu/qc082nz1931/iiif/manifest" }, "geometry": { "type": "Polygon", "coordinates": [ [ [ 140.0, 42.5 ], [ 145.0, 42.5 ], [ 145.0, 45.0 ], [ 140.0, 45.0 ], [ 140.0, 42.5 ] ] ] } },
{ "type": "Feature", "properties": { "Id": 0, "Sheet_ID": "E3N2N. 根室", "label": "E3N2N. 根室", "call_short": "G7400 S1000 .J3", "call_num": "G7400 S1000 .J3 E3N2N", "recid": "fh039cy2295", "websiteUrl": "https://purl.stanford.edu/fh039cy2295", "title": "東亞輿地圖", "ckey": 9590334, "available": true, "iiifUrl": "https://purl.stanford.edu/fh039cy2295/iiif/manifest" }, "geometry": { "type": "Polygon", "coordinates": [ [ [ 145.0, 42.5 ], [ 150.0, 42.5 ], [ 150.0, 45.0 ], [ 145.0, 45.0 ], [ 145.0, 42.5 ] ] ] } },
{ "type": "Feature", "properties": { "Id": 0, "Sheet_ID": "W13N3S. バルハシ湖西部", "label": "W13N3S. バルハシ湖西部", "call_short": "G7400 S1000 .J3", "call_num": "G7400 S1000 .J3 W13N3S", "recid": "zx618yk6626", "websiteUrl": "https://purl.stanford.edu/zx618yk6626", "title": "東亞輿地圖", "ckey": 9590334, "available": true, "iiifUrl": "https://purl.stanford.edu/zx618yk6626/iiif/manifest" }, "geometry": { "type": "Polygon", "coordinates": [ [ [ 70.0, 45.0 ], [ 75.0, 45.0 ], [ 75.0, 47.5 ], [ 70.0, 47.5 ], [ 70.0, 45.0 ] ] ] } },
{ "type": "Feature", "properties": { "Id": 0, "Sheet_ID": "W12N3S. バルハシ湖東部", "label": "W12N3S. バルハシ湖東部", "call_short": "G7400 S1000 .J3", "call_num": "G7400 S1000 .J3 W12N3S", "recid": "rs111bn3105", "websiteUrl": "https://purl.stanford.edu/rs111bn3105", "title": "東亞輿地圖", "ckey": 9590334, "available": true, "iiifUrl": "https://purl.stanford.edu/rs111bn3105/iiif/manifest" }, "geometry": { "type": "Polygon", "coordinates": [ [ [ 75.0, 45.0 ], [ 80.0, 45.0 ], [ 80.0, 47.5 ], [ 75.0, 47.5 ], [ 75.0, 45.0 ] ] ] } },
{ "type": "Feature", "properties": { "Id": 0, "Sheet_ID": "W11N3S. 塔爾巴哈台", "label": "W11N3S. 塔爾巴哈台", "call_short": "G7400 S1000 .J3", "call_num": "G7400 S1000 .J3 W11N3S", "recid": "fs628fm1471", "websiteUrl": "https://purl.stanford.edu/fs628fm1471", "title": "東亞輿地圖", "ckey": 9590334, "available": true, "iiifUrl": "https://purl.stanford.edu/fs628fm1471/iiif/manifest" }, "geometry": { "type": "Polygon", "coordinates": [ [ [ 80.0, 45.0 ], [ 85.0, 45.0 ], [ 85.0, 47.5 ], [ 80.0, 47.5 ], [ 80.0, 45.0 ] ] ] } },
{ "type": "Feature", "properties": { "Id": 0, "Sheet_ID": "W10N3S. 布倫托海", "label": "W10N3S. 布倫托海", "call_short": "G7400 S1000 .J3", "call_num": "G7400 S1000 .J3 W10N3S", "recid": "fn342zb0206", "websiteUrl": "https://purl.stanford.edu/fn342zb0206", "title": "東亞輿地圖", "ckey": 9590334, "available": true, "iiifUrl": "https://purl.stanford.edu/fn342zb0206/iiif/manifest" }, "geometry": { "type": "Polygon", "coordinates": [ [ [ 85.0, 45.0 ], [ 90.0, 45.0 ], [ 90.0, 47.5 ], [ 85.0, 47.5 ], [ 85.0, 45.0 ] ] ] } },
{ "type": "Feature", "properties": { "Id": 0, "Sheet_ID": "W9N3S. 察罕敦克", "label": "W9N3S. 察罕敦克", "call_short": "G7400 S1000 .J3", "call_num": "G7400 S1000 .J3 W9N3S", "recid": "xc050kk4772", "websiteUrl": "https://purl.stanford.edu/xc050kk4772", "title": "東亞輿地圖", "ckey": 9590334, "available": true, "iiifUrl": "https://purl.stanford.edu/xc050kk4772/iiif/manifest" }, "geometry": { "type": "Polygon", "coordinates": [ [ [ 90.0, 45.0 ], [ 95.0, 45.0 ], [ 95.0, 47.5 ], [ 90.0, 47.5 ], [ 90.0, 45.0 ] ] ] } },
{ "type": "Feature", "properties": { "Id": 0, "Sheet_ID": "W8N3S. 査克", "label": "W8N3S. 査克", "call_short": "G7400 S1000 .J3", "call_num": "G7400 S1000 .J3 W8N3S", "recid": "qg599fw6914", "websiteUrl": "https://purl.stanford.edu/qg599fw6914", "title": "東亞輿地圖", "ckey": 9590334, "available": true, "iiifUrl": "https://purl.stanford.edu/qg599fw6914/iiif/manifest" }, "geometry": { "type": "Polygon", "coordinates": [ [ [ 95.0, 45.0 ], [ 100.0, 45.0 ], [ 100.0, 47.5 ], [ 95.0, 47.5 ], [ 95.0, 45.0 ] ] ] } },
{ "type": "Feature", "properties": { "Id": 0, "Sheet_ID": "W7N3S. 西庫倫", "label": "W7N3S. 西庫倫", "call_short": "G7400 S1000 .J3", "call_num": "G7400 S1000 .J3 W7N3S", "recid": "qw777pm9605", "websiteUrl": "https://purl.stanford.edu/qw777pm9605", "title": "東亞輿地圖", "ckey": 9590334, "available": true, "iiifUrl": "https://purl.stanford.edu/qw777pm9605/iiif/manifest" }, "geometry": { "type": "Polygon", "coordinates": [ [ [ 100.0, 45.0 ], [ 105.0, 45.0 ], [ 105.0, 47.5 ], [ 100.0, 47.5 ], [ 100.0, 45.0 ] ] ] } },
{ "type": "Feature", "properties": { "Id": 0, "Sheet_ID": "W6N3S. 多倫", "label": "W6N3S. 多倫", "call_short": "G7400 S1000 .J3", "call_num": "G7400 S1000 .J3 W6N3S", "recid": "pm943kp1700", "websiteUrl": "https://purl.stanford.edu/pm943kp1700", "title": "東亞輿地圖", "ckey": 9590334, "available": true, "iiifUrl": "https://purl.stanford.edu/pm943kp1700/iiif/manifest" }, "geometry": { "type": "Polygon", "coordinates": [ [ [ 105.0, 45.0 ], [ 110.0, 45.0 ], [ 110.0, 47.5 ], [ 105.0, 47.5 ], [ 105.0, 45.0 ] ] ] } },
{ "type": "Feature", "properties": { "Id": 0, "Sheet_ID": "W5N3S. 額爾吉", "label": "W5N3S. 額爾吉", "call_short": "G7400 S1000 .J3", "call_num": "G7400 S1000 .J3 W5N3S", "recid": "hr086ny7622", "websiteUrl": "https://purl.stanford.edu/hr086ny7622", "title": "東亞輿地圖", "ckey": 9590334, "available": true, "iiifUrl": "https://purl.stanford.edu/hr086ny7622/iiif/manifest" }, "geometry": { "type": "Polygon", "coordinates": [ [ [ 110.0, 45.0 ], [ 115.0, 45.0 ], [ 115.0, 47.5 ], [ 110.0, 47.5 ], [ 110.0, 45.0 ] ] ] } },
{ "type": "Feature", "properties": { "Id": 0, "Sheet_ID": "W4N3S. 和岳爾西巴爾", "label": "W4N3S. 和岳爾西巴爾", "call_short": "G7400 S1000 .J3", "call_num": "G7400 S1000 .J3 W4N3S", "recid": "fr302sh7240", "websiteUrl": "https://purl.stanford.edu/fr302sh7240", "title": "東亞輿地圖", "ckey": 9590334, "available": true, "iiifUrl": "https://purl.stanford.edu/fr302sh7240/iiif/manifest" }, "geometry": { "type": "Polygon", "coordinates": [ [ [ 115.0, 45.0 ], [ 120.0, 45.0 ], [ 120.0, 47.5 ], [ 115.0, 47.5 ], [ 115.0, 45.0 ] ] ] } },
{ "type": "Feature", "properties": { "Id": 0, "Sheet_ID": "W3N3S. 齋齋哈爾", "label": "W3N3S. 齋齋哈爾", "call_short": "G7400 S1000 .J3", "call_num": "G7400 S1000 .J3 W3N3S", "recid": "zx118my6112", "websiteUrl": "https://purl.stanford.edu/zx118my6112", "title": "東亞輿地圖", "ckey": 9590334, "available": true, "iiifUrl": "https://purl.stanford.edu/zx118my6112/iiif/manifest" }, "geometry": { "type": "Polygon", "coordinates": [ [ [ 120.0, 45.0 ], [ 125.0, 45.0 ], [ 125.0, 47.5 ], [ 120.0, 47.5 ], [ 120.0, 45.0 ] ] ] } },
{ "type": "Feature", "properties": { "Id": 0, "Sheet_ID": "W2N3S. 呼蘭", "label": "W2N3S. 呼蘭", "call_short": "G7400 S1000 .J3", "call_num": "G7400 S1000 .J3 W2N3S", "recid": "gf300pm1289", "websiteUrl": "https://purl.stanford.edu/gf300pm1289", "title": "東亞輿地圖", "ckey": 9590334, "available": true, "iiifUrl": "https://purl.stanford.edu/gf300pm1289/iiif/manifest" }, "geometry": { "type": "Polygon", "coordinates": [ [ [ 125.0, 45.0 ], [ 130.0, 45.0 ], [ 130.0, 47.5 ], [ 125.0, 47.5 ], [ 125.0, 45.0 ] ] ] } },
{ "type": "Feature", "properties": { "Id": 0, "Sheet_ID": "W1N3S. イマン", "label": "W1N3S. イマン", "call_short": "G7400 S1000 .J3", "call_num": "G7400 S1000 .J3 W1N3S", "recid": "kk108gb8983", "websiteUrl": "https://purl.stanford.edu/kk108gb8983", "title": "東亞輿地圖", "ckey": 9590334, "available": true, "iiifUrl": "https://purl.stanford.edu/kk108gb8983/iiif/manifest" }, "geometry": { "type": "Polygon", "coordinates": [ [ [ 130.0, 45.0 ], [ 135.0, 45.0 ], [ 135.0, 47.5 ], [ 130.0, 47.5 ], [ 130.0, 45.0 ] ] ] } },
{ "type": "Feature", "properties": { "Id": 0, "Sheet_ID": "E1N3S. 塔掃夫", "label": "E1N3S. 塔掃夫", "call_short": "G7400 S1000 .J3", "call_num": "G7400 S1000 .J3 E1N3S", "recid": "jx051rf8024", "websiteUrl": "https://purl.stanford.edu/jx051rf8024", "title": "東亞輿地圖", "ckey": 9590334, "available": true, "iiifUrl": "https://purl.stanford.edu/jx051rf8024/iiif/manifest" }, "geometry": { "type": "Polygon", "coordinates": [ [ [ 135.0, 45.0 ], [ 140.0, 45.0 ], [ 140.0, 47.5 ], [ 135.0, 47.5 ], [ 135.0, 45.0 ] ] ] } },
{ "type": "Feature", "properties": { "Id": 0, "Sheet_ID": "宗谷岬", "label": "宗谷岬", "call_short": "0", "call_num": "0", "recid": "0", "websiteUrl": "0", "title": "0", "ckey": 0, "available": false, "iiifUrl": "0" }, "geometry": { "type": "Polygon", "coordinates": [ [ [ 140.0, 45.0 ], [ 145.0, 45.0 ], [ 145.0, 47.5 ], [ 140.0, 47.5 ], [ 140.0, 45.0 ] ] ] } },
{ "type": "Feature", "properties": { "Id": 0, "Sheet_ID": "E3N3S. 擇捉島", "label": "E3N3S. 擇捉島", "call_short": "G7400 S1000 .J3", "call_num": "G7400 S1000 .J3 E3N3S", "recid": "fj945pq3031", "websiteUrl": "https://purl.stanford.edu/fj945pq3031", "title": "東亞輿地圖", "ckey": 9590334, "available": true, "iiifUrl": "https://purl.stanford.edu/fj945pq3031/iiif/manifest" }, "geometry": { "type": "Polygon", "coordinates": [ [ [ 145.0, 45.0 ], [ 150.0, 45.0 ], [ 150.0, 47.5 ], [ 145.0, 47.5 ], [ 145.0, 45.0 ] ] ] } },
{ "type": "Feature", "properties": { "Id": 0, "Sheet_ID": "E4N3S. 新知嶋", "label": "E4N3S. 新知嶋", "call_short": "G7400 S1000 .J3", "call_num": "G7400 S1000 .J3 E4N3S", "recid": "zv763vg9329", "websiteUrl": "https://purl.stanford.edu/zv763vg9329", "title": "東亞輿地圖", "ckey": 9590334, "available": true, "iiifUrl": "https://purl.stanford.edu/zv763vg9329/iiif/manifest" }, "geometry": { "type": "Polygon", "coordinates": [ [ [ 150.0, 45.0 ], [ 155.0, 45.0 ], [ 155.0, 47.5 ], [ 150.0, 47.5 ], [ 150.0, 45.0 ] ] ] } },
{ "type": "Feature", "properties": { "Id": 0, "Sheet_ID": "W17N3N. 烏伊梨斯濶業", "label": "W17N3N. 烏伊梨斯濶業", "call_short": "G7400 S1000 .J3", "call_num": "G7400 S1000 .J3 W17N3N", "recid": "hw308rc1691", "websiteUrl": "https://purl.stanford.edu/hw308rc1691", "title": "東亞輿地圖", "ckey": 9590334, "available": true, "iiifUrl": "https://purl.stanford.edu/hw308rc1691/iiif/manifest" }, "geometry": { "type": "Polygon", "coordinates": [ [ [ 50.0, 47.5 ], [ 55.0, 47.5 ], [ 55.0, 50.0 ], [ 50.0, 50.0 ], [ 50.0, 47.5 ] ] ] } },
{ "type": "Feature", "properties": { "Id": 0, "Sheet_ID": "W16N3N. 的密爾", "label": "W16N3N. 的密爾", "call_short": "G7400 S1000 .J3", "call_num": "G7400 S1000 .J3 W16N3N", "recid": "ct533np0348", "websiteUrl": "https://purl.stanford.edu/ct533np0348", "title": "東亞輿地圖", "ckey": 9590334, "available": true, "iiifUrl": "https://purl.stanford.edu/ct533np0348/iiif/manifest" }, "geometry": { "type": "Polygon", "coordinates": [ [ [ 55.0, 47.5 ], [ 60.0, 47.5 ], [ 60.0, 50.0 ], [ 55.0, 50.0 ], [ 55.0, 47.5 ] ] ] } },
{ "type": "Feature", "properties": { "Id": 0, "Sheet_ID": "W15N3N. 伊爾吉斯", "label": "W15N3N. 伊爾吉斯", "call_short": "G7400 S1000 .J3", "call_num": "G7400 S1000 .J3 W15N3N", "recid": "xy728vc9001", "websiteUrl": "https://purl.stanford.edu/xy728vc9001", "title": "東亞輿地圖", "ckey": 9590334, "available": true, "iiifUrl": "https://purl.stanford.edu/xy728vc9001/iiif/manifest" }, "geometry": { "type": "Polygon", "coordinates": [ [ [ 60.0, 47.5 ], [ 65.0, 47.5 ], [ 65.0, 50.0 ], [ 60.0, 50.0 ], [ 60.0, 47.5 ] ] ] } },
{ "type": "Feature", "properties": { "Id": 0, "Sheet_ID": "W14N3N. 烏魯察夫斯奇", "label": "W14N3N. 烏魯察夫斯奇", "call_short": "G7400 S1000 .J3", "call_num": "G7400 S1000 .J3 W14N3N", "recid": "dc618jr0121", "websiteUrl": "https://purl.stanford.edu/dc618jr0121", "title": "東亞輿地圖", "ckey": 9590334, "available": true, "iiifUrl": "https://purl.stanford.edu/dc618jr0121/iiif/manifest" }, "geometry": { "type": "Polygon", "coordinates": [ [ [ 65.0, 47.5 ], [ 70.0, 47.5 ], [ 70.0, 50.0 ], [ 65.0, 50.0 ], [ 65.0, 47.5 ] ] ] } },
{ "type": "Feature", "properties": { "Id": 0, "Sheet_ID": "W13N3N. 阿克塔甫斯濶業", "label": "W13N3N. 阿克塔甫斯濶業", "call_short": "G7400 S1000 .J3", "call_num": "G7400 S1000 .J3 W13N3N", "recid": "rw520cp1131", "websiteUrl": "https://purl.stanford.edu/rw520cp1131", "title": "東亞輿地圖", "ckey": 9590334, "available": true, "iiifUrl": "https://purl.stanford.edu/rw520cp1131/iiif/manifest" }, "geometry": { "type": "Polygon", "coordinates": [ [ [ 70.0, 47.5 ], [ 75.0, 47.5 ], [ 75.0, 50.0 ], [ 70.0, 50.0 ], [ 70.0, 47.5 ] ] ] } },
{ "type": "Feature", "properties": { "Id": 0, "Sheet_ID": "W12N3N. 喀爾喀喇林斯克", "label": "W12N3N. 喀爾喀喇林斯克", "call_short": "G7400 S1000 .J3", "call_num": "G7400 S1000 .J3 W12N3N", "recid": "yv614ss1506", "websiteUrl": "https://purl.stanford.edu/yv614ss1506", "title": "東亞輿地圖", "ckey": 9590334, "available": true, "iiifUrl": "https://purl.stanford.edu/yv614ss1506/iiif/manifest" }, "geometry": { "type": "Polygon", "coordinates": [ [ [ 75.0, 47.5 ], [ 80.0, 47.5 ], [ 80.0, 50.0 ], [ 75.0, 50.0 ], [ 75.0, 47.5 ] ] ] } },
{ "type": "Feature", "properties": { "Id": 0, "Sheet_ID": "W11N3N. セルギオポリ", "label": "W11N3N. セルギオポリ", "call_short": "G7400 S1000 .J3", "call_num": "G7400 S1000 .J3 W11N3N", "recid": "ns970br0305", "websiteUrl": "https://purl.stanford.edu/ns970br0305", "title": "東亞輿地圖", "ckey": 9590334, "available": true, "iiifUrl": "https://purl.stanford.edu/ns970br0305/iiif/manifest" }, "geometry": { "type": "Polygon", "coordinates": [ [ [ 80.0, 47.5 ], [ 85.0, 47.5 ], [ 85.0, 50.0 ], [ 80.0, 50.0 ], [ 80.0, 47.5 ] ] ] } },
{ "type": "Feature", "properties": { "Id": 0, "Sheet_ID": "W10N3N. 圖勒塔", "label": "W10N3N. 圖勒塔", "call_short": "G7400 S1000 .J3", "call_num": "G7400 S1000 .J3 W10N3N", "recid": "hd810mk6249", "websiteUrl": "https://purl.stanford.edu/hd810mk6249", "title": "東亞輿地圖", "ckey": 9590334, "available": true, "iiifUrl": "https://purl.stanford.edu/hd810mk6249/iiif/manifest" }, "geometry": { "type": "Polygon", "coordinates": [ [ [ 85.0, 47.5 ], [ 90.0, 47.5 ], [ 90.0, 50.0 ], [ 85.0, 50.0 ], [ 85.0, 47.5 ] ] ] } },
{ "type": "Feature", "properties": { "Id": 0, "Sheet_ID": "W9N3N. 科布多", "label": "W9N3N. 科布多", "call_short": "G7400 S1000 .J3", "call_num": "G7400 S1000 .J3 W9N3N", "recid": "ct890yp4817", "websiteUrl": "https://purl.stanford.edu/ct890yp4817", "title": "東亞輿地圖", "ckey": 9590334, "available": true, "iiifUrl": "https://purl.stanford.edu/ct890yp4817/iiif/manifest" }, "geometry": { "type": "Polygon", "coordinates": [ [ [ 90.0, 47.5 ], [ 95.0, 47.5 ], [ 95.0, 50.0 ], [ 90.0, 50.0 ], [ 90.0, 47.5 ] ] ] } },
{ "type": "Feature", "properties": { "Id": 0, "Sheet_ID": "W8N3N. 烏里雅蘇台", "label": "W8N3N. 烏里雅蘇台", "call_short": "G7400 S1000 .J3", "call_num": "G7400 S1000 .J3 W8N3N", "recid": "gj202pv1618", "websiteUrl": "https://purl.stanford.edu/gj202pv1618", "title": "東亞輿地圖", "ckey": 9590334, "available": true, "iiifUrl": "https://purl.stanford.edu/gj202pv1618/iiif/manifest" }, "geometry": { "type": "Polygon", "coordinates": [ [ [ 95.0, 47.5 ], [ 100.0, 47.5 ], [ 100.0, 50.0 ], [ 95.0, 50.0 ], [ 95.0, 47.5 ] ] ] } },
{ "type": "Feature", "properties": { "Id": 0, "Sheet_ID": "W7N3N. 沙布克台", "label": "W7N3N. 沙布克台", "call_short": "G7400 S1000 .J3", "call_num": "G7400 S1000 .J3 W7N3N", "recid": "zg751vv6908", "websiteUrl": "https://purl.stanford.edu/zg751vv6908", "title": "東亞輿地圖", "ckey": 9590334, "available": true, "iiifUrl": "https://purl.stanford.edu/zg751vv6908/iiif/manifest" }, "geometry": { "type": "Polygon", "coordinates": [ [ [ 100.0, 47.5 ], [ 105.0, 47.5 ], [ 105.0, 50.0 ], [ 100.0, 50.0 ], [ 100.0, 47.5 ] ] ] } },
{ "type": "Feature", "properties": { "Id": 0, "Sheet_ID": "W6N3N. 庫倫", "label": "W6N3N. 庫倫", "call_short": "G7400 S1000 .J3", "call_num": "G7400 S1000 .J3 W6N3N", "recid": "tk652nb1832", "websiteUrl": "https://purl.stanford.edu/tk652nb1832", "title": "東亞輿地圖", "ckey": 9590334, "available": true, "iiifUrl": "https://purl.stanford.edu/tk652nb1832/iiif/manifest" }, "geometry": { "type": "Polygon", "coordinates": [ [ [ 105.0, 47.5 ], [ 110.0, 47.5 ], [ 110.0, 50.0 ], [ 105.0, 50.0 ], [ 105.0, 47.5 ] ] ] } },
{ "type": "Feature", "properties": { "Id": 0, "Sheet_ID": "W5N3N. 克魯倫", "label": "W5N3N. 克魯倫", "call_short": "G7400 S1000 .J3", "call_num": "G7400 S1000 .J3 W5N3N", "recid": "gf773fs4038", "websiteUrl": "https://purl.stanford.edu/gf773fs4038", "title": "東亞輿地圖", "ckey": 9590334, "available": true, "iiifUrl": "https://purl.stanford.edu/gf773fs4038/iiif/manifest" }, "geometry": { "type": "Polygon", "coordinates": [ [ [ 110.0, 47.5 ], [ 115.0, 47.5 ], [ 115.0, 50.0 ], [ 110.0, 50.0 ], [ 110.0, 47.5 ] ] ] } },
{ "type": "Feature", "properties": { "Id": 0, "Sheet_ID": "W4N3N. 海拉爾站", "label": "W4N3N. 海拉爾站", "call_short": "G7400 S1000 .J3", "call_num": "G7400 S1000 .J3 W4N3N", "recid": "mh992rp1003", "websiteUrl": "https://purl.stanford.edu/mh992rp1003", "title": "東亞輿地圖", "ckey": 9590334, "available": true, "iiifUrl": "https://purl.stanford.edu/mh992rp1003/iiif/manifest" }, "geometry": { "type": "Polygon", "coordinates": [ [ [ 115.0, 47.5 ], [ 120.0, 47.5 ], [ 120.0, 50.0 ], [ 115.0, 50.0 ], [ 115.0, 47.5 ] ] ] } },
{ "type": "Feature", "properties": { "Id": 0, "Sheet_ID": "W3N3N. 博爾多站", "label": "W3N3N. 博爾多站", "call_short": "G7400 S1000 .J3", "call_num": "G7400 S1000 .J3 W3N3N", "recid": "cr798jf7658", "websiteUrl": "https://purl.stanford.edu/cr798jf7658", "title": "東亞輿地圖", "ckey": 9590334, "available": true, "iiifUrl": "https://purl.stanford.edu/cr798jf7658/iiif/manifest" }, "geometry": { "type": "Polygon", "coordinates": [ [ [ 120.0, 47.5 ], [ 125.0, 47.5 ], [ 125.0, 50.0 ], [ 120.0, 50.0 ], [ 120.0, 47.5 ] ] ] } },
{ "type": "Feature", "properties": { "Id": 0, "Sheet_ID": "W2N3N. 墨爾根", "label": "W2N3N. 墨爾根", "call_short": "G7400 S1000 .J3", "call_num": "G7400 S1000 .J3 W2N3N", "recid": "gj236sj0085", "websiteUrl": "https://purl.stanford.edu/gj236sj0085", "title": "東亞輿地圖", "ckey": 9590334, "available": true, "iiifUrl": "https://purl.stanford.edu/gj236sj0085/iiif/manifest" }, "geometry": { "type": "Polygon", "coordinates": [ [ [ 125.0, 47.5 ], [ 130.0, 47.5 ], [ 130.0, 50.0 ], [ 125.0, 50.0 ], [ 125.0, 47.5 ] ] ] } },
{ "type": "Feature", "properties": { "Id": 0, "Sheet_ID": "W1N3N. 密海羅色眀", "label": "W1N3N. 密海羅色眀", "call_short": "G7400 S1000 .J3", "call_num": "G7400 S1000 .J3 W1N3N", "recid": "yk719pz2448", "websiteUrl": "https://purl.stanford.edu/yk719pz2448", "title": "東亞輿地圖", "ckey": 9590334, "available": true, "iiifUrl": "https://purl.stanford.edu/yk719pz2448/iiif/manifest" }, "geometry": { "type": "Polygon", "coordinates": [ [ [ 130.0, 47.5 ], [ 135.0, 47.5 ], [ 135.0, 50.0 ], [ 130.0, 50.0 ], [ 130.0, 47.5 ] ] ] } },
{ "type": "Feature", "properties": { "Id": 0, "Sheet_ID": "E1N3N. 哈巴羅夫喀", "label": "E1N3N. 哈巴羅夫喀", "call_short": "G7400 S1000 .J3", "call_num": "G7400 S1000 .J3 E1N3N", "recid": "sn567bv5302", "websiteUrl": "https://purl.stanford.edu/sn567bv5302", "title": "東亞輿地圖", "ckey": 9590334, "available": true, "iiifUrl": "https://purl.stanford.edu/sn567bv5302/iiif/manifest" }, "geometry": { "type": "Polygon", "coordinates": [ [ [ 135.0, 47.5 ], [ 140.0, 47.5 ], [ 140.0, 50.0 ], [ 135.0, 50.0 ], [ 135.0, 47.5 ] ] ] } },
{ "type": "Feature", "properties": { "Id": 0, "Sheet_ID": "E2N3N. 多來加灣", "label": "E2N3N. 多來加灣", "call_short": "G7400 S1000 .J3", "call_num": "G7400 S1000 .J3 E2N3N", "recid": "fn376qg5081", "websiteUrl": "https://purl.stanford.edu/fn376qg5081", "title": "東亞輿地圖", "ckey": 9590334, "available": true, "iiifUrl": "https://purl.stanford.edu/fn376qg5081/iiif/manifest" }, "geometry": { "type": "Polygon", "coordinates": [ [ [ 140.0, 47.5 ], [ 145.0, 47.5 ], [ 145.0, 50.0 ], [ 140.0, 50.0 ], [ 140.0, 47.5 ] ] ] } },
{ "type": "Feature", "properties": { "Id": 0, "Sheet_ID": "E4N3N. 温禰古丹嶋", "label": "E4N3N. 温禰古丹嶋", "call_short": "G7400 S1000 .J3", "call_num": "G7400 S1000 .J3 E4N3N", "recid": "ks187cb6334", "websiteUrl": "https://purl.stanford.edu/ks187cb6334", "title": "東亞輿地圖", "ckey": 9590334, "available": true, "iiifUrl": "https://purl.stanford.edu/ks187cb6334/iiif/manifest" }, "geometry": { "type": "Polygon", "coordinates": [ [ [ 150.0, 47.5 ], [ 155.0, 47.5 ], [ 155.0, 50.0 ], [ 150.0, 50.0 ], [ 150.0, 47.5 ] ] ] } },
{ "type": "Feature", "properties": { "Id": 0, "Sheet_ID": "W17N4S. 烏拉爾斯克", "label": "W17N4S. 烏拉爾斯克", "call_short": "G7400 S1000 .J3", "call_num": "G7400 S1000 .J3 W17N4S", "recid": "sk203jd4299", "websiteUrl": "https://purl.stanford.edu/sk203jd4299", "title": "東亞輿地圖", "ckey": 9590334, "available": true, "iiifUrl": "https://purl.stanford.edu/sk203jd4299/iiif/manifest" }, "geometry": { "type": "Polygon", "coordinates": [ [ [ 50.0, 50.0 ], [ 55.0, 50.0 ], [ 55.0, 52.5 ], [ 50.0, 52.5 ], [ 50.0, 50.0 ] ] ] } },
{ "type": "Feature", "properties": { "Id": 0, "Sheet_ID": "W16N4S. 奧稜堡", "label": "W16N4S. 奧稜堡", "call_short": "G7400 S1000 .J3", "call_num": "G7400 S1000 .J3 W16N4S", "recid": "xk281bb0191", "websiteUrl": "https://purl.stanford.edu/xk281bb0191", "title": "東亞輿地圖", "ckey": 9590334, "available": true, "iiifUrl": "https://purl.stanford.edu/xk281bb0191/iiif/manifest" }, "geometry": { "type": "Polygon", "coordinates": [ [ [ 55.0, 50.0 ], [ 60.0, 50.0 ], [ 60.0, 52.5 ], [ 55.0, 52.5 ], [ 55.0, 50.0 ] ] ] } },
{ "type": "Feature", "properties": { "Id": 0, "Sheet_ID": "W15N4S. ナスレェドニィツカヤ", "label": "W15N4S. ナスレェドニィツカヤ", "call_short": "G7400 S1000 .J3", "call_num": "G7400 S1000 .J3 W15N4S", "recid": "pv190bt1965", "websiteUrl": "https://purl.stanford.edu/pv190bt1965", "title": "東亞輿地圖", "ckey": 9590334, "available": true, "iiifUrl": "https://purl.stanford.edu/pv190bt1965/iiif/manifest" }, "geometry": { "type": "Polygon", "coordinates": [ [ [ 60.0, 50.0 ], [ 65.0, 50.0 ], [ 65.0, 52.5 ], [ 60.0, 52.5 ], [ 60.0, 50.0 ] ] ] } },
{ "type": "Feature", "properties": { "Id": 0, "Sheet_ID": "W14N4S. 阿特巴薩爾", "label": "W14N4S. 阿特巴薩爾", "call_short": "G7400 S1000 .J3", "call_num": "G7400 S1000 .J3 W14N4S", "recid": "km446vr5447", "websiteUrl": "https://purl.stanford.edu/km446vr5447", "title": "東亞輿地圖", "ckey": 9590334, "available": true, "iiifUrl": "https://purl.stanford.edu/km446vr5447/iiif/manifest" }, "geometry": { "type": "Polygon", "coordinates": [ [ [ 65.0, 50.0 ], [ 70.0, 50.0 ], [ 70.0, 52.5 ], [ 65.0, 52.5 ], [ 65.0, 50.0 ] ] ] } },
{ "type": "Feature", "properties": { "Id": 0, "Sheet_ID": "W13N4S. 阿克莫林斯克", "label": "W13N4S. 阿克莫林斯克", "call_short": "G7400 S1000 .J3", "call_num": "G7400 S1000 .J3 W13N4S", "recid": "yx004fr5971", "websiteUrl": "https://purl.stanford.edu/yx004fr5971", "title": "東亞輿地圖", "ckey": 9590334, "available": true, "iiifUrl": "https://purl.stanford.edu/yx004fr5971/iiif/manifest" }, "geometry": { "type": "Polygon", "coordinates": [ [ [ 70.0, 50.0 ], [ 75.0, 50.0 ], [ 75.0, 52.5 ], [ 70.0, 52.5 ], [ 70.0, 50.0 ] ] ] } },
{ "type": "Feature", "properties": { "Id": 0, "Sheet_ID": "W12N4S. 帕甫羅達爾", "label": "W12N4S. 帕甫羅達爾", "call_short": "G7400 S1000 .J3", "call_num": "G7400 S1000 .J3 W12N4S", "recid": "bc098xm2668", "websiteUrl": "https://purl.stanford.edu/bc098xm2668", "title": "東亞輿地圖", "ckey": 9590334, "available": true, "iiifUrl": "https://purl.stanford.edu/bc098xm2668/iiif/manifest" }, "geometry": { "type": "Polygon", "coordinates": [ [ [ 75.0, 50.0 ], [ 80.0, 50.0 ], [ 80.0, 52.5 ], [ 75.0, 52.5 ], [ 75.0, 50.0 ] ] ] } },
{ "type": "Feature", "properties": { "Id": 0, "Sheet_ID": "W11N4S. セミパラチンスク", "label": "W11N4S. セミパラチンスク", "call_short": "G7400 S1000 .J3", "call_num": "G7400 S1000 .J3 W11N4S", "recid": "vz098xy6201", "websiteUrl": "https://purl.stanford.edu/vz098xy6201", "title": "東亞輿地圖", "ckey": 9590334, "available": true, "iiifUrl": "https://purl.stanford.edu/vz098xy6201/iiif/manifest" }, "geometry": { "type": "Polygon", "coordinates": [ [ [ 80.0, 50.0 ], [ 85.0, 50.0 ], [ 85.0, 52.5 ], [ 80.0, 52.5 ], [ 80.0, 50.0 ] ] ] } },
{ "type": "Feature", "properties": { "Id": 0, "Sheet_ID": "W10N4S. オングダイ", "label": "W10N4S. オングダイ", "call_short": "G7400 S1000 .J3", "call_num": "G7400 S1000 .J3 W10N4S", "recid": "jv842ps4133", "websiteUrl": "https://purl.stanford.edu/jv842ps4133", "title": "東亞輿地圖", "ckey": 9590334, "available": true, "iiifUrl": "https://purl.stanford.edu/jv842ps4133/iiif/manifest" }, "geometry": { "type": "Polygon", "coordinates": [ [ [ 85.0, 50.0 ], [ 90.0, 50.0 ], [ 90.0, 52.5 ], [ 85.0, 52.5 ], [ 85.0, 50.0 ] ] ] } },
{ "type": "Feature", "properties": { "Id": 0, "Sheet_ID": "W9N4S. 烏布薩淖爾湖", "label": "W9N4S. 烏布薩淖爾湖", "call_short": "G7400 S1000 .J3", "call_num": "G7400 S1000 .J3 W9N4S", "recid": "bv203vr7721", "websiteUrl": "https://purl.stanford.edu/bv203vr7721", "title": "東亞輿地圖", "ckey": 9590334, "available": true, "iiifUrl": "https://purl.stanford.edu/bv203vr7721/iiif/manifest" }, "geometry": { "type": "Polygon", "coordinates": [ [ [ 90.0, 50.0 ], [ 95.0, 50.0 ], [ 95.0, 52.5 ], [ 90.0, 52.5 ], [ 90.0, 50.0 ] ] ] } },
{ "type": "Feature", "properties": { "Id": 0, "Sheet_ID": "W8N4S. 金吉里克", "label": "W8N4S. 金吉里克", "call_short": "G7400 S1000 .J3", "call_num": "G7400 S1000 .J3 W8N4S", "recid": "vr211zm3811", "websiteUrl": "https://purl.stanford.edu/vr211zm3811", "title": "東亞輿地圖", "ckey": 9590334, "available": true, "iiifUrl": "https://purl.stanford.edu/vr211zm3811/iiif/manifest" }, "geometry": { "type": "Polygon", "coordinates": [ [ [ 95.0, 50.0 ], [ 100.0, 50.0 ], [ 100.0, 52.5 ], [ 95.0, 52.5 ], [ 95.0, 50.0 ] ] ] } },
{ "type": "Feature", "properties": { "Id": 0, "Sheet_ID": "W7N4S. 義爾古徳斯克", "label": "W7N4S. 義爾古徳斯克", "call_short": "G7400 S1000 .J3", "call_num": "G7400 S1000 .J3 W7N4S", "recid": "vd002fk3625", "websiteUrl": "https://purl.stanford.edu/vd002fk3625", "title": "東亞輿地圖", "ckey": 9590334, "available": true, "iiifUrl": "https://purl.stanford.edu/vd002fk3625/iiif/manifest" }, "geometry": { "type": "Polygon", "coordinates": [ [ [ 100.0, 50.0 ], [ 105.0, 50.0 ], [ 105.0, 52.5 ], [ 100.0, 52.5 ], [ 100.0, 50.0 ] ] ] } },
{ "type": "Feature", "properties": { "Id": 0, "Sheet_ID": "W6N4S. 恰克圖", "label": "W6N4S. 恰克圖", "call_short": "G7400 S1000 .J3", "call_num": "G7400 S1000 .J3 W6N4S", "recid": "cb953cf9171", "websiteUrl": "https://purl.stanford.edu/cb953cf9171", "title": "東亞輿地圖", "ckey": 9590334, "available": true, "iiifUrl": "https://purl.stanford.edu/cb953cf9171/iiif/manifest" }, "geometry": { "type": "Polygon", "coordinates": [ [ [ 105.0, 50.0 ], [ 110.0, 50.0 ], [ 110.0, 52.5 ], [ 105.0, 52.5 ], [ 105.0, 50.0 ] ] ] } },
{ "type": "Feature", "properties": { "Id": 0, "Sheet_ID": "W5N4S. 乞塔", "label": "W5N4S. 乞塔", "call_short": "G7400 S1000 .J3", "call_num": "G7400 S1000 .J3 W5N4S", "recid": "hc654mg3299", "websiteUrl": "https://purl.stanford.edu/hc654mg3299", "title": "東亞輿地圖", "ckey": 9590334, "available": true, "iiifUrl": "https://purl.stanford.edu/hc654mg3299/iiif/manifest" }, "geometry": { "type": "Polygon", "coordinates": [ [ [ 110.0, 50.0 ], [ 115.0, 50.0 ], [ 115.0, 52.5 ], [ 110.0, 52.5 ], [ 110.0, 50.0 ] ] ] } },
{ "type": "Feature", "properties": { "Id": 0, "Sheet_ID": "W4N4S. 乃耳青斯克", "label": "W4N4S. 乃耳青斯克", "call_short": "G7400 S1000 .J3", "call_num": "G7400 S1000 .J3 W4N4S", "recid": "qw811jh4507", "websiteUrl": "https://purl.stanford.edu/qw811jh4507", "title": "東亞輿地圖", "ckey": 9590334, "available": true, "iiifUrl": "https://purl.stanford.edu/qw811jh4507/iiif/manifest" }, "geometry": { "type": "Polygon", "coordinates": [ [ [ 115.0, 50.0 ], [ 120.0, 50.0 ], [ 120.0, 52.5 ], [ 115.0, 52.5 ], [ 115.0, 50.0 ] ] ] } },
{ "type": "Feature", "properties": { "Id": 0, "Sheet_ID": "W3N4S. 烏魯伯斯古也", "label": "W3N4S. 烏魯伯斯古也", "call_short": "G7400 S1000 .J3", "call_num": "G7400 S1000 .J3 W3N4S", "recid": "mk850zn9644", "websiteUrl": "https://purl.stanford.edu/mk850zn9644", "title": "東亞輿地圖", "ckey": 9590334, "available": true, "iiifUrl": "https://purl.stanford.edu/mk850zn9644/iiif/manifest" }, "geometry": { "type": "Polygon", "coordinates": [ [ [ 120.0, 50.0 ], [ 125.0, 50.0 ], [ 125.0, 52.5 ], [ 120.0, 52.5 ], [ 120.0, 50.0 ] ] ] } },
{ "type": "Feature", "properties": { "Id": 0, "Sheet_ID": "W2N4S. 伯拉郭威什琛斯克", "label": "W2N4S. 伯拉郭威什琛斯克", "call_short": "G7400 S1000 .J3", "call_num": "G7400 S1000 .J3 W2N4S", "recid": "dv737tw4474", "websiteUrl": "https://purl.stanford.edu/dv737tw4474", "title": "東亞輿地圖", "ckey": 9590334, "available": true, "iiifUrl": "https://purl.stanford.edu/dv737tw4474/iiif/manifest" }, "geometry": { "type": "Polygon", "coordinates": [ [ [ 125.0, 50.0 ], [ 130.0, 50.0 ], [ 130.0, 52.5 ], [ 125.0, 52.5 ], [ 125.0, 50.0 ] ] ] } },
{ "type": "Feature", "properties": { "Id": 0, "Sheet_ID": "W1N4S. 伯列因斯喀雅", "label": "W1N4S. 伯列因斯喀雅", "call_short": "G7400 S1000 .J3", "call_num": "G7400 S1000 .J3 W1N4S", "recid": "wz273wk4651", "websiteUrl": "https://purl.stanford.edu/wz273wk4651", "title": "東亞輿地圖", "ckey": 9590334, "available": true, "iiifUrl": "https://purl.stanford.edu/wz273wk4651/iiif/manifest" }, "geometry": { "type": "Polygon", "coordinates": [ [ [ 130.0, 50.0 ], [ 135.0, 50.0 ], [ 135.0, 52.5 ], [ 130.0, 52.5 ], [ 130.0, 50.0 ] ] ] } },
{ "type": "Feature", "properties": { "Id": 0, "Sheet_ID": "E1N4S. 索匪斯克", "label": "E1N4S. 索匪斯克", "call_short": "G7400 S1000 .J3", "call_num": "G7400 S1000 .J3 E1N4S", "recid": "sc009tb6597", "websiteUrl": "https://purl.stanford.edu/sc009tb6597", "title": "東亞輿地圖", "ckey": 9590334, "available": true, "iiifUrl": "https://purl.stanford.edu/sc009tb6597/iiif/manifest" }, "geometry": { "type": "Polygon", "coordinates": [ [ [ 135.0, 50.0 ], [ 140.0, 50.0 ], [ 140.0, 52.5 ], [ 135.0, 52.5 ], [ 135.0, 50.0 ] ] ] } },
{ "type": "Feature", "properties": { "Id": 0, "Sheet_ID": "E2N4S. 亜歴山", "label": "E2N4S. 亜歴山", "call_short": "G7400 S1000 .J3", "call_num": "G7400 S1000 .J3 E3N2N", "recid": "kt324dh0255", "websiteUrl": "https://purl.stanford.edu/kt324dh0255", "title": "東亞輿地圖", "ckey": 9590334, "available": true, "iiifUrl": "https://purl.stanford.edu/kt324dh0255/iiif/manifest" }, "geometry": { "type": "Polygon", "coordinates": [ [ [ 140.0, 50.0 ], [ 145.0, 50.0 ], [ 145.0, 52.5 ], [ 140.0, 52.5 ], [ 140.0, 50.0 ] ] ] } },
{ "type": "Feature", "properties": { "Id": 0, "Sheet_ID": "E5N4S. 占守嶋", "label": "E5N4S. 占守嶋", "call_short": "G7400 S1000 .J3", "call_num": "G7400 S1000 .J3 E5N4S", "recid": "bk341dx5473", "websiteUrl": "https://purl.stanford.edu/bk341dx5473", "title": "東亞輿地圖", "ckey": 9590334, "available": true, "iiifUrl": "https://purl.stanford.edu/bk341dx5473/iiif/manifest" }, "geometry": { "type": "Polygon", "coordinates": [ [ [ 155.0, 50.0 ], [ 160.0, 50.0 ], [ 160.0, 52.5 ], [ 155.0, 52.5 ], [ 155.0, 50.0 ] ] ] } },
{ "type": "Feature", "properties": { "Id": 0, "Sheet_ID": "W17N4N. 薩瑪拉", "label": "W17N4N. 薩瑪拉", "call_short": "G7400 S1000 .J3", "call_num": "G7400 S1000 .J3 W17N4N", "recid": "sp888kt9366", "websiteUrl": "https://purl.stanford.edu/sp888kt9366", "title": "東亞輿地圖", "ckey": 9590334, "available": true, "iiifUrl": "https://purl.stanford.edu/sp888kt9366/iiif/manifest" }, "geometry": { "type": "Polygon", "coordinates": [ [ [ 50.0, 52.5 ], [ 55.0, 52.5 ], [ 55.0, 55.0 ], [ 50.0, 55.0 ], [ 50.0, 52.5 ] ] ] } },
{ "type": "Feature", "properties": { "Id": 0, "Sheet_ID": "W16N4N. 烏哈", "label": "W16N4N. 烏哈", "call_short": "G7400 S1000 .J3", "call_num": "G7400 S1000 .J3 W16N4N", "recid": "tv504tj5204", "websiteUrl": "https://purl.stanford.edu/tv504tj5204", "title": "東亞輿地圖", "ckey": 9590334, "available": true, "iiifUrl": "https://purl.stanford.edu/tv504tj5204/iiif/manifest" }, "geometry": { "type": "Polygon", "coordinates": [ [ [ 55.0, 52.5 ], [ 60.0, 52.5 ], [ 60.0, 55.0 ], [ 55.0, 55.0 ], [ 55.0, 52.5 ] ] ] } },
{ "type": "Feature", "properties": { "Id": 0, "Sheet_ID": "W15N4N. 特洛伊次克", "label": "W15N4N. 特洛伊次克", "call_short": "G7400 S1000 .J3", "call_num": "G7400 S1000 .J3 W15N4N", "recid": "jv463gj0662", "websiteUrl": "https://purl.stanford.edu/jv463gj0662", "title": "東亞輿地圖", "ckey": 9590334, "available": true, "iiifUrl": "https://purl.stanford.edu/jv463gj0662/iiif/manifest" }, "geometry": { "type": "Polygon", "coordinates": [ [ [ 60.0, 52.5 ], [ 65.0, 52.5 ], [ 65.0, 55.0 ], [ 60.0, 55.0 ], [ 60.0, 52.5 ] ] ] } },
{ "type": "Feature", "properties": { "Id": 0, "Sheet_ID": "W14N4N. 撇特羅帕甫羅甫斯克", "label": "W14N4N. 撇特羅帕甫羅甫斯克", "call_short": "G7400 S1000 .J3", "call_num": "G7400 S1000 .J3 W14N4N", "recid": "bn659rd4051", "websiteUrl": "https://purl.stanford.edu/bn659rd4051", "title": "東亞輿地圖", "ckey": 9590334, "available": true, "iiifUrl": "https://purl.stanford.edu/bn659rd4051/iiif/manifest" }, "geometry": { "type": "Polygon", "coordinates": [ [ [ 65.0, 52.5 ], [ 70.0, 52.5 ], [ 70.0, 55.0 ], [ 65.0, 55.0 ], [ 65.0, 52.5 ] ] ] } },
{ "type": "Feature", "properties": { "Id": 0, "Sheet_ID": "W13N4N. 鄂穆斯克", "label": "W13N4N. 鄂穆斯克", "call_short": "G7400 S1000 .J3", "call_num": "G7400 S1000 .J3 W13N4N", "recid": "xz077yp1803", "websiteUrl": "https://purl.stanford.edu/xz077yp1803", "title": "東亞輿地圖", "ckey": 9590334, "available": true, "iiifUrl": "https://purl.stanford.edu/xz077yp1803/iiif/manifest" }, "geometry": { "type": "Polygon", "coordinates": [ [ [ 70.0, 52.5 ], [ 75.0, 52.5 ], [ 75.0, 55.0 ], [ 70.0, 55.0 ], [ 70.0, 52.5 ] ] ] } },
{ "type": "Feature", "properties": { "Id": 0, "Sheet_ID": "W12N4N. 察尼湖", "label": "W12N4N. 察尼湖", "call_short": "G7400 S1000 .J3", "call_num": "G7400 S1000 .J3 W12N4N", "recid": "rb835pn7923", "websiteUrl": "https://purl.stanford.edu/rb835pn7923", "title": "東亞輿地圖", "ckey": 9590334, "available": true, "iiifUrl": "https://purl.stanford.edu/rb835pn7923/iiif/manifest" }, "geometry": { "type": "Polygon", "coordinates": [ [ [ 75.0, 52.5 ], [ 80.0, 52.5 ], [ 80.0, 55.0 ], [ 75.0, 55.0 ], [ 75.0, 52.5 ] ] ] } },
{ "type": "Feature", "properties": { "Id": 0, "Sheet_ID": "W11N4N. 巴爾那烏勒", "label": "W11N4N. 巴爾那烏勒", "call_short": "G7400 S1000 .J3", "call_num": "G7400 S1000 .J3 W11N4N", "recid": "jm472ct8814", "websiteUrl": "https://purl.stanford.edu/jm472ct8814", "title": "東亞輿地圖", "ckey": 9590334, "available": true, "iiifUrl": "https://purl.stanford.edu/jm472ct8814/iiif/manifest" }, "geometry": { "type": "Polygon", "coordinates": [ [ [ 80.0, 52.5 ], [ 85.0, 52.5 ], [ 85.0, 55.0 ], [ 80.0, 55.0 ], [ 80.0, 52.5 ] ] ] } },
{ "type": "Feature", "properties": { "Id": 0, "Sheet_ID": "W10N4N. 比斯克", "label": "W10N4N. 比斯克", "call_short": "G7400 S1000 .J3", "call_num": "G7400 S1000 .J3 W10N4N", "recid": "qk006fx6789", "websiteUrl": "https://purl.stanford.edu/qk006fx6789", "title": "東亞輿地圖", "ckey": 9590334, "available": true, "iiifUrl": "https://purl.stanford.edu/qk006fx6789/iiif/manifest" }, "geometry": { "type": "Polygon", "coordinates": [ [ [ 85.0, 52.5 ], [ 90.0, 52.5 ], [ 90.0, 55.0 ], [ 85.0, 55.0 ], [ 85.0, 52.5 ] ] ] } },
{ "type": "Feature", "properties": { "Id": 0, "Sheet_ID": "W9N4N. 密奴新斯克", "label": "W9N4N. 密奴新斯克", "call_short": "G7400 S1000 .J3", "call_num": "G7400 S1000 .J3 W9N4N", "recid": "rv740cd0577", "websiteUrl": "https://purl.stanford.edu/rv740cd0577", "title": "東亞輿地圖", "ckey": 9590334, "available": true, "iiifUrl": "https://purl.stanford.edu/rv740cd0577/iiif/manifest" }, "geometry": { "type": "Polygon", "coordinates": [ [ [ 90.0, 52.5 ], [ 95.0, 52.5 ], [ 95.0, 55.0 ], [ 90.0, 55.0 ], [ 90.0, 52.5 ] ] ] } },
{ "type": "Feature", "properties": { "Id": 0, "Sheet_ID": "W8N4N. 尼日揑烏定斯克", "label": "W8N4N. 尼日揑烏定斯克", "call_short": "G7400 S1000 .J3", "call_num": "G7400 S1000 .J3 W8N4N", "recid": "kp498kh0677", "websiteUrl": "https://purl.stanford.edu/kp498kh0677", "title": "東亞輿地圖", "ckey": 9590334, "available": true, "iiifUrl": "https://purl.stanford.edu/kp498kh0677/iiif/manifest" }, "geometry": { "type": "Polygon", "coordinates": [ [ [ 95.0, 52.5 ], [ 100.0, 52.5 ], [ 100.0, 55.0 ], [ 95.0, 55.0 ], [ 95.0, 52.5 ] ] ] } },
{ "type": "Feature", "properties": { "Id": 0, "Sheet_ID": "W7N4N. 巴拉崗斯克", "label": "W7N4N. 巴拉崗斯克", "call_short": "G7400 S1000 .J3", "call_num": "G7400 S1000 .J3 W7N4N", "recid": "xs148ks8329", "websiteUrl": "https://purl.stanford.edu/xs148ks8329", "title": "東亞輿地圖", "ckey": 9590334, "available": true, "iiifUrl": "https://purl.stanford.edu/xs148ks8329/iiif/manifest" }, "geometry": { "type": "Polygon", "coordinates": [ [ [ 100.0, 52.5 ], [ 105.0, 52.5 ], [ 105.0, 55.0 ], [ 100.0, 55.0 ], [ 100.0, 52.5 ] ] ] } },
{ "type": "Feature", "properties": { "Id": 0, "Sheet_ID": "W6N4N. 巴爾克靜", "label": "W6N4N. 巴爾克靜", "call_short": "G7400 S1000 .J3", "call_num": "G7400 S1000 .J3 W6N4N", "recid": "td271qx8278", "websiteUrl": "https://purl.stanford.edu/td271qx8278", "title": "東亞輿地圖", "ckey": 9590334, "available": true, "iiifUrl": "https://purl.stanford.edu/td271qx8278/iiif/manifest" }, "geometry": { "type": "Polygon", "coordinates": [ [ [ 105.0, 52.5 ], [ 110.0, 52.5 ], [ 110.0, 55.0 ], [ 105.0, 55.0 ], [ 105.0, 52.5 ] ] ] } },
{ "type": "Feature", "properties": { "Id": 0, "Sheet_ID": "烏克爾斯闊業", "label": "烏克爾斯闊業", "call_short": "0", "call_num": "0", "recid": "0", "websiteUrl": "0", "title": "0", "ckey": 0, "available": false, "iiifUrl": "0" }, "geometry": { "type": "Polygon", "coordinates": [ [ [ 110.0, 52.5 ], [ 115.0, 52.5 ], [ 115.0, 55.0 ], [ 110.0, 55.0 ], [ 110.0, 52.5 ] ] ] } },
{ "type": "Feature", "properties": { "Id": 0, "Sheet_ID": "W4N4N. 格爾畢檫", "label": "W4N4N. 格爾畢檫", "call_short": "G7400 S1000 .J3", "call_num": "G7400 S1000 .J3 W4N4N", "recid": "sd338gw7457", "websiteUrl": "https://purl.stanford.edu/sd338gw7457", "title": "東亞輿地圖", "ckey": 9590334, "available": true, "iiifUrl": "https://purl.stanford.edu/sd338gw7457/iiif/manifest" }, "geometry": { "type": "Polygon", "coordinates": [ [ [ 115.0, 52.5 ], [ 120.0, 52.5 ], [ 120.0, 55.0 ], [ 115.0, 55.0 ], [ 115.0, 52.5 ] ] ] } },
{ "type": "Feature", "properties": { "Id": 0, "Sheet_ID": "W3N4N. 阿爾巴青", "label": "W3N4N. 阿爾巴青", "call_short": "G7400 S1000 .J3", "call_num": "G7400 S1000 .J3 W3N4N", "recid": "cw720fj4098", "websiteUrl": "https://purl.stanford.edu/cw720fj4098", "title": "東亞輿地圖", "ckey": 9590334, "available": true, "iiifUrl": "https://purl.stanford.edu/cw720fj4098/iiif/manifest" }, "geometry": { "type": "Polygon", "coordinates": [ [ [ 120.0, 52.5 ], [ 125.0, 52.5 ], [ 125.0, 55.0 ], [ 120.0, 55.0 ], [ 120.0, 52.5 ] ] ] } },
{ "type": "Feature", "properties": { "Id": 0, "Sheet_ID": "W2N4N. 聶爾尼也瓦", "label": "W2N4N. 聶爾尼也瓦", "call_short": "G7400 S1000 .J3", "call_num": "G7400 S1000 .J3 W2N4N", "recid": "dn377fr1465", "websiteUrl": "https://purl.stanford.edu/dn377fr1465", "title": "東亞輿地圖", "ckey": 9590334, "available": true, "iiifUrl": "https://purl.stanford.edu/dn377fr1465/iiif/manifest" }, "geometry": { "type": "Polygon", "coordinates": [ [ [ 125.0, 52.5 ], [ 130.0, 52.5 ], [ 130.0, 55.0 ], [ 125.0, 55.0 ], [ 125.0, 52.5 ] ] ] } },
{ "type": "Feature", "properties": { "Id": 0, "Sheet_ID": "W1N4N. 烏得斯濶伊", "label": "W1N4N. 烏得斯濶伊", "call_short": "G7400 S1000 .J3", "call_num": "G7400 S1000 .J3 W1N4N", "recid": "ct123ks4951", "websiteUrl": "https://purl.stanford.edu/ct123ks4951", "title": "東亞輿地圖", "ckey": 9590334, "available": true, "iiifUrl": "https://purl.stanford.edu/ct123ks4951/iiif/manifest" }, "geometry": { "type": "Polygon", "coordinates": [ [ [ 130.0, 52.5 ], [ 135.0, 52.5 ], [ 135.0, 55.0 ], [ 130.0, 55.0 ], [ 130.0, 52.5 ] ] ] } },
{ "type": "Feature", "properties": { "Id": 0, "Sheet_ID": "E1N4N. 大商塔爾嶋", "label": "E1N4N. 大商塔爾嶋", "call_short": "G7400 S1000 .J3", "call_num": "G7400 S1000 .J3 E1N4N", "recid": "fj297tr1131", "websiteUrl": "https://purl.stanford.edu/fj297tr1131", "title": "東亞輿地圖", "ckey": 9590334, "available": true, "iiifUrl": "https://purl.stanford.edu/fj297tr1131/iiif/manifest" }, "geometry": { "type": "Polygon", "coordinates": [ [ [ 135.0, 52.5 ], [ 140.0, 52.5 ], [ 140.0, 55.0 ], [ 135.0, 55.0 ], [ 135.0, 52.5 ] ] ] } },
{ "type": "Feature", "properties": { "Id": 0, "Sheet_ID": "E2N4N. 尼古來斯克", "label": "E2N4N. 尼古來斯克", "call_short": "G7400 S1000 .J3", "call_num": "G7400 S1000 .J3 E2N4S", "recid": "zn874zc8986", "websiteUrl": "https://purl.stanford.edu/zn874zc8986", "title": "東亞輿地圖", "ckey": 9590334, "available": true, "iiifUrl": "https://purl.stanford.edu/zn874zc8986/iiif/manifest" }, "geometry": { "type": "Polygon", "coordinates": [ [ [ 140.0, 52.5 ], [ 145.0, 52.5 ], [ 145.0, 55.0 ], [ 140.0, 55.0 ], [ 140.0, 52.5 ] ] ] } },
{ "type": "Feature", "properties": { "Id": 0, "Sheet_ID": "彼得巴布羅斯克", "label": "彼得巴布羅斯克", "call_short": "0", "call_num": "0", "recid": "0", "websiteUrl": "0", "title": "0", "ckey": 0, "available": false, "iiifUrl": "0" }, "geometry": { "type": "Polygon", "coordinates": [ [ [ 155.0, 52.5 ], [ 160.0, 52.5 ], [ 160.0, 55.0 ], [ 155.0, 55.0 ], [ 155.0, 52.5 ] ] ] } },
{ "type": "Feature", "properties": { "Id": 0, "Sheet_ID": "W16N5S. 比耳斯克", "label": "W16N5S. 比耳斯克", "call_short": "G7400 S1000 .J3", "call_num": "G7400 S1000 .J3 W16N5S", "recid": "xy990vn7630", "websiteUrl": "https://purl.stanford.edu/xy990vn7630", "title": "東亞輿地圖", "ckey": 9590334, "available": true, "iiifUrl": "https://purl.stanford.edu/xy990vn7630/iiif/manifest" }, "geometry": { "type": "Polygon", "coordinates": [ [ [ 55.0, 55.0 ], [ 60.0, 55.0 ], [ 60.0, 57.5 ], [ 55.0, 57.5 ], [ 55.0, 55.0 ] ] ] } },
{ "type": "Feature", "properties": { "Id": 0, "Sheet_ID": "W15N5S. 額喀特里堡", "label": "W15N5S. 額喀特里堡", "call_short": "G7400 S1000 .J3", "call_num": "G7400 S1000 .J3 W15N5S", "recid": "qq273sm0153", "websiteUrl": "https://purl.stanford.edu/qq273sm0153", "title": "東亞輿地圖", "ckey": 9590334, "available": true, "iiifUrl": "https://purl.stanford.edu/qq273sm0153/iiif/manifest" }, "geometry": { "type": "Polygon", "coordinates": [ [ [ 60.0, 55.0 ], [ 65.0, 55.0 ], [ 65.0, 57.5 ], [ 60.0, 57.5 ], [ 60.0, 55.0 ] ] ] } },
{ "type": "Feature", "properties": { "Id": 0, "Sheet_ID": "W14N5S. 朱緬", "label": "W14N5S. 朱緬", "call_short": "G7400 S1000 .J3", "call_num": "G7400 S1000 .J3 W14N5S", "recid": "ky170rs1346", "websiteUrl": "https://purl.stanford.edu/ky170rs1346", "title": "東亞輿地圖", "ckey": 9590334, "available": true, "iiifUrl": "https://purl.stanford.edu/ky170rs1346/iiif/manifest" }, "geometry": { "type": "Polygon", "coordinates": [ [ [ 65.0, 55.0 ], [ 70.0, 55.0 ], [ 70.0, 57.5 ], [ 65.0, 57.5 ], [ 65.0, 55.0 ] ] ] } },
{ "type": "Feature", "properties": { "Id": 0, "Sheet_ID": "W13N5S. 塔拉", "label": "W13N5S. 塔拉", "call_short": "G7400 S1000 .J3", "call_num": "G7400 S1000 .J3 W13N5S", "recid": "hg345cc3313", "websiteUrl": "https://purl.stanford.edu/hg345cc3313", "title": "東亞輿地圖", "ckey": 9590334, "available": true, "iiifUrl": "https://purl.stanford.edu/hg345cc3313/iiif/manifest" }, "geometry": { "type": "Polygon", "coordinates": [ [ [ 70.0, 55.0 ], [ 75.0, 55.0 ], [ 75.0, 57.5 ], [ 70.0, 57.5 ], [ 70.0, 55.0 ] ] ] } },
{ "type": "Feature", "properties": { "Id": 0, "Sheet_ID": "W12N5S. 喀尹斯克", "label": "W12N5S. 喀尹斯克", "call_short": "G7400 S1000 .J3", "call_num": "G7400 S1000 .J3 W12N5S", "recid": "wp383pw5665", "websiteUrl": "https://purl.stanford.edu/wp383pw5665", "title": "東亞輿地圖", "ckey": 9590334, "available": true, "iiifUrl": "https://purl.stanford.edu/wp383pw5665/iiif/manifest" }, "geometry": { "type": "Polygon", "coordinates": [ [ [ 75.0, 55.0 ], [ 80.0, 55.0 ], [ 80.0, 57.5 ], [ 75.0, 57.5 ], [ 75.0, 55.0 ] ] ] } },
{ "type": "Feature", "properties": { "Id": 0, "Sheet_ID": "W11N5S. 多木斯克", "label": "W11N5S. 多木斯克", "call_short": "G7400 S1000 .J3", "call_num": "G7400 S1000 .J3 W11N5S", "recid": "bj414zf2577", "websiteUrl": "https://purl.stanford.edu/bj414zf2577", "title": "東亞輿地圖", "ckey": 9590334, "available": true, "iiifUrl": "https://purl.stanford.edu/bj414zf2577/iiif/manifest" }, "geometry": { "type": "Polygon", "coordinates": [ [ [ 80.0, 55.0 ], [ 85.0, 55.0 ], [ 85.0, 57.5 ], [ 80.0, 57.5 ], [ 80.0, 55.0 ] ] ] } },
{ "type": "Feature", "properties": { "Id": 0, "Sheet_ID": "W10N5S. 麻林斯克", "label": "W10N5S. 麻林斯克", "call_short": "G7400 S1000 .J3", "call_num": "G7400 S1000 .J3 W10N5N", "recid": "gn569wy5791", "websiteUrl": "https://purl.stanford.edu/gn569wy5791", "title": "東亞輿地圖", "ckey": 9590334, "available": true, "iiifUrl": "https://purl.stanford.edu/gn569wy5791/iiif/manifest" }, "geometry": { "type": "Polygon", "coordinates": [ [ [ 85.0, 55.0 ], [ 90.0, 55.0 ], [ 90.0, 57.5 ], [ 85.0, 57.5 ], [ 85.0, 55.0 ] ] ] } },
{ "type": "Feature", "properties": { "Id": 0, "Sheet_ID": "W9N5S. 庫拉斯諾雅爾斯克", "label": "W9N5S. 庫拉斯諾雅爾斯克", "call_short": "G7400 S1000 .J3", "call_num": "G7400 S1000 .J3 W9N5S", "recid": "yt864zp6155", "websiteUrl": "https://purl.stanford.edu/yt864zp6155", "title": "東亞輿地圖", "ckey": 9590334, "available": true, "iiifUrl": "https://purl.stanford.edu/yt864zp6155/iiif/manifest" }, "geometry": { "type": "Polygon", "coordinates": [ [ [ 90.0, 55.0 ], [ 95.0, 55.0 ], [ 95.0, 57.5 ], [ 90.0, 57.5 ], [ 90.0, 55.0 ] ] ] } },
{ "type": "Feature", "properties": { "Id": 0, "Sheet_ID": "W8N5S. 堪斯克", "label": "W8N5S. 堪斯克", "call_short": "G7400 S1000 .J3", "call_num": "G7400 S1000 .J3 W8N5S", "recid": "dy750qs3024", "websiteUrl": "https://purl.stanford.edu/dy750qs3024", "title": "東亞輿地圖", "ckey": 9590334, "available": true, "iiifUrl": "https://purl.stanford.edu/dy750qs3024/iiif/manifest" }, "geometry": { "type": "Polygon", "coordinates": [ [ [ 95.0, 55.0 ], [ 100.0, 55.0 ], [ 100.0, 57.5 ], [ 95.0, 57.5 ], [ 95.0, 55.0 ] ] ] } },
{ "type": "Feature", "properties": { "Id": 0, "Sheet_ID": "ブラトスキー・オストログ", "label": "ブラトスキー・オストログ", "call_short": "0", "call_num": "0", "recid": "0", "websiteUrl": "0", "title": "0", "ckey": 0, "available": false, "iiifUrl": "0" }, "geometry": { "type": "Polygon", "coordinates": [ [ [ 100.0, 55.0 ], [ 105.0, 55.0 ], [ 105.0, 57.5 ], [ 100.0, 57.5 ], [ 100.0, 55.0 ] ] ] } },
{ "type": "Feature", "properties": { "Id": 0, "Sheet_ID": "W6N5S. ウスト・オルリンスカヤ", "label": "W6N5S. ウスト・オルリンスカヤ", "call_short": "G7400 S1000 .J3", "call_num": "G7400 S1000 .J3 W6N5S", "recid": "cf487kj1107", "websiteUrl": "https://purl.stanford.edu/cf487kj1107", "title": "東亞輿地圖", "ckey": 9590334, "available": true, "iiifUrl": "https://purl.stanford.edu/cf487kj1107/iiif/manifest" }, "geometry": { "type": "Polygon", "coordinates": [ [ [ 105.0, 55.0 ], [ 110.0, 55.0 ], [ 110.0, 57.5 ], [ 105.0, 57.5 ], [ 105.0, 55.0 ] ] ] } },
{ "type": "Feature", "properties": { "Id": 0, "Sheet_ID": "バウントフスカヤ", "label": "バウントフスカヤ", "call_short": "0", "call_num": "0", "recid": "0", "websiteUrl": "0", "title": "0", "ckey": 0, "available": false, "iiifUrl": "0" }, "geometry": { "type": "Polygon", "coordinates": [ [ [ 110.0, 55.0 ], [ 115.0, 55.0 ], [ 115.0, 57.5 ], [ 110.0, 57.5 ], [ 110.0, 55.0 ] ] ] } },
{ "type": "Feature", "properties": { "Id": 0, "Sheet_ID": "W4N5S. 格爾畢檫北部", "label": "W4N5S. 格爾畢檫北部", "call_short": "G7400 S1000 .J3", "call_num": "G7400 S1000 .J3 W4N5S", "recid": "rv444wc9794", "websiteUrl": "https://purl.stanford.edu/rv444wc9794", "title": "東亞輿地圖", "ckey": 9590334, "available": true, "iiifUrl": "https://purl.stanford.edu/rv444wc9794/iiif/manifest" }, "geometry": { "type": "Polygon", "coordinates": [ [ [ 115.0, 55.0 ], [ 120.0, 55.0 ], [ 120.0, 57.5 ], [ 115.0, 57.5 ], [ 115.0, 55.0 ] ] ] } },
{ "type": "Feature", "properties": { "Id": 0, "Sheet_ID": "阿彦", "label": "阿彦", "call_short": "0", "call_num": "0", "recid": "0", "websiteUrl": "0", "title": "0", "ckey": 0, "available": false, "iiifUrl": "0" }, "geometry": { "type": "Polygon", "coordinates": [ [ [ 135.0, 55.0 ], [ 140.0, 55.0 ], [ 140.0, 57.5 ], [ 135.0, 57.5 ], [ 135.0, 55.0 ] ] ] } },
{ "type": "Feature", "properties": { "Id": 0, "Sheet_ID": "W15N5N. 額喀特里堡北部", "label": "W15N5N. 額喀特里堡北部", "call_short": "G7400 S1000 .J3", "call_num": "G7400 S1000 .J3 W15N5N", "recid": "kp585gx0260", "websiteUrl": "https://purl.stanford.edu/kp585gx0260", "title": "東亞輿地圖", "ckey": 9590334, "available": true, "iiifUrl": "https://purl.stanford.edu/kp585gx0260/iiif/manifest" }, "geometry": { "type": "Polygon", "coordinates": [ [ [ 60.0, 57.5 ], [ 65.0, 57.5 ], [ 65.0, 60.0 ], [ 60.0, 60.0 ], [ 60.0, 57.5 ] ] ] } },
{ "type": "Feature", "properties": { "Id": 0, "Sheet_ID": "W14N5N. 徳卜里斯克", "label": "W14N5N. 徳卜里斯克", "call_short": "G7400 S1000 .J3", "call_num": "G7400 S1000 .J3 W14N5N", "recid": "sr182yp8677", "websiteUrl": "https://purl.stanford.edu/sr182yp8677", "title": "東亞輿地圖", "ckey": 9590334, "available": true, "iiifUrl": "https://purl.stanford.edu/sr182yp8677/iiif/manifest" }, "geometry": { "type": "Polygon", "coordinates": [ [ [ 65.0, 57.5 ], [ 70.0, 57.5 ], [ 70.0, 60.0 ], [ 65.0, 60.0 ], [ 65.0, 57.5 ] ] ] } },
{ "type": "Feature", "properties": { "Id": 0, "Sheet_ID": "W13N5N. 烏斯其伊什穆斯濶業", "label": "W13N5N. 烏斯其伊什穆斯濶業", "call_short": "G7400 S1000 .J3", "call_num": "G7400 S1000 .J3 W13N5N", "recid": "jh296ts8908", "websiteUrl": "https://purl.stanford.edu/jh296ts8908", "title": "東亞輿地圖", "ckey": 9590334, "available": true, "iiifUrl": "https://purl.stanford.edu/jh296ts8908/iiif/manifest" }, "geometry": { "type": "Polygon", "coordinates": [ [ [ 70.0, 57.5 ], [ 75.0, 57.5 ], [ 75.0, 60.0 ], [ 70.0, 60.0 ], [ 70.0, 57.5 ] ] ] } },
{ "type": "Feature", "properties": { "Id": 0, "Sheet_ID": "W12N5N. ユルナシェーヌィ", "label": "W12N5N. ユルナシェーヌィ", "call_short": "G7400 S1000 .J3", "call_num": "G7400 S1000 .J3 W12N5N", "recid": "sx914wp0768", "websiteUrl": "https://purl.stanford.edu/sx914wp0768", "title": "東亞輿地圖", "ckey": 9590334, "available": true, "iiifUrl": "https://purl.stanford.edu/sx914wp0768/iiif/manifest" }, "geometry": { "type": "Polygon", "coordinates": [ [ [ 75.0, 57.5 ], [ 80.0, 57.5 ], [ 80.0, 60.0 ], [ 75.0, 60.0 ], [ 75.0, 57.5 ] ] ] } },
{ "type": "Feature", "properties": { "Id": 0, "Sheet_ID": "W11N5N. 那雷穆", "label": "W11N5N. 那雷穆", "call_short": "G7400 S1000 .J3", "call_num": "G7400 S1000 .J3 W11N5N", "recid": "nk094sh3765", "websiteUrl": "https://purl.stanford.edu/nk094sh3765", "title": "東亞輿地圖", "ckey": 9590334, "available": true, "iiifUrl": "https://purl.stanford.edu/nk094sh3765/iiif/manifest" }, "geometry": { "type": "Polygon", "coordinates": [ [ [ 80.0, 57.5 ], [ 85.0, 57.5 ], [ 85.0, 60.0 ], [ 80.0, 60.0 ], [ 80.0, 57.5 ] ] ] } },
{ "type": "Feature", "properties": { "Id": 0, "Sheet_ID": "W10N5N. ロシノボールスカヤ", "label": "W10N5N. ロシノボールスカヤ", "call_short": "G7400 S1000 .J3", "call_num": "G7400 S1000 .J3 W10N5N", "recid": "mw461hj1050", "websiteUrl": "https://purl.stanford.edu/mw461hj1050", "title": "東亞輿地圖", "ckey": 9590334, "available": true, "iiifUrl": "https://purl.stanford.edu/mw461hj1050/iiif/manifest" }, "geometry": { "type": "Polygon", "coordinates": [ [ [ 85.0, 57.5 ], [ 90.0, 57.5 ], [ 90.0, 60.0 ], [ 85.0, 60.0 ], [ 85.0, 57.5 ] ] ] } },
{ "type": "Feature", "properties": { "Id": 0, "Sheet_ID": "W9N5N. 也尼賽斯克", "label": "W9N5N. 也尼賽斯克", "call_short": "G7400 S1000 .J3", "call_num": "G7400 S1000 .J3 W9N5N", "recid": "cd483nf6569", "websiteUrl": "https://purl.stanford.edu/cd483nf6569", "title": "東亞輿地圖", "ckey": 9590334, "available": true, "iiifUrl": "https://purl.stanford.edu/cd483nf6569/iiif/manifest" }, "geometry": { "type": "Polygon", "coordinates": [ [ [ 90.0, 57.5 ], [ 95.0, 57.5 ], [ 95.0, 60.0 ], [ 90.0, 60.0 ], [ 90.0, 57.5 ] ] ] } },
{ "type": "Feature", "properties": { "Id": 0, "Sheet_ID": "W8N5N. ヤールコワ", "label": "W8N5N. ヤールコワ", "call_short": "G7400 S1000 .J3", "call_num": "G7400 S1000 .J3 W8N5N", "recid": "pp766hw3178", "websiteUrl": "https://purl.stanford.edu/pp766hw3178", "title": "東亞輿地圖", "ckey": 9590334, "available": true, "iiifUrl": "https://purl.stanford.edu/pp766hw3178/iiif/manifest" }, "geometry": { "type": "Polygon", "coordinates": [ [ [ 95.0, 57.5 ], [ 100.0, 57.5 ], [ 100.0, 60.0 ], [ 95.0, 60.0 ], [ 95.0, 57.5 ] ] ] } },
{ "type": "Feature", "properties": { "Id": 0, "Sheet_ID": "W7N5N. カラピチャンスコエ", "label": "W7N5N. カラピチャンスコエ", "call_short": "G7400 S1000 .J3", "call_num": "G7400 S1000 .J3 W7N5N", "recid": "wy358nf7811", "websiteUrl": "https://purl.stanford.edu/wy358nf7811", "title": "東亞輿地圖", "ckey": 9590334, "available": true, "iiifUrl": "https://purl.stanford.edu/wy358nf7811/iiif/manifest" }, "geometry": { "type": "Polygon", "coordinates": [ [ [ 100.0, 57.5 ], [ 105.0, 57.5 ], [ 105.0, 60.0 ], [ 100.0, 60.0 ], [ 100.0, 57.5 ] ] ] } },
{ "type": "Feature", "properties": { "Id": 0, "Sheet_ID": "E4N3S ED2. 新知嶋", "label": "E4N3S ED2. 新知嶋", "call_short": "G7400 S1000 .J3", "call_num": "G7400 S1000 .J3 E4N3S ED.2", "recid": "nz100jk5460", "websiteUrl": "https://purl.stanford.edu/nz100jk5460", "title": "東亞輿地圖", "ckey": 9590334, "available": true, "iiifUrl": "https://purl.stanford.edu/nz100jk5460/iiif/manifest" }, "geometry": { "type": "Polygon", "coordinates": [ [ [ 150.0, 45.0 ], [ 155.0, 45.0 ], [ 155.0, 47.5 ], [ 150.0, 47.5 ], [ 150.0, 45.0 ] ] ] } },
{ "type": "Feature", "properties": { "Id": 0, "Sheet_ID": "W1N3N. アルハラ", "label": "W1N3N. アルハラ", "call_short": "G7400 S1000 .J3", "call_num": "G7400 S1000 .J3 W1N3N ED.2", "recid": "xk573mv9564", "websiteUrl": "https://purl.stanford.edu/xk573mv9564", "title": "東亞輿地圖", "ckey": 9590334, "available": true, "iiifUrl": "https://purl.stanford.edu/xk573mv9564/iiif/manifest" }, "geometry": { "type": "Polygon", "coordinates": [ [ [ 130.0, 47.5 ], [ 135.0, 47.5 ], [ 135.0, 50.0 ], [ 130.0, 50.0 ], [ 130.0, 47.5 ] ] ] } },
{ "type": "Feature", "properties": { "Id": 0, "Sheet_ID": "W4N3N. 満洲里", "label": "W4N3N. 満洲里", "call_short": "G7400 S1000 .J3", "call_num": "G7400 S1000 .J3 W4N3N ED.2", "recid": "dx360bh9364", "websiteUrl": "https://purl.stanford.edu/dx360bh9364", "title": "東亞輿地圖", "ckey": 9590334, "available": true, "iiifUrl": "https://purl.stanford.edu/dx360bh9364/iiif/manifest" }, "geometry": { "type": "Polygon", "coordinates": [ [ [ 115.0, 47.5 ], [ 120.0, 47.5 ], [ 120.0, 50.0 ], [ 115.0, 50.0 ], [ 115.0, 47.5 ] ] ] } },
{ "type": "Feature", "properties": { "Id": 0, "Sheet_ID": "W4N3S. 烏珠穆泌", "label": "W4N3S. 烏珠穆泌", "call_short": "G7400 S1000 .J3", "call_num": "G7400 S1000 .J3 W4N3S ED.2", "recid": "kq167yk9338", "websiteUrl": "https://purl.stanford.edu/kq167yk9338", "title": "東亞輿地圖", "ckey": 9590334, "available": true, "iiifUrl": "https://purl.stanford.edu/kq167yk9338/iiif/manifest" }, "geometry": { "type": "Polygon", "coordinates": [ [ [ 115.0, 45.0 ], [ 120.0, 45.0 ], [ 120.0, 47.5 ], [ 115.0, 47.5 ], [ 115.0, 45.0 ] ] ] } },
{ "type": "Feature", "properties": { "Id": 0, "Sheet_ID": "W5N3S. 車臣汗", "label": "W5N3S. 車臣汗", "call_short": "G7400 S1000 .J3", "call_num": "G7400 S1000 .J3 W5N3S ED.2", "recid": "zy679jz0792", "websiteUrl": "https://purl.stanford.edu/zy679jz0792", "title": "東亞輿地圖", "ckey": 9590334, "available": true, "iiifUrl": "https://purl.stanford.edu/zy679jz0792/iiif/manifest" }, "geometry": { "type": "Polygon", "coordinates": [ [ [ 110.0, 45.0 ], [ 115.0, 45.0 ], [ 115.0, 47.5 ], [ 110.0, 47.5 ], [ 110.0, 45.0 ] ] ] } },
{ "type": "Feature", "properties": { "Id": 0, "Sheet_ID": "W5N2N. 烏得", "label": "W5N2N. 烏得", "call_short": "G7400 S1000 .J3", "call_num": "G7400 S1000 .J3 W5N2N ED.2", "recid": "nb912qp9628", "websiteUrl": "https://purl.stanford.edu/nb912qp9628", "title": "東亞輿地圖", "ckey": 9590334, "available": true, "iiifUrl": "https://purl.stanford.edu/nb912qp9628/iiif/manifest" }, "geometry": { "type": "Polygon", "coordinates": [ [ [ 110.0, 42.5 ], [ 115.0, 42.5 ], [ 115.0, 45.0 ], [ 110.0, 45.0 ], [ 110.0, 42.5 ] ] ] } },
{ "type": "Feature", "properties": { "Id": 0, "Sheet_ID": "W6S2N ED2. 重慶", "label": "W6S2N ED2. 重慶", "call_short": "G7400 S1000 .J3", "call_num": "G7400 S1000 .J3 W6S2N ED.2", "recid": "jf458hw5633", "websiteUrl": "https://purl.stanford.edu/jf458hw5633", "title": "東亞輿地圖", "ckey": 9590334, "available": true, "iiifUrl": "https://purl.stanford.edu/jf458hw5633/iiif/manifest" }, "geometry": { "type": "Polygon", "coordinates": [ [ [ 105.0, 27.5 ], [ 110.0, 27.5 ], [ 110.0, 30.0 ], [ 105.0, 30.0 ], [ 105.0, 27.5 ] ] ] } }
]
}
