{
"type": "FeatureCollection",
"name": "index_map",
"xy_coordinate_resolution": 1e-07,
"features": [
{ "type": "Feature", "properties": { "Id": 0, "Sheet_ID": "慶源 16R. 慶源 / 羅津要塞近傍 11", "label": "慶源 16R. 慶源 / 羅津要塞近傍 11", "call_short": "G7900 S50 .J3", "call_num": "G7900 S50 .J3 SHEET A1-16R", "recid": "xt985mg2941", "websiteUrl": "https://purl.stanford.edu/xt985mg2941", "title": "[朝鮮五万分一地形圖]", "ckey": 9585328, "available": true, "iiifUrl": "https://purl.stanford.edu/xt985mg2941/iiif/manifest" }, "geometry": { "type": "Polygon", "coordinates": [ [ [ 130.0, 42.666667 ], [ 130.25, 42.666667 ], [ 130.25, 42.8333335 ], [ 130.0, 42.8333335 ], [ 130.0, 42.666667 ] ] ] } },
{ "type": "Feature", "properties": { "Id": 0, "Sheet_ID": "慶源 12R. 新乾洞 / 羅津要塞近傍 5", "label": "慶源 12R. 新乾洞 / 羅津要塞近傍 5", "call_short": "G7900 S50 .J3", "call_num": "G7900 S50 .J3 SHEET A1-12R", "recid": "nv339jf3012", "websiteUrl": "https://purl.stanford.edu/nv339jf3012", "title": "[朝鮮五万分一地形圖]", "ckey": 9585328, "available": true, "iiifUrl": "https://purl.stanford.edu/nv339jf3012/iiif/manifest" }, "geometry": { "type": "Polygon", "coordinates": [ [ [ 130.25, 42.666667 ], [ 130.5, 42.666667 ], [ 130.5, 42.8333335 ], [ 130.25, 42.8333335 ], [ 130.25, 42.666667 ] ] ] } },
{ "type": "Feature", "properties": { "Id": 0, "Sheet_ID": "慶源 15R. 訓戎 / 羅津要塞近傍 10", "label": "慶源 15R. 訓戎 / 羅津要塞近傍 10", "call_short": "G7900 S50 .J3", "call_num": "G7900 S50 .J3 SHEET A1-15R", "recid": "cj987zm6276", "websiteUrl": "https://purl.stanford.edu/cj987zm6276", "title": "[朝鮮五万分一地形圖]", "ckey": 9585328, "available": true, "iiifUrl": "https://purl.stanford.edu/cj987zm6276/iiif/manifest" }, "geometry": { "type": "Polygon", "coordinates": [ [ [ 130.0, 42.8333335 ], [ 130.25, 42.8333335 ], [ 130.25, 43.0 ], [ 130.0, 43.0 ], [ 130.0, 42.8333335 ] ] ] } },
{ "type": "Feature", "properties": { "Id": 0, "Sheet_ID": "慶源 11R. 訓戎東部 / 羅津要塞近傍 4", "label": "慶源 11R. 訓戎東部 / 羅津要塞近傍 4", "call_short": "G7900 S50 .J3", "call_num": "G7900 S50 .J3 SHEET A1-11R", "recid": "dd615qz9885", "websiteUrl": "https://purl.stanford.edu/dd615qz9885", "title": "[朝鮮五万分一地形圖]", "ckey": 9585328, "available": true, "iiifUrl": "https://purl.stanford.edu/dd615qz9885/iiif/manifest" }, "geometry": { "type": "Polygon", "coordinates": [ [ [ 130.25, 42.8333335 ], [ 130.5, 42.8333335 ], [ 130.5, 43.0 ], [ 130.25, 43.0 ], [ 130.25, 42.8333335 ] ] ] } },
{ "type": "Feature", "properties": { "Id": 0, "Sheet_ID": "慶興 16R. 梨津 / 羅津要塞近傍 15", "label": "慶興 16R. 梨津 / 羅津要塞近傍 15", "call_short": "G7900 S50 .J3", "call_num": "G7900 S50 .J3 SHEET A2-16R", "recid": "xb935zh2758", "websiteUrl": "https://purl.stanford.edu/xb935zh2758", "title": "[朝鮮五万分一地形圖]", "ckey": 9585328, "available": true, "iiifUrl": "https://purl.stanford.edu/xb935zh2758/iiif/manifest" }, "geometry": { "type": "Polygon", "coordinates": [ [ [ 130.0, 42.0 ], [ 130.25, 42.0 ], [ 130.25, 42.1666667 ], [ 130.0, 42.1666667 ], [ 130.0, 42.0 ] ] ] } },
{ "type": "Feature", "properties": { "Id": 0, "Sheet_ID": "慶興 12R. 大草島 / 羅津要塞近傍 9", "label": "慶興 12R. 大草島 / 羅津要塞近傍 9", "call_short": "G7900 S50 .J3", "call_num": "G7900 S50 .J3 SHEET A2-12R", "recid": "mn592td5377", "websiteUrl": "https://purl.stanford.edu/mn592td5377", "title": "[朝鮮五万分一地形圖]", "ckey": 9585328, "available": true, "iiifUrl": "https://purl.stanford.edu/mn592td5377/iiif/manifest" }, "geometry": { "type": "Polygon", "coordinates": [ [ [ 130.25, 42.0 ], [ 130.5, 42.0 ], [ 130.5, 42.1666667 ], [ 130.25, 42.1666667 ], [ 130.25, 42.0 ] ] ] } },
{ "type": "Feature", "properties": { "Id": 0, "Sheet_ID": "慶興 15R. 新洞 / 羅津要塞近傍 14", "label": "慶興 15R. 新洞 / 羅津要塞近傍 14", "call_short": "G7900 S50 .J3", "call_num": "G7900 S50 .J3 SHEET A2-15R", "recid": "pp733wq8571", "websiteUrl": "https://purl.stanford.edu/pp733wq8571", "title": "[朝鮮五万分一地形圖]", "ckey": 9585328, "available": true, "iiifUrl": "https://purl.stanford.edu/pp733wq8571/iiif/manifest" }, "geometry": { "type": "Polygon", "coordinates": [ [ [ 130.0, 42.1666667 ], [ 130.25, 42.1666667 ], [ 130.25, 42.3333335 ], [ 130.0, 42.3333335 ], [ 130.0, 42.1666667 ] ] ] } },
{ "type": "Feature", "properties": { "Id": 0, "Sheet_ID": "慶興 11R. 羅津 / 羅津要塞近傍 8", "label": "慶興 11R. 羅津 / 羅津要塞近傍 8", "call_short": "G7900 S50 .J3", "call_num": "G7900 S50 .J3 SHEET A2-11R", "recid": "fq577yd2660", "websiteUrl": "https://purl.stanford.edu/fq577yd2660", "title": "[朝鮮五万分一地形圖]", "ckey": 9585328, "available": true, "iiifUrl": "https://purl.stanford.edu/fq577yd2660/iiif/manifest" }, "geometry": { "type": "Polygon", "coordinates": [ [ [ 130.25, 42.1666667 ], [ 130.5, 42.1666667 ], [ 130.5, 42.3333335 ], [ 130.25, 42.3333335 ], [ 130.25, 42.1666667 ] ] ] } },
{ "type": "Feature", "properties": { "Id": 0, "Sheet_ID": "慶興 7R. 西水羅 / 羅津要塞近傍 3", "label": "慶興 7R. 西水羅 / 羅津要塞近傍 3", "call_short": "G7900 S50 .J3", "call_num": "G7900 S50 .J3 SHEET A2-7R", "recid": "bt398jc7407", "websiteUrl": "https://purl.stanford.edu/bt398jc7407", "title": "[朝鮮五万分一地形圖]", "ckey": 9585328, "available": true, "iiifUrl": "https://purl.stanford.edu/bt398jc7407/iiif/manifest" }, "geometry": { "type": "Polygon", "coordinates": [ [ [ 130.5, 42.1666667 ], [ 130.75, 42.1666667 ], [ 130.75, 42.3333335 ], [ 130.5, 42.3333335 ], [ 130.5, 42.1666667 ] ] ] } },
{ "type": "Feature", "properties": { "Id": 0, "Sheet_ID": "慶興 14R. 鹿野洞 / 羅津要塞近傍 13", "label": "慶興 14R. 鹿野洞 / 羅津要塞近傍 13", "call_short": "G7900 S50 .J3", "call_num": "G7900 S50 .J3 SHEET A2-14R", "recid": "jp004rf0013", "websiteUrl": "https://purl.stanford.edu/jp004rf0013", "title": "[朝鮮五万分一地形圖]", "ckey": 9585328, "available": true, "iiifUrl": "https://purl.stanford.edu/jp004rf0013/iiif/manifest" }, "geometry": { "type": "Polygon", "coordinates": [ [ [ 130.0, 42.3333335 ], [ 130.25, 42.3333335 ], [ 130.25, 42.5000002 ], [ 130.0, 42.5000002 ], [ 130.0, 42.3333335 ] ] ] } },
{ "type": "Feature", "properties": { "Id": 0, "Sheet_ID": "慶興 10R. 雄基 / 羅津要塞近傍 7", "label": "慶興 10R. 雄基 / 羅津要塞近傍 7", "call_short": "G7900 S50 .J3", "call_num": "G7900 S50 .J3 SHEET A2-10R", "recid": "vc570jj5616", "websiteUrl": "https://purl.stanford.edu/vc570jj5616", "title": "[朝鮮五万分一地形圖]", "ckey": 9585328, "available": true, "iiifUrl": "https://purl.stanford.edu/vc570jj5616/iiif/manifest" }, "geometry": { "type": "Polygon", "coordinates": [ [ [ 130.25, 42.3333335 ], [ 130.5, 42.3333335 ], [ 130.5, 42.5000002 ], [ 130.25, 42.5000002 ], [ 130.25, 42.3333335 ] ] ] } },
{ "type": "Feature", "properties": { "Id": 0, "Sheet_ID": "慶興 6R. 古城洞 / 羅津要塞近傍 2", "label": "慶興 6R. 古城洞 / 羅津要塞近傍 2", "call_short": "G7900 S50 .J3", "call_num": "G7900 S50 .J3 SHEET A2-6R", "recid": "qp799yc6445", "websiteUrl": "https://purl.stanford.edu/qp799yc6445", "title": "[朝鮮五万分一地形圖]", "ckey": 9585328, "available": true, "iiifUrl": "https://purl.stanford.edu/qp799yc6445/iiif/manifest" }, "geometry": { "type": "Polygon", "coordinates": [ [ [ 130.5, 42.3333335 ], [ 130.75, 42.3333335 ], [ 130.75, 42.5000002 ], [ 130.5, 42.5000002 ], [ 130.5, 42.3333335 ] ] ] } },
{ "type": "Feature", "properties": { "Id": 0, "Sheet_ID": "慶興 13R. 古乾原 / 羅津要塞近傍 12", "label": "慶興 13R. 古乾原 / 羅津要塞近傍 12", "call_short": "G7900 S50 .J3", "call_num": "G7900 S50 .J3 SHEET A2-13R", "recid": "dn137bk9640", "websiteUrl": "https://purl.stanford.edu/dn137bk9640", "title": "[朝鮮五万分一地形圖]", "ckey": 9585328, "available": true, "iiifUrl": "https://purl.stanford.edu/dn137bk9640/iiif/manifest" }, "geometry": { "type": "Polygon", "coordinates": [ [ [ 130.0, 42.5000002 ], [ 130.25, 42.5000002 ], [ 130.25, 42.666667 ], [ 130.0, 42.666667 ], [ 130.0, 42.5000002 ] ] ] } },
{ "type": "Feature", "properties": { "Id": 0, "Sheet_ID": "慶興 9R. 灰岩洞 / [羅津要塞近傍 6]", "label": "慶興 9R. 灰岩洞 / [羅津要塞近傍 6]", "call_short": "0", "call_num": "0", "recid": "0", "websiteUrl": "0", "title": "0", "ckey": 0, "available": false, "iiifUrl": "0" }, "geometry": { "type": "Polygon", "coordinates": [ [ [ 130.25, 42.5000002 ], [ 130.5, 42.5000002 ], [ 130.5, 42.666667 ], [ 130.25, 42.666667 ], [ 130.25, 42.5000002 ] ] ] } },
{ "type": "Feature", "properties": { "Id": 0, "Sheet_ID": "慶興 5R. 慶興 / 羅津要塞近傍 1", "label": "慶興 5R. 慶興 / 羅津要塞近傍 1", "call_short": "G7900 S50 .J3", "call_num": "G7900 S50 .J3 SHEET A2-5R", "recid": "fx346ck7884", "websiteUrl": "https://purl.stanford.edu/fx346ck7884", "title": "[朝鮮五万分一地形圖]", "ckey": 9585328, "available": true, "iiifUrl": "https://purl.stanford.edu/fx346ck7884/iiif/manifest" }, "geometry": { "type": "Polygon", "coordinates": [ [ [ 130.5, 42.5000002 ], [ 130.75, 42.5000002 ], [ 130.75, 42.666667 ], [ 130.5, 42.666667 ], [ 130.5, 42.5000002 ] ] ] } },
{ "type": "Feature", "properties": { "Id": 0, "Sheet_ID": "鍾城 4R. 鍾城 / 羅津要塞近傍 18", "label": "鍾城 4R. 鍾城 / 羅津要塞近傍 18", "call_short": "G7900 S50 .J3", "call_num": "G7900 S50 .J3 SHEET B1-4R", "recid": "sz001jf4124", "websiteUrl": "https://purl.stanford.edu/sz001jf4124", "title": "[朝鮮五万分一地形圖]", "ckey": 9585328, "available": true, "iiifUrl": "https://purl.stanford.edu/sz001jf4124/iiif/manifest" }, "geometry": { "type": "Polygon", "coordinates": [ [ [ 129.75, 42.666667 ], [ 130.0, 42.666667 ], [ 130.0, 42.8333337 ], [ 129.75, 42.8333337 ], [ 129.75, 42.666667 ] ] ] } },
{ "type": "Feature", "properties": { "Id": 0, "Sheet_ID": "鍾城 3R. 穩城 / 羅津要塞近傍 17", "label": "鍾城 3R. 穩城 / 羅津要塞近傍 17", "call_short": "G7900 S50 .J3", "call_num": "G7900 S50 .J3 SHEET B1-3R", "recid": "qk958jw3102", "websiteUrl": "https://purl.stanford.edu/qk958jw3102", "title": "[朝鮮五万分一地形圖]", "ckey": 9585328, "available": true, "iiifUrl": "https://purl.stanford.edu/qk958jw3102/iiif/manifest" }, "geometry": { "type": "Polygon", "coordinates": [ [ [ 129.75, 42.8333337 ], [ 130.0, 42.8333337 ], [ 130.0, 43.0000003 ], [ 129.75, 43.0000003 ], [ 129.75, 42.8333337 ] ] ] } },
{ "type": "Feature", "properties": { "Id": 0, "Sheet_ID": "鍾城 2R. 柔遠鎭 / 羅津要塞近傍 16", "label": "鍾城 2R. 柔遠鎭 / 羅津要塞近傍 16", "call_short": "G7900 S50 .J3", "call_num": "G7900 S50 .J3 SHEET B1-2R", "recid": "zj189jm7527", "websiteUrl": "https://purl.stanford.edu/zj189jm7527", "title": "[朝鮮五万分一地形圖]", "ckey": 9585328, "available": true, "iiifUrl": "https://purl.stanford.edu/zj189jm7527/iiif/manifest" }, "geometry": { "type": "Polygon", "coordinates": [ [ [ 129.75, 43.0000003 ], [ 130.0, 43.0000003 ], [ 130.0, 43.166667 ], [ 129.75, 43.166667 ], [ 129.75, 43.0000003 ] ] ] } },
{ "type": "Feature", "properties": { "Id": 0, "Sheet_ID": "會寧 16. 上倉坪", "label": "會寧 16. 上倉坪", "call_short": "0", "call_num": "0", "recid": "0", "websiteUrl": "0", "title": "0", "ckey": 0, "available": false, "iiifUrl": "0" }, "geometry": { "type": "Polygon", "coordinates": [ [ [ 129.0, 42.0 ], [ 129.25, 42.0 ], [ 129.25, 42.1666667 ], [ 129.0, 42.1666667 ], [ 129.0, 42.0 ] ] ] } },
{ "type": "Feature", "properties": { "Id": 0, "Sheet_ID": "會寧 12R. 豐山洞", "label": "會寧 12R. 豐山洞", "call_short": "G7900 S50 .J3", "call_num": "G7900 S50 .J3 SHEET B2-12R", "recid": "cf784mj8431", "websiteUrl": "https://purl.stanford.edu/cf784mj8431", "title": "[朝鮮五万分一地形圖]", "ckey": 9585328, "available": true, "iiifUrl": "https://purl.stanford.edu/cf784mj8431/iiif/manifest" }, "geometry": { "type": "Polygon", "coordinates": [ [ [ 129.25, 42.0 ], [ 129.5, 42.0 ], [ 129.5, 42.1666667 ], [ 129.25, 42.1666667 ], [ 129.25, 42.0 ] ] ] } },
{ "type": "Feature", "properties": { "Id": 0, "Sheet_ID": "會寧 8R. 富寧 / 羅津要塞近傍 26", "label": "會寧 8R. 富寧 / 羅津要塞近傍 26", "call_short": "G7900 S50 .J3", "call_num": "G7900 S50 .J3 SHEET B2-8R", "recid": "nz405ms7437", "websiteUrl": "https://purl.stanford.edu/nz405ms7437", "title": "[朝鮮五万分一地形圖]", "ckey": 9585328, "available": true, "iiifUrl": "https://purl.stanford.edu/nz405ms7437/iiif/manifest" }, "geometry": { "type": "Polygon", "coordinates": [ [ [ 129.5, 42.0 ], [ 129.75, 42.0 ], [ 129.75, 42.1666667 ], [ 129.5, 42.1666667 ], [ 129.5, 42.0 ] ] ] } },
{ "type": "Feature", "properties": { "Id": 0, "Sheet_ID": "會寧 4R. 富居 / 羅津要塞近傍 22", "label": "會寧 4R. 富居 / 羅津要塞近傍 22", "call_short": "G7900 S50 .J3", "call_num": "G7900 S50 .J3 SHEET B2-4R", "recid": "nc025tz7400", "websiteUrl": "https://purl.stanford.edu/nc025tz7400", "title": "[朝鮮五万分一地形圖]", "ckey": 9585328, "available": true, "iiifUrl": "https://purl.stanford.edu/nc025tz7400/iiif/manifest" }, "geometry": { "type": "Polygon", "coordinates": [ [ [ 129.75, 42.0 ], [ 130.0, 42.0 ], [ 130.0, 42.1666667 ], [ 129.75, 42.1666667 ], [ 129.75, 42.0 ] ] ] } },
{ "type": "Feature", "properties": { "Id": 0, "Sheet_ID": "會寧 15. 茂山", "label": "會寧 15. 茂山", "call_short": "0", "call_num": "0", "recid": "0", "websiteUrl": "0", "title": "0", "ckey": 0, "available": false, "iiifUrl": "0" }, "geometry": { "type": "Polygon", "coordinates": [ [ [ 129.0, 42.1666667 ], [ 129.25, 42.1666667 ], [ 129.25, 42.3333335 ], [ 129.0, 42.3333335 ], [ 129.0, 42.1666667 ] ] ] } },
{ "type": "Feature", "properties": { "Id": 0, "Sheet_ID": "會寧 11R. 珍貨洞", "label": "會寧 11R. 珍貨洞", "call_short": "G7900 S50 .J3", "call_num": "G7900 S50 .J3 SHEET B2-11R", "recid": "jv320rz5409", "websiteUrl": "https://purl.stanford.edu/jv320rz5409", "title": "[朝鮮五万分一地形圖]", "ckey": 9585328, "available": true, "iiifUrl": "https://purl.stanford.edu/jv320rz5409/iiif/manifest" }, "geometry": { "type": "Polygon", "coordinates": [ [ [ 129.25, 42.1666667 ], [ 129.5, 42.1666667 ], [ 129.5, 42.3333335 ], [ 129.25, 42.3333335 ], [ 129.25, 42.1666667 ] ] ] } },
{ "type": "Feature", "properties": { "Id": 0, "Sheet_ID": "會寧 7R. 蒼坪 / 羅津要塞近傍 25", "label": "會寧 7R. 蒼坪 / 羅津要塞近傍 25", "call_short": "G7900 S50 .J3", "call_num": "G7900 S50 .J3 SHEET B2-7R", "recid": "px551mx3357", "websiteUrl": "https://purl.stanford.edu/px551mx3357", "title": "[朝鮮五万分一地形圖]", "ckey": 9585328, "available": true, "iiifUrl": "https://purl.stanford.edu/px551mx3357/iiif/manifest" }, "geometry": { "type": "Polygon", "coordinates": [ [ [ 129.5, 42.1666667 ], [ 129.75, 42.1666667 ], [ 129.75, 42.3333335 ], [ 129.5, 42.3333335 ], [ 129.5, 42.1666667 ] ] ] } },
{ "type": "Feature", "properties": { "Id": 0, "Sheet_ID": "會寧 3R. 豐山 / 羅津要塞近傍 21", "label": "會寧 3R. 豐山 / 羅津要塞近傍 21", "call_short": "G7900 S50 .J3", "call_num": "G7900 S50 .J3 SHEET B2-3R", "recid": "yy261xt5996", "websiteUrl": "https://purl.stanford.edu/yy261xt5996", "title": "[朝鮮五万分一地形圖]", "ckey": 9585328, "available": true, "iiifUrl": "https://purl.stanford.edu/yy261xt5996/iiif/manifest" }, "geometry": { "type": "Polygon", "coordinates": [ [ [ 129.75, 42.1666667 ], [ 130.0, 42.1666667 ], [ 130.0, 42.3333335 ], [ 129.75, 42.3333335 ], [ 129.75, 42.1666667 ] ] ] } },
{ "type": "Feature", "properties": { "Id": 0, "Sheet_ID": "會寧 14. 芝草洞", "label": "會寧 14. 芝草洞", "call_short": "0", "call_num": "0", "recid": "0", "websiteUrl": "0", "title": "0", "ckey": 0, "available": false, "iiifUrl": "0" }, "geometry": { "type": "Polygon", "coordinates": [ [ [ 129.0, 42.3333335 ], [ 129.25, 42.3333335 ], [ 129.25, 42.5000002 ], [ 129.0, 42.5000002 ], [ 129.0, 42.3333335 ] ] ] } },
{ "type": "Feature", "properties": { "Id": 0, "Sheet_ID": "會寧 10R. 西湖洞", "label": "會寧 10R. 西湖洞", "call_short": "G7900 S50 .J3", "call_num": "G7900 S50 .J3 SHEET B2-10R", "recid": "xc735hv7399", "websiteUrl": "https://purl.stanford.edu/xc735hv7399", "title": "[朝鮮五万分一地形圖]", "ckey": 9585328, "available": true, "iiifUrl": "https://purl.stanford.edu/xc735hv7399/iiif/manifest" }, "geometry": { "type": "Polygon", "coordinates": [ [ [ 129.25, 42.3333335 ], [ 129.5, 42.3333335 ], [ 129.5, 42.5000002 ], [ 129.25, 42.5000002 ], [ 129.25, 42.3333335 ] ] ] } },
{ "type": "Feature", "properties": { "Id": 0, "Sheet_ID": "會寧 6R. 會寧西部 / 羅津要塞近傍 24", "label": "會寧 6R. 會寧西部 / 羅津要塞近傍 24", "call_short": "G7900 S50 .J3", "call_num": "G7900 S50 .J3 SHEET B2-6R", "recid": "yh319yq1349", "websiteUrl": "https://purl.stanford.edu/yh319yq1349", "title": "[朝鮮五万分一地形圖]", "ckey": 9585328, "available": true, "iiifUrl": "https://purl.stanford.edu/yh319yq1349/iiif/manifest" }, "geometry": { "type": "Polygon", "coordinates": [ [ [ 129.5, 42.3333335 ], [ 129.75, 42.3333335 ], [ 129.75, 42.5000002 ], [ 129.5, 42.5000002 ], [ 129.5, 42.3333335 ] ] ] } },
{ "type": "Feature", "properties": { "Id": 0, "Sheet_ID": "會寧 2R. 會寧東部 / 羅津要塞近傍 20", "label": "會寧 2R. 會寧東部 / 羅津要塞近傍 20", "call_short": "G7900 S50 .J3", "call_num": "G7900 S50 .J3 SHEET B2-2R", "recid": "bk177wq3097", "websiteUrl": "https://purl.stanford.edu/bk177wq3097", "title": "[朝鮮五万分一地形圖]", "ckey": 9585328, "available": true, "iiifUrl": "https://purl.stanford.edu/bk177wq3097/iiif/manifest" }, "geometry": { "type": "Polygon", "coordinates": [ [ [ 129.75, 42.3333335 ], [ 130.0, 42.3333335 ], [ 130.0, 42.5000002 ], [ 129.75, 42.5000002 ], [ 129.75, 42.3333335 ] ] ] } },
{ "type": "Feature", "properties": { "Id": 0, "Sheet_ID": "會寧 5. 行營西部 / [羅津要塞近傍 23]", "label": "會寧 5. 行營西部 / [羅津要塞近傍 23]", "call_short": "0", "call_num": "0", "recid": "0", "websiteUrl": "0", "title": "0", "ckey": 0, "available": false, "iiifUrl": "0" }, "geometry": { "type": "Polygon", "coordinates": [ [ [ 129.5, 42.5000002 ], [ 129.75, 42.5000002 ], [ 129.75, 42.666667 ], [ 129.5, 42.666667 ], [ 129.5, 42.5000002 ] ] ] } },
{ "type": "Feature", "properties": { "Id": 0, "Sheet_ID": "會寧 1R. 行營 / 羅津要塞近傍 19", "label": "會寧 1R. 行營 / 羅津要塞近傍 19", "call_short": "G7900 S50 .J3", "call_num": "G7900 S50 .J3 SHEET B2-1R", "recid": "dq305cz6333", "websiteUrl": "https://purl.stanford.edu/dq305cz6333", "title": "[朝鮮五万分一地形圖]", "ckey": 9585328, "available": true, "iiifUrl": "https://purl.stanford.edu/dq305cz6333/iiif/manifest" }, "geometry": { "type": "Polygon", "coordinates": [ [ [ 129.75, 42.5000002 ], [ 130.0, 42.5000002 ], [ 130.0, 42.666667 ], [ 129.75, 42.666667 ], [ 129.75, 42.5000002 ] ] ] } },
{ "type": "Feature", "properties": { "Id": 0, "Sheet_ID": "鬱陵島 3/4R. 欝陵島 / 欝陵島 1", "label": "鬱陵島 3/4R. 欝陵島 / 欝陵島 1", "call_short": "G7900 S50 .J3", "call_num": "G7900 S50 .J3 SHEET A9-3/4R", "recid": "gn196jx3215", "websiteUrl": "https://purl.stanford.edu/gn196jx3215", "title": "[朝鮮五万分一地形圖]", "ckey": 9585328, "available": true, "iiifUrl": "https://purl.stanford.edu/gn196jx3215/iiif/manifest" }, "geometry": { "type": "Polygon", "coordinates": [ [ [ 130.75, 37.416667 ], [ 131.0, 37.416667 ], [ 131.0, 37.583333 ], [ 130.75, 37.583333 ], [ 130.75, 37.416667 ] ] ] } },
{ "type": "Feature", "properties": { "Id": 0, "Sheet_ID": "羅南 16. 廣徳洞", "label": "羅南 16. 廣徳洞", "call_short": "G7900 S50 .J3", "call_num": "G7900 S50 .J3 SHEET B3-16", "recid": "wk834hq8070", "websiteUrl": "https://purl.stanford.edu/wk834hq8070", "title": "[朝鮮五万分一地形圖]", "ckey": 9585328, "available": true, "iiifUrl": "https://purl.stanford.edu/wk834hq8070/iiif/manifest" }, "geometry": { "type": "Polygon", "coordinates": [ [ [ 129.0, 41.333333 ], [ 129.25, 41.333333 ], [ 129.25, 41.4999998 ], [ 129.0, 41.4999998 ], [ 129.0, 41.333333 ] ] ] } },
{ "type": "Feature", "properties": { "Id": 0, "Sheet_ID": "羅南 12R. 寶化堡", "label": "羅南 12R. 寶化堡", "call_short": "G7900 S50 .J3", "call_num": "G7900 S50 .J3 SHEET B3-12R", "recid": "cb679bk1361", "websiteUrl": "https://purl.stanford.edu/cb679bk1361", "title": "[朝鮮五万分一地形圖]", "ckey": 9585328, "available": true, "iiifUrl": "https://purl.stanford.edu/cb679bk1361/iiif/manifest" }, "geometry": { "type": "Polygon", "coordinates": [ [ [ 129.25, 41.333333 ], [ 129.5, 41.333333 ], [ 129.5, 41.4999998 ], [ 129.25, 41.4999998 ], [ 129.25, 41.333333 ] ] ] } },
{ "type": "Feature", "properties": { "Id": 0, "Sheet_ID": "羅南 8. 朱村後場", "label": "羅南 8. 朱村後場", "call_short": "0", "call_num": "0", "recid": "0", "websiteUrl": "0", "title": "0", "ckey": 0, "available": false, "iiifUrl": "0" }, "geometry": { "type": "Polygon", "coordinates": [ [ [ 129.5, 41.333333 ], [ 129.75, 41.333333 ], [ 129.75, 41.4999998 ], [ 129.5, 41.4999998 ], [ 129.5, 41.333333 ] ] ] } },
{ "type": "Feature", "properties": { "Id": 0, "Sheet_ID": "羅南 4. 漁大津", "label": "羅南 4. 漁大津", "call_short": "G7900 S50 .J3", "call_num": "G7900 S50 .J3 SHEET B3-4", "recid": "ww927zw9046", "websiteUrl": "https://purl.stanford.edu/ww927zw9046", "title": "[朝鮮五万分一地形圖]", "ckey": 9585328, "available": true, "iiifUrl": "https://purl.stanford.edu/ww927zw9046/iiif/manifest" }, "geometry": { "type": "Polygon", "coordinates": [ [ [ 129.75, 41.333333 ], [ 130.0, 41.333333 ], [ 130.0, 41.4999998 ], [ 129.75, 41.4999998 ], [ 129.75, 41.333333 ] ] ] } },
{ "type": "Feature", "properties": { "Id": 0, "Sheet_ID": "羅南 15. 雪嶺", "label": "羅南 15. 雪嶺", "call_short": "0", "call_num": "0", "recid": "0", "websiteUrl": "0", "title": "0", "ckey": 0, "available": false, "iiifUrl": "0" }, "geometry": { "type": "Polygon", "coordinates": [ [ [ 129.0, 41.4999998 ], [ 129.25, 41.4999998 ], [ 129.25, 41.6666665 ], [ 129.0, 41.6666665 ], [ 129.0, 41.4999998 ] ] ] } },
{ "type": "Feature", "properties": { "Id": 0, "Sheet_ID": "羅南 11R. 城町", "label": "羅南 11R. 城町", "call_short": "G7900 S50 .J3", "call_num": "G7900 S50 .J3 SHEET B3-11R", "recid": "qd839hx3101", "websiteUrl": "https://purl.stanford.edu/qd839hx3101", "title": "[朝鮮五万分一地形圖]", "ckey": 9585328, "available": true, "iiifUrl": "https://purl.stanford.edu/qd839hx3101/iiif/manifest" }, "geometry": { "type": "Polygon", "coordinates": [ [ [ 129.25, 41.4999998 ], [ 129.5, 41.4999998 ], [ 129.5, 41.6666665 ], [ 129.25, 41.6666665 ], [ 129.25, 41.4999998 ] ] ] } },
{ "type": "Feature", "properties": { "Id": 0, "Sheet_ID": "羅南 7. 鏡城", "label": "羅南 7. 鏡城", "call_short": "G7900 S50 .J3", "call_num": "G7900 S50 .J3 SHEET B3-7", "recid": "md051rh5899", "websiteUrl": "https://purl.stanford.edu/md051rh5899", "title": "[朝鮮五万分一地形圖]", "ckey": 9585328, "available": true, "iiifUrl": "https://purl.stanford.edu/md051rh5899/iiif/manifest" }, "geometry": { "type": "Polygon", "coordinates": [ [ [ 129.5, 41.4999998 ], [ 129.75, 41.4999998 ], [ 129.75, 41.6666665 ], [ 129.5, 41.6666665 ], [ 129.5, 41.4999998 ] ] ] } },
{ "type": "Feature", "properties": { "Id": 0, "Sheet_ID": "羅南 14. 冠帽峰", "label": "羅南 14. 冠帽峰", "call_short": "G7900 S50 .J3", "call_num": "G7900 S50 .J3 SHEET B3-14", "recid": "zx730dc1209", "websiteUrl": "https://purl.stanford.edu/zx730dc1209", "title": "[朝鮮五万分一地形圖]", "ckey": 9585328, "available": true, "iiifUrl": "https://purl.stanford.edu/zx730dc1209/iiif/manifest" }, "geometry": { "type": "Polygon", "coordinates": [ [ [ 129.0, 41.6666665 ], [ 129.25, 41.6666665 ], [ 129.25, 41.8333333 ], [ 129.0, 41.8333333 ], [ 129.0, 41.6666665 ] ] ] } },
{ "type": "Feature", "properties": { "Id": 0, "Sheet_ID": "羅南 10R. 鳳坡洞", "label": "羅南 10R. 鳳坡洞", "call_short": "G7900 S50 .J3", "call_num": "G7900 S50 .J3 SHEET B3-10R", "recid": "dt153zv3852", "websiteUrl": "https://purl.stanford.edu/dt153zv3852", "title": "[朝鮮五万分一地形圖]", "ckey": 9585328, "available": true, "iiifUrl": "https://purl.stanford.edu/dt153zv3852/iiif/manifest" }, "geometry": { "type": "Polygon", "coordinates": [ [ [ 129.25, 41.6666665 ], [ 129.5, 41.6666665 ], [ 129.5, 41.8333333 ], [ 129.25, 41.8333333 ], [ 129.25, 41.6666665 ] ] ] } },
{ "type": "Feature", "properties": { "Id": 0, "Sheet_ID": "羅南 6. 羅南", "label": "羅南 6. 羅南", "call_short": "G7900 S50 .J3", "call_num": "G7900 S50 .J3 SHEET B3-6", "recid": "wj473rt1872", "websiteUrl": "https://purl.stanford.edu/wj473rt1872", "title": "[朝鮮五万分一地形圖]", "ckey": 9585328, "available": true, "iiifUrl": "https://purl.stanford.edu/wj473rt1872/iiif/manifest" }, "geometry": { "type": "Polygon", "coordinates": [ [ [ 129.5, 41.6666665 ], [ 129.75, 41.6666665 ], [ 129.75, 41.8333333 ], [ 129.5, 41.8333333 ], [ 129.5, 41.6666665 ] ] ] } },
{ "type": "Feature", "properties": { "Id": 0, "Sheet_ID": "羅南 2. 清津", "label": "羅南 2. 清津", "call_short": "G7900 S50 .J3", "call_num": "G7900 S50 .J3 SHEET B3-2", "recid": "kw494qn7060", "websiteUrl": "https://purl.stanford.edu/kw494qn7060", "title": "[朝鮮五万分一地形圖]", "ckey": 9585328, "available": true, "iiifUrl": "https://purl.stanford.edu/kw494qn7060/iiif/manifest" }, "geometry": { "type": "Polygon", "coordinates": [ [ [ 129.75, 41.6666665 ], [ 130.0, 41.6666665 ], [ 130.0, 41.8333333 ], [ 129.75, 41.8333333 ], [ 129.75, 41.6666665 ] ] ] } },
{ "type": "Feature", "properties": { "Id": 0, "Sheet_ID": "羅南 13. 四芝洞", "label": "羅南 13. 四芝洞", "call_short": "G7900 S50 .J3", "call_num": "G7900 S50 .J3 SHEET B3-13", "recid": "dd086rf1647", "websiteUrl": "https://purl.stanford.edu/dd086rf1647", "title": "[朝鮮五万分一地形圖]", "ckey": 9585328, "available": true, "iiifUrl": "https://purl.stanford.edu/dd086rf1647/iiif/manifest" }, "geometry": { "type": "Polygon", "coordinates": [ [ [ 129.0, 41.8333333 ], [ 129.25, 41.8333333 ], [ 129.25, 42.0 ], [ 129.0, 42.0 ], [ 129.0, 41.8333333 ] ] ] } },
{ "type": "Feature", "properties": { "Id": 0, "Sheet_ID": "羅南 9R. 古城嶺", "label": "羅南 9R. 古城嶺", "call_short": "G7900 S50 .J3", "call_num": "G7900 S50 .J3 SHEET B3-9R", "recid": "vw881dz3659", "websiteUrl": "https://purl.stanford.edu/vw881dz3659", "title": "[朝鮮五万分一地形圖]", "ckey": 9585328, "available": true, "iiifUrl": "https://purl.stanford.edu/vw881dz3659/iiif/manifest" }, "geometry": { "type": "Polygon", "coordinates": [ [ [ 129.25, 41.8333333 ], [ 129.5, 41.8333333 ], [ 129.5, 42.0 ], [ 129.25, 42.0 ], [ 129.25, 41.8333333 ] ] ] } },
{ "type": "Feature", "properties": { "Id": 0, "Sheet_ID": "羅南 5. 章興洞", "label": "羅南 5. 章興洞", "call_short": "G7900 S50 .J3", "call_num": "G7900 S50 .J3 SHEET B3-5", "recid": "gn125zp1469", "websiteUrl": "https://purl.stanford.edu/gn125zp1469", "title": "[朝鮮五万分一地形圖]", "ckey": 9585328, "available": true, "iiifUrl": "https://purl.stanford.edu/gn125zp1469/iiif/manifest" }, "geometry": { "type": "Polygon", "coordinates": [ [ [ 129.5, 41.8333333 ], [ 129.75, 41.8333333 ], [ 129.75, 42.0 ], [ 129.5, 42.0 ], [ 129.5, 41.8333333 ] ] ] } },
{ "type": "Feature", "properties": { "Id": 0, "Sheet_ID": "羅南 1. 連津", "label": "羅南 1. 連津", "call_short": "G7900 S50 .J3", "call_num": "G7900 S50 .J3 SHEET B3-1", "recid": "hk817vx6891", "websiteUrl": "https://purl.stanford.edu/hk817vx6891", "title": "[朝鮮五万分一地形圖]", "ckey": 9585328, "available": true, "iiifUrl": "https://purl.stanford.edu/hk817vx6891/iiif/manifest" }, "geometry": { "type": "Polygon", "coordinates": [ [ [ 129.75, 41.8333333 ], [ 130.0, 41.8333333 ], [ 130.0, 42.0 ], [ 129.75, 42.0 ], [ 129.75, 41.8333333 ] ] ] } },
{ "type": "Feature", "properties": { "Id": 0, "Sheet_ID": "羅南 1R. 連津", "label": "羅南 1R. 連津", "call_short": "G7900 S50 .J3", "call_num": "G7900 S50 .J3 SHEET B3-1R", "recid": "vq532yn5191", "websiteUrl": "https://purl.stanford.edu/vq532yn5191", "title": "[朝鮮五万分一地形圖]", "ckey": 9585328, "available": true, "iiifUrl": "https://purl.stanford.edu/vq532yn5191/iiif/manifest" }, "geometry": { "type": "Polygon", "coordinates": [ [ [ 129.75, 41.8333333 ], [ 130.0, 41.8333333 ], [ 130.0, 42.0 ], [ 129.75, 42.0 ], [ 129.75, 41.8333333 ] ] ] } },
{ "type": "Feature", "properties": { "Id": 0, "Sheet_ID": "羅南 2R. 清津", "label": "羅南 2R. 清津", "call_short": "G7900 S50 .J3", "call_num": "G7900 S50 .J3 SHEET B3-2R", "recid": "pt522xw5667", "websiteUrl": "https://purl.stanford.edu/pt522xw5667", "title": "[朝鮮五万分一地形圖]", "ckey": 9585328, "available": true, "iiifUrl": "https://purl.stanford.edu/pt522xw5667/iiif/manifest" }, "geometry": { "type": "Polygon", "coordinates": [ [ [ 129.75, 41.6666665 ], [ 130.0, 41.6666665 ], [ 130.0, 41.8333333 ], [ 129.75, 41.8333333 ], [ 129.75, 41.6666665 ] ] ] } },
{ "type": "Feature", "properties": { "Id": 0, "Sheet_ID": "羅南 4R. 漁大津", "label": "羅南 4R. 漁大津", "call_short": "G7900 S50 .J3", "call_num": "G7900 S50 .J3 SHEET B3-4R", "recid": "ys482gh5514", "websiteUrl": "https://purl.stanford.edu/ys482gh5514", "title": "[朝鮮五万分一地形圖]", "ckey": 9585328, "available": true, "iiifUrl": "https://purl.stanford.edu/ys482gh5514/iiif/manifest" }, "geometry": { "type": "Polygon", "coordinates": [ [ [ 129.75, 41.333333 ], [ 130.0, 41.333333 ], [ 130.0, 41.4999998 ], [ 129.75, 41.4999998 ], [ 129.75, 41.333333 ] ] ] } },
{ "type": "Feature", "properties": { "Id": 0, "Sheet_ID": "羅南 5R. 章興洞", "label": "羅南 5R. 章興洞", "call_short": "G7900 S50 .J3", "call_num": "G7900 S50 .J3 SHEET B3-5R", "recid": "yj390bt2192", "websiteUrl": "https://purl.stanford.edu/yj390bt2192", "title": "[朝鮮五万分一地形圖]", "ckey": 9585328, "available": true, "iiifUrl": "https://purl.stanford.edu/yj390bt2192/iiif/manifest" }, "geometry": { "type": "Polygon", "coordinates": [ [ [ 129.5, 41.8333333 ], [ 129.75, 41.8333333 ], [ 129.75, 42.0 ], [ 129.5, 42.0 ], [ 129.5, 41.8333333 ] ] ] } },
{ "type": "Feature", "properties": { "Id": 0, "Sheet_ID": "羅南 6R. 羅南", "label": "羅南 6R. 羅南", "call_short": "G7900 S50 .J3", "call_num": "G7900 S50 .J3 SHEET B3-6R", "recid": "ht733vm4824", "websiteUrl": "https://purl.stanford.edu/ht733vm4824", "title": "[朝鮮五万分一地形圖]", "ckey": 9585328, "available": true, "iiifUrl": "https://purl.stanford.edu/ht733vm4824/iiif/manifest" }, "geometry": { "type": "Polygon", "coordinates": [ [ [ 129.5, 41.6666665 ], [ 129.75, 41.6666665 ], [ 129.75, 41.8333333 ], [ 129.5, 41.8333333 ], [ 129.5, 41.6666665 ] ] ] } },
{ "type": "Feature", "properties": { "Id": 0, "Sheet_ID": "羅南 7R. 鏡城", "label": "羅南 7R. 鏡城", "call_short": "G7900 S50 .J3", "call_num": "G7900 S50 .J3 SHEET B3-7R", "recid": "xg984bz4851", "websiteUrl": "https://purl.stanford.edu/xg984bz4851", "title": "[朝鮮五万分一地形圖]", "ckey": 9585328, "available": true, "iiifUrl": "https://purl.stanford.edu/xg984bz4851/iiif/manifest" }, "geometry": { "type": "Polygon", "coordinates": [ [ [ 129.5, 41.4999998 ], [ 129.75, 41.4999998 ], [ 129.75, 41.6666665 ], [ 129.5, 41.6666665 ], [ 129.5, 41.4999998 ] ] ] } },
{ "type": "Feature", "properties": { "Id": 0, "Sheet_ID": "羅南 13R. 四芝洞", "label": "羅南 13R. 四芝洞", "call_short": "G7900 S50 .J3", "call_num": "G7900 S50 .J3 SHEET B3-13R", "recid": "fr441hf4628", "websiteUrl": "https://purl.stanford.edu/fr441hf4628", "title": "[朝鮮五万分一地形圖]", "ckey": 9585328, "available": true, "iiifUrl": "https://purl.stanford.edu/fr441hf4628/iiif/manifest" }, "geometry": { "type": "Polygon", "coordinates": [ [ [ 129.0, 41.8333333 ], [ 129.25, 41.8333333 ], [ 129.25, 42.0 ], [ 129.0, 42.0 ], [ 129.0, 41.8333333 ] ] ] } },
{ "type": "Feature", "properties": { "Id": 0, "Sheet_ID": "羅南 14R. 冠帽峰", "label": "羅南 14R. 冠帽峰", "call_short": "G7900 S50 .J3", "call_num": "G7900 S50 .J3 SHEET B3-14R", "recid": "gq162dm1075", "websiteUrl": "https://purl.stanford.edu/gq162dm1075", "title": "[朝鮮五万分一地形圖]", "ckey": 9585328, "available": true, "iiifUrl": "https://purl.stanford.edu/gq162dm1075/iiif/manifest" }, "geometry": { "type": "Polygon", "coordinates": [ [ [ 129.0, 41.6666665 ], [ 129.25, 41.6666665 ], [ 129.25, 41.8333333 ], [ 129.0, 41.8333333 ], [ 129.0, 41.6666665 ] ] ] } },
{ "type": "Feature", "properties": { "Id": 0, "Sheet_ID": "羅南 16R. 廣徳洞", "label": "羅南 16R. 廣徳洞", "call_short": "G7900 S50 .J3", "call_num": "G7900 S50 .J3 SHEET B3-16R", "recid": "my589xf1269", "websiteUrl": "https://purl.stanford.edu/my589xf1269", "title": "[朝鮮五万分一地形圖]", "ckey": 9585328, "available": true, "iiifUrl": "https://purl.stanford.edu/my589xf1269/iiif/manifest" }, "geometry": { "type": "Polygon", "coordinates": [ [ [ 129.0, 41.333333 ], [ 129.25, 41.333333 ], [ 129.25, 41.4999998 ], [ 129.0, 41.4999998 ], [ 129.0, 41.333333 ] ] ] } },
{ "type": "Feature", "properties": { "Id": 0, "Sheet_ID": "吉州 16R. 城津北部", "label": "吉州 16R. 城津北部", "call_short": "G7900 S50 .J3", "call_num": "G7900 S50 .J3 SHEET B4-16R", "recid": "nn545qn7218", "websiteUrl": "https://purl.stanford.edu/nn545qn7218", "title": "[朝鮮五万分一地形圖]", "ckey": 9585328, "available": true, "iiifUrl": "https://purl.stanford.edu/nn545qn7218/iiif/manifest" }, "geometry": { "type": "Polygon", "coordinates": [ [ [ 129.0, 40.666667 ], [ 129.25, 40.666667 ], [ 129.25, 40.8333335 ], [ 129.0, 40.8333335 ], [ 129.0, 40.666667 ] ] ] } },
{ "type": "Feature", "properties": { "Id": 0, "Sheet_ID": "吉州 12R. 臨溟洞", "label": "吉州 12R. 臨溟洞", "call_short": "G7900 S50 .J3", "call_num": "G7900 S50 .J3 SHEET B4-12R", "recid": "yv768xq8781", "websiteUrl": "https://purl.stanford.edu/yv768xq8781", "title": "[朝鮮五万分一地形圖]", "ckey": 9585328, "available": true, "iiifUrl": "https://purl.stanford.edu/yv768xq8781/iiif/manifest" }, "geometry": { "type": "Polygon", "coordinates": [ [ [ 129.25, 40.666667 ], [ 129.5, 40.666667 ], [ 129.5, 40.8333335 ], [ 129.25, 40.8333335 ], [ 129.25, 40.666667 ] ] ] } },
{ "type": "Feature", "properties": { "Id": 0, "Sheet_ID": "吉州 8R. 泗浦洞", "label": "吉州 8R. 泗浦洞", "call_short": "G7900 S50 .J3", "call_num": "G7900 S50 .J3 SHEET B4-8R", "recid": "zh807cg7265", "websiteUrl": "https://purl.stanford.edu/zh807cg7265", "title": "[朝鮮五万分一地形圖]", "ckey": 9585328, "available": true, "iiifUrl": "https://purl.stanford.edu/zh807cg7265/iiif/manifest" }, "geometry": { "type": "Polygon", "coordinates": [ [ [ 129.5, 40.666667 ], [ 129.75, 40.666667 ], [ 129.75, 40.8333335 ], [ 129.5, 40.8333335 ], [ 129.5, 40.666667 ] ] ] } },
{ "type": "Feature", "properties": { "Id": 0, "Sheet_ID": "吉州 15R. 古堡", "label": "吉州 15R. 古堡", "call_short": "G7900 S50 .J3", "call_num": "G7900 S50 .J3 SHEET B4-15R", "recid": "vq386sz3304", "websiteUrl": "https://purl.stanford.edu/vq386sz3304", "title": "[朝鮮五万分一地形圖]", "ckey": 9585328, "available": true, "iiifUrl": "https://purl.stanford.edu/vq386sz3304/iiif/manifest" }, "geometry": { "type": "Polygon", "coordinates": [ [ [ 129.0, 40.8333335 ], [ 129.25, 40.8333335 ], [ 129.25, 41.0 ], [ 129.0, 41.0 ], [ 129.0, 40.8333335 ] ] ] } },
{ "type": "Feature", "properties": { "Id": 0, "Sheet_ID": "吉州 11R. 吉州", "label": "吉州 11R. 吉州", "call_short": "G7900 S50 .J3", "call_num": "G7900 S50 .J3 SHEET B4-11R", "recid": "wd629nh5523", "websiteUrl": "https://purl.stanford.edu/wd629nh5523", "title": "[朝鮮五万分一地形圖]", "ckey": 9585328, "available": true, "iiifUrl": "https://purl.stanford.edu/wd629nh5523/iiif/manifest" }, "geometry": { "type": "Polygon", "coordinates": [ [ [ 129.25, 40.8333335 ], [ 129.5, 40.8333335 ], [ 129.5, 41.0 ], [ 129.25, 41.0 ], [ 129.25, 40.8333335 ] ] ] } },
{ "type": "Feature", "properties": { "Id": 0, "Sheet_ID": "吉州 14R. 載徳", "label": "吉州 14R. 載徳", "call_short": "G7900 S50 .J3", "call_num": "G7900 S50 .J3 SHEET B4-14R", "recid": "mh280xd7004", "websiteUrl": "https://purl.stanford.edu/mh280xd7004", "title": "[朝鮮五万分一地形圖]", "ckey": 9585328, "available": true, "iiifUrl": "https://purl.stanford.edu/mh280xd7004/iiif/manifest" }, "geometry": { "type": "Polygon", "coordinates": [ [ [ 129.0, 41.0 ], [ 129.25, 41.0 ], [ 129.25, 41.1666665 ], [ 129.0, 41.1666665 ], [ 129.0, 41.0 ] ] ] } },
{ "type": "Feature", "properties": { "Id": 0, "Sheet_ID": "吉州 10R. 古站洞", "label": "吉州 10R. 古站洞", "call_short": "G7900 S50 .J3", "call_num": "G7900 S50 .J3 SHEET B4-10R", "recid": "jt949jx7937", "websiteUrl": "https://purl.stanford.edu/jt949jx7937", "title": "[朝鮮五万分一地形圖]", "ckey": 9585328, "available": true, "iiifUrl": "https://purl.stanford.edu/jt949jx7937/iiif/manifest" }, "geometry": { "type": "Polygon", "coordinates": [ [ [ 129.25, 41.0 ], [ 129.5, 41.0 ], [ 129.5, 41.1666665 ], [ 129.25, 41.1666665 ], [ 129.25, 41.0 ] ] ] } },
{ "type": "Feature", "properties": { "Id": 0, "Sheet_ID": "吉州 6R. 七寳山", "label": "吉州 6R. 七寳山", "call_short": "G7900 S50 .J3", "call_num": "G7900 S50 .J3 SHEET B4-6R", "recid": "jk456my1152", "websiteUrl": "https://purl.stanford.edu/jk456my1152", "title": "[朝鮮五万分一地形圖]", "ckey": 9585328, "available": true, "iiifUrl": "https://purl.stanford.edu/jk456my1152/iiif/manifest" }, "geometry": { "type": "Polygon", "coordinates": [ [ [ 129.5, 41.0 ], [ 129.75, 41.0 ], [ 129.75, 41.1666665 ], [ 129.5, 41.1666665 ], [ 129.5, 41.0 ] ] ] } },
{ "type": "Feature", "properties": { "Id": 0, "Sheet_ID": "吉州 13R. 雄州洞", "label": "吉州 13R. 雄州洞", "call_short": "G7900 S50 .J3", "call_num": "G7900 S50 .J3 SHEET B4-13R", "recid": "qf164wk2944", "websiteUrl": "https://purl.stanford.edu/qf164wk2944", "title": "[朝鮮五万分一地形圖]", "ckey": 9585328, "available": true, "iiifUrl": "https://purl.stanford.edu/qf164wk2944/iiif/manifest" }, "geometry": { "type": "Polygon", "coordinates": [ [ [ 129.0, 41.1666665 ], [ 129.25, 41.1666665 ], [ 129.25, 41.333333 ], [ 129.0, 41.333333 ], [ 129.0, 41.1666665 ] ] ] } },
{ "type": "Feature", "properties": { "Id": 0, "Sheet_ID": "吉州 9R. 明川", "label": "吉州 9R. 明川", "call_short": "G7900 S50 .J3", "call_num": "G7900 S50 .J3 SHEET B4-9R", "recid": "pm347jy7028", "websiteUrl": "https://purl.stanford.edu/pm347jy7028", "title": "[朝鮮五万分一地形圖]", "ckey": 9585328, "available": true, "iiifUrl": "https://purl.stanford.edu/pm347jy7028/iiif/manifest" }, "geometry": { "type": "Polygon", "coordinates": [ [ [ 129.25, 41.1666665 ], [ 129.5, 41.1666665 ], [ 129.5, 41.333333 ], [ 129.25, 41.333333 ], [ 129.25, 41.1666665 ] ] ] } },
{ "type": "Feature", "properties": { "Id": 0, "Sheet_ID": "吉州 5R. 極洞", "label": "吉州 5R. 極洞", "call_short": "G7900 S50 .J3", "call_num": "G7900 S50 .J3 SHEET B4-5R", "recid": "vs846qf5669", "websiteUrl": "https://purl.stanford.edu/vs846qf5669", "title": "[朝鮮五万分一地形圖]", "ckey": 9585328, "available": true, "iiifUrl": "https://purl.stanford.edu/vs846qf5669/iiif/manifest" }, "geometry": { "type": "Polygon", "coordinates": [ [ [ 129.5, 41.1666665 ], [ 129.75, 41.1666665 ], [ 129.75, 41.333333 ], [ 129.5, 41.333333 ], [ 129.5, 41.1666665 ] ] ] } },
{ "type": "Feature", "properties": { "Id": 0, "Sheet_ID": "吉州 1R. 梨岩洞", "label": "吉州 1R. 梨岩洞", "call_short": "G7900 S50 .J3", "call_num": "G7900 S50 .J3 SHEET B4-1R", "recid": "kx402nz8853", "websiteUrl": "https://purl.stanford.edu/kx402nz8853", "title": "[朝鮮五万分一地形圖]", "ckey": 9585328, "available": true, "iiifUrl": "https://purl.stanford.edu/kx402nz8853/iiif/manifest" }, "geometry": { "type": "Polygon", "coordinates": [ [ [ 129.75, 41.1666665 ], [ 130.0, 41.1666665 ], [ 130.0, 41.333333 ], [ 129.75, 41.333333 ], [ 129.75, 41.1666665 ] ] ] } },
{ "type": "Feature", "properties": { "Id": 0, "Sheet_ID": "吉州 7R. 下鷹峰", "label": "吉州 7R. 下鷹峰", "call_short": "G7900 S50 .J3", "call_num": "G7900 S50 .J3 SHEET B4-7R", "recid": "hb236xh2949", "websiteUrl": "https://purl.stanford.edu/hb236xh2949", "title": "[朝鮮五万分一地形圖]", "ckey": 9585328, "available": true, "iiifUrl": "https://purl.stanford.edu/hb236xh2949/iiif/manifest" }, "geometry": { "type": "Polygon", "coordinates": [ [ [ 129.75, 41.0 ], [ 129.5, 41.0 ], [ 129.5, 40.8333335 ], [ 129.75, 40.8333335 ], [ 129.75, 40.9 ], [ 129.765, 40.9 ], [ 129.765, 40.96 ], [ 129.75, 40.96 ], [ 129.75, 41.0 ] ] ] } },
{ "type": "Feature", "properties": { "Id": 0, "Sheet_ID": "吉州 7. 下鷹峰", "label": "吉州 7. 下鷹峰", "call_short": "G7900 S50 .J3", "call_num": "G7900 S50 .J3 SHEET B4-7", "recid": "hm833gz8647", "websiteUrl": "https://purl.stanford.edu/hm833gz8647", "title": "[朝鮮五万分一地形圖]", "ckey": 9585328, "available": true, "iiifUrl": "https://purl.stanford.edu/hm833gz8647/iiif/manifest" }, "geometry": { "type": "Polygon", "coordinates": [ [ [ 129.75, 41.0 ], [ 129.5, 41.0 ], [ 129.5, 40.8333335 ], [ 129.75, 40.8333335 ], [ 129.75, 40.9 ], [ 129.765, 40.9 ], [ 129.765, 40.96 ], [ 129.75, 40.96 ], [ 129.75, 41.0 ] ] ] } },
{ "type": "Feature", "properties": { "Id": 0, "Sheet_ID": "城津 14. 龍臺洞", "label": "城津 14. 龍臺洞", "call_short": "0", "call_num": "0", "recid": "0", "websiteUrl": "0", "title": "0", "ckey": 0, "available": false, "iiifUrl": "0" }, "geometry": { "type": "Polygon", "coordinates": [ [ [ 129.0, 40.333333 ], [ 129.25, 40.333333 ], [ 129.25, 40.5 ], [ 129.0, 40.5 ], [ 129.0, 40.333333 ] ] ] } },
{ "type": "Feature", "properties": { "Id": 0, "Sheet_ID": "城津 13R. 城津", "label": "城津 13R. 城津", "call_short": "G7900 S50 .J3", "call_num": "G7900 S50 .J3 SHEET B5-13R", "recid": "nk038xp4561", "websiteUrl": "https://purl.stanford.edu/nk038xp4561", "title": "[朝鮮五万分一地形圖]", "ckey": 9585328, "available": true, "iiifUrl": "https://purl.stanford.edu/nk038xp4561/iiif/manifest" }, "geometry": { "type": "Polygon", "coordinates": [ [ [ 129.0, 40.5 ], [ 129.25, 40.5 ], [ 129.25, 40.666667 ], [ 129.0, 40.666667 ], [ 129.0, 40.5 ] ] ] } },
{ "type": "Feature", "properties": { "Id": 0, "Sheet_ID": "恵山鎮 16R. 惠山鎭", "label": "恵山鎮 16R. 惠山鎭", "call_short": "G7900 S50 .J3", "call_num": "G7900 S50 .J3 SHEET C3-16R", "recid": "nm560dn7572", "websiteUrl": "https://purl.stanford.edu/nm560dn7572", "title": "[朝鮮五万分一地形圖]", "ckey": 9585328, "available": true, "iiifUrl": "https://purl.stanford.edu/nm560dn7572/iiif/manifest" }, "geometry": { "type": "Polygon", "coordinates": [ [ [ 128.0, 41.333333 ], [ 128.25, 41.333333 ], [ 128.25, 41.4999998 ], [ 128.0, 41.4999998 ], [ 128.0, 41.333333 ] ] ] } },
{ "type": "Feature", "properties": { "Id": 0, "Sheet_ID": "恵山鎮 12R. 甫安所里", "label": "恵山鎮 12R. 甫安所里", "call_short": "G7900 S50 .J3", "call_num": "G7900 S50 .J3 SHEET C3-12R", "recid": "xt538ty8073", "websiteUrl": "https://purl.stanford.edu/xt538ty8073", "title": "[朝鮮五万分一地形圖]", "ckey": 9585328, "available": true, "iiifUrl": "https://purl.stanford.edu/xt538ty8073/iiif/manifest" }, "geometry": { "type": "Polygon", "coordinates": [ [ [ 128.25, 41.333333 ], [ 128.5, 41.333333 ], [ 128.5, 41.4999998 ], [ 128.25, 41.4999998 ], [ 128.25, 41.333333 ] ] ] } },
{ "type": "Feature", "properties": { "Id": 0, "Sheet_ID": "恵山鎮 8R. 白沙峯", "label": "恵山鎮 8R. 白沙峯", "call_short": "G7900 S50 .J3", "call_num": "G7900 S50 .J3 SHEET C3-8R", "recid": "vr675gz2231", "websiteUrl": "https://purl.stanford.edu/vr675gz2231", "title": "[朝鮮五万分一地形圖]", "ckey": 9585328, "available": true, "iiifUrl": "https://purl.stanford.edu/vr675gz2231/iiif/manifest" }, "geometry": { "type": "Polygon", "coordinates": [ [ [ 128.5, 41.333333 ], [ 128.75, 41.333333 ], [ 128.75, 41.4999998 ], [ 128.5, 41.4999998 ], [ 128.5, 41.333333 ] ] ] } },
{ "type": "Feature", "properties": { "Id": 0, "Sheet_ID": "恵山鎮 4. 山羊台", "label": "恵山鎮 4. 山羊台", "call_short": "0", "call_num": "0", "recid": "0", "websiteUrl": "0", "title": "0", "ckey": 0, "available": false, "iiifUrl": "0" }, "geometry": { "type": "Polygon", "coordinates": [ [ [ 128.75, 41.333333 ], [ 129.0, 41.333333 ], [ 129.0, 41.4999998 ], [ 128.75, 41.4999998 ], [ 128.75, 41.333333 ] ] ] } },
{ "type": "Feature", "properties": { "Id": 0, "Sheet_ID": "恵山鎮 11R. 普天堡", "label": "恵山鎮 11R. 普天堡", "call_short": "G7900 S50 .J3", "call_num": "G7900 S50 .J3 SHEET C3-11R", "recid": "kx527bb4443", "websiteUrl": "https://purl.stanford.edu/kx527bb4443", "title": "[朝鮮五万分一地形圖]", "ckey": 9585328, "available": true, "iiifUrl": "https://purl.stanford.edu/kx527bb4443/iiif/manifest" }, "geometry": { "type": "Polygon", "coordinates": [ [ [ 128.25, 41.4999998 ], [ 128.5, 41.4999998 ], [ 128.5, 41.6666666 ], [ 128.25, 41.6666666 ], [ 128.25, 41.4999998 ] ] ] } },
{ "type": "Feature", "properties": { "Id": 0, "Sheet_ID": "恵山鎮 7. 崔哥嶺", "label": "恵山鎮 7. 崔哥嶺", "call_short": "G7900 S50 .J3", "call_num": "G7900 S50 .J3 SHEET C3-7", "recid": "dp004qs0427", "websiteUrl": "https://purl.stanford.edu/dp004qs0427", "title": "[朝鮮五万分一地形圖]", "ckey": 9585328, "available": true, "iiifUrl": "https://purl.stanford.edu/dp004qs0427/iiif/manifest" }, "geometry": { "type": "Polygon", "coordinates": [ [ [ 128.5, 41.4999998 ], [ 128.75, 41.4999998 ], [ 128.75, 41.6666666 ], [ 128.5, 41.6666666 ], [ 128.5, 41.4999998 ] ] ] } },
{ "type": "Feature", "properties": { "Id": 0, "Sheet_ID": "恵山鎮 3R. 延岩", "label": "恵山鎮 3R. 延岩", "call_short": "G7900 S50 .J3", "call_num": "G7900 S50 .J3 SHEET C3-3R", "recid": "pb642qs4506", "websiteUrl": "https://purl.stanford.edu/pb642qs4506", "title": "[朝鮮五万分一地形圖]", "ckey": 9585328, "available": true, "iiifUrl": "https://purl.stanford.edu/pb642qs4506/iiif/manifest" }, "geometry": { "type": "Polygon", "coordinates": [ [ [ 128.75, 41.4999998 ], [ 129.0, 41.4999998 ], [ 129.0, 41.6666666 ], [ 128.75, 41.6666666 ], [ 128.75, 41.4999998 ] ] ] } },
{ "type": "Feature", "properties": { "Id": 0, "Sheet_ID": "恵山鎮 14R. 三浦山", "label": "恵山鎮 14R. 三浦山", "call_short": "G7900 S50 .J3", "call_num": "G7900 S50 .J3 SHEET C3-14R", "recid": "bc400cm7746", "websiteUrl": "https://purl.stanford.edu/bc400cm7746", "title": "[朝鮮五万分一地形圖]", "ckey": 9585328, "available": true, "iiifUrl": "https://purl.stanford.edu/bc400cm7746/iiif/manifest" }, "geometry": { "type": "Polygon", "coordinates": [ [ [ 128.0, 41.6666666 ], [ 128.25, 41.6666666 ], [ 128.25, 41.8333334 ], [ 128.0, 41.8333334 ], [ 128.0, 41.6666666 ] ] ] } },
{ "type": "Feature", "properties": { "Id": 0, "Sheet_ID": "恵山鎮 10R. 胞胎里", "label": "恵山鎮 10R. 胞胎里", "call_short": "G7900 S50 .J3", "call_num": "G7900 S50 .J3 SHEET C3-10R", "recid": "jr614ht1380", "websiteUrl": "https://purl.stanford.edu/jr614ht1380", "title": "[朝鮮五万分一地形圖]", "ckey": 9585328, "available": true, "iiifUrl": "https://purl.stanford.edu/jr614ht1380/iiif/manifest" }, "geometry": { "type": "Polygon", "coordinates": [ [ [ 128.25, 41.6666666 ], [ 128.5, 41.6666666 ], [ 128.5, 41.8333334 ], [ 128.25, 41.8333334 ], [ 128.25, 41.6666666 ] ] ] } },
{ "type": "Feature", "properties": { "Id": 0, "Sheet_ID": "恵山鎮 6. 郭支峯", "label": "恵山鎮 6. 郭支峯", "call_short": "G7900 S50 .J3", "call_num": "G7900 S50 .J3 SHEET C3-6", "recid": "nv404tz7139", "websiteUrl": "https://purl.stanford.edu/nv404tz7139", "title": "[朝鮮五万分一地形圖]", "ckey": 9585328, "available": true, "iiifUrl": "https://purl.stanford.edu/nv404tz7139/iiif/manifest" }, "geometry": { "type": "Polygon", "coordinates": [ [ [ 128.5, 41.6666666 ], [ 128.75, 41.6666666 ], [ 128.75, 41.8333334 ], [ 128.5, 41.8333334 ], [ 128.5, 41.6666666 ] ] ] } },
{ "type": "Feature", "properties": { "Id": 0, "Sheet_ID": "恵山鎮 2. 榆坪", "label": "恵山鎮 2. 榆坪", "call_short": "G7900 S50 .J3", "call_num": "G7900 S50 .J3 SHEET C3-2", "recid": "cj622td1479", "websiteUrl": "https://purl.stanford.edu/cj622td1479", "title": "[朝鮮五万分一地形圖]", "ckey": 9585328, "available": true, "iiifUrl": "https://purl.stanford.edu/cj622td1479/iiif/manifest" }, "geometry": { "type": "Polygon", "coordinates": [ [ [ 128.75, 41.6666666 ], [ 129.0, 41.6666666 ], [ 129.0, 41.8333334 ], [ 128.75, 41.8333334 ], [ 128.75, 41.6666666 ] ] ] } },
{ "type": "Feature", "properties": { "Id": 0, "Sheet_ID": "恵山鎮 13. 小白山", "label": "恵山鎮 13. 小白山", "call_short": "0", "call_num": "0", "recid": "0", "websiteUrl": "0", "title": "0", "ckey": 0, "available": false, "iiifUrl": "0" }, "geometry": { "type": "Polygon", "coordinates": [ [ [ 128.0, 41.8333334 ], [ 128.25, 41.8333334 ], [ 128.25, 42.0000002 ], [ 128.0, 42.0000002 ], [ 128.0, 41.8333334 ] ] ] } },
{ "type": "Feature", "properties": { "Id": 0, "Sheet_ID": "恵山鎮 9. 神武城", "label": "恵山鎮 9. 神武城", "call_short": "G7900 S50 .J3", "call_num": "G7900 S50 .J3 SHEET C3-9", "recid": "jd982ct6487", "websiteUrl": "https://purl.stanford.edu/jd982ct6487", "title": "[朝鮮五万分一地形圖]", "ckey": 9585328, "available": true, "iiifUrl": "https://purl.stanford.edu/jd982ct6487/iiif/manifest" }, "geometry": { "type": "Polygon", "coordinates": [ [ [ 128.25, 41.8333334 ], [ 128.5, 41.8333334 ], [ 128.5, 42.0000002 ], [ 128.25, 42.0000002 ], [ 128.25, 41.8333334 ] ] ] } },
{ "type": "Feature", "properties": { "Id": 0, "Sheet_ID": "恵山鎮 5. 甑山", "label": "恵山鎮 5. 甑山", "call_short": "G7900 S50 .J3", "call_num": "G7900 S50 .J3 SHEET C3-5", "recid": "mv264hs4827", "websiteUrl": "https://purl.stanford.edu/mv264hs4827", "title": "[朝鮮五万分一地形圖]", "ckey": 9585328, "available": true, "iiifUrl": "https://purl.stanford.edu/mv264hs4827/iiif/manifest" }, "geometry": { "type": "Polygon", "coordinates": [ [ [ 128.5, 41.8333334 ], [ 128.75, 41.8333334 ], [ 128.75, 42.0000002 ], [ 128.5, 42.0000002 ], [ 128.5, 41.8333334 ] ] ] } },
{ "type": "Feature", "properties": { "Id": 0, "Sheet_ID": "恵山鎮 1R. 芦坪洞", "label": "恵山鎮 1R. 芦坪洞", "call_short": "G7900 S50 .J3", "call_num": "G7900 S50 .J3 SHEET C3-1R", "recid": "hy075zj9590", "websiteUrl": "https://purl.stanford.edu/hy075zj9590", "title": "[朝鮮五万分一地形圖]", "ckey": 9585328, "available": true, "iiifUrl": "https://purl.stanford.edu/hy075zj9590/iiif/manifest" }, "geometry": { "type": "Polygon", "coordinates": [ [ [ 128.75, 41.8333334 ], [ 129.0, 41.8333334 ], [ 129.0, 42.0000002 ], [ 128.75, 42.0000002 ], [ 128.75, 41.8333334 ] ] ] } },
{ "type": "Feature", "properties": { "Id": 0, "Sheet_ID": "白頭山 16. 白頭山", "label": "白頭山 16. 白頭山", "call_short": "0", "call_num": "0", "recid": "0", "websiteUrl": "0", "title": "0", "ckey": 0, "available": false, "iiifUrl": "0" }, "geometry": { "type": "Polygon", "coordinates": [ [ [ 128.0, 42.0000002 ], [ 128.25, 42.0000002 ], [ 128.25, 42.166667 ], [ 128.0, 42.166667 ], [ 128.0, 42.0000002 ] ] ] } },
{ "type": "Feature", "properties": { "Id": 0, "Sheet_ID": "白頭山 12. 圓池", "label": "白頭山 12. 圓池", "call_short": "0", "call_num": "0", "recid": "0", "websiteUrl": "0", "title": "0", "ckey": 0, "available": false, "iiifUrl": "0" }, "geometry": { "type": "Polygon", "coordinates": [ [ [ 128.25, 42.0000002 ], [ 128.5, 42.0000002 ], [ 128.5, 42.166667 ], [ 128.25, 42.166667 ], [ 128.25, 42.0000002 ] ] ] } },
{ "type": "Feature", "properties": { "Id": 0, "Sheet_ID": "白頭山 8. 長山嶺", "label": "白頭山 8. 長山嶺", "call_short": "0", "call_num": "0", "recid": "0", "websiteUrl": "0", "title": "0", "ckey": 0, "available": false, "iiifUrl": "0" }, "geometry": { "type": "Polygon", "coordinates": [ [ [ 128.5, 42.0000002 ], [ 128.75, 42.0000002 ], [ 128.75, 42.166667 ], [ 128.5, 42.166667 ], [ 128.5, 42.0000002 ] ] ] } },
{ "type": "Feature", "properties": { "Id": 0, "Sheet_ID": "白頭山 4. 農事洞", "label": "白頭山 4. 農事洞", "call_short": "0", "call_num": "0", "recid": "0", "websiteUrl": "0", "title": "0", "ckey": 0, "available": false, "iiifUrl": "0" }, "geometry": { "type": "Polygon", "coordinates": [ [ [ 128.75, 42.0000002 ], [ 129.0, 42.0000002 ], [ 129.0, 42.166667 ], [ 128.75, 42.166667 ], [ 128.75, 42.0000002 ] ] ] } },
{ "type": "Feature", "properties": { "Id": 0, "Sheet_ID": "恵山鎮 2R. 榆坪", "label": "恵山鎮 2R. 榆坪", "call_short": "G7900 S50 .J3", "call_num": "G7900 S50 .J3 SHEET C3-2R", "recid": "tv670yn0719", "websiteUrl": "https://purl.stanford.edu/tv670yn0719", "title": "[朝鮮五万分一地形圖]", "ckey": 9585328, "available": true, "iiifUrl": "https://purl.stanford.edu/tv670yn0719/iiif/manifest" }, "geometry": { "type": "Polygon", "coordinates": [ [ [ 128.75, 41.6666666 ], [ 129.0, 41.6666666 ], [ 129.0, 41.8333334 ], [ 128.75, 41.8333334 ], [ 128.75, 41.6666666 ] ] ] } },
{ "type": "Feature", "properties": { "Id": 0, "Sheet_ID": "恵山鎮 6R. 郭支峯", "label": "恵山鎮 6R. 郭支峯", "call_short": "G7900 S50 .J3", "call_num": "G7900 S50 .J3 SHEET C3-6R", "recid": "zc478yg5802", "websiteUrl": "https://purl.stanford.edu/zc478yg5802", "title": "[朝鮮五万分一地形圖]", "ckey": 9585328, "available": true, "iiifUrl": "https://purl.stanford.edu/zc478yg5802/iiif/manifest" }, "geometry": { "type": "Polygon", "coordinates": [ [ [ 128.5, 41.6666666 ], [ 128.75, 41.6666666 ], [ 128.75, 41.8333334 ], [ 128.5, 41.8333334 ], [ 128.5, 41.6666666 ] ] ] } },
{ "type": "Feature", "properties": { "Id": 0, "Sheet_ID": "甲山 16R. 豊山", "label": "甲山 16R. 豊山", "call_short": "G7900 S50 .J3", "call_num": "G7900 S50 .J3 SHEET C4-16R", "recid": "mc253cz4996", "websiteUrl": "https://purl.stanford.edu/mc253cz4996", "title": "[朝鮮五万分一地形圖]", "ckey": 9585328, "available": true, "iiifUrl": "https://purl.stanford.edu/mc253cz4996/iiif/manifest" }, "geometry": { "type": "Polygon", "coordinates": [ [ [ 128.0, 40.666667 ], [ 128.25, 40.666667 ], [ 128.25, 40.8333335 ], [ 128.0, 40.8333335 ], [ 128.0, 40.666667 ] ] ] } },
{ "type": "Feature", "properties": { "Id": 0, "Sheet_ID": "甲山 12R. 魚坪里", "label": "甲山 12R. 魚坪里", "call_short": "G7900 S50 .J3", "call_num": "G7900 S50 .J3 SHEET C4-12R", "recid": "sz307dt3547", "websiteUrl": "https://purl.stanford.edu/sz307dt3547", "title": "[朝鮮五万分一地形圖]", "ckey": 9585328, "available": true, "iiifUrl": "https://purl.stanford.edu/sz307dt3547/iiif/manifest" }, "geometry": { "type": "Polygon", "coordinates": [ [ [ 128.25, 40.666667 ], [ 128.5, 40.666667 ], [ 128.5, 40.8333335 ], [ 128.25, 40.8333335 ], [ 128.25, 40.666667 ] ] ] } },
{ "type": "Feature", "properties": { "Id": 0, "Sheet_ID": "甲山 8R. 古城里", "label": "甲山 8R. 古城里", "call_short": "G7900 S50 .J3", "call_num": "G7900 S50 .J3 SHEET C4-8R", "recid": "ww993qb5202", "websiteUrl": "https://purl.stanford.edu/ww993qb5202", "title": "[朝鮮五万分一地形圖]", "ckey": 9585328, "available": true, "iiifUrl": "https://purl.stanford.edu/ww993qb5202/iiif/manifest" }, "geometry": { "type": "Polygon", "coordinates": [ [ [ 128.5, 40.666667 ], [ 128.75, 40.666667 ], [ 128.75, 40.8333335 ], [ 128.5, 40.8333335 ], [ 128.5, 40.666667 ] ] ] } },
{ "type": "Feature", "properties": { "Id": 0, "Sheet_ID": "甲山 4R. 堡巨里", "label": "甲山 4R. 堡巨里", "call_short": "G7900 S50 .J3", "call_num": "G7900 S50 .J3 SHEET C4-4R", "recid": "qz042dv3963", "websiteUrl": "https://purl.stanford.edu/qz042dv3963", "title": "[朝鮮五万分一地形圖]", "ckey": 9585328, "available": true, "iiifUrl": "https://purl.stanford.edu/qz042dv3963/iiif/manifest" }, "geometry": { "type": "Polygon", "coordinates": [ [ [ 128.75, 40.666667 ], [ 129.0, 40.666667 ], [ 129.0, 40.8333335 ], [ 128.75, 40.8333335 ], [ 128.75, 40.666667 ] ] ] } },
{ "type": "Feature", "properties": { "Id": 0, "Sheet_ID": "甲山 15R. 上里", "label": "甲山 15R. 上里", "call_short": "G7900 S50 .J3", "call_num": "G7900 S50 .J3 SHEET C4-15R", "recid": "sx775ph4021", "websiteUrl": "https://purl.stanford.edu/sx775ph4021", "title": "[朝鮮五万分一地形圖]", "ckey": 9585328, "available": true, "iiifUrl": "https://purl.stanford.edu/sx775ph4021/iiif/manifest" }, "geometry": { "type": "Polygon", "coordinates": [ [ [ 128.0, 40.8333335 ], [ 128.25, 40.8333335 ], [ 128.25, 41.0 ], [ 128.0, 41.0 ], [ 128.0, 40.8333335 ] ] ] } },
{ "type": "Feature", "properties": { "Id": 0, "Sheet_ID": "甲山 11R. 新下里", "label": "甲山 11R. 新下里", "call_short": "G7900 S50 .J3", "call_num": "G7900 S50 .J3 SHEET C4-11R", "recid": "zp676cy1826", "websiteUrl": "https://purl.stanford.edu/zp676cy1826", "title": "[朝鮮五万分一地形圖]", "ckey": 9585328, "available": true, "iiifUrl": "https://purl.stanford.edu/zp676cy1826/iiif/manifest" }, "geometry": { "type": "Polygon", "coordinates": [ [ [ 128.25, 40.8333335 ], [ 128.5, 40.8333335 ], [ 128.5, 41.0 ], [ 128.25, 41.0 ], [ 128.25, 40.8333335 ] ] ] } },
{ "type": "Feature", "properties": { "Id": 0, "Sheet_ID": "甲山 7R. 都倉", "label": "甲山 7R. 都倉", "call_short": "G7900 S50 .J3", "call_num": "G7900 S50 .J3 SHEET C4-7R", "recid": "pm215vv9623", "websiteUrl": "https://purl.stanford.edu/pm215vv9623", "title": "[朝鮮五万分一地形圖]", "ckey": 9585328, "available": true, "iiifUrl": "https://purl.stanford.edu/pm215vv9623/iiif/manifest" }, "geometry": { "type": "Polygon", "coordinates": [ [ [ 128.5, 40.8333335 ], [ 128.75, 40.8333335 ], [ 128.75, 41.0 ], [ 128.5, 41.0 ], [ 128.5, 40.8333335 ] ] ] } },
{ "type": "Feature", "properties": { "Id": 0, "Sheet_ID": "甲山 3R. 㐚足里", "label": "甲山 3R. 㐚足里", "call_short": "G7900 S50 .J3", "call_num": "G7900 S50 .J3 SHEET C4-3R", "recid": "cq701wc7356", "websiteUrl": "https://purl.stanford.edu/cq701wc7356", "title": "[朝鮮五万分一地形圖]", "ckey": 9585328, "available": true, "iiifUrl": "https://purl.stanford.edu/cq701wc7356/iiif/manifest" }, "geometry": { "type": "Polygon", "coordinates": [ [ [ 128.75, 40.8333335 ], [ 129.0, 40.8333335 ], [ 129.0, 41.0 ], [ 128.75, 41.0 ], [ 128.75, 40.8333335 ] ] ] } },
{ "type": "Feature", "properties": { "Id": 0, "Sheet_ID": "甲山 14. 院徳場", "label": "甲山 14. 院徳場", "call_short": "G7900 S50 .J3", "call_num": "G7900 S50 .J3 SHEET C4-14", "recid": "yz997ws3934", "websiteUrl": "https://purl.stanford.edu/yz997ws3934", "title": "[朝鮮五万分一地形圖]", "ckey": 9585328, "available": true, "iiifUrl": "https://purl.stanford.edu/yz997ws3934/iiif/manifest" }, "geometry": { "type": "Polygon", "coordinates": [ [ [ 128.0, 41.0 ], [ 128.25, 41.0 ], [ 128.25, 41.1666665 ], [ 128.0, 41.1666665 ], [ 128.0, 41.0 ] ] ] } },
{ "type": "Feature", "properties": { "Id": 0, "Sheet_ID": "甲山 10R. 甲山", "label": "甲山 10R. 甲山", "call_short": "G7900 S50 .J3", "call_num": "G7900 S50 .J3 SHEET C4-10R", "recid": "ks774hv0676", "websiteUrl": "https://purl.stanford.edu/ks774hv0676", "title": "[朝鮮五万分一地形圖]", "ckey": 9585328, "available": true, "iiifUrl": "https://purl.stanford.edu/ks774hv0676/iiif/manifest" }, "geometry": { "type": "Polygon", "coordinates": [ [ [ 128.25, 41.0 ], [ 128.5, 41.0 ], [ 128.5, 41.1666665 ], [ 128.25, 41.1666665 ], [ 128.25, 41.0 ] ] ] } },
{ "type": "Feature", "properties": { "Id": 0, "Sheet_ID": "甲山 6R. 銅店", "label": "甲山 6R. 銅店", "call_short": "G7900 S50 .J3", "call_num": "G7900 S50 .J3 SHEET C4-6R", "recid": "mh280nv5951", "websiteUrl": "https://purl.stanford.edu/mh280nv5951", "title": "[朝鮮五万分一地形圖]", "ckey": 9585328, "available": true, "iiifUrl": "https://purl.stanford.edu/mh280nv5951/iiif/manifest" }, "geometry": { "type": "Polygon", "coordinates": [ [ [ 128.5, 41.0 ], [ 128.75, 41.0 ], [ 128.75, 41.1666665 ], [ 128.5, 41.1666665 ], [ 128.5, 41.0 ] ] ] } },
{ "type": "Feature", "properties": { "Id": 0, "Sheet_ID": "甲山 2R. 新福場", "label": "甲山 2R. 新福場", "call_short": "G7900 S50 .J3", "call_num": "G7900 S50 .J3 SHEET C4-2R", "recid": "np200jp9176", "websiteUrl": "https://purl.stanford.edu/np200jp9176", "title": "[朝鮮五万分一地形圖]", "ckey": 9585328, "available": true, "iiifUrl": "https://purl.stanford.edu/np200jp9176/iiif/manifest" }, "geometry": { "type": "Polygon", "coordinates": [ [ [ 128.75, 41.0 ], [ 129.0, 41.0 ], [ 129.0, 41.1666665 ], [ 128.75, 41.1666665 ], [ 128.75, 41.0 ] ] ] } },
{ "type": "Feature", "properties": { "Id": 0, "Sheet_ID": "甲山 13R. 仲坪場", "label": "甲山 13R. 仲坪場", "call_short": "G7900 S50 .J3", "call_num": "G7900 S50 .J3 SHEET C4-13R", "recid": "dn628ww7204", "websiteUrl": "https://purl.stanford.edu/dn628ww7204", "title": "[朝鮮五万分一地形圖]", "ckey": 9585328, "available": true, "iiifUrl": "https://purl.stanford.edu/dn628ww7204/iiif/manifest" }, "geometry": { "type": "Polygon", "coordinates": [ [ [ 128.0, 41.1666665 ], [ 128.25, 41.1666665 ], [ 128.25, 41.333333 ], [ 128.0, 41.333333 ], [ 128.0, 41.1666665 ] ] ] } },
{ "type": "Feature", "properties": { "Id": 0, "Sheet_ID": "甲山 9R. 含井浦里", "label": "甲山 9R. 含井浦里", "call_short": "G7900 S50 .J3", "call_num": "G7900 S50 .J3 SHEET C4-9R", "recid": "gg385vm6976", "websiteUrl": "https://purl.stanford.edu/gg385vm6976", "title": "[朝鮮五万分一地形圖]", "ckey": 9585328, "available": true, "iiifUrl": "https://purl.stanford.edu/gg385vm6976/iiif/manifest" }, "geometry": { "type": "Polygon", "coordinates": [ [ [ 128.25, 41.1666665 ], [ 128.5, 41.1666665 ], [ 128.5, 41.333333 ], [ 128.25, 41.333333 ], [ 128.25, 41.1666665 ] ] ] } },
{ "type": "Feature", "properties": { "Id": 0, "Sheet_ID": "甲山 5R. 東興里", "label": "甲山 5R. 東興里", "call_short": "G7900 S50 .J3", "call_num": "G7900 S50 .J3 SHEET C4-5R", "recid": "nm568xq9309", "websiteUrl": "https://purl.stanford.edu/nm568xq9309", "title": "[朝鮮五万分一地形圖]", "ckey": 9585328, "available": true, "iiifUrl": "https://purl.stanford.edu/nm568xq9309/iiif/manifest" }, "geometry": { "type": "Polygon", "coordinates": [ [ [ 128.5, 41.1666665 ], [ 128.75, 41.1666665 ], [ 128.75, 41.333333 ], [ 128.5, 41.333333 ], [ 128.5, 41.1666665 ] ] ] } },
{ "type": "Feature", "properties": { "Id": 0, "Sheet_ID": "甲山 1R. 合水", "label": "甲山 1R. 合水", "call_short": "G7900 S50 .J3", "call_num": "G7900 S50 .J3 SHEET C4-1R", "recid": "gf278rt2829", "websiteUrl": "https://purl.stanford.edu/gf278rt2829", "title": "[朝鮮五万分一地形圖]", "ckey": 9585328, "available": true, "iiifUrl": "https://purl.stanford.edu/gf278rt2829/iiif/manifest" }, "geometry": { "type": "Polygon", "coordinates": [ [ [ 128.75, 41.1666665 ], [ 129.0, 41.1666665 ], [ 129.0, 41.333333 ], [ 128.75, 41.333333 ], [ 128.75, 41.1666665 ] ] ] } },
{ "type": "Feature", "properties": { "Id": 0, "Sheet_ID": "甲山 14R. 院徳場", "label": "甲山 14R. 院徳場", "call_short": "G7900 S50 .J3", "call_num": "G7900 S50 .J3 SHEET C4-14R", "recid": "br996kj2193", "websiteUrl": "https://purl.stanford.edu/br996kj2193", "title": "[朝鮮五万分一地形圖]", "ckey": 9585328, "available": true, "iiifUrl": "https://purl.stanford.edu/br996kj2193/iiif/manifest" }, "geometry": { "type": "Polygon", "coordinates": [ [ [ 128.0, 41.0 ], [ 128.25, 41.0 ], [ 128.25, 41.1666665 ], [ 128.0, 41.1666665 ], [ 128.0, 41.0 ] ] ] } },
{ "type": "Feature", "properties": { "Id": 0, "Sheet_ID": "北青 16R. 新浦", "label": "北青 16R. 新浦", "call_short": "G7900 S50 .J3", "call_num": "G7900 S50 .J3 SHEET C5-16R", "recid": "nj811dq2776", "websiteUrl": "https://purl.stanford.edu/nj811dq2776", "title": "[朝鮮五万分一地形圖]", "ckey": 9585328, "available": true, "iiifUrl": "https://purl.stanford.edu/nj811dq2776/iiif/manifest" }, "geometry": { "type": "Polygon", "coordinates": [ [ [ 128.0, 40.0 ], [ 128.25, 40.0 ], [ 128.25, 40.1666667 ], [ 128.0, 40.1666667 ], [ 128.0, 40.0 ] ] ] } },
{ "type": "Feature", "properties": { "Id": 0, "Sheet_ID": "北青 12R. 新昌", "label": "北青 12R. 新昌", "call_short": "G7900 S50 .J3", "call_num": "G7900 S50 .J3 SHEET C5-12R", "recid": "gv847js2755", "websiteUrl": "https://purl.stanford.edu/gv847js2755", "title": "[朝鮮五万分一地形圖]", "ckey": 9585328, "available": true, "iiifUrl": "https://purl.stanford.edu/gv847js2755/iiif/manifest" }, "geometry": { "type": "Polygon", "coordinates": [ [ [ 128.25, 40.0 ], [ 128.5, 40.0 ], [ 128.5, 40.1666667 ], [ 128.25, 40.1666667 ], [ 128.25, 40.0 ] ] ] } },
{ "type": "Feature", "properties": { "Id": 0, "Sheet_ID": "北青 8R. 大晩春", "label": "北青 8R. 大晩春", "call_short": "G7900 S50 .J3", "call_num": "G7900 S50 .J3 SHEET C5-8R", "recid": "pt664kb2358", "websiteUrl": "https://purl.stanford.edu/pt664kb2358", "title": "[朝鮮五万分一地形圖]", "ckey": 9585328, "available": true, "iiifUrl": "https://purl.stanford.edu/pt664kb2358/iiif/manifest" }, "geometry": { "type": "Polygon", "coordinates": [ [ [ 128.5, 40.0 ], [ 128.75, 40.0 ], [ 128.75, 40.1666667 ], [ 128.5, 40.1666667 ], [ 128.5, 40.0 ] ] ] } },
{ "type": "Feature", "properties": { "Id": 0, "Sheet_ID": "北青 15. 方村", "label": "北青 15. 方村", "call_short": "0", "call_num": "0", "recid": "0", "websiteUrl": "0", "title": "0", "ckey": 0, "available": false, "iiifUrl": "0" }, "geometry": { "type": "Polygon", "coordinates": [ [ [ 128.0, 40.1666667 ], [ 128.25, 40.1666667 ], [ 128.25, 40.3333335 ], [ 128.0, 40.3333335 ], [ 128.0, 40.1666667 ] ] ] } },
{ "type": "Feature", "properties": { "Id": 0, "Sheet_ID": "北青 11. 北青", "label": "北青 11. 北青", "call_short": "G7900 S50 .J3", "call_num": "G7900 S50 .J3 SHEET C5-11", "recid": "kj705pg4241", "websiteUrl": "https://purl.stanford.edu/kj705pg4241", "title": "[朝鮮五万分一地形圖]", "ckey": 9585328, "available": true, "iiifUrl": "https://purl.stanford.edu/kj705pg4241/iiif/manifest" }, "geometry": { "type": "Polygon", "coordinates": [ [ [ 128.25, 40.1666667 ], [ 128.5, 40.1666667 ], [ 128.5, 40.3333335 ], [ 128.25, 40.3333335 ], [ 128.25, 40.1666667 ] ] ] } },
{ "type": "Feature", "properties": { "Id": 0, "Sheet_ID": "北青 7. 利原", "label": "北青 7. 利原", "call_short": "G7900 S50 .J3", "call_num": "G7900 S50 .J3 SHEET C5-7", "recid": "sc553hf9978", "websiteUrl": "https://purl.stanford.edu/sc553hf9978", "title": "[朝鮮五万分一地形圖]", "ckey": 9585328, "available": true, "iiifUrl": "https://purl.stanford.edu/sc553hf9978/iiif/manifest" }, "geometry": { "type": "Polygon", "coordinates": [ [ [ 128.5, 40.1666667 ], [ 128.75, 40.1666667 ], [ 128.75, 40.3333335 ], [ 128.5, 40.3333335 ], [ 128.5, 40.1666667 ] ] ] } },
{ "type": "Feature", "properties": { "Id": 0, "Sheet_ID": "北青 14R. 中里", "label": "北青 14R. 中里", "call_short": "G7900 S50 .J3", "call_num": "G7900 S50 .J3 SHEET C5-14R", "recid": "gc177rz0164", "websiteUrl": "https://purl.stanford.edu/gc177rz0164", "title": "[朝鮮五万分一地形圖]", "ckey": 9585328, "available": true, "iiifUrl": "https://purl.stanford.edu/gc177rz0164/iiif/manifest" }, "geometry": { "type": "Polygon", "coordinates": [ [ [ 128.0, 40.3333335 ], [ 128.25, 40.3333335 ], [ 128.25, 40.5000002 ], [ 128.0, 40.5000002 ], [ 128.0, 40.3333335 ] ] ] } },
{ "type": "Feature", "properties": { "Id": 0, "Sheet_ID": "北青 10. 獐興里", "label": "北青 10. 獐興里", "call_short": "G7900 S50 .J3", "call_num": "G7900 S50 .J3 SHEET C5-10", "recid": "xz230sg0166", "websiteUrl": "https://purl.stanford.edu/xz230sg0166", "title": "[朝鮮五万分一地形圖]", "ckey": 9585328, "available": true, "iiifUrl": "https://purl.stanford.edu/xz230sg0166/iiif/manifest" }, "geometry": { "type": "Polygon", "coordinates": [ [ [ 128.25, 40.3333335 ], [ 128.5, 40.3333335 ], [ 128.5, 40.5000002 ], [ 128.25, 40.5000002 ], [ 128.25, 40.3333335 ] ] ] } },
{ "type": "Feature", "properties": { "Id": 0, "Sheet_ID": "北青 6. 雙上里", "label": "北青 6. 雙上里", "call_short": "0", "call_num": "0", "recid": "0", "websiteUrl": "0", "title": "0", "ckey": 0, "available": false, "iiifUrl": "0" }, "geometry": { "type": "Polygon", "coordinates": [ [ [ 128.5, 40.3333335 ], [ 128.75, 40.3333335 ], [ 128.75, 40.5000002 ], [ 128.5, 40.5000002 ], [ 128.5, 40.3333335 ] ] ] } },
{ "type": "Feature", "properties": { "Id": 0, "Sheet_ID": "北青 2. 端川", "label": "北青 2. 端川", "call_short": "G7900 S50 .J3", "call_num": "G7900 S50 .J3 SHEET C5-2", "recid": "gc226qr0856", "websiteUrl": "https://purl.stanford.edu/gc226qr0856", "title": "[朝鮮五万分一地形圖]", "ckey": 9585328, "available": true, "iiifUrl": "https://purl.stanford.edu/gc226qr0856/iiif/manifest" }, "geometry": { "type": "Polygon", "coordinates": [ [ [ 128.75, 40.3333335 ], [ 129.0, 40.3333335 ], [ 129.0, 40.5000002 ], [ 128.75, 40.5000002 ], [ 128.75, 40.3333335 ] ] ] } },
{ "type": "Feature", "properties": { "Id": 0, "Sheet_ID": "北青 13. 厚峙嶺", "label": "北青 13. 厚峙嶺", "call_short": "0", "call_num": "0", "recid": "0", "websiteUrl": "0", "title": "0", "ckey": 0, "available": false, "iiifUrl": "0" }, "geometry": { "type": "Polygon", "coordinates": [ [ [ 128.0, 40.5000002 ], [ 128.25, 40.5000002 ], [ 128.25, 40.666667 ], [ 128.0, 40.666667 ], [ 128.0, 40.5000002 ] ] ] } },
{ "type": "Feature", "properties": { "Id": 0, "Sheet_ID": "北青 9R. 直洞", "label": "北青 9R. 直洞", "call_short": "G7900 S50 .J3", "call_num": "G7900 S50 .J3 SHEET C5-9R", "recid": "px708ys7117", "websiteUrl": "https://purl.stanford.edu/px708ys7117", "title": "[朝鮮五万分一地形圖]", "ckey": 9585328, "available": true, "iiifUrl": "https://purl.stanford.edu/px708ys7117/iiif/manifest" }, "geometry": { "type": "Polygon", "coordinates": [ [ [ 128.25, 40.5000002 ], [ 128.5, 40.5000002 ], [ 128.5, 40.666667 ], [ 128.25, 40.666667 ], [ 128.25, 40.5000002 ] ] ] } },
{ "type": "Feature", "properties": { "Id": 0, "Sheet_ID": "北青 5. 上農里", "label": "北青 5. 上農里", "call_short": "G7900 S50 .J3", "call_num": "G7900 S50 .J3 SHEET C5-5", "recid": "db041zs2262", "websiteUrl": "https://purl.stanford.edu/db041zs2262", "title": "[朝鮮五万分一地形圖]", "ckey": 9585328, "available": true, "iiifUrl": "https://purl.stanford.edu/db041zs2262/iiif/manifest" }, "geometry": { "type": "Polygon", "coordinates": [ [ [ 128.5, 40.5000002 ], [ 128.75, 40.5000002 ], [ 128.75, 40.666667 ], [ 128.5, 40.666667 ], [ 128.5, 40.5000002 ] ] ] } },
{ "type": "Feature", "properties": { "Id": 0, "Sheet_ID": "北青 1. 畓洞里", "label": "北青 1. 畓洞里", "call_short": "G7900 S50 .J3", "call_num": "G7900 S50 .J3 SHEET C5-1", "recid": "mm956fr5203", "websiteUrl": "https://purl.stanford.edu/mm956fr5203", "title": "[朝鮮五万分一地形圖]", "ckey": 9585328, "available": true, "iiifUrl": "https://purl.stanford.edu/mm956fr5203/iiif/manifest" }, "geometry": { "type": "Polygon", "coordinates": [ [ [ 128.75, 40.5000002 ], [ 129.0, 40.5000002 ], [ 129.0, 40.666667 ], [ 128.75, 40.666667 ], [ 128.75, 40.5000002 ] ] ] } },
{ "type": "Feature", "properties": { "Id": 0, "Sheet_ID": "北青 1R. 畓洞里", "label": "北青 1R. 畓洞里", "call_short": "G7900 S50 .J3", "call_num": "G7900 S50 .J3 SHEET C5-1R", "recid": "yr093qd3470", "websiteUrl": "https://purl.stanford.edu/yr093qd3470", "title": "[朝鮮五万分一地形圖]", "ckey": 9585328, "available": true, "iiifUrl": "https://purl.stanford.edu/yr093qd3470/iiif/manifest" }, "geometry": { "type": "Polygon", "coordinates": [ [ [ 128.75, 40.5000003 ], [ 129.0, 40.5000003 ], [ 129.0, 40.666667 ], [ 128.75, 40.666667 ], [ 128.75, 40.5000003 ] ] ] } },
{ "type": "Feature", "properties": { "Id": 0, "Sheet_ID": "北青 2R. 端川", "label": "北青 2R. 端川", "call_short": "G7900 S50 .J3", "call_num": "G7900 S50 .J3 SHEET C5-2R", "recid": "ry901nn5993", "websiteUrl": "https://purl.stanford.edu/ry901nn5993", "title": "[朝鮮五万分一地形圖]", "ckey": 9585328, "available": true, "iiifUrl": "https://purl.stanford.edu/ry901nn5993/iiif/manifest" }, "geometry": { "type": "Polygon", "coordinates": [ [ [ 128.75, 40.3333335 ], [ 129.0, 40.3333335 ], [ 129.0, 40.5000003 ], [ 128.75, 40.5000003 ], [ 128.75, 40.3333335 ] ] ] } },
{ "type": "Feature", "properties": { "Id": 0, "Sheet_ID": "北青 5R. 上農里", "label": "北青 5R. 上農里", "call_short": "G7900 S50 .J3", "call_num": "G7900 S50 .J3 SHEET C5-5R", "recid": "bh261tv7800", "websiteUrl": "https://purl.stanford.edu/bh261tv7800", "title": "[朝鮮五万分一地形圖]", "ckey": 9585328, "available": true, "iiifUrl": "https://purl.stanford.edu/bh261tv7800/iiif/manifest" }, "geometry": { "type": "Polygon", "coordinates": [ [ [ 128.5, 40.5000003 ], [ 128.75, 40.5000003 ], [ 128.75, 40.666667 ], [ 128.5, 40.666667 ], [ 128.5, 40.5000003 ] ] ] } },
{ "type": "Feature", "properties": { "Id": 0, "Sheet_ID": "北青 10R. 獐興里", "label": "北青 10R. 獐興里", "call_short": "G7900 S50 .J3", "call_num": "G7900 S50 .J3 SHEET C5-10R", "recid": "kz983jt5924", "websiteUrl": "https://purl.stanford.edu/kz983jt5924", "title": "[朝鮮五万分一地形圖]", "ckey": 9585328, "available": true, "iiifUrl": "https://purl.stanford.edu/kz983jt5924/iiif/manifest" }, "geometry": { "type": "Polygon", "coordinates": [ [ [ 128.25, 40.3333335 ], [ 128.5, 40.3333335 ], [ 128.5, 40.5000003 ], [ 128.25, 40.5000003 ], [ 128.25, 40.3333335 ] ] ] } },
{ "type": "Feature", "properties": { "Id": 0, "Sheet_ID": "北青 11R. 北青", "label": "北青 11R. 北青", "call_short": "G7900 S50 .J3", "call_num": "G7900 S50 .J3 SHEET C5-11R", "recid": "wt817bb3410", "websiteUrl": "https://purl.stanford.edu/wt817bb3410", "title": "[朝鮮五万分一地形圖]", "ckey": 9585328, "available": true, "iiifUrl": "https://purl.stanford.edu/wt817bb3410/iiif/manifest" }, "geometry": { "type": "Polygon", "coordinates": [ [ [ 128.25, 40.1666667 ], [ 128.5, 40.1666667 ], [ 128.5, 40.3333335 ], [ 128.25, 40.3333335 ], [ 128.25, 40.1666667 ] ] ] } },
{ "type": "Feature", "properties": { "Id": 0, "Sheet_ID": "馬養島 13R. 馬養島", "label": "馬養島 13R. 馬養島", "call_short": "G7900 S50 .J3", "call_num": "G7900 S50 .J3 SHEET C6-13R", "recid": "xs223zh3430", "websiteUrl": "https://purl.stanford.edu/xs223zh3430", "title": "[朝鮮五万分一地形圖]", "ckey": 9585328, "available": true, "iiifUrl": "https://purl.stanford.edu/xs223zh3430/iiif/manifest" }, "geometry": { "type": "Polygon", "coordinates": [ [ [ 128.0, 39.8333333 ], [ 128.25, 39.8333333 ], [ 128.25, 40.0000001 ], [ 128.0, 40.0000001 ], [ 128.0, 39.8333333 ] ] ] } },
{ "type": "Feature", "properties": { "Id": 0, "Sheet_ID": "長箭店 16. 長箭店", "label": "長箭店 16. 長箭店", "call_short": "G7900 S50 .J3", "call_num": "G7900 S50 .J3 SHEET C7-16", "recid": "nm623xy0720", "websiteUrl": "https://purl.stanford.edu/nm623xy0720", "title": "[朝鮮五万分一地形圖]", "ckey": 9585328, "available": true, "iiifUrl": "https://purl.stanford.edu/nm623xy0720/iiif/manifest" }, "geometry": { "type": "Polygon", "coordinates": [ [ [ 128.0, 38.666667 ], [ 128.25, 38.666667 ], [ 128.25, 38.8333335 ], [ 128.0, 38.8333335 ], [ 128.0, 38.666667 ] ] ] } },
{ "type": "Feature", "properties": { "Id": 0, "Sheet_ID": "長箭 12R. 海金剛", "label": "長箭 12R. 海金剛", "call_short": "G7900 S50 .J3", "call_num": "G7900 S50 .J3 SHEET C7-12R", "recid": "nt492sx5797", "websiteUrl": "https://purl.stanford.edu/nt492sx5797", "title": "[朝鮮五万分一地形圖]", "ckey": 9585328, "available": true, "iiifUrl": "https://purl.stanford.edu/nt492sx5797/iiif/manifest" }, "geometry": { "type": "Polygon", "coordinates": [ [ [ 128.25, 38.666667 ], [ 128.5, 38.666667 ], [ 128.5, 38.8333335 ], [ 128.25, 38.8333335 ], [ 128.25, 38.666667 ] ] ] } },
{ "type": "Feature", "properties": { "Id": 0, "Sheet_ID": "長箭店 15. 長林", "label": "長箭店 15. 長林", "call_short": "G7900 S50 .J3", "call_num": "G7900 S50 .J3 SHEET C7-15", "recid": "cn707jn1102", "websiteUrl": "https://purl.stanford.edu/cn707jn1102", "title": "[朝鮮五万分一地形圖]", "ckey": 9585328, "available": true, "iiifUrl": "https://purl.stanford.edu/cn707jn1102/iiif/manifest" }, "geometry": { "type": "Polygon", "coordinates": [ [ [ 128.0, 38.8333335 ], [ 128.25, 38.8333335 ], [ 128.25, 39.0 ], [ 128.0, 39.0 ], [ 128.0, 38.8333335 ] ] ] } },
{ "type": "Feature", "properties": { "Id": 0, "Sheet_ID": "長箭 16R. 外金剛", "label": "長箭 16R. 外金剛", "call_short": "G7900 S50 .J3", "call_num": "G7900 S50 .J3 SHEET C7-16R", "recid": "vr392mc5740", "websiteUrl": "https://purl.stanford.edu/vr392mc5740", "title": "[朝鮮五万分一地形圖]", "ckey": 9585328, "available": true, "iiifUrl": "https://purl.stanford.edu/vr392mc5740/iiif/manifest" }, "geometry": { "type": "Polygon", "coordinates": [ [ [ 128.0, 38.666667 ], [ 128.25, 38.666667 ], [ 128.25, 38.8333335 ], [ 128.0, 38.8333335 ], [ 128.0, 38.666667 ] ] ] } },
{ "type": "Feature", "properties": { "Id": 0, "Sheet_ID": "長箭 15R. 荳白里", "label": "長箭 15R. 荳白里", "call_short": "G7900 S50 .J3", "call_num": "G7900 S50 .J3 SHEET C7-15R", "recid": "yy593yn8458", "websiteUrl": "https://purl.stanford.edu/yy593yn8458", "title": "[朝鮮五万分一地形圖]", "ckey": 9585328, "available": true, "iiifUrl": "https://purl.stanford.edu/yy593yn8458/iiif/manifest" }, "geometry": { "type": "Polygon", "coordinates": [ [ [ 128.0, 38.8333335 ], [ 128.25, 38.8333335 ], [ 128.25, 39.0 ], [ 128.0, 39.0 ], [ 128.0, 38.8333335 ] ] ] } },
{ "type": "Feature", "properties": { "Id": 0, "Sheet_ID": "杆城 16R. 麟蹄", "label": "杆城 16R. 麟蹄", "call_short": "G7900 S50 .J3", "call_num": "G7900 S50 .J3 SHEET C8-16R", "recid": "fq312fb3143", "websiteUrl": "https://purl.stanford.edu/fq312fb3143", "title": "[朝鮮五万分一地形圖]", "ckey": 9585328, "available": true, "iiifUrl": "https://purl.stanford.edu/fq312fb3143/iiif/manifest" }, "geometry": { "type": "Polygon", "coordinates": [ [ [ 128.0, 38.0 ], [ 128.25, 38.0 ], [ 128.25, 38.1666667 ], [ 128.0, 38.1666667 ], [ 128.0, 38.0 ] ] ] } },
{ "type": "Feature", "properties": { "Id": 0, "Sheet_ID": "杆城 12R. 雪岳山", "label": "杆城 12R. 雪岳山", "call_short": "G7900 S50 .J3", "call_num": "G7900 S50 .J3 SHEET C8-12R", "recid": "tg060ph1922", "websiteUrl": "https://purl.stanford.edu/tg060ph1922", "title": "[朝鮮五万分一地形圖]", "ckey": 9585328, "available": true, "iiifUrl": "https://purl.stanford.edu/tg060ph1922/iiif/manifest" }, "geometry": { "type": "Polygon", "coordinates": [ [ [ 128.25, 38.0 ], [ 128.5, 38.0 ], [ 128.5, 38.1666667 ], [ 128.25, 38.1666667 ], [ 128.25, 38.0 ] ] ] } },
{ "type": "Feature", "properties": { "Id": 0, "Sheet_ID": "杆城 8R. 襄陽", "label": "杆城 8R. 襄陽", "call_short": "G7900 S50 .J3", "call_num": "G7900 S50 .J3 SHEET C8-8R", "recid": "nn480pr4663", "websiteUrl": "https://purl.stanford.edu/nn480pr4663", "title": "[朝鮮五万分一地形圖]", "ckey": 9585328, "available": true, "iiifUrl": "https://purl.stanford.edu/nn480pr4663/iiif/manifest" }, "geometry": { "type": "Polygon", "coordinates": [ [ [ 128.5, 38.0 ], [ 128.75, 38.0 ], [ 128.75, 38.1666667 ], [ 128.5, 38.1666667 ], [ 128.5, 38.0 ] ] ] } },
{ "type": "Feature", "properties": { "Id": 0, "Sheet_ID": "杆城 15R. 萬垈里", "label": "杆城 15R. 萬垈里", "call_short": "G7900 S50 .J3", "call_num": "G7900 S50 .J3 SHEET C8-15R", "recid": "bd179xg0542", "websiteUrl": "https://purl.stanford.edu/bd179xg0542", "title": "[朝鮮五万分一地形圖]", "ckey": 9585328, "available": true, "iiifUrl": "https://purl.stanford.edu/bd179xg0542/iiif/manifest" }, "geometry": { "type": "Polygon", "coordinates": [ [ [ 128.0, 38.1666667 ], [ 128.25, 38.1666667 ], [ 128.25, 38.3333335 ], [ 128.0, 38.3333335 ], [ 128.0, 38.1666667 ] ] ] } },
{ "type": "Feature", "properties": { "Id": 0, "Sheet_ID": "杆城 11. 窓巖店", "label": "杆城 11. 窓巖店", "call_short": "G7900 S50 .J3", "call_num": "G7900 S50 .J3 SHEET C8-11", "recid": "ng469pn3410", "websiteUrl": "https://purl.stanford.edu/ng469pn3410", "title": "[朝鮮五万分一地形圖]", "ckey": 9585328, "available": true, "iiifUrl": "https://purl.stanford.edu/ng469pn3410/iiif/manifest" }, "geometry": { "type": "Polygon", "coordinates": [ [ [ 128.25, 38.1666667 ], [ 128.5, 38.1666667 ], [ 128.5, 38.3333335 ], [ 128.25, 38.3333335 ], [ 128.25, 38.1666667 ] ] ] } },
{ "type": "Feature", "properties": { "Id": 0, "Sheet_ID": "杆城 7R. 瓮津", "label": "杆城 7R. 瓮津", "call_short": "G7900 S50 .J3", "call_num": "G7900 S50 .J3 SHEET C8-7R", "recid": "ns366sp6688", "websiteUrl": "https://purl.stanford.edu/ns366sp6688", "title": "[朝鮮五万分一地形圖]", "ckey": 9585328, "available": true, "iiifUrl": "https://purl.stanford.edu/ns366sp6688/iiif/manifest" }, "geometry": { "type": "Polygon", "coordinates": [ [ [ 128.5, 38.1666667 ], [ 128.75, 38.1666667 ], [ 128.75, 38.3333335 ], [ 128.5, 38.3333335 ], [ 128.5, 38.1666667 ] ] ] } },
{ "type": "Feature", "properties": { "Id": 0, "Sheet_ID": "杆城 14R. 伊布里", "label": "杆城 14R. 伊布里", "call_short": "G7900 S50 .J3", "call_num": "G7900 S50 .J3 SHEET C8-14R", "recid": "nx613md2295", "websiteUrl": "https://purl.stanford.edu/nx613md2295", "title": "[朝鮮五万分一地形圖]", "ckey": 9585328, "available": true, "iiifUrl": "https://purl.stanford.edu/nx613md2295/iiif/manifest" }, "geometry": { "type": "Polygon", "coordinates": [ [ [ 128.0, 38.3333335 ], [ 128.25, 38.3333335 ], [ 128.25, 38.5000002 ], [ 128.0, 38.5000002 ], [ 128.0, 38.3333335 ] ] ] } },
{ "type": "Feature", "properties": { "Id": 0, "Sheet_ID": "杆城 10R. 杆城", "label": "杆城 10R. 杆城", "call_short": "G7900 S50 .J3", "call_num": "G7900 S50 .J3 SHEET C8-10R", "recid": "yv725qv5565", "websiteUrl": "https://purl.stanford.edu/yv725qv5565", "title": "[朝鮮五万分一地形圖]", "ckey": 9585328, "available": true, "iiifUrl": "https://purl.stanford.edu/yv725qv5565/iiif/manifest" }, "geometry": { "type": "Polygon", "coordinates": [ [ [ 128.5, 38.5000003 ], [ 128.25, 38.5000003 ], [ 128.25, 38.3333335 ], [ 128.5, 38.3333335 ], [ 128.54, 38.3333335 ], [ 128.54, 38.39 ], [ 128.5, 38.39 ], [ 128.5, 38.5000003 ] ] ] } },
{ "type": "Feature", "properties": { "Id": 0, "Sheet_ID": "杆城 13R. 内金剛", "label": "杆城 13R. 内金剛", "call_short": "G7900 S50 .J3", "call_num": "G7900 S50 .J3 SHEET C8-13R", "recid": "jg365gf6180", "websiteUrl": "https://purl.stanford.edu/jg365gf6180", "title": "[朝鮮五万分一地形圖]", "ckey": 9585328, "available": true, "iiifUrl": "https://purl.stanford.edu/jg365gf6180/iiif/manifest" }, "geometry": { "type": "Polygon", "coordinates": [ [ [ 128.0, 38.5000002 ], [ 128.25, 38.5000002 ], [ 128.25, 38.666667 ], [ 128.0, 38.666667 ], [ 128.0, 38.5000002 ] ] ] } },
{ "type": "Feature", "properties": { "Id": 0, "Sheet_ID": "杆城 9. 高城", "label": "杆城 9. 高城", "call_short": "G7900 S50 .J3", "call_num": "G7900 S50 .J3 SHEET C8-9", "recid": "xh593xh4444", "websiteUrl": "https://purl.stanford.edu/xh593xh4444", "title": "[朝鮮五万分一地形圖]", "ckey": 9585328, "available": true, "iiifUrl": "https://purl.stanford.edu/xh593xh4444/iiif/manifest" }, "geometry": { "type": "Polygon", "coordinates": [ [ [ 128.25, 38.5000002 ], [ 128.5, 38.5000002 ], [ 128.5, 38.666667 ], [ 128.25, 38.666667 ], [ 128.25, 38.5000002 ] ] ] } },
{ "type": "Feature", "properties": { "Id": 0, "Sheet_ID": "杆城 9R. 高城", "label": "杆城 9R. 高城", "call_short": "G7900 S50 .J3", "call_num": "G7900 S50 .J3 SHEET C8-9R", "recid": "bb571qd3933", "websiteUrl": "https://purl.stanford.edu/bb571qd3933", "title": "[朝鮮五万分一地形圖]", "ckey": 9585328, "available": true, "iiifUrl": "https://purl.stanford.edu/bb571qd3933/iiif/manifest" }, "geometry": { "type": "Polygon", "coordinates": [ [ [ 128.25, 38.5000003 ], [ 128.5, 38.5000003 ], [ 128.5, 38.666667 ], [ 128.25, 38.666667 ], [ 128.25, 38.5000003 ] ] ] } },
{ "type": "Feature", "properties": { "Id": 0, "Sheet_ID": "杆城 11R. 窓巖店", "label": "杆城 11R. 窓巖店", "call_short": "G7900 S50 .J3", "call_num": "G7900 S50 .J3 SHEET C8-11R", "recid": "xx962qv6511", "websiteUrl": "https://purl.stanford.edu/xx962qv6511", "title": "[朝鮮五万分一地形圖]", "ckey": 9585328, "available": true, "iiifUrl": "https://purl.stanford.edu/xx962qv6511/iiif/manifest" }, "geometry": { "type": "Polygon", "coordinates": [ [ [ 128.25, 38.1666667 ], [ 128.5, 38.1666667 ], [ 128.5, 38.3333335 ], [ 128.25, 38.3333335 ], [ 128.25, 38.1666667 ] ] ] } },
{ "type": "Feature", "properties": { "Id": 0, "Sheet_ID": "厚昌 16R. 厚昌", "label": "厚昌 16R. 厚昌", "call_short": "G7900 S50 .J3", "call_num": "G7900 S50 .J3 SHEET D3-16R", "recid": "ds686sk2317", "websiteUrl": "https://purl.stanford.edu/ds686sk2317", "title": "[朝鮮五万分一地形圖]", "ckey": 9585328, "available": true, "iiifUrl": "https://purl.stanford.edu/ds686sk2317/iiif/manifest" }, "geometry": { "type": "Polygon", "coordinates": [ [ [ 127.0, 41.333333 ], [ 127.25, 41.333333 ], [ 127.25, 41.4999998 ], [ 127.0, 41.4999998 ], [ 127.0, 41.333333 ] ] ] } },
{ "type": "Feature", "properties": { "Id": 0, "Sheet_ID": "厚昌 12R. 厚州古邑", "label": "厚昌 12R. 厚州古邑", "call_short": "G7900 S50 .J3", "call_num": "G7900 S50 .J3 SHEET D3-12R", "recid": "qk915tm9301", "websiteUrl": "https://purl.stanford.edu/qk915tm9301", "title": "[朝鮮五万分一地形圖]", "ckey": 9585328, "available": true, "iiifUrl": "https://purl.stanford.edu/qk915tm9301/iiif/manifest" }, "geometry": { "type": "Polygon", "coordinates": [ [ [ 127.25, 41.333333 ], [ 127.5, 41.333333 ], [ 127.5, 41.4999998 ], [ 127.25, 41.4999998 ], [ 127.25, 41.333333 ] ] ] } },
{ "type": "Feature", "properties": { "Id": 0, "Sheet_ID": "厚昌 8R. 松田洞", "label": "厚昌 8R. 松田洞", "call_short": "G7900 S50 .J3", "call_num": "G7900 S50 .J3 SHEET D3-8R", "recid": "tf196hq8098", "websiteUrl": "https://purl.stanford.edu/tf196hq8098", "title": "[朝鮮五万分一地形圖]", "ckey": 9585328, "available": true, "iiifUrl": "https://purl.stanford.edu/tf196hq8098/iiif/manifest" }, "geometry": { "type": "Polygon", "coordinates": [ [ [ 127.5, 41.333333 ], [ 127.75, 41.333333 ], [ 127.75, 41.4999998 ], [ 127.5, 41.4999998 ], [ 127.5, 41.333333 ] ] ] } },
{ "type": "Feature", "properties": { "Id": 0, "Sheet_ID": "厚昌 4R. 新乫坡鎭", "label": "厚昌 4R. 新乫坡鎭", "call_short": "G7900 S50 .J3", "call_num": "G7900 S50 .J3 SHEET D3-4R", "recid": "sb254zq3566", "websiteUrl": "https://purl.stanford.edu/sb254zq3566", "title": "[朝鮮五万分一地形圖]", "ckey": 9585328, "available": true, "iiifUrl": "https://purl.stanford.edu/sb254zq3566/iiif/manifest" }, "geometry": { "type": "Polygon", "coordinates": [ [ [ 127.75, 41.333333 ], [ 128.0, 41.333333 ], [ 128.0, 41.4999998 ], [ 127.75, 41.4999998 ], [ 127.75, 41.333333 ] ] ] } },
{ "type": "Feature", "properties": { "Id": 0, "Sheet_ID": "厚昌 15R. 厚昌江口", "label": "厚昌 15R. 厚昌江口", "call_short": "G7900 S50 .J3", "call_num": "G7900 S50 .J3 SHEET D3-15R", "recid": "wc242gr9145", "websiteUrl": "https://purl.stanford.edu/wc242gr9145", "title": "[朝鮮五万分一地形圖]", "ckey": 9585328, "available": true, "iiifUrl": "https://purl.stanford.edu/wc242gr9145/iiif/manifest" }, "geometry": { "type": "Polygon", "coordinates": [ [ [ 127.0, 41.4999998 ], [ 127.25, 41.4999998 ], [ 127.25, 41.6666665 ], [ 127.0, 41.6666665 ], [ 127.0, 41.4999998 ] ] ] } },
{ "type": "Feature", "properties": { "Id": 0, "Sheet_ID": "厚昌 11. 下仇俳", "label": "厚昌 11. 下仇俳", "call_short": "G7900 S50 .J3", "call_num": "G7900 S50 .J3 SHEET D3-11", "recid": "fh299fp9785", "websiteUrl": "https://purl.stanford.edu/fh299fp9785", "title": "[朝鮮五万分一地形圖]", "ckey": 9585328, "available": true, "iiifUrl": "https://purl.stanford.edu/fh299fp9785/iiif/manifest" }, "geometry": { "type": "Polygon", "coordinates": [ [ [ 127.25, 41.4999998 ], [ 127.5, 41.4999998 ], [ 127.5, 41.6666665 ], [ 127.25, 41.6666665 ], [ 127.25, 41.4999998 ] ] ] } },
{ "type": "Feature", "properties": { "Id": 0, "Sheet_ID": "厚昌 14R. 梨坪", "label": "厚昌 14R. 梨坪", "call_short": "G7900 S50 .J3", "call_num": "G7900 S50 .J3 SHEET D3-14R", "recid": "wj070ws4097", "websiteUrl": "https://purl.stanford.edu/wj070ws4097", "title": "[朝鮮五万分一地形圖]", "ckey": 9585328, "available": true, "iiifUrl": "https://purl.stanford.edu/wj070ws4097/iiif/manifest" }, "geometry": { "type": "Polygon", "coordinates": [ [ [ 127.0, 41.6666665 ], [ 127.25, 41.6666665 ], [ 127.25, 41.8333333 ], [ 127.0, 41.8333333 ], [ 127.0, 41.6666665 ] ] ] } },
{ "type": "Feature", "properties": { "Id": 0, "Sheet_ID": "厚昌 11R. 下仇俳", "label": "厚昌 11R. 下仇俳", "call_short": "G7900 S50 .J3", "call_num": "G7900 S50 .J3 SHEET D3-11R", "recid": "rn402zd2310", "websiteUrl": "https://purl.stanford.edu/rn402zd2310", "title": "[朝鮮五万分一地形圖]", "ckey": 9585328, "available": true, "iiifUrl": "https://purl.stanford.edu/rn402zd2310/iiif/manifest" }, "geometry": { "type": "Polygon", "coordinates": [ [ [ 127.25, 41.4999998 ], [ 127.5, 41.4999998 ], [ 127.5, 41.6666665 ], [ 127.25, 41.6666665 ], [ 127.25, 41.4999998 ] ] ] } },
{ "type": "Feature", "properties": { "Id": 0, "Sheet_ID": "長津 16R. 徳實里", "label": "長津 16R. 徳實里", "call_short": "G7900 S50 .J3", "call_num": "G7900 S50 .J3 SHEET D4-16R", "recid": "yv437fd9357", "websiteUrl": "https://purl.stanford.edu/yv437fd9357", "title": "[朝鮮五万分一地形圖]", "ckey": 9585328, "available": true, "iiifUrl": "https://purl.stanford.edu/yv437fd9357/iiif/manifest" }, "geometry": { "type": "Polygon", "coordinates": [ [ [ 127.0, 40.666667 ], [ 127.25, 40.666667 ], [ 127.25, 40.8333335 ], [ 127.0, 40.8333335 ], [ 127.0, 40.666667 ] ] ] } },
{ "type": "Feature", "properties": { "Id": 0, "Sheet_ID": "長津 12R. 蓮花山", "label": "長津 12R. 蓮花山", "call_short": "G7900 S50 .J3", "call_num": "G7900 S50 .J3 SHEET D4-12R", "recid": "nn298gq3678", "websiteUrl": "https://purl.stanford.edu/nn298gq3678", "title": "[朝鮮五万分一地形圖]", "ckey": 9585328, "available": true, "iiifUrl": "https://purl.stanford.edu/nn298gq3678/iiif/manifest" }, "geometry": { "type": "Polygon", "coordinates": [ [ [ 127.25, 40.666667 ], [ 127.5, 40.666667 ], [ 127.5, 40.8333335 ], [ 127.25, 40.8333335 ], [ 127.25, 40.666667 ] ] ] } },
{ "type": "Feature", "properties": { "Id": 0, "Sheet_ID": "長津 8. 雲山里", "label": "長津 8. 雲山里", "call_short": "0", "call_num": "0", "recid": "0", "websiteUrl": "0", "title": "0", "ckey": 0, "available": false, "iiifUrl": "0" }, "geometry": { "type": "Polygon", "coordinates": [ [ [ 127.5, 40.666667 ], [ 127.75, 40.666667 ], [ 127.75, 40.8333335 ], [ 127.5, 40.8333335 ], [ 127.5, 40.666667 ] ] ] } },
{ "type": "Feature", "properties": { "Id": 0, "Sheet_ID": "長津 4. 羅興里", "label": "長津 4. 羅興里", "call_short": "G7900 S50 .J3", "call_num": "G7900 S50 .J3 SHEET D4-4", "recid": "db935yc4212", "websiteUrl": "https://purl.stanford.edu/db935yc4212", "title": "[朝鮮五万分一地形圖]", "ckey": 9585328, "available": true, "iiifUrl": "https://purl.stanford.edu/db935yc4212/iiif/manifest" }, "geometry": { "type": "Polygon", "coordinates": [ [ [ 127.75, 40.666667 ], [ 128.0, 40.666667 ], [ 128.0, 40.8333335 ], [ 127.75, 40.8333335 ], [ 127.75, 40.666667 ] ] ] } },
{ "type": "Feature", "properties": { "Id": 0, "Sheet_ID": "長津 15R. 長津", "label": "長津 15R. 長津", "call_short": "G7900 S50 .J3", "call_num": "G7900 S50 .J3 SHEET D4-15R", "recid": "bx527vw7258", "websiteUrl": "https://purl.stanford.edu/bx527vw7258", "title": "[朝鮮五万分一地形圖]", "ckey": 9585328, "available": true, "iiifUrl": "https://purl.stanford.edu/bx527vw7258/iiif/manifest" }, "geometry": { "type": "Polygon", "coordinates": [ [ [ 127.0, 40.8333335 ], [ 127.25, 40.8333335 ], [ 127.25, 41.0 ], [ 127.0, 41.0 ], [ 127.0, 40.8333335 ] ] ] } },
{ "type": "Feature", "properties": { "Id": 0, "Sheet_ID": "長津 11R. 中江里", "label": "長津 11R. 中江里", "call_short": "G7900 S50 .J3", "call_num": "G7900 S50 .J3 SHEET D4-11R", "recid": "wn606gv8636", "websiteUrl": "https://purl.stanford.edu/wn606gv8636", "title": "[朝鮮五万分一地形圖]", "ckey": 9585328, "available": true, "iiifUrl": "https://purl.stanford.edu/wn606gv8636/iiif/manifest" }, "geometry": { "type": "Polygon", "coordinates": [ [ [ 127.25, 40.8333335 ], [ 127.5, 40.8333335 ], [ 127.5, 41.0 ], [ 127.25, 41.0 ], [ 127.25, 40.8333335 ] ] ] } },
{ "type": "Feature", "properties": { "Id": 0, "Sheet_ID": "長津 7R. 陵口里", "label": "長津 7R. 陵口里", "call_short": "G7900 S50 .J3", "call_num": "G7900 S50 .J3 SHEET D4-7R", "recid": "mz755vt7863", "websiteUrl": "https://purl.stanford.edu/mz755vt7863", "title": "[朝鮮五万分一地形圖]", "ckey": 9585328, "available": true, "iiifUrl": "https://purl.stanford.edu/mz755vt7863/iiif/manifest" }, "geometry": { "type": "Polygon", "coordinates": [ [ [ 127.5, 40.8333335 ], [ 127.75, 40.8333335 ], [ 127.75, 41.0 ], [ 127.5, 41.0 ], [ 127.5, 40.8333335 ] ] ] } },
{ "type": "Feature", "properties": { "Id": 0, "Sheet_ID": "長津 3R. 楊坪里", "label": "長津 3R. 楊坪里", "call_short": "G7900 S50 .J3", "call_num": "G7900 S50 .J3 SHEET D4-3R", "recid": "dw305ft4078", "websiteUrl": "https://purl.stanford.edu/dw305ft4078", "title": "[朝鮮五万分一地形圖]", "ckey": 9585328, "available": true, "iiifUrl": "https://purl.stanford.edu/dw305ft4078/iiif/manifest" }, "geometry": { "type": "Polygon", "coordinates": [ [ [ 127.75, 40.8333335 ], [ 128.0, 40.8333335 ], [ 128.0, 41.0 ], [ 127.75, 41.0 ], [ 127.75, 40.8333335 ] ] ] } },
{ "type": "Feature", "properties": { "Id": 0, "Sheet_ID": "長津 14R. 三浦里", "label": "長津 14R. 三浦里", "call_short": "G7900 S50 .J3", "call_num": "G7900 S50 .J3 SHEET D4-14R", "recid": "fv048mz5912", "websiteUrl": "https://purl.stanford.edu/fv048mz5912", "title": "[朝鮮五万分一地形圖]", "ckey": 9585328, "available": true, "iiifUrl": "https://purl.stanford.edu/fv048mz5912/iiif/manifest" }, "geometry": { "type": "Polygon", "coordinates": [ [ [ 127.0, 41.0 ], [ 127.25, 41.0 ], [ 127.25, 41.1666665 ], [ 127.0, 41.1666665 ], [ 127.0, 41.0 ] ] ] } },
{ "type": "Feature", "properties": { "Id": 0, "Sheet_ID": "長津 10R. 山羊里", "label": "長津 10R. 山羊里", "call_short": "G7900 S50 .J3", "call_num": "G7900 S50 .J3 SHEET D4-10R", "recid": "zx510nc5737", "websiteUrl": "https://purl.stanford.edu/zx510nc5737", "title": "[朝鮮五万分一地形圖]", "ckey": 9585328, "available": true, "iiifUrl": "https://purl.stanford.edu/zx510nc5737/iiif/manifest" }, "geometry": { "type": "Polygon", "coordinates": [ [ [ 127.25, 41.0 ], [ 127.5, 41.0 ], [ 127.5, 41.1666665 ], [ 127.25, 41.1666665 ], [ 127.25, 41.0 ] ] ] } },
{ "type": "Feature", "properties": { "Id": 0, "Sheet_ID": "長津 6R. 院洞里", "label": "長津 6R. 院洞里", "call_short": "G7900 S50 .J3", "call_num": "G7900 S50 .J3 SHEET D4-6R", "recid": "zv502vw0730", "websiteUrl": "https://purl.stanford.edu/zv502vw0730", "title": "[朝鮮五万分一地形圖]", "ckey": 9585328, "available": true, "iiifUrl": "https://purl.stanford.edu/zv502vw0730/iiif/manifest" }, "geometry": { "type": "Polygon", "coordinates": [ [ [ 127.5, 41.0 ], [ 127.75, 41.0 ], [ 127.75, 41.1666665 ], [ 127.5, 41.1666665 ], [ 127.5, 41.0 ] ] ] } },
{ "type": "Feature", "properties": { "Id": 0, "Sheet_ID": "長津 2R. 青山嶺", "label": "長津 2R. 青山嶺", "call_short": "G7900 S50 .J3", "call_num": "G7900 S50 .J3 SHEET D4-2R", "recid": "xs707wm6803", "websiteUrl": "https://purl.stanford.edu/xs707wm6803", "title": "[朝鮮五万分一地形圖]", "ckey": 9585328, "available": true, "iiifUrl": "https://purl.stanford.edu/xs707wm6803/iiif/manifest" }, "geometry": { "type": "Polygon", "coordinates": [ [ [ 127.75, 41.0 ], [ 128.0, 41.0 ], [ 128.0, 41.1666665 ], [ 127.75, 41.1666665 ], [ 127.75, 41.0 ] ] ] } },
{ "type": "Feature", "properties": { "Id": 0, "Sheet_ID": "長津 13R. 新舘院", "label": "長津 13R. 新舘院", "call_short": "G7900 S50 .J3", "call_num": "G7900 S50 .J3 SHEET D4-13R", "recid": "kk755fh1535", "websiteUrl": "https://purl.stanford.edu/kk755fh1535", "title": "[朝鮮五万分一地形圖]", "ckey": 9585328, "available": true, "iiifUrl": "https://purl.stanford.edu/kk755fh1535/iiif/manifest" }, "geometry": { "type": "Polygon", "coordinates": [ [ [ 127.0, 41.1666665 ], [ 127.25, 41.1666665 ], [ 127.25, 41.333333 ], [ 127.0, 41.333333 ], [ 127.0, 41.1666665 ] ] ] } },
{ "type": "Feature", "properties": { "Id": 0, "Sheet_ID": "長津 9. 南社", "label": "長津 9. 南社", "call_short": "0", "call_num": "0", "recid": "0", "websiteUrl": "0", "title": "0", "ckey": 0, "available": false, "iiifUrl": "0" }, "geometry": { "type": "Polygon", "coordinates": [ [ [ 127.25, 41.1666665 ], [ 127.5, 41.1666665 ], [ 127.5, 41.333333 ], [ 127.25, 41.333333 ], [ 127.25, 41.1666665 ] ] ] } },
{ "type": "Feature", "properties": { "Id": 0, "Sheet_ID": "長津 5R. 堡城里", "label": "長津 5R. 堡城里", "call_short": "G7900 S50 .J3", "call_num": "G7900 S50 .J3 SHEET D4-5R", "recid": "gy290xg0187", "websiteUrl": "https://purl.stanford.edu/gy290xg0187", "title": "[朝鮮五万分一地形圖]", "ckey": 9585328, "available": true, "iiifUrl": "https://purl.stanford.edu/gy290xg0187/iiif/manifest" }, "geometry": { "type": "Polygon", "coordinates": [ [ [ 127.5, 41.1666665 ], [ 127.75, 41.1666665 ], [ 127.75, 41.333333 ], [ 127.5, 41.333333 ], [ 127.5, 41.1666665 ] ] ] } },
{ "type": "Feature", "properties": { "Id": 0, "Sheet_ID": "長津 1R. 三徳里", "label": "長津 1R. 三徳里", "call_short": "G7900 S50 .J3", "call_num": "G7900 S50 .J3 SHEET D4-1R", "recid": "tk328gn3791", "websiteUrl": "https://purl.stanford.edu/tk328gn3791", "title": "[朝鮮五万分一地形圖]", "ckey": 9585328, "available": true, "iiifUrl": "https://purl.stanford.edu/tk328gn3791/iiif/manifest" }, "geometry": { "type": "Polygon", "coordinates": [ [ [ 127.75, 41.1666665 ], [ 128.0, 41.1666665 ], [ 128.0, 41.333333 ], [ 127.75, 41.333333 ], [ 127.75, 41.1666665 ] ] ] } },
{ "type": "Feature", "properties": { "Id": 0, "Sheet_ID": "長津 4R. 羅興里", "label": "長津 4R. 羅興里", "call_short": "G7900 S50 .J3", "call_num": "G7900 S50 .J3 SHEET D4-4R", "recid": "vs749fb1814", "websiteUrl": "https://purl.stanford.edu/vs749fb1814", "title": "[朝鮮五万分一地形圖]", "ckey": 9585328, "available": true, "iiifUrl": "https://purl.stanford.edu/vs749fb1814/iiif/manifest" }, "geometry": { "type": "Polygon", "coordinates": [ [ [ 127.75, 40.666667 ], [ 128.0, 40.666667 ], [ 128.0, 40.8333335 ], [ 127.75, 40.8333335 ], [ 127.75, 40.666667 ] ] ] } },
{ "type": "Feature", "properties": { "Id": 0, "Sheet_ID": "洪原 16. 劍山嶺", "label": "洪原 16. 劍山嶺", "call_short": "G7900 S50 .J3", "call_num": "G7900 S50 .J3 SHEET D5-16", "recid": "dz695wx5422", "websiteUrl": "https://purl.stanford.edu/dz695wx5422", "title": "[朝鮮五万分一地形圖]", "ckey": 9585328, "available": true, "iiifUrl": "https://purl.stanford.edu/dz695wx5422/iiif/manifest" }, "geometry": { "type": "Polygon", "coordinates": [ [ [ 127.0, 40.0 ], [ 127.25, 40.0 ], [ 127.25, 40.1666667 ], [ 127.0, 40.1666667 ], [ 127.0, 40.0 ] ] ] } },
{ "type": "Feature", "properties": { "Id": 0, "Sheet_ID": "洪原 12R. 五老里", "label": "洪原 12R. 五老里", "call_short": "G7900 S50 .J3", "call_num": "G7900 S50 .J3 SHEET D5-12R", "recid": "qg550vd0041", "websiteUrl": "https://purl.stanford.edu/qg550vd0041", "title": "[朝鮮五万分一地形圖]", "ckey": 9585328, "available": true, "iiifUrl": "https://purl.stanford.edu/qg550vd0041/iiif/manifest" }, "geometry": { "type": "Polygon", "coordinates": [ [ [ 127.25, 40.0 ], [ 127.5, 40.0 ], [ 127.5, 40.1666667 ], [ 127.25, 40.1666667 ], [ 127.25, 40.0 ] ] ] } },
{ "type": "Feature", "properties": { "Id": 0, "Sheet_ID": "洪原 8R. 元平場", "label": "洪原 8R. 元平場", "call_short": "G7900 S50 .J3", "call_num": "G7900 S50 .J3 SHEET D5-8R", "recid": "hm867bf8158", "websiteUrl": "https://purl.stanford.edu/hm867bf8158", "title": "[朝鮮五万分一地形圖]", "ckey": 9585328, "available": true, "iiifUrl": "https://purl.stanford.edu/hm867bf8158/iiif/manifest" }, "geometry": { "type": "Polygon", "coordinates": [ [ [ 127.5, 40.0 ], [ 127.75, 40.0 ], [ 127.75, 40.1666667 ], [ 127.5, 40.1666667 ], [ 127.5, 40.0 ] ] ] } },
{ "type": "Feature", "properties": { "Id": 0, "Sheet_ID": "洪原 4. 洪原", "label": "洪原 4. 洪原", "call_short": "G7900 S50 .J3", "call_num": "G7900 S50 .J3 SHEET D5-4", "recid": "tc718mt6577", "websiteUrl": "https://purl.stanford.edu/tc718mt6577", "title": "[朝鮮五万分一地形圖]", "ckey": 9585328, "available": true, "iiifUrl": "https://purl.stanford.edu/tc718mt6577/iiif/manifest" }, "geometry": { "type": "Polygon", "coordinates": [ [ [ 127.75, 40.0 ], [ 128.0, 40.0 ], [ 128.0, 40.1666667 ], [ 127.75, 40.1666667 ], [ 127.75, 40.0 ] ] ] } },
{ "type": "Feature", "properties": { "Id": 0, "Sheet_ID": "洪原 15R. 東白山", "label": "洪原 15R. 東白山", "call_short": "G7900 S50 .J3", "call_num": "G7900 S50 .J3 SHEET D5-15R", "recid": "sy449pz3146", "websiteUrl": "https://purl.stanford.edu/sy449pz3146", "title": "[朝鮮五万分一地形圖]", "ckey": 9585328, "available": true, "iiifUrl": "https://purl.stanford.edu/sy449pz3146/iiif/manifest" }, "geometry": { "type": "Polygon", "coordinates": [ [ [ 127.0, 40.1666667 ], [ 127.25, 40.1666667 ], [ 127.25, 40.3333335 ], [ 127.0, 40.3333335 ], [ 127.0, 40.1666667 ] ] ] } },
{ "type": "Feature", "properties": { "Id": 0, "Sheet_ID": "洪原 11. 古土水", "label": "洪原 11. 古土水", "call_short": "0", "call_num": "0", "recid": "0", "websiteUrl": "0", "title": "0", "ckey": 0, "available": false, "iiifUrl": "0" }, "geometry": { "type": "Polygon", "coordinates": [ [ [ 127.25, 40.1666667 ], [ 127.5, 40.1666667 ], [ 127.5, 40.3333335 ], [ 127.25, 40.3333335 ], [ 127.25, 40.1666667 ] ] ] } },
{ "type": "Feature", "properties": { "Id": 0, "Sheet_ID": "洪原 7R. 新興", "label": "洪原 7R. 新興", "call_short": "G7900 S50 .J3", "call_num": "G7900 S50 .J3 SHEET D5-7R", "recid": "vz050gt7472", "websiteUrl": "https://purl.stanford.edu/vz050gt7472", "title": "[朝鮮五万分一地形圖]", "ckey": 9585328, "available": true, "iiifUrl": "https://purl.stanford.edu/vz050gt7472/iiif/manifest" }, "geometry": { "type": "Polygon", "coordinates": [ [ [ 127.5, 40.1666667 ], [ 127.75, 40.1666667 ], [ 127.75, 40.3333335 ], [ 127.5, 40.3333335 ], [ 127.5, 40.1666667 ] ] ] } },
{ "type": "Feature", "properties": { "Id": 0, "Sheet_ID": "洪原 3R. 新豊里", "label": "洪原 3R. 新豊里", "call_short": "G7900 S50 .J3", "call_num": "G7900 S50 .J3 SHEET D5-3R", "recid": "rs655zt2109", "websiteUrl": "https://purl.stanford.edu/rs655zt2109", "title": "[朝鮮五万分一地形圖]", "ckey": 9585328, "available": true, "iiifUrl": "https://purl.stanford.edu/rs655zt2109/iiif/manifest" }, "geometry": { "type": "Polygon", "coordinates": [ [ [ 127.75, 40.1666667 ], [ 128.0, 40.1666667 ], [ 128.0, 40.3333335 ], [ 127.75, 40.3333335 ], [ 127.75, 40.1666667 ] ] ] } },
{ "type": "Feature", "properties": { "Id": 0, "Sheet_ID": "洪原 14. 柳潭", "label": "洪原 14. 柳潭", "call_short": "G7900 S50 .J3", "call_num": "G7900 S50 .J3 SHEET D5-14", "recid": "fc285qw3759", "websiteUrl": "https://purl.stanford.edu/fc285qw3759", "title": "[朝鮮五万分一地形圖]", "ckey": 9585328, "available": true, "iiifUrl": "https://purl.stanford.edu/fc285qw3759/iiif/manifest" }, "geometry": { "type": "Polygon", "coordinates": [ [ [ 127.0, 40.3333335 ], [ 127.25, 40.3333335 ], [ 127.25, 40.5000002 ], [ 127.0, 40.5000002 ], [ 127.0, 40.3333335 ] ] ] } },
{ "type": "Feature", "properties": { "Id": 0, "Sheet_ID": "洪原 10R. 下碣隅里", "label": "洪原 10R. 下碣隅里", "call_short": "G7900 S50 .J3", "call_num": "G7900 S50 .J3 SHEET D5-10R", "recid": "wz003jt5235", "websiteUrl": "https://purl.stanford.edu/wz003jt5235", "title": "[朝鮮五万分一地形圖]", "ckey": 9585328, "available": true, "iiifUrl": "https://purl.stanford.edu/wz003jt5235/iiif/manifest" }, "geometry": { "type": "Polygon", "coordinates": [ [ [ 127.25, 40.3333335 ], [ 127.5, 40.3333335 ], [ 127.5, 40.5000002 ], [ 127.25, 40.5000002 ], [ 127.25, 40.3333335 ] ] ] } },
{ "type": "Feature", "properties": { "Id": 0, "Sheet_ID": "洪原 6R. 赴戰嶺", "label": "洪原 6R. 赴戰嶺", "call_short": "G7900 S50 .J3", "call_num": "G7900 S50 .J3 SHEET D5-6R", "recid": "bt848vb7106", "websiteUrl": "https://purl.stanford.edu/bt848vb7106", "title": "[朝鮮五万分一地形圖]", "ckey": 9585328, "available": true, "iiifUrl": "https://purl.stanford.edu/bt848vb7106/iiif/manifest" }, "geometry": { "type": "Polygon", "coordinates": [ [ [ 127.5, 40.3333335 ], [ 127.75, 40.3333335 ], [ 127.75, 40.5000002 ], [ 127.5, 40.5000002 ], [ 127.5, 40.3333335 ] ] ] } },
{ "type": "Feature", "properties": { "Id": 0, "Sheet_ID": "洪原 2R. 禁牌嶺", "label": "洪原 2R. 禁牌嶺", "call_short": "G7900 S50 .J3", "call_num": "G7900 S50 .J3 SHEET D5-2R", "recid": "ck670mm6211", "websiteUrl": "https://purl.stanford.edu/ck670mm6211", "title": "[朝鮮五万分一地形圖]", "ckey": 9585328, "available": true, "iiifUrl": "https://purl.stanford.edu/ck670mm6211/iiif/manifest" }, "geometry": { "type": "Polygon", "coordinates": [ [ [ 127.75, 40.3333335 ], [ 128.0, 40.3333335 ], [ 128.0, 40.5000002 ], [ 127.75, 40.5000002 ], [ 127.75, 40.3333335 ] ] ] } },
{ "type": "Feature", "properties": { "Id": 0, "Sheet_ID": "洪原 13R. 舊鎮", "label": "洪原 13R. 舊鎮", "call_short": "G7900 S50 .J3", "call_num": "G7900 S50 .J3 SHEET D5-13R", "recid": "xf937wq0086", "websiteUrl": "https://purl.stanford.edu/xf937wq0086", "title": "[朝鮮五万分一地形圖]", "ckey": 9585328, "available": true, "iiifUrl": "https://purl.stanford.edu/xf937wq0086/iiif/manifest" }, "geometry": { "type": "Polygon", "coordinates": [ [ [ 127.0, 40.5000002 ], [ 127.25, 40.5000002 ], [ 127.25, 40.666667 ], [ 127.0, 40.666667 ], [ 127.0, 40.5000002 ] ] ] } },
{ "type": "Feature", "properties": { "Id": 0, "Sheet_ID": "洪原 9. 袂物里", "label": "洪原 9. 袂物里", "call_short": "G7900 S50 .J3", "call_num": "G7900 S50 .J3 SHEET D5-9", "recid": "qs526jj9521", "websiteUrl": "https://purl.stanford.edu/qs526jj9521", "title": "[朝鮮五万分一地形圖]", "ckey": 9585328, "available": true, "iiifUrl": "https://purl.stanford.edu/qs526jj9521/iiif/manifest" }, "geometry": { "type": "Polygon", "coordinates": [ [ [ 127.25, 40.5000002 ], [ 127.5, 40.5000002 ], [ 127.5, 40.666667 ], [ 127.25, 40.666667 ], [ 127.25, 40.5000002 ] ] ] } },
{ "type": "Feature", "properties": { "Id": 0, "Sheet_ID": "洪原 5R. 廣大里", "label": "洪原 5R. 廣大里", "call_short": "G7900 S50 .J3", "call_num": "G7900 S50 .J3 SHEET D5-5R", "recid": "wq963cc7890", "websiteUrl": "https://purl.stanford.edu/wq963cc7890", "title": "[朝鮮五万分一地形圖]", "ckey": 9585328, "available": true, "iiifUrl": "https://purl.stanford.edu/wq963cc7890/iiif/manifest" }, "geometry": { "type": "Polygon", "coordinates": [ [ [ 127.5, 40.5000002 ], [ 127.75, 40.5000002 ], [ 127.75, 40.666667 ], [ 127.5, 40.666667 ], [ 127.5, 40.5000002 ] ] ] } },
{ "type": "Feature", "properties": { "Id": 0, "Sheet_ID": "洪原 1. 雲潭", "label": "洪原 1. 雲潭", "call_short": "G7900 S50 .J3", "call_num": "G7900 S50 .J3 SHEET D5-1", "recid": "vq100gn0057", "websiteUrl": "https://purl.stanford.edu/vq100gn0057", "title": "[朝鮮五万分一地形圖]", "ckey": 9585328, "available": true, "iiifUrl": "https://purl.stanford.edu/vq100gn0057/iiif/manifest" }, "geometry": { "type": "Polygon", "coordinates": [ [ [ 127.75, 40.5000002 ], [ 128.0, 40.5000002 ], [ 128.0, 40.666667 ], [ 127.75, 40.666667 ], [ 127.75, 40.5000002 ] ] ] } },
{ "type": "Feature", "properties": { "Id": 0, "Sheet_ID": "洪原 1R. 雲潭", "label": "洪原 1R. 雲潭", "call_short": "G7900 S50 .J3", "call_num": "G7900 S50 .J3 SHEET D5-1R", "recid": "sv861yc8922", "websiteUrl": "https://purl.stanford.edu/sv861yc8922", "title": "[朝鮮五万分一地形圖]", "ckey": 9585328, "available": true, "iiifUrl": "https://purl.stanford.edu/sv861yc8922/iiif/manifest" }, "geometry": { "type": "Polygon", "coordinates": [ [ [ 127.75, 40.5000003 ], [ 128.0, 40.5000003 ], [ 128.0, 40.666667 ], [ 127.75, 40.666667 ], [ 127.75, 40.5000003 ] ] ] } },
{ "type": "Feature", "properties": { "Id": 0, "Sheet_ID": "洪原 4R. 洪原", "label": "洪原 4R. 洪原", "call_short": "G7900 S50 .J3", "call_num": "G7900 S50 .J3 SHEET D5-4R", "recid": "vm371kh7747", "websiteUrl": "https://purl.stanford.edu/vm371kh7747", "title": "[朝鮮五万分一地形圖]", "ckey": 9585328, "available": true, "iiifUrl": "https://purl.stanford.edu/vm371kh7747/iiif/manifest" }, "geometry": { "type": "Polygon", "coordinates": [ [ [ 127.75, 40.0 ], [ 128.0, 40.0 ], [ 128.0, 40.1666667 ], [ 127.75, 40.1666667 ], [ 127.75, 40.0 ] ] ] } },
{ "type": "Feature", "properties": { "Id": 0, "Sheet_ID": "洪原 9R. 袂物里", "label": "洪原 9R. 袂物里", "call_short": "G7900 S50 .J3", "call_num": "G7900 S50 .J3 SHEET D5-9R", "recid": "bx126dn2718", "websiteUrl": "https://purl.stanford.edu/bx126dn2718", "title": "[朝鮮五万分一地形圖]", "ckey": 9585328, "available": true, "iiifUrl": "https://purl.stanford.edu/bx126dn2718/iiif/manifest" }, "geometry": { "type": "Polygon", "coordinates": [ [ [ 127.25, 40.5000003 ], [ 127.5, 40.5000003 ], [ 127.5, 40.666667 ], [ 127.25, 40.666667 ], [ 127.25, 40.5000003 ] ] ] } },
{ "type": "Feature", "properties": { "Id": 0, "Sheet_ID": "洪原 14R. 柳潭", "label": "洪原 14R. 柳潭", "call_short": "G7900 S50 .J3", "call_num": "G7900 S50 .J3 SHEET D5-14R", "recid": "np925tt9835", "websiteUrl": "https://purl.stanford.edu/np925tt9835", "title": "[朝鮮五万分一地形圖]", "ckey": 9585328, "available": true, "iiifUrl": "https://purl.stanford.edu/np925tt9835/iiif/manifest" }, "geometry": { "type": "Polygon", "coordinates": [ [ [ 127.0, 40.3333335 ], [ 127.25, 40.3333335 ], [ 127.25, 40.5000003 ], [ 127.0, 40.5000003 ], [ 127.0, 40.3333335 ] ] ] } },
{ "type": "Feature", "properties": { "Id": 0, "Sheet_ID": "洪原 16R. 劍山嶺", "label": "洪原 16R. 劍山嶺", "call_short": "G7900 S50 .J3", "call_num": "G7900 S50 .J3 SHEET D5-16R", "recid": "gx285mh6918", "websiteUrl": "https://purl.stanford.edu/gx285mh6918", "title": "[朝鮮五万分一地形圖]", "ckey": 9585328, "available": true, "iiifUrl": "https://purl.stanford.edu/gx285mh6918/iiif/manifest" }, "geometry": { "type": "Polygon", "coordinates": [ [ [ 127.0, 40.0 ], [ 127.25, 40.0 ], [ 127.25, 40.1666667 ], [ 127.0, 40.1666667 ], [ 127.0, 40.0 ] ] ] } },
{ "type": "Feature", "properties": { "Id": 0, "Sheet_ID": "咸興 16R. 高原 / 永興湾要塞近傍 10", "label": "咸興 16R. 高原 / 永興湾要塞近傍 10", "call_short": "G7900 S50 .J3", "call_num": "G7900 S50 .J3 SHEET D6-16R", "recid": "qs906gc2852", "websiteUrl": "https://purl.stanford.edu/qs906gc2852", "title": "[朝鮮五万分一地形圖]", "ckey": 9585328, "available": true, "iiifUrl": "https://purl.stanford.edu/qs906gc2852/iiif/manifest" }, "geometry": { "type": "Polygon", "coordinates": [ [ [ 127.0, 39.333333 ], [ 127.25, 39.333333 ], [ 127.25, 39.4999998 ], [ 127.0, 39.4999998 ], [ 127.0, 39.333333 ] ] ] } },
{ "type": "Feature", "properties": { "Id": 0, "Sheet_ID": "咸興 12R. 鎭興里 / 永興湾要塞近傍 6", "label": "咸興 12R. 鎭興里 / 永興湾要塞近傍 6", "call_short": "G7900 S50 .J3", "call_num": "G7900 S50 .J3 SHEET D6-12R", "recid": "vk713zv3508", "websiteUrl": "https://purl.stanford.edu/vk713zv3508", "title": "[朝鮮五万分一地形圖]", "ckey": 9585328, "available": true, "iiifUrl": "https://purl.stanford.edu/vk713zv3508/iiif/manifest" }, "geometry": { "type": "Polygon", "coordinates": [ [ [ 127.25, 39.333333 ], [ 127.5, 39.333333 ], [ 127.5, 39.4999998 ], [ 127.25, 39.4999998 ], [ 127.25, 39.333333 ] ] ] } },
{ "type": "Feature", "properties": { "Id": 0, "Sheet_ID": "咸興 8R. 芳久美里 / [永興湾要塞近傍 2]", "label": "咸興 8R. 芳久美里 / [永興湾要塞近傍 2]", "call_short": "G7900 S50 .J3", "call_num": "G7900 S50 .J3 SHEET D6-8R", "recid": "fy363nz4999", "websiteUrl": "https://purl.stanford.edu/fy363nz4999", "title": "[朝鮮五万分一地形圖]", "ckey": 9585328, "available": true, "iiifUrl": "https://purl.stanford.edu/fy363nz4999/iiif/manifest" }, "geometry": { "type": "Polygon", "coordinates": [ [ [ 127.5, 39.333333 ], [ 127.75, 39.333333 ], [ 127.75, 39.4999998 ], [ 127.5, 39.4999998 ], [ 127.5, 39.333333 ] ] ] } },
{ "type": "Feature", "properties": { "Id": 0, "Sheet_ID": "咸興 15R. 永興 / 永興湾要塞近傍 9", "label": "咸興 15R. 永興 / 永興湾要塞近傍 9", "call_short": "G7900 S50 .J3", "call_num": "G7900 S50 .J3 SHEET D6-15R", "recid": "kv440vb3414", "websiteUrl": "https://purl.stanford.edu/kv440vb3414", "title": "[朝鮮五万分一地形圖]", "ckey": 9585328, "available": true, "iiifUrl": "https://purl.stanford.edu/kv440vb3414/iiif/manifest" }, "geometry": { "type": "Polygon", "coordinates": [ [ [ 127.0, 39.4999998 ], [ 127.25, 39.4999998 ], [ 127.25, 39.6666665 ], [ 127.0, 39.6666665 ], [ 127.0, 39.4999998 ] ] ] } },
{ "type": "Feature", "properties": { "Id": 0, "Sheet_ID": "咸興 11R. 播春場 / 永興湾要塞近傍 5", "label": "咸興 11R. 播春場 / 永興湾要塞近傍 5", "call_short": "G7900 S50 .J3", "call_num": "G7900 S50 .J3 SHEET D6-11R", "recid": "ft953vg1098", "websiteUrl": "https://purl.stanford.edu/ft953vg1098", "title": "[朝鮮五万分一地形圖]", "ckey": 9585328, "available": true, "iiifUrl": "https://purl.stanford.edu/ft953vg1098/iiif/manifest" }, "geometry": { "type": "Polygon", "coordinates": [ [ [ 127.25, 39.4999998 ], [ 127.5, 39.4999998 ], [ 127.5, 39.6666665 ], [ 127.25, 39.6666665 ], [ 127.25, 39.4999998 ] ] ] } },
{ "type": "Feature", "properties": { "Id": 0, "Sheet_ID": "咸興 7R. 三峰里 / 永興湾要塞近傍 1", "label": "咸興 7R. 三峰里 / 永興湾要塞近傍 1", "call_short": "G7900 S50 .J3", "call_num": "G7900 S50 .J3 SHEET D6-7R", "recid": "jq650cp8158", "websiteUrl": "https://purl.stanford.edu/jq650cp8158", "title": "[朝鮮五万分一地形圖]", "ckey": 9585328, "available": true, "iiifUrl": "https://purl.stanford.edu/jq650cp8158/iiif/manifest" }, "geometry": { "type": "Polygon", "coordinates": [ [ [ 127.5, 39.4999998 ], [ 127.75, 39.4999998 ], [ 127.75, 39.6666665 ], [ 127.5, 39.6666665 ], [ 127.5, 39.4999998 ] ] ] } },
{ "type": "Feature", "properties": { "Id": 0, "Sheet_ID": "咸興 14R. 斷俗山", "label": "咸興 14R. 斷俗山", "call_short": "G7900 S50 .J3", "call_num": "G7900 S50 .J3 SHEET D6-14R", "recid": "ts946hd6402", "websiteUrl": "https://purl.stanford.edu/ts946hd6402", "title": "[朝鮮五万分一地形圖]", "ckey": 9585328, "available": true, "iiifUrl": "https://purl.stanford.edu/ts946hd6402/iiif/manifest" }, "geometry": { "type": "Polygon", "coordinates": [ [ [ 127.0, 39.6666665 ], [ 127.25, 39.6666665 ], [ 127.25, 39.8333333 ], [ 127.0, 39.8333333 ], [ 127.0, 39.6666665 ] ] ] } },
{ "type": "Feature", "properties": { "Id": 0, "Sheet_ID": "咸興 10R. 定平", "label": "咸興 10R. 定平", "call_short": "G7900 S50 .J3", "call_num": "G7900 S50 .J3 SHEET D6-10R", "recid": "qd373ty2408", "websiteUrl": "https://purl.stanford.edu/qd373ty2408", "title": "[朝鮮五万分一地形圖]", "ckey": 9585328, "available": true, "iiifUrl": "https://purl.stanford.edu/qd373ty2408/iiif/manifest" }, "geometry": { "type": "Polygon", "coordinates": [ [ [ 127.25, 39.6666665 ], [ 127.5, 39.6666665 ], [ 127.5, 39.8333333 ], [ 127.25, 39.8333333 ], [ 127.25, 39.6666665 ] ] ] } },
{ "type": "Feature", "properties": { "Id": 0, "Sheet_ID": "咸興 6R. 西湖津", "label": "咸興 6R. 西湖津", "call_short": "G7900 S50 .J3", "call_num": "G7900 S50 .J3 SHEET D6-6R", "recid": "nz635rz7738", "websiteUrl": "https://purl.stanford.edu/nz635rz7738", "title": "[朝鮮五万分一地形圖]", "ckey": 9585328, "available": true, "iiifUrl": "https://purl.stanford.edu/nz635rz7738/iiif/manifest" }, "geometry": { "type": "Polygon", "coordinates": [ [ [ 127.5, 39.6666665 ], [ 127.75, 39.6666665 ], [ 127.75, 39.8333333 ], [ 127.5, 39.8333333 ], [ 127.5, 39.6666665 ] ] ] } },
{ "type": "Feature", "properties": { "Id": 0, "Sheet_ID": "咸興 13R. 豊松里", "label": "咸興 13R. 豊松里", "call_short": "G7900 S50 .J3", "call_num": "G7900 S50 .J3 SHEET D6-13R", "recid": "yc709gc9332", "websiteUrl": "https://purl.stanford.edu/yc709gc9332", "title": "[朝鮮五万分一地形圖]", "ckey": 9585328, "available": true, "iiifUrl": "https://purl.stanford.edu/yc709gc9332/iiif/manifest" }, "geometry": { "type": "Polygon", "coordinates": [ [ [ 127.0, 39.8333333 ], [ 127.25, 39.8333333 ], [ 127.25, 40.0 ], [ 127.0, 40.0 ], [ 127.0, 39.8333333 ] ] ] } },
{ "type": "Feature", "properties": { "Id": 0, "Sheet_ID": "咸興 9R. 地境", "label": "咸興 9R. 地境", "call_short": "G7900 S50 .J3", "call_num": "G7900 S50 .J3 SHEET D6-9R", "recid": "sn110rn9596", "websiteUrl": "https://purl.stanford.edu/sn110rn9596", "title": "[朝鮮五万分一地形圖]", "ckey": 9585328, "available": true, "iiifUrl": "https://purl.stanford.edu/sn110rn9596/iiif/manifest" }, "geometry": { "type": "Polygon", "coordinates": [ [ [ 127.25, 39.8333333 ], [ 127.5, 39.8333333 ], [ 127.5, 40.0 ], [ 127.25, 40.0 ], [ 127.25, 39.8333333 ] ] ] } },
{ "type": "Feature", "properties": { "Id": 0, "Sheet_ID": "咸興 5. 咸興", "label": "咸興 5. 咸興", "call_short": "G7900 S50 .J3", "call_num": "G7900 S50 .J3 SHEET D6-5", "recid": "zh878dj3118", "websiteUrl": "https://purl.stanford.edu/zh878dj3118", "title": "[朝鮮五万分一地形圖]", "ckey": 9585328, "available": true, "iiifUrl": "https://purl.stanford.edu/zh878dj3118/iiif/manifest" }, "geometry": { "type": "Polygon", "coordinates": [ [ [ 127.5, 39.8333333 ], [ 127.75, 39.8333333 ], [ 127.75, 40.0 ], [ 127.5, 40.0 ], [ 127.5, 39.8333333 ] ] ] } },
{ "type": "Feature", "properties": { "Id": 0, "Sheet_ID": "咸興 1R. 退潮", "label": "咸興 1R. 退潮", "call_short": "G7900 S50 .J3", "call_num": "G7900 S50 .J3 SHEET D6-1R", "recid": "ht121km8100", "websiteUrl": "https://purl.stanford.edu/ht121km8100", "title": "[朝鮮五万分一地形圖]", "ckey": 9585328, "available": true, "iiifUrl": "https://purl.stanford.edu/ht121km8100/iiif/manifest" }, "geometry": { "type": "Polygon", "coordinates": [ [ [ 127.75, 39.8333333 ], [ 128.0, 39.8333333 ], [ 128.0, 40.0 ], [ 127.75, 40.0 ], [ 127.75, 39.8333333 ] ] ] } },
{ "type": "Feature", "properties": { "Id": 0, "Sheet_ID": "咸興 5R. 咸興", "label": "咸興 5R. 咸興", "call_short": "G7900 S50 .J3", "call_num": "G7900 S50 .J3 SHEET D6-5R", "recid": "cm370yt1610", "websiteUrl": "https://purl.stanford.edu/cm370yt1610", "title": "[朝鮮五万分一地形圖]", "ckey": 9585328, "available": true, "iiifUrl": "https://purl.stanford.edu/cm370yt1610/iiif/manifest" }, "geometry": { "type": "Polygon", "coordinates": [ [ [ 127.5, 39.8333333 ], [ 127.75, 39.8333333 ], [ 127.75, 40.0 ], [ 127.5, 40.0 ], [ 127.5, 39.8333333 ] ] ] } },
{ "type": "Feature", "properties": { "Id": 0, "Sheet_ID": "元山 16R.  佳麗州", "label": "元山 16R.  佳麗州", "call_short": "G7900 S50 .J3", "call_num": "G7900 S50 .J3 SHEET D7-16R", "recid": "xg458dz4911", "websiteUrl": "https://purl.stanford.edu/xg458dz4911", "title": "[朝鮮五万分一地形圖]", "ckey": 9585328, "available": true, "iiifUrl": "https://purl.stanford.edu/xg458dz4911/iiif/manifest" }, "geometry": { "type": "Polygon", "coordinates": [ [ [ 127.0, 38.666667 ], [ 127.25, 38.666667 ], [ 127.25, 38.8333335 ], [ 127.0, 38.8333335 ], [ 127.0, 38.666667 ] ] ] } },
{ "type": "Feature", "properties": { "Id": 0, "Sheet_ID": "元山 12. 三防", "label": "元山 12. 三防", "call_short": "G7900 S50 .J3", "call_num": "G7900 S50 .J3 SHEET D7-12", "recid": "tq321mg7294", "websiteUrl": "https://purl.stanford.edu/tq321mg7294", "title": "[朝鮮五万分一地形圖]", "ckey": 9585328, "available": true, "iiifUrl": "https://purl.stanford.edu/tq321mg7294/iiif/manifest" }, "geometry": { "type": "Polygon", "coordinates": [ [ [ 127.25, 38.666667 ], [ 127.5, 38.666667 ], [ 127.5, 38.8333335 ], [ 127.25, 38.8333335 ], [ 127.25, 38.666667 ] ] ] } },
{ "type": "Feature", "properties": { "Id": 0, "Sheet_ID": "元山 8. 淮陽", "label": "元山 8. 淮陽", "call_short": "G7900 S50 .J3", "call_num": "G7900 S50 .J3 SHEET D7-8", "recid": "gd196zf5089", "websiteUrl": "https://purl.stanford.edu/gd196zf5089", "title": "[朝鮮五万分一地形圖]", "ckey": 9585328, "available": true, "iiifUrl": "https://purl.stanford.edu/gd196zf5089/iiif/manifest" }, "geometry": { "type": "Polygon", "coordinates": [ [ [ 127.5, 38.666667 ], [ 127.75, 38.666667 ], [ 127.75, 38.8333335 ], [ 127.5, 38.8333335 ], [ 127.5, 38.666667 ] ] ] } },
{ "type": "Feature", "properties": { "Id": 0, "Sheet_ID": "元山 4. 化川", "label": "元山 4. 化川", "call_short": "G7900 S50 .J3", "call_num": "G7900 S50 .J3 SHEET D7-4", "recid": "gp885qg5944", "websiteUrl": "https://purl.stanford.edu/gp885qg5944", "title": "[朝鮮五万分一地形圖]", "ckey": 9585328, "available": true, "iiifUrl": "https://purl.stanford.edu/gp885qg5944/iiif/manifest" }, "geometry": { "type": "Polygon", "coordinates": [ [ [ 127.75, 38.666667 ], [ 128.0, 38.666667 ], [ 128.0, 38.8333335 ], [ 127.75, 38.8333335 ], [ 127.75, 38.666667 ] ] ] } },
{ "type": "Feature", "properties": { "Id": 0, "Sheet_ID": "元山 15. 法洞", "label": "元山 15. 法洞", "call_short": "G7900 S50 .J3", "call_num": "G7900 S50 .J3 SHEET D7-15", "recid": "gv484kx3586", "websiteUrl": "https://purl.stanford.edu/gv484kx3586", "title": "[朝鮮五万分一地形圖]", "ckey": 9585328, "available": true, "iiifUrl": "https://purl.stanford.edu/gv484kx3586/iiif/manifest" }, "geometry": { "type": "Polygon", "coordinates": [ [ [ 127.0, 38.8333335 ], [ 127.25, 38.8333335 ], [ 127.25, 39.0 ], [ 127.0, 39.0 ], [ 127.0, 38.8333335 ] ] ] } },
{ "type": "Feature", "properties": { "Id": 0, "Sheet_ID": "元山 11. 釋王寺", "label": "元山 11. 釋王寺", "call_short": "G7900 S50 .J3", "call_num": "G7900 S50 .J3 SHEET D7-11", "recid": "yh427hm0516", "websiteUrl": "https://purl.stanford.edu/yh427hm0516", "title": "[朝鮮五万分一地形圖]", "ckey": 9585328, "available": true, "iiifUrl": "https://purl.stanford.edu/yh427hm0516/iiif/manifest" }, "geometry": { "type": "Polygon", "coordinates": [ [ [ 127.25, 38.8333335 ], [ 127.5, 38.8333335 ], [ 127.5, 39.0 ], [ 127.25, 39.0 ], [ 127.25, 38.8333335 ] ] ] } },
{ "type": "Feature", "properties": { "Id": 0, "Sheet_ID": "元山 7. 道納里", "label": "元山 7. 道納里", "call_short": "G7900 S50 .J3", "call_num": "G7900 S50 .J3 SHEET D7-7", "recid": "zj171mf4555", "websiteUrl": "https://purl.stanford.edu/zj171mf4555", "title": "[朝鮮五万分一地形圖]", "ckey": 9585328, "available": true, "iiifUrl": "https://purl.stanford.edu/zj171mf4555/iiif/manifest" }, "geometry": { "type": "Polygon", "coordinates": [ [ [ 127.5, 38.8333335 ], [ 127.75, 38.8333335 ], [ 127.75, 39.0 ], [ 127.5, 39.0 ], [ 127.5, 38.8333335 ] ] ] } },
{ "type": "Feature", "properties": { "Id": 0, "Sheet_ID": "元山 3. 通川", "label": "元山 3. 通川", "call_short": "G7900 S50 .J3", "call_num": "G7900 S50 .J3 SHEET D7-3", "recid": "vv031yp5098", "websiteUrl": "https://purl.stanford.edu/vv031yp5098", "title": "[朝鮮五万分一地形圖]", "ckey": 9585328, "available": true, "iiifUrl": "https://purl.stanford.edu/vv031yp5098/iiif/manifest" }, "geometry": { "type": "Polygon", "coordinates": [ [ [ 127.75, 38.8333335 ], [ 128.0, 38.8333335 ], [ 128.0, 39.0 ], [ 127.75, 39.0 ], [ 127.75, 38.8333335 ] ] ] } },
{ "type": "Feature", "properties": { "Id": 0, "Sheet_ID": "元山 14R. 馬轉里 / 永興湾要塞近傍 12", "label": "元山 14R. 馬轉里 / 永興湾要塞近傍 12", "call_short": "G7900 S50 .J3", "call_num": "G7900 S50 .J3 SHEET D7-14R", "recid": "jm320pd9466", "websiteUrl": "https://purl.stanford.edu/jm320pd9466", "title": "[朝鮮五万分一地形圖]", "ckey": 9585328, "available": true, "iiifUrl": "https://purl.stanford.edu/jm320pd9466/iiif/manifest" }, "geometry": { "type": "Polygon", "coordinates": [ [ [ 127.0, 39.0 ], [ 127.25, 39.0 ], [ 127.25, 39.1666665 ], [ 127.0, 39.1666665 ], [ 127.0, 39.0 ] ] ] } },
{ "type": "Feature", "properties": { "Id": 0, "Sheet_ID": "元山 10. 元山府外南部 / [永興湾要塞近傍 8]", "label": "元山 10. 元山府外南部 / [永興湾要塞近傍 8]", "call_short": "0", "call_num": "0", "recid": "0", "websiteUrl": "0", "title": "0", "ckey": 0, "available": false, "iiifUrl": "0" }, "geometry": { "type": "Polygon", "coordinates": [ [ [ 127.25, 39.0 ], [ 127.5, 39.0 ], [ 127.5, 39.1666665 ], [ 127.25, 39.1666665 ], [ 127.25, 39.0 ] ] ] } },
{ "type": "Feature", "properties": { "Id": 0, "Sheet_ID": "元山 6R. 安邊 / 永興湾要塞近傍 4", "label": "元山 6R. 安邊 / 永興湾要塞近傍 4", "call_short": "G7900 S50 .J3", "call_num": "G7900 S50 .J3 SHEET D7-6R", "recid": "qf763kc5688", "websiteUrl": "https://purl.stanford.edu/qf763kc5688", "title": "[朝鮮五万分一地形圖]", "ckey": 9585328, "available": true, "iiifUrl": "https://purl.stanford.edu/qf763kc5688/iiif/manifest" }, "geometry": { "type": "Polygon", "coordinates": [ [ [ 127.5, 39.0 ], [ 127.75, 39.0 ], [ 127.75, 39.1666665 ], [ 127.5, 39.1666665 ], [ 127.5, 39.0 ] ] ] } },
{ "type": "Feature", "properties": { "Id": 0, "Sheet_ID": "元山 2. 沛川里", "label": "元山 2. 沛川里", "call_short": "G7900 S50 .J3", "call_num": "G7900 S50 .J3 SHEET D7-2", "recid": "wq860pp0776", "websiteUrl": "https://purl.stanford.edu/wq860pp0776", "title": "[朝鮮五万分一地形圖]", "ckey": 9585328, "available": true, "iiifUrl": "https://purl.stanford.edu/wq860pp0776/iiif/manifest" }, "geometry": { "type": "Polygon", "coordinates": [ [ [ 127.75, 39.0 ], [ 128.0, 39.0 ], [ 128.0, 39.1666665 ], [ 127.75, 39.1666665 ], [ 127.75, 39.0 ] ] ] } },
{ "type": "Feature", "properties": { "Id": 0, "Sheet_ID": "元山 13R. 頭流山 / 永興湾要塞近傍 11", "label": "元山 13R. 頭流山 / 永興湾要塞近傍 11", "call_short": "G7900 S50 .J3", "call_num": "G7900 S50 .J3 SHEET D7-13R", "recid": "sc164jx6486", "websiteUrl": "https://purl.stanford.edu/sc164jx6486", "title": "[朝鮮五万分一地形圖]", "ckey": 9585328, "available": true, "iiifUrl": "https://purl.stanford.edu/sc164jx6486/iiif/manifest" }, "geometry": { "type": "Polygon", "coordinates": [ [ [ 127.0, 39.1666665 ], [ 127.25, 39.1666665 ], [ 127.25, 39.333333 ], [ 127.0, 39.333333 ], [ 127.0, 39.1666665 ] ] ] } },
{ "type": "Feature", "properties": { "Id": 0, "Sheet_ID": "元山 9R. 元山府外北部 / 永興湾要塞近傍 7", "label": "元山 9R. 元山府外北部 / 永興湾要塞近傍 7", "call_short": "G7900 S50 .J3", "call_num": "G7900 S50 .J3 SHEET D7-9R", "recid": "tr735dz8541", "websiteUrl": "https://purl.stanford.edu/tr735dz8541", "title": "[朝鮮五万分一地形圖]", "ckey": 9585328, "available": true, "iiifUrl": "https://purl.stanford.edu/tr735dz8541/iiif/manifest" }, "geometry": { "type": "Polygon", "coordinates": [ [ [ 127.25, 39.1666665 ], [ 127.5, 39.1666665 ], [ 127.5, 39.333333 ], [ 127.25, 39.333333 ], [ 127.25, 39.1666665 ] ] ] } },
{ "type": "Feature", "properties": { "Id": 0, "Sheet_ID": "元山 5R. 虎島半島 / 永興湾要塞近傍 3", "label": "元山 5R. 虎島半島 / 永興湾要塞近傍 3", "call_short": "G7900 S50 .J3", "call_num": "G7900 S50 .J3 SHEET D7-5R", "recid": "tw408rm7573", "websiteUrl": "https://purl.stanford.edu/tw408rm7573", "title": "[朝鮮五万分一地形圖]", "ckey": 9585328, "available": true, "iiifUrl": "https://purl.stanford.edu/tw408rm7573/iiif/manifest" }, "geometry": { "type": "Polygon", "coordinates": [ [ [ 127.5, 39.1666665 ], [ 127.75, 39.1666665 ], [ 127.75, 39.333333 ], [ 127.5, 39.333333 ], [ 127.5, 39.1666665 ] ] ] } },
{ "type": "Feature", "properties": { "Id": 0, "Sheet_ID": "元山 2R. 沛川里", "label": "元山 2R. 沛川里", "call_short": "G7900 S50 .J3", "call_num": "G7900 S50 .J3 SHEET D7-2R", "recid": "rx073wd7467", "websiteUrl": "https://purl.stanford.edu/rx073wd7467", "title": "[朝鮮五万分一地形圖]", "ckey": 9585328, "available": true, "iiifUrl": "https://purl.stanford.edu/rx073wd7467/iiif/manifest" }, "geometry": { "type": "Polygon", "coordinates": [ [ [ 127.75, 39.0 ], [ 128.0, 39.0 ], [ 128.0, 39.1666665 ], [ 127.75, 39.1666665 ], [ 127.75, 39.0 ] ] ] } },
{ "type": "Feature", "properties": { "Id": 0, "Sheet_ID": "元山 3R. 通川", "label": "元山 3R. 通川", "call_short": "G7900 S50 .J3", "call_num": "G7900 S50 .J3 SHEET D7-3R", "recid": "nq815zt5812", "websiteUrl": "https://purl.stanford.edu/nq815zt5812", "title": "[朝鮮五万分一地形圖]", "ckey": 9585328, "available": true, "iiifUrl": "https://purl.stanford.edu/nq815zt5812/iiif/manifest" }, "geometry": { "type": "Polygon", "coordinates": [ [ [ 127.75, 38.8333335 ], [ 128.0, 38.8333335 ], [ 128.0, 39.0 ], [ 127.75, 39.0 ], [ 127.75, 38.8333335 ] ] ] } },
{ "type": "Feature", "properties": { "Id": 0, "Sheet_ID": "元山 4R. 化川", "label": "元山 4R. 化川", "call_short": "G7900 S50 .J3", "call_num": "G7900 S50 .J3 SHEET D7-4R", "recid": "cn319xg5317", "websiteUrl": "https://purl.stanford.edu/cn319xg5317", "title": "[朝鮮五万分一地形圖]", "ckey": 9585328, "available": true, "iiifUrl": "https://purl.stanford.edu/cn319xg5317/iiif/manifest" }, "geometry": { "type": "Polygon", "coordinates": [ [ [ 127.75, 38.666667 ], [ 128.0, 38.666667 ], [ 128.0, 38.8333335 ], [ 127.75, 38.8333335 ], [ 127.75, 38.666667 ] ] ] } },
{ "type": "Feature", "properties": { "Id": 0, "Sheet_ID": "元山 7R. 道納里", "label": "元山 7R. 道納里", "call_short": "G7900 S50 .J3", "call_num": "G7900 S50 .J3 SHEET D7-7R", "recid": "vx065gc4272", "websiteUrl": "https://purl.stanford.edu/vx065gc4272", "title": "[朝鮮五万分一地形圖]", "ckey": 9585328, "available": true, "iiifUrl": "https://purl.stanford.edu/vx065gc4272/iiif/manifest" }, "geometry": { "type": "Polygon", "coordinates": [ [ [ 127.5, 38.8333335 ], [ 127.75, 38.8333335 ], [ 127.75, 39.0 ], [ 127.5, 39.0 ], [ 127.5, 38.8333335 ] ] ] } },
{ "type": "Feature", "properties": { "Id": 0, "Sheet_ID": "元山 8R. 淮陽", "label": "元山 8R. 淮陽", "call_short": "G7900 S50 .J3", "call_num": "G7900 S50 .J3 SHEET D7-8R", "recid": "qt744wh8095", "websiteUrl": "https://purl.stanford.edu/qt744wh8095", "title": "[朝鮮五万分一地形圖]", "ckey": 9585328, "available": true, "iiifUrl": "https://purl.stanford.edu/qt744wh8095/iiif/manifest" }, "geometry": { "type": "Polygon", "coordinates": [ [ [ 127.5, 38.666667 ], [ 127.75, 38.666667 ], [ 127.75, 38.8333335 ], [ 127.5, 38.8333335 ], [ 127.5, 38.666667 ] ] ] } },
{ "type": "Feature", "properties": { "Id": 0, "Sheet_ID": "元山 11R. 釋王寺", "label": "元山 11R. 釋王寺", "call_short": "G7900 S50 .J3", "call_num": "G7900 S50 .J3 SHEET D7-11R", "recid": "ny536by0795", "websiteUrl": "https://purl.stanford.edu/ny536by0795", "title": "[朝鮮五万分一地形圖]", "ckey": 9585328, "available": true, "iiifUrl": "https://purl.stanford.edu/ny536by0795/iiif/manifest" }, "geometry": { "type": "Polygon", "coordinates": [ [ [ 127.25, 38.8333335 ], [ 127.5, 38.8333335 ], [ 127.5, 39.0 ], [ 127.25, 39.0 ], [ 127.25, 38.8333335 ] ] ] } },
{ "type": "Feature", "properties": { "Id": 0, "Sheet_ID": "元山 12R. 三防", "label": "元山 12R. 三防", "call_short": "G7900 S50 .J3", "call_num": "G7900 S50 .J3 SHEET D7-12R", "recid": "dg353tr8878", "websiteUrl": "https://purl.stanford.edu/dg353tr8878", "title": "[朝鮮五万分一地形圖]", "ckey": 9585328, "available": true, "iiifUrl": "https://purl.stanford.edu/dg353tr8878/iiif/manifest" }, "geometry": { "type": "Polygon", "coordinates": [ [ [ 127.25, 38.666667 ], [ 127.5, 38.666667 ], [ 127.5, 38.8333335 ], [ 127.25, 38.8333335 ], [ 127.25, 38.666667 ] ] ] } },
{ "type": "Feature", "properties": { "Id": 0, "Sheet_ID": "元山 15R. 法洞", "label": "元山 15R. 法洞", "call_short": "G7900 S50 .J3", "call_num": "G7900 S50 .J3 SHEET D7-15R", "recid": "jk799mh8577", "websiteUrl": "https://purl.stanford.edu/jk799mh8577", "title": "[朝鮮五万分一地形圖]", "ckey": 9585328, "available": true, "iiifUrl": "https://purl.stanford.edu/jk799mh8577/iiif/manifest" }, "geometry": { "type": "Polygon", "coordinates": [ [ [ 127.0, 38.8333335 ], [ 127.25, 38.8333335 ], [ 127.25, 39.0 ], [ 127.0, 39.0 ], [ 127.0, 38.8333335 ] ] ] } },
{ "type": "Feature", "properties": { "Id": 0, "Sheet_ID": "鐵原 16R. 漣川", "label": "鐵原 16R. 漣川", "call_short": "G7900 S50 .J3", "call_num": "G7900 S50 .J3 SHEET D8-16R", "recid": "pj900jv4178", "websiteUrl": "https://purl.stanford.edu/pj900jv4178", "title": "[朝鮮五万分一地形圖]", "ckey": 9585328, "available": true, "iiifUrl": "https://purl.stanford.edu/pj900jv4178/iiif/manifest" }, "geometry": { "type": "Polygon", "coordinates": [ [ [ 127.0, 38.0 ], [ 127.25, 38.0 ], [ 127.25, 38.1666667 ], [ 127.0, 38.1666667 ], [ 127.0, 38.0 ] ] ] } },
{ "type": "Feature", "properties": { "Id": 0, "Sheet_ID": "鐵原 12. 豐田里", "label": "鐵原 12. 豐田里", "call_short": "G7900 S50 .J3", "call_num": "G7900 S50 .J3 SHEET D8-12", "recid": "hn070pc6182", "websiteUrl": "https://purl.stanford.edu/hn070pc6182", "title": "[朝鮮五万分一地形圖]", "ckey": 9585328, "available": true, "iiifUrl": "https://purl.stanford.edu/hn070pc6182/iiif/manifest" }, "geometry": { "type": "Polygon", "coordinates": [ [ [ 127.25, 38.0 ], [ 127.5, 38.0 ], [ 127.5, 38.1666667 ], [ 127.25, 38.1666667 ], [ 127.25, 38.0 ] ] ] } },
{ "type": "Feature", "properties": { "Id": 0, "Sheet_ID": "鐵原 8R. 華川", "label": "鐵原 8R. 華川", "call_short": "G7900 S50 .J3", "call_num": "G7900 S50 .J3 SHEET D8-8R", "recid": "qt153pn3071", "websiteUrl": "https://purl.stanford.edu/qt153pn3071", "title": "[朝鮮五万分一地形圖]", "ckey": 9585328, "available": true, "iiifUrl": "https://purl.stanford.edu/qt153pn3071/iiif/manifest" }, "geometry": { "type": "Polygon", "coordinates": [ [ [ 127.5, 38.0 ], [ 127.75, 38.0 ], [ 127.75, 38.1666667 ], [ 127.5, 38.1666667 ], [ 127.5, 38.0 ] ] ] } },
{ "type": "Feature", "properties": { "Id": 0, "Sheet_ID": "鐵原 4. 楊口", "label": "鐵原 4. 楊口", "call_short": "0", "call_num": "0", "recid": "0", "websiteUrl": "0", "title": "0", "ckey": 0, "available": false, "iiifUrl": "0" }, "geometry": { "type": "Polygon", "coordinates": [ [ [ 127.75, 38.0 ], [ 128.0, 38.0 ], [ 128.0, 38.1666667 ], [ 127.75, 38.1666667 ], [ 127.75, 38.0 ] ] ] } },
{ "type": "Feature", "properties": { "Id": 0, "Sheet_ID": "鐵原 15R. 鐵原", "label": "鐵原 15R. 鐵原", "call_short": "G7900 S50 .J3", "call_num": "G7900 S50 .J3 SHEET D8-15R", "recid": "dy394rh7158", "websiteUrl": "https://purl.stanford.edu/dy394rh7158", "title": "[朝鮮五万分一地形圖]", "ckey": 9585328, "available": true, "iiifUrl": "https://purl.stanford.edu/dy394rh7158/iiif/manifest" }, "geometry": { "type": "Polygon", "coordinates": [ [ [ 127.0, 38.1666667 ], [ 127.25, 38.1666667 ], [ 127.25, 38.3333335 ], [ 127.0, 38.3333335 ], [ 127.0, 38.1666667 ] ] ] } },
{ "type": "Feature", "properties": { "Id": 0, "Sheet_ID": "鐵原 11R. 金化", "label": "鐵原 11R. 金化", "call_short": "G7900 S50 .J3", "call_num": "G7900 S50 .J3 SHEET D8-11R", "recid": "jv905db4902", "websiteUrl": "https://purl.stanford.edu/jv905db4902", "title": "[朝鮮五万分一地形圖]", "ckey": 9585328, "available": true, "iiifUrl": "https://purl.stanford.edu/jv905db4902/iiif/manifest" }, "geometry": { "type": "Polygon", "coordinates": [ [ [ 127.25, 38.1666667 ], [ 127.5, 38.1666667 ], [ 127.5, 38.3333335 ], [ 127.25, 38.3333335 ], [ 127.25, 38.1666667 ] ] ] } },
{ "type": "Feature", "properties": { "Id": 0, "Sheet_ID": "鐵原 7R. 山陽里", "label": "鐵原 7R. 山陽里", "call_short": "G7900 S50 .J3", "call_num": "G7900 S50 .J3 SHEET D8-7R", "recid": "dn284jd2193", "websiteUrl": "https://purl.stanford.edu/dn284jd2193", "title": "[朝鮮五万分一地形圖]", "ckey": 9585328, "available": true, "iiifUrl": "https://purl.stanford.edu/dn284jd2193/iiif/manifest" }, "geometry": { "type": "Polygon", "coordinates": [ [ [ 127.5, 38.1666667 ], [ 127.75, 38.1666667 ], [ 127.75, 38.3333335 ], [ 127.5, 38.3333335 ], [ 127.5, 38.1666667 ] ] ] } },
{ "type": "Feature", "properties": { "Id": 0, "Sheet_ID": "鐵原 3. 外乾欒", "label": "鐵原 3. 外乾欒", "call_short": "G7900 S50 .J3", "call_num": "G7900 S50 .J3 SHEET D8-3", "recid": "kp453xk6635", "websiteUrl": "https://purl.stanford.edu/kp453xk6635", "title": "[朝鮮五万分一地形圖]", "ckey": 9585328, "available": true, "iiifUrl": "https://purl.stanford.edu/kp453xk6635/iiif/manifest" }, "geometry": { "type": "Polygon", "coordinates": [ [ [ 127.75, 38.1666667 ], [ 128.0, 38.1666667 ], [ 128.0, 38.3333335 ], [ 127.75, 38.3333335 ], [ 127.75, 38.1666667 ] ] ] } },
{ "type": "Feature", "properties": { "Id": 0, "Sheet_ID": "鐵原 14. 玉洞里", "label": "鐵原 14. 玉洞里", "call_short": "G7900 S50 .J3", "call_num": "G7900 S50 .J3 SHEET D8-14", "recid": "fz155gb1403", "websiteUrl": "https://purl.stanford.edu/fz155gb1403", "title": "[朝鮮五万分一地形圖]", "ckey": 9585328, "available": true, "iiifUrl": "https://purl.stanford.edu/fz155gb1403/iiif/manifest" }, "geometry": { "type": "Polygon", "coordinates": [ [ [ 127.0, 38.3333335 ], [ 127.25, 38.3333335 ], [ 127.25, 38.5000002 ], [ 127.0, 38.5000002 ], [ 127.0, 38.3333335 ] ] ] } },
{ "type": "Feature", "properties": { "Id": 0, "Sheet_ID": "鐵原 10R. 平康", "label": "鐵原 10R. 平康", "call_short": "G7900 S50 .J3", "call_num": "G7900 S50 .J3 SHEET D8-10R", "recid": "rp165rz8942", "websiteUrl": "https://purl.stanford.edu/rp165rz8942", "title": "[朝鮮五万分一地形圖]", "ckey": 9585328, "available": true, "iiifUrl": "https://purl.stanford.edu/rp165rz8942/iiif/manifest" }, "geometry": { "type": "Polygon", "coordinates": [ [ [ 127.25, 38.3333335 ], [ 127.5, 38.3333335 ], [ 127.5, 38.5000002 ], [ 127.25, 38.5000002 ], [ 127.25, 38.3333335 ] ] ] } },
{ "type": "Feature", "properties": { "Id": 0, "Sheet_ID": "鐵原 6R. 金城", "label": "鐵原 6R. 金城", "call_short": "G7900 S50 .J3", "call_num": "G7900 S50 .J3 SHEET D8-6R", "recid": "pc645cx5589", "websiteUrl": "https://purl.stanford.edu/pc645cx5589", "title": "[朝鮮五万分一地形圖]", "ckey": 9585328, "available": true, "iiifUrl": "https://purl.stanford.edu/pc645cx5589/iiif/manifest" }, "geometry": { "type": "Polygon", "coordinates": [ [ [ 127.5, 38.3333335 ], [ 127.75, 38.3333335 ], [ 127.75, 38.5000002 ], [ 127.5, 38.5000002 ], [ 127.5, 38.3333335 ] ] ] } },
{ "type": "Feature", "properties": { "Id": 0, "Sheet_ID": "鐵原 2. 大井里", "label": "鐵原 2. 大井里", "call_short": "G7900 S50 .J3", "call_num": "G7900 S50 .J3 SHEET D8-2", "recid": "nt645rk0079", "websiteUrl": "https://purl.stanford.edu/nt645rk0079", "title": "[朝鮮五万分一地形圖]", "ckey": 9585328, "available": true, "iiifUrl": "https://purl.stanford.edu/nt645rk0079/iiif/manifest" }, "geometry": { "type": "Polygon", "coordinates": [ [ [ 127.75, 38.3333335 ], [ 128.0, 38.3333335 ], [ 128.0, 38.5000002 ], [ 127.75, 38.5000002 ], [ 127.75, 38.3333335 ] ] ] } },
{ "type": "Feature", "properties": { "Id": 0, "Sheet_ID": "鐵原 13R. 后坪里", "label": "鐵原 13R. 后坪里", "call_short": "G7900 S50 .J3", "call_num": "G7900 S50 .J3 SHEET D8-13R", "recid": "wb565ym0188", "websiteUrl": "https://purl.stanford.edu/wb565ym0188", "title": "[朝鮮五万分一地形圖]", "ckey": 9585328, "available": true, "iiifUrl": "https://purl.stanford.edu/wb565ym0188/iiif/manifest" }, "geometry": { "type": "Polygon", "coordinates": [ [ [ 127.0, 38.5000002 ], [ 127.25, 38.5000002 ], [ 127.25, 38.666667 ], [ 127.0, 38.666667 ], [ 127.0, 38.5000002 ] ] ] } },
{ "type": "Feature", "properties": { "Id": 0, "Sheet_ID": "鐵原 9R. 洗浦", "label": "鐵原 9R. 洗浦", "call_short": "G7900 S50 .J3", "call_num": "G7900 S50 .J3 SHEET D8-9R", "recid": "cz862pr8673", "websiteUrl": "https://purl.stanford.edu/cz862pr8673", "title": "[朝鮮五万分一地形圖]", "ckey": 9585328, "available": true, "iiifUrl": "https://purl.stanford.edu/cz862pr8673/iiif/manifest" }, "geometry": { "type": "Polygon", "coordinates": [ [ [ 127.25, 38.5000002 ], [ 127.5, 38.5000002 ], [ 127.5, 38.666667 ], [ 127.25, 38.666667 ], [ 127.25, 38.5000002 ] ] ] } },
{ "type": "Feature", "properties": { "Id": 0, "Sheet_ID": "鐵原 5. 昌道里", "label": "鐵原 5. 昌道里", "call_short": "G7900 S50 .J3", "call_num": "G7900 S50 .J3 SHEET D8-5", "recid": "hf871jk7301", "websiteUrl": "https://purl.stanford.edu/hf871jk7301", "title": "[朝鮮五万分一地形圖]", "ckey": 9585328, "available": true, "iiifUrl": "https://purl.stanford.edu/hf871jk7301/iiif/manifest" }, "geometry": { "type": "Polygon", "coordinates": [ [ [ 127.5, 38.5000002 ], [ 127.75, 38.5000002 ], [ 127.75, 38.666667 ], [ 127.5, 38.666667 ], [ 127.5, 38.5000002 ] ] ] } },
{ "type": "Feature", "properties": { "Id": 0, "Sheet_ID": "鐵原 1. 末輝里", "label": "鐵原 1. 末輝里", "call_short": "G7900 S50 .J3", "call_num": "G7900 S50 .J3 SHEET D8-1", "recid": "gb914cm8231", "websiteUrl": "https://purl.stanford.edu/gb914cm8231", "title": "[朝鮮五万分一地形圖]", "ckey": 9585328, "available": true, "iiifUrl": "https://purl.stanford.edu/gb914cm8231/iiif/manifest" }, "geometry": { "type": "Polygon", "coordinates": [ [ [ 127.75, 38.5000002 ], [ 128.0, 38.5000002 ], [ 128.0, 38.666667 ], [ 127.75, 38.666667 ], [ 127.75, 38.5000002 ] ] ] } },
{ "type": "Feature", "properties": { "Id": 0, "Sheet_ID": "鐵原 1R. 末輝里", "label": "鐵原 1R. 末輝里", "call_short": "G7900 S50 .J3", "call_num": "G7900 S50 .J3 SHEET D8-1R", "recid": "zc619nd0639", "websiteUrl": "https://purl.stanford.edu/zc619nd0639", "title": "[朝鮮五万分一地形圖]", "ckey": 9585328, "available": true, "iiifUrl": "https://purl.stanford.edu/zc619nd0639/iiif/manifest" }, "geometry": { "type": "Polygon", "coordinates": [ [ [ 127.75, 38.5000003 ], [ 128.0, 38.5000003 ], [ 128.0, 38.666667 ], [ 127.75, 38.666667 ], [ 127.75, 38.5000003 ] ] ] } },
{ "type": "Feature", "properties": { "Id": 0, "Sheet_ID": "鐵原 2R. 大井里", "label": "鐵原 2R. 大井里", "call_short": "G7900 S50 .J3", "call_num": "G7900 S50 .J3 SHEET D8-2R", "recid": "jy026kb4337", "websiteUrl": "https://purl.stanford.edu/jy026kb4337", "title": "[朝鮮五万分一地形圖]", "ckey": 9585328, "available": true, "iiifUrl": "https://purl.stanford.edu/jy026kb4337/iiif/manifest" }, "geometry": { "type": "Polygon", "coordinates": [ [ [ 127.75, 38.3333335 ], [ 128.0, 38.3333335 ], [ 128.0, 38.5000003 ], [ 127.75, 38.5000003 ], [ 127.75, 38.3333335 ] ] ] } },
{ "type": "Feature", "properties": { "Id": 0, "Sheet_ID": "鐵原 3R. 文登", "label": "鐵原 3R. 文登", "call_short": "G7900 S50 .J3", "call_num": "G7900 S50 .J3 SHEET D8-3R", "recid": "yd951tr1675", "websiteUrl": "https://purl.stanford.edu/yd951tr1675", "title": "[朝鮮五万分一地形圖]", "ckey": 9585328, "available": true, "iiifUrl": "https://purl.stanford.edu/yd951tr1675/iiif/manifest" }, "geometry": { "type": "Polygon", "coordinates": [ [ [ 127.75, 38.1666667 ], [ 128.0, 38.1666667 ], [ 128.0, 38.3333335 ], [ 127.75, 38.3333335 ], [ 127.75, 38.1666667 ] ] ] } },
{ "type": "Feature", "properties": { "Id": 0, "Sheet_ID": "鐵原 5R. 昌道里", "label": "鐵原 5R. 昌道里", "call_short": "G7900 S50 .J3", "call_num": "G7900 S50 .J3 SHEET D8-5R", "recid": "wf117kc4064", "websiteUrl": "https://purl.stanford.edu/wf117kc4064", "title": "[朝鮮五万分一地形圖]", "ckey": 9585328, "available": true, "iiifUrl": "https://purl.stanford.edu/wf117kc4064/iiif/manifest" }, "geometry": { "type": "Polygon", "coordinates": [ [ [ 127.5, 38.5000003 ], [ 127.75, 38.5000003 ], [ 127.75, 38.666667 ], [ 127.5, 38.666667 ], [ 127.5, 38.5000003 ] ] ] } },
{ "type": "Feature", "properties": { "Id": 0, "Sheet_ID": "鐵原 12R. 芝浦里", "label": "鐵原 12R. 芝浦里", "call_short": "G7900 S50 .J3", "call_num": "G7900 S50 .J3 SHEET D8-12R", "recid": "yh043gc0687", "websiteUrl": "https://purl.stanford.edu/yh043gc0687", "title": "[朝鮮五万分一地形圖]", "ckey": 9585328, "available": true, "iiifUrl": "https://purl.stanford.edu/yh043gc0687/iiif/manifest" }, "geometry": { "type": "Polygon", "coordinates": [ [ [ 127.25, 38.0 ], [ 127.5, 38.0 ], [ 127.5, 38.1666667 ], [ 127.25, 38.1666667 ], [ 127.25, 38.0 ] ] ] } },
{ "type": "Feature", "properties": { "Id": 0, "Sheet_ID": "鐵原 14R. 玉洞里", "label": "鐵原 14R. 玉洞里", "call_short": "G7900 S50 .J3", "call_num": "G7900 S50 .J3 SHEET D8-14R", "recid": "pj753sj2129", "websiteUrl": "https://purl.stanford.edu/pj753sj2129", "title": "[朝鮮五万分一地形圖]", "ckey": 9585328, "available": true, "iiifUrl": "https://purl.stanford.edu/pj753sj2129/iiif/manifest" }, "geometry": { "type": "Polygon", "coordinates": [ [ [ 127.0, 38.3333335 ], [ 127.25, 38.3333335 ], [ 127.25, 38.5000003 ], [ 127.0, 38.5000003 ], [ 127.0, 38.3333335 ] ] ] } },
{ "type": "Feature", "properties": { "Id": 0, "Sheet_ID": "慈城 12R. 玉洞", "label": "慈城 12R. 玉洞", "call_short": "G7900 S50 .J3", "call_num": "G7900 S50 .J3 SHEET E3-12R", "recid": "hh262vg7274", "websiteUrl": "https://purl.stanford.edu/hh262vg7274", "title": "[朝鮮五万分一地形圖]", "ckey": 9585328, "available": true, "iiifUrl": "https://purl.stanford.edu/hh262vg7274/iiif/manifest" }, "geometry": { "type": "Polygon", "coordinates": [ [ [ 126.25, 41.333333 ], [ 126.5, 41.333333 ], [ 126.5, 41.4999998 ], [ 126.25, 41.4999998 ], [ 126.25, 41.333333 ] ] ] } },
{ "type": "Feature", "properties": { "Id": 0, "Sheet_ID": "慈城 8R. 慈城", "label": "慈城 8R. 慈城", "call_short": "G7900 S50 .J3", "call_num": "G7900 S50 .J3 SHEET E3-8R", "recid": "hd795gn7571", "websiteUrl": "https://purl.stanford.edu/hd795gn7571", "title": "[朝鮮五万分一地形圖]", "ckey": 9585328, "available": true, "iiifUrl": "https://purl.stanford.edu/hd795gn7571/iiif/manifest" }, "geometry": { "type": "Polygon", "coordinates": [ [ [ 126.5, 41.333333 ], [ 126.75, 41.333333 ], [ 126.75, 41.4999998 ], [ 126.5, 41.4999998 ], [ 126.5, 41.333333 ] ] ] } },
{ "type": "Feature", "properties": { "Id": 0, "Sheet_ID": "慈城 4R. 小會洞", "label": "慈城 4R. 小會洞", "call_short": "G7900 S50 .J3", "call_num": "G7900 S50 .J3 SHEET E3-4R", "recid": "ng194zq9725", "websiteUrl": "https://purl.stanford.edu/ng194zq9725", "title": "[朝鮮五万分一地形圖]", "ckey": 9585328, "available": true, "iiifUrl": "https://purl.stanford.edu/ng194zq9725/iiif/manifest" }, "geometry": { "type": "Polygon", "coordinates": [ [ [ 126.75, 41.333333 ], [ 127.0, 41.333333 ], [ 127.0, 41.4999998 ], [ 126.75, 41.4999998 ], [ 126.75, 41.333333 ] ] ] } },
{ "type": "Feature", "properties": { "Id": 0, "Sheet_ID": "慈城 7R. 慈城江口", "label": "慈城 7R. 慈城江口", "call_short": "G7900 S50 .J3", "call_num": "G7900 S50 .J3 SHEET E3-7R", "recid": "ws523qc5749", "websiteUrl": "https://purl.stanford.edu/ws523qc5749", "title": "[朝鮮五万分一地形圖]", "ckey": 9585328, "available": true, "iiifUrl": "https://purl.stanford.edu/ws523qc5749/iiif/manifest" }, "geometry": { "type": "Polygon", "coordinates": [ [ [ 126.5, 41.4999998 ], [ 126.75, 41.4999998 ], [ 126.75, 41.6666665 ], [ 126.5, 41.6666665 ], [ 126.5, 41.4999998 ] ] ] } },
{ "type": "Feature", "properties": { "Id": 0, "Sheet_ID": "慈城 3R. 晩興洞", "label": "慈城 3R. 晩興洞", "call_short": "G7900 S50 .J3", "call_num": "G7900 S50 .J3 SHEET E3-3R", "recid": "rm430fs2749", "websiteUrl": "https://purl.stanford.edu/rm430fs2749", "title": "[朝鮮五万分一地形圖]", "ckey": 9585328, "available": true, "iiifUrl": "https://purl.stanford.edu/rm430fs2749/iiif/manifest" }, "geometry": { "type": "Polygon", "coordinates": [ [ [ 126.75, 41.4999998 ], [ 127.0, 41.4999998 ], [ 127.0, 41.6666665 ], [ 126.75, 41.6666665 ], [ 126.75, 41.4999998 ] ] ] } },
{ "type": "Feature", "properties": { "Id": 0, "Sheet_ID": "慈城 6R. 土城洞", "label": "慈城 6R. 土城洞", "call_short": "G7900 S50 .J3", "call_num": "G7900 S50 .J3 SHEET E3-6R", "recid": "qr849cv4503", "websiteUrl": "https://purl.stanford.edu/qr849cv4503", "title": "[朝鮮五万分一地形圖]", "ckey": 9585328, "available": true, "iiifUrl": "https://purl.stanford.edu/qr849cv4503/iiif/manifest" }, "geometry": { "type": "Polygon", "coordinates": [ [ [ 126.5, 41.6666665 ], [ 126.75, 41.6666665 ], [ 126.75, 41.8333333 ], [ 126.5, 41.8333333 ], [ 126.5, 41.6666665 ] ] ] } },
{ "type": "Feature", "properties": { "Id": 0, "Sheet_ID": "慈城 2R. 中江鎮", "label": "慈城 2R. 中江鎮", "call_short": "G7900 S50 .J3", "call_num": "G7900 S50 .J3 SHEET E3-2R", "recid": "nw498ps6743", "websiteUrl": "https://purl.stanford.edu/nw498ps6743", "title": "[朝鮮五万分一地形圖]", "ckey": 9585328, "available": true, "iiifUrl": "https://purl.stanford.edu/nw498ps6743/iiif/manifest" }, "geometry": { "type": "Polygon", "coordinates": [ [ [ 126.75, 41.6666665 ], [ 127.0, 41.6666665 ], [ 127.0, 41.8333333 ], [ 126.75, 41.8333333 ], [ 126.75, 41.6666665 ] ] ] } },
{ "type": "Feature", "properties": { "Id": 0, "Sheet_ID": "江界 16R. 漢場", "label": "江界 16R. 漢場", "call_short": "G7900 S50 .J3", "call_num": "G7900 S50 .J3 SHEET E4-16R", "recid": "bp258my5876", "websiteUrl": "https://purl.stanford.edu/bp258my5876", "title": "[朝鮮五万分一地形圖]", "ckey": 9585328, "available": true, "iiifUrl": "https://purl.stanford.edu/bp258my5876/iiif/manifest" }, "geometry": { "type": "Polygon", "coordinates": [ [ [ 126.0, 40.666667 ], [ 126.25, 40.666667 ], [ 126.25, 40.8333335 ], [ 126.0, 40.8333335 ], [ 126.0, 40.666667 ] ] ] } },
{ "type": "Feature", "properties": { "Id": 0, "Sheet_ID": "江界 12. 前川", "label": "江界 12. 前川", "call_short": "G7900 S50 .J3", "call_num": "G7900 S50 .J3 SHEET E4-12", "recid": "kt407dy4367", "websiteUrl": "https://purl.stanford.edu/kt407dy4367", "title": "[朝鮮五万分一地形圖]", "ckey": 9585328, "available": true, "iiifUrl": "https://purl.stanford.edu/kt407dy4367/iiif/manifest" }, "geometry": { "type": "Polygon", "coordinates": [ [ [ 126.25, 40.666667 ], [ 126.5, 40.666667 ], [ 126.5, 40.8333335 ], [ 126.25, 40.8333335 ], [ 126.25, 40.666667 ] ] ] } },
{ "type": "Feature", "properties": { "Id": 0, "Sheet_ID": "江界 8. 別河里", "label": "江界 8. 別河里", "call_short": "G7900 S50 .J3", "call_num": "G7900 S50 .J3 SHEET E4-8", "recid": "rg497jg9686", "websiteUrl": "https://purl.stanford.edu/rg497jg9686", "title": "[朝鮮五万分一地形圖]", "ckey": 9585328, "available": true, "iiifUrl": "https://purl.stanford.edu/rg497jg9686/iiif/manifest" }, "geometry": { "type": "Polygon", "coordinates": [ [ [ 126.5, 40.666667 ], [ 126.75, 40.666667 ], [ 126.75, 40.8333335 ], [ 126.5, 40.8333335 ], [ 126.5, 40.666667 ] ] ] } },
{ "type": "Feature", "properties": { "Id": 0, "Sheet_ID": "江界 4R. 猛扶山", "label": "江界 4R. 猛扶山", "call_short": "G7900 S50 .J3", "call_num": "G7900 S50 .J3 SHEET E4-4R", "recid": "wx241px0696", "websiteUrl": "https://purl.stanford.edu/wx241px0696", "title": "[朝鮮五万分一地形圖]", "ckey": 9585328, "available": true, "iiifUrl": "https://purl.stanford.edu/wx241px0696/iiif/manifest" }, "geometry": { "type": "Polygon", "coordinates": [ [ [ 126.75, 40.666667 ], [ 127.0, 40.666667 ], [ 127.0, 40.8333335 ], [ 126.75, 40.8333335 ], [ 126.75, 40.666667 ] ] ] } },
{ "type": "Feature", "properties": { "Id": 0, "Sheet_ID": "江界 15R. 渭原", "label": "江界 15R. 渭原", "call_short": "G7900 S50 .J3", "call_num": "G7900 S50 .J3 SHEET E4-15R", "recid": "yn386dn3319", "websiteUrl": "https://purl.stanford.edu/yn386dn3319", "title": "[朝鮮五万分一地形圖]", "ckey": 9585328, "available": true, "iiifUrl": "https://purl.stanford.edu/yn386dn3319/iiif/manifest" }, "geometry": { "type": "Polygon", "coordinates": [ [ [ 126.0, 40.8333335 ], [ 126.25, 40.8333335 ], [ 126.25, 41.0 ], [ 126.0, 41.0 ], [ 126.0, 40.8333335 ] ] ] } },
{ "type": "Feature", "properties": { "Id": 0, "Sheet_ID": "江界 11. 豐龍洞", "label": "江界 11. 豐龍洞", "call_short": "G7900 S50 .J3", "call_num": "G7900 S50 .J3 SHEET E4-11", "recid": "sz992mz6860", "websiteUrl": "https://purl.stanford.edu/sz992mz6860", "title": "[朝鮮五万分一地形圖]", "ckey": 9585328, "available": true, "iiifUrl": "https://purl.stanford.edu/sz992mz6860/iiif/manifest" }, "geometry": { "type": "Polygon", "coordinates": [ [ [ 126.25, 40.8333335 ], [ 126.5, 40.8333335 ], [ 126.5, 41.0 ], [ 126.25, 41.0 ], [ 126.25, 40.8333335 ] ] ] } },
{ "type": "Feature", "properties": { "Id": 0, "Sheet_ID": "江界 7. 江界", "label": "江界 7. 江界", "call_short": "G7900 S50 .J3", "call_num": "G7900 S50 .J3 SHEET E4-7", "recid": "rw775gw1891", "websiteUrl": "https://purl.stanford.edu/rw775gw1891", "title": "[朝鮮五万分一地形圖]", "ckey": 9585328, "available": true, "iiifUrl": "https://purl.stanford.edu/rw775gw1891/iiif/manifest" }, "geometry": { "type": "Polygon", "coordinates": [ [ [ 126.5, 40.8333335 ], [ 126.75, 40.8333335 ], [ 126.75, 41.0 ], [ 126.5, 41.0 ], [ 126.5, 40.8333335 ] ] ] } },
{ "type": "Feature", "properties": { "Id": 0, "Sheet_ID": "江界 3R. 牙得嶺", "label": "江界 3R. 牙得嶺", "call_short": "G7900 S50 .J3", "call_num": "G7900 S50 .J3 SHEET E4-3R", "recid": "xd752yd0406", "websiteUrl": "https://purl.stanford.edu/xd752yd0406", "title": "[朝鮮五万分一地形圖]", "ckey": 9585328, "available": true, "iiifUrl": "https://purl.stanford.edu/xd752yd0406/iiif/manifest" }, "geometry": { "type": "Polygon", "coordinates": [ [ [ 126.75, 40.8333335 ], [ 127.0, 40.8333335 ], [ 127.0, 41.0 ], [ 126.75, 41.0 ], [ 126.75, 40.8333335 ] ] ] } },
{ "type": "Feature", "properties": { "Id": 0, "Sheet_ID": "江界 14. 高山鎭", "label": "江界 14. 高山鎭", "call_short": "G7900 S50 .J3", "call_num": "G7900 S50 .J3 SHEET E4-14", "recid": "gj348cn8138", "websiteUrl": "https://purl.stanford.edu/gj348cn8138", "title": "[朝鮮五万分一地形圖]", "ckey": 9585328, "available": true, "iiifUrl": "https://purl.stanford.edu/gj348cn8138/iiif/manifest" }, "geometry": { "type": "Polygon", "coordinates": [ [ [ 126.0, 41.0 ], [ 126.25, 41.0 ], [ 126.25, 41.1666665 ], [ 126.0, 41.1666665 ], [ 126.0, 41.0 ] ] ] } },
{ "type": "Feature", "properties": { "Id": 0, "Sheet_ID": "江界 10. 滿浦鎭", "label": "江界 10. 滿浦鎭", "call_short": "G7900 S50 .J3", "call_num": "G7900 S50 .J3 SHEET E4-10", "recid": "kp213mx1032", "websiteUrl": "https://purl.stanford.edu/kp213mx1032", "title": "[朝鮮五万分一地形圖]", "ckey": 9585328, "available": true, "iiifUrl": "https://purl.stanford.edu/kp213mx1032/iiif/manifest" }, "geometry": { "type": "Polygon", "coordinates": [ [ [ 126.25, 41.0 ], [ 126.5, 41.0 ], [ 126.5, 41.1666665 ], [ 126.25, 41.1666665 ], [ 126.25, 41.0 ] ] ] } },
{ "type": "Feature", "properties": { "Id": 0, "Sheet_ID": "江界 6R. 酒幕巨里", "label": "江界 6R. 酒幕巨里", "call_short": "G7900 S50 .J3", "call_num": "G7900 S50 .J3 SHEET E4-6R", "recid": "vg535mt8633", "websiteUrl": "https://purl.stanford.edu/vg535mt8633", "title": "[朝鮮五万分一地形圖]", "ckey": 9585328, "available": true, "iiifUrl": "https://purl.stanford.edu/vg535mt8633/iiif/manifest" }, "geometry": { "type": "Polygon", "coordinates": [ [ [ 126.5, 41.0 ], [ 126.75, 41.0 ], [ 126.75, 41.1666665 ], [ 126.5, 41.1666665 ], [ 126.5, 41.0 ] ] ] } },
{ "type": "Feature", "properties": { "Id": 0, "Sheet_ID": "江界 2R. 院坪洞", "label": "江界 2R. 院坪洞", "call_short": "G7900 S50 .J3", "call_num": "G7900 S50 .J3 SHEET E4-2R", "recid": "wr297sq1419", "websiteUrl": "https://purl.stanford.edu/wr297sq1419", "title": "[朝鮮五万分一地形圖]", "ckey": 9585328, "available": true, "iiifUrl": "https://purl.stanford.edu/wr297sq1419/iiif/manifest" }, "geometry": { "type": "Polygon", "coordinates": [ [ [ 126.75, 41.0 ], [ 127.0, 41.0 ], [ 127.0, 41.1666665 ], [ 126.75, 41.1666665 ], [ 126.75, 41.0 ] ] ] } },
{ "type": "Feature", "properties": { "Id": 0, "Sheet_ID": "江界 9. 煙浦洞", "label": "江界 9. 煙浦洞", "call_short": "G7900 S50 .J3", "call_num": "G7900 S50 .J3 SHEET E4-9", "recid": "qf016nn3151", "websiteUrl": "https://purl.stanford.edu/qf016nn3151", "title": "[朝鮮五万分一地形圖]", "ckey": 9585328, "available": true, "iiifUrl": "https://purl.stanford.edu/qf016nn3151/iiif/manifest" }, "geometry": { "type": "Polygon", "coordinates": [ [ [ 126.25, 41.1666665 ], [ 126.5, 41.1666665 ], [ 126.5, 41.333333 ], [ 126.25, 41.333333 ], [ 126.25, 41.1666665 ] ] ] } },
{ "type": "Feature", "properties": { "Id": 0, "Sheet_ID": "江界 5R. 從浦鎮", "label": "江界 5R. 從浦鎮", "call_short": "G7900 S50 .J3", "call_num": "G7900 S50 .J3 SHEET E4-5R", "recid": "bb624gz0574", "websiteUrl": "https://purl.stanford.edu/bb624gz0574", "title": "[朝鮮五万分一地形圖]", "ckey": 9585328, "available": true, "iiifUrl": "https://purl.stanford.edu/bb624gz0574/iiif/manifest" }, "geometry": { "type": "Polygon", "coordinates": [ [ [ 126.5, 41.1666665 ], [ 126.75, 41.1666665 ], [ 126.75, 41.333333 ], [ 126.5, 41.333333 ], [ 126.5, 41.1666665 ] ] ] } },
{ "type": "Feature", "properties": { "Id": 0, "Sheet_ID": "江界 1R. 和坪", "label": "江界 1R. 和坪", "call_short": "G7900 S50 .J3", "call_num": "G7900 S50 .J3 SHEET E4-1R", "recid": "xy425dp7913", "websiteUrl": "https://purl.stanford.edu/xy425dp7913", "title": "[朝鮮五万分一地形圖]", "ckey": 9585328, "available": true, "iiifUrl": "https://purl.stanford.edu/xy425dp7913/iiif/manifest" }, "geometry": { "type": "Polygon", "coordinates": [ [ [ 126.75, 41.1666665 ], [ 127.0, 41.1666665 ], [ 127.0, 41.333333 ], [ 126.75, 41.333333 ], [ 126.75, 41.1666665 ] ] ] } },
{ "type": "Feature", "properties": { "Id": 0, "Sheet_ID": "江界 7R. 江界", "label": "江界 7R. 江界", "call_short": "G7900 S50 .J3", "call_num": "G7900 S50 .J3 SHEET E4-7R", "recid": "mf511jx3183", "websiteUrl": "https://purl.stanford.edu/mf511jx3183", "title": "[朝鮮五万分一地形圖]", "ckey": 9585328, "available": true, "iiifUrl": "https://purl.stanford.edu/mf511jx3183/iiif/manifest" }, "geometry": { "type": "Polygon", "coordinates": [ [ [ 126.5, 40.8333335 ], [ 126.75, 40.8333335 ], [ 126.75, 41.0 ], [ 126.5, 41.0 ], [ 126.5, 40.8333335 ] ] ] } },
{ "type": "Feature", "properties": { "Id": 0, "Sheet_ID": "江界 8R. 別河里", "label": "江界 8R. 別河里", "call_short": "G7900 S50 .J3", "call_num": "G7900 S50 .J3 SHEET E4-8R", "recid": "qr624kp1311", "websiteUrl": "https://purl.stanford.edu/qr624kp1311", "title": "[朝鮮五万分一地形圖]", "ckey": 9585328, "available": true, "iiifUrl": "https://purl.stanford.edu/qr624kp1311/iiif/manifest" }, "geometry": { "type": "Polygon", "coordinates": [ [ [ 126.5, 40.666667 ], [ 126.75, 40.666667 ], [ 126.75, 40.8333335 ], [ 126.5, 40.8333335 ], [ 126.5, 40.666667 ] ] ] } },
{ "type": "Feature", "properties": { "Id": 0, "Sheet_ID": "江界 9R. 煙浦洞", "label": "江界 9R. 煙浦洞", "call_short": "G7900 S50 .J3", "call_num": "G7900 S50 .J3 SHEET E4-9R", "recid": "zg089bb1146", "websiteUrl": "https://purl.stanford.edu/zg089bb1146", "title": "[朝鮮五万分一地形圖]", "ckey": 9585328, "available": true, "iiifUrl": "https://purl.stanford.edu/zg089bb1146/iiif/manifest" }, "geometry": { "type": "Polygon", "coordinates": [ [ [ 126.25, 41.1666665 ], [ 126.5, 41.1666665 ], [ 126.5, 41.333333 ], [ 126.25, 41.333333 ], [ 126.25, 41.1666665 ] ] ] } },
{ "type": "Feature", "properties": { "Id": 0, "Sheet_ID": "江界 10R. 滿浦鎭", "label": "江界 10R. 滿浦鎭", "call_short": "G7900 S50 .J3", "call_num": "G7900 S50 .J3 SHEET E4-10R", "recid": "xf791kn5325", "websiteUrl": "https://purl.stanford.edu/xf791kn5325", "title": "[朝鮮五万分一地形圖]", "ckey": 9585328, "available": true, "iiifUrl": "https://purl.stanford.edu/xf791kn5325/iiif/manifest" }, "geometry": { "type": "Polygon", "coordinates": [ [ [ 126.25, 41.0 ], [ 126.5, 41.0 ], [ 126.5, 41.1666665 ], [ 126.25, 41.1666665 ], [ 126.25, 41.0 ] ] ] } },
{ "type": "Feature", "properties": { "Id": 0, "Sheet_ID": "江界 11R. 豐龍洞", "label": "江界 11R. 豐龍洞", "call_short": "G7900 S50 .J3", "call_num": "G7900 S50 .J3 SHEET E4-11R", "recid": "fh376mw7535", "websiteUrl": "https://purl.stanford.edu/fh376mw7535", "title": "[朝鮮五万分一地形圖]", "ckey": 9585328, "available": true, "iiifUrl": "https://purl.stanford.edu/fh376mw7535/iiif/manifest" }, "geometry": { "type": "Polygon", "coordinates": [ [ [ 126.25, 40.8333335 ], [ 126.5, 40.8333335 ], [ 126.5, 41.0 ], [ 126.25, 41.0 ], [ 126.25, 40.8333335 ] ] ] } },
{ "type": "Feature", "properties": { "Id": 0, "Sheet_ID": "江界 12R. 前川", "label": "江界 12R. 前川", "call_short": "G7900 S50 .J3", "call_num": "G7900 S50 .J3 SHEET E4-12R", "recid": "jp692cr7918", "websiteUrl": "https://purl.stanford.edu/jp692cr7918", "title": "[朝鮮五万分一地形圖]", "ckey": 9585328, "available": true, "iiifUrl": "https://purl.stanford.edu/jp692cr7918/iiif/manifest" }, "geometry": { "type": "Polygon", "coordinates": [ [ [ 126.25, 40.666667 ], [ 126.5, 40.666667 ], [ 126.5, 40.8333335 ], [ 126.25, 40.8333335 ], [ 126.25, 40.666667 ] ] ] } },
{ "type": "Feature", "properties": { "Id": 0, "Sheet_ID": "江界 14R. 高山鎭", "label": "江界 14R. 高山鎭", "call_short": "G7900 S50 .J3", "call_num": "G7900 S50 .J3 SHEET E4-14R", "recid": "gy373xg2773", "websiteUrl": "https://purl.stanford.edu/gy373xg2773", "title": "[朝鮮五万分一地形圖]", "ckey": 9585328, "available": true, "iiifUrl": "https://purl.stanford.edu/gy373xg2773/iiif/manifest" }, "geometry": { "type": "Polygon", "coordinates": [ [ [ 126.0, 41.0 ], [ 126.25, 41.0 ], [ 126.25, 41.1666665 ], [ 126.0, 41.1666665 ], [ 126.0, 41.0 ] ] ] } },
{ "type": "Feature", "properties": { "Id": 0, "Sheet_ID": "熙川 16R. 舘上洞", "label": "熙川 16R. 舘上洞", "call_short": "G7900 S50 .J3", "call_num": "G7900 S50 .J3 SHEET E5-16R", "recid": "zx545jd0797", "websiteUrl": "https://purl.stanford.edu/zx545jd0797", "title": "[朝鮮五万分一地形圖]", "ckey": 9585328, "available": true, "iiifUrl": "https://purl.stanford.edu/zx545jd0797/iiif/manifest" }, "geometry": { "type": "Polygon", "coordinates": [ [ [ 126.0, 40.0 ], [ 126.25, 40.0 ], [ 126.25, 40.1666667 ], [ 126.0, 40.1666667 ], [ 126.0, 40.0 ] ] ] } },
{ "type": "Feature", "properties": { "Id": 0, "Sheet_ID": "熙川 12. 安突", "label": "熙川 12. 安突", "call_short": "G7900 S50 .J3", "call_num": "G7900 S50 .J3 SHEET E5-12", "recid": "nk066jb9486", "websiteUrl": "https://purl.stanford.edu/nk066jb9486", "title": "[朝鮮五万分一地形圖]", "ckey": 9585328, "available": true, "iiifUrl": "https://purl.stanford.edu/nk066jb9486/iiif/manifest" }, "geometry": { "type": "Polygon", "coordinates": [ [ [ 126.25, 40.0 ], [ 126.5, 40.0 ], [ 126.5, 40.1666667 ], [ 126.25, 40.1666667 ], [ 126.25, 40.0 ] ] ] } },
{ "type": "Feature", "properties": { "Id": 0, "Sheet_ID": "熙川 8. 舊倉", "label": "熙川 8. 舊倉", "call_short": "G7900 S50 .J3", "call_num": "G7900 S50 .J3 SHEET E5-8", "recid": "tc201qp1701", "websiteUrl": "https://purl.stanford.edu/tc201qp1701", "title": "[朝鮮五万分一地形圖]", "ckey": 9585328, "available": true, "iiifUrl": "https://purl.stanford.edu/tc201qp1701/iiif/manifest" }, "geometry": { "type": "Polygon", "coordinates": [ [ [ 126.5, 40.0 ], [ 126.75, 40.0 ], [ 126.75, 40.1666667 ], [ 126.5, 40.1666667 ], [ 126.5, 40.0 ] ] ] } },
{ "type": "Feature", "properties": { "Id": 0, "Sheet_ID": "熙川 4. 社倉", "label": "熙川 4. 社倉", "call_short": "G7900 S50 .J3", "call_num": "G7900 S50 .J3 SHEET E5-4", "recid": "tz390xw5495", "websiteUrl": "https://purl.stanford.edu/tz390xw5495", "title": "[朝鮮五万分一地形圖]", "ckey": 9585328, "available": true, "iiifUrl": "https://purl.stanford.edu/tz390xw5495/iiif/manifest" }, "geometry": { "type": "Polygon", "coordinates": [ [ [ 126.75, 40.0 ], [ 127.0, 40.0 ], [ 127.0, 40.1666667 ], [ 126.75, 40.1666667 ], [ 126.75, 40.0 ] ] ] } },
{ "type": "Feature", "properties": { "Id": 0, "Sheet_ID": "熙川 15. 平院洞", "label": "熙川 15. 平院洞", "call_short": "G7900 S50 .J3", "call_num": "G7900 S50 .J3 SHEET E5-15", "recid": "xj594qk6781", "websiteUrl": "https://purl.stanford.edu/xj594qk6781", "title": "[朝鮮五万分一地形圖]", "ckey": 9585328, "available": true, "iiifUrl": "https://purl.stanford.edu/xj594qk6781/iiif/manifest" }, "geometry": { "type": "Polygon", "coordinates": [ [ [ 126.0, 40.1666667 ], [ 126.25, 40.1666667 ], [ 126.25, 40.3333335 ], [ 126.0, 40.3333335 ], [ 126.0, 40.1666667 ] ] ] } },
{ "type": "Feature", "properties": { "Id": 0, "Sheet_ID": "熙川 11. 煕川", "label": "熙川 11. 煕川", "call_short": "G7900 S50 .J3", "call_num": "G7900 S50 .J3 SHEET E5-11", "recid": "wh346tr9575", "websiteUrl": "https://purl.stanford.edu/wh346tr9575", "title": "[朝鮮五万分一地形圖]", "ckey": 9585328, "available": true, "iiifUrl": "https://purl.stanford.edu/wh346tr9575/iiif/manifest" }, "geometry": { "type": "Polygon", "coordinates": [ [ [ 126.25, 40.1666667 ], [ 126.5, 40.1666667 ], [ 126.5, 40.3333335 ], [ 126.25, 40.3333335 ], [ 126.25, 40.1666667 ] ] ] } },
{ "type": "Feature", "properties": { "Id": 0, "Sheet_ID": "熙川 7R. 柔院鎭", "label": "熙川 7R. 柔院鎭", "call_short": "G7900 S50 .J3", "call_num": "G7900 S50 .J3 SHEET E5-7R", "recid": "qp618mq2816", "websiteUrl": "https://purl.stanford.edu/qp618mq2816", "title": "[朝鮮五万分一地形圖]", "ckey": 9585328, "available": true, "iiifUrl": "https://purl.stanford.edu/qp618mq2816/iiif/manifest" }, "geometry": { "type": "Polygon", "coordinates": [ [ [ 126.5, 40.1666667 ], [ 126.75, 40.1666667 ], [ 126.75, 40.3333335 ], [ 126.5, 40.3333335 ], [ 126.5, 40.1666667 ] ] ] } },
{ "type": "Feature", "properties": { "Id": 0, "Sheet_ID": "熙川 3. 倉里", "label": "熙川 3. 倉里", "call_short": "G7900 S50 .J3", "call_num": "G7900 S50 .J3 SHEET E5-3", "recid": "yr581gs7243", "websiteUrl": "https://purl.stanford.edu/yr581gs7243", "title": "[朝鮮五万分一地形圖]", "ckey": 9585328, "available": true, "iiifUrl": "https://purl.stanford.edu/yr581gs7243/iiif/manifest" }, "geometry": { "type": "Polygon", "coordinates": [ [ [ 126.75, 40.1666667 ], [ 127.0, 40.1666667 ], [ 127.0, 40.3333335 ], [ 126.75, 40.3333335 ], [ 126.75, 40.1666667 ] ] ] } },
{ "type": "Feature", "properties": { "Id": 0, "Sheet_ID": "熙川 14. 檜木洞", "label": "熙川 14. 檜木洞", "call_short": "G7900 S50 .J3", "call_num": "G7900 S50 .J3 SHEET E5-14", "recid": "jn834cz2468", "websiteUrl": "https://purl.stanford.edu/jn834cz2468", "title": "[朝鮮五万分一地形圖]", "ckey": 9585328, "available": true, "iiifUrl": "https://purl.stanford.edu/jn834cz2468/iiif/manifest" }, "geometry": { "type": "Polygon", "coordinates": [ [ [ 126.0, 40.3333335 ], [ 126.25, 40.3333335 ], [ 126.25, 40.5000002 ], [ 126.0, 40.5000002 ], [ 126.0, 40.3333335 ] ] ] } },
{ "type": "Feature", "properties": { "Id": 0, "Sheet_ID": "熙川 10. 白山", "label": "熙川 10. 白山", "call_short": "G7900 S50 .J3", "call_num": "G7900 S50 .J3 SHEET E5-10", "recid": "rh421bj5644", "websiteUrl": "https://purl.stanford.edu/rh421bj5644", "title": "[朝鮮五万分一地形圖]", "ckey": 9585328, "available": true, "iiifUrl": "https://purl.stanford.edu/rh421bj5644/iiif/manifest" }, "geometry": { "type": "Polygon", "coordinates": [ [ [ 126.25, 40.3333335 ], [ 126.5, 40.3333335 ], [ 126.5, 40.5000002 ], [ 126.25, 40.5000002 ], [ 126.25, 40.3333335 ] ] ] } },
{ "type": "Feature", "properties": { "Id": 0, "Sheet_ID": "熙川 6. 載陽洞", "label": "熙川 6. 載陽洞", "call_short": "G7900 S50 .J3", "call_num": "G7900 S50 .J3 SHEET E5-6", "recid": "rd912xx9646", "websiteUrl": "https://purl.stanford.edu/rd912xx9646", "title": "[朝鮮五万分一地形圖]", "ckey": 9585328, "available": true, "iiifUrl": "https://purl.stanford.edu/rd912xx9646/iiif/manifest" }, "geometry": { "type": "Polygon", "coordinates": [ [ [ 126.5, 40.3333335 ], [ 126.75, 40.3333335 ], [ 126.75, 40.5000002 ], [ 126.5, 40.5000002 ], [ 126.5, 40.3333335 ] ] ] } },
{ "type": "Feature", "properties": { "Id": 0, "Sheet_ID": "熙川 2.  南興洞", "label": "熙川 2.  南興洞", "call_short": "G7900 S50 .J3", "call_num": "G7900 S50 .J3 SHEET E5-2", "recid": "sj312dq4194", "websiteUrl": "https://purl.stanford.edu/sj312dq4194", "title": "[朝鮮五万分一地形圖]", "ckey": 9585328, "available": true, "iiifUrl": "https://purl.stanford.edu/sj312dq4194/iiif/manifest" }, "geometry": { "type": "Polygon", "coordinates": [ [ [ 126.75, 40.3333335 ], [ 127.0, 40.3333335 ], [ 127.0, 40.5000002 ], [ 126.75, 40.5000002 ], [ 126.75, 40.3333335 ] ] ] } },
{ "type": "Feature", "properties": { "Id": 0, "Sheet_ID": "熙川 13. 大水洞", "label": "熙川 13. 大水洞", "call_short": "G7900 S50 .J3", "call_num": "G7900 S50 .J3 SHEET E5-13", "recid": "hr149kc4359", "websiteUrl": "https://purl.stanford.edu/hr149kc4359", "title": "[朝鮮五万分一地形圖]", "ckey": 9585328, "available": true, "iiifUrl": "https://purl.stanford.edu/hr149kc4359/iiif/manifest" }, "geometry": { "type": "Polygon", "coordinates": [ [ [ 126.0, 40.5000002 ], [ 126.25, 40.5000002 ], [ 126.25, 40.666667 ], [ 126.0, 40.666667 ], [ 126.0, 40.5000002 ] ] ] } },
{ "type": "Feature", "properties": { "Id": 0, "Sheet_ID": "熙川 9. 梨滿洞", "label": "熙川 9. 梨滿洞", "call_short": "G7900 S50 .J3", "call_num": "G7900 S50 .J3 SHEET E5-9", "recid": "qd917vj3944", "websiteUrl": "https://purl.stanford.edu/qd917vj3944", "title": "[朝鮮五万分一地形圖]", "ckey": 9585328, "available": true, "iiifUrl": "https://purl.stanford.edu/qd917vj3944/iiif/manifest" }, "geometry": { "type": "Polygon", "coordinates": [ [ [ 126.25, 40.5000002 ], [ 126.5, 40.5000002 ], [ 126.5, 40.666667 ], [ 126.25, 40.666667 ], [ 126.25, 40.5000002 ] ] ] } },
{ "type": "Feature", "properties": { "Id": 0, "Sheet_ID": "熙川 5. 平南鎭", "label": "熙川 5. 平南鎭", "call_short": "G7900 S50 .J3", "call_num": "G7900 S50 .J3 SHEET E5-5", "recid": "zj633jf3878", "websiteUrl": "https://purl.stanford.edu/zj633jf3878", "title": "[朝鮮五万分一地形圖]", "ckey": 9585328, "available": true, "iiifUrl": "https://purl.stanford.edu/zj633jf3878/iiif/manifest" }, "geometry": { "type": "Polygon", "coordinates": [ [ [ 126.5, 40.5000002 ], [ 126.75, 40.5000002 ], [ 126.75, 40.666667 ], [ 126.5, 40.666667 ], [ 126.5, 40.5000002 ] ] ] } },
{ "type": "Feature", "properties": { "Id": 0, "Sheet_ID": "熙川 1R. 厚地洞", "label": "熙川 1R. 厚地洞", "call_short": "G7900 S50 .J3", "call_num": "G7900 S50 .J3 SHEET E5-1R", "recid": "mw638ms2266", "websiteUrl": "https://purl.stanford.edu/mw638ms2266", "title": "[朝鮮五万分一地形圖]", "ckey": 9585328, "available": true, "iiifUrl": "https://purl.stanford.edu/mw638ms2266/iiif/manifest" }, "geometry": { "type": "Polygon", "coordinates": [ [ [ 126.75, 40.5000002 ], [ 127.0, 40.5000002 ], [ 127.0, 40.666667 ], [ 126.75, 40.666667 ], [ 126.75, 40.5000002 ] ] ] } },
{ "type": "Feature", "properties": { "Id": 0, "Sheet_ID": "熙川 2R.  南興洞", "label": "熙川 2R.  南興洞", "call_short": "G7900 S50 .J3", "call_num": "G7900 S50 .J3 SHEET E5-2R", "recid": "bf834yf7024", "websiteUrl": "https://purl.stanford.edu/bf834yf7024", "title": "[朝鮮五万分一地形圖]", "ckey": 9585328, "available": true, "iiifUrl": "https://purl.stanford.edu/bf834yf7024/iiif/manifest" }, "geometry": { "type": "Polygon", "coordinates": [ [ [ 126.75, 40.3333335 ], [ 127.0, 40.3333335 ], [ 127.0, 40.5000003 ], [ 126.75, 40.5000003 ], [ 126.75, 40.3333335 ] ] ] } },
{ "type": "Feature", "properties": { "Id": 0, "Sheet_ID": "熙川 3R. 倉里", "label": "熙川 3R. 倉里", "call_short": "G7900 S50 .J3", "call_num": "G7900 S50 .J3 SHEET E5-3R", "recid": "hr095kw0248", "websiteUrl": "https://purl.stanford.edu/hr095kw0248", "title": "[朝鮮五万分一地形圖]", "ckey": 9585328, "available": true, "iiifUrl": "https://purl.stanford.edu/hr095kw0248/iiif/manifest" }, "geometry": { "type": "Polygon", "coordinates": [ [ [ 126.75, 40.1666667 ], [ 127.0, 40.1666667 ], [ 127.0, 40.3333335 ], [ 126.75, 40.3333335 ], [ 126.75, 40.1666667 ] ] ] } },
{ "type": "Feature", "properties": { "Id": 0, "Sheet_ID": "熙川 4R. 社倉", "label": "熙川 4R. 社倉", "call_short": "G7900 S50 .J3", "call_num": "G7900 S50 .J3 SHEET E5-4R", "recid": "vq379ms7500", "websiteUrl": "https://purl.stanford.edu/vq379ms7500", "title": "[朝鮮五万分一地形圖]", "ckey": 9585328, "available": true, "iiifUrl": "https://purl.stanford.edu/vq379ms7500/iiif/manifest" }, "geometry": { "type": "Polygon", "coordinates": [ [ [ 126.75, 40.0 ], [ 127.0, 40.0 ], [ 127.0, 40.1666667 ], [ 126.75, 40.1666667 ], [ 126.75, 40.0 ] ] ] } },
{ "type": "Feature", "properties": { "Id": 0, "Sheet_ID": "熙川 5R. 平南鎭", "label": "熙川 5R. 平南鎭", "call_short": "G7900 S50 .J3", "call_num": "G7900 S50 .J3 SHEET E5-5R", "recid": "wp603ss2545", "websiteUrl": "https://purl.stanford.edu/wp603ss2545", "title": "[朝鮮五万分一地形圖]", "ckey": 9585328, "available": true, "iiifUrl": "https://purl.stanford.edu/wp603ss2545/iiif/manifest" }, "geometry": { "type": "Polygon", "coordinates": [ [ [ 126.5, 40.5000003 ], [ 126.75, 40.5000003 ], [ 126.75, 40.666667 ], [ 126.5, 40.666667 ], [ 126.5, 40.5000003 ] ] ] } },
{ "type": "Feature", "properties": { "Id": 0, "Sheet_ID": "熙川 6R. 載陽洞", "label": "熙川 6R. 載陽洞", "call_short": "G7900 S50 .J3", "call_num": "G7900 S50 .J3 SHEET E5-6R", "recid": "qp435fb5181", "websiteUrl": "https://purl.stanford.edu/qp435fb5181", "title": "[朝鮮五万分一地形圖]", "ckey": 9585328, "available": true, "iiifUrl": "https://purl.stanford.edu/qp435fb5181/iiif/manifest" }, "geometry": { "type": "Polygon", "coordinates": [ [ [ 126.5, 40.3333335 ], [ 126.75, 40.3333335 ], [ 126.75, 40.5000003 ], [ 126.5, 40.5000003 ], [ 126.5, 40.3333335 ] ] ] } },
{ "type": "Feature", "properties": { "Id": 0, "Sheet_ID": "熙川 8R. 舊倉", "label": "熙川 8R. 舊倉", "call_short": "G7900 S50 .J3", "call_num": "G7900 S50 .J3 SHEET E5-8R", "recid": "rg728dn7186", "websiteUrl": "https://purl.stanford.edu/rg728dn7186", "title": "[朝鮮五万分一地形圖]", "ckey": 9585328, "available": true, "iiifUrl": "https://purl.stanford.edu/rg728dn7186/iiif/manifest" }, "geometry": { "type": "Polygon", "coordinates": [ [ [ 126.5, 40.0 ], [ 126.75, 40.0 ], [ 126.75, 40.1666667 ], [ 126.5, 40.1666667 ], [ 126.5, 40.0 ] ] ] } },
{ "type": "Feature", "properties": { "Id": 0, "Sheet_ID": "熙川 9R. 梨滿洞", "label": "熙川 9R. 梨滿洞", "call_short": "G7900 S50 .J3", "call_num": "G7900 S50 .J3 SHEET E5-9R", "recid": "gk487gz6177", "websiteUrl": "https://purl.stanford.edu/gk487gz6177", "title": "[朝鮮五万分一地形圖]", "ckey": 9585328, "available": true, "iiifUrl": "https://purl.stanford.edu/gk487gz6177/iiif/manifest" }, "geometry": { "type": "Polygon", "coordinates": [ [ [ 126.25, 40.5000003 ], [ 126.5, 40.5000003 ], [ 126.5, 40.666667 ], [ 126.25, 40.666667 ], [ 126.25, 40.5000003 ] ] ] } },
{ "type": "Feature", "properties": { "Id": 0, "Sheet_ID": "熙川 10R. 白山", "label": "熙川 10R. 白山", "call_short": "G7900 S50 .J3", "call_num": "G7900 S50 .J3 SHEET E5-10R", "recid": "rh736ss6824", "websiteUrl": "https://purl.stanford.edu/rh736ss6824", "title": "[朝鮮五万分一地形圖]", "ckey": 9585328, "available": true, "iiifUrl": "https://purl.stanford.edu/rh736ss6824/iiif/manifest" }, "geometry": { "type": "Polygon", "coordinates": [ [ [ 126.25, 40.3333335 ], [ 126.5, 40.3333335 ], [ 126.5, 40.5000003 ], [ 126.25, 40.5000003 ], [ 126.25, 40.3333335 ] ] ] } },
{ "type": "Feature", "properties": { "Id": 0, "Sheet_ID": "熙川 11R. 煕川", "label": "熙川 11R. 煕川", "call_short": "G7900 S50 .J3", "call_num": "G7900 S50 .J3 SHEET E5-11R", "recid": "kc074qq9425", "websiteUrl": "https://purl.stanford.edu/kc074qq9425", "title": "[朝鮮五万分一地形圖]", "ckey": 9585328, "available": true, "iiifUrl": "https://purl.stanford.edu/kc074qq9425/iiif/manifest" }, "geometry": { "type": "Polygon", "coordinates": [ [ [ 126.25, 40.1666667 ], [ 126.5, 40.1666667 ], [ 126.5, 40.3333335 ], [ 126.25, 40.3333335 ], [ 126.25, 40.1666667 ] ] ] } },
{ "type": "Feature", "properties": { "Id": 0, "Sheet_ID": "熙川 12R. 安突", "label": "熙川 12R. 安突", "call_short": "G7900 S50 .J3", "call_num": "G7900 S50 .J3 SHEET E5-12R", "recid": "wh217cg7371", "websiteUrl": "https://purl.stanford.edu/wh217cg7371", "title": "[朝鮮五万分一地形圖]", "ckey": 9585328, "available": true, "iiifUrl": "https://purl.stanford.edu/wh217cg7371/iiif/manifest" }, "geometry": { "type": "Polygon", "coordinates": [ [ [ 126.25, 40.0 ], [ 126.5, 40.0 ], [ 126.5, 40.1666667 ], [ 126.25, 40.1666667 ], [ 126.25, 40.0 ] ] ] } },
{ "type": "Feature", "properties": { "Id": 0, "Sheet_ID": "熙川 13R. 大水洞", "label": "熙川 13R. 大水洞", "call_short": "G7900 S50 .J3", "call_num": "G7900 S50 .J3 SHEET E5-13R", "recid": "rt331jd1275", "websiteUrl": "https://purl.stanford.edu/rt331jd1275", "title": "[朝鮮五万分一地形圖]", "ckey": 9585328, "available": true, "iiifUrl": "https://purl.stanford.edu/rt331jd1275/iiif/manifest" }, "geometry": { "type": "Polygon", "coordinates": [ [ [ 126.0, 40.5000003 ], [ 126.25, 40.5000003 ], [ 126.25, 40.666667 ], [ 126.0, 40.666667 ], [ 126.0, 40.5000003 ] ] ] } },
{ "type": "Feature", "properties": { "Id": 0, "Sheet_ID": "熙川 14R. 檜木洞", "label": "熙川 14R. 檜木洞", "call_short": "G7900 S50 .J3", "call_num": "G7900 S50 .J3 SHEET E5-14R", "recid": "kn736tr6816", "websiteUrl": "https://purl.stanford.edu/kn736tr6816", "title": "[朝鮮五万分一地形圖]", "ckey": 9585328, "available": true, "iiifUrl": "https://purl.stanford.edu/kn736tr6816/iiif/manifest" }, "geometry": { "type": "Polygon", "coordinates": [ [ [ 126.0, 40.3333335 ], [ 126.25, 40.3333335 ], [ 126.25, 40.5000003 ], [ 126.0, 40.5000003 ], [ 126.0, 40.3333335 ] ] ] } },
{ "type": "Feature", "properties": { "Id": 0, "Sheet_ID": "熙川 15R. 平院洞", "label": "熙川 15R. 平院洞", "call_short": "G7900 S50 .J3", "call_num": "G7900 S50 .J3 SHEET E5-15R", "recid": "xg464pd4958", "websiteUrl": "https://purl.stanford.edu/xg464pd4958", "title": "[朝鮮五万分一地形圖]", "ckey": 9585328, "available": true, "iiifUrl": "https://purl.stanford.edu/xg464pd4958/iiif/manifest" }, "geometry": { "type": "Polygon", "coordinates": [ [ [ 126.0, 40.1666667 ], [ 126.25, 40.1666667 ], [ 126.25, 40.3333335 ], [ 126.0, 40.3333335 ], [ 126.0, 40.1666667 ] ] ] } },
{ "type": "Feature", "properties": { "Id": 0, "Sheet_ID": "寧遠 16R. 殷山", "label": "寧遠 16R. 殷山", "call_short": "G7900 S50 .J3", "call_num": "G7900 S50 .J3 SHEET E6-16R", "recid": "hj326sr6786", "websiteUrl": "https://purl.stanford.edu/hj326sr6786", "title": "[朝鮮五万分一地形圖]", "ckey": 9585328, "available": true, "iiifUrl": "https://purl.stanford.edu/hj326sr6786/iiif/manifest" }, "geometry": { "type": "Polygon", "coordinates": [ [ [ 126.0, 39.333333 ], [ 126.25, 39.333333 ], [ 126.25, 39.4999998 ], [ 126.0, 39.4999998 ], [ 126.0, 39.333333 ] ] ] } },
{ "type": "Feature", "properties": { "Id": 0, "Sheet_ID": "寧遠 12R. 東倉", "label": "寧遠 12R. 東倉", "call_short": "G7900 S50 .J3", "call_num": "G7900 S50 .J3 SHEET E6-12R", "recid": "hx070ng7034", "websiteUrl": "https://purl.stanford.edu/hx070ng7034", "title": "[朝鮮五万分一地形圖]", "ckey": 9585328, "available": true, "iiifUrl": "https://purl.stanford.edu/hx070ng7034/iiif/manifest" }, "geometry": { "type": "Polygon", "coordinates": [ [ [ 126.25, 39.333333 ], [ 126.5, 39.333333 ], [ 126.5, 39.4999998 ], [ 126.25, 39.4999998 ], [ 126.25, 39.333333 ] ] ] } },
{ "type": "Feature", "properties": { "Id": 0, "Sheet_ID": "寧遠 8R. 土城", "label": "寧遠 8R. 土城", "call_short": "G7900 S50 .J3", "call_num": "G7900 S50 .J3 SHEET E6-8R", "recid": "yk300hp2007", "websiteUrl": "https://purl.stanford.edu/yk300hp2007", "title": "[朝鮮五万分一地形圖]", "ckey": 9585328, "available": true, "iiifUrl": "https://purl.stanford.edu/yk300hp2007/iiif/manifest" }, "geometry": { "type": "Polygon", "coordinates": [ [ [ 126.5, 39.333333 ], [ 126.75, 39.333333 ], [ 126.75, 39.4999998 ], [ 126.5, 39.4999998 ], [ 126.5, 39.333333 ] ] ] } },
{ "type": "Feature", "properties": { "Id": 0, "Sheet_ID": "寧遠 4R. 館坪里", "label": "寧遠 4R. 館坪里", "call_short": "G7900 S50 .J3", "call_num": "G7900 S50 .J3 SHEET E6-4R", "recid": "nf278dm3577", "websiteUrl": "https://purl.stanford.edu/nf278dm3577", "title": "[朝鮮五万分一地形圖]", "ckey": 9585328, "available": true, "iiifUrl": "https://purl.stanford.edu/nf278dm3577/iiif/manifest" }, "geometry": { "type": "Polygon", "coordinates": [ [ [ 126.75, 39.333333 ], [ 127.0, 39.333333 ], [ 127.0, 39.4999998 ], [ 126.75, 39.4999998 ], [ 126.75, 39.333333 ] ] ] } },
{ "type": "Feature", "properties": { "Id": 0, "Sheet_ID": "寧遠 15R. 沙屯", "label": "寧遠 15R. 沙屯", "call_short": "G7900 S50 .J3", "call_num": "G7900 S50 .J3 SHEET E6-15R", "recid": "kx193zh6972", "websiteUrl": "https://purl.stanford.edu/kx193zh6972", "title": "[朝鮮五万分一地形圖]", "ckey": 9585328, "available": true, "iiifUrl": "https://purl.stanford.edu/kx193zh6972/iiif/manifest" }, "geometry": { "type": "Polygon", "coordinates": [ [ [ 126.0, 39.4999998 ], [ 126.25, 39.4999998 ], [ 126.25, 39.6666665 ], [ 126.0, 39.6666665 ], [ 126.0, 39.4999998 ] ] ] } },
{ "type": "Feature", "properties": { "Id": 0, "Sheet_ID": "寧遠 11R. 北倉", "label": "寧遠 11R. 北倉", "call_short": "G7900 S50 .J3", "call_num": "G7900 S50 .J3 SHEET E6-11R", "recid": "ns377qf0046", "websiteUrl": "https://purl.stanford.edu/ns377qf0046", "title": "[朝鮮五万分一地形圖]", "ckey": 9585328, "available": true, "iiifUrl": "https://purl.stanford.edu/ns377qf0046/iiif/manifest" }, "geometry": { "type": "Polygon", "coordinates": [ [ [ 126.25, 39.4999998 ], [ 126.5, 39.4999998 ], [ 126.5, 39.6666665 ], [ 126.25, 39.6666665 ], [ 126.25, 39.4999998 ] ] ] } },
{ "type": "Feature", "properties": { "Id": 0, "Sheet_ID": "寧遠 7R. 孟山", "label": "寧遠 7R. 孟山", "call_short": "G7900 S50 .J3", "call_num": "G7900 S50 .J3 SHEET E6-7R", "recid": "sj186vx9085", "websiteUrl": "https://purl.stanford.edu/sj186vx9085", "title": "[朝鮮五万分一地形圖]", "ckey": 9585328, "available": true, "iiifUrl": "https://purl.stanford.edu/sj186vx9085/iiif/manifest" }, "geometry": { "type": "Polygon", "coordinates": [ [ [ 126.5, 39.4999998 ], [ 126.75, 39.4999998 ], [ 126.75, 39.6666665 ], [ 126.5, 39.6666665 ], [ 126.5, 39.4999998 ] ] ] } },
{ "type": "Feature", "properties": { "Id": 0, "Sheet_ID": "寧遠 3R. 大坪里", "label": "寧遠 3R. 大坪里", "call_short": "G7900 S50 .J3", "call_num": "G7900 S50 .J3 SHEET E6-3R", "recid": "jx668fn3338", "websiteUrl": "https://purl.stanford.edu/jx668fn3338", "title": "[朝鮮五万分一地形圖]", "ckey": 9585328, "available": true, "iiifUrl": "https://purl.stanford.edu/jx668fn3338/iiif/manifest" }, "geometry": { "type": "Polygon", "coordinates": [ [ [ 126.75, 39.4999998 ], [ 127.0, 39.4999998 ], [ 127.0, 39.6666665 ], [ 126.75, 39.6666665 ], [ 126.75, 39.4999998 ] ] ] } },
{ "type": "Feature", "properties": { "Id": 0, "Sheet_ID": "寧遠 14R. 戞日嶺", "label": "寧遠 14R. 戞日嶺", "call_short": "G7900 S50 .J3", "call_num": "G7900 S50 .J3 SHEET E6-14R", "recid": "yv082yq6548", "websiteUrl": "https://purl.stanford.edu/yv082yq6548", "title": "[朝鮮五万分一地形圖]", "ckey": 9585328, "available": true, "iiifUrl": "https://purl.stanford.edu/yv082yq6548/iiif/manifest" }, "geometry": { "type": "Polygon", "coordinates": [ [ [ 126.0, 39.6666665 ], [ 126.25, 39.6666665 ], [ 126.25, 39.8333333 ], [ 126.0, 39.8333333 ], [ 126.0, 39.6666665 ] ] ] } },
{ "type": "Feature", "properties": { "Id": 0, "Sheet_ID": "寧遠 10. 徳川", "label": "寧遠 10. 徳川", "call_short": "G7900 S50 .J3", "call_num": "G7900 S50 .J3 SHEET E6-10", "recid": "hd903hg9045", "websiteUrl": "https://purl.stanford.edu/hd903hg9045", "title": "[朝鮮五万分一地形圖]", "ckey": 9585328, "available": true, "iiifUrl": "https://purl.stanford.edu/hd903hg9045/iiif/manifest" }, "geometry": { "type": "Polygon", "coordinates": [ [ [ 126.25, 39.6666665 ], [ 126.5, 39.6666665 ], [ 126.5, 39.8333333 ], [ 126.25, 39.8333333 ], [ 126.25, 39.6666665 ] ] ] } },
{ "type": "Feature", "properties": { "Id": 0, "Sheet_ID": "寧遠 6R. 寧遠", "label": "寧遠 6R. 寧遠", "call_short": "G7900 S50 .J3", "call_num": "G7900 S50 .J3 SHEET E6-6R", "recid": "dm395cz8381", "websiteUrl": "https://purl.stanford.edu/dm395cz8381", "title": "[朝鮮五万分一地形圖]", "ckey": 9585328, "available": true, "iiifUrl": "https://purl.stanford.edu/dm395cz8381/iiif/manifest" }, "geometry": { "type": "Polygon", "coordinates": [ [ [ 126.5, 39.6666665 ], [ 126.75, 39.6666665 ], [ 126.75, 39.8333333 ], [ 126.5, 39.8333333 ], [ 126.5, 39.6666665 ] ] ] } },
{ "type": "Feature", "properties": { "Id": 0, "Sheet_ID": "寧遠 2R. 龍泉里", "label": "寧遠 2R. 龍泉里", "call_short": "G7900 S50 .J3", "call_num": "G7900 S50 .J3 SHEET E6-2R", "recid": "zh726kk5162", "websiteUrl": "https://purl.stanford.edu/zh726kk5162", "title": "[朝鮮五万分一地形圖]", "ckey": 9585328, "available": true, "iiifUrl": "https://purl.stanford.edu/zh726kk5162/iiif/manifest" }, "geometry": { "type": "Polygon", "coordinates": [ [ [ 126.75, 39.6666665 ], [ 127.0, 39.6666665 ], [ 127.0, 39.8333333 ], [ 126.75, 39.8333333 ], [ 126.75, 39.6666665 ] ] ] } },
{ "type": "Feature", "properties": { "Id": 0, "Sheet_ID": "寧遠 13R. 球場", "label": "寧遠 13R. 球場", "call_short": "G7900 S50 .J3", "call_num": "G7900 S50 .J3 SHEET E6-13R", "recid": "cv108tr8849", "websiteUrl": "https://purl.stanford.edu/cv108tr8849", "title": "[朝鮮五万分一地形圖]", "ckey": 9585328, "available": true, "iiifUrl": "https://purl.stanford.edu/cv108tr8849/iiif/manifest" }, "geometry": { "type": "Polygon", "coordinates": [ [ [ 126.0, 39.8333333 ], [ 126.25, 39.8333333 ], [ 126.25, 40.0 ], [ 126.0, 40.0 ], [ 126.0, 39.8333333 ] ] ] } },
{ "type": "Feature", "properties": { "Id": 0, "Sheet_ID": "寧遠 9R. 内倉", "label": "寧遠 9R. 内倉", "call_short": "G7900 S50 .J3", "call_num": "G7900 S50 .J3 SHEET E6-9R", "recid": "vb422tw4478", "websiteUrl": "https://purl.stanford.edu/vb422tw4478", "title": "[朝鮮五万分一地形圖]", "ckey": 9585328, "available": true, "iiifUrl": "https://purl.stanford.edu/vb422tw4478/iiif/manifest" }, "geometry": { "type": "Polygon", "coordinates": [ [ [ 126.25, 39.8333333 ], [ 126.5, 39.8333333 ], [ 126.5, 40.0 ], [ 126.25, 40.0 ], [ 126.25, 39.8333333 ] ] ] } },
{ "type": "Feature", "properties": { "Id": 0, "Sheet_ID": "寧遠 5R. 都坪里", "label": "寧遠 5R. 都坪里", "call_short": "G7900 S50 .J3", "call_num": "G7900 S50 .J3 SHEET E6-5R", "recid": "nh952jk1254", "websiteUrl": "https://purl.stanford.edu/nh952jk1254", "title": "[朝鮮五万分一地形圖]", "ckey": 9585328, "available": true, "iiifUrl": "https://purl.stanford.edu/nh952jk1254/iiif/manifest" }, "geometry": { "type": "Polygon", "coordinates": [ [ [ 126.5, 39.8333333 ], [ 126.75, 39.8333333 ], [ 126.75, 40.0 ], [ 126.5, 40.0 ], [ 126.5, 39.8333333 ] ] ] } },
{ "type": "Feature", "properties": { "Id": 0, "Sheet_ID": "寧遠 1R. 新邑", "label": "寧遠 1R. 新邑", "call_short": "G7900 S50 .J3", "call_num": "G7900 S50 .J3 SHEET E6-1R", "recid": "gy685by4127", "websiteUrl": "https://purl.stanford.edu/gy685by4127", "title": "[朝鮮五万分一地形圖]", "ckey": 9585328, "available": true, "iiifUrl": "https://purl.stanford.edu/gy685by4127/iiif/manifest" }, "geometry": { "type": "Polygon", "coordinates": [ [ [ 126.75, 39.8333333 ], [ 127.0, 39.8333333 ], [ 127.0, 40.0 ], [ 126.75, 40.0 ], [ 126.75, 39.8333333 ] ] ] } },
{ "type": "Feature", "properties": { "Id": 0, "Sheet_ID": "寧遠 10R. 徳川", "label": "寧遠 10R. 徳川", "call_short": "G7900 S50 .J3", "call_num": "G7900 S50 .J3 SHEET E6-10R", "recid": "jz502nt6233", "websiteUrl": "https://purl.stanford.edu/jz502nt6233", "title": "[朝鮮五万分一地形圖]", "ckey": 9585328, "available": true, "iiifUrl": "https://purl.stanford.edu/jz502nt6233/iiif/manifest" }, "geometry": { "type": "Polygon", "coordinates": [ [ [ 126.25, 39.6666665 ], [ 126.5, 39.6666665 ], [ 126.5, 39.8333333 ], [ 126.25, 39.8333333 ], [ 126.25, 39.6666665 ] ] ] } },
{ "type": "Feature", "properties": { "Id": 0, "Sheet_ID": "谷山 16. 陵里", "label": "谷山 16. 陵里", "call_short": "G7900 S50 .J3", "call_num": "G7900 S50 .J3 SHEET E7-16", "recid": "bb181ks6172", "websiteUrl": "https://purl.stanford.edu/bb181ks6172", "title": "[朝鮮五万分一地形圖]", "ckey": 9585328, "available": true, "iiifUrl": "https://purl.stanford.edu/bb181ks6172/iiif/manifest" }, "geometry": { "type": "Polygon", "coordinates": [ [ [ 126.0, 38.666667 ], [ 126.25, 38.666667 ], [ 126.25, 38.8333335 ], [ 126.0, 38.8333335 ], [ 126.0, 38.666667 ] ] ] } },
{ "type": "Feature", "properties": { "Id": 0, "Sheet_ID": "谷山 12. 遂安", "label": "谷山 12. 遂安", "call_short": "G7900 S50 .J3", "call_num": "G7900 S50 .J3 SHEET E7-12", "recid": "sq464mg0769", "websiteUrl": "https://purl.stanford.edu/sq464mg0769", "title": "[朝鮮五万分一地形圖]", "ckey": 9585328, "available": true, "iiifUrl": "https://purl.stanford.edu/sq464mg0769/iiif/manifest" }, "geometry": { "type": "Polygon", "coordinates": [ [ [ 126.25, 38.666667 ], [ 126.5, 38.666667 ], [ 126.5, 38.8333335 ], [ 126.25, 38.8333335 ], [ 126.25, 38.666667 ] ] ] } },
{ "type": "Feature", "properties": { "Id": 0, "Sheet_ID": "谷山 8. 谷山", "label": "谷山 8. 谷山", "call_short": "G7900 S50 .J3", "call_num": "G7900 S50 .J3 SHEET E7-8", "recid": "ns611bx0379", "websiteUrl": "https://purl.stanford.edu/ns611bx0379", "title": "[朝鮮五万分一地形圖]", "ckey": 9585328, "available": true, "iiifUrl": "https://purl.stanford.edu/ns611bx0379/iiif/manifest" }, "geometry": { "type": "Polygon", "coordinates": [ [ [ 126.5, 38.666667 ], [ 126.75, 38.666667 ], [ 126.75, 38.8333335 ], [ 126.5, 38.8333335 ], [ 126.5, 38.666667 ] ] ] } },
{ "type": "Feature", "properties": { "Id": 0, "Sheet_ID": "谷山 4R.  閑達里", "label": "谷山 4R.  閑達里", "call_short": "G7900 S50 .J3", "call_num": "G7900 S50 .J3 SHEET E7-4R", "recid": "dh866mw6355", "websiteUrl": "https://purl.stanford.edu/dh866mw6355", "title": "[朝鮮五万分一地形圖]", "ckey": 9585328, "available": true, "iiifUrl": "https://purl.stanford.edu/dh866mw6355/iiif/manifest" }, "geometry": { "type": "Polygon", "coordinates": [ [ [ 126.75, 38.666667 ], [ 127.0, 38.666667 ], [ 127.0, 38.8333335 ], [ 126.75, 38.8333335 ], [ 126.75, 38.666667 ] ] ] } },
{ "type": "Feature", "properties": { "Id": 0, "Sheet_ID": "谷山 15. 祥原", "label": "谷山 15. 祥原", "call_short": "G7900 S50 .J3", "call_num": "G7900 S50 .J3 SHEET E7-15", "recid": "ww224wb4894", "websiteUrl": "https://purl.stanford.edu/ww224wb4894", "title": "[朝鮮五万分一地形圖]", "ckey": 9585328, "available": true, "iiifUrl": "https://purl.stanford.edu/ww224wb4894/iiif/manifest" }, "geometry": { "type": "Polygon", "coordinates": [ [ [ 126.0, 38.8333335 ], [ 126.25, 38.8333335 ], [ 126.25, 39.0 ], [ 126.0, 39.0 ], [ 126.0, 38.8333335 ] ] ] } },
{ "type": "Feature", "properties": { "Id": 0, "Sheet_ID": "谷山 11. 栗里", "label": "谷山 11. 栗里", "call_short": "G7900 S50 .J3", "call_num": "G7900 S50 .J3 SHEET E7-11", "recid": "ww693mh5589", "websiteUrl": "https://purl.stanford.edu/ww693mh5589", "title": "[朝鮮五万分一地形圖]", "ckey": 9585328, "available": true, "iiifUrl": "https://purl.stanford.edu/ww693mh5589/iiif/manifest" }, "geometry": { "type": "Polygon", "coordinates": [ [ [ 126.25, 38.8333335 ], [ 126.5, 38.8333335 ], [ 126.5, 39.0 ], [ 126.25, 39.0 ], [ 126.25, 38.8333335 ] ] ] } },
{ "type": "Feature", "properties": { "Id": 0, "Sheet_ID": "谷山 7R. 新坪", "label": "谷山 7R. 新坪", "call_short": "G7900 S50 .J3", "call_num": "G7900 S50 .J3 SHEET E7-7R", "recid": "mg941jy2797", "websiteUrl": "https://purl.stanford.edu/mg941jy2797", "title": "[朝鮮五万分一地形圖]", "ckey": 9585328, "available": true, "iiifUrl": "https://purl.stanford.edu/mg941jy2797/iiif/manifest" }, "geometry": { "type": "Polygon", "coordinates": [ [ [ 126.5, 38.8333335 ], [ 126.75, 38.8333335 ], [ 126.75, 39.0 ], [ 126.5, 39.0 ], [ 126.5, 38.8333335 ] ] ] } },
{ "type": "Feature", "properties": { "Id": 0, "Sheet_ID": "谷山 3R. 仙巖", "label": "谷山 3R. 仙巖", "call_short": "G7900 S50 .J3", "call_num": "G7900 S50 .J3 SHEET E7-3R", "recid": "cr286vb0957", "websiteUrl": "https://purl.stanford.edu/cr286vb0957", "title": "[朝鮮五万分一地形圖]", "ckey": 9585328, "available": true, "iiifUrl": "https://purl.stanford.edu/cr286vb0957/iiif/manifest" }, "geometry": { "type": "Polygon", "coordinates": [ [ [ 126.75, 38.8333335 ], [ 127.0, 38.8333335 ], [ 127.0, 39.0 ], [ 126.75, 39.0 ], [ 126.75, 38.8333335 ] ] ] } },
{ "type": "Feature", "properties": { "Id": 0, "Sheet_ID": "谷山 14. 江東", "label": "谷山 14. 江東", "call_short": "G7900 S50 .J3", "call_num": "G7900 S50 .J3 SHEET E7-14", "recid": "xv669dk7039", "websiteUrl": "https://purl.stanford.edu/xv669dk7039", "title": "[朝鮮五万分一地形圖]", "ckey": 9585328, "available": true, "iiifUrl": "https://purl.stanford.edu/xv669dk7039/iiif/manifest" }, "geometry": { "type": "Polygon", "coordinates": [ [ [ 126.0, 39.0 ], [ 126.25, 39.0 ], [ 126.25, 39.1666665 ], [ 126.0, 39.1666665 ], [ 126.0, 39.0 ] ] ] } },
{ "type": "Feature", "properties": { "Id": 0, "Sheet_ID": "谷山 10. 檜倉", "label": "谷山 10. 檜倉", "call_short": "G7900 S50 .J3", "call_num": "G7900 S50 .J3 SHEET E7-10", "recid": "zw484km8002", "websiteUrl": "https://purl.stanford.edu/zw484km8002", "title": "[朝鮮五万分一地形圖]", "ckey": 9585328, "available": true, "iiifUrl": "https://purl.stanford.edu/zw484km8002/iiif/manifest" }, "geometry": { "type": "Polygon", "coordinates": [ [ [ 126.25, 39.0 ], [ 126.5, 39.0 ], [ 126.5, 39.1666665 ], [ 126.25, 39.1666665 ], [ 126.25, 39.0 ] ] ] } },
{ "type": "Feature", "properties": { "Id": 0, "Sheet_ID": "谷山 6R. 大同里", "label": "谷山 6R. 大同里", "call_short": "G7900 S50 .J3", "call_num": "G7900 S50 .J3 SHEET E7-6R", "recid": "tt643yb6304", "websiteUrl": "https://purl.stanford.edu/tt643yb6304", "title": "[朝鮮五万分一地形圖]", "ckey": 9585328, "available": true, "iiifUrl": "https://purl.stanford.edu/tt643yb6304/iiif/manifest" }, "geometry": { "type": "Polygon", "coordinates": [ [ [ 126.5, 39.0 ], [ 126.75, 39.0 ], [ 126.75, 39.1666665 ], [ 126.5, 39.1666665 ], [ 126.5, 39.0 ] ] ] } },
{ "type": "Feature", "properties": { "Id": 0, "Sheet_ID": "谷山 2R. 陽徳", "label": "谷山 2R. 陽徳", "call_short": "G7900 S50 .J3", "call_num": "G7900 S50 .J3 SHEET E7-2R", "recid": "zv427rb9137", "websiteUrl": "https://purl.stanford.edu/zv427rb9137", "title": "[朝鮮五万分一地形圖]", "ckey": 9585328, "available": true, "iiifUrl": "https://purl.stanford.edu/zv427rb9137/iiif/manifest" }, "geometry": { "type": "Polygon", "coordinates": [ [ [ 126.75, 39.0 ], [ 127.0, 39.0 ], [ 127.0, 39.1666665 ], [ 126.75, 39.1666665 ], [ 126.75, 39.0 ] ] ] } },
{ "type": "Feature", "properties": { "Id": 0, "Sheet_ID": "谷山 13R. 成川", "label": "谷山 13R. 成川", "call_short": "G7900 S50 .J3", "call_num": "G7900 S50 .J3 SHEET E7-13R", "recid": "sx089rs6459", "websiteUrl": "https://purl.stanford.edu/sx089rs6459", "title": "[朝鮮五万分一地形圖]", "ckey": 9585328, "available": true, "iiifUrl": "https://purl.stanford.edu/sx089rs6459/iiif/manifest" }, "geometry": { "type": "Polygon", "coordinates": [ [ [ 126.0, 39.1666665 ], [ 126.25, 39.1666665 ], [ 126.25, 39.333333 ], [ 126.0, 39.333333 ], [ 126.0, 39.1666665 ] ] ] } },
{ "type": "Feature", "properties": { "Id": 0, "Sheet_ID": "谷山 9R. 別倉里", "label": "谷山 9R. 別倉里", "call_short": "G7900 S50 .J3", "call_num": "G7900 S50 .J3 SHEET E7-9R", "recid": "yv085zd4828", "websiteUrl": "https://purl.stanford.edu/yv085zd4828", "title": "[朝鮮五万分一地形圖]", "ckey": 9585328, "available": true, "iiifUrl": "https://purl.stanford.edu/yv085zd4828/iiif/manifest" }, "geometry": { "type": "Polygon", "coordinates": [ [ [ 126.25, 39.1666665 ], [ 126.5, 39.1666665 ], [ 126.5, 39.333333 ], [ 126.25, 39.333333 ], [ 126.25, 39.1666665 ] ] ] } },
{ "type": "Feature", "properties": { "Id": 0, "Sheet_ID": "谷山 5R. 破邑", "label": "谷山 5R. 破邑", "call_short": "G7900 S50 .J3", "call_num": "G7900 S50 .J3 SHEET E7-5R", "recid": "dq924qp8772", "websiteUrl": "https://purl.stanford.edu/dq924qp8772", "title": "[朝鮮五万分一地形圖]", "ckey": 9585328, "available": true, "iiifUrl": "https://purl.stanford.edu/dq924qp8772/iiif/manifest" }, "geometry": { "type": "Polygon", "coordinates": [ [ [ 126.5, 39.1666665 ], [ 126.75, 39.1666665 ], [ 126.75, 39.333333 ], [ 126.5, 39.333333 ], [ 126.5, 39.1666665 ] ] ] } },
{ "type": "Feature", "properties": { "Id": 0, "Sheet_ID": "谷山 1R. 石湯池", "label": "谷山 1R. 石湯池", "call_short": "G7900 S50 .J3", "call_num": "G7900 S50 .J3 SHEET E7-1R", "recid": "cj747ty5163", "websiteUrl": "https://purl.stanford.edu/cj747ty5163", "title": "[朝鮮五万分一地形圖]", "ckey": 9585328, "available": true, "iiifUrl": "https://purl.stanford.edu/cj747ty5163/iiif/manifest" }, "geometry": { "type": "Polygon", "coordinates": [ [ [ 126.75, 39.1666665 ], [ 127.0, 39.1666665 ], [ 127.0, 39.333333 ], [ 126.75, 39.333333 ], [ 126.75, 39.1666665 ] ] ] } },
{ "type": "Feature", "properties": { "Id": 0, "Sheet_ID": "谷山 8R. 谷山", "label": "谷山 8R. 谷山", "call_short": "G7900 S50 .J3", "call_num": "G7900 S50 .J3 SHEET E7-8R", "recid": "pg997ck4390", "websiteUrl": "https://purl.stanford.edu/pg997ck4390", "title": "[朝鮮五万分一地形圖]", "ckey": 9585328, "available": true, "iiifUrl": "https://purl.stanford.edu/pg997ck4390/iiif/manifest" }, "geometry": { "type": "Polygon", "coordinates": [ [ [ 126.5, 38.666667 ], [ 126.75, 38.666667 ], [ 126.75, 38.8333335 ], [ 126.5, 38.8333335 ], [ 126.5, 38.666667 ] ] ] } },
{ "type": "Feature", "properties": { "Id": 0, "Sheet_ID": "谷山 10R. 檜倉", "label": "谷山 10R. 檜倉", "call_short": "G7900 S50 .J3", "call_num": "G7900 S50 .J3 SHEET E7-10R", "recid": "ct119gf4957", "websiteUrl": "https://purl.stanford.edu/ct119gf4957", "title": "[朝鮮五万分一地形圖]", "ckey": 9585328, "available": true, "iiifUrl": "https://purl.stanford.edu/ct119gf4957/iiif/manifest" }, "geometry": { "type": "Polygon", "coordinates": [ [ [ 126.25, 39.0 ], [ 126.5, 39.0 ], [ 126.5, 39.1666665 ], [ 126.25, 39.1666665 ], [ 126.25, 39.0 ] ] ] } },
{ "type": "Feature", "properties": { "Id": 0, "Sheet_ID": "谷山 11R. 栗里", "label": "谷山 11R. 栗里", "call_short": "G7900 S50 .J3", "call_num": "G7900 S50 .J3 SHEET E7-11R", "recid": "cx362fd3017", "websiteUrl": "https://purl.stanford.edu/cx362fd3017", "title": "[朝鮮五万分一地形圖]", "ckey": 9585328, "available": true, "iiifUrl": "https://purl.stanford.edu/cx362fd3017/iiif/manifest" }, "geometry": { "type": "Polygon", "coordinates": [ [ [ 126.25, 38.8333335 ], [ 126.5, 38.8333335 ], [ 126.5, 39.0 ], [ 126.25, 39.0 ], [ 126.25, 38.8333335 ] ] ] } },
{ "type": "Feature", "properties": { "Id": 0, "Sheet_ID": "谷山 12R. 遂安", "label": "谷山 12R. 遂安", "call_short": "G7900 S50 .J3", "call_num": "G7900 S50 .J3 SHEET E7-12R", "recid": "yb471js1558", "websiteUrl": "https://purl.stanford.edu/yb471js1558", "title": "[朝鮮五万分一地形圖]", "ckey": 9585328, "available": true, "iiifUrl": "https://purl.stanford.edu/yb471js1558/iiif/manifest" }, "geometry": { "type": "Polygon", "coordinates": [ [ [ 126.25, 38.666667 ], [ 126.5, 38.666667 ], [ 126.5, 38.8333335 ], [ 126.25, 38.8333335 ], [ 126.25, 38.666667 ] ] ] } },
{ "type": "Feature", "properties": { "Id": 0, "Sheet_ID": "谷山 14R. 江東", "label": "谷山 14R. 江東", "call_short": "G7900 S50 .J3", "call_num": "G7900 S50 .J3 SHEET E7-14R", "recid": "hd571bw9704", "websiteUrl": "https://purl.stanford.edu/hd571bw9704", "title": "[朝鮮五万分一地形圖]", "ckey": 9585328, "available": true, "iiifUrl": "https://purl.stanford.edu/hd571bw9704/iiif/manifest" }, "geometry": { "type": "Polygon", "coordinates": [ [ [ 126.0, 39.0 ], [ 126.25, 39.0 ], [ 126.25, 39.1666665 ], [ 126.0, 39.1666665 ], [ 126.0, 39.0 ] ] ] } },
{ "type": "Feature", "properties": { "Id": 0, "Sheet_ID": "谷山 15R. 祥原", "label": "谷山 15R. 祥原", "call_short": "G7900 S50 .J3", "call_num": "G7900 S50 .J3 SHEET E7-15R", "recid": "kz776rm6377", "websiteUrl": "https://purl.stanford.edu/kz776rm6377", "title": "[朝鮮五万分一地形圖]", "ckey": 9585328, "available": true, "iiifUrl": "https://purl.stanford.edu/kz776rm6377/iiif/manifest" }, "geometry": { "type": "Polygon", "coordinates": [ [ [ 126.0, 38.8333335 ], [ 126.25, 38.8333335 ], [ 126.25, 39.0 ], [ 126.0, 39.0 ], [ 126.0, 38.8333335 ] ] ] } },
{ "type": "Feature", "properties": { "Id": 0, "Sheet_ID": "谷山 16R. 陵里", "label": "谷山 16R. 陵里", "call_short": "G7900 S50 .J3", "call_num": "G7900 S50 .J3 SHEET E7-16R", "recid": "wx785qg7616", "websiteUrl": "https://purl.stanford.edu/wx785qg7616", "title": "[朝鮮五万分一地形圖]", "ckey": 9585328, "available": true, "iiifUrl": "https://purl.stanford.edu/wx785qg7616/iiif/manifest" }, "geometry": { "type": "Polygon", "coordinates": [ [ [ 126.0, 38.666667 ], [ 126.25, 38.666667 ], [ 126.25, 38.8333335 ], [ 126.0, 38.8333335 ], [ 126.0, 38.666667 ] ] ] } },
{ "type": "Feature", "properties": { "Id": 0, "Sheet_ID": "新幕 16. 温井里", "label": "新幕 16. 温井里", "call_short": "G7900 S50 .J3", "call_num": "G7900 S50 .J3 SHEET E8-16", "recid": "bw604gt5335", "websiteUrl": "https://purl.stanford.edu/bw604gt5335", "title": "[朝鮮五万分一地形圖]", "ckey": 9585328, "available": true, "iiifUrl": "https://purl.stanford.edu/bw604gt5335/iiif/manifest" }, "geometry": { "type": "Polygon", "coordinates": [ [ [ 126.0, 38.0 ], [ 126.25, 38.0 ], [ 126.25, 38.1666667 ], [ 126.0, 38.1666667 ], [ 126.0, 38.0 ] ] ] } },
{ "type": "Feature", "properties": { "Id": 0, "Sheet_ID": "新幕 12. 金川", "label": "新幕 12. 金川", "call_short": "G7900 S50 .J3", "call_num": "G7900 S50 .J3 SHEET E8-12", "recid": "wr138fm6314", "websiteUrl": "https://purl.stanford.edu/wr138fm6314", "title": "[朝鮮五万分一地形圖]", "ckey": 9585328, "available": true, "iiifUrl": "https://purl.stanford.edu/wr138fm6314/iiif/manifest" }, "geometry": { "type": "Polygon", "coordinates": [ [ [ 126.25, 38.0 ], [ 126.5, 38.0 ], [ 126.5, 38.1666667 ], [ 126.25, 38.1666667 ], [ 126.25, 38.0 ] ] ] } },
{ "type": "Feature", "properties": { "Id": 0, "Sheet_ID": "新幕 8R. 兩合", "label": "新幕 8R. 兩合", "call_short": "G7900 S50 .J3", "call_num": "G7900 S50 .J3 SHEET E8-8R", "recid": "fv315sb8187", "websiteUrl": "https://purl.stanford.edu/fv315sb8187", "title": "[朝鮮五万分一地形圖]", "ckey": 9585328, "available": true, "iiifUrl": "https://purl.stanford.edu/fv315sb8187/iiif/manifest" }, "geometry": { "type": "Polygon", "coordinates": [ [ [ 126.5, 38.0 ], [ 126.75, 38.0 ], [ 126.75, 38.1666667 ], [ 126.5, 38.1666667 ], [ 126.5, 38.0 ] ] ] } },
{ "type": "Feature", "properties": { "Id": 0, "Sheet_ID": "新幕 4R. 麻田", "label": "新幕 4R. 麻田", "call_short": "G7900 S50 .J3", "call_num": "G7900 S50 .J3 SHEET E8-4R", "recid": "qg824rx0608", "websiteUrl": "https://purl.stanford.edu/qg824rx0608", "title": "[朝鮮五万分一地形圖]", "ckey": 9585328, "available": true, "iiifUrl": "https://purl.stanford.edu/qg824rx0608/iiif/manifest" }, "geometry": { "type": "Polygon", "coordinates": [ [ [ 126.75, 38.0 ], [ 127.0, 38.0 ], [ 127.0, 38.1666667 ], [ 126.75, 38.1666667 ], [ 126.75, 38.0 ] ] ] } },
{ "type": "Feature", "properties": { "Id": 0, "Sheet_ID": "新幕 15R. 麒麟里", "label": "新幕 15R. 麒麟里", "call_short": "G7900 S50 .J3", "call_num": "G7900 S50 .J3 SHEET E8-15R", "recid": "ns912kn1306", "websiteUrl": "https://purl.stanford.edu/ns912kn1306", "title": "[朝鮮五万分一地形圖]", "ckey": 9585328, "available": true, "iiifUrl": "https://purl.stanford.edu/ns912kn1306/iiif/manifest" }, "geometry": { "type": "Polygon", "coordinates": [ [ [ 126.0, 38.1666667 ], [ 126.25, 38.1666667 ], [ 126.25, 38.3333335 ], [ 126.0, 38.3333335 ], [ 126.0, 38.1666667 ] ] ] } },
{ "type": "Feature", "properties": { "Id": 0, "Sheet_ID": "新幕 11R. 汗浦", "label": "新幕 11R. 汗浦", "call_short": "G7900 S50 .J3", "call_num": "G7900 S50 .J3 SHEET E8-11R", "recid": "wy467ct2013", "websiteUrl": "https://purl.stanford.edu/wy467ct2013", "title": "[朝鮮五万分一地形圖]", "ckey": 9585328, "available": true, "iiifUrl": "https://purl.stanford.edu/wy467ct2013/iiif/manifest" }, "geometry": { "type": "Polygon", "coordinates": [ [ [ 126.25, 38.1666667 ], [ 126.5, 38.1666667 ], [ 126.5, 38.3333335 ], [ 126.25, 38.3333335 ], [ 126.25, 38.1666667 ] ] ] } },
{ "type": "Feature", "properties": { "Id": 0, "Sheet_ID": "新幕 7. 市邊里", "label": "新幕 7. 市邊里", "call_short": "G7900 S50 .J3", "call_num": "G7900 S50 .J3 SHEET E8-7", "recid": "jz965gw7873", "websiteUrl": "https://purl.stanford.edu/jz965gw7873", "title": "[朝鮮五万分一地形圖]", "ckey": 9585328, "available": true, "iiifUrl": "https://purl.stanford.edu/jz965gw7873/iiif/manifest" }, "geometry": { "type": "Polygon", "coordinates": [ [ [ 126.5, 38.1666667 ], [ 126.75, 38.1666667 ], [ 126.75, 38.3333335 ], [ 126.5, 38.3333335 ], [ 126.5, 38.1666667 ] ] ] } },
{ "type": "Feature", "properties": { "Id": 0, "Sheet_ID": "新幕 3. 朔寧", "label": "新幕 3. 朔寧", "call_short": "G7900 S50 .J3", "call_num": "G7900 S50 .J3 SHEET E8-3", "recid": "ds077wh7792", "websiteUrl": "https://purl.stanford.edu/ds077wh7792", "title": "[朝鮮五万分一地形圖]", "ckey": 9585328, "available": true, "iiifUrl": "https://purl.stanford.edu/ds077wh7792/iiif/manifest" }, "geometry": { "type": "Polygon", "coordinates": [ [ [ 126.75, 38.1666667 ], [ 127.0, 38.1666667 ], [ 127.0, 38.3333335 ], [ 126.75, 38.3333335 ], [ 126.75, 38.1666667 ] ] ] } },
{ "type": "Feature", "properties": { "Id": 0, "Sheet_ID": "新幕 14R. 新幕", "label": "新幕 14R. 新幕", "call_short": "G7900 S50 .J3", "call_num": "G7900 S50 .J3 SHEET E8-14R", "recid": "dz627pw6411", "websiteUrl": "https://purl.stanford.edu/dz627pw6411", "title": "[朝鮮五万分一地形圖]", "ckey": 9585328, "available": true, "iiifUrl": "https://purl.stanford.edu/dz627pw6411/iiif/manifest" }, "geometry": { "type": "Polygon", "coordinates": [ [ [ 126.0, 38.3333335 ], [ 126.25, 38.3333335 ], [ 126.25, 38.5000002 ], [ 126.0, 38.5000002 ], [ 126.0, 38.3333335 ] ] ] } },
{ "type": "Feature", "properties": { "Id": 0, "Sheet_ID": "新幕 10R. 物開里", "label": "新幕 10R. 物開里", "call_short": "G7900 S50 .J3", "call_num": "G7900 S50 .J3 SHEET E8-10R", "recid": "fx538sq5178", "websiteUrl": "https://purl.stanford.edu/fx538sq5178", "title": "[朝鮮五万分一地形圖]", "ckey": 9585328, "available": true, "iiifUrl": "https://purl.stanford.edu/fx538sq5178/iiif/manifest" }, "geometry": { "type": "Polygon", "coordinates": [ [ [ 126.25, 38.3333335 ], [ 126.5, 38.3333335 ], [ 126.5, 38.5000002 ], [ 126.25, 38.5000002 ], [ 126.25, 38.3333335 ] ] ] } },
{ "type": "Feature", "properties": { "Id": 0, "Sheet_ID": "新幕 6R. 楸川里", "label": "新幕 6R. 楸川里", "call_short": "G7900 S50 .J3", "call_num": "G7900 S50 .J3 SHEET E8-6R", "recid": "wy069pz1833", "websiteUrl": "https://purl.stanford.edu/wy069pz1833", "title": "[朝鮮五万分一地形圖]", "ckey": 9585328, "available": true, "iiifUrl": "https://purl.stanford.edu/wy069pz1833/iiif/manifest" }, "geometry": { "type": "Polygon", "coordinates": [ [ [ 126.5, 38.3333335 ], [ 126.75, 38.3333335 ], [ 126.75, 38.5000002 ], [ 126.5, 38.5000002 ], [ 126.5, 38.3333335 ] ] ] } },
{ "type": "Feature", "properties": { "Id": 0, "Sheet_ID": "新幕 2. 伊川", "label": "新幕 2. 伊川", "call_short": "G7900 S50 .J3", "call_num": "G7900 S50 .J3 SHEET E8-2", "recid": "wp300xv0946", "websiteUrl": "https://purl.stanford.edu/wp300xv0946", "title": "[朝鮮五万分一地形圖]", "ckey": 9585328, "available": true, "iiifUrl": "https://purl.stanford.edu/wp300xv0946/iiif/manifest" }, "geometry": { "type": "Polygon", "coordinates": [ [ [ 126.75, 38.3333335 ], [ 127.0, 38.3333335 ], [ 127.0, 38.5000002 ], [ 126.75, 38.5000002 ], [ 126.75, 38.3333335 ] ] ] } },
{ "type": "Feature", "properties": { "Id": 0, "Sheet_ID": "新幕 13R. 燕灘", "label": "新幕 13R. 燕灘", "call_short": "G7900 S50 .J3", "call_num": "G7900 S50 .J3 SHEET E8-13R", "recid": "bb933zb4329", "websiteUrl": "https://purl.stanford.edu/bb933zb4329", "title": "[朝鮮五万分一地形圖]", "ckey": 9585328, "available": true, "iiifUrl": "https://purl.stanford.edu/bb933zb4329/iiif/manifest" }, "geometry": { "type": "Polygon", "coordinates": [ [ [ 126.0, 38.5000002 ], [ 126.25, 38.5000002 ], [ 126.25, 38.666667 ], [ 126.0, 38.666667 ], [ 126.0, 38.5000002 ] ] ] } },
{ "type": "Feature", "properties": { "Id": 0, "Sheet_ID": "新幕 9R. 大坪", "label": "新幕 9R. 大坪", "call_short": "G7900 S50 .J3", "call_num": "G7900 S50 .J3 SHEET E8-9R", "recid": "sj224sq4388", "websiteUrl": "https://purl.stanford.edu/sj224sq4388", "title": "[朝鮮五万分一地形圖]", "ckey": 9585328, "available": true, "iiifUrl": "https://purl.stanford.edu/sj224sq4388/iiif/manifest" }, "geometry": { "type": "Polygon", "coordinates": [ [ [ 126.25, 38.5000002 ], [ 126.5, 38.5000002 ], [ 126.5, 38.666667 ], [ 126.25, 38.666667 ], [ 126.25, 38.5000002 ] ] ] } },
{ "type": "Feature", "properties": { "Id": 0, "Sheet_ID": "新幕 5R. 新溪", "label": "新幕 5R. 新溪", "call_short": "G7900 S50 .J3", "call_num": "G7900 S50 .J3 SHEET E8-5R", "recid": "zk584tr5530", "websiteUrl": "https://purl.stanford.edu/zk584tr5530", "title": "[朝鮮五万分一地形圖]", "ckey": 9585328, "available": true, "iiifUrl": "https://purl.stanford.edu/zk584tr5530/iiif/manifest" }, "geometry": { "type": "Polygon", "coordinates": [ [ [ 126.5, 38.5000002 ], [ 126.75, 38.5000002 ], [ 126.75, 38.666667 ], [ 126.5, 38.666667 ], [ 126.5, 38.5000002 ] ] ] } },
{ "type": "Feature", "properties": { "Id": 0, "Sheet_ID": "新幕 1R. 文岩里", "label": "新幕 1R. 文岩里", "call_short": "G7900 S50 .J3", "call_num": "G7900 S50 .J3 SHEET E8-1R", "recid": "gv672sv6221", "websiteUrl": "https://purl.stanford.edu/gv672sv6221", "title": "[朝鮮五万分一地形圖]", "ckey": 9585328, "available": true, "iiifUrl": "https://purl.stanford.edu/gv672sv6221/iiif/manifest" }, "geometry": { "type": "Polygon", "coordinates": [ [ [ 126.75, 38.5000002 ], [ 127.0, 38.5000002 ], [ 127.0, 38.666667 ], [ 126.75, 38.666667 ], [ 126.75, 38.5000002 ] ] ] } },
{ "type": "Feature", "properties": { "Id": 0, "Sheet_ID": "新幕 2R. 伊川", "label": "新幕 2R. 伊川", "call_short": "G7900 S50 .J3", "call_num": "G7900 S50 .J3 SHEET E8-2R", "recid": "wf419rz0709", "websiteUrl": "https://purl.stanford.edu/wf419rz0709", "title": "[朝鮮五万分一地形圖]", "ckey": 9585328, "available": true, "iiifUrl": "https://purl.stanford.edu/wf419rz0709/iiif/manifest" }, "geometry": { "type": "Polygon", "coordinates": [ [ [ 126.75, 38.3333335 ], [ 127.0, 38.3333335 ], [ 127.0, 38.5000003 ], [ 126.75, 38.5000003 ], [ 126.75, 38.3333335 ] ] ] } },
{ "type": "Feature", "properties": { "Id": 0, "Sheet_ID": "新幕 3R. 朔寧", "label": "新幕 3R. 朔寧", "call_short": "G7900 S50 .J3", "call_num": "G7900 S50 .J3 SHEET E8-3R", "recid": "hm921nk4162", "websiteUrl": "https://purl.stanford.edu/hm921nk4162", "title": "[朝鮮五万分一地形圖]", "ckey": 9585328, "available": true, "iiifUrl": "https://purl.stanford.edu/hm921nk4162/iiif/manifest" }, "geometry": { "type": "Polygon", "coordinates": [ [ [ 126.75, 38.1666667 ], [ 127.0, 38.1666667 ], [ 127.0, 38.3333335 ], [ 126.75, 38.3333335 ], [ 126.75, 38.1666667 ] ] ] } },
{ "type": "Feature", "properties": { "Id": 0, "Sheet_ID": "新幕 7R. 市邊里", "label": "新幕 7R. 市邊里", "call_short": "G7900 S50 .J3", "call_num": "G7900 S50 .J3 SHEET E8-7R", "recid": "st900jt0179", "websiteUrl": "https://purl.stanford.edu/st900jt0179", "title": "[朝鮮五万分一地形圖]", "ckey": 9585328, "available": true, "iiifUrl": "https://purl.stanford.edu/st900jt0179/iiif/manifest" }, "geometry": { "type": "Polygon", "coordinates": [ [ [ 126.5, 38.1666667 ], [ 126.75, 38.1666667 ], [ 126.75, 38.3333335 ], [ 126.5, 38.3333335 ], [ 126.5, 38.1666667 ] ] ] } },
{ "type": "Feature", "properties": { "Id": 0, "Sheet_ID": "新幕 12R. 金川", "label": "新幕 12R. 金川", "call_short": "G7900 S50 .J3", "call_num": "G7900 S50 .J3 SHEET E8-12R", "recid": "yj726ck8537", "websiteUrl": "https://purl.stanford.edu/yj726ck8537", "title": "[朝鮮五万分一地形圖]", "ckey": 9585328, "available": true, "iiifUrl": "https://purl.stanford.edu/yj726ck8537/iiif/manifest" }, "geometry": { "type": "Polygon", "coordinates": [ [ [ 126.25, 38.0 ], [ 126.5, 38.0 ], [ 126.5, 38.1666667 ], [ 126.25, 38.1666667 ], [ 126.25, 38.0 ] ] ] } },
{ "type": "Feature", "properties": { "Id": 0, "Sheet_ID": "新幕 16R. 温井里", "label": "新幕 16R. 温井里", "call_short": "G7900 S50 .J3", "call_num": "G7900 S50 .J3 SHEET E8-16R", "recid": "sr787tx9566", "websiteUrl": "https://purl.stanford.edu/sr787tx9566", "title": "[朝鮮五万分一地形圖]", "ckey": 9585328, "available": true, "iiifUrl": "https://purl.stanford.edu/sr787tx9566/iiif/manifest" }, "geometry": { "type": "Polygon", "coordinates": [ [ [ 126.0, 38.0 ], [ 126.25, 38.0 ], [ 126.25, 38.1666667 ], [ 126.0, 38.1666667 ], [ 126.0, 38.0 ] ] ] } },
{ "type": "Feature", "properties": { "Id": 0, "Sheet_ID": "楚山 12R. 忠興里", "label": "楚山 12R. 忠興里", "call_short": "G7900 S50 .J3", "call_num": "G7900 S50 .J3 SHEET F4-12R", "recid": "kt316tz9293", "websiteUrl": "https://purl.stanford.edu/kt316tz9293", "title": "[朝鮮五万分一地形圖]", "ckey": 9585328, "available": true, "iiifUrl": "https://purl.stanford.edu/kt316tz9293/iiif/manifest" }, "geometry": { "type": "Polygon", "coordinates": [ [ [ 125.25, 40.666667 ], [ 125.5, 40.666667 ], [ 125.5, 40.8333335 ], [ 125.25, 40.8333335 ], [ 125.25, 40.666667 ] ] ] } },
{ "type": "Feature", "properties": { "Id": 0, "Sheet_ID": "楚山 8. 阿耳鎭", "label": "楚山 8. 阿耳鎭", "call_short": "G7900 S50 .J3", "call_num": "G7900 S50 .J3 SHEET F4-8", "recid": "xr845hs0129", "websiteUrl": "https://purl.stanford.edu/xr845hs0129", "title": "[朝鮮五万分一地形圖]", "ckey": 9585328, "available": true, "iiifUrl": "https://purl.stanford.edu/xr845hs0129/iiif/manifest" }, "geometry": { "type": "Polygon", "coordinates": [ [ [ 125.5, 40.666667 ], [ 125.75, 40.666667 ], [ 125.75, 40.8333335 ], [ 125.5, 40.8333335 ], [ 125.5, 40.666667 ] ] ] } },
{ "type": "Feature", "properties": { "Id": 0, "Sheet_ID": "楚山 4R. 楚山", "label": "楚山 4R. 楚山", "call_short": "G7900 S50 .J3", "call_num": "G7900 S50 .J3 SHEET F4-4R", "recid": "cy050qh2364", "websiteUrl": "https://purl.stanford.edu/cy050qh2364", "title": "[朝鮮五万分一地形圖]", "ckey": 9585328, "available": true, "iiifUrl": "https://purl.stanford.edu/cy050qh2364/iiif/manifest" }, "geometry": { "type": "Polygon", "coordinates": [ [ [ 125.75, 40.666667 ], [ 126.0, 40.666667 ], [ 126.0, 40.8333335 ], [ 125.75, 40.8333335 ], [ 125.75, 40.666667 ] ] ] } },
{ "type": "Feature", "properties": { "Id": 0, "Sheet_ID": "楚山 7. 李雲宣里", "label": "楚山 7. 李雲宣里", "call_short": "G7900 S50 .J3", "call_num": "G7900 S50 .J3 SHEET F4-7", "recid": "rz961sw1201", "websiteUrl": "https://purl.stanford.edu/rz961sw1201", "title": "[朝鮮五万分一地形圖]", "ckey": 9585328, "available": true, "iiifUrl": "https://purl.stanford.edu/rz961sw1201/iiif/manifest" }, "geometry": { "type": "Polygon", "coordinates": [ [ [ 125.5, 40.8333335 ], [ 125.75, 40.8333335 ], [ 125.75, 41.0 ], [ 125.5, 41.0 ], [ 125.5, 40.8333335 ] ] ] } },
{ "type": "Feature", "properties": { "Id": 0, "Sheet_ID": "楚山 3. 新島場", "label": "楚山 3. 新島場", "call_short": "G7900 S50 .J3", "call_num": "G7900 S50 .J3 SHEET F4-3", "recid": "py617zp8293", "websiteUrl": "https://purl.stanford.edu/py617zp8293", "title": "[朝鮮五万分一地形圖]", "ckey": 9585328, "available": true, "iiifUrl": "https://purl.stanford.edu/py617zp8293/iiif/manifest" }, "geometry": { "type": "Polygon", "coordinates": [ [ [ 125.75, 40.8333335 ], [ 126.0, 40.8333335 ], [ 126.0, 41.0 ], [ 125.75, 41.0 ], [ 125.75, 40.8333335 ] ] ] } },
{ "type": "Feature", "properties": { "Id": 0, "Sheet_ID": "楚山 3R. 新島場", "label": "楚山 3R. 新島場", "call_short": "G7900 S50 .J3", "call_num": "G7900 S50 .J3 SHEET F4-3R", "recid": "wb776vb6255", "websiteUrl": "https://purl.stanford.edu/wb776vb6255", "title": "[朝鮮五万分一地形圖]", "ckey": 9585328, "available": true, "iiifUrl": "https://purl.stanford.edu/wb776vb6255/iiif/manifest" }, "geometry": { "type": "Polygon", "coordinates": [ [ [ 125.75, 40.8333335 ], [ 126.0, 40.8333335 ], [ 126.0, 41.0 ], [ 125.75, 41.0 ], [ 125.75, 40.8333335 ] ] ] } },
{ "type": "Feature", "properties": { "Id": 0, "Sheet_ID": "楚山 7R. 李雲宣里", "label": "楚山 7R. 李雲宣里", "call_short": "G7900 S50 .J3", "call_num": "G7900 S50 .J3 SHEET F4-7R", "recid": "zb463pr6414", "websiteUrl": "https://purl.stanford.edu/zb463pr6414", "title": "[朝鮮五万分一地形圖]", "ckey": 9585328, "available": true, "iiifUrl": "https://purl.stanford.edu/zb463pr6414/iiif/manifest" }, "geometry": { "type": "Polygon", "coordinates": [ [ [ 125.5, 40.8333335 ], [ 125.75, 40.8333335 ], [ 125.75, 41.0 ], [ 125.5, 41.0 ], [ 125.5, 40.8333335 ] ] ] } },
{ "type": "Feature", "properties": { "Id": 0, "Sheet_ID": "楚山 8R. 阿耳鎭", "label": "楚山 8R. 阿耳鎭", "call_short": "G7900 S50 .J3", "call_num": "G7900 S50 .J3 SHEET F4-8R", "recid": "fn559kg4040", "websiteUrl": "https://purl.stanford.edu/fn559kg4040", "title": "[朝鮮五万分一地形圖]", "ckey": 9585328, "available": true, "iiifUrl": "https://purl.stanford.edu/fn559kg4040/iiif/manifest" }, "geometry": { "type": "Polygon", "coordinates": [ [ [ 125.5, 40.666667 ], [ 125.75, 40.666667 ], [ 125.75, 40.8333335 ], [ 125.5, 40.8333335 ], [ 125.5, 40.666667 ] ] ] } },
{ "type": "Feature", "properties": { "Id": 0, "Sheet_ID": "昌城 16R. 塔洞", "label": "昌城 16R. 塔洞", "call_short": "G7900 S50 .J3", "call_num": "G7900 S50 .J3 SHEET F5-16R", "recid": "vh517rr1515", "websiteUrl": "https://purl.stanford.edu/vh517rr1515", "title": "[朝鮮五万分一地形圖]", "ckey": 9585328, "available": true, "iiifUrl": "https://purl.stanford.edu/vh517rr1515/iiif/manifest" }, "geometry": { "type": "Polygon", "coordinates": [ [ [ 125.0, 40.0 ], [ 125.25, 40.0 ], [ 125.25, 40.1666667 ], [ 125.0, 40.1666667 ], [ 125.0, 40.0 ] ] ] } },
{ "type": "Feature", "properties": { "Id": 0, "Sheet_ID": "昌城 12. 龍成洞", "label": "昌城 12. 龍成洞", "call_short": "G7900 S50 .J3", "call_num": "G7900 S50 .J3 SHEET F5-12", "recid": "cx002pq2326", "websiteUrl": "https://purl.stanford.edu/cx002pq2326", "title": "[朝鮮五万分一地形圖]", "ckey": 9585328, "available": true, "iiifUrl": "https://purl.stanford.edu/cx002pq2326/iiif/manifest" }, "geometry": { "type": "Polygon", "coordinates": [ [ [ 125.25, 40.0 ], [ 125.5, 40.0 ], [ 125.5, 40.1666667 ], [ 125.25, 40.1666667 ], [ 125.25, 40.0 ] ] ] } },
{ "type": "Feature", "properties": { "Id": 0, "Sheet_ID": "昌城 8R. 青山場市", "label": "昌城 8R. 青山場市", "call_short": "G7900 S50 .J3", "call_num": "G7900 S50 .J3 SHEET F5-8R", "recid": "zn536sn5340", "websiteUrl": "https://purl.stanford.edu/zn536sn5340", "title": "[朝鮮五万分一地形圖]", "ckey": 9585328, "available": true, "iiifUrl": "https://purl.stanford.edu/zn536sn5340/iiif/manifest" }, "geometry": { "type": "Polygon", "coordinates": [ [ [ 125.5, 40.0 ], [ 125.75, 40.0 ], [ 125.75, 40.1666667 ], [ 125.5, 40.1666667 ], [ 125.5, 40.0 ] ] ] } },
{ "type": "Feature", "properties": { "Id": 0, "Sheet_ID": "昌城 4R. 鷹峯", "label": "昌城 4R. 鷹峯", "call_short": "G7900 S50 .J3", "call_num": "G7900 S50 .J3 SHEET F5-4R", "recid": "xj890wr3465", "websiteUrl": "https://purl.stanford.edu/xj890wr3465", "title": "[朝鮮五万分一地形圖]", "ckey": 9585328, "available": true, "iiifUrl": "https://purl.stanford.edu/xj890wr3465/iiif/manifest" }, "geometry": { "type": "Polygon", "coordinates": [ [ [ 125.75, 40.0 ], [ 126.0, 40.0 ], [ 126.0, 40.1666667 ], [ 125.75, 40.1666667 ], [ 125.75, 40.0 ] ] ] } },
{ "type": "Feature", "properties": { "Id": 0, "Sheet_ID": "昌城 15R. 大館", "label": "昌城 15R. 大館", "call_short": "G7900 S50 .J3", "call_num": "G7900 S50 .J3 SHEET F5-15R", "recid": "ky618mf3924", "websiteUrl": "https://purl.stanford.edu/ky618mf3924", "title": "[朝鮮五万分一地形圖]", "ckey": 9585328, "available": true, "iiifUrl": "https://purl.stanford.edu/ky618mf3924/iiif/manifest" }, "geometry": { "type": "Polygon", "coordinates": [ [ [ 125.0, 40.1666667 ], [ 125.25, 40.1666667 ], [ 125.25, 40.3333335 ], [ 125.0, 40.3333335 ], [ 125.0, 40.1666667 ] ] ] } },
{ "type": "Feature", "properties": { "Id": 0, "Sheet_ID": "昌城 11. 新倉", "label": "昌城 11. 新倉", "call_short": "G7900 S50 .J3", "call_num": "G7900 S50 .J3 SHEET F5-11", "recid": "hh249dd4110", "websiteUrl": "https://purl.stanford.edu/hh249dd4110", "title": "[朝鮮五万分一地形圖]", "ckey": 9585328, "available": true, "iiifUrl": "https://purl.stanford.edu/hh249dd4110/iiif/manifest" }, "geometry": { "type": "Polygon", "coordinates": [ [ [ 125.25, 40.1666667 ], [ 125.5, 40.1666667 ], [ 125.5, 40.3333335 ], [ 125.25, 40.3333335 ], [ 125.25, 40.1666667 ] ] ] } },
{ "type": "Feature", "properties": { "Id": 0, "Sheet_ID": "昌城 7R. 北鎭", "label": "昌城 7R. 北鎭", "call_short": "G7900 S50 .J3", "call_num": "G7900 S50 .J3 SHEET F5-7R", "recid": "mq556jm6476", "websiteUrl": "https://purl.stanford.edu/mq556jm6476", "title": "[朝鮮五万分一地形圖]", "ckey": 9585328, "available": true, "iiifUrl": "https://purl.stanford.edu/mq556jm6476/iiif/manifest" }, "geometry": { "type": "Polygon", "coordinates": [ [ [ 125.5, 40.1666667 ], [ 125.75, 40.1666667 ], [ 125.75, 40.3333335 ], [ 125.5, 40.3333335 ], [ 125.5, 40.1666667 ] ] ] } },
{ "type": "Feature", "properties": { "Id": 0, "Sheet_ID": "昌城 3R. 牛峴鎭", "label": "昌城 3R. 牛峴鎭", "call_short": "G7900 S50 .J3", "call_num": "G7900 S50 .J3 SHEET F5-3R", "recid": "zp637qd7586", "websiteUrl": "https://purl.stanford.edu/zp637qd7586", "title": "[朝鮮五万分一地形圖]", "ckey": 9585328, "available": true, "iiifUrl": "https://purl.stanford.edu/zp637qd7586/iiif/manifest" }, "geometry": { "type": "Polygon", "coordinates": [ [ [ 125.75, 40.1666667 ], [ 126.0, 40.1666667 ], [ 126.0, 40.3333335 ], [ 125.75, 40.3333335 ], [ 125.75, 40.1666667 ] ] ] } },
{ "type": "Feature", "properties": { "Id": 0, "Sheet_ID": "昌城 14. 朔州", "label": "昌城 14. 朔州", "call_short": "G7900 S50 .J3", "call_num": "G7900 S50 .J3 SHEET F5-14", "recid": "pn452zv6873", "websiteUrl": "https://purl.stanford.edu/pn452zv6873", "title": "[朝鮮五万分一地形圖]", "ckey": 9585328, "available": true, "iiifUrl": "https://purl.stanford.edu/pn452zv6873/iiif/manifest" }, "geometry": { "type": "Polygon", "coordinates": [ [ [ 125.0, 40.3333335 ], [ 125.25, 40.3333335 ], [ 125.25, 40.5000002 ], [ 125.0, 40.5000002 ], [ 125.0, 40.3333335 ] ] ] } },
{ "type": "Feature", "properties": { "Id": 0, "Sheet_ID": "昌城 10. 飛來峯", "label": "昌城 10. 飛來峯", "call_short": "G7900 S50 .J3", "call_num": "G7900 S50 .J3 SHEET F5-10", "recid": "xm618rv6188", "websiteUrl": "https://purl.stanford.edu/xm618rv6188", "title": "[朝鮮五万分一地形圖]", "ckey": 9585328, "available": true, "iiifUrl": "https://purl.stanford.edu/xm618rv6188/iiif/manifest" }, "geometry": { "type": "Polygon", "coordinates": [ [ [ 125.25, 40.3333335 ], [ 125.5, 40.3333335 ], [ 125.5, 40.5000002 ], [ 125.25, 40.5000002 ], [ 125.25, 40.3333335 ] ] ] } },
{ "type": "Feature", "properties": { "Id": 0, "Sheet_ID": "昌城 6R. 會下洞", "label": "昌城 6R. 會下洞", "call_short": "G7900 S50 .J3", "call_num": "G7900 S50 .J3 SHEET F5-6R", "recid": "xn108nx8853", "websiteUrl": "https://purl.stanford.edu/xn108nx8853", "title": "[朝鮮五万分一地形圖]", "ckey": 9585328, "available": true, "iiifUrl": "https://purl.stanford.edu/xn108nx8853/iiif/manifest" }, "geometry": { "type": "Polygon", "coordinates": [ [ [ 125.5, 40.3333335 ], [ 125.75, 40.3333335 ], [ 125.75, 40.5000002 ], [ 125.5, 40.5000002 ], [ 125.5, 40.3333335 ] ] ] } },
{ "type": "Feature", "properties": { "Id": 0, "Sheet_ID": "昌城 2R. 兩江里", "label": "昌城 2R. 兩江里", "call_short": "G7900 S50 .J3", "call_num": "G7900 S50 .J3 SHEET F5-2R", "recid": "qx515nh3591", "websiteUrl": "https://purl.stanford.edu/qx515nh3591", "title": "[朝鮮五万分一地形圖]", "ckey": 9585328, "available": true, "iiifUrl": "https://purl.stanford.edu/qx515nh3591/iiif/manifest" }, "geometry": { "type": "Polygon", "coordinates": [ [ [ 125.75, 40.3333335 ], [ 126.0, 40.3333335 ], [ 126.0, 40.5000002 ], [ 125.75, 40.5000002 ], [ 125.75, 40.3333335 ] ] ] } },
{ "type": "Feature", "properties": { "Id": 0, "Sheet_ID": "昌城 13R. 昌州", "label": "昌城 13R. 昌州", "call_short": "G7900 S50 .J3", "call_num": "G7900 S50 .J3 SHEET F5-13R", "recid": "db189dw6974", "websiteUrl": "https://purl.stanford.edu/db189dw6974", "title": "[朝鮮五万分一地形圖]", "ckey": 9585328, "available": true, "iiifUrl": "https://purl.stanford.edu/db189dw6974/iiif/manifest" }, "geometry": { "type": "Polygon", "coordinates": [ [ [ 125.0, 40.5000002 ], [ 125.25, 40.5000002 ], [ 125.25, 40.666667 ], [ 125.0, 40.666667 ], [ 125.0, 40.5000002 ] ] ] } },
{ "type": "Feature", "properties": { "Id": 0, "Sheet_ID": "昌城 9R. 碧潼", "label": "昌城 9R. 碧潼", "call_short": "G7900 S50 .J3", "call_num": "G7900 S50 .J3 SHEET F5-9R", "recid": "kd595rw9242", "websiteUrl": "https://purl.stanford.edu/kd595rw9242", "title": "[朝鮮五万分一地形圖]", "ckey": 9585328, "available": true, "iiifUrl": "https://purl.stanford.edu/kd595rw9242/iiif/manifest" }, "geometry": { "type": "Polygon", "coordinates": [ [ [ 125.25, 40.5000002 ], [ 125.5, 40.5000002 ], [ 125.5, 40.666667 ], [ 125.25, 40.666667 ], [ 125.25, 40.5000002 ] ] ] } },
{ "type": "Feature", "properties": { "Id": 0, "Sheet_ID": "昌城 5R. 平場里", "label": "昌城 5R. 平場里", "call_short": "G7900 S50 .J3", "call_num": "G7900 S50 .J3 SHEET F5-5R", "recid": "yz998zk2011", "websiteUrl": "https://purl.stanford.edu/yz998zk2011", "title": "[朝鮮五万分一地形圖]", "ckey": 9585328, "available": true, "iiifUrl": "https://purl.stanford.edu/yz998zk2011/iiif/manifest" }, "geometry": { "type": "Polygon", "coordinates": [ [ [ 125.5, 40.5000002 ], [ 125.75, 40.5000002 ], [ 125.75, 40.666667 ], [ 125.5, 40.666667 ], [ 125.5, 40.5000002 ] ] ] } },
{ "type": "Feature", "properties": { "Id": 0, "Sheet_ID": "昌城 1. 古塲", "label": "昌城 1. 古塲", "call_short": "G7900 S50 .J3", "call_num": "G7900 S50 .J3 SHEET F5-1", "recid": "kh997hf9467", "websiteUrl": "https://purl.stanford.edu/kh997hf9467", "title": "[朝鮮五万分一地形圖]", "ckey": 9585328, "available": true, "iiifUrl": "https://purl.stanford.edu/kh997hf9467/iiif/manifest" }, "geometry": { "type": "Polygon", "coordinates": [ [ [ 125.75, 40.5000002 ], [ 126.0, 40.5000002 ], [ 126.0, 40.666667 ], [ 125.75, 40.666667 ], [ 125.75, 40.5000002 ] ] ] } },
{ "type": "Feature", "properties": { "Id": 0, "Sheet_ID": "昌城 1R. 古塲", "label": "昌城 1R. 古塲", "call_short": "G7900 S50 .J3", "call_num": "G7900 S50 .J3 SHEET F5-1R", "recid": "kz898cs5896", "websiteUrl": "https://purl.stanford.edu/kz898cs5896", "title": "[朝鮮五万分一地形圖]", "ckey": 9585328, "available": true, "iiifUrl": "https://purl.stanford.edu/kz898cs5896/iiif/manifest" }, "geometry": { "type": "Polygon", "coordinates": [ [ [ 125.75, 40.5000003 ], [ 126.0, 40.5000003 ], [ 126.0, 40.666667 ], [ 125.75, 40.666667 ], [ 125.75, 40.5000003 ] ] ] } },
{ "type": "Feature", "properties": { "Id": 0, "Sheet_ID": "昌城 10R. 飛來峯", "label": "昌城 10R. 飛來峯", "call_short": "G7900 S50 .J3", "call_num": "G7900 S50 .J3 SHEET F5-10R", "recid": "gv219kq4872", "websiteUrl": "https://purl.stanford.edu/gv219kq4872", "title": "[朝鮮五万分一地形圖]", "ckey": 9585328, "available": true, "iiifUrl": "https://purl.stanford.edu/gv219kq4872/iiif/manifest" }, "geometry": { "type": "Polygon", "coordinates": [ [ [ 125.25, 40.3333335 ], [ 125.5, 40.3333335 ], [ 125.5, 40.5000003 ], [ 125.25, 40.5000003 ], [ 125.25, 40.3333335 ] ] ] } },
{ "type": "Feature", "properties": { "Id": 0, "Sheet_ID": "昌城 11R. 新倉", "label": "昌城 11R. 新倉", "call_short": "G7900 S50 .J3", "call_num": "G7900 S50 .J3 SHEET F5-11R", "recid": "js114dq3459", "websiteUrl": "https://purl.stanford.edu/js114dq3459", "title": "[朝鮮五万分一地形圖]", "ckey": 9585328, "available": true, "iiifUrl": "https://purl.stanford.edu/js114dq3459/iiif/manifest" }, "geometry": { "type": "Polygon", "coordinates": [ [ [ 125.25, 40.1666667 ], [ 125.5, 40.1666667 ], [ 125.5, 40.3333335 ], [ 125.25, 40.3333335 ], [ 125.25, 40.1666667 ] ] ] } },
{ "type": "Feature", "properties": { "Id": 0, "Sheet_ID": "昌城 12R. 龍成洞", "label": "昌城 12R. 龍成洞", "call_short": "G7900 S50 .J3", "call_num": "G7900 S50 .J3 SHEET F5-12R", "recid": "cp161vg7636", "websiteUrl": "https://purl.stanford.edu/cp161vg7636", "title": "[朝鮮五万分一地形圖]", "ckey": 9585328, "available": true, "iiifUrl": "https://purl.stanford.edu/cp161vg7636/iiif/manifest" }, "geometry": { "type": "Polygon", "coordinates": [ [ [ 125.25, 40.0 ], [ 125.5, 40.0 ], [ 125.5, 40.1666667 ], [ 125.25, 40.1666667 ], [ 125.25, 40.0 ] ] ] } },
{ "type": "Feature", "properties": { "Id": 0, "Sheet_ID": "昌城 14R. 朔州", "label": "昌城 14R. 朔州", "call_short": "G7900 S50 .J3", "call_num": "G7900 S50 .J3 SHEET F5-14R", "recid": "sj593bc9367", "websiteUrl": "https://purl.stanford.edu/sj593bc9367", "title": "[朝鮮五万分一地形圖]", "ckey": 9585328, "available": true, "iiifUrl": "https://purl.stanford.edu/sj593bc9367/iiif/manifest" }, "geometry": { "type": "Polygon", "coordinates": [ [ [ 125.0, 40.3333335 ], [ 125.25, 40.3333335 ], [ 125.25, 40.5000003 ], [ 125.0, 40.5000003 ], [ 125.0, 40.3333335 ] ] ] } },
{ "type": "Feature", "properties": { "Id": 0, "Sheet_ID": "安州 16R. 雲霧島", "label": "安州 16R. 雲霧島", "call_short": "G7900 S50 .J3", "call_num": "G7900 S50 .J3 SHEET F6-16R", "recid": "kr062hk9426", "websiteUrl": "https://purl.stanford.edu/kr062hk9426", "title": "[朝鮮五万分一地形圖]", "ckey": 9585328, "available": true, "iiifUrl": "https://purl.stanford.edu/kr062hk9426/iiif/manifest" }, "geometry": { "type": "Polygon", "coordinates": [ [ [ 125.0, 39.333333 ], [ 125.25, 39.333333 ], [ 125.25, 39.4999998 ], [ 125.0, 39.4999998 ], [ 125.0, 39.333333 ] ] ] } },
{ "type": "Feature", "properties": { "Id": 0, "Sheet_ID": "安州 12. 立石里", "label": "安州 12. 立石里", "call_short": "G7900 S50 .J3", "call_num": "G7900 S50 .J3 SHEET F6-12", "recid": "vj391rb6342", "websiteUrl": "https://purl.stanford.edu/vj391rb6342", "title": "[朝鮮五万分一地形圖]", "ckey": 9585328, "available": true, "iiifUrl": "https://purl.stanford.edu/vj391rb6342/iiif/manifest" }, "geometry": { "type": "Polygon", "coordinates": [ [ [ 125.25, 39.333333 ], [ 125.5, 39.333333 ], [ 125.5, 39.4999998 ], [ 125.25, 39.4999998 ], [ 125.25, 39.333333 ] ] ] } },
{ "type": "Feature", "properties": { "Id": 0, "Sheet_ID": "安州 8. 肅川", "label": "安州 8. 肅川", "call_short": "G7900 S50 .J3", "call_num": "G7900 S50 .J3 SHEET F6-8", "recid": "fx390kj4291", "websiteUrl": "https://purl.stanford.edu/fx390kj4291", "title": "[朝鮮五万分一地形圖]", "ckey": 9585328, "available": true, "iiifUrl": "https://purl.stanford.edu/fx390kj4291/iiif/manifest" }, "geometry": { "type": "Polygon", "coordinates": [ [ [ 125.5, 39.333333 ], [ 125.75, 39.333333 ], [ 125.75, 39.4999998 ], [ 125.5, 39.4999998 ], [ 125.5, 39.333333 ] ] ] } },
{ "type": "Feature", "properties": { "Id": 0, "Sheet_ID": "安州 4. 順川", "label": "安州 4. 順川", "call_short": "G7900 S50 .J3", "call_num": "G7900 S50 .J3 SHEET F6-4", "recid": "kc366sd2381", "websiteUrl": "https://purl.stanford.edu/kc366sd2381", "title": "[朝鮮五万分一地形圖]", "ckey": 9585328, "available": true, "iiifUrl": "https://purl.stanford.edu/kc366sd2381/iiif/manifest" }, "geometry": { "type": "Polygon", "coordinates": [ [ [ 125.75, 39.333333 ], [ 126.0, 39.333333 ], [ 126.0, 39.4999998 ], [ 125.75, 39.4999998 ], [ 125.75, 39.333333 ] ] ] } },
{ "type": "Feature", "properties": { "Id": 0, "Sheet_ID": "安州 15R. 天台洞", "label": "安州 15R. 天台洞", "call_short": "G7900 S50 .J3", "call_num": "G7900 S50 .J3 SHEET F6-15R", "recid": "kc965jm4735", "websiteUrl": "https://purl.stanford.edu/kc965jm4735", "title": "[朝鮮五万分一地形圖]", "ckey": 9585328, "available": true, "iiifUrl": "https://purl.stanford.edu/kc965jm4735/iiif/manifest" }, "geometry": { "type": "Polygon", "coordinates": [ [ [ 125.0, 39.4999998 ], [ 125.25, 39.4999998 ], [ 125.25, 39.6666665 ], [ 125.0, 39.6666665 ], [ 125.0, 39.4999998 ] ] ] } },
{ "type": "Feature", "properties": { "Id": 0, "Sheet_ID": "安州 11. 雲田洞", "label": "安州 11. 雲田洞", "call_short": "G7900 S50 .J3", "call_num": "G7900 S50 .J3 SHEET F6-11", "recid": "zv535tc3285", "websiteUrl": "https://purl.stanford.edu/zv535tc3285", "title": "[朝鮮五万分一地形圖]", "ckey": 9585328, "available": true, "iiifUrl": "https://purl.stanford.edu/zv535tc3285/iiif/manifest" }, "geometry": { "type": "Polygon", "coordinates": [ [ [ 125.25, 39.4999998 ], [ 125.5, 39.4999998 ], [ 125.5, 39.6666665 ], [ 125.25, 39.6666665 ], [ 125.25, 39.4999998 ] ] ] } },
{ "type": "Feature", "properties": { "Id": 0, "Sheet_ID": "安州 7. 安州", "label": "安州 7. 安州", "call_short": "G7900 S50 .J3", "call_num": "G7900 S50 .J3 SHEET F6-7", "recid": "jg458cc6192", "websiteUrl": "https://purl.stanford.edu/jg458cc6192", "title": "[朝鮮五万分一地形圖]", "ckey": 9585328, "available": true, "iiifUrl": "https://purl.stanford.edu/jg458cc6192/iiif/manifest" }, "geometry": { "type": "Polygon", "coordinates": [ [ [ 125.5, 39.4999998 ], [ 125.75, 39.4999998 ], [ 125.75, 39.6666665 ], [ 125.5, 39.6666665 ], [ 125.5, 39.4999998 ] ] ] } },
{ "type": "Feature", "properties": { "Id": 0, "Sheet_ID": "安州 3. 平院里", "label": "安州 3. 平院里", "call_short": "G7900 S50 .J3", "call_num": "G7900 S50 .J3 SHEET F6-3", "recid": "mb028qy4453", "websiteUrl": "https://purl.stanford.edu/mb028qy4453", "title": "[朝鮮五万分一地形圖]", "ckey": 9585328, "available": true, "iiifUrl": "https://purl.stanford.edu/mb028qy4453/iiif/manifest" }, "geometry": { "type": "Polygon", "coordinates": [ [ [ 125.75, 39.4999998 ], [ 126.0, 39.4999998 ], [ 126.0, 39.6666665 ], [ 125.75, 39.6666665 ], [ 125.75, 39.4999998 ] ] ] } },
{ "type": "Feature", "properties": { "Id": 0, "Sheet_ID": "安州 14R. 定州", "label": "安州 14R. 定州", "call_short": "G7900 S50 .J3", "call_num": "G7900 S50 .J3 SHEET F6-14R", "recid": "bc336kw7428", "websiteUrl": "https://purl.stanford.edu/bc336kw7428", "title": "[朝鮮五万分一地形圖]", "ckey": 9585328, "available": true, "iiifUrl": "https://purl.stanford.edu/bc336kw7428/iiif/manifest" }, "geometry": { "type": "Polygon", "coordinates": [ [ [ 125.0, 39.6666665 ], [ 125.25, 39.6666665 ], [ 125.25, 39.8333333 ], [ 125.0, 39.8333333 ], [ 125.0, 39.6666665 ] ] ] } },
{ "type": "Feature", "properties": { "Id": 0, "Sheet_ID": "安州 10. 納清亭", "label": "安州 10. 納清亭", "call_short": "G7900 S50 .J3", "call_num": "G7900 S50 .J3 SHEET F6-10", "recid": "tp769kg1105", "websiteUrl": "https://purl.stanford.edu/tp769kg1105", "title": "[朝鮮五万分一地形圖]", "ckey": 9585328, "available": true, "iiifUrl": "https://purl.stanford.edu/tp769kg1105/iiif/manifest" }, "geometry": { "type": "Polygon", "coordinates": [ [ [ 125.25, 39.6666665 ], [ 125.5, 39.6666665 ], [ 125.5, 39.8333333 ], [ 125.25, 39.8333333 ], [ 125.25, 39.6666665 ] ] ] } },
{ "type": "Feature", "properties": { "Id": 0, "Sheet_ID": "安州 6. 博川", "label": "安州 6. 博川", "call_short": "G7900 S50 .J3", "call_num": "G7900 S50 .J3 SHEET F6-6", "recid": "rp267sr4430", "websiteUrl": "https://purl.stanford.edu/rp267sr4430", "title": "[朝鮮五万分一地形圖]", "ckey": 9585328, "available": true, "iiifUrl": "https://purl.stanford.edu/rp267sr4430/iiif/manifest" }, "geometry": { "type": "Polygon", "coordinates": [ [ [ 125.5, 39.6666665 ], [ 125.75, 39.6666665 ], [ 125.75, 39.8333333 ], [ 125.5, 39.8333333 ], [ 125.5, 39.6666665 ] ] ] } },
{ "type": "Feature", "properties": { "Id": 0, "Sheet_ID": "安州 2. 寧邊", "label": "安州 2. 寧邊", "call_short": "G7900 S50 .J3", "call_num": "G7900 S50 .J3 SHEET F6-2", "recid": "wm181yb0740", "websiteUrl": "https://purl.stanford.edu/wm181yb0740", "title": "[朝鮮五万分一地形圖]", "ckey": 9585328, "available": true, "iiifUrl": "https://purl.stanford.edu/wm181yb0740/iiif/manifest" }, "geometry": { "type": "Polygon", "coordinates": [ [ [ 125.75, 39.6666665 ], [ 126.0, 39.6666665 ], [ 126.0, 39.8333333 ], [ 125.75, 39.8333333 ], [ 125.75, 39.6666665 ] ] ] } },
{ "type": "Feature", "properties": { "Id": 0, "Sheet_ID": "安州 13. 南市", "label": "安州 13. 南市", "call_short": "G7900 S50 .J3", "call_num": "G7900 S50 .J3 SHEET F6-13", "recid": "bs722ng3184", "websiteUrl": "https://purl.stanford.edu/bs722ng3184", "title": "[朝鮮五万分一地形圖]", "ckey": 9585328, "available": true, "iiifUrl": "https://purl.stanford.edu/bs722ng3184/iiif/manifest" }, "geometry": { "type": "Polygon", "coordinates": [ [ [ 125.0, 39.8333333 ], [ 125.25, 39.8333333 ], [ 125.25, 40.0 ], [ 125.0, 40.0 ], [ 125.0, 39.8333333 ] ] ] } },
{ "type": "Feature", "properties": { "Id": 0, "Sheet_ID": "安州 9. 亀城", "label": "安州 9. 亀城", "call_short": "G7900 S50 .J3", "call_num": "G7900 S50 .J3 SHEET F6-9", "recid": "bn629cp5267", "websiteUrl": "https://purl.stanford.edu/bn629cp5267", "title": "[朝鮮五万分一地形圖]", "ckey": 9585328, "available": true, "iiifUrl": "https://purl.stanford.edu/bn629cp5267/iiif/manifest" }, "geometry": { "type": "Polygon", "coordinates": [ [ [ 125.25, 39.8333333 ], [ 125.5, 39.8333333 ], [ 125.5, 40.0 ], [ 125.25, 40.0 ], [ 125.25, 39.8333333 ] ] ] } },
{ "type": "Feature", "properties": { "Id": 0, "Sheet_ID": "安州 5. 古城洞", "label": "安州 5. 古城洞", "call_short": "G7900 S50 .J3", "call_num": "G7900 S50 .J3 SHEET F6-5", "recid": "rf113th2020", "websiteUrl": "https://purl.stanford.edu/rf113th2020", "title": "[朝鮮五万分一地形圖]", "ckey": 9585328, "available": true, "iiifUrl": "https://purl.stanford.edu/rf113th2020/iiif/manifest" }, "geometry": { "type": "Polygon", "coordinates": [ [ [ 125.5, 39.8333333 ], [ 125.75, 39.8333333 ], [ 125.75, 40.0 ], [ 125.5, 40.0 ], [ 125.5, 39.8333333 ] ] ] } },
{ "type": "Feature", "properties": { "Id": 0, "Sheet_ID": "安州 1. 雲山", "label": "安州 1. 雲山", "call_short": "G7900 S50 .J3", "call_num": "G7900 S50 .J3 SHEET F6-1", "recid": "kk621dp1297", "websiteUrl": "https://purl.stanford.edu/kk621dp1297", "title": "[朝鮮五万分一地形圖]", "ckey": 9585328, "available": true, "iiifUrl": "https://purl.stanford.edu/kk621dp1297/iiif/manifest" }, "geometry": { "type": "Polygon", "coordinates": [ [ [ 125.75, 39.8333333 ], [ 126.0, 39.8333333 ], [ 126.0, 40.0 ], [ 125.75, 40.0 ], [ 125.75, 39.8333333 ] ] ] } },
{ "type": "Feature", "properties": { "Id": 0, "Sheet_ID": "安州 1R. 雲山", "label": "安州 1R. 雲山", "call_short": "G7900 S50 .J3", "call_num": "G7900 S50 .J3 SHEET F6-1R", "recid": "cv628vc1439", "websiteUrl": "https://purl.stanford.edu/cv628vc1439", "title": "[朝鮮五万分一地形圖]", "ckey": 9585328, "available": true, "iiifUrl": "https://purl.stanford.edu/cv628vc1439/iiif/manifest" }, "geometry": { "type": "Polygon", "coordinates": [ [ [ 125.75, 39.8333333 ], [ 126.0, 39.8333333 ], [ 126.0, 40.0 ], [ 125.75, 40.0 ], [ 125.75, 39.8333333 ] ] ] } },
{ "type": "Feature", "properties": { "Id": 0, "Sheet_ID": "安州 2R. 寧邊", "label": "安州 2R. 寧邊", "call_short": "G7900 S50 .J3", "call_num": "G7900 S50 .J3 SHEET F6-2R", "recid": "bg113sp4974", "websiteUrl": "https://purl.stanford.edu/bg113sp4974", "title": "[朝鮮五万分一地形圖]", "ckey": 9585328, "available": true, "iiifUrl": "https://purl.stanford.edu/bg113sp4974/iiif/manifest" }, "geometry": { "type": "Polygon", "coordinates": [ [ [ 125.75, 39.6666665 ], [ 126.0, 39.6666665 ], [ 126.0, 39.8333333 ], [ 125.75, 39.8333333 ], [ 125.75, 39.6666665 ] ] ] } },
{ "type": "Feature", "properties": { "Id": 0, "Sheet_ID": "安州 3R. 平院里", "label": "安州 3R. 平院里", "call_short": "G7900 S50 .J3", "call_num": "G7900 S50 .J3 SHEET F6-3R", "recid": "gp000pt8063", "websiteUrl": "https://purl.stanford.edu/gp000pt8063", "title": "[朝鮮五万分一地形圖]", "ckey": 9585328, "available": true, "iiifUrl": "https://purl.stanford.edu/gp000pt8063/iiif/manifest" }, "geometry": { "type": "Polygon", "coordinates": [ [ [ 125.75, 39.4999998 ], [ 126.0, 39.4999998 ], [ 126.0, 39.6666665 ], [ 125.75, 39.6666665 ], [ 125.75, 39.4999998 ] ] ] } },
{ "type": "Feature", "properties": { "Id": 0, "Sheet_ID": "安州 5R. 古城洞", "label": "安州 5R. 古城洞", "call_short": "G7900 S50 .J3", "call_num": "G7900 S50 .J3 SHEET F6-5R", "recid": "rz260yr8285", "websiteUrl": "https://purl.stanford.edu/rz260yr8285", "title": "[朝鮮五万分一地形圖]", "ckey": 9585328, "available": true, "iiifUrl": "https://purl.stanford.edu/rz260yr8285/iiif/manifest" }, "geometry": { "type": "Polygon", "coordinates": [ [ [ 125.5, 39.8333333 ], [ 125.75, 39.8333333 ], [ 125.75, 40.0 ], [ 125.5, 40.0 ], [ 125.5, 39.8333333 ] ] ] } },
{ "type": "Feature", "properties": { "Id": 0, "Sheet_ID": "安州 6R. 博川", "label": "安州 6R. 博川", "call_short": "G7900 S50 .J3", "call_num": "G7900 S50 .J3 SHEET F6-6R", "recid": "kc482nj6499", "websiteUrl": "https://purl.stanford.edu/kc482nj6499", "title": "[朝鮮五万分一地形圖]", "ckey": 9585328, "available": true, "iiifUrl": "https://purl.stanford.edu/kc482nj6499/iiif/manifest" }, "geometry": { "type": "Polygon", "coordinates": [ [ [ 125.5, 39.6666665 ], [ 125.75, 39.6666665 ], [ 125.75, 39.8333333 ], [ 125.5, 39.8333333 ], [ 125.5, 39.6666665 ] ] ] } },
{ "type": "Feature", "properties": { "Id": 0, "Sheet_ID": "安州 7R. 安州", "label": "安州 7R. 安州", "call_short": "G7900 S50 .J3", "call_num": "G7900 S50 .J3 SHEET F6-7R", "recid": "rg766yv9701", "websiteUrl": "https://purl.stanford.edu/rg766yv9701", "title": "[朝鮮五万分一地形圖]", "ckey": 9585328, "available": true, "iiifUrl": "https://purl.stanford.edu/rg766yv9701/iiif/manifest" }, "geometry": { "type": "Polygon", "coordinates": [ [ [ 125.5, 39.4999998 ], [ 125.75, 39.4999998 ], [ 125.75, 39.6666665 ], [ 125.5, 39.6666665 ], [ 125.5, 39.4999998 ] ] ] } },
{ "type": "Feature", "properties": { "Id": 0, "Sheet_ID": "安州 8R. 肅川", "label": "安州 8R. 肅川", "call_short": "G7900 S50 .J3", "call_num": "G7900 S50 .J3 SHEET F6-8R", "recid": "fh964vz1263", "websiteUrl": "https://purl.stanford.edu/fh964vz1263", "title": "[朝鮮五万分一地形圖]", "ckey": 9585328, "available": true, "iiifUrl": "https://purl.stanford.edu/fh964vz1263/iiif/manifest" }, "geometry": { "type": "Polygon", "coordinates": [ [ [ 125.5, 39.333333 ], [ 125.75, 39.333333 ], [ 125.75, 39.4999998 ], [ 125.5, 39.4999998 ], [ 125.5, 39.333333 ] ] ] } },
{ "type": "Feature", "properties": { "Id": 0, "Sheet_ID": "安州 10R. 納清亭", "label": "安州 10R. 納清亭", "call_short": "G7900 S50 .J3", "call_num": "G7900 S50 .J3 SHEET F6-10R", "recid": "nd219rr2138", "websiteUrl": "https://purl.stanford.edu/nd219rr2138", "title": "[朝鮮五万分一地形圖]", "ckey": 9585328, "available": true, "iiifUrl": "https://purl.stanford.edu/nd219rr2138/iiif/manifest" }, "geometry": { "type": "Polygon", "coordinates": [ [ [ 125.25, 39.6666665 ], [ 125.5, 39.6666665 ], [ 125.5, 39.8333333 ], [ 125.25, 39.8333333 ], [ 125.25, 39.6666665 ] ] ] } },
{ "type": "Feature", "properties": { "Id": 0, "Sheet_ID": "安州 11R. 雲田洞", "label": "安州 11R. 雲田洞", "call_short": "G7900 S50 .J3", "call_num": "G7900 S50 .J3 SHEET F6-11R", "recid": "rv642cb5715", "websiteUrl": "https://purl.stanford.edu/rv642cb5715", "title": "[朝鮮五万分一地形圖]", "ckey": 9585328, "available": true, "iiifUrl": "https://purl.stanford.edu/rv642cb5715/iiif/manifest" }, "geometry": { "type": "Polygon", "coordinates": [ [ [ 125.25, 39.4999998 ], [ 125.5, 39.4999998 ], [ 125.5, 39.6666665 ], [ 125.25, 39.6666665 ], [ 125.25, 39.4999998 ] ] ] } },
{ "type": "Feature", "properties": { "Id": 0, "Sheet_ID": "安州 12R. 立石里", "label": "安州 12R. 立石里", "call_short": "G7900 S50 .J3", "call_num": "G7900 S50 .J3 SHEET F6-12R", "recid": "nm829fz8806", "websiteUrl": "https://purl.stanford.edu/nm829fz8806", "title": "[朝鮮五万分一地形圖]", "ckey": 9585328, "available": true, "iiifUrl": "https://purl.stanford.edu/nm829fz8806/iiif/manifest" }, "geometry": { "type": "Polygon", "coordinates": [ [ [ 125.25, 39.333333 ], [ 125.5, 39.333333 ], [ 125.5, 39.4999998 ], [ 125.25, 39.4999998 ], [ 125.25, 39.333333 ] ] ] } },
{ "type": "Feature", "properties": { "Id": 0, "Sheet_ID": "安州 13R. 南市", "label": "安州 13R. 南市", "call_short": "G7900 S50 .J3", "call_num": "G7900 S50 .J3 SHEET F6-13R", "recid": "qg626kf3328", "websiteUrl": "https://purl.stanford.edu/qg626kf3328", "title": "[朝鮮五万分一地形圖]", "ckey": 9585328, "available": true, "iiifUrl": "https://purl.stanford.edu/qg626kf3328/iiif/manifest" }, "geometry": { "type": "Polygon", "coordinates": [ [ [ 125.0, 39.8333333 ], [ 125.25, 39.8333333 ], [ 125.25, 40.0 ], [ 125.0, 40.0 ], [ 125.0, 39.8333333 ] ] ] } },
{ "type": "Feature", "properties": { "Id": 0, "Sheet_ID": "平壌 16R. 廣梁灣西部", "label": "平壌 16R. 廣梁灣西部", "call_short": "G7900 S50 .J3", "call_num": "G7900 S50 .J3 SHEET F7-16R", "recid": "jz059fj6937", "websiteUrl": "https://purl.stanford.edu/jz059fj6937", "title": "[朝鮮五万分一地形圖]", "ckey": 9585328, "available": true, "iiifUrl": "https://purl.stanford.edu/jz059fj6937/iiif/manifest" }, "geometry": { "type": "Polygon", "coordinates": [ [ [ 125.0, 38.666667 ], [ 125.25, 38.666667 ], [ 125.25, 38.8333335 ], [ 125.0, 38.8333335 ], [ 125.0, 38.666667 ] ] ] } },
{ "type": "Feature", "properties": { "Id": 0, "Sheet_ID": "平壌 12R. 鎭南浦", "label": "平壌 12R. 鎭南浦", "call_short": "G7900 S50 .J3", "call_num": "G7900 S50 .J3 SHEET F7-12R", "recid": "yb517fz0997", "websiteUrl": "https://purl.stanford.edu/yb517fz0997", "title": "[朝鮮五万分一地形圖]", "ckey": 9585328, "available": true, "iiifUrl": "https://purl.stanford.edu/yb517fz0997/iiif/manifest" }, "geometry": { "type": "Polygon", "coordinates": [ [ [ 125.25, 38.666667 ], [ 125.5, 38.666667 ], [ 125.5, 38.8333335 ], [ 125.25, 38.8333335 ], [ 125.25, 38.666667 ] ] ] } },
{ "type": "Feature", "properties": { "Id": 0, "Sheet_ID": "平壌 8R. 兼二浦", "label": "平壌 8R. 兼二浦", "call_short": "G7900 S50 .J3", "call_num": "G7900 S50 .J3 SHEET F7-8R", "recid": "ys550cb2105", "websiteUrl": "https://purl.stanford.edu/ys550cb2105", "title": "[朝鮮五万分一地形圖]", "ckey": 9585328, "available": true, "iiifUrl": "https://purl.stanford.edu/ys550cb2105/iiif/manifest" }, "geometry": { "type": "Polygon", "coordinates": [ [ [ 125.5, 38.666667 ], [ 125.75, 38.666667 ], [ 125.75, 38.8333335 ], [ 125.5, 38.8333335 ], [ 125.5, 38.666667 ] ] ] } },
{ "type": "Feature", "properties": { "Id": 0, "Sheet_ID": "平壌 4. 黒橋", "label": "平壌 4. 黒橋", "call_short": "G7900 S50 .J3", "call_num": "G7900 S50 .J3 SHEET F7-4", "recid": "xq827rj5231", "websiteUrl": "https://purl.stanford.edu/xq827rj5231", "title": "[朝鮮五万分一地形圖]", "ckey": 9585328, "available": true, "iiifUrl": "https://purl.stanford.edu/xq827rj5231/iiif/manifest" }, "geometry": { "type": "Polygon", "coordinates": [ [ [ 125.75, 38.666667 ], [ 126.0, 38.666667 ], [ 126.0, 38.8333335 ], [ 125.75, 38.8333335 ], [ 125.75, 38.666667 ] ] ] } },
{ "type": "Feature", "properties": { "Id": 0, "Sheet_ID": "平壌 15. 温井里", "label": "平壌 15. 温井里", "call_short": "G7900 S50 .J3", "call_num": "G7900 S50 .J3 SHEET F7-15", "recid": "zh230dd4936", "websiteUrl": "https://purl.stanford.edu/zh230dd4936", "title": "[朝鮮五万分一地形圖]", "ckey": 9585328, "available": true, "iiifUrl": "https://purl.stanford.edu/zh230dd4936/iiif/manifest" }, "geometry": { "type": "Polygon", "coordinates": [ [ [ 125.0, 38.8333335 ], [ 125.25, 38.8333335 ], [ 125.25, 39.0 ], [ 125.0, 39.0 ], [ 125.0, 38.8333335 ] ] ] } },
{ "type": "Feature", "properties": { "Id": 0, "Sheet_ID": "平壌 11R. 江西", "label": "平壌 11R. 江西", "call_short": "G7900 S50 .J3", "call_num": "G7900 S50 .J3 SHEET F7-11R", "recid": "qw838jk4620", "websiteUrl": "https://purl.stanford.edu/qw838jk4620", "title": "[朝鮮五万分一地形圖]", "ckey": 9585328, "available": true, "iiifUrl": "https://purl.stanford.edu/qw838jk4620/iiif/manifest" }, "geometry": { "type": "Polygon", "coordinates": [ [ [ 125.25, 38.8333335 ], [ 125.5, 38.8333335 ], [ 125.5, 39.0 ], [ 125.25, 39.0 ], [ 125.25, 38.8333335 ] ] ] } },
{ "type": "Feature", "properties": { "Id": 0, "Sheet_ID": "平壌 7. 岐陽", "label": "平壌 7. 岐陽", "call_short": "G7900 S50 .J3", "call_num": "G7900 S50 .J3 SHEET F7-7", "recid": "km122qy9965", "websiteUrl": "https://purl.stanford.edu/km122qy9965", "title": "[朝鮮五万分一地形圖]", "ckey": 9585328, "available": true, "iiifUrl": "https://purl.stanford.edu/km122qy9965/iiif/manifest" }, "geometry": { "type": "Polygon", "coordinates": [ [ [ 125.5, 38.8333335 ], [ 125.75, 38.8333335 ], [ 125.75, 39.0 ], [ 125.5, 39.0 ], [ 125.5, 38.8333335 ] ] ] } },
{ "type": "Feature", "properties": { "Id": 0, "Sheet_ID": "平壌 3. 中和", "label": "平壌 3. 中和", "call_short": "G7900 S50 .J3", "call_num": "G7900 S50 .J3 SHEET F7-3", "recid": "jb175ny1659", "websiteUrl": "https://purl.stanford.edu/jb175ny1659", "title": "[朝鮮五万分一地形圖]", "ckey": 9585328, "available": true, "iiifUrl": "https://purl.stanford.edu/jb175ny1659/iiif/manifest" }, "geometry": { "type": "Polygon", "coordinates": [ [ [ 125.75, 38.8333335 ], [ 126.0, 38.8333335 ], [ 126.0, 39.0 ], [ 125.75, 39.0 ], [ 125.75, 38.8333335 ] ] ] } },
{ "type": "Feature", "properties": { "Id": 0, "Sheet_ID": "平壌 14. 二鴨島", "label": "平壌 14. 二鴨島", "call_short": "G7900 S50 .J3", "call_num": "G7900 S50 .J3 SHEET F7-14", "recid": "zp382gy8393", "websiteUrl": "https://purl.stanford.edu/zp382gy8393", "title": "[朝鮮五万分一地形圖]", "ckey": 9585328, "available": true, "iiifUrl": "https://purl.stanford.edu/zp382gy8393/iiif/manifest" }, "geometry": { "type": "Polygon", "coordinates": [ [ [ 125.0, 39.0 ], [ 125.25, 39.0 ], [ 125.25, 39.1666665 ], [ 125.0, 39.1666665 ], [ 125.0, 39.0 ] ] ] } },
{ "type": "Feature", "properties": { "Id": 0, "Sheet_ID": "平壌 10. 甑山", "label": "平壌 10. 甑山", "call_short": "G7900 S50 .J3", "call_num": "G7900 S50 .J3 SHEET F7-10", "recid": "fp192cq1681", "websiteUrl": "https://purl.stanford.edu/fp192cq1681", "title": "[朝鮮五万分一地形圖]", "ckey": 9585328, "available": true, "iiifUrl": "https://purl.stanford.edu/fp192cq1681/iiif/manifest" }, "geometry": { "type": "Polygon", "coordinates": [ [ [ 125.25, 39.0 ], [ 125.5, 39.0 ], [ 125.5, 39.1666665 ], [ 125.25, 39.1666665 ], [ 125.25, 39.0 ] ] ] } },
{ "type": "Feature", "properties": { "Id": 0, "Sheet_ID": "平壌 6. 平壤西部", "label": "平壌 6. 平壤西部", "call_short": "G7900 S50 .J3", "call_num": "G7900 S50 .J3 SHEET F7-6", "recid": "fz150dk0454", "websiteUrl": "https://purl.stanford.edu/fz150dk0454", "title": "[朝鮮五万分一地形圖]", "ckey": 9585328, "available": true, "iiifUrl": "https://purl.stanford.edu/fz150dk0454/iiif/manifest" }, "geometry": { "type": "Polygon", "coordinates": [ [ [ 125.5, 39.0 ], [ 125.75, 39.0 ], [ 125.75, 39.1666665 ], [ 125.5, 39.1666665 ], [ 125.5, 39.0 ] ] ] } },
{ "type": "Feature", "properties": { "Id": 0, "Sheet_ID": "平壌 2R. 平壤東部", "label": "平壌 2R. 平壤東部", "call_short": "G7900 S50 .J3", "call_num": "G7900 S50 .J3 SHEET F7-2R", "recid": "wg273pq7643", "websiteUrl": "https://purl.stanford.edu/wg273pq7643", "title": "[朝鮮五万分一地形圖]", "ckey": 9585328, "available": true, "iiifUrl": "https://purl.stanford.edu/wg273pq7643/iiif/manifest" }, "geometry": { "type": "Polygon", "coordinates": [ [ [ 125.75, 39.0 ], [ 126.0, 39.0 ], [ 126.0, 39.1666665 ], [ 125.75, 39.1666665 ], [ 125.75, 39.0 ] ] ] } },
{ "type": "Feature", "properties": { "Id": 0, "Sheet_ID": "平壌 9R. 漢川", "label": "平壌 9R. 漢川", "call_short": "G7900 S50 .J3", "call_num": "G7900 S50 .J3 SHEET F7-9R", "recid": "xb650cq2787", "websiteUrl": "https://purl.stanford.edu/xb650cq2787", "title": "[朝鮮五万分一地形圖]", "ckey": 9585328, "available": true, "iiifUrl": "https://purl.stanford.edu/xb650cq2787/iiif/manifest" }, "geometry": { "type": "Polygon", "coordinates": [ [ [ 125.25, 39.1666665 ], [ 125.5, 39.1666665 ], [ 125.5, 39.333333 ], [ 125.25, 39.333333 ], [ 125.25, 39.1666665 ] ] ] } },
{ "type": "Feature", "properties": { "Id": 0, "Sheet_ID": "平壌 5. 順安", "label": "平壌 5. 順安", "call_short": "G7900 S50 .J3", "call_num": "G7900 S50 .J3 SHEET F7-5", "recid": "qs438fm7134", "websiteUrl": "https://purl.stanford.edu/qs438fm7134", "title": "[朝鮮五万分一地形圖]", "ckey": 9585328, "available": true, "iiifUrl": "https://purl.stanford.edu/qs438fm7134/iiif/manifest" }, "geometry": { "type": "Polygon", "coordinates": [ [ [ 125.5, 39.1666665 ], [ 125.75, 39.1666665 ], [ 125.75, 39.333333 ], [ 125.5, 39.333333 ], [ 125.5, 39.1666665 ] ] ] } },
{ "type": "Feature", "properties": { "Id": 0, "Sheet_ID": "平壌 1. 舎人場", "label": "平壌 1. 舎人場", "call_short": "G7900 S50 .J3", "call_num": "G7900 S50 .J3 SHEET F7-1", "recid": "tt401pb2335", "websiteUrl": "https://purl.stanford.edu/tt401pb2335", "title": "[朝鮮五万分一地形圖]", "ckey": 9585328, "available": true, "iiifUrl": "https://purl.stanford.edu/tt401pb2335/iiif/manifest" }, "geometry": { "type": "Polygon", "coordinates": [ [ [ 125.75, 39.1666665 ], [ 126.0, 39.1666665 ], [ 126.0, 39.333333 ], [ 125.75, 39.333333 ], [ 125.75, 39.1666665 ] ] ] } },
{ "type": "Feature", "properties": { "Id": 0, "Sheet_ID": "平壌 1R. 舎人場", "label": "平壌 1R. 舎人場", "call_short": "G7900 S50 .J3", "call_num": "G7900 S50 .J3 SHEET F7-1R", "recid": "hs762vs8475", "websiteUrl": "https://purl.stanford.edu/hs762vs8475", "title": "[朝鮮五万分一地形圖]", "ckey": 9585328, "available": true, "iiifUrl": "https://purl.stanford.edu/hs762vs8475/iiif/manifest" }, "geometry": { "type": "Polygon", "coordinates": [ [ [ 125.75, 39.1666665 ], [ 126.0, 39.1666665 ], [ 126.0, 39.333333 ], [ 125.75, 39.333333 ], [ 125.75, 39.1666665 ] ] ] } },
{ "type": "Feature", "properties": { "Id": 0, "Sheet_ID": "平壌 3R. 中和", "label": "平壌 3R. 中和", "call_short": "G7900 S50 .J3", "call_num": "G7900 S50 .J3 SHEET F7-3R", "recid": "pt160ng8593", "websiteUrl": "https://purl.stanford.edu/pt160ng8593", "title": "[朝鮮五万分一地形圖]", "ckey": 9585328, "available": true, "iiifUrl": "https://purl.stanford.edu/pt160ng8593/iiif/manifest" }, "geometry": { "type": "Polygon", "coordinates": [ [ [ 125.75, 38.8333335 ], [ 126.0, 38.8333335 ], [ 126.0, 39.0 ], [ 125.75, 39.0 ], [ 125.75, 38.8333335 ] ] ] } },
{ "type": "Feature", "properties": { "Id": 0, "Sheet_ID": "平壌 4R. 黒橋", "label": "平壌 4R. 黒橋", "call_short": "G7900 S50 .J3", "call_num": "G7900 S50 .J3 SHEET F7-4R", "recid": "gr579kd5826", "websiteUrl": "https://purl.stanford.edu/gr579kd5826", "title": "[朝鮮五万分一地形圖]", "ckey": 9585328, "available": true, "iiifUrl": "https://purl.stanford.edu/gr579kd5826/iiif/manifest" }, "geometry": { "type": "Polygon", "coordinates": [ [ [ 125.75, 38.666667 ], [ 126.0, 38.666667 ], [ 126.0, 38.8333335 ], [ 125.75, 38.8333335 ], [ 125.75, 38.666667 ] ] ] } },
{ "type": "Feature", "properties": { "Id": 0, "Sheet_ID": "平壌 5R. 順安", "label": "平壌 5R. 順安", "call_short": "G7900 S50 .J3", "call_num": "G7900 S50 .J3 SHEET F7-5R", "recid": "ry985bm1264", "websiteUrl": "https://purl.stanford.edu/ry985bm1264", "title": "[朝鮮五万分一地形圖]", "ckey": 9585328, "available": true, "iiifUrl": "https://purl.stanford.edu/ry985bm1264/iiif/manifest" }, "geometry": { "type": "Polygon", "coordinates": [ [ [ 125.5, 39.1666665 ], [ 125.75, 39.1666665 ], [ 125.75, 39.333333 ], [ 125.5, 39.333333 ], [ 125.5, 39.1666665 ] ] ] } },
{ "type": "Feature", "properties": { "Id": 0, "Sheet_ID": "平壌 6R. 平壤西部", "label": "平壌 6R. 平壤西部", "call_short": "G7900 S50 .J3", "call_num": "G7900 S50 .J3 SHEET F7-6R", "recid": "qx055dk7674", "websiteUrl": "https://purl.stanford.edu/qx055dk7674", "title": "[朝鮮五万分一地形圖]", "ckey": 9585328, "available": true, "iiifUrl": "https://purl.stanford.edu/qx055dk7674/iiif/manifest" }, "geometry": { "type": "Polygon", "coordinates": [ [ [ 125.5, 39.0 ], [ 125.75, 39.0 ], [ 125.75, 39.1666665 ], [ 125.5, 39.1666665 ], [ 125.5, 39.0 ] ] ] } },
{ "type": "Feature", "properties": { "Id": 0, "Sheet_ID": "平壌 7R. 岐陽", "label": "平壌 7R. 岐陽", "call_short": "G7900 S50 .J3", "call_num": "G7900 S50 .J3 SHEET F7-7R", "recid": "bx744rr7866", "websiteUrl": "https://purl.stanford.edu/bx744rr7866", "title": "[朝鮮五万分一地形圖]", "ckey": 9585328, "available": true, "iiifUrl": "https://purl.stanford.edu/bx744rr7866/iiif/manifest" }, "geometry": { "type": "Polygon", "coordinates": [ [ [ 125.5, 38.8333335 ], [ 125.75, 38.8333335 ], [ 125.75, 39.0 ], [ 125.5, 39.0 ], [ 125.5, 38.8333335 ] ] ] } },
{ "type": "Feature", "properties": { "Id": 0, "Sheet_ID": "平壌 10R. 甑山", "label": "平壌 10R. 甑山", "call_short": "G7900 S50 .J3", "call_num": "G7900 S50 .J3 SHEET F7-10R", "recid": "kz872mv7135", "websiteUrl": "https://purl.stanford.edu/kz872mv7135", "title": "[朝鮮五万分一地形圖]", "ckey": 9585328, "available": true, "iiifUrl": "https://purl.stanford.edu/kz872mv7135/iiif/manifest" }, "geometry": { "type": "Polygon", "coordinates": [ [ [ 125.25, 39.0 ], [ 125.5, 39.0 ], [ 125.5, 39.1666665 ], [ 125.25, 39.1666665 ], [ 125.25, 39.0 ] ] ] } },
{ "type": "Feature", "properties": { "Id": 0, "Sheet_ID": "平壌 14R. 二鴨島", "label": "平壌 14R. 二鴨島", "call_short": "G7900 S50 .J3", "call_num": "G7900 S50 .J3 SHEET F7-14R", "recid": "xs237kh4508", "websiteUrl": "https://purl.stanford.edu/xs237kh4508", "title": "[朝鮮五万分一地形圖]", "ckey": 9585328, "available": true, "iiifUrl": "https://purl.stanford.edu/xs237kh4508/iiif/manifest" }, "geometry": { "type": "Polygon", "coordinates": [ [ [ 125.0, 39.0 ], [ 125.25, 39.0 ], [ 125.25, 39.1666665 ], [ 125.0, 39.1666665 ], [ 125.0, 39.0 ] ] ] } },
{ "type": "Feature", "properties": { "Id": 0, "Sheet_ID": "平壌 15R. 温井里", "label": "平壌 15R. 温井里", "call_short": "G7900 S50 .J3", "call_num": "G7900 S50 .J3 SHEET F7-15R", "recid": "vt232dw8189", "websiteUrl": "https://purl.stanford.edu/vt232dw8189", "title": "[朝鮮五万分一地形圖]", "ckey": 9585328, "available": true, "iiifUrl": "https://purl.stanford.edu/vt232dw8189/iiif/manifest" }, "geometry": { "type": "Polygon", "coordinates": [ [ [ 125.0, 38.8333335 ], [ 125.25, 38.8333335 ], [ 125.25, 39.0 ], [ 125.0, 39.0 ], [ 125.0, 38.8333335 ] ] ] } },
{ "type": "Feature", "properties": { "Id": 0, "Sheet_ID": "海州 16R. 南湖里", "label": "海州 16R. 南湖里", "call_short": "G7900 S50 .J3", "call_num": "G7900 S50 .J3 SHEET F8-16R", "recid": "fw835qs6564", "websiteUrl": "https://purl.stanford.edu/fw835qs6564", "title": "[朝鮮五万分一地形圖]", "ckey": 9585328, "available": true, "iiifUrl": "https://purl.stanford.edu/fw835qs6564/iiif/manifest" }, "geometry": { "type": "Polygon", "coordinates": [ [ [ 125.0, 38.0 ], [ 125.25, 38.0 ], [ 125.25, 38.1666667 ], [ 125.0, 38.1666667 ], [ 125.0, 38.0 ] ] ] } },
{ "type": "Feature", "properties": { "Id": 0, "Sheet_ID": "海州 12R. 苔灘", "label": "海州 12R. 苔灘", "call_short": "G7900 S50 .J3", "call_num": "G7900 S50 .J3 SHEET F8-12R", "recid": "wk141gq4821", "websiteUrl": "https://purl.stanford.edu/wk141gq4821", "title": "[朝鮮五万分一地形圖]", "ckey": 9585328, "available": true, "iiifUrl": "https://purl.stanford.edu/wk141gq4821/iiif/manifest" }, "geometry": { "type": "Polygon", "coordinates": [ [ [ 125.25, 38.0 ], [ 125.5, 38.0 ], [ 125.5, 38.1666667 ], [ 125.25, 38.1666667 ], [ 125.25, 38.0 ] ] ] } },
{ "type": "Feature", "properties": { "Id": 0, "Sheet_ID": "海州 8R. 海州", "label": "海州 8R. 海州", "call_short": "G7900 S50 .J3", "call_num": "G7900 S50 .J3 SHEET F8-8R", "recid": "wb497vn4428", "websiteUrl": "https://purl.stanford.edu/wb497vn4428", "title": "[朝鮮五万分一地形圖]", "ckey": 9585328, "available": true, "iiifUrl": "https://purl.stanford.edu/wb497vn4428/iiif/manifest" }, "geometry": { "type": "Polygon", "coordinates": [ [ [ 125.5, 38.0 ], [ 125.75, 38.0 ], [ 125.75, 38.1666667 ], [ 125.5, 38.1666667 ], [ 125.5, 38.0 ] ] ] } },
{ "type": "Feature", "properties": { "Id": 0, "Sheet_ID": "海州 4R. 新酒幕", "label": "海州 4R. 新酒幕", "call_short": "G7900 S50 .J3", "call_num": "G7900 S50 .J3 SHEET F8-4R", "recid": "kg834jw3239", "websiteUrl": "https://purl.stanford.edu/kg834jw3239", "title": "[朝鮮五万分一地形圖]", "ckey": 9585328, "available": true, "iiifUrl": "https://purl.stanford.edu/kg834jw3239/iiif/manifest" }, "geometry": { "type": "Polygon", "coordinates": [ [ [ 125.75, 38.0 ], [ 126.0, 38.0 ], [ 126.0, 38.1666667 ], [ 125.75, 38.1666667 ], [ 125.75, 38.0 ] ] ] } },
{ "type": "Feature", "properties": { "Id": 0, "Sheet_ID": "海州 15R. 長淵", "label": "海州 15R. 長淵", "call_short": "G7900 S50 .J3", "call_num": "G7900 S50 .J3 SHEET F8-15R", "recid": "yw556bf1802", "websiteUrl": "https://purl.stanford.edu/yw556bf1802", "title": "[朝鮮五万分一地形圖]", "ckey": 9585328, "available": true, "iiifUrl": "https://purl.stanford.edu/yw556bf1802/iiif/manifest" }, "geometry": { "type": "Polygon", "coordinates": [ [ [ 125.0, 38.1666667 ], [ 125.25, 38.1666667 ], [ 125.25, 38.3333335 ], [ 125.0, 38.3333335 ], [ 125.0, 38.1666667 ] ] ] } },
{ "type": "Feature", "properties": { "Id": 0, "Sheet_ID": "海州 11R. 公税里", "label": "海州 11R. 公税里", "call_short": "G7900 S50 .J3", "call_num": "G7900 S50 .J3 SHEET F8-11R", "recid": "bj833zh5382", "websiteUrl": "https://purl.stanford.edu/bj833zh5382", "title": "[朝鮮五万分一地形圖]", "ckey": 9585328, "available": true, "iiifUrl": "https://purl.stanford.edu/bj833zh5382/iiif/manifest" }, "geometry": { "type": "Polygon", "coordinates": [ [ [ 125.25, 38.1666667 ], [ 125.5, 38.1666667 ], [ 125.5, 38.3333335 ], [ 125.25, 38.3333335 ], [ 125.25, 38.1666667 ] ] ] } },
{ "type": "Feature", "properties": { "Id": 0, "Sheet_ID": "海州 7R. 新院", "label": "海州 7R. 新院", "call_short": "G7900 S50 .J3", "call_num": "G7900 S50 .J3 SHEET F8-7R", "recid": "hk105by2066", "websiteUrl": "https://purl.stanford.edu/hk105by2066", "title": "[朝鮮五万分一地形圖]", "ckey": 9585328, "available": true, "iiifUrl": "https://purl.stanford.edu/hk105by2066/iiif/manifest" }, "geometry": { "type": "Polygon", "coordinates": [ [ [ 125.5, 38.1666667 ], [ 125.75, 38.1666667 ], [ 125.75, 38.3333335 ], [ 125.5, 38.3333335 ], [ 125.5, 38.1666667 ] ] ] } },
{ "type": "Feature", "properties": { "Id": 0, "Sheet_ID": "海州 3R. 青石頭里", "label": "海州 3R. 青石頭里", "call_short": "G7900 S50 .J3", "call_num": "G7900 S50 .J3 SHEET F8-3R", "recid": "yn701pf5881", "websiteUrl": "https://purl.stanford.edu/yn701pf5881", "title": "[朝鮮五万分一地形圖]", "ckey": 9585328, "available": true, "iiifUrl": "https://purl.stanford.edu/yn701pf5881/iiif/manifest" }, "geometry": { "type": "Polygon", "coordinates": [ [ [ 125.75, 38.1666667 ], [ 126.0, 38.1666667 ], [ 126.0, 38.3333335 ], [ 125.75, 38.3333335 ], [ 125.75, 38.1666667 ] ] ] } },
{ "type": "Feature", "properties": { "Id": 0, "Sheet_ID": "海州 14R. 松禾", "label": "海州 14R. 松禾", "call_short": "G7900 S50 .J3", "call_num": "G7900 S50 .J3 SHEET F8-14R", "recid": "fg200ty8972", "websiteUrl": "https://purl.stanford.edu/fg200ty8972", "title": "[朝鮮五万分一地形圖]", "ckey": 9585328, "available": true, "iiifUrl": "https://purl.stanford.edu/fg200ty8972/iiif/manifest" }, "geometry": { "type": "Polygon", "coordinates": [ [ [ 125.0, 38.3333335 ], [ 125.25, 38.3333335 ], [ 125.25, 38.5000002 ], [ 125.0, 38.5000002 ], [ 125.0, 38.3333335 ] ] ] } },
{ "type": "Feature", "properties": { "Id": 0, "Sheet_ID": "海州 10R. 信川", "label": "海州 10R. 信川", "call_short": "G7900 S50 .J3", "call_num": "G7900 S50 .J3 SHEET F8-10R", "recid": "tf507mn2958", "websiteUrl": "https://purl.stanford.edu/tf507mn2958", "title": "[朝鮮五万分一地形圖]", "ckey": 9585328, "available": true, "iiifUrl": "https://purl.stanford.edu/tf507mn2958/iiif/manifest" }, "geometry": { "type": "Polygon", "coordinates": [ [ [ 125.25, 38.3333335 ], [ 125.5, 38.3333335 ], [ 125.5, 38.5000002 ], [ 125.25, 38.5000002 ], [ 125.25, 38.3333335 ] ] ] } },
{ "type": "Feature", "properties": { "Id": 0, "Sheet_ID": "海州 6R. 載寧", "label": "海州 6R. 載寧", "call_short": "G7900 S50 .J3", "call_num": "G7900 S50 .J3 SHEET F8-6R", "recid": "xq424cz0048", "websiteUrl": "https://purl.stanford.edu/xq424cz0048", "title": "[朝鮮五万分一地形圖]", "ckey": 9585328, "available": true, "iiifUrl": "https://purl.stanford.edu/xq424cz0048/iiif/manifest" }, "geometry": { "type": "Polygon", "coordinates": [ [ [ 125.5, 38.3333335 ], [ 125.75, 38.3333335 ], [ 125.75, 38.5000002 ], [ 125.5, 38.5000002 ], [ 125.5, 38.3333335 ] ] ] } },
{ "type": "Feature", "properties": { "Id": 0, "Sheet_ID": "海州 2R. 銀波里", "label": "海州 2R. 銀波里", "call_short": "G7900 S50 .J3", "call_num": "G7900 S50 .J3 SHEET F8-2R", "recid": "zb900zz6355", "websiteUrl": "https://purl.stanford.edu/zb900zz6355", "title": "[朝鮮五万分一地形圖]", "ckey": 9585328, "available": true, "iiifUrl": "https://purl.stanford.edu/zb900zz6355/iiif/manifest" }, "geometry": { "type": "Polygon", "coordinates": [ [ [ 125.75, 38.3333335 ], [ 126.0, 38.3333335 ], [ 126.0, 38.5000002 ], [ 125.75, 38.5000002 ], [ 125.75, 38.3333335 ] ] ] } },
{ "type": "Feature", "properties": { "Id": 0, "Sheet_ID": "海州 13R. 殷栗", "label": "海州 13R. 殷栗", "call_short": "G7900 S50 .J3", "call_num": "G7900 S50 .J3 SHEET F8-13R", "recid": "sx490vg6329", "websiteUrl": "https://purl.stanford.edu/sx490vg6329", "title": "[朝鮮五万分一地形圖]", "ckey": 9585328, "available": true, "iiifUrl": "https://purl.stanford.edu/sx490vg6329/iiif/manifest" }, "geometry": { "type": "Polygon", "coordinates": [ [ [ 125.0, 38.5000002 ], [ 125.25, 38.5000002 ], [ 125.25, 38.666667 ], [ 125.0, 38.666667 ], [ 125.0, 38.5000002 ] ] ] } },
{ "type": "Feature", "properties": { "Id": 0, "Sheet_ID": "海州 9R. 安岳", "label": "海州 9R. 安岳", "call_short": "G7900 S50 .J3", "call_num": "G7900 S50 .J3 SHEET F8-9R", "recid": "my435cg0258", "websiteUrl": "https://purl.stanford.edu/my435cg0258", "title": "[朝鮮五万分一地形圖]", "ckey": 9585328, "available": true, "iiifUrl": "https://purl.stanford.edu/my435cg0258/iiif/manifest" }, "geometry": { "type": "Polygon", "coordinates": [ [ [ 125.25, 38.5000002 ], [ 125.5, 38.5000002 ], [ 125.5, 38.666667 ], [ 125.25, 38.666667 ], [ 125.25, 38.5000002 ] ] ] } },
{ "type": "Feature", "properties": { "Id": 0, "Sheet_ID": "海州 5R. 沙里院", "label": "海州 5R. 沙里院", "call_short": "G7900 S50 .J3", "call_num": "G7900 S50 .J3 SHEET F8-5R", "recid": "yr857hv4340", "websiteUrl": "https://purl.stanford.edu/yr857hv4340", "title": "[朝鮮五万分一地形圖]", "ckey": 9585328, "available": true, "iiifUrl": "https://purl.stanford.edu/yr857hv4340/iiif/manifest" }, "geometry": { "type": "Polygon", "coordinates": [ [ [ 125.5, 38.5000002 ], [ 125.75, 38.5000002 ], [ 125.75, 38.666667 ], [ 125.5, 38.666667 ], [ 125.5, 38.5000002 ] ] ] } },
{ "type": "Feature", "properties": { "Id": 0, "Sheet_ID": "海州 1R. 黄州", "label": "海州 1R. 黄州", "call_short": "G7900 S50 .J3", "call_num": "G7900 S50 .J3 SHEET F8-1R", "recid": "jq460rz3345", "websiteUrl": "https://purl.stanford.edu/jq460rz3345", "title": "[朝鮮五万分一地形圖]", "ckey": 9585328, "available": true, "iiifUrl": "https://purl.stanford.edu/jq460rz3345/iiif/manifest" }, "geometry": { "type": "Polygon", "coordinates": [ [ [ 125.75, 38.5000002 ], [ 126.0, 38.5000002 ], [ 126.0, 38.666667 ], [ 125.75, 38.666667 ], [ 125.75, 38.5000002 ] ] ] } },
{ "type": "Feature", "properties": { "Id": 0, "Sheet_ID": "義州 12R. 新義州及安東", "label": "義州 12R. 新義州及安東", "call_short": "G7900 S50 .J3", "call_num": "G7900 S50 .J3 SHEET G5-12R", "recid": "cg720gq0817", "websiteUrl": "https://purl.stanford.edu/cg720gq0817", "title": "[朝鮮五万分一地形圖]", "ckey": 9585328, "available": true, "iiifUrl": "https://purl.stanford.edu/cg720gq0817/iiif/manifest" }, "geometry": { "type": "Polygon", "coordinates": [ [ [ 124.25, 40.0 ], [ 124.5, 40.0 ], [ 124.5, 40.1666667 ], [ 124.25, 40.1666667 ], [ 124.25, 40.0 ] ] ] } },
{ "type": "Feature", "properties": { "Id": 0, "Sheet_ID": "義州 8. 枇峴", "label": "義州 8. 枇峴", "call_short": "G7900 S50 .J3", "call_num": "G7900 S50 .J3 SHEET G5-8", "recid": "jw621wh3377", "websiteUrl": "https://purl.stanford.edu/jw621wh3377", "title": "[朝鮮五万分一地形圖]", "ckey": 9585328, "available": true, "iiifUrl": "https://purl.stanford.edu/jw621wh3377/iiif/manifest" }, "geometry": { "type": "Polygon", "coordinates": [ [ [ 124.5, 40.0 ], [ 124.75, 40.0 ], [ 124.75, 40.1666667 ], [ 124.5, 40.1666667 ], [ 124.5, 40.0 ] ] ] } },
{ "type": "Feature", "properties": { "Id": 0, "Sheet_ID": "義州 4. 永山市", "label": "義州 4. 永山市", "call_short": "G7900 S50 .J3", "call_num": "G7900 S50 .J3 SHEET G5-4", "recid": "cx757xn3266", "websiteUrl": "https://purl.stanford.edu/cx757xn3266", "title": "[朝鮮五万分一地形圖]", "ckey": 9585328, "available": true, "iiifUrl": "https://purl.stanford.edu/cx757xn3266/iiif/manifest" }, "geometry": { "type": "Polygon", "coordinates": [ [ [ 124.75, 40.0 ], [ 125.0, 40.0 ], [ 125.0, 40.1666667 ], [ 124.75, 40.1666667 ], [ 124.75, 40.0 ] ] ] } },
{ "type": "Feature", "properties": { "Id": 0, "Sheet_ID": "義州 11. 西湖洞", "label": "義州 11. 西湖洞", "call_short": "G7900 S50 .J3", "call_num": "G7900 S50 .J3 SHEET G5-11", "recid": "sw129gc9506", "websiteUrl": "https://purl.stanford.edu/sw129gc9506", "title": "[朝鮮五万分一地形圖]", "ckey": 9585328, "available": true, "iiifUrl": "https://purl.stanford.edu/sw129gc9506/iiif/manifest" }, "geometry": { "type": "Polygon", "coordinates": [ [ [ 124.25, 40.1666667 ], [ 124.5, 40.1666667 ], [ 124.5, 40.3333333 ], [ 124.25, 40.3333333 ], [ 124.25, 40.1666667 ] ] ] } },
{ "type": "Feature", "properties": { "Id": 0, "Sheet_ID": "義州 7R. 義州", "label": "義州 7R. 義州", "call_short": "G7900 S50 .J3", "call_num": "G7900 S50 .J3 SHEET G5-7R", "recid": "fg753vb2604", "websiteUrl": "https://purl.stanford.edu/fg753vb2604", "title": "[朝鮮五万分一地形圖]", "ckey": 9585328, "available": true, "iiifUrl": "https://purl.stanford.edu/fg753vb2604/iiif/manifest" }, "geometry": { "type": "Polygon", "coordinates": [ [ [ 124.5, 40.1666667 ], [ 124.75, 40.1666667 ], [ 124.75, 40.3333333 ], [ 124.5, 40.3333333 ], [ 124.5, 40.1666667 ] ] ] } },
{ "type": "Feature", "properties": { "Id": 0, "Sheet_ID": "義州 3R. 天摩洞", "label": "義州 3R. 天摩洞", "call_short": "G7900 S50 .J3", "call_num": "G7900 S50 .J3 SHEET G5-3R", "recid": "xf166zx5455", "websiteUrl": "https://purl.stanford.edu/xf166zx5455", "title": "[朝鮮五万分一地形圖]", "ckey": 9585328, "available": true, "iiifUrl": "https://purl.stanford.edu/xf166zx5455/iiif/manifest" }, "geometry": { "type": "Polygon", "coordinates": [ [ [ 124.75, 40.1666667 ], [ 125.0, 40.1666667 ], [ 125.0, 40.3333333 ], [ 124.75, 40.3333333 ], [ 124.75, 40.1666667 ] ] ] } },
{ "type": "Feature", "properties": { "Id": 0, "Sheet_ID": "義州 6. 方山洞", "label": "義州 6. 方山洞", "call_short": "G7900 S50 .J3", "call_num": "G7900 S50 .J3 SHEET G5-6", "recid": "zj745gn3655", "websiteUrl": "https://purl.stanford.edu/zj745gn3655", "title": "[朝鮮五万分一地形圖]", "ckey": 9585328, "available": true, "iiifUrl": "https://purl.stanford.edu/zj745gn3655/iiif/manifest" }, "geometry": { "type": "Polygon", "coordinates": [ [ [ 124.5, 40.3333333 ], [ 124.75, 40.3333333 ], [ 124.75, 40.5 ], [ 124.5, 40.5 ], [ 124.5, 40.3333333 ] ] ] } },
{ "type": "Feature", "properties": { "Id": 0, "Sheet_ID": "義州 2R. 清城鎭", "label": "義州 2R. 清城鎭", "call_short": "G7900 S50 .J3", "call_num": "G7900 S50 .J3 SHEET G5-2R", "recid": "sn347wz0823", "websiteUrl": "https://purl.stanford.edu/sn347wz0823", "title": "[朝鮮五万分一地形圖]", "ckey": 9585328, "available": true, "iiifUrl": "https://purl.stanford.edu/sn347wz0823/iiif/manifest" }, "geometry": { "type": "Polygon", "coordinates": [ [ [ 124.75, 40.3333333 ], [ 125.0, 40.3333333 ], [ 125.0, 40.5 ], [ 124.75, 40.5 ], [ 124.75, 40.3333333 ] ] ] } },
{ "type": "Feature", "properties": { "Id": 0, "Sheet_ID": "義州 4R. 永山市", "label": "義州 4R. 永山市", "call_short": "G7900 S50 .J3", "call_num": "G7900 S50 .J3 SHEET G5-4R", "recid": "fw277sx4120", "websiteUrl": "https://purl.stanford.edu/fw277sx4120", "title": "[朝鮮五万分一地形圖]", "ckey": 9585328, "available": true, "iiifUrl": "https://purl.stanford.edu/fw277sx4120/iiif/manifest" }, "geometry": { "type": "Polygon", "coordinates": [ [ [ 124.75, 40.0 ], [ 125.0, 40.0 ], [ 125.0, 40.1666667 ], [ 124.75, 40.1666667 ], [ 124.75, 40.0 ] ] ] } },
{ "type": "Feature", "properties": { "Id": 0, "Sheet_ID": "義州 6R. 方山洞", "label": "義州 6R. 方山洞", "call_short": "G7900 S50 .J3", "call_num": "G7900 S50 .J3 SHEET G5-6R", "recid": "gn120fj8387", "websiteUrl": "https://purl.stanford.edu/gn120fj8387", "title": "[朝鮮五万分一地形圖]", "ckey": 9585328, "available": true, "iiifUrl": "https://purl.stanford.edu/gn120fj8387/iiif/manifest" }, "geometry": { "type": "Polygon", "coordinates": [ [ [ 124.5, 40.3333333 ], [ 124.75, 40.3333333 ], [ 124.75, 40.5 ], [ 124.5, 40.5 ], [ 124.5, 40.3333333 ] ] ] } },
{ "type": "Feature", "properties": { "Id": 0, "Sheet_ID": "義州 8R. 枇峴", "label": "義州 8R. 枇峴", "call_short": "G7900 S50 .J3", "call_num": "G7900 S50 .J3 SHEET G5-8R", "recid": "xf200vt6765", "websiteUrl": "https://purl.stanford.edu/xf200vt6765", "title": "[朝鮮五万分一地形圖]", "ckey": 9585328, "available": true, "iiifUrl": "https://purl.stanford.edu/xf200vt6765/iiif/manifest" }, "geometry": { "type": "Polygon", "coordinates": [ [ [ 124.5, 40.0 ], [ 124.75, 40.0 ], [ 124.75, 40.1666667 ], [ 124.5, 40.1666667 ], [ 124.5, 40.0 ] ] ] } },
{ "type": "Feature", "properties": { "Id": 0, "Sheet_ID": "義州 11R. 西湖洞", "label": "義州 11R. 西湖洞", "call_short": "G7900 S50 .J3", "call_num": "G7900 S50 .J3 SHEET G5-11R", "recid": "zj312bz8442", "websiteUrl": "https://purl.stanford.edu/zj312bz8442", "title": "[朝鮮五万分一地形圖]", "ckey": 9585328, "available": true, "iiifUrl": "https://purl.stanford.edu/zj312bz8442/iiif/manifest" }, "geometry": { "type": "Polygon", "coordinates": [ [ [ 124.25, 40.1666667 ], [ 124.5, 40.1666667 ], [ 124.5, 40.3333333 ], [ 124.25, 40.3333333 ], [ 124.25, 40.1666667 ] ] ] } },
{ "type": "Feature", "properties": { "Id": 0, "Sheet_ID": "宣川 8R. 大和島", "label": "宣川 8R. 大和島", "call_short": "G7900 S50 .J3", "call_num": "G7900 S50 .J3 SHEET G6-8R", "recid": "mb739vx1512", "websiteUrl": "https://purl.stanford.edu/mb739vx1512", "title": "[朝鮮五万分一地形圖]", "ckey": 9585328, "available": true, "iiifUrl": "https://purl.stanford.edu/mb739vx1512/iiif/manifest" }, "geometry": { "type": "Polygon", "coordinates": [ [ [ 124.5, 39.333333 ], [ 124.75, 39.333333 ], [ 124.75, 39.4999998 ], [ 124.5, 39.4999998 ], [ 124.5, 39.333333 ] ] ] } },
{ "type": "Feature", "properties": { "Id": 0, "Sheet_ID": "宣川 4R. 牛里島", "label": "宣川 4R. 牛里島", "call_short": "G7900 S50 .J3", "call_num": "G7900 S50 .J3 SHEET G6-4R", "recid": "sm637hp9808", "websiteUrl": "https://purl.stanford.edu/sm637hp9808", "title": "[朝鮮五万分一地形圖]", "ckey": 9585328, "available": true, "iiifUrl": "https://purl.stanford.edu/sm637hp9808/iiif/manifest" }, "geometry": { "type": "Polygon", "coordinates": [ [ [ 124.75, 39.333333 ], [ 125.0, 39.333333 ], [ 125.0, 39.4999998 ], [ 124.75, 39.4999998 ], [ 124.75, 39.333333 ] ] ] } },
{ "type": "Feature", "properties": { "Id": 0, "Sheet_ID": "宣川 7R. 仙岩洞", "label": "宣川 7R. 仙岩洞", "call_short": "G7900 S50 .J3", "call_num": "G7900 S50 .J3 SHEET G6-7R", "recid": "wx329bn0168", "websiteUrl": "https://purl.stanford.edu/wx329bn0168", "title": "[朝鮮五万分一地形圖]", "ckey": 9585328, "available": true, "iiifUrl": "https://purl.stanford.edu/wx329bn0168/iiif/manifest" }, "geometry": { "type": "Polygon", "coordinates": [ [ [ 124.5, 39.4999998 ], [ 124.75, 39.4999998 ], [ 124.75, 39.6666665 ], [ 124.5, 39.6666665 ], [ 124.5, 39.4999998 ] ] ] } },
{ "type": "Feature", "properties": { "Id": 0, "Sheet_ID": "宣川 3R. 身彌島", "label": "宣川 3R. 身彌島", "call_short": "G7900 S50 .J3", "call_num": "G7900 S50 .J3 SHEET G6-3R", "recid": "gn146zv2535", "websiteUrl": "https://purl.stanford.edu/gn146zv2535", "title": "[朝鮮五万分一地形圖]", "ckey": 9585328, "available": true, "iiifUrl": "https://purl.stanford.edu/gn146zv2535/iiif/manifest" }, "geometry": { "type": "Polygon", "coordinates": [ [ [ 124.75, 39.4999998 ], [ 125.0, 39.4999998 ], [ 125.0, 39.6666665 ], [ 124.75, 39.6666665 ], [ 124.75, 39.4999998 ] ] ] } },
{ "type": "Feature", "properties": { "Id": 0, "Sheet_ID": "宣川 14R. 薪島", "label": "宣川 14R. 薪島", "call_short": "G7900 S50 .J3", "call_num": "G7900 S50 .J3 SHEET G6-14R", "recid": "cd794vs9018", "websiteUrl": "https://purl.stanford.edu/cd794vs9018", "title": "[朝鮮五万分一地形圖]", "ckey": 9585328, "available": true, "iiifUrl": "https://purl.stanford.edu/cd794vs9018/iiif/manifest" }, "geometry": { "type": "Polygon", "coordinates": [ [ [ 124.0, 39.6666665 ], [ 124.25, 39.6666665 ], [ 124.25, 39.8333333 ], [ 124.0, 39.8333333 ], [ 124.0, 39.6666665 ] ] ] } },
{ "type": "Feature", "properties": { "Id": 0, "Sheet_ID": "宣川 10R. 水運島", "label": "宣川 10R. 水運島", "call_short": "G7900 S50 .J3", "call_num": "G7900 S50 .J3 SHEET G6-10R", "recid": "jh658zv6794", "websiteUrl": "https://purl.stanford.edu/jh658zv6794", "title": "[朝鮮五万分一地形圖]", "ckey": 9585328, "available": true, "iiifUrl": "https://purl.stanford.edu/jh658zv6794/iiif/manifest" }, "geometry": { "type": "Polygon", "coordinates": [ [ [ 124.25, 39.6666665 ], [ 124.5, 39.6666665 ], [ 124.5, 39.8333333 ], [ 124.25, 39.8333333 ], [ 124.25, 39.6666665 ] ] ] } },
{ "type": "Feature", "properties": { "Id": 0, "Sheet_ID": "宣川 6R. 鐵山", "label": "宣川 6R. 鐵山", "call_short": "G7900 S50 .J3", "call_num": "G7900 S50 .J3 SHEET G6-6R", "recid": "sx722bz1610", "websiteUrl": "https://purl.stanford.edu/sx722bz1610", "title": "[朝鮮五万分一地形圖]", "ckey": 9585328, "available": true, "iiifUrl": "https://purl.stanford.edu/sx722bz1610/iiif/manifest" }, "geometry": { "type": "Polygon", "coordinates": [ [ [ 124.5, 39.6666665 ], [ 124.75, 39.6666665 ], [ 124.75, 39.8333333 ], [ 124.5, 39.8333333 ], [ 124.5, 39.6666665 ] ] ] } },
{ "type": "Feature", "properties": { "Id": 0, "Sheet_ID": "宣川 2. 宣川", "label": "宣川 2. 宣川", "call_short": "G7900 S50 .J3", "call_num": "G7900 S50 .J3 SHEET G6-2", "recid": "jm927gd1692", "websiteUrl": "https://purl.stanford.edu/jm927gd1692", "title": "[朝鮮五万分一地形圖]", "ckey": 9585328, "available": true, "iiifUrl": "https://purl.stanford.edu/jm927gd1692/iiif/manifest" }, "geometry": { "type": "Polygon", "coordinates": [ [ [ 124.75, 39.6666665 ], [ 125.0, 39.6666665 ], [ 125.0, 39.8333333 ], [ 124.75, 39.8333333 ], [ 124.75, 39.6666665 ] ] ] } },
{ "type": "Feature", "properties": { "Id": 0, "Sheet_ID": "宣川 13R. 迎門崗", "label": "宣川 13R. 迎門崗", "call_short": "G7900 S50 .J3", "call_num": "G7900 S50 .J3 SHEET G6-13R", "recid": "bv554db4690", "websiteUrl": "https://purl.stanford.edu/bv554db4690", "title": "[朝鮮五万分一地形圖]", "ckey": 9585328, "available": true, "iiifUrl": "https://purl.stanford.edu/bv554db4690/iiif/manifest" }, "geometry": { "type": "Polygon", "coordinates": [ [ [ 124.0, 39.8333333 ], [ 124.25, 39.8333333 ], [ 124.25, 40.0 ], [ 124.0, 40.0 ], [ 124.0, 39.8333333 ] ] ] } },
{ "type": "Feature", "properties": { "Id": 0, "Sheet_ID": "宣川 9R. 龍岩浦", "label": "宣川 9R. 龍岩浦", "call_short": "G7900 S50 .J3", "call_num": "G7900 S50 .J3 SHEET G6-9R", "recid": "fv236zn3558", "websiteUrl": "https://purl.stanford.edu/fv236zn3558", "title": "[朝鮮五万分一地形圖]", "ckey": 9585328, "available": true, "iiifUrl": "https://purl.stanford.edu/fv236zn3558/iiif/manifest" }, "geometry": { "type": "Polygon", "coordinates": [ [ [ 124.25, 39.8333333 ], [ 124.5, 39.8333333 ], [ 124.5, 40.0 ], [ 124.25, 40.0 ], [ 124.25, 39.8333333 ] ] ] } },
{ "type": "Feature", "properties": { "Id": 0, "Sheet_ID": "宣川 5R. 車輦舘", "label": "宣川 5R. 車輦舘", "call_short": "G7900 S50 .J3", "call_num": "G7900 S50 .J3 SHEET G6-5R", "recid": "tf470vv5400", "websiteUrl": "https://purl.stanford.edu/tf470vv5400", "title": "[朝鮮五万分一地形圖]", "ckey": 9585328, "available": true, "iiifUrl": "https://purl.stanford.edu/tf470vv5400/iiif/manifest" }, "geometry": { "type": "Polygon", "coordinates": [ [ [ 124.5, 39.8333333 ], [ 124.75, 39.8333333 ], [ 124.75, 40.0 ], [ 124.5, 40.0 ], [ 124.5, 39.8333333 ] ] ] } },
{ "type": "Feature", "properties": { "Id": 0, "Sheet_ID": "宣川 1. 新市洞", "label": "宣川 1. 新市洞", "call_short": "G7900 S50 .J3", "call_num": "G7900 S50 .J3 SHEET G6-1", "recid": "qy729yx6836", "websiteUrl": "https://purl.stanford.edu/qy729yx6836", "title": "[朝鮮五万分一地形圖]", "ckey": 9585328, "available": true, "iiifUrl": "https://purl.stanford.edu/qy729yx6836/iiif/manifest" }, "geometry": { "type": "Polygon", "coordinates": [ [ [ 124.75, 39.8333333 ], [ 125.0, 39.8333333 ], [ 125.0, 40.0 ], [ 124.75, 40.0 ], [ 124.75, 39.8333333 ] ] ] } },
{ "type": "Feature", "properties": { "Id": 0, "Sheet_ID": "宣川 1R. 新市洞", "label": "宣川 1R. 新市洞", "call_short": "G7900 S50 .J3", "call_num": "G7900 S50 .J3 SHEET G6-1R", "recid": "xx645rk2167", "websiteUrl": "https://purl.stanford.edu/xx645rk2167", "title": "[朝鮮五万分一地形圖]", "ckey": 9585328, "available": true, "iiifUrl": "https://purl.stanford.edu/xx645rk2167/iiif/manifest" }, "geometry": { "type": "Polygon", "coordinates": [ [ [ 124.75, 39.8333333 ], [ 125.0, 39.8333333 ], [ 125.0, 40.0 ], [ 124.75, 40.0 ], [ 124.75, 39.8333333 ] ] ] } },
{ "type": "Feature", "properties": { "Id": 0, "Sheet_ID": "宣川 2R. 宣川", "label": "宣川 2R. 宣川", "call_short": "G7900 S50 .J3", "call_num": "G7900 S50 .J3 SHEET G6-2R", "recid": "sq540ng8496", "websiteUrl": "https://purl.stanford.edu/sq540ng8496", "title": "[朝鮮五万分一地形圖]", "ckey": 9585328, "available": true, "iiifUrl": "https://purl.stanford.edu/sq540ng8496/iiif/manifest" }, "geometry": { "type": "Polygon", "coordinates": [ [ [ 124.75, 39.6666665 ], [ 125.0, 39.6666665 ], [ 125.0, 39.8333333 ], [ 124.75, 39.8333333 ], [ 124.75, 39.6666665 ] ] ] } },
{ "type": "Feature", "properties": { "Id": 0, "Sheet_ID": "長山串 8. 長山串", "label": "長山串 8. 長山串", "call_short": "G7900 S50 .J3", "call_num": "G7900 S50 .J3 SHEET G8-8", "recid": "mg601vc9982", "websiteUrl": "https://purl.stanford.edu/mg601vc9982", "title": "[朝鮮五万分一地形圖]", "ckey": 9585328, "available": true, "iiifUrl": "https://purl.stanford.edu/mg601vc9982/iiif/manifest" }, "geometry": { "type": "Polygon", "coordinates": [ [ [ 124.5, 38.0 ], [ 124.75, 38.0 ], [ 124.75, 38.1666667 ], [ 124.5, 38.1666667 ], [ 124.5, 38.0 ] ] ] } },
{ "type": "Feature", "properties": { "Id": 0, "Sheet_ID": "長山串 4R. 徳洞", "label": "長山串 4R. 徳洞", "call_short": "G7900 S50 .J3", "call_num": "G7900 S50 .J3 SHEET G8-4R", "recid": "ww737hs5709", "websiteUrl": "https://purl.stanford.edu/ww737hs5709", "title": "[朝鮮五万分一地形圖]", "ckey": 9585328, "available": true, "iiifUrl": "https://purl.stanford.edu/ww737hs5709/iiif/manifest" }, "geometry": { "type": "Polygon", "coordinates": [ [ [ 124.75, 38.0 ], [ 125.0, 38.0 ], [ 125.0, 38.1666667 ], [ 124.75, 38.1666667 ], [ 124.75, 38.0 ] ] ] } },
{ "type": "Feature", "properties": { "Id": 0, "Sheet_ID": "長山串 3R. 夢金浦", "label": "長山串 3R. 夢金浦", "call_short": "G7900 S50 .J3", "call_num": "G7900 S50 .J3 SHEET G8-3R", "recid": "wj183xj1645", "websiteUrl": "https://purl.stanford.edu/wj183xj1645", "title": "[朝鮮五万分一地形圖]", "ckey": 9585328, "available": true, "iiifUrl": "https://purl.stanford.edu/wj183xj1645/iiif/manifest" }, "geometry": { "type": "Polygon", "coordinates": [ [ [ 124.75, 38.1666667 ], [ 125.0, 38.1666667 ], [ 125.0, 38.3333335 ], [ 124.75, 38.3333335 ], [ 124.75, 38.1666667 ] ] ] } },
{ "type": "Feature", "properties": { "Id": 0, "Sheet_ID": "長山串 2R. 津江浦", "label": "長山串 2R. 津江浦", "call_short": "G7900 S50 .J3", "call_num": "G7900 S50 .J3 SHEET G8-2R", "recid": "sm872dn4044", "websiteUrl": "https://purl.stanford.edu/sm872dn4044", "title": "[朝鮮五万分一地形圖]", "ckey": 9585328, "available": true, "iiifUrl": "https://purl.stanford.edu/sm872dn4044/iiif/manifest" }, "geometry": { "type": "Polygon", "coordinates": [ [ [ 124.75, 38.3333335 ], [ 125.0, 38.3333335 ], [ 125.0, 38.5000002 ], [ 124.75, 38.5000002 ], [ 124.75, 38.3333335 ] ] ] } },
{ "type": "Feature", "properties": { "Id": 0, "Sheet_ID": "長山串 1R. 椒嶋", "label": "長山串 1R. 椒嶋", "call_short": "G7900 S50 .J3", "call_num": "G7900 S50 .J3 SHEET G8-1R", "recid": "cm523vv7386", "websiteUrl": "https://purl.stanford.edu/cm523vv7386", "title": "[朝鮮五万分一地形圖]", "ckey": 9585328, "available": true, "iiifUrl": "https://purl.stanford.edu/cm523vv7386/iiif/manifest" }, "geometry": { "type": "Polygon", "coordinates": [ [ [ 124.75, 38.5000002 ], [ 125.0, 38.5000002 ], [ 125.0, 38.666667 ], [ 124.75, 38.666667 ], [ 124.75, 38.5000002 ] ] ] } },
{ "type": "Feature", "properties": { "Id": 0, "Sheet_ID": "長山串 8R. 長山串", "label": "長山串 8R. 長山串", "call_short": "G7900 S50 .J3", "call_num": "G7900 S50 .J3 SHEET G8-8R", "recid": "qc800wv3208", "websiteUrl": "https://purl.stanford.edu/qc800wv3208", "title": "[朝鮮五万分一地形圖]", "ckey": 9585328, "available": true, "iiifUrl": "https://purl.stanford.edu/qc800wv3208/iiif/manifest" }, "geometry": { "type": "Polygon", "coordinates": [ [ [ 124.5, 38.0 ], [ 124.75, 38.0 ], [ 124.75, 38.1666667 ], [ 124.5, 38.1666667 ], [ 124.5, 38.0 ] ] ] } },
{ "type": "Feature", "properties": { "Id": 0, "Sheet_ID": "三陟 16. 三陟", "label": "三陟 16. 三陟", "call_short": "G7900 S50 .J3", "call_num": "G7900 S50 .J3 SHEET B9-16", "recid": "tw497dw7314", "websiteUrl": "https://purl.stanford.edu/tw497dw7314", "title": "[朝鮮五万分一地形圖]", "ckey": 9585328, "available": true, "iiifUrl": "https://purl.stanford.edu/tw497dw7314/iiif/manifest" }, "geometry": { "type": "Polygon", "coordinates": [ [ [ 129.25, 37.4999997 ], [ 129.0, 37.4999997 ], [ 129.0, 37.333333 ], [ 129.25, 37.333333 ], [ 129.275, 37.333333 ], [ 129.275, 37.39 ], [ 129.25, 37.39 ], [ 129.25, 37.4999997 ] ] ] } },
{ "type": "Feature", "properties": { "Id": 0, "Sheet_ID": "三陟 15R. 玉溪", "label": "三陟 15R. 玉溪", "call_short": "G7900 S50 .J3", "call_num": "G7900 S50 .J3 SHEET B9-15R", "recid": "dg017hn3043", "websiteUrl": "https://purl.stanford.edu/dg017hn3043", "title": "[朝鮮五万分一地形圖]", "ckey": 9585328, "available": true, "iiifUrl": "https://purl.stanford.edu/dg017hn3043/iiif/manifest" }, "geometry": { "type": "Polygon", "coordinates": [ [ [ 129.0, 37.4999997 ], [ 129.25, 37.4999997 ], [ 129.25, 37.6666663 ], [ 129.0, 37.6666663 ], [ 129.0, 37.4999997 ] ] ] } },
{ "type": "Feature", "properties": { "Id": 0, "Sheet_ID": "三陟 14. 山城隅", "label": "三陟 14. 山城隅", "call_short": "G7900 S50 .J3", "call_num": "G7900 S50 .J3 SHEET B9-14", "recid": "zf833xr6987", "websiteUrl": "https://purl.stanford.edu/zf833xr6987", "title": "[朝鮮五万分一地形圖]", "ckey": 9585328, "available": true, "iiifUrl": "https://purl.stanford.edu/zf833xr6987/iiif/manifest" }, "geometry": { "type": "Polygon", "coordinates": [ [ [ 129.0, 37.6666663 ], [ 129.25, 37.6666663 ], [ 129.25, 37.833333 ], [ 129.0, 37.833333 ], [ 129.0, 37.6666663 ] ] ] } },
{ "type": "Feature", "properties": { "Id": 0, "Sheet_ID": "三陟 14R. 山城隅", "label": "三陟 14R. 山城隅", "call_short": "G7900 S50 .J3", "call_num": "G7900 S50 .J3 SHEET B9-14R", "recid": "sw188nh8744", "websiteUrl": "https://purl.stanford.edu/sw188nh8744", "title": "[朝鮮五万分一地形圖]", "ckey": 9585328, "available": true, "iiifUrl": "https://purl.stanford.edu/sw188nh8744/iiif/manifest" }, "geometry": { "type": "Polygon", "coordinates": [ [ [ 129.0, 37.6666663 ], [ 129.25, 37.6666663 ], [ 129.25, 37.833333 ], [ 129.0, 37.833333 ], [ 129.0, 37.6666663 ] ] ] } },
{ "type": "Feature", "properties": { "Id": 0, "Sheet_ID": "三陟 16R. 三陟", "label": "三陟 16R. 三陟", "call_short": "G7900 S50 .J3", "call_num": "G7900 S50 .J3 SHEET B9-16R", "recid": "kv267gc8875", "websiteUrl": "https://purl.stanford.edu/kv267gc8875", "title": "[朝鮮五万分一地形圖]", "ckey": 9585328, "available": true, "iiifUrl": "https://purl.stanford.edu/kv267gc8875/iiif/manifest" }, "geometry": { "type": "Polygon", "coordinates": [ [ [ 129.25, 37.4999997 ], [ 129.0, 37.4999997 ], [ 129.0, 37.333333 ], [ 129.25, 37.333333 ], [ 129.275, 37.333333 ], [ 129.275, 37.39 ], [ 129.25, 37.39 ], [ 129.25, 37.4999997 ] ] ] } },
{ "type": "Feature", "properties": { "Id": 0, "Sheet_ID": "蔚珍 16. 日月山", "label": "蔚珍 16. 日月山", "call_short": "G7900 S50 .J3", "call_num": "G7900 S50 .J3 SHEET B10-16", "recid": "vt004xd4355", "websiteUrl": "https://purl.stanford.edu/vt004xd4355", "title": "[朝鮮五万分一地形圖]", "ckey": 9585328, "available": true, "iiifUrl": "https://purl.stanford.edu/vt004xd4355/iiif/manifest" }, "geometry": { "type": "Polygon", "coordinates": [ [ [ 129.0, 36.666667 ], [ 129.25, 36.666667 ], [ 129.25, 36.8333335 ], [ 129.0, 36.8333335 ], [ 129.0, 36.666667 ] ] ] } },
{ "type": "Feature", "properties": { "Id": 0, "Sheet_ID": "蔚珍 12R. 平海", "label": "蔚珍 12R. 平海", "call_short": "G7900 S50 .J3", "call_num": "G7900 S50 .J3 SHEET B10-12R", "recid": "qy508pj2655", "websiteUrl": "https://purl.stanford.edu/qy508pj2655", "title": "[朝鮮五万分一地形圖]", "ckey": 9585328, "available": true, "iiifUrl": "https://purl.stanford.edu/qy508pj2655/iiif/manifest" }, "geometry": { "type": "Polygon", "coordinates": [ [ [ 129.25, 36.666667 ], [ 129.5, 36.666667 ], [ 129.5, 36.8333335 ], [ 129.25, 36.8333335 ], [ 129.25, 36.666667 ] ] ] } },
{ "type": "Feature", "properties": { "Id": 0, "Sheet_ID": "蔚珍 15R. 三斤", "label": "蔚珍 15R. 三斤", "call_short": "G7900 S50 .J3", "call_num": "G7900 S50 .J3 SHEET B10-15R", "recid": "cy395xf3554", "websiteUrl": "https://purl.stanford.edu/cy395xf3554", "title": "[朝鮮五万分一地形圖]", "ckey": 9585328, "available": true, "iiifUrl": "https://purl.stanford.edu/cy395xf3554/iiif/manifest" }, "geometry": { "type": "Polygon", "coordinates": [ [ [ 129.0, 36.8333335 ], [ 129.25, 36.8333335 ], [ 129.25, 37.0 ], [ 129.0, 37.0 ], [ 129.0, 36.8333335 ] ] ] } },
{ "type": "Feature", "properties": { "Id": 0, "Sheet_ID": "蔚珍 11R. 蔚珍", "label": "蔚珍 11R. 蔚珍", "call_short": "G7900 S50 .J3", "call_num": "G7900 S50 .J3 SHEET B10-11R", "recid": "cq195qm4758", "websiteUrl": "https://purl.stanford.edu/cq195qm4758", "title": "[朝鮮五万分一地形圖]", "ckey": 9585328, "available": true, "iiifUrl": "https://purl.stanford.edu/cq195qm4758/iiif/manifest" }, "geometry": { "type": "Polygon", "coordinates": [ [ [ 129.25, 36.8333335 ], [ 129.5, 36.8333335 ], [ 129.5, 37.0 ], [ 129.25, 37.0 ], [ 129.25, 36.8333335 ] ] ] } },
{ "type": "Feature", "properties": { "Id": 0, "Sheet_ID": "蔚珍 14. 石浦", "label": "蔚珍 14. 石浦", "call_short": "G7900 S50 .J3", "call_num": "G7900 S50 .J3 SHEET B10-14", "recid": "gk886vb5506", "websiteUrl": "https://purl.stanford.edu/gk886vb5506", "title": "[朝鮮五万分一地形圖]", "ckey": 9585328, "available": true, "iiifUrl": "https://purl.stanford.edu/gk886vb5506/iiif/manifest" }, "geometry": { "type": "Polygon", "coordinates": [ [ [ 129.0, 37.0 ], [ 129.25, 37.0 ], [ 129.25, 37.1666665 ], [ 129.0, 37.1666665 ], [ 129.0, 37.0 ] ] ] } },
{ "type": "Feature", "properties": { "Id": 0, "Sheet_ID": "蔚珍 10R. 興富洞", "label": "蔚珍 10R. 興富洞", "call_short": "G7900 S50 .J3", "call_num": "G7900 S50 .J3 SHEET B10-10R", "recid": "mf114fy3180", "websiteUrl": "https://purl.stanford.edu/mf114fy3180", "title": "[朝鮮五万分一地形圖]", "ckey": 9585328, "available": true, "iiifUrl": "https://purl.stanford.edu/mf114fy3180/iiif/manifest" }, "geometry": { "type": "Polygon", "coordinates": [ [ [ 129.25, 37.0 ], [ 129.5, 37.0 ], [ 129.5, 37.1666665 ], [ 129.25, 37.1666665 ], [ 129.25, 37.0 ] ] ] } },
{ "type": "Feature", "properties": { "Id": 0, "Sheet_ID": "蔚珍 13R. 古士里", "label": "蔚珍 13R. 古士里", "call_short": "G7900 S50 .J3", "call_num": "G7900 S50 .J3 SHEET B10-13R", "recid": "kp086vb6117", "websiteUrl": "https://purl.stanford.edu/kp086vb6117", "title": "[朝鮮五万分一地形圖]", "ckey": 9585328, "available": true, "iiifUrl": "https://purl.stanford.edu/kp086vb6117/iiif/manifest" }, "geometry": { "type": "Polygon", "coordinates": [ [ [ 129.0, 37.1666665 ], [ 129.25, 37.1666665 ], [ 129.25, 37.333333 ], [ 129.0, 37.333333 ], [ 129.0, 37.1666665 ] ] ] } },
{ "type": "Feature", "properties": { "Id": 0, "Sheet_ID": "蔚珍 9R. 臨院津", "label": "蔚珍 9R. 臨院津", "call_short": "G7900 S50 .J3", "call_num": "G7900 S50 .J3 SHEET B10-9R", "recid": "sp687nx3017", "websiteUrl": "https://purl.stanford.edu/sp687nx3017", "title": "[朝鮮五万分一地形圖]", "ckey": 9585328, "available": true, "iiifUrl": "https://purl.stanford.edu/sp687nx3017/iiif/manifest" }, "geometry": { "type": "Polygon", "coordinates": [ [ [ 129.25, 37.1666665 ], [ 129.5, 37.1666665 ], [ 129.5, 37.333333 ], [ 129.25, 37.333333 ], [ 129.25, 37.1666665 ] ] ] } },
{ "type": "Feature", "properties": { "Id": 0, "Sheet_ID": "蔚珍 14R. 石浦", "label": "蔚珍 14R. 石浦", "call_short": "G7900 S50 .J3", "call_num": "G7900 S50 .J3 SHEET B10-14R", "recid": "yz600jd0856", "websiteUrl": "https://purl.stanford.edu/yz600jd0856", "title": "[朝鮮五万分一地形圖]", "ckey": 9585328, "available": true, "iiifUrl": "https://purl.stanford.edu/yz600jd0856/iiif/manifest" }, "geometry": { "type": "Polygon", "coordinates": [ [ [ 129.0, 37.0 ], [ 129.25, 37.0 ], [ 129.25, 37.1666665 ], [ 129.0, 37.1666665 ], [ 129.0, 37.0 ] ] ] } },
{ "type": "Feature", "properties": { "Id": 0, "Sheet_ID": "蔚珍 16R. 日月山", "label": "蔚珍 16R. 日月山", "call_short": "G7900 S50 .J3", "call_num": "G7900 S50 .J3 SHEET B10-16R", "recid": "ww499jp9706", "websiteUrl": "https://purl.stanford.edu/ww499jp9706", "title": "[朝鮮五万分一地形圖]", "ckey": 9585328, "available": true, "iiifUrl": "https://purl.stanford.edu/ww499jp9706/iiif/manifest" }, "geometry": { "type": "Polygon", "coordinates": [ [ [ 129.0, 36.666667 ], [ 129.25, 36.666667 ], [ 129.25, 36.8333335 ], [ 129.0, 36.8333335 ], [ 129.0, 36.666667 ] ] ] } },
{ "type": "Feature", "properties": { "Id": 0, "Sheet_ID": "盈徳 16. 杞溪", "label": "盈徳 16. 杞溪", "call_short": "G7900 S50 .J3", "call_num": "G7900 S50 .J3 SHEET B11-16", "recid": "sn191gc4057", "websiteUrl": "https://purl.stanford.edu/sn191gc4057", "title": "[朝鮮五万分一地形圖]", "ckey": 9585328, "available": true, "iiifUrl": "https://purl.stanford.edu/sn191gc4057/iiif/manifest" }, "geometry": { "type": "Polygon", "coordinates": [ [ [ 129.0, 36.0 ], [ 129.25, 36.0 ], [ 129.25, 36.1666667 ], [ 129.0, 36.1666667 ], [ 129.0, 36.0 ] ] ] } },
{ "type": "Feature", "properties": { "Id": 0, "Sheet_ID": "盈徳 12. 浦項", "label": "盈徳 12. 浦項", "call_short": "G7900 S50 .J3", "call_num": "G7900 S50 .J3 SHEET B11-12", "recid": "bp311mv8483", "websiteUrl": "https://purl.stanford.edu/bp311mv8483", "title": "[朝鮮五万分一地形圖]", "ckey": 9585328, "available": true, "iiifUrl": "https://purl.stanford.edu/bp311mv8483/iiif/manifest" }, "geometry": { "type": "Polygon", "coordinates": [ [ [ 129.25, 36.0 ], [ 129.5, 36.0 ], [ 129.5, 36.1666667 ], [ 129.25, 36.1666667 ], [ 129.25, 36.0 ] ] ] } },
{ "type": "Feature", "properties": { "Id": 0, "Sheet_ID": "盈徳 8. 長髻岬", "label": "盈徳 8. 長髻岬", "call_short": "G7900 S50 .J3", "call_num": "G7900 S50 .J3 SHEET B11-8", "recid": "gq041xr5508", "websiteUrl": "https://purl.stanford.edu/gq041xr5508", "title": "[朝鮮五万分一地形圖]", "ckey": 9585328, "available": true, "iiifUrl": "https://purl.stanford.edu/gq041xr5508/iiif/manifest" }, "geometry": { "type": "Polygon", "coordinates": [ [ [ 129.5, 36.0 ], [ 129.75, 36.0 ], [ 129.75, 36.1666667 ], [ 129.5, 36.1666667 ], [ 129.5, 36.0 ] ] ] } },
{ "type": "Feature", "properties": { "Id": 0, "Sheet_ID": "寧海 15. 道坪洞", "label": "寧海 15. 道坪洞", "call_short": "G7900 S50 .J3", "call_num": "G7900 S50 .J3 SHEET B11-15 ED.2", "recid": "zv617sj1879", "websiteUrl": "https://purl.stanford.edu/zv617sj1879", "title": "[朝鮮五万分一地形圖]", "ckey": 9585328, "available": true, "iiifUrl": "https://purl.stanford.edu/zv617sj1879/iiif/manifest" }, "geometry": { "type": "Polygon", "coordinates": [ [ [ 129.0, 36.1666667 ], [ 129.25, 36.1666667 ], [ 129.25, 36.3333335 ], [ 129.0, 36.3333335 ], [ 129.0, 36.1666667 ] ] ] } },
{ "type": "Feature", "properties": { "Id": 0, "Sheet_ID": "盈徳 11. 清河", "label": "盈徳 11. 清河", "call_short": "G7900 S50 .J3", "call_num": "G7900 S50 .J3 SHEET B11-11", "recid": "nz795sn2178", "websiteUrl": "https://purl.stanford.edu/nz795sn2178", "title": "[朝鮮五万分一地形圖]", "ckey": 9585328, "available": true, "iiifUrl": "https://purl.stanford.edu/nz795sn2178/iiif/manifest" }, "geometry": { "type": "Polygon", "coordinates": [ [ [ 129.25, 36.1666667 ], [ 129.5, 36.1666667 ], [ 129.5, 36.3333335 ], [ 129.25, 36.3333335 ], [ 129.25, 36.1666667 ] ] ] } },
{ "type": "Feature", "properties": { "Id": 0, "Sheet_ID": "盈徳 14. 青松", "label": "盈徳 14. 青松", "call_short": "G7900 S50 .J3", "call_num": "G7900 S50 .J3 SHEET B11-14", "recid": "fd148jb6787", "websiteUrl": "https://purl.stanford.edu/fd148jb6787", "title": "[朝鮮五万分一地形圖]", "ckey": 9585328, "available": true, "iiifUrl": "https://purl.stanford.edu/fd148jb6787/iiif/manifest" }, "geometry": { "type": "Polygon", "coordinates": [ [ [ 129.0, 36.3333335 ], [ 129.25, 36.3333335 ], [ 129.25, 36.5000002 ], [ 129.0, 36.5000002 ], [ 129.0, 36.3333335 ] ] ] } },
{ "type": "Feature", "properties": { "Id": 0, "Sheet_ID": "寧海 10. 盈徳", "label": "寧海 10. 盈徳", "call_short": "G7900 S50 .J3", "call_num": "G7900 S50 .J3 SHEET B11-10 ED.2", "recid": "pm734yw4443", "websiteUrl": "https://purl.stanford.edu/pm734yw4443", "title": "[朝鮮五万分一地形圖]", "ckey": 9585328, "available": true, "iiifUrl": "https://purl.stanford.edu/pm734yw4443/iiif/manifest" }, "geometry": { "type": "Polygon", "coordinates": [ [ [ 129.25, 36.3333335 ], [ 129.5, 36.3333335 ], [ 129.5, 36.5000002 ], [ 129.25, 36.5000002 ], [ 129.25, 36.3333335 ] ] ] } },
{ "type": "Feature", "properties": { "Id": 0, "Sheet_ID": "盈徳 13. 英陽", "label": "盈徳 13. 英陽", "call_short": "G7900 S50 .J3", "call_num": "G7900 S50 .J3 SHEET B11-13", "recid": "hr100yv3161", "websiteUrl": "https://purl.stanford.edu/hr100yv3161", "title": "[朝鮮五万分一地形圖]", "ckey": 9585328, "available": true, "iiifUrl": "https://purl.stanford.edu/hr100yv3161/iiif/manifest" }, "geometry": { "type": "Polygon", "coordinates": [ [ [ 129.0, 36.5000002 ], [ 129.25, 36.5000002 ], [ 129.25, 36.666667 ], [ 129.0, 36.666667 ], [ 129.0, 36.5000002 ] ] ] } },
{ "type": "Feature", "properties": { "Id": 0, "Sheet_ID": "寧海 9. 寧海", "label": "寧海 9. 寧海", "call_short": "G7900 S50 .J3", "call_num": "G7900 S50 .J3 SHEET B11-9 ED.2", "recid": "sp303rw7558", "websiteUrl": "https://purl.stanford.edu/sp303rw7558", "title": "[朝鮮五万分一地形圖]", "ckey": 9585328, "available": true, "iiifUrl": "https://purl.stanford.edu/sp303rw7558/iiif/manifest" }, "geometry": { "type": "Polygon", "coordinates": [ [ [ 129.25, 36.5000002 ], [ 129.5, 36.5000002 ], [ 129.5, 36.666667 ], [ 129.25, 36.666667 ], [ 129.25, 36.5000002 ] ] ] } },
{ "type": "Feature", "properties": { "Id": 0, "Sheet_ID": "盈徳 12R. 浦項", "label": "盈徳 12R. 浦項", "call_short": "G7900 S50 .J3", "call_num": "G7900 S50 .J3 SHEET B11-12R", "recid": "sy290sh5447", "websiteUrl": "https://purl.stanford.edu/sy290sh5447", "title": "[朝鮮五万分一地形圖]", "ckey": 9585328, "available": true, "iiifUrl": "https://purl.stanford.edu/sy290sh5447/iiif/manifest" }, "geometry": { "type": "Polygon", "coordinates": [ [ [ 129.25, 36.0 ], [ 129.5, 36.0 ], [ 129.5, 36.1666668 ], [ 129.25, 36.1666668 ], [ 129.25, 36.0 ] ] ] } },
{ "type": "Feature", "properties": { "Id": 0, "Sheet_ID": "盈徳 9. 寧海", "label": "盈徳 9. 寧海", "call_short": "G7900 S50 .J3", "call_num": "G7900 S50 .J3 SHEET B11-9", "recid": "vv773bw6294", "websiteUrl": "https://purl.stanford.edu/vv773bw6294", "title": "[朝鮮五万分一地形圖]", "ckey": 9585328, "available": true, "iiifUrl": "https://purl.stanford.edu/vv773bw6294/iiif/manifest" }, "geometry": { "type": "Polygon", "coordinates": [ [ [ 129.25, 36.5000002 ], [ 129.5, 36.5000002 ], [ 129.5, 36.666667 ], [ 129.25, 36.666667 ], [ 129.25, 36.5000002 ] ] ] } },
{ "type": "Feature", "properties": { "Id": 0, "Sheet_ID": "盈徳 10. 盈徳", "label": "盈徳 10. 盈徳", "call_short": "G7900 S50 .J3", "call_num": "G7900 S50 .J3 SHEET B11-10", "recid": "qp215pk5970", "websiteUrl": "https://purl.stanford.edu/qp215pk5970", "title": "[朝鮮五万分一地形圖]", "ckey": 9585328, "available": true, "iiifUrl": "https://purl.stanford.edu/qp215pk5970/iiif/manifest" }, "geometry": { "type": "Polygon", "coordinates": [ [ [ 129.25, 36.3333335 ], [ 129.5, 36.3333335 ], [ 129.5, 36.5000002 ], [ 129.25, 36.5000002 ], [ 129.25, 36.3333335 ] ] ] } },
{ "type": "Feature", "properties": { "Id": 0, "Sheet_ID": "盈徳 15. 道坪洞", "label": "盈徳 15. 道坪洞", "call_short": "G7900 S50 .J3", "call_num": "G7900 S50 .J3 SHEET B11-15", "recid": "qb814yp5601", "websiteUrl": "https://purl.stanford.edu/qb814yp5601", "title": "[朝鮮五万分一地形圖]", "ckey": 9585328, "available": true, "iiifUrl": "https://purl.stanford.edu/qb814yp5601/iiif/manifest" }, "geometry": { "type": "Polygon", "coordinates": [ [ [ 129.0, 36.1666668 ], [ 129.25, 36.1666668 ], [ 129.25, 36.3333335 ], [ 129.0, 36.3333335 ], [ 129.0, 36.1666668 ] ] ] } },
{ "type": "Feature", "properties": { "Id": 0, "Sheet_ID": "釜山 14R. 釜山 / 鎮海灣要塞近傍 5", "label": "釜山 14R. 釜山 / 鎮海灣要塞近傍 5", "call_short": "G7900 S50 .J3", "call_num": "G7900 S50 .J3 SHEET B13-14R", "recid": "bz853jr0909", "websiteUrl": "https://purl.stanford.edu/bz853jr0909", "title": "[朝鮮五万分一地形圖]", "ckey": 9585328, "available": true, "iiifUrl": "https://purl.stanford.edu/bz853jr0909/iiif/manifest" }, "geometry": { "type": "Polygon", "coordinates": [ [ [ 129.0, 35.0 ], [ 129.25, 35.0 ], [ 129.25, 35.1666667 ], [ 129.0, 35.1666667 ], [ 129.0, 35.0 ] ] ] } },
{ "type": "Feature", "properties": { "Id": 0, "Sheet_ID": "釜山 13. 東莱 / 鎮海灣要塞近傍 4", "label": "釜山 13. 東莱 / 鎮海灣要塞近傍 4", "call_short": "G7900 S50 .J3", "call_num": "G7900 S50 .J3 SHEET B13-13", "recid": "wp435hw1476", "websiteUrl": "https://purl.stanford.edu/wp435hw1476", "title": "[朝鮮五万分一地形圖]", "ckey": 9585328, "available": true, "iiifUrl": "https://purl.stanford.edu/wp435hw1476/iiif/manifest" }, "geometry": { "type": "Polygon", "coordinates": [ [ [ 129.0, 35.1666667 ], [ 129.25, 35.1666667 ], [ 129.25, 35.3333333 ], [ 129.0, 35.3333333 ], [ 129.0, 35.1666667 ] ] ] } },
{ "type": "Feature", "properties": { "Id": 0, "Sheet_ID": "釜山 9. 月内里 / 鎮海灣要塞近傍 2", "label": "釜山 9. 月内里 / 鎮海灣要塞近傍 2", "call_short": "G7900 S50 .J3", "call_num": "G7900 S50 .J3 SHEET B13-9", "recid": "zv694kn7613", "websiteUrl": "https://purl.stanford.edu/zv694kn7613", "title": "[朝鮮五万分一地形圖]", "ckey": 9585328, "available": true, "iiifUrl": "https://purl.stanford.edu/zv694kn7613/iiif/manifest" }, "geometry": { "type": "Polygon", "coordinates": [ [ [ 129.25, 35.1666667 ], [ 129.5, 35.1666667 ], [ 129.5, 35.3333333 ], [ 129.25, 35.3333333 ], [ 129.25, 35.1666667 ] ] ] } },
{ "type": "Feature", "properties": { "Id": 0, "Sheet_ID": "慶州 16. 梁山 / 鎮海灣要塞近傍 3", "label": "慶州 16. 梁山 / 鎮海灣要塞近傍 3", "call_short": "G7900 S50 .J3", "call_num": "G7900 S50 .J3 SHEET B12-16", "recid": "bg467zc7844", "websiteUrl": "https://purl.stanford.edu/bg467zc7844", "title": "[朝鮮五万分一地形圖]", "ckey": 9585328, "available": true, "iiifUrl": "https://purl.stanford.edu/bg467zc7844/iiif/manifest" }, "geometry": { "type": "Polygon", "coordinates": [ [ [ 129.0, 35.3333333 ], [ 129.25, 35.3333333 ], [ 129.25, 35.5 ], [ 129.0, 35.5 ], [ 129.0, 35.3333333 ] ] ] } },
{ "type": "Feature", "properties": { "Id": 0, "Sheet_ID": "慶州 12. 長生浦 / [鎮海灣要塞近傍 1]", "label": "慶州 12. 長生浦 / [鎮海灣要塞近傍 1]", "call_short": "G7900 S50 .J3", "call_num": "G7900 S50 .J3 SHEET B12-12", "recid": "jc010gy2850", "websiteUrl": "https://purl.stanford.edu/jc010gy2850", "title": "[朝鮮五万分一地形圖]", "ckey": 9585328, "available": true, "iiifUrl": "https://purl.stanford.edu/jc010gy2850/iiif/manifest" }, "geometry": { "type": "Polygon", "coordinates": [ [ [ 129.25, 35.3333333 ], [ 129.5, 35.3333333 ], [ 129.5, 35.5 ], [ 129.25, 35.5 ], [ 129.25, 35.3333333 ] ] ] } },
{ "type": "Feature", "properties": { "Id": 0, "Sheet_ID": "慶州 15. 彦陽", "label": "慶州 15. 彦陽", "call_short": "G7900 S50 .J3", "call_num": "G7900 S50 .J3 SHEET B12-15", "recid": "yz563zb4941", "websiteUrl": "https://purl.stanford.edu/yz563zb4941", "title": "[朝鮮五万分一地形圖]", "ckey": 9585328, "available": true, "iiifUrl": "https://purl.stanford.edu/yz563zb4941/iiif/manifest" }, "geometry": { "type": "Polygon", "coordinates": [ [ [ 129.0, 35.5 ], [ 129.25, 35.5 ], [ 129.25, 35.6666667 ], [ 129.0, 35.6666667 ], [ 129.0, 35.5 ] ] ] } },
{ "type": "Feature", "properties": { "Id": 0, "Sheet_ID": "慶州 11. 蔚山", "label": "慶州 11. 蔚山", "call_short": "G7900 S50 .J3", "call_num": "G7900 S50 .J3 SHEET B12-11", "recid": "mq056yf5268", "websiteUrl": "https://purl.stanford.edu/mq056yf5268", "title": "[朝鮮五万分一地形圖]", "ckey": 9585328, "available": true, "iiifUrl": "https://purl.stanford.edu/mq056yf5268/iiif/manifest" }, "geometry": { "type": "Polygon", "coordinates": [ [ [ 129.25, 35.5 ], [ 129.5, 35.5 ], [ 129.5, 35.6666667 ], [ 129.25, 35.6666667 ], [ 129.25, 35.5 ] ] ] } },
{ "type": "Feature", "properties": { "Id": 0, "Sheet_ID": "慶州 14. 毛良里", "label": "慶州 14. 毛良里", "call_short": "G7900 S50 .J3", "call_num": "G7900 S50 .J3 SHEET B12-14", "recid": "sg357gh7396", "websiteUrl": "https://purl.stanford.edu/sg357gh7396", "title": "[朝鮮五万分一地形圖]", "ckey": 9585328, "available": true, "iiifUrl": "https://purl.stanford.edu/sg357gh7396/iiif/manifest" }, "geometry": { "type": "Polygon", "coordinates": [ [ [ 129.0, 35.6666667 ], [ 129.25, 35.6666667 ], [ 129.25, 35.8333333 ], [ 129.0, 35.8333333 ], [ 129.0, 35.6666667 ] ] ] } },
{ "type": "Feature", "properties": { "Id": 0, "Sheet_ID": "慶州 10. 朝陽", "label": "慶州 10. 朝陽", "call_short": "G7900 S50 .J3", "call_num": "G7900 S50 .J3 SHEET B12-10", "recid": "yc341pg5979", "websiteUrl": "https://purl.stanford.edu/yc341pg5979", "title": "[朝鮮五万分一地形圖]", "ckey": 9585328, "available": true, "iiifUrl": "https://purl.stanford.edu/yc341pg5979/iiif/manifest" }, "geometry": { "type": "Polygon", "coordinates": [ [ [ 129.5, 35.6666667 ], [ 129.5, 35.79 ], [ 129.52, 35.79 ], [ 129.52, 35.8333333 ], [ 129.5, 35.8333333 ], [ 129.25, 35.8333333 ], [ 129.25, 35.6666667 ], [ 129.5, 35.6666667 ] ] ] } },
{ "type": "Feature", "properties": { "Id": 0, "Sheet_ID": "慶州 13. 慶州", "label": "慶州 13. 慶州", "call_short": "G7900 S50 .J3", "call_num": "G7900 S50 .J3 SHEET B12-13", "recid": "jx966fj0824", "websiteUrl": "https://purl.stanford.edu/jx966fj0824", "title": "[朝鮮五万分一地形圖]", "ckey": 9585328, "available": true, "iiifUrl": "https://purl.stanford.edu/jx966fj0824/iiif/manifest" }, "geometry": { "type": "Polygon", "coordinates": [ [ [ 129.0, 35.8333333 ], [ 129.25, 35.8333333 ], [ 129.25, 36.0 ], [ 129.0, 36.0 ], [ 129.0, 35.8333333 ] ] ] } },
{ "type": "Feature", "properties": { "Id": 0, "Sheet_ID": "慶州 9. 延日", "label": "慶州 9. 延日", "call_short": "G7900 S50 .J3", "call_num": "G7900 S50 .J3 SHEET B12-9", "recid": "pn384zy5026", "websiteUrl": "https://purl.stanford.edu/pn384zy5026", "title": "[朝鮮五万分一地形圖]", "ckey": 9585328, "available": true, "iiifUrl": "https://purl.stanford.edu/pn384zy5026/iiif/manifest" }, "geometry": { "type": "Polygon", "coordinates": [ [ [ 129.25, 35.8333333 ], [ 129.5, 35.8333333 ], [ 129.5, 36.0 ], [ 129.25, 36.0 ], [ 129.25, 35.8333333 ] ] ] } },
{ "type": "Feature", "properties": { "Id": 0, "Sheet_ID": "慶州 5. 九龍浦", "label": "慶州 5. 九龍浦", "call_short": "G7900 S50 .J3", "call_num": "G7900 S50 .J3 SHEET B12-5", "recid": "gf292vh4217", "websiteUrl": "https://purl.stanford.edu/gf292vh4217", "title": "[朝鮮五万分一地形圖]", "ckey": 9585328, "available": true, "iiifUrl": "https://purl.stanford.edu/gf292vh4217/iiif/manifest" }, "geometry": { "type": "Polygon", "coordinates": [ [ [ 129.5, 35.8333333 ], [ 129.75, 35.8333333 ], [ 129.75, 36.0 ], [ 129.5, 36.0 ], [ 129.5, 35.8333333 ] ] ] } },
{ "type": "Feature", "properties": { "Id": 0, "Sheet_ID": "江陵 16R. 安興里", "label": "江陵 16R. 安興里", "call_short": "G7900 S50 .J3", "call_num": "G7900 S50 .J3 SHEET C9-16R", "recid": "jg798pb2295", "websiteUrl": "https://purl.stanford.edu/jg798pb2295", "title": "[朝鮮五万分一地形圖]", "ckey": 9585328, "available": true, "iiifUrl": "https://purl.stanford.edu/jg798pb2295/iiif/manifest" }, "geometry": { "type": "Polygon", "coordinates": [ [ [ 128.0, 37.333333 ], [ 128.25, 37.333333 ], [ 128.25, 37.4999998 ], [ 128.0, 37.4999998 ], [ 128.0, 37.333333 ] ] ] } },
{ "type": "Feature", "properties": { "Id": 0, "Sheet_ID": "江陵 12. 平昌", "label": "江陵 12. 平昌", "call_short": "G7900 S50 .J3", "call_num": "G7900 S50 .J3 SHEET C9-12", "recid": "bv010zs1865", "websiteUrl": "https://purl.stanford.edu/bv010zs1865", "title": "[朝鮮五万分一地形圖]", "ckey": 9585328, "available": true, "iiifUrl": "https://purl.stanford.edu/bv010zs1865/iiif/manifest" }, "geometry": { "type": "Polygon", "coordinates": [ [ [ 128.25, 37.333333 ], [ 128.5, 37.333333 ], [ 128.5, 37.4999998 ], [ 128.25, 37.4999998 ], [ 128.25, 37.333333 ] ] ] } },
{ "type": "Feature", "properties": { "Id": 0, "Sheet_ID": "江陵 8. 旌善", "label": "江陵 8. 旌善", "call_short": "G7900 S50 .J3", "call_num": "G7900 S50 .J3 SHEET C9-8", "recid": "xh868tr5708", "websiteUrl": "https://purl.stanford.edu/xh868tr5708", "title": "[朝鮮五万分一地形圖]", "ckey": 9585328, "available": true, "iiifUrl": "https://purl.stanford.edu/xh868tr5708/iiif/manifest" }, "geometry": { "type": "Polygon", "coordinates": [ [ [ 128.5, 37.333333 ], [ 128.75, 37.333333 ], [ 128.75, 37.4999998 ], [ 128.5, 37.4999998 ], [ 128.5, 37.333333 ] ] ] } },
{ "type": "Feature", "properties": { "Id": 0, "Sheet_ID": "江陵 4. 下臨溪", "label": "江陵 4. 下臨溪", "call_short": "G7900 S50 .J3", "call_num": "G7900 S50 .J3 SHEET C9-4", "recid": "fx720jg3879", "websiteUrl": "https://purl.stanford.edu/fx720jg3879", "title": "[朝鮮五万分一地形圖]", "ckey": 9585328, "available": true, "iiifUrl": "https://purl.stanford.edu/fx720jg3879/iiif/manifest" }, "geometry": { "type": "Polygon", "coordinates": [ [ [ 128.75, 37.333333 ], [ 129.0, 37.333333 ], [ 129.0, 37.4999998 ], [ 128.75, 37.4999998 ], [ 128.75, 37.333333 ] ] ] } },
{ "type": "Feature", "properties": { "Id": 0, "Sheet_ID": "江陵 15R. 甲川里", "label": "江陵 15R. 甲川里", "call_short": "G7900 S50 .J3", "call_num": "G7900 S50 .J3 SHEET C9-15R", "recid": "yk296pt0463", "websiteUrl": "https://purl.stanford.edu/yk296pt0463", "title": "[朝鮮五万分一地形圖]", "ckey": 9585328, "available": true, "iiifUrl": "https://purl.stanford.edu/yk296pt0463/iiif/manifest" }, "geometry": { "type": "Polygon", "coordinates": [ [ [ 128.0, 37.4999998 ], [ 128.25, 37.4999998 ], [ 128.25, 37.6666665 ], [ 128.0, 37.6666665 ], [ 128.0, 37.4999998 ] ] ] } },
{ "type": "Feature", "properties": { "Id": 0, "Sheet_ID": "江陵 11. 蒼洞", "label": "江陵 11. 蒼洞", "call_short": "G7900 S50 .J3", "call_num": "G7900 S50 .J3 SHEET C9-11", "recid": "pv766hb9461", "websiteUrl": "https://purl.stanford.edu/pv766hb9461", "title": "[朝鮮五万分一地形圖]", "ckey": 9585328, "available": true, "iiifUrl": "https://purl.stanford.edu/pv766hb9461/iiif/manifest" }, "geometry": { "type": "Polygon", "coordinates": [ [ [ 128.25, 37.4999998 ], [ 128.5, 37.4999998 ], [ 128.5, 37.6666665 ], [ 128.25, 37.6666665 ], [ 128.25, 37.4999998 ] ] ] } },
{ "type": "Feature", "properties": { "Id": 0, "Sheet_ID": "江陵 7. 下珍富", "label": "江陵 7. 下珍富", "call_short": "G7900 S50 .J3", "call_num": "G7900 S50 .J3 SHEET C9-7", "recid": "hg722vn5631", "websiteUrl": "https://purl.stanford.edu/hg722vn5631", "title": "[朝鮮五万分一地形圖]", "ckey": 9585328, "available": true, "iiifUrl": "https://purl.stanford.edu/hg722vn5631/iiif/manifest" }, "geometry": { "type": "Polygon", "coordinates": [ [ [ 128.5, 37.4999998 ], [ 128.75, 37.4999998 ], [ 128.75, 37.6666665 ], [ 128.5, 37.6666665 ], [ 128.5, 37.4999998 ] ] ] } },
{ "type": "Feature", "properties": { "Id": 0, "Sheet_ID": "江陵 3. 石屏山", "label": "江陵 3. 石屏山", "call_short": "G7900 S50 .J3", "call_num": "G7900 S50 .J3 SHEET C9-3", "recid": "yk996zc6351", "websiteUrl": "https://purl.stanford.edu/yk996zc6351", "title": "[朝鮮五万分一地形圖]", "ckey": 9585328, "available": true, "iiifUrl": "https://purl.stanford.edu/yk996zc6351/iiif/manifest" }, "geometry": { "type": "Polygon", "coordinates": [ [ [ 128.75, 37.4999998 ], [ 129.0, 37.4999998 ], [ 129.0, 37.6666665 ], [ 128.75, 37.6666665 ], [ 128.75, 37.4999998 ] ] ] } },
{ "type": "Feature", "properties": { "Id": 0, "Sheet_ID": "江陵 14. 豊岩里", "label": "江陵 14. 豊岩里", "call_short": "G7900 S50 .J3", "call_num": "G7900 S50 .J3 SHEET C9-14", "recid": "hn705st5083", "websiteUrl": "https://purl.stanford.edu/hn705st5083", "title": "[朝鮮五万分一地形圖]", "ckey": 9585328, "available": true, "iiifUrl": "https://purl.stanford.edu/hn705st5083/iiif/manifest" }, "geometry": { "type": "Polygon", "coordinates": [ [ [ 128.0, 37.6666665 ], [ 128.25, 37.6666665 ], [ 128.25, 37.8333333 ], [ 128.0, 37.8333333 ], [ 128.0, 37.6666665 ] ] ] } },
{ "type": "Feature", "properties": { "Id": 0, "Sheet_ID": "江陵 10. 蒼村", "label": "江陵 10. 蒼村", "call_short": "G7900 S50 .J3", "call_num": "G7900 S50 .J3 SHEET C9-10", "recid": "yb527vs6298", "websiteUrl": "https://purl.stanford.edu/yb527vs6298", "title": "[朝鮮五万分一地形圖]", "ckey": 9585328, "available": true, "iiifUrl": "https://purl.stanford.edu/yb527vs6298/iiif/manifest" }, "geometry": { "type": "Polygon", "coordinates": [ [ [ 128.25, 37.6666665 ], [ 128.5, 37.6666665 ], [ 128.5, 37.8333333 ], [ 128.25, 37.8333333 ], [ 128.25, 37.6666665 ] ] ] } },
{ "type": "Feature", "properties": { "Id": 0, "Sheet_ID": "江陵 6. 五臺山", "label": "江陵 6. 五臺山", "call_short": "G7900 S50 .J3", "call_num": "G7900 S50 .J3 SHEET C9-6", "recid": "gq626jn1338", "websiteUrl": "https://purl.stanford.edu/gq626jn1338", "title": "[朝鮮五万分一地形圖]", "ckey": 9585328, "available": true, "iiifUrl": "https://purl.stanford.edu/gq626jn1338/iiif/manifest" }, "geometry": { "type": "Polygon", "coordinates": [ [ [ 128.5, 37.6666665 ], [ 128.75, 37.6666665 ], [ 128.75, 37.8333333 ], [ 128.5, 37.8333333 ], [ 128.5, 37.6666665 ] ] ] } },
{ "type": "Feature", "properties": { "Id": 0, "Sheet_ID": "江陵 2. 江陵", "label": "江陵 2. 江陵", "call_short": "G7900 S50 .J3", "call_num": "G7900 S50 .J3 SHEET C9-2", "recid": "dg169rm5787", "websiteUrl": "https://purl.stanford.edu/dg169rm5787", "title": "[朝鮮五万分一地形圖]", "ckey": 9585328, "available": true, "iiifUrl": "https://purl.stanford.edu/dg169rm5787/iiif/manifest" }, "geometry": { "type": "Polygon", "coordinates": [ [ [ 128.75, 37.6666665 ], [ 129.0, 37.6666665 ], [ 129.0, 37.8333333 ], [ 128.75, 37.8333333 ], [ 128.75, 37.6666665 ] ] ] } },
{ "type": "Feature", "properties": { "Id": 0, "Sheet_ID": "江陵 13. 自隱里", "label": "江陵 13. 自隱里", "call_short": "G7900 S50 .J3", "call_num": "G7900 S50 .J3 SHEET C9-13", "recid": "wq100vx8267", "websiteUrl": "https://purl.stanford.edu/wq100vx8267", "title": "[朝鮮五万分一地形圖]", "ckey": 9585328, "available": true, "iiifUrl": "https://purl.stanford.edu/wq100vx8267/iiif/manifest" }, "geometry": { "type": "Polygon", "coordinates": [ [ [ 128.0, 37.8333333 ], [ 128.25, 37.8333333 ], [ 128.25, 38.0 ], [ 128.0, 38.0 ], [ 128.0, 37.8333333 ] ] ] } },
{ "type": "Feature", "properties": { "Id": 0, "Sheet_ID": "江陵 9. 縣里", "label": "江陵 9. 縣里", "call_short": "G7900 S50 .J3", "call_num": "G7900 S50 .J3 SHEET C9-9", "recid": "qt678wb1733", "websiteUrl": "https://purl.stanford.edu/qt678wb1733", "title": "[朝鮮五万分一地形圖]", "ckey": 9585328, "available": true, "iiifUrl": "https://purl.stanford.edu/qt678wb1733/iiif/manifest" }, "geometry": { "type": "Polygon", "coordinates": [ [ [ 128.25, 37.8333333 ], [ 128.5, 37.8333333 ], [ 128.5, 38.0 ], [ 128.25, 38.0 ], [ 128.25, 37.8333333 ] ] ] } },
{ "type": "Feature", "properties": { "Id": 0, "Sheet_ID": "江陵 5. 北盆里", "label": "江陵 5. 北盆里", "call_short": "G7900 S50 .J3", "call_num": "G7900 S50 .J3 SHEET C9-5", "recid": "hp657wj8426", "websiteUrl": "https://purl.stanford.edu/hp657wj8426", "title": "[朝鮮五万分一地形圖]", "ckey": 9585328, "available": true, "iiifUrl": "https://purl.stanford.edu/hp657wj8426/iiif/manifest" }, "geometry": { "type": "Polygon", "coordinates": [ [ [ 128.5, 37.8333333 ], [ 128.75, 37.8333333 ], [ 128.75, 38.0 ], [ 128.5, 38.0 ], [ 128.5, 37.8333333 ] ] ] } },
{ "type": "Feature", "properties": { "Id": 0, "Sheet_ID": "江陵 1. 注文津", "label": "江陵 1. 注文津", "call_short": "G7900 S50 .J3", "call_num": "G7900 S50 .J3 SHEET C9-1", "recid": "sz492gt1704", "websiteUrl": "https://purl.stanford.edu/sz492gt1704", "title": "[朝鮮五万分一地形圖]", "ckey": 9585328, "available": true, "iiifUrl": "https://purl.stanford.edu/sz492gt1704/iiif/manifest" }, "geometry": { "type": "Polygon", "coordinates": [ [ [ 128.75, 37.8333333 ], [ 129.0, 37.8333333 ], [ 129.0, 38.0 ], [ 128.75, 38.0 ], [ 128.75, 37.8333333 ] ] ] } },
{ "type": "Feature", "properties": { "Id": 0, "Sheet_ID": "江陵 1R. 注文津", "label": "江陵 1R. 注文津", "call_short": "G7900 S50 .J3", "call_num": "G7900 S50 .J3 SHEET C9-1R", "recid": "vt265tc4217", "websiteUrl": "https://purl.stanford.edu/vt265tc4217", "title": "[朝鮮五万分一地形圖]", "ckey": 9585328, "available": true, "iiifUrl": "https://purl.stanford.edu/vt265tc4217/iiif/manifest" }, "geometry": { "type": "Polygon", "coordinates": [ [ [ 128.75, 37.8333333 ], [ 129.0, 37.8333333 ], [ 129.0, 38.0 ], [ 128.75, 38.0 ], [ 128.75, 37.8333333 ] ] ] } },
{ "type": "Feature", "properties": { "Id": 0, "Sheet_ID": "江陵 2R. 江陵", "label": "江陵 2R. 江陵", "call_short": "G7900 S50 .J3", "call_num": "G7900 S50 .J3 SHEET C9-2R", "recid": "hj767jp1482", "websiteUrl": "https://purl.stanford.edu/hj767jp1482", "title": "[朝鮮五万分一地形圖]", "ckey": 9585328, "available": true, "iiifUrl": "https://purl.stanford.edu/hj767jp1482/iiif/manifest" }, "geometry": { "type": "Polygon", "coordinates": [ [ [ 128.75, 37.6666665 ], [ 129.0, 37.6666665 ], [ 129.0, 37.8333333 ], [ 128.75, 37.8333333 ], [ 128.75, 37.6666665 ] ] ] } },
{ "type": "Feature", "properties": { "Id": 0, "Sheet_ID": "江陵 3R. 石屏山", "label": "江陵 3R. 石屏山", "call_short": "G7900 S50 .J3", "call_num": "G7900 S50 .J3 SHEET C9-3R", "recid": "kb287nd1014", "websiteUrl": "https://purl.stanford.edu/kb287nd1014", "title": "[朝鮮五万分一地形圖]", "ckey": 9585328, "available": true, "iiifUrl": "https://purl.stanford.edu/kb287nd1014/iiif/manifest" }, "geometry": { "type": "Polygon", "coordinates": [ [ [ 128.75, 37.4999998 ], [ 129.0, 37.4999998 ], [ 129.0, 37.6666665 ], [ 128.75, 37.6666665 ], [ 128.75, 37.4999998 ] ] ] } },
{ "type": "Feature", "properties": { "Id": 0, "Sheet_ID": "江陵 4R. 下臨溪", "label": "江陵 4R. 下臨溪", "call_short": "G7900 S50 .J3", "call_num": "G7900 S50 .J3 SHEET C9-4R", "recid": "vh003vy5038", "websiteUrl": "https://purl.stanford.edu/vh003vy5038", "title": "[朝鮮五万分一地形圖]", "ckey": 9585328, "available": true, "iiifUrl": "https://purl.stanford.edu/vh003vy5038/iiif/manifest" }, "geometry": { "type": "Polygon", "coordinates": [ [ [ 128.75, 37.333333 ], [ 129.0, 37.333333 ], [ 129.0, 37.4999998 ], [ 128.75, 37.4999998 ], [ 128.75, 37.333333 ] ] ] } },
{ "type": "Feature", "properties": { "Id": 0, "Sheet_ID": "江陵 5R. 北盆里", "label": "江陵 5R. 北盆里", "call_short": "G7900 S50 .J3", "call_num": "G7900 S50 .J3 SHEET C9-5R", "recid": "qz278jq4380", "websiteUrl": "https://purl.stanford.edu/qz278jq4380", "title": "[朝鮮五万分一地形圖]", "ckey": 9585328, "available": true, "iiifUrl": "https://purl.stanford.edu/qz278jq4380/iiif/manifest" }, "geometry": { "type": "Polygon", "coordinates": [ [ [ 128.5, 37.8333333 ], [ 128.75, 37.8333333 ], [ 128.75, 38.0 ], [ 128.5, 38.0 ], [ 128.5, 37.8333333 ] ] ] } },
{ "type": "Feature", "properties": { "Id": 0, "Sheet_ID": "江陵 6R. 五臺山", "label": "江陵 6R. 五臺山", "call_short": "G7900 S50 .J3", "call_num": "G7900 S50 .J3 SHEET C9-6R", "recid": "rf894cd7594", "websiteUrl": "https://purl.stanford.edu/rf894cd7594", "title": "[朝鮮五万分一地形圖]", "ckey": 9585328, "available": true, "iiifUrl": "https://purl.stanford.edu/rf894cd7594/iiif/manifest" }, "geometry": { "type": "Polygon", "coordinates": [ [ [ 128.5, 37.6666665 ], [ 128.75, 37.6666665 ], [ 128.75, 37.8333333 ], [ 128.5, 37.8333333 ], [ 128.5, 37.6666665 ] ] ] } },
{ "type": "Feature", "properties": { "Id": 0, "Sheet_ID": "江陵 7R. 下珍富", "label": "江陵 7R. 下珍富", "call_short": "G7900 S50 .J3", "call_num": "G7900 S50 .J3 SHEET C9-7R", "recid": "jy355pm3450", "websiteUrl": "https://purl.stanford.edu/jy355pm3450", "title": "[朝鮮五万分一地形圖]", "ckey": 9585328, "available": true, "iiifUrl": "https://purl.stanford.edu/jy355pm3450/iiif/manifest" }, "geometry": { "type": "Polygon", "coordinates": [ [ [ 128.5, 37.4999998 ], [ 128.75, 37.4999998 ], [ 128.75, 37.6666665 ], [ 128.5, 37.6666665 ], [ 128.5, 37.4999998 ] ] ] } },
{ "type": "Feature", "properties": { "Id": 0, "Sheet_ID": "江陵 8R. 旌善", "label": "江陵 8R. 旌善", "call_short": "G7900 S50 .J3", "call_num": "G7900 S50 .J3 SHEET C9-8R", "recid": "yr057cd1809", "websiteUrl": "https://purl.stanford.edu/yr057cd1809", "title": "[朝鮮五万分一地形圖]", "ckey": 9585328, "available": true, "iiifUrl": "https://purl.stanford.edu/yr057cd1809/iiif/manifest" }, "geometry": { "type": "Polygon", "coordinates": [ [ [ 128.5, 37.333333 ], [ 128.75, 37.333333 ], [ 128.75, 37.4999998 ], [ 128.5, 37.4999998 ], [ 128.5, 37.333333 ] ] ] } },
{ "type": "Feature", "properties": { "Id": 0, "Sheet_ID": "江陵 9R. 縣里", "label": "江陵 9R. 縣里", "call_short": "G7900 S50 .J3", "call_num": "G7900 S50 .J3 SHEET C9-9R", "recid": "wg183qr5182", "websiteUrl": "https://purl.stanford.edu/wg183qr5182", "title": "[朝鮮五万分一地形圖]", "ckey": 9585328, "available": true, "iiifUrl": "https://purl.stanford.edu/wg183qr5182/iiif/manifest" }, "geometry": { "type": "Polygon", "coordinates": [ [ [ 128.25, 37.8333333 ], [ 128.5, 37.8333333 ], [ 128.5, 38.0 ], [ 128.25, 38.0 ], [ 128.25, 37.8333333 ] ] ] } },
{ "type": "Feature", "properties": { "Id": 0, "Sheet_ID": "江陵 10R. 蒼村", "label": "江陵 10R. 蒼村", "call_short": "G7900 S50 .J3", "call_num": "G7900 S50 .J3 SHEET C9-10R", "recid": "by039gv3194", "websiteUrl": "https://purl.stanford.edu/by039gv3194", "title": "[朝鮮五万分一地形圖]", "ckey": 9585328, "available": true, "iiifUrl": "https://purl.stanford.edu/by039gv3194/iiif/manifest" }, "geometry": { "type": "Polygon", "coordinates": [ [ [ 128.25, 37.6666665 ], [ 128.5, 37.6666665 ], [ 128.5, 37.8333333 ], [ 128.25, 37.8333333 ], [ 128.25, 37.6666665 ] ] ] } },
{ "type": "Feature", "properties": { "Id": 0, "Sheet_ID": "江陵 11R. 蒼洞", "label": "江陵 11R. 蒼洞", "call_short": "G7900 S50 .J3", "call_num": "G7900 S50 .J3 SHEET C9-11R", "recid": "tz675jw5573", "websiteUrl": "https://purl.stanford.edu/tz675jw5573", "title": "[朝鮮五万分一地形圖]", "ckey": 9585328, "available": true, "iiifUrl": "https://purl.stanford.edu/tz675jw5573/iiif/manifest" }, "geometry": { "type": "Polygon", "coordinates": [ [ [ 128.25, 37.4999998 ], [ 128.5, 37.4999998 ], [ 128.5, 37.6666665 ], [ 128.25, 37.6666665 ], [ 128.25, 37.4999998 ] ] ] } },
{ "type": "Feature", "properties": { "Id": 0, "Sheet_ID": "江陵 12R. 平昌", "label": "江陵 12R. 平昌", "call_short": "G7900 S50 .J3", "call_num": "G7900 S50 .J3 SHEET C9-12R", "recid": "mp571jt0965", "websiteUrl": "https://purl.stanford.edu/mp571jt0965", "title": "[朝鮮五万分一地形圖]", "ckey": 9585328, "available": true, "iiifUrl": "https://purl.stanford.edu/mp571jt0965/iiif/manifest" }, "geometry": { "type": "Polygon", "coordinates": [ [ [ 128.25, 37.333333 ], [ 128.5, 37.333333 ], [ 128.5, 37.4999998 ], [ 128.25, 37.4999998 ], [ 128.25, 37.333333 ] ] ] } },
{ "type": "Feature", "properties": { "Id": 0, "Sheet_ID": "江陵 13R. 自隱里", "label": "江陵 13R. 自隱里", "call_short": "G7900 S50 .J3", "call_num": "G7900 S50 .J3 SHEET C9-13R", "recid": "nk793qj3627", "websiteUrl": "https://purl.stanford.edu/nk793qj3627", "title": "[朝鮮五万分一地形圖]", "ckey": 9585328, "available": true, "iiifUrl": "https://purl.stanford.edu/nk793qj3627/iiif/manifest" }, "geometry": { "type": "Polygon", "coordinates": [ [ [ 128.0, 37.8333333 ], [ 128.25, 37.8333333 ], [ 128.25, 38.0 ], [ 128.0, 38.0 ], [ 128.0, 37.8333333 ] ] ] } },
{ "type": "Feature", "properties": { "Id": 0, "Sheet_ID": "江陵 14R. 豊岩里", "label": "江陵 14R. 豊岩里", "call_short": "G7900 S50 .J3", "call_num": "G7900 S50 .J3 SHEET C9-14R", "recid": "xx823db4784", "websiteUrl": "https://purl.stanford.edu/xx823db4784", "title": "[朝鮮五万分一地形圖]", "ckey": 9585328, "available": true, "iiifUrl": "https://purl.stanford.edu/xx823db4784/iiif/manifest" }, "geometry": { "type": "Polygon", "coordinates": [ [ [ 128.0, 37.6666665 ], [ 128.25, 37.6666665 ], [ 128.25, 37.8333333 ], [ 128.0, 37.8333333 ], [ 128.0, 37.6666665 ] ] ] } },
{ "type": "Feature", "properties": { "Id": 0, "Sheet_ID": "榮州 16. 聞慶", "label": "榮州 16. 聞慶", "call_short": "G7900 S50 .J3", "call_num": "G7900 S50 .J3 SHEET C10-16", "recid": "kb280hh5616", "websiteUrl": "https://purl.stanford.edu/kb280hh5616", "title": "[朝鮮五万分一地形圖]", "ckey": 9585328, "available": true, "iiifUrl": "https://purl.stanford.edu/kb280hh5616/iiif/manifest" }, "geometry": { "type": "Polygon", "coordinates": [ [ [ 128.0, 36.666667 ], [ 128.25, 36.666667 ], [ 128.25, 36.8333335 ], [ 128.0, 36.8333335 ], [ 128.0, 36.666667 ] ] ] } },
{ "type": "Feature", "properties": { "Id": 0, "Sheet_ID": "榮州 12. 赤城", "label": "榮州 12. 赤城", "call_short": "G7900 S50 .J3", "call_num": "G7900 S50 .J3 SHEET C10-12", "recid": "jr187rt2520", "websiteUrl": "https://purl.stanford.edu/jr187rt2520", "title": "[朝鮮五万分一地形圖]", "ckey": 9585328, "available": true, "iiifUrl": "https://purl.stanford.edu/jr187rt2520/iiif/manifest" }, "geometry": { "type": "Polygon", "coordinates": [ [ [ 128.25, 36.666667 ], [ 128.5, 36.666667 ], [ 128.5, 36.8333335 ], [ 128.25, 36.8333335 ], [ 128.25, 36.666667 ] ] ] } },
{ "type": "Feature", "properties": { "Id": 0, "Sheet_ID": "榮州 8. 榮州", "label": "榮州 8. 榮州", "call_short": "G7900 S50 .J3", "call_num": "G7900 S50 .J3 SHEET C10-8", "recid": "xv993sp4228", "websiteUrl": "https://purl.stanford.edu/xv993sp4228", "title": "[朝鮮五万分一地形圖]", "ckey": 9585328, "available": true, "iiifUrl": "https://purl.stanford.edu/xv993sp4228/iiif/manifest" }, "geometry": { "type": "Polygon", "coordinates": [ [ [ 128.5, 36.666667 ], [ 128.75, 36.666667 ], [ 128.75, 36.8333335 ], [ 128.5, 36.8333335 ], [ 128.5, 36.666667 ] ] ] } },
{ "type": "Feature", "properties": { "Id": 0, "Sheet_ID": "榮州 4. 禮安", "label": "榮州 4. 禮安", "call_short": "G7900 S50 .J3", "call_num": "G7900 S50 .J3 SHEET C10-4", "recid": "hp127kv2013", "websiteUrl": "https://purl.stanford.edu/hp127kv2013", "title": "[朝鮮五万分一地形圖]", "ckey": 9585328, "available": true, "iiifUrl": "https://purl.stanford.edu/hp127kv2013/iiif/manifest" }, "geometry": { "type": "Polygon", "coordinates": [ [ [ 128.75, 36.666667 ], [ 129.0, 36.666667 ], [ 129.0, 36.8333335 ], [ 128.75, 36.8333335 ], [ 128.75, 36.666667 ] ] ] } },
{ "type": "Feature", "properties": { "Id": 0, "Sheet_ID": "榮州 15R. 黄江里", "label": "榮州 15R. 黄江里", "call_short": "G7900 S50 .J3", "call_num": "G7900 S50 .J3 SHEET C10-15R", "recid": "wb947nr0335", "websiteUrl": "https://purl.stanford.edu/wb947nr0335", "title": "[朝鮮五万分一地形圖]", "ckey": 9585328, "available": true, "iiifUrl": "https://purl.stanford.edu/wb947nr0335/iiif/manifest" }, "geometry": { "type": "Polygon", "coordinates": [ [ [ 128.0, 36.8333335 ], [ 128.25, 36.8333335 ], [ 128.25, 37.0 ], [ 128.0, 37.0 ], [ 128.0, 36.8333335 ] ] ] } },
{ "type": "Feature", "properties": { "Id": 0, "Sheet_ID": "榮州 11. 丹陽", "label": "榮州 11. 丹陽", "call_short": "G7900 S50 .J3", "call_num": "G7900 S50 .J3 SHEET C10-11", "recid": "wf646fv7533", "websiteUrl": "https://purl.stanford.edu/wf646fv7533", "title": "[朝鮮五万分一地形圖]", "ckey": 9585328, "available": true, "iiifUrl": "https://purl.stanford.edu/wf646fv7533/iiif/manifest" }, "geometry": { "type": "Polygon", "coordinates": [ [ [ 128.25, 36.8333335 ], [ 128.5, 36.8333335 ], [ 128.5, 37.0 ], [ 128.25, 37.0 ], [ 128.25, 36.8333335 ] ] ] } },
{ "type": "Feature", "properties": { "Id": 0, "Sheet_ID": "榮州 7R. 乃城", "label": "榮州 7R. 乃城", "call_short": "G7900 S50 .J3", "call_num": "G7900 S50 .J3 SHEET C10-7R", "recid": "rx092pc8487", "websiteUrl": "https://purl.stanford.edu/rx092pc8487", "title": "[朝鮮五万分一地形圖]", "ckey": 9585328, "available": true, "iiifUrl": "https://purl.stanford.edu/rx092pc8487/iiif/manifest" }, "geometry": { "type": "Polygon", "coordinates": [ [ [ 128.5, 36.8333335 ], [ 128.75, 36.8333335 ], [ 128.75, 37.0 ], [ 128.5, 37.0 ], [ 128.5, 36.8333335 ] ] ] } },
{ "type": "Feature", "properties": { "Id": 0, "Sheet_ID": "榮州 3R. 春陽", "label": "榮州 3R. 春陽", "call_short": "G7900 S50 .J3", "call_num": "G7900 S50 .J3 SHEET C10-3R", "recid": "mr033hg7354", "websiteUrl": "https://purl.stanford.edu/mr033hg7354", "title": "[朝鮮五万分一地形圖]", "ckey": 9585328, "available": true, "iiifUrl": "https://purl.stanford.edu/mr033hg7354/iiif/manifest" }, "geometry": { "type": "Polygon", "coordinates": [ [ [ 128.75, 36.8333335 ], [ 129.0, 36.8333335 ], [ 129.0, 37.0 ], [ 128.75, 37.0 ], [ 128.75, 36.8333335 ] ] ] } },
{ "type": "Feature", "properties": { "Id": 0, "Sheet_ID": "榮州 14R. 堤川", "label": "榮州 14R. 堤川", "call_short": "G7900 S50 .J3", "call_num": "G7900 S50 .J3 SHEET C10-14R", "recid": "wt641gw5666", "websiteUrl": "https://purl.stanford.edu/wt641gw5666", "title": "[朝鮮五万分一地形圖]", "ckey": 9585328, "available": true, "iiifUrl": "https://purl.stanford.edu/wt641gw5666/iiif/manifest" }, "geometry": { "type": "Polygon", "coordinates": [ [ [ 128.0, 37.0 ], [ 128.25, 37.0 ], [ 128.25, 37.1666665 ], [ 128.0, 37.1666665 ], [ 128.0, 37.0 ] ] ] } },
{ "type": "Feature", "properties": { "Id": 0, "Sheet_ID": "榮州 10. 永春", "label": "榮州 10. 永春", "call_short": "G7900 S50 .J3", "call_num": "G7900 S50 .J3 SHEET C10-10", "recid": "qs053pk1306", "websiteUrl": "https://purl.stanford.edu/qs053pk1306", "title": "[朝鮮五万分一地形圖]", "ckey": 9585328, "available": true, "iiifUrl": "https://purl.stanford.edu/qs053pk1306/iiif/manifest" }, "geometry": { "type": "Polygon", "coordinates": [ [ [ 128.25, 37.0 ], [ 128.5, 37.0 ], [ 128.5, 37.1666665 ], [ 128.25, 37.1666665 ], [ 128.25, 37.0 ] ] ] } },
{ "type": "Feature", "properties": { "Id": 0, "Sheet_ID": "榮州 6. 玉洞", "label": "榮州 6. 玉洞", "call_short": "G7900 S50 .J3", "call_num": "G7900 S50 .J3 SHEET C10-6", "recid": "ws967ns0903", "websiteUrl": "https://purl.stanford.edu/ws967ns0903", "title": "[朝鮮五万分一地形圖]", "ckey": 9585328, "available": true, "iiifUrl": "https://purl.stanford.edu/ws967ns0903/iiif/manifest" }, "geometry": { "type": "Polygon", "coordinates": [ [ [ 128.5, 37.0 ], [ 128.75, 37.0 ], [ 128.75, 37.1666665 ], [ 128.5, 37.1666665 ], [ 128.5, 37.0 ] ] ] } },
{ "type": "Feature", "properties": { "Id": 0, "Sheet_ID": "榮州 2. 西碧里", "label": "榮州 2. 西碧里", "call_short": "G7900 S50 .J3", "call_num": "G7900 S50 .J3 SHEET C10-2", "recid": "qw176jc7125", "websiteUrl": "https://purl.stanford.edu/qw176jc7125", "title": "[朝鮮五万分一地形圖]", "ckey": 9585328, "available": true, "iiifUrl": "https://purl.stanford.edu/qw176jc7125/iiif/manifest" }, "geometry": { "type": "Polygon", "coordinates": [ [ [ 128.75, 37.0 ], [ 129.0, 37.0 ], [ 129.0, 37.1666665 ], [ 128.75, 37.1666665 ], [ 128.75, 37.0 ] ] ] } },
{ "type": "Feature", "properties": { "Id": 0, "Sheet_ID": "榮州 13. 神林", "label": "榮州 13. 神林", "call_short": "G7900 S50 .J3", "call_num": "G7900 S50 .J3 SHEET C10-13", "recid": "qk765jk6187", "websiteUrl": "https://purl.stanford.edu/qk765jk6187", "title": "[朝鮮五万分一地形圖]", "ckey": 9585328, "available": true, "iiifUrl": "https://purl.stanford.edu/qk765jk6187/iiif/manifest" }, "geometry": { "type": "Polygon", "coordinates": [ [ [ 128.0, 37.1666665 ], [ 128.25, 37.1666665 ], [ 128.25, 37.333333 ], [ 128.0, 37.333333 ], [ 128.0, 37.1666665 ] ] ] } },
{ "type": "Feature", "properties": { "Id": 0, "Sheet_ID": "榮州 9. 寧越", "label": "榮州 9. 寧越", "call_short": "G7900 S50 .J3", "call_num": "G7900 S50 .J3 SHEET C10-9", "recid": "px092fy6393", "websiteUrl": "https://purl.stanford.edu/px092fy6393", "title": "[朝鮮五万分一地形圖]", "ckey": 9585328, "available": true, "iiifUrl": "https://purl.stanford.edu/px092fy6393/iiif/manifest" }, "geometry": { "type": "Polygon", "coordinates": [ [ [ 128.25, 37.1666665 ], [ 128.5, 37.1666665 ], [ 128.5, 37.333333 ], [ 128.25, 37.333333 ], [ 128.25, 37.1666665 ] ] ] } },
{ "type": "Feature", "properties": { "Id": 0, "Sheet_ID": "榮州 5. 義林吉", "label": "榮州 5. 義林吉", "call_short": "G7900 S50 .J3", "call_num": "G7900 S50 .J3 SHEET C10-5", "recid": "jd211ks9773", "websiteUrl": "https://purl.stanford.edu/jd211ks9773", "title": "[朝鮮五万分一地形圖]", "ckey": 9585328, "available": true, "iiifUrl": "https://purl.stanford.edu/jd211ks9773/iiif/manifest" }, "geometry": { "type": "Polygon", "coordinates": [ [ [ 128.5, 37.1666665 ], [ 128.75, 37.1666665 ], [ 128.75, 37.333333 ], [ 128.5, 37.333333 ], [ 128.5, 37.1666665 ] ] ] } },
{ "type": "Feature", "properties": { "Id": 0, "Sheet_ID": "榮州 1. 虎鳴", "label": "榮州 1. 虎鳴", "call_short": "G7900 S50 .J3", "call_num": "G7900 S50 .J3 SHEET C10-1", "recid": "tc108qz8198", "websiteUrl": "https://purl.stanford.edu/tc108qz8198", "title": "[朝鮮五万分一地形圖]", "ckey": 9585328, "available": true, "iiifUrl": "https://purl.stanford.edu/tc108qz8198/iiif/manifest" }, "geometry": { "type": "Polygon", "coordinates": [ [ [ 128.75, 37.1666665 ], [ 129.0, 37.1666665 ], [ 129.0, 37.333333 ], [ 128.75, 37.333333 ], [ 128.75, 37.1666665 ] ] ] } },
{ "type": "Feature", "properties": { "Id": 0, "Sheet_ID": "榮州 1R. 虎鳴", "label": "榮州 1R. 虎鳴", "call_short": "G7900 S50 .J3", "call_num": "G7900 S50 .J3 SHEET C10-1R", "recid": "yq548qc4986", "websiteUrl": "https://purl.stanford.edu/yq548qc4986", "title": "[朝鮮五万分一地形圖]", "ckey": 9585328, "available": true, "iiifUrl": "https://purl.stanford.edu/yq548qc4986/iiif/manifest" }, "geometry": { "type": "Polygon", "coordinates": [ [ [ 128.75, 37.1666665 ], [ 129.0, 37.1666665 ], [ 129.0, 37.333333 ], [ 128.75, 37.333333 ], [ 128.75, 37.1666665 ] ] ] } },
{ "type": "Feature", "properties": { "Id": 0, "Sheet_ID": "榮州 2R. 西碧里", "label": "榮州 2R. 西碧里", "call_short": "G7900 S50 .J3", "call_num": "G7900 S50 .J3 SHEET C10-2R", "recid": "cn806kn3251", "websiteUrl": "https://purl.stanford.edu/cn806kn3251", "title": "[朝鮮五万分一地形圖]", "ckey": 9585328, "available": true, "iiifUrl": "https://purl.stanford.edu/cn806kn3251/iiif/manifest" }, "geometry": { "type": "Polygon", "coordinates": [ [ [ 128.75, 37.0 ], [ 129.0, 37.0 ], [ 129.0, 37.1666665 ], [ 128.75, 37.1666665 ], [ 128.75, 37.0 ] ] ] } },
{ "type": "Feature", "properties": { "Id": 0, "Sheet_ID": "榮州 4R. 禮安", "label": "榮州 4R. 禮安", "call_short": "G7900 S50 .J3", "call_num": "G7900 S50 .J3 SHEET C10-4R", "recid": "dh360qz9941", "websiteUrl": "https://purl.stanford.edu/dh360qz9941", "title": "[朝鮮五万分一地形圖]", "ckey": 9585328, "available": true, "iiifUrl": "https://purl.stanford.edu/dh360qz9941/iiif/manifest" }, "geometry": { "type": "Polygon", "coordinates": [ [ [ 128.75, 36.666667 ], [ 129.0, 36.666667 ], [ 129.0, 36.8333335 ], [ 128.75, 36.8333335 ], [ 128.75, 36.666667 ] ] ] } },
{ "type": "Feature", "properties": { "Id": 0, "Sheet_ID": "榮州 5R. 義林吉", "label": "榮州 5R. 義林吉", "call_short": "G7900 S50 .J3", "call_num": "G7900 S50 .J3 SHEET C10-5R", "recid": "bv496gt9686", "websiteUrl": "https://purl.stanford.edu/bv496gt9686", "title": "[朝鮮五万分一地形圖]", "ckey": 9585328, "available": true, "iiifUrl": "https://purl.stanford.edu/bv496gt9686/iiif/manifest" }, "geometry": { "type": "Polygon", "coordinates": [ [ [ 128.5, 37.1666665 ], [ 128.75, 37.1666665 ], [ 128.75, 37.333333 ], [ 128.5, 37.333333 ], [ 128.5, 37.1666665 ] ] ] } },
{ "type": "Feature", "properties": { "Id": 0, "Sheet_ID": "榮州 6R. 玉洞", "label": "榮州 6R. 玉洞", "call_short": "G7900 S50 .J3", "call_num": "G7900 S50 .J3 SHEET C10-6R", "recid": "mz829rm8850", "websiteUrl": "https://purl.stanford.edu/mz829rm8850", "title": "[朝鮮五万分一地形圖]", "ckey": 9585328, "available": true, "iiifUrl": "https://purl.stanford.edu/mz829rm8850/iiif/manifest" }, "geometry": { "type": "Polygon", "coordinates": [ [ [ 128.5, 37.0 ], [ 128.75, 37.0 ], [ 128.75, 37.1666665 ], [ 128.5, 37.1666665 ], [ 128.5, 37.0 ] ] ] } },
{ "type": "Feature", "properties": { "Id": 0, "Sheet_ID": "榮州 8R. 榮州", "label": "榮州 8R. 榮州", "call_short": "G7900 S50 .J3", "call_num": "G7900 S50 .J3 SHEET C10-8R", "recid": "pz666kr9572", "websiteUrl": "https://purl.stanford.edu/pz666kr9572", "title": "[朝鮮五万分一地形圖]", "ckey": 9585328, "available": true, "iiifUrl": "https://purl.stanford.edu/pz666kr9572/iiif/manifest" }, "geometry": { "type": "Polygon", "coordinates": [ [ [ 128.5, 36.666667 ], [ 128.75, 36.666667 ], [ 128.75, 36.8333335 ], [ 128.5, 36.8333335 ], [ 128.5, 36.666667 ] ] ] } },
{ "type": "Feature", "properties": { "Id": 0, "Sheet_ID": "榮州 9R. 寧越", "label": "榮州 9R. 寧越", "call_short": "G7900 S50 .J3", "call_num": "G7900 S50 .J3 SHEET C10-9R", "recid": "tx190gq3339", "websiteUrl": "https://purl.stanford.edu/tx190gq3339", "title": "[朝鮮五万分一地形圖]", "ckey": 9585328, "available": true, "iiifUrl": "https://purl.stanford.edu/tx190gq3339/iiif/manifest" }, "geometry": { "type": "Polygon", "coordinates": [ [ [ 128.25, 37.1666665 ], [ 128.5, 37.1666665 ], [ 128.5, 37.333333 ], [ 128.25, 37.333333 ], [ 128.25, 37.1666665 ] ] ] } },
{ "type": "Feature", "properties": { "Id": 0, "Sheet_ID": "榮州 10R. 永春", "label": "榮州 10R. 永春", "call_short": "G7900 S50 .J3", "call_num": "G7900 S50 .J3 SHEET C10-10R", "recid": "cn591mm4745", "websiteUrl": "https://purl.stanford.edu/cn591mm4745", "title": "[朝鮮五万分一地形圖]", "ckey": 9585328, "available": true, "iiifUrl": "https://purl.stanford.edu/cn591mm4745/iiif/manifest" }, "geometry": { "type": "Polygon", "coordinates": [ [ [ 128.25, 37.0 ], [ 128.5, 37.0 ], [ 128.5, 37.1666665 ], [ 128.25, 37.1666665 ], [ 128.25, 37.0 ] ] ] } },
{ "type": "Feature", "properties": { "Id": 0, "Sheet_ID": "榮州 11R. 丹陽", "label": "榮州 11R. 丹陽", "call_short": "G7900 S50 .J3", "call_num": "G7900 S50 .J3 SHEET C10-11R", "recid": "mj875ph1578", "websiteUrl": "https://purl.stanford.edu/mj875ph1578", "title": "[朝鮮五万分一地形圖]", "ckey": 9585328, "available": true, "iiifUrl": "https://purl.stanford.edu/mj875ph1578/iiif/manifest" }, "geometry": { "type": "Polygon", "coordinates": [ [ [ 128.25, 36.8333335 ], [ 128.5, 36.8333335 ], [ 128.5, 37.0 ], [ 128.25, 37.0 ], [ 128.25, 36.8333335 ] ] ] } },
{ "type": "Feature", "properties": { "Id": 0, "Sheet_ID": "榮州 12R. 赤城", "label": "榮州 12R. 赤城", "call_short": "G7900 S50 .J3", "call_num": "G7900 S50 .J3 SHEET C10-12R", "recid": "sn166wq3239", "websiteUrl": "https://purl.stanford.edu/sn166wq3239", "title": "[朝鮮五万分一地形圖]", "ckey": 9585328, "available": true, "iiifUrl": "https://purl.stanford.edu/sn166wq3239/iiif/manifest" }, "geometry": { "type": "Polygon", "coordinates": [ [ [ 128.25, 36.666667 ], [ 128.5, 36.666667 ], [ 128.5, 36.8333335 ], [ 128.25, 36.8333335 ], [ 128.25, 36.666667 ] ] ] } },
{ "type": "Feature", "properties": { "Id": 0, "Sheet_ID": "榮州 13R. 神林", "label": "榮州 13R. 神林", "call_short": "G7900 S50 .J3", "call_num": "G7900 S50 .J3 SHEET C10-13R", "recid": "kc070jm1670", "websiteUrl": "https://purl.stanford.edu/kc070jm1670", "title": "[朝鮮五万分一地形圖]", "ckey": 9585328, "available": true, "iiifUrl": "https://purl.stanford.edu/kc070jm1670/iiif/manifest" }, "geometry": { "type": "Polygon", "coordinates": [ [ [ 128.0, 37.1666665 ], [ 128.25, 37.1666665 ], [ 128.25, 37.333333 ], [ 128.0, 37.333333 ], [ 128.0, 37.1666665 ] ] ] } },
{ "type": "Feature", "properties": { "Id": 0, "Sheet_ID": "榮州 16R. 聞慶", "label": "榮州 16R. 聞慶", "call_short": "G7900 S50 .J3", "call_num": "G7900 S50 .J3 SHEET C10-16R", "recid": "yp164cv7943", "websiteUrl": "https://purl.stanford.edu/yp164cv7943", "title": "[朝鮮五万分一地形圖]", "ckey": 9585328, "available": true, "iiifUrl": "https://purl.stanford.edu/yp164cv7943/iiif/manifest" }, "geometry": { "type": "Polygon", "coordinates": [ [ [ 128.0, 36.666667 ], [ 128.25, 36.666667 ], [ 128.25, 36.8333335 ], [ 128.0, 36.8333335 ], [ 128.0, 36.666667 ] ] ] } },
{ "type": "Feature", "properties": { "Id": 0, "Sheet_ID": "尚州 16. 金泉", "label": "尚州 16. 金泉", "call_short": "G7900 S50 .J3", "call_num": "G7900 S50 .J3 SHEET C11-16", "recid": "nn423jd5113", "websiteUrl": "https://purl.stanford.edu/nn423jd5113", "title": "[朝鮮五万分一地形圖]", "ckey": 9585328, "available": true, "iiifUrl": "https://purl.stanford.edu/nn423jd5113/iiif/manifest" }, "geometry": { "type": "Polygon", "coordinates": [ [ [ 128.0, 36.0 ], [ 128.25, 36.0 ], [ 128.25, 36.1666667 ], [ 128.0, 36.1666667 ], [ 128.0, 36.0 ] ] ] } },
{ "type": "Feature", "properties": { "Id": 0, "Sheet_ID": "尚州 12. 仁同", "label": "尚州 12. 仁同", "call_short": "G7900 S50 .J3", "call_num": "G7900 S50 .J3 SHEET C11-12", "recid": "wk935zj3404", "websiteUrl": "https://purl.stanford.edu/wk935zj3404", "title": "[朝鮮五万分一地形圖]", "ckey": 9585328, "available": true, "iiifUrl": "https://purl.stanford.edu/wk935zj3404/iiif/manifest" }, "geometry": { "type": "Polygon", "coordinates": [ [ [ 128.25, 36.0 ], [ 128.5, 36.0 ], [ 128.5, 36.1666667 ], [ 128.25, 36.1666667 ], [ 128.25, 36.0 ] ] ] } },
{ "type": "Feature", "properties": { "Id": 0, "Sheet_ID": "尚州 8. 孝令", "label": "尚州 8. 孝令", "call_short": "G7900 S50 .J3", "call_num": "G7900 S50 .J3 SHEET C11-8", "recid": "hx990bd8445", "websiteUrl": "https://purl.stanford.edu/hx990bd8445", "title": "[朝鮮五万分一地形圖]", "ckey": 9585328, "available": true, "iiifUrl": "https://purl.stanford.edu/hx990bd8445/iiif/manifest" }, "geometry": { "type": "Polygon", "coordinates": [ [ [ 128.5, 36.0 ], [ 128.75, 36.0 ], [ 128.75, 36.1666667 ], [ 128.5, 36.1666667 ], [ 128.5, 36.0 ] ] ] } },
{ "type": "Feature", "properties": { "Id": 0, "Sheet_ID": "尚州 4. 新寧", "label": "尚州 4. 新寧", "call_short": "G7900 S50 .J3", "call_num": "G7900 S50 .J3 SHEET C11-4", "recid": "dn834wh7551", "websiteUrl": "https://purl.stanford.edu/dn834wh7551", "title": "[朝鮮五万分一地形圖]", "ckey": 9585328, "available": true, "iiifUrl": "https://purl.stanford.edu/dn834wh7551/iiif/manifest" }, "geometry": { "type": "Polygon", "coordinates": [ [ [ 128.75, 36.0 ], [ 129.0, 36.0 ], [ 129.0, 36.1666667 ], [ 128.75, 36.1666667 ], [ 128.75, 36.0 ] ] ] } },
{ "type": "Feature", "properties": { "Id": 0, "Sheet_ID": "尚州 15. 玉山洞", "label": "尚州 15. 玉山洞", "call_short": "G7900 S50 .J3", "call_num": "G7900 S50 .J3 SHEET C11-15", "recid": "mw562cz4487", "websiteUrl": "https://purl.stanford.edu/mw562cz4487", "title": "[朝鮮五万分一地形圖]", "ckey": 9585328, "available": true, "iiifUrl": "https://purl.stanford.edu/mw562cz4487/iiif/manifest" }, "geometry": { "type": "Polygon", "coordinates": [ [ [ 128.0, 36.1666667 ], [ 128.25, 36.1666667 ], [ 128.25, 36.3333335 ], [ 128.0, 36.3333335 ], [ 128.0, 36.1666667 ] ] ] } },
{ "type": "Feature", "properties": { "Id": 0, "Sheet_ID": "尚州 11. 善山", "label": "尚州 11. 善山", "call_short": "G7900 S50 .J3", "call_num": "G7900 S50 .J3 SHEET C11-11", "recid": "vt952ps5370", "websiteUrl": "https://purl.stanford.edu/vt952ps5370", "title": "[朝鮮五万分一地形圖]", "ckey": 9585328, "available": true, "iiifUrl": "https://purl.stanford.edu/vt952ps5370/iiif/manifest" }, "geometry": { "type": "Polygon", "coordinates": [ [ [ 128.25, 36.1666667 ], [ 128.5, 36.1666667 ], [ 128.5, 36.3333335 ], [ 128.25, 36.3333335 ], [ 128.25, 36.1666667 ] ] ] } },
{ "type": "Feature", "properties": { "Id": 0, "Sheet_ID": "尚州 7. 軍威", "label": "尚州 7. 軍威", "call_short": "0", "call_num": "0", "recid": "0", "websiteUrl": "0", "title": "0", "ckey": 0, "available": false, "iiifUrl": "0" }, "geometry": { "type": "Polygon", "coordinates": [ [ [ 128.5, 36.1666667 ], [ 128.75, 36.1666667 ], [ 128.75, 36.3333335 ], [ 128.5, 36.3333335 ], [ 128.5, 36.1666667 ] ] ] } },
{ "type": "Feature", "properties": { "Id": 0, "Sheet_ID": "尚州 3. 九山洞", "label": "尚州 3. 九山洞", "call_short": "G7900 S50 .J3", "call_num": "G7900 S50 .J3 SHEET C11-3", "recid": "js175mh8261", "websiteUrl": "https://purl.stanford.edu/js175mh8261", "title": "[朝鮮五万分一地形圖]", "ckey": 9585328, "available": true, "iiifUrl": "https://purl.stanford.edu/js175mh8261/iiif/manifest" }, "geometry": { "type": "Polygon", "coordinates": [ [ [ 128.75, 36.1666667 ], [ 129.0, 36.1666667 ], [ 129.0, 36.3333335 ], [ 128.75, 36.3333335 ], [ 128.75, 36.1666667 ] ] ] } },
{ "type": "Feature", "properties": { "Id": 0, "Sheet_ID": "尚州 14. 尚州", "label": "尚州 14. 尚州", "call_short": "0", "call_num": "0", "recid": "0", "websiteUrl": "0", "title": "0", "ckey": 0, "available": false, "iiifUrl": "0" }, "geometry": { "type": "Polygon", "coordinates": [ [ [ 128.0, 36.3333335 ], [ 128.25, 36.3333335 ], [ 128.25, 36.5000002 ], [ 128.0, 36.5000002 ], [ 128.0, 36.3333335 ] ] ] } },
{ "type": "Feature", "properties": { "Id": 0, "Sheet_ID": "尚州 10. 洛東", "label": "尚州 10. 洛東", "call_short": "G7900 S50 .J3", "call_num": "G7900 S50 .J3 SHEET C11-10", "recid": "xx735cs1484", "websiteUrl": "https://purl.stanford.edu/xx735cs1484", "title": "[朝鮮五万分一地形圖]", "ckey": 9585328, "available": true, "iiifUrl": "https://purl.stanford.edu/xx735cs1484/iiif/manifest" }, "geometry": { "type": "Polygon", "coordinates": [ [ [ 128.25, 36.3333335 ], [ 128.5, 36.3333335 ], [ 128.5, 36.5000002 ], [ 128.25, 36.5000002 ], [ 128.25, 36.3333335 ] ] ] } },
{ "type": "Feature", "properties": { "Id": 0, "Sheet_ID": "尚州 6. 義城", "label": "尚州 6. 義城", "call_short": "G7900 S50 .J3", "call_num": "G7900 S50 .J3 SHEET C11-6", "recid": "xj029th5703", "websiteUrl": "https://purl.stanford.edu/xj029th5703", "title": "[朝鮮五万分一地形圖]", "ckey": 9585328, "available": true, "iiifUrl": "https://purl.stanford.edu/xj029th5703/iiif/manifest" }, "geometry": { "type": "Polygon", "coordinates": [ [ [ 128.5, 36.3333335 ], [ 128.75, 36.3333335 ], [ 128.75, 36.5000002 ], [ 128.5, 36.5000002 ], [ 128.5, 36.3333335 ] ] ] } },
{ "type": "Feature", "properties": { "Id": 0, "Sheet_ID": "尚州 2. 泉旨洞", "label": "尚州 2. 泉旨洞", "call_short": "G7900 S50 .J3", "call_num": "G7900 S50 .J3 SHEET C11-2", "recid": "dp118ww8268", "websiteUrl": "https://purl.stanford.edu/dp118ww8268", "title": "[朝鮮五万分一地形圖]", "ckey": 9585328, "available": true, "iiifUrl": "https://purl.stanford.edu/dp118ww8268/iiif/manifest" }, "geometry": { "type": "Polygon", "coordinates": [ [ [ 128.75, 36.3333335 ], [ 129.0, 36.3333335 ], [ 129.0, 36.5000002 ], [ 128.75, 36.5000002 ], [ 128.75, 36.3333335 ] ] ] } },
{ "type": "Feature", "properties": { "Id": 0, "Sheet_ID": "尚州 13. 咸昌", "label": "尚州 13. 咸昌", "call_short": "G7900 S50 .J3", "call_num": "G7900 S50 .J3 SHEET C11-13", "recid": "bk193dz4159", "websiteUrl": "https://purl.stanford.edu/bk193dz4159", "title": "[朝鮮五万分一地形圖]", "ckey": 9585328, "available": true, "iiifUrl": "https://purl.stanford.edu/bk193dz4159/iiif/manifest" }, "geometry": { "type": "Polygon", "coordinates": [ [ [ 128.0, 36.5000002 ], [ 128.25, 36.5000002 ], [ 128.25, 36.666667 ], [ 128.0, 36.666667 ], [ 128.0, 36.5000002 ] ] ] } },
{ "type": "Feature", "properties": { "Id": 0, "Sheet_ID": "尚州 9. 醴泉", "label": "尚州 9. 醴泉", "call_short": "G7900 S50 .J3", "call_num": "G7900 S50 .J3 SHEET C11-9", "recid": "xp815gk6230", "websiteUrl": "https://purl.stanford.edu/xp815gk6230", "title": "[朝鮮五万分一地形圖]", "ckey": 9585328, "available": true, "iiifUrl": "https://purl.stanford.edu/xp815gk6230/iiif/manifest" }, "geometry": { "type": "Polygon", "coordinates": [ [ [ 128.25, 36.5000002 ], [ 128.5, 36.5000002 ], [ 128.5, 36.666667 ], [ 128.25, 36.666667 ], [ 128.25, 36.5000002 ] ] ] } },
{ "type": "Feature", "properties": { "Id": 0, "Sheet_ID": "尚州 5. 安東", "label": "尚州 5. 安東", "call_short": "G7900 S50 .J3", "call_num": "G7900 S50 .J3 SHEET C11-5", "recid": "qz086yp8050", "websiteUrl": "https://purl.stanford.edu/qz086yp8050", "title": "[朝鮮五万分一地形圖]", "ckey": 9585328, "available": true, "iiifUrl": "https://purl.stanford.edu/qz086yp8050/iiif/manifest" }, "geometry": { "type": "Polygon", "coordinates": [ [ [ 128.5, 36.5000002 ], [ 128.75, 36.5000002 ], [ 128.75, 36.666667 ], [ 128.5, 36.666667 ], [ 128.5, 36.5000002 ] ] ] } },
{ "type": "Feature", "properties": { "Id": 0, "Sheet_ID": "尚州 1. 鞭巷里", "label": "尚州 1. 鞭巷里", "call_short": "G7900 S50 .J3", "call_num": "G7900 S50 .J3 SHEET C11-1", "recid": "nb094zg1223", "websiteUrl": "https://purl.stanford.edu/nb094zg1223", "title": "[朝鮮五万分一地形圖]", "ckey": 9585328, "available": true, "iiifUrl": "https://purl.stanford.edu/nb094zg1223/iiif/manifest" }, "geometry": { "type": "Polygon", "coordinates": [ [ [ 128.75, 36.5000002 ], [ 129.0, 36.5000002 ], [ 129.0, 36.666667 ], [ 128.75, 36.666667 ], [ 128.75, 36.5000002 ] ] ] } },
{ "type": "Feature", "properties": { "Id": 0, "Sheet_ID": "尚州 5R. 安東", "label": "尚州 5R. 安東", "call_short": "G7900 S50 .J3", "call_num": "G7900 S50 .J3 SHEET C11-5R", "recid": "xw519kp8995", "websiteUrl": "https://purl.stanford.edu/xw519kp8995", "title": "[朝鮮五万分一地形圖]", "ckey": 9585328, "available": true, "iiifUrl": "https://purl.stanford.edu/xw519kp8995/iiif/manifest" }, "geometry": { "type": "Polygon", "coordinates": [ [ [ 128.5, 36.5000002 ], [ 128.75, 36.5000002 ], [ 128.75, 36.666667 ], [ 128.5, 36.666667 ], [ 128.5, 36.5000002 ] ] ] } },
{ "type": "Feature", "properties": { "Id": 0, "Sheet_ID": "大邱 16. 三嘉", "label": "大邱 16. 三嘉", "call_short": "G7900 S50 .J3", "call_num": "G7900 S50 .J3 SHEET C12-16", "recid": "kz388hc2433", "websiteUrl": "https://purl.stanford.edu/kz388hc2433", "title": "[朝鮮五万分一地形圖]", "ckey": 9585328, "available": true, "iiifUrl": "https://purl.stanford.edu/kz388hc2433/iiif/manifest" }, "geometry": { "type": "Polygon", "coordinates": [ [ [ 128.0, 35.333333 ], [ 128.25, 35.333333 ], [ 128.25, 35.4999998 ], [ 128.0, 35.4999998 ], [ 128.0, 35.333333 ] ] ] } },
{ "type": "Feature", "properties": { "Id": 0, "Sheet_ID": "大邱 12. 南旨", "label": "大邱 12. 南旨", "call_short": "G7900 S50 .J3", "call_num": "G7900 S50 .J3 SHEET C12-12", "recid": "kp185hj2886", "websiteUrl": "https://purl.stanford.edu/kp185hj2886", "title": "[朝鮮五万分一地形圖]", "ckey": 9585328, "available": true, "iiifUrl": "https://purl.stanford.edu/kp185hj2886/iiif/manifest" }, "geometry": { "type": "Polygon", "coordinates": [ [ [ 128.25, 35.333333 ], [ 128.5, 35.333333 ], [ 128.5, 35.4999998 ], [ 128.25, 35.4999998 ], [ 128.25, 35.333333 ] ] ] } },
{ "type": "Feature", "properties": { "Id": 0, "Sheet_ID": "大邱 8. 靈山", "label": "大邱 8. 靈山", "call_short": "G7900 S50 .J3", "call_num": "G7900 S50 .J3 SHEET C12-8", "recid": "cx546js8403", "websiteUrl": "https://purl.stanford.edu/cx546js8403", "title": "[朝鮮五万分一地形圖]", "ckey": 9585328, "available": true, "iiifUrl": "https://purl.stanford.edu/cx546js8403/iiif/manifest" }, "geometry": { "type": "Polygon", "coordinates": [ [ [ 128.5, 35.333333 ], [ 128.75, 35.333333 ], [ 128.75, 35.4999998 ], [ 128.5, 35.4999998 ], [ 128.5, 35.333333 ] ] ] } },
{ "type": "Feature", "properties": { "Id": 0, "Sheet_ID": "大邱 4. 密陽", "label": "大邱 4. 密陽", "call_short": "G7900 S50 .J3", "call_num": "G7900 S50 .J3 SHEET C12-4", "recid": "gh518vr1749", "websiteUrl": "https://purl.stanford.edu/gh518vr1749", "title": "[朝鮮五万分一地形圖]", "ckey": 9585328, "available": true, "iiifUrl": "https://purl.stanford.edu/gh518vr1749/iiif/manifest" }, "geometry": { "type": "Polygon", "coordinates": [ [ [ 128.75, 35.333333 ], [ 129.0, 35.333333 ], [ 129.0, 35.4999998 ], [ 128.75, 35.4999998 ], [ 128.75, 35.333333 ] ] ] } },
{ "type": "Feature", "properties": { "Id": 0, "Sheet_ID": "大邱 15. 陜川", "label": "大邱 15. 陜川", "call_short": "G7900 S50 .J3", "call_num": "G7900 S50 .J3 SHEET C12-15", "recid": "pd775yn5830", "websiteUrl": "https://purl.stanford.edu/pd775yn5830", "title": "[朝鮮五万分一地形圖]", "ckey": 9585328, "available": true, "iiifUrl": "https://purl.stanford.edu/pd775yn5830/iiif/manifest" }, "geometry": { "type": "Polygon", "coordinates": [ [ [ 128.0, 35.4999998 ], [ 128.25, 35.4999998 ], [ 128.25, 35.6666665 ], [ 128.0, 35.6666665 ], [ 128.0, 35.4999998 ] ] ] } },
{ "type": "Feature", "properties": { "Id": 0, "Sheet_ID": "大邱 11. 昌寧", "label": "大邱 11. 昌寧", "call_short": "G7900 S50 .J3", "call_num": "G7900 S50 .J3 SHEET C12-11", "recid": "zm261dt3120", "websiteUrl": "https://purl.stanford.edu/zm261dt3120", "title": "[朝鮮五万分一地形圖]", "ckey": 9585328, "available": true, "iiifUrl": "https://purl.stanford.edu/zm261dt3120/iiif/manifest" }, "geometry": { "type": "Polygon", "coordinates": [ [ [ 128.25, 35.4999998 ], [ 128.5, 35.4999998 ], [ 128.5, 35.6666665 ], [ 128.25, 35.6666665 ], [ 128.25, 35.4999998 ] ] ] } },
{ "type": "Feature", "properties": { "Id": 0, "Sheet_ID": "大邱 7. 清道", "label": "大邱 7. 清道", "call_short": "G7900 S50 .J3", "call_num": "G7900 S50 .J3 SHEET C12-7", "recid": "gy170ps8063", "websiteUrl": "https://purl.stanford.edu/gy170ps8063", "title": "[朝鮮五万分一地形圖]", "ckey": 9585328, "available": true, "iiifUrl": "https://purl.stanford.edu/gy170ps8063/iiif/manifest" }, "geometry": { "type": "Polygon", "coordinates": [ [ [ 128.5, 35.4999998 ], [ 128.75, 35.4999998 ], [ 128.75, 35.6666665 ], [ 128.5, 35.6666665 ], [ 128.5, 35.4999998 ] ] ] } },
{ "type": "Feature", "properties": { "Id": 0, "Sheet_ID": "大邱 3. 榆川", "label": "大邱 3. 榆川", "call_short": "G7900 S50 .J3", "call_num": "G7900 S50 .J3 SHEET C12-3", "recid": "dx050gs3489", "websiteUrl": "https://purl.stanford.edu/dx050gs3489", "title": "[朝鮮五万分一地形圖]", "ckey": 9585328, "available": true, "iiifUrl": "https://purl.stanford.edu/dx050gs3489/iiif/manifest" }, "geometry": { "type": "Polygon", "coordinates": [ [ [ 128.75, 35.4999998 ], [ 129.0, 35.4999998 ], [ 129.0, 35.6666665 ], [ 128.75, 35.6666665 ], [ 128.75, 35.4999998 ] ] ] } },
{ "type": "Feature", "properties": { "Id": 0, "Sheet_ID": "大邱 14. 伽耶山", "label": "大邱 14. 伽耶山", "call_short": "G7900 S50 .J3", "call_num": "G7900 S50 .J3 SHEET C12-14", "recid": "xv733vn5593", "websiteUrl": "https://purl.stanford.edu/xv733vn5593", "title": "[朝鮮五万分一地形圖]", "ckey": 9585328, "available": true, "iiifUrl": "https://purl.stanford.edu/xv733vn5593/iiif/manifest" }, "geometry": { "type": "Polygon", "coordinates": [ [ [ 128.0, 35.6666665 ], [ 128.25, 35.6666665 ], [ 128.25, 35.8333333 ], [ 128.0, 35.8333333 ], [ 128.0, 35.6666665 ] ] ] } },
{ "type": "Feature", "properties": { "Id": 0, "Sheet_ID": "大邱 10. 高靈", "label": "大邱 10. 高靈", "call_short": "G7900 S50 .J3", "call_num": "G7900 S50 .J3 SHEET C12-10", "recid": "jc435md1578", "websiteUrl": "https://purl.stanford.edu/jc435md1578", "title": "[朝鮮五万分一地形圖]", "ckey": 9585328, "available": true, "iiifUrl": "https://purl.stanford.edu/jc435md1578/iiif/manifest" }, "geometry": { "type": "Polygon", "coordinates": [ [ [ 128.25, 35.6666665 ], [ 128.5, 35.6666665 ], [ 128.5, 35.8333333 ], [ 128.25, 35.8333333 ], [ 128.25, 35.6666665 ] ] ] } },
{ "type": "Feature", "properties": { "Id": 0, "Sheet_ID": "大邱 6. 慶山", "label": "大邱 6. 慶山", "call_short": "G7900 S50 .J3", "call_num": "G7900 S50 .J3 SHEET C12-6", "recid": "rc663bc6724", "websiteUrl": "https://purl.stanford.edu/rc663bc6724", "title": "[朝鮮五万分一地形圖]", "ckey": 9585328, "available": true, "iiifUrl": "https://purl.stanford.edu/rc663bc6724/iiif/manifest" }, "geometry": { "type": "Polygon", "coordinates": [ [ [ 128.5, 35.6666665 ], [ 128.75, 35.6666665 ], [ 128.75, 35.8333333 ], [ 128.5, 35.8333333 ], [ 128.5, 35.6666665 ] ] ] } },
{ "type": "Feature", "properties": { "Id": 0, "Sheet_ID": "大邱 2. 慈仁", "label": "大邱 2. 慈仁", "call_short": "G7900 S50 .J3", "call_num": "G7900 S50 .J3 SHEET C12-2", "recid": "tz744sv1295", "websiteUrl": "https://purl.stanford.edu/tz744sv1295", "title": "[朝鮮五万分一地形圖]", "ckey": 9585328, "available": true, "iiifUrl": "https://purl.stanford.edu/tz744sv1295/iiif/manifest" }, "geometry": { "type": "Polygon", "coordinates": [ [ [ 128.75, 35.6666665 ], [ 129.0, 35.6666665 ], [ 129.0, 35.8333333 ], [ 128.75, 35.8333333 ], [ 128.75, 35.6666665 ] ] ] } },
{ "type": "Feature", "properties": { "Id": 0, "Sheet_ID": "大邱 13. 知禮", "label": "大邱 13. 知禮", "call_short": "G7900 S50 .J3", "call_num": "G7900 S50 .J3 SHEET C12-13", "recid": "kq359hv7919", "websiteUrl": "https://purl.stanford.edu/kq359hv7919", "title": "[朝鮮五万分一地形圖]", "ckey": 9585328, "available": true, "iiifUrl": "https://purl.stanford.edu/kq359hv7919/iiif/manifest" }, "geometry": { "type": "Polygon", "coordinates": [ [ [ 128.0, 35.8333333 ], [ 128.25, 35.8333333 ], [ 128.25, 36.0 ], [ 128.0, 36.0 ], [ 128.0, 35.8333333 ] ] ] } },
{ "type": "Feature", "properties": { "Id": 0, "Sheet_ID": "大邱 9R. 倭館", "label": "大邱 9R. 倭館", "call_short": "G7900 S50 .J3", "call_num": "G7900 S50 .J3 SHEET C12-9R", "recid": "cg433cc9785", "websiteUrl": "https://purl.stanford.edu/cg433cc9785", "title": "[朝鮮五万分一地形圖]", "ckey": 9585328, "available": true, "iiifUrl": "https://purl.stanford.edu/cg433cc9785/iiif/manifest" }, "geometry": { "type": "Polygon", "coordinates": [ [ [ 128.25, 35.8333333 ], [ 128.5, 35.8333333 ], [ 128.5, 36.0 ], [ 128.25, 36.0 ], [ 128.25, 35.8333333 ] ] ] } },
{ "type": "Feature", "properties": { "Id": 0, "Sheet_ID": "大邱 5. 大邱", "label": "大邱 5. 大邱", "call_short": "G7900 S50 .J3", "call_num": "G7900 S50 .J3 SHEET C12-5", "recid": "nm317tm9854", "websiteUrl": "https://purl.stanford.edu/nm317tm9854", "title": "[朝鮮五万分一地形圖]", "ckey": 9585328, "available": true, "iiifUrl": "https://purl.stanford.edu/nm317tm9854/iiif/manifest" }, "geometry": { "type": "Polygon", "coordinates": [ [ [ 128.5, 35.8333333 ], [ 128.75, 35.8333333 ], [ 128.75, 36.0 ], [ 128.5, 36.0 ], [ 128.5, 35.8333333 ] ] ] } },
{ "type": "Feature", "properties": { "Id": 0, "Sheet_ID": "大邱 1. 永川", "label": "大邱 1. 永川", "call_short": "G7900 S50 .J3", "call_num": "G7900 S50 .J3 SHEET C12-1", "recid": "tw190xm1822", "websiteUrl": "https://purl.stanford.edu/tw190xm1822", "title": "[朝鮮五万分一地形圖]", "ckey": 9585328, "available": true, "iiifUrl": "https://purl.stanford.edu/tw190xm1822/iiif/manifest" }, "geometry": { "type": "Polygon", "coordinates": [ [ [ 128.75, 35.8333333 ], [ 129.0, 35.8333333 ], [ 129.0, 36.0 ], [ 128.75, 36.0 ], [ 128.75, 35.8333333 ] ] ] } },
{ "type": "Feature", "properties": { "Id": 0, "Sheet_ID": "大邱 3R. 榆川", "label": "大邱 3R. 榆川", "call_short": "G7900 S50 .J3", "call_num": "G7900 S50 .J3 SHEET C12-3R", "recid": "cb993mx4990", "websiteUrl": "https://purl.stanford.edu/cb993mx4990", "title": "[朝鮮五万分一地形圖]", "ckey": 9585328, "available": true, "iiifUrl": "https://purl.stanford.edu/cb993mx4990/iiif/manifest" }, "geometry": { "type": "Polygon", "coordinates": [ [ [ 128.75, 35.4999998 ], [ 129.0, 35.4999998 ], [ 129.0, 35.6666665 ], [ 128.75, 35.6666665 ], [ 128.75, 35.4999998 ] ] ] } },
{ "type": "Feature", "properties": { "Id": 0, "Sheet_ID": "大邱 15 ED2. 陜川", "label": "大邱 15 ED2. 陜川", "call_short": "G7900 S50 .J3", "call_num": "G7900 S50 .J3 SHEET C12-15 ED.2", "recid": "ff159qh4304", "websiteUrl": "https://purl.stanford.edu/ff159qh4304", "title": "[朝鮮五万分一地形圖]", "ckey": 9585328, "available": true, "iiifUrl": "https://purl.stanford.edu/ff159qh4304/iiif/manifest" }, "geometry": { "type": "Polygon", "coordinates": [ [ [ 128.0, 35.4999998 ], [ 128.25, 35.4999998 ], [ 128.25, 35.6666665 ], [ 128.0, 35.6666665 ], [ 128.0, 35.4999998 ] ] ] } },
{ "type": "Feature", "properties": { "Id": 0, "Sheet_ID": "欲知島 13. 欲知島西部 / 鎮海灣要塞近傍 22", "label": "欲知島 13. 欲知島西部 / 鎮海灣要塞近傍 22", "call_short": "G7900 S50 .J3", "call_num": "G7900 S50 .J3 SHEET C14-13", "recid": "rb714bv0634", "websiteUrl": "https://purl.stanford.edu/rb714bv0634", "title": "[朝鮮五万分一地形圖]", "ckey": 9585328, "available": true, "iiifUrl": "https://purl.stanford.edu/rb714bv0634/iiif/manifest" }, "geometry": { "type": "Polygon", "coordinates": [ [ [ 128.0, 34.5 ], [ 128.25, 34.5 ], [ 128.25, 34.6666666 ], [ 128.0, 34.6666666 ], [ 128.0, 34.5 ] ] ] } },
{ "type": "Feature", "properties": { "Id": 0, "Sheet_ID": "欲知島 9. 欲知島東部 / 鎮海灣要塞近傍 18", "label": "欲知島 9. 欲知島東部 / 鎮海灣要塞近傍 18", "call_short": "G7900 S50 .J3", "call_num": "G7900 S50 .J3 SHEET C14-9", "recid": "vg562qg7851", "websiteUrl": "https://purl.stanford.edu/vg562qg7851", "title": "[朝鮮五万分一地形圖]", "ckey": 9585328, "available": true, "iiifUrl": "https://purl.stanford.edu/vg562qg7851/iiif/manifest" }, "geometry": { "type": "Polygon", "coordinates": [ [ [ 128.25, 34.5 ], [ 128.5, 34.5 ], [ 128.5, 34.6666666 ], [ 128.25, 34.6666666 ], [ 128.25, 34.5 ] ] ] } },
{ "type": "Feature", "properties": { "Id": 0, "Sheet_ID": "欲知島 5. 毎勿嶋 / [鎮海灣要塞近傍 13]", "label": "欲知島 5. 毎勿嶋 / [鎮海灣要塞近傍 13]", "call_short": "0", "call_num": "0", "recid": "0", "websiteUrl": "0", "title": "0", "ckey": 0, "available": false, "iiifUrl": "0" }, "geometry": { "type": "Polygon", "coordinates": [ [ [ 128.5, 34.5 ], [ 128.75, 34.5 ], [ 128.75, 34.6666666 ], [ 128.5, 34.6666666 ], [ 128.5, 34.5 ] ] ] } },
{ "type": "Feature", "properties": { "Id": 0, "Sheet_ID": "馬山 16. 彌助里 / 鎮海灣要塞近傍 21", "label": "馬山 16. 彌助里 / 鎮海灣要塞近傍 21", "call_short": "G7900 S50 .J3", "call_num": "G7900 S50 .J3 SHEET C13-16", "recid": "fn105rp7938", "websiteUrl": "https://purl.stanford.edu/fn105rp7938", "title": "[朝鮮五万分一地形圖]", "ckey": 9585328, "available": true, "iiifUrl": "https://purl.stanford.edu/fn105rp7938/iiif/manifest" }, "geometry": { "type": "Polygon", "coordinates": [ [ [ 128.0, 34.6666666 ], [ 128.25, 34.6666666 ], [ 128.25, 34.8333332 ], [ 128.0, 34.8333332 ], [ 128.0, 34.6666666 ] ] ] } },
{ "type": "Feature", "properties": { "Id": 0, "Sheet_ID": "馬山 12. 彌勒島 / 鎮海灣要塞近傍 17", "label": "馬山 12. 彌勒島 / 鎮海灣要塞近傍 17", "call_short": "G7900 S50 .J3", "call_num": "G7900 S50 .J3 SHEET C13-12", "recid": "nj196cv2763", "websiteUrl": "https://purl.stanford.edu/nj196cv2763", "title": "[朝鮮五万分一地形圖]", "ckey": 9585328, "available": true, "iiifUrl": "https://purl.stanford.edu/nj196cv2763/iiif/manifest" }, "geometry": { "type": "Polygon", "coordinates": [ [ [ 128.25, 34.6666666 ], [ 128.5, 34.6666666 ], [ 128.5, 34.8333332 ], [ 128.25, 34.8333332 ], [ 128.25, 34.6666666 ] ] ] } },
{ "type": "Feature", "properties": { "Id": 0, "Sheet_ID": "馬山 8. 舊助羅 / [鎮海灣要塞近傍 12]", "label": "馬山 8. 舊助羅 / [鎮海灣要塞近傍 12]", "call_short": "0", "call_num": "0", "recid": "0", "websiteUrl": "0", "title": "0", "ckey": 0, "available": false, "iiifUrl": "0" }, "geometry": { "type": "Polygon", "coordinates": [ [ [ 128.5, 34.6666666 ], [ 128.75, 34.6666666 ], [ 128.75, 34.8333332 ], [ 128.5, 34.8333332 ], [ 128.5, 34.6666666 ] ] ] } },
{ "type": "Feature", "properties": { "Id": 0, "Sheet_ID": "馬山 15. 三千浦 / 鎮海灣要塞近傍 20", "label": "馬山 15. 三千浦 / 鎮海灣要塞近傍 20", "call_short": "G7900 S50 .J3", "call_num": "G7900 S50 .J3 SHEET C13-15", "recid": "fd304nb1208", "websiteUrl": "https://purl.stanford.edu/fd304nb1208", "title": "[朝鮮五万分一地形圖]", "ckey": 9585328, "available": true, "iiifUrl": "https://purl.stanford.edu/fd304nb1208/iiif/manifest" }, "geometry": { "type": "Polygon", "coordinates": [ [ [ 128.0, 34.8333332 ], [ 128.25, 34.8333332 ], [ 128.25, 34.9999998 ], [ 128.0, 34.9999998 ], [ 128.0, 34.8333332 ] ] ] } },
{ "type": "Feature", "properties": { "Id": 0, "Sheet_ID": "馬山 11. 統營 / 鎮海灣要塞近傍 16", "label": "馬山 11. 統營 / 鎮海灣要塞近傍 16", "call_short": "G7900 S50 .J3", "call_num": "G7900 S50 .J3 SHEET C13-11", "recid": "gz978kh7799", "websiteUrl": "https://purl.stanford.edu/gz978kh7799", "title": "[朝鮮五万分一地形圖]", "ckey": 9585328, "available": true, "iiifUrl": "https://purl.stanford.edu/gz978kh7799/iiif/manifest" }, "geometry": { "type": "Polygon", "coordinates": [ [ [ 128.25, 34.8333332 ], [ 128.5, 34.8333332 ], [ 128.5, 34.9999998 ], [ 128.25, 34.9999998 ], [ 128.25, 34.8333332 ] ] ] } },
{ "type": "Feature", "properties": { "Id": 0, "Sheet_ID": "馬山 7. 巨濟島 / 鎮海灣要塞近傍 11", "label": "馬山 7. 巨濟島 / 鎮海灣要塞近傍 11", "call_short": "G7900 S50 .J3", "call_num": "G7900 S50 .J3 SHEET C13-7", "recid": "nn063td4500", "websiteUrl": "https://purl.stanford.edu/nn063td4500", "title": "[朝鮮五万分一地形圖]", "ckey": 9585328, "available": true, "iiifUrl": "https://purl.stanford.edu/nn063td4500/iiif/manifest" }, "geometry": { "type": "Polygon", "coordinates": [ [ [ 128.5, 34.8333332 ], [ 128.75, 34.8333332 ], [ 128.75, 34.9999998 ], [ 128.5, 34.9999998 ], [ 128.5, 34.8333332 ] ] ] } },
{ "type": "Feature", "properties": { "Id": 0, "Sheet_ID": "馬山 3. 東頭末 / 鎮海灣要塞近傍 8", "label": "馬山 3. 東頭末 / 鎮海灣要塞近傍 8", "call_short": "G7900 S50 .J3", "call_num": "G7900 S50 .J3 SHEET C13-3", "recid": "jd677bp4644", "websiteUrl": "https://purl.stanford.edu/jd677bp4644", "title": "[朝鮮五万分一地形圖]", "ckey": 9585328, "available": true, "iiifUrl": "https://purl.stanford.edu/jd677bp4644/iiif/manifest" }, "geometry": { "type": "Polygon", "coordinates": [ [ [ 128.75, 34.8333332 ], [ 129.0, 34.8333332 ], [ 129.0, 34.9999998 ], [ 128.75, 34.9999998 ], [ 128.75, 34.8333332 ] ] ] } },
{ "type": "Feature", "properties": { "Id": 0, "Sheet_ID": "馬山 14. 泗川 / 鎮海灣要塞近傍 19", "label": "馬山 14. 泗川 / 鎮海灣要塞近傍 19", "call_short": "G7900 S50 .J3", "call_num": "G7900 S50 .J3 SHEET C13-14", "recid": "jz651hb3877", "websiteUrl": "https://purl.stanford.edu/jz651hb3877", "title": "[朝鮮五万分一地形圖]", "ckey": 9585328, "available": true, "iiifUrl": "https://purl.stanford.edu/jz651hb3877/iiif/manifest" }, "geometry": { "type": "Polygon", "coordinates": [ [ [ 128.0, 34.9999998 ], [ 128.25, 34.9999998 ], [ 128.25, 35.1666664 ], [ 128.0, 35.1666664 ], [ 128.0, 34.9999998 ] ] ] } },
{ "type": "Feature", "properties": { "Id": 0, "Sheet_ID": "馬山 10. 鎭東 / 鎮海灣要塞近傍 15", "label": "馬山 10. 鎭東 / 鎮海灣要塞近傍 15", "call_short": "G7900 S50 .J3", "call_num": "G7900 S50 .J3 SHEET C13-10", "recid": "sz406tx3060", "websiteUrl": "https://purl.stanford.edu/sz406tx3060", "title": "[朝鮮五万分一地形圖]", "ckey": 9585328, "available": true, "iiifUrl": "https://purl.stanford.edu/sz406tx3060/iiif/manifest" }, "geometry": { "type": "Polygon", "coordinates": [ [ [ 128.25, 34.9999998 ], [ 128.5, 34.9999998 ], [ 128.5, 35.1666664 ], [ 128.25, 35.1666664 ], [ 128.25, 34.9999998 ] ] ] } },
{ "type": "Feature", "properties": { "Id": 0, "Sheet_ID": "馬山 6. 鎭海 / 鎮海灣要塞近傍 10", "label": "馬山 6. 鎭海 / 鎮海灣要塞近傍 10", "call_short": "G7900 S50 .J3", "call_num": "G7900 S50 .J3 SHEET C13-6", "recid": "hc936xv3815", "websiteUrl": "https://purl.stanford.edu/hc936xv3815", "title": "[朝鮮五万分一地形圖]", "ckey": 9585328, "available": true, "iiifUrl": "https://purl.stanford.edu/hc936xv3815/iiif/manifest" }, "geometry": { "type": "Polygon", "coordinates": [ [ [ 128.5, 34.9999998 ], [ 128.75, 34.9999998 ], [ 128.75, 35.1666664 ], [ 128.5, 35.1666664 ], [ 128.5, 34.9999998 ] ] ] } },
{ "type": "Feature", "properties": { "Id": 0, "Sheet_ID": "馬山 2. 加徳島 / 鎮海灣要塞近傍 7", "label": "馬山 2. 加徳島 / 鎮海灣要塞近傍 7", "call_short": "G7900 S50 .J3", "call_num": "G7900 S50 .J3 SHEET C13-2", "recid": "mt687zc3246", "websiteUrl": "https://purl.stanford.edu/mt687zc3246", "title": "[朝鮮五万分一地形圖]", "ckey": 9585328, "available": true, "iiifUrl": "https://purl.stanford.edu/mt687zc3246/iiif/manifest" }, "geometry": { "type": "Polygon", "coordinates": [ [ [ 128.75, 34.9999998 ], [ 129.0, 34.9999998 ], [ 129.0, 35.1666664 ], [ 128.75, 35.1666664 ], [ 128.75, 34.9999998 ] ] ] } },
{ "type": "Feature", "properties": { "Id": 0, "Sheet_ID": "馬山 13. 晋州", "label": "馬山 13. 晋州", "call_short": "G7900 S50 .J3", "call_num": "G7900 S50 .J3 SHEET C13-13", "recid": "wn881jd6721", "websiteUrl": "https://purl.stanford.edu/wn881jd6721", "title": "[朝鮮五万分一地形圖]", "ckey": 9585328, "available": true, "iiifUrl": "https://purl.stanford.edu/wn881jd6721/iiif/manifest" }, "geometry": { "type": "Polygon", "coordinates": [ [ [ 128.0, 35.1666664 ], [ 128.25, 35.1666664 ], [ 128.25, 35.333333 ], [ 128.0, 35.333333 ], [ 128.0, 35.1666664 ] ] ] } },
{ "type": "Feature", "properties": { "Id": 0, "Sheet_ID": "馬山 9. 宜寧 / 鎮海灣要塞近傍 14", "label": "馬山 9. 宜寧 / 鎮海灣要塞近傍 14", "call_short": "G7900 S50 .J3", "call_num": "G7900 S50 .J3 SHEET C13-9", "recid": "rx587fs4254", "websiteUrl": "https://purl.stanford.edu/rx587fs4254", "title": "[朝鮮五万分一地形圖]", "ckey": 9585328, "available": true, "iiifUrl": "https://purl.stanford.edu/rx587fs4254/iiif/manifest" }, "geometry": { "type": "Polygon", "coordinates": [ [ [ 128.25, 35.1666664 ], [ 128.5, 35.1666664 ], [ 128.5, 35.333333 ], [ 128.25, 35.333333 ], [ 128.25, 35.1666664 ] ] ] } },
{ "type": "Feature", "properties": { "Id": 0, "Sheet_ID": "馬山 5. 馬山 / 鎮海灣要塞近傍 9", "label": "馬山 5. 馬山 / 鎮海灣要塞近傍 9", "call_short": "G7900 S50 .J3", "call_num": "G7900 S50 .J3 SHEET C13-5", "recid": "fp104fg8189", "websiteUrl": "https://purl.stanford.edu/fp104fg8189", "title": "[朝鮮五万分一地形圖]", "ckey": 9585328, "available": true, "iiifUrl": "https://purl.stanford.edu/fp104fg8189/iiif/manifest" }, "geometry": { "type": "Polygon", "coordinates": [ [ [ 128.5, 35.1666664 ], [ 128.75, 35.1666664 ], [ 128.75, 35.333333 ], [ 128.5, 35.333333 ], [ 128.5, 35.1666664 ] ] ] } },
{ "type": "Feature", "properties": { "Id": 0, "Sheet_ID": "馬山 1. 金海 / 鎮海灣要塞近傍 6", "label": "馬山 1. 金海 / 鎮海灣要塞近傍 6", "call_short": "G7900 S50 .J3", "call_num": "G7900 S50 .J3 SHEET C13-1", "recid": "ch586fk2053", "websiteUrl": "https://purl.stanford.edu/ch586fk2053", "title": "[朝鮮五万分一地形圖]", "ckey": 9585328, "available": true, "iiifUrl": "https://purl.stanford.edu/ch586fk2053/iiif/manifest" }, "geometry": { "type": "Polygon", "coordinates": [ [ [ 128.75, 35.1666664 ], [ 129.0, 35.1666664 ], [ 129.0, 35.333333 ], [ 128.75, 35.333333 ], [ 128.75, 35.1666664 ] ] ] } },
{ "type": "Feature", "properties": { "Id": 0, "Sheet_ID": "春川 16R. 廣州", "label": "春川 16R. 廣州", "call_short": "G7900 S50 .J3", "call_num": "G7900 S50 .J3 SHEET D9-16R", "recid": "bb826jm1914", "websiteUrl": "https://purl.stanford.edu/bb826jm1914", "title": "[朝鮮五万分一地形圖]", "ckey": 9585328, "available": true, "iiifUrl": "https://purl.stanford.edu/bb826jm1914/iiif/manifest" }, "geometry": { "type": "Polygon", "coordinates": [ [ [ 127.0, 37.333333 ], [ 127.25, 37.333333 ], [ 127.25, 37.4999998 ], [ 127.0, 37.4999998 ], [ 127.0, 37.333333 ] ] ] } },
{ "type": "Feature", "properties": { "Id": 0, "Sheet_ID": "春川 12. 楊平", "label": "春川 12. 楊平", "call_short": "G7900 S50 .J3", "call_num": "G7900 S50 .J3 SHEET D9-12", "recid": "np656tx8523", "websiteUrl": "https://purl.stanford.edu/np656tx8523", "title": "[朝鮮五万分一地形圖]", "ckey": 9585328, "available": true, "iiifUrl": "https://purl.stanford.edu/np656tx8523/iiif/manifest" }, "geometry": { "type": "Polygon", "coordinates": [ [ [ 127.25, 37.333333 ], [ 127.5, 37.333333 ], [ 127.5, 37.4999998 ], [ 127.25, 37.4999998 ], [ 127.25, 37.333333 ] ] ] } },
{ "type": "Feature", "properties": { "Id": 0, "Sheet_ID": "春川 8R. 梨浦", "label": "春川 8R. 梨浦", "call_short": "G7900 S50 .J3", "call_num": "G7900 S50 .J3 SHEET D9-8R", "recid": "tp129qp3556", "websiteUrl": "https://purl.stanford.edu/tp129qp3556", "title": "[朝鮮五万分一地形圖]", "ckey": 9585328, "available": true, "iiifUrl": "https://purl.stanford.edu/tp129qp3556/iiif/manifest" }, "geometry": { "type": "Polygon", "coordinates": [ [ [ 127.5, 37.333333 ], [ 127.75, 37.333333 ], [ 127.75, 37.4999998 ], [ 127.5, 37.4999998 ], [ 127.5, 37.333333 ] ] ] } },
{ "type": "Feature", "properties": { "Id": 0, "Sheet_ID": "春川 4R. 原州", "label": "春川 4R. 原州", "call_short": "G7900 S50 .J3", "call_num": "G7900 S50 .J3 SHEET D9-4R", "recid": "km815gb3051", "websiteUrl": "https://purl.stanford.edu/km815gb3051", "title": "[朝鮮五万分一地形圖]", "ckey": 9585328, "available": true, "iiifUrl": "https://purl.stanford.edu/km815gb3051/iiif/manifest" }, "geometry": { "type": "Polygon", "coordinates": [ [ [ 127.75, 37.333333 ], [ 128.0, 37.333333 ], [ 128.0, 37.4999998 ], [ 127.75, 37.4999998 ], [ 127.75, 37.333333 ] ] ] } },
{ "type": "Feature", "properties": { "Id": 0, "Sheet_ID": "春川 15. 纛島", "label": "春川 15. 纛島", "call_short": "0", "call_num": "0", "recid": "0", "websiteUrl": "0", "title": "0", "ckey": 0, "available": false, "iiifUrl": "0" }, "geometry": { "type": "Polygon", "coordinates": [ [ [ 127.0, 37.4999998 ], [ 127.25, 37.4999998 ], [ 127.25, 37.6666665 ], [ 127.0, 37.6666665 ], [ 127.0, 37.4999998 ] ] ] } },
{ "type": "Feature", "properties": { "Id": 0, "Sheet_ID": "春川 11. 磨石隅里", "label": "春川 11. 磨石隅里", "call_short": "0", "call_num": "0", "recid": "0", "websiteUrl": "0", "title": "0", "ckey": 0, "available": false, "iiifUrl": "0" }, "geometry": { "type": "Polygon", "coordinates": [ [ [ 127.25, 37.4999998 ], [ 127.5, 37.4999998 ], [ 127.5, 37.6666665 ], [ 127.25, 37.6666665 ], [ 127.25, 37.4999998 ] ] ] } },
{ "type": "Feature", "properties": { "Id": 0, "Sheet_ID": "春川 7. 龍頭", "label": "春川 7. 龍頭", "call_short": "0", "call_num": "0", "recid": "0", "websiteUrl": "0", "title": "0", "ckey": 0, "available": false, "iiifUrl": "0" }, "geometry": { "type": "Polygon", "coordinates": [ [ [ 127.5, 37.4999998 ], [ 127.75, 37.4999998 ], [ 127.75, 37.6666665 ], [ 127.5, 37.6666665 ], [ 127.5, 37.4999998 ] ] ] } },
{ "type": "Feature", "properties": { "Id": 0, "Sheet_ID": "春川 3R. 陽徳院", "label": "春川 3R. 陽徳院", "call_short": "G7900 S50 .J3", "call_num": "G7900 S50 .J3 SHEET D9-3R", "recid": "br468vn7875", "websiteUrl": "https://purl.stanford.edu/br468vn7875", "title": "[朝鮮五万分一地形圖]", "ckey": 9585328, "available": true, "iiifUrl": "https://purl.stanford.edu/br468vn7875/iiif/manifest" }, "geometry": { "type": "Polygon", "coordinates": [ [ [ 127.75, 37.4999998 ], [ 128.0, 37.4999998 ], [ 128.0, 37.6666665 ], [ 127.75, 37.6666665 ], [ 127.75, 37.4999998 ] ] ] } },
{ "type": "Feature", "properties": { "Id": 0, "Sheet_ID": "春川 14. 議政府", "label": "春川 14. 議政府", "call_short": "G7900 S50 .J3", "call_num": "G7900 S50 .J3 SHEET D9-14", "recid": "cf111bt0620", "websiteUrl": "https://purl.stanford.edu/cf111bt0620", "title": "[朝鮮五万分一地形圖]", "ckey": 9585328, "available": true, "iiifUrl": "https://purl.stanford.edu/cf111bt0620/iiif/manifest" }, "geometry": { "type": "Polygon", "coordinates": [ [ [ 127.0, 37.6666665 ], [ 127.25, 37.6666665 ], [ 127.25, 37.8333333 ], [ 127.0, 37.8333333 ], [ 127.0, 37.6666665 ] ] ] } },
{ "type": "Feature", "properties": { "Id": 0, "Sheet_ID": "春川 10. 清平川", "label": "春川 10. 清平川", "call_short": "G7900 S50 .J3", "call_num": "G7900 S50 .J3 SHEET D9-10", "recid": "yw750sh3684", "websiteUrl": "https://purl.stanford.edu/yw750sh3684", "title": "[朝鮮五万分一地形圖]", "ckey": 9585328, "available": true, "iiifUrl": "https://purl.stanford.edu/yw750sh3684/iiif/manifest" }, "geometry": { "type": "Polygon", "coordinates": [ [ [ 127.25, 37.6666665 ], [ 127.5, 37.6666665 ], [ 127.5, 37.8333333 ], [ 127.25, 37.8333333 ], [ 127.25, 37.6666665 ] ] ] } },
{ "type": "Feature", "properties": { "Id": 0, "Sheet_ID": "春川 6R. 加平", "label": "春川 6R. 加平", "call_short": "G7900 S50 .J3", "call_num": "G7900 S50 .J3 SHEET D9-6R", "recid": "pc626wg6591", "websiteUrl": "https://purl.stanford.edu/pc626wg6591", "title": "[朝鮮五万分一地形圖]", "ckey": 9585328, "available": true, "iiifUrl": "https://purl.stanford.edu/pc626wg6591/iiif/manifest" }, "geometry": { "type": "Polygon", "coordinates": [ [ [ 127.5, 37.6666665 ], [ 127.75, 37.6666665 ], [ 127.75, 37.8333333 ], [ 127.5, 37.8333333 ], [ 127.5, 37.6666665 ] ] ] } },
{ "type": "Feature", "properties": { "Id": 0, "Sheet_ID": "春川 2R. 洪川", "label": "春川 2R. 洪川", "call_short": "G7900 S50 .J3", "call_num": "G7900 S50 .J3 SHEET D9-2R", "recid": "gy606xf0055", "websiteUrl": "https://purl.stanford.edu/gy606xf0055", "title": "[朝鮮五万分一地形圖]", "ckey": 9585328, "available": true, "iiifUrl": "https://purl.stanford.edu/gy606xf0055/iiif/manifest" }, "geometry": { "type": "Polygon", "coordinates": [ [ [ 127.75, 37.6666665 ], [ 128.0, 37.6666665 ], [ 128.0, 37.8333333 ], [ 127.75, 37.8333333 ], [ 127.75, 37.6666665 ] ] ] } },
{ "type": "Feature", "properties": { "Id": 0, "Sheet_ID": "春川 13. 抱川", "label": "春川 13. 抱川", "call_short": "G7900 S50 .J3", "call_num": "G7900 S50 .J3 SHEET D9-13", "recid": "fm796bv1691", "websiteUrl": "https://purl.stanford.edu/fm796bv1691", "title": "[朝鮮五万分一地形圖]", "ckey": 9585328, "available": true, "iiifUrl": "https://purl.stanford.edu/fm796bv1691/iiif/manifest" }, "geometry": { "type": "Polygon", "coordinates": [ [ [ 127.0, 37.8333333 ], [ 127.25, 37.8333333 ], [ 127.25, 38.0 ], [ 127.0, 38.0 ], [ 127.0, 37.8333333 ] ] ] } },
{ "type": "Feature", "properties": { "Id": 0, "Sheet_ID": "春川 9. 機山里", "label": "春川 9. 機山里", "call_short": "0", "call_num": "0", "recid": "0", "websiteUrl": "0", "title": "0", "ckey": 0, "available": false, "iiifUrl": "0" }, "geometry": { "type": "Polygon", "coordinates": [ [ [ 127.25, 37.8333333 ], [ 127.5, 37.8333333 ], [ 127.5, 38.0 ], [ 127.25, 38.0 ], [ 127.25, 37.8333333 ] ] ] } },
{ "type": "Feature", "properties": { "Id": 0, "Sheet_ID": "春川 5R. 春川", "label": "春川 5R. 春川", "call_short": "G7900 S50 .J3", "call_num": "G7900 S50 .J3 SHEET D9-5R", "recid": "vh130dg9690", "websiteUrl": "https://purl.stanford.edu/vh130dg9690", "title": "[朝鮮五万分一地形圖]", "ckey": 9585328, "available": true, "iiifUrl": "https://purl.stanford.edu/vh130dg9690/iiif/manifest" }, "geometry": { "type": "Polygon", "coordinates": [ [ [ 127.5, 37.8333333 ], [ 127.75, 37.8333333 ], [ 127.75, 38.0 ], [ 127.5, 38.0 ], [ 127.5, 37.8333333 ] ] ] } },
{ "type": "Feature", "properties": { "Id": 0, "Sheet_ID": "春川 1R. 内坪里", "label": "春川 1R. 内坪里", "call_short": "G7900 S50 .J3", "call_num": "G7900 S50 .J3 SHEET D9-1R", "recid": "fm595zn8925", "websiteUrl": "https://purl.stanford.edu/fm595zn8925", "title": "[朝鮮五万分一地形圖]", "ckey": 9585328, "available": true, "iiifUrl": "https://purl.stanford.edu/fm595zn8925/iiif/manifest" }, "geometry": { "type": "Polygon", "coordinates": [ [ [ 127.75, 37.8333333 ], [ 128.0, 37.8333333 ], [ 128.0, 38.0 ], [ 127.75, 38.0 ], [ 127.75, 37.8333333 ] ] ] } },
{ "type": "Feature", "properties": { "Id": 0, "Sheet_ID": "春川 12R. 楊平", "label": "春川 12R. 楊平", "call_short": "G7900 S50 .J3", "call_num": "G7900 S50 .J3 SHEET D9-12R", "recid": "pc156sy2958", "websiteUrl": "https://purl.stanford.edu/pc156sy2958", "title": "[朝鮮五万分一地形圖]", "ckey": 9585328, "available": true, "iiifUrl": "https://purl.stanford.edu/pc156sy2958/iiif/manifest" }, "geometry": { "type": "Polygon", "coordinates": [ [ [ 127.25, 37.333333 ], [ 127.5, 37.333333 ], [ 127.5, 37.4999998 ], [ 127.25, 37.4999998 ], [ 127.25, 37.333333 ] ] ] } },
{ "type": "Feature", "properties": { "Id": 0, "Sheet_ID": "春川 13R. 抱川", "label": "春川 13R. 抱川", "call_short": "G7900 S50 .J3", "call_num": "G7900 S50 .J3 SHEET D9-13R", "recid": "fn102rm8848", "websiteUrl": "https://purl.stanford.edu/fn102rm8848", "title": "[朝鮮五万分一地形圖]", "ckey": 9585328, "available": true, "iiifUrl": "https://purl.stanford.edu/fn102rm8848/iiif/manifest" }, "geometry": { "type": "Polygon", "coordinates": [ [ [ 127.0, 37.8333333 ], [ 127.25, 37.8333333 ], [ 127.25, 38.0 ], [ 127.0, 38.0 ], [ 127.0, 37.8333333 ] ] ] } },
{ "type": "Feature", "properties": { "Id": 0, "Sheet_ID": "忠州 16. 天安", "label": "忠州 16. 天安", "call_short": "G7900 S50 .J3", "call_num": "G7900 S50 .J3 SHEET D10-16", "recid": "hs087pr2011", "websiteUrl": "https://purl.stanford.edu/hs087pr2011", "title": "[朝鮮五万分一地形圖]", "ckey": 9585328, "available": true, "iiifUrl": "https://purl.stanford.edu/hs087pr2011/iiif/manifest" }, "geometry": { "type": "Polygon", "coordinates": [ [ [ 127.0, 36.666667 ], [ 127.25, 36.666667 ], [ 127.25, 36.8333335 ], [ 127.0, 36.8333335 ], [ 127.0, 36.666667 ] ] ] } },
{ "type": "Feature", "properties": { "Id": 0, "Sheet_ID": "忠州 12. 梧根場", "label": "忠州 12. 梧根場", "call_short": "G7900 S50 .J3", "call_num": "G7900 S50 .J3 SHEET D10-12", "recid": "mw792gb6629", "websiteUrl": "https://purl.stanford.edu/mw792gb6629", "title": "[朝鮮五万分一地形圖]", "ckey": 9585328, "available": true, "iiifUrl": "https://purl.stanford.edu/mw792gb6629/iiif/manifest" }, "geometry": { "type": "Polygon", "coordinates": [ [ [ 127.25, 36.666667 ], [ 127.5, 36.666667 ], [ 127.5, 36.8333335 ], [ 127.25, 36.8333335 ], [ 127.25, 36.666667 ] ] ] } },
{ "type": "Feature", "properties": { "Id": 0, "Sheet_ID": "忠州 8. 清安", "label": "忠州 8. 清安", "call_short": "G7900 S50 .J3", "call_num": "G7900 S50 .J3 SHEET D10-8", "recid": "ts781py2726", "websiteUrl": "https://purl.stanford.edu/ts781py2726", "title": "[朝鮮五万分一地形圖]", "ckey": 9585328, "available": true, "iiifUrl": "https://purl.stanford.edu/ts781py2726/iiif/manifest" }, "geometry": { "type": "Polygon", "coordinates": [ [ [ 127.5, 36.666667 ], [ 127.75, 36.666667 ], [ 127.75, 36.8333335 ], [ 127.5, 36.8333335 ], [ 127.5, 36.666667 ] ] ] } },
{ "type": "Feature", "properties": { "Id": 0, "Sheet_ID": "忠州 4R. 槐山", "label": "忠州 4R. 槐山", "call_short": "G7900 S50 .J3", "call_num": "G7900 S50 .J3 SHEET D10-4R", "recid": "qz410ss7220", "websiteUrl": "https://purl.stanford.edu/qz410ss7220", "title": "[朝鮮五万分一地形圖]", "ckey": 9585328, "available": true, "iiifUrl": "https://purl.stanford.edu/qz410ss7220/iiif/manifest" }, "geometry": { "type": "Polygon", "coordinates": [ [ [ 127.75, 36.666667 ], [ 128.0, 36.666667 ], [ 128.0, 36.8333335 ], [ 127.75, 36.8333335 ], [ 127.75, 36.666667 ] ] ] } },
{ "type": "Feature", "properties": { "Id": 0, "Sheet_ID": "忠州 15. 平澤", "label": "忠州 15. 平澤", "call_short": "G7900 S50 .J3", "call_num": "G7900 S50 .J3 SHEET D10-15", "recid": "qy633mg5843", "websiteUrl": "https://purl.stanford.edu/qy633mg5843", "title": "[朝鮮五万分一地形圖]", "ckey": 9585328, "available": true, "iiifUrl": "https://purl.stanford.edu/qy633mg5843/iiif/manifest" }, "geometry": { "type": "Polygon", "coordinates": [ [ [ 127.0, 36.8333335 ], [ 127.25, 36.8333335 ], [ 127.25, 37.0 ], [ 127.0, 37.0 ], [ 127.0, 36.8333335 ] ] ] } },
{ "type": "Feature", "properties": { "Id": 0, "Sheet_ID": "忠州 11. 鎭川", "label": "忠州 11. 鎭川", "call_short": "G7900 S50 .J3", "call_num": "G7900 S50 .J3 SHEET D10-11", "recid": "qn923mq4544", "websiteUrl": "https://purl.stanford.edu/qn923mq4544", "title": "[朝鮮五万分一地形圖]", "ckey": 9585328, "available": true, "iiifUrl": "https://purl.stanford.edu/qn923mq4544/iiif/manifest" }, "geometry": { "type": "Polygon", "coordinates": [ [ [ 127.25, 36.8333335 ], [ 127.5, 36.8333335 ], [ 127.5, 37.0 ], [ 127.25, 37.0 ], [ 127.25, 36.8333335 ] ] ] } },
{ "type": "Feature", "properties": { "Id": 0, "Sheet_ID": "忠州 7R. 陰城", "label": "忠州 7R. 陰城", "call_short": "G7900 S50 .J3", "call_num": "G7900 S50 .J3 SHEET D10-7R", "recid": "fh731mq6787", "websiteUrl": "https://purl.stanford.edu/fh731mq6787", "title": "[朝鮮五万分一地形圖]", "ckey": 9585328, "available": true, "iiifUrl": "https://purl.stanford.edu/fh731mq6787/iiif/manifest" }, "geometry": { "type": "Polygon", "coordinates": [ [ [ 127.5, 36.8333335 ], [ 127.75, 36.8333335 ], [ 127.75, 37.0 ], [ 127.5, 37.0 ], [ 127.5, 36.8333335 ] ] ] } },
{ "type": "Feature", "properties": { "Id": 0, "Sheet_ID": "忠州 3R. 忠州", "label": "忠州 3R. 忠州", "call_short": "G7900 S50 .J3", "call_num": "G7900 S50 .J3 SHEET D10-3R", "recid": "rk813gw5859", "websiteUrl": "https://purl.stanford.edu/rk813gw5859", "title": "[朝鮮五万分一地形圖]", "ckey": 9585328, "available": true, "iiifUrl": "https://purl.stanford.edu/rk813gw5859/iiif/manifest" }, "geometry": { "type": "Polygon", "coordinates": [ [ [ 127.75, 36.8333335 ], [ 128.0, 36.8333335 ], [ 128.0, 37.0 ], [ 127.75, 37.0 ], [ 127.75, 36.8333335 ] ] ] } },
{ "type": "Feature", "properties": { "Id": 0, "Sheet_ID": "忠州 14. 烏山", "label": "忠州 14. 烏山", "call_short": "G7900 S50 .J3", "call_num": "G7900 S50 .J3 SHEET D10-14", "recid": "tc911gb9916", "websiteUrl": "https://purl.stanford.edu/tc911gb9916", "title": "[朝鮮五万分一地形圖]", "ckey": 9585328, "available": true, "iiifUrl": "https://purl.stanford.edu/tc911gb9916/iiif/manifest" }, "geometry": { "type": "Polygon", "coordinates": [ [ [ 127.0, 37.0 ], [ 127.25, 37.0 ], [ 127.25, 37.1666665 ], [ 127.0, 37.1666665 ], [ 127.0, 37.0 ] ] ] } },
{ "type": "Feature", "properties": { "Id": 0, "Sheet_ID": "忠州 10. 安城", "label": "忠州 10. 安城", "call_short": "G7900 S50 .J3", "call_num": "G7900 S50 .J3 SHEET D10-10", "recid": "xp746vf6272", "websiteUrl": "https://purl.stanford.edu/xp746vf6272", "title": "[朝鮮五万分一地形圖]", "ckey": 9585328, "available": true, "iiifUrl": "https://purl.stanford.edu/xp746vf6272/iiif/manifest" }, "geometry": { "type": "Polygon", "coordinates": [ [ [ 127.25, 37.0 ], [ 127.5, 37.0 ], [ 127.5, 37.1666665 ], [ 127.25, 37.1666665 ], [ 127.25, 37.0 ] ] ] } },
{ "type": "Feature", "properties": { "Id": 0, "Sheet_ID": "忠州 6R. 長湖院", "label": "忠州 6R. 長湖院", "call_short": "G7900 S50 .J3", "call_num": "G7900 S50 .J3 SHEET D10-6R", "recid": "wx629px1134", "websiteUrl": "https://purl.stanford.edu/wx629px1134", "title": "[朝鮮五万分一地形圖]", "ckey": 9585328, "available": true, "iiifUrl": "https://purl.stanford.edu/wx629px1134/iiif/manifest" }, "geometry": { "type": "Polygon", "coordinates": [ [ [ 127.5, 37.0 ], [ 127.75, 37.0 ], [ 127.75, 37.1666665 ], [ 127.5, 37.1666665 ], [ 127.5, 37.0 ] ] ] } },
{ "type": "Feature", "properties": { "Id": 0, "Sheet_ID": "忠州 2R. 牧溪", "label": "忠州 2R. 牧溪", "call_short": "G7900 S50 .J3", "call_num": "G7900 S50 .J3 SHEET D10-2R", "recid": "bk104cs3552", "websiteUrl": "https://purl.stanford.edu/bk104cs3552", "title": "[朝鮮五万分一地形圖]", "ckey": 9585328, "available": true, "iiifUrl": "https://purl.stanford.edu/bk104cs3552/iiif/manifest" }, "geometry": { "type": "Polygon", "coordinates": [ [ [ 127.75, 37.0 ], [ 128.0, 37.0 ], [ 128.0, 37.1666665 ], [ 127.75, 37.1666665 ], [ 127.75, 37.0 ] ] ] } },
{ "type": "Feature", "properties": { "Id": 0, "Sheet_ID": "忠州 13. 水原", "label": "忠州 13. 水原", "call_short": "G7900 S50 .J3", "call_num": "G7900 S50 .J3 SHEET D10-13", "recid": "gm672kx2909", "websiteUrl": "https://purl.stanford.edu/gm672kx2909", "title": "[朝鮮五万分一地形圖]", "ckey": 9585328, "available": true, "iiifUrl": "https://purl.stanford.edu/gm672kx2909/iiif/manifest" }, "geometry": { "type": "Polygon", "coordinates": [ [ [ 127.0, 37.1666665 ], [ 127.25, 37.1666665 ], [ 127.25, 37.333333 ], [ 127.0, 37.333333 ], [ 127.0, 37.1666665 ] ] ] } },
{ "type": "Feature", "properties": { "Id": 0, "Sheet_ID": "忠州 9. 利川", "label": "忠州 9. 利川", "call_short": "G7900 S50 .J3", "call_num": "G7900 S50 .J3 SHEET D10-9", "recid": "ds857mg7684", "websiteUrl": "https://purl.stanford.edu/ds857mg7684", "title": "[朝鮮五万分一地形圖]", "ckey": 9585328, "available": true, "iiifUrl": "https://purl.stanford.edu/ds857mg7684/iiif/manifest" }, "geometry": { "type": "Polygon", "coordinates": [ [ [ 127.25, 37.1666665 ], [ 127.5, 37.1666665 ], [ 127.5, 37.333333 ], [ 127.25, 37.333333 ], [ 127.25, 37.1666665 ] ] ] } },
{ "type": "Feature", "properties": { "Id": 0, "Sheet_ID": "忠州 5R. 驪州", "label": "忠州 5R. 驪州", "call_short": "G7900 S50 .J3", "call_num": "G7900 S50 .J3 SHEET D10-5R", "recid": "dg720yk9888", "websiteUrl": "https://purl.stanford.edu/dg720yk9888", "title": "[朝鮮五万分一地形圖]", "ckey": 9585328, "available": true, "iiifUrl": "https://purl.stanford.edu/dg720yk9888/iiif/manifest" }, "geometry": { "type": "Polygon", "coordinates": [ [ [ 127.5, 37.1666665 ], [ 127.75, 37.1666665 ], [ 127.75, 37.333333 ], [ 127.5, 37.333333 ], [ 127.5, 37.1666665 ] ] ] } },
{ "type": "Feature", "properties": { "Id": 0, "Sheet_ID": "忠州 1R. 文幕", "label": "忠州 1R. 文幕", "call_short": "G7900 S50 .J3", "call_num": "G7900 S50 .J3 SHEET D10-1R", "recid": "qp507qp7134", "websiteUrl": "https://purl.stanford.edu/qp507qp7134", "title": "[朝鮮五万分一地形圖]", "ckey": 9585328, "available": true, "iiifUrl": "https://purl.stanford.edu/qp507qp7134/iiif/manifest" }, "geometry": { "type": "Polygon", "coordinates": [ [ [ 127.75, 37.1666665 ], [ 128.0, 37.1666665 ], [ 128.0, 37.333333 ], [ 127.75, 37.333333 ], [ 127.75, 37.1666665 ] ] ] } },
{ "type": "Feature", "properties": { "Id": 0, "Sheet_ID": "忠州 8R. 清安", "label": "忠州 8R. 清安", "call_short": "G7900 S50 .J3", "call_num": "G7900 S50 .J3 SHEET D10-8R", "recid": "fk398fk8579", "websiteUrl": "https://purl.stanford.edu/fk398fk8579", "title": "[朝鮮五万分一地形圖]", "ckey": 9585328, "available": true, "iiifUrl": "https://purl.stanford.edu/fk398fk8579/iiif/manifest" }, "geometry": { "type": "Polygon", "coordinates": [ [ [ 127.5, 36.666667 ], [ 127.75, 36.666667 ], [ 127.75, 36.8333335 ], [ 127.5, 36.8333335 ], [ 127.5, 36.666667 ] ] ] } },
{ "type": "Feature", "properties": { "Id": 0, "Sheet_ID": "忠州 9 ED2. 利川", "label": "忠州 9 ED2. 利川", "call_short": "G7900 S50 .J3", "call_num": "G7900 S50 .J3 SHEET D10-9 ED.2", "recid": "ns476hc5865", "websiteUrl": "https://purl.stanford.edu/ns476hc5865", "title": "[朝鮮五万分一地形圖]", "ckey": 9585328, "available": true, "iiifUrl": "https://purl.stanford.edu/ns476hc5865/iiif/manifest" }, "geometry": { "type": "Polygon", "coordinates": [ [ [ 127.25, 37.1666665 ], [ 127.5, 37.1666665 ], [ 127.5, 37.333333 ], [ 127.25, 37.333333 ], [ 127.25, 37.1666665 ] ] ] } },
{ "type": "Feature", "properties": { "Id": 0, "Sheet_ID": "忠州 10 ED2. 安城", "label": "忠州 10 ED2. 安城", "call_short": "G7900 S50 .J3", "call_num": "G7900 S50 .J3 SHEET D10-10 ED.2", "recid": "yg969dn7243", "websiteUrl": "https://purl.stanford.edu/yg969dn7243", "title": "[朝鮮五万分一地形圖]", "ckey": 9585328, "available": true, "iiifUrl": "https://purl.stanford.edu/yg969dn7243/iiif/manifest" }, "geometry": { "type": "Polygon", "coordinates": [ [ [ 127.25, 37.0 ], [ 127.5, 37.0 ], [ 127.5, 37.1666665 ], [ 127.25, 37.1666665 ], [ 127.25, 37.0 ] ] ] } },
{ "type": "Feature", "properties": { "Id": 0, "Sheet_ID": "忠州 11 ED2. 鎭川", "label": "忠州 11 ED2. 鎭川", "call_short": "G7900 S50 .J3", "call_num": "G7900 S50 .J3 SHEET D10-11 ED.2", "recid": "rv609xr0524", "websiteUrl": "https://purl.stanford.edu/rv609xr0524", "title": "[朝鮮五万分一地形圖]", "ckey": 9585328, "available": true, "iiifUrl": "https://purl.stanford.edu/rv609xr0524/iiif/manifest" }, "geometry": { "type": "Polygon", "coordinates": [ [ [ 127.25, 36.8333335 ], [ 127.5, 36.8333335 ], [ 127.5, 37.0 ], [ 127.25, 37.0 ], [ 127.25, 36.8333335 ] ] ] } },
{ "type": "Feature", "properties": { "Id": 0, "Sheet_ID": "忠州 13R. 水原", "label": "忠州 13R. 水原", "call_short": "G7900 S50 .J3", "call_num": "G7900 S50 .J3 SHEET D10-13R", "recid": "th415dk0597", "websiteUrl": "https://purl.stanford.edu/th415dk0597", "title": "[朝鮮五万分一地形圖]", "ckey": 9585328, "available": true, "iiifUrl": "https://purl.stanford.edu/th415dk0597/iiif/manifest" }, "geometry": { "type": "Polygon", "coordinates": [ [ [ 127.0, 37.1666665 ], [ 127.25, 37.1666665 ], [ 127.25, 37.333333 ], [ 127.0, 37.333333 ], [ 127.0, 37.1666665 ] ] ] } },
{ "type": "Feature", "properties": { "Id": 0, "Sheet_ID": "忠州 14R. 烏山", "label": "忠州 14R. 烏山", "call_short": "G7900 S50 .J3", "call_num": "G7900 S50 .J3 SHEET D10-14R", "recid": "wy138vs2792", "websiteUrl": "https://purl.stanford.edu/wy138vs2792", "title": "[朝鮮五万分一地形圖]", "ckey": 9585328, "available": true, "iiifUrl": "https://purl.stanford.edu/wy138vs2792/iiif/manifest" }, "geometry": { "type": "Polygon", "coordinates": [ [ [ 127.0, 37.0 ], [ 127.25, 37.0 ], [ 127.25, 37.1666665 ], [ 127.0, 37.1666665 ], [ 127.0, 37.0 ] ] ] } },
{ "type": "Feature", "properties": { "Id": 0, "Sheet_ID": "忠州 15R. 平澤", "label": "忠州 15R. 平澤", "call_short": "G7900 S50 .J3", "call_num": "G7900 S50 .J3 SHEET D10-15R", "recid": "zx539gx3343", "websiteUrl": "https://purl.stanford.edu/zx539gx3343", "title": "[朝鮮五万分一地形圖]", "ckey": 9585328, "available": true, "iiifUrl": "https://purl.stanford.edu/zx539gx3343/iiif/manifest" }, "geometry": { "type": "Polygon", "coordinates": [ [ [ 127.0, 36.8333335 ], [ 127.25, 36.8333335 ], [ 127.25, 37.0 ], [ 127.0, 37.0 ], [ 127.0, 36.8333335 ] ] ] } },
{ "type": "Feature", "properties": { "Id": 0, "Sheet_ID": "忠州 16R. 天安", "label": "忠州 16R. 天安", "call_short": "G7900 S50 .J3", "call_num": "G7900 S50 .J3 SHEET D10-16R", "recid": "yb058zt6330", "websiteUrl": "https://purl.stanford.edu/yb058zt6330", "title": "[朝鮮五万分一地形圖]", "ckey": 9585328, "available": true, "iiifUrl": "https://purl.stanford.edu/yb058zt6330/iiif/manifest" }, "geometry": { "type": "Polygon", "coordinates": [ [ [ 127.0, 36.666667 ], [ 127.25, 36.666667 ], [ 127.25, 36.8333335 ], [ 127.0, 36.8333335 ], [ 127.0, 36.666667 ] ] ] } },
{ "type": "Feature", "properties": { "Id": 0, "Sheet_ID": "公州 16. 江景", "label": "公州 16. 江景", "call_short": "G7900 S50 .J3", "call_num": "G7900 S50 .J3 SHEET D11-16", "recid": "sq391mq8709", "websiteUrl": "https://purl.stanford.edu/sq391mq8709", "title": "[朝鮮五万分一地形圖]", "ckey": 9585328, "available": true, "iiifUrl": "https://purl.stanford.edu/sq391mq8709/iiif/manifest" }, "geometry": { "type": "Polygon", "coordinates": [ [ [ 127.0, 36.0 ], [ 127.25, 36.0 ], [ 127.25, 36.1666667 ], [ 127.0, 36.1666667 ], [ 127.0, 36.0 ] ] ] } },
{ "type": "Feature", "properties": { "Id": 0, "Sheet_ID": "公州 12. 錦山", "label": "公州 12. 錦山", "call_short": "0", "call_num": "0", "recid": "0", "websiteUrl": "0", "title": "0", "ckey": 0, "available": false, "iiifUrl": "0" }, "geometry": { "type": "Polygon", "coordinates": [ [ [ 127.25, 36.0 ], [ 127.5, 36.0 ], [ 127.5, 36.1666667 ], [ 127.25, 36.1666667 ], [ 127.25, 36.0 ] ] ] } },
{ "type": "Feature", "properties": { "Id": 0, "Sheet_ID": "公州 8. 茂朱", "label": "公州 8. 茂朱", "call_short": "G7900 S50 .J3", "call_num": "G7900 S50 .J3 SHEET D11-8", "recid": "sp807zw3987", "websiteUrl": "https://purl.stanford.edu/sp807zw3987", "title": "[朝鮮五万分一地形圖]", "ckey": 9585328, "available": true, "iiifUrl": "https://purl.stanford.edu/sp807zw3987/iiif/manifest" }, "geometry": { "type": "Polygon", "coordinates": [ [ [ 127.5, 36.0 ], [ 127.75, 36.0 ], [ 127.75, 36.1666667 ], [ 127.5, 36.1666667 ], [ 127.5, 36.0 ] ] ] } },
{ "type": "Feature", "properties": { "Id": 0, "Sheet_ID": "公州 4. 雪川", "label": "公州 4. 雪川", "call_short": "G7900 S50 .J3", "call_num": "G7900 S50 .J3 SHEET D11-4", "recid": "pj464zx8429", "websiteUrl": "https://purl.stanford.edu/pj464zx8429", "title": "[朝鮮五万分一地形圖]", "ckey": 9585328, "available": true, "iiifUrl": "https://purl.stanford.edu/pj464zx8429/iiif/manifest" }, "geometry": { "type": "Polygon", "coordinates": [ [ [ 127.75, 36.0 ], [ 128.0, 36.0 ], [ 128.0, 36.1666667 ], [ 127.75, 36.1666667 ], [ 127.75, 36.0 ] ] ] } },
{ "type": "Feature", "properties": { "Id": 0, "Sheet_ID": "公州 15. 論山", "label": "公州 15. 論山", "call_short": "G7900 S50 .J3", "call_num": "G7900 S50 .J3 SHEET D11-15", "recid": "hb754dn2068", "websiteUrl": "https://purl.stanford.edu/hb754dn2068", "title": "[朝鮮五万分一地形圖]", "ckey": 9585328, "available": true, "iiifUrl": "https://purl.stanford.edu/hb754dn2068/iiif/manifest" }, "geometry": { "type": "Polygon", "coordinates": [ [ [ 127.0, 36.1666667 ], [ 127.25, 36.1666667 ], [ 127.25, 36.3333335 ], [ 127.0, 36.3333335 ], [ 127.0, 36.1666667 ] ] ] } },
{ "type": "Feature", "properties": { "Id": 0, "Sheet_ID": "公州 11. 大田", "label": "公州 11. 大田", "call_short": "G7900 S50 .J3", "call_num": "G7900 S50 .J3 SHEET D11-11", "recid": "tq513vq1021", "websiteUrl": "https://purl.stanford.edu/tq513vq1021", "title": "[朝鮮五万分一地形圖]", "ckey": 9585328, "available": true, "iiifUrl": "https://purl.stanford.edu/tq513vq1021/iiif/manifest" }, "geometry": { "type": "Polygon", "coordinates": [ [ [ 127.25, 36.1666667 ], [ 127.5, 36.1666667 ], [ 127.5, 36.3333335 ], [ 127.25, 36.3333335 ], [ 127.25, 36.1666667 ] ] ] } },
{ "type": "Feature", "properties": { "Id": 0, "Sheet_ID": "公州 7. 沃川", "label": "公州 7. 沃川", "call_short": "G7900 S50 .J3", "call_num": "G7900 S50 .J3 SHEET D11-7", "recid": "rj471ph5350", "websiteUrl": "https://purl.stanford.edu/rj471ph5350", "title": "[朝鮮五万分一地形圖]", "ckey": 9585328, "available": true, "iiifUrl": "https://purl.stanford.edu/rj471ph5350/iiif/manifest" }, "geometry": { "type": "Polygon", "coordinates": [ [ [ 127.5, 36.1666667 ], [ 127.75, 36.1666667 ], [ 127.75, 36.3333335 ], [ 127.5, 36.3333335 ], [ 127.5, 36.1666667 ] ] ] } },
{ "type": "Feature", "properties": { "Id": 0, "Sheet_ID": "公州 3. 永同", "label": "公州 3. 永同", "call_short": "G7900 S50 .J3", "call_num": "G7900 S50 .J3 SHEET D11-3", "recid": "rh225yc9413", "websiteUrl": "https://purl.stanford.edu/rh225yc9413", "title": "[朝鮮五万分一地形圖]", "ckey": 9585328, "available": true, "iiifUrl": "https://purl.stanford.edu/rh225yc9413/iiif/manifest" }, "geometry": { "type": "Polygon", "coordinates": [ [ [ 127.75, 36.1666667 ], [ 128.0, 36.1666667 ], [ 128.0, 36.3333335 ], [ 127.75, 36.3333335 ], [ 127.75, 36.1666667 ] ] ] } },
{ "type": "Feature", "properties": { "Id": 0, "Sheet_ID": "公州 14. 公州", "label": "公州 14. 公州", "call_short": "G7900 S50 .J3", "call_num": "G7900 S50 .J3 SHEET D11-14", "recid": "tm648qx7827", "websiteUrl": "https://purl.stanford.edu/tm648qx7827", "title": "[朝鮮五万分一地形圖]", "ckey": 9585328, "available": true, "iiifUrl": "https://purl.stanford.edu/tm648qx7827/iiif/manifest" }, "geometry": { "type": "Polygon", "coordinates": [ [ [ 127.0, 36.3333335 ], [ 127.25, 36.3333335 ], [ 127.25, 36.5000002 ], [ 127.0, 36.5000002 ], [ 127.0, 36.3333335 ] ] ] } },
{ "type": "Feature", "properties": { "Id": 0, "Sheet_ID": "公州 10. 儒城", "label": "公州 10. 儒城", "call_short": "G7900 S50 .J3", "call_num": "G7900 S50 .J3 SHEET D11-10", "recid": "wt563xk5803", "websiteUrl": "https://purl.stanford.edu/wt563xk5803", "title": "[朝鮮五万分一地形圖]", "ckey": 9585328, "available": true, "iiifUrl": "https://purl.stanford.edu/wt563xk5803/iiif/manifest" }, "geometry": { "type": "Polygon", "coordinates": [ [ [ 127.25, 36.3333335 ], [ 127.5, 36.3333335 ], [ 127.5, 36.5000002 ], [ 127.25, 36.5000002 ], [ 127.25, 36.3333335 ] ] ] } },
{ "type": "Feature", "properties": { "Id": 0, "Sheet_ID": "公州 6. 報恩", "label": "公州 6. 報恩", "call_short": "G7900 S50 .J3", "call_num": "G7900 S50 .J3 SHEET D11-6", "recid": "tj277tg7714", "websiteUrl": "https://purl.stanford.edu/tj277tg7714", "title": "[朝鮮五万分一地形圖]", "ckey": 9585328, "available": true, "iiifUrl": "https://purl.stanford.edu/tj277tg7714/iiif/manifest" }, "geometry": { "type": "Polygon", "coordinates": [ [ [ 127.5, 36.3333335 ], [ 127.75, 36.3333335 ], [ 127.75, 36.5000002 ], [ 127.5, 36.5000002 ], [ 127.5, 36.3333335 ] ] ] } },
{ "type": "Feature", "properties": { "Id": 0, "Sheet_ID": "公州 2. 青山", "label": "公州 2. 青山", "call_short": "G7900 S50 .J3", "call_num": "G7900 S50 .J3 SHEET D11-2", "recid": "kh425cq3774", "websiteUrl": "https://purl.stanford.edu/kh425cq3774", "title": "[朝鮮五万分一地形圖]", "ckey": 9585328, "available": true, "iiifUrl": "https://purl.stanford.edu/kh425cq3774/iiif/manifest" }, "geometry": { "type": "Polygon", "coordinates": [ [ [ 127.75, 36.3333335 ], [ 128.0, 36.3333335 ], [ 128.0, 36.5000002 ], [ 127.75, 36.5000002 ], [ 127.75, 36.3333335 ] ] ] } },
{ "type": "Feature", "properties": { "Id": 0, "Sheet_ID": "公州 13. 廣亭里", "label": "公州 13. 廣亭里", "call_short": "G7900 S50 .J3", "call_num": "G7900 S50 .J3 SHEET D11-13", "recid": "rj628dz0972", "websiteUrl": "https://purl.stanford.edu/rj628dz0972", "title": "[朝鮮五万分一地形圖]", "ckey": 9585328, "available": true, "iiifUrl": "https://purl.stanford.edu/rj628dz0972/iiif/manifest" }, "geometry": { "type": "Polygon", "coordinates": [ [ [ 127.0, 36.5000002 ], [ 127.25, 36.5000002 ], [ 127.25, 36.666667 ], [ 127.0, 36.666667 ], [ 127.0, 36.5000002 ] ] ] } },
{ "type": "Feature", "properties": { "Id": 0, "Sheet_ID": "公州 9. 清州", "label": "公州 9. 清州", "call_short": "G7900 S50 .J3", "call_num": "G7900 S50 .J3 SHEET D11-9", "recid": "gf146ck8052", "websiteUrl": "https://purl.stanford.edu/gf146ck8052", "title": "[朝鮮五万分一地形圖]", "ckey": 9585328, "available": true, "iiifUrl": "https://purl.stanford.edu/gf146ck8052/iiif/manifest" }, "geometry": { "type": "Polygon", "coordinates": [ [ [ 127.25, 36.5000002 ], [ 127.5, 36.5000002 ], [ 127.5, 36.666667 ], [ 127.25, 36.666667 ], [ 127.25, 36.5000002 ] ] ] } },
{ "type": "Feature", "properties": { "Id": 0, "Sheet_ID": "公州 5. 米院", "label": "公州 5. 米院", "call_short": "G7900 S50 .J3", "call_num": "G7900 S50 .J3 SHEET D11-5", "recid": "xh820sx2046", "websiteUrl": "https://purl.stanford.edu/xh820sx2046", "title": "[朝鮮五万分一地形圖]", "ckey": 9585328, "available": true, "iiifUrl": "https://purl.stanford.edu/xh820sx2046/iiif/manifest" }, "geometry": { "type": "Polygon", "coordinates": [ [ [ 127.5, 36.5000002 ], [ 127.75, 36.5000002 ], [ 127.75, 36.666667 ], [ 127.5, 36.666667 ], [ 127.5, 36.5000002 ] ] ] } },
{ "type": "Feature", "properties": { "Id": 0, "Sheet_ID": "公州 1. 俗離山", "label": "公州 1. 俗離山", "call_short": "G7900 S50 .J3", "call_num": "G7900 S50 .J3 SHEET D11-1", "recid": "bc250yv6858", "websiteUrl": "https://purl.stanford.edu/bc250yv6858", "title": "[朝鮮五万分一地形圖]", "ckey": 9585328, "available": true, "iiifUrl": "https://purl.stanford.edu/bc250yv6858/iiif/manifest" }, "geometry": { "type": "Polygon", "coordinates": [ [ [ 127.75, 36.5000002 ], [ 128.0, 36.5000002 ], [ 128.0, 36.666667 ], [ 127.75, 36.666667 ], [ 127.75, 36.5000002 ] ] ] } },
{ "type": "Feature", "properties": { "Id": 0, "Sheet_ID": "公州 1 ED2. 俗離山", "label": "公州 1 ED2. 俗離山", "call_short": "G7900 S50 .J3", "call_num": "G7900 S50 .J3 SHEET D11-1 ED.2", "recid": "dx083tf1593", "websiteUrl": "https://purl.stanford.edu/dx083tf1593", "title": "[朝鮮五万分一地形圖]", "ckey": 9585328, "available": true, "iiifUrl": "https://purl.stanford.edu/dx083tf1593/iiif/manifest" }, "geometry": { "type": "Polygon", "coordinates": [ [ [ 127.75, 36.5000002 ], [ 128.0, 36.5000002 ], [ 128.0, 36.666667 ], [ 127.75, 36.666667 ], [ 127.75, 36.5000002 ] ] ] } },
{ "type": "Feature", "properties": { "Id": 0, "Sheet_ID": "公州 3 ED2. 永同", "label": "公州 3 ED2. 永同", "call_short": "G7900 S50 .J3", "call_num": "G7900 S50 .J3 SHEET D11-3 ED.2", "recid": "jf462zq5092", "websiteUrl": "https://purl.stanford.edu/jf462zq5092", "title": "[朝鮮五万分一地形圖]", "ckey": 9585328, "available": true, "iiifUrl": "https://purl.stanford.edu/jf462zq5092/iiif/manifest" }, "geometry": { "type": "Polygon", "coordinates": [ [ [ 127.75, 36.1666668 ], [ 128.0, 36.1666668 ], [ 128.0, 36.3333335 ], [ 127.75, 36.3333335 ], [ 127.75, 36.1666668 ] ] ] } },
{ "type": "Feature", "properties": { "Id": 0, "Sheet_ID": "公州 4R. 雪川", "label": "公州 4R. 雪川", "call_short": "G7900 S50 .J3", "call_num": "G7900 S50 .J3 SHEET D11-4R", "recid": "qq813rr2819", "websiteUrl": "https://purl.stanford.edu/qq813rr2819", "title": "[朝鮮五万分一地形圖]", "ckey": 9585328, "available": true, "iiifUrl": "https://purl.stanford.edu/qq813rr2819/iiif/manifest" }, "geometry": { "type": "Polygon", "coordinates": [ [ [ 127.75, 36.0 ], [ 128.0, 36.0 ], [ 128.0, 36.1666668 ], [ 127.75, 36.1666668 ], [ 127.75, 36.0 ] ] ] } },
{ "type": "Feature", "properties": { "Id": 0, "Sheet_ID": "公州 7R. 沃川", "label": "公州 7R. 沃川", "call_short": "G7900 S50 .J3", "call_num": "G7900 S50 .J3 SHEET D11-7R", "recid": "vs963gs2850", "websiteUrl": "https://purl.stanford.edu/vs963gs2850", "title": "[朝鮮五万分一地形圖]", "ckey": 9585328, "available": true, "iiifUrl": "https://purl.stanford.edu/vs963gs2850/iiif/manifest" }, "geometry": { "type": "Polygon", "coordinates": [ [ [ 127.5, 36.1666668 ], [ 127.75, 36.1666668 ], [ 127.75, 36.3333335 ], [ 127.5, 36.3333335 ], [ 127.5, 36.1666668 ] ] ] } },
{ "type": "Feature", "properties": { "Id": 0, "Sheet_ID": "全州 16. 淳昌", "label": "全州 16. 淳昌", "call_short": "G7900 S50 .J3", "call_num": "G7900 S50 .J3 SHEET D12-16", "recid": "md717rh6657", "websiteUrl": "https://purl.stanford.edu/md717rh6657", "title": "[朝鮮五万分一地形圖]", "ckey": 9585328, "available": true, "iiifUrl": "https://purl.stanford.edu/md717rh6657/iiif/manifest" }, "geometry": { "type": "Polygon", "coordinates": [ [ [ 127.0, 35.333333 ], [ 127.25, 35.333333 ], [ 127.25, 35.4999998 ], [ 127.0, 35.4999998 ], [ 127.0, 35.333333 ] ] ] } },
{ "type": "Feature", "properties": { "Id": 0, "Sheet_ID": "全州 12. 南原", "label": "全州 12. 南原", "call_short": "G7900 S50 .J3", "call_num": "G7900 S50 .J3 SHEET D12-12", "recid": "nb983kh3363", "websiteUrl": "https://purl.stanford.edu/nb983kh3363", "title": "[朝鮮五万分一地形圖]", "ckey": 9585328, "available": true, "iiifUrl": "https://purl.stanford.edu/nb983kh3363/iiif/manifest" }, "geometry": { "type": "Polygon", "coordinates": [ [ [ 127.25, 35.333333 ], [ 127.5, 35.333333 ], [ 127.5, 35.4999998 ], [ 127.25, 35.4999998 ], [ 127.25, 35.333333 ] ] ] } },
{ "type": "Feature", "properties": { "Id": 0, "Sheet_ID": "全州 8. 雲峰", "label": "全州 8. 雲峰", "call_short": "G7900 S50 .J3", "call_num": "G7900 S50 .J3 SHEET D12-8", "recid": "sp037qy6876", "websiteUrl": "https://purl.stanford.edu/sp037qy6876", "title": "[朝鮮五万分一地形圖]", "ckey": 9585328, "available": true, "iiifUrl": "https://purl.stanford.edu/sp037qy6876/iiif/manifest" }, "geometry": { "type": "Polygon", "coordinates": [ [ [ 127.5, 35.333333 ], [ 127.75, 35.333333 ], [ 127.75, 35.4999998 ], [ 127.5, 35.4999998 ], [ 127.5, 35.333333 ] ] ] } },
{ "type": "Feature", "properties": { "Id": 0, "Sheet_ID": "全州 4. 山清", "label": "全州 4. 山清", "call_short": "G7900 S50 .J3", "call_num": "G7900 S50 .J3 SHEET D12-4", "recid": "ys150dz9914", "websiteUrl": "https://purl.stanford.edu/ys150dz9914", "title": "[朝鮮五万分一地形圖]", "ckey": 9585328, "available": true, "iiifUrl": "https://purl.stanford.edu/ys150dz9914/iiif/manifest" }, "geometry": { "type": "Polygon", "coordinates": [ [ [ 127.75, 35.333333 ], [ 128.0, 35.333333 ], [ 128.0, 35.4999998 ], [ 127.75, 35.4999998 ], [ 127.75, 35.333333 ] ] ] } },
{ "type": "Feature", "properties": { "Id": 0, "Sheet_ID": "全州 15. 葛潭", "label": "全州 15. 葛潭", "call_short": "G7900 S50 .J3", "call_num": "G7900 S50 .J3 SHEET D12-15", "recid": "tf913ck1107", "websiteUrl": "https://purl.stanford.edu/tf913ck1107", "title": "[朝鮮五万分一地形圖]", "ckey": 9585328, "available": true, "iiifUrl": "https://purl.stanford.edu/tf913ck1107/iiif/manifest" }, "geometry": { "type": "Polygon", "coordinates": [ [ [ 127.0, 35.4999998 ], [ 127.25, 35.4999998 ], [ 127.25, 35.6666665 ], [ 127.0, 35.6666665 ], [ 127.0, 35.4999998 ] ] ] } },
{ "type": "Feature", "properties": { "Id": 0, "Sheet_ID": "全州 11. 任實", "label": "全州 11. 任實", "call_short": "G7900 S50 .J3", "call_num": "G7900 S50 .J3 SHEET D12-11", "recid": "vc377rb1276", "websiteUrl": "https://purl.stanford.edu/vc377rb1276", "title": "[朝鮮五万分一地形圖]", "ckey": 9585328, "available": true, "iiifUrl": "https://purl.stanford.edu/vc377rb1276/iiif/manifest" }, "geometry": { "type": "Polygon", "coordinates": [ [ [ 127.25, 35.4999998 ], [ 127.5, 35.4999998 ], [ 127.5, 35.6666665 ], [ 127.25, 35.6666665 ], [ 127.25, 35.4999998 ] ] ] } },
{ "type": "Feature", "properties": { "Id": 0, "Sheet_ID": "全州 7. 咸陽", "label": "全州 7. 咸陽", "call_short": "G7900 S50 .J3", "call_num": "G7900 S50 .J3 SHEET D12-7", "recid": "xn700mz7694", "websiteUrl": "https://purl.stanford.edu/xn700mz7694", "title": "[朝鮮五万分一地形圖]", "ckey": 9585328, "available": true, "iiifUrl": "https://purl.stanford.edu/xn700mz7694/iiif/manifest" }, "geometry": { "type": "Polygon", "coordinates": [ [ [ 127.5, 35.4999998 ], [ 127.75, 35.4999998 ], [ 127.75, 35.6666665 ], [ 127.5, 35.6666665 ], [ 127.5, 35.4999998 ] ] ] } },
{ "type": "Feature", "properties": { "Id": 0, "Sheet_ID": "全州 3. 安義", "label": "全州 3. 安義", "call_short": "G7900 S50 .J3", "call_num": "G7900 S50 .J3 SHEET D12-3", "recid": "tx839dk9326", "websiteUrl": "https://purl.stanford.edu/tx839dk9326", "title": "[朝鮮五万分一地形圖]", "ckey": 9585328, "available": true, "iiifUrl": "https://purl.stanford.edu/tx839dk9326/iiif/manifest" }, "geometry": { "type": "Polygon", "coordinates": [ [ [ 127.75, 35.4999998 ], [ 128.0, 35.4999998 ], [ 128.0, 35.6666665 ], [ 127.75, 35.6666665 ], [ 127.75, 35.4999998 ] ] ] } },
{ "type": "Feature", "properties": { "Id": 0, "Sheet_ID": "全州 14. 全州", "label": "全州 14. 全州", "call_short": "G7900 S50 .J3", "call_num": "G7900 S50 .J3 SHEET D12-14", "recid": "bn462py5224", "websiteUrl": "https://purl.stanford.edu/bn462py5224", "title": "[朝鮮五万分一地形圖]", "ckey": 9585328, "available": true, "iiifUrl": "https://purl.stanford.edu/bn462py5224/iiif/manifest" }, "geometry": { "type": "Polygon", "coordinates": [ [ [ 127.0, 35.6666665 ], [ 127.25, 35.6666665 ], [ 127.25, 35.8333333 ], [ 127.0, 35.8333333 ], [ 127.0, 35.6666665 ] ] ] } },
{ "type": "Feature", "properties": { "Id": 0, "Sheet_ID": "全州 10. 鎭安", "label": "全州 10. 鎭安", "call_short": "G7900 S50 .J3", "call_num": "G7900 S50 .J3 SHEET D12-10", "recid": "vv085sq9336", "websiteUrl": "https://purl.stanford.edu/vv085sq9336", "title": "[朝鮮五万分一地形圖]", "ckey": 9585328, "available": true, "iiifUrl": "https://purl.stanford.edu/vv085sq9336/iiif/manifest" }, "geometry": { "type": "Polygon", "coordinates": [ [ [ 127.25, 35.6666665 ], [ 127.5, 35.6666665 ], [ 127.5, 35.8333333 ], [ 127.25, 35.8333333 ], [ 127.25, 35.6666665 ] ] ] } },
{ "type": "Feature", "properties": { "Id": 0, "Sheet_ID": "全州 6. 長溪", "label": "全州 6. 長溪", "call_short": "G7900 S50 .J3", "call_num": "G7900 S50 .J3 SHEET D12-6", "recid": "qg141yn6402", "websiteUrl": "https://purl.stanford.edu/qg141yn6402", "title": "[朝鮮五万分一地形圖]", "ckey": 9585328, "available": true, "iiifUrl": "https://purl.stanford.edu/qg141yn6402/iiif/manifest" }, "geometry": { "type": "Polygon", "coordinates": [ [ [ 127.5, 35.6666665 ], [ 127.75, 35.6666665 ], [ 127.75, 35.8333333 ], [ 127.5, 35.8333333 ], [ 127.5, 35.6666665 ] ] ] } },
{ "type": "Feature", "properties": { "Id": 0, "Sheet_ID": "全州 2. 居昌", "label": "全州 2. 居昌", "call_short": "G7900 S50 .J3", "call_num": "G7900 S50 .J3 SHEET D12-2", "recid": "gx594gj8711", "websiteUrl": "https://purl.stanford.edu/gx594gj8711", "title": "[朝鮮五万分一地形圖]", "ckey": 9585328, "available": true, "iiifUrl": "https://purl.stanford.edu/gx594gj8711/iiif/manifest" }, "geometry": { "type": "Polygon", "coordinates": [ [ [ 127.75, 35.6666665 ], [ 128.0, 35.6666665 ], [ 128.0, 35.8333333 ], [ 127.75, 35.8333333 ], [ 127.75, 35.6666665 ] ] ] } },
{ "type": "Feature", "properties": { "Id": 0, "Sheet_ID": "全州 13. 朝鮮髙山", "label": "全州 13. 朝鮮髙山", "call_short": "G7900 S50 .J3", "call_num": "G7900 S50 .J3 SHEET D12-13", "recid": "mt157gk7891", "websiteUrl": "https://purl.stanford.edu/mt157gk7891", "title": "[朝鮮五万分一地形圖]", "ckey": 9585328, "available": true, "iiifUrl": "https://purl.stanford.edu/mt157gk7891/iiif/manifest" }, "geometry": { "type": "Polygon", "coordinates": [ [ [ 127.0, 35.8333333 ], [ 127.25, 35.8333333 ], [ 127.25, 36.0 ], [ 127.0, 36.0 ], [ 127.0, 35.8333333 ] ] ] } },
{ "type": "Feature", "properties": { "Id": 0, "Sheet_ID": "全州 9. 龍潭", "label": "全州 9. 龍潭", "call_short": "G7900 S50 .J3", "call_num": "G7900 S50 .J3 SHEET D12-9", "recid": "xp089jm3658", "websiteUrl": "https://purl.stanford.edu/xp089jm3658", "title": "[朝鮮五万分一地形圖]", "ckey": 9585328, "available": true, "iiifUrl": "https://purl.stanford.edu/xp089jm3658/iiif/manifest" }, "geometry": { "type": "Polygon", "coordinates": [ [ [ 127.25, 35.8333333 ], [ 127.5, 35.8333333 ], [ 127.5, 36.0 ], [ 127.25, 36.0 ], [ 127.25, 35.8333333 ] ] ] } },
{ "type": "Feature", "properties": { "Id": 0, "Sheet_ID": "全州 5. 安城場", "label": "全州 5. 安城場", "call_short": "G7900 S50 .J3", "call_num": "G7900 S50 .J3 SHEET D12-5", "recid": "nc313ht4661", "websiteUrl": "https://purl.stanford.edu/nc313ht4661", "title": "[朝鮮五万分一地形圖]", "ckey": 9585328, "available": true, "iiifUrl": "https://purl.stanford.edu/nc313ht4661/iiif/manifest" }, "geometry": { "type": "Polygon", "coordinates": [ [ [ 127.5, 35.8333333 ], [ 127.75, 35.8333333 ], [ 127.75, 36.0 ], [ 127.5, 36.0 ], [ 127.5, 35.8333333 ] ] ] } },
{ "type": "Feature", "properties": { "Id": 0, "Sheet_ID": "全州 1. 茂豐", "label": "全州 1. 茂豐", "call_short": "G7900 S50 .J3", "call_num": "G7900 S50 .J3 SHEET D12-1", "recid": "sd335wb8415", "websiteUrl": "https://purl.stanford.edu/sd335wb8415", "title": "[朝鮮五万分一地形圖]", "ckey": 9585328, "available": true, "iiifUrl": "https://purl.stanford.edu/sd335wb8415/iiif/manifest" }, "geometry": { "type": "Polygon", "coordinates": [ [ [ 127.75, 35.8333333 ], [ 128.0, 35.8333333 ], [ 128.0, 36.0 ], [ 127.75, 36.0 ], [ 127.75, 35.8333333 ] ] ] } },
{ "type": "Feature", "properties": { "Id": 0, "Sheet_ID": "順天 16. 寳城", "label": "順天 16. 寳城", "call_short": "G7900 S50 .J3", "call_num": "G7900 S50 .J3 SHEET D13-16", "recid": "yf364gr4210", "websiteUrl": "https://purl.stanford.edu/yf364gr4210", "title": "[朝鮮五万分一地形圖]", "ckey": 9585328, "available": true, "iiifUrl": "https://purl.stanford.edu/yf364gr4210/iiif/manifest" }, "geometry": { "type": "Polygon", "coordinates": [ [ [ 127.0, 34.666667 ], [ 127.25, 34.666667 ], [ 127.25, 34.8333335 ], [ 127.0, 34.8333335 ], [ 127.0, 34.666667 ] ] ] } },
{ "type": "Feature", "properties": { "Id": 0, "Sheet_ID": "順天 12. 油芚里", "label": "順天 12. 油芚里", "call_short": "G7900 S50 .J3", "call_num": "G7900 S50 .J3 SHEET D13-12", "recid": "px262yt4547", "websiteUrl": "https://purl.stanford.edu/px262yt4547", "title": "[朝鮮五万分一地形圖]", "ckey": 9585328, "available": true, "iiifUrl": "https://purl.stanford.edu/px262yt4547/iiif/manifest" }, "geometry": { "type": "Polygon", "coordinates": [ [ [ 127.25, 34.666667 ], [ 127.5, 34.666667 ], [ 127.5, 34.8333335 ], [ 127.25, 34.8333335 ], [ 127.25, 34.666667 ] ] ] } },
{ "type": "Feature", "properties": { "Id": 0, "Sheet_ID": "順天 8. 麗水 / 鎮海灣要塞近傍 29", "label": "順天 8. 麗水 / 鎮海灣要塞近傍 29", "call_short": "G7900 S50 .J3", "call_num": "G7900 S50 .J3 SHEET D13-8", "recid": "yp927yd6282", "websiteUrl": "https://purl.stanford.edu/yp927yd6282", "title": "[朝鮮五万分一地形圖]", "ckey": 9585328, "available": true, "iiifUrl": "https://purl.stanford.edu/yp927yd6282/iiif/manifest" }, "geometry": { "type": "Polygon", "coordinates": [ [ [ 127.5, 34.666667 ], [ 127.75, 34.666667 ], [ 127.75, 34.8333335 ], [ 127.5, 34.8333335 ], [ 127.5, 34.666667 ] ] ] } },
{ "type": "Feature", "properties": { "Id": 0, "Sheet_ID": "順天 4. 尚州里 / 鎮海灣要塞近傍 25", "label": "順天 4. 尚州里 / 鎮海灣要塞近傍 25", "call_short": "G7900 S50 .J3", "call_num": "G7900 S50 .J3 SHEET D13-4", "recid": "cs901vg6364", "websiteUrl": "https://purl.stanford.edu/cs901vg6364", "title": "[朝鮮五万分一地形圖]", "ckey": 9585328, "available": true, "iiifUrl": "https://purl.stanford.edu/cs901vg6364/iiif/manifest" }, "geometry": { "type": "Polygon", "coordinates": [ [ [ 127.75, 34.666667 ], [ 128.0, 34.666667 ], [ 128.0, 34.8333335 ], [ 127.75, 34.8333335 ], [ 127.75, 34.666667 ] ] ] } },
{ "type": "Feature", "properties": { "Id": 0, "Sheet_ID": "順天 15. 福内場", "label": "順天 15. 福内場", "call_short": "G7900 S50 .J3", "call_num": "G7900 S50 .J3 SHEET D13-15", "recid": "kr238cw7683", "websiteUrl": "https://purl.stanford.edu/kr238cw7683", "title": "[朝鮮五万分一地形圖]", "ckey": 9585328, "available": true, "iiifUrl": "https://purl.stanford.edu/kr238cw7683/iiif/manifest" }, "geometry": { "type": "Polygon", "coordinates": [ [ [ 127.0, 34.8333335 ], [ 127.25, 34.8333335 ], [ 127.25, 35.0 ], [ 127.0, 35.0 ], [ 127.0, 34.8333335 ] ] ] } },
{ "type": "Feature", "properties": { "Id": 0, "Sheet_ID": "順天 11 ED2. 順天", "label": "順天 11 ED2. 順天", "call_short": "G7900 S50 .J3", "call_num": "G7900 S50 .J3 SHEET D13-11 ED.2", "recid": "ht764gf9397", "websiteUrl": "https://purl.stanford.edu/ht764gf9397", "title": "[朝鮮五万分一地形圖]", "ckey": 9585328, "available": true, "iiifUrl": "https://purl.stanford.edu/ht764gf9397/iiif/manifest" }, "geometry": { "type": "Polygon", "coordinates": [ [ [ 127.25, 34.8333335 ], [ 127.5, 34.8333335 ], [ 127.5, 35.0 ], [ 127.25, 35.0 ], [ 127.25, 34.8333335 ] ] ] } },
{ "type": "Feature", "properties": { "Id": 0, "Sheet_ID": "順天 7. 光陽 / 鎮海灣要塞近傍 28", "label": "順天 7. 光陽 / 鎮海灣要塞近傍 28", "call_short": "G7900 S50 .J3", "call_num": "G7900 S50 .J3 SHEET D13-7", "recid": "rr961mw3147", "websiteUrl": "https://purl.stanford.edu/rr961mw3147", "title": "[朝鮮五万分一地形圖]", "ckey": 9585328, "available": true, "iiifUrl": "https://purl.stanford.edu/rr961mw3147/iiif/manifest" }, "geometry": { "type": "Polygon", "coordinates": [ [ [ 127.5, 34.8333335 ], [ 127.75, 34.8333335 ], [ 127.75, 35.0 ], [ 127.5, 35.0 ], [ 127.5, 34.8333335 ] ] ] } },
{ "type": "Feature", "properties": { "Id": 0, "Sheet_ID": "順天 3. 南海 / 鎮海灣要塞近傍 24", "label": "順天 3. 南海 / 鎮海灣要塞近傍 24", "call_short": "G7900 S50 .J3", "call_num": "G7900 S50 .J3 SHEET D13-3", "recid": "sd558dn0179", "websiteUrl": "https://purl.stanford.edu/sd558dn0179", "title": "[朝鮮五万分一地形圖]", "ckey": 9585328, "available": true, "iiifUrl": "https://purl.stanford.edu/sd558dn0179/iiif/manifest" }, "geometry": { "type": "Polygon", "coordinates": [ [ [ 127.75, 34.8333335 ], [ 128.0, 34.8333335 ], [ 128.0, 35.0 ], [ 127.75, 35.0 ], [ 127.75, 34.8333335 ] ] ] } },
{ "type": "Feature", "properties": { "Id": 0, "Sheet_ID": "順天 14. 同福", "label": "順天 14. 同福", "call_short": "G7900 S50 .J3", "call_num": "G7900 S50 .J3 SHEET D13-14", "recid": "rp332dt7295", "websiteUrl": "https://purl.stanford.edu/rp332dt7295", "title": "[朝鮮五万分一地形圖]", "ckey": 9585328, "available": true, "iiifUrl": "https://purl.stanford.edu/rp332dt7295/iiif/manifest" }, "geometry": { "type": "Polygon", "coordinates": [ [ [ 127.0, 35.0 ], [ 127.25, 35.0 ], [ 127.25, 35.1666665 ], [ 127.0, 35.1666665 ], [ 127.0, 35.0 ] ] ] } },
{ "type": "Feature", "properties": { "Id": 0, "Sheet_ID": "順天 10. 槐木里", "label": "順天 10. 槐木里", "call_short": "G7900 S50 .J3", "call_num": "G7900 S50 .J3 SHEET D13-10", "recid": "rc153bm9014", "websiteUrl": "https://purl.stanford.edu/rc153bm9014", "title": "[朝鮮五万分一地形圖]", "ckey": 9585328, "available": true, "iiifUrl": "https://purl.stanford.edu/rc153bm9014/iiif/manifest" }, "geometry": { "type": "Polygon", "coordinates": [ [ [ 127.25, 35.0 ], [ 127.5, 35.0 ], [ 127.5, 35.1666665 ], [ 127.25, 35.1666665 ], [ 127.25, 35.0 ] ] ] } },
{ "type": "Feature", "properties": { "Id": 0, "Sheet_ID": "順天 6. 河東", "label": "順天 6. 河東", "call_short": "G7900 S50 .J3", "call_num": "G7900 S50 .J3 SHEET D13-6", "recid": "hp284ks4614", "websiteUrl": "https://purl.stanford.edu/hp284ks4614", "title": "[朝鮮五万分一地形圖]", "ckey": 9585328, "available": true, "iiifUrl": "https://purl.stanford.edu/hp284ks4614/iiif/manifest" }, "geometry": { "type": "Polygon", "coordinates": [ [ [ 127.5, 35.0 ], [ 127.75, 35.0 ], [ 127.75, 35.1666665 ], [ 127.5, 35.1666665 ], [ 127.5, 35.0 ] ] ] } },
{ "type": "Feature", "properties": { "Id": 0, "Sheet_ID": "順天 2. 辰橋 / 鎮海灣要塞近傍 23", "label": "順天 2. 辰橋 / 鎮海灣要塞近傍 23", "call_short": "G7900 S50 .J3", "call_num": "G7900 S50 .J3 SHEET D13-2", "recid": "cq534zf2874", "websiteUrl": "https://purl.stanford.edu/cq534zf2874", "title": "[朝鮮五万分一地形圖]", "ckey": 9585328, "available": true, "iiifUrl": "https://purl.stanford.edu/cq534zf2874/iiif/manifest" }, "geometry": { "type": "Polygon", "coordinates": [ [ [ 127.75, 35.0 ], [ 128.0, 35.0 ], [ 128.0, 35.1666665 ], [ 127.75, 35.1666665 ], [ 127.75, 35.0 ] ] ] } },
{ "type": "Feature", "properties": { "Id": 0, "Sheet_ID": "順天 13. 昌平", "label": "順天 13. 昌平", "call_short": "G7900 S50 .J3", "call_num": "G7900 S50 .J3 SHEET D13-13", "recid": "wm451dg3346", "websiteUrl": "https://purl.stanford.edu/wm451dg3346", "title": "[朝鮮五万分一地形圖]", "ckey": 9585328, "available": true, "iiifUrl": "https://purl.stanford.edu/wm451dg3346/iiif/manifest" }, "geometry": { "type": "Polygon", "coordinates": [ [ [ 127.0, 35.1666665 ], [ 127.25, 35.1666665 ], [ 127.25, 35.333333 ], [ 127.0, 35.333333 ], [ 127.0, 35.1666665 ] ] ] } },
{ "type": "Feature", "properties": { "Id": 0, "Sheet_ID": "順天 9. 求禮", "label": "順天 9. 求禮", "call_short": "G7900 S50 .J3", "call_num": "G7900 S50 .J3 SHEET D13-9", "recid": "yq728ys8888", "websiteUrl": "https://purl.stanford.edu/yq728ys8888", "title": "[朝鮮五万分一地形圖]", "ckey": 9585328, "available": true, "iiifUrl": "https://purl.stanford.edu/yq728ys8888/iiif/manifest" }, "geometry": { "type": "Polygon", "coordinates": [ [ [ 127.25, 35.1666665 ], [ 127.5, 35.1666665 ], [ 127.5, 35.333333 ], [ 127.25, 35.333333 ], [ 127.25, 35.1666665 ] ] ] } },
{ "type": "Feature", "properties": { "Id": 0, "Sheet_ID": "順天 5. 花開場", "label": "順天 5. 花開場", "call_short": "G7900 S50 .J3", "call_num": "G7900 S50 .J3 SHEET D13-5", "recid": "hj019wp1689", "websiteUrl": "https://purl.stanford.edu/hj019wp1689", "title": "[朝鮮五万分一地形圖]", "ckey": 9585328, "available": true, "iiifUrl": "https://purl.stanford.edu/hj019wp1689/iiif/manifest" }, "geometry": { "type": "Polygon", "coordinates": [ [ [ 127.5, 35.1666665 ], [ 127.75, 35.1666665 ], [ 127.75, 35.333333 ], [ 127.5, 35.333333 ], [ 127.5, 35.1666665 ] ] ] } },
{ "type": "Feature", "properties": { "Id": 0, "Sheet_ID": "順天 1. 丹城", "label": "順天 1. 丹城", "call_short": "G7900 S50 .J3", "call_num": "G7900 S50 .J3 SHEET D13-1", "recid": "qv356nj6482", "websiteUrl": "https://purl.stanford.edu/qv356nj6482", "title": "[朝鮮五万分一地形圖]", "ckey": 9585328, "available": true, "iiifUrl": "https://purl.stanford.edu/qv356nj6482/iiif/manifest" }, "geometry": { "type": "Polygon", "coordinates": [ [ [ 127.75, 35.1666665 ], [ 128.0, 35.1666665 ], [ 128.0, 35.333333 ], [ 127.75, 35.333333 ], [ 127.75, 35.1666665 ] ] ] } },
{ "type": "Feature", "properties": { "Id": 0, "Sheet_ID": "順天 11. 順天", "label": "順天 11. 順天", "call_short": "G7900 S50 .J3", "call_num": "G7900 S50 .J3 SHEET D13-11", "recid": "wd999kw1835", "websiteUrl": "https://purl.stanford.edu/wd999kw1835", "title": "[朝鮮五万分一地形圖]", "ckey": 9585328, "available": true, "iiifUrl": "https://purl.stanford.edu/wd999kw1835/iiif/manifest" }, "geometry": { "type": "Polygon", "coordinates": [ [ [ 127.25, 34.8333335 ], [ 127.5, 34.8333335 ], [ 127.5, 35.0 ], [ 127.25, 35.0 ], [ 127.25, 34.8333335 ] ] ] } },
{ "type": "Feature", "properties": { "Id": 0, "Sheet_ID": "高興 12. 巨文島", "label": "高興 12. 巨文島", "call_short": "G7900 S50 .J3", "call_num": "G7900 S50 .J3 SHEET D14-12", "recid": "qn524zq2411", "websiteUrl": "https://purl.stanford.edu/qn524zq2411", "title": "[朝鮮五万分一地形圖]", "ckey": 9585328, "available": true, "iiifUrl": "https://purl.stanford.edu/qn524zq2411/iiif/manifest" }, "geometry": { "type": "Polygon", "coordinates": [ [ [ 127.25, 34.0 ], [ 127.5, 34.0 ], [ 127.5, 34.1666667 ], [ 127.25, 34.1666667 ], [ 127.25, 34.0 ] ] ] } },
{ "type": "Feature", "properties": { "Id": 0, "Sheet_ID": "高興 15. 攝島", "label": "高興 15. 攝島", "call_short": "G7900 S50 .J3", "call_num": "G7900 S50 .J3 SHEET D14-15", "recid": "fg077fj7982", "websiteUrl": "https://purl.stanford.edu/fg077fj7982", "title": "[朝鮮五万分一地形圖]", "ckey": 9585328, "available": true, "iiifUrl": "https://purl.stanford.edu/fg077fj7982/iiif/manifest" }, "geometry": { "type": "Polygon", "coordinates": [ [ [ 127.0, 34.1666667 ], [ 127.25, 34.1666667 ], [ 127.25, 34.3333335 ], [ 127.0, 34.3333335 ], [ 127.0, 34.1666667 ] ] ] } },
{ "type": "Feature", "properties": { "Id": 0, "Sheet_ID": "高興 11. 草島", "label": "高興 11. 草島", "call_short": "G7900 S50 .J3", "call_num": "G7900 S50 .J3 SHEET D14-11", "recid": "tg843cr2056", "websiteUrl": "https://purl.stanford.edu/tg843cr2056", "title": "[朝鮮五万分一地形圖]", "ckey": 9585328, "available": true, "iiifUrl": "https://purl.stanford.edu/tg843cr2056/iiif/manifest" }, "geometry": { "type": "Polygon", "coordinates": [ [ [ 127.25, 34.1666667 ], [ 127.5, 34.1666667 ], [ 127.5, 34.3333335 ], [ 127.25, 34.3333335 ], [ 127.25, 34.1666667 ] ] ] } },
{ "type": "Feature", "properties": { "Id": 0, "Sheet_ID": "高興 14. 居金島", "label": "高興 14. 居金島", "call_short": "G7900 S50 .J3", "call_num": "G7900 S50 .J3 SHEET D14-14", "recid": "pk335yb3592", "websiteUrl": "https://purl.stanford.edu/pk335yb3592", "title": "[朝鮮五万分一地形圖]", "ckey": 9585328, "available": true, "iiifUrl": "https://purl.stanford.edu/pk335yb3592/iiif/manifest" }, "geometry": { "type": "Polygon", "coordinates": [ [ [ 127.0, 34.3333335 ], [ 127.25, 34.3333335 ], [ 127.25, 34.5000002 ], [ 127.0, 34.5000002 ], [ 127.0, 34.3333335 ] ] ] } },
{ "type": "Feature", "properties": { "Id": 0, "Sheet_ID": "高興 10. 外羅老島", "label": "高興 10. 外羅老島", "call_short": "G7900 S50 .J3", "call_num": "G7900 S50 .J3 SHEET D14-10", "recid": "kp380gt5105", "websiteUrl": "https://purl.stanford.edu/kp380gt5105", "title": "[朝鮮五万分一地形圖]", "ckey": 9585328, "available": true, "iiifUrl": "https://purl.stanford.edu/kp380gt5105/iiif/manifest" }, "geometry": { "type": "Polygon", "coordinates": [ [ [ 127.25, 34.3333335 ], [ 127.5, 34.3333335 ], [ 127.5, 34.5000002 ], [ 127.25, 34.5000002 ], [ 127.25, 34.3333335 ] ] ] } },
{ "type": "Feature", "properties": { "Id": 0, "Sheet_ID": "高興 6. 外羅老島東部 / 鎮海灣要塞近傍 31", "label": "高興 6. 外羅老島東部 / 鎮海灣要塞近傍 31", "call_short": "G7900 S50 .J3", "call_num": "G7900 S50 .J3 SHEET D14-6", "recid": "cc511rc9119", "websiteUrl": "https://purl.stanford.edu/cc511rc9119", "title": "[朝鮮五万分一地形圖]", "ckey": 9585328, "available": true, "iiifUrl": "https://purl.stanford.edu/cc511rc9119/iiif/manifest" }, "geometry": { "type": "Polygon", "coordinates": [ [ [ 127.5, 34.3333335 ], [ 127.75, 34.3333335 ], [ 127.75, 34.5000002 ], [ 127.5, 34.5000002 ], [ 127.5, 34.3333335 ] ] ] } },
{ "type": "Feature", "properties": { "Id": 0, "Sheet_ID": "高興 2. 所里島 / 鎮海灣要塞近傍 27", "label": "高興 2. 所里島 / 鎮海灣要塞近傍 27", "call_short": "G7900 S50 .J3", "call_num": "G7900 S50 .J3 SHEET D14-2", "recid": "jg396hg4371", "websiteUrl": "https://purl.stanford.edu/jg396hg4371", "title": "[朝鮮五万分一地形圖]", "ckey": 9585328, "available": true, "iiifUrl": "https://purl.stanford.edu/jg396hg4371/iiif/manifest" }, "geometry": { "type": "Polygon", "coordinates": [ [ [ 127.75, 34.3333335 ], [ 128.0, 34.3333335 ], [ 128.0, 34.5000002 ], [ 127.75, 34.5000002 ], [ 127.75, 34.3333335 ] ] ] } },
{ "type": "Feature", "properties": { "Id": 0, "Sheet_ID": "高興 13. 鹿頭", "label": "高興 13. 鹿頭", "call_short": "G7900 S50 .J3", "call_num": "G7900 S50 .J3 SHEET D14-13", "recid": "kn482nh6356", "websiteUrl": "https://purl.stanford.edu/kn482nh6356", "title": "[朝鮮五万分一地形圖]", "ckey": 9585328, "available": true, "iiifUrl": "https://purl.stanford.edu/kn482nh6356/iiif/manifest" }, "geometry": { "type": "Polygon", "coordinates": [ [ [ 127.0, 34.5000002 ], [ 127.25, 34.5000002 ], [ 127.25, 34.666667 ], [ 127.0, 34.666667 ], [ 127.0, 34.5000002 ] ] ] } },
{ "type": "Feature", "properties": { "Id": 0, "Sheet_ID": "高興 9. 高興", "label": "高興 9. 高興", "call_short": "G7900 S50 .J3", "call_num": "G7900 S50 .J3 SHEET D14-9", "recid": "kh210mp3022", "websiteUrl": "https://purl.stanford.edu/kh210mp3022", "title": "[朝鮮五万分一地形圖]", "ckey": 9585328, "available": true, "iiifUrl": "https://purl.stanford.edu/kh210mp3022/iiif/manifest" }, "geometry": { "type": "Polygon", "coordinates": [ [ [ 127.25, 34.5000002 ], [ 127.5, 34.5000002 ], [ 127.5, 34.666667 ], [ 127.25, 34.666667 ], [ 127.25, 34.5000002 ] ] ] } },
{ "type": "Feature", "properties": { "Id": 0, "Sheet_ID": "高興 5. 突山 / 鎮海灣要塞近傍 30", "label": "高興 5. 突山 / 鎮海灣要塞近傍 30", "call_short": "G7900 S50 .J3", "call_num": "G7900 S50 .J3 SHEET D14-5", "recid": "yj693jb4701", "websiteUrl": "https://purl.stanford.edu/yj693jb4701", "title": "[朝鮮五万分一地形圖]", "ckey": 9585328, "available": true, "iiifUrl": "https://purl.stanford.edu/yj693jb4701/iiif/manifest" }, "geometry": { "type": "Polygon", "coordinates": [ [ [ 127.5, 34.5000002 ], [ 127.75, 34.5000002 ], [ 127.75, 34.666667 ], [ 127.5, 34.666667 ], [ 127.5, 34.5000002 ] ] ] } },
{ "type": "Feature", "properties": { "Id": 0, "Sheet_ID": "高興 1. 竹圃里 / 鎮海灣要塞近傍 26", "label": "高興 1. 竹圃里 / 鎮海灣要塞近傍 26", "call_short": "G7900 S50 .J3", "call_num": "G7900 S50 .J3 SHEET D14-1", "recid": "nv351kj8255", "websiteUrl": "https://purl.stanford.edu/nv351kj8255", "title": "[朝鮮五万分一地形圖]", "ckey": 9585328, "available": true, "iiifUrl": "https://purl.stanford.edu/nv351kj8255/iiif/manifest" }, "geometry": { "type": "Polygon", "coordinates": [ [ [ 127.75, 34.5000002 ], [ 128.0, 34.5000002 ], [ 128.0, 34.666667 ], [ 127.75, 34.666667 ], [ 127.75, 34.5000002 ] ] ] } },
{ "type": "Feature", "properties": { "Id": 0, "Sheet_ID": "高興 8. 廣島及白島", "label": "高興 8. 廣島及白島", "call_short": "G7900 S50 .J3", "call_num": "G7900 S50 .J3 SHEET D14-7/8", "recid": "qk763mw2452", "websiteUrl": "https://purl.stanford.edu/qk763mw2452", "title": "[朝鮮五万分一地形圖]", "ckey": 9585328, "available": true, "iiifUrl": "https://purl.stanford.edu/qk763mw2452/iiif/manifest" }, "geometry": { "type": "MultiPolygon", "coordinates": [ [ [ [ 127.75, 34.0000001 ], [ 127.75, 34.1666668 ], [ 127.5, 34.1666668 ], [ 127.5, 34.0000001 ], [ 127.75, 34.0000001 ] ] ], [ [ [ 127.6, 34.233333 ], [ 127.6, 34.3 ], [ 127.51, 34.3 ], [ 127.51, 34.233333 ], [ 127.6, 34.233333 ] ] ] ] } },
{ "type": "Feature", "properties": { "Id": 0, "Sheet_ID": "京城 12R. 龍游島 / 仁川近傍 3", "label": "京城 12R. 龍游島 / 仁川近傍 3", "call_short": "G7900 S50 .J3", "call_num": "G7900 S50 .J3 SHEET E9-12R", "recid": "kn350gq7808", "websiteUrl": "https://purl.stanford.edu/kn350gq7808", "title": "[朝鮮五万分一地形圖]", "ckey": 9585328, "available": true, "iiifUrl": "https://purl.stanford.edu/kn350gq7808/iiif/manifest" }, "geometry": { "type": "Polygon", "coordinates": [ [ [ 126.25, 37.333333 ], [ 126.5, 37.333333 ], [ 126.5, 37.4999998 ], [ 126.25, 37.4999998 ], [ 126.25, 37.333333 ] ] ] } },
{ "type": "Feature", "properties": { "Id": 0, "Sheet_ID": "京城 8R. 仁川 / 仁川近傍 1", "label": "京城 8R. 仁川 / 仁川近傍 1", "call_short": "G7900 S50 .J3", "call_num": "G7900 S50 .J3 SHEET E9-8R", "recid": "pc844dh7129", "websiteUrl": "https://purl.stanford.edu/pc844dh7129", "title": "[朝鮮五万分一地形圖]", "ckey": 9585328, "available": true, "iiifUrl": "https://purl.stanford.edu/pc844dh7129/iiif/manifest" }, "geometry": { "type": "Polygon", "coordinates": [ [ [ 126.5, 37.333333 ], [ 126.75, 37.333333 ], [ 126.75, 37.4999998 ], [ 126.5, 37.4999998 ], [ 126.5, 37.333333 ] ] ] } },
{ "type": "Feature", "properties": { "Id": 0, "Sheet_ID": "京城 4. 軍浦場", "label": "京城 4. 軍浦場", "call_short": "G7900 S50 .J3", "call_num": "G7900 S50 .J3 SHEET E9-4", "recid": "vm922vz3415", "websiteUrl": "https://purl.stanford.edu/vm922vz3415", "title": "[朝鮮五万分一地形圖]", "ckey": 9585328, "available": true, "iiifUrl": "https://purl.stanford.edu/vm922vz3415/iiif/manifest" }, "geometry": { "type": "Polygon", "coordinates": [ [ [ 126.75, 37.333333 ], [ 127.0, 37.333333 ], [ 127.0, 37.4999998 ], [ 126.75, 37.4999998 ], [ 126.75, 37.333333 ] ] ] } },
{ "type": "Feature", "properties": { "Id": 0, "Sheet_ID": "京城 15. 注文島", "label": "京城 15. 注文島", "call_short": "G7900 S50 .J3", "call_num": "G7900 S50 .J3 SHEET E9-15", "recid": "qd315pj7566", "websiteUrl": "https://purl.stanford.edu/qd315pj7566", "title": "[朝鮮五万分一地形圖]", "ckey": 9585328, "available": true, "iiifUrl": "https://purl.stanford.edu/qd315pj7566/iiif/manifest" }, "geometry": { "type": "Polygon", "coordinates": [ [ [ 126.0, 37.4999998 ], [ 126.25, 37.4999998 ], [ 126.25, 37.6666665 ], [ 126.0, 37.6666665 ], [ 126.0, 37.4999998 ] ] ] } },
{ "type": "Feature", "properties": { "Id": 0, "Sheet_ID": "京城 11. 温水里", "label": "京城 11. 温水里", "call_short": "G7900 S50 .J3", "call_num": "G7900 S50 .J3 SHEET E9-11", "recid": "qr734fk9672", "websiteUrl": "https://purl.stanford.edu/qr734fk9672", "title": "[朝鮮五万分一地形圖]", "ckey": 9585328, "available": true, "iiifUrl": "https://purl.stanford.edu/qr734fk9672/iiif/manifest" }, "geometry": { "type": "Polygon", "coordinates": [ [ [ 126.25, 37.4999998 ], [ 126.5, 37.4999998 ], [ 126.5, 37.6666665 ], [ 126.25, 37.6666665 ], [ 126.25, 37.4999998 ] ] ] } },
{ "type": "Feature", "properties": { "Id": 0, "Sheet_ID": "京城 7. 金浦", "label": "京城 7. 金浦", "call_short": "G7900 S50 .J3", "call_num": "G7900 S50 .J3 SHEET E9-7", "recid": "db357cz1355", "websiteUrl": "https://purl.stanford.edu/db357cz1355", "title": "[朝鮮五万分一地形圖]", "ckey": 9585328, "available": true, "iiifUrl": "https://purl.stanford.edu/db357cz1355/iiif/manifest" }, "geometry": { "type": "Polygon", "coordinates": [ [ [ 126.5, 37.4999998 ], [ 126.75, 37.4999998 ], [ 126.75, 37.6666665 ], [ 126.5, 37.6666665 ], [ 126.5, 37.4999998 ] ] ] } },
{ "type": "Feature", "properties": { "Id": 0, "Sheet_ID": "京城 3. 京城", "label": "京城 3. 京城", "call_short": "G7900 S50 .J3", "call_num": "G7900 S50 .J3 SHEET E9-3", "recid": "vb891wn3165", "websiteUrl": "https://purl.stanford.edu/vb891wn3165", "title": "[朝鮮五万分一地形圖]", "ckey": 9585328, "available": true, "iiifUrl": "https://purl.stanford.edu/vb891wn3165/iiif/manifest" }, "geometry": { "type": "Polygon", "coordinates": [ [ [ 126.75, 37.4999998 ], [ 127.0, 37.4999998 ], [ 127.0, 37.6666665 ], [ 126.75, 37.6666665 ], [ 126.75, 37.4999998 ] ] ] } },
{ "type": "Feature", "properties": { "Id": 0, "Sheet_ID": "京城 14R. 舞鶴里", "label": "京城 14R. 舞鶴里", "call_short": "G7900 S50 .J3", "call_num": "G7900 S50 .J3 SHEET E9-14R", "recid": "pr492sf6025", "websiteUrl": "https://purl.stanford.edu/pr492sf6025", "title": "[朝鮮五万分一地形圖]", "ckey": 9585328, "available": true, "iiifUrl": "https://purl.stanford.edu/pr492sf6025/iiif/manifest" }, "geometry": { "type": "Polygon", "coordinates": [ [ [ 126.0, 37.6666665 ], [ 126.25, 37.6666665 ], [ 126.25, 37.8333333 ], [ 126.0, 37.8333333 ], [ 126.0, 37.6666665 ] ] ] } },
{ "type": "Feature", "properties": { "Id": 0, "Sheet_ID": "京城 10. 江華", "label": "京城 10. 江華", "call_short": "G7900 S50 .J3", "call_num": "G7900 S50 .J3 SHEET E9-10", "recid": "jp112rh5749", "websiteUrl": "https://purl.stanford.edu/jp112rh5749", "title": "[朝鮮五万分一地形圖]", "ckey": 9585328, "available": true, "iiifUrl": "https://purl.stanford.edu/jp112rh5749/iiif/manifest" }, "geometry": { "type": "Polygon", "coordinates": [ [ [ 126.25, 37.6666665 ], [ 126.5, 37.6666665 ], [ 126.5, 37.8333333 ], [ 126.25, 37.8333333 ], [ 126.25, 37.6666665 ] ] ] } },
{ "type": "Feature", "properties": { "Id": 0, "Sheet_ID": "京城 6. 通津", "label": "京城 6. 通津", "call_short": "G7900 S50 .J3", "call_num": "G7900 S50 .J3 SHEET E9-6", "recid": "vc038br1423", "websiteUrl": "https://purl.stanford.edu/vc038br1423", "title": "[朝鮮五万分一地形圖]", "ckey": 9585328, "available": true, "iiifUrl": "https://purl.stanford.edu/vc038br1423/iiif/manifest" }, "geometry": { "type": "Polygon", "coordinates": [ [ [ 126.5, 37.6666665 ], [ 126.75, 37.6666665 ], [ 126.75, 37.8333333 ], [ 126.5, 37.8333333 ], [ 126.5, 37.6666665 ] ] ] } },
{ "type": "Feature", "properties": { "Id": 0, "Sheet_ID": "京城 2. 高陽", "label": "京城 2. 高陽", "call_short": "G7900 S50 .J3", "call_num": "G7900 S50 .J3 SHEET E9-2", "recid": "nb651xp9105", "websiteUrl": "https://purl.stanford.edu/nb651xp9105", "title": "[朝鮮五万分一地形圖]", "ckey": 9585328, "available": true, "iiifUrl": "https://purl.stanford.edu/nb651xp9105/iiif/manifest" }, "geometry": { "type": "Polygon", "coordinates": [ [ [ 126.75, 37.6666665 ], [ 127.0, 37.6666665 ], [ 127.0, 37.8333333 ], [ 126.75, 37.8333333 ], [ 126.75, 37.6666665 ] ] ] } },
{ "type": "Feature", "properties": { "Id": 0, "Sheet_ID": "京城 13. 延安", "label": "京城 13. 延安", "call_short": "G7900 S50 .J3", "call_num": "G7900 S50 .J3 SHEET E9-13", "recid": "tb339dt8439", "websiteUrl": "https://purl.stanford.edu/tb339dt8439", "title": "[朝鮮五万分一地形圖]", "ckey": 9585328, "available": true, "iiifUrl": "https://purl.stanford.edu/tb339dt8439/iiif/manifest" }, "geometry": { "type": "Polygon", "coordinates": [ [ [ 126.0, 37.8333333 ], [ 126.25, 37.8333333 ], [ 126.25, 38.0 ], [ 126.0, 38.0 ], [ 126.0, 37.8333333 ] ] ] } },
{ "type": "Feature", "properties": { "Id": 0, "Sheet_ID": "京城 9. 白川", "label": "京城 9. 白川", "call_short": "G7900 S50 .J3", "call_num": "G7900 S50 .J3 SHEET E9-9", "recid": "cm466vm2527", "websiteUrl": "https://purl.stanford.edu/cm466vm2527", "title": "[朝鮮五万分一地形圖]", "ckey": 9585328, "available": true, "iiifUrl": "https://purl.stanford.edu/cm466vm2527/iiif/manifest" }, "geometry": { "type": "Polygon", "coordinates": [ [ [ 126.25, 37.8333333 ], [ 126.5, 37.8333333 ], [ 126.5, 38.0 ], [ 126.25, 38.0 ], [ 126.25, 37.8333333 ] ] ] } },
{ "type": "Feature", "properties": { "Id": 0, "Sheet_ID": "京城 5. 開城", "label": "京城 5. 開城", "call_short": "G7900 S50 .J3", "call_num": "G7900 S50 .J3 SHEET E9-5", "recid": "xs645tt3874", "websiteUrl": "https://purl.stanford.edu/xs645tt3874", "title": "[朝鮮五万分一地形圖]", "ckey": 9585328, "available": true, "iiifUrl": "https://purl.stanford.edu/xs645tt3874/iiif/manifest" }, "geometry": { "type": "Polygon", "coordinates": [ [ [ 126.5, 37.8333333 ], [ 126.75, 37.8333333 ], [ 126.75, 38.0 ], [ 126.5, 38.0 ], [ 126.5, 37.8333333 ] ] ] } },
{ "type": "Feature", "properties": { "Id": 0, "Sheet_ID": "京城 1. 汶山", "label": "京城 1. 汶山", "call_short": "G7900 S50 .J3", "call_num": "G7900 S50 .J3 SHEET E9-1", "recid": "qy947cn1469", "websiteUrl": "https://purl.stanford.edu/qy947cn1469", "title": "[朝鮮五万分一地形圖]", "ckey": 9585328, "available": true, "iiifUrl": "https://purl.stanford.edu/qy947cn1469/iiif/manifest" }, "geometry": { "type": "Polygon", "coordinates": [ [ [ 126.75, 37.8333333 ], [ 127.0, 37.8333333 ], [ 127.0, 38.0 ], [ 126.75, 38.0 ], [ 126.75, 37.8333333 ] ] ] } },
{ "type": "Feature", "properties": { "Id": 0, "Sheet_ID": "京城 1R. 汶山", "label": "京城 1R. 汶山", "call_short": "G7900 S50 .J3", "call_num": "G7900 S50 .J3 SHEET E9-1R", "recid": "bf293rt5822", "websiteUrl": "https://purl.stanford.edu/bf293rt5822", "title": "[朝鮮五万分一地形圖]", "ckey": 9585328, "available": true, "iiifUrl": "https://purl.stanford.edu/bf293rt5822/iiif/manifest" }, "geometry": { "type": "Polygon", "coordinates": [ [ [ 126.75, 37.8333333 ], [ 127.0, 37.8333333 ], [ 127.0, 38.0 ], [ 126.75, 38.0 ], [ 126.75, 37.8333333 ] ] ] } },
{ "type": "Feature", "properties": { "Id": 0, "Sheet_ID": "京城 2R. 高陽", "label": "京城 2R. 高陽", "call_short": "G7900 S50 .J3", "call_num": "G7900 S50 .J3 SHEET E9-2R", "recid": "rr352dc7740", "websiteUrl": "https://purl.stanford.edu/rr352dc7740", "title": "[朝鮮五万分一地形圖]", "ckey": 9585328, "available": true, "iiifUrl": "https://purl.stanford.edu/rr352dc7740/iiif/manifest" }, "geometry": { "type": "Polygon", "coordinates": [ [ [ 126.75, 37.6666665 ], [ 127.0, 37.6666665 ], [ 127.0, 37.8333333 ], [ 126.75, 37.8333333 ], [ 126.75, 37.6666665 ] ] ] } },
{ "type": "Feature", "properties": { "Id": 0, "Sheet_ID": "京城 4R. 軍浦場", "label": "京城 4R. 軍浦場", "call_short": "G7900 S50 .J3", "call_num": "G7900 S50 .J3 SHEET E9-4R", "recid": "ty960rp2288", "websiteUrl": "https://purl.stanford.edu/ty960rp2288", "title": "[朝鮮五万分一地形圖]", "ckey": 9585328, "available": true, "iiifUrl": "https://purl.stanford.edu/ty960rp2288/iiif/manifest" }, "geometry": { "type": "Polygon", "coordinates": [ [ [ 126.75, 37.333333 ], [ 127.0, 37.333333 ], [ 127.0, 37.4999998 ], [ 126.75, 37.4999998 ], [ 126.75, 37.333333 ] ] ] } },
{ "type": "Feature", "properties": { "Id": 0, "Sheet_ID": "京城 9 ED2. 白川", "label": "京城 9 ED2. 白川", "call_short": "G7900 S50 .J3", "call_num": "G7900 S50 .J3 SHEET E9-9 ED.2", "recid": "hk230wy4236", "websiteUrl": "https://purl.stanford.edu/hk230wy4236", "title": "[朝鮮五万分一地形圖]", "ckey": 9585328, "available": true, "iiifUrl": "https://purl.stanford.edu/hk230wy4236/iiif/manifest" }, "geometry": { "type": "Polygon", "coordinates": [ [ [ 126.25, 37.8333333 ], [ 126.5, 37.8333333 ], [ 126.5, 38.0 ], [ 126.25, 38.0 ], [ 126.25, 37.8333333 ] ] ] } },
{ "type": "Feature", "properties": { "Id": 0, "Sheet_ID": "南陽 16. 安興", "label": "南陽 16. 安興", "call_short": "0", "call_num": "0", "recid": "0", "websiteUrl": "0", "title": "0", "ckey": 0, "available": false, "iiifUrl": "0" }, "geometry": { "type": "Polygon", "coordinates": [ [ [ 126.0, 36.666667 ], [ 126.25, 36.666667 ], [ 126.25, 36.8333335 ], [ 126.0, 36.8333335 ], [ 126.0, 36.666667 ] ] ] } },
{ "type": "Feature", "properties": { "Id": 0, "Sheet_ID": "南陽 12. 瑞山", "label": "南陽 12. 瑞山", "call_short": "G7900 S50 .J3", "call_num": "G7900 S50 .J3 SHEET E10-12", "recid": "hw937gx8751", "websiteUrl": "https://purl.stanford.edu/hw937gx8751", "title": "[朝鮮五万分一地形圖]", "ckey": 9585328, "available": true, "iiifUrl": "https://purl.stanford.edu/hw937gx8751/iiif/manifest" }, "geometry": { "type": "Polygon", "coordinates": [ [ [ 126.25, 36.666667 ], [ 126.5, 36.666667 ], [ 126.5, 36.8333335 ], [ 126.25, 36.8333335 ], [ 126.25, 36.666667 ] ] ] } },
{ "type": "Feature", "properties": { "Id": 0, "Sheet_ID": "南陽 8. 海美", "label": "南陽 8. 海美", "call_short": "G7900 S50 .J3", "call_num": "G7900 S50 .J3 SHEET E10-8", "recid": "rj332jr0754", "websiteUrl": "https://purl.stanford.edu/rj332jr0754", "title": "[朝鮮五万分一地形圖]", "ckey": 9585328, "available": true, "iiifUrl": "https://purl.stanford.edu/rj332jr0754/iiif/manifest" }, "geometry": { "type": "Polygon", "coordinates": [ [ [ 126.5, 36.666667 ], [ 126.75, 36.666667 ], [ 126.75, 36.8333335 ], [ 126.5, 36.8333335 ], [ 126.5, 36.666667 ] ] ] } },
{ "type": "Feature", "properties": { "Id": 0, "Sheet_ID": "南陽 4. 禮山", "label": "南陽 4. 禮山", "call_short": "G7900 S50 .J3", "call_num": "G7900 S50 .J3 SHEET E10-4", "recid": "rw656qb0861", "websiteUrl": "https://purl.stanford.edu/rw656qb0861", "title": "[朝鮮五万分一地形圖]", "ckey": 9585328, "available": true, "iiifUrl": "https://purl.stanford.edu/rw656qb0861/iiif/manifest" }, "geometry": { "type": "Polygon", "coordinates": [ [ [ 126.75, 36.666667 ], [ 127.0, 36.666667 ], [ 127.0, 36.8333335 ], [ 126.75, 36.8333335 ], [ 126.75, 36.666667 ] ] ] } },
{ "type": "Feature", "properties": { "Id": 0, "Sheet_ID": "南陽 15. 防築里", "label": "南陽 15. 防築里", "call_short": "G7900 S50 .J3", "call_num": "G7900 S50 .J3 SHEET E10-15", "recid": "qg010xw7023", "websiteUrl": "https://purl.stanford.edu/qg010xw7023", "title": "[朝鮮五万分一地形圖]", "ckey": 9585328, "available": true, "iiifUrl": "https://purl.stanford.edu/qg010xw7023/iiif/manifest" }, "geometry": { "type": "Polygon", "coordinates": [ [ [ 126.0, 36.8333335 ], [ 126.25, 36.8333335 ], [ 126.25, 37.0 ], [ 126.0, 37.0 ], [ 126.0, 36.8333335 ] ] ] } },
{ "type": "Feature", "properties": { "Id": 0, "Sheet_ID": "南陽 11. 山前里", "label": "南陽 11. 山前里", "call_short": "G7900 S50 .J3", "call_num": "G7900 S50 .J3 SHEET E10-11", "recid": "xt202bs9424", "websiteUrl": "https://purl.stanford.edu/xt202bs9424", "title": "[朝鮮五万分一地形圖]", "ckey": 9585328, "available": true, "iiifUrl": "https://purl.stanford.edu/xt202bs9424/iiif/manifest" }, "geometry": { "type": "Polygon", "coordinates": [ [ [ 126.25, 36.8333335 ], [ 126.5, 36.8333335 ], [ 126.5, 37.0 ], [ 126.25, 37.0 ], [ 126.25, 36.8333335 ] ] ] } },
{ "type": "Feature", "properties": { "Id": 0, "Sheet_ID": "南陽 7. 唐津", "label": "南陽 7. 唐津", "call_short": "G7900 S50 .J3", "call_num": "G7900 S50 .J3 SHEET E10-7", "recid": "rf053gf6784", "websiteUrl": "https://purl.stanford.edu/rf053gf6784", "title": "[朝鮮五万分一地形圖]", "ckey": 9585328, "available": true, "iiifUrl": "https://purl.stanford.edu/rf053gf6784/iiif/manifest" }, "geometry": { "type": "Polygon", "coordinates": [ [ [ 126.5, 36.8333335 ], [ 126.75, 36.8333335 ], [ 126.75, 37.0 ], [ 126.5, 37.0 ], [ 126.5, 36.8333335 ] ] ] } },
{ "type": "Feature", "properties": { "Id": 0, "Sheet_ID": "南陽 3. 牙山", "label": "南陽 3. 牙山", "call_short": "G7900 S50 .J3", "call_num": "G7900 S50 .J3 SHEET E10-3", "recid": "yr305pc8485", "websiteUrl": "https://purl.stanford.edu/yr305pc8485", "title": "[朝鮮五万分一地形圖]", "ckey": 9585328, "available": true, "iiifUrl": "https://purl.stanford.edu/yr305pc8485/iiif/manifest" }, "geometry": { "type": "Polygon", "coordinates": [ [ [ 126.75, 36.8333335 ], [ 127.0, 36.8333335 ], [ 127.0, 37.0 ], [ 126.75, 37.0 ], [ 126.75, 36.8333335 ] ] ] } },
{ "type": "Feature", "properties": { "Id": 0, "Sheet_ID": "白牙島 2. 白牙嶋", "label": "白牙島 2. 白牙嶋", "call_short": "G7900 S50 .J3", "call_num": "G7900 S50 .J3 SHEET F10-2", "recid": "dy719hj7296", "websiteUrl": "https://purl.stanford.edu/dy719hj7296", "title": "[朝鮮五万分一地形圖]", "ckey": 9585328, "available": true, "iiifUrl": "https://purl.stanford.edu/dy719hj7296/iiif/manifest" }, "geometry": { "type": "Polygon", "coordinates": [ [ [ 125.75, 37.0 ], [ 126.0, 37.0 ], [ 126.0, 37.1666665 ], [ 125.75, 37.1666665 ], [ 125.75, 37.0 ] ] ] } },
{ "type": "Feature", "properties": { "Id": 0, "Sheet_ID": "南陽 14. 仙甲嶋", "label": "南陽 14. 仙甲嶋", "call_short": "G7900 S50 .J3", "call_num": "G7900 S50 .J3 SHEET E10-14", "recid": "sc207dv7042", "websiteUrl": "https://purl.stanford.edu/sc207dv7042", "title": "[朝鮮五万分一地形圖]", "ckey": 9585328, "available": true, "iiifUrl": "https://purl.stanford.edu/sc207dv7042/iiif/manifest" }, "geometry": { "type": "Polygon", "coordinates": [ [ [ 126.0, 37.0 ], [ 126.25, 37.0 ], [ 126.25, 37.1666665 ], [ 126.0, 37.1666665 ], [ 126.0, 37.0 ] ] ] } },
{ "type": "Feature", "properties": { "Id": 0, "Sheet_ID": "南陽 10. 豐嶋", "label": "南陽 10. 豐嶋", "call_short": "G7900 S50 .J3", "call_num": "G7900 S50 .J3 SHEET E10-10", "recid": "mw267tn2301", "websiteUrl": "https://purl.stanford.edu/mw267tn2301", "title": "[朝鮮五万分一地形圖]", "ckey": 9585328, "available": true, "iiifUrl": "https://purl.stanford.edu/mw267tn2301/iiif/manifest" }, "geometry": { "type": "Polygon", "coordinates": [ [ [ 126.25, 37.0 ], [ 126.5, 37.0 ], [ 126.5, 37.1666665 ], [ 126.25, 37.1666665 ], [ 126.25, 37.0 ] ] ] } },
{ "type": "Feature", "properties": { "Id": 0, "Sheet_ID": "南陽 6. 長古項里", "label": "南陽 6. 長古項里", "call_short": "G7900 S50 .J3", "call_num": "G7900 S50 .J3 SHEET E10-6", "recid": "yw719xt9324", "websiteUrl": "https://purl.stanford.edu/yw719xt9324", "title": "[朝鮮五万分一地形圖]", "ckey": 9585328, "available": true, "iiifUrl": "https://purl.stanford.edu/yw719xt9324/iiif/manifest" }, "geometry": { "type": "Polygon", "coordinates": [ [ [ 126.5, 37.0 ], [ 126.75, 37.0 ], [ 126.75, 37.1666665 ], [ 126.5, 37.1666665 ], [ 126.5, 37.0 ] ] ] } },
{ "type": "Feature", "properties": { "Id": 0, "Sheet_ID": "南陽 2. 發安塲", "label": "南陽 2. 發安塲", "call_short": "G7900 S50 .J3", "call_num": "G7900 S50 .J3 SHEET E10-2", "recid": "ns198wm3673", "websiteUrl": "https://purl.stanford.edu/ns198wm3673", "title": "[朝鮮五万分一地形圖]", "ckey": 9585328, "available": true, "iiifUrl": "https://purl.stanford.edu/ns198wm3673/iiif/manifest" }, "geometry": { "type": "Polygon", "coordinates": [ [ [ 126.75, 37.0 ], [ 127.0, 37.0 ], [ 127.0, 37.1666665 ], [ 126.75, 37.1666665 ], [ 126.75, 37.0 ] ] ] } },
{ "type": "Feature", "properties": { "Id": 0, "Sheet_ID": "白牙島 1. 屈業島", "label": "白牙島 1. 屈業島", "call_short": "G7900 S50 .J3", "call_num": "G7900 S50 .J3 SHEET F10-1", "recid": "wp741vd4417", "websiteUrl": "https://purl.stanford.edu/wp741vd4417", "title": "[朝鮮五万分一地形圖]", "ckey": 9585328, "available": true, "iiifUrl": "https://purl.stanford.edu/wp741vd4417/iiif/manifest" }, "geometry": { "type": "Polygon", "coordinates": [ [ [ 125.75, 37.1666665 ], [ 126.0, 37.1666665 ], [ 126.0, 37.333333 ], [ 125.75, 37.333333 ], [ 125.75, 37.1666665 ] ] ] } },
{ "type": "Feature", "properties": { "Id": 0, "Sheet_ID": "南陽 13. 徳積嶋", "label": "南陽 13. 徳積嶋", "call_short": "G7900 S50 .J3", "call_num": "G7900 S50 .J3 SHEET E10-13", "recid": "cs301jv6341", "websiteUrl": "https://purl.stanford.edu/cs301jv6341", "title": "[朝鮮五万分一地形圖]", "ckey": 9585328, "available": true, "iiifUrl": "https://purl.stanford.edu/cs301jv6341/iiif/manifest" }, "geometry": { "type": "Polygon", "coordinates": [ [ [ 126.0, 37.1666665 ], [ 126.25, 37.1666665 ], [ 126.25, 37.333333 ], [ 126.0, 37.333333 ], [ 126.0, 37.1666665 ] ] ] } },
{ "type": "Feature", "properties": { "Id": 0, "Sheet_ID": "南陽 9R. 靈興島 / 仁川近傍 4", "label": "南陽 9R. 靈興島 / 仁川近傍 4", "call_short": "G7900 S50 .J3", "call_num": "G7900 S50 .J3 SHEET E10-9R", "recid": "ck819yf1816", "websiteUrl": "https://purl.stanford.edu/ck819yf1816", "title": "[朝鮮五万分一地形圖]", "ckey": 9585328, "available": true, "iiifUrl": "https://purl.stanford.edu/ck819yf1816/iiif/manifest" }, "geometry": { "type": "Polygon", "coordinates": [ [ [ 126.25, 37.1666665 ], [ 126.5, 37.1666665 ], [ 126.5, 37.333333 ], [ 126.25, 37.333333 ], [ 126.25, 37.1666665 ] ] ] } },
{ "type": "Feature", "properties": { "Id": 0, "Sheet_ID": "南陽 5R. 大阜嶋 / 仁川近傍 2", "label": "南陽 5R. 大阜嶋 / 仁川近傍 2", "call_short": "G7900 S50 .J3", "call_num": "G7900 S50 .J3 SHEET E10-5R", "recid": "wf858jm6761", "websiteUrl": "https://purl.stanford.edu/wf858jm6761", "title": "[朝鮮五万分一地形圖]", "ckey": 9585328, "available": true, "iiifUrl": "https://purl.stanford.edu/wf858jm6761/iiif/manifest" }, "geometry": { "type": "Polygon", "coordinates": [ [ [ 126.5, 37.1666665 ], [ 126.75, 37.1666665 ], [ 126.75, 37.333333 ], [ 126.5, 37.333333 ], [ 126.5, 37.1666665 ] ] ] } },
{ "type": "Feature", "properties": { "Id": 0, "Sheet_ID": "南陽 1. 南陽", "label": "南陽 1. 南陽", "call_short": "G7900 S50 .J3", "call_num": "G7900 S50 .J3 SHEET E10-1", "recid": "kr752mv7721", "websiteUrl": "https://purl.stanford.edu/kr752mv7721", "title": "[朝鮮五万分一地形圖]", "ckey": 9585328, "available": true, "iiifUrl": "https://purl.stanford.edu/kr752mv7721/iiif/manifest" }, "geometry": { "type": "Polygon", "coordinates": [ [ [ 126.75, 37.1666665 ], [ 127.0, 37.1666665 ], [ 127.0, 37.333333 ], [ 126.75, 37.333333 ], [ 126.75, 37.1666665 ] ] ] } },
{ "type": "Feature", "properties": { "Id": 0, "Sheet_ID": "白牙島 2 ED2. 白牙嶋", "label": "白牙島 2 ED2. 白牙嶋", "call_short": "G7900 S50 .J3", "call_num": "G7900 S50 .J3 SHEET F10-2 ED.2", "recid": "hy874cy8053", "websiteUrl": "https://purl.stanford.edu/hy874cy8053", "title": "[朝鮮五万分一地形圖]", "ckey": 9585328, "available": true, "iiifUrl": "https://purl.stanford.edu/hy874cy8053/iiif/manifest" }, "geometry": { "type": "Polygon", "coordinates": [ [ [ 125.75, 37.0 ], [ 126.0, 37.0 ], [ 126.0, 37.1666665 ], [ 125.75, 37.1666665 ], [ 125.75, 37.0 ] ] ] } },
{ "type": "Feature", "properties": { "Id": 0, "Sheet_ID": "南陽 7 ED2. 唐津", "label": "南陽 7 ED2. 唐津", "call_short": "G7900 S50 .J3", "call_num": "G7900 S50 .J3 SHEET E10-7 ED.2", "recid": "wj456zy6425", "websiteUrl": "https://purl.stanford.edu/wj456zy6425", "title": "[朝鮮五万分一地形圖]", "ckey": 9585328, "available": true, "iiifUrl": "https://purl.stanford.edu/wj456zy6425/iiif/manifest" }, "geometry": { "type": "Polygon", "coordinates": [ [ [ 126.5, 36.8333335 ], [ 126.75, 36.8333335 ], [ 126.75, 37.0 ], [ 126.5, 37.0 ], [ 126.5, 36.8333335 ] ] ] } },
{ "type": "Feature", "properties": { "Id": 0, "Sheet_ID": "南陽 10 ED2. 豐嶋", "label": "南陽 10 ED2. 豐嶋", "call_short": "G7900 S50 .J3", "call_num": "G7900 S50 .J3 SHEET E10-10 ED.2", "recid": "vd572kr1643", "websiteUrl": "https://purl.stanford.edu/vd572kr1643", "title": "[朝鮮五万分一地形圖]", "ckey": 9585328, "available": true, "iiifUrl": "https://purl.stanford.edu/vd572kr1643/iiif/manifest" }, "geometry": { "type": "Polygon", "coordinates": [ [ [ 126.25, 37.0 ], [ 126.5, 37.0 ], [ 126.5, 37.1666665 ], [ 126.25, 37.1666665 ], [ 126.25, 37.0 ] ] ] } },
{ "type": "Feature", "properties": { "Id": 0, "Sheet_ID": "於青島 4. 於青島", "label": "於青島 4. 於青島", "call_short": "G7900 S50 .J3", "call_num": "G7900 S50 .J3 SHEET F11-4", "recid": "zc757rd0163", "websiteUrl": "https://purl.stanford.edu/zc757rd0163", "title": "[朝鮮五万分一地形圖]", "ckey": 9585328, "available": true, "iiifUrl": "https://purl.stanford.edu/zc757rd0163/iiif/manifest" }, "geometry": { "type": "Polygon", "coordinates": [ [ [ 125.75, 36.0 ], [ 126.0, 36.0 ], [ 126.0, 36.1666667 ], [ 125.75, 36.1666667 ], [ 125.75, 36.0 ] ] ] } },
{ "type": "Feature", "properties": { "Id": 0, "Sheet_ID": "洪城 12. 煙島", "label": "洪城 12. 煙島", "call_short": "G7900 S50 .J3", "call_num": "G7900 S50 .J3 SHEET E11-12", "recid": "py546cc2746", "websiteUrl": "https://purl.stanford.edu/py546cc2746", "title": "[朝鮮五万分一地形圖]", "ckey": 9585328, "available": true, "iiifUrl": "https://purl.stanford.edu/py546cc2746/iiif/manifest" }, "geometry": { "type": "Polygon", "coordinates": [ [ [ 126.25, 36.0 ], [ 126.5, 36.0 ], [ 126.5, 36.1666667 ], [ 126.25, 36.1666667 ], [ 126.25, 36.0 ] ] ] } },
{ "type": "Feature", "properties": { "Id": 0, "Sheet_ID": "洪城 8. 舒川", "label": "洪城 8. 舒川", "call_short": "G7900 S50 .J3", "call_num": "G7900 S50 .J3 SHEET E11-8", "recid": "pb332qq7429", "websiteUrl": "https://purl.stanford.edu/pb332qq7429", "title": "[朝鮮五万分一地形圖]", "ckey": 9585328, "available": true, "iiifUrl": "https://purl.stanford.edu/pb332qq7429/iiif/manifest" }, "geometry": { "type": "Polygon", "coordinates": [ [ [ 126.5, 36.0 ], [ 126.75, 36.0 ], [ 126.75, 36.1666667 ], [ 126.5, 36.1666667 ], [ 126.5, 36.0 ] ] ] } },
{ "type": "Feature", "properties": { "Id": 0, "Sheet_ID": "洪城 4. 咸悦", "label": "洪城 4. 咸悦", "call_short": "G7900 S50 .J3", "call_num": "G7900 S50 .J3 SHEET E11-4", "recid": "yw331ck4715", "websiteUrl": "https://purl.stanford.edu/yw331ck4715", "title": "[朝鮮五万分一地形圖]", "ckey": 9585328, "available": true, "iiifUrl": "https://purl.stanford.edu/yw331ck4715/iiif/manifest" }, "geometry": { "type": "Polygon", "coordinates": [ [ [ 126.75, 36.0 ], [ 127.0, 36.0 ], [ 127.0, 36.1666667 ], [ 126.75, 36.1666667 ], [ 126.75, 36.0 ] ] ] } },
{ "type": "Feature", "properties": { "Id": 0, "Sheet_ID": "於青島 3. 黄島", "label": "於青島 3. 黄島", "call_short": "G7900 S50 .J3", "call_num": "G7900 S50 .J3 SHEET F11-3", "recid": "my959wb0730", "websiteUrl": "https://purl.stanford.edu/my959wb0730", "title": "[朝鮮五万分一地形圖]", "ckey": 9585328, "available": true, "iiifUrl": "https://purl.stanford.edu/my959wb0730/iiif/manifest" }, "geometry": { "type": "Polygon", "coordinates": [ [ [ 125.75, 36.1666667 ], [ 126.0, 36.1666667 ], [ 126.0, 36.3333335 ], [ 125.75, 36.3333335 ], [ 125.75, 36.1666667 ] ] ] } },
{ "type": "Feature", "properties": { "Id": 0, "Sheet_ID": "洪城 15. 外烟島", "label": "洪城 15. 外烟島", "call_short": "G7900 S50 .J3", "call_num": "G7900 S50 .J3 SHEET E11-15", "recid": "sw423rf3821", "websiteUrl": "https://purl.stanford.edu/sw423rf3821", "title": "[朝鮮五万分一地形圖]", "ckey": 9585328, "available": true, "iiifUrl": "https://purl.stanford.edu/sw423rf3821/iiif/manifest" }, "geometry": { "type": "Polygon", "coordinates": [ [ [ 126.0, 36.1666667 ], [ 126.25, 36.1666667 ], [ 126.25, 36.3333335 ], [ 126.0, 36.3333335 ], [ 126.0, 36.1666667 ] ] ] } },
{ "type": "Feature", "properties": { "Id": 0, "Sheet_ID": "洪城 11. 狐島", "label": "洪城 11. 狐島", "call_short": "G7900 S50 .J3", "call_num": "G7900 S50 .J3 SHEET E11-11", "recid": "ck890qm0036", "websiteUrl": "https://purl.stanford.edu/ck890qm0036", "title": "[朝鮮五万分一地形圖]", "ckey": 9585328, "available": true, "iiifUrl": "https://purl.stanford.edu/ck890qm0036/iiif/manifest" }, "geometry": { "type": "Polygon", "coordinates": [ [ [ 126.25, 36.1666667 ], [ 126.5, 36.1666667 ], [ 126.5, 36.3333335 ], [ 126.25, 36.3333335 ], [ 126.25, 36.1666667 ] ] ] } },
{ "type": "Feature", "properties": { "Id": 0, "Sheet_ID": "洪城 7. 藍浦", "label": "洪城 7. 藍浦", "call_short": "G7900 S50 .J3", "call_num": "G7900 S50 .J3 SHEET E11-7", "recid": "yj078mn2763", "websiteUrl": "https://purl.stanford.edu/yj078mn2763", "title": "[朝鮮五万分一地形圖]", "ckey": 9585328, "available": true, "iiifUrl": "https://purl.stanford.edu/yj078mn2763/iiif/manifest" }, "geometry": { "type": "Polygon", "coordinates": [ [ [ 126.5, 36.1666667 ], [ 126.75, 36.1666667 ], [ 126.75, 36.3333335 ], [ 126.5, 36.3333335 ], [ 126.5, 36.1666667 ] ] ] } },
{ "type": "Feature", "properties": { "Id": 0, "Sheet_ID": "洪城 3. 扶餘", "label": "洪城 3. 扶餘", "call_short": "G7900 S50 .J3", "call_num": "G7900 S50 .J3 SHEET E11-3", "recid": "cj577kg1824", "websiteUrl": "https://purl.stanford.edu/cj577kg1824", "title": "[朝鮮五万分一地形圖]", "ckey": 9585328, "available": true, "iiifUrl": "https://purl.stanford.edu/cj577kg1824/iiif/manifest" }, "geometry": { "type": "Polygon", "coordinates": [ [ [ 126.75, 36.1666667 ], [ 127.0, 36.1666667 ], [ 127.0, 36.3333335 ], [ 126.75, 36.3333335 ], [ 126.75, 36.1666667 ] ] ] } },
{ "type": "Feature", "properties": { "Id": 0, "Sheet_ID": "洪城 14. 内波水島", "label": "洪城 14. 内波水島", "call_short": "0", "call_num": "0", "recid": "0", "websiteUrl": "0", "title": "0", "ckey": 0, "available": false, "iiifUrl": "0" }, "geometry": { "type": "Polygon", "coordinates": [ [ [ 126.0, 36.3333335 ], [ 126.25, 36.3333335 ], [ 126.25, 36.5000002 ], [ 126.0, 36.5000002 ], [ 126.0, 36.3333335 ] ] ] } },
{ "type": "Feature", "properties": { "Id": 0, "Sheet_ID": "洪城 10. 安眠島南部", "label": "洪城 10. 安眠島南部", "call_short": "G7900 S50 .J3", "call_num": "G7900 S50 .J3 SHEET E11-10", "recid": "yw750xr5446", "websiteUrl": "https://purl.stanford.edu/yw750xr5446", "title": "[朝鮮五万分一地形圖]", "ckey": 9585328, "available": true, "iiifUrl": "https://purl.stanford.edu/yw750xr5446/iiif/manifest" }, "geometry": { "type": "Polygon", "coordinates": [ [ [ 126.25, 36.3333335 ], [ 126.5, 36.3333335 ], [ 126.5, 36.5000002 ], [ 126.25, 36.5000002 ], [ 126.25, 36.3333335 ] ] ] } },
{ "type": "Feature", "properties": { "Id": 0, "Sheet_ID": "洪城 6. 大川里", "label": "洪城 6. 大川里", "call_short": "G7900 S50 .J3", "call_num": "G7900 S50 .J3 SHEET E11-6", "recid": "nn883fn8254", "websiteUrl": "https://purl.stanford.edu/nn883fn8254", "title": "[朝鮮五万分一地形圖]", "ckey": 9585328, "available": true, "iiifUrl": "https://purl.stanford.edu/nn883fn8254/iiif/manifest" }, "geometry": { "type": "Polygon", "coordinates": [ [ [ 126.5, 36.3333335 ], [ 126.75, 36.3333335 ], [ 126.75, 36.5000002 ], [ 126.5, 36.5000002 ], [ 126.5, 36.3333335 ] ] ] } },
{ "type": "Feature", "properties": { "Id": 0, "Sheet_ID": "洪城 2. 青陽", "label": "洪城 2. 青陽", "call_short": "G7900 S50 .J3", "call_num": "G7900 S50 .J3 SHEET E11-2", "recid": "nd744mx5158", "websiteUrl": "https://purl.stanford.edu/nd744mx5158", "title": "[朝鮮五万分一地形圖]", "ckey": 9585328, "available": true, "iiifUrl": "https://purl.stanford.edu/nd744mx5158/iiif/manifest" }, "geometry": { "type": "Polygon", "coordinates": [ [ [ 126.75, 36.3333335 ], [ 127.0, 36.3333335 ], [ 127.0, 36.5000002 ], [ 126.75, 36.5000002 ], [ 126.75, 36.3333335 ] ] ] } },
{ "type": "Feature", "properties": { "Id": 0, "Sheet_ID": "洪城 13. 居兒島", "label": "洪城 13. 居兒島", "call_short": "G7900 S50 .J3", "call_num": "G7900 S50 .J3 SHEET E11-13", "recid": "fv280nn7608", "websiteUrl": "https://purl.stanford.edu/fv280nn7608", "title": "[朝鮮五万分一地形圖]", "ckey": 9585328, "available": true, "iiifUrl": "https://purl.stanford.edu/fv280nn7608/iiif/manifest" }, "geometry": { "type": "Polygon", "coordinates": [ [ [ 126.0, 36.5000002 ], [ 126.25, 36.5000002 ], [ 126.25, 36.666667 ], [ 126.0, 36.666667 ], [ 126.0, 36.5000002 ] ] ] } },
{ "type": "Feature", "properties": { "Id": 0, "Sheet_ID": "洪城 9. 安眠島北部", "label": "洪城 9. 安眠島北部", "call_short": "G7900 S50 .J3", "call_num": "G7900 S50 .J3 SHEET E11-9", "recid": "nb544dv8496", "websiteUrl": "https://purl.stanford.edu/nb544dv8496", "title": "[朝鮮五万分一地形圖]", "ckey": 9585328, "available": true, "iiifUrl": "https://purl.stanford.edu/nb544dv8496/iiif/manifest" }, "geometry": { "type": "Polygon", "coordinates": [ [ [ 126.25, 36.5000002 ], [ 126.5, 36.5000002 ], [ 126.5, 36.666667 ], [ 126.25, 36.666667 ], [ 126.25, 36.5000002 ] ] ] } },
{ "type": "Feature", "properties": { "Id": 0, "Sheet_ID": "洪城 5. 洪城", "label": "洪城 5. 洪城", "call_short": "G7900 S50 .J3", "call_num": "G7900 S50 .J3 SHEET E11-5", "recid": "gw158pp1294", "websiteUrl": "https://purl.stanford.edu/gw158pp1294", "title": "[朝鮮五万分一地形圖]", "ckey": 9585328, "available": true, "iiifUrl": "https://purl.stanford.edu/gw158pp1294/iiif/manifest" }, "geometry": { "type": "Polygon", "coordinates": [ [ [ 126.5, 36.5000002 ], [ 126.75, 36.5000002 ], [ 126.75, 36.666667 ], [ 126.5, 36.666667 ], [ 126.5, 36.5000002 ] ] ] } },
{ "type": "Feature", "properties": { "Id": 0, "Sheet_ID": "洪城 1. 大興", "label": "洪城 1. 大興", "call_short": "G7900 S50 .J3", "call_num": "G7900 S50 .J3 SHEET E11-1", "recid": "ds975wz4558", "websiteUrl": "https://purl.stanford.edu/ds975wz4558", "title": "[朝鮮五万分一地形圖]", "ckey": 9585328, "available": true, "iiifUrl": "https://purl.stanford.edu/ds975wz4558/iiif/manifest" }, "geometry": { "type": "Polygon", "coordinates": [ [ [ 126.75, 36.5000002 ], [ 127.0, 36.5000002 ], [ 127.0, 36.666667 ], [ 126.75, 36.666667 ], [ 126.75, 36.5000002 ] ] ] } },
{ "type": "Feature", "properties": { "Id": 0, "Sheet_ID": "洪城 1R. 大興", "label": "洪城 1R. 大興", "call_short": "G7900 S50 .J3", "call_num": "G7900 S50 .J3 SHEET E11-1R", "recid": "zq590xd2331", "websiteUrl": "https://purl.stanford.edu/zq590xd2331", "title": "[朝鮮五万分一地形圖]", "ckey": 9585328, "available": true, "iiifUrl": "https://purl.stanford.edu/zq590xd2331/iiif/manifest" }, "geometry": { "type": "Polygon", "coordinates": [ [ [ 126.75, 36.5000002 ], [ 127.0, 36.5000002 ], [ 127.0, 36.666667 ], [ 126.75, 36.666667 ], [ 126.75, 36.5000002 ] ] ] } },
{ "type": "Feature", "properties": { "Id": 0, "Sheet_ID": "洪城 10R. 安眠島南部", "label": "洪城 10R. 安眠島南部", "call_short": "G7900 S50 .J3", "call_num": "G7900 S50 .J3 SHEET E11-10R", "recid": "xs716pk6476", "websiteUrl": "https://purl.stanford.edu/xs716pk6476", "title": "[朝鮮五万分一地形圖]", "ckey": 9585328, "available": true, "iiifUrl": "https://purl.stanford.edu/xs716pk6476/iiif/manifest" }, "geometry": { "type": "Polygon", "coordinates": [ [ [ 126.25, 36.3333335 ], [ 126.5, 36.3333335 ], [ 126.5, 36.5000002 ], [ 126.25, 36.5000002 ], [ 126.25, 36.3333335 ] ] ] } },
{ "type": "Feature", "properties": { "Id": 0, "Sheet_ID": "群山 16. 鞍馬嶋", "label": "群山 16. 鞍馬嶋", "call_short": "G7900 S50 .J3", "call_num": "G7900 S50 .J3 SHEET E12-16", "recid": "tv269fd5717", "websiteUrl": "https://purl.stanford.edu/tv269fd5717", "title": "[朝鮮五万分一地形圖]", "ckey": 9585328, "available": true, "iiifUrl": "https://purl.stanford.edu/tv269fd5717/iiif/manifest" }, "geometry": { "type": "Polygon", "coordinates": [ [ [ 126.0, 35.333333 ], [ 126.25, 35.333333 ], [ 126.25, 35.4999998 ], [ 126.0, 35.4999998 ], [ 126.0, 35.333333 ] ] ] } },
{ "type": "Feature", "properties": { "Id": 0, "Sheet_ID": "群山 12. 法聖浦", "label": "群山 12. 法聖浦", "call_short": "G7900 S50 .J3", "call_num": "G7900 S50 .J3 SHEET E12-12", "recid": "yg858ky2748", "websiteUrl": "https://purl.stanford.edu/yg858ky2748", "title": "[朝鮮五万分一地形圖]", "ckey": 9585328, "available": true, "iiifUrl": "https://purl.stanford.edu/yg858ky2748/iiif/manifest" }, "geometry": { "type": "Polygon", "coordinates": [ [ [ 126.25, 35.333333 ], [ 126.5, 35.333333 ], [ 126.5, 35.4999998 ], [ 126.25, 35.4999998 ], [ 126.25, 35.333333 ] ] ] } },
{ "type": "Feature", "properties": { "Id": 0, "Sheet_ID": "群山 8. 高敞", "label": "群山 8. 高敞", "call_short": "G7900 S50 .J3", "call_num": "G7900 S50 .J3 SHEET E12-8", "recid": "tj534ph7326", "websiteUrl": "https://purl.stanford.edu/tj534ph7326", "title": "[朝鮮五万分一地形圖]", "ckey": 9585328, "available": true, "iiifUrl": "https://purl.stanford.edu/tj534ph7326/iiif/manifest" }, "geometry": { "type": "Polygon", "coordinates": [ [ [ 126.5, 35.333333 ], [ 126.75, 35.333333 ], [ 126.75, 35.4999998 ], [ 126.5, 35.4999998 ], [ 126.5, 35.333333 ] ] ] } },
{ "type": "Feature", "properties": { "Id": 0, "Sheet_ID": "群山 4. 新興里", "label": "群山 4. 新興里", "call_short": "G7900 S50 .J3", "call_num": "G7900 S50 .J3 SHEET E12-4", "recid": "dk549tj6707", "websiteUrl": "https://purl.stanford.edu/dk549tj6707", "title": "[朝鮮五万分一地形圖]", "ckey": 9585328, "available": true, "iiifUrl": "https://purl.stanford.edu/dk549tj6707/iiif/manifest" }, "geometry": { "type": "Polygon", "coordinates": [ [ [ 126.75, 35.333333 ], [ 127.0, 35.333333 ], [ 127.0, 35.4999998 ], [ 126.75, 35.4999998 ], [ 126.75, 35.333333 ] ] ] } },
{ "type": "Feature", "properties": { "Id": 0, "Sheet_ID": "群山 15. 旺嶝島", "label": "群山 15. 旺嶝島", "call_short": "G7900 S50 .J3", "call_num": "G7900 S50 .J3 SHEET E12-15", "recid": "hz473sr0416", "websiteUrl": "https://purl.stanford.edu/hz473sr0416", "title": "[朝鮮五万分一地形圖]", "ckey": 9585328, "available": true, "iiifUrl": "https://purl.stanford.edu/hz473sr0416/iiif/manifest" }, "geometry": { "type": "Polygon", "coordinates": [ [ [ 126.0, 35.4999998 ], [ 126.25, 35.4999998 ], [ 126.25, 35.6666665 ], [ 126.0, 35.6666665 ], [ 126.0, 35.4999998 ] ] ] } },
{ "type": "Feature", "properties": { "Id": 0, "Sheet_ID": "群山 11. 蝟島", "label": "群山 11. 蝟島", "call_short": "G7900 S50 .J3", "call_num": "G7900 S50 .J3 SHEET E12-11", "recid": "nh460fq5996", "websiteUrl": "https://purl.stanford.edu/nh460fq5996", "title": "[朝鮮五万分一地形圖]", "ckey": 9585328, "available": true, "iiifUrl": "https://purl.stanford.edu/nh460fq5996/iiif/manifest" }, "geometry": { "type": "Polygon", "coordinates": [ [ [ 126.25, 35.4999998 ], [ 126.5, 35.4999998 ], [ 126.5, 35.6666665 ], [ 126.25, 35.6666665 ], [ 126.25, 35.4999998 ] ] ] } },
{ "type": "Feature", "properties": { "Id": 0, "Sheet_ID": "群山 7. 茁浦", "label": "群山 7. 茁浦", "call_short": "G7900 S50 .J3", "call_num": "G7900 S50 .J3 SHEET E12-7", "recid": "ck545df7969", "websiteUrl": "https://purl.stanford.edu/ck545df7969", "title": "[朝鮮五万分一地形圖]", "ckey": 9585328, "available": true, "iiifUrl": "https://purl.stanford.edu/ck545df7969/iiif/manifest" }, "geometry": { "type": "Polygon", "coordinates": [ [ [ 126.5, 35.4999998 ], [ 126.75, 35.4999998 ], [ 126.75, 35.6666665 ], [ 126.5, 35.6666665 ], [ 126.5, 35.4999998 ] ] ] } },
{ "type": "Feature", "properties": { "Id": 0, "Sheet_ID": "群山 3. 井邑", "label": "群山 3. 井邑", "call_short": "G7900 S50 .J3", "call_num": "G7900 S50 .J3 SHEET E12-3", "recid": "qt270gq4404", "websiteUrl": "https://purl.stanford.edu/qt270gq4404", "title": "[朝鮮五万分一地形圖]", "ckey": 9585328, "available": true, "iiifUrl": "https://purl.stanford.edu/qt270gq4404/iiif/manifest" }, "geometry": { "type": "Polygon", "coordinates": [ [ [ 126.75, 35.4999998 ], [ 127.0, 35.4999998 ], [ 127.0, 35.6666665 ], [ 126.75, 35.6666665 ], [ 126.75, 35.4999998 ] ] ] } },
{ "type": "Feature", "properties": { "Id": 0, "Sheet_ID": "群山 10. 壯子島", "label": "群山 10. 壯子島", "call_short": "G7900 S50 .J3", "call_num": "G7900 S50 .J3 SHEET E12-10", "recid": "fx099kw8499", "websiteUrl": "https://purl.stanford.edu/fx099kw8499", "title": "[朝鮮五万分一地形圖]", "ckey": 9585328, "available": true, "iiifUrl": "https://purl.stanford.edu/fx099kw8499/iiif/manifest" }, "geometry": { "type": "Polygon", "coordinates": [ [ [ 126.25, 35.6666665 ], [ 126.5, 35.6666665 ], [ 126.5, 35.8333333 ], [ 126.25, 35.8333333 ], [ 126.25, 35.6666665 ] ] ] } },
{ "type": "Feature", "properties": { "Id": 0, "Sheet_ID": "群山 6. 扶安", "label": "群山 6. 扶安", "call_short": "G7900 S50 .J3", "call_num": "G7900 S50 .J3 SHEET E12-6", "recid": "cw930yg0398", "websiteUrl": "https://purl.stanford.edu/cw930yg0398", "title": "[朝鮮五万分一地形圖]", "ckey": 9585328, "available": true, "iiifUrl": "https://purl.stanford.edu/cw930yg0398/iiif/manifest" }, "geometry": { "type": "Polygon", "coordinates": [ [ [ 126.5, 35.6666665 ], [ 126.75, 35.6666665 ], [ 126.75, 35.8333333 ], [ 126.5, 35.8333333 ], [ 126.5, 35.6666665 ] ] ] } },
{ "type": "Feature", "properties": { "Id": 0, "Sheet_ID": "群山 2. 金堤", "label": "群山 2. 金堤", "call_short": "G7900 S50 .J3", "call_num": "G7900 S50 .J3 SHEET E12-2", "recid": "gf719jz1195", "websiteUrl": "https://purl.stanford.edu/gf719jz1195", "title": "[朝鮮五万分一地形圖]", "ckey": 9585328, "available": true, "iiifUrl": "https://purl.stanford.edu/gf719jz1195/iiif/manifest" }, "geometry": { "type": "Polygon", "coordinates": [ [ [ 126.75, 35.6666665 ], [ 127.0, 35.6666665 ], [ 127.0, 35.8333333 ], [ 126.75, 35.8333333 ], [ 126.75, 35.6666665 ] ] ] } },
{ "type": "Feature", "properties": { "Id": 0, "Sheet_ID": "群山 13. 十二東波島", "label": "群山 13. 十二東波島", "call_short": "G7900 S50 .J3", "call_num": "G7900 S50 .J3 SHEET E12-13", "recid": "nd190mt6988", "websiteUrl": "https://purl.stanford.edu/nd190mt6988", "title": "[朝鮮五万分一地形圖]", "ckey": 9585328, "available": true, "iiifUrl": "https://purl.stanford.edu/nd190mt6988/iiif/manifest" }, "geometry": { "type": "Polygon", "coordinates": [ [ [ 126.0, 35.8333333 ], [ 126.25, 35.8333333 ], [ 126.25, 36.0 ], [ 126.0, 36.0 ], [ 126.0, 35.8333333 ] ] ] } },
{ "type": "Feature", "properties": { "Id": 0, "Sheet_ID": "群山 9. 末島", "label": "群山 9. 末島", "call_short": "G7900 S50 .J3", "call_num": "G7900 S50 .J3 SHEET E12-9", "recid": "zm651cc7387", "websiteUrl": "https://purl.stanford.edu/zm651cc7387", "title": "[朝鮮五万分一地形圖]", "ckey": 9585328, "available": true, "iiifUrl": "https://purl.stanford.edu/zm651cc7387/iiif/manifest" }, "geometry": { "type": "Polygon", "coordinates": [ [ [ 126.25, 35.8333333 ], [ 126.5, 35.8333333 ], [ 126.5, 36.0 ], [ 126.25, 36.0 ], [ 126.25, 35.8333333 ] ] ] } },
{ "type": "Feature", "properties": { "Id": 0, "Sheet_ID": "群山 5. 群山", "label": "群山 5. 群山", "call_short": "G7900 S50 .J3", "call_num": "G7900 S50 .J3 SHEET E12-5", "recid": "by057pz7131", "websiteUrl": "https://purl.stanford.edu/by057pz7131", "title": "[朝鮮五万分一地形圖]", "ckey": 9585328, "available": true, "iiifUrl": "https://purl.stanford.edu/by057pz7131/iiif/manifest" }, "geometry": { "type": "Polygon", "coordinates": [ [ [ 126.5, 35.8333333 ], [ 126.75, 35.8333333 ], [ 126.75, 36.0 ], [ 126.5, 36.0 ], [ 126.5, 35.8333333 ] ] ] } },
{ "type": "Feature", "properties": { "Id": 0, "Sheet_ID": "群山 1. 裡里", "label": "群山 1. 裡里", "call_short": "G7900 S50 .J3", "call_num": "G7900 S50 .J3 SHEET E12-1", "recid": "wc892bs4525", "websiteUrl": "https://purl.stanford.edu/wc892bs4525", "title": "[朝鮮五万分一地形圖]", "ckey": 9585328, "available": true, "iiifUrl": "https://purl.stanford.edu/wc892bs4525/iiif/manifest" }, "geometry": { "type": "Polygon", "coordinates": [ [ [ 126.75, 35.8333333 ], [ 127.0, 35.8333333 ], [ 127.0, 36.0 ], [ 126.75, 36.0 ], [ 126.75, 35.8333333 ] ] ] } },
{ "type": "Feature", "properties": { "Id": 0, "Sheet_ID": "群山 3 ED2. 井邑", "label": "群山 3 ED2. 井邑", "call_short": "G7900 S50 .J3", "call_num": "G7900 S50 .J3 SHEET E12-3 ED.2", "recid": "fn127kj1383", "websiteUrl": "https://purl.stanford.edu/fn127kj1383", "title": "[朝鮮五万分一地形圖]", "ckey": 9585328, "available": true, "iiifUrl": "https://purl.stanford.edu/fn127kj1383/iiif/manifest" }, "geometry": { "type": "Polygon", "coordinates": [ [ [ 126.75, 35.4999998 ], [ 127.0, 35.4999998 ], [ 127.0, 35.6666665 ], [ 126.75, 35.6666665 ], [ 126.75, 35.4999998 ] ] ] } },
{ "type": "Feature", "properties": { "Id": 0, "Sheet_ID": "群山 9 ED2. 末島", "label": "群山 9 ED2. 末島", "call_short": "G7900 S50 .J3", "call_num": "G7900 S50 .J3 SHEET E12-9 ED.2", "recid": "yv899qw5046", "websiteUrl": "https://purl.stanford.edu/yv899qw5046", "title": "[朝鮮五万分一地形圖]", "ckey": 9585328, "available": true, "iiifUrl": "https://purl.stanford.edu/yv899qw5046/iiif/manifest" }, "geometry": { "type": "Polygon", "coordinates": [ [ [ 126.25, 35.8333332 ], [ 126.5, 35.8333332 ], [ 126.5, 36.0 ], [ 126.25, 36.0 ], [ 126.25, 35.8333332 ] ] ] } },
{ "type": "Feature", "properties": { "Id": 0, "Sheet_ID": "木浦 16. 箕佐島 / 八口浦近傍 2", "label": "木浦 16. 箕佐島 / 八口浦近傍 2", "call_short": "G7900 S50 .J3", "call_num": "G7900 S50 .J3 SHEET E13-16", "recid": "wt408fg2175", "websiteUrl": "https://purl.stanford.edu/wt408fg2175", "title": "[朝鮮五万分一地形圖]", "ckey": 9585328, "available": true, "iiifUrl": "https://purl.stanford.edu/wt408fg2175/iiif/manifest" }, "geometry": { "type": "Polygon", "coordinates": [ [ [ 126.0, 34.666667 ], [ 126.25, 34.666667 ], [ 126.25, 34.8333335 ], [ 126.0, 34.8333335 ], [ 126.0, 34.666667 ] ] ] } },
{ "type": "Feature", "properties": { "Id": 0, "Sheet_ID": "木浦 12. 木浦", "label": "木浦 12. 木浦", "call_short": "G7900 S50 .J3", "call_num": "G7900 S50 .J3 SHEET E13-12", "recid": "zw153rc9094", "websiteUrl": "https://purl.stanford.edu/zw153rc9094", "title": "[朝鮮五万分一地形圖]", "ckey": 9585328, "available": true, "iiifUrl": "https://purl.stanford.edu/zw153rc9094/iiif/manifest" }, "geometry": { "type": "Polygon", "coordinates": [ [ [ 126.25, 34.666667 ], [ 126.5, 34.666667 ], [ 126.5, 34.8333335 ], [ 126.25, 34.8333335 ], [ 126.25, 34.666667 ] ] ] } },
{ "type": "Feature", "properties": { "Id": 0, "Sheet_ID": "木浦 8. 靈巖", "label": "木浦 8. 靈巖", "call_short": "G7900 S50 .J3", "call_num": "G7900 S50 .J3 SHEET E13-8", "recid": "kk371gh3920", "websiteUrl": "https://purl.stanford.edu/kk371gh3920", "title": "[朝鮮五万分一地形圖]", "ckey": 9585328, "available": true, "iiifUrl": "https://purl.stanford.edu/kk371gh3920/iiif/manifest" }, "geometry": { "type": "Polygon", "coordinates": [ [ [ 126.5, 34.666667 ], [ 126.75, 34.666667 ], [ 126.75, 34.8333335 ], [ 126.5, 34.8333335 ], [ 126.5, 34.666667 ] ] ] } },
{ "type": "Feature", "properties": { "Id": 0, "Sheet_ID": "木浦 4. 長興", "label": "木浦 4. 長興", "call_short": "G7900 S50 .J3", "call_num": "G7900 S50 .J3 SHEET E13-4", "recid": "db246pf5033", "websiteUrl": "https://purl.stanford.edu/db246pf5033", "title": "[朝鮮五万分一地形圖]", "ckey": 9585328, "available": true, "iiifUrl": "https://purl.stanford.edu/db246pf5033/iiif/manifest" }, "geometry": { "type": "Polygon", "coordinates": [ [ [ 126.75, 34.666667 ], [ 127.0, 34.666667 ], [ 127.0, 34.8333335 ], [ 126.75, 34.8333335 ], [ 126.75, 34.666667 ] ] ] } },
{ "type": "Feature", "properties": { "Id": 0, "Sheet_ID": "木浦 15. 慈恩島 / 八口浦近傍 1", "label": "木浦 15. 慈恩島 / 八口浦近傍 1", "call_short": "G7900 S50 .J3", "call_num": "G7900 S50 .J3 SHEET E13-15", "recid": "pt684tv8555", "websiteUrl": "https://purl.stanford.edu/pt684tv8555", "title": "[朝鮮五万分一地形圖]", "ckey": 9585328, "available": true, "iiifUrl": "https://purl.stanford.edu/pt684tv8555/iiif/manifest" }, "geometry": { "type": "Polygon", "coordinates": [ [ [ 126.0, 34.8333335 ], [ 126.25, 34.8333335 ], [ 126.25, 35.0 ], [ 126.0, 35.0 ], [ 126.0, 34.8333335 ] ] ] } },
{ "type": "Feature", "properties": { "Id": 0, "Sheet_ID": "木浦 11. 務安", "label": "木浦 11. 務安", "call_short": "G7900 S50 .J3", "call_num": "G7900 S50 .J3 SHEET E13-11", "recid": "sy322yr0311", "websiteUrl": "https://purl.stanford.edu/sy322yr0311", "title": "[朝鮮五万分一地形圖]", "ckey": 9585328, "available": true, "iiifUrl": "https://purl.stanford.edu/sy322yr0311/iiif/manifest" }, "geometry": { "type": "Polygon", "coordinates": [ [ [ 126.25, 34.8333335 ], [ 126.5, 34.8333335 ], [ 126.5, 35.0 ], [ 126.25, 35.0 ], [ 126.25, 34.8333335 ] ] ] } },
{ "type": "Feature", "properties": { "Id": 0, "Sheet_ID": "木浦 7. 榮山浦", "label": "木浦 7. 榮山浦", "call_short": "G7900 S50 .J3", "call_num": "G7900 S50 .J3 SHEET E13-7", "recid": "fj101wt8322", "websiteUrl": "https://purl.stanford.edu/fj101wt8322", "title": "[朝鮮五万分一地形圖]", "ckey": 9585328, "available": true, "iiifUrl": "https://purl.stanford.edu/fj101wt8322/iiif/manifest" }, "geometry": { "type": "Polygon", "coordinates": [ [ [ 126.5, 34.8333335 ], [ 126.75, 34.8333335 ], [ 126.75, 35.0 ], [ 126.5, 35.0 ], [ 126.5, 34.8333335 ] ] ] } },
{ "type": "Feature", "properties": { "Id": 0, "Sheet_ID": "木浦 3. 綾州", "label": "木浦 3. 綾州", "call_short": "G7900 S50 .J3", "call_num": "G7900 S50 .J3 SHEET E13-3", "recid": "cv625mc5401", "websiteUrl": "https://purl.stanford.edu/cv625mc5401", "title": "[朝鮮五万分一地形圖]", "ckey": 9585328, "available": true, "iiifUrl": "https://purl.stanford.edu/cv625mc5401/iiif/manifest" }, "geometry": { "type": "Polygon", "coordinates": [ [ [ 126.75, 34.8333335 ], [ 127.0, 34.8333335 ], [ 127.0, 35.0 ], [ 126.75, 35.0 ], [ 126.75, 34.8333335 ] ] ] } },
{ "type": "Feature", "properties": { "Id": 0, "Sheet_ID": "木浦 14. 智嶋", "label": "木浦 14. 智嶋", "call_short": "G7900 S50 .J3", "call_num": "G7900 S50 .J3 SHEET E13-14", "recid": "fy055gk9236", "websiteUrl": "https://purl.stanford.edu/fy055gk9236", "title": "[朝鮮五万分一地形圖]", "ckey": 9585328, "available": true, "iiifUrl": "https://purl.stanford.edu/fy055gk9236/iiif/manifest" }, "geometry": { "type": "Polygon", "coordinates": [ [ [ 126.0, 35.0 ], [ 126.25, 35.0 ], [ 126.25, 35.1666665 ], [ 126.0, 35.1666665 ], [ 126.0, 35.0 ] ] ] } },
{ "type": "Feature", "properties": { "Id": 0, "Sheet_ID": "木浦 10. 望雲", "label": "木浦 10. 望雲", "call_short": "G7900 S50 .J3", "call_num": "G7900 S50 .J3 SHEET E13-10", "recid": "gb654rg8687", "websiteUrl": "https://purl.stanford.edu/gb654rg8687", "title": "[朝鮮五万分一地形圖]", "ckey": 9585328, "available": true, "iiifUrl": "https://purl.stanford.edu/gb654rg8687/iiif/manifest" }, "geometry": { "type": "Polygon", "coordinates": [ [ [ 126.25, 35.0 ], [ 126.5, 35.0 ], [ 126.5, 35.1666665 ], [ 126.25, 35.1666665 ], [ 126.25, 35.0 ] ] ] } },
{ "type": "Feature", "properties": { "Id": 0, "Sheet_ID": "木浦 6. 羅州", "label": "木浦 6. 羅州", "call_short": "G7900 S50 .J3", "call_num": "G7900 S50 .J3 SHEET E13-6", "recid": "js491fy5062", "websiteUrl": "https://purl.stanford.edu/js491fy5062", "title": "[朝鮮五万分一地形圖]", "ckey": 9585328, "available": true, "iiifUrl": "https://purl.stanford.edu/js491fy5062/iiif/manifest" }, "geometry": { "type": "Polygon", "coordinates": [ [ [ 126.5, 35.0 ], [ 126.75, 35.0 ], [ 126.75, 35.1666665 ], [ 126.5, 35.1666665 ], [ 126.5, 35.0 ] ] ] } },
{ "type": "Feature", "properties": { "Id": 0, "Sheet_ID": "木浦 2. 光州", "label": "木浦 2. 光州", "call_short": "G7900 S50 .J3", "call_num": "G7900 S50 .J3 SHEET E13-2", "recid": "nv591br6238", "websiteUrl": "https://purl.stanford.edu/nv591br6238", "title": "[朝鮮五万分一地形圖]", "ckey": 9585328, "available": true, "iiifUrl": "https://purl.stanford.edu/nv591br6238/iiif/manifest" }, "geometry": { "type": "Polygon", "coordinates": [ [ [ 126.75, 35.0 ], [ 127.0, 35.0 ], [ 127.0, 35.1666665 ], [ 126.75, 35.1666665 ], [ 126.75, 35.0 ] ] ] } },
{ "type": "Feature", "properties": { "Id": 0, "Sheet_ID": "木浦 13. 松耳嶋", "label": "木浦 13. 松耳嶋", "call_short": "G7900 S50 .J3", "call_num": "G7900 S50 .J3 SHEET E13-13", "recid": "dr146bn3792", "websiteUrl": "https://purl.stanford.edu/dr146bn3792", "title": "[朝鮮五万分一地形圖]", "ckey": 9585328, "available": true, "iiifUrl": "https://purl.stanford.edu/dr146bn3792/iiif/manifest" }, "geometry": { "type": "Polygon", "coordinates": [ [ [ 126.0, 35.1666665 ], [ 126.25, 35.1666665 ], [ 126.25, 35.333333 ], [ 126.0, 35.333333 ], [ 126.0, 35.1666665 ] ] ] } },
{ "type": "Feature", "properties": { "Id": 0, "Sheet_ID": "木浦 9. 浦川里", "label": "木浦 9. 浦川里", "call_short": "G7900 S50 .J3", "call_num": "G7900 S50 .J3 SHEET E13-9", "recid": "kj207qn3370", "websiteUrl": "https://purl.stanford.edu/kj207qn3370", "title": "[朝鮮五万分一地形圖]", "ckey": 9585328, "available": true, "iiifUrl": "https://purl.stanford.edu/kj207qn3370/iiif/manifest" }, "geometry": { "type": "Polygon", "coordinates": [ [ [ 126.25, 35.1666665 ], [ 126.5, 35.1666665 ], [ 126.5, 35.333333 ], [ 126.25, 35.333333 ], [ 126.25, 35.1666665 ] ] ] } },
{ "type": "Feature", "properties": { "Id": 0, "Sheet_ID": "木浦 5. 靈光", "label": "木浦 5. 靈光", "call_short": "G7900 S50 .J3", "call_num": "G7900 S50 .J3 SHEET E13-5", "recid": "fr424yt6293", "websiteUrl": "https://purl.stanford.edu/fr424yt6293", "title": "[朝鮮五万分一地形圖]", "ckey": 9585328, "available": true, "iiifUrl": "https://purl.stanford.edu/fr424yt6293/iiif/manifest" }, "geometry": { "type": "Polygon", "coordinates": [ [ [ 126.5, 35.1666665 ], [ 126.75, 35.1666665 ], [ 126.75, 35.333333 ], [ 126.5, 35.333333 ], [ 126.5, 35.1666665 ] ] ] } },
{ "type": "Feature", "properties": { "Id": 0, "Sheet_ID": "木浦 1. 潭陽", "label": "木浦 1. 潭陽", "call_short": "G7900 S50 .J3", "call_num": "G7900 S50 .J3 SHEET E13-1", "recid": "fb844fy0336", "websiteUrl": "https://purl.stanford.edu/fb844fy0336", "title": "[朝鮮五万分一地形圖]", "ckey": 9585328, "available": true, "iiifUrl": "https://purl.stanford.edu/fb844fy0336/iiif/manifest" }, "geometry": { "type": "Polygon", "coordinates": [ [ [ 126.75, 35.1666665 ], [ 127.0, 35.1666665 ], [ 127.0, 35.333333 ], [ 126.75, 35.333333 ], [ 126.75, 35.1666665 ] ] ] } },
{ "type": "Feature", "properties": { "Id": 0, "Sheet_ID": "木浦 5R. 靈光", "label": "木浦 5R. 靈光", "call_short": "G7900 S50 .J3", "call_num": "G7900 S50 .J3 SHEET E13-5R", "recid": "nt208ht4416", "websiteUrl": "https://purl.stanford.edu/nt208ht4416", "title": "[朝鮮五万分一地形圖]", "ckey": 9585328, "available": true, "iiifUrl": "https://purl.stanford.edu/nt208ht4416/iiif/manifest" }, "geometry": { "type": "Polygon", "coordinates": [ [ [ 126.5, 35.1666665 ], [ 126.75, 35.1666665 ], [ 126.75, 35.333333 ], [ 126.5, 35.333333 ], [ 126.5, 35.1666665 ] ] ] } },
{ "type": "Feature", "properties": { "Id": 0, "Sheet_ID": "珍島 12. 横干島", "label": "珍島 12. 横干島", "call_short": "G7900 S50 .J3", "call_num": "G7900 S50 .J3 SHEET E14-12", "recid": "sb879pg2534", "websiteUrl": "https://purl.stanford.edu/sb879pg2534", "title": "[朝鮮五万分一地形圖]", "ckey": 9585328, "available": true, "iiifUrl": "https://purl.stanford.edu/sb879pg2534/iiif/manifest" }, "geometry": { "type": "Polygon", "coordinates": [ [ [ 126.25, 34.0 ], [ 126.5, 34.0 ], [ 126.5, 34.1666667 ], [ 126.25, 34.1666667 ], [ 126.25, 34.0 ] ] ] } },
{ "type": "Feature", "properties": { "Id": 0, "Sheet_ID": "珍島 8. 所安島", "label": "珍島 8. 所安島", "call_short": "G7900 S50 .J3", "call_num": "G7900 S50 .J3 SHEET E14-8", "recid": "rh780rs4562", "websiteUrl": "https://purl.stanford.edu/rh780rs4562", "title": "[朝鮮五万分一地形圖]", "ckey": 9585328, "available": true, "iiifUrl": "https://purl.stanford.edu/rh780rs4562/iiif/manifest" }, "geometry": { "type": "Polygon", "coordinates": [ [ [ 126.5, 34.0 ], [ 126.75, 34.0 ], [ 126.75, 34.1666667 ], [ 126.5, 34.1666667 ], [ 126.5, 34.0 ] ] ] } },
{ "type": "Feature", "properties": { "Id": 0, "Sheet_ID": "珍島 4 附 済州島北部 1. 青山島及太郎島", "label": "珍島 4 附 済州島北部 1. 青山島及太郎島", "call_short": "G7900 S50 .J3", "call_num": "G7900 S50 .J3 SHEET SHEET E14-4/15-1", "recid": "sf845wn3671", "websiteUrl": "https://purl.stanford.edu/sf845wn3671", "title": "[朝鮮五万分一地形圖]", "ckey": 9585328, "available": true, "iiifUrl": "https://purl.stanford.edu/sf845wn3671/iiif/manifest" }, "geometry": { "type": "MultiPolygon", "coordinates": [ [ [ [ 126.942, 33.965 ], [ 126.942, 33.995 ], [ 126.905, 33.995 ], [ 126.905, 33.965 ], [ 126.942, 33.965 ] ] ], [ [ [ 127.0, 34.0 ], [ 127.0, 34.1666668 ], [ 126.75, 34.1666668 ], [ 126.75, 34.0 ], [ 127.0, 34.0 ] ] ] ] } },
{ "type": "Feature", "properties": { "Id": 0, "Sheet_ID": "珍島 15. 下鳥島", "label": "珍島 15. 下鳥島", "call_short": "G7900 S50 .J3", "call_num": "G7900 S50 .J3 SHEET E14-15", "recid": "zt632ht5716", "websiteUrl": "https://purl.stanford.edu/zt632ht5716", "title": "[朝鮮五万分一地形圖]", "ckey": 9585328, "available": true, "iiifUrl": "https://purl.stanford.edu/zt632ht5716/iiif/manifest" }, "geometry": { "type": "Polygon", "coordinates": [ [ [ 126.0, 34.1666667 ], [ 126.25, 34.1666667 ], [ 126.25, 34.3333335 ], [ 126.0, 34.3333335 ], [ 126.0, 34.1666667 ] ] ] } },
{ "type": "Feature", "properties": { "Id": 0, "Sheet_ID": "珍島 11. 魚龍島", "label": "珍島 11. 魚龍島", "call_short": "G7900 S50 .J3", "call_num": "G7900 S50 .J3 SHEET E14-11", "recid": "sr276vj5883", "websiteUrl": "https://purl.stanford.edu/sr276vj5883", "title": "[朝鮮五万分一地形圖]", "ckey": 9585328, "available": true, "iiifUrl": "https://purl.stanford.edu/sr276vj5883/iiif/manifest" }, "geometry": { "type": "Polygon", "coordinates": [ [ [ 126.25, 34.1666667 ], [ 126.5, 34.1666667 ], [ 126.5, 34.3333335 ], [ 126.25, 34.3333335 ], [ 126.25, 34.1666667 ] ] ] } },
{ "type": "Feature", "properties": { "Id": 0, "Sheet_ID": "珍島 7. 蘆花島", "label": "珍島 7. 蘆花島", "call_short": "G7900 S50 .J3", "call_num": "G7900 S50 .J3 SHEET E14-7", "recid": "py817xf4104", "websiteUrl": "https://purl.stanford.edu/py817xf4104", "title": "[朝鮮五万分一地形圖]", "ckey": 9585328, "available": true, "iiifUrl": "https://purl.stanford.edu/py817xf4104/iiif/manifest" }, "geometry": { "type": "Polygon", "coordinates": [ [ [ 126.5, 34.1666667 ], [ 126.75, 34.1666667 ], [ 126.75, 34.3333335 ], [ 126.5, 34.3333335 ], [ 126.5, 34.1666667 ] ] ] } },
{ "type": "Feature", "properties": { "Id": 0, "Sheet_ID": "珍島 3. 莞嶋", "label": "珍島 3. 莞嶋", "call_short": "G7900 S50 .J3", "call_num": "G7900 S50 .J3 SHEET E14-3", "recid": "nx096gq6898", "websiteUrl": "https://purl.stanford.edu/nx096gq6898", "title": "[朝鮮五万分一地形圖]", "ckey": 9585328, "available": true, "iiifUrl": "https://purl.stanford.edu/nx096gq6898/iiif/manifest" }, "geometry": { "type": "Polygon", "coordinates": [ [ [ 126.75, 34.1666667 ], [ 127.0, 34.1666667 ], [ 127.0, 34.3333335 ], [ 126.75, 34.3333335 ], [ 126.75, 34.1666667 ] ] ] } },
{ "type": "Feature", "properties": { "Id": 0, "Sheet_ID": "珍島 14. 仁智里", "label": "珍島 14. 仁智里", "call_short": "G7900 S50 .J3", "call_num": "G7900 S50 .J3 SHEET E14-14", "recid": "sr142kr6359", "websiteUrl": "https://purl.stanford.edu/sr142kr6359", "title": "[朝鮮五万分一地形圖]", "ckey": 9585328, "available": true, "iiifUrl": "https://purl.stanford.edu/sr142kr6359/iiif/manifest" }, "geometry": { "type": "Polygon", "coordinates": [ [ [ 126.0, 34.3333335 ], [ 126.25, 34.3333335 ], [ 126.25, 34.5000002 ], [ 126.0, 34.5000002 ], [ 126.0, 34.3333335 ] ] ] } },
{ "type": "Feature", "properties": { "Id": 0, "Sheet_ID": "珍島 10. 珍島", "label": "珍島 10. 珍島", "call_short": "G7900 S50 .J3", "call_num": "G7900 S50 .J3 SHEET E14-10", "recid": "ss906wz3214", "websiteUrl": "https://purl.stanford.edu/ss906wz3214", "title": "[朝鮮五万分一地形圖]", "ckey": 9585328, "available": true, "iiifUrl": "https://purl.stanford.edu/ss906wz3214/iiif/manifest" }, "geometry": { "type": "Polygon", "coordinates": [ [ [ 126.25, 34.3333335 ], [ 126.5, 34.3333335 ], [ 126.5, 34.5000002 ], [ 126.25, 34.5000002 ], [ 126.25, 34.3333335 ] ] ] } },
{ "type": "Feature", "properties": { "Id": 0, "Sheet_ID": "珍島 6. 梨津", "label": "珍島 6. 梨津", "call_short": "G7900 S50 .J3", "call_num": "G7900 S50 .J3 SHEET E14-6", "recid": "zn716hk3575", "websiteUrl": "https://purl.stanford.edu/zn716hk3575", "title": "[朝鮮五万分一地形圖]", "ckey": 9585328, "available": true, "iiifUrl": "https://purl.stanford.edu/zn716hk3575/iiif/manifest" }, "geometry": { "type": "Polygon", "coordinates": [ [ [ 126.5, 34.3333335 ], [ 126.75, 34.3333335 ], [ 126.75, 34.5000002 ], [ 126.5, 34.5000002 ], [ 126.5, 34.3333335 ] ] ] } },
{ "type": "Feature", "properties": { "Id": 0, "Sheet_ID": "珍島 2. 馬良里", "label": "珍島 2. 馬良里", "call_short": "G7900 S50 .J3", "call_num": "G7900 S50 .J3 SHEET E14-2", "recid": "fw623wd6769", "websiteUrl": "https://purl.stanford.edu/fw623wd6769", "title": "[朝鮮五万分一地形圖]", "ckey": 9585328, "available": true, "iiifUrl": "https://purl.stanford.edu/fw623wd6769/iiif/manifest" }, "geometry": { "type": "Polygon", "coordinates": [ [ [ 126.75, 34.3333335 ], [ 127.0, 34.3333335 ], [ 127.0, 34.5000002 ], [ 126.75, 34.5000002 ], [ 126.75, 34.3333335 ] ] ] } },
{ "type": "Feature", "properties": { "Id": 0, "Sheet_ID": "珍島 13. 荷衣島 / 八口浦近傍 3", "label": "珍島 13. 荷衣島 / 八口浦近傍 3", "call_short": "G7900 S50 .J3", "call_num": "G7900 S50 .J3 SHEET E14-13", "recid": "mh273fm0788", "websiteUrl": "https://purl.stanford.edu/mh273fm0788", "title": "[朝鮮五万分一地形圖]", "ckey": 9585328, "available": true, "iiifUrl": "https://purl.stanford.edu/mh273fm0788/iiif/manifest" }, "geometry": { "type": "Polygon", "coordinates": [ [ [ 126.0, 34.5000002 ], [ 126.25, 34.5000002 ], [ 126.25, 34.666667 ], [ 126.0, 34.666667 ], [ 126.0, 34.5000002 ] ] ] } },
{ "type": "Feature", "properties": { "Id": 0, "Sheet_ID": "珍島 9. 右水營", "label": "珍島 9. 右水營", "call_short": "G7900 S50 .J3", "call_num": "G7900 S50 .J3 SHEET E14-9", "recid": "br614gx2485", "websiteUrl": "https://purl.stanford.edu/br614gx2485", "title": "[朝鮮五万分一地形圖]", "ckey": 9585328, "available": true, "iiifUrl": "https://purl.stanford.edu/br614gx2485/iiif/manifest" }, "geometry": { "type": "Polygon", "coordinates": [ [ [ 126.25, 34.5000002 ], [ 126.5, 34.5000002 ], [ 126.5, 34.666667 ], [ 126.25, 34.666667 ], [ 126.25, 34.5000002 ] ] ] } },
{ "type": "Feature", "properties": { "Id": 0, "Sheet_ID": "珍島 5. 海南", "label": "珍島 5. 海南", "call_short": "G7900 S50 .J3", "call_num": "G7900 S50 .J3 SHEET E14-5", "recid": "bw226ns8817", "websiteUrl": "https://purl.stanford.edu/bw226ns8817", "title": "[朝鮮五万分一地形圖]", "ckey": 9585328, "available": true, "iiifUrl": "https://purl.stanford.edu/bw226ns8817/iiif/manifest" }, "geometry": { "type": "Polygon", "coordinates": [ [ [ 126.5, 34.5000002 ], [ 126.75, 34.5000002 ], [ 126.75, 34.666667 ], [ 126.5, 34.666667 ], [ 126.5, 34.5000002 ] ] ] } },
{ "type": "Feature", "properties": { "Id": 0, "Sheet_ID": "珍島 1. 康津", "label": "珍島 1. 康津", "call_short": "G7900 S50 .J3", "call_num": "G7900 S50 .J3 SHEET E14-1", "recid": "cp578ch2992", "websiteUrl": "https://purl.stanford.edu/cp578ch2992", "title": "[朝鮮五万分一地形圖]", "ckey": 9585328, "available": true, "iiifUrl": "https://purl.stanford.edu/cp578ch2992/iiif/manifest" }, "geometry": { "type": "Polygon", "coordinates": [ [ [ 126.75, 34.5000002 ], [ 127.0, 34.5000002 ], [ 127.0, 34.666667 ], [ 126.75, 34.666667 ], [ 126.75, 34.5000002 ] ] ] } },
{ "type": "Feature", "properties": { "Id": 0, "Sheet_ID": "済州島南部 13. 摹瑟浦", "label": "済州島南部 13. 摹瑟浦", "call_short": "G7900 S50 .J3", "call_num": "G7900 S50 .J3 SHEET E16-13", "recid": "zf349bp4308", "websiteUrl": "https://purl.stanford.edu/zf349bp4308", "title": "[朝鮮五万分一地形圖]", "ckey": 9585328, "available": true, "iiifUrl": "https://purl.stanford.edu/zf349bp4308/iiif/manifest" }, "geometry": { "type": "Polygon", "coordinates": [ [ [ 126.0, 33.166667 ], [ 126.25, 33.166667 ], [ 126.25, 33.3333336 ], [ 126.0, 33.3333336 ], [ 126.0, 33.166667 ] ] ] } },
{ "type": "Feature", "properties": { "Id": 0, "Sheet_ID": "済州島南部 9. 大静及馬羅島", "label": "済州島南部 9. 大静及馬羅島", "call_short": "G7900 S50 .J3", "call_num": "G7900 S50 .J3 SHEET E16-9", "recid": "mv244cr0631", "websiteUrl": "https://purl.stanford.edu/mv244cr0631", "title": "[朝鮮五万分一地形圖]", "ckey": 9585328, "available": true, "iiifUrl": "https://purl.stanford.edu/mv244cr0631/iiif/manifest" }, "geometry": { "type": "Polygon", "coordinates": [ [ [ 126.25, 33.166667 ], [ 126.5, 33.166667 ], [ 126.5, 33.3333336 ], [ 126.25, 33.3333336 ], [ 126.25, 33.166667 ] ] ] } },
{ "type": "Feature", "properties": { "Id": 0, "Sheet_ID": "済州島南部 5. 西帰浦", "label": "済州島南部 5. 西帰浦", "call_short": "G7900 S50 .J3", "call_num": "G7900 S50 .J3 SHEET E16-5", "recid": "gx774zt6129", "websiteUrl": "https://purl.stanford.edu/gx774zt6129", "title": "[朝鮮五万分一地形圖]", "ckey": 9585328, "available": true, "iiifUrl": "https://purl.stanford.edu/gx774zt6129/iiif/manifest" }, "geometry": { "type": "Polygon", "coordinates": [ [ [ 126.5, 33.166667 ], [ 126.75, 33.166667 ], [ 126.75, 33.3333336 ], [ 126.5, 33.3333336 ], [ 126.5, 33.166667 ] ] ] } },
{ "type": "Feature", "properties": { "Id": 0, "Sheet_ID": "済州島南部 1. 表善", "label": "済州島南部 1. 表善", "call_short": "G7900 S50 .J3", "call_num": "G7900 S50 .J3 SHEET E16-1", "recid": "tj163ns1857", "websiteUrl": "https://purl.stanford.edu/tj163ns1857", "title": "[朝鮮五万分一地形圖]", "ckey": 9585328, "available": true, "iiifUrl": "https://purl.stanford.edu/tj163ns1857/iiif/manifest" }, "geometry": { "type": "Polygon", "coordinates": [ [ [ 126.75, 33.166667 ], [ 127.0, 33.166667 ], [ 127.0, 33.3333336 ], [ 126.75, 33.3333336 ], [ 126.75, 33.166667 ] ] ] } },
{ "type": "Feature", "properties": { "Id": 0, "Sheet_ID": "済州島北部 16. 飛揚島", "label": "済州島北部 16. 飛揚島", "call_short": "G7900 S50 .J3", "call_num": "G7900 S50 .J3 SHEET E15-16", "recid": "cc013td3269", "websiteUrl": "https://purl.stanford.edu/cc013td3269", "title": "[朝鮮五万分一地形圖]", "ckey": 9585328, "available": true, "iiifUrl": "https://purl.stanford.edu/cc013td3269/iiif/manifest" }, "geometry": { "type": "Polygon", "coordinates": [ [ [ 126.0, 33.3333336 ], [ 126.25, 33.3333336 ], [ 126.25, 33.5000002 ], [ 126.0, 33.5000002 ], [ 126.0, 33.3333336 ] ] ] } },
{ "type": "Feature", "properties": { "Id": 0, "Sheet_ID": "済州島北部 12 ED2. 翰林", "label": "済州島北部 12 ED2. 翰林", "call_short": "G7900 S50 .J3", "call_num": "G7900 S50 .J3 SHEET E15-12 ED.2", "recid": "qz311fb0078", "websiteUrl": "https://purl.stanford.edu/qz311fb0078", "title": "[朝鮮五万分一地形圖]", "ckey": 9585328, "available": true, "iiifUrl": "https://purl.stanford.edu/qz311fb0078/iiif/manifest" }, "geometry": { "type": "Polygon", "coordinates": [ [ [ 126.5, 33.3333336 ], [ 126.5, 33.5000002 ], [ 126.5, 33.53 ], [ 126.45, 33.53 ], [ 126.45, 33.5000002 ], [ 126.25, 33.5000002 ], [ 126.25, 33.3333336 ], [ 126.5, 33.3333336 ] ] ] } },
{ "type": "Feature", "properties": { "Id": 0, "Sheet_ID": "済州島北部 8. 漢拏山", "label": "済州島北部 8. 漢拏山", "call_short": "G7900 S50 .J3", "call_num": "G7900 S50 .J3 SHEET E15-8", "recid": "fn354zr5377", "websiteUrl": "https://purl.stanford.edu/fn354zr5377", "title": "[朝鮮五万分一地形圖]", "ckey": 9585328, "available": true, "iiifUrl": "https://purl.stanford.edu/fn354zr5377/iiif/manifest" }, "geometry": { "type": "Polygon", "coordinates": [ [ [ 126.5, 33.3333336 ], [ 126.75, 33.3333336 ], [ 126.75, 33.5000002 ], [ 126.5, 33.5000002 ], [ 126.5, 33.3333336 ] ] ] } },
{ "type": "Feature", "properties": { "Id": 0, "Sheet_ID": "済州島北部 4. 城山浦", "label": "済州島北部 4. 城山浦", "call_short": "G7900 S50 .J3", "call_num": "G7900 S50 .J3 SHEET E15-4", "recid": "kv243yq2495", "websiteUrl": "https://purl.stanford.edu/kv243yq2495", "title": "[朝鮮五万分一地形圖]", "ckey": 9585328, "available": true, "iiifUrl": "https://purl.stanford.edu/kv243yq2495/iiif/manifest" }, "geometry": { "type": "Polygon", "coordinates": [ [ [ 126.75, 33.3333336 ], [ 127.0, 33.3333336 ], [ 127.0, 33.5000002 ], [ 126.75, 33.5000002 ], [ 126.75, 33.3333336 ] ] ] } },
{ "type": "Feature", "properties": { "Id": 0, "Sheet_ID": "済州島北部 7. 濟州", "label": "済州島北部 7. 濟州", "call_short": "G7900 S50 .J3", "call_num": "G7900 S50 .J3 SHEET E15-7", "recid": "nq078tj0053", "websiteUrl": "https://purl.stanford.edu/nq078tj0053", "title": "[朝鮮五万分一地形圖]", "ckey": 9585328, "available": true, "iiifUrl": "https://purl.stanford.edu/nq078tj0053/iiif/manifest" }, "geometry": { "type": "Polygon", "coordinates": [ [ [ 126.5, 33.5000002 ], [ 126.75, 33.5000002 ], [ 126.75, 33.6666668 ], [ 126.5, 33.6666668 ], [ 126.5, 33.5000002 ] ] ] } },
{ "type": "Feature", "properties": { "Id": 0, "Sheet_ID": "済州島北部 3. 金寧", "label": "済州島北部 3. 金寧", "call_short": "G7900 S50 .J3", "call_num": "G7900 S50 .J3 SHEET E15-3", "recid": "wj141sn2178", "websiteUrl": "https://purl.stanford.edu/wj141sn2178", "title": "[朝鮮五万分一地形圖]", "ckey": 9585328, "available": true, "iiifUrl": "https://purl.stanford.edu/wj141sn2178/iiif/manifest" }, "geometry": { "type": "Polygon", "coordinates": [ [ [ 126.75, 33.5000002 ], [ 127.0, 33.5000002 ], [ 127.0, 33.6666668 ], [ 126.75, 33.6666668 ], [ 126.75, 33.5000002 ] ] ] } },
{ "type": "Feature", "properties": { "Id": 0, "Sheet_ID": "済州島北部 9. 楸子群島", "label": "済州島北部 9. 楸子群島", "call_short": "G7900 S50 .J3", "call_num": "G7900 S50 .J3 SHEET E15-9", "recid": "cx406xf3211", "websiteUrl": "https://purl.stanford.edu/cx406xf3211", "title": "[朝鮮五万分一地形圖]", "ckey": 9585328, "available": true, "iiifUrl": "https://purl.stanford.edu/cx406xf3211/iiif/manifest" }, "geometry": { "type": "Polygon", "coordinates": [ [ [ 126.25, 33.8333334 ], [ 126.5, 33.8333334 ], [ 126.5, 34.0 ], [ 126.25, 34.0 ], [ 126.25, 33.8333334 ] ] ] } },
{ "type": "Feature", "properties": { "Id": 0, "Sheet_ID": "済州島北部 12. 翰林", "label": "済州島北部 12. 翰林", "call_short": "G7900 S50 .J3", "call_num": "G7900 S50 .J3 SHEET E15-12", "recid": "df273ky5951", "websiteUrl": "https://purl.stanford.edu/df273ky5951", "title": "[朝鮮五万分一地形圖]", "ckey": 9585328, "available": true, "iiifUrl": "https://purl.stanford.edu/df273ky5951/iiif/manifest" }, "geometry": { "type": "Polygon", "coordinates": [ [ [ 126.5, 33.3333336 ], [ 126.5, 33.5000002 ], [ 126.5, 33.53 ], [ 126.45, 33.53 ], [ 126.45, 33.5000002 ], [ 126.25, 33.5000002 ], [ 126.25, 33.3333336 ], [ 126.5, 33.3333336 ] ] ] } },
{ "type": "Feature", "properties": { "Id": 0, "Sheet_ID": "甕津 7. 大延坪島", "label": "甕津 7. 大延坪島", "call_short": "G7900 S50 .J3", "call_num": "G7900 S50 .J3 SHEET F9-7", "recid": "xf701pt6415", "websiteUrl": "https://purl.stanford.edu/xf701pt6415", "title": "[朝鮮五万分一地形圖]", "ckey": 9585328, "available": true, "iiifUrl": "https://purl.stanford.edu/xf701pt6415/iiif/manifest" }, "geometry": { "type": "Polygon", "coordinates": [ [ [ 125.5, 37.5 ], [ 125.75, 37.5 ], [ 125.75, 37.6666667 ], [ 125.5, 37.6666667 ], [ 125.5, 37.5 ] ] ] } },
{ "type": "Feature", "properties": { "Id": 0, "Sheet_ID": "甕津 14R. 昌麟島 / 巡咸島近傍 8", "label": "甕津 14R. 昌麟島 / 巡咸島近傍 8", "call_short": "G7900 S50 .J3", "call_num": "G7900 S50 .J3 SHEET F9-14R", "recid": "xb125cg7014", "websiteUrl": "https://purl.stanford.edu/xb125cg7014", "title": "[朝鮮五万分一地形圖]", "ckey": 9585328, "available": true, "iiifUrl": "https://purl.stanford.edu/xb125cg7014/iiif/manifest" }, "geometry": { "type": "Polygon", "coordinates": [ [ [ 125.0, 37.6666667 ], [ 125.25, 37.6666667 ], [ 125.25, 37.8333333 ], [ 125.0, 37.8333333 ], [ 125.0, 37.6666667 ] ] ] } },
{ "type": "Feature", "properties": { "Id": 0, "Sheet_ID": "甕津 10R. 龍湖島 / 巡咸島近傍 6", "label": "甕津 10R. 龍湖島 / 巡咸島近傍 6", "call_short": "G7900 S50 .J3", "call_num": "G7900 S50 .J3 SHEET F9-10R", "recid": "yd030mp2844", "websiteUrl": "https://purl.stanford.edu/yd030mp2844", "title": "[朝鮮五万分一地形圖]", "ckey": 9585328, "available": true, "iiifUrl": "https://purl.stanford.edu/yd030mp2844/iiif/manifest" }, "geometry": { "type": "Polygon", "coordinates": [ [ [ 125.25, 37.6666667 ], [ 125.5, 37.6666667 ], [ 125.5, 37.8333333 ], [ 125.25, 37.8333333 ], [ 125.25, 37.6666667 ] ] ] } },
{ "type": "Feature", "properties": { "Id": 0, "Sheet_ID": "甕津 6R. 釜浦 / 巡咸島近傍 4", "label": "甕津 6R. 釜浦 / 巡咸島近傍 4", "call_short": "G7900 S50 .J3", "call_num": "G7900 S50 .J3 SHEET F9-6R", "recid": "fm518ny4029", "websiteUrl": "https://purl.stanford.edu/fm518ny4029", "title": "[朝鮮五万分一地形圖]", "ckey": 9585328, "available": true, "iiifUrl": "https://purl.stanford.edu/fm518ny4029/iiif/manifest" }, "geometry": { "type": "Polygon", "coordinates": [ [ [ 125.5, 37.6666667 ], [ 125.75, 37.6666667 ], [ 125.75, 37.8333333 ], [ 125.5, 37.8333333 ], [ 125.5, 37.6666667 ] ] ] } },
{ "type": "Feature", "properties": { "Id": 0, "Sheet_ID": "甕津 2. 龍媒島 / [巡咸島近傍 2]", "label": "甕津 2. 龍媒島 / [巡咸島近傍 2]", "call_short": "0", "call_num": "0", "recid": "0", "websiteUrl": "0", "title": "0", "ckey": 0, "available": false, "iiifUrl": "0" }, "geometry": { "type": "Polygon", "coordinates": [ [ [ 125.75, 37.6666667 ], [ 126.0, 37.6666667 ], [ 126.0, 37.8333333 ], [ 125.75, 37.8333333 ], [ 125.75, 37.6666667 ] ] ] } },
{ "type": "Feature", "properties": { "Id": 0, "Sheet_ID": "甕津 13. 甕津港 / 巡咸島近傍 7", "label": "甕津 13. 甕津港 / 巡咸島近傍 7", "call_short": "0", "call_num": "0", "recid": "0", "websiteUrl": "0", "title": "0", "ckey": 0, "available": false, "iiifUrl": "0" }, "geometry": { "type": "Polygon", "coordinates": [ [ [ 125.0, 37.8333333 ], [ 125.25, 37.8333333 ], [ 125.25, 38.0 ], [ 125.0, 38.0 ], [ 125.0, 37.8333333 ] ] ] } },
{ "type": "Feature", "properties": { "Id": 0, "Sheet_ID": "甕津 9. 馬山 / 巡咸島近傍 5", "label": "甕津 9. 馬山 / 巡咸島近傍 5", "call_short": "0", "call_num": "0", "recid": "0", "websiteUrl": "0", "title": "0", "ckey": 0, "available": false, "iiifUrl": "0" }, "geometry": { "type": "Polygon", "coordinates": [ [ [ 125.25, 37.8333333 ], [ 125.5, 37.8333333 ], [ 125.5, 38.0 ], [ 125.25, 38.0 ], [ 125.25, 37.8333333 ] ] ] } },
{ "type": "Feature", "properties": { "Id": 0, "Sheet_ID": "甕津 5R. 康翎 / 巡咸島近傍 3", "label": "甕津 5R. 康翎 / 巡咸島近傍 3", "call_short": "G7900 S50 .J3", "call_num": "G7900 S50 .J3 SHEET F9-5R", "recid": "dd058xn8340", "websiteUrl": "https://purl.stanford.edu/dd058xn8340", "title": "[朝鮮五万分一地形圖]", "ckey": 9585328, "available": true, "iiifUrl": "https://purl.stanford.edu/dd058xn8340/iiif/manifest" }, "geometry": { "type": "Polygon", "coordinates": [ [ [ 125.5, 37.8333333 ], [ 125.75, 37.8333333 ], [ 125.75, 38.0 ], [ 125.5, 38.0 ], [ 125.5, 37.8333333 ] ] ] } },
{ "type": "Feature", "properties": { "Id": 0, "Sheet_ID": "甕津 1. 青丹 / [巡咸島近傍 1]", "label": "甕津 1. 青丹 / [巡咸島近傍 1]", "call_short": "0", "call_num": "0", "recid": "0", "websiteUrl": "0", "title": "0", "ckey": 0, "available": false, "iiifUrl": "0" }, "geometry": { "type": "Polygon", "coordinates": [ [ [ 125.75, 37.8333333 ], [ 126.0, 37.8333333 ], [ 126.0, 38.0 ], [ 125.75, 38.0 ], [ 125.75, 37.8333333 ] ] ] } },
{ "type": "Feature", "properties": { "Id": 0, "Sheet_ID": "梅加島 16. 梅加島", "label": "梅加島 16. 梅加島", "call_short": "G7900 S50 .J3", "call_num": "G7900 S50 .J3 SHEET F13-16", "recid": "fk407ts9404", "websiteUrl": "https://purl.stanford.edu/fk407ts9404", "title": "[朝鮮五万分一地形圖]", "ckey": 9585328, "available": true, "iiifUrl": "https://purl.stanford.edu/fk407ts9404/iiif/manifest" }, "geometry": { "type": "Polygon", "coordinates": [ [ [ 125.0, 34.666667 ], [ 125.25, 34.666667 ], [ 125.25, 34.8333335 ], [ 125.0, 34.8333335 ], [ 125.0, 34.666667 ] ] ] } },
{ "type": "Feature", "properties": { "Id": 0, "Sheet_ID": "梅加島 12. 大黒山嶋", "label": "梅加島 12. 大黒山嶋", "call_short": "G7900 S50 .J3", "call_num": "G7900 S50 .J3 SHEET F13-12", "recid": "mt180kj2106", "websiteUrl": "https://purl.stanford.edu/mt180kj2106", "title": "[朝鮮五万分一地形圖]", "ckey": 9585328, "available": true, "iiifUrl": "https://purl.stanford.edu/mt180kj2106/iiif/manifest" }, "geometry": { "type": "Polygon", "coordinates": [ [ [ 125.25, 34.666667 ], [ 125.5, 34.666667 ], [ 125.5, 34.8333335 ], [ 125.25, 34.8333335 ], [ 125.25, 34.666667 ] ] ] } },
{ "type": "Feature", "properties": { "Id": 0, "Sheet_ID": "梅加島 4. 飛禽島 / 八口浦近傍 5", "label": "梅加島 4. 飛禽島 / 八口浦近傍 5", "call_short": "G7900 S50 .J3", "call_num": "G7900 S50 .J3 SHEET F13-4", "recid": "by997hh9073", "websiteUrl": "https://purl.stanford.edu/by997hh9073", "title": "[朝鮮五万分一地形圖]", "ckey": 9585328, "available": true, "iiifUrl": "https://purl.stanford.edu/by997hh9073/iiif/manifest" }, "geometry": { "type": "Polygon", "coordinates": [ [ [ 125.75, 34.666667 ], [ 126.0, 34.666667 ], [ 126.0, 34.8333335 ], [ 125.75, 34.8333335 ], [ 125.75, 34.666667 ] ] ] } },
{ "type": "Feature", "properties": { "Id": 0, "Sheet_ID": "梅加島 3. 慈恩島西部 / 八口浦近傍 4", "label": "梅加島 3. 慈恩島西部 / 八口浦近傍 4", "call_short": "G7900 S50 .J3", "call_num": "G7900 S50 .J3 SHEET F13-3", "recid": "xp014fx4344", "websiteUrl": "https://purl.stanford.edu/xp014fx4344", "title": "[朝鮮五万分一地形圖]", "ckey": 9585328, "available": true, "iiifUrl": "https://purl.stanford.edu/xp014fx4344/iiif/manifest" }, "geometry": { "type": "Polygon", "coordinates": [ [ [ 125.75, 34.8333335 ], [ 126.0, 34.8333335 ], [ 126.0, 35.0 ], [ 125.75, 35.0 ], [ 125.75, 34.8333335 ] ] ] } },
{ "type": "Feature", "properties": { "Id": 0, "Sheet_ID": "梅加島 2 ED2. 扶南群島", "label": "梅加島 2 ED2. 扶南群島", "call_short": "G7900 S50 .J3", "call_num": "G7900 S50 .J3 SHEET F13-2 ED.2", "recid": "nf320td5042", "websiteUrl": "https://purl.stanford.edu/nf320td5042", "title": "[朝鮮五万分一地形圖]", "ckey": 9585328, "available": true, "iiifUrl": "https://purl.stanford.edu/nf320td5042/iiif/manifest" }, "geometry": { "type": "Polygon", "coordinates": [ [ [ 125.75, 35.0 ], [ 126.0, 35.0 ], [ 126.0, 35.1666665 ], [ 125.75, 35.1666665 ], [ 125.75, 35.0 ] ] ] } },
{ "type": "Feature", "properties": { "Id": 0, "Sheet_ID": "梅加島 1. 大飛雉嶋", "label": "梅加島 1. 大飛雉嶋", "call_short": "G7900 S50 .J3", "call_num": "G7900 S50 .J3 SHEET F13-1", "recid": "hw431sn8814", "websiteUrl": "https://purl.stanford.edu/hw431sn8814", "title": "[朝鮮五万分一地形圖]", "ckey": 9585328, "available": true, "iiifUrl": "https://purl.stanford.edu/hw431sn8814/iiif/manifest" }, "geometry": { "type": "Polygon", "coordinates": [ [ [ 125.75, 35.1666665 ], [ 126.0, 35.1666665 ], [ 126.0, 35.333333 ], [ 125.75, 35.333333 ], [ 125.75, 35.1666665 ] ] ] } },
{ "type": "Feature", "properties": { "Id": 0, "Sheet_ID": "梅加島 2. 扶南群島", "label": "梅加島 2. 扶南群島", "call_short": "G7900 S50 .J3", "call_num": "G7900 S50 .J3 SHEET F13-2", "recid": "nr614rk1374", "websiteUrl": "https://purl.stanford.edu/nr614rk1374", "title": "[朝鮮五万分一地形圖]", "ckey": 9585328, "available": true, "iiifUrl": "https://purl.stanford.edu/nr614rk1374/iiif/manifest" }, "geometry": { "type": "Polygon", "coordinates": [ [ [ 125.75, 35.0 ], [ 126.0, 35.0 ], [ 126.0, 35.1666665 ], [ 125.75, 35.1666665 ], [ 125.75, 35.0 ] ] ] } },
{ "type": "Feature", "properties": { "Id": 0, "Sheet_ID": "黒山島 16. 小黒山嶋", "label": "黒山島 16. 小黒山嶋", "call_short": "G7900 S50 .J3", "call_num": "G7900 S50 .J3 SHEET F14-16", "recid": "qk282cp0881", "websiteUrl": "https://purl.stanford.edu/qk282cp0881", "title": "[朝鮮五万分一地形圖]", "ckey": 9585328, "available": true, "iiifUrl": "https://purl.stanford.edu/qk282cp0881/iiif/manifest" }, "geometry": { "type": "Polygon", "coordinates": [ [ [ 125.0, 34.0 ], [ 125.25, 34.0 ], [ 125.25, 34.1666667 ], [ 125.0, 34.1666667 ], [ 125.0, 34.0 ] ] ] } },
{ "type": "Feature", "properties": { "Id": 0, "Sheet_ID": "黒山島 4. 屏風島", "label": "黒山島 4. 屏風島", "call_short": "G7900 S50 .J3", "call_num": "G7900 S50 .J3 SHEET F14-4", "recid": "qh962yj7296", "websiteUrl": "https://purl.stanford.edu/qh962yj7296", "title": "[朝鮮五万分一地形圖]", "ckey": 9585328, "available": true, "iiifUrl": "https://purl.stanford.edu/qh962yj7296/iiif/manifest" }, "geometry": { "type": "Polygon", "coordinates": [ [ [ 125.75, 34.0 ], [ 126.0, 34.0 ], [ 126.0, 34.1666667 ], [ 125.75, 34.1666667 ], [ 125.75, 34.0 ] ] ] } },
{ "type": "Feature", "properties": { "Id": 0, "Sheet_ID": "黒山島 11. 小中關群島", "label": "黒山島 11. 小中關群島", "call_short": "G7900 S50 .J3", "call_num": "G7900 S50 .J3 SHEET F14-11", "recid": "tt488cw5834", "websiteUrl": "https://purl.stanford.edu/tt488cw5834", "title": "[朝鮮五万分一地形圖]", "ckey": 9585328, "available": true, "iiifUrl": "https://purl.stanford.edu/tt488cw5834/iiif/manifest" }, "geometry": { "type": "Polygon", "coordinates": [ [ [ 125.25, 34.1666667 ], [ 125.5, 34.1666667 ], [ 125.5, 34.3333335 ], [ 125.25, 34.3333335 ], [ 125.25, 34.1666667 ] ] ] } },
{ "type": "Feature", "properties": { "Id": 0, "Sheet_ID": "黒山島 3. 巨次群島", "label": "黒山島 3. 巨次群島", "call_short": "G7900 S50 .J3", "call_num": "G7900 S50 .J3 SHEET F14-3", "recid": "xt734tr8152", "websiteUrl": "https://purl.stanford.edu/xt734tr8152", "title": "[朝鮮五万分一地形圖]", "ckey": 9585328, "available": true, "iiifUrl": "https://purl.stanford.edu/xt734tr8152/iiif/manifest" }, "geometry": { "type": "Polygon", "coordinates": [ [ [ 125.75, 34.1666667 ], [ 126.0, 34.1666667 ], [ 126.0, 34.3333335 ], [ 125.75, 34.3333335 ], [ 125.75, 34.1666667 ] ] ] } },
{ "type": "Feature", "properties": { "Id": 0, "Sheet_ID": "黒山島 10. 下苔嶋", "label": "黒山島 10. 下苔嶋", "call_short": "G7900 S50 .J3", "call_num": "G7900 S50 .J3 SHEET F14-10", "recid": "vj568df9970", "websiteUrl": "https://purl.stanford.edu/vj568df9970", "title": "[朝鮮五万分一地形圖]", "ckey": 9585328, "available": true, "iiifUrl": "https://purl.stanford.edu/vj568df9970/iiif/manifest" }, "geometry": { "type": "Polygon", "coordinates": [ [ [ 125.25, 34.3333335 ], [ 125.5, 34.3333335 ], [ 125.5, 34.5000002 ], [ 125.25, 34.5000002 ], [ 125.25, 34.3333335 ] ] ] } },
{ "type": "Feature", "properties": { "Id": 0, "Sheet_ID": "黒山島 2. 内竝島", "label": "黒山島 2. 内竝島", "call_short": "G7900 S50 .J3", "call_num": "G7900 S50 .J3 SHEET F14-2", "recid": "vh654bj1565", "websiteUrl": "https://purl.stanford.edu/vh654bj1565", "title": "[朝鮮五万分一地形圖]", "ckey": 9585328, "available": true, "iiifUrl": "https://purl.stanford.edu/vh654bj1565/iiif/manifest" }, "geometry": { "type": "Polygon", "coordinates": [ [ [ 125.75, 34.3333335 ], [ 126.0, 34.3333335 ], [ 126.0, 34.5000002 ], [ 125.75, 34.5000002 ], [ 125.75, 34.3333335 ] ] ] } },
{ "type": "Feature", "properties": { "Id": 0, "Sheet_ID": "黒山島 9. 大黒山嶋南部", "label": "黒山島 9. 大黒山嶋南部", "call_short": "G7900 S50 .J3", "call_num": "G7900 S50 .J3 SHEET F14-9", "recid": "nx192mp1606", "websiteUrl": "https://purl.stanford.edu/nx192mp1606", "title": "[朝鮮五万分一地形圖]", "ckey": 9585328, "available": true, "iiifUrl": "https://purl.stanford.edu/nx192mp1606/iiif/manifest" }, "geometry": { "type": "Polygon", "coordinates": [ [ [ 125.25, 34.5000002 ], [ 125.5, 34.5000002 ], [ 125.5, 34.666667 ], [ 125.25, 34.666667 ], [ 125.25, 34.5000002 ] ] ] } },
{ "type": "Feature", "properties": { "Id": 0, "Sheet_ID": "黒山島 1. 牛耳島 / 八口浦近傍 6", "label": "黒山島 1. 牛耳島 / 八口浦近傍 6", "call_short": "G7900 S50 .J3", "call_num": "G7900 S50 .J3 SHEET F14-1", "recid": "vg138xr4524", "websiteUrl": "https://purl.stanford.edu/vg138xr4524", "title": "[朝鮮五万分一地形圖]", "ckey": 9585328, "available": true, "iiifUrl": "https://purl.stanford.edu/vg138xr4524/iiif/manifest" }, "geometry": { "type": "Polygon", "coordinates": [ [ [ 125.75, 34.5000002 ], [ 126.0, 34.5000002 ], [ 126.0, 34.666667 ], [ 125.75, 34.666667 ], [ 125.75, 34.5000002 ] ] ] } },
{ "type": "Feature", "properties": { "Id": 0, "Sheet_ID": "白翎島 6. 大青島 / 巡咸島近傍 12", "label": "白翎島 6. 大青島 / 巡咸島近傍 12", "call_short": "0", "call_num": "0", "recid": "0", "websiteUrl": "0", "title": "0", "ckey": 0, "available": false, "iiifUrl": "0" }, "geometry": { "type": "Polygon", "coordinates": [ [ [ 124.5, 37.666667 ], [ 124.75, 37.666667 ], [ 124.75, 37.8333335 ], [ 124.5, 37.8333335 ], [ 124.5, 37.666667 ] ] ] } },
{ "type": "Feature", "properties": { "Id": 0, "Sheet_ID": "白翎島 2R. 小青島 / 巡咸島近傍 10", "label": "白翎島 2R. 小青島 / 巡咸島近傍 10", "call_short": "G7900 S50 .J3", "call_num": "G7900 S50 .J3 SHEET G9-2R", "recid": "jk356bm7138", "websiteUrl": "https://purl.stanford.edu/jk356bm7138", "title": "[朝鮮五万分一地形圖]", "ckey": 9585328, "available": true, "iiifUrl": "https://purl.stanford.edu/jk356bm7138/iiif/manifest" }, "geometry": { "type": "Polygon", "coordinates": [ [ [ 124.75, 37.666667 ], [ 125.0, 37.666667 ], [ 125.0, 37.8333335 ], [ 124.75, 37.8333335 ], [ 124.75, 37.666667 ] ] ] } },
{ "type": "Feature", "properties": { "Id": 0, "Sheet_ID": "白翎島 5R. 白翎島 / 巡咸島近傍 11", "label": "白翎島 5R. 白翎島 / 巡咸島近傍 11", "call_short": "G7900 S50 .J3", "call_num": "G7900 S50 .J3 SHEET G9-5R", "recid": "fn799fd0726", "websiteUrl": "https://purl.stanford.edu/fn799fd0726", "title": "[朝鮮五万分一地形圖]", "ckey": 9585328, "available": true, "iiifUrl": "https://purl.stanford.edu/fn799fd0726/iiif/manifest" }, "geometry": { "type": "Polygon", "coordinates": [ [ [ 124.5, 37.8333335 ], [ 124.75, 37.8333335 ], [ 124.75, 38.0 ], [ 124.5, 38.0 ], [ 124.5, 37.8333335 ] ] ] } },
{ "type": "Feature", "properties": { "Id": 0, "Sheet_ID": "白翎島 1R. 麻蛤島 / 巡咸島近傍 9", "label": "白翎島 1R. 麻蛤島 / 巡咸島近傍 9", "call_short": "G7900 S50 .J3", "call_num": "G7900 S50 .J3 SHEET G9-1R", "recid": "yb099fw1386", "websiteUrl": "https://purl.stanford.edu/yb099fw1386", "title": "[朝鮮五万分一地形圖]", "ckey": 9585328, "available": true, "iiifUrl": "https://purl.stanford.edu/yb099fw1386/iiif/manifest" }, "geometry": { "type": "Polygon", "coordinates": [ [ [ 124.75, 37.8333335 ], [ 125.0, 37.8333335 ], [ 125.0, 38.0 ], [ 124.75, 38.0 ], [ 124.75, 37.8333335 ] ] ] } }
]
}
