{
"type": "FeatureCollection",
"name": "index_map",
"xy_coordinate_resolution": 1e-07,
"features": [
{ "type": "Feature", "properties": { "Id": 0, "Sheet_ID": "銅陵縣", "label": "銅陵縣", "call_short": "0", "call_num": "0", "recid": "0", "websiteUrl": "0", "title": "0", "ckey": 0, "available": false, "iiifUrl": "0" }, "geometry": { "type": "Polygon", "coordinates": [ [ [ 117.5, 30.666667 ], [ 118.0, 30.666667 ], [ 118.0, 31.0000003 ], [ 117.5, 31.0000003 ], [ 117.5, 30.666667 ] ] ] } },
{ "type": "Feature", "properties": { "Id": 0, "Sheet_ID": "蕪湖18. 南陵縣", "label": "蕪湖18. 南陵縣", "call_short": "G7820 S100 .J35", "call_num": "G7820 S100 .J35 W7S3-18", "recid": "kw314zc3755", "websiteUrl": "https://purl.stanford.edu/kw314zc3755", "title": "南支那十万分一圖", "ckey": 12276630, "available": true, "iiifUrl": "https://purl.stanford.edu/kw314zc3755/iiif/manifest" }, "geometry": { "type": "Polygon", "coordinates": [ [ [ 118.0, 30.666667 ], [ 118.5, 30.666667 ], [ 118.5, 31.0000003 ], [ 118.0, 31.0000003 ], [ 118.0, 30.666667 ] ] ] } },
{ "type": "Feature", "properties": { "Id": 0, "Sheet_ID": "蕪湖13. 宣城縣", "label": "蕪湖13. 宣城縣", "call_short": "G7820 S100 .J35", "call_num": "G7820 S100 .J35 W7S3-13", "recid": "sp853pj1549", "websiteUrl": "https://purl.stanford.edu/sp853pj1549", "title": "南支那十万分一圖", "ckey": 12276630, "available": true, "iiifUrl": "https://purl.stanford.edu/sp853pj1549/iiif/manifest" }, "geometry": { "type": "Polygon", "coordinates": [ [ [ 118.5, 30.666667 ], [ 119.0, 30.666667 ], [ 119.0, 31.0000003 ], [ 118.5, 31.0000003 ], [ 118.5, 30.666667 ] ] ] } },
{ "type": "Feature", "properties": { "Id": 0, "Sheet_ID": "廣徳縣", "label": "廣徳縣", "call_short": "0", "call_num": "0", "recid": "0", "websiteUrl": "0", "title": "0", "ckey": 0, "available": false, "iiifUrl": "0" }, "geometry": { "type": "Polygon", "coordinates": [ [ [ 119.0, 30.666667 ], [ 119.5, 30.666667 ], [ 119.5, 31.0000003 ], [ 119.0, 31.0000003 ], [ 119.0, 30.666667 ] ] ] } },
{ "type": "Feature", "properties": { "Id": 0, "Sheet_ID": "長興縣", "label": "長興縣", "call_short": "0", "call_num": "0", "recid": "0", "websiteUrl": "0", "title": "0", "ckey": 0, "available": false, "iiifUrl": "0" }, "geometry": { "type": "Polygon", "coordinates": [ [ [ 119.5, 30.666667 ], [ 120.0, 30.666667 ], [ 120.0, 31.0000003 ], [ 119.5, 31.0000003 ], [ 119.5, 30.666667 ] ] ] } },
{ "type": "Feature", "properties": { "Id": 0, "Sheet_ID": "嚢安", "label": "嚢安", "call_short": "0", "call_num": "0", "recid": "0", "websiteUrl": "0", "title": "0", "ckey": 0, "available": false, "iiifUrl": "0" }, "geometry": { "type": "Polygon", "coordinates": [ [ [ 117.5, 31.0000003 ], [ 118.0, 31.0000003 ], [ 118.0, 31.3333337 ], [ 117.5, 31.3333337 ], [ 117.5, 31.0000003 ] ] ] } },
{ "type": "Feature", "properties": { "Id": 0, "Sheet_ID": "繁昌縣", "label": "繁昌縣", "call_short": "0", "call_num": "0", "recid": "0", "websiteUrl": "0", "title": "0", "ckey": 0, "available": false, "iiifUrl": "0" }, "geometry": { "type": "Polygon", "coordinates": [ [ [ 118.0, 31.0000003 ], [ 118.5, 31.0000003 ], [ 118.5, 31.3333337 ], [ 118.0, 31.3333337 ], [ 118.0, 31.0000003 ] ] ] } },
{ "type": "Feature", "properties": { "Id": 0, "Sheet_ID": "蕪湖12. 湾沚縣", "label": "蕪湖12. 湾沚縣", "call_short": "G7820 S100 .J35", "call_num": "G7820 S100 .J35 W7S3-12", "recid": "xd293np7581", "websiteUrl": "https://purl.stanford.edu/xd293np7581", "title": "南支那十万分一圖", "ckey": 12276630, "available": true, "iiifUrl": "https://purl.stanford.edu/xd293np7581/iiif/manifest" }, "geometry": { "type": "Polygon", "coordinates": [ [ [ 118.5, 31.0000003 ], [ 119.0, 31.0000003 ], [ 119.0, 31.3333337 ], [ 118.5, 31.3333337 ], [ 118.5, 31.0000003 ] ] ] } },
{ "type": "Feature", "properties": { "Id": 0, "Sheet_ID": "蕪湖7. 郎渓縣", "label": "蕪湖7. 郎渓縣", "call_short": "G7820 S100 .J35", "call_num": "G7820 S100 .J35 W7S3-7", "recid": "vh680mg0782", "websiteUrl": "https://purl.stanford.edu/vh680mg0782", "title": "南支那十万分一圖", "ckey": 12276630, "available": true, "iiifUrl": "https://purl.stanford.edu/vh680mg0782/iiif/manifest" }, "geometry": { "type": "Polygon", "coordinates": [ [ [ 119.0, 31.0000003 ], [ 119.5, 31.0000003 ], [ 119.5, 31.3333337 ], [ 119.0, 31.3333337 ], [ 119.0, 31.0000003 ] ] ] } },
{ "type": "Feature", "properties": { "Id": 0, "Sheet_ID": "夾浦鎮", "label": "夾浦鎮", "call_short": "0", "call_num": "0", "recid": "0", "websiteUrl": "0", "title": "0", "ckey": 0, "available": false, "iiifUrl": "0" }, "geometry": { "type": "Polygon", "coordinates": [ [ [ 119.5, 31.0000003 ], [ 120.0, 31.0000003 ], [ 120.0, 31.3333337 ], [ 119.5, 31.3333337 ], [ 119.5, 31.0000003 ] ] ] } },
{ "type": "Feature", "properties": { "Id": 0, "Sheet_ID": "蕪湖21. 無為縣", "label": "蕪湖21. 無為縣", "call_short": "G7820 S100 .J35", "call_num": "G7820 S100 .J35 W7S3-21", "recid": "qz428hf0725", "websiteUrl": "https://purl.stanford.edu/qz428hf0725", "title": "南支那十万分一圖", "ckey": 12276630, "available": true, "iiifUrl": "https://purl.stanford.edu/qz428hf0725/iiif/manifest" }, "geometry": { "type": "Polygon", "coordinates": [ [ [ 117.5, 31.3333337 ], [ 118.0, 31.3333337 ], [ 118.0, 31.666667 ], [ 117.5, 31.666667 ], [ 117.5, 31.3333337 ] ] ] } },
{ "type": "Feature", "properties": { "Id": 0, "Sheet_ID": "蕪湖縣", "label": "蕪湖縣", "call_short": "0", "call_num": "0", "recid": "0", "websiteUrl": "0", "title": "0", "ckey": 0, "available": false, "iiifUrl": "0" }, "geometry": { "type": "Polygon", "coordinates": [ [ [ 118.0, 31.3333337 ], [ 118.5, 31.3333337 ], [ 118.5, 31.666667 ], [ 118.0, 31.666667 ], [ 118.0, 31.3333337 ] ] ] } },
{ "type": "Feature", "properties": { "Id": 0, "Sheet_ID": "蕪湖11. 高淳縣", "label": "蕪湖11. 高淳縣", "call_short": "G7820 S100 .J35", "call_num": "G7820 S100 .J35 W7S3-11", "recid": "wn440vq5576", "websiteUrl": "https://purl.stanford.edu/wn440vq5576", "title": "南支那十万分一圖", "ckey": 12276630, "available": true, "iiifUrl": "https://purl.stanford.edu/wn440vq5576/iiif/manifest" }, "geometry": { "type": "Polygon", "coordinates": [ [ [ 118.5, 31.3333337 ], [ 119.0, 31.3333337 ], [ 119.0, 31.666667 ], [ 118.5, 31.666667 ], [ 118.5, 31.3333337 ] ] ] } },
{ "type": "Feature", "properties": { "Id": 0, "Sheet_ID": "溧陽縣", "label": "溧陽縣", "call_short": "0", "call_num": "0", "recid": "0", "websiteUrl": "0", "title": "0", "ckey": 0, "available": false, "iiifUrl": "0" }, "geometry": { "type": "Polygon", "coordinates": [ [ [ 119.0, 31.3333337 ], [ 119.5, 31.3333337 ], [ 119.5, 31.666667 ], [ 119.0, 31.666667 ], [ 119.0, 31.3333337 ] ] ] } },
{ "type": "Feature", "properties": { "Id": 0, "Sheet_ID": "宜興縣", "label": "宜興縣", "call_short": "0", "call_num": "0", "recid": "0", "websiteUrl": "0", "title": "0", "ckey": 0, "available": false, "iiifUrl": "0" }, "geometry": { "type": "Polygon", "coordinates": [ [ [ 119.5, 31.3333337 ], [ 120.0, 31.3333337 ], [ 120.0, 31.666667 ], [ 119.5, 31.666667 ], [ 119.5, 31.3333337 ] ] ] } },
{ "type": "Feature", "properties": { "Id": 0, "Sheet_ID": "蘇州", "label": "蘇州", "call_short": "0", "call_num": "0", "recid": "0", "websiteUrl": "0", "title": "0", "ckey": 0, "available": false, "iiifUrl": "0" }, "geometry": { "type": "Polygon", "coordinates": [ [ [ 120.5, 31.3333337 ], [ 121.0, 31.3333337 ], [ 121.0, 31.666667 ], [ 120.5, 31.666667 ], [ 120.5, 31.3333337 ] ] ] } },
{ "type": "Feature", "properties": { "Id": 0, "Sheet_ID": "太倉縣", "label": "太倉縣", "call_short": "0", "call_num": "0", "recid": "0", "websiteUrl": "0", "title": "0", "ckey": 0, "available": false, "iiifUrl": "0" }, "geometry": { "type": "Polygon", "coordinates": [ [ [ 121.0, 31.3333337 ], [ 121.5, 31.3333337 ], [ 121.5, 31.666667 ], [ 121.0, 31.666667 ], [ 121.0, 31.3333337 ] ] ] } },
{ "type": "Feature", "properties": { "Id": 0, "Sheet_ID": "崇明島", "label": "崇明島", "call_short": "0", "call_num": "0", "recid": "0", "websiteUrl": "0", "title": "0", "ckey": 0, "available": false, "iiifUrl": "0" }, "geometry": { "type": "Polygon", "coordinates": [ [ [ 121.5, 31.3333337 ], [ 122.0, 31.3333337 ], [ 122.0, 31.666667 ], [ 121.5, 31.666667 ], [ 121.5, 31.3333337 ] ] ] } },
{ "type": "Feature", "properties": { "Id": 0, "Sheet_ID": "南京25. 巣縣", "label": "南京25. 巣縣", "call_short": "G7820 S100 .J35", "call_num": "G7820 S100 .J35 W7S2-25", "recid": "vk509dk3259", "websiteUrl": "https://purl.stanford.edu/vk509dk3259", "title": "南支那十万分一圖", "ckey": 12276630, "available": true, "iiifUrl": "https://purl.stanford.edu/vk509dk3259/iiif/manifest" }, "geometry": { "type": "Polygon", "coordinates": [ [ [ 117.5, 31.666667 ], [ 118.0, 31.666667 ], [ 118.0, 32.0000003 ], [ 117.5, 32.0000003 ], [ 117.5, 31.666667 ] ] ] } },
{ "type": "Feature", "properties": { "Id": 0, "Sheet_ID": "和縣", "label": "和縣", "call_short": "0", "call_num": "0", "recid": "0", "websiteUrl": "0", "title": "0", "ckey": 0, "available": false, "iiifUrl": "0" }, "geometry": { "type": "Polygon", "coordinates": [ [ [ 118.0, 31.666667 ], [ 118.5, 31.666667 ], [ 118.5, 32.0000003 ], [ 118.0, 32.0000003 ], [ 118.0, 31.666667 ] ] ] } },
{ "type": "Feature", "properties": { "Id": 0, "Sheet_ID": "江寧鎮", "label": "江寧鎮", "call_short": "0", "call_num": "0", "recid": "0", "websiteUrl": "0", "title": "0", "ckey": 0, "available": false, "iiifUrl": "0" }, "geometry": { "type": "Polygon", "coordinates": [ [ [ 118.5, 31.666667 ], [ 119.0, 31.666667 ], [ 119.0, 32.0000003 ], [ 118.5, 32.0000003 ], [ 118.5, 31.666667 ] ] ] } },
{ "type": "Feature", "properties": { "Id": 0, "Sheet_ID": "南京10. 句容縣", "label": "南京10. 句容縣", "call_short": "G7820 S100 .J35", "call_num": "G7820 S100 .J35 W7S2-10", "recid": "np167xf8884", "websiteUrl": "https://purl.stanford.edu/np167xf8884", "title": "南支那十万分一圖", "ckey": 12276630, "available": true, "iiifUrl": "https://purl.stanford.edu/np167xf8884/iiif/manifest" }, "geometry": { "type": "Polygon", "coordinates": [ [ [ 119.0, 31.666667 ], [ 119.5, 31.666667 ], [ 119.5, 32.0000003 ], [ 119.0, 32.0000003 ], [ 119.0, 31.666667 ] ] ] } },
{ "type": "Feature", "properties": { "Id": 0, "Sheet_ID": "常州", "label": "常州", "call_short": "0", "call_num": "0", "recid": "0", "websiteUrl": "0", "title": "0", "ckey": 0, "available": false, "iiifUrl": "0" }, "geometry": { "type": "Polygon", "coordinates": [ [ [ 119.5, 31.666667 ], [ 120.0, 31.666667 ], [ 120.0, 32.0000003 ], [ 119.5, 32.0000003 ], [ 119.5, 31.666667 ] ] ] } },
{ "type": "Feature", "properties": { "Id": 0, "Sheet_ID": "江陰縣", "label": "江陰縣", "call_short": "0", "call_num": "0", "recid": "0", "websiteUrl": "0", "title": "0", "ckey": 0, "available": false, "iiifUrl": "0" }, "geometry": { "type": "Polygon", "coordinates": [ [ [ 120.0, 31.666667 ], [ 120.5, 31.666667 ], [ 120.5, 32.0000003 ], [ 120.0, 32.0000003 ], [ 120.0, 31.666667 ] ] ] } },
{ "type": "Feature", "properties": { "Id": 0, "Sheet_ID": "常熱縣", "label": "常熱縣", "call_short": "0", "call_num": "0", "recid": "0", "websiteUrl": "0", "title": "0", "ckey": 0, "available": false, "iiifUrl": "0" }, "geometry": { "type": "Polygon", "coordinates": [ [ [ 120.5, 31.666667 ], [ 121.0, 31.666667 ], [ 121.0, 32.0000003 ], [ 120.5, 32.0000003 ], [ 120.5, 31.666667 ] ] ] } },
{ "type": "Feature", "properties": { "Id": 0, "Sheet_ID": "通州15. 海門縣", "label": "通州15. 海門縣", "call_short": "G7820 S100 .J35", "call_num": "G7820 S100 .J35 W6S2-15", "recid": "dz849zh4562", "websiteUrl": "https://purl.stanford.edu/dz849zh4562", "title": "南支那十万分一圖", "ckey": 12276630, "available": true, "iiifUrl": "https://purl.stanford.edu/dz849zh4562/iiif/manifest" }, "geometry": { "type": "Polygon", "coordinates": [ [ [ 121.0, 31.666667 ], [ 121.5, 31.666667 ], [ 121.5, 32.0000003 ], [ 121.0, 32.0000003 ], [ 121.0, 31.666667 ] ] ] } },
{ "type": "Feature", "properties": { "Id": 0, "Sheet_ID": "啓東縣", "label": "啓東縣", "call_short": "0", "call_num": "0", "recid": "0", "websiteUrl": "0", "title": "0", "ckey": 0, "available": false, "iiifUrl": "0" }, "geometry": { "type": "Polygon", "coordinates": [ [ [ 121.5, 31.666667 ], [ 122.0, 31.666667 ], [ 122.0, 32.0000003 ], [ 121.5, 32.0000003 ], [ 121.5, 31.666667 ] ] ] } },
{ "type": "Feature", "properties": { "Id": 0, "Sheet_ID": "張橋鎮", "label": "張橋鎮", "call_short": "0", "call_num": "0", "recid": "0", "websiteUrl": "0", "title": "0", "ckey": 0, "available": false, "iiifUrl": "0" }, "geometry": { "type": "Polygon", "coordinates": [ [ [ 117.5, 32.0000003 ], [ 118.0, 32.0000003 ], [ 118.0, 32.3333337 ], [ 117.5, 32.3333337 ], [ 117.5, 32.0000003 ] ] ] } },
{ "type": "Feature", "properties": { "Id": 0, "Sheet_ID": "全椒縣", "label": "全椒縣", "call_short": "0", "call_num": "0", "recid": "0", "websiteUrl": "0", "title": "0", "ckey": 0, "available": false, "iiifUrl": "0" }, "geometry": { "type": "Polygon", "coordinates": [ [ [ 118.0, 32.0000003 ], [ 118.5, 32.0000003 ], [ 118.5, 32.3333337 ], [ 118.0, 32.3333337 ], [ 118.0, 32.0000003 ] ] ] } },
{ "type": "Feature", "properties": { "Id": 0, "Sheet_ID": "南京14. 南京", "label": "南京14. 南京", "call_short": "G7820 S100 .J35", "call_num": "G7820 S100 .J35 W7S2-14", "recid": "gd064hd8222", "websiteUrl": "https://purl.stanford.edu/gd064hd8222", "title": "南支那十万分一圖", "ckey": 12276630, "available": true, "iiifUrl": "https://purl.stanford.edu/gd064hd8222/iiif/manifest" }, "geometry": { "type": "Polygon", "coordinates": [ [ [ 118.5, 32.0000003 ], [ 119.0, 32.0000003 ], [ 119.0, 32.3333337 ], [ 118.5, 32.3333337 ], [ 118.5, 32.0000003 ] ] ] } },
{ "type": "Feature", "properties": { "Id": 0, "Sheet_ID": "鎮江", "label": "鎮江", "call_short": "0", "call_num": "0", "recid": "0", "websiteUrl": "0", "title": "0", "ckey": 0, "available": false, "iiifUrl": "0" }, "geometry": { "type": "Polygon", "coordinates": [ [ [ 119.0, 32.0000003 ], [ 119.5, 32.0000003 ], [ 119.5, 32.3333337 ], [ 119.0, 32.3333337 ], [ 119.0, 32.0000003 ] ] ] } },
{ "type": "Feature", "properties": { "Id": 0, "Sheet_ID": "南京4. 丹陽縣", "label": "南京4. 丹陽縣", "call_short": "G7820 S100 .J35", "call_num": "G7820 S100 .J35 W7S2-4", "recid": "ny604dw0079", "websiteUrl": "https://purl.stanford.edu/ny604dw0079", "title": "南支那十万分一圖", "ckey": 12276630, "available": true, "iiifUrl": "https://purl.stanford.edu/ny604dw0079/iiif/manifest" }, "geometry": { "type": "Polygon", "coordinates": [ [ [ 119.5, 32.0000003 ], [ 120.0, 32.0000003 ], [ 120.0, 32.3333337 ], [ 119.5, 32.3333337 ], [ 119.5, 32.0000003 ] ] ] } },
{ "type": "Feature", "properties": { "Id": 0, "Sheet_ID": "通州24. 泰興縣", "label": "通州24. 泰興縣", "call_short": "G7820 S100 .J35", "call_num": "G7820 S100 .J35 W6S2-24", "recid": "hj618tg0871", "websiteUrl": "https://purl.stanford.edu/hj618tg0871", "title": "南支那十万分一圖", "ckey": 12276630, "available": true, "iiifUrl": "https://purl.stanford.edu/hj618tg0871/iiif/manifest" }, "geometry": { "type": "Polygon", "coordinates": [ [ [ 120.0, 32.0000003 ], [ 120.5, 32.0000003 ], [ 120.5, 32.3333337 ], [ 120.0, 32.3333337 ], [ 120.0, 32.0000003 ] ] ] } },
{ "type": "Feature", "properties": { "Id": 0, "Sheet_ID": "通州19. 通州", "label": "通州19. 通州", "call_short": "G7820 S100 .J35", "call_num": "G7820 S100 .J35 W6S2-19", "recid": "kz044hk1254", "websiteUrl": "https://purl.stanford.edu/kz044hk1254", "title": "南支那十万分一圖", "ckey": 12276630, "available": true, "iiifUrl": "https://purl.stanford.edu/kz044hk1254/iiif/manifest" }, "geometry": { "type": "Polygon", "coordinates": [ [ [ 120.5, 32.0000003 ], [ 121.0, 32.0000003 ], [ 121.0, 32.3333337 ], [ 120.5, 32.3333337 ], [ 120.5, 32.0000003 ] ] ] } },
{ "type": "Feature", "properties": { "Id": 0, "Sheet_ID": "通州14. 掘港鎮", "label": "通州14. 掘港鎮", "call_short": "G7820 S100 .J35", "call_num": "G7820 S100 .J35 W6S2-14", "recid": "fs460cq8775", "websiteUrl": "https://purl.stanford.edu/fs460cq8775", "title": "南支那十万分一圖", "ckey": 12276630, "available": true, "iiifUrl": "https://purl.stanford.edu/fs460cq8775/iiif/manifest" }, "geometry": { "type": "Polygon", "coordinates": [ [ [ 121.0, 32.0000003 ], [ 121.5, 32.0000003 ], [ 121.5, 32.3333337 ], [ 121.0, 32.3333337 ], [ 121.0, 32.0000003 ] ] ] } },
{ "type": "Feature", "properties": { "Id": 0, "Sheet_ID": "通州9. 呂四鎮", "label": "通州9. 呂四鎮", "call_short": "G7820 S100 .J35", "call_num": "G7820 S100 .J35 W6S2-9", "recid": "xx257sy6196", "websiteUrl": "https://purl.stanford.edu/xx257sy6196", "title": "南支那十万分一圖", "ckey": 12276630, "available": true, "iiifUrl": "https://purl.stanford.edu/xx257sy6196/iiif/manifest" }, "geometry": { "type": "Polygon", "coordinates": [ [ [ 121.5, 32.0000003 ], [ 122.0, 32.0000003 ], [ 122.0, 32.3333337 ], [ 121.5, 32.3333337 ], [ 121.5, 32.0000003 ] ] ] } },
{ "type": "Feature", "properties": { "Id": 0, "Sheet_ID": "南京23. 定達縣", "label": "南京23. 定達縣", "call_short": "G7820 S100 .J35", "call_num": "G7820 S100 .J35 W7S2-23", "recid": "tf344dv7920", "websiteUrl": "https://purl.stanford.edu/tf344dv7920", "title": "南支那十万分一圖", "ckey": 12276630, "available": true, "iiifUrl": "https://purl.stanford.edu/tf344dv7920/iiif/manifest" }, "geometry": { "type": "Polygon", "coordinates": [ [ [ 117.5, 32.3333337 ], [ 118.0, 32.3333337 ], [ 118.0, 32.666667 ], [ 117.5, 32.666667 ], [ 117.5, 32.3333337 ] ] ] } },
{ "type": "Feature", "properties": { "Id": 0, "Sheet_ID": "來安縣", "label": "來安縣", "call_short": "0", "call_num": "0", "recid": "0", "websiteUrl": "0", "title": "0", "ckey": 0, "available": false, "iiifUrl": "0" }, "geometry": { "type": "Polygon", "coordinates": [ [ [ 118.0, 32.3333337 ], [ 118.5, 32.3333337 ], [ 118.5, 32.666667 ], [ 118.0, 32.666667 ], [ 118.0, 32.3333337 ] ] ] } },
{ "type": "Feature", "properties": { "Id": 0, "Sheet_ID": "六合縣", "label": "六合縣", "call_short": "0", "call_num": "0", "recid": "0", "websiteUrl": "0", "title": "0", "ckey": 0, "available": false, "iiifUrl": "0" }, "geometry": { "type": "Polygon", "coordinates": [ [ [ 118.5, 32.3333337 ], [ 119.0, 32.3333337 ], [ 119.0, 32.666667 ], [ 118.5, 32.666667 ], [ 118.5, 32.3333337 ] ] ] } },
{ "type": "Feature", "properties": { "Id": 0, "Sheet_ID": "楊州", "label": "楊州", "call_short": "0", "call_num": "0", "recid": "0", "websiteUrl": "0", "title": "0", "ckey": 0, "available": false, "iiifUrl": "0" }, "geometry": { "type": "Polygon", "coordinates": [ [ [ 119.0, 32.3333337 ], [ 119.5, 32.3333337 ], [ 119.5, 32.666667 ], [ 119.0, 32.666667 ], [ 119.0, 32.3333337 ] ] ] } },
{ "type": "Feature", "properties": { "Id": 0, "Sheet_ID": "泰縣", "label": "泰縣", "call_short": "0", "call_num": "0", "recid": "0", "websiteUrl": "0", "title": "0", "ckey": 0, "available": false, "iiifUrl": "0" }, "geometry": { "type": "Polygon", "coordinates": [ [ [ 119.5, 32.3333337 ], [ 120.0, 32.3333337 ], [ 120.0, 32.666667 ], [ 119.5, 32.666667 ], [ 119.5, 32.3333337 ] ] ] } },
{ "type": "Feature", "properties": { "Id": 0, "Sheet_ID": "通州23. 海安鎮", "label": "通州23. 海安鎮", "call_short": "G7820 S100 .J35", "call_num": "G7820 S100 .J35 W6S2-23", "recid": "sx494tj1758", "websiteUrl": "https://purl.stanford.edu/sx494tj1758", "title": "南支那十万分一圖", "ckey": 12276630, "available": true, "iiifUrl": "https://purl.stanford.edu/sx494tj1758/iiif/manifest" }, "geometry": { "type": "Polygon", "coordinates": [ [ [ 120.0, 32.3333337 ], [ 120.5, 32.3333337 ], [ 120.5, 32.666667 ], [ 120.0, 32.666667 ], [ 120.0, 32.3333337 ] ] ] } },
{ "type": "Feature", "properties": { "Id": 0, "Sheet_ID": "通州18. 如皋縣", "label": "通州18. 如皋縣", "call_short": "G7820 S100 .J35", "call_num": "G7820 S100 .J35 W6S2-18", "recid": "yv118mt4221", "websiteUrl": "https://purl.stanford.edu/yv118mt4221", "title": "南支那十万分一圖", "ckey": 12276630, "available": true, "iiifUrl": "https://purl.stanford.edu/yv118mt4221/iiif/manifest" }, "geometry": { "type": "Polygon", "coordinates": [ [ [ 120.5, 32.3333337 ], [ 121.0, 32.3333337 ], [ 121.0, 32.666667 ], [ 120.5, 32.666667 ], [ 120.5, 32.3333337 ] ] ] } },
{ "type": "Feature", "properties": { "Id": 0, "Sheet_ID": "豐利鎮", "label": "豐利鎮", "call_short": "0", "call_num": "0", "recid": "0", "websiteUrl": "0", "title": "0", "ckey": 0, "available": false, "iiifUrl": "0" }, "geometry": { "type": "Polygon", "coordinates": [ [ [ 121.0, 32.3333337 ], [ 121.5, 32.3333337 ], [ 121.5, 32.666667 ], [ 121.0, 32.666667 ], [ 121.0, 32.3333337 ] ] ] } },
{ "type": "Feature", "properties": { "Id": 0, "Sheet_ID": "南京22. 鳳陽縣", "label": "南京22. 鳳陽縣", "call_short": "G7820 S100 .J35", "call_num": "G7820 S100 .J35 W7S2-22", "recid": "mz230db8789", "websiteUrl": "https://purl.stanford.edu/mz230db8789", "title": "南支那十万分一圖", "ckey": 12276630, "available": true, "iiifUrl": "https://purl.stanford.edu/mz230db8789/iiif/manifest" }, "geometry": { "type": "Polygon", "coordinates": [ [ [ 117.5, 32.666667 ], [ 118.0, 32.666667 ], [ 118.0, 33.0000003 ], [ 117.5, 33.0000003 ], [ 117.5, 32.666667 ] ] ] } },
{ "type": "Feature", "properties": { "Id": 0, "Sheet_ID": "明光鎮", "label": "明光鎮", "call_short": "0", "call_num": "0", "recid": "0", "websiteUrl": "0", "title": "0", "ckey": 0, "available": false, "iiifUrl": "0" }, "geometry": { "type": "Polygon", "coordinates": [ [ [ 118.0, 32.666667 ], [ 118.5, 32.666667 ], [ 118.5, 33.0000003 ], [ 118.0, 33.0000003 ], [ 118.0, 32.666667 ] ] ] } },
{ "type": "Feature", "properties": { "Id": 0, "Sheet_ID": "南京12. 銅城鎮", "label": "南京12. 銅城鎮", "call_short": "G7820 S100 .J35", "call_num": "G7820 S100 .J35 W7S2-12", "recid": "gb224bj5131", "websiteUrl": "https://purl.stanford.edu/gb224bj5131", "title": "南支那十万分一圖", "ckey": 12276630, "available": true, "iiifUrl": "https://purl.stanford.edu/gb224bj5131/iiif/manifest" }, "geometry": { "type": "Polygon", "coordinates": [ [ [ 118.5, 32.666667 ], [ 119.0, 32.666667 ], [ 119.0, 33.0000003 ], [ 118.5, 33.0000003 ], [ 118.5, 32.666667 ] ] ] } },
{ "type": "Feature", "properties": { "Id": 0, "Sheet_ID": "高郵縣", "label": "高郵縣", "call_short": "0", "call_num": "0", "recid": "0", "websiteUrl": "0", "title": "0", "ckey": 0, "available": false, "iiifUrl": "0" }, "geometry": { "type": "Polygon", "coordinates": [ [ [ 119.0, 32.666667 ], [ 119.5, 32.666667 ], [ 119.5, 33.0000003 ], [ 119.0, 33.0000003 ], [ 119.0, 32.666667 ] ] ] } },
{ "type": "Feature", "properties": { "Id": 0, "Sheet_ID": "興化縣", "label": "興化縣", "call_short": "0", "call_num": "0", "recid": "0", "websiteUrl": "0", "title": "0", "ckey": 0, "available": false, "iiifUrl": "0" }, "geometry": { "type": "Polygon", "coordinates": [ [ [ 119.5, 32.666667 ], [ 120.0, 32.666667 ], [ 120.0, 33.0000003 ], [ 119.5, 33.0000003 ], [ 119.5, 32.666667 ] ] ] } },
{ "type": "Feature", "properties": { "Id": 0, "Sheet_ID": "通州22. 東臺縣", "label": "通州22. 東臺縣", "call_short": "G7820 S100 .J35", "call_num": "G7820 S100 .J35 W6S2-22", "recid": "mc414yw1880", "websiteUrl": "https://purl.stanford.edu/mc414yw1880", "title": "南支那十万分一圖", "ckey": 12276630, "available": true, "iiifUrl": "https://purl.stanford.edu/mc414yw1880/iiif/manifest" }, "geometry": { "type": "Polygon", "coordinates": [ [ [ 120.0, 32.666667 ], [ 120.5, 32.666667 ], [ 120.5, 33.0000003 ], [ 120.0, 33.0000003 ], [ 120.0, 32.666667 ] ] ] } },
{ "type": "Feature", "properties": { "Id": 0, "Sheet_ID": "南弶", "label": "南弶", "call_short": "0", "call_num": "0", "recid": "0", "websiteUrl": "0", "title": "0", "ckey": 0, "available": false, "iiifUrl": "0" }, "geometry": { "type": "Polygon", "coordinates": [ [ [ 120.5, 32.666667 ], [ 121.0, 32.666667 ], [ 121.0, 33.0000003 ], [ 120.5, 33.0000003 ], [ 120.5, 32.666667 ] ] ] } },
{ "type": "Feature", "properties": { "Id": 0, "Sheet_ID": "五河縣", "label": "五河縣", "call_short": "0", "call_num": "0", "recid": "0", "websiteUrl": "0", "title": "0", "ckey": 0, "available": false, "iiifUrl": "0" }, "geometry": { "type": "Polygon", "coordinates": [ [ [ 117.5, 33.0000003 ], [ 118.0, 33.0000003 ], [ 118.0, 33.3333337 ], [ 117.5, 33.3333337 ], [ 117.5, 33.0000003 ] ] ] } },
{ "type": "Feature", "properties": { "Id": 0, "Sheet_ID": "峯山鎭", "label": "峯山鎭", "call_short": "0", "call_num": "0", "recid": "0", "websiteUrl": "0", "title": "0", "ckey": 0, "available": false, "iiifUrl": "0" }, "geometry": { "type": "Polygon", "coordinates": [ [ [ 118.0, 33.0000003 ], [ 118.5, 33.0000003 ], [ 118.5, 33.3333337 ], [ 118.0, 33.3333337 ], [ 118.0, 33.0000003 ] ] ] } },
{ "type": "Feature", "properties": { "Id": 0, "Sheet_ID": "盰胎縣", "label": "盰胎縣", "call_short": "0", "call_num": "0", "recid": "0", "websiteUrl": "0", "title": "0", "ckey": 0, "available": false, "iiifUrl": "0" }, "geometry": { "type": "Polygon", "coordinates": [ [ [ 118.5, 33.0000003 ], [ 119.0, 33.0000003 ], [ 119.0, 33.3333337 ], [ 118.5, 33.3333337 ], [ 118.5, 33.0000003 ] ] ] } },
{ "type": "Feature", "properties": { "Id": 0, "Sheet_ID": "南京6. 寶應縣", "label": "南京6. 寶應縣", "call_short": "G7820 S100 .J35", "call_num": "G7820 S100 .J35 W7S2-6", "recid": "gb742wb0512", "websiteUrl": "https://purl.stanford.edu/gb742wb0512", "title": "南支那十万分一圖", "ckey": 12276630, "available": true, "iiifUrl": "https://purl.stanford.edu/gb742wb0512/iiif/manifest" }, "geometry": { "type": "Polygon", "coordinates": [ [ [ 119.0, 33.0000003 ], [ 119.5, 33.0000003 ], [ 119.5, 33.3333337 ], [ 119.0, 33.3333337 ], [ 119.0, 33.0000003 ] ] ] } },
{ "type": "Feature", "properties": { "Id": 0, "Sheet_ID": "南京1. 臨澤鎭", "label": "南京1. 臨澤鎭", "call_short": "G7820 S100 .J35", "call_num": "G7820 S100 .J35 W7S2-1", "recid": "tm174ng4919", "websiteUrl": "https://purl.stanford.edu/tm174ng4919", "title": "南支那十万分一圖", "ckey": 12276630, "available": true, "iiifUrl": "https://purl.stanford.edu/tm174ng4919/iiif/manifest" }, "geometry": { "type": "Polygon", "coordinates": [ [ [ 119.5, 33.0000003 ], [ 120.0, 33.0000003 ], [ 120.0, 33.3333337 ], [ 119.5, 33.3333337 ], [ 119.5, 33.0000003 ] ] ] } },
{ "type": "Feature", "properties": { "Id": 0, "Sheet_ID": "通州21. 劉荘", "label": "通州21. 劉荘", "call_short": "G7820 S100 .J35", "call_num": "G7820 S100 .J35 W6S2-21", "recid": "tx440wx3411", "websiteUrl": "https://purl.stanford.edu/tx440wx3411", "title": "南支那十万分一圖", "ckey": 12276630, "available": true, "iiifUrl": "https://purl.stanford.edu/tx440wx3411/iiif/manifest" }, "geometry": { "type": "Polygon", "coordinates": [ [ [ 120.0, 33.0000003 ], [ 120.5, 33.0000003 ], [ 120.5, 33.3333337 ], [ 120.0, 33.3333337 ], [ 120.0, 33.0000003 ] ] ] } },
{ "type": "Feature", "properties": { "Id": 0, "Sheet_ID": "通州16. 大凹子", "label": "通州16. 大凹子", "call_short": "G7820 S100 .J35", "call_num": "G7820 S100 .J35 W6S2-16", "recid": "tf151wr0385", "websiteUrl": "https://purl.stanford.edu/tf151wr0385", "title": "南支那十万分一圖", "ckey": 12276630, "available": true, "iiifUrl": "https://purl.stanford.edu/tf151wr0385/iiif/manifest" }, "geometry": { "type": "Polygon", "coordinates": [ [ [ 120.5, 33.0000003 ], [ 121.0, 33.0000003 ], [ 121.0, 33.3333337 ], [ 120.5, 33.3333337 ], [ 120.5, 33.0000003 ] ] ] } },
{ "type": "Feature", "properties": { "Id": 0, "Sheet_ID": "馬頭鎮", "label": "馬頭鎮", "call_short": "0", "call_num": "0", "recid": "0", "websiteUrl": "0", "title": "0", "ckey": 0, "available": false, "iiifUrl": "0" }, "geometry": { "type": "Polygon", "coordinates": [ [ [ 118.5, 33.3333337 ], [ 119.0, 33.3333337 ], [ 119.0, 33.666667 ], [ 118.5, 33.666667 ], [ 118.5, 33.3333337 ] ] ] } },
{ "type": "Feature", "properties": { "Id": 0, "Sheet_ID": "淮安縣", "label": "淮安縣", "call_short": "0", "call_num": "0", "recid": "0", "websiteUrl": "0", "title": "0", "ckey": 0, "available": false, "iiifUrl": "0" }, "geometry": { "type": "Polygon", "coordinates": [ [ [ 119.0, 33.3333337 ], [ 119.5, 33.3333337 ], [ 119.5, 33.666667 ], [ 119.0, 33.666667 ], [ 119.0, 33.3333337 ] ] ] } },
{ "type": "Feature", "properties": { "Id": 0, "Sheet_ID": "東溝鎮", "label": "東溝鎮", "call_short": "0", "call_num": "0", "recid": "0", "websiteUrl": "0", "title": "0", "ckey": 0, "available": false, "iiifUrl": "0" }, "geometry": { "type": "Polygon", "coordinates": [ [ [ 119.5, 33.3333337 ], [ 120.0, 33.3333337 ], [ 120.0, 33.666667 ], [ 119.5, 33.666667 ], [ 119.5, 33.3333337 ] ] ] } },
{ "type": "Feature", "properties": { "Id": 0, "Sheet_ID": "塩城縣", "label": "塩城縣", "call_short": "0", "call_num": "0", "recid": "0", "websiteUrl": "0", "title": "0", "ckey": 0, "available": false, "iiifUrl": "0" }, "geometry": { "type": "Polygon", "coordinates": [ [ [ 120.0, 33.3333337 ], [ 120.5, 33.3333337 ], [ 120.5, 33.666667 ], [ 120.0, 33.666667 ], [ 120.0, 33.3333337 ] ] ] } },
{ "type": "Feature", "properties": { "Id": 0, "Sheet_ID": "新洋港口", "label": "新洋港口", "call_short": "0", "call_num": "0", "recid": "0", "websiteUrl": "0", "title": "0", "ckey": 0, "available": false, "iiifUrl": "0" }, "geometry": { "type": "Polygon", "coordinates": [ [ [ 120.5, 33.3333337 ], [ 121.0, 33.3333337 ], [ 121.0, 33.666667 ], [ 120.5, 33.666667 ], [ 120.5, 33.3333337 ] ] ] } },
{ "type": "Feature", "properties": { "Id": 0, "Sheet_ID": "廬江縣", "label": "廬江縣", "call_short": "0", "call_num": "0", "recid": "0", "websiteUrl": "0", "title": "0", "ckey": 0, "available": false, "iiifUrl": "0" }, "geometry": { "type": "Polygon", "coordinates": [ [ [ 117.5, 31.0000003 ], [ 117.5, 31.3333337 ], [ 117.0, 31.3333337 ], [ 117.0, 31.0000003 ], [ 117.5, 31.0000003 ] ] ] } },
{ "type": "Feature", "properties": { "Id": 0, "Sheet_ID": "三河鎮", "label": "三河鎮", "call_short": "0", "call_num": "0", "recid": "0", "websiteUrl": "0", "title": "0", "ckey": 0, "available": false, "iiifUrl": "0" }, "geometry": { "type": "Polygon", "coordinates": [ [ [ 117.5, 31.3333337 ], [ 117.5, 31.666667 ], [ 117.0, 31.666667 ], [ 117.0, 31.3333337 ], [ 117.5, 31.3333337 ] ] ] } },
{ "type": "Feature", "properties": { "Id": 0, "Sheet_ID": "華容縣", "label": "華容縣", "call_short": "0", "call_num": "0", "recid": "0", "websiteUrl": "0", "title": "0", "ckey": 0, "available": false, "iiifUrl": "0" }, "geometry": { "type": "Polygon", "coordinates": [ [ [ 112.0, 29.333333 ], [ 112.5, 29.333333 ], [ 112.5, 29.6666664 ], [ 112.0, 29.6666664 ], [ 112.0, 29.333333 ] ] ] } },
{ "type": "Feature", "properties": { "Id": 0, "Sheet_ID": "岳陽縣", "label": "岳陽縣", "call_short": "0", "call_num": "0", "recid": "0", "websiteUrl": "0", "title": "0", "ckey": 0, "available": false, "iiifUrl": "0" }, "geometry": { "type": "Polygon", "coordinates": [ [ [ 112.5, 29.333333 ], [ 113.0, 29.333333 ], [ 113.0, 29.6666664 ], [ 112.5, 29.6666664 ], [ 112.5, 29.333333 ] ] ] } },
{ "type": "Feature", "properties": { "Id": 0, "Sheet_ID": "臨湘縣", "label": "臨湘縣", "call_short": "0", "call_num": "0", "recid": "0", "websiteUrl": "0", "title": "0", "ckey": 0, "available": false, "iiifUrl": "0" }, "geometry": { "type": "Polygon", "coordinates": [ [ [ 113.0, 29.333333 ], [ 113.5, 29.333333 ], [ 113.5, 29.6666664 ], [ 113.0, 29.6666664 ], [ 113.0, 29.333333 ] ] ] } },
{ "type": "Feature", "properties": { "Id": 0, "Sheet_ID": "石首縣", "label": "石首縣", "call_short": "0", "call_num": "0", "recid": "0", "websiteUrl": "0", "title": "0", "ckey": 0, "available": false, "iiifUrl": "0" }, "geometry": { "type": "Polygon", "coordinates": [ [ [ 112.0, 29.6666664 ], [ 112.5, 29.6666664 ], [ 112.5, 29.9999999 ], [ 112.0, 29.9999999 ], [ 112.0, 29.6666664 ] ] ] } },
{ "type": "Feature", "properties": { "Id": 0, "Sheet_ID": "岳州21. 監利縣", "label": "岳州21. 監利縣", "call_short": "G7820 S100 .J35", "call_num": "G7820 S100 .J35 W9S4-21", "recid": "yp202yv8272", "websiteUrl": "https://purl.stanford.edu/yp202yv8272", "title": "南支那十万分一圖", "ckey": 12276630, "available": true, "iiifUrl": "https://purl.stanford.edu/yp202yv8272/iiif/manifest" }, "geometry": { "type": "Polygon", "coordinates": [ [ [ 112.5, 29.6666664 ], [ 113.0, 29.6666664 ], [ 113.0, 29.9999999 ], [ 112.5, 29.9999999 ], [ 112.5, 29.6666664 ] ] ] } },
{ "type": "Feature", "properties": { "Id": 0, "Sheet_ID": "新提", "label": "新提", "call_short": "0", "call_num": "0", "recid": "0", "websiteUrl": "0", "title": "0", "ckey": 0, "available": false, "iiifUrl": "0" }, "geometry": { "type": "Polygon", "coordinates": [ [ [ 113.0, 29.6666664 ], [ 113.5, 29.6666664 ], [ 113.5, 29.9999999 ], [ 113.0, 29.9999999 ], [ 113.0, 29.6666664 ] ] ] } },
{ "type": "Feature", "properties": { "Id": 0, "Sheet_ID": "陽新縣", "label": "陽新縣", "call_short": "0", "call_num": "0", "recid": "0", "websiteUrl": "0", "title": "0", "ckey": 0, "available": false, "iiifUrl": "0" }, "geometry": { "type": "Polygon", "coordinates": [ [ [ 115.0, 29.6666664 ], [ 115.5, 29.6666664 ], [ 115.5, 29.9999999 ], [ 115.0, 29.9999999 ], [ 115.0, 29.6666664 ] ] ] } },
{ "type": "Feature", "properties": { "Id": 0, "Sheet_ID": "九江", "label": "九江", "call_short": "0", "call_num": "0", "recid": "0", "websiteUrl": "0", "title": "0", "ckey": 0, "available": false, "iiifUrl": "0" }, "geometry": { "type": "Polygon", "coordinates": [ [ [ 115.5, 29.6666664 ], [ 116.0, 29.6666664 ], [ 116.0, 29.9999999 ], [ 115.5, 29.9999999 ], [ 115.5, 29.6666664 ] ] ] } },
{ "type": "Feature", "properties": { "Id": 0, "Sheet_ID": "郝穴", "label": "郝穴", "call_short": "0", "call_num": "0", "recid": "0", "websiteUrl": "0", "title": "0", "ckey": 0, "available": false, "iiifUrl": "0" }, "geometry": { "type": "Polygon", "coordinates": [ [ [ 112.0, 29.9999999 ], [ 112.5, 29.9999999 ], [ 112.5, 30.3333333 ], [ 112.0, 30.3333333 ], [ 112.0, 29.9999999 ] ] ] } },
{ "type": "Feature", "properties": { "Id": 0, "Sheet_ID": "白露湖", "label": "白露湖", "call_short": "0", "call_num": "0", "recid": "0", "websiteUrl": "0", "title": "0", "ckey": 0, "available": false, "iiifUrl": "0" }, "geometry": { "type": "Polygon", "coordinates": [ [ [ 112.5, 29.9999999 ], [ 113.0, 29.9999999 ], [ 113.0, 30.3333333 ], [ 112.5, 30.3333333 ], [ 112.5, 29.9999999 ] ] ] } },
{ "type": "Feature", "properties": { "Id": 0, "Sheet_ID": "泟陽縣", "label": "泟陽縣", "call_short": "0", "call_num": "0", "recid": "0", "websiteUrl": "0", "title": "0", "ckey": 0, "available": false, "iiifUrl": "0" }, "geometry": { "type": "Polygon", "coordinates": [ [ [ 113.0, 29.9999999 ], [ 113.5, 29.9999999 ], [ 113.5, 30.3333333 ], [ 113.0, 30.3333333 ], [ 113.0, 29.9999999 ] ] ] } },
{ "type": "Feature", "properties": { "Id": 0, "Sheet_ID": "山玻", "label": "山玻", "call_short": "0", "call_num": "0", "recid": "0", "websiteUrl": "0", "title": "0", "ckey": 0, "available": false, "iiifUrl": "0" }, "geometry": { "type": "Polygon", "coordinates": [ [ [ 114.0, 29.9999999 ], [ 114.5, 29.9999999 ], [ 114.5, 30.3333333 ], [ 114.0, 30.3333333 ], [ 114.0, 29.9999999 ] ] ] } },
{ "type": "Feature", "properties": { "Id": 0, "Sheet_ID": "大治縣", "label": "大治縣", "call_short": "0", "call_num": "0", "recid": "0", "websiteUrl": "0", "title": "0", "ckey": 0, "available": false, "iiifUrl": "0" }, "geometry": { "type": "Polygon", "coordinates": [ [ [ 114.5, 29.9999999 ], [ 115.0, 29.9999999 ], [ 115.0, 30.3333333 ], [ 114.5, 30.3333333 ], [ 114.5, 29.9999999 ] ] ] } },
{ "type": "Feature", "properties": { "Id": 0, "Sheet_ID": "安慶25. 蘄春縣", "label": "安慶25. 蘄春縣", "call_short": "G7820 S100 .J35", "call_num": "G7820 S100 .J35 W8S3-25", "recid": "yk928tj5458", "websiteUrl": "https://purl.stanford.edu/yk928tj5458", "title": "南支那十万分一圖", "ckey": 12276630, "available": true, "iiifUrl": "https://purl.stanford.edu/yk928tj5458/iiif/manifest" }, "geometry": { "type": "Polygon", "coordinates": [ [ [ 115.0, 29.9999999 ], [ 115.5, 29.9999999 ], [ 115.5, 30.3333333 ], [ 115.0, 30.3333333 ], [ 115.0, 29.9999999 ] ] ] } },
{ "type": "Feature", "properties": { "Id": 0, "Sheet_ID": "安慶20. 黄梅縣", "label": "安慶20. 黄梅縣", "call_short": "G7820 S100 .J35", "call_num": "G7820 S100 .J35 W8S3-20", "recid": "mn487yr0905", "websiteUrl": "https://purl.stanford.edu/mn487yr0905", "title": "南支那十万分一圖", "ckey": 12276630, "available": true, "iiifUrl": "https://purl.stanford.edu/mn487yr0905/iiif/manifest" }, "geometry": { "type": "Polygon", "coordinates": [ [ [ 115.5, 29.9999999 ], [ 116.0, 29.9999999 ], [ 116.0, 30.3333333 ], [ 115.5, 30.3333333 ], [ 115.5, 29.9999999 ] ] ] } },
{ "type": "Feature", "properties": { "Id": 0, "Sheet_ID": "仙桃鎮", "label": "仙桃鎮", "call_short": "0", "call_num": "0", "recid": "0", "websiteUrl": "0", "title": "0", "ckey": 0, "available": false, "iiifUrl": "0" }, "geometry": { "type": "Polygon", "coordinates": [ [ [ 113.0, 30.3333333 ], [ 113.5, 30.3333333 ], [ 113.5, 30.6666667 ], [ 113.0, 30.6666667 ], [ 113.0, 30.3333333 ] ] ] } },
{ "type": "Feature", "properties": { "Id": 0, "Sheet_ID": "蔡甸", "label": "蔡甸", "call_short": "0", "call_num": "0", "recid": "0", "websiteUrl": "0", "title": "0", "ckey": 0, "available": false, "iiifUrl": "0" }, "geometry": { "type": "Polygon", "coordinates": [ [ [ 113.5, 30.3333333 ], [ 114.0, 30.3333333 ], [ 114.0, 30.6666667 ], [ 113.5, 30.6666667 ], [ 113.5, 30.3333333 ] ] ] } },
{ "type": "Feature", "properties": { "Id": 0, "Sheet_ID": "武昌", "label": "武昌", "call_short": "0", "call_num": "0", "recid": "0", "websiteUrl": "0", "title": "0", "ckey": 0, "available": false, "iiifUrl": "0" }, "geometry": { "type": "Polygon", "coordinates": [ [ [ 114.0, 30.3333333 ], [ 114.5, 30.3333333 ], [ 114.5, 30.6666667 ], [ 114.0, 30.6666667 ], [ 114.0, 30.3333333 ] ] ] } },
{ "type": "Feature", "properties": { "Id": 0, "Sheet_ID": "武昌4. 黄岡縣", "label": "武昌4. 黄岡縣", "call_short": "G7820 S100 .J35", "call_num": "G7820 S100 .J35 W9S3-4", "recid": "wk941pz3793", "websiteUrl": "https://purl.stanford.edu/wk941pz3793", "title": "南支那十万分一圖", "ckey": 12276630, "available": true, "iiifUrl": "https://purl.stanford.edu/wk941pz3793/iiif/manifest" }, "geometry": { "type": "Polygon", "coordinates": [ [ [ 114.5, 30.3333333 ], [ 115.0, 30.3333333 ], [ 115.0, 30.6666667 ], [ 114.5, 30.6666667 ], [ 114.5, 30.3333333 ] ] ] } },
{ "type": "Feature", "properties": { "Id": 0, "Sheet_ID": "蘄水縣", "label": "蘄水縣", "call_short": "0", "call_num": "0", "recid": "0", "websiteUrl": "0", "title": "0", "ckey": 0, "available": false, "iiifUrl": "0" }, "geometry": { "type": "Polygon", "coordinates": [ [ [ 115.0, 30.3333333 ], [ 115.5, 30.3333333 ], [ 115.5, 30.6666667 ], [ 115.0, 30.6666667 ], [ 115.0, 30.3333333 ] ] ] } },
{ "type": "Feature", "properties": { "Id": 0, "Sheet_ID": "張家塝", "label": "張家塝", "call_short": "0", "call_num": "0", "recid": "0", "websiteUrl": "0", "title": "0", "ckey": 0, "available": false, "iiifUrl": "0" }, "geometry": { "type": "Polygon", "coordinates": [ [ [ 115.5, 30.3333333 ], [ 116.0, 30.3333333 ], [ 116.0, 30.6666667 ], [ 115.5, 30.6666667 ], [ 115.5, 30.3333333 ] ] ] } },
{ "type": "Feature", "properties": { "Id": 0, "Sheet_ID": "應城縣", "label": "應城縣", "call_short": "0", "call_num": "0", "recid": "0", "websiteUrl": "0", "title": "0", "ckey": 0, "available": false, "iiifUrl": "0" }, "geometry": { "type": "Polygon", "coordinates": [ [ [ 113.0, 30.6666667 ], [ 113.5, 30.6666667 ], [ 113.5, 31.0000001 ], [ 113.0, 31.0000001 ], [ 113.0, 30.6666667 ] ] ] } },
{ "type": "Feature", "properties": { "Id": 0, "Sheet_ID": "武昌13. 漢川縣", "label": "武昌13. 漢川縣", "call_short": "G7820 S100 .J35", "call_num": "G7820 S100 .J35 W9S3-13", "recid": "jq492cc6277", "websiteUrl": "https://purl.stanford.edu/jq492cc6277", "title": "南支那十万分一圖", "ckey": 12276630, "available": true, "iiifUrl": "https://purl.stanford.edu/jq492cc6277/iiif/manifest" }, "geometry": { "type": "Polygon", "coordinates": [ [ [ 113.5, 30.6666667 ], [ 114.0, 30.6666667 ], [ 114.0, 31.0000001 ], [ 113.5, 31.0000001 ], [ 113.5, 30.6666667 ] ] ] } },
{ "type": "Feature", "properties": { "Id": 0, "Sheet_ID": "黄陂縣", "label": "黄陂縣", "call_short": "0", "call_num": "0", "recid": "0", "websiteUrl": "0", "title": "0", "ckey": 0, "available": false, "iiifUrl": "0" }, "geometry": { "type": "Polygon", "coordinates": [ [ [ 114.0, 30.6666667 ], [ 114.5, 30.6666667 ], [ 114.5, 31.0000001 ], [ 114.0, 31.0000001 ], [ 114.0, 30.6666667 ] ] ] } },
{ "type": "Feature", "properties": { "Id": 0, "Sheet_ID": "武昌3. 新洲", "label": "武昌3. 新洲", "call_short": "G7820 S100 .J35", "call_num": "G7820 S100 .J35 W9S3-3", "recid": "cd147wz3917", "websiteUrl": "https://purl.stanford.edu/cd147wz3917", "title": "南支那十万分一圖", "ckey": 12276630, "available": true, "iiifUrl": "https://purl.stanford.edu/cd147wz3917/iiif/manifest" }, "geometry": { "type": "Polygon", "coordinates": [ [ [ 114.5, 30.6666667 ], [ 115.0, 30.6666667 ], [ 115.0, 31.0000001 ], [ 114.5, 31.0000001 ], [ 114.5, 30.6666667 ] ] ] } },
{ "type": "Feature", "properties": { "Id": 0, "Sheet_ID": "安慶23. 羅田縣", "label": "安慶23. 羅田縣", "call_short": "G7820 S100 .J35", "call_num": "G7820 S100 .J35 W8S3-23", "recid": "kr525jv2786", "websiteUrl": "https://purl.stanford.edu/kr525jv2786", "title": "南支那十万分一圖", "ckey": 12276630, "available": true, "iiifUrl": "https://purl.stanford.edu/kr525jv2786/iiif/manifest" }, "geometry": { "type": "Polygon", "coordinates": [ [ [ 115.0, 30.6666667 ], [ 115.5, 30.6666667 ], [ 115.5, 31.0000001 ], [ 115.0, 31.0000001 ], [ 115.0, 30.6666667 ] ] ] } },
{ "type": "Feature", "properties": { "Id": 0, "Sheet_ID": "安慶18. 英山縣", "label": "安慶18. 英山縣", "call_short": "G7820 S100 .J35", "call_num": "G7820 S100 .J35 W8S3-18", "recid": "ny214xm6836", "websiteUrl": "https://purl.stanford.edu/ny214xm6836", "title": "南支那十万分一圖", "ckey": 12276630, "available": true, "iiifUrl": "https://purl.stanford.edu/ny214xm6836/iiif/manifest" }, "geometry": { "type": "Polygon", "coordinates": [ [ [ 115.5, 30.6666667 ], [ 116.0, 30.6666667 ], [ 116.0, 31.0000001 ], [ 115.5, 31.0000001 ], [ 115.5, 30.6666667 ] ] ] } },
{ "type": "Feature", "properties": { "Id": 0, "Sheet_ID": "京山縣", "label": "京山縣", "call_short": "0", "call_num": "0", "recid": "0", "websiteUrl": "0", "title": "0", "ckey": 0, "available": false, "iiifUrl": "0" }, "geometry": { "type": "Polygon", "coordinates": [ [ [ 113.0, 31.0000001 ], [ 113.5, 31.0000001 ], [ 113.5, 31.3333336 ], [ 113.0, 31.3333336 ], [ 113.0, 31.0000001 ] ] ] } },
{ "type": "Feature", "properties": { "Id": 0, "Sheet_ID": "安陸縣", "label": "安陸縣", "call_short": "0", "call_num": "0", "recid": "0", "websiteUrl": "0", "title": "0", "ckey": 0, "available": false, "iiifUrl": "0" }, "geometry": { "type": "Polygon", "coordinates": [ [ [ 113.5, 31.0000001 ], [ 114.0, 31.0000001 ], [ 114.0, 31.3333336 ], [ 113.5, 31.3333336 ], [ 113.5, 31.0000001 ] ] ] } },
{ "type": "Feature", "properties": { "Id": 0, "Sheet_ID": "長軒嶺", "label": "長軒嶺", "call_short": "0", "call_num": "0", "recid": "0", "websiteUrl": "0", "title": "0", "ckey": 0, "available": false, "iiifUrl": "0" }, "geometry": { "type": "Polygon", "coordinates": [ [ [ 114.0, 31.0000001 ], [ 114.5, 31.0000001 ], [ 114.5, 31.3333336 ], [ 114.0, 31.3333336 ], [ 114.0, 31.0000001 ] ] ] } },
{ "type": "Feature", "properties": { "Id": 0, "Sheet_ID": "黄安縣", "label": "黄安縣", "call_short": "0", "call_num": "0", "recid": "0", "websiteUrl": "0", "title": "0", "ckey": 0, "available": false, "iiifUrl": "0" }, "geometry": { "type": "Polygon", "coordinates": [ [ [ 114.5, 31.0000001 ], [ 115.0, 31.0000001 ], [ 115.0, 31.3333336 ], [ 114.5, 31.3333336 ], [ 114.5, 31.0000001 ] ] ] } },
{ "type": "Feature", "properties": { "Id": 0, "Sheet_ID": "麻城縣", "label": "麻城縣", "call_short": "0", "call_num": "0", "recid": "0", "websiteUrl": "0", "title": "0", "ckey": 0, "available": false, "iiifUrl": "0" }, "geometry": { "type": "Polygon", "coordinates": [ [ [ 115.0, 31.0000001 ], [ 115.5, 31.0000001 ], [ 115.5, 31.3333336 ], [ 115.0, 31.3333336 ], [ 115.0, 31.0000001 ] ] ] } },
{ "type": "Feature", "properties": { "Id": 0, "Sheet_ID": "安慶17. 僧塔寺", "label": "安慶17. 僧塔寺", "call_short": "G7820 S100 .J35", "call_num": "G7820 S100 .J35 W8S3-17", "recid": "kr318dq8401", "websiteUrl": "https://purl.stanford.edu/kr318dq8401", "title": "南支那十万分一圖", "ckey": 12276630, "available": true, "iiifUrl": "https://purl.stanford.edu/kr318dq8401/iiif/manifest" }, "geometry": { "type": "Polygon", "coordinates": [ [ [ 115.5, 31.0000001 ], [ 116.0, 31.0000001 ], [ 116.0, 31.3333336 ], [ 115.5, 31.3333336 ], [ 115.5, 31.0000001 ] ] ] } },
{ "type": "Feature", "properties": { "Id": 0, "Sheet_ID": "七里坪", "label": "七里坪", "call_short": "0", "call_num": "0", "recid": "0", "websiteUrl": "0", "title": "0", "ckey": 0, "available": false, "iiifUrl": "0" }, "geometry": { "type": "Polygon", "coordinates": [ [ [ 114.5, 31.3333336 ], [ 115.0, 31.3333336 ], [ 115.0, 31.666667 ], [ 114.5, 31.666667 ], [ 114.5, 31.3333336 ] ] ] } },
{ "type": "Feature", "properties": { "Id": 0, "Sheet_ID": "安慶21. 三河口", "label": "安慶21. 三河口", "call_short": "G7820 S100 .J35", "call_num": "G7820 S100 .J35 W8S3-21", "recid": "jj765jh2961", "websiteUrl": "https://purl.stanford.edu/jj765jh2961", "title": "南支那十万分一圖", "ckey": 12276630, "available": true, "iiifUrl": "https://purl.stanford.edu/jj765jh2961/iiif/manifest" }, "geometry": { "type": "Polygon", "coordinates": [ [ [ 115.0, 31.3333336 ], [ 115.5, 31.3333336 ], [ 115.5, 31.666667 ], [ 115.0, 31.666667 ], [ 115.0, 31.3333336 ] ] ] } },
{ "type": "Feature", "properties": { "Id": 0, "Sheet_ID": "三溪口", "label": "三溪口", "call_short": "0", "call_num": "0", "recid": "0", "websiteUrl": "0", "title": "0", "ckey": 0, "available": false, "iiifUrl": "0" }, "geometry": { "type": "Polygon", "coordinates": [ [ [ 115.0, 29.6666664 ], [ 115.0, 29.9999999 ], [ 114.5, 29.9999999 ], [ 114.5, 29.6666664 ], [ 115.0, 29.6666664 ] ] ] } },
{ "type": "Feature", "properties": { "Id": 0, "Sheet_ID": "隴城", "label": "隴城", "call_short": "0", "call_num": "0", "recid": "0", "websiteUrl": "0", "title": "0", "ckey": 0, "available": false, "iiifUrl": "0" }, "geometry": { "type": "Polygon", "coordinates": [ [ [ 109.5, 25.666667 ], [ 110.0, 25.666667 ], [ 110.0, 26.0000003 ], [ 109.5, 26.0000003 ], [ 109.5, 25.666667 ] ] ] } },
{ "type": "Feature", "properties": { "Id": 0, "Sheet_ID": "蓬崗", "label": "蓬崗", "call_short": "0", "call_num": "0", "recid": "0", "websiteUrl": "0", "title": "0", "ckey": 0, "available": false, "iiifUrl": "0" }, "geometry": { "type": "Polygon", "coordinates": [ [ [ 110.0, 25.666667 ], [ 110.5, 25.666667 ], [ 110.5, 26.0000003 ], [ 110.0, 26.0000003 ], [ 110.0, 25.666667 ] ] ] } },
{ "type": "Feature", "properties": { "Id": 0, "Sheet_ID": "黎平7. 牙屯堡", "label": "黎平7. 牙屯堡", "call_short": "G7820 S100 .J35", "call_num": "G7820 S100 .J35 W11S6-7", "recid": "bj108jt6449", "websiteUrl": "https://purl.stanford.edu/bj108jt6449", "title": "南支那十万分一圖", "ckey": 12276630, "available": true, "iiifUrl": "https://purl.stanford.edu/bj108jt6449/iiif/manifest" }, "geometry": { "type": "Polygon", "coordinates": [ [ [ 109.0, 26.0000003 ], [ 109.5, 26.0000003 ], [ 109.5, 26.3333337 ], [ 109.0, 26.3333337 ], [ 109.0, 26.0000003 ] ] ] } },
{ "type": "Feature", "properties": { "Id": 0, "Sheet_ID": "黎平2. 長安堡", "label": "黎平2. 長安堡", "call_short": "G7820 S100 .J35", "call_num": "G7820 S100 .J35 W11S6-2", "recid": "ph555hs6261", "websiteUrl": "https://purl.stanford.edu/ph555hs6261", "title": "南支那十万分一圖", "ckey": 12276630, "available": true, "iiifUrl": "https://purl.stanford.edu/ph555hs6261/iiif/manifest" }, "geometry": { "type": "Polygon", "coordinates": [ [ [ 109.5, 26.0000003 ], [ 110.0, 26.0000003 ], [ 110.0, 26.3333337 ], [ 109.5, 26.3333337 ], [ 109.5, 26.0000003 ] ] ] } },
{ "type": "Feature", "properties": { "Id": 0, "Sheet_ID": "城歩縣", "label": "城歩縣", "call_short": "0", "call_num": "0", "recid": "0", "websiteUrl": "0", "title": "0", "ckey": 0, "available": false, "iiifUrl": "0" }, "geometry": { "type": "Polygon", "coordinates": [ [ [ 110.0, 26.0000003 ], [ 110.5, 26.0000003 ], [ 110.5, 26.3333337 ], [ 110.0, 26.3333337 ], [ 110.0, 26.0000003 ] ] ] } },
{ "type": "Feature", "properties": { "Id": 0, "Sheet_ID": "新寧縣", "label": "新寧縣", "call_short": "0", "call_num": "0", "recid": "0", "websiteUrl": "0", "title": "0", "ckey": 0, "available": false, "iiifUrl": "0" }, "geometry": { "type": "Polygon", "coordinates": [ [ [ 110.5, 26.0000003 ], [ 111.0, 26.0000003 ], [ 111.0, 26.3333337 ], [ 110.5, 26.3333337 ], [ 110.5, 26.0000003 ] ] ] } },
{ "type": "Feature", "properties": { "Id": 0, "Sheet_ID": "東安縣", "label": "東安縣", "call_short": "0", "call_num": "0", "recid": "0", "websiteUrl": "0", "title": "0", "ckey": 0, "available": false, "iiifUrl": "0" }, "geometry": { "type": "Polygon", "coordinates": [ [ [ 111.0, 26.0000003 ], [ 111.5, 26.0000003 ], [ 111.5, 26.3333337 ], [ 111.0, 26.3333337 ], [ 111.0, 26.0000003 ] ] ] } },
{ "type": "Feature", "properties": { "Id": 0, "Sheet_ID": "零陵縣", "label": "零陵縣", "call_short": "0", "call_num": "0", "recid": "0", "websiteUrl": "0", "title": "0", "ckey": 0, "available": false, "iiifUrl": "0" }, "geometry": { "type": "Polygon", "coordinates": [ [ [ 111.5, 26.0000003 ], [ 112.0, 26.0000003 ], [ 112.0, 26.3333337 ], [ 111.5, 26.3333337 ], [ 111.5, 26.0000003 ] ] ] } },
{ "type": "Feature", "properties": { "Id": 0, "Sheet_ID": "塔山", "label": "塔山", "call_short": "0", "call_num": "0", "recid": "0", "websiteUrl": "0", "title": "0", "ckey": 0, "available": false, "iiifUrl": "0" }, "geometry": { "type": "Polygon", "coordinates": [ [ [ 112.0, 26.0000003 ], [ 112.5, 26.0000003 ], [ 112.5, 26.3333337 ], [ 112.0, 26.3333337 ], [ 112.0, 26.0000003 ] ] ] } },
{ "type": "Feature", "properties": { "Id": 0, "Sheet_ID": "永興縣", "label": "永興縣", "call_short": "0", "call_num": "0", "recid": "0", "websiteUrl": "0", "title": "0", "ckey": 0, "available": false, "iiifUrl": "0" }, "geometry": { "type": "Polygon", "coordinates": [ [ [ 112.5, 26.0000003 ], [ 113.0, 26.0000003 ], [ 113.0, 26.3333337 ], [ 112.5, 26.3333337 ], [ 112.5, 26.0000003 ] ] ] } },
{ "type": "Feature", "properties": { "Id": 0, "Sheet_ID": "黎平6. 通道縣", "label": "黎平6. 通道縣", "call_short": "G7820 S100 .J35", "call_num": "G7820 S100 .J35 W11S6-6", "recid": "tb155js7290", "websiteUrl": "https://purl.stanford.edu/tb155js7290", "title": "南支那十万分一圖", "ckey": 12276630, "available": true, "iiifUrl": "https://purl.stanford.edu/tb155js7290/iiif/manifest" }, "geometry": { "type": "Polygon", "coordinates": [ [ [ 109.0, 26.3333337 ], [ 109.5, 26.3333337 ], [ 109.5, 26.666667 ], [ 109.0, 26.666667 ], [ 109.0, 26.3333337 ] ] ] } },
{ "type": "Feature", "properties": { "Id": 0, "Sheet_ID": "黎平1. 綏寧縣", "label": "黎平1. 綏寧縣", "call_short": "G7820 S100 .J35", "call_num": "G7820 S100 .J35 W11S6-1", "recid": "nv473nw2326", "websiteUrl": "https://purl.stanford.edu/nv473nw2326", "title": "南支那十万分一圖", "ckey": 12276630, "available": true, "iiifUrl": "https://purl.stanford.edu/nv473nw2326/iiif/manifest" }, "geometry": { "type": "Polygon", "coordinates": [ [ [ 109.5, 26.3333337 ], [ 110.0, 26.3333337 ], [ 110.0, 26.666667 ], [ 109.5, 26.666667 ], [ 109.5, 26.3333337 ] ] ] } },
{ "type": "Feature", "properties": { "Id": 0, "Sheet_ID": "桂林21. 武陽", "label": "桂林21. 武陽", "call_short": "G7820 S100 .J35", "call_num": "G7820 S100 .J35 W10S6-21", "recid": "hp641rf8149", "websiteUrl": "https://purl.stanford.edu/hp641rf8149", "title": "南支那十万分一圖", "ckey": 12276630, "available": true, "iiifUrl": "https://purl.stanford.edu/hp641rf8149/iiif/manifest" }, "geometry": { "type": "Polygon", "coordinates": [ [ [ 110.0, 26.3333337 ], [ 110.5, 26.3333337 ], [ 110.5, 26.666667 ], [ 110.0, 26.666667 ], [ 110.0, 26.3333337 ] ] ] } },
{ "type": "Feature", "properties": { "Id": 0, "Sheet_ID": "桂林16. 白砂", "label": "桂林16. 白砂", "call_short": "G7820 S100 .J35", "call_num": "G7820 S100 .J35 W10S6-16", "recid": "xy775hj0574", "websiteUrl": "https://purl.stanford.edu/xy775hj0574", "title": "南支那十万分一圖", "ckey": 12276630, "available": true, "iiifUrl": "https://purl.stanford.edu/xy775hj0574/iiif/manifest" }, "geometry": { "type": "Polygon", "coordinates": [ [ [ 110.5, 26.3333337 ], [ 111.0, 26.3333337 ], [ 111.0, 26.666667 ], [ 110.5, 26.666667 ], [ 110.5, 26.3333337 ] ] ] } },
{ "type": "Feature", "properties": { "Id": 0, "Sheet_ID": "桂林11. 蘆洪司", "label": "桂林11. 蘆洪司", "call_short": "G7820 S100 .J35", "call_num": "G7820 S100 .J35 W10S6-11", "recid": "xx992fp2715", "websiteUrl": "https://purl.stanford.edu/xx992fp2715", "title": "南支那十万分一圖", "ckey": 12276630, "available": true, "iiifUrl": "https://purl.stanford.edu/xx992fp2715/iiif/manifest" }, "geometry": { "type": "Polygon", "coordinates": [ [ [ 111.0, 26.3333337 ], [ 111.5, 26.3333337 ], [ 111.5, 26.666667 ], [ 111.0, 26.666667 ], [ 111.0, 26.3333337 ] ] ] } },
{ "type": "Feature", "properties": { "Id": 0, "Sheet_ID": "祁陽縣", "label": "祁陽縣", "call_short": "0", "call_num": "0", "recid": "0", "websiteUrl": "0", "title": "0", "ckey": 0, "available": false, "iiifUrl": "0" }, "geometry": { "type": "Polygon", "coordinates": [ [ [ 111.5, 26.3333337 ], [ 112.0, 26.3333337 ], [ 112.0, 26.666667 ], [ 111.5, 26.666667 ], [ 111.5, 26.3333337 ] ] ] } },
{ "type": "Feature", "properties": { "Id": 0, "Sheet_ID": "桂林1. 常寧縣", "label": "桂林1. 常寧縣", "call_short": "G7820 S100 .J35", "call_num": "G7820 S100 .J35 W10S6-1", "recid": "qg061kv3311", "websiteUrl": "https://purl.stanford.edu/qg061kv3311", "title": "南支那十万分一圖", "ckey": 12276630, "available": true, "iiifUrl": "https://purl.stanford.edu/qg061kv3311/iiif/manifest" }, "geometry": { "type": "Polygon", "coordinates": [ [ [ 112.0, 26.3333337 ], [ 112.5, 26.3333337 ], [ 112.5, 26.666667 ], [ 112.0, 26.666667 ], [ 112.0, 26.3333337 ] ] ] } },
{ "type": "Feature", "properties": { "Id": 0, "Sheet_ID": "来陽縣", "label": "来陽縣", "call_short": "0", "call_num": "0", "recid": "0", "websiteUrl": "0", "title": "0", "ckey": 0, "available": false, "iiifUrl": "0" }, "geometry": { "type": "Polygon", "coordinates": [ [ [ 112.5, 26.3333337 ], [ 113.0, 26.3333337 ], [ 113.0, 26.666667 ], [ 112.5, 26.666667 ], [ 112.5, 26.3333337 ] ] ] } },
{ "type": "Feature", "properties": { "Id": 0, "Sheet_ID": "唐田墟", "label": "唐田墟", "call_short": "0", "call_num": "0", "recid": "0", "websiteUrl": "0", "title": "0", "ckey": 0, "available": false, "iiifUrl": "0" }, "geometry": { "type": "Polygon", "coordinates": [ [ [ 113.0, 26.3333337 ], [ 113.5, 26.3333337 ], [ 113.5, 26.666667 ], [ 113.0, 26.666667 ], [ 113.0, 26.3333337 ] ] ] } },
{ "type": "Feature", "properties": { "Id": 0, "Sheet_ID": "鎭遠15. 涼傘", "label": "鎭遠15. 涼傘", "call_short": "G7820 S100 .J35", "call_num": "G7820 S100 .J35 W11S5-15", "recid": "gk526tf7992", "websiteUrl": "https://purl.stanford.edu/gk526tf7992", "title": "南支那十万分一圖", "ckey": 12276630, "available": true, "iiifUrl": "https://purl.stanford.edu/gk526tf7992/iiif/manifest" }, "geometry": { "type": "Polygon", "coordinates": [ [ [ 108.5, 26.666667 ], [ 109.0, 26.666667 ], [ 109.0, 27.0000003 ], [ 108.5, 27.0000003 ], [ 108.5, 26.666667 ] ] ] } },
{ "type": "Feature", "properties": { "Id": 0, "Sheet_ID": "鎭遠10. 靖縣", "label": "鎭遠10. 靖縣", "call_short": "G7820 S100 .J35", "call_num": "G7820 S100 .J35 W11S5-10", "recid": "hp190zs7070", "websiteUrl": "https://purl.stanford.edu/hp190zs7070", "title": "南支那十万分一圖", "ckey": 12276630, "available": true, "iiifUrl": "https://purl.stanford.edu/hp190zs7070/iiif/manifest" }, "geometry": { "type": "Polygon", "coordinates": [ [ [ 109.0, 26.666667 ], [ 109.5, 26.666667 ], [ 109.5, 27.0000003 ], [ 109.0, 27.0000003 ], [ 109.0, 26.666667 ] ] ] } },
{ "type": "Feature", "properties": { "Id": 0, "Sheet_ID": "鎭遠5. 會同縣", "label": "鎭遠5. 會同縣", "call_short": "G7820 S100 .J35", "call_num": "G7820 S100 .J35 W11S5-5", "recid": "zq735cp1568", "websiteUrl": "https://purl.stanford.edu/zq735cp1568", "title": "南支那十万分一圖", "ckey": 12276630, "available": true, "iiifUrl": "https://purl.stanford.edu/zq735cp1568/iiif/manifest" }, "geometry": { "type": "Polygon", "coordinates": [ [ [ 109.5, 26.666667 ], [ 110.0, 26.666667 ], [ 110.0, 27.0000003 ], [ 109.5, 27.0000003 ], [ 109.5, 26.666667 ] ] ] } },
{ "type": "Feature", "properties": { "Id": 0, "Sheet_ID": "衡州25. 瓦屋塘", "label": "衡州25. 瓦屋塘", "call_short": "G7820 S100 .J35", "call_num": "G7820 S100 .J35 W10S5-25", "recid": "kh921rb2946", "websiteUrl": "https://purl.stanford.edu/kh921rb2946", "title": "南支那十万分一圖", "ckey": 12276630, "available": true, "iiifUrl": "https://purl.stanford.edu/kh921rb2946/iiif/manifest" }, "geometry": { "type": "Polygon", "coordinates": [ [ [ 110.0, 26.666667 ], [ 110.5, 26.666667 ], [ 110.5, 27.0000003 ], [ 110.0, 27.0000003 ], [ 110.0, 26.666667 ] ] ] } },
{ "type": "Feature", "properties": { "Id": 0, "Sheet_ID": "衡州20. 武岡縣", "label": "衡州20. 武岡縣", "call_short": "G7820 S100 .J35", "call_num": "G7820 S100 .J35 W10S5-20", "recid": "xm239nr5412", "websiteUrl": "https://purl.stanford.edu/xm239nr5412", "title": "南支那十万分一圖", "ckey": 12276630, "available": true, "iiifUrl": "https://purl.stanford.edu/xm239nr5412/iiif/manifest" }, "geometry": { "type": "Polygon", "coordinates": [ [ [ 110.5, 26.666667 ], [ 111.0, 26.666667 ], [ 111.0, 27.0000003 ], [ 110.5, 27.0000003 ], [ 110.5, 26.666667 ] ] ] } },
{ "type": "Feature", "properties": { "Id": 0, "Sheet_ID": "衡州15. 石門司", "label": "衡州15. 石門司", "call_short": "G7820 S100 .J35", "call_num": "G7820 S100 .J35 W10S5-15", "recid": "pq853js2388", "websiteUrl": "https://purl.stanford.edu/pq853js2388", "title": "南支那十万分一圖", "ckey": 12276630, "available": true, "iiifUrl": "https://purl.stanford.edu/pq853js2388/iiif/manifest" }, "geometry": { "type": "Polygon", "coordinates": [ [ [ 111.0, 26.666667 ], [ 111.5, 26.666667 ], [ 111.5, 27.0000003 ], [ 111.0, 27.0000003 ], [ 111.0, 26.666667 ] ] ] } },
{ "type": "Feature", "properties": { "Id": 0, "Sheet_ID": "酈家坪", "label": "酈家坪", "call_short": "0", "call_num": "0", "recid": "0", "websiteUrl": "0", "title": "0", "ckey": 0, "available": false, "iiifUrl": "0" }, "geometry": { "type": "Polygon", "coordinates": [ [ [ 111.5, 26.666667 ], [ 112.0, 26.666667 ], [ 112.0, 27.0000003 ], [ 111.5, 27.0000003 ], [ 111.5, 26.666667 ] ] ] } },
{ "type": "Feature", "properties": { "Id": 0, "Sheet_ID": "衡陽縣", "label": "衡陽縣", "call_short": "0", "call_num": "0", "recid": "0", "websiteUrl": "0", "title": "0", "ckey": 0, "available": false, "iiifUrl": "0" }, "geometry": { "type": "Polygon", "coordinates": [ [ [ 112.0, 26.666667 ], [ 112.5, 26.666667 ], [ 112.5, 27.0000003 ], [ 112.0, 27.0000003 ], [ 112.0, 26.666667 ] ] ] } },
{ "type": "Feature", "properties": { "Id": 0, "Sheet_ID": "長沙25. 泉渓市", "label": "長沙25. 泉渓市", "call_short": "G7820 S100 .J35", "call_num": "G7820 S100 .J35 W9S5-25", "recid": "gs353rw9267", "websiteUrl": "https://purl.stanford.edu/gs353rw9267", "title": "南支那十万分一圖", "ckey": 12276630, "available": true, "iiifUrl": "https://purl.stanford.edu/gs353rw9267/iiif/manifest" }, "geometry": { "type": "Polygon", "coordinates": [ [ [ 112.5, 26.666667 ], [ 113.0, 26.666667 ], [ 113.0, 27.0000003 ], [ 112.5, 27.0000003 ], [ 112.5, 26.666667 ] ] ] } },
{ "type": "Feature", "properties": { "Id": 0, "Sheet_ID": "茶陵縣", "label": "茶陵縣", "call_short": "0", "call_num": "0", "recid": "0", "websiteUrl": "0", "title": "0", "ckey": 0, "available": false, "iiifUrl": "0" }, "geometry": { "type": "Polygon", "coordinates": [ [ [ 113.0, 26.666667 ], [ 113.5, 26.666667 ], [ 113.5, 27.0000003 ], [ 113.0, 27.0000003 ], [ 113.0, 26.666667 ] ] ] } },
{ "type": "Feature", "properties": { "Id": 0, "Sheet_ID": "玉屏縣", "label": "玉屏縣", "call_short": "0", "call_num": "0", "recid": "0", "websiteUrl": "0", "title": "0", "ckey": 0, "available": false, "iiifUrl": "0" }, "geometry": { "type": "Polygon", "coordinates": [ [ [ 108.5, 27.0000003 ], [ 109.0, 27.0000003 ], [ 109.0, 27.3333337 ], [ 108.5, 27.3333337 ], [ 108.5, 27.0000003 ] ] ] } },
{ "type": "Feature", "properties": { "Id": 0, "Sheet_ID": "晃縣", "label": "晃縣", "call_short": "0", "call_num": "0", "recid": "0", "websiteUrl": "0", "title": "0", "ckey": 0, "available": false, "iiifUrl": "0" }, "geometry": { "type": "Polygon", "coordinates": [ [ [ 109.0, 27.0000003 ], [ 109.5, 27.0000003 ], [ 109.5, 27.3333337 ], [ 109.0, 27.3333337 ], [ 109.0, 27.0000003 ] ] ] } },
{ "type": "Feature", "properties": { "Id": 0, "Sheet_ID": "鎭遠4. 芷江縣", "label": "鎭遠4. 芷江縣", "call_short": "G7820 S100 .J35", "call_num": "G7820 S100 .J35 W11S5-4", "recid": "mn928xc9621", "websiteUrl": "https://purl.stanford.edu/mn928xc9621", "title": "南支那十万分一圖", "ckey": 12276630, "available": true, "iiifUrl": "https://purl.stanford.edu/mn928xc9621/iiif/manifest" }, "geometry": { "type": "Polygon", "coordinates": [ [ [ 109.5, 27.0000003 ], [ 110.0, 27.0000003 ], [ 110.0, 27.3333337 ], [ 109.5, 27.3333337 ], [ 109.5, 27.0000003 ] ] ] } },
{ "type": "Feature", "properties": { "Id": 0, "Sheet_ID": "龍潭司", "label": "龍潭司", "call_short": "0", "call_num": "0", "recid": "0", "websiteUrl": "0", "title": "0", "ckey": 0, "available": false, "iiifUrl": "0" }, "geometry": { "type": "Polygon", "coordinates": [ [ [ 110.0, 27.0000003 ], [ 110.5, 27.0000003 ], [ 110.5, 27.3333337 ], [ 110.0, 27.3333337 ], [ 110.0, 27.0000003 ] ] ] } },
{ "type": "Feature", "properties": { "Id": 0, "Sheet_ID": "衡州19. 賽市", "label": "衡州19. 賽市", "call_short": "G7820 S100 .J35", "call_num": "G7820 S100 .J35 W10S5-19", "recid": "wc332mp5428", "websiteUrl": "https://purl.stanford.edu/wc332mp5428", "title": "南支那十万分一圖", "ckey": 12276630, "available": true, "iiifUrl": "https://purl.stanford.edu/wc332mp5428/iiif/manifest" }, "geometry": { "type": "Polygon", "coordinates": [ [ [ 110.5, 27.0000003 ], [ 111.0, 27.0000003 ], [ 111.0, 27.3333337 ], [ 110.5, 27.3333337 ], [ 110.5, 27.0000003 ] ] ] } },
{ "type": "Feature", "properties": { "Id": 0, "Sheet_ID": "衡州14. 寶慶縣", "label": "衡州14. 寶慶縣", "call_short": "G7820 S100 .J35", "call_num": "G7820 S100 .J35 W10S5-14", "recid": "kp704dv0838", "websiteUrl": "https://purl.stanford.edu/kp704dv0838", "title": "南支那十万分一圖", "ckey": 12276630, "available": true, "iiifUrl": "https://purl.stanford.edu/kp704dv0838/iiif/manifest" }, "geometry": { "type": "Polygon", "coordinates": [ [ [ 111.0, 27.0000003 ], [ 111.5, 27.0000003 ], [ 111.5, 27.3333337 ], [ 111.0, 27.3333337 ], [ 111.0, 27.0000003 ] ] ] } },
{ "type": "Feature", "properties": { "Id": 0, "Sheet_ID": "衡州9. 黒田舖", "label": "衡州9. 黒田舖", "call_short": "G7820 S100 .J35", "call_num": "G7820 S100 .J35 W10S5-9", "recid": "sg375bj8088", "websiteUrl": "https://purl.stanford.edu/sg375bj8088", "title": "南支那十万分一圖", "ckey": 12276630, "available": true, "iiifUrl": "https://purl.stanford.edu/sg375bj8088/iiif/manifest" }, "geometry": { "type": "Polygon", "coordinates": [ [ [ 111.5, 27.0000003 ], [ 112.0, 27.0000003 ], [ 112.0, 27.3333337 ], [ 111.5, 27.3333337 ], [ 111.5, 27.0000003 ] ] ] } },
{ "type": "Feature", "properties": { "Id": 0, "Sheet_ID": "衡州4. 渣江", "label": "衡州4. 渣江", "call_short": "G7820 S100 .J35", "call_num": "G7820 S100 .J35 W10S5-4", "recid": "zy203sf2640", "websiteUrl": "https://purl.stanford.edu/zy203sf2640", "title": "南支那十万分一圖", "ckey": 12276630, "available": true, "iiifUrl": "https://purl.stanford.edu/zy203sf2640/iiif/manifest" }, "geometry": { "type": "Polygon", "coordinates": [ [ [ 112.0, 27.0000003 ], [ 112.5, 27.0000003 ], [ 112.5, 27.3333337 ], [ 112.0, 27.3333337 ], [ 112.0, 27.0000003 ] ] ] } },
{ "type": "Feature", "properties": { "Id": 0, "Sheet_ID": "長沙24. 衝山縣", "label": "長沙24. 衝山縣", "call_short": "G7820 S100 .J35", "call_num": "G7820 S100 .J35 W9S5-24", "recid": "tc173tz5591", "websiteUrl": "https://purl.stanford.edu/tc173tz5591", "title": "南支那十万分一圖", "ckey": 12276630, "available": true, "iiifUrl": "https://purl.stanford.edu/tc173tz5591/iiif/manifest" }, "geometry": { "type": "Polygon", "coordinates": [ [ [ 112.5, 27.0000003 ], [ 113.0, 27.0000003 ], [ 113.0, 27.3333337 ], [ 112.5, 27.3333337 ], [ 112.5, 27.0000003 ] ] ] } },
{ "type": "Feature", "properties": { "Id": 0, "Sheet_ID": "攸縣", "label": "攸縣", "call_short": "0", "call_num": "0", "recid": "0", "websiteUrl": "0", "title": "0", "ckey": 0, "available": false, "iiifUrl": "0" }, "geometry": { "type": "Polygon", "coordinates": [ [ [ 113.0, 27.0000003 ], [ 113.5, 27.0000003 ], [ 113.5, 27.3333337 ], [ 113.0, 27.3333337 ], [ 113.0, 27.0000003 ] ] ] } },
{ "type": "Feature", "properties": { "Id": 0, "Sheet_ID": "麻陽縣", "label": "麻陽縣", "call_short": "0", "call_num": "0", "recid": "0", "websiteUrl": "0", "title": "0", "ckey": 0, "available": false, "iiifUrl": "0" }, "geometry": { "type": "Polygon", "coordinates": [ [ [ 109.0, 27.3333337 ], [ 109.5, 27.3333337 ], [ 109.5, 27.666667 ], [ 109.0, 27.666667 ], [ 109.0, 27.3333337 ] ] ] } },
{ "type": "Feature", "properties": { "Id": 0, "Sheet_ID": "鎭遠3. 江口", "label": "鎭遠3. 江口", "call_short": "G7820 S100 .J35", "call_num": "G7820 S100 .J35 W11S5-3", "recid": "xg416mt9695", "websiteUrl": "https://purl.stanford.edu/xg416mt9695", "title": "南支那十万分一圖", "ckey": 12276630, "available": true, "iiifUrl": "https://purl.stanford.edu/xg416mt9695/iiif/manifest" }, "geometry": { "type": "Polygon", "coordinates": [ [ [ 109.5, 27.3333337 ], [ 110.0, 27.3333337 ], [ 110.0, 27.666667 ], [ 109.5, 27.666667 ], [ 109.5, 27.3333337 ] ] ] } },
{ "type": "Feature", "properties": { "Id": 0, "Sheet_ID": "衡州23. 銅灣市", "label": "衡州23. 銅灣市", "call_short": "G7820 S100 .J35", "call_num": "G7820 S100 .J35 W10S5-23", "recid": "wz492yt6102", "websiteUrl": "https://purl.stanford.edu/wz492yt6102", "title": "南支那十万分一圖", "ckey": 12276630, "available": true, "iiifUrl": "https://purl.stanford.edu/wz492yt6102/iiif/manifest" }, "geometry": { "type": "Polygon", "coordinates": [ [ [ 110.0, 27.3333337 ], [ 110.5, 27.3333337 ], [ 110.5, 27.666667 ], [ 110.0, 27.666667 ], [ 110.0, 27.3333337 ] ] ] } },
{ "type": "Feature", "properties": { "Id": 0, "Sheet_ID": "衡州18. 蘭草田", "label": "衡州18. 蘭草田", "call_short": "G7820 S100 .J35", "call_num": "G7820 S100 .J35 W10S5-18", "recid": "mv668df6842", "websiteUrl": "https://purl.stanford.edu/mv668df6842", "title": "南支那十万分一圖", "ckey": 12276630, "available": true, "iiifUrl": "https://purl.stanford.edu/mv668df6842/iiif/manifest" }, "geometry": { "type": "Polygon", "coordinates": [ [ [ 110.5, 27.3333337 ], [ 111.0, 27.3333337 ], [ 111.0, 27.666667 ], [ 110.5, 27.666667 ], [ 110.5, 27.3333337 ] ] ] } },
{ "type": "Feature", "properties": { "Id": 0, "Sheet_ID": "衡州13. 新化縣", "label": "衡州13. 新化縣", "call_short": "G7820 S100 .J35", "call_num": "G7820 S100 .J35 W10S5-13", "recid": "cb027gz2118", "websiteUrl": "https://purl.stanford.edu/cb027gz2118", "title": "南支那十万分一圖", "ckey": 12276630, "available": true, "iiifUrl": "https://purl.stanford.edu/cb027gz2118/iiif/manifest" }, "geometry": { "type": "Polygon", "coordinates": [ [ [ 111.0, 27.3333337 ], [ 111.5, 27.3333337 ], [ 111.5, 27.666667 ], [ 111.0, 27.666667 ], [ 111.0, 27.3333337 ] ] ] } },
{ "type": "Feature", "properties": { "Id": 0, "Sheet_ID": "衡州8. 永豊", "label": "衡州8. 永豊", "call_short": "G7820 S100 .J35", "call_num": "G7820 S100 .J35 W10S5-8", "recid": "pt381nm5862", "websiteUrl": "https://purl.stanford.edu/pt381nm5862", "title": "南支那十万分一圖", "ckey": 12276630, "available": true, "iiifUrl": "https://purl.stanford.edu/pt381nm5862/iiif/manifest" }, "geometry": { "type": "Polygon", "coordinates": [ [ [ 111.5, 27.3333337 ], [ 112.0, 27.3333337 ], [ 112.0, 27.666667 ], [ 111.5, 27.666667 ], [ 111.5, 27.3333337 ] ] ] } },
{ "type": "Feature", "properties": { "Id": 0, "Sheet_ID": "衡州3. 白果市", "label": "衡州3. 白果市", "call_short": "G7820 S100 .J35", "call_num": "G7820 S100 .J35 W10S5-3", "recid": "jz868yn1265", "websiteUrl": "https://purl.stanford.edu/jz868yn1265", "title": "南支那十万分一圖", "ckey": 12276630, "available": true, "iiifUrl": "https://purl.stanford.edu/jz868yn1265/iiif/manifest" }, "geometry": { "type": "Polygon", "coordinates": [ [ [ 112.0, 27.3333337 ], [ 112.5, 27.3333337 ], [ 112.5, 27.666667 ], [ 112.0, 27.666667 ], [ 112.0, 27.3333337 ] ] ] } },
{ "type": "Feature", "properties": { "Id": 0, "Sheet_ID": "長沙23. 朱亭", "label": "長沙23. 朱亭", "call_short": "G7820 S100 .J35", "call_num": "G7820 S100 .J35 W9S5-23", "recid": "cr505rf3242", "websiteUrl": "https://purl.stanford.edu/cr505rf3242", "title": "南支那十万分一圖", "ckey": 12276630, "available": true, "iiifUrl": "https://purl.stanford.edu/cr505rf3242/iiif/manifest" }, "geometry": { "type": "Polygon", "coordinates": [ [ [ 112.5, 27.3333337 ], [ 113.0, 27.3333337 ], [ 113.0, 27.666667 ], [ 112.5, 27.666667 ], [ 112.5, 27.3333337 ] ] ] } },
{ "type": "Feature", "properties": { "Id": 0, "Sheet_ID": "黄土嶺", "label": "黄土嶺", "call_short": "0", "call_num": "0", "recid": "0", "websiteUrl": "0", "title": "0", "ckey": 0, "available": false, "iiifUrl": "0" }, "geometry": { "type": "Polygon", "coordinates": [ [ [ 113.0, 27.3333337 ], [ 113.5, 27.3333337 ], [ 113.5, 27.666667 ], [ 113.0, 27.666667 ], [ 113.0, 27.3333337 ] ] ] } },
{ "type": "Feature", "properties": { "Id": 0, "Sheet_ID": "鳳凰縣", "label": "鳳凰縣", "call_short": "0", "call_num": "0", "recid": "0", "websiteUrl": "0", "title": "0", "ckey": 0, "available": false, "iiifUrl": "0" }, "geometry": { "type": "Polygon", "coordinates": [ [ [ 109.0, 27.666667 ], [ 109.5, 27.666667 ], [ 109.5, 28.0000003 ], [ 109.0, 28.0000003 ], [ 109.0, 27.666667 ] ] ] } },
{ "type": "Feature", "properties": { "Id": 0, "Sheet_ID": "鎭遠2. 辰谿縣", "label": "鎭遠2. 辰谿縣", "call_short": "G7820 S100 .J35", "call_num": "G7820 S100 .J35 W11S5-2", "recid": "tf134fz2273", "websiteUrl": "https://purl.stanford.edu/tf134fz2273", "title": "南支那十万分一圖", "ckey": 12276630, "available": true, "iiifUrl": "https://purl.stanford.edu/tf134fz2273/iiif/manifest" }, "geometry": { "type": "Polygon", "coordinates": [ [ [ 109.5, 27.666667 ], [ 110.0, 27.666667 ], [ 110.0, 28.0000003 ], [ 109.5, 28.0000003 ], [ 109.5, 27.666667 ] ] ] } },
{ "type": "Feature", "properties": { "Id": 0, "Sheet_ID": "衡州22. 淑浦縣", "label": "衡州22. 淑浦縣", "call_short": "G7820 S100 .J35", "call_num": "G7820 S100 .J35 W10S5-22", "recid": "vw368bj4251", "websiteUrl": "https://purl.stanford.edu/vw368bj4251", "title": "南支那十万分一圖", "ckey": 12276630, "available": true, "iiifUrl": "https://purl.stanford.edu/vw368bj4251/iiif/manifest" }, "geometry": { "type": "Polygon", "coordinates": [ [ [ 110.0, 27.666667 ], [ 110.5, 27.666667 ], [ 110.5, 28.0000003 ], [ 110.0, 28.0000003 ], [ 110.0, 27.666667 ] ] ] } },
{ "type": "Feature", "properties": { "Id": 0, "Sheet_ID": "衡州17. 底莊", "label": "衡州17. 底莊", "call_short": "G7820 S100 .J35", "call_num": "G7820 S100 .J35 W10S5-17", "recid": "wj825sv4202", "websiteUrl": "https://purl.stanford.edu/wj825sv4202", "title": "南支那十万分一圖", "ckey": 12276630, "available": true, "iiifUrl": "https://purl.stanford.edu/wj825sv4202/iiif/manifest" }, "geometry": { "type": "Polygon", "coordinates": [ [ [ 110.5, 27.666667 ], [ 111.0, 27.666667 ], [ 111.0, 28.0000003 ], [ 110.5, 28.0000003 ], [ 110.5, 27.666667 ] ] ] } },
{ "type": "Feature", "properties": { "Id": 0, "Sheet_ID": "衡州12. 藍田", "label": "衡州12. 藍田", "call_short": "G7820 S100 .J35", "call_num": "G7820 S100 .J35 W10S5-12", "recid": "bg648gy2099", "websiteUrl": "https://purl.stanford.edu/bg648gy2099", "title": "南支那十万分一圖", "ckey": 12276630, "available": true, "iiifUrl": "https://purl.stanford.edu/bg648gy2099/iiif/manifest" }, "geometry": { "type": "Polygon", "coordinates": [ [ [ 111.0, 27.666667 ], [ 111.5, 27.666667 ], [ 111.5, 28.0000003 ], [ 111.0, 28.0000003 ], [ 111.0, 27.666667 ] ] ] } },
{ "type": "Feature", "properties": { "Id": 0, "Sheet_ID": "衡州7. 婁底", "label": "衡州7. 婁底", "call_short": "G7820 S100 .J35", "call_num": "G7820 S100 .J35 W10S5-7", "recid": "sr483sr8355", "websiteUrl": "https://purl.stanford.edu/sr483sr8355", "title": "南支那十万分一圖", "ckey": 12276630, "available": true, "iiifUrl": "https://purl.stanford.edu/sr483sr8355/iiif/manifest" }, "geometry": { "type": "Polygon", "coordinates": [ [ [ 111.5, 27.666667 ], [ 112.0, 27.666667 ], [ 112.0, 28.0000003 ], [ 111.5, 28.0000003 ], [ 111.5, 27.666667 ] ] ] } },
{ "type": "Feature", "properties": { "Id": 0, "Sheet_ID": "衡州2. 湘郷縣", "label": "衡州2. 湘郷縣", "call_short": "G7820 S100 .J35", "call_num": "G7820 S100 .J35 W10S5-2", "recid": "jz307gd6816", "websiteUrl": "https://purl.stanford.edu/jz307gd6816", "title": "南支那十万分一圖", "ckey": 12276630, "available": true, "iiifUrl": "https://purl.stanford.edu/jz307gd6816/iiif/manifest" }, "geometry": { "type": "Polygon", "coordinates": [ [ [ 112.0, 27.666667 ], [ 112.5, 27.666667 ], [ 112.5, 28.0000003 ], [ 112.0, 28.0000003 ], [ 112.0, 27.666667 ] ] ] } },
{ "type": "Feature", "properties": { "Id": 0, "Sheet_ID": "長沙22. 湘潭縣", "label": "長沙22. 湘潭縣", "call_short": "G7820 S100 .J35", "call_num": "G7820 S100 .J35 W9S5-22", "recid": "mc154nk0857", "websiteUrl": "https://purl.stanford.edu/mc154nk0857", "title": "南支那十万分一圖", "ckey": 12276630, "available": true, "iiifUrl": "https://purl.stanford.edu/mc154nk0857/iiif/manifest" }, "geometry": { "type": "Polygon", "coordinates": [ [ [ 112.5, 27.666667 ], [ 113.0, 27.666667 ], [ 113.0, 28.0000003 ], [ 112.5, 28.0000003 ], [ 112.5, 27.666667 ] ] ] } },
{ "type": "Feature", "properties": { "Id": 0, "Sheet_ID": "醴陵縣", "label": "醴陵縣", "call_short": "0", "call_num": "0", "recid": "0", "websiteUrl": "0", "title": "0", "ckey": 0, "available": false, "iiifUrl": "0" }, "geometry": { "type": "Polygon", "coordinates": [ [ [ 113.0, 27.666667 ], [ 113.5, 27.666667 ], [ 113.5, 28.0000003 ], [ 113.0, 28.0000003 ], [ 113.0, 27.666667 ] ] ] } },
{ "type": "Feature", "properties": { "Id": 0, "Sheet_ID": "金剛頭", "label": "金剛頭", "call_short": "0", "call_num": "0", "recid": "0", "websiteUrl": "0", "title": "0", "ckey": 0, "available": false, "iiifUrl": "0" }, "geometry": { "type": "Polygon", "coordinates": [ [ [ 113.5, 27.666667 ], [ 114.0, 27.666667 ], [ 114.0, 28.0000003 ], [ 113.5, 28.0000003 ], [ 113.5, 27.666667 ] ] ] } },
{ "type": "Feature", "properties": { "Id": 0, "Sheet_ID": "乾城縣", "label": "乾城縣", "call_short": "0", "call_num": "0", "recid": "0", "websiteUrl": "0", "title": "0", "ckey": 0, "available": false, "iiifUrl": "0" }, "geometry": { "type": "Polygon", "coordinates": [ [ [ 109.0, 28.0000003 ], [ 109.5, 28.0000003 ], [ 109.5, 28.3333337 ], [ 109.0, 28.3333337 ], [ 109.0, 28.0000003 ] ] ] } },
{ "type": "Feature", "properties": { "Id": 0, "Sheet_ID": "鎭遠1. 瀘溪縣", "label": "鎭遠1. 瀘溪縣", "call_short": "G7820 S100 .J35", "call_num": "G7820 S100 .J35 W11S5-1", "recid": "gm393zt0947", "websiteUrl": "https://purl.stanford.edu/gm393zt0947", "title": "南支那十万分一圖", "ckey": 12276630, "available": true, "iiifUrl": "https://purl.stanford.edu/gm393zt0947/iiif/manifest" }, "geometry": { "type": "Polygon", "coordinates": [ [ [ 109.5, 28.0000003 ], [ 110.0, 28.0000003 ], [ 110.0, 28.3333337 ], [ 109.5, 28.3333337 ], [ 109.5, 28.0000003 ] ] ] } },
{ "type": "Feature", "properties": { "Id": 0, "Sheet_ID": "衡州21. 沅陵縣", "label": "衡州21. 沅陵縣", "call_short": "G7820 S100 .J35", "call_num": "G7820 S100 .J35 W10S5-21", "recid": "jg287md4592", "websiteUrl": "https://purl.stanford.edu/jg287md4592", "title": "南支那十万分一圖", "ckey": 12276630, "available": true, "iiifUrl": "https://purl.stanford.edu/jg287md4592/iiif/manifest" }, "geometry": { "type": "Polygon", "coordinates": [ [ [ 110.0, 28.0000003 ], [ 110.5, 28.0000003 ], [ 110.5, 28.3333337 ], [ 110.0, 28.3333337 ], [ 110.0, 28.0000003 ] ] ] } },
{ "type": "Feature", "properties": { "Id": 0, "Sheet_ID": "衡州16. 馬轡市", "label": "衡州16. 馬轡市", "call_short": "G7820 S100 .J35", "call_num": "G7820 S100 .J35 W10S5-16", "recid": "hh974sf7006", "websiteUrl": "https://purl.stanford.edu/hh974sf7006", "title": "南支那十万分一圖", "ckey": 12276630, "available": true, "iiifUrl": "https://purl.stanford.edu/hh974sf7006/iiif/manifest" }, "geometry": { "type": "Polygon", "coordinates": [ [ [ 110.5, 28.0000003 ], [ 111.0, 28.0000003 ], [ 111.0, 28.3333337 ], [ 110.5, 28.3333337 ], [ 110.5, 28.0000003 ] ] ] } },
{ "type": "Feature", "properties": { "Id": 0, "Sheet_ID": "安化縣", "label": "安化縣", "call_short": "0", "call_num": "0", "recid": "0", "websiteUrl": "0", "title": "0", "ckey": 0, "available": false, "iiifUrl": "0" }, "geometry": { "type": "Polygon", "coordinates": [ [ [ 111.0, 28.0000003 ], [ 111.5, 28.0000003 ], [ 111.5, 28.3333337 ], [ 111.0, 28.3333337 ], [ 111.0, 28.0000003 ] ] ] } },
{ "type": "Feature", "properties": { "Id": 0, "Sheet_ID": "衡州6. 黄材市", "label": "衡州6. 黄材市", "call_short": "G7820 S100 .J35", "call_num": "G7820 S100 .J35 W10S5-6", "recid": "zs055nc8128", "websiteUrl": "https://purl.stanford.edu/zs055nc8128", "title": "南支那十万分一圖", "ckey": 12276630, "available": true, "iiifUrl": "https://purl.stanford.edu/zs055nc8128/iiif/manifest" }, "geometry": { "type": "Polygon", "coordinates": [ [ [ 111.5, 28.0000003 ], [ 112.0, 28.0000003 ], [ 112.0, 28.3333337 ], [ 111.5, 28.3333337 ], [ 111.5, 28.0000003 ] ] ] } },
{ "type": "Feature", "properties": { "Id": 0, "Sheet_ID": "衡州1. 寧郷縣", "label": "衡州1. 寧郷縣", "call_short": "G7820 S100 .J35", "call_num": "G7820 S100 .J35 W10S5-1", "recid": "yq555mp5973", "websiteUrl": "https://purl.stanford.edu/yq555mp5973", "title": "南支那十万分一圖", "ckey": 12276630, "available": true, "iiifUrl": "https://purl.stanford.edu/yq555mp5973/iiif/manifest" }, "geometry": { "type": "Polygon", "coordinates": [ [ [ 112.0, 28.0000003 ], [ 112.5, 28.0000003 ], [ 112.5, 28.3333337 ], [ 112.0, 28.3333337 ], [ 112.0, 28.0000003 ] ] ] } },
{ "type": "Feature", "properties": { "Id": 0, "Sheet_ID": "長沙21. 長沙縣", "label": "長沙21. 長沙縣", "call_short": "G7820 S100 .J35", "call_num": "G7820 S100 .J35 W9S5-21", "recid": "fr644jj7187", "websiteUrl": "https://purl.stanford.edu/fr644jj7187", "title": "南支那十万分一圖", "ckey": 12276630, "available": true, "iiifUrl": "https://purl.stanford.edu/fr644jj7187/iiif/manifest" }, "geometry": { "type": "Polygon", "coordinates": [ [ [ 112.5, 28.0000003 ], [ 113.0, 28.0000003 ], [ 113.0, 28.3333337 ], [ 112.5, 28.3333337 ], [ 112.5, 28.0000003 ] ] ] } },
{ "type": "Feature", "properties": { "Id": 0, "Sheet_ID": "長沙16. 瀏陽縣", "label": "長沙16. 瀏陽縣", "call_short": "G7820 S100 .J35", "call_num": "G7820 S100 .J35 W9S5-16", "recid": "jt154fc2394", "websiteUrl": "https://purl.stanford.edu/jt154fc2394", "title": "南支那十万分一圖", "ckey": 12276630, "available": true, "iiifUrl": "https://purl.stanford.edu/jt154fc2394/iiif/manifest" }, "geometry": { "type": "Polygon", "coordinates": [ [ [ 113.0, 28.0000003 ], [ 113.5, 28.0000003 ], [ 113.5, 28.3333337 ], [ 113.0, 28.3333337 ], [ 113.0, 28.0000003 ] ] ] } },
{ "type": "Feature", "properties": { "Id": 0, "Sheet_ID": "長沙11. 文家市", "label": "長沙11. 文家市", "call_short": "G7820 S100 .J35", "call_num": "G7820 S100 .J35 W9S5-11", "recid": "yx254ng6152", "websiteUrl": "https://purl.stanford.edu/yx254ng6152", "title": "南支那十万分一圖", "ckey": 12276630, "available": true, "iiifUrl": "https://purl.stanford.edu/yx254ng6152/iiif/manifest" }, "geometry": { "type": "Polygon", "coordinates": [ [ [ 113.5, 28.0000003 ], [ 114.0, 28.0000003 ], [ 114.0, 28.3333337 ], [ 113.5, 28.3333337 ], [ 113.5, 28.0000003 ] ] ] } },
{ "type": "Feature", "properties": { "Id": 0, "Sheet_ID": "鳳凰嶺", "label": "鳳凰嶺", "call_short": "0", "call_num": "0", "recid": "0", "websiteUrl": "0", "title": "0", "ckey": 0, "available": false, "iiifUrl": "0" }, "geometry": { "type": "Polygon", "coordinates": [ [ [ 114.0, 28.0000003 ], [ 114.5, 28.0000003 ], [ 114.5, 28.3333337 ], [ 114.0, 28.3333337 ], [ 114.0, 28.0000003 ] ] ] } },
{ "type": "Feature", "properties": { "Id": 0, "Sheet_ID": "永綏縣", "label": "永綏縣", "call_short": "0", "call_num": "0", "recid": "0", "websiteUrl": "0", "title": "0", "ckey": 0, "available": false, "iiifUrl": "0" }, "geometry": { "type": "Polygon", "coordinates": [ [ [ 109.0, 28.3333337 ], [ 109.5, 28.3333337 ], [ 109.5, 28.666667 ], [ 109.0, 28.666667 ], [ 109.0, 28.3333337 ] ] ] } },
{ "type": "Feature", "properties": { "Id": 0, "Sheet_ID": "古丈縣", "label": "古丈縣", "call_short": "0", "call_num": "0", "recid": "0", "websiteUrl": "0", "title": "0", "ckey": 0, "available": false, "iiifUrl": "0" }, "geometry": { "type": "Polygon", "coordinates": [ [ [ 109.5, 28.3333337 ], [ 110.0, 28.3333337 ], [ 110.0, 28.666667 ], [ 109.5, 28.666667 ], [ 109.5, 28.3333337 ] ] ] } },
{ "type": "Feature", "properties": { "Id": 0, "Sheet_ID": "常徳25. 大宴溪", "label": "常徳25. 大宴溪", "call_short": "G7820 S100 .J35", "call_num": "G7820 S100 .J35 W10S4-25", "recid": "qc258wh2781", "websiteUrl": "https://purl.stanford.edu/qc258wh2781", "title": "南支那十万分一圖", "ckey": 12276630, "available": true, "iiifUrl": "https://purl.stanford.edu/qc258wh2781/iiif/manifest" }, "geometry": { "type": "Polygon", "coordinates": [ [ [ 110.0, 28.3333337 ], [ 110.5, 28.3333337 ], [ 110.5, 28.666667 ], [ 110.0, 28.666667 ], [ 110.0, 28.3333337 ] ] ] } },
{ "type": "Feature", "properties": { "Id": 0, "Sheet_ID": "柳林汉", "label": "柳林汉", "call_short": "0", "call_num": "0", "recid": "0", "websiteUrl": "0", "title": "0", "ckey": 0, "available": false, "iiifUrl": "0" }, "geometry": { "type": "Polygon", "coordinates": [ [ [ 110.5, 28.3333337 ], [ 111.0, 28.3333337 ], [ 111.0, 28.666667 ], [ 110.5, 28.666667 ], [ 110.5, 28.3333337 ] ] ] } },
{ "type": "Feature", "properties": { "Id": 0, "Sheet_ID": "鄭家驛", "label": "鄭家驛", "call_short": "0", "call_num": "0", "recid": "0", "websiteUrl": "0", "title": "0", "ckey": 0, "available": false, "iiifUrl": "0" }, "geometry": { "type": "Polygon", "coordinates": [ [ [ 111.0, 28.3333337 ], [ 111.5, 28.3333337 ], [ 111.5, 28.666667 ], [ 111.0, 28.666667 ], [ 111.0, 28.3333337 ] ] ] } },
{ "type": "Feature", "properties": { "Id": 0, "Sheet_ID": "桃花江", "label": "桃花江", "call_short": "0", "call_num": "0", "recid": "0", "websiteUrl": "0", "title": "0", "ckey": 0, "available": false, "iiifUrl": "0" }, "geometry": { "type": "Polygon", "coordinates": [ [ [ 111.5, 28.3333337 ], [ 112.0, 28.3333337 ], [ 112.0, 28.666667 ], [ 111.5, 28.666667 ], [ 111.5, 28.3333337 ] ] ] } },
{ "type": "Feature", "properties": { "Id": 0, "Sheet_ID": "益陽縣", "label": "益陽縣", "call_short": "0", "call_num": "0", "recid": "0", "websiteUrl": "0", "title": "0", "ckey": 0, "available": false, "iiifUrl": "0" }, "geometry": { "type": "Polygon", "coordinates": [ [ [ 112.0, 28.3333337 ], [ 112.5, 28.3333337 ], [ 112.5, 28.666667 ], [ 112.0, 28.666667 ], [ 112.0, 28.3333337 ] ] ] } },
{ "type": "Feature", "properties": { "Id": 0, "Sheet_ID": "橋頭騨", "label": "橋頭騨", "call_short": "0", "call_num": "0", "recid": "0", "websiteUrl": "0", "title": "0", "ckey": 0, "available": false, "iiifUrl": "0" }, "geometry": { "type": "Polygon", "coordinates": [ [ [ 112.5, 28.3333337 ], [ 113.0, 28.3333337 ], [ 113.0, 28.666667 ], [ 112.5, 28.666667 ], [ 112.5, 28.3333337 ] ] ] } },
{ "type": "Feature", "properties": { "Id": 0, "Sheet_ID": "金井", "label": "金井", "call_short": "0", "call_num": "0", "recid": "0", "websiteUrl": "0", "title": "0", "ckey": 0, "available": false, "iiifUrl": "0" }, "geometry": { "type": "Polygon", "coordinates": [ [ [ 113.0, 28.3333337 ], [ 113.5, 28.3333337 ], [ 113.5, 28.666667 ], [ 113.0, 28.666667 ], [ 113.0, 28.3333337 ] ] ] } },
{ "type": "Feature", "properties": { "Id": 0, "Sheet_ID": "東門市", "label": "東門市", "call_short": "0", "call_num": "0", "recid": "0", "websiteUrl": "0", "title": "0", "ckey": 0, "available": false, "iiifUrl": "0" }, "geometry": { "type": "Polygon", "coordinates": [ [ [ 113.5, 28.3333337 ], [ 114.0, 28.3333337 ], [ 114.0, 28.666667 ], [ 113.5, 28.666667 ], [ 113.5, 28.3333337 ] ] ] } },
{ "type": "Feature", "properties": { "Id": 0, "Sheet_ID": "鉄樹悶", "label": "鉄樹悶", "call_short": "0", "call_num": "0", "recid": "0", "websiteUrl": "0", "title": "0", "ckey": 0, "available": false, "iiifUrl": "0" }, "geometry": { "type": "Polygon", "coordinates": [ [ [ 114.0, 28.3333337 ], [ 114.5, 28.3333337 ], [ 114.5, 28.666667 ], [ 114.0, 28.666667 ], [ 114.0, 28.3333337 ] ] ] } },
{ "type": "Feature", "properties": { "Id": 0, "Sheet_ID": "永順縣", "label": "永順縣", "call_short": "0", "call_num": "0", "recid": "0", "websiteUrl": "0", "title": "0", "ckey": 0, "available": false, "iiifUrl": "0" }, "geometry": { "type": "Polygon", "coordinates": [ [ [ 109.5, 28.666667 ], [ 110.0, 28.666667 ], [ 110.0, 29.0000003 ], [ 109.5, 29.0000003 ], [ 109.5, 28.666667 ] ] ] } },
{ "type": "Feature", "properties": { "Id": 0, "Sheet_ID": "大庸縣", "label": "大庸縣", "call_short": "0", "call_num": "0", "recid": "0", "websiteUrl": "0", "title": "0", "ckey": 0, "available": false, "iiifUrl": "0" }, "geometry": { "type": "Polygon", "coordinates": [ [ [ 110.0, 28.666667 ], [ 110.5, 28.666667 ], [ 110.5, 29.0000003 ], [ 110.0, 29.0000003 ], [ 110.0, 28.666667 ] ] ] } },
{ "type": "Feature", "properties": { "Id": 0, "Sheet_ID": "常徳19. 李公港", "label": "常徳19. 李公港", "call_short": "G7820 S100 .J35", "call_num": "G7820 S100 .J35 W10S4-19", "recid": "yx586ct9942", "websiteUrl": "https://purl.stanford.edu/yx586ct9942", "title": "南支那十万分一圖", "ckey": 12276630, "available": true, "iiifUrl": "https://purl.stanford.edu/yx586ct9942/iiif/manifest" }, "geometry": { "type": "Polygon", "coordinates": [ [ [ 110.5, 28.666667 ], [ 111.0, 28.666667 ], [ 111.0, 29.0000003 ], [ 110.5, 29.0000003 ], [ 110.5, 28.666667 ] ] ] } },
{ "type": "Feature", "properties": { "Id": 0, "Sheet_ID": "常徳14. 桃源縣", "label": "常徳14. 桃源縣", "call_short": "G7820 S100 .J35", "call_num": "G7820 S100 .J35 W10S4-14", "recid": "zq226qy7670", "websiteUrl": "https://purl.stanford.edu/zq226qy7670", "title": "南支那十万分一圖", "ckey": 12276630, "available": true, "iiifUrl": "https://purl.stanford.edu/zq226qy7670/iiif/manifest" }, "geometry": { "type": "Polygon", "coordinates": [ [ [ 111.0, 28.666667 ], [ 111.5, 28.666667 ], [ 111.5, 29.0000003 ], [ 111.0, 29.0000003 ], [ 111.0, 28.666667 ] ] ] } },
{ "type": "Feature", "properties": { "Id": 0, "Sheet_ID": "常徳縣", "label": "常徳縣", "call_short": "0", "call_num": "0", "recid": "0", "websiteUrl": "0", "title": "0", "ckey": 0, "available": false, "iiifUrl": "0" }, "geometry": { "type": "Polygon", "coordinates": [ [ [ 111.5, 28.666667 ], [ 112.0, 28.666667 ], [ 112.0, 29.0000003 ], [ 111.5, 29.0000003 ], [ 111.5, 28.666667 ] ] ] } },
{ "type": "Feature", "properties": { "Id": 0, "Sheet_ID": "龍家寨", "label": "龍家寨", "call_short": "0", "call_num": "0", "recid": "0", "websiteUrl": "0", "title": "0", "ckey": 0, "available": false, "iiifUrl": "0" }, "geometry": { "type": "Polygon", "coordinates": [ [ [ 109.5, 29.0000003 ], [ 110.0, 29.0000003 ], [ 110.0, 29.3333337 ], [ 109.5, 29.3333337 ], [ 109.5, 29.0000003 ] ] ] } },
{ "type": "Feature", "properties": { "Id": 0, "Sheet_ID": "常徳23. 桑植縣", "label": "常徳23. 桑植縣", "call_short": "G7820 S100 .J35", "call_num": "G7820 S100 .J35 W10S4-23", "recid": "kp360ht5448", "websiteUrl": "https://purl.stanford.edu/kp360ht5448", "title": "南支那十万分一圖", "ckey": 12276630, "available": true, "iiifUrl": "https://purl.stanford.edu/kp360ht5448/iiif/manifest" }, "geometry": { "type": "Polygon", "coordinates": [ [ [ 110.0, 29.0000003 ], [ 110.5, 29.0000003 ], [ 110.5, 29.3333337 ], [ 110.0, 29.3333337 ], [ 110.0, 29.0000003 ] ] ] } },
{ "type": "Feature", "properties": { "Id": 0, "Sheet_ID": "慈利縣", "label": "慈利縣", "call_short": "0", "call_num": "0", "recid": "0", "websiteUrl": "0", "title": "0", "ckey": 0, "available": false, "iiifUrl": "0" }, "geometry": { "type": "Polygon", "coordinates": [ [ [ 110.5, 29.0000003 ], [ 111.0, 29.0000003 ], [ 111.0, 29.3333337 ], [ 110.5, 29.3333337 ], [ 110.5, 29.0000003 ] ] ] } },
{ "type": "Feature", "properties": { "Id": 0, "Sheet_ID": "臨澧縣", "label": "臨澧縣", "call_short": "0", "call_num": "0", "recid": "0", "websiteUrl": "0", "title": "0", "ckey": 0, "available": false, "iiifUrl": "0" }, "geometry": { "type": "Polygon", "coordinates": [ [ [ 111.0, 29.0000003 ], [ 111.5, 29.0000003 ], [ 111.5, 29.3333337 ], [ 111.0, 29.3333337 ], [ 111.0, 29.0000003 ] ] ] } },
{ "type": "Feature", "properties": { "Id": 0, "Sheet_ID": "大龍站", "label": "大龍站", "call_short": "0", "call_num": "0", "recid": "0", "websiteUrl": "0", "title": "0", "ckey": 0, "available": false, "iiifUrl": "0" }, "geometry": { "type": "Polygon", "coordinates": [ [ [ 111.5, 29.0000003 ], [ 112.0, 29.0000003 ], [ 112.0, 29.3333337 ], [ 111.5, 29.3333337 ], [ 111.5, 29.0000003 ] ] ] } },
{ "type": "Feature", "properties": { "Id": 0, "Sheet_ID": "河口", "label": "河口", "call_short": "0", "call_num": "0", "recid": "0", "websiteUrl": "0", "title": "0", "ckey": 0, "available": false, "iiifUrl": "0" }, "geometry": { "type": "Polygon", "coordinates": [ [ [ 109.5, 29.3333337 ], [ 110.0, 29.3333337 ], [ 110.0, 29.666667 ], [ 109.5, 29.666667 ], [ 109.5, 29.3333337 ] ] ] } },
{ "type": "Feature", "properties": { "Id": 0, "Sheet_ID": "共家關", "label": "共家關", "call_short": "0", "call_num": "0", "recid": "0", "websiteUrl": "0", "title": "0", "ckey": 0, "available": false, "iiifUrl": "0" }, "geometry": { "type": "Polygon", "coordinates": [ [ [ 110.0, 29.3333337 ], [ 110.5, 29.3333337 ], [ 110.5, 29.666667 ], [ 110.0, 29.666667 ], [ 110.0, 29.3333337 ] ] ] } },
{ "type": "Feature", "properties": { "Id": 0, "Sheet_ID": "九溪", "label": "九溪", "call_short": "0", "call_num": "0", "recid": "0", "websiteUrl": "0", "title": "0", "ckey": 0, "available": false, "iiifUrl": "0" }, "geometry": { "type": "Polygon", "coordinates": [ [ [ 110.5, 29.3333337 ], [ 111.0, 29.3333337 ], [ 111.0, 29.666667 ], [ 110.5, 29.666667 ], [ 110.5, 29.3333337 ] ] ] } },
{ "type": "Feature", "properties": { "Id": 0, "Sheet_ID": "大星山", "label": "大星山", "call_short": "0", "call_num": "0", "recid": "0", "websiteUrl": "0", "title": "0", "ckey": 0, "available": false, "iiifUrl": "0" }, "geometry": { "type": "Polygon", "coordinates": [ [ [ 114.75, 22.25 ], [ 115.25, 22.25 ], [ 115.25, 22.5833333 ], [ 114.75, 22.5833333 ], [ 114.75, 22.25 ] ] ] } },
{ "type": "Feature", "properties": { "Id": 0, "Sheet_ID": "梅������墟", "label": "梅������墟", "call_short": "0", "call_num": "0", "recid": "0", "websiteUrl": "0", "title": "0", "ckey": 0, "available": false, "iiifUrl": "0" }, "geometry": { "type": "Polygon", "coordinates": [ [ [ 114.75, 22.5833333 ], [ 115.25, 22.5833333 ], [ 115.25, 22.9166667 ], [ 114.75, 22.9166667 ], [ 114.75, 22.5833333 ] ] ] } },
{ "type": "Feature", "properties": { "Id": 0, "Sheet_ID": "恵來17. 汕尾", "label": "恵來17. 汕尾", "call_short": "G7820 S100 .J35", "call_num": "G7820 S100 .J35 W8S8-17", "recid": "py422fj3756", "websiteUrl": "https://purl.stanford.edu/py422fj3756", "title": "南支那十万分一圖", "ckey": 12276630, "available": true, "iiifUrl": "https://purl.stanford.edu/py422fj3756/iiif/manifest" }, "geometry": { "type": "Polygon", "coordinates": [ [ [ 115.25, 22.5833333 ], [ 115.75, 22.5833333 ], [ 115.75, 22.9166667 ], [ 115.25, 22.9166667 ], [ 115.25, 22.5833333 ] ] ] } },
{ "type": "Feature", "properties": { "Id": 0, "Sheet_ID": "甲子", "label": "甲子", "call_short": "0", "call_num": "0", "recid": "0", "websiteUrl": "0", "title": "0", "ckey": 0, "available": false, "iiifUrl": "0" }, "geometry": { "type": "Polygon", "coordinates": [ [ [ 115.75, 22.5833333 ], [ 116.25, 22.5833333 ], [ 116.25, 22.9166667 ], [ 115.75, 22.9166667 ], [ 115.75, 22.5833333 ] ] ] } },
{ "type": "Feature", "properties": { "Id": 0, "Sheet_ID": "三多祝", "label": "三多祝", "call_short": "0", "call_num": "0", "recid": "0", "websiteUrl": "0", "title": "0", "ckey": 0, "available": false, "iiifUrl": "0" }, "geometry": { "type": "Polygon", "coordinates": [ [ [ 114.75, 22.9166667 ], [ 115.25, 22.9166667 ], [ 115.25, 23.25 ], [ 114.75, 23.25 ], [ 114.75, 22.9166667 ] ] ] } },
{ "type": "Feature", "properties": { "Id": 0, "Sheet_ID": "海豊", "label": "海豊", "call_short": "0", "call_num": "0", "recid": "0", "websiteUrl": "0", "title": "0", "ckey": 0, "available": false, "iiifUrl": "0" }, "geometry": { "type": "Polygon", "coordinates": [ [ [ 115.25, 22.9166667 ], [ 115.75, 22.9166667 ], [ 115.75, 23.25 ], [ 115.25, 23.25 ], [ 115.25, 22.9166667 ] ] ] } },
{ "type": "Feature", "properties": { "Id": 0, "Sheet_ID": "葵潭墟", "label": "葵潭墟", "call_short": "0", "call_num": "0", "recid": "0", "websiteUrl": "0", "title": "0", "ckey": 0, "available": false, "iiifUrl": "0" }, "geometry": { "type": "Polygon", "coordinates": [ [ [ 115.75, 22.9166667 ], [ 116.25, 22.9166667 ], [ 116.25, 23.25 ], [ 115.75, 23.25 ], [ 115.75, 22.9166667 ] ] ] } },
{ "type": "Feature", "properties": { "Id": 0, "Sheet_ID": "章安鎮", "label": "章安鎮", "call_short": "0", "call_num": "0", "recid": "0", "websiteUrl": "0", "title": "0", "ckey": 0, "available": false, "iiifUrl": "0" }, "geometry": { "type": "Polygon", "coordinates": [ [ [ 121.291667, 28.633333 ], [ 121.791667, 28.633333 ], [ 121.791667, 28.9666663 ], [ 121.291667, 28.9666663 ], [ 121.291667, 28.633333 ] ] ] } },
{ "type": "Feature", "properties": { "Id": 0, "Sheet_ID": "寧海縣", "label": "寧海縣", "call_short": "0", "call_num": "0", "recid": "0", "websiteUrl": "0", "title": "0", "ckey": 0, "available": false, "iiifUrl": "0" }, "geometry": { "type": "Polygon", "coordinates": [ [ [ 121.291667, 28.9666663 ], [ 121.791667, 28.9666663 ], [ 121.791667, 29.2999997 ], [ 121.291667, 29.2999997 ], [ 121.291667, 28.9666663 ] ] ] } },
{ "type": "Feature", "properties": { "Id": 0, "Sheet_ID": "臺州7. 昌國衛", "label": "臺州7. 昌國衛", "call_short": "G7820 S100 .J35", "call_num": "G7820 S100 .J35 W6S4-7", "recid": "fn353pw5624", "websiteUrl": "https://purl.stanford.edu/fn353pw5624", "title": "南支那十万分一圖", "ckey": 12276630, "available": true, "iiifUrl": "https://purl.stanford.edu/fn353pw5624/iiif/manifest" }, "geometry": { "type": "Polygon", "coordinates": [ [ [ 121.791667, 28.9666663 ], [ 122.291667, 28.9666663 ], [ 122.291667, 29.2999997 ], [ 121.791667, 29.2999997 ], [ 121.791667, 28.9666663 ] ] ] } },
{ "type": "Feature", "properties": { "Id": 0, "Sheet_ID": "奉化縣", "label": "奉化縣", "call_short": "0", "call_num": "0", "recid": "0", "websiteUrl": "0", "title": "0", "ckey": 0, "available": false, "iiifUrl": "0" }, "geometry": { "type": "Polygon", "coordinates": [ [ [ 121.291667, 29.2999997 ], [ 121.791667, 29.2999997 ], [ 121.791667, 29.633333 ], [ 121.291667, 29.633333 ], [ 121.291667, 29.2999997 ] ] ] } },
{ "type": "Feature", "properties": { "Id": 0, "Sheet_ID": "象山縣", "label": "象山縣", "call_short": "0", "call_num": "0", "recid": "0", "websiteUrl": "0", "title": "0", "ckey": 0, "available": false, "iiifUrl": "0" }, "geometry": { "type": "Polygon", "coordinates": [ [ [ 121.791667, 29.2999997 ], [ 122.291667, 29.2999997 ], [ 122.291667, 29.633333 ], [ 121.791667, 29.633333 ], [ 121.791667, 29.2999997 ] ] ] } },
{ "type": "Feature", "properties": { "Id": 0, "Sheet_ID": "金華18. 江彎", "label": "金華18. 江彎", "call_short": "G7820 S100 .J35", "call_num": "G7820 S100 .J35 W7S4-18-2", "recid": "hy784bh3432", "websiteUrl": "https://purl.stanford.edu/hy784bh3432", "title": "南支那十万分一圖", "ckey": 12276630, "available": true, "iiifUrl": "https://purl.stanford.edu/hy784bh3432/iiif/manifest" }, "geometry": { "type": "Polygon", "coordinates": [ [ [ 117.916667, 29.05 ], [ 118.416667, 29.05 ], [ 118.416667, 29.383333 ], [ 117.916667, 29.383333 ], [ 117.916667, 29.05 ] ] ] } },
{ "type": "Feature", "properties": { "Id": 0, "Sheet_ID": "連縣", "label": "連縣", "call_short": "0", "call_num": "0", "recid": "0", "websiteUrl": "0", "title": "0", "ckey": 0, "available": false, "iiifUrl": "0" }, "geometry": { "type": "Polygon", "coordinates": [ [ [ 112.0833333, 24.5333337 ], [ 112.5833333, 24.5333337 ], [ 112.5833333, 24.866667 ], [ 112.0833333, 24.866667 ], [ 112.0833333, 24.5333337 ] ] ] } },
{ "type": "Feature", "properties": { "Id": 0, "Sheet_ID": "嶺背墟", "label": "嶺背墟", "call_short": "0", "call_num": "0", "recid": "0", "websiteUrl": "0", "title": "0", "ckey": 0, "available": false, "iiifUrl": "0" }, "geometry": { "type": "Polygon", "coordinates": [ [ [ 112.5833333, 24.5333337 ], [ 113.0833333, 24.5333337 ], [ 113.0833333, 24.866667 ], [ 112.5833333, 24.866667 ], [ 112.5833333, 24.5333337 ] ] ] } },
{ "type": "Feature", "properties": { "Id": 0, "Sheet_ID": "乳源", "label": "乳源", "call_short": "0", "call_num": "0", "recid": "0", "websiteUrl": "0", "title": "0", "ckey": 0, "available": false, "iiifUrl": "0" }, "geometry": { "type": "Polygon", "coordinates": [ [ [ 113.0833333, 24.5333337 ], [ 113.5833333, 24.5333337 ], [ 113.5833333, 24.866667 ], [ 113.0833333, 24.866667 ], [ 113.0833333, 24.5333337 ] ] ] } },
{ "type": "Feature", "properties": { "Id": 0, "Sheet_ID": "星子墟", "label": "星子墟", "call_short": "0", "call_num": "0", "recid": "0", "websiteUrl": "0", "title": "0", "ckey": 0, "available": false, "iiifUrl": "0" }, "geometry": { "type": "Polygon", "coordinates": [ [ [ 112.0833333, 24.866667 ], [ 112.5833333, 24.866667 ], [ 112.5833333, 25.2000003 ], [ 112.0833333, 25.2000003 ], [ 112.0833333, 24.866667 ] ] ] } },
{ "type": "Feature", "properties": { "Id": 0, "Sheet_ID": "楽昌25. 潭源洞", "label": "楽昌25. 潭源洞", "call_short": "G7820 S100 .J35", "call_num": "G7820 S100 .J35 W9S6-25", "recid": "wc275vd6218", "websiteUrl": "https://purl.stanford.edu/wc275vd6218", "title": "南支那十万分一圖", "ckey": 12276630, "available": true, "iiifUrl": "https://purl.stanford.edu/wc275vd6218/iiif/manifest" }, "geometry": { "type": "Polygon", "coordinates": [ [ [ 112.5833333, 24.866667 ], [ 113.0833333, 24.866667 ], [ 113.0833333, 25.2000003 ], [ 112.5833333, 25.2000003 ], [ 112.5833333, 24.866667 ] ] ] } },
{ "type": "Feature", "properties": { "Id": 0, "Sheet_ID": "楽昌", "label": "楽昌", "call_short": "0", "call_num": "0", "recid": "0", "websiteUrl": "0", "title": "0", "ckey": 0, "available": false, "iiifUrl": "0" }, "geometry": { "type": "Polygon", "coordinates": [ [ [ 113.0833333, 24.866667 ], [ 113.5833333, 24.866667 ], [ 113.5833333, 25.2000003 ], [ 113.0833333, 25.2000003 ], [ 113.0833333, 24.866667 ] ] ] } },
{ "type": "Feature", "properties": { "Id": 0, "Sheet_ID": "坪石墟", "label": "坪石墟", "call_short": "0", "call_num": "0", "recid": "0", "websiteUrl": "0", "title": "0", "ckey": 0, "available": false, "iiifUrl": "0" }, "geometry": { "type": "Polygon", "coordinates": [ [ [ 112.5833333, 25.2000003 ], [ 113.0833333, 25.2000003 ], [ 113.0833333, 25.5333337 ], [ 112.5833333, 25.5333337 ], [ 112.5833333, 25.2000003 ] ] ] } },
{ "type": "Feature", "properties": { "Id": 0, "Sheet_ID": "九峰墟", "label": "九峰墟", "call_short": "0", "call_num": "0", "recid": "0", "websiteUrl": "0", "title": "0", "ckey": 0, "available": false, "iiifUrl": "0" }, "geometry": { "type": "Polygon", "coordinates": [ [ [ 113.0833333, 25.2000003 ], [ 113.5833333, 25.2000003 ], [ 113.5833333, 25.5333337 ], [ 113.0833333, 25.5333337 ], [ 113.0833333, 25.2000003 ] ] ] } },
{ "type": "Feature", "properties": { "Id": 0, "Sheet_ID": "山口墟", "label": "山口墟", "call_short": "0", "call_num": "0", "recid": "0", "websiteUrl": "0", "title": "0", "ckey": 0, "available": false, "iiifUrl": "0" }, "geometry": { "type": "Polygon", "coordinates": [ [ [ 109.3833333, 21.2999997 ], [ 109.8833333, 21.2999997 ], [ 109.8833333, 21.633333 ], [ 109.3833333, 21.633333 ], [ 109.3833333, 21.2999997 ] ] ] } },
{ "type": "Feature", "properties": { "Id": 0, "Sheet_ID": "石城", "label": "石城", "call_short": "0", "call_num": "0", "recid": "0", "websiteUrl": "0", "title": "0", "ckey": 0, "available": false, "iiifUrl": "0" }, "geometry": { "type": "Polygon", "coordinates": [ [ [ 109.8833333, 21.2999997 ], [ 110.3833333, 21.2999997 ], [ 110.3833333, 21.633333 ], [ 109.8833333, 21.633333 ], [ 109.8833333, 21.2999997 ] ] ] } },
{ "type": "Feature", "properties": { "Id": 0, "Sheet_ID": "呉川", "label": "呉川", "call_short": "0", "call_num": "0", "recid": "0", "websiteUrl": "0", "title": "0", "ckey": 0, "available": false, "iiifUrl": "0" }, "geometry": { "type": "Polygon", "coordinates": [ [ [ 110.3833333, 21.2999997 ], [ 110.8833333, 21.2999997 ], [ 110.8833333, 21.633333 ], [ 110.3833333, 21.633333 ], [ 110.3833333, 21.2999997 ] ] ] } },
{ "type": "Feature", "properties": { "Id": 0, "Sheet_ID": "公館墟", "label": "公館墟", "call_short": "0", "call_num": "0", "recid": "0", "websiteUrl": "0", "title": "0", "ckey": 0, "available": false, "iiifUrl": "0" }, "geometry": { "type": "Polygon", "coordinates": [ [ [ 109.3833333, 21.633333 ], [ 109.8833333, 21.633333 ], [ 109.8833333, 21.9666663 ], [ 109.3833333, 21.9666663 ], [ 109.3833333, 21.633333 ] ] ] } },
{ "type": "Feature", "properties": { "Id": 0, "Sheet_ID": "南寧5. 石嶺墟", "label": "南寧5. 石嶺墟", "call_short": "G7820 S100 .J35", "call_num": "G7820 S100 .J35 W11S8-5", "recid": "yj869gt3101", "websiteUrl": "https://purl.stanford.edu/yj869gt3101", "title": "南支那十万分一圖", "ckey": 12276630, "available": true, "iiifUrl": "https://purl.stanford.edu/yj869gt3101/iiif/manifest" }, "geometry": { "type": "Polygon", "coordinates": [ [ [ 109.8833333, 21.633333 ], [ 110.3833333, 21.633333 ], [ 110.3833333, 21.9666663 ], [ 109.8833333, 21.9666663 ], [ 109.8833333, 21.633333 ] ] ] } },
{ "type": "Feature", "properties": { "Id": 0, "Sheet_ID": "化縣", "label": "化縣", "call_short": "0", "call_num": "0", "recid": "0", "websiteUrl": "0", "title": "0", "ckey": 0, "available": false, "iiifUrl": "0" }, "geometry": { "type": "Polygon", "coordinates": [ [ [ 110.3833333, 21.633333 ], [ 110.8833333, 21.633333 ], [ 110.8833333, 21.9666663 ], [ 110.3833333, 21.9666663 ], [ 110.3833333, 21.633333 ] ] ] } },
{ "type": "Feature", "properties": { "Id": 0, "Sheet_ID": "小江墟", "label": "小江墟", "call_short": "0", "call_num": "0", "recid": "0", "websiteUrl": "0", "title": "0", "ckey": 0, "available": false, "iiifUrl": "0" }, "geometry": { "type": "Polygon", "coordinates": [ [ [ 109.3833333, 21.9666663 ], [ 109.8833333, 21.9666663 ], [ 109.8833333, 22.2999997 ], [ 109.3833333, 22.2999997 ], [ 109.3833333, 21.9666663 ] ] ] } },
{ "type": "Feature", "properties": { "Id": 0, "Sheet_ID": "甲隆墟", "label": "甲隆墟", "call_short": "0", "call_num": "0", "recid": "0", "websiteUrl": "0", "title": "0", "ckey": 0, "available": false, "iiifUrl": "0" }, "geometry": { "type": "Polygon", "coordinates": [ [ [ 109.8833333, 21.9666663 ], [ 110.3833333, 21.9666663 ], [ 110.3833333, 22.2999997 ], [ 109.8833333, 22.2999997 ], [ 109.8833333, 21.9666663 ] ] ] } },
{ "type": "Feature", "properties": { "Id": 0, "Sheet_ID": "壼桐墟", "label": "壼桐墟", "call_short": "0", "call_num": "0", "recid": "0", "websiteUrl": "0", "title": "0", "ckey": 0, "available": false, "iiifUrl": "0" }, "geometry": { "type": "Polygon", "coordinates": [ [ [ 110.3833333, 21.9666663 ], [ 110.8833333, 21.9666663 ], [ 110.8833333, 22.2999997 ], [ 110.3833333, 22.2999997 ], [ 110.3833333, 21.9666663 ] ] ] } },
{ "type": "Feature", "properties": { "Id": 0, "Sheet_ID": "羅鏡墟", "label": "羅鏡墟", "call_short": "0", "call_num": "0", "recid": "0", "websiteUrl": "0", "title": "0", "ckey": 0, "available": false, "iiifUrl": "0" }, "geometry": { "type": "Polygon", "coordinates": [ [ [ 111.2166667, 22.2999997 ], [ 111.7166667, 22.2999997 ], [ 111.7166667, 22.633333 ], [ 111.2166667, 22.633333 ], [ 111.2166667, 22.2999997 ] ] ] } },
{ "type": "Feature", "properties": { "Id": 0, "Sheet_ID": "天堂墟", "label": "天堂墟", "call_short": "0", "call_num": "0", "recid": "0", "websiteUrl": "0", "title": "0", "ckey": 0, "available": false, "iiifUrl": "0" }, "geometry": { "type": "Polygon", "coordinates": [ [ [ 111.7166667, 22.2999997 ], [ 112.2166667, 22.2999997 ], [ 112.2166667, 22.633333 ], [ 111.7166667, 22.633333 ], [ 111.7166667, 22.2999997 ] ] ] } },
{ "type": "Feature", "properties": { "Id": 0, "Sheet_ID": "開平", "label": "開平", "call_short": "0", "call_num": "0", "recid": "0", "websiteUrl": "0", "title": "0", "ckey": 0, "available": false, "iiifUrl": "0" }, "geometry": { "type": "Polygon", "coordinates": [ [ [ 112.2166667, 22.2999997 ], [ 112.7166667, 22.2999997 ], [ 112.7166667, 22.633333 ], [ 112.2166667, 22.633333 ], [ 112.2166667, 22.2999997 ] ] ] } },
{ "type": "Feature", "properties": { "Id": 0, "Sheet_ID": "羅定", "label": "羅定", "call_short": "0", "call_num": "0", "recid": "0", "websiteUrl": "0", "title": "0", "ckey": 0, "available": false, "iiifUrl": "0" }, "geometry": { "type": "Polygon", "coordinates": [ [ [ 111.2166667, 22.633333 ], [ 111.7166667, 22.633333 ], [ 111.7166667, 22.9666663 ], [ 111.2166667, 22.9666663 ], [ 111.2166667, 22.633333 ] ] ] } },
{ "type": "Feature", "properties": { "Id": 0, "Sheet_ID": "徳慶7. 雲浮", "label": "徳慶7. 雲浮", "call_short": "G7820 S100 .J35", "call_num": "G7820 S100 .J35 W10S8-7", "recid": "xd946np6773", "websiteUrl": "https://purl.stanford.edu/xd946np6773", "title": "南支那十万分一圖", "ckey": 12276630, "available": true, "iiifUrl": "https://purl.stanford.edu/xd946np6773/iiif/manifest" }, "geometry": { "type": "Polygon", "coordinates": [ [ [ 111.7166667, 22.633333 ], [ 112.2166667, 22.633333 ], [ 112.2166667, 22.9666663 ], [ 111.7166667, 22.9666663 ], [ 111.7166667, 22.633333 ] ] ] } },
{ "type": "Feature", "properties": { "Id": 0, "Sheet_ID": "新興", "label": "新興", "call_short": "0", "call_num": "0", "recid": "0", "websiteUrl": "0", "title": "0", "ckey": 0, "available": false, "iiifUrl": "0" }, "geometry": { "type": "Polygon", "coordinates": [ [ [ 112.2166667, 22.633333 ], [ 112.7166667, 22.633333 ], [ 112.7166667, 22.9666663 ], [ 112.2166667, 22.9666663 ], [ 112.2166667, 22.633333 ] ] ] } },
{ "type": "Feature", "properties": { "Id": 0, "Sheet_ID": "欝南", "label": "欝南", "call_short": "0", "call_num": "0", "recid": "0", "websiteUrl": "0", "title": "0", "ckey": 0, "available": false, "iiifUrl": "0" }, "geometry": { "type": "Polygon", "coordinates": [ [ [ 111.2166667, 22.9666663 ], [ 111.7166667, 22.9666663 ], [ 111.7166667, 23.2999997 ], [ 111.2166667, 23.2999997 ], [ 111.2166667, 22.9666663 ] ] ] } },
{ "type": "Feature", "properties": { "Id": 0, "Sheet_ID": "徳慶", "label": "徳慶", "call_short": "0", "call_num": "0", "recid": "0", "websiteUrl": "0", "title": "0", "ckey": 0, "available": false, "iiifUrl": "0" }, "geometry": { "type": "Polygon", "coordinates": [ [ [ 111.7166667, 22.9666663 ], [ 112.2166667, 22.9666663 ], [ 112.2166667, 23.2999997 ], [ 111.7166667, 23.2999997 ], [ 111.7166667, 22.9666663 ] ] ] } },
{ "type": "Feature", "properties": { "Id": 0, "Sheet_ID": "肇慶", "label": "肇慶", "call_short": "0", "call_num": "0", "recid": "0", "websiteUrl": "0", "title": "0", "ckey": 0, "available": false, "iiifUrl": "0" }, "geometry": { "type": "Polygon", "coordinates": [ [ [ 112.2166667, 22.9666663 ], [ 112.7166667, 22.9666663 ], [ 112.7166667, 23.2999997 ], [ 112.2166667, 23.2999997 ], [ 112.2166667, 22.9666663 ] ] ] } },
{ "type": "Feature", "properties": { "Id": 0, "Sheet_ID": "臧家灣", "label": "臧家灣", "call_short": "0", "call_num": "0", "recid": "0", "websiteUrl": "0", "title": "0", "ckey": 0, "available": false, "iiifUrl": "0" }, "geometry": { "type": "Polygon", "coordinates": [ [ [ 117.7, 29.333333 ], [ 118.2, 29.333333 ], [ 118.2, 29.6666663 ], [ 117.7, 29.6666663 ], [ 117.7, 29.333333 ] ] ] } },
{ "type": "Feature", "properties": { "Id": 0, "Sheet_ID": "歴口鎮", "label": "歴口鎮", "call_short": "0", "call_num": "0", "recid": "0", "websiteUrl": "0", "title": "0", "ckey": 0, "available": false, "iiifUrl": "0" }, "geometry": { "type": "Polygon", "coordinates": [ [ [ 117.2, 29.6666663 ], [ 117.7, 29.6666663 ], [ 117.7, 29.9999997 ], [ 117.2, 29.9999997 ], [ 117.2, 29.6666663 ] ] ] } },
{ "type": "Feature", "properties": { "Id": 0, "Sheet_ID": "徽州25. 祁門縣", "label": "徽州25. 祁門縣", "call_short": "G7820 S100 .J35", "call_num": "G7820 S100 .J35 W6S3-25", "recid": "nx955fp8367", "websiteUrl": "https://purl.stanford.edu/nx955fp8367", "title": "南支那十万分一圖", "ckey": 12276630, "available": true, "iiifUrl": "https://purl.stanford.edu/nx955fp8367/iiif/manifest" }, "geometry": { "type": "Polygon", "coordinates": [ [ [ 117.7, 29.6666663 ], [ 118.2, 29.6666663 ], [ 118.2, 29.9999997 ], [ 117.7, 29.9999997 ], [ 117.7, 29.6666663 ] ] ] } },
{ "type": "Feature", "properties": { "Id": 0, "Sheet_ID": "徽州府", "label": "徽州府", "call_short": "0", "call_num": "0", "recid": "0", "websiteUrl": "0", "title": "0", "ckey": 0, "available": false, "iiifUrl": "0" }, "geometry": { "type": "Polygon", "coordinates": [ [ [ 118.2, 29.6666663 ], [ 118.7, 29.6666663 ], [ 118.7, 29.9999997 ], [ 118.2, 29.9999997 ], [ 118.2, 29.6666663 ] ] ] } },
{ "type": "Feature", "properties": { "Id": 0, "Sheet_ID": "達徳", "label": "達徳", "call_short": "0", "call_num": "0", "recid": "0", "websiteUrl": "0", "title": "0", "ckey": 0, "available": false, "iiifUrl": "0" }, "geometry": { "type": "Polygon", "coordinates": [ [ [ 117.2, 29.9999997 ], [ 117.7, 29.9999997 ], [ 117.7, 30.333333 ], [ 117.2, 30.333333 ], [ 117.2, 29.9999997 ] ] ] } },
{ "type": "Feature", "properties": { "Id": 0, "Sheet_ID": "徽州24. 烏石壠", "label": "徽州24. 烏石壠", "call_short": "G7820 S100 .J35", "call_num": "G7820 S100 .J35 W6S3-24", "recid": "st182vt8364", "websiteUrl": "https://purl.stanford.edu/st182vt8364", "title": "南支那十万分一圖", "ckey": 12276630, "available": true, "iiifUrl": "https://purl.stanford.edu/st182vt8364/iiif/manifest" }, "geometry": { "type": "Polygon", "coordinates": [ [ [ 117.7, 29.9999997 ], [ 118.2, 29.9999997 ], [ 118.2, 30.333333 ], [ 117.7, 30.333333 ], [ 117.7, 29.9999997 ] ] ] } },
{ "type": "Feature", "properties": { "Id": 0, "Sheet_ID": "太平壠", "label": "太平壠", "call_short": "0", "call_num": "0", "recid": "0", "websiteUrl": "0", "title": "0", "ckey": 0, "available": false, "iiifUrl": "0" }, "geometry": { "type": "Polygon", "coordinates": [ [ [ 118.2, 29.9999997 ], [ 118.7, 29.9999997 ], [ 118.7, 30.333333 ], [ 118.2, 30.333333 ], [ 118.2, 29.9999997 ] ] ] } },
{ "type": "Feature", "properties": { "Id": 0, "Sheet_ID": "臨安縣", "label": "臨安縣", "call_short": "0", "call_num": "0", "recid": "0", "websiteUrl": "0", "title": "0", "ckey": 0, "available": false, "iiifUrl": "0" }, "geometry": { "type": "Polygon", "coordinates": [ [ [ 119.2, 29.9999997 ], [ 119.7, 29.9999997 ], [ 119.7, 30.333333 ], [ 119.2, 30.333333 ], [ 119.2, 29.9999997 ] ] ] } },
{ "type": "Feature", "properties": { "Id": 0, "Sheet_ID": "石埭縣", "label": "石埭縣", "call_short": "0", "call_num": "0", "recid": "0", "websiteUrl": "0", "title": "0", "ckey": 0, "available": false, "iiifUrl": "0" }, "geometry": { "type": "Polygon", "coordinates": [ [ [ 117.7, 30.333333 ], [ 118.2, 30.333333 ], [ 118.2, 30.6666663 ], [ 117.7, 30.6666663 ], [ 117.7, 30.333333 ] ] ] } },
{ "type": "Feature", "properties": { "Id": 0, "Sheet_ID": "寗國縣", "label": "寗國縣", "call_short": "0", "call_num": "0", "recid": "0", "websiteUrl": "0", "title": "0", "ckey": 0, "available": false, "iiifUrl": "0" }, "geometry": { "type": "Polygon", "coordinates": [ [ [ 118.7, 30.333333 ], [ 119.2, 30.333333 ], [ 119.2, 30.6666663 ], [ 118.7, 30.6666663 ], [ 118.7, 30.333333 ] ] ] } },
{ "type": "Feature", "properties": { "Id": 0, "Sheet_ID": "徽州8. 考豊縣", "label": "徽州8. 考豊縣", "call_short": "G7820 S100 .J35", "call_num": "G7820 S100 .J35 W6S3-8", "recid": "gs325nc8258", "websiteUrl": "https://purl.stanford.edu/gs325nc8258", "title": "南支那十万分一圖", "ckey": 12276630, "available": true, "iiifUrl": "https://purl.stanford.edu/gs325nc8258/iiif/manifest" }, "geometry": { "type": "Polygon", "coordinates": [ [ [ 119.2, 30.333333 ], [ 119.7, 30.333333 ], [ 119.7, 30.6666663 ], [ 119.2, 30.6666663 ], [ 119.2, 30.333333 ] ] ] } },
{ "type": "Feature", "properties": { "Id": 0, "Sheet_ID": "徳清縣", "label": "徳清縣", "call_short": "0", "call_num": "0", "recid": "0", "websiteUrl": "0", "title": "0", "ckey": 0, "available": false, "iiifUrl": "0" }, "geometry": { "type": "Polygon", "coordinates": [ [ [ 119.7, 30.333333 ], [ 120.2, 30.333333 ], [ 120.2, 30.6666663 ], [ 119.7, 30.6666663 ], [ 119.7, 30.333333 ] ] ] } },
{ "type": "Feature", "properties": { "Id": 0, "Sheet_ID": "廣德州", "label": "廣德州", "call_short": "0", "call_num": "0", "recid": "0", "websiteUrl": "0", "title": "0", "ckey": 0, "available": false, "iiifUrl": "0" }, "geometry": { "type": "Polygon", "coordinates": [ [ [ 119.2, 30.6666663 ], [ 119.7, 30.6666663 ], [ 119.7, 30.9999997 ], [ 119.2, 30.9999997 ], [ 119.2, 30.6666663 ] ] ] } },
{ "type": "Feature", "properties": { "Id": 0, "Sheet_ID": "徽州2. 湖州府", "label": "徽州2. 湖州府", "call_short": "G7820 S100 .J35", "call_num": "G7820 S100 .J35 W6S3-2", "recid": "tm860gz4213", "websiteUrl": "https://purl.stanford.edu/tm860gz4213", "title": "南支那十万分一圖", "ckey": 12276630, "available": true, "iiifUrl": "https://purl.stanford.edu/tm860gz4213/iiif/manifest" }, "geometry": { "type": "Polygon", "coordinates": [ [ [ 119.7, 30.6666663 ], [ 120.2, 30.6666663 ], [ 120.2, 30.9999997 ], [ 119.7, 30.9999997 ], [ 119.7, 30.6666663 ] ] ] } },
{ "type": "Feature", "properties": { "Id": 0, "Sheet_ID": "盛澤", "label": "盛澤", "call_short": "0", "call_num": "0", "recid": "0", "websiteUrl": "0", "title": "0", "ckey": 0, "available": false, "iiifUrl": "0" }, "geometry": { "type": "Polygon", "coordinates": [ [ [ 120.2, 30.6666663 ], [ 120.7, 30.6666663 ], [ 120.7, 30.9999997 ], [ 120.2, 30.9999997 ], [ 120.2, 30.6666663 ] ] ] } },
{ "type": "Feature", "properties": { "Id": 0, "Sheet_ID": "宜興縣", "label": "宜興縣", "call_short": "0", "call_num": "0", "recid": "0", "websiteUrl": "0", "title": "0", "ckey": 0, "available": false, "iiifUrl": "0" }, "geometry": { "type": "Polygon", "coordinates": [ [ [ 119.7, 30.9999997 ], [ 120.2, 30.9999997 ], [ 120.2, 31.333333 ], [ 119.7, 31.333333 ], [ 119.7, 30.9999997 ] ] ] } },
{ "type": "Feature", "properties": { "Id": 0, "Sheet_ID": "新洲", "label": "新洲", "call_short": "0", "call_num": "0", "recid": "0", "websiteUrl": "0", "title": "0", "ckey": 0, "available": false, "iiifUrl": "0" }, "geometry": { "type": "Polygon", "coordinates": [ [ [ 114.2666667, 30.7666663 ], [ 114.8, 30.7666663 ], [ 114.8, 31.1333331 ], [ 114.2666667, 31.1333331 ], [ 114.2666667, 30.7666663 ] ] ] } },
{ "type": "Feature", "properties": { "Id": 0, "Sheet_ID": "白果", "label": "白果", "call_short": "0", "call_num": "0", "recid": "0", "websiteUrl": "0", "title": "0", "ckey": 0, "available": false, "iiifUrl": "0" }, "geometry": { "type": "Polygon", "coordinates": [ [ [ 114.8, 30.7666663 ], [ 115.3333333, 30.7666663 ], [ 115.3333333, 31.1333331 ], [ 114.8, 31.1333331 ], [ 114.8, 30.7666663 ] ] ] } },
{ "type": "Feature", "properties": { "Id": 0, "Sheet_ID": "夾舗", "label": "夾舗", "call_short": "0", "call_num": "0", "recid": "0", "websiteUrl": "0", "title": "0", "ckey": 0, "available": false, "iiifUrl": "0" }, "geometry": { "type": "Polygon", "coordinates": [ [ [ 115.3333333, 30.7666663 ], [ 115.8666667, 30.7666663 ], [ 115.8666667, 31.1333331 ], [ 115.3333333, 31.1333331 ], [ 115.3333333, 30.7666663 ] ] ] } },
{ "type": "Feature", "properties": { "Id": 0, "Sheet_ID": "黄栗杪", "label": "黄栗杪", "call_short": "0", "call_num": "0", "recid": "0", "websiteUrl": "0", "title": "0", "ckey": 0, "available": false, "iiifUrl": "0" }, "geometry": { "type": "Polygon", "coordinates": [ [ [ 115.8666667, 30.7666663 ], [ 116.4, 30.7666663 ], [ 116.4, 31.1333331 ], [ 115.8666667, 31.1333331 ], [ 115.8666667, 30.7666663 ] ] ] } },
{ "type": "Feature", "properties": { "Id": 0, "Sheet_ID": "桐城", "label": "桐城", "call_short": "0", "call_num": "0", "recid": "0", "websiteUrl": "0", "title": "0", "ckey": 0, "available": false, "iiifUrl": "0" }, "geometry": { "type": "Polygon", "coordinates": [ [ [ 116.4, 30.7666663 ], [ 116.9333333, 30.7666663 ], [ 116.9333333, 31.1333331 ], [ 116.4, 31.1333331 ], [ 116.4, 30.7666663 ] ] ] } },
{ "type": "Feature", "properties": { "Id": 0, "Sheet_ID": "孔城鎮", "label": "孔城鎮", "call_short": "0", "call_num": "0", "recid": "0", "websiteUrl": "0", "title": "0", "ckey": 0, "available": false, "iiifUrl": "0" }, "geometry": { "type": "Polygon", "coordinates": [ [ [ 116.9333333, 30.7666663 ], [ 117.4666667, 30.7666663 ], [ 117.4666667, 31.1333331 ], [ 116.9333333, 31.1333331 ], [ 116.9333333, 30.7666663 ] ] ] } },
{ "type": "Feature", "properties": { "Id": 0, "Sheet_ID": "安陸", "label": "安陸", "call_short": "0", "call_num": "0", "recid": "0", "websiteUrl": "0", "title": "0", "ckey": 0, "available": false, "iiifUrl": "0" }, "geometry": { "type": "Polygon", "coordinates": [ [ [ 113.2, 31.1333331 ], [ 113.7333333, 31.1333331 ], [ 113.7333333, 31.4999999 ], [ 113.2, 31.4999999 ], [ 113.2, 31.1333331 ] ] ] } },
{ "type": "Feature", "properties": { "Id": 0, "Sheet_ID": "河口鎮", "label": "河口鎮", "call_short": "0", "call_num": "0", "recid": "0", "websiteUrl": "0", "title": "0", "ckey": 0, "available": false, "iiifUrl": "0" }, "geometry": { "type": "Polygon", "coordinates": [ [ [ 113.7333333, 31.1333331 ], [ 114.2666667, 31.1333331 ], [ 114.2666667, 31.4999999 ], [ 113.7333333, 31.4999999 ], [ 113.7333333, 31.1333331 ] ] ] } },
{ "type": "Feature", "properties": { "Id": 0, "Sheet_ID": "黄安", "label": "黄安", "call_short": "0", "call_num": "0", "recid": "0", "websiteUrl": "0", "title": "0", "ckey": 0, "available": false, "iiifUrl": "0" }, "geometry": { "type": "Polygon", "coordinates": [ [ [ 114.2666667, 31.1333331 ], [ 114.8, 31.1333331 ], [ 114.8, 31.4999999 ], [ 114.2666667, 31.4999999 ], [ 114.2666667, 31.1333331 ] ] ] } },
{ "type": "Feature", "properties": { "Id": 0, "Sheet_ID": "廬州25. 麻城", "label": "廬州25. 麻城", "call_short": "G7820 S100 .J35", "call_num": "G7820 S100 .J35 W8S2-25", "recid": "cg120xw0673", "websiteUrl": "https://purl.stanford.edu/cg120xw0673", "title": "南支那十万分一圖", "ckey": 12276630, "available": true, "iiifUrl": "https://purl.stanford.edu/cg120xw0673/iiif/manifest" }, "geometry": { "type": "Polygon", "coordinates": [ [ [ 114.8, 31.1333331 ], [ 115.3333333, 31.1333331 ], [ 115.3333333, 31.4999999 ], [ 114.8, 31.4999999 ], [ 114.8, 31.1333331 ] ] ] } },
{ "type": "Feature", "properties": { "Id": 0, "Sheet_ID": "廬州20. 七鄰灣", "label": "廬州20. 七鄰灣", "call_short": "G7820 S100 .J35", "call_num": "G7820 S100 .J35 W8S2-20", "recid": "yt651df4562", "websiteUrl": "https://purl.stanford.edu/yt651df4562", "title": "南支那十万分一圖", "ckey": 12276630, "available": true, "iiifUrl": "https://purl.stanford.edu/yt651df4562/iiif/manifest" }, "geometry": { "type": "Polygon", "coordinates": [ [ [ 115.3333333, 31.1333331 ], [ 115.8666667, 31.1333331 ], [ 115.8666667, 31.4999999 ], [ 115.3333333, 31.4999999 ], [ 115.3333333, 31.1333331 ] ] ] } },
{ "type": "Feature", "properties": { "Id": 0, "Sheet_ID": "霍山縣", "label": "霍山縣", "call_short": "0", "call_num": "0", "recid": "0", "websiteUrl": "0", "title": "0", "ckey": 0, "available": false, "iiifUrl": "0" }, "geometry": { "type": "Polygon", "coordinates": [ [ [ 115.8666667, 31.1333331 ], [ 116.4, 31.1333331 ], [ 116.4, 31.4999999 ], [ 115.8666667, 31.4999999 ], [ 115.8666667, 31.1333331 ] ] ] } },
{ "type": "Feature", "properties": { "Id": 0, "Sheet_ID": "廬州10. 中梅河", "label": "廬州10. 中梅河", "call_short": "G7820 S100 .J35", "call_num": "G7820 S100 .J35 W8S2-10", "recid": "ps905vs9126", "websiteUrl": "https://purl.stanford.edu/ps905vs9126", "title": "南支那十万分一圖", "ckey": 12276630, "available": true, "iiifUrl": "https://purl.stanford.edu/ps905vs9126/iiif/manifest" }, "geometry": { "type": "Polygon", "coordinates": [ [ [ 116.4, 31.1333331 ], [ 116.9333333, 31.1333331 ], [ 116.9333333, 31.4999999 ], [ 116.4, 31.4999999 ], [ 116.4, 31.1333331 ] ] ] } },
{ "type": "Feature", "properties": { "Id": 0, "Sheet_ID": "廬江", "label": "廬江", "call_short": "0", "call_num": "0", "recid": "0", "websiteUrl": "0", "title": "0", "ckey": 0, "available": false, "iiifUrl": "0" }, "geometry": { "type": "Polygon", "coordinates": [ [ [ 116.9333333, 31.1333331 ], [ 117.4666667, 31.1333331 ], [ 117.4666667, 31.4999999 ], [ 116.9333333, 31.4999999 ], [ 116.9333333, 31.1333331 ] ] ] } },
{ "type": "Feature", "properties": { "Id": 0, "Sheet_ID": "無為州", "label": "無為州", "call_short": "0", "call_num": "0", "recid": "0", "websiteUrl": "0", "title": "0", "ckey": 0, "available": false, "iiifUrl": "0" }, "geometry": { "type": "Polygon", "coordinates": [ [ [ 117.4666667, 31.1333331 ], [ 118.0, 31.1333331 ], [ 118.0, 31.4999999 ], [ 117.4666667, 31.4999999 ], [ 117.4666667, 31.1333331 ] ] ] } },
{ "type": "Feature", "properties": { "Id": 0, "Sheet_ID": "太平府", "label": "太平府", "call_short": "0", "call_num": "0", "recid": "0", "websiteUrl": "0", "title": "0", "ckey": 0, "available": false, "iiifUrl": "0" }, "geometry": { "type": "Polygon", "coordinates": [ [ [ 118.0, 31.1333331 ], [ 118.5333333, 31.1333331 ], [ 118.5333333, 31.4999999 ], [ 118.0, 31.4999999 ], [ 118.0, 31.1333331 ] ] ] } },
{ "type": "Feature", "properties": { "Id": 0, "Sheet_ID": "應山", "label": "應山", "call_short": "0", "call_num": "0", "recid": "0", "websiteUrl": "0", "title": "0", "ckey": 0, "available": false, "iiifUrl": "0" }, "geometry": { "type": "Polygon", "coordinates": [ [ [ 113.2, 31.4999999 ], [ 113.7333333, 31.4999999 ], [ 113.7333333, 31.8666666 ], [ 113.2, 31.8666666 ], [ 113.2, 31.4999999 ] ] ] } },
{ "type": "Feature", "properties": { "Id": 0, "Sheet_ID": "信陽9. 廣水", "label": "信陽9. 廣水", "call_short": "G7820 S100 .J35", "call_num": "G7820 S100 .J35 W9S2-9", "recid": "yk606bn7188", "websiteUrl": "https://purl.stanford.edu/yk606bn7188", "title": "南支那十万分一圖", "ckey": 12276630, "available": true, "iiifUrl": "https://purl.stanford.edu/yk606bn7188/iiif/manifest" }, "geometry": { "type": "Polygon", "coordinates": [ [ [ 113.7333333, 31.4999999 ], [ 114.2666667, 31.4999999 ], [ 114.2666667, 31.8666666 ], [ 113.7333333, 31.8666666 ], [ 113.7333333, 31.4999999 ] ] ] } },
{ "type": "Feature", "properties": { "Id": 0, "Sheet_ID": "信陽4. 宣化店", "label": "信陽4. 宣化店", "call_short": "G7820 S100 .J35", "call_num": "G7820 S100 .J35 W9S2-4", "recid": "ft772cy7866", "websiteUrl": "https://purl.stanford.edu/ft772cy7866", "title": "南支那十万分一圖", "ckey": 12276630, "available": true, "iiifUrl": "https://purl.stanford.edu/ft772cy7866/iiif/manifest" }, "geometry": { "type": "Polygon", "coordinates": [ [ [ 114.2666667, 31.4999999 ], [ 114.8, 31.4999999 ], [ 114.8, 31.8666666 ], [ 114.2666667, 31.8666666 ], [ 114.2666667, 31.4999999 ] ] ] } },
{ "type": "Feature", "properties": { "Id": 0, "Sheet_ID": "兩路口", "label": "兩路口", "call_short": "0", "call_num": "0", "recid": "0", "websiteUrl": "0", "title": "0", "ckey": 0, "available": false, "iiifUrl": "0" }, "geometry": { "type": "Polygon", "coordinates": [ [ [ 114.8, 31.4999999 ], [ 115.3333333, 31.4999999 ], [ 115.3333333, 31.8666666 ], [ 114.8, 31.8666666 ], [ 114.8, 31.4999999 ] ] ] } },
{ "type": "Feature", "properties": { "Id": 0, "Sheet_ID": "廬州19. 金家寨", "label": "廬州19. 金家寨", "call_short": "G7820 S100 .J35", "call_num": "G7820 S100 .J35 W8S2-19", "recid": "zf215dh4855", "websiteUrl": "https://purl.stanford.edu/zf215dh4855", "title": "南支那十万分一圖", "ckey": 12276630, "available": true, "iiifUrl": "https://purl.stanford.edu/zf215dh4855/iiif/manifest" }, "geometry": { "type": "Polygon", "coordinates": [ [ [ 115.3333333, 31.4999999 ], [ 115.8666667, 31.4999999 ], [ 115.8666667, 31.8666666 ], [ 115.3333333, 31.8666666 ], [ 115.3333333, 31.4999999 ] ] ] } },
{ "type": "Feature", "properties": { "Id": 0, "Sheet_ID": "流坡疃", "label": "流坡疃", "call_short": "0", "call_num": "0", "recid": "0", "websiteUrl": "0", "title": "0", "ckey": 0, "available": false, "iiifUrl": "0" }, "geometry": { "type": "Polygon", "coordinates": [ [ [ 115.8666667, 31.4999999 ], [ 116.4, 31.4999999 ], [ 116.4, 31.8666666 ], [ 115.8666667, 31.8666666 ], [ 115.8666667, 31.4999999 ] ] ] } },
{ "type": "Feature", "properties": { "Id": 0, "Sheet_ID": "六安", "label": "六安", "call_short": "0", "call_num": "0", "recid": "0", "websiteUrl": "0", "title": "0", "ckey": 0, "available": false, "iiifUrl": "0" }, "geometry": { "type": "Polygon", "coordinates": [ [ [ 116.4, 31.4999999 ], [ 116.9333333, 31.4999999 ], [ 116.9333333, 31.8666666 ], [ 116.4, 31.8666666 ], [ 116.4, 31.4999999 ] ] ] } },
{ "type": "Feature", "properties": { "Id": 0, "Sheet_ID": "盧州4. 廬州", "label": "盧州4. 廬州", "call_short": "G7820 S100 .J35", "call_num": "G7820 S100 .J35 W8S2-4", "recid": "jk310dt7260", "websiteUrl": "https://purl.stanford.edu/jk310dt7260", "title": "南支那十万分一圖", "ckey": 12276630, "available": true, "iiifUrl": "https://purl.stanford.edu/jk310dt7260/iiif/manifest" }, "geometry": { "type": "Polygon", "coordinates": [ [ [ 116.9333333, 31.4999999 ], [ 117.4666667, 31.4999999 ], [ 117.4666667, 31.8666666 ], [ 116.9333333, 31.8666666 ], [ 116.9333333, 31.4999999 ] ] ] } },
{ "type": "Feature", "properties": { "Id": 0, "Sheet_ID": "南京24. 巣縣", "label": "南京24. 巣縣", "call_short": "G7820 S100 .J35", "call_num": "G7820 S100 .J35 W7S2-24", "recid": "jt724hc2271", "websiteUrl": "https://purl.stanford.edu/jt724hc2271", "title": "南支那十万分一圖", "ckey": 12276630, "available": true, "iiifUrl": "https://purl.stanford.edu/jt724hc2271/iiif/manifest" }, "geometry": { "type": "Polygon", "coordinates": [ [ [ 117.4666667, 31.4999999 ], [ 118.0, 31.4999999 ], [ 118.0, 31.8666666 ], [ 117.4666667, 31.8666666 ], [ 117.4666667, 31.4999999 ] ] ] } },
{ "type": "Feature", "properties": { "Id": 0, "Sheet_ID": "和州", "label": "和州", "call_short": "0", "call_num": "0", "recid": "0", "websiteUrl": "0", "title": "0", "ckey": 0, "available": false, "iiifUrl": "0" }, "geometry": { "type": "Polygon", "coordinates": [ [ [ 118.0, 31.4999999 ], [ 118.5333333, 31.4999999 ], [ 118.5333333, 31.8666666 ], [ 118.0, 31.8666666 ], [ 118.0, 31.4999999 ] ] ] } },
{ "type": "Feature", "properties": { "Id": 0, "Sheet_ID": "関口舗", "label": "関口舗", "call_short": "0", "call_num": "0", "recid": "0", "websiteUrl": "0", "title": "0", "ckey": 0, "available": false, "iiifUrl": "0" }, "geometry": { "type": "Polygon", "coordinates": [ [ [ 113.2, 31.8666666 ], [ 113.7333333, 31.8666666 ], [ 113.7333333, 32.2333334 ], [ 113.2, 32.2333334 ], [ 113.2, 31.8666666 ] ] ] } },
{ "type": "Feature", "properties": { "Id": 0, "Sheet_ID": "信陽8. 信陽", "label": "信陽8. 信陽", "call_short": "G7820 S100 .J35", "call_num": "G7820 S100 .J35 W9S2-8", "recid": "tx299rt5821", "websiteUrl": "https://purl.stanford.edu/tx299rt5821", "title": "南支那十万分一圖", "ckey": 12276630, "available": true, "iiifUrl": "https://purl.stanford.edu/tx299rt5821/iiif/manifest" }, "geometry": { "type": "Polygon", "coordinates": [ [ [ 113.7333333, 31.8666666 ], [ 114.2666667, 31.8666666 ], [ 114.2666667, 32.2333334 ], [ 113.7333333, 32.2333334 ], [ 113.7333333, 31.8666666 ] ] ] } },
{ "type": "Feature", "properties": { "Id": 0, "Sheet_ID": "羅山", "label": "羅山", "call_short": "0", "call_num": "0", "recid": "0", "websiteUrl": "0", "title": "0", "ckey": 0, "available": false, "iiifUrl": "0" }, "geometry": { "type": "Polygon", "coordinates": [ [ [ 114.2666667, 31.8666666 ], [ 114.8, 31.8666666 ], [ 114.8, 32.2333334 ], [ 114.2666667, 32.2333334 ], [ 114.2666667, 31.8666666 ] ] ] } },
{ "type": "Feature", "properties": { "Id": 0, "Sheet_ID": "廬州23. 光山縣", "label": "廬州23. 光山縣", "call_short": "G7820 S100 .J35", "call_num": "G7820 S100 .J35 W8S2-23", "recid": "qg844px4034", "websiteUrl": "https://purl.stanford.edu/qg844px4034", "title": "南支那十万分一圖", "ckey": 12276630, "available": true, "iiifUrl": "https://purl.stanford.edu/qg844px4034/iiif/manifest" }, "geometry": { "type": "Polygon", "coordinates": [ [ [ 114.8, 31.8666666 ], [ 115.3333333, 31.8666666 ], [ 115.3333333, 32.2333334 ], [ 114.8, 32.2333334 ], [ 114.8, 31.8666666 ] ] ] } },
{ "type": "Feature", "properties": { "Id": 0, "Sheet_ID": "固始縣", "label": "固始縣", "call_short": "0", "call_num": "0", "recid": "0", "websiteUrl": "0", "title": "0", "ckey": 0, "available": false, "iiifUrl": "0" }, "geometry": { "type": "Polygon", "coordinates": [ [ [ 115.3333333, 31.8666666 ], [ 115.8666667, 31.8666666 ], [ 115.8666667, 32.2333334 ], [ 115.3333333, 32.2333334 ], [ 115.3333333, 31.8666666 ] ] ] } },
{ "type": "Feature", "properties": { "Id": 0, "Sheet_ID": "三劉集", "label": "三劉集", "call_short": "0", "call_num": "0", "recid": "0", "websiteUrl": "0", "title": "0", "ckey": 0, "available": false, "iiifUrl": "0" }, "geometry": { "type": "Polygon", "coordinates": [ [ [ 115.8666667, 31.8666666 ], [ 116.4, 31.8666666 ], [ 116.4, 32.2333334 ], [ 115.8666667, 32.2333334 ], [ 115.8666667, 31.8666666 ] ] ] } },
{ "type": "Feature", "properties": { "Id": 0, "Sheet_ID": "廬州8. 保義集", "label": "廬州8. 保義集", "call_short": "G7820 S100 .J35", "call_num": "G7820 S100 .J35 W8S2-8", "recid": "md293dm5017", "websiteUrl": "https://purl.stanford.edu/md293dm5017", "title": "南支那十万分一圖", "ckey": 12276630, "available": true, "iiifUrl": "https://purl.stanford.edu/md293dm5017/iiif/manifest" }, "geometry": { "type": "Polygon", "coordinates": [ [ [ 116.4, 31.8666666 ], [ 116.9333333, 31.8666666 ], [ 116.9333333, 32.2333334 ], [ 116.4, 32.2333334 ], [ 116.4, 31.8666666 ] ] ] } },
{ "type": "Feature", "properties": { "Id": 0, "Sheet_ID": "下塘集", "label": "下塘集", "call_short": "0", "call_num": "0", "recid": "0", "websiteUrl": "0", "title": "0", "ckey": 0, "available": false, "iiifUrl": "0" }, "geometry": { "type": "Polygon", "coordinates": [ [ [ 116.9333333, 31.8666666 ], [ 117.4666667, 31.8666666 ], [ 117.4666667, 32.2333334 ], [ 116.9333333, 32.2333334 ], [ 116.9333333, 31.8666666 ] ] ] } },
{ "type": "Feature", "properties": { "Id": 0, "Sheet_ID": "大野街", "label": "大野街", "call_short": "0", "call_num": "0", "recid": "0", "websiteUrl": "0", "title": "0", "ckey": 0, "available": false, "iiifUrl": "0" }, "geometry": { "type": "Polygon", "coordinates": [ [ [ 117.4666667, 31.8666666 ], [ 118.0, 31.8666666 ], [ 118.0, 32.2333334 ], [ 117.4666667, 32.2333334 ], [ 117.4666667, 31.8666666 ] ] ] } },
{ "type": "Feature", "properties": { "Id": 0, "Sheet_ID": "全椒", "label": "全椒", "call_short": "0", "call_num": "0", "recid": "0", "websiteUrl": "0", "title": "0", "ckey": 0, "available": false, "iiifUrl": "0" }, "geometry": { "type": "Polygon", "coordinates": [ [ [ 118.0, 31.8666666 ], [ 118.5333333, 31.8666666 ], [ 118.5333333, 32.2333334 ], [ 118.0, 32.2333334 ], [ 118.0, 31.8666666 ] ] ] } },
{ "type": "Feature", "properties": { "Id": 0, "Sheet_ID": "長台關", "label": "長台關", "call_short": "0", "call_num": "0", "recid": "0", "websiteUrl": "0", "title": "0", "ckey": 0, "available": false, "iiifUrl": "0" }, "geometry": { "type": "Polygon", "coordinates": [ [ [ 113.7333333, 32.2333334 ], [ 114.2666667, 32.2333334 ], [ 114.2666667, 32.6000001 ], [ 113.7333333, 32.6000001 ], [ 113.7333333, 32.2333334 ] ] ] } },
{ "type": "Feature", "properties": { "Id": 0, "Sheet_ID": "信陽2. 同中鎮", "label": "信陽2. 同中鎮", "call_short": "G7820 S100 .J35", "call_num": "G7820 S100 .J35 W9S2-2", "recid": "zb834hk6870", "websiteUrl": "https://purl.stanford.edu/zb834hk6870", "title": "南支那十万分一圖", "ckey": 12276630, "available": true, "iiifUrl": "https://purl.stanford.edu/zb834hk6870/iiif/manifest" }, "geometry": { "type": "Polygon", "coordinates": [ [ [ 114.2666667, 32.2333334 ], [ 114.8, 32.2333334 ], [ 114.8, 32.6000001 ], [ 114.2666667, 32.6000001 ], [ 114.2666667, 32.2333334 ] ] ] } },
{ "type": "Feature", "properties": { "Id": 0, "Sheet_ID": "廬州22. 潢川縣", "label": "廬州22. 潢川縣", "call_short": "G7820 S100 .J35", "call_num": "G7820 S100 .J35 W8S2-22", "recid": "zz344ch9328", "websiteUrl": "https://purl.stanford.edu/zz344ch9328", "title": "南支那十万分一圖", "ckey": 12276630, "available": true, "iiifUrl": "https://purl.stanford.edu/zz344ch9328/iiif/manifest" }, "geometry": { "type": "Polygon", "coordinates": [ [ [ 114.8, 32.2333334 ], [ 115.3333333, 32.2333334 ], [ 115.3333333, 32.6000001 ], [ 114.8, 32.6000001 ], [ 114.8, 32.2333334 ] ] ] } },
{ "type": "Feature", "properties": { "Id": 0, "Sheet_ID": "烏龍集", "label": "烏龍集", "call_short": "0", "call_num": "0", "recid": "0", "websiteUrl": "0", "title": "0", "ckey": 0, "available": false, "iiifUrl": "0" }, "geometry": { "type": "Polygon", "coordinates": [ [ [ 115.3333333, 32.2333334 ], [ 115.8666667, 32.2333334 ], [ 115.8666667, 32.6000001 ], [ 115.3333333, 32.6000001 ], [ 115.3333333, 32.2333334 ] ] ] } },
{ "type": "Feature", "properties": { "Id": 0, "Sheet_ID": "霍邱縣", "label": "霍邱縣", "call_short": "0", "call_num": "0", "recid": "0", "websiteUrl": "0", "title": "0", "ckey": 0, "available": false, "iiifUrl": "0" }, "geometry": { "type": "Polygon", "coordinates": [ [ [ 115.8666667, 32.2333334 ], [ 116.4, 32.2333334 ], [ 116.4, 32.6000001 ], [ 115.8666667, 32.6000001 ], [ 115.8666667, 32.2333334 ] ] ] } },
{ "type": "Feature", "properties": { "Id": 0, "Sheet_ID": "正陽關", "label": "正陽關", "call_short": "0", "call_num": "0", "recid": "0", "websiteUrl": "0", "title": "0", "ckey": 0, "available": false, "iiifUrl": "0" }, "geometry": { "type": "Polygon", "coordinates": [ [ [ 116.4, 32.2333334 ], [ 116.9333333, 32.2333334 ], [ 116.9333333, 32.6000001 ], [ 116.4, 32.6000001 ], [ 116.4, 32.2333334 ] ] ] } },
{ "type": "Feature", "properties": { "Id": 0, "Sheet_ID": "朱家灣", "label": "朱家灣", "call_short": "0", "call_num": "0", "recid": "0", "websiteUrl": "0", "title": "0", "ckey": 0, "available": false, "iiifUrl": "0" }, "geometry": { "type": "Polygon", "coordinates": [ [ [ 116.9333333, 32.2333334 ], [ 117.4666667, 32.2333334 ], [ 117.4666667, 32.6000001 ], [ 116.9333333, 32.6000001 ], [ 116.9333333, 32.2333334 ] ] ] } },
{ "type": "Feature", "properties": { "Id": 0, "Sheet_ID": "泌陽縣", "label": "泌陽縣", "call_short": "0", "call_num": "0", "recid": "0", "websiteUrl": "0", "title": "0", "ckey": 0, "available": false, "iiifUrl": "0" }, "geometry": { "type": "Polygon", "coordinates": [ [ [ 113.2, 32.6000001 ], [ 113.7333333, 32.6000001 ], [ 113.7333333, 32.9666669 ], [ 113.2, 32.9666669 ], [ 113.2, 32.6000001 ] ] ] } },
{ "type": "Feature", "properties": { "Id": 0, "Sheet_ID": "信陽6. 確山", "label": "信陽6. 確山", "call_short": "G7820 S100 .J35", "call_num": "G7820 S100 .J35 W9S2-6", "recid": "qf186pc6526", "websiteUrl": "https://purl.stanford.edu/qf186pc6526", "title": "南支那十万分一圖", "ckey": 12276630, "available": true, "iiifUrl": "https://purl.stanford.edu/qf186pc6526/iiif/manifest" }, "geometry": { "type": "Polygon", "coordinates": [ [ [ 113.7333333, 32.6000001 ], [ 114.2666667, 32.6000001 ], [ 114.2666667, 32.9666669 ], [ 113.7333333, 32.9666669 ], [ 113.7333333, 32.6000001 ] ] ] } },
{ "type": "Feature", "properties": { "Id": 0, "Sheet_ID": "信陽1. 正陽", "label": "信陽1. 正陽", "call_short": "G7820 S100 .J35", "call_num": "G7820 S100 .J35 W9S2-1", "recid": "zp157jp7209", "websiteUrl": "https://purl.stanford.edu/zp157jp7209", "title": "南支那十万分一圖", "ckey": 12276630, "available": true, "iiifUrl": "https://purl.stanford.edu/zp157jp7209/iiif/manifest" }, "geometry": { "type": "Polygon", "coordinates": [ [ [ 114.2666667, 32.6000001 ], [ 114.8, 32.6000001 ], [ 114.8, 32.9666669 ], [ 114.2666667, 32.9666669 ], [ 114.2666667, 32.6000001 ] ] ] } },
{ "type": "Feature", "properties": { "Id": 0, "Sheet_ID": "新蔡", "label": "新蔡", "call_short": "0", "call_num": "0", "recid": "0", "websiteUrl": "0", "title": "0", "ckey": 0, "available": false, "iiifUrl": "0" }, "geometry": { "type": "Polygon", "coordinates": [ [ [ 114.8, 32.6000001 ], [ 115.3333333, 32.6000001 ], [ 115.3333333, 32.9666669 ], [ 114.8, 32.9666669 ], [ 114.8, 32.6000001 ] ] ] } },
{ "type": "Feature", "properties": { "Id": 0, "Sheet_ID": "頴州", "label": "頴州", "call_short": "0", "call_num": "0", "recid": "0", "websiteUrl": "0", "title": "0", "ckey": 0, "available": false, "iiifUrl": "0" }, "geometry": { "type": "Polygon", "coordinates": [ [ [ 115.3333333, 32.6000001 ], [ 115.8666667, 32.6000001 ], [ 115.8666667, 32.9666669 ], [ 115.3333333, 32.9666669 ], [ 115.3333333, 32.6000001 ] ] ] } },
{ "type": "Feature", "properties": { "Id": 0, "Sheet_ID": "潁上縣", "label": "潁上縣", "call_short": "0", "call_num": "0", "recid": "0", "websiteUrl": "0", "title": "0", "ckey": 0, "available": false, "iiifUrl": "0" }, "geometry": { "type": "Polygon", "coordinates": [ [ [ 115.8666667, 32.6000001 ], [ 116.4, 32.6000001 ], [ 116.4, 32.9666669 ], [ 115.8666667, 32.9666669 ], [ 115.8666667, 32.6000001 ] ] ] } },
{ "type": "Feature", "properties": { "Id": 0, "Sheet_ID": "廬州6. 鳳臺縣", "label": "廬州6. 鳳臺縣", "call_short": "G7820 S100 .J35", "call_num": "G7820 S100 .J35 W8S2-6", "recid": "zc293yc8065", "websiteUrl": "https://purl.stanford.edu/zc293yc8065", "title": "南支那十万分一圖", "ckey": 12276630, "available": true, "iiifUrl": "https://purl.stanford.edu/zc293yc8065/iiif/manifest" }, "geometry": { "type": "Polygon", "coordinates": [ [ [ 116.4, 32.6000001 ], [ 116.9333333, 32.6000001 ], [ 116.9333333, 32.9666669 ], [ 116.4, 32.9666669 ], [ 116.4, 32.6000001 ] ] ] } },
{ "type": "Feature", "properties": { "Id": 0, "Sheet_ID": "劉府集", "label": "劉府集", "call_short": "0", "call_num": "0", "recid": "0", "websiteUrl": "0", "title": "0", "ckey": 0, "available": false, "iiifUrl": "0" }, "geometry": { "type": "Polygon", "coordinates": [ [ [ 116.9333333, 32.6000001 ], [ 117.4666667, 32.6000001 ], [ 117.4666667, 32.9666669 ], [ 116.9333333, 32.9666669 ], [ 116.9333333, 32.6000001 ] ] ] } },
{ "type": "Feature", "properties": { "Id": 0, "Sheet_ID": "春水", "label": "春水", "call_short": "0", "call_num": "0", "recid": "0", "websiteUrl": "0", "title": "0", "ckey": 0, "available": false, "iiifUrl": "0" }, "geometry": { "type": "Polygon", "coordinates": [ [ [ 113.2, 32.9666669 ], [ 113.7333333, 32.9666669 ], [ 113.7333333, 33.3333337 ], [ 113.2, 33.3333337 ], [ 113.2, 32.9666669 ] ] ] } },
{ "type": "Feature", "properties": { "Id": 0, "Sheet_ID": "遂平", "label": "遂平", "call_short": "0", "call_num": "0", "recid": "0", "websiteUrl": "0", "title": "0", "ckey": 0, "available": false, "iiifUrl": "0" }, "geometry": { "type": "Polygon", "coordinates": [ [ [ 113.7333333, 32.9666669 ], [ 114.2666667, 32.9666669 ], [ 114.2666667, 33.3333337 ], [ 113.7333333, 33.3333337 ], [ 113.7333333, 32.9666669 ] ] ] } },
{ "type": "Feature", "properties": { "Id": 0, "Sheet_ID": "汝南", "label": "汝南", "call_short": "0", "call_num": "0", "recid": "0", "websiteUrl": "0", "title": "0", "ckey": 0, "available": false, "iiifUrl": "0" }, "geometry": { "type": "Polygon", "coordinates": [ [ [ 114.2666667, 32.9666669 ], [ 114.8, 32.9666669 ], [ 114.8, 33.3333337 ], [ 114.2666667, 33.3333337 ], [ 114.2666667, 32.9666669 ] ] ] } },
{ "type": "Feature", "properties": { "Id": 0, "Sheet_ID": "賈嶺集", "label": "賈嶺集", "call_short": "0", "call_num": "0", "recid": "0", "websiteUrl": "0", "title": "0", "ckey": 0, "available": false, "iiifUrl": "0" }, "geometry": { "type": "Polygon", "coordinates": [ [ [ 114.8, 32.9666669 ], [ 115.3333333, 32.9666669 ], [ 115.3333333, 33.3333337 ], [ 114.8, 33.3333337 ], [ 114.8, 32.9666669 ] ] ] } },
{ "type": "Feature", "properties": { "Id": 0, "Sheet_ID": "挿花廟", "label": "挿花廟", "call_short": "0", "call_num": "0", "recid": "0", "websiteUrl": "0", "title": "0", "ckey": 0, "available": false, "iiifUrl": "0" }, "geometry": { "type": "Polygon", "coordinates": [ [ [ 115.8666667, 32.9666669 ], [ 116.4, 32.9666669 ], [ 116.4, 33.3333337 ], [ 115.8666667, 33.3333337 ], [ 115.8666667, 32.9666669 ] ] ] } },
{ "type": "Feature", "properties": { "Id": 0, "Sheet_ID": "駱駝集", "label": "駱駝集", "call_short": "0", "call_num": "0", "recid": "0", "websiteUrl": "0", "title": "0", "ckey": 0, "available": false, "iiifUrl": "0" }, "geometry": { "type": "Polygon", "coordinates": [ [ [ 116.4, 32.9666669 ], [ 116.9333333, 32.9666669 ], [ 116.9333333, 33.3333337 ], [ 116.4, 33.3333337 ], [ 116.4, 32.9666669 ] ] ] } },
{ "type": "Feature", "properties": { "Id": 0, "Sheet_ID": "蚌埠", "label": "蚌埠", "call_short": "0", "call_num": "0", "recid": "0", "websiteUrl": "0", "title": "0", "ckey": 0, "available": false, "iiifUrl": "0" }, "geometry": { "type": "Polygon", "coordinates": [ [ [ 116.9333333, 32.9666669 ], [ 117.4666667, 32.9666669 ], [ 117.4666667, 33.3333337 ], [ 116.9333333, 33.3333337 ], [ 116.9333333, 32.9666669 ] ] ] } },
{ "type": "Feature", "properties": { "Id": 0, "Sheet_ID": "峯市", "label": "峯市", "call_short": "0", "call_num": "0", "recid": "0", "websiteUrl": "0", "title": "0", "ckey": 0, "available": false, "iiifUrl": "0" }, "geometry": { "type": "Polygon", "coordinates": [ [ [ 115.8333333, 23.9666667 ], [ 116.3333333, 23.9666667 ], [ 116.3333333, 24.3 ], [ 115.8333333, 24.3 ], [ 115.8333333, 23.9666667 ] ] ] } },
{ "type": "Feature", "properties": { "Id": 0, "Sheet_ID": "臨時版_河坑", "label": "臨時版_河坑", "call_short": "G7820 S100 .J35", "call_num": "G7820 S100 .J35 W8S7-16", "recid": "tq377mz4970", "websiteUrl": "https://purl.stanford.edu/tq377mz4970", "title": "南支那十万分一圖", "ckey": 12276630, "available": true, "iiifUrl": "https://purl.stanford.edu/tq377mz4970/iiif/manifest" }, "geometry": { "type": "Polygon", "coordinates": [ [ [ 115.8333333, 24.3 ], [ 116.3333333, 24.3 ], [ 116.3333333, 24.6333333 ], [ 115.8333333, 24.6333333 ], [ 115.8333333, 24.3 ] ] ] } },
{ "type": "Feature", "properties": { "Id": 0, "Sheet_ID": "永定", "label": "永定", "call_short": "0", "call_num": "0", "recid": "0", "websiteUrl": "0", "title": "0", "ckey": 0, "available": false, "iiifUrl": "0" }, "geometry": { "type": "Polygon", "coordinates": [ [ [ 116.3333333, 24.3 ], [ 116.8333333, 24.3 ], [ 116.8333333, 24.6333333 ], [ 116.3333333, 24.6333333 ], [ 116.3333333, 24.3 ] ] ] } },
{ "type": "Feature", "properties": { "Id": 0, "Sheet_ID": "上抗", "label": "上抗", "call_short": "0", "call_num": "0", "recid": "0", "websiteUrl": "0", "title": "0", "ckey": 0, "available": false, "iiifUrl": "0" }, "geometry": { "type": "Polygon", "coordinates": [ [ [ 115.8333333, 24.6333333 ], [ 116.3333333, 24.6333333 ], [ 116.3333333, 24.9666666 ], [ 115.8333333, 24.9666666 ], [ 115.8333333, 24.6333333 ] ] ] } },
{ "type": "Feature", "properties": { "Id": 0, "Sheet_ID": "監屋縣", "label": "監屋縣", "call_short": "0", "call_num": "0", "recid": "0", "websiteUrl": "0", "title": "0", "ckey": 0, "available": false, "iiifUrl": "0" }, "geometry": { "type": "Polygon", "coordinates": [ [ [ 115.3333333, 24.9666666 ], [ 115.8333333, 24.9666666 ], [ 115.8333333, 25.2999999 ], [ 115.3333333, 25.2999999 ], [ 115.3333333, 24.9666666 ] ] ] } },
{ "type": "Feature", "properties": { "Id": 0, "Sheet_ID": "臨時版_新泉", "label": "臨時版_新泉", "call_short": "G7820 S100 .J35", "call_num": "G7820 S100 .J35 W8S6-R19", "recid": "kz244vp8835", "websiteUrl": "https://purl.stanford.edu/kz244vp8835", "title": "南支那十万分一圖", "ckey": 12276630, "available": true, "iiifUrl": "https://purl.stanford.edu/kz244vp8835/iiif/manifest" }, "geometry": { "type": "Polygon", "coordinates": [ [ [ 115.8333333, 24.9666666 ], [ 116.3333333, 24.9666666 ], [ 116.3333333, 25.2999999 ], [ 115.8333333, 25.2999999 ], [ 115.8333333, 24.9666666 ] ] ] } },
{ "type": "Feature", "properties": { "Id": 0, "Sheet_ID": "廟前", "label": "廟前", "call_short": "0", "call_num": "0", "recid": "0", "websiteUrl": "0", "title": "0", "ckey": 0, "available": false, "iiifUrl": "0" }, "geometry": { "type": "Polygon", "coordinates": [ [ [ 116.3333333, 24.9666666 ], [ 116.8333333, 24.9666666 ], [ 116.8333333, 25.2999999 ], [ 116.3333333, 25.2999999 ], [ 116.3333333, 24.9666666 ] ] ] } },
{ "type": "Feature", "properties": { "Id": 0, "Sheet_ID": "臨時版_三州", "label": "臨時版_三州", "call_short": "G7820 S100 .J35", "call_num": "G7820 S100 .J35 W8S6-R18", "recid": "gg370cp0018", "websiteUrl": "https://purl.stanford.edu/gg370cp0018", "title": "南支那十万分一圖", "ckey": 12276630, "available": true, "iiifUrl": "https://purl.stanford.edu/gg370cp0018/iiif/manifest" }, "geometry": { "type": "Polygon", "coordinates": [ [ [ 115.8333333, 25.2999999 ], [ 116.3333333, 25.2999999 ], [ 116.3333333, 25.6333332 ], [ 115.8333333, 25.6333332 ], [ 115.8333333, 25.2999999 ] ] ] } },
{ "type": "Feature", "properties": { "Id": 0, "Sheet_ID": "天馬", "label": "天馬", "call_short": "0", "call_num": "0", "recid": "0", "websiteUrl": "0", "title": "0", "ckey": 0, "available": false, "iiifUrl": "0" }, "geometry": { "type": "Polygon", "coordinates": [ [ [ 116.3333333, 25.2999999 ], [ 116.8333333, 25.2999999 ], [ 116.8333333, 25.6333332 ], [ 116.3333333, 25.6333332 ], [ 116.3333333, 25.2999999 ] ] ] } },
{ "type": "Feature", "properties": { "Id": 0, "Sheet_ID": "瑞金", "label": "瑞金", "call_short": "0", "call_num": "0", "recid": "0", "websiteUrl": "0", "title": "0", "ckey": 0, "available": false, "iiifUrl": "0" }, "geometry": { "type": "Polygon", "coordinates": [ [ [ 115.3333333, 25.6333332 ], [ 115.8333333, 25.6333332 ], [ 115.8333333, 25.9666665 ], [ 115.3333333, 25.9666665 ], [ 115.3333333, 25.6333332 ] ] ] } },
{ "type": "Feature", "properties": { "Id": 0, "Sheet_ID": "臨時版_汀州", "label": "臨時版_汀州", "call_short": "G7820 S100 .J35", "call_num": "G7820 S100 .J35 W8S6-R17", "recid": "hp975cx8783", "websiteUrl": "https://purl.stanford.edu/hp975cx8783", "title": "南支那十万分一圖", "ckey": 12276630, "available": true, "iiifUrl": "https://purl.stanford.edu/hp975cx8783/iiif/manifest" }, "geometry": { "type": "Polygon", "coordinates": [ [ [ 115.8333333, 25.6333332 ], [ 116.3333333, 25.6333332 ], [ 116.3333333, 25.9666665 ], [ 115.8333333, 25.9666665 ], [ 115.8333333, 25.6333332 ] ] ] } },
{ "type": "Feature", "properties": { "Id": 0, "Sheet_ID": "連城", "label": "連城", "call_short": "0", "call_num": "0", "recid": "0", "websiteUrl": "0", "title": "0", "ckey": 0, "available": false, "iiifUrl": "0" }, "geometry": { "type": "Polygon", "coordinates": [ [ [ 116.3333333, 25.6333332 ], [ 116.8333333, 25.6333332 ], [ 116.8333333, 25.9666665 ], [ 116.3333333, 25.9666665 ], [ 116.3333333, 25.6333332 ] ] ] } },
{ "type": "Feature", "properties": { "Id": 0, "Sheet_ID": "長勝", "label": "長勝", "call_short": "0", "call_num": "0", "recid": "0", "websiteUrl": "0", "title": "0", "ckey": 0, "available": false, "iiifUrl": "0" }, "geometry": { "type": "Polygon", "coordinates": [ [ [ 115.8333333, 25.9666665 ], [ 116.3333333, 25.9666665 ], [ 116.3333333, 26.2999998 ], [ 115.8333333, 26.2999998 ], [ 115.8333333, 25.9666665 ] ] ] } },
{ "type": "Feature", "properties": { "Id": 0, "Sheet_ID": "甯化", "label": "甯化", "call_short": "0", "call_num": "0", "recid": "0", "websiteUrl": "0", "title": "0", "ckey": 0, "available": false, "iiifUrl": "0" }, "geometry": { "type": "Polygon", "coordinates": [ [ [ 116.3333333, 25.9666665 ], [ 116.8333333, 25.9666665 ], [ 116.8333333, 26.2999998 ], [ 116.3333333, 26.2999998 ], [ 116.3333333, 25.9666665 ] ] ] } },
{ "type": "Feature", "properties": { "Id": 0, "Sheet_ID": "福州", "label": "福州", "call_short": "0", "call_num": "0", "recid": "0", "websiteUrl": "0", "title": "0", "ckey": 0, "available": false, "iiifUrl": "0" }, "geometry": { "type": "Polygon", "coordinates": [ [ [ 118.8333333, 25.9666665 ], [ 119.3333333, 25.9666665 ], [ 119.3333333, 26.2999998 ], [ 118.8333333, 26.2999998 ], [ 118.8333333, 25.9666665 ] ] ] } },
{ "type": "Feature", "properties": { "Id": 0, "Sheet_ID": "斉塘", "label": "斉塘", "call_short": "0", "call_num": "0", "recid": "0", "websiteUrl": "0", "title": "0", "ckey": 0, "available": false, "iiifUrl": "0" }, "geometry": { "type": "Polygon", "coordinates": [ [ [ 115.3333333, 26.2999998 ], [ 115.8333333, 26.2999998 ], [ 115.8333333, 26.6333331 ], [ 115.3333333, 26.6333331 ], [ 115.3333333, 26.2999998 ] ] ] } },
{ "type": "Feature", "properties": { "Id": 0, "Sheet_ID": "建昌20. 甯都", "label": "建昌20. 甯都", "call_short": "G7820 S100 .J35", "call_num": "G7820 S100 .J35 W8S5-20", "recid": "rc505fx2301", "websiteUrl": "https://purl.stanford.edu/rc505fx2301", "title": "南支那十万分一圖", "ckey": 12276630, "available": true, "iiifUrl": "https://purl.stanford.edu/rc505fx2301/iiif/manifest" }, "geometry": { "type": "Polygon", "coordinates": [ [ [ 115.8333333, 26.2999998 ], [ 116.3333333, 26.2999998 ], [ 116.3333333, 26.6333331 ], [ 115.8333333, 26.6333331 ], [ 115.8333333, 26.2999998 ] ] ] } },
{ "type": "Feature", "properties": { "Id": 0, "Sheet_ID": "建昌15. 中沙", "label": "建昌15. 中沙", "call_short": "G7820 S100 .J35", "call_num": "G7820 S100 .J35 W8S5-15", "recid": "pd468qs3013", "websiteUrl": "https://purl.stanford.edu/pd468qs3013", "title": "南支那十万分一圖", "ckey": 12276630, "available": true, "iiifUrl": "https://purl.stanford.edu/pd468qs3013/iiif/manifest" }, "geometry": { "type": "Polygon", "coordinates": [ [ [ 116.3333333, 26.2999998 ], [ 116.8333333, 26.2999998 ], [ 116.8333333, 26.6333331 ], [ 116.3333333, 26.6333331 ], [ 116.3333333, 26.2999998 ] ] ] } },
{ "type": "Feature", "properties": { "Id": 0, "Sheet_ID": "歸化", "label": "歸化", "call_short": "0", "call_num": "0", "recid": "0", "websiteUrl": "0", "title": "0", "ckey": 0, "available": false, "iiifUrl": "0" }, "geometry": { "type": "Polygon", "coordinates": [ [ [ 116.8333333, 26.2999998 ], [ 117.3333333, 26.2999998 ], [ 117.3333333, 26.6333331 ], [ 116.8333333, 26.6333331 ], [ 116.8333333, 26.2999998 ] ] ] } },
{ "type": "Feature", "properties": { "Id": 0, "Sheet_ID": "白連", "label": "白連", "call_short": "0", "call_num": "0", "recid": "0", "websiteUrl": "0", "title": "0", "ckey": 0, "available": false, "iiifUrl": "0" }, "geometry": { "type": "Polygon", "coordinates": [ [ [ 117.3333333, 26.2999998 ], [ 117.8333333, 26.2999998 ], [ 117.8333333, 26.6333331 ], [ 117.3333333, 26.6333331 ], [ 117.3333333, 26.2999998 ] ] ] } },
{ "type": "Feature", "properties": { "Id": 0, "Sheet_ID": "九都", "label": "九都", "call_short": "0", "call_num": "0", "recid": "0", "websiteUrl": "0", "title": "0", "ckey": 0, "available": false, "iiifUrl": "0" }, "geometry": { "type": "Polygon", "coordinates": [ [ [ 117.8333333, 26.2999998 ], [ 118.3333333, 26.2999998 ], [ 118.3333333, 26.6333331 ], [ 117.8333333, 26.6333331 ], [ 117.8333333, 26.2999998 ] ] ] } },
{ "type": "Feature", "properties": { "Id": 0, "Sheet_ID": "水口", "label": "水口", "call_short": "0", "call_num": "0", "recid": "0", "websiteUrl": "0", "title": "0", "ckey": 0, "available": false, "iiifUrl": "0" }, "geometry": { "type": "Polygon", "coordinates": [ [ [ 118.3333333, 26.2999998 ], [ 118.8333333, 26.2999998 ], [ 118.8333333, 26.6333331 ], [ 118.3333333, 26.6333331 ], [ 118.3333333, 26.2999998 ] ] ] } },
{ "type": "Feature", "properties": { "Id": 0, "Sheet_ID": "福寧15. 大湖鎮", "label": "福寧15. 大湖鎮", "call_short": "G7820 S100 .J35", "call_num": "G7820 S100 .J35 W7S5-15", "recid": "cj943xz8010", "websiteUrl": "https://purl.stanford.edu/cj943xz8010", "title": "南支那十万分一圖", "ckey": 12276630, "available": true, "iiifUrl": "https://purl.stanford.edu/cj943xz8010/iiif/manifest" }, "geometry": { "type": "Polygon", "coordinates": [ [ [ 118.8333333, 26.2999998 ], [ 119.3333333, 26.2999998 ], [ 119.3333333, 26.6333331 ], [ 118.8333333, 26.6333331 ], [ 118.8333333, 26.2999998 ] ] ] } },
{ "type": "Feature", "properties": { "Id": 0, "Sheet_ID": "羅源縣", "label": "羅源縣", "call_short": "0", "call_num": "0", "recid": "0", "websiteUrl": "0", "title": "0", "ckey": 0, "available": false, "iiifUrl": "0" }, "geometry": { "type": "Polygon", "coordinates": [ [ [ 119.3333333, 26.2999998 ], [ 119.8333333, 26.2999998 ], [ 119.8333333, 26.6333331 ], [ 119.3333333, 26.6333331 ], [ 119.3333333, 26.2999998 ] ] ] } },
{ "type": "Feature", "properties": { "Id": 0, "Sheet_ID": "福寧5. 閭峽", "label": "福寧5. 閭峽", "call_short": "G7820 S100 .J35", "call_num": "G7820 S100 .J35 W7S5-5", "recid": "bb445yj9376", "websiteUrl": "https://purl.stanford.edu/bb445yj9376", "title": "南支那十万分一圖", "ckey": 12276630, "available": true, "iiifUrl": "https://purl.stanford.edu/bb445yj9376/iiif/manifest" }, "geometry": { "type": "Polygon", "coordinates": [ [ [ 119.8333333, 26.2999998 ], [ 120.3333333, 26.2999998 ], [ 120.3333333, 26.6333331 ], [ 119.8333333, 26.6333331 ], [ 119.8333333, 26.2999998 ] ] ] } },
{ "type": "Feature", "properties": { "Id": 0, "Sheet_ID": "落口市", "label": "落口市", "call_short": "0", "call_num": "0", "recid": "0", "websiteUrl": "0", "title": "0", "ckey": 0, "available": false, "iiifUrl": "0" }, "geometry": { "type": "Polygon", "coordinates": [ [ [ 115.8333333, 26.6333331 ], [ 116.3333333, 26.6333331 ], [ 116.3333333, 26.9666664 ], [ 115.8333333, 26.9666664 ], [ 115.8333333, 26.6333331 ] ] ] } },
{ "type": "Feature", "properties": { "Id": 0, "Sheet_ID": "建昌14. 頭坡", "label": "建昌14. 頭坡", "call_short": "G7820 S100 .J35", "call_num": "G7820 S100 .J35 W8S5-14", "recid": "ds038kp4369", "websiteUrl": "https://purl.stanford.edu/ds038kp4369", "title": "南支那十万分一圖", "ckey": 12276630, "available": true, "iiifUrl": "https://purl.stanford.edu/ds038kp4369/iiif/manifest" }, "geometry": { "type": "Polygon", "coordinates": [ [ [ 116.3333333, 26.6333331 ], [ 116.8333333, 26.6333331 ], [ 116.8333333, 26.9666664 ], [ 116.3333333, 26.9666664 ], [ 116.3333333, 26.6333331 ] ] ] } },
{ "type": "Feature", "properties": { "Id": 0, "Sheet_ID": "建昌9. 建甯", "label": "建昌9. 建甯", "call_short": "G7820 S100 .J35", "call_num": "G7820 S100 .J35 W8S5-9", "recid": "zr060xn9958", "websiteUrl": "https://purl.stanford.edu/zr060xn9958", "title": "南支那十万分一圖", "ckey": 12276630, "available": true, "iiifUrl": "https://purl.stanford.edu/zr060xn9958/iiif/manifest" }, "geometry": { "type": "Polygon", "coordinates": [ [ [ 116.8333333, 26.6333331 ], [ 117.3333333, 26.6333331 ], [ 117.3333333, 26.9666664 ], [ 116.8333333, 26.9666664 ], [ 116.8333333, 26.6333331 ] ] ] } },
{ "type": "Feature", "properties": { "Id": 0, "Sheet_ID": "建昌4. 将楽", "label": "建昌4. 将楽", "call_short": "G7820 S100 .J35", "call_num": "G7820 S100 .J35 W8S5-4", "recid": "vh042xb7531", "websiteUrl": "https://purl.stanford.edu/vh042xb7531", "title": "南支那十万分一圖", "ckey": 12276630, "available": true, "iiifUrl": "https://purl.stanford.edu/vh042xb7531/iiif/manifest" }, "geometry": { "type": "Polygon", "coordinates": [ [ [ 117.3333333, 26.6333331 ], [ 117.8333333, 26.6333331 ], [ 117.8333333, 26.9666664 ], [ 117.3333333, 26.9666664 ], [ 117.3333333, 26.6333331 ] ] ] } },
{ "type": "Feature", "properties": { "Id": 0, "Sheet_ID": "延平", "label": "延平", "call_short": "0", "call_num": "0", "recid": "0", "websiteUrl": "0", "title": "0", "ckey": 0, "available": false, "iiifUrl": "0" }, "geometry": { "type": "Polygon", "coordinates": [ [ [ 117.8333333, 26.6333331 ], [ 118.3333333, 26.6333331 ], [ 118.3333333, 26.9666664 ], [ 117.8333333, 26.9666664 ], [ 117.8333333, 26.6333331 ] ] ] } },
{ "type": "Feature", "properties": { "Id": 0, "Sheet_ID": "古田縣", "label": "古田縣", "call_short": "0", "call_num": "0", "recid": "0", "websiteUrl": "0", "title": "0", "ckey": 0, "available": false, "iiifUrl": "0" }, "geometry": { "type": "Polygon", "coordinates": [ [ [ 118.3333333, 26.6333331 ], [ 118.8333333, 26.6333331 ], [ 118.8333333, 26.9666664 ], [ 118.3333333, 26.9666664 ], [ 118.3333333, 26.6333331 ] ] ] } },
{ "type": "Feature", "properties": { "Id": 0, "Sheet_ID": "西洋", "label": "西洋", "call_short": "0", "call_num": "0", "recid": "0", "websiteUrl": "0", "title": "0", "ckey": 0, "available": false, "iiifUrl": "0" }, "geometry": { "type": "Polygon", "coordinates": [ [ [ 118.8333333, 26.6333331 ], [ 119.3333333, 26.6333331 ], [ 119.3333333, 26.9666664 ], [ 118.8333333, 26.9666664 ], [ 118.8333333, 26.6333331 ] ] ] } },
{ "type": "Feature", "properties": { "Id": 0, "Sheet_ID": "寧徳縣", "label": "寧徳縣", "call_short": "0", "call_num": "0", "recid": "0", "websiteUrl": "0", "title": "0", "ckey": 0, "available": false, "iiifUrl": "0" }, "geometry": { "type": "Polygon", "coordinates": [ [ [ 119.3333333, 26.6333331 ], [ 119.8333333, 26.6333331 ], [ 119.8333333, 26.9666664 ], [ 119.3333333, 26.9666664 ], [ 119.3333333, 26.6333331 ] ] ] } },
{ "type": "Feature", "properties": { "Id": 0, "Sheet_ID": "福寧4. 福寧府", "label": "福寧4. 福寧府", "call_short": "G7820 S100 .J35", "call_num": "G7820 S100 .J35 W7S5-4", "recid": "qn087hx2005", "websiteUrl": "https://purl.stanford.edu/qn087hx2005", "title": "南支那十万分一圖", "ckey": 12276630, "available": true, "iiifUrl": "https://purl.stanford.edu/qn087hx2005/iiif/manifest" }, "geometry": { "type": "Polygon", "coordinates": [ [ [ 119.8333333, 26.6333331 ], [ 120.3333333, 26.6333331 ], [ 120.3333333, 26.9666664 ], [ 119.8333333, 26.9666664 ], [ 119.8333333, 26.6333331 ] ] ] } },
{ "type": "Feature", "properties": { "Id": 0, "Sheet_ID": "南豊", "label": "南豊", "call_short": "0", "call_num": "0", "recid": "0", "websiteUrl": "0", "title": "0", "ckey": 0, "available": false, "iiifUrl": "0" }, "geometry": { "type": "Polygon", "coordinates": [ [ [ 116.3333333, 26.9666664 ], [ 116.8333333, 26.9666664 ], [ 116.8333333, 27.2999997 ], [ 116.3333333, 27.2999997 ], [ 116.3333333, 26.9666664 ] ] ] } },
{ "type": "Feature", "properties": { "Id": 0, "Sheet_ID": "建昌8. 横村", "label": "建昌8. 横村", "call_short": "G7820 S100 .J35", "call_num": "G7820 S100 .J35 W8S5-8", "recid": "jx483qc7258", "websiteUrl": "https://purl.stanford.edu/jx483qc7258", "title": "南支那十万分一圖", "ckey": 12276630, "available": true, "iiifUrl": "https://purl.stanford.edu/jx483qc7258/iiif/manifest" }, "geometry": { "type": "Polygon", "coordinates": [ [ [ 116.8333333, 26.9666664 ], [ 117.3333333, 26.9666664 ], [ 117.3333333, 27.2999997 ], [ 116.8333333, 27.2999997 ], [ 116.8333333, 26.9666664 ] ] ] } },
{ "type": "Feature", "properties": { "Id": 0, "Sheet_ID": "建昌3. 大幹", "label": "建昌3. 大幹", "call_short": "G7820 S100 .J35", "call_num": "G7820 S100 .J35 W8S5-3", "recid": "yf971kp2073", "websiteUrl": "https://purl.stanford.edu/yf971kp2073", "title": "南支那十万分一圖", "ckey": 12276630, "available": true, "iiifUrl": "https://purl.stanford.edu/yf971kp2073/iiif/manifest" }, "geometry": { "type": "Polygon", "coordinates": [ [ [ 117.3333333, 26.9666664 ], [ 117.8333333, 26.9666664 ], [ 117.8333333, 27.2999997 ], [ 117.3333333, 27.2999997 ], [ 117.3333333, 26.9666664 ] ] ] } },
{ "type": "Feature", "properties": { "Id": 0, "Sheet_ID": "建甌", "label": "建甌", "call_short": "0", "call_num": "0", "recid": "0", "websiteUrl": "0", "title": "0", "ckey": 0, "available": false, "iiifUrl": "0" }, "geometry": { "type": "Polygon", "coordinates": [ [ [ 117.8333333, 26.9666664 ], [ 118.3333333, 26.9666664 ], [ 118.3333333, 27.2999997 ], [ 117.8333333, 27.2999997 ], [ 117.8333333, 26.9666664 ] ] ] } },
{ "type": "Feature", "properties": { "Id": 0, "Sheet_ID": "福寧18. 小橋", "label": "福寧18. 小橋", "call_short": "G7820 S100 .J35", "call_num": "G7820 S100 .J35 W7S5-18", "recid": "dp409jc2207", "websiteUrl": "https://purl.stanford.edu/dp409jc2207", "title": "南支那十万分一圖", "ckey": 12276630, "available": true, "iiifUrl": "https://purl.stanford.edu/dp409jc2207/iiif/manifest" }, "geometry": { "type": "Polygon", "coordinates": [ [ [ 118.3333333, 26.9666664 ], [ 118.8333333, 26.9666664 ], [ 118.8333333, 27.2999997 ], [ 118.3333333, 27.2999997 ], [ 118.3333333, 26.9666664 ] ] ] } },
{ "type": "Feature", "properties": { "Id": 0, "Sheet_ID": "屏南", "label": "屏南", "call_short": "0", "call_num": "0", "recid": "0", "websiteUrl": "0", "title": "0", "ckey": 0, "available": false, "iiifUrl": "0" }, "geometry": { "type": "Polygon", "coordinates": [ [ [ 118.8333333, 26.9666664 ], [ 119.3333333, 26.9666664 ], [ 119.3333333, 27.2999997 ], [ 118.8333333, 27.2999997 ], [ 118.8333333, 26.9666664 ] ] ] } },
{ "type": "Feature", "properties": { "Id": 0, "Sheet_ID": "福安縣", "label": "福安縣", "call_short": "0", "call_num": "0", "recid": "0", "websiteUrl": "0", "title": "0", "ckey": 0, "available": false, "iiifUrl": "0" }, "geometry": { "type": "Polygon", "coordinates": [ [ [ 119.3333333, 26.9666664 ], [ 119.8333333, 26.9666664 ], [ 119.8333333, 27.2999997 ], [ 119.3333333, 27.2999997 ], [ 119.3333333, 26.9666664 ] ] ] } },
{ "type": "Feature", "properties": { "Id": 0, "Sheet_ID": "白琳", "label": "白琳", "call_short": "0", "call_num": "0", "recid": "0", "websiteUrl": "0", "title": "0", "ckey": 0, "available": false, "iiifUrl": "0" }, "geometry": { "type": "Polygon", "coordinates": [ [ [ 119.8333333, 26.9666664 ], [ 120.3333333, 26.9666664 ], [ 120.3333333, 27.2999997 ], [ 119.8333333, 27.2999997 ], [ 119.8333333, 26.9666664 ] ] ] } },
{ "type": "Feature", "properties": { "Id": 0, "Sheet_ID": "福寧3_東部. 甫城", "label": "福寧3_東部. 甫城", "call_short": "G7820 S100 .J35", "call_num": "G7820 S100 .J35 W7S5-3E", "recid": "xv100cp4605", "websiteUrl": "https://purl.stanford.edu/xv100cp4605", "title": "南支那十万分一圖", "ckey": 12276630, "available": true, "iiifUrl": "https://purl.stanford.edu/xv100cp4605/iiif/manifest" }, "geometry": { "type": "Polygon", "coordinates": [ [ [ 120.3333333, 26.9666664 ], [ 120.8333333, 26.9666664 ], [ 120.8333333, 27.2999997 ], [ 120.3333333, 27.2999997 ], [ 120.3333333, 26.9666664 ] ] ] } },
{ "type": "Feature", "properties": { "Id": 0, "Sheet_ID": "建昌", "label": "建昌", "call_short": "0", "call_num": "0", "recid": "0", "websiteUrl": "0", "title": "0", "ckey": 0, "available": false, "iiifUrl": "0" }, "geometry": { "type": "Polygon", "coordinates": [ [ [ 116.8333333, 27.2999997 ], [ 117.3333333, 27.2999997 ], [ 117.3333333, 27.6333331 ], [ 116.8333333, 27.6333331 ], [ 116.8333333, 27.2999997 ] ] ] } },
{ "type": "Feature", "properties": { "Id": 0, "Sheet_ID": "建昌2. 邵武", "label": "建昌2. 邵武", "call_short": "G7820 S100 .J35", "call_num": "G7820 S100 .J35 W8S5-2", "recid": "xf079zq4057", "websiteUrl": "https://purl.stanford.edu/xf079zq4057", "title": "南支那十万分一圖", "ckey": 12276630, "available": true, "iiifUrl": "https://purl.stanford.edu/xf079zq4057/iiif/manifest" }, "geometry": { "type": "Polygon", "coordinates": [ [ [ 117.3333333, 27.2999997 ], [ 117.8333333, 27.2999997 ], [ 117.8333333, 27.6333331 ], [ 117.3333333, 27.6333331 ], [ 117.3333333, 27.2999997 ] ] ] } },
{ "type": "Feature", "properties": { "Id": 0, "Sheet_ID": "建陽縣", "label": "建陽縣", "call_short": "0", "call_num": "0", "recid": "0", "websiteUrl": "0", "title": "0", "ckey": 0, "available": false, "iiifUrl": "0" }, "geometry": { "type": "Polygon", "coordinates": [ [ [ 117.8333333, 27.2999997 ], [ 118.3333333, 27.2999997 ], [ 118.3333333, 27.6333331 ], [ 117.8333333, 27.6333331 ], [ 117.8333333, 27.2999997 ] ] ] } },
{ "type": "Feature", "properties": { "Id": 0, "Sheet_ID": "政和", "label": "政和", "call_short": "0", "call_num": "0", "recid": "0", "websiteUrl": "0", "title": "0", "ckey": 0, "available": false, "iiifUrl": "0" }, "geometry": { "type": "Polygon", "coordinates": [ [ [ 118.3333333, 27.2999997 ], [ 118.8333333, 27.2999997 ], [ 118.8333333, 27.6333331 ], [ 118.3333333, 27.6333331 ], [ 118.3333333, 27.2999997 ] ] ] } },
{ "type": "Feature", "properties": { "Id": 0, "Sheet_ID": "平溪", "label": "平溪", "call_short": "0", "call_num": "0", "recid": "0", "websiteUrl": "0", "title": "0", "ckey": 0, "available": false, "iiifUrl": "0" }, "geometry": { "type": "Polygon", "coordinates": [ [ [ 118.8333333, 27.2999997 ], [ 119.3333333, 27.2999997 ], [ 119.3333333, 27.6333331 ], [ 118.8333333, 27.6333331 ], [ 118.8333333, 27.2999997 ] ] ] } },
{ "type": "Feature", "properties": { "Id": 0, "Sheet_ID": "福寧7. 壽寧", "label": "福寧7. 壽寧", "call_short": "G7820 S100 .J35", "call_num": "G7820 S100 .J35 W7S5-7", "recid": "nm951kn3609", "websiteUrl": "https://purl.stanford.edu/nm951kn3609", "title": "南支那十万分一圖", "ckey": 12276630, "available": true, "iiifUrl": "https://purl.stanford.edu/nm951kn3609/iiif/manifest" }, "geometry": { "type": "Polygon", "coordinates": [ [ [ 119.3333333, 27.2999997 ], [ 119.8333333, 27.2999997 ], [ 119.8333333, 27.6333331 ], [ 119.3333333, 27.6333331 ], [ 119.3333333, 27.2999997 ] ] ] } },
{ "type": "Feature", "properties": { "Id": 0, "Sheet_ID": "福寧2. 福鼎縣", "label": "福寧2. 福鼎縣", "call_short": "G7820 S100 .J35", "call_num": "G7820 S100 .J35 W7S5-2", "recid": "sy022bs2515", "websiteUrl": "https://purl.stanford.edu/sy022bs2515", "title": "南支那十万分一圖", "ckey": 12276630, "available": true, "iiifUrl": "https://purl.stanford.edu/sy022bs2515/iiif/manifest" }, "geometry": { "type": "Polygon", "coordinates": [ [ [ 119.8333333, 27.2999997 ], [ 120.3333333, 27.2999997 ], [ 120.3333333, 27.6333331 ], [ 119.8333333, 27.6333331 ], [ 119.8333333, 27.2999997 ] ] ] } },
{ "type": "Feature", "properties": { "Id": 0, "Sheet_ID": "福寧2_東部. 金鎮", "label": "福寧2_東部. 金鎮", "call_short": "G7820 S100 .J35", "call_num": "G7820 S100 .J35 W7S5-2E", "recid": "sq168yk7789", "websiteUrl": "https://purl.stanford.edu/sq168yk7789", "title": "南支那十万分一圖", "ckey": 12276630, "available": true, "iiifUrl": "https://purl.stanford.edu/sq168yk7789/iiif/manifest" }, "geometry": { "type": "Polygon", "coordinates": [ [ [ 120.3333333, 27.2999997 ], [ 120.8333333, 27.2999997 ], [ 120.8333333, 27.6333331 ], [ 120.3333333, 27.6333331 ], [ 120.3333333, 27.2999997 ] ] ] } },
{ "type": "Feature", "properties": { "Id": 0, "Sheet_ID": "金谿", "label": "金谿", "call_short": "0", "call_num": "0", "recid": "0", "websiteUrl": "0", "title": "0", "ckey": 0, "available": false, "iiifUrl": "0" }, "geometry": { "type": "Polygon", "coordinates": [ [ [ 116.8333333, 27.6333331 ], [ 117.3333333, 27.6333331 ], [ 117.3333333, 27.9666664 ], [ 116.8333333, 27.9666664 ], [ 116.8333333, 27.6333331 ] ] ] } },
{ "type": "Feature", "properties": { "Id": 0, "Sheet_ID": "建昌1. 茶碧", "label": "建昌1. 茶碧", "call_short": "G7820 S100 .J35", "call_num": "G7820 S100 .J35 W8S5-1", "recid": "zc984zt2951", "websiteUrl": "https://purl.stanford.edu/zc984zt2951", "title": "南支那十万分一圖", "ckey": 12276630, "available": true, "iiifUrl": "https://purl.stanford.edu/zc984zt2951/iiif/manifest" }, "geometry": { "type": "Polygon", "coordinates": [ [ [ 117.3333333, 27.6333331 ], [ 117.8333333, 27.6333331 ], [ 117.8333333, 27.9666664 ], [ 117.3333333, 27.9666664 ], [ 117.3333333, 27.6333331 ] ] ] } },
{ "type": "Feature", "properties": { "Id": 0, "Sheet_ID": "崇安", "label": "崇安", "call_short": "0", "call_num": "0", "recid": "0", "websiteUrl": "0", "title": "0", "ckey": 0, "available": false, "iiifUrl": "0" }, "geometry": { "type": "Polygon", "coordinates": [ [ [ 117.8333333, 27.6333331 ], [ 118.3333333, 27.6333331 ], [ 118.3333333, 27.9666664 ], [ 117.8333333, 27.9666664 ], [ 117.8333333, 27.6333331 ] ] ] } },
{ "type": "Feature", "properties": { "Id": 0, "Sheet_ID": "竹口", "label": "竹口", "call_short": "0", "call_num": "0", "recid": "0", "websiteUrl": "0", "title": "0", "ckey": 0, "available": false, "iiifUrl": "0" }, "geometry": { "type": "Polygon", "coordinates": [ [ [ 118.3333333, 27.6333331 ], [ 118.8333333, 27.6333331 ], [ 118.8333333, 27.9666664 ], [ 118.3333333, 27.9666664 ], [ 118.3333333, 27.6333331 ] ] ] } },
{ "type": "Feature", "properties": { "Id": 0, "Sheet_ID": "福寧11. 慶元", "label": "福寧11. 慶元", "call_short": "G7820 S100 .J35", "call_num": "G7820 S100 .J35 W7S5-11", "recid": "jr519yh3274", "websiteUrl": "https://purl.stanford.edu/jr519yh3274", "title": "南支那十万分一圖", "ckey": 12276630, "available": true, "iiifUrl": "https://purl.stanford.edu/jr519yh3274/iiif/manifest" }, "geometry": { "type": "Polygon", "coordinates": [ [ [ 118.8333333, 27.6333331 ], [ 119.3333333, 27.6333331 ], [ 119.3333333, 27.9666664 ], [ 118.8333333, 27.9666664 ], [ 118.8333333, 27.6333331 ] ] ] } },
{ "type": "Feature", "properties": { "Id": 0, "Sheet_ID": "泰順縣", "label": "泰順縣", "call_short": "0", "call_num": "0", "recid": "0", "websiteUrl": "0", "title": "0", "ckey": 0, "available": false, "iiifUrl": "0" }, "geometry": { "type": "Polygon", "coordinates": [ [ [ 119.3333333, 27.6333331 ], [ 119.8333333, 27.6333331 ], [ 119.8333333, 27.9666664 ], [ 119.3333333, 27.9666664 ], [ 119.3333333, 27.6333331 ] ] ] } },
{ "type": "Feature", "properties": { "Id": 0, "Sheet_ID": "福寧1. 大學", "label": "福寧1. 大學", "call_short": "G7820 S100 .J35", "call_num": "G7820 S100 .J35 W7S5-1", "recid": "bn814tw4977", "websiteUrl": "https://purl.stanford.edu/bn814tw4977", "title": "南支那十万分一圖", "ckey": 12276630, "available": true, "iiifUrl": "https://purl.stanford.edu/bn814tw4977/iiif/manifest" }, "geometry": { "type": "Polygon", "coordinates": [ [ [ 119.8333333, 27.6333331 ], [ 120.3333333, 27.6333331 ], [ 120.3333333, 27.9666664 ], [ 119.8333333, 27.9666664 ], [ 119.8333333, 27.6333331 ] ] ] } },
{ "type": "Feature", "properties": { "Id": 0, "Sheet_ID": "福寧1_東部. 瑞安縣", "label": "福寧1_東部. 瑞安縣", "call_short": "G7820 S100 .J35", "call_num": "G7820 S100 .J35 W7S5-1E", "recid": "wf940fn4155", "websiteUrl": "https://purl.stanford.edu/wf940fn4155", "title": "南支那十万分一圖", "ckey": 12276630, "available": true, "iiifUrl": "https://purl.stanford.edu/wf940fn4155/iiif/manifest" }, "geometry": { "type": "Polygon", "coordinates": [ [ [ 120.3333333, 27.6333331 ], [ 120.8333333, 27.6333331 ], [ 120.8333333, 27.9666664 ], [ 120.3333333, 27.9666664 ], [ 120.3333333, 27.6333331 ] ] ] } },
{ "type": "Feature", "properties": { "Id": 0, "Sheet_ID": "盤石", "label": "盤石", "call_short": "0", "call_num": "0", "recid": "0", "websiteUrl": "0", "title": "0", "ckey": 0, "available": false, "iiifUrl": "0" }, "geometry": { "type": "Polygon", "coordinates": [ [ [ 120.8333333, 27.6333331 ], [ 121.3333333, 27.6333331 ], [ 121.3333333, 27.9666664 ], [ 120.8333333, 27.9666664 ], [ 120.8333333, 27.6333331 ] ] ] } },
{ "type": "Feature", "properties": { "Id": 0, "Sheet_ID": "芝溪市", "label": "芝溪市", "call_short": "0", "call_num": "0", "recid": "0", "websiteUrl": "0", "title": "0", "ckey": 0, "available": false, "iiifUrl": "0" }, "geometry": { "type": "Polygon", "coordinates": [ [ [ 119.8333333, 27.9666664 ], [ 120.3333333, 27.9666664 ], [ 120.3333333, 28.2999997 ], [ 119.8333333, 28.2999997 ], [ 119.8333333, 27.9666664 ] ] ] } },
{ "type": "Feature", "properties": { "Id": 0, "Sheet_ID": "温州府", "label": "温州府", "call_short": "0", "call_num": "0", "recid": "0", "websiteUrl": "0", "title": "0", "ckey": 0, "available": false, "iiifUrl": "0" }, "geometry": { "type": "Polygon", "coordinates": [ [ [ 120.3333333, 27.9666664 ], [ 120.8333333, 27.9666664 ], [ 120.8333333, 28.2999997 ], [ 120.3333333, 28.2999997 ], [ 120.3333333, 27.9666664 ] ] ] } },
{ "type": "Feature", "properties": { "Id": 0, "Sheet_ID": "新淦", "label": "新淦", "call_short": "0", "call_num": "0", "recid": "0", "websiteUrl": "0", "title": "0", "ckey": 0, "available": false, "iiifUrl": "0" }, "geometry": { "type": "Polygon", "coordinates": [ [ [ 115.0, 27.6666667 ], [ 115.5, 27.6666667 ], [ 115.5, 28.0 ], [ 115.0, 28.0 ], [ 115.0, 27.6666667 ] ] ] } },
{ "type": "Feature", "properties": { "Id": 0, "Sheet_ID": "南昌25. 臨江", "label": "南昌25. 臨江", "call_short": "G7820 S100 .J35", "call_num": "G7820 S100 .J35 W8S4-25", "recid": "rv834rr9791", "websiteUrl": "https://purl.stanford.edu/rv834rr9791", "title": "南支那十万分一圖", "ckey": 12276630, "available": true, "iiifUrl": "https://purl.stanford.edu/rv834rr9791/iiif/manifest" }, "geometry": { "type": "Polygon", "coordinates": [ [ [ 115.0, 28.0 ], [ 115.5, 28.0 ], [ 115.5, 28.3333332 ], [ 115.0, 28.3333332 ], [ 115.0, 28.0 ] ] ] } },
{ "type": "Feature", "properties": { "Id": 0, "Sheet_ID": "豐城", "label": "豐城", "call_short": "0", "call_num": "0", "recid": "0", "websiteUrl": "0", "title": "0", "ckey": 0, "available": false, "iiifUrl": "0" }, "geometry": { "type": "Polygon", "coordinates": [ [ [ 115.5, 28.0 ], [ 116.0, 28.0 ], [ 116.0, 28.3333332 ], [ 115.5, 28.3333332 ], [ 115.5, 28.0 ] ] ] } },
{ "type": "Feature", "properties": { "Id": 0, "Sheet_ID": "撫州", "label": "撫州", "call_short": "0", "call_num": "0", "recid": "0", "websiteUrl": "0", "title": "0", "ckey": 0, "available": false, "iiifUrl": "0" }, "geometry": { "type": "Polygon", "coordinates": [ [ [ 116.0, 28.0 ], [ 116.5, 28.0 ], [ 116.5, 28.3333332 ], [ 116.0, 28.3333332 ], [ 116.0, 28.0 ] ] ] } },
{ "type": "Feature", "properties": { "Id": 0, "Sheet_ID": "南昌10. 東郷", "label": "南昌10. 東郷", "call_short": "G7820 S100 .J35", "call_num": "G7820 S100 .J35 W8S4-10", "recid": "jz121gv8233", "websiteUrl": "https://purl.stanford.edu/jz121gv8233", "title": "南支那十万分一圖", "ckey": 12276630, "available": true, "iiifUrl": "https://purl.stanford.edu/jz121gv8233/iiif/manifest" }, "geometry": { "type": "Polygon", "coordinates": [ [ [ 116.5, 28.0 ], [ 117.0, 28.0 ], [ 117.0, 28.3333332 ], [ 116.5, 28.3333332 ], [ 116.5, 28.0 ] ] ] } },
{ "type": "Feature", "properties": { "Id": 0, "Sheet_ID": "鉛山", "label": "鉛山", "call_short": "0", "call_num": "0", "recid": "0", "websiteUrl": "0", "title": "0", "ckey": 0, "available": false, "iiifUrl": "0" }, "geometry": { "type": "Polygon", "coordinates": [ [ [ 117.0, 28.0 ], [ 117.5, 28.0 ], [ 117.5, 28.3333332 ], [ 117.0, 28.3333332 ], [ 117.0, 28.0 ] ] ] } },
{ "type": "Feature", "properties": { "Id": 0, "Sheet_ID": "瑞州府", "label": "瑞州府", "call_short": "0", "call_num": "0", "recid": "0", "websiteUrl": "0", "title": "0", "ckey": 0, "available": false, "iiifUrl": "0" }, "geometry": { "type": "Polygon", "coordinates": [ [ [ 115.0, 28.3333332 ], [ 115.5, 28.3333332 ], [ 115.5, 28.6666665 ], [ 115.0, 28.6666665 ], [ 115.0, 28.3333332 ] ] ] } },
{ "type": "Feature", "properties": { "Id": 0, "Sheet_ID": "招山舗", "label": "招山舗", "call_short": "0", "call_num": "0", "recid": "0", "websiteUrl": "0", "title": "0", "ckey": 0, "available": false, "iiifUrl": "0" }, "geometry": { "type": "Polygon", "coordinates": [ [ [ 115.5, 28.3333332 ], [ 116.0, 28.3333332 ], [ 116.0, 28.6666665 ], [ 115.5, 28.6666665 ], [ 115.5, 28.3333332 ] ] ] } },
{ "type": "Feature", "properties": { "Id": 0, "Sheet_ID": "南昌14. 進賢", "label": "南昌14. 進賢", "call_short": "G7820 S100 .J35", "call_num": "G7820 S100 .J35 W8S4-14", "recid": "jh114sb9604", "websiteUrl": "https://purl.stanford.edu/jh114sb9604", "title": "南支那十万分一圖", "ckey": 12276630, "available": true, "iiifUrl": "https://purl.stanford.edu/jh114sb9604/iiif/manifest" }, "geometry": { "type": "Polygon", "coordinates": [ [ [ 116.0, 28.3333332 ], [ 116.5, 28.3333332 ], [ 116.5, 28.6666665 ], [ 116.0, 28.6666665 ], [ 116.0, 28.3333332 ] ] ] } },
{ "type": "Feature", "properties": { "Id": 0, "Sheet_ID": "貴谿", "label": "貴谿", "call_short": "0", "call_num": "0", "recid": "0", "websiteUrl": "0", "title": "0", "ckey": 0, "available": false, "iiifUrl": "0" }, "geometry": { "type": "Polygon", "coordinates": [ [ [ 116.5, 28.3333332 ], [ 117.0, 28.3333332 ], [ 117.0, 28.6666665 ], [ 116.5, 28.6666665 ], [ 116.5, 28.3333332 ] ] ] } },
{ "type": "Feature", "properties": { "Id": 0, "Sheet_ID": "興安", "label": "興安", "call_short": "0", "call_num": "0", "recid": "0", "websiteUrl": "0", "title": "0", "ckey": 0, "available": false, "iiifUrl": "0" }, "geometry": { "type": "Polygon", "coordinates": [ [ [ 117.0, 28.3333332 ], [ 117.5, 28.3333332 ], [ 117.5, 28.6666665 ], [ 117.0, 28.6666665 ], [ 117.0, 28.3333332 ] ] ] } },
{ "type": "Feature", "properties": { "Id": 0, "Sheet_ID": "靖安縣", "label": "靖安縣", "call_short": "0", "call_num": "0", "recid": "0", "websiteUrl": "0", "title": "0", "ckey": 0, "available": false, "iiifUrl": "0" }, "geometry": { "type": "Polygon", "coordinates": [ [ [ 115.0, 28.6666665 ], [ 115.5, 28.6666665 ], [ 115.5, 28.9999998 ], [ 115.0, 28.9999998 ], [ 115.0, 28.6666665 ] ] ] } },
{ "type": "Feature", "properties": { "Id": 0, "Sheet_ID": "南昌府", "label": "南昌府", "call_short": "0", "call_num": "0", "recid": "0", "websiteUrl": "0", "title": "0", "ckey": 0, "available": false, "iiifUrl": "0" }, "geometry": { "type": "Polygon", "coordinates": [ [ [ 115.5, 28.6666665 ], [ 116.0, 28.6666665 ], [ 116.0, 28.9999998 ], [ 115.5, 28.9999998 ], [ 115.5, 28.6666665 ] ] ] } },
{ "type": "Feature", "properties": { "Id": 0, "Sheet_ID": "滁椛", "label": "滁椛", "call_short": "0", "call_num": "0", "recid": "0", "websiteUrl": "0", "title": "0", "ckey": 0, "available": false, "iiifUrl": "0" }, "geometry": { "type": "Polygon", "coordinates": [ [ [ 116.0, 28.6666665 ], [ 116.5, 28.6666665 ], [ 116.5, 28.9999998 ], [ 116.0, 28.9999998 ], [ 116.0, 28.6666665 ] ] ] } },
{ "type": "Feature", "properties": { "Id": 0, "Sheet_ID": "餘干", "label": "餘干", "call_short": "0", "call_num": "0", "recid": "0", "websiteUrl": "0", "title": "0", "ckey": 0, "available": false, "iiifUrl": "0" }, "geometry": { "type": "Polygon", "coordinates": [ [ [ 116.5, 28.6666665 ], [ 117.0, 28.6666665 ], [ 117.0, 28.9999998 ], [ 116.5, 28.9999998 ], [ 116.5, 28.6666665 ] ] ] } },
{ "type": "Feature", "properties": { "Id": 0, "Sheet_ID": "徳興", "label": "徳興", "call_short": "0", "call_num": "0", "recid": "0", "websiteUrl": "0", "title": "0", "ckey": 0, "available": false, "iiifUrl": "0" }, "geometry": { "type": "Polygon", "coordinates": [ [ [ 117.0, 28.6666665 ], [ 117.5, 28.6666665 ], [ 117.5, 28.9999998 ], [ 117.0, 28.9999998 ], [ 117.0, 28.6666665 ] ] ] } },
{ "type": "Feature", "properties": { "Id": 0, "Sheet_ID": "武甯縣", "label": "武甯縣", "call_short": "0", "call_num": "0", "recid": "0", "websiteUrl": "0", "title": "0", "ckey": 0, "available": false, "iiifUrl": "0" }, "geometry": { "type": "Polygon", "coordinates": [ [ [ 115.0, 28.9999998 ], [ 115.5, 28.9999998 ], [ 115.5, 29.3333331 ], [ 115.0, 29.3333331 ], [ 115.0, 28.9999998 ] ] ] } },
{ "type": "Feature", "properties": { "Id": 0, "Sheet_ID": "建昌縣", "label": "建昌縣", "call_short": "0", "call_num": "0", "recid": "0", "websiteUrl": "0", "title": "0", "ckey": 0, "available": false, "iiifUrl": "0" }, "geometry": { "type": "Polygon", "coordinates": [ [ [ 115.5, 28.9999998 ], [ 116.0, 28.9999998 ], [ 116.0, 29.3333331 ], [ 115.5, 29.3333331 ], [ 115.5, 28.9999998 ] ] ] } },
{ "type": "Feature", "properties": { "Id": 0, "Sheet_ID": "呉城鎮", "label": "呉城鎮", "call_short": "0", "call_num": "0", "recid": "0", "websiteUrl": "0", "title": "0", "ckey": 0, "available": false, "iiifUrl": "0" }, "geometry": { "type": "Polygon", "coordinates": [ [ [ 116.0, 28.9999998 ], [ 116.5, 28.9999998 ], [ 116.5, 29.3333331 ], [ 116.0, 29.3333331 ], [ 116.0, 28.9999998 ] ] ] } },
{ "type": "Feature", "properties": { "Id": 0, "Sheet_ID": "饒州", "label": "饒州", "call_short": "0", "call_num": "0", "recid": "0", "websiteUrl": "0", "title": "0", "ckey": 0, "available": false, "iiifUrl": "0" }, "geometry": { "type": "Polygon", "coordinates": [ [ [ 116.5, 28.9999998 ], [ 117.0, 28.9999998 ], [ 117.0, 29.3333331 ], [ 116.5, 29.3333331 ], [ 116.5, 28.9999998 ] ] ] } },
{ "type": "Feature", "properties": { "Id": 0, "Sheet_ID": "樂平", "label": "樂平", "call_short": "0", "call_num": "0", "recid": "0", "websiteUrl": "0", "title": "0", "ckey": 0, "available": false, "iiifUrl": "0" }, "geometry": { "type": "Polygon", "coordinates": [ [ [ 117.0, 28.9999998 ], [ 117.5, 28.9999998 ], [ 117.5, 29.3333331 ], [ 117.0, 29.3333331 ], [ 117.0, 28.9999998 ] ] ] } },
{ "type": "Feature", "properties": { "Id": 0, "Sheet_ID": "通山縣", "label": "通山縣", "call_short": "0", "call_num": "0", "recid": "0", "websiteUrl": "0", "title": "0", "ckey": 0, "available": false, "iiifUrl": "0" }, "geometry": { "type": "Polygon", "coordinates": [ [ [ 114.5, 29.3333331 ], [ 115.0, 29.3333331 ], [ 115.0, 29.6666664 ], [ 114.5, 29.6666664 ], [ 114.5, 29.3333331 ] ] ] } },
{ "type": "Feature", "properties": { "Id": 0, "Sheet_ID": "南昌21. 横路", "label": "南昌21. 横路", "call_short": "G7820 S100 .J35", "call_num": "G7820 S100 .J35 W8S4-21", "recid": "wz119sz9446", "websiteUrl": "https://purl.stanford.edu/wz119sz9446", "title": "南支那十万分一圖", "ckey": 12276630, "available": true, "iiifUrl": "https://purl.stanford.edu/wz119sz9446/iiif/manifest" }, "geometry": { "type": "Polygon", "coordinates": [ [ [ 115.0, 29.3333331 ], [ 115.5, 29.3333331 ], [ 115.5, 29.6666664 ], [ 115.0, 29.6666664 ], [ 115.0, 29.3333331 ] ] ] } },
{ "type": "Feature", "properties": { "Id": 0, "Sheet_ID": "徳安縣", "label": "徳安縣", "call_short": "0", "call_num": "0", "recid": "0", "websiteUrl": "0", "title": "0", "ckey": 0, "available": false, "iiifUrl": "0" }, "geometry": { "type": "Polygon", "coordinates": [ [ [ 115.5, 29.3333331 ], [ 116.0, 29.3333331 ], [ 116.0, 29.6666664 ], [ 115.5, 29.6666664 ], [ 115.5, 29.3333331 ] ] ] } },
{ "type": "Feature", "properties": { "Id": 0, "Sheet_ID": "南康府", "label": "南康府", "call_short": "0", "call_num": "0", "recid": "0", "websiteUrl": "0", "title": "0", "ckey": 0, "available": false, "iiifUrl": "0" }, "geometry": { "type": "Polygon", "coordinates": [ [ [ 116.0, 29.3333331 ], [ 116.5, 29.3333331 ], [ 116.5, 29.6666664 ], [ 116.0, 29.6666664 ], [ 116.0, 29.3333331 ] ] ] } },
{ "type": "Feature", "properties": { "Id": 0, "Sheet_ID": "石門街", "label": "石門街", "call_short": "0", "call_num": "0", "recid": "0", "websiteUrl": "0", "title": "0", "ckey": 0, "available": false, "iiifUrl": "0" }, "geometry": { "type": "Polygon", "coordinates": [ [ [ 116.5, 29.3333331 ], [ 117.0, 29.3333331 ], [ 117.0, 29.6666664 ], [ 116.5, 29.6666664 ], [ 116.5, 29.3333331 ] ] ] } },
{ "type": "Feature", "properties": { "Id": 0, "Sheet_ID": "浮粱縣", "label": "浮粱縣", "call_short": "0", "call_num": "0", "recid": "0", "websiteUrl": "0", "title": "0", "ckey": 0, "available": false, "iiifUrl": "0" }, "geometry": { "type": "Polygon", "coordinates": [ [ [ 117.0, 29.3333331 ], [ 117.5, 29.3333331 ], [ 117.5, 29.6666664 ], [ 117.0, 29.6666664 ], [ 117.0, 29.3333331 ] ] ] } },
{ "type": "Feature", "properties": { "Id": 0, "Sheet_ID": "興國州", "label": "興國州", "call_short": "0", "call_num": "0", "recid": "0", "websiteUrl": "0", "title": "0", "ckey": 0, "available": false, "iiifUrl": "0" }, "geometry": { "type": "Polygon", "coordinates": [ [ [ 115.0, 29.6666664 ], [ 115.5, 29.6666664 ], [ 115.5, 29.9999997 ], [ 115.0, 29.9999997 ], [ 115.0, 29.6666664 ] ] ] } }
]
}
