{
"type": "FeatureCollection",
"name": "index_map",
"xy_coordinate_resolution": 1e-07,
"features": [
{ "type": "Feature", "properties": { "Id": 0, "Sheet_ID": "E1N6-24. オリガ", "label": "E1N6-24. オリガ", "call_short": "0", "call_num": "0", "recid": "0", "websiteUrl": "0", "title": "0", "ckey": 0, "available": false, "iiifUrl": "0" }, "geometry": { "type": "Polygon", "coordinates": [ [ [ 135.0, 43.6666663 ], [ 135.5, 43.6666663 ], [ 135.5, 43.9999997 ], [ 135.0, 43.9999997 ], [ 135.0, 43.6666663 ] ] ] } },
{ "type": "Feature", "properties": { "Id": 0, "Sheet_ID": "E1N6-19. ヴラヂミール", "label": "E1N6-19. ヴラヂミール", "call_short": "0", "call_num": "0", "recid": "0", "websiteUrl": "0", "title": "0", "ckey": 0, "available": false, "iiifUrl": "0" }, "geometry": { "type": "Polygon", "coordinates": [ [ [ 135.5, 43.6666663 ], [ 136.0, 43.6666663 ], [ 136.0, 43.9999997 ], [ 135.5, 43.9999997 ], [ 135.5, 43.6666663 ] ] ] } },
{ "type": "Feature", "properties": { "Id": 0, "Sheet_ID": "E1N6-23. スヴォロフカ", "label": "E1N6-23. スヴォロフカ", "call_short": "G7270 S100 .J36", "call_num": "G7270 S100 .J36 E1N6-23", "recid": "pj966qj2406", "websiteUrl": "https://purl.stanford.edu/pj966qj2406", "title": "西伯利十万分一圖", "ckey": 12344846, "available": true, "iiifUrl": "https://purl.stanford.edu/pj966qj2406/iiif/manifest" }, "geometry": { "type": "Polygon", "coordinates": [ [ [ 135.0, 43.9999997 ], [ 135.5, 43.9999997 ], [ 135.5, 44.333333 ], [ 135.0, 44.333333 ], [ 135.0, 43.9999997 ] ] ] } },
{ "type": "Feature", "properties": { "Id": 0, "Sheet_ID": "E1N6-18. タドゥシゥ河口", "label": "E1N6-18. タドゥシゥ河口", "call_short": "G7270 S100 .J36", "call_num": "G7270 S100 .J36 E1N6-18", "recid": "sh583mj5826", "websiteUrl": "https://purl.stanford.edu/sh583mj5826", "title": "西伯利十万分一圖", "ckey": 12344846, "available": true, "iiifUrl": "https://purl.stanford.edu/sh583mj5826/iiif/manifest" }, "geometry": { "type": "Polygon", "coordinates": [ [ [ 135.5, 43.9999997 ], [ 136.0, 43.9999997 ], [ 136.0, 44.333333 ], [ 135.5, 44.333333 ], [ 135.5, 43.9999997 ] ] ] } },
{ "type": "Feature", "properties": { "Id": 0, "Sheet_ID": "E1N9-20. アナスタセーフカ", "label": "E1N9-20. アナスタセーフカ", "call_short": "0", "call_num": "0", "recid": "0", "websiteUrl": "0", "title": "0", "ckey": 0, "available": false, "iiifUrl": "0" }, "geometry": { "type": "Polygon", "coordinates": [ [ [ 135.5, 48.3333331 ], [ 136.0, 48.3333331 ], [ 136.0, 48.6666665 ], [ 135.5, 48.6666665 ], [ 135.5, 48.3333331 ] ] ] } },
{ "type": "Feature", "properties": { "Id": 0, "Sheet_ID": "E1N9-19. ウヤツコエ", "label": "E1N9-19. ウヤツコエ", "call_short": "0", "call_num": "0", "recid": "0", "websiteUrl": "0", "title": "0", "ckey": 0, "available": false, "iiifUrl": "0" }, "geometry": { "type": "Polygon", "coordinates": [ [ [ 135.5, 48.6666665 ], [ 136.0, 48.6666665 ], [ 136.0, 48.9999998 ], [ 135.5, 48.9999998 ], [ 135.5, 48.6666665 ] ] ] } },
{ "type": "Feature", "properties": { "Id": 0, "Sheet_ID": "E1N9-14. チョルナー", "label": "E1N9-14. チョルナー", "call_short": "G7270 S100 .J36", "call_num": "G7270 S100 .J36 E1N9-14", "recid": "hw955wr5532", "websiteUrl": "https://purl.stanford.edu/hw955wr5532", "title": "西伯利十万分一圖", "ckey": 12344846, "available": true, "iiifUrl": "https://purl.stanford.edu/hw955wr5532/iiif/manifest" }, "geometry": { "type": "Polygon", "coordinates": [ [ [ 136.0, 48.6666665 ], [ 136.5, 48.6666665 ], [ 136.5, 48.9999998 ], [ 136.0, 48.9999998 ], [ 136.0, 48.6666665 ] ] ] } },
{ "type": "Feature", "properties": { "Id": 0, "Sheet_ID": "E1N9-18.十八號", "label": "E1N9-18.十八號", "call_short": "0", "call_num": "0", "recid": "0", "websiteUrl": "0", "title": "0", "ckey": 0, "available": false, "iiifUrl": "0" }, "geometry": { "type": "Polygon", "coordinates": [ [ [ 135.5, 48.9999998 ], [ 136.0, 48.9999998 ], [ 136.0, 49.3333332 ], [ 135.5, 49.3333332 ], [ 135.5, 48.9999998 ] ] ] } },
{ "type": "Feature", "properties": { "Id": 0, "Sheet_ID": "E1N9-13. クルン", "label": "E1N9-13. クルン", "call_short": "G7270 S100 .J36", "call_num": "G7270 S100 .J36 E1N9-13", "recid": "fn135pj1787", "websiteUrl": "https://purl.stanford.edu/fn135pj1787", "title": "西伯利十万分一圖", "ckey": 12344846, "available": true, "iiifUrl": "https://purl.stanford.edu/fn135pj1787/iiif/manifest" }, "geometry": { "type": "Polygon", "coordinates": [ [ [ 136.0, 48.9999998 ], [ 136.5, 48.9999998 ], [ 136.5, 49.3333332 ], [ 136.0, 49.3333332 ], [ 136.0, 48.9999998 ] ] ] } },
{ "type": "Feature", "properties": { "Id": 0, "Sheet_ID": "E1N9-8. 八號", "label": "E1N9-8. 八號", "call_short": "G7270 S100 .J36", "call_num": "G7270 S100 .J36 E1N9-8", "recid": "nw214hn4677", "websiteUrl": "https://purl.stanford.edu/nw214hn4677", "title": "西伯利十万分一圖", "ckey": 12344846, "available": true, "iiifUrl": "https://purl.stanford.edu/nw214hn4677/iiif/manifest" }, "geometry": { "type": "Polygon", "coordinates": [ [ [ 136.5, 48.9999998 ], [ 137.0, 48.9999998 ], [ 137.0, 49.3333332 ], [ 136.5, 49.3333332 ], [ 136.5, 48.9999998 ] ] ] } },
{ "type": "Feature", "properties": { "Id": 0, "Sheet_ID": "E1N9-3. 三號", "label": "E1N9-3. 三號", "call_short": "G7270 S100 .J36", "call_num": "G7270 S100 .J36 E1N9-3", "recid": "yy418mx3534", "websiteUrl": "https://purl.stanford.edu/yy418mx3534", "title": "西伯利十万分一圖", "ckey": 12344846, "available": true, "iiifUrl": "https://purl.stanford.edu/yy418mx3534/iiif/manifest" }, "geometry": { "type": "Polygon", "coordinates": [ [ [ 137.0, 48.9999998 ], [ 137.5, 48.9999998 ], [ 137.5, 49.3333332 ], [ 137.0, 49.3333332 ], [ 137.0, 48.9999998 ] ] ] } },
{ "type": "Feature", "properties": { "Id": 0, "Sheet_ID": "E1N9-12. サーヤン", "label": "E1N9-12. サーヤン", "call_short": "G7270 S100 .J36", "call_num": "G7270 S100 .J36 E1N9-12", "recid": "xx976wp3283", "websiteUrl": "https://purl.stanford.edu/xx976wp3283", "title": "西伯利十万分一圖", "ckey": 12344846, "available": true, "iiifUrl": "https://purl.stanford.edu/xx976wp3283/iiif/manifest" }, "geometry": { "type": "Polygon", "coordinates": [ [ [ 136.0, 49.3333332 ], [ 136.5, 49.3333332 ], [ 136.5, 49.6666665 ], [ 136.0, 49.6666665 ], [ 136.0, 49.3333332 ] ] ] } },
{ "type": "Feature", "properties": { "Id": 0, "Sheet_ID": "E1N9-7. トロイツコイ", "label": "E1N9-7. トロイツコイ", "call_short": "G7270 S100 .J36", "call_num": "G7270 S100 .J36 E1N9-7", "recid": "rb907jb3104", "websiteUrl": "https://purl.stanford.edu/rb907jb3104", "title": "西伯利十万分一圖", "ckey": 12344846, "available": true, "iiifUrl": "https://purl.stanford.edu/rb907jb3104/iiif/manifest" }, "geometry": { "type": "Polygon", "coordinates": [ [ [ 136.5, 49.3333332 ], [ 137.0, 49.3333332 ], [ 137.0, 49.6666665 ], [ 136.5, 49.6666665 ], [ 136.5, 49.3333332 ] ] ] } },
{ "type": "Feature", "properties": { "Id": 0, "Sheet_ID": "E1N9-2. 二號", "label": "E1N9-2. 二號", "call_short": "G7270 S100 .J36", "call_num": "G7270 S100 .J36 E1N9-2", "recid": "ps460mr3100", "websiteUrl": "https://purl.stanford.edu/ps460mr3100", "title": "西伯利十万分一圖", "ckey": 12344846, "available": true, "iiifUrl": "https://purl.stanford.edu/ps460mr3100/iiif/manifest" }, "geometry": { "type": "Polygon", "coordinates": [ [ [ 137.0, 49.3333332 ], [ 137.5, 49.3333332 ], [ 137.5, 49.6666665 ], [ 137.0, 49.6666665 ], [ 137.0, 49.3333332 ] ] ] } },
{ "type": "Feature", "properties": { "Id": 0, "Sheet_ID": "E1N9-11. ボロン湖", "label": "E1N9-11. ボロン湖", "call_short": "G7270 S100 .J36", "call_num": "G7270 S100 .J36 E1N9-11", "recid": "sw471jd2685", "websiteUrl": "https://purl.stanford.edu/sw471jd2685", "title": "西伯利十万分一圖", "ckey": 12344846, "available": true, "iiifUrl": "https://purl.stanford.edu/sw471jd2685/iiif/manifest" }, "geometry": { "type": "Polygon", "coordinates": [ [ [ 136.0, 49.6666665 ], [ 136.5, 49.6666665 ], [ 136.5, 49.9999999 ], [ 136.0, 49.9999999 ], [ 136.0, 49.6666665 ] ] ] } },
{ "type": "Feature", "properties": { "Id": 0, "Sheet_ID": "E1N9-6. マルムイシ", "label": "E1N9-6. マルムイシ", "call_short": "G7270 S100 .J36", "call_num": "G7270 S100 .J36 E1N9-6", "recid": "yn790wc0451", "websiteUrl": "https://purl.stanford.edu/yn790wc0451", "title": "西伯利十万分一圖", "ckey": 12344846, "available": true, "iiifUrl": "https://purl.stanford.edu/yn790wc0451/iiif/manifest" }, "geometry": { "type": "Polygon", "coordinates": [ [ [ 136.5, 49.6666665 ], [ 137.0, 49.6666665 ], [ 137.0, 49.9999999 ], [ 136.5, 49.9999999 ], [ 136.5, 49.6666665 ] ] ] } },
{ "type": "Feature", "properties": { "Id": 0, "Sheet_ID": "E3N10-25. オゴミー河", "label": "E3N10-25. オゴミー河", "call_short": "0", "call_num": "0", "recid": "0", "websiteUrl": "0", "title": "0", "ckey": 0, "available": false, "iiifUrl": "0" }, "geometry": { "type": "Polygon", "coordinates": [ [ [ 140.0, 49.9999999 ], [ 140.5, 49.9999999 ], [ 140.5, 50.3333332 ], [ 140.0, 50.3333332 ], [ 140.0, 49.9999999 ] ] ] } },
{ "type": "Feature", "properties": { "Id": 0, "Sheet_ID": "E3N10-20. スタルカ灣", "label": "E3N10-20. スタルカ灣", "call_short": "0", "call_num": "0", "recid": "0", "websiteUrl": "0", "title": "0", "ckey": 0, "available": false, "iiifUrl": "0" }, "geometry": { "type": "Polygon", "coordinates": [ [ [ 140.5, 49.9999999 ], [ 141.0, 49.9999999 ], [ 141.0, 50.3333332 ], [ 140.5, 50.3333332 ], [ 140.5, 49.9999999 ] ] ] } },
{ "type": "Feature", "properties": { "Id": 0, "Sheet_ID": "E3N10-24. セレブリャンカ河", "label": "E3N10-24. セレブリャンカ河", "call_short": "G7270 S100 .J36", "call_num": "G7270 S100 .J36 E3N10-24", "recid": "kv312sm6966", "websiteUrl": "https://purl.stanford.edu/kv312sm6966", "title": "西伯利十万分一圖", "ckey": 12344846, "available": true, "iiifUrl": "https://purl.stanford.edu/kv312sm6966/iiif/manifest" }, "geometry": { "type": "Polygon", "coordinates": [ [ [ 140.0, 50.3333332 ], [ 140.5, 50.3333332 ], [ 140.5, 50.6666665 ], [ 140.0, 50.6666665 ], [ 140.0, 50.3333332 ] ] ] } },
{ "type": "Feature", "properties": { "Id": 0, "Sheet_ID": "E3N10-23. シゼミン", "label": "E3N10-23. シゼミン", "call_short": "G7270 S100 .J36", "call_num": "G7270 S100 .J36 E3N10-23", "recid": "km374kb2318", "websiteUrl": "https://purl.stanford.edu/km374kb2318", "title": "西伯利十万分一圖", "ckey": 12344846, "available": true, "iiifUrl": "https://purl.stanford.edu/km374kb2318/iiif/manifest" }, "geometry": { "type": "Polygon", "coordinates": [ [ [ 140.0, 50.6666665 ], [ 140.5, 50.6666665 ], [ 140.5, 50.9999999 ], [ 140.0, 50.9999999 ], [ 140.0, 50.6666665 ] ] ] } },
{ "type": "Feature", "properties": { "Id": 0, "Sheet_ID": "E3N10-18. ホイ岬", "label": "E3N10-18. ホイ岬", "call_short": "0", "call_num": "0", "recid": "0", "websiteUrl": "0", "title": "0", "ckey": 0, "available": false, "iiifUrl": "0" }, "geometry": { "type": "Polygon", "coordinates": [ [ [ 140.5, 50.6666665 ], [ 141.0, 50.6666665 ], [ 141.0, 50.9999999 ], [ 140.5, 50.9999999 ], [ 140.5, 50.6666665 ] ] ] } },
{ "type": "Feature", "properties": { "Id": 0, "Sheet_ID": "E2N10-17. イム", "label": "E2N10-17. イム", "call_short": "0", "call_num": "0", "recid": "0", "websiteUrl": "0", "title": "0", "ckey": 0, "available": false, "iiifUrl": "0" }, "geometry": { "type": "Polygon", "coordinates": [ [ [ 138.0, 50.9999999 ], [ 138.5, 50.9999999 ], [ 138.5, 51.3333332 ], [ 138.0, 51.3333332 ], [ 138.0, 50.9999999 ] ] ] } },
{ "type": "Feature", "properties": { "Id": 0, "Sheet_ID": "E2N10-12. ウヂンスキー", "label": "E2N10-12. ウヂンスキー", "call_short": "0", "call_num": "0", "recid": "0", "websiteUrl": "0", "title": "0", "ckey": 0, "available": false, "iiifUrl": "0" }, "geometry": { "type": "Polygon", "coordinates": [ [ [ 138.5, 50.9999999 ], [ 139.0, 50.9999999 ], [ 139.0, 51.3333332 ], [ 138.5, 51.3333332 ], [ 138.5, 50.9999999 ] ] ] } },
{ "type": "Feature", "properties": { "Id": 0, "Sheet_ID": "E2N10-2. アイ河", "label": "E2N10-2. アイ河", "call_short": "0", "call_num": "0", "recid": "0", "websiteUrl": "0", "title": "0", "ckey": 0, "available": false, "iiifUrl": "0" }, "geometry": { "type": "Polygon", "coordinates": [ [ [ 139.5, 50.9999999 ], [ 140.0, 50.9999999 ], [ 140.0, 51.3333332 ], [ 139.5, 51.3333332 ], [ 139.5, 50.9999999 ] ] ] } },
{ "type": "Feature", "properties": { "Id": 0, "Sheet_ID": "E3N10-22. モソロワ河", "label": "E3N10-22. モソロワ河", "call_short": "G7270 S100 .J36", "call_num": "G7270 S100 .J36 E3N10-22", "recid": "zf519kb2612", "websiteUrl": "https://purl.stanford.edu/zf519kb2612", "title": "西伯利十万分一圖", "ckey": 12344846, "available": true, "iiifUrl": "https://purl.stanford.edu/zf519kb2612/iiif/manifest" }, "geometry": { "type": "Polygon", "coordinates": [ [ [ 140.0, 50.9999999 ], [ 140.5, 50.9999999 ], [ 140.5, 51.3333332 ], [ 140.0, 51.3333332 ], [ 140.0, 50.9999999 ] ] ] } },
{ "type": "Feature", "properties": { "Id": 0, "Sheet_ID": "E3N10-17. モソロワ灣", "label": "E3N10-17. モソロワ灣", "call_short": "0", "call_num": "0", "recid": "0", "websiteUrl": "0", "title": "0", "ckey": 0, "available": false, "iiifUrl": "0" }, "geometry": { "type": "Polygon", "coordinates": [ [ [ 140.5, 50.9999999 ], [ 141.0, 50.9999999 ], [ 141.0, 51.3333332 ], [ 140.5, 51.3333332 ], [ 140.5, 50.9999999 ] ] ] } },
{ "type": "Feature", "properties": { "Id": 0, "Sheet_ID": "E2N10-1. ソフィスコエ", "label": "E2N10-1. ソフィスコエ", "call_short": "0", "call_num": "0", "recid": "0", "websiteUrl": "0", "title": "0", "ckey": 0, "available": false, "iiifUrl": "0" }, "geometry": { "type": "Polygon", "coordinates": [ [ [ 139.5, 51.3333332 ], [ 140.0, 51.3333332 ], [ 140.0, 51.6666666 ], [ 139.5, 51.6666666 ], [ 139.5, 51.3333332 ] ] ] } },
{ "type": "Feature", "properties": { "Id": 0, "Sheet_ID": "E3N10-21. コマロフカ", "label": "E3N10-21. コマロフカ", "call_short": "0", "call_num": "0", "recid": "0", "websiteUrl": "0", "title": "0", "ckey": 0, "available": false, "iiifUrl": "0" }, "geometry": { "type": "Polygon", "coordinates": [ [ [ 140.0, 51.3333332 ], [ 140.5, 51.3333332 ], [ 140.5, 51.6666666 ], [ 140.0, 51.6666666 ], [ 140.0, 51.3333332 ] ] ] } },
{ "type": "Feature", "properties": { "Id": 0, "Sheet_ID": "E3N10-16. デカストゥリ", "label": "E3N10-16. デカストゥリ", "call_short": "0", "call_num": "0", "recid": "0", "websiteUrl": "0", "title": "0", "ckey": 0, "available": false, "iiifUrl": "0" }, "geometry": { "type": "Polygon", "coordinates": [ [ [ 140.5, 51.3333332 ], [ 141.0, 51.3333332 ], [ 141.0, 51.6666666 ], [ 140.5, 51.6666666 ], [ 140.5, 51.3333332 ] ] ] } },
{ "type": "Feature", "properties": { "Id": 0, "Sheet_ID": "E3N11-25. マリンスコ・ウスペンスコエ", "label": "E3N11-25. マリンスコ・ウスペンスコエ", "call_short": "G7270 S100 .J36", "call_num": "G7270 S100 .J36 E3N11-25", "recid": "rp925mt4252", "websiteUrl": "https://purl.stanford.edu/rp925mt4252", "title": "西伯利十万分一圖", "ckey": 12344846, "available": true, "iiifUrl": "https://purl.stanford.edu/rp925mt4252/iiif/manifest" }, "geometry": { "type": "Polygon", "coordinates": [ [ [ 140.0, 51.6666666 ], [ 140.5, 51.6666666 ], [ 140.5, 51.9999999 ], [ 140.0, 51.9999999 ], [ 140.0, 51.6666666 ] ] ] } },
{ "type": "Feature", "properties": { "Id": 0, "Sheet_ID": "E3N11-20. カダ湖", "label": "E3N11-20. カダ湖", "call_short": "G7270 S100 .J36", "call_num": "G7270 S100 .J36 E3N11-20", "recid": "xm219sb2219", "websiteUrl": "https://purl.stanford.edu/xm219sb2219", "title": "西伯利十万分一圖", "ckey": 12344846, "available": true, "iiifUrl": "https://purl.stanford.edu/xm219sb2219/iiif/manifest" }, "geometry": { "type": "Polygon", "coordinates": [ [ [ 140.5, 51.6666666 ], [ 141.0, 51.6666666 ], [ 141.0, 51.9999999 ], [ 140.5, 51.9999999 ], [ 140.5, 51.6666666 ] ] ] } },
{ "type": "Feature", "properties": { "Id": 0, "Sheet_ID": "E3N11-15. ネウェリスカウォ岬", "label": "E3N11-15. ネウェリスカウォ岬", "call_short": "0", "call_num": "0", "recid": "0", "websiteUrl": "0", "title": "0", "ckey": 0, "available": false, "iiifUrl": "0" }, "geometry": { "type": "Polygon", "coordinates": [ [ [ 141.0, 51.6666666 ], [ 141.5, 51.6666666 ], [ 141.5, 51.9999999 ], [ 141.0, 51.9999999 ], [ 141.0, 51.6666666 ] ] ] } },
{ "type": "Feature", "properties": { "Id": 0, "Sheet_ID": "E3N11-10. トゥイク", "label": "E3N11-10. トゥイク", "call_short": "0", "call_num": "0", "recid": "0", "websiteUrl": "0", "title": "0", "ckey": 0, "available": false, "iiifUrl": "0" }, "geometry": { "type": "Polygon", "coordinates": [ [ [ 141.5, 51.6666666 ], [ 142.0, 51.6666666 ], [ 142.0, 51.9999999 ], [ 141.5, 51.9999999 ], [ 141.5, 51.6666666 ] ] ] } },
{ "type": "Feature", "properties": { "Id": 0, "Sheet_ID": "E3N11-24. モンゴーリ", "label": "E3N11-24. モンゴーリ", "call_short": "0", "call_num": "0", "recid": "0", "websiteUrl": "0", "title": "0", "ckey": 0, "available": false, "iiifUrl": "0" }, "geometry": { "type": "Polygon", "coordinates": [ [ [ 140.0, 51.9999999 ], [ 140.5, 51.9999999 ], [ 140.5, 52.3333333 ], [ 140.0, 52.3333333 ], [ 140.0, 51.9999999 ] ] ] } },
{ "type": "Feature", "properties": { "Id": 0, "Sheet_ID": "E3N11-19. ベーラヤ山", "label": "E3N11-19. ベーラヤ山", "call_short": "0", "call_num": "0", "recid": "0", "websiteUrl": "0", "title": "0", "ckey": 0, "available": false, "iiifUrl": "0" }, "geometry": { "type": "Polygon", "coordinates": [ [ [ 140.5, 51.9999999 ], [ 141.0, 51.9999999 ], [ 141.0, 52.3333333 ], [ 140.5, 52.3333333 ], [ 140.5, 51.9999999 ] ] ] } },
{ "type": "Feature", "properties": { "Id": 0, "Sheet_ID": "E3N11-14. ポロウィンカ", "label": "E3N11-14. ポロウィンカ", "call_short": "G7270 S100 .J36", "call_num": "G7270 S100 .J36 E3N11-14", "recid": "bk878mc5324", "websiteUrl": "https://purl.stanford.edu/bk878mc5324", "title": "西伯利十万分一圖", "ckey": 12344846, "available": true, "iiifUrl": "https://purl.stanford.edu/bk878mc5324/iiif/manifest" }, "geometry": { "type": "Polygon", "coordinates": [ [ [ 141.0, 51.9999999 ], [ 141.5, 51.9999999 ], [ 141.5, 52.3333333 ], [ 141.0, 52.3333333 ], [ 141.0, 51.9999999 ] ] ] } },
{ "type": "Feature", "properties": { "Id": 0, "Sheet_ID": "E3N11-9. ポギビー", "label": "E3N11-9. ポギビー", "call_short": "0", "call_num": "0", "recid": "0", "websiteUrl": "0", "title": "0", "ckey": 0, "available": false, "iiifUrl": "0" }, "geometry": { "type": "Polygon", "coordinates": [ [ [ 141.5, 51.9999999 ], [ 142.0, 51.9999999 ], [ 142.0, 52.3333333 ], [ 141.5, 52.3333333 ], [ 141.5, 51.9999999 ] ] ] } },
{ "type": "Feature", "properties": { "Id": 0, "Sheet_ID": "E1N11-18. インノケンチエフスキー", "label": "E1N11-18. インノケンチエフスキー", "call_short": "G7270 S100 .J36", "call_num": "G7270 S100 .J36 E1N11-18", "recid": "qp589cv6609", "websiteUrl": "https://purl.stanford.edu/qp589cv6609", "title": "西伯利十万分一圖", "ckey": 12344846, "available": true, "iiifUrl": "https://purl.stanford.edu/qp589cv6609/iiif/manifest" }, "geometry": { "type": "Polygon", "coordinates": [ [ [ 135.5, 52.3333333 ], [ 136.0, 52.3333333 ], [ 136.0, 52.6666666 ], [ 135.5, 52.6666666 ], [ 135.5, 52.3333333 ] ] ] } },
{ "type": "Feature", "properties": { "Id": 0, "Sheet_ID": "E1N11-13. ケルビンスキー", "label": "E1N11-13. ケルビンスキー", "call_short": "G7270 S100 .J36", "call_num": "G7270 S100 .J36 E1N11-13", "recid": "yj317qx6140", "websiteUrl": "https://purl.stanford.edu/yj317qx6140", "title": "西伯利十万分一圖", "ckey": 12344846, "available": true, "iiifUrl": "https://purl.stanford.edu/yj317qx6140/iiif/manifest" }, "geometry": { "type": "Polygon", "coordinates": [ [ [ 136.0, 52.3333333 ], [ 136.5, 52.3333333 ], [ 136.5, 52.6666666 ], [ 136.0, 52.6666666 ], [ 136.0, 52.3333333 ] ] ] } },
{ "type": "Feature", "properties": { "Id": 0, "Sheet_ID": "E1N11-8. マリシウスク", "label": "E1N11-8. マリシウスク", "call_short": "G7270 S100 .J36", "call_num": "G7270 S100 .J36 E1N11-8", "recid": "dp202kn6943", "websiteUrl": "https://purl.stanford.edu/dp202kn6943", "title": "西伯利十万分一圖", "ckey": 12344846, "available": true, "iiifUrl": "https://purl.stanford.edu/dp202kn6943/iiif/manifest" }, "geometry": { "type": "Polygon", "coordinates": [ [ [ 136.5, 52.3333333 ], [ 137.0, 52.3333333 ], [ 137.0, 52.6666666 ], [ 136.5, 52.6666666 ], [ 136.5, 52.3333333 ] ] ] } },
{ "type": "Feature", "properties": { "Id": 0, "Sheet_ID": "E1N11-3. ザザエフ", "label": "E1N11-3. ザザエフ", "call_short": "G7270 S100 .J36", "call_num": "G7270 S100 .J36 E1N11-3", "recid": "gb184ct6062", "websiteUrl": "https://purl.stanford.edu/gb184ct6062", "title": "西伯利十万分一圖", "ckey": 12344846, "available": true, "iiifUrl": "https://purl.stanford.edu/gb184ct6062/iiif/manifest" }, "geometry": { "type": "Polygon", "coordinates": [ [ [ 137.0, 52.3333333 ], [ 137.5, 52.3333333 ], [ 137.5, 52.6666666 ], [ 137.0, 52.6666666 ], [ 137.0, 52.3333333 ] ] ] } },
{ "type": "Feature", "properties": { "Id": 0, "Sheet_ID": "E3N11-23. ボリシェミハイロフスコエ", "label": "E3N11-23. ボリシェミハイロフスコエ", "call_short": "G7270 S100 .J36", "call_num": "G7270 S100 .J36 E3N11-23", "recid": "fw339zn4186", "websiteUrl": "https://purl.stanford.edu/fw339zn4186", "title": "西伯利十万分一圖", "ckey": 12344846, "available": true, "iiifUrl": "https://purl.stanford.edu/fw339zn4186/iiif/manifest" }, "geometry": { "type": "Polygon", "coordinates": [ [ [ 140.0, 52.3333333 ], [ 140.5, 52.3333333 ], [ 140.5, 52.6666666 ], [ 140.0, 52.6666666 ], [ 140.0, 52.3333333 ] ] ] } },
{ "type": "Feature", "properties": { "Id": 0, "Sheet_ID": "E3N11-18. ヘイスー山", "label": "E3N11-18. ヘイスー山", "call_short": "0", "call_num": "0", "recid": "0", "websiteUrl": "0", "title": "0", "ckey": 0, "available": false, "iiifUrl": "0" }, "geometry": { "type": "Polygon", "coordinates": [ [ [ 140.5, 52.3333333 ], [ 141.0, 52.3333333 ], [ 141.0, 52.6666666 ], [ 140.5, 52.6666666 ], [ 140.5, 52.3333333 ] ] ] } },
{ "type": "Feature", "properties": { "Id": 0, "Sheet_ID": "E3N11-13. チョーメ", "label": "E3N11-13. チョーメ", "call_short": "0", "call_num": "0", "recid": "0", "websiteUrl": "0", "title": "0", "ckey": 0, "available": false, "iiifUrl": "0" }, "geometry": { "type": "Polygon", "coordinates": [ [ [ 141.0, 52.3333333 ], [ 141.5, 52.3333333 ], [ 141.5, 52.6666666 ], [ 141.0, 52.6666666 ], [ 141.0, 52.3333333 ] ] ] } },
{ "type": "Feature", "properties": { "Id": 0, "Sheet_ID": "E3N11-8. ヌイデ", "label": "E3N11-8. ヌイデ", "call_short": "0", "call_num": "0", "recid": "0", "websiteUrl": "0", "title": "0", "ckey": 0, "available": false, "iiifUrl": "0" }, "geometry": { "type": "Polygon", "coordinates": [ [ [ 141.5, 52.3333333 ], [ 142.0, 52.3333333 ], [ 142.0, 52.6666666 ], [ 141.5, 52.6666666 ], [ 141.5, 52.3333333 ] ] ] } },
{ "type": "Feature", "properties": { "Id": 0, "Sheet_ID": "E1N11-7. 七號", "label": "E1N11-7. 七號", "call_short": "G7270 S100 .J36", "call_num": "G7270 S100 .J36 E1N11-7", "recid": "sw540sq6838", "websiteUrl": "https://purl.stanford.edu/sw540sq6838", "title": "西伯利十万分一圖", "ckey": 12344846, "available": true, "iiifUrl": "https://purl.stanford.edu/sw540sq6838/iiif/manifest" }, "geometry": { "type": "Polygon", "coordinates": [ [ [ 136.5, 52.6666666 ], [ 137.0, 52.6666666 ], [ 137.0, 52.9999999 ], [ 136.5, 52.9999999 ], [ 136.5, 52.6666666 ] ] ] } },
{ "type": "Feature", "properties": { "Id": 0, "Sheet_ID": "E1N11-2. 二號", "label": "E1N11-2. 二號", "call_short": "0", "call_num": "0", "recid": "0", "websiteUrl": "0", "title": "0", "ckey": 0, "available": false, "iiifUrl": "0" }, "geometry": { "type": "Polygon", "coordinates": [ [ [ 137.0, 52.6666666 ], [ 137.5, 52.6666666 ], [ 137.5, 52.9999999 ], [ 137.0, 52.9999999 ], [ 137.0, 52.6666666 ] ] ] } },
{ "type": "Feature", "properties": { "Id": 0, "Sheet_ID": "E3N11-22. スサニーノ", "label": "E3N11-22. スサニーノ", "call_short": "0", "call_num": "0", "recid": "0", "websiteUrl": "0", "title": "0", "ckey": 0, "available": false, "iiifUrl": "0" }, "geometry": { "type": "Polygon", "coordinates": [ [ [ 140.0, 52.6666666 ], [ 140.5, 52.6666666 ], [ 140.5, 52.9999999 ], [ 140.0, 52.9999999 ], [ 140.0, 52.6666666 ] ] ] } },
{ "type": "Feature", "properties": { "Id": 0, "Sheet_ID": "E3N11-17. マルクラーム山", "label": "E3N11-17. マルクラーム山", "call_short": "0", "call_num": "0", "recid": "0", "websiteUrl": "0", "title": "0", "ckey": 0, "available": false, "iiifUrl": "0" }, "geometry": { "type": "Polygon", "coordinates": [ [ [ 140.5, 52.6666666 ], [ 141.0, 52.6666666 ], [ 141.0, 52.9999999 ], [ 140.5, 52.9999999 ], [ 140.5, 52.6666666 ] ] ] } },
{ "type": "Feature", "properties": { "Id": 0, "Sheet_ID": "E3N11-12. プローンゲ岬", "label": "E3N11-12. プローンゲ岬", "call_short": "0", "call_num": "0", "recid": "0", "websiteUrl": "0", "title": "0", "ckey": 0, "available": false, "iiifUrl": "0" }, "geometry": { "type": "Polygon", "coordinates": [ [ [ 141.0, 52.6666666 ], [ 141.5, 52.6666666 ], [ 141.5, 52.9999999 ], [ 141.0, 52.9999999 ], [ 141.0, 52.6666666 ] ] ] } },
{ "type": "Feature", "properties": { "Id": 0, "Sheet_ID": "E3N11-21. マガ", "label": "E3N11-21. マガ", "call_short": "G7270 S100 .J36", "call_num": "G7270 S100 .J36 E3N11-21", "recid": "dw161xh2916", "websiteUrl": "https://purl.stanford.edu/dw161xh2916", "title": "西伯利十万分一圖", "ckey": 12344846, "available": true, "iiifUrl": "https://purl.stanford.edu/dw161xh2916/iiif/manifest" }, "geometry": { "type": "Polygon", "coordinates": [ [ [ 140.0, 52.9999999 ], [ 140.5, 52.9999999 ], [ 140.5, 53.3333333 ], [ 140.0, 53.3333333 ], [ 140.0, 52.9999999 ] ] ] } },
{ "type": "Feature", "properties": { "Id": 0, "Sheet_ID": "E3N11-16. ニコラエフスク", "label": "E3N11-16. ニコラエフスク", "call_short": "0", "call_num": "0", "recid": "0", "websiteUrl": "0", "title": "0", "ckey": 0, "available": false, "iiifUrl": "0" }, "geometry": { "type": "Polygon", "coordinates": [ [ [ 140.5, 52.9999999 ], [ 141.0, 52.9999999 ], [ 141.0, 53.3333333 ], [ 140.5, 53.3333333 ], [ 140.5, 52.9999999 ] ] ] } },
{ "type": "Feature", "properties": { "Id": 0, "Sheet_ID": "E3N11-11. ヌィガイ河", "label": "E3N11-11. ヌィガイ河", "call_short": "G7270 S100 .J36", "call_num": "G7270 S100 .J36 E3N11-11", "recid": "hr585yk2752", "websiteUrl": "https://purl.stanford.edu/hr585yk2752", "title": "西伯利十万分一圖", "ckey": 12344846, "available": true, "iiifUrl": "https://purl.stanford.edu/hr585yk2752/iiif/manifest" }, "geometry": { "type": "Polygon", "coordinates": [ [ [ 141.0, 52.9999999 ], [ 141.5, 52.9999999 ], [ 141.5, 53.3333333 ], [ 141.0, 53.3333333 ], [ 141.0, 52.9999999 ] ] ] } },
{ "type": "Feature", "properties": { "Id": 0, "Sheet_ID": "E3N12-25. プリースク・スレテンスキー", "label": "E3N12-25. プリースク・スレテンスキー", "call_short": "0", "call_num": "0", "recid": "0", "websiteUrl": "0", "title": "0", "ckey": 0, "available": false, "iiifUrl": "0" }, "geometry": { "type": "Polygon", "coordinates": [ [ [ 140.0, 53.3333333 ], [ 140.5, 53.3333333 ], [ 140.5, 53.6666666 ], [ 140.0, 53.6666666 ], [ 140.0, 53.3333333 ] ] ] } },
{ "type": "Feature", "properties": { "Id": 0, "Sheet_ID": "E3N12-20. コーリ", "label": "E3N12-20. コーリ", "call_short": "0", "call_num": "0", "recid": "0", "websiteUrl": "0", "title": "0", "ckey": 0, "available": false, "iiifUrl": "0" }, "geometry": { "type": "Polygon", "coordinates": [ [ [ 140.5, 53.3333333 ], [ 141.0, 53.3333333 ], [ 141.0, 53.6666666 ], [ 140.5, 53.6666666 ], [ 140.5, 53.3333333 ] ] ] } },
{ "type": "Feature", "properties": { "Id": 0, "Sheet_ID": "E3N12-15. ウール島", "label": "E3N12-15. ウール島", "call_short": "0", "call_num": "0", "recid": "0", "websiteUrl": "0", "title": "0", "ckey": 0, "available": false, "iiifUrl": "0" }, "geometry": { "type": "Polygon", "coordinates": [ [ [ 141.0, 53.3333333 ], [ 141.5, 53.3333333 ], [ 141.5, 53.6666666 ], [ 141.0, 53.6666666 ], [ 141.0, 53.3333333 ] ] ] } },
{ "type": "Feature", "properties": { "Id": 0, "Sheet_ID": "E3N12-24. リトゥケ岬", "label": "E3N12-24. リトゥケ岬", "call_short": "G7270 S100 .J36", "call_num": "G7270 S100 .J36 E3N12-24", "recid": "nd100gf8274", "websiteUrl": "https://purl.stanford.edu/nd100gf8274", "title": "西伯利十万分一圖", "ckey": 12344846, "available": true, "iiifUrl": "https://purl.stanford.edu/nd100gf8274/iiif/manifest" }, "geometry": { "type": "Polygon", "coordinates": [ [ [ 140.0, 53.6666666 ], [ 140.5, 53.6666666 ], [ 140.5, 54.0 ], [ 140.0, 54.0 ], [ 140.0, 53.6666666 ] ] ] } },
{ "type": "Feature", "properties": { "Id": 0, "Sheet_ID": "E3N12-23. リトゥケ岬北部", "label": "E3N12-23. リトゥケ岬北部", "call_short": "0", "call_num": "0", "recid": "0", "websiteUrl": "0", "title": "0", "ckey": 0, "available": false, "iiifUrl": "0" }, "geometry": { "type": "Polygon", "coordinates": [ [ [ 140.0, 54.0 ], [ 140.5, 54.0 ], [ 140.5, 54.3333333 ], [ 140.0, 54.3333333 ], [ 140.0, 54.0 ] ] ] } },
{ "type": "Feature", "properties": { "Id": 0, "Sheet_ID": "W6N12-25. チャソヴィンスキー", "label": "W6N12-25. チャソヴィンスキー", "call_short": "0", "call_num": "0", "recid": "0", "websiteUrl": "0", "title": "0", "ckey": 0, "available": false, "iiifUrl": "0" }, "geometry": { "type": "Polygon", "coordinates": [ [ [ 120.0, 53.333333 ], [ 120.5, 53.333333 ], [ 120.5, 53.6666664 ], [ 120.0, 53.6666664 ], [ 120.0, 53.333333 ] ] ] } },
{ "type": "Feature", "properties": { "Id": 0, "Sheet_ID": "W6N12-5. イグナシーナ", "label": "W6N12-5. イグナシーナ", "call_short": "0", "call_num": "0", "recid": "0", "websiteUrl": "0", "title": "0", "ckey": 0, "available": false, "iiifUrl": "0" }, "geometry": { "type": "Polygon", "coordinates": [ [ [ 122.0, 53.333333 ], [ 122.5, 53.333333 ], [ 122.5, 53.6666664 ], [ 122.0, 53.6666664 ], [ 122.0, 53.333333 ] ] ] } },
{ "type": "Feature", "properties": { "Id": 0, "Sheet_ID": "W5N12-25. スギブネーワ", "label": "W5N12-25. スギブネーワ", "call_short": "0", "call_num": "0", "recid": "0", "websiteUrl": "0", "title": "0", "ckey": 0, "available": false, "iiifUrl": "0" }, "geometry": { "type": "Polygon", "coordinates": [ [ [ 122.5, 53.333333 ], [ 123.0, 53.333333 ], [ 123.0, 53.6666664 ], [ 122.5, 53.6666664 ], [ 122.5, 53.333333 ] ] ] } },
{ "type": "Feature", "properties": { "Id": 0, "Sheet_ID": "W5N12-20. スウェルベーエフスキー", "label": "W5N12-20. スウェルベーエフスキー", "call_short": "0", "call_num": "0", "recid": "0", "websiteUrl": "0", "title": "0", "ckey": 0, "available": false, "iiifUrl": "0" }, "geometry": { "type": "Polygon", "coordinates": [ [ [ 123.0, 53.333333 ], [ 123.5, 53.333333 ], [ 123.5, 53.6666664 ], [ 123.0, 53.6666664 ], [ 123.0, 53.333333 ] ] ] } },
{ "type": "Feature", "properties": { "Id": 0, "Sheet_ID": "W5N12-15. ヂャーリンダ", "label": "W5N12-15. ヂャーリンダ", "call_short": "0", "call_num": "0", "recid": "0", "websiteUrl": "0", "title": "0", "ckey": 0, "available": false, "iiifUrl": "0" }, "geometry": { "type": "Polygon", "coordinates": [ [ [ 123.5, 53.333333 ], [ 124.0, 53.333333 ], [ 124.0, 53.6666664 ], [ 123.5, 53.6666664 ], [ 123.5, 53.333333 ] ] ] } },
{ "type": "Feature", "properties": { "Id": 0, "Sheet_ID": "W5N12-10. プルバジーン", "label": "W5N12-10. プルバジーン", "call_short": "0", "call_num": "0", "recid": "0", "websiteUrl": "0", "title": "0", "ckey": 0, "available": false, "iiifUrl": "0" }, "geometry": { "type": "Polygon", "coordinates": [ [ [ 124.0, 53.333333 ], [ 124.5, 53.333333 ], [ 124.5, 53.6666664 ], [ 124.0, 53.6666664 ], [ 124.0, 53.333333 ] ] ] } },
{ "type": "Feature", "properties": { "Id": 0, "Sheet_ID": "W6N12-4. オムートナヤ驛", "label": "W6N12-4. オムートナヤ驛", "call_short": "0", "call_num": "0", "recid": "0", "websiteUrl": "0", "title": "0", "ckey": 0, "available": false, "iiifUrl": "0" }, "geometry": { "type": "Polygon", "coordinates": [ [ [ 122.0, 53.6666664 ], [ 122.5, 53.6666664 ], [ 122.5, 53.9999998 ], [ 122.0, 53.9999998 ], [ 122.0, 53.6666664 ] ] ] } },
{ "type": "Feature", "properties": { "Id": 0, "Sheet_ID": "W5N12-24. ヴォスクレセンスキー", "label": "W5N12-24. ヴォスクレセンスキー", "call_short": "G7270 S100 .J36", "call_num": "G7270 S100 .J36 W5N12-24", "recid": "bt313sx8139", "websiteUrl": "https://purl.stanford.edu/bt313sx8139", "title": "西伯利十万分一圖", "ckey": 12344846, "available": true, "iiifUrl": "https://purl.stanford.edu/bt313sx8139/iiif/manifest" }, "geometry": { "type": "Polygon", "coordinates": [ [ [ 122.5, 53.6666664 ], [ 123.0, 53.6666664 ], [ 123.0, 53.9999998 ], [ 122.5, 53.9999998 ], [ 122.5, 53.6666664 ] ] ] } },
{ "type": "Feature", "properties": { "Id": 0, "Sheet_ID": "W5N12-19. ブルガリー河", "label": "W5N12-19. ブルガリー河", "call_short": "G7270 S100 .J36", "call_num": "G7270 S100 .J36 W5N12-19", "recid": "bv888rr8080", "websiteUrl": "https://purl.stanford.edu/bv888rr8080", "title": "西伯利十万分一圖", "ckey": 12344846, "available": true, "iiifUrl": "https://purl.stanford.edu/bv888rr8080/iiif/manifest" }, "geometry": { "type": "Polygon", "coordinates": [ [ [ 123.0, 53.6666664 ], [ 123.5, 53.6666664 ], [ 123.5, 53.9999998 ], [ 123.0, 53.9999998 ], [ 123.0, 53.6666664 ] ] ] } },
{ "type": "Feature", "properties": { "Id": 0, "Sheet_ID": "W5N12-14. ルフロヴォ", "label": "W5N12-14. ルフロヴォ", "call_short": "G7270 S100 .J36", "call_num": "G7270 S100 .J36 W5N12-14", "recid": "jp774fq8381", "websiteUrl": "https://purl.stanford.edu/jp774fq8381", "title": "西伯利十万分一圖", "ckey": 12344846, "available": true, "iiifUrl": "https://purl.stanford.edu/jp774fq8381/iiif/manifest" }, "geometry": { "type": "Polygon", "coordinates": [ [ [ 123.5, 53.6666664 ], [ 124.0, 53.6666664 ], [ 124.0, 53.9999998 ], [ 123.5, 53.9999998 ], [ 123.5, 53.6666664 ] ] ] } },
{ "type": "Feature", "properties": { "Id": 0, "Sheet_ID": "W5N12-9. ネヴェール", "label": "W5N12-9. ネヴェール", "call_short": "0", "call_num": "0", "recid": "0", "websiteUrl": "0", "title": "0", "ckey": 0, "available": false, "iiifUrl": "0" }, "geometry": { "type": "Polygon", "coordinates": [ [ [ 124.0, 53.6666664 ], [ 124.5, 53.6666664 ], [ 124.5, 53.9999998 ], [ 124.0, 53.9999998 ], [ 124.0, 53.6666664 ] ] ] } },
{ "type": "Feature", "properties": { "Id": 0, "Sheet_ID": "W5N12-4. タルダン", "label": "W5N12-4. タルダン", "call_short": "0", "call_num": "0", "recid": "0", "websiteUrl": "0", "title": "0", "ckey": 0, "available": false, "iiifUrl": "0" }, "geometry": { "type": "Polygon", "coordinates": [ [ [ 124.5, 53.6666664 ], [ 125.0, 53.6666664 ], [ 125.0, 53.9999998 ], [ 124.5, 53.9999998 ], [ 124.5, 53.6666664 ] ] ] } },
{ "type": "Feature", "properties": { "Id": 0, "Sheet_ID": "W6N12-3. ウリャートカ", "label": "W6N12-3. ウリャートカ", "call_short": "0", "call_num": "0", "recid": "0", "websiteUrl": "0", "title": "0", "ckey": 0, "available": false, "iiifUrl": "0" }, "geometry": { "type": "Polygon", "coordinates": [ [ [ 122.0, 53.9999998 ], [ 122.5, 53.9999998 ], [ 122.5, 54.3333332 ], [ 122.0, 54.3333332 ], [ 122.0, 53.9999998 ] ] ] } },
{ "type": "Feature", "properties": { "Id": 0, "Sheet_ID": "W5N12-23. ウルシァ", "label": "W5N12-23. ウルシァ", "call_short": "G7270 S100 .J36", "call_num": "G7270 S100 .J36 W5N12-23", "recid": "hx033ht0004", "websiteUrl": "https://purl.stanford.edu/hx033ht0004", "title": "西伯利十万分一圖", "ckey": 12344846, "available": true, "iiifUrl": "https://purl.stanford.edu/hx033ht0004/iiif/manifest" }, "geometry": { "type": "Polygon", "coordinates": [ [ [ 122.5, 53.9999998 ], [ 123.0, 53.9999998 ], [ 123.0, 54.3333332 ], [ 122.5, 54.3333332 ], [ 122.5, 53.9999998 ] ] ] } },
{ "type": "Feature", "properties": { "Id": 0, "Sheet_ID": "W5N12-18. ウリャギール", "label": "W5N12-18. ウリャギール", "call_short": "G7270 S100 .J36", "call_num": "G7270 S100 .J36 W5N12-18", "recid": "by844fb7721", "websiteUrl": "https://purl.stanford.edu/by844fb7721", "title": "西伯利十万分一圖", "ckey": 12344846, "available": true, "iiifUrl": "https://purl.stanford.edu/by844fb7721/iiif/manifest" }, "geometry": { "type": "Polygon", "coordinates": [ [ [ 123.0, 53.9999998 ], [ 123.5, 53.9999998 ], [ 123.5, 54.3333332 ], [ 123.0, 54.3333332 ], [ 123.0, 53.9999998 ] ] ] } },
{ "type": "Feature", "properties": { "Id": 0, "Sheet_ID": "W5N12-13. オリドーイ驛", "label": "W5N12-13. オリドーイ驛", "call_short": "G7270 S100 .J36", "call_num": "G7270 S100 .J36 W5N12-13", "recid": "gx588xt3509", "websiteUrl": "https://purl.stanford.edu/gx588xt3509", "title": "西伯利十万分一圖", "ckey": 12344846, "available": true, "iiifUrl": "https://purl.stanford.edu/gx588xt3509/iiif/manifest" }, "geometry": { "type": "Polygon", "coordinates": [ [ [ 123.5, 53.9999998 ], [ 124.0, 53.9999998 ], [ 124.0, 54.3333332 ], [ 123.5, 54.3333332 ], [ 123.5, 53.9999998 ] ] ] } },
{ "type": "Feature", "properties": { "Id": 0, "Sheet_ID": "W5N12-8. サラビヨフスキイ", "label": "W5N12-8. サラビヨフスキイ", "call_short": "G7270 S100 .J36", "call_num": "G7270 S100 .J36 W5N12-8", "recid": "ry834kh6880", "websiteUrl": "https://purl.stanford.edu/ry834kh6880", "title": "西伯利十万分一圖", "ckey": 12344846, "available": true, "iiifUrl": "https://purl.stanford.edu/ry834kh6880/iiif/manifest" }, "geometry": { "type": "Polygon", "coordinates": [ [ [ 124.0, 53.9999998 ], [ 124.5, 53.9999998 ], [ 124.5, 54.3333332 ], [ 124.0, 54.3333332 ], [ 124.0, 53.9999998 ] ] ] } },
{ "type": "Feature", "properties": { "Id": 0, "Sheet_ID": "W5N12-3. ウルカン", "label": "W5N12-3. ウルカン", "call_short": "G7270 S100 .J36", "call_num": "G7270 S100 .J36 W5N12-3", "recid": "kg116kw3817", "websiteUrl": "https://purl.stanford.edu/kg116kw3817", "title": "西伯利十万分一圖", "ckey": 12344846, "available": true, "iiifUrl": "https://purl.stanford.edu/kg116kw3817/iiif/manifest" }, "geometry": { "type": "Polygon", "coordinates": [ [ [ 124.5, 53.9999998 ], [ 125.0, 53.9999998 ], [ 125.0, 54.3333332 ], [ 124.5, 54.3333332 ], [ 124.5, 53.9999998 ] ] ] } },
{ "type": "Feature", "properties": { "Id": 0, "Sheet_ID": "W6N12-2. ハラーン山", "label": "W6N12-2. ハラーン山", "call_short": "0", "call_num": "0", "recid": "0", "websiteUrl": "0", "title": "0", "ckey": 0, "available": false, "iiifUrl": "0" }, "geometry": { "type": "Polygon", "coordinates": [ [ [ 122.0, 54.3333332 ], [ 122.5, 54.3333332 ], [ 122.5, 54.6666666 ], [ 122.0, 54.6666666 ], [ 122.0, 54.3333332 ] ] ] } },
{ "type": "Feature", "properties": { "Id": 0, "Sheet_ID": "W5N12-22. ナヂョージヌィー", "label": "W5N12-22. ナヂョージヌィー", "call_short": "G7270 S100 .J36", "call_num": "G7270 S100 .J36 W5N12-22", "recid": "qm546kq6490", "websiteUrl": "https://purl.stanford.edu/qm546kq6490", "title": "西伯利十万分一圖", "ckey": 12344846, "available": true, "iiifUrl": "https://purl.stanford.edu/qm546kq6490/iiif/manifest" }, "geometry": { "type": "Polygon", "coordinates": [ [ [ 122.5, 54.3333332 ], [ 123.0, 54.3333332 ], [ 123.0, 54.6666666 ], [ 122.5, 54.6666666 ], [ 122.5, 54.3333332 ] ] ] } },
{ "type": "Feature", "properties": { "Id": 0, "Sheet_ID": "W5N12-2. ソロキート河", "label": "W5N12-2. ソロキート河", "call_short": "G7270 S100 .J36", "call_num": "G7270 S100 .J36 W5N12-2", "recid": "cp393vz0900", "websiteUrl": "https://purl.stanford.edu/cp393vz0900", "title": "西伯利十万分一圖", "ckey": 12344846, "available": true, "iiifUrl": "https://purl.stanford.edu/cp393vz0900/iiif/manifest" }, "geometry": { "type": "Polygon", "coordinates": [ [ [ 124.5, 54.3333332 ], [ 125.0, 54.3333332 ], [ 125.0, 54.6666666 ], [ 124.5, 54.6666666 ], [ 124.5, 54.3333332 ] ] ] } },
{ "type": "Feature", "properties": { "Id": 0, "Sheet_ID": "W6N12-1. ボリシォーイ・ブガリフトィ山", "label": "W6N12-1. ボリシォーイ・ブガリフトィ山", "call_short": "0", "call_num": "0", "recid": "0", "websiteUrl": "0", "title": "0", "ckey": 0, "available": false, "iiifUrl": "0" }, "geometry": { "type": "Polygon", "coordinates": [ [ [ 122.0, 54.6666666 ], [ 122.5, 54.6666666 ], [ 122.5, 55.0 ], [ 122.0, 55.0 ], [ 122.0, 54.6666666 ] ] ] } },
{ "type": "Feature", "properties": { "Id": 0, "Sheet_ID": "W5N12-21. コルボゴーチ河", "label": "W5N12-21. コルボゴーチ河", "call_short": "G7270 S100 .J36", "call_num": "G7270 S100 .J36 W5N12-21", "recid": "fr951sp7731", "websiteUrl": "https://purl.stanford.edu/fr951sp7731", "title": "西伯利十万分一圖", "ckey": 12344846, "available": true, "iiifUrl": "https://purl.stanford.edu/fr951sp7731/iiif/manifest" }, "geometry": { "type": "Polygon", "coordinates": [ [ [ 122.5, 54.6666666 ], [ 123.0, 54.6666666 ], [ 123.0, 55.0 ], [ 122.5, 55.0 ], [ 122.5, 54.6666666 ] ] ] } },
{ "type": "Feature", "properties": { "Id": 0, "Sheet_ID": "W5N12-16. クジカーン河", "label": "W5N12-16. クジカーン河", "call_short": "G7270 S100 .J36", "call_num": "G7270 S100 .J36 W5N12-16", "recid": "kn363rz2106", "websiteUrl": "https://purl.stanford.edu/kn363rz2106", "title": "西伯利十万分一圖", "ckey": 12344846, "available": true, "iiifUrl": "https://purl.stanford.edu/kn363rz2106/iiif/manifest" }, "geometry": { "type": "Polygon", "coordinates": [ [ [ 123.0, 54.6666666 ], [ 123.5, 54.6666666 ], [ 123.5, 55.0 ], [ 123.0, 55.0 ], [ 123.0, 54.6666666 ] ] ] } },
{ "type": "Feature", "properties": { "Id": 0, "Sheet_ID": "W4N12-15. クラースナヤ・パーヂ", "label": "W4N12-15. クラースナヤ・パーヂ", "call_short": "0", "call_num": "0", "recid": "0", "websiteUrl": "0", "title": "0", "ckey": 0, "available": false, "iiifUrl": "0" }, "geometry": { "type": "Polygon", "coordinates": [ [ [ 126.0, 53.333333 ], [ 126.5, 53.333333 ], [ 126.5, 53.6666664 ], [ 126.0, 53.6666664 ], [ 126.0, 53.333333 ] ] ] } },
{ "type": "Feature", "properties": { "Id": 0, "Sheet_ID": "W4N12-10. オフシャンカ", "label": "W4N12-10. オフシャンカ", "call_short": "0", "call_num": "0", "recid": "0", "websiteUrl": "0", "title": "0", "ckey": 0, "available": false, "iiifUrl": "0" }, "geometry": { "type": "Polygon", "coordinates": [ [ [ 126.5, 53.333333 ], [ 127.0, 53.333333 ], [ 127.0, 53.6666664 ], [ 126.5, 53.6666664 ], [ 126.5, 53.333333 ] ] ] } },
{ "type": "Feature", "properties": { "Id": 0, "Sheet_ID": "W4N12-5. ニコラエフカ", "label": "W4N12-5. ニコラエフカ", "call_short": "0", "call_num": "0", "recid": "0", "websiteUrl": "0", "title": "0", "ckey": 0, "available": false, "iiifUrl": "0" }, "geometry": { "type": "Polygon", "coordinates": [ [ [ 127.0, 53.333333 ], [ 127.5, 53.333333 ], [ 127.5, 53.6666664 ], [ 127.0, 53.6666664 ], [ 127.0, 53.333333 ] ] ] } },
{ "type": "Feature", "properties": { "Id": 0, "Sheet_ID": "W4N12-24. グダチー", "label": "W4N12-24. グダチー", "call_short": "0", "call_num": "0", "recid": "0", "websiteUrl": "0", "title": "0", "ckey": 0, "available": false, "iiifUrl": "0" }, "geometry": { "type": "Polygon", "coordinates": [ [ [ 125.0, 53.6666664 ], [ 125.5, 53.6666664 ], [ 125.5, 53.9999998 ], [ 125.0, 53.9999998 ], [ 125.0, 53.6666664 ] ] ] } },
{ "type": "Feature", "properties": { "Id": 0, "Sheet_ID": "W4N12-19. イガーウ河", "label": "W4N12-19. イガーウ河", "call_short": "0", "call_num": "0", "recid": "0", "websiteUrl": "0", "title": "0", "ckey": 0, "available": false, "iiifUrl": "0" }, "geometry": { "type": "Polygon", "coordinates": [ [ [ 125.5, 53.6666664 ], [ 126.0, 53.6666664 ], [ 126.0, 53.9999998 ], [ 125.5, 53.9999998 ], [ 125.5, 53.6666664 ] ] ] } },
{ "type": "Feature", "properties": { "Id": 0, "Sheet_ID": "W4N12-14. トィンダ河", "label": "W4N12-14. トィンダ河", "call_short": "0", "call_num": "0", "recid": "0", "websiteUrl": "0", "title": "0", "ckey": 0, "available": false, "iiifUrl": "0" }, "geometry": { "type": "Polygon", "coordinates": [ [ [ 126.0, 53.6666664 ], [ 126.5, 53.6666664 ], [ 126.5, 53.9999998 ], [ 126.0, 53.9999998 ], [ 126.0, 53.6666664 ] ] ] } },
{ "type": "Feature", "properties": { "Id": 0, "Sheet_ID": "W4N12-9. アルビー", "label": "W4N12-9. アルビー", "call_short": "G7270 S100 .J36", "call_num": "G7270 S100 .J36 W4N12-9", "recid": "tt554cd1490", "websiteUrl": "https://purl.stanford.edu/tt554cd1490", "title": "西伯利十万分一圖", "ckey": 12344846, "available": true, "iiifUrl": "https://purl.stanford.edu/tt554cd1490/iiif/manifest" }, "geometry": { "type": "Polygon", "coordinates": [ [ [ 126.5, 53.6666664 ], [ 127.0, 53.6666664 ], [ 127.0, 53.9999998 ], [ 126.5, 53.9999998 ], [ 126.5, 53.6666664 ] ] ] } },
{ "type": "Feature", "properties": { "Id": 0, "Sheet_ID": "W4N12-4. ゼーヤ", "label": "W4N12-4. ゼーヤ", "call_short": "0", "call_num": "0", "recid": "0", "websiteUrl": "0", "title": "0", "ckey": 0, "available": false, "iiifUrl": "0" }, "geometry": { "type": "Polygon", "coordinates": [ [ [ 127.0, 53.6666664 ], [ 127.5, 53.6666664 ], [ 127.5, 53.9999998 ], [ 127.0, 53.9999998 ], [ 127.0, 53.6666664 ] ] ] } },
{ "type": "Feature", "properties": { "Id": 0, "Sheet_ID": "W4N12-23. ラキンダ河", "label": "W4N12-23. ラキンダ河", "call_short": "G7270 S100 .J36", "call_num": "G7270 S100 .J36 W4N12-23", "recid": "sn160tj7523", "websiteUrl": "https://purl.stanford.edu/sn160tj7523", "title": "西伯利十万分一圖", "ckey": 12344846, "available": true, "iiifUrl": "https://purl.stanford.edu/sn160tj7523/iiif/manifest" }, "geometry": { "type": "Polygon", "coordinates": [ [ [ 125.0, 53.9999998 ], [ 125.5, 53.9999998 ], [ 125.5, 54.3333332 ], [ 125.0, 54.3333332 ], [ 125.0, 53.9999998 ] ] ] } },
{ "type": "Feature", "properties": { "Id": 0, "Sheet_ID": "W4N12-18. ラザレフスキー坑", "label": "W4N12-18. ラザレフスキー坑", "call_short": "G7270 S100 .J36", "call_num": "G7270 S100 .J36 W4N12-18", "recid": "by037rg0142", "websiteUrl": "https://purl.stanford.edu/by037rg0142", "title": "西伯利十万分一圖", "ckey": 12344846, "available": true, "iiifUrl": "https://purl.stanford.edu/by037rg0142/iiif/manifest" }, "geometry": { "type": "Polygon", "coordinates": [ [ [ 125.5, 53.9999998 ], [ 126.0, 53.9999998 ], [ 126.0, 54.3333332 ], [ 125.5, 54.3333332 ], [ 125.5, 53.9999998 ] ] ] } },
{ "type": "Feature", "properties": { "Id": 0, "Sheet_ID": "W4N12-13. クードゥイ河", "label": "W4N12-13. クードゥイ河", "call_short": "0", "call_num": "0", "recid": "0", "websiteUrl": "0", "title": "0", "ckey": 0, "available": false, "iiifUrl": "0" }, "geometry": { "type": "Polygon", "coordinates": [ [ [ 126.0, 53.9999998 ], [ 126.5, 53.9999998 ], [ 126.5, 54.3333332 ], [ 126.0, 54.3333332 ], [ 126.0, 53.9999998 ] ] ] } },
{ "type": "Feature", "properties": { "Id": 0, "Sheet_ID": "W4N12-8. アブカ", "label": "W4N12-8. アブカ", "call_short": "0", "call_num": "0", "recid": "0", "websiteUrl": "0", "title": "0", "ckey": 0, "available": false, "iiifUrl": "0" }, "geometry": { "type": "Polygon", "coordinates": [ [ [ 126.5, 53.9999998 ], [ 127.0, 53.9999998 ], [ 127.0, 54.3333332 ], [ 126.5, 54.3333332 ], [ 126.5, 53.9999998 ] ] ] } },
{ "type": "Feature", "properties": { "Id": 0, "Sheet_ID": "W4N12-3. ウトレンニー坑", "label": "W4N12-3. ウトレンニー坑", "call_short": "G7270 S100 .J36", "call_num": "G7270 S100 .J36 W4N12-3", "recid": "yq279vp7525", "websiteUrl": "https://purl.stanford.edu/yq279vp7525", "title": "西伯利十万分一圖", "ckey": 12344846, "available": true, "iiifUrl": "https://purl.stanford.edu/yq279vp7525/iiif/manifest" }, "geometry": { "type": "Polygon", "coordinates": [ [ [ 127.0, 53.9999998 ], [ 127.5, 53.9999998 ], [ 127.5, 54.3333332 ], [ 127.0, 54.3333332 ], [ 127.0, 53.9999998 ] ] ] } },
{ "type": "Feature", "properties": { "Id": 0, "Sheet_ID": "W4N12-22. イルマキーツカン河", "label": "W4N12-22. イルマキーツカン河", "call_short": "G7270 S100 .J36", "call_num": "G7270 S100 .J36 W4N12-22", "recid": "fw153jw0884", "websiteUrl": "https://purl.stanford.edu/fw153jw0884", "title": "西伯利十万分一圖", "ckey": 12344846, "available": true, "iiifUrl": "https://purl.stanford.edu/fw153jw0884/iiif/manifest" }, "geometry": { "type": "Polygon", "coordinates": [ [ [ 125.0, 54.3333332 ], [ 125.5, 54.3333332 ], [ 125.5, 54.6666666 ], [ 125.0, 54.6666666 ], [ 125.0, 54.3333332 ] ] ] } },
{ "type": "Feature", "properties": { "Id": 0, "Sheet_ID": "W4N12-17. ツェサレヴィチェフスキー坑", "label": "W4N12-17. ツェサレヴィチェフスキー坑", "call_short": "G7270 S100 .J36", "call_num": "G7270 S100 .J36 W4N12-17", "recid": "dy778cd2990", "websiteUrl": "https://purl.stanford.edu/dy778cd2990", "title": "西伯利十万分一圖", "ckey": 12344846, "available": true, "iiifUrl": "https://purl.stanford.edu/dy778cd2990/iiif/manifest" }, "geometry": { "type": "Polygon", "coordinates": [ [ [ 125.5, 54.3333332 ], [ 126.0, 54.3333332 ], [ 126.0, 54.6666666 ], [ 125.5, 54.6666666 ], [ 125.5, 54.3333332 ] ] ] } },
{ "type": "Feature", "properties": { "Id": 0, "Sheet_ID": "W4N12-12. スルチャイヌィー坑", "label": "W4N12-12. スルチャイヌィー坑", "call_short": "0", "call_num": "0", "recid": "0", "websiteUrl": "0", "title": "0", "ckey": 0, "available": false, "iiifUrl": "0" }, "geometry": { "type": "Polygon", "coordinates": [ [ [ 126.0, 54.3333332 ], [ 126.5, 54.3333332 ], [ 126.5, 54.6666666 ], [ 126.0, 54.6666666 ], [ 126.0, 54.3333332 ] ] ] } },
{ "type": "Feature", "properties": { "Id": 0, "Sheet_ID": "W4N12-7. インノケニチェフスキー坑", "label": "W4N12-7. インノケニチェフスキー坑", "call_short": "0", "call_num": "0", "recid": "0", "websiteUrl": "0", "title": "0", "ckey": 0, "available": false, "iiifUrl": "0" }, "geometry": { "type": "Polygon", "coordinates": [ [ [ 126.5, 54.3333332 ], [ 127.0, 54.3333332 ], [ 127.0, 54.6666666 ], [ 126.5, 54.6666666 ], [ 126.5, 54.3333332 ] ] ] } },
{ "type": "Feature", "properties": { "Id": 0, "Sheet_ID": "W4N12-2. タヨーヂヌィー坑", "label": "W4N12-2. タヨーヂヌィー坑", "call_short": "G7270 S100 .J36", "call_num": "G7270 S100 .J36 W4N12-2", "recid": "nf728zd2678", "websiteUrl": "https://purl.stanford.edu/nf728zd2678", "title": "西伯利十万分一圖", "ckey": 12344846, "available": true, "iiifUrl": "https://purl.stanford.edu/nf728zd2678/iiif/manifest" }, "geometry": { "type": "Polygon", "coordinates": [ [ [ 127.0, 54.3333332 ], [ 127.5, 54.3333332 ], [ 127.5, 54.6666666 ], [ 127.0, 54.6666666 ], [ 127.0, 54.3333332 ] ] ] } },
{ "type": "Feature", "properties": { "Id": 0, "Sheet_ID": "W4N12-21. マールイ・ヂェルツラーク河上流", "label": "W4N12-21. マールイ・ヂェルツラーク河上流", "call_short": "G7270 S100 .J36", "call_num": "G7270 S100 .J36 W4N12-21", "recid": "zd457gz6234", "websiteUrl": "https://purl.stanford.edu/zd457gz6234", "title": "西伯利十万分一圖", "ckey": 12344846, "available": true, "iiifUrl": "https://purl.stanford.edu/zd457gz6234/iiif/manifest" }, "geometry": { "type": "Polygon", "coordinates": [ [ [ 125.0, 54.6666666 ], [ 125.5, 54.6666666 ], [ 125.5, 55.0 ], [ 125.0, 55.0 ], [ 125.0, 54.6666666 ] ] ] } },
{ "type": "Feature", "properties": { "Id": 0, "Sheet_ID": "W4N12-16. ツィグキーツ河", "label": "W4N12-16. ツィグキーツ河", "call_short": "G7270 S100 .J36", "call_num": "G7270 S100 .J36 W4N12-16", "recid": "yj961bd4508", "websiteUrl": "https://purl.stanford.edu/yj961bd4508", "title": "西伯利十万分一圖", "ckey": 12344846, "available": true, "iiifUrl": "https://purl.stanford.edu/yj961bd4508/iiif/manifest" }, "geometry": { "type": "Polygon", "coordinates": [ [ [ 125.5, 54.6666666 ], [ 126.0, 54.6666666 ], [ 126.0, 55.0 ], [ 125.5, 55.0 ], [ 125.5, 54.6666666 ] ] ] } },
{ "type": "Feature", "properties": { "Id": 0, "Sheet_ID": "W4N12-11. ヂェルツーラ河", "label": "W4N12-11. ヂェルツーラ河", "call_short": "G7270 S100 .J36", "call_num": "G7270 S100 .J36 W4N12-11", "recid": "sk360rr4015", "websiteUrl": "https://purl.stanford.edu/sk360rr4015", "title": "西伯利十万分一圖", "ckey": 12344846, "available": true, "iiifUrl": "https://purl.stanford.edu/sk360rr4015/iiif/manifest" }, "geometry": { "type": "Polygon", "coordinates": [ [ [ 126.0, 54.6666666 ], [ 126.5, 54.6666666 ], [ 126.5, 55.0 ], [ 126.0, 55.0 ], [ 126.0, 54.6666666 ] ] ] } },
{ "type": "Feature", "properties": { "Id": 0, "Sheet_ID": "W4N12-6. ドヂドリウィー坑", "label": "W4N12-6. ドヂドリウィー坑", "call_short": "G7270 S100 .J36", "call_num": "G7270 S100 .J36 W4N12-6", "recid": "sq618hf7366", "websiteUrl": "https://purl.stanford.edu/sq618hf7366", "title": "西伯利十万分一圖", "ckey": 12344846, "available": true, "iiifUrl": "https://purl.stanford.edu/sq618hf7366/iiif/manifest" }, "geometry": { "type": "Polygon", "coordinates": [ [ [ 126.5, 54.6666666 ], [ 127.0, 54.6666666 ], [ 127.0, 55.0 ], [ 126.5, 55.0 ], [ 126.5, 54.6666666 ] ] ] } },
{ "type": "Feature", "properties": { "Id": 0, "Sheet_ID": "W4N12-1. チーハヤ河", "label": "W4N12-1. チーハヤ河", "call_short": "G7270 S100 .J36", "call_num": "G7270 S100 .J36 W4N12-1", "recid": "wj961xj7848", "websiteUrl": "https://purl.stanford.edu/wj961xj7848", "title": "西伯利十万分一圖", "ckey": 12344846, "available": true, "iiifUrl": "https://purl.stanford.edu/wj961xj7848/iiif/manifest" }, "geometry": { "type": "Polygon", "coordinates": [ [ [ 127.0, 54.6666666 ], [ 127.5, 54.6666666 ], [ 127.5, 55.0 ], [ 127.0, 55.0 ], [ 127.0, 54.6666666 ] ] ] } },
{ "type": "Feature", "properties": { "Id": 0, "Sheet_ID": "W4N13-20. イツィカナク河", "label": "W4N13-20. イツィカナク河", "call_short": "0", "call_num": "0", "recid": "0", "websiteUrl": "0", "title": "0", "ckey": 0, "available": false, "iiifUrl": "0" }, "geometry": { "type": "Polygon", "coordinates": [ [ [ 125.5, 55.0 ], [ 126.0, 55.0 ], [ 126.0, 55.3333334 ], [ 125.5, 55.3333334 ], [ 125.5, 55.0 ] ] ] } },
{ "type": "Feature", "properties": { "Id": 0, "Sheet_ID": "W4N13-10. オロングロー河", "label": "W4N13-10. オロングロー河", "call_short": "0", "call_num": "0", "recid": "0", "websiteUrl": "0", "title": "0", "ckey": 0, "available": false, "iiifUrl": "0" }, "geometry": { "type": "Polygon", "coordinates": [ [ [ 126.5, 55.0 ], [ 127.0, 55.0 ], [ 127.0, 55.3333334 ], [ 126.5, 55.3333334 ], [ 126.5, 55.0 ] ] ] } },
{ "type": "Feature", "properties": { "Id": 0, "Sheet_ID": "W4N13-5. オスツラヤ山", "label": "W4N13-5. オスツラヤ山", "call_short": "0", "call_num": "0", "recid": "0", "websiteUrl": "0", "title": "0", "ckey": 0, "available": false, "iiifUrl": "0" }, "geometry": { "type": "Polygon", "coordinates": [ [ [ 127.0, 55.0 ], [ 127.5, 55.0 ], [ 127.5, 55.3333334 ], [ 127.0, 55.3333334 ], [ 127.0, 55.0 ] ] ] } },
{ "type": "Feature", "properties": { "Id": 0, "Sheet_ID": "W4N13-4. ボリショーイ・デッス冬舎", "label": "W4N13-4. ボリショーイ・デッス冬舎", "call_short": "0", "call_num": "0", "recid": "0", "websiteUrl": "0", "title": "0", "ckey": 0, "available": false, "iiifUrl": "0" }, "geometry": { "type": "Polygon", "coordinates": [ [ [ 127.0, 55.3333334 ], [ 127.5, 55.3333334 ], [ 127.5, 55.6666668 ], [ 127.0, 55.6666668 ], [ 127.0, 55.3333334 ] ] ] } },
{ "type": "Feature", "properties": { "Id": 0, "Sheet_ID": "W3N9-11. コルシノーフカ", "label": "W3N9-11. コルシノーフカ", "call_short": "0", "call_num": "0", "recid": "0", "websiteUrl": "0", "title": "0", "ckey": 0, "available": false, "iiifUrl": "0" }, "geometry": { "type": "Polygon", "coordinates": [ [ [ 128.5, 49.6666664 ], [ 129.0, 49.6666664 ], [ 129.0, 49.9999998 ], [ 128.5, 49.9999998 ], [ 128.5, 49.6666664 ] ] ] } },
{ "type": "Feature", "properties": { "Id": 0, "Sheet_ID": "W3N10-13. パウロフスコエ", "label": "W3N10-13. パウロフスコエ", "call_short": "0", "call_num": "0", "recid": "0", "websiteUrl": "0", "title": "0", "ckey": 0, "available": false, "iiifUrl": "0" }, "geometry": { "type": "Polygon", "coordinates": [ [ [ 128.5, 50.6666665 ], [ 129.0, 50.6666665 ], [ 129.0, 50.9999999 ], [ 128.5, 50.9999999 ], [ 128.5, 50.6666665 ] ] ] } },
{ "type": "Feature", "properties": { "Id": 0, "Sheet_ID": "W3N10-8. トルバガタイ", "label": "W3N10-8. トルバガタイ", "call_short": "0", "call_num": "0", "recid": "0", "websiteUrl": "0", "title": "0", "ckey": 0, "available": false, "iiifUrl": "0" }, "geometry": { "type": "Polygon", "coordinates": [ [ [ 129.0, 50.6666665 ], [ 129.5, 50.6666665 ], [ 129.5, 50.9999999 ], [ 129.0, 50.9999999 ], [ 129.0, 50.6666665 ] ] ] } },
{ "type": "Feature", "properties": { "Id": 0, "Sheet_ID": "W3N10-3. ノーヴォ・ニコラエフカ", "label": "W3N10-3. ノーヴォ・ニコラエフカ", "call_short": "0", "call_num": "0", "recid": "0", "websiteUrl": "0", "title": "0", "ckey": 0, "available": false, "iiifUrl": "0" }, "geometry": { "type": "Polygon", "coordinates": [ [ [ 129.5, 50.6666665 ], [ 130.0, 50.6666665 ], [ 130.0, 50.9999999 ], [ 129.5, 50.9999999 ], [ 129.5, 50.6666665 ] ] ] } },
{ "type": "Feature", "properties": { "Id": 0, "Sheet_ID": "W3N10-12. ウェルナヤ", "label": "W3N10-12. ウェルナヤ", "call_short": "0", "call_num": "0", "recid": "0", "websiteUrl": "0", "title": "0", "ckey": 0, "available": false, "iiifUrl": "0" }, "geometry": { "type": "Polygon", "coordinates": [ [ [ 128.5, 50.9999999 ], [ 129.0, 50.9999999 ], [ 129.0, 51.3333332 ], [ 128.5, 51.3333332 ], [ 128.5, 50.9999999 ] ] ] } },
{ "type": "Feature", "properties": { "Id": 0, "Sheet_ID": "W3N10-7. ソコロフカ", "label": "W3N10-7. ソコロフカ", "call_short": "G7270 S100 .J36", "call_num": "G7270 S100 .J36 W3N10-7", "recid": "ct394bc1607", "websiteUrl": "https://purl.stanford.edu/ct394bc1607", "title": "西伯利十万分一圖", "ckey": 12344846, "available": true, "iiifUrl": "https://purl.stanford.edu/ct394bc1607/iiif/manifest" }, "geometry": { "type": "Polygon", "coordinates": [ [ [ 129.0, 50.9999999 ], [ 129.5, 50.9999999 ], [ 129.5, 51.3333332 ], [ 129.0, 51.3333332 ], [ 129.0, 50.9999999 ] ] ] } },
{ "type": "Feature", "properties": { "Id": 0, "Sheet_ID": "W3N10-2. クングリ", "label": "W3N10-2. クングリ", "call_short": "0", "call_num": "0", "recid": "0", "websiteUrl": "0", "title": "0", "ckey": 0, "available": false, "iiifUrl": "0" }, "geometry": { "type": "Polygon", "coordinates": [ [ [ 129.5, 50.9999999 ], [ 130.0, 50.9999999 ], [ 130.0, 51.3333332 ], [ 129.5, 51.3333332 ], [ 129.5, 50.9999999 ] ] ] } },
{ "type": "Feature", "properties": { "Id": 0, "Sheet_ID": "W3N10-16. アレキセーフスク表面", "label": "W3N10-16. アレキセーフスク表面", "call_short": "0", "call_num": "0", "recid": "0", "websiteUrl": "0", "title": "0", "ckey": 0, "available": false, "iiifUrl": "0" }, "geometry": { "type": "Polygon", "coordinates": [ [ [ 128.0, 51.3333332 ], [ 128.5, 51.3333332 ], [ 128.5, 51.6666666 ], [ 128.0, 51.6666666 ], [ 128.0, 51.3333332 ] ] ] } },
{ "type": "Feature", "properties": { "Id": 0, "Sheet_ID": "W3N10-11. マザノーヴォ", "label": "W3N10-11. マザノーヴォ", "call_short": "0", "call_num": "0", "recid": "0", "websiteUrl": "0", "title": "0", "ckey": 0, "available": false, "iiifUrl": "0" }, "geometry": { "type": "Polygon", "coordinates": [ [ [ 128.5, 51.3333332 ], [ 129.0, 51.3333332 ], [ 129.0, 51.6666666 ], [ 128.5, 51.6666666 ], [ 128.5, 51.3333332 ] ] ] } },
{ "type": "Feature", "properties": { "Id": 0, "Sheet_ID": "W3N10-6. ラマンカウーツィ", "label": "W3N10-6. ラマンカウーツィ", "call_short": "G7270 S100 .J36", "call_num": "G7270 S100 .J36 W3N10-6", "recid": "wt263nb4297", "websiteUrl": "https://purl.stanford.edu/wt263nb4297", "title": "西伯利十万分一圖", "ckey": 12344846, "available": true, "iiifUrl": "https://purl.stanford.edu/wt263nb4297/iiif/manifest" }, "geometry": { "type": "Polygon", "coordinates": [ [ [ 129.0, 51.3333332 ], [ 129.5, 51.3333332 ], [ 129.5, 51.6666666 ], [ 129.0, 51.6666666 ], [ 129.0, 51.3333332 ] ] ] } },
{ "type": "Feature", "properties": { "Id": 0, "Sheet_ID": "W3N10-1. 一號", "label": "W3N10-1. 一號", "call_short": "G7270 S100 .J36", "call_num": "G7270 S100 .J36 W3N10-1", "recid": "zz499sn0052", "websiteUrl": "https://purl.stanford.edu/zz499sn0052", "title": "西伯利十万分一圖", "ckey": 12344846, "available": true, "iiifUrl": "https://purl.stanford.edu/zz499sn0052/iiif/manifest" }, "geometry": { "type": "Polygon", "coordinates": [ [ [ 129.5, 51.3333332 ], [ 130.0, 51.3333332 ], [ 130.0, 51.6666666 ], [ 129.5, 51.6666666 ], [ 129.5, 51.3333332 ] ] ] } },
{ "type": "Feature", "properties": { "Id": 0, "Sheet_ID": "W3N11-15. ソハチーノ", "label": "W3N11-15. ソハチーノ", "call_short": "0", "call_num": "0", "recid": "0", "websiteUrl": "0", "title": "0", "ckey": 0, "available": false, "iiifUrl": "0" }, "geometry": { "type": "Polygon", "coordinates": [ [ [ 128.5, 51.6666666 ], [ 129.0, 51.6666666 ], [ 129.0, 52.0 ], [ 128.5, 52.0 ], [ 128.5, 51.6666666 ] ] ] } },
{ "type": "Feature", "properties": { "Id": 0, "Sheet_ID": "W3N11-10. ボゴスロフカ", "label": "W3N11-10. ボゴスロフカ", "call_short": "G7270 S100 .J36", "call_num": "G7270 S100 .J36 W3N11-10", "recid": "fd912gc9360", "websiteUrl": "https://purl.stanford.edu/fd912gc9360", "title": "西伯利十万分一圖", "ckey": 12344846, "available": true, "iiifUrl": "https://purl.stanford.edu/fd912gc9360/iiif/manifest" }, "geometry": { "type": "Polygon", "coordinates": [ [ [ 129.0, 51.6666666 ], [ 129.5, 51.6666666 ], [ 129.5, 52.0 ], [ 129.0, 52.0 ], [ 129.0, 51.6666666 ] ] ] } },
{ "type": "Feature", "properties": { "Id": 0, "Sheet_ID": "W3N11-5. トボロフカ", "label": "W3N11-5. トボロフカ", "call_short": "G7270 S100 .J36", "call_num": "G7270 S100 .J36 W3N11-5", "recid": "cx708fj3243", "websiteUrl": "https://purl.stanford.edu/cx708fj3243", "title": "西伯利十万分一圖", "ckey": 12344846, "available": true, "iiifUrl": "https://purl.stanford.edu/cx708fj3243/iiif/manifest" }, "geometry": { "type": "Polygon", "coordinates": [ [ [ 129.5, 51.6666666 ], [ 130.0, 51.6666666 ], [ 130.0, 52.0 ], [ 129.5, 52.0 ], [ 129.5, 51.6666666 ] ] ] } },
{ "type": "Feature", "properties": { "Id": 0, "Sheet_ID": "W3N11-24. ガンダチ", "label": "W3N11-24. ガンダチ", "call_short": "0", "call_num": "0", "recid": "0", "websiteUrl": "0", "title": "0", "ckey": 0, "available": false, "iiifUrl": "0" }, "geometry": { "type": "Polygon", "coordinates": [ [ [ 127.5, 52.0 ], [ 128.0, 52.0 ], [ 128.0, 52.3333333 ], [ 127.5, 52.3333333 ], [ 127.5, 52.0 ] ] ] } },
{ "type": "Feature", "properties": { "Id": 0, "Sheet_ID": "W3N11-19. ツクヤン", "label": "W3N11-19. ツクヤン", "call_short": "0", "call_num": "0", "recid": "0", "websiteUrl": "0", "title": "0", "ckey": 0, "available": false, "iiifUrl": "0" }, "geometry": { "type": "Polygon", "coordinates": [ [ [ 128.0, 52.0 ], [ 128.5, 52.0 ], [ 128.5, 52.3333333 ], [ 128.0, 52.3333333 ], [ 128.0, 52.0 ] ] ] } },
{ "type": "Feature", "properties": { "Id": 0, "Sheet_ID": "W3N11-14. 十四號", "label": "W3N11-14. 十四號", "call_short": "0", "call_num": "0", "recid": "0", "websiteUrl": "0", "title": "0", "ckey": 0, "available": false, "iiifUrl": "0" }, "geometry": { "type": "Polygon", "coordinates": [ [ [ 128.5, 52.0 ], [ 129.0, 52.0 ], [ 129.0, 52.3333333 ], [ 128.5, 52.3333333 ], [ 128.5, 52.0 ] ] ] } },
{ "type": "Feature", "properties": { "Id": 0, "Sheet_ID": "W3N11-9. メヅェーヅカ", "label": "W3N11-9. メヅェーヅカ", "call_short": "G7270 S100 .J36", "call_num": "G7270 S100 .J36 W3N11-9", "recid": "wy530gj1706", "websiteUrl": "https://purl.stanford.edu/wy530gj1706", "title": "西伯利十万分一圖", "ckey": 12344846, "available": true, "iiifUrl": "https://purl.stanford.edu/wy530gj1706/iiif/manifest" }, "geometry": { "type": "Polygon", "coordinates": [ [ [ 129.0, 52.0 ], [ 129.5, 52.0 ], [ 129.5, 52.3333333 ], [ 129.0, 52.3333333 ], [ 129.0, 52.0 ] ] ] } },
{ "type": "Feature", "properties": { "Id": 0, "Sheet_ID": "W3N11-4. ウランドーチカ", "label": "W3N11-4. ウランドーチカ", "call_short": "G7270 S100 .J36", "call_num": "G7270 S100 .J36 W3N11-4", "recid": "yx867dj2614", "websiteUrl": "https://purl.stanford.edu/yx867dj2614", "title": "西伯利十万分一圖", "ckey": 12344846, "available": true, "iiifUrl": "https://purl.stanford.edu/yx867dj2614/iiif/manifest" }, "geometry": { "type": "Polygon", "coordinates": [ [ [ 129.5, 52.0 ], [ 130.0, 52.0 ], [ 130.0, 52.3333333 ], [ 129.5, 52.3333333 ], [ 129.5, 52.0 ] ] ] } },
{ "type": "Feature", "properties": { "Id": 0, "Sheet_ID": "W3N11-23. ガラニーシナ", "label": "W3N11-23. ガラニーシナ", "call_short": "G7270 S100 .J36", "call_num": "G7270 S100 .J36 W3N11-23", "recid": "jp211xw3249", "websiteUrl": "https://purl.stanford.edu/jp211xw3249", "title": "西伯利十万分一圖", "ckey": 12344846, "available": true, "iiifUrl": "https://purl.stanford.edu/jp211xw3249/iiif/manifest" }, "geometry": { "type": "Polygon", "coordinates": [ [ [ 127.5, 52.3333333 ], [ 128.0, 52.3333333 ], [ 128.0, 52.6666667 ], [ 127.5, 52.6666667 ], [ 127.5, 52.3333333 ] ] ] } },
{ "type": "Feature", "properties": { "Id": 0, "Sheet_ID": "W3N11-18. クフテーリン", "label": "W3N11-18. クフテーリン", "call_short": "G7270 S100 .J36", "call_num": "G7270 S100 .J36 W3N11-18", "recid": "ny259qm2163", "websiteUrl": "https://purl.stanford.edu/ny259qm2163", "title": "西伯利十万分一圖", "ckey": 12344846, "available": true, "iiifUrl": "https://purl.stanford.edu/ny259qm2163/iiif/manifest" }, "geometry": { "type": "Polygon", "coordinates": [ [ [ 128.0, 52.3333333 ], [ 128.5, 52.3333333 ], [ 128.5, 52.6666667 ], [ 128.0, 52.6666667 ], [ 128.0, 52.3333333 ] ] ] } },
{ "type": "Feature", "properties": { "Id": 0, "Sheet_ID": "W3N11-13. 十三號", "label": "W3N11-13. 十三號", "call_short": "G7270 S100 .J36", "call_num": "G7270 S100 .J36 W3N11-13", "recid": "nq567hg9363", "websiteUrl": "https://purl.stanford.edu/nq567hg9363", "title": "西伯利十万分一圖", "ckey": 12344846, "available": true, "iiifUrl": "https://purl.stanford.edu/nq567hg9363/iiif/manifest" }, "geometry": { "type": "Polygon", "coordinates": [ [ [ 128.5, 52.3333333 ], [ 129.0, 52.3333333 ], [ 129.0, 52.6666667 ], [ 128.5, 52.6666667 ], [ 128.5, 52.3333333 ] ] ] } },
{ "type": "Feature", "properties": { "Id": 0, "Sheet_ID": "W3N11-8. コロレーワ坑", "label": "W3N11-8. コロレーワ坑", "call_short": "G7270 S100 .J36", "call_num": "G7270 S100 .J36 W3N11-8", "recid": "fx903fs7282", "websiteUrl": "https://purl.stanford.edu/fx903fs7282", "title": "西伯利十万分一圖", "ckey": 12344846, "available": true, "iiifUrl": "https://purl.stanford.edu/fx903fs7282/iiif/manifest" }, "geometry": { "type": "Polygon", "coordinates": [ [ [ 129.0, 52.3333333 ], [ 129.5, 52.3333333 ], [ 129.5, 52.6666667 ], [ 129.0, 52.6666667 ], [ 129.0, 52.3333333 ] ] ] } },
{ "type": "Feature", "properties": { "Id": 0, "Sheet_ID": "W3N11-3. ノルスキー・スクラーヅ", "label": "W3N11-3. ノルスキー・スクラーヅ", "call_short": "G7270 S100 .J36", "call_num": "G7270 S100 .J36 W3N11-3", "recid": "pw145sn1325", "websiteUrl": "https://purl.stanford.edu/pw145sn1325", "title": "西伯利十万分一圖", "ckey": 12344846, "available": true, "iiifUrl": "https://purl.stanford.edu/pw145sn1325/iiif/manifest" }, "geometry": { "type": "Polygon", "coordinates": [ [ [ 129.5, 52.3333333 ], [ 130.0, 52.3333333 ], [ 130.0, 52.6666667 ], [ 129.5, 52.6666667 ], [ 129.5, 52.3333333 ] ] ] } },
{ "type": "Feature", "properties": { "Id": 0, "Sheet_ID": "W3N11-22. ノーヴォウイソカヤ", "label": "W3N11-22. ノーヴォウイソカヤ", "call_short": "0", "call_num": "0", "recid": "0", "websiteUrl": "0", "title": "0", "ckey": 0, "available": false, "iiifUrl": "0" }, "geometry": { "type": "Polygon", "coordinates": [ [ [ 127.5, 52.6666667 ], [ 128.0, 52.6666667 ], [ 128.0, 53.0 ], [ 127.5, 53.0 ], [ 127.5, 52.6666667 ] ] ] } },
{ "type": "Feature", "properties": { "Id": 0, "Sheet_ID": "W3N11-17. 十七號", "label": "W3N11-17. 十七號", "call_short": "0", "call_num": "0", "recid": "0", "websiteUrl": "0", "title": "0", "ckey": 0, "available": false, "iiifUrl": "0" }, "geometry": { "type": "Polygon", "coordinates": [ [ [ 128.0, 52.6666667 ], [ 128.5, 52.6666667 ], [ 128.5, 53.0 ], [ 128.0, 53.0 ], [ 128.0, 52.6666667 ] ] ] } },
{ "type": "Feature", "properties": { "Id": 0, "Sheet_ID": "W3N11-7. 七號", "label": "W3N11-7. 七號", "call_short": "G7270 S100 .J36", "call_num": "G7270 S100 .J36 W3N11-7", "recid": "gr743vw6289", "websiteUrl": "https://purl.stanford.edu/gr743vw6289", "title": "西伯利十万分一圖", "ckey": 12344846, "available": true, "iiifUrl": "https://purl.stanford.edu/gr743vw6289/iiif/manifest" }, "geometry": { "type": "Polygon", "coordinates": [ [ [ 129.0, 52.6666667 ], [ 129.5, 52.6666667 ], [ 129.5, 53.0 ], [ 129.0, 53.0 ], [ 129.0, 52.6666667 ] ] ] } },
{ "type": "Feature", "properties": { "Id": 0, "Sheet_ID": "W3N11-21. ウゴルナヤコピヤ", "label": "W3N11-21. ウゴルナヤコピヤ", "call_short": "0", "call_num": "0", "recid": "0", "websiteUrl": "0", "title": "0", "ckey": 0, "available": false, "iiifUrl": "0" }, "geometry": { "type": "Polygon", "coordinates": [ [ [ 127.5, 53.0 ], [ 128.0, 53.0 ], [ 128.0, 53.3333334 ], [ 127.5, 53.3333334 ], [ 127.5, 53.0 ] ] ] } },
{ "type": "Feature", "properties": { "Id": 0, "Sheet_ID": "W3N12-25. 二十五號", "label": "W3N12-25. 二十五號", "call_short": "G7270 S100 .J36", "call_num": "G7270 S100 .J36 W3N12-25", "recid": "vp899dm7693", "websiteUrl": "https://purl.stanford.edu/vp899dm7693", "title": "西伯利十万分一圖", "ckey": 12344846, "available": true, "iiifUrl": "https://purl.stanford.edu/vp899dm7693/iiif/manifest" }, "geometry": { "type": "Polygon", "coordinates": [ [ [ 127.5, 53.3333334 ], [ 128.0, 53.3333334 ], [ 128.0, 53.6666668 ], [ 127.5, 53.6666668 ], [ 127.5, 53.3333334 ] ] ] } },
{ "type": "Feature", "properties": { "Id": 0, "Sheet_ID": "W3N12-20. ドゴンドーイ河", "label": "W3N12-20. ドゴンドーイ河", "call_short": "G7270 S100 .J36", "call_num": "G7270 S100 .J36 W3N12-20", "recid": "df618cd4654", "websiteUrl": "https://purl.stanford.edu/df618cd4654", "title": "西伯利十万分一圖", "ckey": 12344846, "available": true, "iiifUrl": "https://purl.stanford.edu/df618cd4654/iiif/manifest" }, "geometry": { "type": "Polygon", "coordinates": [ [ [ 128.0, 53.3333334 ], [ 128.5, 53.3333334 ], [ 128.5, 53.6666668 ], [ 128.0, 53.6666668 ], [ 128.0, 53.3333334 ] ] ] } },
{ "type": "Feature", "properties": { "Id": 0, "Sheet_ID": "W3N12-15. 十五號", "label": "W3N12-15. 十五號", "call_short": "G7270 S100 .J36", "call_num": "G7270 S100 .J36 W3N12-15", "recid": "vs061sb7608", "websiteUrl": "https://purl.stanford.edu/vs061sb7608", "title": "西伯利十万分一圖", "ckey": 12344846, "available": true, "iiifUrl": "https://purl.stanford.edu/vs061sb7608/iiif/manifest" }, "geometry": { "type": "Polygon", "coordinates": [ [ [ 128.5, 53.3333334 ], [ 129.0, 53.3333334 ], [ 129.0, 53.6666668 ], [ 128.5, 53.6666668 ], [ 128.5, 53.3333334 ] ] ] } },
{ "type": "Feature", "properties": { "Id": 0, "Sheet_ID": "W3N12-24. 二十四號", "label": "W3N12-24. 二十四號", "call_short": "G7270 S100 .J36", "call_num": "G7270 S100 .J36 W3N12-24", "recid": "zb013dc5386", "websiteUrl": "https://purl.stanford.edu/zb013dc5386", "title": "西伯利十万分一圖", "ckey": 12344846, "available": true, "iiifUrl": "https://purl.stanford.edu/zb013dc5386/iiif/manifest" }, "geometry": { "type": "Polygon", "coordinates": [ [ [ 127.5, 53.6666668 ], [ 128.0, 53.6666668 ], [ 128.0, 54.0000001 ], [ 127.5, 54.0000001 ], [ 127.5, 53.6666668 ] ] ] } },
{ "type": "Feature", "properties": { "Id": 0, "Sheet_ID": "W3N12-14. ボリショーイ・ヂュグダギン河", "label": "W3N12-14. ボリショーイ・ヂュグダギン河", "call_short": "G7270 S100 .J36", "call_num": "G7270 S100 .J36 W3N12-14", "recid": "wd242wy2436", "websiteUrl": "https://purl.stanford.edu/wd242wy2436", "title": "西伯利十万分一圖", "ckey": 12344846, "available": true, "iiifUrl": "https://purl.stanford.edu/wd242wy2436/iiif/manifest" }, "geometry": { "type": "Polygon", "coordinates": [ [ [ 128.5, 53.6666668 ], [ 129.0, 53.6666668 ], [ 129.0, 54.0000001 ], [ 128.5, 54.0000001 ], [ 128.5, 53.6666668 ] ] ] } },
{ "type": "Feature", "properties": { "Id": 0, "Sheet_ID": "W3N12-9. オゴロン湖", "label": "W3N12-9. オゴロン湖", "call_short": "G7270 S100 .J36", "call_num": "G7270 S100 .J36 W3N12-9", "recid": "sd655nz9128", "websiteUrl": "https://purl.stanford.edu/sd655nz9128", "title": "西伯利十万分一圖", "ckey": 12344846, "available": true, "iiifUrl": "https://purl.stanford.edu/sd655nz9128/iiif/manifest" }, "geometry": { "type": "Polygon", "coordinates": [ [ [ 129.0, 53.6666668 ], [ 129.5, 53.6666668 ], [ 129.5, 54.0000001 ], [ 129.0, 54.0000001 ], [ 129.0, 53.6666668 ] ] ] } },
{ "type": "Feature", "properties": { "Id": 0, "Sheet_ID": "W3N12-4. ツルヂェストウェンヌィ", "label": "W3N12-4. ツルヂェストウェンヌィ", "call_short": "G7270 S100 .J36", "call_num": "G7270 S100 .J36 W3N12-4", "recid": "sq505bz9075", "websiteUrl": "https://purl.stanford.edu/sq505bz9075", "title": "西伯利十万分一圖", "ckey": 12344846, "available": true, "iiifUrl": "https://purl.stanford.edu/sq505bz9075/iiif/manifest" }, "geometry": { "type": "Polygon", "coordinates": [ [ [ 129.5, 53.6666668 ], [ 130.0, 53.6666668 ], [ 130.0, 54.0000001 ], [ 129.5, 54.0000001 ], [ 129.5, 53.6666668 ] ] ] } },
{ "type": "Feature", "properties": { "Id": 0, "Sheet_ID": "W3N12-23. ビバーキ湖", "label": "W3N12-23. ビバーキ湖", "call_short": "G7270 S100 .J36", "call_num": "G7270 S100 .J36 W3N12-23", "recid": "mx558px1684", "websiteUrl": "https://purl.stanford.edu/mx558px1684", "title": "西伯利十万分一圖", "ckey": 12344846, "available": true, "iiifUrl": "https://purl.stanford.edu/mx558px1684/iiif/manifest" }, "geometry": { "type": "Polygon", "coordinates": [ [ [ 127.5, 54.0000001 ], [ 128.0, 54.0000001 ], [ 128.0, 54.3333335 ], [ 127.5, 54.3333335 ], [ 127.5, 54.0000001 ] ] ] } },
{ "type": "Feature", "properties": { "Id": 0, "Sheet_ID": "W3N12-18. ルバノーワ冬舎", "label": "W3N12-18. ルバノーワ冬舎", "call_short": "G7270 S100 .J36", "call_num": "G7270 S100 .J36 W3N12-18", "recid": "mv463ch8987", "websiteUrl": "https://purl.stanford.edu/mv463ch8987", "title": "西伯利十万分一圖", "ckey": 12344846, "available": true, "iiifUrl": "https://purl.stanford.edu/mv463ch8987/iiif/manifest" }, "geometry": { "type": "Polygon", "coordinates": [ [ [ 128.0, 54.0000001 ], [ 128.5, 54.0000001 ], [ 128.5, 54.3333335 ], [ 128.0, 54.3333335 ], [ 128.0, 54.0000001 ] ] ] } },
{ "type": "Feature", "properties": { "Id": 0, "Sheet_ID": "W3N12-13. エリニチノエ冬舎", "label": "W3N12-13. エリニチノエ冬舎", "call_short": "G7270 S100 .J36", "call_num": "G7270 S100 .J36 W3N12-13", "recid": "cy884fx3632", "websiteUrl": "https://purl.stanford.edu/cy884fx3632", "title": "西伯利十万分一圖", "ckey": 12344846, "available": true, "iiifUrl": "https://purl.stanford.edu/cy884fx3632/iiif/manifest" }, "geometry": { "type": "Polygon", "coordinates": [ [ [ 128.5, 54.0000001 ], [ 129.0, 54.0000001 ], [ 129.0, 54.3333335 ], [ 128.5, 54.3333335 ], [ 128.5, 54.0000001 ] ] ] } },
{ "type": "Feature", "properties": { "Id": 0, "Sheet_ID": "W3N12-3. ウニヤ河", "label": "W3N12-3. ウニヤ河", "call_short": "G7270 S100 .J36", "call_num": "G7270 S100 .J36 W3N12-3", "recid": "cq435vc7306", "websiteUrl": "https://purl.stanford.edu/cq435vc7306", "title": "西伯利十万分一圖", "ckey": 12344846, "available": true, "iiifUrl": "https://purl.stanford.edu/cq435vc7306/iiif/manifest" }, "geometry": { "type": "Polygon", "coordinates": [ [ [ 129.5, 54.0000001 ], [ 130.0, 54.0000001 ], [ 130.0, 54.3333335 ], [ 129.5, 54.3333335 ], [ 129.5, 54.0000001 ] ] ] } },
{ "type": "Feature", "properties": { "Id": 0, "Sheet_ID": "W3N12-22. ダムブーキ", "label": "W3N12-22. ダムブーキ", "call_short": "G7270 S100 .J36", "call_num": "G7270 S100 .J36 W3N12-22", "recid": "hy166sr7443", "websiteUrl": "https://purl.stanford.edu/hy166sr7443", "title": "西伯利十万分一圖", "ckey": 12344846, "available": true, "iiifUrl": "https://purl.stanford.edu/hy166sr7443/iiif/manifest" }, "geometry": { "type": "Polygon", "coordinates": [ [ [ 127.5, 54.3333335 ], [ 128.0, 54.3333335 ], [ 128.0, 54.6666668 ], [ 127.5, 54.6666668 ], [ 127.5, 54.3333335 ] ] ] } },
{ "type": "Feature", "properties": { "Id": 0, "Sheet_ID": "W3N12-17. ツィムギンスキエ島", "label": "W3N12-17. ツィムギンスキエ島", "call_short": "G7270 S100 .J36", "call_num": "G7270 S100 .J36 W3N12-17", "recid": "hs554kc9646", "websiteUrl": "https://purl.stanford.edu/hs554kc9646", "title": "西伯利十万分一圖", "ckey": 12344846, "available": true, "iiifUrl": "https://purl.stanford.edu/hs554kc9646/iiif/manifest" }, "geometry": { "type": "Polygon", "coordinates": [ [ [ 128.0, 54.3333335 ], [ 128.5, 54.3333335 ], [ 128.5, 54.6666668 ], [ 128.0, 54.6666668 ], [ 128.0, 54.3333335 ] ] ] } },
{ "type": "Feature", "properties": { "Id": 0, "Sheet_ID": "W3N12-7. クラスヌィーヤル山", "label": "W3N12-7. クラスヌィーヤル山", "call_short": "G7270 S100 .J36", "call_num": "G7270 S100 .J36 W3N12-7", "recid": "sr320rb8677", "websiteUrl": "https://purl.stanford.edu/sr320rb8677", "title": "西伯利十万分一圖", "ckey": 12344846, "available": true, "iiifUrl": "https://purl.stanford.edu/sr320rb8677/iiif/manifest" }, "geometry": { "type": "Polygon", "coordinates": [ [ [ 129.0, 54.3333335 ], [ 129.5, 54.3333335 ], [ 129.5, 54.6666668 ], [ 129.0, 54.6666668 ], [ 129.0, 54.3333335 ] ] ] } },
{ "type": "Feature", "properties": { "Id": 0, "Sheet_ID": "W3N12-2. マーリ", "label": "W3N12-2. マーリ", "call_short": "G7270 S100 .J36", "call_num": "G7270 S100 .J36 W3N12-2", "recid": "mp173sh5895", "websiteUrl": "https://purl.stanford.edu/mp173sh5895", "title": "西伯利十万分一圖", "ckey": 12344846, "available": true, "iiifUrl": "https://purl.stanford.edu/mp173sh5895/iiif/manifest" }, "geometry": { "type": "Polygon", "coordinates": [ [ [ 129.5, 54.3333335 ], [ 130.0, 54.3333335 ], [ 130.0, 54.6666668 ], [ 129.5, 54.6666668 ], [ 129.5, 54.3333335 ] ] ] } },
{ "type": "Feature", "properties": { "Id": 0, "Sheet_ID": "W3N12-11. ボムナク河", "label": "W3N12-11. ボムナク河", "call_short": "G7270 S100 .J36", "call_num": "G7270 S100 .J36 W3N12-11", "recid": "rr918jn1037", "websiteUrl": "https://purl.stanford.edu/rr918jn1037", "title": "西伯利十万分一圖", "ckey": 12344846, "available": true, "iiifUrl": "https://purl.stanford.edu/rr918jn1037/iiif/manifest" }, "geometry": { "type": "Polygon", "coordinates": [ [ [ 128.5, 54.6666668 ], [ 129.0, 54.6666668 ], [ 129.0, 55.0000002 ], [ 128.5, 55.0000002 ], [ 128.5, 54.6666668 ] ] ] } },
{ "type": "Feature", "properties": { "Id": 0, "Sheet_ID": "W3N12-6. パフローフスキー", "label": "W3N12-6. パフローフスキー", "call_short": "G7270 S100 .J36", "call_num": "G7270 S100 .J36 W3N12-6", "recid": "vw831mg5107", "websiteUrl": "https://purl.stanford.edu/vw831mg5107", "title": "西伯利十万分一圖", "ckey": 12344846, "available": true, "iiifUrl": "https://purl.stanford.edu/vw831mg5107/iiif/manifest" }, "geometry": { "type": "Polygon", "coordinates": [ [ [ 129.0, 54.6666668 ], [ 129.5, 54.6666668 ], [ 129.5, 55.0000002 ], [ 129.0, 55.0000002 ], [ 129.0, 54.6666668 ] ] ] } },
{ "type": "Feature", "properties": { "Id": 0, "Sheet_ID": "W3N13-10. チャーパ河", "label": "W3N13-10. チャーパ河", "call_short": "G7270 S100 .J36", "call_num": "G7270 S100 .J36 W3N13-10", "recid": "ns879vk8213", "websiteUrl": "https://purl.stanford.edu/ns879vk8213", "title": "西伯利十万分一圖", "ckey": 12344846, "available": true, "iiifUrl": "https://purl.stanford.edu/ns879vk8213/iiif/manifest" }, "geometry": { "type": "Polygon", "coordinates": [ [ [ 129.0, 55.0000002 ], [ 129.5, 55.0000002 ], [ 129.5, 55.3333336 ], [ 129.0, 55.3333336 ], [ 129.0, 55.0000002 ] ] ] } },
{ "type": "Feature", "properties": { "Id": 0, "Sheet_ID": "W3N13-9. トーク河上流", "label": "W3N13-9. トーク河上流", "call_short": "G7270 S100 .J36", "call_num": "G7270 S100 .J36 W3N13-9", "recid": "sv003cf3491", "websiteUrl": "https://purl.stanford.edu/sv003cf3491", "title": "西伯利十万分一圖", "ckey": 12344846, "available": true, "iiifUrl": "https://purl.stanford.edu/sv003cf3491/iiif/manifest" }, "geometry": { "type": "Polygon", "coordinates": [ [ [ 129.0, 55.3333336 ], [ 129.5, 55.3333336 ], [ 129.5, 55.6666669 ], [ 129.0, 55.6666669 ], [ 129.0, 55.3333336 ] ] ] } },
{ "type": "Feature", "properties": { "Id": 0, "Sheet_ID": "W2N9-24. カサトキーナ", "label": "W2N9-24. カサトキーナ", "call_short": "0", "call_num": "0", "recid": "0", "websiteUrl": "0", "title": "0", "ckey": 0, "available": false, "iiifUrl": "0" }, "geometry": { "type": "Polygon", "coordinates": [ [ [ 130.0, 48.6666663 ], [ 130.5, 48.6666663 ], [ 130.5, 48.9999997 ], [ 130.0, 48.9999997 ], [ 130.0, 48.6666663 ] ] ] } },
{ "type": "Feature", "properties": { "Id": 0, "Sheet_ID": "W2N9-19. パシコーフスキー", "label": "W2N9-19. パシコーフスキー", "call_short": "0", "call_num": "0", "recid": "0", "websiteUrl": "0", "title": "0", "ckey": 0, "available": false, "iiifUrl": "0" }, "geometry": { "type": "Polygon", "coordinates": [ [ [ 130.5, 48.6666663 ], [ 131.0, 48.6666663 ], [ 131.0, 48.9999997 ], [ 130.5, 48.9999997 ], [ 130.5, 48.6666663 ] ] ] } },
{ "type": "Feature", "properties": { "Id": 0, "Sheet_ID": "W2N9-14. リュバヴィンスキー", "label": "W2N9-14. リュバヴィンスキー", "call_short": "0", "call_num": "0", "recid": "0", "websiteUrl": "0", "title": "0", "ckey": 0, "available": false, "iiifUrl": "0" }, "geometry": { "type": "Polygon", "coordinates": [ [ [ 131.0, 48.6666663 ], [ 131.5, 48.6666663 ], [ 131.5, 48.9999997 ], [ 131.0, 48.9999997 ], [ 131.0, 48.6666663 ] ] ] } },
{ "type": "Feature", "properties": { "Id": 0, "Sheet_ID": "W2N9-23. エピファンツェーヴォ湖", "label": "W2N9-23. エピファンツェーヴォ湖", "call_short": "0", "call_num": "0", "recid": "0", "websiteUrl": "0", "title": "0", "ckey": 0, "available": false, "iiifUrl": "0" }, "geometry": { "type": "Polygon", "coordinates": [ [ [ 130.0, 48.9999997 ], [ 130.5, 48.9999997 ], [ 130.5, 49.3333331 ], [ 130.0, 49.3333331 ], [ 130.0, 48.9999997 ] ] ] } },
{ "type": "Feature", "properties": { "Id": 0, "Sheet_ID": "W2N9-18. エラクティチャー山", "label": "W2N9-18. エラクティチャー山", "call_short": "G7270 S100 .J36", "call_num": "G7270 S100 .J36 W2N9-18", "recid": "pw501ym4581", "websiteUrl": "https://purl.stanford.edu/pw501ym4581", "title": "西伯利十万分一圖", "ckey": 12344846, "available": true, "iiifUrl": "https://purl.stanford.edu/pw501ym4581/iiif/manifest" }, "geometry": { "type": "Polygon", "coordinates": [ [ [ 130.5, 48.9999997 ], [ 131.0, 48.9999997 ], [ 131.0, 49.3333331 ], [ 130.5, 49.3333331 ], [ 130.5, 48.9999997 ] ] ] } },
{ "type": "Feature", "properties": { "Id": 0, "Sheet_ID": "W2N9-13. マールイ・ヒンガン山", "label": "W2N9-13. マールイ・ヒンガン山", "call_short": "0", "call_num": "0", "recid": "0", "websiteUrl": "0", "title": "0", "ckey": 0, "available": false, "iiifUrl": "0" }, "geometry": { "type": "Polygon", "coordinates": [ [ [ 131.0, 48.9999997 ], [ 131.5, 48.9999997 ], [ 131.5, 49.3333331 ], [ 131.0, 49.3333331 ], [ 131.0, 48.9999997 ] ] ] } },
{ "type": "Feature", "properties": { "Id": 0, "Sheet_ID": "W2N9-8. トロキーラク山", "label": "W2N9-8. トロキーラク山", "call_short": "0", "call_num": "0", "recid": "0", "websiteUrl": "0", "title": "0", "ckey": 0, "available": false, "iiifUrl": "0" }, "geometry": { "type": "Polygon", "coordinates": [ [ [ 131.5, 48.9999997 ], [ 132.0, 48.9999997 ], [ 132.0, 49.3333331 ], [ 131.5, 49.3333331 ], [ 131.5, 48.9999997 ] ] ] } },
{ "type": "Feature", "properties": { "Id": 0, "Sheet_ID": "W2N9-3. カメヌシカ", "label": "W2N9-3. カメヌシカ", "call_short": "0", "call_num": "0", "recid": "0", "websiteUrl": "0", "title": "0", "ckey": 0, "available": false, "iiifUrl": "0" }, "geometry": { "type": "Polygon", "coordinates": [ [ [ 132.0, 48.9999997 ], [ 132.5, 48.9999997 ], [ 132.5, 49.3333331 ], [ 132.0, 49.3333331 ], [ 132.0, 48.9999997 ] ] ] } },
{ "type": "Feature", "properties": { "Id": 0, "Sheet_ID": "W2N9-22. アレカヂーヤ・セメノーフスカヤ", "label": "W2N9-22. アレカヂーヤ・セメノーフスカヤ", "call_short": "0", "call_num": "0", "recid": "0", "websiteUrl": "0", "title": "0", "ckey": 0, "available": false, "iiifUrl": "0" }, "geometry": { "type": "Polygon", "coordinates": [ [ [ 130.0, 49.3333331 ], [ 130.5, 49.3333331 ], [ 130.5, 49.6666664 ], [ 130.0, 49.6666664 ], [ 130.0, 49.3333331 ] ] ] } },
{ "type": "Feature", "properties": { "Id": 0, "Sheet_ID": "W2N9-17. ギレーヴォ", "label": "W2N9-17. ギレーヴォ", "call_short": "G7270 S100 .J36", "call_num": "G7270 S100 .J36 W2N9-17", "recid": "tb413pr2658", "websiteUrl": "https://purl.stanford.edu/tb413pr2658", "title": "西伯利十万分一圖", "ckey": 12344846, "available": true, "iiifUrl": "https://purl.stanford.edu/tb413pr2658/iiif/manifest" }, "geometry": { "type": "Polygon", "coordinates": [ [ [ 130.5, 49.3333331 ], [ 131.0, 49.3333331 ], [ 131.0, 49.6666664 ], [ 130.5, 49.6666664 ], [ 130.5, 49.3333331 ] ] ] } },
{ "type": "Feature", "properties": { "Id": 0, "Sheet_ID": "W2N9-12. サロカーチ", "label": "W2N9-12. サロカーチ", "call_short": "G7270 S100 .J36", "call_num": "G7270 S100 .J36 W2N9-12", "recid": "zw934gt7529", "websiteUrl": "https://purl.stanford.edu/zw934gt7529", "title": "西伯利十万分一圖", "ckey": 12344846, "available": true, "iiifUrl": "https://purl.stanford.edu/zw934gt7529/iiif/manifest" }, "geometry": { "type": "Polygon", "coordinates": [ [ [ 131.0, 49.3333331 ], [ 131.5, 49.3333331 ], [ 131.5, 49.6666664 ], [ 131.0, 49.6666664 ], [ 131.0, 49.3333331 ] ] ] } },
{ "type": "Feature", "properties": { "Id": 0, "Sheet_ID": "W2N9-7. エヒルカーン河", "label": "W2N9-7. エヒルカーン河", "call_short": "0", "call_num": "0", "recid": "0", "websiteUrl": "0", "title": "0", "ckey": 0, "available": false, "iiifUrl": "0" }, "geometry": { "type": "Polygon", "coordinates": [ [ [ 131.5, 49.3333331 ], [ 132.0, 49.3333331 ], [ 132.0, 49.6666664 ], [ 131.5, 49.6666664 ], [ 131.5, 49.3333331 ] ] ] } },
{ "type": "Feature", "properties": { "Id": 0, "Sheet_ID": "W2N9-2. 二號", "label": "W2N9-2. 二號", "call_short": "G7270 S100 .J36", "call_num": "G7270 S100 .J36 W2N9-2", "recid": "nn097hc8038", "websiteUrl": "https://purl.stanford.edu/nn097hc8038", "title": "西伯利十万分一圖", "ckey": 12344846, "available": true, "iiifUrl": "https://purl.stanford.edu/nn097hc8038/iiif/manifest" }, "geometry": { "type": "Polygon", "coordinates": [ [ [ 132.0, 49.3333331 ], [ 132.5, 49.3333331 ], [ 132.5, 49.6666664 ], [ 132.0, 49.6666664 ], [ 132.0, 49.3333331 ] ] ] } },
{ "type": "Feature", "properties": { "Id": 0, "Sheet_ID": "W2N9-21. クリーコフカ", "label": "W2N9-21. クリーコフカ", "call_short": "0", "call_num": "0", "recid": "0", "websiteUrl": "0", "title": "0", "ckey": 0, "available": false, "iiifUrl": "0" }, "geometry": { "type": "Polygon", "coordinates": [ [ [ 130.0, 49.6666664 ], [ 130.5, 49.6666664 ], [ 130.5, 49.9999998 ], [ 130.0, 49.9999998 ], [ 130.0, 49.6666664 ] ] ] } },
{ "type": "Feature", "properties": { "Id": 0, "Sheet_ID": "W2N9-16. サロカーチ河", "label": "W2N9-16. サロカーチ河", "call_short": "G7270 S100 .J36", "call_num": "G7270 S100 .J36 W2N9-16", "recid": "ts015xw6461", "websiteUrl": "https://purl.stanford.edu/ts015xw6461", "title": "西伯利十万分一圖", "ckey": 12344846, "available": true, "iiifUrl": "https://purl.stanford.edu/ts015xw6461/iiif/manifest" }, "geometry": { "type": "Polygon", "coordinates": [ [ [ 130.5, 49.6666664 ], [ 131.0, 49.6666664 ], [ 131.0, 49.9999998 ], [ 130.5, 49.9999998 ], [ 130.5, 49.6666664 ] ] ] } },
{ "type": "Feature", "properties": { "Id": 0, "Sheet_ID": "W2N9-11. ボリシァーヤ・オスィンダ山", "label": "W2N9-11. ボリシァーヤ・オスィンダ山", "call_short": "G7270 S100 .J36", "call_num": "G7270 S100 .J36 W2N9-11", "recid": "zc976vc2776", "websiteUrl": "https://purl.stanford.edu/zc976vc2776", "title": "西伯利十万分一圖", "ckey": 12344846, "available": true, "iiifUrl": "https://purl.stanford.edu/zc976vc2776/iiif/manifest" }, "geometry": { "type": "Polygon", "coordinates": [ [ [ 131.0, 49.6666664 ], [ 131.5, 49.6666664 ], [ 131.5, 49.9999998 ], [ 131.0, 49.9999998 ], [ 131.0, 49.6666664 ] ] ] } },
{ "type": "Feature", "properties": { "Id": 0, "Sheet_ID": "W2N9-6. ブルール山", "label": "W2N9-6. ブルール山", "call_short": "0", "call_num": "0", "recid": "0", "websiteUrl": "0", "title": "0", "ckey": 0, "available": false, "iiifUrl": "0" }, "geometry": { "type": "Polygon", "coordinates": [ [ [ 131.5, 49.6666664 ], [ 132.0, 49.6666664 ], [ 132.0, 49.9999998 ], [ 131.5, 49.9999998 ], [ 131.5, 49.6666664 ] ] ] } },
{ "type": "Feature", "properties": { "Id": 0, "Sheet_ID": "W2N9-1. ボリシォーイ・ハラヌィ山", "label": "W2N9-1. ボリシォーイ・ハラヌィ山", "call_short": "0", "call_num": "0", "recid": "0", "websiteUrl": "0", "title": "0", "ckey": 0, "available": false, "iiifUrl": "0" }, "geometry": { "type": "Polygon", "coordinates": [ [ [ 132.0, 49.6666664 ], [ 132.5, 49.6666664 ], [ 132.5, 49.9999998 ], [ 132.0, 49.9999998 ], [ 132.0, 49.6666664 ] ] ] } },
{ "type": "Feature", "properties": { "Id": 0, "Sheet_ID": "W2N10-25. キセレーワ", "label": "W2N10-25. キセレーワ", "call_short": "0", "call_num": "0", "recid": "0", "websiteUrl": "0", "title": "0", "ckey": 0, "available": false, "iiifUrl": "0" }, "geometry": { "type": "Polygon", "coordinates": [ [ [ 130.0, 49.9999998 ], [ 130.5, 49.9999998 ], [ 130.5, 50.3333331 ], [ 130.0, 50.3333331 ], [ 130.0, 49.9999998 ] ] ] } },
{ "type": "Feature", "properties": { "Id": 0, "Sheet_ID": "W2N10-20. セレンタ河", "label": "W2N10-20. セレンタ河", "call_short": "0", "call_num": "0", "recid": "0", "websiteUrl": "0", "title": "0", "ckey": 0, "available": false, "iiifUrl": "0" }, "geometry": { "type": "Polygon", "coordinates": [ [ [ 130.5, 49.9999998 ], [ 131.0, 49.9999998 ], [ 131.0, 50.3333331 ], [ 130.5, 50.3333331 ], [ 130.5, 49.9999998 ] ] ] } },
{ "type": "Feature", "properties": { "Id": 0, "Sheet_ID": "W2N10-15. ゴンゴール河", "label": "W2N10-15. ゴンゴール河", "call_short": "0", "call_num": "0", "recid": "0", "websiteUrl": "0", "title": "0", "ckey": 0, "available": false, "iiifUrl": "0" }, "geometry": { "type": "Polygon", "coordinates": [ [ [ 131.0, 49.9999998 ], [ 131.5, 49.9999998 ], [ 131.5, 50.3333331 ], [ 131.0, 50.3333331 ], [ 131.0, 49.9999998 ] ] ] } },
{ "type": "Feature", "properties": { "Id": 0, "Sheet_ID": "W2N10-10. サドィールガ河", "label": "W2N10-10. サドィールガ河", "call_short": "0", "call_num": "0", "recid": "0", "websiteUrl": "0", "title": "0", "ckey": 0, "available": false, "iiifUrl": "0" }, "geometry": { "type": "Polygon", "coordinates": [ [ [ 131.5, 49.9999998 ], [ 132.0, 49.9999998 ], [ 132.0, 50.3333331 ], [ 131.5, 50.3333331 ], [ 131.5, 49.9999998 ] ] ] } },
{ "type": "Feature", "properties": { "Id": 0, "Sheet_ID": "W2N10-5. カラワノーワ", "label": "W2N10-5. カラワノーワ", "call_short": "0", "call_num": "0", "recid": "0", "websiteUrl": "0", "title": "0", "ckey": 0, "available": false, "iiifUrl": "0" }, "geometry": { "type": "Polygon", "coordinates": [ [ [ 132.0, 49.9999998 ], [ 132.5, 49.9999998 ], [ 132.5, 50.3333331 ], [ 132.0, 50.3333331 ], [ 132.0, 49.9999998 ] ] ] } },
{ "type": "Feature", "properties": { "Id": 0, "Sheet_ID": "W2N10-24. チェウーグダ河", "label": "W2N10-24. チェウーグダ河", "call_short": "0", "call_num": "0", "recid": "0", "websiteUrl": "0", "title": "0", "ckey": 0, "available": false, "iiifUrl": "0" }, "geometry": { "type": "Polygon", "coordinates": [ [ [ 130.0, 50.3333331 ], [ 130.5, 50.3333331 ], [ 130.5, 50.6666665 ], [ 130.0, 50.6666665 ], [ 130.0, 50.3333331 ] ] ] } },
{ "type": "Feature", "properties": { "Id": 0, "Sheet_ID": "W2N10-19. マルマーリタ河", "label": "W2N10-19. マルマーリタ河", "call_short": "0", "call_num": "0", "recid": "0", "websiteUrl": "0", "title": "0", "ckey": 0, "available": false, "iiifUrl": "0" }, "geometry": { "type": "Polygon", "coordinates": [ [ [ 130.5, 50.3333331 ], [ 131.0, 50.3333331 ], [ 131.0, 50.6666665 ], [ 130.5, 50.6666665 ], [ 130.5, 50.3333331 ] ] ] } },
{ "type": "Feature", "properties": { "Id": 0, "Sheet_ID": "W2N10-14. トィールマ", "label": "W2N10-14. トィールマ", "call_short": "G7270 S100 .J36", "call_num": "G7270 S100 .J36 W2N10-14", "recid": "xv759gd2768", "websiteUrl": "https://purl.stanford.edu/xv759gd2768", "title": "西伯利十万分一圖", "ckey": 12344846, "available": true, "iiifUrl": "https://purl.stanford.edu/xv759gd2768/iiif/manifest" }, "geometry": { "type": "Polygon", "coordinates": [ [ [ 131.0, 50.3333331 ], [ 131.5, 50.3333331 ], [ 131.5, 50.6666665 ], [ 131.0, 50.6666665 ], [ 131.0, 50.3333331 ] ] ] } },
{ "type": "Feature", "properties": { "Id": 0, "Sheet_ID": "W2N10-9. ターラヤ", "label": "W2N10-9. ターラヤ", "call_short": "G7270 S100 .J36", "call_num": "G7270 S100 .J36 W2N10-9", "recid": "qv971hc6437", "websiteUrl": "https://purl.stanford.edu/qv971hc6437", "title": "西伯利十万分一圖", "ckey": 12344846, "available": true, "iiifUrl": "https://purl.stanford.edu/qv971hc6437/iiif/manifest" }, "geometry": { "type": "Polygon", "coordinates": [ [ [ 131.5, 50.3333331 ], [ 132.0, 50.3333331 ], [ 132.0, 50.6666665 ], [ 131.5, 50.6666665 ], [ 131.5, 50.3333331 ] ] ] } },
{ "type": "Feature", "properties": { "Id": 0, "Sheet_ID": "W2N10-4. ターラヤ河源", "label": "W2N10-4. ターラヤ河源", "call_short": "0", "call_num": "0", "recid": "0", "websiteUrl": "0", "title": "0", "ckey": 0, "available": false, "iiifUrl": "0" }, "geometry": { "type": "Polygon", "coordinates": [ [ [ 132.0, 50.3333331 ], [ 132.5, 50.3333331 ], [ 132.5, 50.6666665 ], [ 132.0, 50.6666665 ], [ 132.0, 50.3333331 ] ] ] } },
{ "type": "Feature", "properties": { "Id": 0, "Sheet_ID": "W2N10-8. ポロウィンカ冬舎", "label": "W2N10-8. ポロウィンカ冬舎", "call_short": "G7270 S100 .J36", "call_num": "G7270 S100 .J36 W2N10-8", "recid": "hy049jz9959", "websiteUrl": "https://purl.stanford.edu/hy049jz9959", "title": "西伯利十万分一圖", "ckey": 12344846, "available": true, "iiifUrl": "https://purl.stanford.edu/hy049jz9959/iiif/manifest" }, "geometry": { "type": "Polygon", "coordinates": [ [ [ 131.5, 50.6666665 ], [ 132.0, 50.6666665 ], [ 132.0, 50.9999998 ], [ 131.5, 50.9999998 ], [ 131.5, 50.6666665 ] ] ] } },
{ "type": "Feature", "properties": { "Id": 0, "Sheet_ID": "W2N10-3. チェクヅンスキー・スクラーヅ", "label": "W2N10-3. チェクヅンスキー・スクラーヅ", "call_short": "0", "call_num": "0", "recid": "0", "websiteUrl": "0", "title": "0", "ckey": 0, "available": false, "iiifUrl": "0" }, "geometry": { "type": "Polygon", "coordinates": [ [ [ 132.0, 50.6666665 ], [ 132.5, 50.6666665 ], [ 132.5, 50.9999998 ], [ 132.0, 50.9999998 ], [ 132.0, 50.6666665 ] ] ] } },
{ "type": "Feature", "properties": { "Id": 0, "Sheet_ID": "W2N10-2. アサノフスコエ冬舎", "label": "W2N10-2. アサノフスコエ冬舎", "call_short": "0", "call_num": "0", "recid": "0", "websiteUrl": "0", "title": "0", "ckey": 0, "available": false, "iiifUrl": "0" }, "geometry": { "type": "Polygon", "coordinates": [ [ [ 132.0, 50.9999998 ], [ 132.5, 50.9999998 ], [ 132.5, 51.3333332 ], [ 132.0, 51.3333332 ], [ 132.0, 50.9999998 ] ] ] } },
{ "type": "Feature", "properties": { "Id": 0, "Sheet_ID": "W2N10-21. シャヅリナ農舎", "label": "W2N10-21. シャヅリナ農舎", "call_short": "G7270 S100 .J36", "call_num": "G7270 S100 .J36 W2N10-21", "recid": "dc937cm5088", "websiteUrl": "https://purl.stanford.edu/dc937cm5088", "title": "西伯利十万分一圖", "ckey": 12344846, "available": true, "iiifUrl": "https://purl.stanford.edu/dc937cm5088/iiif/manifest" }, "geometry": { "type": "Polygon", "coordinates": [ [ [ 130.0, 51.3333332 ], [ 130.5, 51.3333332 ], [ 130.5, 51.6666665 ], [ 130.0, 51.6666665 ], [ 130.0, 51.3333332 ] ] ] } },
{ "type": "Feature", "properties": { "Id": 0, "Sheet_ID": "W2N10-16. 十六號", "label": "W2N10-16. 十六號", "call_short": "G7270 S100 .J36", "call_num": "G7270 S100 .J36 W2N10-16", "recid": "rq719hr5973", "websiteUrl": "https://purl.stanford.edu/rq719hr5973", "title": "西伯利十万分一圖", "ckey": 12344846, "available": true, "iiifUrl": "https://purl.stanford.edu/rq719hr5973/iiif/manifest" }, "geometry": { "type": "Polygon", "coordinates": [ [ [ 130.5, 51.3333332 ], [ 131.0, 51.3333332 ], [ 131.0, 51.6666665 ], [ 130.5, 51.6666665 ], [ 130.5, 51.3333332 ] ] ] } },
{ "type": "Feature", "properties": { "Id": 0, "Sheet_ID": "W2N11-25. 二十五號", "label": "W2N11-25. 二十五號", "call_short": "G7270 S100 .J36", "call_num": "G7270 S100 .J36 W2N11-25", "recid": "kd952wv7336", "websiteUrl": "https://purl.stanford.edu/kd952wv7336", "title": "西伯利十万分一圖", "ckey": 12344846, "available": true, "iiifUrl": "https://purl.stanford.edu/kd952wv7336/iiif/manifest" }, "geometry": { "type": "Polygon", "coordinates": [ [ [ 130.0, 51.6666665 ], [ 130.5, 51.6666665 ], [ 130.5, 51.9999999 ], [ 130.0, 51.9999999 ], [ 130.0, 51.6666665 ] ] ] } },
{ "type": "Feature", "properties": { "Id": 0, "Sheet_ID": "W2N11-23. タラセンコ冬舎", "label": "W2N11-23. タラセンコ冬舎", "call_short": "G7270 S100 .J36", "call_num": "G7270 S100 .J36 W2N11-23", "recid": "hn500ww1920", "websiteUrl": "https://purl.stanford.edu/hn500ww1920", "title": "西伯利十万分一圖", "ckey": 12344846, "available": true, "iiifUrl": "https://purl.stanford.edu/hn500ww1920/iiif/manifest" }, "geometry": { "type": "Polygon", "coordinates": [ [ [ 130.0, 52.3333332 ], [ 130.5, 52.3333332 ], [ 130.5, 52.6666665 ], [ 130.0, 52.6666665 ], [ 130.0, 52.3333332 ] ] ] } },
{ "type": "Feature", "properties": { "Id": 0, "Sheet_ID": "W2N11-13. セレムヂンスコエ冬舎", "label": "W2N11-13. セレムヂンスコエ冬舎", "call_short": "G7270 S100 .J36", "call_num": "G7270 S100 .J36 W2N11-13", "recid": "xc547kz6878", "websiteUrl": "https://purl.stanford.edu/xc547kz6878", "title": "西伯利十万分一圖", "ckey": 12344846, "available": true, "iiifUrl": "https://purl.stanford.edu/xc547kz6878/iiif/manifest" }, "geometry": { "type": "Polygon", "coordinates": [ [ [ 131.0, 52.3333332 ], [ 131.5, 52.3333332 ], [ 131.5, 52.6666665 ], [ 131.0, 52.6666665 ], [ 131.0, 52.3333332 ] ] ] } },
{ "type": "Feature", "properties": { "Id": 0, "Sheet_ID": "W2N11-21. クレースツ冬舎", "label": "W2N11-21. クレースツ冬舎", "call_short": "G7270 S100 .J36", "call_num": "G7270 S100 .J36 W2N11-21", "recid": "tj518tt5825", "websiteUrl": "https://purl.stanford.edu/tj518tt5825", "title": "西伯利十万分一圖", "ckey": 12344846, "available": true, "iiifUrl": "https://purl.stanford.edu/tj518tt5825/iiif/manifest" }, "geometry": { "type": "Polygon", "coordinates": [ [ [ 130.0, 52.9999999 ], [ 130.5, 52.9999999 ], [ 130.5, 53.3333332 ], [ 130.0, 53.3333332 ], [ 130.0, 52.9999999 ] ] ] } },
{ "type": "Feature", "properties": { "Id": 0, "Sheet_ID": "W2N11-1. ミハイロフスキー坑", "label": "W2N11-1. ミハイロフスキー坑", "call_short": "G7270 S100 .J36", "call_num": "G7270 S100 .J36 W2N11-1", "recid": "vx266jj8090", "websiteUrl": "https://purl.stanford.edu/vx266jj8090", "title": "西伯利十万分一圖", "ckey": 12344846, "available": true, "iiifUrl": "https://purl.stanford.edu/vx266jj8090/iiif/manifest" }, "geometry": { "type": "Polygon", "coordinates": [ [ [ 132.0, 52.9999999 ], [ 132.5, 52.9999999 ], [ 132.5, 53.3333332 ], [ 132.0, 53.3333332 ], [ 132.0, 52.9999999 ] ] ] } },
{ "type": "Feature", "properties": { "Id": 0, "Sheet_ID": "W2N12-25. キセレーワ冬舎", "label": "W2N12-25. キセレーワ冬舎", "call_short": "G7270 S100 .J36", "call_num": "G7270 S100 .J36 W2N12-25", "recid": "jp949dz4035", "websiteUrl": "https://purl.stanford.edu/jp949dz4035", "title": "西伯利十万分一圖", "ckey": 12344846, "available": true, "iiifUrl": "https://purl.stanford.edu/jp949dz4035/iiif/manifest" }, "geometry": { "type": "Polygon", "coordinates": [ [ [ 130.0, 53.3333333 ], [ 130.5, 53.3333333 ], [ 130.5, 53.6666666 ], [ 130.0, 53.6666666 ], [ 130.0, 53.3333333 ] ] ] } },
{ "type": "Feature", "properties": { "Id": 0, "Sheet_ID": "W2N12-20. バランダ河", "label": "W2N12-20. バランダ河", "call_short": "G7270 S100 .J36", "call_num": "G7270 S100 .J36 W2N12-20", "recid": "gv778qy5160", "websiteUrl": "https://purl.stanford.edu/gv778qy5160", "title": "西伯利十万分一圖", "ckey": 12344846, "available": true, "iiifUrl": "https://purl.stanford.edu/gv778qy5160/iiif/manifest" }, "geometry": { "type": "Polygon", "coordinates": [ [ [ 130.5, 53.3333333 ], [ 131.0, 53.3333333 ], [ 131.0, 53.6666666 ], [ 130.5, 53.6666666 ], [ 130.5, 53.3333333 ] ] ] } },
{ "type": "Feature", "properties": { "Id": 0, "Sheet_ID": "W2N12-15. 十五號", "label": "W2N12-15. 十五號", "call_short": "G7270 S100 .J36", "call_num": "G7270 S100 .J36 W2N12-15", "recid": "mt861tf5641", "websiteUrl": "https://purl.stanford.edu/mt861tf5641", "title": "西伯利十万分一圖", "ckey": 12344846, "available": true, "iiifUrl": "https://purl.stanford.edu/mt861tf5641/iiif/manifest" }, "geometry": { "type": "Polygon", "coordinates": [ [ [ 131.0, 53.3333333 ], [ 131.5, 53.3333333 ], [ 131.5, 53.6666666 ], [ 131.0, 53.6666666 ], [ 131.0, 53.3333333 ] ] ] } },
{ "type": "Feature", "properties": { "Id": 0, "Sheet_ID": "W2N12-10. シェウリ河", "label": "W2N12-10. シェウリ河", "call_short": "G7270 S100 .J36", "call_num": "G7270 S100 .J36 W2N12-10", "recid": "yy217cb8416", "websiteUrl": "https://purl.stanford.edu/yy217cb8416", "title": "西伯利十万分一圖", "ckey": 12344846, "available": true, "iiifUrl": "https://purl.stanford.edu/yy217cb8416/iiif/manifest" }, "geometry": { "type": "Polygon", "coordinates": [ [ [ 131.5, 53.3333333 ], [ 132.0, 53.3333333 ], [ 132.0, 53.6666666 ], [ 131.5, 53.6666666 ], [ 131.5, 53.3333333 ] ] ] } },
{ "type": "Feature", "properties": { "Id": 0, "Sheet_ID": "W2N12-24. アレクサンドロネスフスキー", "label": "W2N12-24. アレクサンドロネスフスキー", "call_short": "G7270 S100 .J36", "call_num": "G7270 S100 .J36 W2N12-24", "recid": "wm148nw2726", "websiteUrl": "https://purl.stanford.edu/wm148nw2726", "title": "西伯利十万分一圖", "ckey": 12344846, "available": true, "iiifUrl": "https://purl.stanford.edu/wm148nw2726/iiif/manifest" }, "geometry": { "type": "Polygon", "coordinates": [ [ [ 130.0, 53.6666666 ], [ 130.5, 53.6666666 ], [ 130.5, 53.9999999 ], [ 130.0, 53.9999999 ], [ 130.0, 53.6666666 ] ] ] } },
{ "type": "Feature", "properties": { "Id": 0, "Sheet_ID": "W2N12-19. ズナメンスキー", "label": "W2N12-19. ズナメンスキー", "call_short": "G7270 S100 .J36", "call_num": "G7270 S100 .J36 W2N12-19", "recid": "tw768rh8551", "websiteUrl": "https://purl.stanford.edu/tw768rh8551", "title": "西伯利十万分一圖", "ckey": 12344846, "available": true, "iiifUrl": "https://purl.stanford.edu/tw768rh8551/iiif/manifest" }, "geometry": { "type": "Polygon", "coordinates": [ [ [ 130.5, 53.6666666 ], [ 131.0, 53.6666666 ], [ 131.0, 53.9999999 ], [ 130.5, 53.9999999 ], [ 130.5, 53.6666666 ] ] ] } },
{ "type": "Feature", "properties": { "Id": 0, "Sheet_ID": "W2N12-22. 二十二號", "label": "W2N12-22. 二十二號", "call_short": "G7270 S100 .J36", "call_num": "G7270 S100 .J36 W2N12-22", "recid": "nw534nd7214", "websiteUrl": "https://purl.stanford.edu/nw534nd7214", "title": "西伯利十万分一圖", "ckey": 12344846, "available": true, "iiifUrl": "https://purl.stanford.edu/nw534nd7214/iiif/manifest" }, "geometry": { "type": "Polygon", "coordinates": [ [ [ 130.0, 54.3333333 ], [ 130.5, 54.3333333 ], [ 130.5, 54.6666666 ], [ 130.0, 54.6666666 ], [ 130.0, 54.3333333 ] ] ] } },
{ "type": "Feature", "properties": { "Id": 0, "Sheet_ID": "W1N5-12. キエーフ", "label": "W1N5-12. キエーフ", "call_short": "0", "call_num": "0", "recid": "0", "websiteUrl": "0", "title": "0", "ckey": 0, "available": false, "iiifUrl": "0" }, "geometry": { "type": "Polygon", "coordinates": [ [ [ 133.5, 42.6666669 ], [ 134.0, 42.6666669 ], [ 134.0, 43.0000002 ], [ 133.5, 43.0000002 ], [ 133.5, 42.6666669 ] ] ] } },
{ "type": "Feature", "properties": { "Id": 0, "Sheet_ID": "W1N5-11. グロデコーウォ", "label": "W1N5-11. グロデコーウォ", "call_short": "0", "call_num": "0", "recid": "0", "websiteUrl": "0", "title": "0", "ckey": 0, "available": false, "iiifUrl": "0" }, "geometry": { "type": "Polygon", "coordinates": [ [ [ 133.5, 43.0000003 ], [ 134.0, 43.0000003 ], [ 134.0, 43.3333336 ], [ 133.5, 43.3333336 ], [ 133.5, 43.0000003 ] ] ] } },
{ "type": "Feature", "properties": { "Id": 0, "Sheet_ID": "W1N5-6. ツャヒコーウ", "label": "W1N5-6. ツャヒコーウ", "call_short": "0", "call_num": "0", "recid": "0", "websiteUrl": "0", "title": "0", "ckey": 0, "available": false, "iiifUrl": "0" }, "geometry": { "type": "Polygon", "coordinates": [ [ [ 134.0, 43.0000003 ], [ 134.5, 43.0000003 ], [ 134.5, 43.3333336 ], [ 134.0, 43.3333336 ], [ 134.0, 43.0000003 ] ] ] } },
{ "type": "Feature", "properties": { "Id": 0, "Sheet_ID": "W1N6-20. セルゲーエフカ", "label": "W1N6-20. セルゲーエフカ", "call_short": "0", "call_num": "0", "recid": "0", "websiteUrl": "0", "title": "0", "ckey": 0, "available": false, "iiifUrl": "0" }, "geometry": { "type": "Polygon", "coordinates": [ [ [ 133.0, 43.3333336 ], [ 133.5, 43.3333336 ], [ 133.5, 43.6666669 ], [ 133.0, 43.6666669 ], [ 133.0, 43.3333336 ] ] ] } },
{ "type": "Feature", "properties": { "Id": 0, "Sheet_ID": "W1N6-15. ユムベーシ", "label": "W1N6-15. ユムベーシ", "call_short": "0", "call_num": "0", "recid": "0", "websiteUrl": "0", "title": "0", "ckey": 0, "available": false, "iiifUrl": "0" }, "geometry": { "type": "Polygon", "coordinates": [ [ [ 133.5, 43.3333336 ], [ 134.0, 43.3333336 ], [ 134.0, 43.6666669 ], [ 133.5, 43.6666669 ], [ 133.5, 43.3333336 ] ] ] } },
{ "type": "Feature", "properties": { "Id": 0, "Sheet_ID": "W1N6-10. ユムベラーザ", "label": "W1N6-10. ユムベラーザ", "call_short": "0", "call_num": "0", "recid": "0", "websiteUrl": "0", "title": "0", "ckey": 0, "available": false, "iiifUrl": "0" }, "geometry": { "type": "Polygon", "coordinates": [ [ [ 134.0, 43.3333336 ], [ 134.5, 43.3333336 ], [ 134.5, 43.6666669 ], [ 134.0, 43.6666669 ], [ 134.0, 43.3333336 ] ] ] } },
{ "type": "Feature", "properties": { "Id": 0, "Sheet_ID": "W1N6-19. キゾー・ヅィーンザ山", "label": "W1N6-19. キゾー・ヅィーンザ山", "call_short": "0", "call_num": "0", "recid": "0", "websiteUrl": "0", "title": "0", "ckey": 0, "available": false, "iiifUrl": "0" }, "geometry": { "type": "Polygon", "coordinates": [ [ [ 133.0, 43.6666669 ], [ 133.5, 43.6666669 ], [ 133.5, 44.0000002 ], [ 133.0, 44.0000002 ], [ 133.0, 43.6666669 ] ] ] } },
{ "type": "Feature", "properties": { "Id": 0, "Sheet_ID": "W1N6-14. ツァーモ・ヅィンザ山", "label": "W1N6-14. ツァーモ・ヅィンザ山", "call_short": "G7270 S100 .J36", "call_num": "G7270 S100 .J36 W1N6-14", "recid": "sp386hq6183", "websiteUrl": "https://purl.stanford.edu/sp386hq6183", "title": "西伯利十万分一圖", "ckey": 12344846, "available": true, "iiifUrl": "https://purl.stanford.edu/sp386hq6183/iiif/manifest" }, "geometry": { "type": "Polygon", "coordinates": [ [ [ 133.5, 43.6666669 ], [ 134.0, 43.6666669 ], [ 134.0, 44.0000002 ], [ 133.5, 44.0000002 ], [ 133.5, 43.6666669 ] ] ] } },
{ "type": "Feature", "properties": { "Id": 0, "Sheet_ID": "W1N6-9. 九號", "label": "W1N6-9. 九號", "call_short": "0", "call_num": "0", "recid": "0", "websiteUrl": "0", "title": "0", "ckey": 0, "available": false, "iiifUrl": "0" }, "geometry": { "type": "Polygon", "coordinates": [ [ [ 134.0, 43.6666669 ], [ 134.5, 43.6666669 ], [ 134.5, 44.0000002 ], [ 134.0, 44.0000002 ], [ 134.0, 43.6666669 ] ] ] } },
{ "type": "Feature", "properties": { "Id": 0, "Sheet_ID": "W1N6-4. フルマノフカ", "label": "W1N6-4. フルマノフカ", "call_short": "0", "call_num": "0", "recid": "0", "websiteUrl": "0", "title": "0", "ckey": 0, "available": false, "iiifUrl": "0" }, "geometry": { "type": "Polygon", "coordinates": [ [ [ 134.5, 43.6666669 ], [ 135.0, 43.6666669 ], [ 135.0, 44.0000002 ], [ 134.5, 44.0000002 ], [ 134.5, 43.6666669 ] ] ] } },
{ "type": "Feature", "properties": { "Id": 0, "Sheet_ID": "W1N6-18. ペトロパウロフカ", "label": "W1N6-18. ペトロパウロフカ", "call_short": "0", "call_num": "0", "recid": "0", "websiteUrl": "0", "title": "0", "ckey": 0, "available": false, "iiifUrl": "0" }, "geometry": { "type": "Polygon", "coordinates": [ [ [ 133.0, 44.0000002 ], [ 133.5, 44.0000002 ], [ 133.5, 44.3333335 ], [ 133.0, 44.3333335 ], [ 133.0, 44.0000002 ] ] ] } },
{ "type": "Feature", "properties": { "Id": 0, "Sheet_ID": "W1N6-13. チゥグーエフカ", "label": "W1N6-13. チゥグーエフカ", "call_short": "0", "call_num": "0", "recid": "0", "websiteUrl": "0", "title": "0", "ckey": 0, "available": false, "iiifUrl": "0" }, "geometry": { "type": "Polygon", "coordinates": [ [ [ 133.5, 44.0000002 ], [ 134.0, 44.0000002 ], [ 134.0, 44.3333335 ], [ 133.5, 44.3333335 ], [ 133.5, 44.0000002 ] ] ] } },
{ "type": "Feature", "properties": { "Id": 0, "Sheet_ID": "W1N6-8. 八號", "label": "W1N6-8. 八號", "call_short": "0", "call_num": "0", "recid": "0", "websiteUrl": "0", "title": "0", "ckey": 0, "available": false, "iiifUrl": "0" }, "geometry": { "type": "Polygon", "coordinates": [ [ [ 134.0, 44.0000002 ], [ 134.5, 44.0000002 ], [ 134.5, 44.3333335 ], [ 134.0, 44.3333335 ], [ 134.0, 44.0000002 ] ] ] } },
{ "type": "Feature", "properties": { "Id": 0, "Sheet_ID": "W1N6-3. 三號", "label": "W1N6-3. 三號", "call_short": "0", "call_num": "0", "recid": "0", "websiteUrl": "0", "title": "0", "ckey": 0, "available": false, "iiifUrl": "0" }, "geometry": { "type": "Polygon", "coordinates": [ [ [ 134.5, 44.0000002 ], [ 135.0, 44.0000002 ], [ 135.0, 44.3333335 ], [ 134.5, 44.3333335 ], [ 134.5, 44.0000002 ] ] ] } },
{ "type": "Feature", "properties": { "Id": 0, "Sheet_ID": "W1N6-17. タチャーノフカ", "label": "W1N6-17. タチャーノフカ", "call_short": "0", "call_num": "0", "recid": "0", "websiteUrl": "0", "title": "0", "ckey": 0, "available": false, "iiifUrl": "0" }, "geometry": { "type": "Polygon", "coordinates": [ [ [ 133.0, 44.3333335 ], [ 133.5, 44.3333335 ], [ 133.5, 44.6666668 ], [ 133.0, 44.6666668 ], [ 133.0, 44.3333335 ] ] ] } },
{ "type": "Feature", "properties": { "Id": 0, "Sheet_ID": "W1N6-12. ノーウォ・クラスノヤローウォ", "label": "W1N6-12. ノーウォ・クラスノヤローウォ", "call_short": "0", "call_num": "0", "recid": "0", "websiteUrl": "0", "title": "0", "ckey": 0, "available": false, "iiifUrl": "0" }, "geometry": { "type": "Polygon", "coordinates": [ [ [ 133.5, 44.3333335 ], [ 134.0, 44.3333335 ], [ 134.0, 44.6666668 ], [ 133.5, 44.6666668 ], [ 133.5, 44.3333335 ] ] ] } },
{ "type": "Feature", "properties": { "Id": 0, "Sheet_ID": "W1N6-7. コクシァロフカ", "label": "W1N6-7. コクシァロフカ", "call_short": "0", "call_num": "0", "recid": "0", "websiteUrl": "0", "title": "0", "ckey": 0, "available": false, "iiifUrl": "0" }, "geometry": { "type": "Polygon", "coordinates": [ [ [ 134.0, 44.3333335 ], [ 134.5, 44.3333335 ], [ 134.5, 44.6666668 ], [ 134.0, 44.6666668 ], [ 134.0, 44.3333335 ] ] ] } },
{ "type": "Feature", "properties": { "Id": 0, "Sheet_ID": "W1N6-2. 二號", "label": "W1N6-2. 二號", "call_short": "0", "call_num": "0", "recid": "0", "websiteUrl": "0", "title": "0", "ckey": 0, "available": false, "iiifUrl": "0" }, "geometry": { "type": "Polygon", "coordinates": [ [ [ 134.5, 44.3333335 ], [ 135.0, 44.3333335 ], [ 135.0, 44.6666668 ], [ 134.5, 44.6666668 ], [ 134.5, 44.3333335 ] ] ] } },
{ "type": "Feature", "properties": { "Id": 0, "Sheet_ID": "W1N6-11. クルィロフカ", "label": "W1N6-11. クルィロフカ", "call_short": "0", "call_num": "0", "recid": "0", "websiteUrl": "0", "title": "0", "ckey": 0, "available": false, "iiifUrl": "0" }, "geometry": { "type": "Polygon", "coordinates": [ [ [ 133.5, 44.6666668 ], [ 134.0, 44.6666668 ], [ 134.0, 45.0000001 ], [ 133.5, 45.0000001 ], [ 133.5, 44.6666668 ] ] ] } },
{ "type": "Feature", "properties": { "Id": 0, "Sheet_ID": "W1N6-6. リズグー山", "label": "W1N6-6. リズグー山", "call_short": "0", "call_num": "0", "recid": "0", "websiteUrl": "0", "title": "0", "ckey": 0, "available": false, "iiifUrl": "0" }, "geometry": { "type": "Polygon", "coordinates": [ [ [ 134.0, 44.6666668 ], [ 134.5, 44.6666668 ], [ 134.5, 45.0000001 ], [ 134.0, 45.0000001 ], [ 134.0, 44.6666668 ] ] ] } },
{ "type": "Feature", "properties": { "Id": 0, "Sheet_ID": "W1N7-10. ファンヅャーン", "label": "W1N7-10. ファンヅャーン", "call_short": "0", "call_num": "0", "recid": "0", "websiteUrl": "0", "title": "0", "ckey": 0, "available": false, "iiifUrl": "0" }, "geometry": { "type": "Polygon", "coordinates": [ [ [ 134.0, 45.0000001 ], [ 134.5, 45.0000001 ], [ 134.5, 45.3333335 ], [ 134.0, 45.3333335 ], [ 134.0, 45.0000001 ] ] ] } },
{ "type": "Feature", "properties": { "Id": 0, "Sheet_ID": "W1N7-1. チョムルィンザ山", "label": "W1N7-1. チョムルィンザ山", "call_short": "0", "call_num": "0", "recid": "0", "websiteUrl": "0", "title": "0", "ckey": 0, "available": false, "iiifUrl": "0" }, "geometry": { "type": "Polygon", "coordinates": [ [ [ 134.5, 46.3333334 ], [ 135.0, 46.3333334 ], [ 135.0, 46.6666667 ], [ 134.5, 46.6666667 ], [ 134.5, 46.3333334 ] ] ] } },
{ "type": "Feature", "properties": { "Id": 0, "Sheet_ID": "W1N8-5. モホワーヤ河", "label": "W1N8-5. モホワーヤ河", "call_short": "0", "call_num": "0", "recid": "0", "websiteUrl": "0", "title": "0", "ckey": 0, "available": false, "iiifUrl": "0" }, "geometry": { "type": "Polygon", "coordinates": [ [ [ 134.5, 46.6666667 ], [ 135.0, 46.6666667 ], [ 135.0, 47.0 ], [ 134.5, 47.0 ], [ 134.5, 46.6666667 ] ] ] } },
{ "type": "Feature", "properties": { "Id": 0, "Sheet_ID": "W1N9-20. クルートイ・ヤール", "label": "W1N9-20. クルートイ・ヤール", "call_short": "0", "call_num": "0", "recid": "0", "websiteUrl": "0", "title": "0", "ckey": 0, "available": false, "iiifUrl": "0" }, "geometry": { "type": "Polygon", "coordinates": [ [ [ 133.0, 48.3333333 ], [ 133.5, 48.3333333 ], [ 133.5, 48.6666666 ], [ 133.0, 48.6666666 ], [ 133.0, 48.3333333 ] ] ] } },
{ "type": "Feature", "properties": { "Id": 0, "Sheet_ID": "W1N9-15. ステパニンスキーボール", "label": "W1N9-15. ステパニンスキーボール", "call_short": "0", "call_num": "0", "recid": "0", "websiteUrl": "0", "title": "0", "ckey": 0, "available": false, "iiifUrl": "0" }, "geometry": { "type": "Polygon", "coordinates": [ [ [ 133.5, 48.3333333 ], [ 134.0, 48.3333333 ], [ 134.0, 48.6666666 ], [ 133.5, 48.6666666 ], [ 133.5, 48.3333333 ] ] ] } },
{ "type": "Feature", "properties": { "Id": 0, "Sheet_ID": "W1N9-10. ザブェローフスコエ湖", "label": "W1N9-10. ザブェローフスコエ湖", "call_short": "0", "call_num": "0", "recid": "0", "websiteUrl": "0", "title": "0", "ckey": 0, "available": false, "iiifUrl": "0" }, "geometry": { "type": "Polygon", "coordinates": [ [ [ 134.0, 48.3333333 ], [ 134.5, 48.3333333 ], [ 134.5, 48.6666666 ], [ 134.0, 48.6666666 ], [ 134.0, 48.3333333 ] ] ] } },
{ "type": "Feature", "properties": { "Id": 0, "Sheet_ID": "W1N9-5. デジネーワ", "label": "W1N9-5. デジネーワ", "call_short": "0", "call_num": "0", "recid": "0", "websiteUrl": "0", "title": "0", "ckey": 0, "available": false, "iiifUrl": "0" }, "geometry": { "type": "Polygon", "coordinates": [ [ [ 134.5, 48.3333333 ], [ 135.0, 48.3333333 ], [ 135.0, 48.6666666 ], [ 134.5, 48.6666666 ], [ 134.5, 48.3333333 ] ] ] } },
{ "type": "Feature", "properties": { "Id": 0, "Sheet_ID": "W1N9-19. 十九號", "label": "W1N9-19. 十九號", "call_short": "0", "call_num": "0", "recid": "0", "websiteUrl": "0", "title": "0", "ckey": 0, "available": false, "iiifUrl": "0" }, "geometry": { "type": "Polygon", "coordinates": [ [ [ 133.0, 48.6666666 ], [ 133.5, 48.6666666 ], [ 133.5, 48.9999999 ], [ 133.0, 48.9999999 ], [ 133.0, 48.6666666 ] ] ] } },
{ "type": "Feature", "properties": { "Id": 0, "Sheet_ID": "W1N9-14. テキーン", "label": "W1N9-14. テキーン", "call_short": "G7270 S100 .J36", "call_num": "G7270 S100 .J36 W1N9-14", "recid": "ph675mc5907", "websiteUrl": "https://purl.stanford.edu/ph675mc5907", "title": "西伯利十万分一圖", "ckey": 12344846, "available": true, "iiifUrl": "https://purl.stanford.edu/ph675mc5907/iiif/manifest" }, "geometry": { "type": "Polygon", "coordinates": [ [ [ 133.5, 48.6666666 ], [ 134.0, 48.6666666 ], [ 134.0, 48.9999999 ], [ 133.5, 48.9999999 ], [ 133.5, 48.6666666 ] ] ] } },
{ "type": "Feature", "properties": { "Id": 0, "Sheet_ID": "W1N9-9. ハトゥール", "label": "W1N9-9. ハトゥール", "call_short": "G7270 S100 .J36", "call_num": "G7270 S100 .J36 W1N9-9", "recid": "bk698fj5521", "websiteUrl": "https://purl.stanford.edu/bk698fj5521", "title": "西伯利十万分一圖", "ckey": 12344846, "available": true, "iiifUrl": "https://purl.stanford.edu/bk698fj5521/iiif/manifest" }, "geometry": { "type": "Polygon", "coordinates": [ [ [ 134.0, 48.6666666 ], [ 134.5, 48.6666666 ], [ 134.5, 48.9999999 ], [ 134.0, 48.9999999 ], [ 134.0, 48.6666666 ] ] ] } },
{ "type": "Feature", "properties": { "Id": 0, "Sheet_ID": "W1N9-4. チルキー山", "label": "W1N9-4. チルキー山", "call_short": "0", "call_num": "0", "recid": "0", "websiteUrl": "0", "title": "0", "ckey": 0, "available": false, "iiifUrl": "0" }, "geometry": { "type": "Polygon", "coordinates": [ [ [ 134.5, 48.6666666 ], [ 135.0, 48.6666666 ], [ 135.0, 48.9999999 ], [ 134.5, 48.9999999 ], [ 134.5, 48.6666666 ] ] ] } },
{ "type": "Feature", "properties": { "Id": 0, "Sheet_ID": "W1N9-23. ザクドィビラ河源", "label": "W1N9-23. ザクドィビラ河源", "call_short": "0", "call_num": "0", "recid": "0", "websiteUrl": "0", "title": "0", "ckey": 0, "available": false, "iiifUrl": "0" }, "geometry": { "type": "Polygon", "coordinates": [ [ [ 132.5, 48.9999999 ], [ 133.0, 48.9999999 ], [ 133.0, 49.3333332 ], [ 132.5, 49.3333332 ], [ 132.5, 48.9999999 ] ] ] } },
{ "type": "Feature", "properties": { "Id": 0, "Sheet_ID": "W1N9-18. クパーヅィ", "label": "W1N9-18. クパーヅィ", "call_short": "0", "call_num": "0", "recid": "0", "websiteUrl": "0", "title": "0", "ckey": 0, "available": false, "iiifUrl": "0" }, "geometry": { "type": "Polygon", "coordinates": [ [ [ 133.0, 48.9999999 ], [ 133.5, 48.9999999 ], [ 133.5, 49.3333332 ], [ 133.0, 49.3333332 ], [ 133.0, 48.9999999 ] ] ] } },
{ "type": "Feature", "properties": { "Id": 0, "Sheet_ID": "W1N9-13. ビリャーカン河", "label": "W1N9-13. ビリャーカン河", "call_short": "0", "call_num": "0", "recid": "0", "websiteUrl": "0", "title": "0", "ckey": 0, "available": false, "iiifUrl": "0" }, "geometry": { "type": "Polygon", "coordinates": [ [ [ 133.5, 48.9999999 ], [ 134.0, 48.9999999 ], [ 134.0, 49.3333332 ], [ 133.5, 49.3333332 ], [ 133.5, 48.9999999 ] ] ] } },
{ "type": "Feature", "properties": { "Id": 0, "Sheet_ID": "W1N9-8. グラマフター", "label": "W1N9-8. グラマフター", "call_short": "0", "call_num": "0", "recid": "0", "websiteUrl": "0", "title": "0", "ckey": 0, "available": false, "iiifUrl": "0" }, "geometry": { "type": "Polygon", "coordinates": [ [ [ 134.0, 48.9999999 ], [ 134.5, 48.9999999 ], [ 134.5, 49.3333332 ], [ 134.0, 49.3333332 ], [ 134.0, 48.9999999 ] ] ] } },
{ "type": "Feature", "properties": { "Id": 0, "Sheet_ID": "W1N9-3. オウゴーン河", "label": "W1N9-3. オウゴーン河", "call_short": "0", "call_num": "0", "recid": "0", "websiteUrl": "0", "title": "0", "ckey": 0, "available": false, "iiifUrl": "0" }, "geometry": { "type": "Polygon", "coordinates": [ [ [ 134.5, 48.9999999 ], [ 135.0, 48.9999999 ], [ 135.0, 49.3333332 ], [ 134.5, 49.3333332 ], [ 134.5, 48.9999999 ] ] ] } },
{ "type": "Feature", "properties": { "Id": 0, "Sheet_ID": "W1N9-22. メーナ河", "label": "W1N9-22. メーナ河", "call_short": "0", "call_num": "0", "recid": "0", "websiteUrl": "0", "title": "0", "ckey": 0, "available": false, "iiifUrl": "0" }, "geometry": { "type": "Polygon", "coordinates": [ [ [ 132.5, 49.3333332 ], [ 133.0, 49.3333332 ], [ 133.0, 49.6666665 ], [ 132.5, 49.6666665 ], [ 132.5, 49.3333332 ] ] ] } },
{ "type": "Feature", "properties": { "Id": 0, "Sheet_ID": "W1N9-21. 二十一號", "label": "W1N9-21. 二十一號", "call_short": "G7270 S100 .J36", "call_num": "G7270 S100 .J36 W1N9-21", "recid": "js447ht7951", "websiteUrl": "https://purl.stanford.edu/js447ht7951", "title": "西伯利十万分一圖", "ckey": 12344846, "available": true, "iiifUrl": "https://purl.stanford.edu/js447ht7951/iiif/manifest" }, "geometry": { "type": "Polygon", "coordinates": [ [ [ 132.5, 49.6666665 ], [ 133.0, 49.6666665 ], [ 133.0, 49.9999999 ], [ 132.5, 49.9999999 ], [ 132.5, 49.6666665 ] ] ] } },
{ "type": "Feature", "properties": { "Id": 0, "Sheet_ID": "W1N10-22. 二十二號", "label": "W1N10-22. 二十二號", "call_short": "0", "call_num": "0", "recid": "0", "websiteUrl": "0", "title": "0", "ckey": 0, "available": false, "iiifUrl": "0" }, "geometry": { "type": "Polygon", "coordinates": [ [ [ 132.5, 50.9999998 ], [ 133.0, 50.9999998 ], [ 133.0, 51.3333331 ], [ 132.5, 51.3333331 ], [ 132.5, 50.9999998 ] ] ] } },
{ "type": "Feature", "properties": { "Id": 0, "Sheet_ID": "W1N10-21. ウスチ・ニマン冬舎", "label": "W1N10-21. ウスチ・ニマン冬舎", "call_short": "G7270 S100 .J36", "call_num": "G7270 S100 .J36 W1N10-21", "recid": "ct845dg0949", "websiteUrl": "https://purl.stanford.edu/ct845dg0949", "title": "西伯利十万分一圖", "ckey": 12344846, "available": true, "iiifUrl": "https://purl.stanford.edu/ct845dg0949/iiif/manifest" }, "geometry": { "type": "Polygon", "coordinates": [ [ [ 132.5, 51.3333331 ], [ 133.0, 51.3333331 ], [ 133.0, 51.6666664 ], [ 132.5, 51.6666664 ], [ 132.5, 51.3333331 ] ] ] } },
{ "type": "Feature", "properties": { "Id": 0, "Sheet_ID": "W1N10-11. 十一號", "label": "W1N10-11. 十一號", "call_short": "G7270 S100 .J36", "call_num": "G7270 S100 .J36 W1N10-11", "recid": "qs135yd1241", "websiteUrl": "https://purl.stanford.edu/qs135yd1241", "title": "西伯利十万分一圖", "ckey": 12344846, "available": true, "iiifUrl": "https://purl.stanford.edu/qs135yd1241/iiif/manifest" }, "geometry": { "type": "Polygon", "coordinates": [ [ [ 133.5, 51.3333331 ], [ 134.0, 51.3333331 ], [ 134.0, 51.6666664 ], [ 133.5, 51.6666664 ], [ 133.5, 51.3333331 ] ] ] } },
{ "type": "Feature", "properties": { "Id": 0, "Sheet_ID": "W1N10-6. 六號", "label": "W1N10-6. 六號", "call_short": "G7270 S100 .J36", "call_num": "G7270 S100 .J36 W1N10-6", "recid": "tr511pf5883", "websiteUrl": "https://purl.stanford.edu/tr511pf5883", "title": "西伯利十万分一圖", "ckey": 12344846, "available": true, "iiifUrl": "https://purl.stanford.edu/tr511pf5883/iiif/manifest" }, "geometry": { "type": "Polygon", "coordinates": [ [ [ 134.0, 51.3333331 ], [ 134.5, 51.3333331 ], [ 134.5, 51.6666664 ], [ 134.0, 51.6666664 ], [ 134.0, 51.3333331 ] ] ] } },
{ "type": "Feature", "properties": { "Id": 0, "Sheet_ID": "W1N11-10. 十號", "label": "W1N11-10. 十號", "call_short": "G7270 S100 .J36", "call_num": "G7270 S100 .J36 W1N11-10", "recid": "fx809rd6977", "websiteUrl": "https://purl.stanford.edu/fx809rd6977", "title": "西伯利十万分一圖", "ckey": 12344846, "available": true, "iiifUrl": "https://purl.stanford.edu/fx809rd6977/iiif/manifest" }, "geometry": { "type": "Polygon", "coordinates": [ [ [ 134.0, 51.6666664 ], [ 134.5, 51.6666664 ], [ 134.5, 51.9999997 ], [ 134.0, 51.9999997 ], [ 134.0, 51.6666664 ] ] ] } },
{ "type": "Feature", "properties": { "Id": 0, "Sheet_ID": "W1N11-9. ブレーヤ河", "label": "W1N11-9. ブレーヤ河", "call_short": "G7270 S100 .J36", "call_num": "G7270 S100 .J36 W1N11-9", "recid": "rd091mt4485", "websiteUrl": "https://purl.stanford.edu/rd091mt4485", "title": "西伯利十万分一圖", "ckey": 12344846, "available": true, "iiifUrl": "https://purl.stanford.edu/rd091mt4485/iiif/manifest" }, "geometry": { "type": "Polygon", "coordinates": [ [ [ 134.0, 51.9999997 ], [ 134.5, 51.9999997 ], [ 134.5, 52.3333331 ], [ 134.0, 52.3333331 ], [ 134.0, 51.9999997 ] ] ] } },
{ "type": "Feature", "properties": { "Id": 0, "Sheet_ID": "W1N11-13. ソフィスキー坑", "label": "W1N11-13. ソフィスキー坑", "call_short": "G7270 S100 .J36", "call_num": "G7270 S100 .J36 W1N11-13", "recid": "hh083jr5551", "websiteUrl": "https://purl.stanford.edu/hh083jr5551", "title": "西伯利十万分一圖", "ckey": 12344846, "available": true, "iiifUrl": "https://purl.stanford.edu/hh083jr5551/iiif/manifest" }, "geometry": { "type": "Polygon", "coordinates": [ [ [ 133.5, 52.3333331 ], [ 134.0, 52.3333331 ], [ 134.0, 52.6666664 ], [ 133.5, 52.6666664 ], [ 133.5, 52.3333331 ] ] ] } },
{ "type": "Feature", "properties": { "Id": 0, "Sheet_ID": "W1N11-17. イワノフスキー坑", "label": "W1N11-17. イワノフスキー坑", "call_short": "G7270 S100 .J36", "call_num": "G7270 S100 .J36 W1N11-17", "recid": "mh893kf5958", "websiteUrl": "https://purl.stanford.edu/mh893kf5958", "title": "西伯利十万分一圖", "ckey": 12344846, "available": true, "iiifUrl": "https://purl.stanford.edu/mh893kf5958/iiif/manifest" }, "geometry": { "type": "Polygon", "coordinates": [ [ [ 133.0, 52.6666664 ], [ 133.5, 52.6666664 ], [ 133.5, 52.9999997 ], [ 133.0, 52.9999997 ], [ 133.0, 52.6666664 ] ] ] } },
{ "type": "Feature", "properties": { "Id": 0, "Sheet_ID": "W1N11-21. ヨワネソフスキー坑", "label": "W1N11-21. ヨワネソフスキー坑", "call_short": "G7270 S100 .J36", "call_num": "G7270 S100 .J36 W1N11-21", "recid": "nh105dz8356", "websiteUrl": "https://purl.stanford.edu/nh105dz8356", "title": "西伯利十万分一圖", "ckey": 12344846, "available": true, "iiifUrl": "https://purl.stanford.edu/nh105dz8356/iiif/manifest" }, "geometry": { "type": "Polygon", "coordinates": [ [ [ 132.5, 52.9999997 ], [ 133.0, 52.9999997 ], [ 133.0, 53.333333 ], [ 132.5, 53.333333 ], [ 132.5, 52.9999997 ] ] ] } },
{ "type": "Feature", "properties": { "Id": 0, "Sheet_ID": "W1N11-16. ブルユス山", "label": "W1N11-16. ブルユス山", "call_short": "G7270 S100 .J36", "call_num": "G7270 S100 .J36 W1N11-16", "recid": "rc256zd6992", "websiteUrl": "https://purl.stanford.edu/rc256zd6992", "title": "西伯利十万分一圖", "ckey": 12344846, "available": true, "iiifUrl": "https://purl.stanford.edu/rc256zd6992/iiif/manifest" }, "geometry": { "type": "Polygon", "coordinates": [ [ [ 133.0, 52.9999997 ], [ 133.5, 52.9999997 ], [ 133.5, 53.333333 ], [ 133.0, 53.333333 ], [ 133.0, 52.9999997 ] ] ] } },
{ "type": "Feature", "properties": { "Id": 0, "Sheet_ID": "W8N11-17 (N2). アキマ", "label": "W8N11-17 (N2). アキマ", "call_short": "G7270 S100 .J36", "call_num": "G7270 S100 .J36 W8N11-17 N", "recid": "zn739yr5994", "websiteUrl": "https://purl.stanford.edu/zn739yr5994", "title": "西伯利十万分一圖 / ネルチンスク以北幹線圖", "ckey": 12344846, "available": true, "iiifUrl": "https://purl.stanford.edu/zn739yr5994/iiif/manifest" }, "geometry": { "type": "Polygon", "coordinates": [ [ [ 115.5, 52.666667 ], [ 116.0, 52.666667 ], [ 116.0, 53.0000003 ], [ 115.5, 53.0000003 ], [ 115.5, 52.666667 ] ] ] } },
{ "type": "Feature", "properties": { "Id": 0, "Sheet_ID": "W8N11-12 (N1). アリンスク北部", "label": "W8N11-12 (N1). アリンスク北部", "call_short": "G7270 S100 .J36", "call_num": "G7270 S100 .J36 W8N11-12 N", "recid": "sh541pk0799", "websiteUrl": "https://purl.stanford.edu/sh541pk0799", "title": "西伯利十万分一圖 / ネルチンスク以北幹線圖", "ckey": 12344846, "available": true, "iiifUrl": "https://purl.stanford.edu/sh541pk0799/iiif/manifest" }, "geometry": { "type": "Polygon", "coordinates": [ [ [ 116.0, 52.666667 ], [ 116.5, 52.666667 ], [ 116.5, 53.0000003 ], [ 116.0, 53.0000003 ], [ 116.0, 52.666667 ] ] ] } },
{ "type": "Feature", "properties": { "Id": 0, "Sheet_ID": "W8N11-16 (N3). キケル", "label": "W8N11-16 (N3). キケル", "call_short": "G7270 S100 .J36", "call_num": "G7270 S100 .J36 W8N11-16 N", "recid": "hw173kk3282", "websiteUrl": "https://purl.stanford.edu/hw173kk3282", "title": "西伯利十万分一圖 / ネルチンスク以北幹線圖", "ckey": 12344846, "available": true, "iiifUrl": "https://purl.stanford.edu/hw173kk3282/iiif/manifest" }, "geometry": { "type": "Polygon", "coordinates": [ [ [ 115.5, 53.0000003 ], [ 116.0, 53.0000003 ], [ 116.0, 53.3333336 ], [ 115.5, 53.3333336 ], [ 115.5, 53.0000003 ] ] ] } },
{ "type": "Feature", "properties": { "Id": 0, "Sheet_ID": "W8N12-15 (N4). ネルチュガン河", "label": "W8N12-15 (N4). ネルチュガン河", "call_short": "G7270 S100 .J36", "call_num": "G7270 S100 .J36 W8N12-15 N", "recid": "tb055nj7222", "websiteUrl": "https://purl.stanford.edu/tb055nj7222", "title": "西伯利十万分一圖 / ネルチンスク以北幹線圖", "ckey": 12344846, "available": true, "iiifUrl": "https://purl.stanford.edu/tb055nj7222/iiif/manifest" }, "geometry": { "type": "Polygon", "coordinates": [ [ [ 116.0, 53.3333336 ], [ 116.5, 53.3333336 ], [ 116.5, 53.6666669 ], [ 116.0, 53.6666669 ], [ 116.0, 53.3333336 ] ] ] } },
{ "type": "Feature", "properties": { "Id": 0, "Sheet_ID": "W8N12-14 (N5).  ネルチヤ河", "label": "W8N12-14 (N5).  ネルチヤ河", "call_short": "G7270 S100 .J36", "call_num": "G7270 S100 .J36 W8N12-14 N", "recid": "pb436sz5365", "websiteUrl": "https://purl.stanford.edu/pb436sz5365", "title": "西伯利十万分一圖 / ネルチンスク以北幹線圖", "ckey": 12344846, "available": true, "iiifUrl": "https://purl.stanford.edu/pb436sz5365/iiif/manifest" }, "geometry": { "type": "Polygon", "coordinates": [ [ [ 116.0, 53.6666669 ], [ 116.5, 53.6666669 ], [ 116.5, 54.0000002 ], [ 116.0, 54.0000002 ], [ 116.0, 53.6666669 ] ] ] } },
{ "type": "Feature", "properties": { "Id": 0, "Sheet_ID": "W8N12-23 (N8). ビレヤ河西部", "label": "W8N12-23 (N8). ビレヤ河西部", "call_short": "G7270 S100 .J36", "call_num": "G7270 S100 .J36 W8N12-23 N", "recid": "yf033pb3928", "websiteUrl": "https://purl.stanford.edu/yf033pb3928", "title": "西伯利十万分一圖 / ネルチンスク以北幹線圖", "ckey": 12344846, "available": true, "iiifUrl": "https://purl.stanford.edu/yf033pb3928/iiif/manifest" }, "geometry": { "type": "Polygon", "coordinates": [ [ [ 115.0, 54.0000002 ], [ 115.5, 54.0000002 ], [ 115.5, 54.3333335 ], [ 115.0, 54.3333335 ], [ 115.0, 54.0000002 ] ] ] } },
{ "type": "Feature", "properties": { "Id": 0, "Sheet_ID": "W8N12-18 (N7). ビレヤ河", "label": "W8N12-18 (N7). ビレヤ河", "call_short": "G7270 S100 .J36", "call_num": "G7270 S100 .J36 W8N12-18 N", "recid": "wy287wd7192", "websiteUrl": "https://purl.stanford.edu/wy287wd7192", "title": "西伯利十万分一圖 / ネルチンスク以北幹線圖", "ckey": 12344846, "available": true, "iiifUrl": "https://purl.stanford.edu/wy287wd7192/iiif/manifest" }, "geometry": { "type": "Polygon", "coordinates": [ [ [ 115.5, 54.0000002 ], [ 116.0, 54.0000002 ], [ 116.0, 54.3333335 ], [ 115.5, 54.3333335 ], [ 115.5, 54.0000002 ] ] ] } },
{ "type": "Feature", "properties": { "Id": 0, "Sheet_ID": "W8N12-13 (N6). ドジヤグダカイ河", "label": "W8N12-13 (N6). ドジヤグダカイ河", "call_short": "G7270 S100 .J36", "call_num": "G7270 S100 .J36 W8N12-13 N", "recid": "kn115pb5114", "websiteUrl": "https://purl.stanford.edu/kn115pb5114", "title": "西伯利十万分一圖 / ネルチンスク以北幹線圖", "ckey": 12344846, "available": true, "iiifUrl": "https://purl.stanford.edu/kn115pb5114/iiif/manifest" }, "geometry": { "type": "Polygon", "coordinates": [ [ [ 116.0, 54.0000002 ], [ 116.5, 54.0000002 ], [ 116.5, 54.3333335 ], [ 116.0, 54.3333335 ], [ 116.0, 54.0000002 ] ] ] } },
{ "type": "Feature", "properties": { "Id": 0, "Sheet_ID": "W9N12-7 (N11). カワクタ河", "label": "W9N12-7 (N11). カワクタ河", "call_short": "G7270 S100 .J36", "call_num": "G7270 S100 .J36 W9N12-7N", "recid": "kc520qv2480", "websiteUrl": "https://purl.stanford.edu/kc520qv2480", "title": "西伯利十万分一圖 / ネルチンスク以北幹線圖", "ckey": 12344846, "available": true, "iiifUrl": "https://purl.stanford.edu/kc520qv2480/iiif/manifest" }, "geometry": { "type": "Polygon", "coordinates": [ [ [ 114.0, 54.3333335 ], [ 114.5, 54.3333335 ], [ 114.5, 54.6666668 ], [ 114.0, 54.6666668 ], [ 114.0, 54.3333335 ] ] ] } },
{ "type": "Feature", "properties": { "Id": 0, "Sheet_ID": "W9N12-2 (N10). ブガリクタ河西部", "label": "W9N12-2 (N10). ブガリクタ河西部", "call_short": "G7270 S100 .J36", "call_num": "G7270 S100 .J36 W9N12-2N", "recid": "bm201dk4214", "websiteUrl": "https://purl.stanford.edu/bm201dk4214", "title": "西伯利十万分一圖 / ネルチンスク以北幹線圖", "ckey": 12344846, "available": true, "iiifUrl": "https://purl.stanford.edu/bm201dk4214/iiif/manifest" }, "geometry": { "type": "Polygon", "coordinates": [ [ [ 114.5, 54.3333335 ], [ 115.0, 54.3333335 ], [ 115.0, 54.6666668 ], [ 114.5, 54.6666668 ], [ 114.5, 54.3333335 ] ] ] } },
{ "type": "Feature", "properties": { "Id": 0, "Sheet_ID": "W8N12-22 (N9). ブガリクタ河", "label": "W8N12-22 (N9). ブガリクタ河", "call_short": "G7270 S100 .J36", "call_num": "G7270 S100 .J36 W8N12-22 N", "recid": "ks121vb4486", "websiteUrl": "https://purl.stanford.edu/ks121vb4486", "title": "西伯利十万分一圖 / ネルチンスク以北幹線圖", "ckey": 12344846, "available": true, "iiifUrl": "https://purl.stanford.edu/ks121vb4486/iiif/manifest" }, "geometry": { "type": "Polygon", "coordinates": [ [ [ 115.0, 54.3333335 ], [ 115.5, 54.3333335 ], [ 115.5, 54.6666668 ], [ 115.0, 54.6666668 ], [ 115.0, 54.3333335 ] ] ] } },
{ "type": "Feature", "properties": { "Id": 0, "Sheet_ID": "W9N12-6 (N12). オモラ河", "label": "W9N12-6 (N12). オモラ河", "call_short": "G7270 S100 .J36", "call_num": "G7270 S100 .J36 W9N12-6N", "recid": "xc398ms6548", "websiteUrl": "https://purl.stanford.edu/xc398ms6548", "title": "西伯利十万分一圖 / ネルチンスク以北幹線圖", "ckey": 12344846, "available": true, "iiifUrl": "https://purl.stanford.edu/xc398ms6548/iiif/manifest" }, "geometry": { "type": "Polygon", "coordinates": [ [ [ 114.0, 54.6666668 ], [ 114.5, 54.6666668 ], [ 114.5, 55.0000002 ], [ 114.0, 55.0000002 ], [ 114.0, 54.6666668 ] ] ] } },
{ "type": "Feature", "properties": { "Id": 0, "Sheet_ID": "W9N13-10 (N13). パースカ河南部", "label": "W9N13-10 (N13). パースカ河南部", "call_short": "G7270 S100 .J36", "call_num": "G7270 S100 .J36 W9N13-10N", "recid": "dd095vp8085", "websiteUrl": "https://purl.stanford.edu/dd095vp8085", "title": "西伯利十万分一圖 / ネルチンスク以北幹線圖", "ckey": 12344846, "available": true, "iiifUrl": "https://purl.stanford.edu/dd095vp8085/iiif/manifest" }, "geometry": { "type": "Polygon", "coordinates": [ [ [ 114.0, 55.0000002 ], [ 114.5, 55.0000002 ], [ 114.5, 55.3333335 ], [ 114.0, 55.3333335 ], [ 114.0, 55.0000002 ] ] ] } },
{ "type": "Feature", "properties": { "Id": 0, "Sheet_ID": "W9N13-19 (N16). ウイラキンダ河", "label": "W9N13-19 (N16). ウイラキンダ河", "call_short": "G7270 S100 .J36", "call_num": "G7270 S100 .J36 W9N13-19N", "recid": "vd324cz5448", "websiteUrl": "https://purl.stanford.edu/vd324cz5448", "title": "西伯利十万分一圖 / ネルチンスク以北幹線圖", "ckey": 12344846, "available": true, "iiifUrl": "https://purl.stanford.edu/vd324cz5448/iiif/manifest" }, "geometry": { "type": "Polygon", "coordinates": [ [ [ 113.0, 55.3333335 ], [ 113.5, 55.3333335 ], [ 113.5, 55.6666668 ], [ 113.0, 55.6666668 ], [ 113.0, 55.3333335 ] ] ] } },
{ "type": "Feature", "properties": { "Id": 0, "Sheet_ID": "W9N13-14 (N15). トウリドウニ河", "label": "W9N13-14 (N15). トウリドウニ河", "call_short": "G7270 S100 .J36", "call_num": "G7270 S100 .J36 W9N13-14N", "recid": "dg299vh3007", "websiteUrl": "https://purl.stanford.edu/dg299vh3007", "title": "西伯利十万分一圖 / ネルチンスク以北幹線圖", "ckey": 12344846, "available": true, "iiifUrl": "https://purl.stanford.edu/dg299vh3007/iiif/manifest" }, "geometry": { "type": "Polygon", "coordinates": [ [ [ 113.5, 55.3333335 ], [ 114.0, 55.3333335 ], [ 114.0, 55.6666668 ], [ 113.5, 55.6666668 ], [ 113.5, 55.3333335 ] ] ] } },
{ "type": "Feature", "properties": { "Id": 0, "Sheet_ID": "W9N13-9 (N14). パースカ河", "label": "W9N13-9 (N14). パースカ河", "call_short": "G7270 S100 .J36", "call_num": "G7270 S100 .J36 W9N13-9N", "recid": "zd475wf7272", "websiteUrl": "https://purl.stanford.edu/zd475wf7272", "title": "西伯利十万分一圖 / ネルチンスク以北幹線圖", "ckey": 12344846, "available": true, "iiifUrl": "https://purl.stanford.edu/zd475wf7272/iiif/manifest" }, "geometry": { "type": "Polygon", "coordinates": [ [ [ 114.0, 55.3333335 ], [ 114.5, 55.3333335 ], [ 114.5, 55.6666668 ], [ 114.0, 55.6666668 ], [ 114.0, 55.3333335 ] ] ] } },
{ "type": "Feature", "properties": { "Id": 0, "Sheet_ID": "W9N13-18 (N17). ムウヤ河", "label": "W9N13-18 (N17). ムウヤ河", "call_short": "0", "call_num": "0", "recid": "0", "websiteUrl": "0", "title": "0", "ckey": 0, "available": false, "iiifUrl": "0" }, "geometry": { "type": "Polygon", "coordinates": [ [ [ 113.0, 55.6666668 ], [ 113.5, 55.6666668 ], [ 113.5, 56.0000001 ], [ 113.0, 56.0000001 ], [ 113.0, 55.6666668 ] ] ] } },
{ "type": "Feature", "properties": { "Id": 0, "Sheet_ID": "W9N13-22 (N19).  パラマ河", "label": "W9N13-22 (N19).  パラマ河", "call_short": "G7270 S100 .J36", "call_num": "G7270 S100 .J36 W9N13-22N", "recid": "jn164kr8739", "websiteUrl": "https://purl.stanford.edu/jn164kr8739", "title": "西伯利十万分一圖 / ネルチンスク以北幹線圖", "ckey": 12344846, "available": true, "iiifUrl": "https://purl.stanford.edu/jn164kr8739/iiif/manifest" }, "geometry": { "type": "Polygon", "coordinates": [ [ [ 112.5, 56.0000001 ], [ 113.0, 56.0000001 ], [ 113.0, 56.3333334 ], [ 112.5, 56.3333334 ], [ 112.5, 56.0000001 ] ] ] } },
{ "type": "Feature", "properties": { "Id": 0, "Sheet_ID": "W9N13-17 (N18). ムウヤ河北部", "label": "W9N13-17 (N18). ムウヤ河北部", "call_short": "G7270 S100 .J36", "call_num": "G7270 S100 .J36 W9N13-17N", "recid": "mq143vg6109", "websiteUrl": "https://purl.stanford.edu/mq143vg6109", "title": "西伯利十万分一圖 / ネルチンスク以北幹線圖", "ckey": 12344846, "available": true, "iiifUrl": "https://purl.stanford.edu/mq143vg6109/iiif/manifest" }, "geometry": { "type": "Polygon", "coordinates": [ [ [ 113.0, 56.0000001 ], [ 113.5, 56.0000001 ], [ 113.5, 56.3333334 ], [ 113.0, 56.3333334 ], [ 113.0, 56.0000001 ] ] ] } },
{ "type": "Feature", "properties": { "Id": 0, "Sheet_ID": "W10N13-1 (N20). ビチム河南部", "label": "W10N13-1 (N20). ビチム河南部", "call_short": "G7270 S100 .J36", "call_num": "G7270 S100 .J36 W10N13-1N", "recid": "rj586zm3564", "websiteUrl": "https://purl.stanford.edu/rj586zm3564", "title": "西伯利十万分一圖 / ネルチンスク以北幹線圖", "ckey": 12344846, "available": true, "iiifUrl": "https://purl.stanford.edu/rj586zm3564/iiif/manifest" }, "geometry": { "type": "Polygon", "coordinates": [ [ [ 112.0, 56.3333334 ], [ 112.5, 56.3333334 ], [ 112.5, 56.6666667 ], [ 112.0, 56.6666667 ], [ 112.0, 56.3333334 ] ] ] } },
{ "type": "Feature", "properties": { "Id": 0, "Sheet_ID": "W10N14-5 (N21). ビチム河", "label": "W10N14-5 (N21). ビチム河", "call_short": "G7270 S100 .J36", "call_num": "G7270 S100 .J36 W10N14-5N", "recid": "xt702cr7173", "websiteUrl": "https://purl.stanford.edu/xt702cr7173", "title": "西伯利十万分一圖 / ネルチンスク以北幹線圖", "ckey": 12344846, "available": true, "iiifUrl": "https://purl.stanford.edu/xt702cr7173/iiif/manifest" }, "geometry": { "type": "Polygon", "coordinates": [ [ [ 112.0, 56.6666667 ], [ 112.5, 56.6666667 ], [ 112.5, 57.0 ], [ 112.0, 57.0 ], [ 112.0, 56.6666667 ] ] ] } },
{ "type": "Feature", "properties": { "Id": 0, "Sheet_ID": "W10N9-23. バリヂーカンスキー", "label": "W10N9-23. バリヂーカンスキー", "call_short": "0", "call_num": "0", "recid": "0", "websiteUrl": "0", "title": "0", "ckey": 0, "available": false, "iiifUrl": "0" }, "geometry": { "type": "Polygon", "coordinates": [ [ [ 110.0, 48.9999997 ], [ 110.5, 48.9999997 ], [ 110.5, 49.333333 ], [ 110.0, 49.333333 ], [ 110.0, 48.9999997 ] ] ] } },
{ "type": "Feature", "properties": { "Id": 0, "Sheet_ID": "W10N9-18. ジェルナコフカ谷", "label": "W10N9-18. ジェルナコフカ谷", "call_short": "0", "call_num": "0", "recid": "0", "websiteUrl": "0", "title": "0", "ckey": 0, "available": false, "iiifUrl": "0" }, "geometry": { "type": "Polygon", "coordinates": [ [ [ 110.5, 48.9999997 ], [ 111.0, 48.9999997 ], [ 111.0, 49.333333 ], [ 110.5, 49.333333 ], [ 110.5, 48.9999997 ] ] ] } },
{ "type": "Feature", "properties": { "Id": 0, "Sheet_ID": "W10N9-13. キルクンスキー", "label": "W10N9-13. キルクンスキー", "call_short": "G7270 S100 .J36", "call_num": "G7270 S100 .J36 W10N9-13", "recid": "fz663fb2376", "websiteUrl": "https://purl.stanford.edu/fz663fb2376", "title": "西伯利十万分一圖", "ckey": 12344846, "available": true, "iiifUrl": "https://purl.stanford.edu/fz663fb2376/iiif/manifest" }, "geometry": { "type": "Polygon", "coordinates": [ [ [ 111.0, 48.9999997 ], [ 111.5, 48.9999997 ], [ 111.5, 49.333333 ], [ 111.0, 49.333333 ], [ 111.0, 48.9999997 ] ] ] } },
{ "type": "Feature", "properties": { "Id": 0, "Sheet_ID": "W10N9-17. マルガルツォン山", "label": "W10N9-17. マルガルツォン山", "call_short": "0", "call_num": "0", "recid": "0", "websiteUrl": "0", "title": "0", "ckey": 0, "available": false, "iiifUrl": "0" }, "geometry": { "type": "Polygon", "coordinates": [ [ [ 110.5, 49.333333 ], [ 111.0, 49.333333 ], [ 111.0, 49.6666663 ], [ 110.5, 49.6666663 ], [ 110.5, 49.333333 ] ] ] } },
{ "type": "Feature", "properties": { "Id": 0, "Sheet_ID": "W10N9-12. ブククゥン", "label": "W10N9-12. ブククゥン", "call_short": "0", "call_num": "0", "recid": "0", "websiteUrl": "0", "title": "0", "ckey": 0, "available": false, "iiifUrl": "0" }, "geometry": { "type": "Polygon", "coordinates": [ [ [ 111.0, 49.333333 ], [ 111.5, 49.333333 ], [ 111.5, 49.6666663 ], [ 111.0, 49.6666663 ], [ 111.0, 49.333333 ] ] ] } },
{ "type": "Feature", "properties": { "Id": 0, "Sheet_ID": "W10N9-7. クィラ", "label": "W10N9-7. クィラ", "call_short": "0", "call_num": "0", "recid": "0", "websiteUrl": "0", "title": "0", "ckey": 0, "available": false, "iiifUrl": "0" }, "geometry": { "type": "Polygon", "coordinates": [ [ [ 111.5, 49.333333 ], [ 112.0, 49.333333 ], [ 112.0, 49.6666663 ], [ 111.5, 49.6666663 ], [ 111.5, 49.333333 ] ] ] } },
{ "type": "Feature", "properties": { "Id": 0, "Sheet_ID": "W10N9-2. ツィンスキー", "label": "W10N9-2. ツィンスキー", "call_short": "0", "call_num": "0", "recid": "0", "websiteUrl": "0", "title": "0", "ckey": 0, "available": false, "iiifUrl": "0" }, "geometry": { "type": "Polygon", "coordinates": [ [ [ 112.0, 49.333333 ], [ 112.5, 49.333333 ], [ 112.5, 49.6666663 ], [ 112.0, 49.6666663 ], [ 112.0, 49.333333 ] ] ] } },
{ "type": "Feature", "properties": { "Id": 0, "Sheet_ID": "W10N9-11. ツォーホンド山", "label": "W10N9-11. ツォーホンド山", "call_short": "0", "call_num": "0", "recid": "0", "websiteUrl": "0", "title": "0", "ckey": 0, "available": false, "iiifUrl": "0" }, "geometry": { "type": "Polygon", "coordinates": [ [ [ 111.0, 49.6666663 ], [ 111.5, 49.6666663 ], [ 111.5, 49.9999997 ], [ 111.0, 49.9999997 ], [ 111.0, 49.6666663 ] ] ] } },
{ "type": "Feature", "properties": { "Id": 0, "Sheet_ID": "W10N10-25. シレタ山", "label": "W10N10-25. シレタ山", "call_short": "0", "call_num": "0", "recid": "0", "websiteUrl": "0", "title": "0", "ckey": 0, "available": false, "iiifUrl": "0" }, "geometry": { "type": "Polygon", "coordinates": [ [ [ 110.0, 49.9999997 ], [ 110.5, 49.9999997 ], [ 110.5, 50.333333 ], [ 110.0, 50.333333 ], [ 110.0, 49.9999997 ] ] ] } },
{ "type": "Feature", "properties": { "Id": 0, "Sheet_ID": "W10N10-20. ピャーツィフ農舎", "label": "W10N10-20. ピャーツィフ農舎", "call_short": "0", "call_num": "0", "recid": "0", "websiteUrl": "0", "title": "0", "ckey": 0, "available": false, "iiifUrl": "0" }, "geometry": { "type": "Polygon", "coordinates": [ [ [ 110.5, 49.9999997 ], [ 111.0, 49.9999997 ], [ 111.0, 50.333333 ], [ 110.5, 50.333333 ], [ 110.5, 49.9999997 ] ] ] } },
{ "type": "Feature", "properties": { "Id": 0, "Sheet_ID": "W10N10-15. インゴダ河上流", "label": "W10N10-15. インゴダ河上流", "call_short": "0", "call_num": "0", "recid": "0", "websiteUrl": "0", "title": "0", "ckey": 0, "available": false, "iiifUrl": "0" }, "geometry": { "type": "Polygon", "coordinates": [ [ [ 111.0, 49.9999997 ], [ 111.5, 49.9999997 ], [ 111.5, 50.333333 ], [ 111.0, 50.333333 ], [ 111.0, 49.9999997 ] ] ] } },
{ "type": "Feature", "properties": { "Id": 0, "Sheet_ID": "W10N10-24. チェレムホヴォ", "label": "W10N10-24. チェレムホヴォ", "call_short": "0", "call_num": "0", "recid": "0", "websiteUrl": "0", "title": "0", "ckey": 0, "available": false, "iiifUrl": "0" }, "geometry": { "type": "Polygon", "coordinates": [ [ [ 110.0, 50.333333 ], [ 110.5, 50.333333 ], [ 110.5, 50.6666663 ], [ 110.0, 50.6666663 ], [ 110.0, 50.333333 ] ] ] } },
{ "type": "Feature", "properties": { "Id": 0, "Sheet_ID": "W10N10-19. オプシフコワ", "label": "W10N10-19. オプシフコワ", "call_short": "0", "call_num": "0", "recid": "0", "websiteUrl": "0", "title": "0", "ckey": 0, "available": false, "iiifUrl": "0" }, "geometry": { "type": "Polygon", "coordinates": [ [ [ 110.5, 50.333333 ], [ 111.0, 50.333333 ], [ 111.0, 50.6666663 ], [ 110.5, 50.6666663 ], [ 110.5, 50.333333 ] ] ] } },
{ "type": "Feature", "properties": { "Id": 0, "Sheet_ID": "W10N10-4. ドローシャ", "label": "W10N10-4. ドローシャ", "call_short": "0", "call_num": "0", "recid": "0", "websiteUrl": "0", "title": "0", "ckey": 0, "available": false, "iiifUrl": "0" }, "geometry": { "type": "Polygon", "coordinates": [ [ [ 112.0, 50.333333 ], [ 112.5, 50.333333 ], [ 112.5, 50.6666663 ], [ 112.0, 50.6666663 ], [ 112.0, 50.333333 ] ] ] } },
{ "type": "Feature", "properties": { "Id": 0, "Sheet_ID": "W10N10-18. シャラクール", "label": "W10N10-18. シャラクール", "call_short": "0", "call_num": "0", "recid": "0", "websiteUrl": "0", "title": "0", "ckey": 0, "available": false, "iiifUrl": "0" }, "geometry": { "type": "Polygon", "coordinates": [ [ [ 110.5, 50.6666663 ], [ 111.0, 50.6666663 ], [ 111.0, 50.9999997 ], [ 110.5, 50.9999997 ], [ 110.5, 50.6666663 ] ] ] } },
{ "type": "Feature", "properties": { "Id": 0, "Sheet_ID": "W10N10-3. ダロニンスカ南部", "label": "W10N10-3. ダロニンスカ南部", "call_short": "0", "call_num": "0", "recid": "0", "websiteUrl": "0", "title": "0", "ckey": 0, "available": false, "iiifUrl": "0" }, "geometry": { "type": "Polygon", "coordinates": [ [ [ 112.0, 50.6666663 ], [ 112.5, 50.6666663 ], [ 112.5, 50.9999997 ], [ 112.0, 50.9999997 ], [ 112.0, 50.6666663 ] ] ] } },
{ "type": "Feature", "properties": { "Id": 0, "Sheet_ID": "W10N10-22. ブルトゥイ山", "label": "W10N10-22. ブルトゥイ山", "call_short": "0", "call_num": "0", "recid": "0", "websiteUrl": "0", "title": "0", "ckey": 0, "available": false, "iiifUrl": "0" }, "geometry": { "type": "Polygon", "coordinates": [ [ [ 110.0, 50.9999997 ], [ 110.5, 50.9999997 ], [ 110.5, 51.333333 ], [ 110.0, 51.333333 ], [ 110.0, 50.9999997 ] ] ] } },
{ "type": "Feature", "properties": { "Id": 0, "Sheet_ID": "W10N10-7. ニコラエフカ", "label": "W10N10-7. ニコラエフカ", "call_short": "0", "call_num": "0", "recid": "0", "websiteUrl": "0", "title": "0", "ckey": 0, "available": false, "iiifUrl": "0" }, "geometry": { "type": "Polygon", "coordinates": [ [ [ 111.5, 50.9999997 ], [ 112.0, 50.9999997 ], [ 112.0, 51.333333 ], [ 111.5, 51.333333 ], [ 111.5, 50.9999997 ] ] ] } },
{ "type": "Feature", "properties": { "Id": 0, "Sheet_ID": "W10N10-2. ダロニンスカ", "label": "W10N10-2. ダロニンスカ", "call_short": "0", "call_num": "0", "recid": "0", "websiteUrl": "0", "title": "0", "ckey": 0, "available": false, "iiifUrl": "0" }, "geometry": { "type": "Polygon", "coordinates": [ [ [ 112.0, 50.9999997 ], [ 112.5, 50.9999997 ], [ 112.5, 51.333333 ], [ 112.0, 51.333333 ], [ 112.0, 50.9999997 ] ] ] } },
{ "type": "Feature", "properties": { "Id": 0, "Sheet_ID": "W10N10-21. ヒローク", "label": "W10N10-21. ヒローク", "call_short": "0", "call_num": "0", "recid": "0", "websiteUrl": "0", "title": "0", "ckey": 0, "available": false, "iiifUrl": "0" }, "geometry": { "type": "Polygon", "coordinates": [ [ [ 110.0, 51.333333 ], [ 110.5, 51.333333 ], [ 110.5, 51.6666663 ], [ 110.0, 51.6666663 ], [ 110.0, 51.333333 ] ] ] } },
{ "type": "Feature", "properties": { "Id": 0, "Sheet_ID": "W10N10-16. フゥシェンガ", "label": "W10N10-16. フゥシェンガ", "call_short": "0", "call_num": "0", "recid": "0", "websiteUrl": "0", "title": "0", "ckey": 0, "available": false, "iiifUrl": "0" }, "geometry": { "type": "Polygon", "coordinates": [ [ [ 110.5, 51.333333 ], [ 111.0, 51.333333 ], [ 111.0, 51.6666663 ], [ 110.5, 51.6666663 ], [ 110.5, 51.333333 ] ] ] } },
{ "type": "Feature", "properties": { "Id": 0, "Sheet_ID": "W10N10-6. ジェプシェギン", "label": "W10N10-6. ジェプシェギン", "call_short": "0", "call_num": "0", "recid": "0", "websiteUrl": "0", "title": "0", "ckey": 0, "available": false, "iiifUrl": "0" }, "geometry": { "type": "Polygon", "coordinates": [ [ [ 111.5, 51.333333 ], [ 112.0, 51.333333 ], [ 112.0, 51.6666663 ], [ 111.5, 51.6666663 ], [ 111.5, 51.333333 ] ] ] } },
{ "type": "Feature", "properties": { "Id": 0, "Sheet_ID": "W10N10-1. ウレトィ", "label": "W10N10-1. ウレトィ", "call_short": "G7270 S100 .J36", "call_num": "G7270 S100 .J36 W10N10-1", "recid": "pc588yv8040", "websiteUrl": "https://purl.stanford.edu/pc588yv8040", "title": "西伯利十万分一圖", "ckey": 12344846, "available": true, "iiifUrl": "https://purl.stanford.edu/pc588yv8040/iiif/manifest" }, "geometry": { "type": "Polygon", "coordinates": [ [ [ 112.0, 51.333333 ], [ 112.5, 51.333333 ], [ 112.5, 51.6666663 ], [ 112.0, 51.6666663 ], [ 112.0, 51.333333 ] ] ] } },
{ "type": "Feature", "properties": { "Id": 0, "Sheet_ID": "W10N11-25. トゥロスカイ", "label": "W10N11-25. トゥロスカイ", "call_short": "G7270 S100 .J36", "call_num": "G7270 S100 .J36 W10N11-25", "recid": "vh017nt2838", "websiteUrl": "https://purl.stanford.edu/vh017nt2838", "title": "西伯利十万分一圖", "ckey": 12344846, "available": true, "iiifUrl": "https://purl.stanford.edu/vh017nt2838/iiif/manifest" }, "geometry": { "type": "Polygon", "coordinates": [ [ [ 110.0, 51.6666663 ], [ 110.5, 51.6666663 ], [ 110.5, 51.9999997 ], [ 110.0, 51.9999997 ], [ 110.0, 51.6666663 ] ] ] } },
{ "type": "Feature", "properties": { "Id": 0, "Sheet_ID": "W10N11-20. ダツァン・チェサンスキー", "label": "W10N11-20. ダツァン・チェサンスキー", "call_short": "G7270 S100 .J36", "call_num": "G7270 S100 .J36 W10N11-20", "recid": "yy285zy3026", "websiteUrl": "https://purl.stanford.edu/yy285zy3026", "title": "西伯利十万分一圖", "ckey": 12344846, "available": true, "iiifUrl": "https://purl.stanford.edu/yy285zy3026/iiif/manifest" }, "geometry": { "type": "Polygon", "coordinates": [ [ [ 110.5, 51.6666663 ], [ 111.0, 51.6666663 ], [ 111.0, 51.9999997 ], [ 110.5, 51.9999997 ], [ 110.5, 51.6666663 ] ] ] } },
{ "type": "Feature", "properties": { "Id": 0, "Sheet_ID": "W10N11-15. タイドゥシ河", "label": "W10N11-15. タイドゥシ河", "call_short": "G7270 S100 .J36", "call_num": "G7270 S100 .J36 W10N11-15", "recid": "px553dz2188", "websiteUrl": "https://purl.stanford.edu/px553dz2188", "title": "西伯利十万分一圖", "ckey": 12344846, "available": true, "iiifUrl": "https://purl.stanford.edu/px553dz2188/iiif/manifest" }, "geometry": { "type": "Polygon", "coordinates": [ [ [ 111.0, 51.6666663 ], [ 111.5, 51.6666663 ], [ 111.5, 51.9999997 ], [ 111.0, 51.9999997 ], [ 111.0, 51.6666663 ] ] ] } },
{ "type": "Feature", "properties": { "Id": 0, "Sheet_ID": "W10N11-10. モグゾン", "label": "W10N11-10. モグゾン", "call_short": "G7270 S100 .J36", "call_num": "G7270 S100 .J36 W10N11-10", "recid": "vt393bf2365", "websiteUrl": "https://purl.stanford.edu/vt393bf2365", "title": "西伯利十万分一圖", "ckey": 12344846, "available": true, "iiifUrl": "https://purl.stanford.edu/vt393bf2365/iiif/manifest" }, "geometry": { "type": "Polygon", "coordinates": [ [ [ 111.5, 51.6666663 ], [ 112.0, 51.6666663 ], [ 112.0, 51.9999997 ], [ 111.5, 51.9999997 ], [ 111.5, 51.6666663 ] ] ] } },
{ "type": "Feature", "properties": { "Id": 0, "Sheet_ID": "W10N11-5. ガンドトィ", "label": "W10N11-5. ガンドトィ", "call_short": "G7270 S100 .J36", "call_num": "G7270 S100 .J36 W10N11-5", "recid": "cd640hj5871", "websiteUrl": "https://purl.stanford.edu/cd640hj5871", "title": "西伯利十万分一圖", "ckey": 12344846, "available": true, "iiifUrl": "https://purl.stanford.edu/cd640hj5871/iiif/manifest" }, "geometry": { "type": "Polygon", "coordinates": [ [ [ 112.0, 51.6666663 ], [ 112.5, 51.6666663 ], [ 112.5, 51.9999997 ], [ 112.0, 51.9999997 ], [ 112.0, 51.6666663 ] ] ] } },
{ "type": "Feature", "properties": { "Id": 0, "Sheet_ID": "W10N11-24. オニノボルスク", "label": "W10N11-24. オニノボルスク", "call_short": "0", "call_num": "0", "recid": "0", "websiteUrl": "0", "title": "0", "ckey": 0, "available": false, "iiifUrl": "0" }, "geometry": { "type": "Polygon", "coordinates": [ [ [ 110.0, 51.9999997 ], [ 110.5, 51.9999997 ], [ 110.5, 52.333333 ], [ 110.0, 52.333333 ], [ 110.0, 51.9999997 ] ] ] } },
{ "type": "Feature", "properties": { "Id": 0, "Sheet_ID": "W10N11-19. バルン・ウリドゥルガ", "label": "W10N11-19. バルン・ウリドゥルガ", "call_short": "G7270 S100 .J36", "call_num": "G7270 S100 .J36 W10N11-19", "recid": "qg000cs8070", "websiteUrl": "https://purl.stanford.edu/qg000cs8070", "title": "西伯利十万分一圖", "ckey": 12344846, "available": true, "iiifUrl": "https://purl.stanford.edu/qg000cs8070/iiif/manifest" }, "geometry": { "type": "Polygon", "coordinates": [ [ [ 110.5, 51.9999997 ], [ 111.0, 51.9999997 ], [ 111.0, 52.333333 ], [ 110.5, 52.333333 ], [ 110.5, 51.9999997 ] ] ] } },
{ "type": "Feature", "properties": { "Id": 0, "Sheet_ID": "W10N11-14. フリキンソン", "label": "W10N11-14. フリキンソン", "call_short": "G7270 S100 .J36", "call_num": "G7270 S100 .J36 W10N11-14", "recid": "kr383ty9242", "websiteUrl": "https://purl.stanford.edu/kr383ty9242", "title": "西伯利十万分一圖", "ckey": 12344846, "available": true, "iiifUrl": "https://purl.stanford.edu/kr383ty9242/iiif/manifest" }, "geometry": { "type": "Polygon", "coordinates": [ [ [ 111.0, 51.9999997 ], [ 111.5, 51.9999997 ], [ 111.5, 52.333333 ], [ 111.0, 52.333333 ], [ 111.0, 51.9999997 ] ] ] } },
{ "type": "Feature", "properties": { "Id": 0, "Sheet_ID": "W10N11-9. ズィムカ", "label": "W10N11-9. ズィムカ", "call_short": "G7270 S100 .J36", "call_num": "G7270 S100 .J36 W10N11-9", "recid": "nb402st2945", "websiteUrl": "https://purl.stanford.edu/nb402st2945", "title": "西伯利十万分一圖", "ckey": 12344846, "available": true, "iiifUrl": "https://purl.stanford.edu/nb402st2945/iiif/manifest" }, "geometry": { "type": "Polygon", "coordinates": [ [ [ 111.5, 51.9999997 ], [ 112.0, 51.9999997 ], [ 112.0, 52.333333 ], [ 111.5, 52.333333 ], [ 111.5, 51.9999997 ] ] ] } },
{ "type": "Feature", "properties": { "Id": 0, "Sheet_ID": "W10N11-4. ヴェルシノ・コンヂンスカヤ", "label": "W10N11-4. ヴェルシノ・コンヂンスカヤ", "call_short": "G7270 S100 .J36", "call_num": "G7270 S100 .J36 W10N11-4", "recid": "jh394ff7965", "websiteUrl": "https://purl.stanford.edu/jh394ff7965", "title": "西伯利十万分一圖", "ckey": 12344846, "available": true, "iiifUrl": "https://purl.stanford.edu/jh394ff7965/iiif/manifest" }, "geometry": { "type": "Polygon", "coordinates": [ [ [ 112.0, 51.9999997 ], [ 112.5, 51.9999997 ], [ 112.5, 52.333333 ], [ 112.0, 52.333333 ], [ 112.0, 51.9999997 ] ] ] } },
{ "type": "Feature", "properties": { "Id": 0, "Sheet_ID": "W10N11-23. ブルゥン・アシァンガ", "label": "W10N11-23. ブルゥン・アシァンガ", "call_short": "G7270 S100 .J36", "call_num": "G7270 S100 .J36 W10N11-23", "recid": "kh266zk6640", "websiteUrl": "https://purl.stanford.edu/kh266zk6640", "title": "西伯利十万分一圖", "ckey": 12344846, "available": true, "iiifUrl": "https://purl.stanford.edu/kh266zk6640/iiif/manifest" }, "geometry": { "type": "Polygon", "coordinates": [ [ [ 110.0, 52.333333 ], [ 110.5, 52.333333 ], [ 110.5, 52.6666663 ], [ 110.0, 52.6666663 ], [ 110.0, 52.333333 ] ] ] } },
{ "type": "Feature", "properties": { "Id": 0, "Sheet_ID": "W10N11-18. ポペレチノエ", "label": "W10N11-18. ポペレチノエ", "call_short": "G7270 S100 .J36", "call_num": "G7270 S100 .J36 W10N11-18", "recid": "qq489pk4525", "websiteUrl": "https://purl.stanford.edu/qq489pk4525", "title": "西伯利十万分一圖", "ckey": 12344846, "available": true, "iiifUrl": "https://purl.stanford.edu/qq489pk4525/iiif/manifest" }, "geometry": { "type": "Polygon", "coordinates": [ [ [ 110.5, 52.333333 ], [ 111.0, 52.333333 ], [ 111.0, 52.6666663 ], [ 110.5, 52.6666663 ], [ 110.5, 52.333333 ] ] ] } },
{ "type": "Feature", "properties": { "Id": 0, "Sheet_ID": "W10N11-13. ウクィル", "label": "W10N11-13. ウクィル", "call_short": "G7270 S100 .J36", "call_num": "G7270 S100 .J36 W10N11-13", "recid": "qb842qj7543", "websiteUrl": "https://purl.stanford.edu/qb842qj7543", "title": "西伯利十万分一圖", "ckey": 12344846, "available": true, "iiifUrl": "https://purl.stanford.edu/qb842qj7543/iiif/manifest" }, "geometry": { "type": "Polygon", "coordinates": [ [ [ 111.0, 52.333333 ], [ 111.5, 52.333333 ], [ 111.5, 52.6666663 ], [ 111.0, 52.6666663 ], [ 111.0, 52.333333 ] ] ] } },
{ "type": "Feature", "properties": { "Id": 0, "Sheet_ID": "W10N11-8. スサノーヴォ・オーゼルスコエ", "label": "W10N11-8. スサノーヴォ・オーゼルスコエ", "call_short": "G7270 S100 .J36", "call_num": "G7270 S100 .J36 W10N11-8", "recid": "fx742gk2515", "websiteUrl": "https://purl.stanford.edu/fx742gk2515", "title": "西伯利十万分一圖", "ckey": 12344846, "available": true, "iiifUrl": "https://purl.stanford.edu/fx742gk2515/iiif/manifest" }, "geometry": { "type": "Polygon", "coordinates": [ [ [ 111.5, 52.333333 ], [ 112.0, 52.333333 ], [ 112.0, 52.6666663 ], [ 111.5, 52.6666663 ], [ 111.5, 52.333333 ] ] ] } },
{ "type": "Feature", "properties": { "Id": 0, "Sheet_ID": "W10N11-3. グリャズヌゥハ", "label": "W10N11-3. グリャズヌゥハ", "call_short": "G7270 S100 .J36", "call_num": "G7270 S100 .J36 W10N11-3", "recid": "yd143kw9792", "websiteUrl": "https://purl.stanford.edu/yd143kw9792", "title": "西伯利十万分一圖", "ckey": 12344846, "available": true, "iiifUrl": "https://purl.stanford.edu/yd143kw9792/iiif/manifest" }, "geometry": { "type": "Polygon", "coordinates": [ [ [ 112.0, 52.333333 ], [ 112.5, 52.333333 ], [ 112.5, 52.6666663 ], [ 112.0, 52.6666663 ], [ 112.0, 52.333333 ] ] ] } },
{ "type": "Feature", "properties": { "Id": 0, "Sheet_ID": "W10N11-17. ハラトロム", "label": "W10N11-17. ハラトロム", "call_short": "G7270 S100 .J36", "call_num": "G7270 S100 .J36 W10N11-17", "recid": "rm849jv4798", "websiteUrl": "https://purl.stanford.edu/rm849jv4798", "title": "西伯利十万分一圖", "ckey": 12344846, "available": true, "iiifUrl": "https://purl.stanford.edu/rm849jv4798/iiif/manifest" }, "geometry": { "type": "Polygon", "coordinates": [ [ [ 110.5, 52.6666663 ], [ 111.0, 52.6666663 ], [ 111.0, 52.9999997 ], [ 110.5, 52.9999997 ], [ 110.5, 52.6666663 ] ] ] } },
{ "type": "Feature", "properties": { "Id": 0, "Sheet_ID": "W10N11-12. トゥルドゥン", "label": "W10N11-12. トゥルドゥン", "call_short": "G7270 S100 .J36", "call_num": "G7270 S100 .J36 W10N11-12", "recid": "xz355ny6479", "websiteUrl": "https://purl.stanford.edu/xz355ny6479", "title": "西伯利十万分一圖", "ckey": 12344846, "available": true, "iiifUrl": "https://purl.stanford.edu/xz355ny6479/iiif/manifest" }, "geometry": { "type": "Polygon", "coordinates": [ [ [ 111.0, 52.6666663 ], [ 111.5, 52.6666663 ], [ 111.5, 52.9999997 ], [ 111.0, 52.9999997 ], [ 111.0, 52.6666663 ] ] ] } },
{ "type": "Feature", "properties": { "Id": 0, "Sheet_ID": "W10N11-7. グウンダ", "label": "W10N11-7. グウンダ", "call_short": "G7270 S100 .J36", "call_num": "G7270 S100 .J36 W10N11-7", "recid": "tv261ws5884", "websiteUrl": "https://purl.stanford.edu/tv261ws5884", "title": "西伯利十万分一圖", "ckey": 12344846, "available": true, "iiifUrl": "https://purl.stanford.edu/tv261ws5884/iiif/manifest" }, "geometry": { "type": "Polygon", "coordinates": [ [ [ 111.5, 52.6666663 ], [ 112.0, 52.6666663 ], [ 112.0, 52.9999997 ], [ 111.5, 52.9999997 ], [ 111.5, 52.6666663 ] ] ] } },
{ "type": "Feature", "properties": { "Id": 0, "Sheet_ID": "W10N11-2. ミハイロフスコエ", "label": "W10N11-2. ミハイロフスコエ", "call_short": "G7270 S100 .J36", "call_num": "G7270 S100 .J36 W10N11-2", "recid": "sq218jt3986", "websiteUrl": "https://purl.stanford.edu/sq218jt3986", "title": "西伯利十万分一圖", "ckey": 12344846, "available": true, "iiifUrl": "https://purl.stanford.edu/sq218jt3986/iiif/manifest" }, "geometry": { "type": "Polygon", "coordinates": [ [ [ 112.0, 52.6666663 ], [ 112.5, 52.6666663 ], [ 112.5, 52.9999997 ], [ 112.0, 52.9999997 ], [ 112.0, 52.6666663 ] ] ] } },
{ "type": "Feature", "properties": { "Id": 0, "Sheet_ID": "W10N11-21. ホルゥヌーカタ河", "label": "W10N11-21. ホルゥヌーカタ河", "call_short": "G7270 S100 .J36", "call_num": "G7270 S100 .J36 W10N11-21", "recid": "hp187zq2698", "websiteUrl": "https://purl.stanford.edu/hp187zq2698", "title": "西伯利十万分一圖", "ckey": 12344846, "available": true, "iiifUrl": "https://purl.stanford.edu/hp187zq2698/iiif/manifest" }, "geometry": { "type": "Polygon", "coordinates": [ [ [ 110.0, 52.9999997 ], [ 110.5, 52.9999997 ], [ 110.5, 53.333333 ], [ 110.0, 53.333333 ], [ 110.0, 52.9999997 ] ] ] } },
{ "type": "Feature", "properties": { "Id": 0, "Sheet_ID": "W10N11-16. ホルツャーク山", "label": "W10N11-16. ホルツャーク山", "call_short": "G7270 S100 .J36", "call_num": "G7270 S100 .J36 W10N11-16", "recid": "cw341gx1289", "websiteUrl": "https://purl.stanford.edu/cw341gx1289", "title": "西伯利十万分一圖", "ckey": 12344846, "available": true, "iiifUrl": "https://purl.stanford.edu/cw341gx1289/iiif/manifest" }, "geometry": { "type": "Polygon", "coordinates": [ [ [ 110.5, 52.9999997 ], [ 111.0, 52.9999997 ], [ 111.0, 53.333333 ], [ 110.5, 53.333333 ], [ 110.5, 52.9999997 ] ] ] } },
{ "type": "Feature", "properties": { "Id": 0, "Sheet_ID": "W10N11-11. ツールフィル", "label": "W10N11-11. ツールフィル", "call_short": "G7270 S100 .J36", "call_num": "G7270 S100 .J36 W10N11-11", "recid": "gz242kd7890", "websiteUrl": "https://purl.stanford.edu/gz242kd7890", "title": "西伯利十万分一圖", "ckey": 12344846, "available": true, "iiifUrl": "https://purl.stanford.edu/gz242kd7890/iiif/manifest" }, "geometry": { "type": "Polygon", "coordinates": [ [ [ 111.0, 52.9999997 ], [ 111.5, 52.9999997 ], [ 111.5, 53.333333 ], [ 111.0, 53.333333 ], [ 111.0, 52.9999997 ] ] ] } },
{ "type": "Feature", "properties": { "Id": 0, "Sheet_ID": "W10N11-6. ザザー河", "label": "W10N11-6. ザザー河", "call_short": "G7270 S100 .J36", "call_num": "G7270 S100 .J36 W10N11-6", "recid": "fx200ym7859", "websiteUrl": "https://purl.stanford.edu/fx200ym7859", "title": "西伯利十万分一圖", "ckey": 12344846, "available": true, "iiifUrl": "https://purl.stanford.edu/fx200ym7859/iiif/manifest" }, "geometry": { "type": "Polygon", "coordinates": [ [ [ 111.5, 52.9999997 ], [ 112.0, 52.9999997 ], [ 112.0, 53.333333 ], [ 111.5, 53.333333 ], [ 111.5, 52.9999997 ] ] ] } },
{ "type": "Feature", "properties": { "Id": 0, "Sheet_ID": "W10N11-1. フィヒー河", "label": "W10N11-1. フィヒー河", "call_short": "G7270 S100 .J36", "call_num": "G7270 S100 .J36 W10N11-1", "recid": "fq441zh8867", "websiteUrl": "https://purl.stanford.edu/fq441zh8867", "title": "西伯利十万分一圖", "ckey": 12344846, "available": true, "iiifUrl": "https://purl.stanford.edu/fq441zh8867/iiif/manifest" }, "geometry": { "type": "Polygon", "coordinates": [ [ [ 112.0, 52.9999997 ], [ 112.5, 52.9999997 ], [ 112.5, 53.333333 ], [ 112.0, 53.333333 ], [ 112.0, 52.9999997 ] ] ] } },
{ "type": "Feature", "properties": { "Id": 0, "Sheet_ID": "W10N12-25. クレースツィ", "label": "W10N12-25. クレースツィ", "call_short": "G7270 S100 .J36", "call_num": "G7270 S100 .J36 W10N12-25", "recid": "bj877qb8482", "websiteUrl": "https://purl.stanford.edu/bj877qb8482", "title": "西伯利十万分一圖", "ckey": 12344846, "available": true, "iiifUrl": "https://purl.stanford.edu/bj877qb8482/iiif/manifest" }, "geometry": { "type": "Polygon", "coordinates": [ [ [ 110.0, 53.333333 ], [ 110.5, 53.333333 ], [ 110.5, 53.6666663 ], [ 110.0, 53.6666663 ], [ 110.0, 53.333333 ] ] ] } },
{ "type": "Feature", "properties": { "Id": 0, "Sheet_ID": "W10N12-15. シォーウォキカン河", "label": "W10N12-15. シォーウォキカン河", "call_short": "G7270 S100 .J36", "call_num": "G7270 S100 .J36 W10N12-15", "recid": "xm443yj5720", "websiteUrl": "https://purl.stanford.edu/xm443yj5720", "title": "西伯利十万分一圖", "ckey": 12344846, "available": true, "iiifUrl": "https://purl.stanford.edu/xm443yj5720/iiif/manifest" }, "geometry": { "type": "Polygon", "coordinates": [ [ [ 111.0, 53.333333 ], [ 111.5, 53.333333 ], [ 111.5, 53.6666663 ], [ 111.0, 53.6666663 ], [ 111.0, 53.333333 ] ] ] } },
{ "type": "Feature", "properties": { "Id": 0, "Sheet_ID": "W10N12-10. サウォーヤ山", "label": "W10N12-10. サウォーヤ山", "call_short": "G7270 S100 .J36", "call_num": "G7270 S100 .J36 W10N12-10", "recid": "jw822nj5996", "websiteUrl": "https://purl.stanford.edu/jw822nj5996", "title": "西伯利十万分一圖", "ckey": 12344846, "available": true, "iiifUrl": "https://purl.stanford.edu/jw822nj5996/iiif/manifest" }, "geometry": { "type": "Polygon", "coordinates": [ [ [ 111.5, 53.333333 ], [ 112.0, 53.333333 ], [ 112.0, 53.6666663 ], [ 111.5, 53.6666663 ], [ 111.5, 53.333333 ] ] ] } },
{ "type": "Feature", "properties": { "Id": 0, "Sheet_ID": "W10N12-24. カラースン", "label": "W10N12-24. カラースン", "call_short": "G7270 S100 .J36", "call_num": "G7270 S100 .J36 W10N12-24", "recid": "wk871hw0246", "websiteUrl": "https://purl.stanford.edu/wk871hw0246", "title": "西伯利十万分一圖", "ckey": 12344846, "available": true, "iiifUrl": "https://purl.stanford.edu/wk871hw0246/iiif/manifest" }, "geometry": { "type": "Polygon", "coordinates": [ [ [ 110.0, 53.6666663 ], [ 110.5, 53.6666663 ], [ 110.5, 53.9999997 ], [ 110.0, 53.9999997 ], [ 110.0, 53.6666663 ] ] ] } },
{ "type": "Feature", "properties": { "Id": 0, "Sheet_ID": "W10N12-19. ヤススィ", "label": "W10N12-19. ヤススィ", "call_short": "G7270 S100 .J36", "call_num": "G7270 S100 .J36 W10N12-19", "recid": "hy759wj1120", "websiteUrl": "https://purl.stanford.edu/hy759wj1120", "title": "西伯利十万分一圖", "ckey": 12344846, "available": true, "iiifUrl": "https://purl.stanford.edu/hy759wj1120/iiif/manifest" }, "geometry": { "type": "Polygon", "coordinates": [ [ [ 110.5, 53.6666663 ], [ 111.0, 53.6666663 ], [ 111.0, 53.9999997 ], [ 110.5, 53.9999997 ], [ 110.5, 53.6666663 ] ] ] } },
{ "type": "Feature", "properties": { "Id": 0, "Sheet_ID": "W10N12-14. ソヅーンダ谷", "label": "W10N12-14. ソヅーンダ谷", "call_short": "G7270 S100 .J36", "call_num": "G7270 S100 .J36 W10N12-14", "recid": "vv914hy6609", "websiteUrl": "https://purl.stanford.edu/vv914hy6609", "title": "西伯利十万分一圖", "ckey": 12344846, "available": true, "iiifUrl": "https://purl.stanford.edu/vv914hy6609/iiif/manifest" }, "geometry": { "type": "Polygon", "coordinates": [ [ [ 111.0, 53.6666663 ], [ 111.5, 53.6666663 ], [ 111.5, 53.9999997 ], [ 111.0, 53.9999997 ], [ 111.0, 53.6666663 ] ] ] } },
{ "type": "Feature", "properties": { "Id": 0, "Sheet_ID": "W10N12-9. タルィーチ河", "label": "W10N12-9. タルィーチ河", "call_short": "G7270 S100 .J36", "call_num": "G7270 S100 .J36 W10N12-9", "recid": "dy896cs7674", "websiteUrl": "https://purl.stanford.edu/dy896cs7674", "title": "西伯利十万分一圖", "ckey": 12344846, "available": true, "iiifUrl": "https://purl.stanford.edu/dy896cs7674/iiif/manifest" }, "geometry": { "type": "Polygon", "coordinates": [ [ [ 111.5, 53.6666663 ], [ 112.0, 53.6666663 ], [ 112.0, 53.9999997 ], [ 111.5, 53.9999997 ], [ 111.5, 53.6666663 ] ] ] } },
{ "type": "Feature", "properties": { "Id": 0, "Sheet_ID": "W10N12-23. ガマタイ河", "label": "W10N12-23. ガマタイ河", "call_short": "G7270 S100 .J36", "call_num": "G7270 S100 .J36 W10N12-23", "recid": "mk885fw4585", "websiteUrl": "https://purl.stanford.edu/mk885fw4585", "title": "西伯利十万分一圖", "ckey": 12344846, "available": true, "iiifUrl": "https://purl.stanford.edu/mk885fw4585/iiif/manifest" }, "geometry": { "type": "Polygon", "coordinates": [ [ [ 110.0, 53.9999997 ], [ 110.5, 53.9999997 ], [ 110.5, 54.333333 ], [ 110.0, 54.333333 ], [ 110.0, 53.9999997 ] ] ] } },
{ "type": "Feature", "properties": { "Id": 0, "Sheet_ID": "W10N12-8. スパスキー坑", "label": "W10N12-8. スパスキー坑", "call_short": "G7270 S100 .J36", "call_num": "G7270 S100 .J36 W10N12-8", "recid": "jw770qy1216", "websiteUrl": "https://purl.stanford.edu/jw770qy1216", "title": "西伯利十万分一圖", "ckey": 12344846, "available": true, "iiifUrl": "https://purl.stanford.edu/jw770qy1216/iiif/manifest" }, "geometry": { "type": "Polygon", "coordinates": [ [ [ 111.5, 53.9999997 ], [ 112.0, 53.9999997 ], [ 112.0, 54.333333 ], [ 111.5, 54.333333 ], [ 111.5, 53.9999997 ] ] ] } },
{ "type": "Feature", "properties": { "Id": 0, "Sheet_ID": "W10N12-3. チリムスカヤ・ステープ", "label": "W10N12-3. チリムスカヤ・ステープ", "call_short": "G7270 S100 .J36", "call_num": "G7270 S100 .J36 W10N12-3", "recid": "yx444jh2968", "websiteUrl": "https://purl.stanford.edu/yx444jh2968", "title": "西伯利十万分一圖", "ckey": 12344846, "available": true, "iiifUrl": "https://purl.stanford.edu/yx444jh2968/iiif/manifest" }, "geometry": { "type": "Polygon", "coordinates": [ [ [ 112.0, 53.9999997 ], [ 112.5, 53.9999997 ], [ 112.5, 54.333333 ], [ 112.0, 54.333333 ], [ 112.0, 53.9999997 ] ] ] } },
{ "type": "Feature", "properties": { "Id": 0, "Sheet_ID": "W10N12-22. シァマンカ河", "label": "W10N12-22. シァマンカ河", "call_short": "G7270 S100 .J36", "call_num": "G7270 S100 .J36 W10N12-22", "recid": "qx834dq3088", "websiteUrl": "https://purl.stanford.edu/qx834dq3088", "title": "西伯利十万分一圖", "ckey": 12344846, "available": true, "iiifUrl": "https://purl.stanford.edu/qx834dq3088/iiif/manifest" }, "geometry": { "type": "Polygon", "coordinates": [ [ [ 110.0, 54.333333 ], [ 110.5, 54.333333 ], [ 110.5, 54.6666663 ], [ 110.0, 54.6666663 ], [ 110.0, 54.333333 ] ] ] } },
{ "type": "Feature", "properties": { "Id": 0, "Sheet_ID": "W10N12-7. フルケン河", "label": "W10N12-7. フルケン河", "call_short": "G7270 S100 .J36", "call_num": "G7270 S100 .J36 W10N12-7", "recid": "cd576cx0636", "websiteUrl": "https://purl.stanford.edu/cd576cx0636", "title": "西伯利十万分一圖", "ckey": 12344846, "available": true, "iiifUrl": "https://purl.stanford.edu/cd576cx0636/iiif/manifest" }, "geometry": { "type": "Polygon", "coordinates": [ [ [ 111.5, 54.333333 ], [ 112.0, 54.333333 ], [ 112.0, 54.6666663 ], [ 111.5, 54.6666663 ], [ 111.5, 54.333333 ] ] ] } },
{ "type": "Feature", "properties": { "Id": 0, "Sheet_ID": "W10N12-2. ボボイ山", "label": "W10N12-2. ボボイ山", "call_short": "G7270 S100 .J36", "call_num": "G7270 S100 .J36 W10N12-2", "recid": "ps583tf2982", "websiteUrl": "https://purl.stanford.edu/ps583tf2982", "title": "西伯利十万分一圖", "ckey": 12344846, "available": true, "iiifUrl": "https://purl.stanford.edu/ps583tf2982/iiif/manifest" }, "geometry": { "type": "Polygon", "coordinates": [ [ [ 112.0, 54.333333 ], [ 112.5, 54.333333 ], [ 112.5, 54.6666663 ], [ 112.0, 54.6666663 ], [ 112.0, 54.333333 ] ] ] } },
{ "type": "Feature", "properties": { "Id": 0, "Sheet_ID": "W10N12-16. アヤン", "label": "W10N12-16. アヤン", "call_short": "0", "call_num": "0", "recid": "0", "websiteUrl": "0", "title": "0", "ckey": 0, "available": false, "iiifUrl": "0" }, "geometry": { "type": "Polygon", "coordinates": [ [ [ 110.5, 54.6666663 ], [ 111.0, 54.6666663 ], [ 111.0, 54.9999997 ], [ 110.5, 54.9999997 ], [ 110.5, 54.6666663 ] ] ] } },
{ "type": "Feature", "properties": { "Id": 0, "Sheet_ID": "W10N12-11. タズ", "label": "W10N12-11. タズ", "call_short": "0", "call_num": "0", "recid": "0", "websiteUrl": "0", "title": "0", "ckey": 0, "available": false, "iiifUrl": "0" }, "geometry": { "type": "Polygon", "coordinates": [ [ [ 111.0, 54.6666663 ], [ 111.5, 54.6666663 ], [ 111.5, 54.9999997 ], [ 111.0, 54.9999997 ], [ 111.0, 54.6666663 ] ] ] } },
{ "type": "Feature", "properties": { "Id": 0, "Sheet_ID": "W10N12-1. キプィリュシ湖", "label": "W10N12-1. キプィリュシ湖", "call_short": "G7270 S100 .J36", "call_num": "G7270 S100 .J36 W10N12-1", "recid": "vd312kq7376", "websiteUrl": "https://purl.stanford.edu/vd312kq7376", "title": "西伯利十万分一圖", "ckey": 12344846, "available": true, "iiifUrl": "https://purl.stanford.edu/vd312kq7376/iiif/manifest" }, "geometry": { "type": "Polygon", "coordinates": [ [ [ 112.0, 54.6666663 ], [ 112.5, 54.6666663 ], [ 112.5, 54.9999997 ], [ 112.0, 54.9999997 ], [ 112.0, 54.6666663 ] ] ] } },
{ "type": "Feature", "properties": { "Id": 0, "Sheet_ID": "W10N13-25. アムト湖", "label": "W10N13-25. アムト湖", "call_short": "G7270 S100 .J36", "call_num": "G7270 S100 .J36 W10N13-25", "recid": "vp860fq8980", "websiteUrl": "https://purl.stanford.edu/vp860fq8980", "title": "西伯利十万分一圖", "ckey": 12344846, "available": true, "iiifUrl": "https://purl.stanford.edu/vp860fq8980/iiif/manifest" }, "geometry": { "type": "Polygon", "coordinates": [ [ [ 110.0, 54.9999997 ], [ 110.5, 54.9999997 ], [ 110.5, 55.333333 ], [ 110.0, 55.333333 ], [ 110.0, 54.9999997 ] ] ] } },
{ "type": "Feature", "properties": { "Id": 0, "Sheet_ID": "W10N13-20. ウルゲナ河", "label": "W10N13-20. ウルゲナ河", "call_short": "G7270 S100 .J36", "call_num": "G7270 S100 .J36 W10N13-20", "recid": "xr011mc1615", "websiteUrl": "https://purl.stanford.edu/xr011mc1615", "title": "西伯利十万分一圖", "ckey": 12344846, "available": true, "iiifUrl": "https://purl.stanford.edu/xr011mc1615/iiif/manifest" }, "geometry": { "type": "Polygon", "coordinates": [ [ [ 110.5, 54.9999997 ], [ 111.0, 54.9999997 ], [ 111.0, 55.333333 ], [ 110.5, 55.333333 ], [ 110.5, 54.9999997 ] ] ] } },
{ "type": "Feature", "properties": { "Id": 0, "Sheet_ID": "W10N13-15. ズグデリ部落", "label": "W10N13-15. ズグデリ部落", "call_short": "G7270 S100 .J36", "call_num": "G7270 S100 .J36 W10N13-15", "recid": "py737bb7101", "websiteUrl": "https://purl.stanford.edu/py737bb7101", "title": "西伯利十万分一圖", "ckey": 12344846, "available": true, "iiifUrl": "https://purl.stanford.edu/py737bb7101/iiif/manifest" }, "geometry": { "type": "Polygon", "coordinates": [ [ [ 111.0, 54.9999997 ], [ 111.5, 54.9999997 ], [ 111.5, 55.333333 ], [ 111.0, 55.333333 ], [ 111.0, 54.9999997 ] ] ] } },
{ "type": "Feature", "properties": { "Id": 0, "Sheet_ID": "W10N13-24. フロリハ湖", "label": "W10N13-24. フロリハ湖", "call_short": "G7270 S100 .J36", "call_num": "G7270 S100 .J36 W10N13-24", "recid": "by178td3579", "websiteUrl": "https://purl.stanford.edu/by178td3579", "title": "西伯利十万分一圖", "ckey": 12344846, "available": true, "iiifUrl": "https://purl.stanford.edu/by178td3579/iiif/manifest" }, "geometry": { "type": "Polygon", "coordinates": [ [ [ 110.0, 55.333333 ], [ 110.5, 55.333333 ], [ 110.5, 55.6666663 ], [ 110.0, 55.6666663 ], [ 110.0, 55.333333 ] ] ] } },
{ "type": "Feature", "properties": { "Id": 0, "Sheet_ID": "W10N13-19. スウェトラヤ河", "label": "W10N13-19. スウェトラヤ河", "call_short": "G7270 S100 .J36", "call_num": "G7270 S100 .J36 W10N13-19", "recid": "ph090ft7007", "websiteUrl": "https://purl.stanford.edu/ph090ft7007", "title": "西伯利十万分一圖", "ckey": 12344846, "available": true, "iiifUrl": "https://purl.stanford.edu/ph090ft7007/iiif/manifest" }, "geometry": { "type": "Polygon", "coordinates": [ [ [ 110.5, 55.333333 ], [ 111.0, 55.333333 ], [ 111.0, 55.6666663 ], [ 110.5, 55.6666663 ], [ 110.5, 55.333333 ] ] ] } },
{ "type": "Feature", "properties": { "Id": 0, "Sheet_ID": "W10N13-14. ルィフロフスカゴ冬舎", "label": "W10N13-14. ルィフロフスカゴ冬舎", "call_short": "G7270 S100 .J36", "call_num": "G7270 S100 .J36 W10N13-14", "recid": "bt482wy3919", "websiteUrl": "https://purl.stanford.edu/bt482wy3919", "title": "西伯利十万分一圖", "ckey": 12344846, "available": true, "iiifUrl": "https://purl.stanford.edu/bt482wy3919/iiif/manifest" }, "geometry": { "type": "Polygon", "coordinates": [ [ [ 111.0, 55.333333 ], [ 111.5, 55.333333 ], [ 111.5, 55.6666663 ], [ 111.0, 55.6666663 ], [ 111.0, 55.333333 ] ] ] } },
{ "type": "Feature", "properties": { "Id": 0, "Sheet_ID": "W10N13-9. ヤンギチャン河", "label": "W10N13-9. ヤンギチャン河", "call_short": "G7270 S100 .J36", "call_num": "G7270 S100 .J36 W10N13-9", "recid": "zc681mm4222", "websiteUrl": "https://purl.stanford.edu/zc681mm4222", "title": "西伯利十万分一圖", "ckey": 12344846, "available": true, "iiifUrl": "https://purl.stanford.edu/zc681mm4222/iiif/manifest" }, "geometry": { "type": "Polygon", "coordinates": [ [ [ 111.5, 55.333333 ], [ 112.0, 55.333333 ], [ 112.0, 55.6666663 ], [ 111.5, 55.6666663 ], [ 111.5, 55.333333 ] ] ] } },
{ "type": "Feature", "properties": { "Id": 0, "Sheet_ID": "W10N13-4. コテリャ河", "label": "W10N13-4. コテリャ河", "call_short": "G7270 S100 .J36", "call_num": "G7270 S100 .J36 W10N13-4", "recid": "ph297rh0700", "websiteUrl": "https://purl.stanford.edu/ph297rh0700", "title": "西伯利十万分一圖", "ckey": 12344846, "available": true, "iiifUrl": "https://purl.stanford.edu/ph297rh0700/iiif/manifest" }, "geometry": { "type": "Polygon", "coordinates": [ [ [ 112.0, 55.333333 ], [ 112.5, 55.333333 ], [ 112.5, 55.6666663 ], [ 112.0, 55.6666663 ], [ 112.0, 55.333333 ] ] ] } },
{ "type": "Feature", "properties": { "Id": 0, "Sheet_ID": "W10N13-18. キラン山", "label": "W10N13-18. キラン山", "call_short": "G7270 S100 .J36", "call_num": "G7270 S100 .J36 W10N13-18", "recid": "gw428dg0001", "websiteUrl": "https://purl.stanford.edu/gw428dg0001", "title": "西伯利十万分一圖", "ckey": 12344846, "available": true, "iiifUrl": "https://purl.stanford.edu/gw428dg0001/iiif/manifest" }, "geometry": { "type": "Polygon", "coordinates": [ [ [ 110.5, 55.6666663 ], [ 111.0, 55.6666663 ], [ 111.0, 55.9999997 ], [ 110.5, 55.9999997 ], [ 110.5, 55.6666663 ] ] ] } },
{ "type": "Feature", "properties": { "Id": 0, "Sheet_ID": "W10N13-13. ウェルフネ・アンガルスク", "label": "W10N13-13. ウェルフネ・アンガルスク", "call_short": "G7270 S100 .J36", "call_num": "G7270 S100 .J36 W10N13-13", "recid": "xk183dh3906", "websiteUrl": "https://purl.stanford.edu/xk183dh3906", "title": "西伯利十万分一圖", "ckey": 12344846, "available": true, "iiifUrl": "https://purl.stanford.edu/xk183dh3906/iiif/manifest" }, "geometry": { "type": "Polygon", "coordinates": [ [ [ 111.0, 55.6666663 ], [ 111.5, 55.6666663 ], [ 111.5, 55.9999997 ], [ 111.0, 55.9999997 ], [ 111.0, 55.6666663 ] ] ] } },
{ "type": "Feature", "properties": { "Id": 0, "Sheet_ID": "W10N13-8. ヤンドニ河", "label": "W10N13-8. ヤンドニ河", "call_short": "G7270 S100 .J36", "call_num": "G7270 S100 .J36 W10N13-8", "recid": "bq355dk0006", "websiteUrl": "https://purl.stanford.edu/bq355dk0006", "title": "西伯利十万分一圖", "ckey": 12344846, "available": true, "iiifUrl": "https://purl.stanford.edu/bq355dk0006/iiif/manifest" }, "geometry": { "type": "Polygon", "coordinates": [ [ [ 111.5, 55.6666663 ], [ 112.0, 55.6666663 ], [ 112.0, 55.9999997 ], [ 111.5, 55.9999997 ], [ 111.5, 55.6666663 ] ] ] } },
{ "type": "Feature", "properties": { "Id": 0, "Sheet_ID": "W10N13-3. ヤンチゥイ河", "label": "W10N13-3. ヤンチゥイ河", "call_short": "G7270 S100 .J36", "call_num": "G7270 S100 .J36 W10N13-3", "recid": "hc949gh7240", "websiteUrl": "https://purl.stanford.edu/hc949gh7240", "title": "西伯利十万分一圖", "ckey": 12344846, "available": true, "iiifUrl": "https://purl.stanford.edu/hc949gh7240/iiif/manifest" }, "geometry": { "type": "Polygon", "coordinates": [ [ [ 112.0, 55.6666663 ], [ 112.5, 55.6666663 ], [ 112.5, 55.9999997 ], [ 112.0, 55.9999997 ], [ 112.0, 55.6666663 ] ] ] } },
{ "type": "Feature", "properties": { "Id": 0, "Sheet_ID": "W10N13-11. アナマキツ河", "label": "W10N13-11. アナマキツ河", "call_short": "0", "call_num": "0", "recid": "0", "websiteUrl": "0", "title": "0", "ckey": 0, "available": false, "iiifUrl": "0" }, "geometry": { "type": "Polygon", "coordinates": [ [ [ 111.0, 56.333333 ], [ 111.5, 56.333333 ], [ 111.5, 56.6666663 ], [ 111.0, 56.6666663 ], [ 111.0, 56.333333 ] ] ] } },
{ "type": "Feature", "properties": { "Id": 0, "Sheet_ID": "W10N14-15. ボリシャヤ・チゥヤ河", "label": "W10N14-15. ボリシャヤ・チゥヤ河", "call_short": "G7270 S100 .J36", "call_num": "G7270 S100 .J36 W10N14-15", "recid": "rq574kc9462", "websiteUrl": "https://purl.stanford.edu/rq574kc9462", "title": "西伯利十万分一圖", "ckey": 12344846, "available": true, "iiifUrl": "https://purl.stanford.edu/rq574kc9462/iiif/manifest" }, "geometry": { "type": "Polygon", "coordinates": [ [ [ 111.0, 56.6666663 ], [ 111.5, 56.6666663 ], [ 111.5, 56.9999997 ], [ 111.0, 56.9999997 ], [ 111.0, 56.6666663 ] ] ] } },
{ "type": "Feature", "properties": { "Id": 0, "Sheet_ID": "W10N14-10. ウグドキツ河", "label": "W10N14-10. ウグドキツ河", "call_short": "G7270 S100 .J36", "call_num": "G7270 S100 .J36 W10N14-10", "recid": "cw224ft6111", "websiteUrl": "https://purl.stanford.edu/cw224ft6111", "title": "西伯利十万分一圖", "ckey": 12344846, "available": true, "iiifUrl": "https://purl.stanford.edu/cw224ft6111/iiif/manifest" }, "geometry": { "type": "Polygon", "coordinates": [ [ [ 111.5, 56.6666663 ], [ 112.0, 56.6666663 ], [ 112.0, 56.9999997 ], [ 111.5, 56.9999997 ], [ 111.5, 56.6666663 ] ] ] } },
{ "type": "Feature", "properties": { "Id": 0, "Sheet_ID": "W10N14-9. モニュコン河", "label": "W10N14-9. モニュコン河", "call_short": "G7270 S100 .J36", "call_num": "G7270 S100 .J36 W10N14-9", "recid": "nn167nj3777", "websiteUrl": "https://purl.stanford.edu/nn167nj3777", "title": "西伯利十万分一圖", "ckey": 12344846, "available": true, "iiifUrl": "https://purl.stanford.edu/nn167nj3777/iiif/manifest" }, "geometry": { "type": "Polygon", "coordinates": [ [ [ 111.5, 56.9999997 ], [ 112.0, 56.9999997 ], [ 112.0, 57.333333 ], [ 111.5, 57.333333 ], [ 111.5, 56.9999997 ] ] ] } },
{ "type": "Feature", "properties": { "Id": 0, "Sheet_ID": "W10N14-3. ポペレチヌィ崖", "label": "W10N14-3. ポペレチヌィ崖", "call_short": "G7270 S100 .J36", "call_num": "G7270 S100 .J36 W10N14-3", "recid": "db725jm0821", "websiteUrl": "https://purl.stanford.edu/db725jm0821", "title": "西伯利十万分一圖", "ckey": 12344846, "available": true, "iiifUrl": "https://purl.stanford.edu/db725jm0821/iiif/manifest" }, "geometry": { "type": "Polygon", "coordinates": [ [ [ 112.0, 57.333333 ], [ 112.5, 57.333333 ], [ 112.5, 57.6666663 ], [ 112.0, 57.6666663 ], [ 112.0, 57.333333 ] ] ] } },
{ "type": "Feature", "properties": { "Id": 0, "Sheet_ID": "W10N12-5. ブゥツーイ河", "label": "W10N12-5. ブゥツーイ河", "call_short": "0", "call_num": "0", "recid": "0", "websiteUrl": "0", "title": "0", "ckey": 0, "available": false, "iiifUrl": "0" }, "geometry": { "type": "Polygon", "coordinates": [ [ [ 112.0, 53.333333 ], [ 112.5, 53.333333 ], [ 112.5, 53.6666663 ], [ 112.0, 53.6666663 ], [ 112.0, 53.333333 ] ] ] } },
{ "type": "Feature", "properties": { "Id": 0, "Sheet_ID": "W10N10-11. ハラグゥン", "label": "W10N10-11. ハラグゥン", "call_short": "0", "call_num": "0", "recid": "0", "websiteUrl": "0", "title": "0", "ckey": 0, "available": false, "iiifUrl": "0" }, "geometry": { "type": "Polygon", "coordinates": [ [ [ 111.0, 51.333333 ], [ 111.5, 51.333333 ], [ 111.5, 51.6666663 ], [ 111.0, 51.6666663 ], [ 111.0, 51.333333 ] ] ] } },
{ "type": "Feature", "properties": { "Id": 0, "Sheet_ID": "W9N9-5. ヤロースム", "label": "W9N9-5. ヤロースム", "call_short": "0", "call_num": "0", "recid": "0", "websiteUrl": "0", "title": "0", "ckey": 0, "available": false, "iiifUrl": "0" }, "geometry": { "type": "Polygon", "coordinates": [ [ [ 114.5, 48.333333 ], [ 115.0, 48.333333 ], [ 115.0, 48.6666664 ], [ 114.5, 48.6666664 ], [ 114.5, 48.333333 ] ] ] } },
{ "type": "Feature", "properties": { "Id": 0, "Sheet_ID": "W9N9-3. スムブラク", "label": "W9N9-3. スムブラク", "call_short": "0", "call_num": "0", "recid": "0", "websiteUrl": "0", "title": "0", "ckey": 0, "available": false, "iiifUrl": "0" }, "geometry": { "type": "Polygon", "coordinates": [ [ [ 114.5, 48.9999997 ], [ 115.0, 48.9999997 ], [ 115.0, 49.3333331 ], [ 114.5, 49.3333331 ], [ 114.5, 48.9999997 ] ] ] } },
{ "type": "Feature", "properties": { "Id": 0, "Sheet_ID": "W9N9-22. ウェルフネー・ウリフーンスカヤ", "label": "W9N9-22. ウェルフネー・ウリフーンスカヤ", "call_short": "0", "call_num": "0", "recid": "0", "websiteUrl": "0", "title": "0", "ckey": 0, "available": false, "iiifUrl": "0" }, "geometry": { "type": "Polygon", "coordinates": [ [ [ 112.5, 49.3333331 ], [ 113.0, 49.3333331 ], [ 113.0, 49.6666664 ], [ 112.5, 49.6666664 ], [ 112.5, 49.3333331 ] ] ] } },
{ "type": "Feature", "properties": { "Id": 0, "Sheet_ID": "W9N9-17. ヅンド・シーウィル谷", "label": "W9N9-17. ヅンド・シーウィル谷", "call_short": "0", "call_num": "0", "recid": "0", "websiteUrl": "0", "title": "0", "ckey": 0, "available": false, "iiifUrl": "0" }, "geometry": { "type": "Polygon", "coordinates": [ [ [ 113.0, 49.3333331 ], [ 113.5, 49.3333331 ], [ 113.5, 49.6666664 ], [ 113.0, 49.6666664 ], [ 113.0, 49.3333331 ] ] ] } },
{ "type": "Feature", "properties": { "Id": 0, "Sheet_ID": "W9N9-2. ザサル山西部", "label": "W9N9-2. ザサル山西部", "call_short": "0", "call_num": "0", "recid": "0", "websiteUrl": "0", "title": "0", "ckey": 0, "available": false, "iiifUrl": "0" }, "geometry": { "type": "Polygon", "coordinates": [ [ [ 114.5, 49.3333331 ], [ 115.0, 49.3333331 ], [ 115.0, 49.6666664 ], [ 114.5, 49.6666664 ], [ 114.5, 49.3333331 ] ] ] } },
{ "type": "Feature", "properties": { "Id": 0, "Sheet_ID": "W9N9-21. マングーツスカヤ", "label": "W9N9-21. マングーツスカヤ", "call_short": "0", "call_num": "0", "recid": "0", "websiteUrl": "0", "title": "0", "ckey": 0, "available": false, "iiifUrl": "0" }, "geometry": { "type": "Polygon", "coordinates": [ [ [ 112.5, 49.6666664 ], [ 113.0, 49.6666664 ], [ 113.0, 49.9999998 ], [ 112.5, 49.9999998 ], [ 112.5, 49.6666664 ] ] ] } },
{ "type": "Feature", "properties": { "Id": 0, "Sheet_ID": "W9N9-16. ミハーイロ・パウローフスキー", "label": "W9N9-16. ミハーイロ・パウローフスキー", "call_short": "0", "call_num": "0", "recid": "0", "websiteUrl": "0", "title": "0", "ckey": 0, "available": false, "iiifUrl": "0" }, "geometry": { "type": "Polygon", "coordinates": [ [ [ 113.0, 49.6666664 ], [ 113.5, 49.6666664 ], [ 113.5, 49.9999998 ], [ 113.0, 49.9999998 ], [ 113.0, 49.6666664 ] ] ] } },
{ "type": "Feature", "properties": { "Id": 0, "Sheet_ID": "W9N9-1. ウリッザ河", "label": "W9N9-1. ウリッザ河", "call_short": "0", "call_num": "0", "recid": "0", "websiteUrl": "0", "title": "0", "ckey": 0, "available": false, "iiifUrl": "0" }, "geometry": { "type": "Polygon", "coordinates": [ [ [ 114.5, 49.6666664 ], [ 115.0, 49.6666664 ], [ 115.0, 49.9999998 ], [ 114.5, 49.9999998 ], [ 114.5, 49.6666664 ] ] ] } },
{ "type": "Feature", "properties": { "Id": 0, "Sheet_ID": "W9N10-25. ニージネ・ウリフンスキー", "label": "W9N10-25. ニージネ・ウリフンスキー", "call_short": "0", "call_num": "0", "recid": "0", "websiteUrl": "0", "title": "0", "ckey": 0, "available": false, "iiifUrl": "0" }, "geometry": { "type": "Polygon", "coordinates": [ [ [ 112.5, 49.9999998 ], [ 113.0, 49.9999998 ], [ 113.0, 50.3333332 ], [ 112.5, 50.3333332 ], [ 112.5, 49.9999998 ] ] ] } },
{ "type": "Feature", "properties": { "Id": 0, "Sheet_ID": "W9N10-20. アクシャ", "label": "W9N10-20. アクシャ", "call_short": "G7270 S100 .J36", "call_num": "G7270 S100 .J36 W9N10-20", "recid": "gy532js3172", "websiteUrl": "https://purl.stanford.edu/gy532js3172", "title": "西伯利十万分一圖", "ckey": 12344846, "available": true, "iiifUrl": "https://purl.stanford.edu/gy532js3172/iiif/manifest" }, "geometry": { "type": "Polygon", "coordinates": [ [ [ 113.0, 49.9999998 ], [ 113.5, 49.9999998 ], [ 113.5, 50.3333332 ], [ 113.0, 50.3333332 ], [ 113.0, 49.9999998 ] ] ] } },
{ "type": "Feature", "properties": { "Id": 0, "Sheet_ID": "W9N10-15. ウブール・トフトール", "label": "W9N10-15. ウブール・トフトール", "call_short": "G7270 S100 .J36", "call_num": "G7270 S100 .J36 W9N10-15", "recid": "bs662rw3903", "websiteUrl": "https://purl.stanford.edu/bs662rw3903", "title": "西伯利十万分一圖", "ckey": 12344846, "available": true, "iiifUrl": "https://purl.stanford.edu/bs662rw3903/iiif/manifest" }, "geometry": { "type": "Polygon", "coordinates": [ [ [ 113.5, 49.9999998 ], [ 114.0, 49.9999998 ], [ 114.0, 50.3333332 ], [ 113.5, 50.3333332 ], [ 113.5, 49.9999998 ] ] ] } },
{ "type": "Feature", "properties": { "Id": 0, "Sheet_ID": "W9N10-10. ククーイシガ谷", "label": "W9N10-10. ククーイシガ谷", "call_short": "G7270 S100 .J36", "call_num": "G7270 S100 .J36 W9N10-10", "recid": "rd193wz4856", "websiteUrl": "https://purl.stanford.edu/rd193wz4856", "title": "西伯利十万分一圖", "ckey": 12344846, "available": true, "iiifUrl": "https://purl.stanford.edu/rd193wz4856/iiif/manifest" }, "geometry": { "type": "Polygon", "coordinates": [ [ [ 114.0, 49.9999998 ], [ 114.5, 49.9999998 ], [ 114.5, 50.3333332 ], [ 114.0, 50.3333332 ], [ 114.0, 49.9999998 ] ] ] } },
{ "type": "Feature", "properties": { "Id": 0, "Sheet_ID": "W9N10-5. ウクシンダ", "label": "W9N10-5. ウクシンダ", "call_short": "G7270 S100 .J36", "call_num": "G7270 S100 .J36 W9N10-5", "recid": "wz858zz2590", "websiteUrl": "https://purl.stanford.edu/wz858zz2590", "title": "西伯利十万分一圖", "ckey": 12344846, "available": true, "iiifUrl": "https://purl.stanford.edu/wz858zz2590/iiif/manifest" }, "geometry": { "type": "Polygon", "coordinates": [ [ [ 114.5, 49.9999998 ], [ 115.0, 49.9999998 ], [ 115.0, 50.3333332 ], [ 114.5, 50.3333332 ], [ 114.5, 49.9999998 ] ] ] } },
{ "type": "Feature", "properties": { "Id": 0, "Sheet_ID": "W9N10-24. ヂィムクーブルィル山", "label": "W9N10-24. ヂィムクーブルィル山", "call_short": "G7270 S100 .J36", "call_num": "G7270 S100 .J36 W9N10-24", "recid": "nc656gz1960", "websiteUrl": "https://purl.stanford.edu/nc656gz1960", "title": "西伯利十万分一圖", "ckey": 12344846, "available": true, "iiifUrl": "https://purl.stanford.edu/nc656gz1960/iiif/manifest" }, "geometry": { "type": "Polygon", "coordinates": [ [ [ 112.5, 50.3333332 ], [ 113.0, 50.3333332 ], [ 113.0, 50.6666665 ], [ 112.5, 50.6666665 ], [ 112.5, 50.3333332 ] ] ] } },
{ "type": "Feature", "properties": { "Id": 0, "Sheet_ID": "W9N10-19. ウラチャ", "label": "W9N10-19. ウラチャ", "call_short": "0", "call_num": "0", "recid": "0", "websiteUrl": "0", "title": "0", "ckey": 0, "available": false, "iiifUrl": "0" }, "geometry": { "type": "Polygon", "coordinates": [ [ [ 113.0, 50.3333332 ], [ 113.5, 50.3333332 ], [ 113.5, 50.6666665 ], [ 113.0, 50.6666665 ], [ 113.0, 50.3333332 ] ] ] } },
{ "type": "Feature", "properties": { "Id": 0, "Sheet_ID": "W9N10-14. モゴイトゥイ", "label": "W9N10-14. モゴイトゥイ", "call_short": "G7270 S100 .J36", "call_num": "G7270 S100 .J36 W9N10-14", "recid": "ss394rd7794", "websiteUrl": "https://purl.stanford.edu/ss394rd7794", "title": "西伯利十万分一圖", "ckey": 12344846, "available": true, "iiifUrl": "https://purl.stanford.edu/ss394rd7794/iiif/manifest" }, "geometry": { "type": "Polygon", "coordinates": [ [ [ 113.5, 50.3333332 ], [ 114.0, 50.3333332 ], [ 114.0, 50.6666665 ], [ 113.5, 50.6666665 ], [ 113.5, 50.3333332 ] ] ] } },
{ "type": "Feature", "properties": { "Id": 0, "Sheet_ID": "W9N10-9. ドゥルルグゥイ", "label": "W9N10-9. ドゥルルグゥイ", "call_short": "0", "call_num": "0", "recid": "0", "websiteUrl": "0", "title": "0", "ckey": 0, "available": false, "iiifUrl": "0" }, "geometry": { "type": "Polygon", "coordinates": [ [ [ 114.0, 50.3333332 ], [ 114.5, 50.3333332 ], [ 114.5, 50.6666665 ], [ 114.0, 50.6666665 ], [ 114.0, 50.3333332 ] ] ] } },
{ "type": "Feature", "properties": { "Id": 0, "Sheet_ID": "W9N10-4. クブハエフスキー", "label": "W9N10-4. クブハエフスキー", "call_short": "0", "call_num": "0", "recid": "0", "websiteUrl": "0", "title": "0", "ckey": 0, "available": false, "iiifUrl": "0" }, "geometry": { "type": "Polygon", "coordinates": [ [ [ 114.5, 50.3333332 ], [ 115.0, 50.3333332 ], [ 115.0, 50.6666665 ], [ 114.5, 50.6666665 ], [ 114.5, 50.3333332 ] ] ] } },
{ "type": "Feature", "properties": { "Id": 0, "Sheet_ID": "W9N10-23. ウレイスキー", "label": "W9N10-23. ウレイスキー", "call_short": "G7270 S100 .J36", "call_num": "G7270 S100 .J36 W9N10-23", "recid": "tq282hx2812", "websiteUrl": "https://purl.stanford.edu/tq282hx2812", "title": "西伯利十万分一圖", "ckey": 12344846, "available": true, "iiifUrl": "https://purl.stanford.edu/tq282hx2812/iiif/manifest" }, "geometry": { "type": "Polygon", "coordinates": [ [ [ 112.5, 50.6666665 ], [ 113.0, 50.6666665 ], [ 113.0, 50.9999999 ], [ 112.5, 50.9999999 ], [ 112.5, 50.6666665 ] ] ] } },
{ "type": "Feature", "properties": { "Id": 0, "Sheet_ID": "W9N10-18. アルハナイ山", "label": "W9N10-18. アルハナイ山", "call_short": "0", "call_num": "0", "recid": "0", "websiteUrl": "0", "title": "0", "ckey": 0, "available": false, "iiifUrl": "0" }, "geometry": { "type": "Polygon", "coordinates": [ [ [ 113.0, 50.6666665 ], [ 113.5, 50.6666665 ], [ 113.5, 50.9999999 ], [ 113.0, 50.9999999 ], [ 113.0, 50.6666665 ] ] ] } },
{ "type": "Feature", "properties": { "Id": 0, "Sheet_ID": "W9N10-13. イリャ", "label": "W9N10-13. イリャ", "call_short": "G7270 S100 .J36", "call_num": "G7270 S100 .J36 W9N10-13", "recid": "qc051wn0956", "websiteUrl": "https://purl.stanford.edu/qc051wn0956", "title": "西伯利十万分一圖", "ckey": 12344846, "available": true, "iiifUrl": "https://purl.stanford.edu/qc051wn0956/iiif/manifest" }, "geometry": { "type": "Polygon", "coordinates": [ [ [ 113.5, 50.6666665 ], [ 114.0, 50.6666665 ], [ 114.0, 50.9999999 ], [ 113.5, 50.9999999 ], [ 113.5, 50.6666665 ] ] ] } },
{ "type": "Feature", "properties": { "Id": 0, "Sheet_ID": "W9N10-8. スヅンツーイ", "label": "W9N10-8. スヅンツーイ", "call_short": "0", "call_num": "0", "recid": "0", "websiteUrl": "0", "title": "0", "ckey": 0, "available": false, "iiifUrl": "0" }, "geometry": { "type": "Polygon", "coordinates": [ [ [ 114.0, 50.6666665 ], [ 114.5, 50.6666665 ], [ 114.5, 50.9999999 ], [ 114.0, 50.9999999 ], [ 114.0, 50.6666665 ] ] ] } },
{ "type": "Feature", "properties": { "Id": 0, "Sheet_ID": "W9N10-3. ノジー湖", "label": "W9N10-3. ノジー湖", "call_short": "0", "call_num": "0", "recid": "0", "websiteUrl": "0", "title": "0", "ckey": 0, "available": false, "iiifUrl": "0" }, "geometry": { "type": "Polygon", "coordinates": [ [ [ 114.5, 50.6666665 ], [ 115.0, 50.6666665 ], [ 115.0, 50.9999999 ], [ 114.5, 50.9999999 ], [ 114.5, 50.6666665 ] ] ] } },
{ "type": "Feature", "properties": { "Id": 0, "Sheet_ID": "W9N10-22. ヤンドン山", "label": "W9N10-22. ヤンドン山", "call_short": "0", "call_num": "0", "recid": "0", "websiteUrl": "0", "title": "0", "ckey": 0, "available": false, "iiifUrl": "0" }, "geometry": { "type": "Polygon", "coordinates": [ [ [ 112.5, 50.9999999 ], [ 113.0, 50.9999999 ], [ 113.0, 51.3333332 ], [ 112.5, 51.3333332 ], [ 112.5, 50.9999999 ] ] ] } },
{ "type": "Feature", "properties": { "Id": 0, "Sheet_ID": "W9N10-17. アレングーイ", "label": "W9N10-17. アレングーイ", "call_short": "0", "call_num": "0", "recid": "0", "websiteUrl": "0", "title": "0", "ckey": 0, "available": false, "iiifUrl": "0" }, "geometry": { "type": "Polygon", "coordinates": [ [ [ 113.0, 50.9999999 ], [ 113.5, 50.9999999 ], [ 113.5, 51.3333332 ], [ 113.0, 51.3333332 ], [ 113.0, 50.9999999 ] ] ] } },
{ "type": "Feature", "properties": { "Id": 0, "Sheet_ID": "W9N10-12. バリジノ", "label": "W9N10-12. バリジノ", "call_short": "0", "call_num": "0", "recid": "0", "websiteUrl": "0", "title": "0", "ckey": 0, "available": false, "iiifUrl": "0" }, "geometry": { "type": "Polygon", "coordinates": [ [ [ 113.5, 50.9999999 ], [ 114.0, 50.9999999 ], [ 114.0, 51.3333332 ], [ 113.5, 51.3333332 ], [ 113.5, 50.9999999 ] ] ] } },
{ "type": "Feature", "properties": { "Id": 0, "Sheet_ID": "W9N10-7. アルガレイ", "label": "W9N10-7. アルガレイ", "call_short": "0", "call_num": "0", "recid": "0", "websiteUrl": "0", "title": "0", "ckey": 0, "available": false, "iiifUrl": "0" }, "geometry": { "type": "Polygon", "coordinates": [ [ [ 114.0, 50.9999999 ], [ 114.5, 50.9999999 ], [ 114.5, 51.3333332 ], [ 114.0, 51.3333332 ], [ 114.0, 50.9999999 ] ] ] } },
{ "type": "Feature", "properties": { "Id": 0, "Sheet_ID": "W9N10-2. アギンスコエ", "label": "W9N10-2. アギンスコエ", "call_short": "0", "call_num": "0", "recid": "0", "websiteUrl": "0", "title": "0", "ckey": 0, "available": false, "iiifUrl": "0" }, "geometry": { "type": "Polygon", "coordinates": [ [ [ 114.5, 50.9999999 ], [ 115.0, 50.9999999 ], [ 115.0, 51.3333332 ], [ 114.5, 51.3333332 ], [ 114.5, 50.9999999 ] ] ] } },
{ "type": "Feature", "properties": { "Id": 0, "Sheet_ID": "W9N10-21. トタウローウォ", "label": "W9N10-21. トタウローウォ", "call_short": "G7270 S100 .J36", "call_num": "G7270 S100 .J36 W9N10-21", "recid": "rg970fj3552", "websiteUrl": "https://purl.stanford.edu/rg970fj3552", "title": "西伯利十万分一圖", "ckey": 12344846, "available": true, "iiifUrl": "https://purl.stanford.edu/rg970fj3552/iiif/manifest" }, "geometry": { "type": "Polygon", "coordinates": [ [ [ 112.5, 51.3333332 ], [ 113.0, 51.3333332 ], [ 113.0, 51.6666666 ], [ 112.5, 51.6666666 ], [ 112.5, 51.3333332 ] ] ] } },
{ "type": "Feature", "properties": { "Id": 0, "Sheet_ID": "W9N10-16. タタウロフスカヤ", "label": "W9N10-16. タタウロフスカヤ", "call_short": "0", "call_num": "0", "recid": "0", "websiteUrl": "0", "title": "0", "ckey": 0, "available": false, "iiifUrl": "0" }, "geometry": { "type": "Polygon", "coordinates": [ [ [ 113.0, 51.3333332 ], [ 113.5, 51.3333332 ], [ 113.5, 51.6666666 ], [ 113.0, 51.6666666 ], [ 113.0, 51.3333332 ] ] ] } },
{ "type": "Feature", "properties": { "Id": 0, "Sheet_ID": "W9N10-6. アルシーンスキエ", "label": "W9N10-6. アルシーンスキエ", "call_short": "0", "call_num": "0", "recid": "0", "websiteUrl": "0", "title": "0", "ckey": 0, "available": false, "iiifUrl": "0" }, "geometry": { "type": "Polygon", "coordinates": [ [ [ 114.0, 51.3333332 ], [ 114.5, 51.3333332 ], [ 114.5, 51.6666666 ], [ 114.0, 51.6666666 ], [ 114.0, 51.3333332 ] ] ] } },
{ "type": "Feature", "properties": { "Id": 0, "Sheet_ID": "W9N11-25. ヤブロノーワヤ", "label": "W9N11-25. ヤブロノーワヤ", "call_short": "G7270 S100 .J36", "call_num": "G7270 S100 .J36 W9N11-25", "recid": "yr807jb5684", "websiteUrl": "https://purl.stanford.edu/yr807jb5684", "title": "西伯利十万分一圖", "ckey": 12344846, "available": true, "iiifUrl": "https://purl.stanford.edu/yr807jb5684/iiif/manifest" }, "geometry": { "type": "Polygon", "coordinates": [ [ [ 112.5, 51.6666666 ], [ 113.0, 51.6666666 ], [ 113.0, 52.0 ], [ 112.5, 52.0 ], [ 112.5, 51.6666666 ] ] ] } },
{ "type": "Feature", "properties": { "Id": 0, "Sheet_ID": "W9N11-20. ドムノー", "label": "W9N11-20. ドムノー", "call_short": "0", "call_num": "0", "recid": "0", "websiteUrl": "0", "title": "0", "ckey": 0, "available": false, "iiifUrl": "0" }, "geometry": { "type": "Polygon", "coordinates": [ [ [ 113.0, 51.6666666 ], [ 113.5, 51.6666666 ], [ 113.5, 52.0 ], [ 113.0, 52.0 ], [ 113.0, 51.6666666 ] ] ] } },
{ "type": "Feature", "properties": { "Id": 0, "Sheet_ID": "W9N11-15. アレクサンドロフスコエ", "label": "W9N11-15. アレクサンドロフスコエ", "call_short": "0", "call_num": "0", "recid": "0", "websiteUrl": "0", "title": "0", "ckey": 0, "available": false, "iiifUrl": "0" }, "geometry": { "type": "Polygon", "coordinates": [ [ [ 113.5, 51.6666666 ], [ 114.0, 51.6666666 ], [ 114.0, 52.0 ], [ 113.5, 52.0 ], [ 113.5, 51.6666666 ] ] ] } },
{ "type": "Feature", "properties": { "Id": 0, "Sheet_ID": "W9N11-10. ノーヴォトロヰツコエ", "label": "W9N11-10. ノーヴォトロヰツコエ", "call_short": "0", "call_num": "0", "recid": "0", "websiteUrl": "0", "title": "0", "ckey": 0, "available": false, "iiifUrl": "0" }, "geometry": { "type": "Polygon", "coordinates": [ [ [ 114.0, 51.6666666 ], [ 114.5, 51.6666666 ], [ 114.5, 52.0 ], [ 114.0, 52.0 ], [ 114.0, 51.6666666 ] ] ] } },
{ "type": "Feature", "properties": { "Id": 0, "Sheet_ID": "W9N11-5. ウルリガ", "label": "W9N11-5. ウルリガ", "call_short": "0", "call_num": "0", "recid": "0", "websiteUrl": "0", "title": "0", "ckey": 0, "available": false, "iiifUrl": "0" }, "geometry": { "type": "Polygon", "coordinates": [ [ [ 114.5, 51.6666666 ], [ 115.0, 51.6666666 ], [ 115.0, 52.0 ], [ 114.5, 52.0 ], [ 114.5, 51.6666666 ] ] ] } },
{ "type": "Feature", "properties": { "Id": 0, "Sheet_ID": "W9N11-24. ベクレミシェフスコエ", "label": "W9N11-24. ベクレミシェフスコエ", "call_short": "G7270 S100 .J36", "call_num": "G7270 S100 .J36 W9N11-24", "recid": "cw208cy4071", "websiteUrl": "https://purl.stanford.edu/cw208cy4071", "title": "西伯利十万分一圖", "ckey": 12344846, "available": true, "iiifUrl": "https://purl.stanford.edu/cw208cy4071/iiif/manifest" }, "geometry": { "type": "Polygon", "coordinates": [ [ [ 112.5, 52.0 ], [ 113.0, 52.0 ], [ 113.0, 52.3333333 ], [ 112.5, 52.3333333 ], [ 112.5, 52.0 ] ] ] } },
{ "type": "Feature", "properties": { "Id": 0, "Sheet_ID": "W9N11-19. チタ西部", "label": "W9N11-19. チタ西部", "call_short": "0", "call_num": "0", "recid": "0", "websiteUrl": "0", "title": "0", "ckey": 0, "available": false, "iiifUrl": "0" }, "geometry": { "type": "Polygon", "coordinates": [ [ [ 113.0, 52.0 ], [ 113.5, 52.0 ], [ 113.5, 52.3333333 ], [ 113.0, 52.3333333 ], [ 113.0, 52.0 ] ] ] } },
{ "type": "Feature", "properties": { "Id": 0, "Sheet_ID": "W9N11-14. チタ東部", "label": "W9N11-14. チタ東部", "call_short": "0", "call_num": "0", "recid": "0", "websiteUrl": "0", "title": "0", "ckey": 0, "available": false, "iiifUrl": "0" }, "geometry": { "type": "Polygon", "coordinates": [ [ [ 113.5, 52.0 ], [ 114.0, 52.0 ], [ 114.0, 52.3333333 ], [ 113.5, 52.3333333 ], [ 113.5, 52.0 ] ] ] } },
{ "type": "Feature", "properties": { "Id": 0, "Sheet_ID": "W9N11-9. ヴォズネセンスク", "label": "W9N11-9. ヴォズネセンスク", "call_short": "G7270 S100 .J36", "call_num": "G7270 S100 .J36 W9N11-9", "recid": "ry736jm3311", "websiteUrl": "https://purl.stanford.edu/ry736jm3311", "title": "西伯利十万分一圖", "ckey": 12344846, "available": true, "iiifUrl": "https://purl.stanford.edu/ry736jm3311/iiif/manifest" }, "geometry": { "type": "Polygon", "coordinates": [ [ [ 114.0, 52.0 ], [ 114.5, 52.0 ], [ 114.5, 52.3333333 ], [ 114.0, 52.3333333 ], [ 114.0, 52.0 ] ] ] } },
{ "type": "Feature", "properties": { "Id": 0, "Sheet_ID": "W9N11-4. ウルプトゥカン", "label": "W9N11-4. ウルプトゥカン", "call_short": "G7270 S100 .J36", "call_num": "G7270 S100 .J36 W9N11-4", "recid": "bm133qy1245", "websiteUrl": "https://purl.stanford.edu/bm133qy1245", "title": "西伯利十万分一圖", "ckey": 12344846, "available": true, "iiifUrl": "https://purl.stanford.edu/bm133qy1245/iiif/manifest" }, "geometry": { "type": "Polygon", "coordinates": [ [ [ 114.5, 52.0 ], [ 115.0, 52.0 ], [ 115.0, 52.3333333 ], [ 114.5, 52.3333333 ], [ 114.5, 52.0 ] ] ] } },
{ "type": "Feature", "properties": { "Id": 0, "Sheet_ID": "W9N11-23. ハジゥ", "label": "W9N11-23. ハジゥ", "call_short": "G7270 S100 .J36", "call_num": "G7270 S100 .J36 W9N11-23", "recid": "hn774rg0770", "websiteUrl": "https://purl.stanford.edu/hn774rg0770", "title": "西伯利十万分一圖", "ckey": 12344846, "available": true, "iiifUrl": "https://purl.stanford.edu/hn774rg0770/iiif/manifest" }, "geometry": { "type": "Polygon", "coordinates": [ [ [ 112.5, 52.3333333 ], [ 113.0, 52.3333333 ], [ 113.0, 52.6666667 ], [ 112.5, 52.6666667 ], [ 112.5, 52.3333333 ] ] ] } },
{ "type": "Feature", "properties": { "Id": 0, "Sheet_ID": "W9N11-18. モグザン", "label": "W9N11-18. モグザン", "call_short": "G7270 S100 .J36", "call_num": "G7270 S100 .J36 W9N11-18", "recid": "nn495wx6678", "websiteUrl": "https://purl.stanford.edu/nn495wx6678", "title": "西伯利十万分一圖", "ckey": 12344846, "available": true, "iiifUrl": "https://purl.stanford.edu/nn495wx6678/iiif/manifest" }, "geometry": { "type": "Polygon", "coordinates": [ [ [ 113.0, 52.3333333 ], [ 113.5, 52.3333333 ], [ 113.5, 52.6666667 ], [ 113.0, 52.6666667 ], [ 113.0, 52.3333333 ] ] ] } },
{ "type": "Feature", "properties": { "Id": 0, "Sheet_ID": "W9N11-13. ブルゲン", "label": "W9N11-13. ブルゲン", "call_short": "G7270 S100 .J36", "call_num": "G7270 S100 .J36 W9N11-13", "recid": "cc441bf5602", "websiteUrl": "https://purl.stanford.edu/cc441bf5602", "title": "西伯利十万分一圖", "ckey": 12344846, "available": true, "iiifUrl": "https://purl.stanford.edu/cc441bf5602/iiif/manifest" }, "geometry": { "type": "Polygon", "coordinates": [ [ [ 113.5, 52.3333333 ], [ 114.0, 52.3333333 ], [ 114.0, 52.6666667 ], [ 113.5, 52.6666667 ], [ 113.5, 52.3333333 ] ] ] } },
{ "type": "Feature", "properties": { "Id": 0, "Sheet_ID": "W9N11-8. サハルトゥヰ", "label": "W9N11-8. サハルトゥヰ", "call_short": "G7270 S100 .J36", "call_num": "G7270 S100 .J36 W9N11-8", "recid": "qf483fc1596", "websiteUrl": "https://purl.stanford.edu/qf483fc1596", "title": "西伯利十万分一圖", "ckey": 12344846, "available": true, "iiifUrl": "https://purl.stanford.edu/qf483fc1596/iiif/manifest" }, "geometry": { "type": "Polygon", "coordinates": [ [ [ 114.0, 52.3333333 ], [ 114.5, 52.3333333 ], [ 114.5, 52.6666667 ], [ 114.0, 52.6666667 ], [ 114.0, 52.3333333 ] ] ] } },
{ "type": "Feature", "properties": { "Id": 0, "Sheet_ID": "W9N11-3. シャルガリヂン", "label": "W9N11-3. シャルガリヂン", "call_short": "G7270 S100 .J36", "call_num": "G7270 S100 .J36 W9N11-3", "recid": "zc434yv9989", "websiteUrl": "https://purl.stanford.edu/zc434yv9989", "title": "西伯利十万分一圖", "ckey": 12344846, "available": true, "iiifUrl": "https://purl.stanford.edu/zc434yv9989/iiif/manifest" }, "geometry": { "type": "Polygon", "coordinates": [ [ [ 114.5, 52.3333333 ], [ 115.0, 52.3333333 ], [ 115.0, 52.6666667 ], [ 114.5, 52.6666667 ], [ 114.5, 52.3333333 ] ] ] } },
{ "type": "Feature", "properties": { "Id": 0, "Sheet_ID": "W9N11-17. アンチピーノ", "label": "W9N11-17. アンチピーノ", "call_short": "G7270 S100 .J36", "call_num": "G7270 S100 .J36 W9N11-17", "recid": "yy050gn2134", "websiteUrl": "https://purl.stanford.edu/yy050gn2134", "title": "西伯利十万分一圖", "ckey": 12344846, "available": true, "iiifUrl": "https://purl.stanford.edu/yy050gn2134/iiif/manifest" }, "geometry": { "type": "Polygon", "coordinates": [ [ [ 113.0, 52.6666667 ], [ 113.5, 52.6666667 ], [ 113.5, 53.0 ], [ 113.0, 53.0 ], [ 113.0, 52.6666667 ] ] ] } },
{ "type": "Feature", "properties": { "Id": 0, "Sheet_ID": "W9N11-12. ヅンヅール・クツール谷", "label": "W9N11-12. ヅンヅール・クツール谷", "call_short": "G7270 S100 .J36", "call_num": "G7270 S100 .J36 W9N11-12", "recid": "cs410zg1838", "websiteUrl": "https://purl.stanford.edu/cs410zg1838", "title": "西伯利十万分一圖", "ckey": 12344846, "available": true, "iiifUrl": "https://purl.stanford.edu/cs410zg1838/iiif/manifest" }, "geometry": { "type": "Polygon", "coordinates": [ [ [ 113.5, 52.6666667 ], [ 114.0, 52.6666667 ], [ 114.0, 53.0 ], [ 113.5, 53.0 ], [ 113.5, 52.6666667 ] ] ] } },
{ "type": "Feature", "properties": { "Id": 0, "Sheet_ID": "W9N11-7. ツールゴンチャー谷", "label": "W9N11-7. ツールゴンチャー谷", "call_short": "G7270 S100 .J36", "call_num": "G7270 S100 .J36 W9N11-7", "recid": "zg289bf8067", "websiteUrl": "https://purl.stanford.edu/zg289bf8067", "title": "西伯利十万分一圖", "ckey": 12344846, "available": true, "iiifUrl": "https://purl.stanford.edu/zg289bf8067/iiif/manifest" }, "geometry": { "type": "Polygon", "coordinates": [ [ [ 114.0, 52.6666667 ], [ 114.5, 52.6666667 ], [ 114.5, 53.0 ], [ 114.0, 53.0 ], [ 114.0, 52.6666667 ] ] ] } },
{ "type": "Feature", "properties": { "Id": 0, "Sheet_ID": "W9N11-2. カレンガー河", "label": "W9N11-2. カレンガー河", "call_short": "G7270 S100 .J36", "call_num": "G7270 S100 .J36 W9N11-2", "recid": "cf396xj9931", "websiteUrl": "https://purl.stanford.edu/cf396xj9931", "title": "西伯利十万分一圖", "ckey": 12344846, "available": true, "iiifUrl": "https://purl.stanford.edu/cf396xj9931/iiif/manifest" }, "geometry": { "type": "Polygon", "coordinates": [ [ [ 114.5, 52.6666667 ], [ 115.0, 52.6666667 ], [ 115.0, 53.0 ], [ 114.5, 53.0 ], [ 114.5, 52.6666667 ] ] ] } },
{ "type": "Feature", "properties": { "Id": 0, "Sheet_ID": "W9N11-11. ウスチ・クンキンスキー", "label": "W9N11-11. ウスチ・クンキンスキー", "call_short": "G7270 S100 .J36", "call_num": "G7270 S100 .J36 W9N11-11", "recid": "gz823jh4528", "websiteUrl": "https://purl.stanford.edu/gz823jh4528", "title": "西伯利十万分一圖", "ckey": 12344846, "available": true, "iiifUrl": "https://purl.stanford.edu/gz823jh4528/iiif/manifest" }, "geometry": { "type": "Polygon", "coordinates": [ [ [ 113.5, 53.0 ], [ 114.0, 53.0 ], [ 114.0, 53.3333334 ], [ 113.5, 53.3333334 ], [ 113.5, 53.0 ] ] ] } },
{ "type": "Feature", "properties": { "Id": 0, "Sheet_ID": "W9N11-6. ツングーケ谷", "label": "W9N11-6. ツングーケ谷", "call_short": "G7270 S100 .J36", "call_num": "G7270 S100 .J36 W9N11-6", "recid": "xk503yc1546", "websiteUrl": "https://purl.stanford.edu/xk503yc1546", "title": "西伯利十万分一圖", "ckey": 12344846, "available": true, "iiifUrl": "https://purl.stanford.edu/xk503yc1546/iiif/manifest" }, "geometry": { "type": "Polygon", "coordinates": [ [ [ 114.0, 53.0 ], [ 114.5, 53.0 ], [ 114.5, 53.3333334 ], [ 114.0, 53.3333334 ], [ 114.0, 53.0 ] ] ] } },
{ "type": "Feature", "properties": { "Id": 0, "Sheet_ID": "W9N11-1. タムボラー河", "label": "W9N11-1. タムボラー河", "call_short": "G7270 S100 .J36", "call_num": "G7270 S100 .J36 W9N11-1", "recid": "cp531wq9465", "websiteUrl": "https://purl.stanford.edu/cp531wq9465", "title": "西伯利十万分一圖", "ckey": 12344846, "available": true, "iiifUrl": "https://purl.stanford.edu/cp531wq9465/iiif/manifest" }, "geometry": { "type": "Polygon", "coordinates": [ [ [ 114.5, 53.0 ], [ 115.0, 53.0 ], [ 115.0, 53.3333334 ], [ 114.5, 53.3333334 ], [ 114.5, 53.0 ] ] ] } },
{ "type": "Feature", "properties": { "Id": 0, "Sheet_ID": "W9N12-15. ポロシゥートワ谷", "label": "W9N12-15. ポロシゥートワ谷", "call_short": "G7270 S100 .J36", "call_num": "G7270 S100 .J36 W9N12-15", "recid": "gw135jw1656", "websiteUrl": "https://purl.stanford.edu/gw135jw1656", "title": "西伯利十万分一圖", "ckey": 12344846, "available": true, "iiifUrl": "https://purl.stanford.edu/gw135jw1656/iiif/manifest" }, "geometry": { "type": "Polygon", "coordinates": [ [ [ 113.5, 53.3333334 ], [ 114.0, 53.3333334 ], [ 114.0, 53.6666668 ], [ 113.5, 53.6666668 ], [ 113.5, 53.3333334 ] ] ] } },
{ "type": "Feature", "properties": { "Id": 0, "Sheet_ID": "W9N12-10. タラカーン谷", "label": "W9N12-10. タラカーン谷", "call_short": "G7270 S100 .J36", "call_num": "G7270 S100 .J36 W9N12-10", "recid": "qf288wk2496", "websiteUrl": "https://purl.stanford.edu/qf288wk2496", "title": "西伯利十万分一圖", "ckey": 12344846, "available": true, "iiifUrl": "https://purl.stanford.edu/qf288wk2496/iiif/manifest" }, "geometry": { "type": "Polygon", "coordinates": [ [ [ 114.0, 53.3333334 ], [ 114.5, 53.3333334 ], [ 114.5, 53.6666668 ], [ 114.0, 53.6666668 ], [ 114.0, 53.3333334 ] ] ] } },
{ "type": "Feature", "properties": { "Id": 0, "Sheet_ID": "W9N12-23. ヤンカン山", "label": "W9N12-23. ヤンカン山", "call_short": "G7270 S100 .J36", "call_num": "G7270 S100 .J36 W9N12-23", "recid": "mf314xb8665", "websiteUrl": "https://purl.stanford.edu/mf314xb8665", "title": "西伯利十万分一圖", "ckey": 12344846, "available": true, "iiifUrl": "https://purl.stanford.edu/mf314xb8665/iiif/manifest" }, "geometry": { "type": "Polygon", "coordinates": [ [ [ 112.5, 54.0000001 ], [ 113.0, 54.0000001 ], [ 113.0, 54.3333335 ], [ 112.5, 54.3333335 ], [ 112.5, 54.0000001 ] ] ] } },
{ "type": "Feature", "properties": { "Id": 0, "Sheet_ID": "W9N12-18. マレクタ河", "label": "W9N12-18. マレクタ河", "call_short": "G7270 S100 .J36", "call_num": "G7270 S100 .J36 W9N12-18", "recid": "gn064dj5084", "websiteUrl": "https://purl.stanford.edu/gn064dj5084", "title": "西伯利十万分一圖", "ckey": 12344846, "available": true, "iiifUrl": "https://purl.stanford.edu/gn064dj5084/iiif/manifest" }, "geometry": { "type": "Polygon", "coordinates": [ [ [ 113.0, 54.0000001 ], [ 113.5, 54.0000001 ], [ 113.5, 54.3333335 ], [ 113.0, 54.3333335 ], [ 113.0, 54.0000001 ] ] ] } },
{ "type": "Feature", "properties": { "Id": 0, "Sheet_ID": "W9N12-12. ウソイ河", "label": "W9N12-12. ウソイ河", "call_short": "G7270 S100 .J36", "call_num": "G7270 S100 .J36 W9N12-12", "recid": "dw712rc6219", "websiteUrl": "https://purl.stanford.edu/dw712rc6219", "title": "西伯利十万分一圖", "ckey": 12344846, "available": true, "iiifUrl": "https://purl.stanford.edu/dw712rc6219/iiif/manifest" }, "geometry": { "type": "Polygon", "coordinates": [ [ [ 113.5, 54.3333335 ], [ 114.0, 54.3333335 ], [ 114.0, 54.6666668 ], [ 113.5, 54.6666668 ], [ 113.5, 54.3333335 ] ] ] } },
{ "type": "Feature", "properties": { "Id": 0, "Sheet_ID": "W9N12-7. イリャコンダ河", "label": "W9N12-7. イリャコンダ河", "call_short": "G7270 S100 .J36", "call_num": "G7270 S100 .J36 W9N12-7", "recid": "rh048jh4476", "websiteUrl": "https://purl.stanford.edu/rh048jh4476", "title": "西伯利十万分一圖", "ckey": 12344846, "available": true, "iiifUrl": "https://purl.stanford.edu/rh048jh4476/iiif/manifest" }, "geometry": { "type": "Polygon", "coordinates": [ [ [ 114.0, 54.3333335 ], [ 114.5, 54.3333335 ], [ 114.5, 54.6666668 ], [ 114.0, 54.6666668 ], [ 114.0, 54.3333335 ] ] ] } },
{ "type": "Feature", "properties": { "Id": 0, "Sheet_ID": "W9N12-2. セリ河", "label": "W9N12-2. セリ河", "call_short": "G7270 S100 .J36", "call_num": "G7270 S100 .J36 W9N12-2", "recid": "zc520gg0295", "websiteUrl": "https://purl.stanford.edu/zc520gg0295", "title": "西伯利十万分一圖", "ckey": 12344846, "available": true, "iiifUrl": "https://purl.stanford.edu/zc520gg0295/iiif/manifest" }, "geometry": { "type": "Polygon", "coordinates": [ [ [ 114.5, 54.3333335 ], [ 115.0, 54.3333335 ], [ 115.0, 54.6666668 ], [ 114.5, 54.6666668 ], [ 114.5, 54.3333335 ] ] ] } },
{ "type": "Feature", "properties": { "Id": 0, "Sheet_ID": "W9N12-21. ツィピカン河", "label": "W9N12-21. ツィピカン河", "call_short": "G7270 S100 .J36", "call_num": "G7270 S100 .J36 W9N12-21", "recid": "bx651pz0080", "websiteUrl": "https://purl.stanford.edu/bx651pz0080", "title": "西伯利十万分一圖", "ckey": 12344846, "available": true, "iiifUrl": "https://purl.stanford.edu/bx651pz0080/iiif/manifest" }, "geometry": { "type": "Polygon", "coordinates": [ [ [ 112.5, 54.6666668 ], [ 113.0, 54.6666668 ], [ 113.0, 55.0000002 ], [ 112.5, 55.0000002 ], [ 112.5, 54.6666668 ] ] ] } },
{ "type": "Feature", "properties": { "Id": 0, "Sheet_ID": "W9N13-23. ビラミヤ河", "label": "W9N13-23. ビラミヤ河", "call_short": "G7270 S100 .J36", "call_num": "G7270 S100 .J36 W9N13-23", "recid": "gx741xd0258", "websiteUrl": "https://purl.stanford.edu/gx741xd0258", "title": "西伯利十万分一圖", "ckey": 12344846, "available": true, "iiifUrl": "https://purl.stanford.edu/gx741xd0258/iiif/manifest" }, "geometry": { "type": "Polygon", "coordinates": [ [ [ 112.5, 55.6666669 ], [ 113.0, 55.6666669 ], [ 113.0, 56.0000003 ], [ 112.5, 56.0000003 ], [ 112.5, 55.6666669 ] ] ] } },
{ "type": "Feature", "properties": { "Id": 0, "Sheet_ID": "W9N13-18. ウオキツ河", "label": "W9N13-18. ウオキツ河", "call_short": "G7270 S100 .J36", "call_num": "G7270 S100 .J36 W9N13-18", "recid": "wk453wm8627", "websiteUrl": "https://purl.stanford.edu/wk453wm8627", "title": "西伯利十万分一圖", "ckey": 12344846, "available": true, "iiifUrl": "https://purl.stanford.edu/wk453wm8627/iiif/manifest" }, "geometry": { "type": "Polygon", "coordinates": [ [ [ 113.0, 55.6666669 ], [ 113.5, 55.6666669 ], [ 113.5, 56.0000003 ], [ 113.0, 56.0000003 ], [ 113.0, 55.6666669 ] ] ] } },
{ "type": "Feature", "properties": { "Id": 0, "Sheet_ID": "W9N13-13. アルガコン山", "label": "W9N13-13. アルガコン山", "call_short": "G7270 S100 .J36", "call_num": "G7270 S100 .J36 W9N13-13", "recid": "bd860fn9675", "websiteUrl": "https://purl.stanford.edu/bd860fn9675", "title": "西伯利十万分一圖", "ckey": 12344846, "available": true, "iiifUrl": "https://purl.stanford.edu/bd860fn9675/iiif/manifest" }, "geometry": { "type": "Polygon", "coordinates": [ [ [ 113.5, 55.6666669 ], [ 114.0, 55.6666669 ], [ 114.0, 56.0000003 ], [ 113.5, 56.0000003 ], [ 113.5, 55.6666669 ] ] ] } },
{ "type": "Feature", "properties": { "Id": 0, "Sheet_ID": "W8N10-25. バイン・ツァガン", "label": "W8N10-25. バイン・ツァガン", "call_short": "G7270 S100 .J36", "call_num": "G7270 S100 .J36 W8N10-25", "recid": "kr608dp3199", "websiteUrl": "https://purl.stanford.edu/kr608dp3199", "title": "西伯利十万分一圖", "ckey": 12344846, "available": true, "iiifUrl": "https://purl.stanford.edu/kr608dp3199/iiif/manifest" }, "geometry": { "type": "Polygon", "coordinates": [ [ [ 115.0, 50.0 ], [ 115.5, 50.0 ], [ 115.5, 50.3333333 ], [ 115.0, 50.3333333 ], [ 115.0, 50.0 ] ] ] } },
{ "type": "Feature", "properties": { "Id": 0, "Sheet_ID": "W8N10-20. クルスゥタイ", "label": "W8N10-20. クルスゥタイ", "call_short": "0", "call_num": "0", "recid": "0", "websiteUrl": "0", "title": "0", "ckey": 0, "available": false, "iiifUrl": "0" }, "geometry": { "type": "Polygon", "coordinates": [ [ [ 115.5, 50.0 ], [ 116.0, 50.0 ], [ 116.0, 50.3333333 ], [ 115.5, 50.3333333 ], [ 115.5, 50.0 ] ] ] } },
{ "type": "Feature", "properties": { "Id": 0, "Sheet_ID": "W8N10-15. ボルジンスコエ湖", "label": "W8N10-15. ボルジンスコエ湖", "call_short": "0", "call_num": "0", "recid": "0", "websiteUrl": "0", "title": "0", "ckey": 0, "available": false, "iiifUrl": "0" }, "geometry": { "type": "Polygon", "coordinates": [ [ [ 116.0, 50.0 ], [ 116.5, 50.0 ], [ 116.5, 50.3333333 ], [ 116.0, 50.3333333 ], [ 116.0, 50.0 ] ] ] } },
{ "type": "Feature", "properties": { "Id": 0, "Sheet_ID": "W8N10-10. ハラノール驛", "label": "W8N10-10. ハラノール驛", "call_short": "G7270 S100 .J36", "call_num": "G7270 S100 .J36 W8N10-10", "recid": "xj734hn4757", "websiteUrl": "https://purl.stanford.edu/xj734hn4757", "title": "西伯利十万分一圖", "ckey": 12344846, "available": true, "iiifUrl": "https://purl.stanford.edu/xj734hn4757/iiif/manifest" }, "geometry": { "type": "Polygon", "coordinates": [ [ [ 116.5, 50.0 ], [ 117.0, 50.0 ], [ 117.0, 50.3333333 ], [ 116.5, 50.3333333 ], [ 116.5, 50.0 ] ] ] } },
{ "type": "Feature", "properties": { "Id": 0, "Sheet_ID": "W8N10-5. クラースヌイ・ヴェリカン・ソフホーズ", "label": "W8N10-5. クラースヌイ・ヴェリカン・ソフホーズ", "call_short": "G7270 S100 .J36", "call_num": "G7270 S100 .J36 W8N10-5", "recid": "qv973sk2693", "websiteUrl": "https://purl.stanford.edu/qv973sk2693", "title": "西伯利十万分一圖", "ckey": 12344846, "available": true, "iiifUrl": "https://purl.stanford.edu/qv973sk2693/iiif/manifest" }, "geometry": { "type": "Polygon", "coordinates": [ [ [ 117.0, 50.0 ], [ 117.5, 50.0 ], [ 117.5, 50.3333333 ], [ 117.0, 50.3333333 ], [ 117.0, 50.0 ] ] ] } },
{ "type": "Feature", "properties": { "Id": 0, "Sheet_ID": "W8N10-24. ツァスチェフスキー", "label": "W8N10-24. ツァスチェフスキー", "call_short": "G7270 S100 .J36", "call_num": "G7270 S100 .J36 W8N10-24", "recid": "qy669zt1322", "websiteUrl": "https://purl.stanford.edu/qy669zt1322", "title": "西伯利十万分一圖", "ckey": 12344846, "available": true, "iiifUrl": "https://purl.stanford.edu/qy669zt1322/iiif/manifest" }, "geometry": { "type": "Polygon", "coordinates": [ [ [ 115.0, 50.3333333 ], [ 115.5, 50.3333333 ], [ 115.5, 50.6666667 ], [ 115.0, 50.6666667 ], [ 115.0, 50.3333333 ] ] ] } },
{ "type": "Feature", "properties": { "Id": 0, "Sheet_ID": "W8N10-19. スタールィ・チンダント", "label": "W8N10-19. スタールィ・チンダント", "call_short": "G7270 S100 .J36", "call_num": "G7270 S100 .J36 W8N10-19", "recid": "hs212jz7532", "websiteUrl": "https://purl.stanford.edu/hs212jz7532", "title": "西伯利十万分一圖", "ckey": 12344846, "available": true, "iiifUrl": "https://purl.stanford.edu/hs212jz7532/iiif/manifest" }, "geometry": { "type": "Polygon", "coordinates": [ [ [ 115.5, 50.3333333 ], [ 116.0, 50.3333333 ], [ 116.0, 50.6666667 ], [ 115.5, 50.6666667 ], [ 115.5, 50.3333333 ] ] ] } },
{ "type": "Feature", "properties": { "Id": 0, "Sheet_ID": "W8N10-14. 第二チンダント", "label": "W8N10-14. 第二チンダント", "call_short": "G7270 S100 .J36", "call_num": "G7270 S100 .J36 W8N10-14", "recid": "wg832gz1130", "websiteUrl": "https://purl.stanford.edu/wg832gz1130", "title": "西伯利十万分一圖", "ckey": 12344846, "available": true, "iiifUrl": "https://purl.stanford.edu/wg832gz1130/iiif/manifest" }, "geometry": { "type": "Polygon", "coordinates": [ [ [ 116.0, 50.3333333 ], [ 116.5, 50.3333333 ], [ 116.5, 50.6666667 ], [ 116.0, 50.6666667 ], [ 116.0, 50.3333333 ] ] ] } },
{ "type": "Feature", "properties": { "Id": 0, "Sheet_ID": "W8N10-9. ボルジャ", "label": "W8N10-9. ボルジャ", "call_short": "G7270 S100 .J36", "call_num": "G7270 S100 .J36 W8N10-9", "recid": "mh400hm3971", "websiteUrl": "https://purl.stanford.edu/mh400hm3971", "title": "西伯利十万分一圖", "ckey": 12344846, "available": true, "iiifUrl": "https://purl.stanford.edu/mh400hm3971/iiif/manifest" }, "geometry": { "type": "Polygon", "coordinates": [ [ [ 116.5, 50.3333333 ], [ 117.0, 50.3333333 ], [ 117.0, 50.6666667 ], [ 116.5, 50.6666667 ], [ 116.5, 50.3333333 ] ] ] } },
{ "type": "Feature", "properties": { "Id": 0, "Sheet_ID": "W8N10-4. ツァガン・オルーエフスカヤ", "label": "W8N10-4. ツァガン・オルーエフスカヤ", "call_short": "0", "call_num": "0", "recid": "0", "websiteUrl": "0", "title": "0", "ckey": 0, "available": false, "iiifUrl": "0" }, "geometry": { "type": "Polygon", "coordinates": [ [ [ 117.0, 50.3333333 ], [ 117.5, 50.3333333 ], [ 117.5, 50.6666667 ], [ 117.0, 50.6666667 ], [ 117.0, 50.3333333 ] ] ] } },
{ "type": "Feature", "properties": { "Id": 0, "Sheet_ID": "W8N10-23. 第七十二號待避驛", "label": "W8N10-23. 第七十二號待避驛", "call_short": "G7270 S100 .J36", "call_num": "G7270 S100 .J36 W8N10-23", "recid": "bg908jv2818", "websiteUrl": "https://purl.stanford.edu/bg908jv2818", "title": "西伯利十万分一圖", "ckey": 12344846, "available": true, "iiifUrl": "https://purl.stanford.edu/bg908jv2818/iiif/manifest" }, "geometry": { "type": "Polygon", "coordinates": [ [ [ 115.0, 50.6666667 ], [ 115.5, 50.6666667 ], [ 115.5, 51.0 ], [ 115.0, 51.0 ], [ 115.0, 50.6666667 ] ] ] } },
{ "type": "Feature", "properties": { "Id": 0, "Sheet_ID": "W8N10-18. オロビャンヌィ", "label": "W8N10-18. オロビャンヌィ", "call_short": "0", "call_num": "0", "recid": "0", "websiteUrl": "0", "title": "0", "ckey": 0, "available": false, "iiifUrl": "0" }, "geometry": { "type": "Polygon", "coordinates": [ [ [ 115.5, 50.6666667 ], [ 116.0, 50.6666667 ], [ 116.0, 51.0 ], [ 115.5, 51.0 ], [ 115.5, 50.6666667 ] ] ] } },
{ "type": "Feature", "properties": { "Id": 0, "Sheet_ID": "W8N10-13. 第七十七號待避驛", "label": "W8N10-13. 第七十七號待避驛", "call_short": "G7270 S100 .J36", "call_num": "G7270 S100 .J36 W8N10-13", "recid": "mj526xn5345", "websiteUrl": "https://purl.stanford.edu/mj526xn5345", "title": "西伯利十万分一圖", "ckey": 12344846, "available": true, "iiifUrl": "https://purl.stanford.edu/mj526xn5345/iiif/manifest" }, "geometry": { "type": "Polygon", "coordinates": [ [ [ 116.0, 50.6666667 ], [ 116.5, 50.6666667 ], [ 116.5, 51.0 ], [ 116.0, 51.0 ], [ 116.0, 50.6666667 ] ] ] } },
{ "type": "Feature", "properties": { "Id": 0, "Sheet_ID": "W8N10-8. クラースヌイ・アクチャーブリ", "label": "W8N10-8. クラースヌイ・アクチャーブリ", "call_short": "G7270 S100 .J36", "call_num": "G7270 S100 .J36 W8N10-8", "recid": "vc040wd0235", "websiteUrl": "https://purl.stanford.edu/vc040wd0235", "title": "西伯利十万分一圖", "ckey": 12344846, "available": true, "iiifUrl": "https://purl.stanford.edu/vc040wd0235/iiif/manifest" }, "geometry": { "type": "Polygon", "coordinates": [ [ [ 116.5, 50.6666667 ], [ 117.0, 50.6666667 ], [ 117.0, 51.0 ], [ 116.5, 51.0 ], [ 116.5, 50.6666667 ] ] ] } },
{ "type": "Feature", "properties": { "Id": 0, "Sheet_ID": "W8N10-3. 名稱ヤキーモフ・コルホーズ", "label": "W8N10-3. 名稱ヤキーモフ・コルホーズ", "call_short": "G7270 S100 .J36", "call_num": "G7270 S100 .J36 W8N10-3", "recid": "tk064zt0356", "websiteUrl": "https://purl.stanford.edu/tk064zt0356", "title": "西伯利十万分一圖", "ckey": 12344846, "available": true, "iiifUrl": "https://purl.stanford.edu/tk064zt0356/iiif/manifest" }, "geometry": { "type": "Polygon", "coordinates": [ [ [ 117.0, 50.6666667 ], [ 117.5, 50.6666667 ], [ 117.5, 51.0 ], [ 117.0, 51.0 ], [ 117.0, 50.6666667 ] ] ] } },
{ "type": "Feature", "properties": { "Id": 0, "Sheet_ID": "W8N10-22. ブィルキ谷", "label": "W8N10-22. ブィルキ谷", "call_short": "0", "call_num": "0", "recid": "0", "websiteUrl": "0", "title": "0", "ckey": 0, "available": false, "iiifUrl": "0" }, "geometry": { "type": "Polygon", "coordinates": [ [ [ 115.0, 51.0 ], [ 115.5, 51.0 ], [ 115.5, 51.3333334 ], [ 115.0, 51.3333334 ], [ 115.0, 51.0 ] ] ] } },
{ "type": "Feature", "properties": { "Id": 0, "Sheet_ID": "W8N10-17. シャロナイ", "label": "W8N10-17. シャロナイ", "call_short": "G7270 S100 .J36", "call_num": "G7270 S100 .J36 W8N10-17", "recid": "yh037xv8813", "websiteUrl": "https://purl.stanford.edu/yh037xv8813", "title": "西伯利十万分一圖", "ckey": 12344846, "available": true, "iiifUrl": "https://purl.stanford.edu/yh037xv8813/iiif/manifest" }, "geometry": { "type": "Polygon", "coordinates": [ [ [ 115.5, 51.0 ], [ 116.0, 51.0 ], [ 116.0, 51.3333334 ], [ 115.5, 51.3333334 ], [ 115.5, 51.0 ] ] ] } },
{ "type": "Feature", "properties": { "Id": 0, "Sheet_ID": "W8N10-12. ブルリャートゥイ", "label": "W8N10-12. ブルリャートゥイ", "call_short": "G7270 S100 .J36", "call_num": "G7270 S100 .J36 W8N10-12", "recid": "rm352jq6309", "websiteUrl": "https://purl.stanford.edu/rm352jq6309", "title": "西伯利十万分一圖", "ckey": 12344846, "available": true, "iiifUrl": "https://purl.stanford.edu/rm352jq6309/iiif/manifest" }, "geometry": { "type": "Polygon", "coordinates": [ [ [ 116.0, 51.0 ], [ 116.5, 51.0 ], [ 116.5, 51.3333334 ], [ 116.0, 51.3333334 ], [ 116.0, 51.0 ] ] ] } },
{ "type": "Feature", "properties": { "Id": 0, "Sheet_ID": "W8N10-7. シウンドゥーヤ", "label": "W8N10-7. シウンドゥーヤ", "call_short": "G7270 S100 .J36", "call_num": "G7270 S100 .J36 W8N10-7", "recid": "fb300kr2181", "websiteUrl": "https://purl.stanford.edu/fb300kr2181", "title": "西伯利十万分一圖", "ckey": 12344846, "available": true, "iiifUrl": "https://purl.stanford.edu/fb300kr2181/iiif/manifest" }, "geometry": { "type": "Polygon", "coordinates": [ [ [ 116.5, 51.0 ], [ 117.0, 51.0 ], [ 117.0, 51.3333334 ], [ 116.5, 51.3333334 ], [ 116.5, 51.0 ] ] ] } },
{ "type": "Feature", "properties": { "Id": 0, "Sheet_ID": "W8N10-2. オノーン・ボルズィンスカヤ", "label": "W8N10-2. オノーン・ボルズィンスカヤ", "call_short": "G7270 S100 .J36", "call_num": "G7270 S100 .J36 W8N10-2", "recid": "vv215hn3343", "websiteUrl": "https://purl.stanford.edu/vv215hn3343", "title": "西伯利十万分一圖", "ckey": 12344846, "available": true, "iiifUrl": "https://purl.stanford.edu/vv215hn3343/iiif/manifest" }, "geometry": { "type": "Polygon", "coordinates": [ [ [ 117.0, 51.0 ], [ 117.5, 51.0 ], [ 117.5, 51.3333334 ], [ 117.0, 51.3333334 ], [ 117.0, 51.0 ] ] ] } },
{ "type": "Feature", "properties": { "Id": 0, "Sheet_ID": "W8N10-21. ヴェールフネチロン", "label": "W8N10-21. ヴェールフネチロン", "call_short": "0", "call_num": "0", "recid": "0", "websiteUrl": "0", "title": "0", "ckey": 0, "available": false, "iiifUrl": "0" }, "geometry": { "type": "Polygon", "coordinates": [ [ [ 115.0, 51.3333334 ], [ 115.5, 51.3333334 ], [ 115.5, 51.6666667 ], [ 115.0, 51.6666667 ], [ 115.0, 51.3333334 ] ] ] } },
{ "type": "Feature", "properties": { "Id": 0, "Sheet_ID": "W8N10-16. キローチァ", "label": "W8N10-16. キローチァ", "call_short": "G7270 S100 .J36", "call_num": "G7270 S100 .J36 W8N10-16", "recid": "yx293zj6390", "websiteUrl": "https://purl.stanford.edu/yx293zj6390", "title": "西伯利十万分一圖", "ckey": 12344846, "available": true, "iiifUrl": "https://purl.stanford.edu/yx293zj6390/iiif/manifest" }, "geometry": { "type": "Polygon", "coordinates": [ [ [ 115.5, 51.3333334 ], [ 116.0, 51.3333334 ], [ 116.0, 51.6666667 ], [ 115.5, 51.6666667 ], [ 115.5, 51.3333334 ] ] ] } },
{ "type": "Feature", "properties": { "Id": 0, "Sheet_ID": "W8N10-11. セミヨノフ", "label": "W8N10-11. セミヨノフ", "call_short": "G7270 S100 .J36", "call_num": "G7270 S100 .J36 W8N10-11", "recid": "df004hj5914", "websiteUrl": "https://purl.stanford.edu/df004hj5914", "title": "西伯利十万分一圖", "ckey": 12344846, "available": true, "iiifUrl": "https://purl.stanford.edu/df004hj5914/iiif/manifest" }, "geometry": { "type": "Polygon", "coordinates": [ [ [ 116.0, 51.3333334 ], [ 116.5, 51.3333334 ], [ 116.5, 51.6666667 ], [ 116.0, 51.6666667 ], [ 116.0, 51.3333334 ] ] ] } },
{ "type": "Feature", "properties": { "Id": 0, "Sheet_ID": "W8N10-6. ノーヴォトロイツカヤ", "label": "W8N10-6. ノーヴォトロイツカヤ", "call_short": "G7270 S100 .J36", "call_num": "G7270 S100 .J36 W8N10-6", "recid": "zz919xv0699", "websiteUrl": "https://purl.stanford.edu/zz919xv0699", "title": "西伯利十万分一圖", "ckey": 12344846, "available": true, "iiifUrl": "https://purl.stanford.edu/zz919xv0699/iiif/manifest" }, "geometry": { "type": "Polygon", "coordinates": [ [ [ 116.5, 51.3333334 ], [ 117.0, 51.3333334 ], [ 117.0, 51.6666667 ], [ 116.5, 51.6666667 ], [ 116.5, 51.3333334 ] ] ] } },
{ "type": "Feature", "properties": { "Id": 0, "Sheet_ID": "W8N10-1. グロボーウォ", "label": "W8N10-1. グロボーウォ", "call_short": "G7270 S100 .J36", "call_num": "G7270 S100 .J36 W8N10-1", "recid": "jb576rp0510", "websiteUrl": "https://purl.stanford.edu/jb576rp0510", "title": "西伯利十万分一圖", "ckey": 12344846, "available": true, "iiifUrl": "https://purl.stanford.edu/jb576rp0510/iiif/manifest" }, "geometry": { "type": "Polygon", "coordinates": [ [ [ 117.0, 51.3333334 ], [ 117.5, 51.3333334 ], [ 117.5, 51.6666667 ], [ 117.0, 51.6666667 ], [ 117.0, 51.3333334 ] ] ] } },
{ "type": "Feature", "properties": { "Id": 0, "Sheet_ID": "W8N11-25. ガルキンスキー", "label": "W8N11-25. ガルキンスキー", "call_short": "0", "call_num": "0", "recid": "0", "websiteUrl": "0", "title": "0", "ckey": 0, "available": false, "iiifUrl": "0" }, "geometry": { "type": "Polygon", "coordinates": [ [ [ 115.0, 51.6666667 ], [ 115.5, 51.6666667 ], [ 115.5, 52.0000001 ], [ 115.0, 52.0000001 ], [ 115.0, 51.6666667 ] ] ] } },
{ "type": "Feature", "properties": { "Id": 0, "Sheet_ID": "W8N11-20. カザノフスキー", "label": "W8N11-20. カザノフスキー", "call_short": "0", "call_num": "0", "recid": "0", "websiteUrl": "0", "title": "0", "ckey": 0, "available": false, "iiifUrl": "0" }, "geometry": { "type": "Polygon", "coordinates": [ [ [ 115.5, 51.6666667 ], [ 116.0, 51.6666667 ], [ 116.0, 52.0000001 ], [ 115.5, 52.0000001 ], [ 115.5, 51.6666667 ] ] ] } },
{ "type": "Feature", "properties": { "Id": 0, "Sheet_ID": "W8N11-15. ミルサノフスキー", "label": "W8N11-15. ミルサノフスキー", "call_short": "0", "call_num": "0", "recid": "0", "websiteUrl": "0", "title": "0", "ckey": 0, "available": false, "iiifUrl": "0" }, "geometry": { "type": "Polygon", "coordinates": [ [ [ 116.0, 51.6666667 ], [ 116.5, 51.6666667 ], [ 116.5, 52.0000001 ], [ 116.0, 52.0000001 ], [ 116.0, 51.6666667 ] ] ] } },
{ "type": "Feature", "properties": { "Id": 0, "Sheet_ID": "W8N11-10. ネルチンスク", "label": "W8N11-10. ネルチンスク", "call_short": "0", "call_num": "0", "recid": "0", "websiteUrl": "0", "title": "0", "ckey": 0, "available": false, "iiifUrl": "0" }, "geometry": { "type": "Polygon", "coordinates": [ [ [ 116.5, 51.6666667 ], [ 117.0, 51.6666667 ], [ 117.0, 52.0000001 ], [ 116.5, 52.0000001 ], [ 116.5, 51.6666667 ] ] ] } },
{ "type": "Feature", "properties": { "Id": 0, "Sheet_ID": "W8N11-5. ヂドキンスカーヤ", "label": "W8N11-5. ヂドキンスカーヤ", "call_short": "G7270 S100 .J36", "call_num": "G7270 S100 .J36 W8N11-5", "recid": "jd867js6559", "websiteUrl": "https://purl.stanford.edu/jd867js6559", "title": "西伯利十万分一圖", "ckey": 12344846, "available": true, "iiifUrl": "https://purl.stanford.edu/jd867js6559/iiif/manifest" }, "geometry": { "type": "Polygon", "coordinates": [ [ [ 117.0, 51.6666667 ], [ 117.5, 51.6666667 ], [ 117.5, 52.0000001 ], [ 117.0, 52.0000001 ], [ 117.0, 51.6666667 ] ] ] } },
{ "type": "Feature", "properties": { "Id": 0, "Sheet_ID": "W8N11-24. クチェゲルスキー", "label": "W8N11-24. クチェゲルスキー", "call_short": "G7270 S100 .J36", "call_num": "G7270 S100 .J36 W8N11-24", "recid": "vg797xs2488", "websiteUrl": "https://purl.stanford.edu/vg797xs2488", "title": "西伯利十万分一圖", "ckey": 12344846, "available": true, "iiifUrl": "https://purl.stanford.edu/vg797xs2488/iiif/manifest" }, "geometry": { "type": "Polygon", "coordinates": [ [ [ 115.0, 52.0000001 ], [ 115.5, 52.0000001 ], [ 115.5, 52.3333334 ], [ 115.0, 52.3333334 ], [ 115.0, 52.0000001 ] ] ] } },
{ "type": "Feature", "properties": { "Id": 0, "Sheet_ID": "W8N11-19. ツァガクシーン", "label": "W8N11-19. ツァガクシーン", "call_short": "G7270 S100 .J36", "call_num": "G7270 S100 .J36 W8N11-19", "recid": "dq707by8471", "websiteUrl": "https://purl.stanford.edu/dq707by8471", "title": "西伯利十万分一圖", "ckey": 12344846, "available": true, "iiifUrl": "https://purl.stanford.edu/dq707by8471/iiif/manifest" }, "geometry": { "type": "Polygon", "coordinates": [ [ [ 115.5, 52.0000001 ], [ 116.0, 52.0000001 ], [ 116.0, 52.3333334 ], [ 115.5, 52.3333334 ], [ 115.5, 52.0000001 ] ] ] } },
{ "type": "Feature", "properties": { "Id": 0, "Sheet_ID": "W8N11-14. トルギンスカヤ", "label": "W8N11-14. トルギンスカヤ", "call_short": "G7270 S100 .J36", "call_num": "G7270 S100 .J36 W8N11-14", "recid": "qx016hc9190", "websiteUrl": "https://purl.stanford.edu/qx016hc9190", "title": "西伯利十万分一圖", "ckey": 12344846, "available": true, "iiifUrl": "https://purl.stanford.edu/qx016hc9190/iiif/manifest" }, "geometry": { "type": "Polygon", "coordinates": [ [ [ 116.0, 52.0000001 ], [ 116.5, 52.0000001 ], [ 116.5, 52.3333334 ], [ 116.0, 52.3333334 ], [ 116.0, 52.0000001 ] ] ] } },
{ "type": "Feature", "properties": { "Id": 0, "Sheet_ID": "W8N11-9. タルスキー", "label": "W8N11-9. タルスキー", "call_short": "0", "call_num": "0", "recid": "0", "websiteUrl": "0", "title": "0", "ckey": 0, "available": false, "iiifUrl": "0" }, "geometry": { "type": "Polygon", "coordinates": [ [ [ 116.5, 52.0000001 ], [ 117.0, 52.0000001 ], [ 117.0, 52.3333334 ], [ 116.5, 52.3333334 ], [ 116.5, 52.0000001 ] ] ] } },
{ "type": "Feature", "properties": { "Id": 0, "Sheet_ID": "W8N11-4. クーエングスカヤ", "label": "W8N11-4. クーエングスカヤ", "call_short": "0", "call_num": "0", "recid": "0", "websiteUrl": "0", "title": "0", "ckey": 0, "available": false, "iiifUrl": "0" }, "geometry": { "type": "Polygon", "coordinates": [ [ [ 117.0, 52.0000001 ], [ 117.5, 52.0000001 ], [ 117.5, 52.3333334 ], [ 117.0, 52.3333334 ], [ 117.0, 52.0000001 ] ] ] } },
{ "type": "Feature", "properties": { "Id": 0, "Sheet_ID": "W8N11-13. アリンスク", "label": "W8N11-13. アリンスク", "call_short": "G7270 S100 .J36", "call_num": "G7270 S100 .J36 W8N11-13", "recid": "ns052vb5500", "websiteUrl": "https://purl.stanford.edu/ns052vb5500", "title": "西伯利十万分一圖", "ckey": 12344846, "available": true, "iiifUrl": "https://purl.stanford.edu/ns052vb5500/iiif/manifest" }, "geometry": { "type": "Polygon", "coordinates": [ [ [ 116.0, 52.3333334 ], [ 116.5, 52.3333334 ], [ 116.5, 52.6666668 ], [ 116.0, 52.6666668 ], [ 116.0, 52.3333334 ] ] ] } },
{ "type": "Feature", "properties": { "Id": 0, "Sheet_ID": "W8N11-8. スタールイ・オロフ", "label": "W8N11-8. スタールイ・オロフ", "call_short": "0", "call_num": "0", "recid": "0", "websiteUrl": "0", "title": "0", "ckey": 0, "available": false, "iiifUrl": "0" }, "geometry": { "type": "Polygon", "coordinates": [ [ [ 116.5, 52.3333334 ], [ 117.0, 52.3333334 ], [ 117.0, 52.6666668 ], [ 116.5, 52.6666668 ], [ 116.5, 52.3333334 ] ] ] } },
{ "type": "Feature", "properties": { "Id": 0, "Sheet_ID": "W8N11-3. ウクレー", "label": "W8N11-3. ウクレー", "call_short": "0", "call_num": "0", "recid": "0", "websiteUrl": "0", "title": "0", "ckey": 0, "available": false, "iiifUrl": "0" }, "geometry": { "type": "Polygon", "coordinates": [ [ [ 117.0, 52.3333334 ], [ 117.5, 52.3333334 ], [ 117.5, 52.6666668 ], [ 117.0, 52.6666668 ], [ 117.0, 52.3333334 ] ] ] } },
{ "type": "Feature", "properties": { "Id": 0, "Sheet_ID": "W8N11-2. ブシュレイ", "label": "W8N11-2. ブシュレイ", "call_short": "0", "call_num": "0", "recid": "0", "websiteUrl": "0", "title": "0", "ckey": 0, "available": false, "iiifUrl": "0" }, "geometry": { "type": "Polygon", "coordinates": [ [ [ 117.0, 52.6666668 ], [ 117.5, 52.6666668 ], [ 117.5, 53.0000001 ], [ 117.0, 53.0000001 ], [ 117.0, 52.6666668 ] ] ] } },
{ "type": "Feature", "properties": { "Id": 0, "Sheet_ID": "W8N12-25. ホルグリー河", "label": "W8N12-25. ホルグリー河", "call_short": "G7270 S100 .J36", "call_num": "G7270 S100 .J36 W8N12-25", "recid": "tc524sq2354", "websiteUrl": "https://purl.stanford.edu/tc524sq2354", "title": "西伯利十万分一圖", "ckey": 12344846, "available": true, "iiifUrl": "https://purl.stanford.edu/tc524sq2354/iiif/manifest" }, "geometry": { "type": "Polygon", "coordinates": [ [ [ 115.0, 53.3333335 ], [ 115.5, 53.3333335 ], [ 115.5, 53.6666668 ], [ 115.0, 53.6666668 ], [ 115.0, 53.3333335 ] ] ] } },
{ "type": "Feature", "properties": { "Id": 0, "Sheet_ID": "W8N12-20. イルガインダー河", "label": "W8N12-20. イルガインダー河", "call_short": "G7270 S100 .J36", "call_num": "G7270 S100 .J36 W8N12-20", "recid": "kk109yy9629", "websiteUrl": "https://purl.stanford.edu/kk109yy9629", "title": "西伯利十万分一圖", "ckey": 12344846, "available": true, "iiifUrl": "https://purl.stanford.edu/kk109yy9629/iiif/manifest" }, "geometry": { "type": "Polygon", "coordinates": [ [ [ 115.5, 53.3333335 ], [ 116.0, 53.3333335 ], [ 116.0, 53.6666668 ], [ 115.5, 53.6666668 ], [ 115.5, 53.3333335 ] ] ] } },
{ "type": "Feature", "properties": { "Id": 0, "Sheet_ID": "W8N12-19. ヂムウィーンヌィー河", "label": "W8N12-19. ヂムウィーンヌィー河", "call_short": "G7270 S100 .J36", "call_num": "G7270 S100 .J36 W8N12-19", "recid": "jp054cb7775", "websiteUrl": "https://purl.stanford.edu/jp054cb7775", "title": "西伯利十万分一圖", "ckey": 12344846, "available": true, "iiifUrl": "https://purl.stanford.edu/jp054cb7775/iiif/manifest" }, "geometry": { "type": "Polygon", "coordinates": [ [ [ 115.5, 53.6666668 ], [ 116.0, 53.6666668 ], [ 116.0, 54.0000002 ], [ 115.5, 54.0000002 ], [ 115.5, 53.6666668 ] ] ] } },
{ "type": "Feature", "properties": { "Id": 0, "Sheet_ID": "W8N12-21. ツィパ河", "label": "W8N12-21. ツィパ河", "call_short": "G7270 S100 .J36", "call_num": "G7270 S100 .J36 W8N12-21", "recid": "fz938zx9495", "websiteUrl": "https://purl.stanford.edu/fz938zx9495", "title": "西伯利十万分一圖", "ckey": 12344846, "available": true, "iiifUrl": "https://purl.stanford.edu/fz938zx9495/iiif/manifest" }, "geometry": { "type": "Polygon", "coordinates": [ [ [ 115.0, 54.6666669 ], [ 115.5, 54.6666669 ], [ 115.5, 55.0000002 ], [ 115.0, 55.0000002 ], [ 115.0, 54.6666669 ] ] ] } },
{ "type": "Feature", "properties": { "Id": 0, "Sheet_ID": "W8N12-16. カワクチ河", "label": "W8N12-16. カワクチ河", "call_short": "G7270 S100 .J36", "call_num": "G7270 S100 .J36 W8N12-16", "recid": "sx922hs0085", "websiteUrl": "https://purl.stanford.edu/sx922hs0085", "title": "西伯利十万分一圖", "ckey": 12344846, "available": true, "iiifUrl": "https://purl.stanford.edu/sx922hs0085/iiif/manifest" }, "geometry": { "type": "Polygon", "coordinates": [ [ [ 115.5, 54.6666669 ], [ 116.0, 54.6666669 ], [ 116.0, 55.0000002 ], [ 115.5, 55.0000002 ], [ 115.5, 54.6666669 ] ] ] } },
{ "type": "Feature", "properties": { "Id": 0, "Sheet_ID": "W8N13-23. トゥルヅニ河", "label": "W8N13-23. トゥルヅニ河", "call_short": "G7270 S100 .J36", "call_num": "G7270 S100 .J36 W8N13-23", "recid": "qp284db0628", "websiteUrl": "https://purl.stanford.edu/qp284db0628", "title": "西伯利十万分一圖", "ckey": 12344846, "available": true, "iiifUrl": "https://purl.stanford.edu/qp284db0628/iiif/manifest" }, "geometry": { "type": "Polygon", "coordinates": [ [ [ 115.0, 55.6666669 ], [ 115.5, 55.6666669 ], [ 115.5, 56.0000003 ], [ 115.0, 56.0000003 ], [ 115.0, 55.6666669 ] ] ] } },
{ "type": "Feature", "properties": { "Id": 0, "Sheet_ID": "W8N13-18. ブムブイカ", "label": "W8N13-18. ブムブイカ", "call_short": "G7270 S100 .J36", "call_num": "G7270 S100 .J36 W8N13-18", "recid": "fb980pd7366", "websiteUrl": "https://purl.stanford.edu/fb980pd7366", "title": "西伯利十万分一圖", "ckey": 12344846, "available": true, "iiifUrl": "https://purl.stanford.edu/fb980pd7366/iiif/manifest" }, "geometry": { "type": "Polygon", "coordinates": [ [ [ 115.5, 55.6666669 ], [ 116.0, 55.6666669 ], [ 116.0, 56.0000003 ], [ 115.5, 56.0000003 ], [ 115.5, 55.6666669 ] ] ] } },
{ "type": "Feature", "properties": { "Id": 0, "Sheet_ID": "W7N10-25. ソクトゥーエフスキー", "label": "W7N10-25. ソクトゥーエフスキー", "call_short": "0", "call_num": "0", "recid": "0", "websiteUrl": "0", "title": "0", "ckey": 0, "available": false, "iiifUrl": "0" }, "geometry": { "type": "Polygon", "coordinates": [ [ [ 117.5, 50.0 ], [ 118.0, 50.0 ], [ 118.0, 50.3333333 ], [ 117.5, 50.3333333 ], [ 117.5, 50.0 ] ] ] } },
{ "type": "Feature", "properties": { "Id": 0, "Sheet_ID": "W7N10-20. ウスチ・クイル・キーリンスコエ", "label": "W7N10-20. ウスチ・クイル・キーリンスコエ", "call_short": "0", "call_num": "0", "recid": "0", "websiteUrl": "0", "title": "0", "ckey": 0, "available": false, "iiifUrl": "0" }, "geometry": { "type": "Polygon", "coordinates": [ [ [ 118.0, 50.0 ], [ 118.5, 50.0 ], [ 118.5, 50.3333333 ], [ 118.0, 50.3333333 ], [ 118.0, 50.0 ] ] ] } },
{ "type": "Feature", "properties": { "Id": 0, "Sheet_ID": "W7N10-15. ドゥローエフスカヤ", "label": "W7N10-15. ドゥローエフスカヤ", "call_short": "G7270 S100 .J36", "call_num": "G7270 S100 .J36 W7N10-15", "recid": "mz760tx7760", "websiteUrl": "https://purl.stanford.edu/mz760tx7760", "title": "西伯利十万分一圖", "ckey": 12344846, "available": true, "iiifUrl": "https://purl.stanford.edu/mz760tx7760/iiif/manifest" }, "geometry": { "type": "Polygon", "coordinates": [ [ [ 118.5, 50.0 ], [ 119.0, 50.0 ], [ 119.0, 50.3333333 ], [ 118.5, 50.3333333 ], [ 118.5, 50.0 ] ] ] } },
{ "type": "Feature", "properties": { "Id": 0, "Sheet_ID": "W7N10-10. スターロ・ツルハーイツイ", "label": "W7N10-10. スターロ・ツルハーイツイ", "call_short": "0", "call_num": "0", "recid": "0", "websiteUrl": "0", "title": "0", "ckey": 0, "available": false, "iiifUrl": "0" }, "geometry": { "type": "Polygon", "coordinates": [ [ [ 119.0, 50.0 ], [ 119.5, 50.0 ], [ 119.5, 50.3333333 ], [ 119.0, 50.3333333 ], [ 119.0, 50.0 ] ] ] } },
{ "type": "Feature", "properties": { "Id": 0, "Sheet_ID": "W7N10-24. マンケチゥール", "label": "W7N10-24. マンケチゥール", "call_short": "G7270 S100 .J36", "call_num": "G7270 S100 .J36 W7N10-24", "recid": "wc040rd7624", "websiteUrl": "https://purl.stanford.edu/wc040rd7624", "title": "西伯利十万分一圖", "ckey": 12344846, "available": true, "iiifUrl": "https://purl.stanford.edu/wc040rd7624/iiif/manifest" }, "geometry": { "type": "Polygon", "coordinates": [ [ [ 117.5, 50.3333333 ], [ 118.0, 50.3333333 ], [ 118.0, 50.6666666 ], [ 117.5, 50.6666666 ], [ 117.5, 50.3333333 ] ] ] } },
{ "type": "Feature", "properties": { "Id": 0, "Sheet_ID": "W7N10-19. ムリンスキー", "label": "W7N10-19. ムリンスキー", "call_short": "G7270 S100 .J36", "call_num": "G7270 S100 .J36 W7N10-19", "recid": "tp494jm4620", "websiteUrl": "https://purl.stanford.edu/tp494jm4620", "title": "西伯利十万分一圖", "ckey": 12344846, "available": true, "iiifUrl": "https://purl.stanford.edu/tp494jm4620/iiif/manifest" }, "geometry": { "type": "Polygon", "coordinates": [ [ [ 118.0, 50.3333333 ], [ 118.5, 50.3333333 ], [ 118.5, 50.6666666 ], [ 118.0, 50.6666666 ], [ 118.0, 50.3333333 ] ] ] } },
{ "type": "Feature", "properties": { "Id": 0, "Sheet_ID": "W7N10-14. ブィルカ", "label": "W7N10-14. ブィルカ", "call_short": "G7270 S100 .J36", "call_num": "G7270 S100 .J36 W7N10-14", "recid": "fd155wk0785", "websiteUrl": "https://purl.stanford.edu/fd155wk0785", "title": "西伯利十万分一圖", "ckey": 12344846, "available": true, "iiifUrl": "https://purl.stanford.edu/fd155wk0785/iiif/manifest" }, "geometry": { "type": "Polygon", "coordinates": [ [ [ 118.5, 50.3333333 ], [ 119.0, 50.3333333 ], [ 119.0, 50.6666666 ], [ 118.5, 50.6666666 ], [ 118.5, 50.3333333 ] ] ] } },
{ "type": "Feature", "properties": { "Id": 0, "Sheet_ID": "W7N10-9. 泉山子", "label": "W7N10-9. 泉山子", "call_short": "0", "call_num": "0", "recid": "0", "websiteUrl": "0", "title": "0", "ckey": 0, "available": false, "iiifUrl": "0" }, "geometry": { "type": "Polygon", "coordinates": [ [ [ 119.0, 50.3333333 ], [ 119.5, 50.3333333 ], [ 119.5, 50.6666666 ], [ 119.0, 50.6666666 ], [ 119.0, 50.3333333 ] ] ] } },
{ "type": "Feature", "properties": { "Id": 0, "Sheet_ID": "W7N10-23. アレクサンドロフスキー・ザヴォード", "label": "W7N10-23. アレクサンドロフスキー・ザヴォード", "call_short": "G7270 S100 .J36", "call_num": "G7270 S100 .J36 W7N10-23", "recid": "jh505jb3445", "websiteUrl": "https://purl.stanford.edu/jh505jb3445", "title": "西伯利十万分一圖", "ckey": 12344846, "available": true, "iiifUrl": "https://purl.stanford.edu/jh505jb3445/iiif/manifest" }, "geometry": { "type": "Polygon", "coordinates": [ [ [ 117.5, 50.6666666 ], [ 118.0, 50.6666666 ], [ 118.0, 50.9999999 ], [ 117.5, 50.9999999 ], [ 117.5, 50.6666666 ] ] ] } },
{ "type": "Feature", "properties": { "Id": 0, "Sheet_ID": "W7N10-18. チンダガターイ", "label": "W7N10-18. チンダガターイ", "call_short": "0", "call_num": "0", "recid": "0", "websiteUrl": "0", "title": "0", "ckey": 0, "available": false, "iiifUrl": "0" }, "geometry": { "type": "Polygon", "coordinates": [ [ [ 118.0, 50.6666666 ], [ 118.5, 50.6666666 ], [ 118.5, 50.9999999 ], [ 118.0, 50.9999999 ], [ 118.0, 50.6666666 ] ] ] } },
{ "type": "Feature", "properties": { "Id": 0, "Sheet_ID": "W7N10-13. ドノー", "label": "W7N10-13. ドノー", "call_short": "G7270 S100 .J36", "call_num": "G7270 S100 .J36 W7N10-13", "recid": "df475nd9401", "websiteUrl": "https://purl.stanford.edu/df475nd9401", "title": "西伯利十万分一圖", "ckey": 12344846, "available": true, "iiifUrl": "https://purl.stanford.edu/df475nd9401/iiif/manifest" }, "geometry": { "type": "Polygon", "coordinates": [ [ [ 118.5, 50.6666666 ], [ 119.0, 50.6666666 ], [ 119.0, 50.9999999 ], [ 118.5, 50.9999999 ], [ 118.5, 50.6666666 ] ] ] } },
{ "type": "Feature", "properties": { "Id": 0, "Sheet_ID": "W7N10-8. ブリンスキー", "label": "W7N10-8. ブリンスキー", "call_short": "0", "call_num": "0", "recid": "0", "websiteUrl": "0", "title": "0", "ckey": 0, "available": false, "iiifUrl": "0" }, "geometry": { "type": "Polygon", "coordinates": [ [ [ 119.0, 50.6666666 ], [ 119.5, 50.6666666 ], [ 119.5, 50.9999999 ], [ 119.0, 50.9999999 ], [ 119.0, 50.6666666 ] ] ] } },
{ "type": "Feature", "properties": { "Id": 0, "Sheet_ID": "W7N10-3. エルギール山", "label": "W7N10-3. エルギール山", "call_short": "0", "call_num": "0", "recid": "0", "websiteUrl": "0", "title": "0", "ckey": 0, "available": false, "iiifUrl": "0" }, "geometry": { "type": "Polygon", "coordinates": [ [ [ 119.5, 50.6666666 ], [ 120.0, 50.6666666 ], [ 120.0, 50.9999999 ], [ 119.5, 50.9999999 ], [ 119.5, 50.6666666 ] ] ] } },
{ "type": "Feature", "properties": { "Id": 0, "Sheet_ID": "W7N10-22. アレヌーイ", "label": "W7N10-22. アレヌーイ", "call_short": "0", "call_num": "0", "recid": "0", "websiteUrl": "0", "title": "0", "ckey": 0, "available": false, "iiifUrl": "0" }, "geometry": { "type": "Polygon", "coordinates": [ [ [ 117.5, 50.9999999 ], [ 118.0, 50.9999999 ], [ 118.0, 51.3333332 ], [ 117.5, 51.3333332 ], [ 117.5, 50.9999999 ] ] ] } },
{ "type": "Feature", "properties": { "Id": 0, "Sheet_ID": "W7N10-17. ボフティンスキー", "label": "W7N10-17. ボフティンスキー", "call_short": "0", "call_num": "0", "recid": "0", "websiteUrl": "0", "title": "0", "ckey": 0, "available": false, "iiifUrl": "0" }, "geometry": { "type": "Polygon", "coordinates": [ [ [ 118.0, 50.9999999 ], [ 118.5, 50.9999999 ], [ 118.5, 51.3333332 ], [ 118.0, 51.3333332 ], [ 118.0, 50.9999999 ] ] ] } },
{ "type": "Feature", "properties": { "Id": 0, "Sheet_ID": "W7N10-12. クトマールスコエ", "label": "W7N10-12. クトマールスコエ", "call_short": "G7270 S100 .J36", "call_num": "G7270 S100 .J36 W7N10-12", "recid": "st783hk5953", "websiteUrl": "https://purl.stanford.edu/st783hk5953", "title": "西伯利十万分一圖", "ckey": 12344846, "available": true, "iiifUrl": "https://purl.stanford.edu/st783hk5953/iiif/manifest" }, "geometry": { "type": "Polygon", "coordinates": [ [ [ 118.5, 50.9999999 ], [ 119.0, 50.9999999 ], [ 119.0, 51.3333332 ], [ 118.5, 51.3333332 ], [ 118.5, 50.9999999 ] ] ] } },
{ "type": "Feature", "properties": { "Id": 0, "Sheet_ID": "W7N10-7. チァシーノイリヂーカンスキー", "label": "W7N10-7. チァシーノイリヂーカンスキー", "call_short": "G7270 S100 .J36", "call_num": "G7270 S100 .J36 W7N10-7", "recid": "jm219bj5599", "websiteUrl": "https://purl.stanford.edu/jm219bj5599", "title": "西伯利十万分一圖", "ckey": 12344846, "available": true, "iiifUrl": "https://purl.stanford.edu/jm219bj5599/iiif/manifest" }, "geometry": { "type": "Polygon", "coordinates": [ [ [ 119.0, 50.9999999 ], [ 119.5, 50.9999999 ], [ 119.5, 51.3333332 ], [ 119.0, 51.3333332 ], [ 119.0, 50.9999999 ] ] ] } },
{ "type": "Feature", "properties": { "Id": 0, "Sheet_ID": "W7N10-2. ネルチンスキー・ザヴォード", "label": "W7N10-2. ネルチンスキー・ザヴォード", "call_short": "0", "call_num": "0", "recid": "0", "websiteUrl": "0", "title": "0", "ckey": 0, "available": false, "iiifUrl": "0" }, "geometry": { "type": "Polygon", "coordinates": [ [ [ 119.5, 50.9999999 ], [ 120.0, 50.9999999 ], [ 120.0, 51.3333332 ], [ 119.5, 51.3333332 ], [ 119.5, 50.9999999 ] ] ] } },
{ "type": "Feature", "properties": { "Id": 0, "Sheet_ID": "W7N10-21. バンシチーコフスキー", "label": "W7N10-21. バンシチーコフスキー", "call_short": "0", "call_num": "0", "recid": "0", "websiteUrl": "0", "title": "0", "ckey": 0, "available": false, "iiifUrl": "0" }, "geometry": { "type": "Polygon", "coordinates": [ [ [ 117.5, 51.3333332 ], [ 118.0, 51.3333332 ], [ 118.0, 51.6666665 ], [ 117.5, 51.6666665 ], [ 117.5, 51.3333332 ] ] ] } },
{ "type": "Feature", "properties": { "Id": 0, "Sheet_ID": "W7N10-16. ガジームルスキー", "label": "W7N10-16. ガジームルスキー", "call_short": "G7270 S100 .J36", "call_num": "G7270 S100 .J36 W7N10-16", "recid": "wz547cx4601", "websiteUrl": "https://purl.stanford.edu/wz547cx4601", "title": "西伯利十万分一圖", "ckey": 12344846, "available": true, "iiifUrl": "https://purl.stanford.edu/wz547cx4601/iiif/manifest" }, "geometry": { "type": "Polygon", "coordinates": [ [ [ 118.0, 51.3333332 ], [ 118.5, 51.3333332 ], [ 118.5, 51.6666665 ], [ 118.0, 51.6666665 ], [ 118.0, 51.3333332 ] ] ] } },
{ "type": "Feature", "properties": { "Id": 0, "Sheet_ID": "W7N10-11. ソロネチヌィー", "label": "W7N10-11. ソロネチヌィー", "call_short": "G7270 S100 .J36", "call_num": "G7270 S100 .J36 W7N10-11", "recid": "xb857zm8261", "websiteUrl": "https://purl.stanford.edu/xb857zm8261", "title": "西伯利十万分一圖", "ckey": 12344846, "available": true, "iiifUrl": "https://purl.stanford.edu/xb857zm8261/iiif/manifest" }, "geometry": { "type": "Polygon", "coordinates": [ [ [ 118.5, 51.3333332 ], [ 119.0, 51.3333332 ], [ 119.0, 51.6666665 ], [ 118.5, 51.6666665 ], [ 118.5, 51.3333332 ] ] ] } },
{ "type": "Feature", "properties": { "Id": 0, "Sheet_ID": "W7N10-6. ゼレンツーイスカヤ", "label": "W7N10-6. ゼレンツーイスカヤ", "call_short": "0", "call_num": "0", "recid": "0", "websiteUrl": "0", "title": "0", "ckey": 0, "available": false, "iiifUrl": "0" }, "geometry": { "type": "Polygon", "coordinates": [ [ [ 119.0, 51.3333332 ], [ 119.5, 51.3333332 ], [ 119.5, 51.6666665 ], [ 119.0, 51.6666665 ], [ 119.0, 51.3333332 ] ] ] } },
{ "type": "Feature", "properties": { "Id": 0, "Sheet_ID": "W7N10-1. オロチンスカヤ", "label": "W7N10-1. オロチンスカヤ", "call_short": "0", "call_num": "0", "recid": "0", "websiteUrl": "0", "title": "0", "ckey": 0, "available": false, "iiifUrl": "0" }, "geometry": { "type": "Polygon", "coordinates": [ [ [ 119.5, 51.3333332 ], [ 120.0, 51.3333332 ], [ 120.0, 51.6666665 ], [ 119.5, 51.6666665 ], [ 119.5, 51.3333332 ] ] ] } },
{ "type": "Feature", "properties": { "Id": 0, "Sheet_ID": "W7N11-25. コプーンスカヤ", "label": "W7N11-25. コプーンスカヤ", "call_short": "0", "call_num": "0", "recid": "0", "websiteUrl": "0", "title": "0", "ckey": 0, "available": false, "iiifUrl": "0" }, "geometry": { "type": "Polygon", "coordinates": [ [ [ 117.5, 51.6666665 ], [ 118.0, 51.6666665 ], [ 118.0, 51.9999998 ], [ 117.5, 51.9999998 ], [ 117.5, 51.6666665 ] ] ] } },
{ "type": "Feature", "properties": { "Id": 0, "Sheet_ID": "W7N11-20. ウシムーンスキー", "label": "W7N11-20. ウシムーンスキー", "call_short": "G7270 S100 .J36", "call_num": "G7270 S100 .J36 W7N11-20", "recid": "fp173fx2288", "websiteUrl": "https://purl.stanford.edu/fp173fx2288", "title": "西伯利十万分一圖", "ckey": 12344846, "available": true, "iiifUrl": "https://purl.stanford.edu/fp173fx2288/iiif/manifest" }, "geometry": { "type": "Polygon", "coordinates": [ [ [ 118.0, 51.6666665 ], [ 118.5, 51.6666665 ], [ 118.5, 51.9999998 ], [ 118.0, 51.9999998 ], [ 118.0, 51.6666665 ] ] ] } },
{ "type": "Feature", "properties": { "Id": 0, "Sheet_ID": "W7N11-15. アクタグチーンスカヤ", "label": "W7N11-15. アクタグチーンスカヤ", "call_short": "G7270 S100 .J36", "call_num": "G7270 S100 .J36 W7N11-15", "recid": "yj849mb7599", "websiteUrl": "https://purl.stanford.edu/yj849mb7599", "title": "西伯利十万分一圖", "ckey": 12344846, "available": true, "iiifUrl": "https://purl.stanford.edu/yj849mb7599/iiif/manifest" }, "geometry": { "type": "Polygon", "coordinates": [ [ [ 118.5, 51.6666665 ], [ 119.0, 51.6666665 ], [ 119.0, 51.9999998 ], [ 118.5, 51.9999998 ], [ 118.5, 51.6666665 ] ] ] } },
{ "type": "Feature", "properties": { "Id": 0, "Sheet_ID": "W7N11-10. ゴルブノフスキー", "label": "W7N11-10. ゴルブノフスキー", "call_short": "G7270 S100 .J36", "call_num": "G7270 S100 .J36 W7N11-10", "recid": "ty903hx0254", "websiteUrl": "https://purl.stanford.edu/ty903hx0254", "title": "西伯利十万分一圖", "ckey": 12344846, "available": true, "iiifUrl": "https://purl.stanford.edu/ty903hx0254/iiif/manifest" }, "geometry": { "type": "Polygon", "coordinates": [ [ [ 119.0, 51.6666665 ], [ 119.5, 51.6666665 ], [ 119.5, 51.9999998 ], [ 119.0, 51.9999998 ], [ 119.0, 51.6666665 ] ] ] } },
{ "type": "Feature", "properties": { "Id": 0, "Sheet_ID": "W7N11-5. ホムャコフスキー", "label": "W7N11-5. ホムャコフスキー", "call_short": "G7270 S100 .J36", "call_num": "G7270 S100 .J36 W7N11-5", "recid": "rh845jt9906", "websiteUrl": "https://purl.stanford.edu/rh845jt9906", "title": "西伯利十万分一圖", "ckey": 12344846, "available": true, "iiifUrl": "https://purl.stanford.edu/rh845jt9906/iiif/manifest" }, "geometry": { "type": "Polygon", "coordinates": [ [ [ 119.5, 51.6666665 ], [ 120.0, 51.6666665 ], [ 120.0, 51.9999998 ], [ 119.5, 51.9999998 ], [ 119.5, 51.6666665 ] ] ] } },
{ "type": "Feature", "properties": { "Id": 0, "Sheet_ID": "W7N11-24. スレーテンスク", "label": "W7N11-24. スレーテンスク", "call_short": "0", "call_num": "0", "recid": "0", "websiteUrl": "0", "title": "0", "ckey": 0, "available": false, "iiifUrl": "0" }, "geometry": { "type": "Polygon", "coordinates": [ [ [ 117.5, 51.9999998 ], [ 118.0, 51.9999998 ], [ 118.0, 52.3333331 ], [ 117.5, 52.3333331 ], [ 117.5, 51.9999998 ] ] ] } },
{ "type": "Feature", "properties": { "Id": 0, "Sheet_ID": "W7N11-19. ウクツィチンスキー", "label": "W7N11-19. ウクツィチンスキー", "call_short": "G7270 S100 .J36", "call_num": "G7270 S100 .J36 W7N11-19", "recid": "tm379mc7775", "websiteUrl": "https://purl.stanford.edu/tm379mc7775", "title": "西伯利十万分一圖", "ckey": 12344846, "available": true, "iiifUrl": "https://purl.stanford.edu/tm379mc7775/iiif/manifest" }, "geometry": { "type": "Polygon", "coordinates": [ [ [ 118.0, 51.9999998 ], [ 118.5, 51.9999998 ], [ 118.5, 52.3333331 ], [ 118.0, 52.3333331 ], [ 118.0, 51.9999998 ] ] ] } },
{ "type": "Feature", "properties": { "Id": 0, "Sheet_ID": "W7N11-14. ザカメンヌィ", "label": "W7N11-14. ザカメンヌィ", "call_short": "G7270 S100 .J36", "call_num": "G7270 S100 .J36 W7N11-14", "recid": "hn401wf3633", "websiteUrl": "https://purl.stanford.edu/hn401wf3633", "title": "西伯利十万分一圖", "ckey": 12344846, "available": true, "iiifUrl": "https://purl.stanford.edu/hn401wf3633/iiif/manifest" }, "geometry": { "type": "Polygon", "coordinates": [ [ [ 118.5, 51.9999998 ], [ 119.0, 51.9999998 ], [ 119.0, 52.3333331 ], [ 118.5, 52.3333331 ], [ 118.5, 51.9999998 ] ] ] } },
{ "type": "Feature", "properties": { "Id": 0, "Sheet_ID": "W7N11-9. クルツーマ", "label": "W7N11-9. クルツーマ", "call_short": "G7270 S100 .J36", "call_num": "G7270 S100 .J36 W7N11-9", "recid": "fq611vs2009", "websiteUrl": "https://purl.stanford.edu/fq611vs2009", "title": "西伯利十万分一圖", "ckey": 12344846, "available": true, "iiifUrl": "https://purl.stanford.edu/fq611vs2009/iiif/manifest" }, "geometry": { "type": "Polygon", "coordinates": [ [ [ 119.0, 51.9999998 ], [ 119.5, 51.9999998 ], [ 119.5, 52.3333331 ], [ 119.0, 52.3333331 ], [ 119.0, 51.9999998 ] ] ] } },
{ "type": "Feature", "properties": { "Id": 0, "Sheet_ID": "W7N11-4. ゼレン", "label": "W7N11-4. ゼレン", "call_short": "G7270 S100 .J36", "call_num": "G7270 S100 .J36 W7N11-4", "recid": "dr689fn0295", "websiteUrl": "https://purl.stanford.edu/dr689fn0295", "title": "西伯利十万分一圖", "ckey": 12344846, "available": true, "iiifUrl": "https://purl.stanford.edu/dr689fn0295/iiif/manifest" }, "geometry": { "type": "Polygon", "coordinates": [ [ [ 119.5, 51.9999998 ], [ 120.0, 51.9999998 ], [ 120.0, 52.3333331 ], [ 119.5, 52.3333331 ], [ 119.5, 51.9999998 ] ] ] } },
{ "type": "Feature", "properties": { "Id": 0, "Sheet_ID": "W7N11-23. ウシェンダ山", "label": "W7N11-23. ウシェンダ山", "call_short": "G7270 S100 .J36", "call_num": "G7270 S100 .J36 W7N11-23", "recid": "wn000qq6195", "websiteUrl": "https://purl.stanford.edu/wn000qq6195", "title": "西伯利十万分一圖", "ckey": 12344846, "available": true, "iiifUrl": "https://purl.stanford.edu/wn000qq6195/iiif/manifest" }, "geometry": { "type": "Polygon", "coordinates": [ [ [ 117.5, 52.3333331 ], [ 118.0, 52.3333331 ], [ 118.0, 52.6666664 ], [ 117.5, 52.6666664 ], [ 117.5, 52.3333331 ] ] ] } },
{ "type": "Feature", "properties": { "Id": 0, "Sheet_ID": "W7N11-18. ボリンスキー", "label": "W7N11-18. ボリンスキー", "call_short": "G7270 S100 .J36", "call_num": "G7270 S100 .J36 W7N11-18", "recid": "xt857bd5254", "websiteUrl": "https://purl.stanford.edu/xt857bd5254", "title": "西伯利十万分一圖", "ckey": 12344846, "available": true, "iiifUrl": "https://purl.stanford.edu/xt857bd5254/iiif/manifest" }, "geometry": { "type": "Polygon", "coordinates": [ [ [ 118.0, 52.3333331 ], [ 118.5, 52.3333331 ], [ 118.5, 52.6666664 ], [ 118.0, 52.6666664 ], [ 118.0, 52.3333331 ] ] ] } },
{ "type": "Feature", "properties": { "Id": 0, "Sheet_ID": "W7N11-13. シールキンスキー", "label": "W7N11-13. シールキンスキー", "call_short": "G7270 S100 .J36", "call_num": "G7270 S100 .J36 W7N11-13", "recid": "vn605vr7022", "websiteUrl": "https://purl.stanford.edu/vn605vr7022", "title": "西伯利十万分一圖", "ckey": 12344846, "available": true, "iiifUrl": "https://purl.stanford.edu/vn605vr7022/iiif/manifest" }, "geometry": { "type": "Polygon", "coordinates": [ [ [ 118.5, 52.3333331 ], [ 119.0, 52.3333331 ], [ 119.0, 52.6666664 ], [ 118.5, 52.6666664 ], [ 118.5, 52.3333331 ] ] ] } },
{ "type": "Feature", "properties": { "Id": 0, "Sheet_ID": "W7N11-8. ウスチ・ナチン", "label": "W7N11-8. ウスチ・ナチン", "call_short": "G7270 S100 .J36", "call_num": "G7270 S100 .J36 W7N11-8", "recid": "pg061ds1737", "websiteUrl": "https://purl.stanford.edu/pg061ds1737", "title": "西伯利十万分一圖", "ckey": 12344846, "available": true, "iiifUrl": "https://purl.stanford.edu/pg061ds1737/iiif/manifest" }, "geometry": { "type": "Polygon", "coordinates": [ [ [ 119.0, 52.3333331 ], [ 119.5, 52.3333331 ], [ 119.5, 52.6666664 ], [ 119.0, 52.6666664 ], [ 119.0, 52.3333331 ] ] ] } },
{ "type": "Feature", "properties": { "Id": 0, "Sheet_ID": "W7N11-3. ブヅュムカンスキー", "label": "W7N11-3. ブヅュムカンスキー", "call_short": "G7270 S100 .J36", "call_num": "G7270 S100 .J36 W7N11-3", "recid": "cx351qn1593", "websiteUrl": "https://purl.stanford.edu/cx351qn1593", "title": "西伯利十万分一圖", "ckey": 12344846, "available": true, "iiifUrl": "https://purl.stanford.edu/cx351qn1593/iiif/manifest" }, "geometry": { "type": "Polygon", "coordinates": [ [ [ 119.5, 52.3333331 ], [ 120.0, 52.3333331 ], [ 120.0, 52.6666664 ], [ 119.5, 52.6666664 ], [ 119.5, 52.3333331 ] ] ] } },
{ "type": "Feature", "properties": { "Id": 0, "Sheet_ID": "W7N11-12. ウスチ・カラ", "label": "W7N11-12. ウスチ・カラ", "call_short": "G7270 S100 .J36", "call_num": "G7270 S100 .J36 W7N11-12", "recid": "ns480rw1037", "websiteUrl": "https://purl.stanford.edu/ns480rw1037", "title": "西伯利十万分一圖", "ckey": 12344846, "available": true, "iiifUrl": "https://purl.stanford.edu/ns480rw1037/iiif/manifest" }, "geometry": { "type": "Polygon", "coordinates": [ [ [ 118.5, 52.6666664 ], [ 119.0, 52.6666664 ], [ 119.0, 52.9999997 ], [ 118.5, 52.9999997 ], [ 118.5, 52.6666664 ] ] ] } },
{ "type": "Feature", "properties": { "Id": 0, "Sheet_ID": "W7N11-7. ウスチ・チェルナヤ", "label": "W7N11-7. ウスチ・チェルナヤ", "call_short": "G7270 S100 .J36", "call_num": "G7270 S100 .J36 W7N11-7", "recid": "nz708rq8942", "websiteUrl": "https://purl.stanford.edu/nz708rq8942", "title": "西伯利十万分一圖", "ckey": 12344846, "available": true, "iiifUrl": "https://purl.stanford.edu/nz708rq8942/iiif/manifest" }, "geometry": { "type": "Polygon", "coordinates": [ [ [ 119.0, 52.6666664 ], [ 119.5, 52.6666664 ], [ 119.5, 52.9999997 ], [ 119.0, 52.9999997 ], [ 119.0, 52.6666664 ] ] ] } },
{ "type": "Feature", "properties": { "Id": 0, "Sheet_ID": "W7N11-2. ダグタルギンスキー", "label": "W7N11-2. ダグタルギンスキー", "call_short": "G7270 S100 .J36", "call_num": "G7270 S100 .J36 W7N11-2", "recid": "dn680pf3865", "websiteUrl": "https://purl.stanford.edu/dn680pf3865", "title": "西伯利十万分一圖", "ckey": 12344846, "available": true, "iiifUrl": "https://purl.stanford.edu/dn680pf3865/iiif/manifest" }, "geometry": { "type": "Polygon", "coordinates": [ [ [ 119.5, 52.6666664 ], [ 120.0, 52.6666664 ], [ 120.0, 52.9999997 ], [ 119.5, 52.9999997 ], [ 119.5, 52.6666664 ] ] ] } },
{ "type": "Feature", "properties": { "Id": 0, "Sheet_ID": "W7N11-16. ズベガ", "label": "W7N11-16. ズベガ", "call_short": "0", "call_num": "0", "recid": "0", "websiteUrl": "0", "title": "0", "ckey": 0, "available": false, "iiifUrl": "0" }, "geometry": { "type": "Polygon", "coordinates": [ [ [ 118.0, 52.9999997 ], [ 118.5, 52.9999997 ], [ 118.5, 53.333333 ], [ 118.0, 53.333333 ], [ 118.0, 52.9999997 ] ] ] } },
{ "type": "Feature", "properties": { "Id": 0, "Sheet_ID": "W7N11-11. ズベガ東部", "label": "W7N11-11. ズベガ東部", "call_short": "0", "call_num": "0", "recid": "0", "websiteUrl": "0", "title": "0", "ckey": 0, "available": false, "iiifUrl": "0" }, "geometry": { "type": "Polygon", "coordinates": [ [ [ 118.5, 52.9999997 ], [ 119.0, 52.9999997 ], [ 119.0, 53.333333 ], [ 118.5, 53.333333 ], [ 118.5, 52.9999997 ] ] ] } },
{ "type": "Feature", "properties": { "Id": 0, "Sheet_ID": "W7N11-6. ゴルビツァ", "label": "W7N11-6. ゴルビツァ", "call_short": "G7270 S100 .J36", "call_num": "G7270 S100 .J36 W7N11-6", "recid": "vx039yr9546", "websiteUrl": "https://purl.stanford.edu/vx039yr9546", "title": "西伯利十万分一圖", "ckey": 12344846, "available": true, "iiifUrl": "https://purl.stanford.edu/vx039yr9546/iiif/manifest" }, "geometry": { "type": "Polygon", "coordinates": [ [ [ 119.0, 52.9999997 ], [ 119.5, 52.9999997 ], [ 119.5, 53.333333 ], [ 119.0, 53.333333 ], [ 119.0, 52.9999997 ] ] ] } },
{ "type": "Feature", "properties": { "Id": 0, "Sheet_ID": "W7N11-1. カダーチュ山", "label": "W7N11-1. カダーチュ山", "call_short": "G7270 S100 .J36", "call_num": "G7270 S100 .J36 W7N11-1", "recid": "sd089mf1456", "websiteUrl": "https://purl.stanford.edu/sd089mf1456", "title": "西伯利十万分一圖", "ckey": 12344846, "available": true, "iiifUrl": "https://purl.stanford.edu/sd089mf1456/iiif/manifest" }, "geometry": { "type": "Polygon", "coordinates": [ [ [ 119.5, 52.9999997 ], [ 120.0, 52.9999997 ], [ 120.0, 53.333333 ], [ 119.5, 53.333333 ], [ 119.5, 52.9999997 ] ] ] } },
{ "type": "Feature", "properties": { "Id": 0, "Sheet_ID": "W19N12-4. カロリノフカ", "label": "W19N12-4. カロリノフカ", "call_short": "0", "call_num": "0", "recid": "0", "websiteUrl": "0", "title": "0", "ckey": 0, "available": false, "iiifUrl": "0" }, "geometry": { "type": "Polygon", "coordinates": [ [ [ 89.5, 53.666667 ], [ 90.0, 53.666667 ], [ 90.0, 54.0000002 ], [ 89.5, 54.0000002 ], [ 89.5, 53.666667 ] ] ] } },
{ "type": "Feature", "properties": { "Id": 0, "Sheet_ID": "W19N12-2. アフヂンスキー", "label": "W19N12-2. アフヂンスキー", "call_short": "0", "call_num": "0", "recid": "0", "websiteUrl": "0", "title": "0", "ckey": 0, "available": false, "iiifUrl": "0" }, "geometry": { "type": "Polygon", "coordinates": [ [ [ 89.5, 54.3333335 ], [ 90.0, 54.3333335 ], [ 90.0, 54.6666667 ], [ 89.5, 54.6666667 ], [ 89.5, 54.3333335 ] ] ] } },
{ "type": "Feature", "properties": { "Id": 0, "Sheet_ID": "W19N12-1. ソレノオーゼルナーヤ", "label": "W19N12-1. ソレノオーゼルナーヤ", "call_short": "0", "call_num": "0", "recid": "0", "websiteUrl": "0", "title": "0", "ckey": 0, "available": false, "iiifUrl": "0" }, "geometry": { "type": "Polygon", "coordinates": [ [ [ 89.5, 54.6666667 ], [ 90.0, 54.6666667 ], [ 90.0, 55.0 ], [ 89.5, 55.0 ], [ 89.5, 54.6666667 ] ] ] } },
{ "type": "Feature", "properties": { "Id": 0, "Sheet_ID": "W18N11-2. クィルィン・スーク河", "label": "W18N11-2. クィルィン・スーク河", "call_short": "0", "call_num": "0", "recid": "0", "websiteUrl": "0", "title": "0", "ckey": 0, "available": false, "iiifUrl": "0" }, "geometry": { "type": "Polygon", "coordinates": [ [ [ 92.0, 52.666667 ], [ 92.5, 52.666667 ], [ 92.5, 53.0000003 ], [ 92.0, 53.0000003 ], [ 92.0, 52.666667 ] ] ] } },
{ "type": "Feature", "properties": { "Id": 0, "Sheet_ID": "W18N11-16. アスクィーズスコエ", "label": "W18N11-16. アスクィーズスコエ", "call_short": "0", "call_num": "0", "recid": "0", "websiteUrl": "0", "title": "0", "ckey": 0, "available": false, "iiifUrl": "0" }, "geometry": { "type": "Polygon", "coordinates": [ [ [ 90.5, 53.0000003 ], [ 91.0, 53.0000003 ], [ 91.0, 53.3333337 ], [ 90.5, 53.3333337 ], [ 90.5, 53.0000003 ] ] ] } },
{ "type": "Feature", "properties": { "Id": 0, "Sheet_ID": "W18N12-25. セニャウィーノ", "label": "W18N12-25. セニャウィーノ", "call_short": "G7270 S100 .J36", "call_num": "G7270 S100 .J36 W18N12-25", "recid": "fv656cc2072", "websiteUrl": "https://purl.stanford.edu/fv656cc2072", "title": "西伯利十万分一圖", "ckey": 12344846, "available": true, "iiifUrl": "https://purl.stanford.edu/fv656cc2072/iiif/manifest" }, "geometry": { "type": "Polygon", "coordinates": [ [ [ 90.0, 53.3333337 ], [ 90.5, 53.3333337 ], [ 90.5, 53.666667 ], [ 90.0, 53.666667 ], [ 90.0, 53.3333337 ] ] ] } },
{ "type": "Feature", "properties": { "Id": 0, "Sheet_ID": "W18N12-20. カタエフスキー", "label": "W18N12-20. カタエフスキー", "call_short": "G7270 S100 .J36", "call_num": "G7270 S100 .J36 W18N12-20", "recid": "kt404jt8776", "websiteUrl": "https://purl.stanford.edu/kt404jt8776", "title": "西伯利十万分一圖", "ckey": 12344846, "available": true, "iiifUrl": "https://purl.stanford.edu/kt404jt8776/iiif/manifest" }, "geometry": { "type": "Polygon", "coordinates": [ [ [ 90.5, 53.3333337 ], [ 91.0, 53.3333337 ], [ 91.0, 53.666667 ], [ 90.5, 53.666667 ], [ 90.5, 53.3333337 ] ] ] } },
{ "type": "Feature", "properties": { "Id": 0, "Sheet_ID": "W18N12-15. バイノーワ", "label": "W18N12-15. バイノーワ", "call_short": "G7270 S100 .J36", "call_num": "G7270 S100 .J36 W18N12-15", "recid": "js259gm5134", "websiteUrl": "https://purl.stanford.edu/js259gm5134", "title": "西伯利十万分一圖", "ckey": 12344846, "available": true, "iiifUrl": "https://purl.stanford.edu/js259gm5134/iiif/manifest" }, "geometry": { "type": "Polygon", "coordinates": [ [ [ 91.0, 53.3333337 ], [ 91.5, 53.3333337 ], [ 91.5, 53.666667 ], [ 91.0, 53.666667 ], [ 91.0, 53.3333337 ] ] ] } },
{ "type": "Feature", "properties": { "Id": 0, "Sheet_ID": "W18N12-24. コレルチーツ山", "label": "W18N12-24. コレルチーツ山", "call_short": "G7270 S100 .J36", "call_num": "G7270 S100 .J36 W18N12-24", "recid": "zx313qs6094", "websiteUrl": "https://purl.stanford.edu/zx313qs6094", "title": "西伯利十万分一圖", "ckey": 12344846, "available": true, "iiifUrl": "https://purl.stanford.edu/zx313qs6094/iiif/manifest" }, "geometry": { "type": "Polygon", "coordinates": [ [ [ 90.0, 53.666667 ], [ 90.5, 53.666667 ], [ 90.5, 54.0000003 ], [ 90.0, 54.0000003 ], [ 90.0, 53.666667 ] ] ] } },
{ "type": "Feature", "properties": { "Id": 0, "Sheet_ID": "W18N12-19. クテーン・ブルーク", "label": "W18N12-19. クテーン・ブルーク", "call_short": "G7270 S100 .J36", "call_num": "G7270 S100 .J36 W18N12-19", "recid": "bv002gf8094", "websiteUrl": "https://purl.stanford.edu/bv002gf8094", "title": "西伯利十万分一圖", "ckey": 12344846, "available": true, "iiifUrl": "https://purl.stanford.edu/bv002gf8094/iiif/manifest" }, "geometry": { "type": "Polygon", "coordinates": [ [ [ 90.5, 53.666667 ], [ 91.0, 53.666667 ], [ 91.0, 54.0000003 ], [ 90.5, 54.0000003 ], [ 90.5, 53.666667 ] ] ] } },
{ "type": "Feature", "properties": { "Id": 0, "Sheet_ID": "W18N12-14. ウスチ・アバカンスコエ", "label": "W18N12-14. ウスチ・アバカンスコエ", "call_short": "G7270 S100 .J36", "call_num": "G7270 S100 .J36 W18N12-14", "recid": "rn880nv1796", "websiteUrl": "https://purl.stanford.edu/rn880nv1796", "title": "西伯利十万分一圖", "ckey": 12344846, "available": true, "iiifUrl": "https://purl.stanford.edu/rn880nv1796/iiif/manifest" }, "geometry": { "type": "Polygon", "coordinates": [ [ [ 91.0, 53.666667 ], [ 91.5, 53.666667 ], [ 91.5, 54.0000003 ], [ 91.0, 54.0000003 ], [ 91.0, 53.666667 ] ] ] } },
{ "type": "Feature", "properties": { "Id": 0, "Sheet_ID": "W18N12-23. ユリーヤ鑛山", "label": "W18N12-23. ユリーヤ鑛山", "call_short": "G7270 S100 .J36", "call_num": "G7270 S100 .J36 W18N12-23", "recid": "mk184cx8958", "websiteUrl": "https://purl.stanford.edu/mk184cx8958", "title": "西伯利十万分一圖", "ckey": 12344846, "available": true, "iiifUrl": "https://purl.stanford.edu/mk184cx8958/iiif/manifest" }, "geometry": { "type": "Polygon", "coordinates": [ [ [ 90.0, 54.0000003 ], [ 90.5, 54.0000003 ], [ 90.5, 54.3333337 ], [ 90.0, 54.3333337 ], [ 90.0, 54.0000003 ] ] ] } },
{ "type": "Feature", "properties": { "Id": 0, "Sheet_ID": "W18N12-18. チョーシ", "label": "W18N12-18. チョーシ", "call_short": "G7270 S100 .J36", "call_num": "G7270 S100 .J36 W18N12-18", "recid": "rd851kt1824", "websiteUrl": "https://purl.stanford.edu/rd851kt1824", "title": "西伯利十万分一圖", "ckey": 12344846, "available": true, "iiifUrl": "https://purl.stanford.edu/rd851kt1824/iiif/manifest" }, "geometry": { "type": "Polygon", "coordinates": [ [ [ 90.5, 54.0000003 ], [ 91.0, 54.0000003 ], [ 91.0, 54.3333337 ], [ 90.5, 54.3333337 ], [ 90.5, 54.0000003 ] ] ] } },
{ "type": "Feature", "properties": { "Id": 0, "Sheet_ID": "W18N13-22. ベロヤルスコエ", "label": "W18N13-22. ベロヤルスコエ", "call_short": "0", "call_num": "0", "recid": "0", "websiteUrl": "0", "title": "0", "ckey": 0, "available": false, "iiifUrl": "0" }, "geometry": { "type": "Polygon", "coordinates": [ [ [ 90.0, 56.0000003 ], [ 90.5, 56.0000003 ], [ 90.5, 56.3333337 ], [ 90.0, 56.3333337 ], [ 90.0, 56.0000003 ] ] ] } },
{ "type": "Feature", "properties": { "Id": 0, "Sheet_ID": "W18N13-17. アチンスク", "label": "W18N13-17. アチンスク", "call_short": "0", "call_num": "0", "recid": "0", "websiteUrl": "0", "title": "0", "ckey": 0, "available": false, "iiifUrl": "0" }, "geometry": { "type": "Polygon", "coordinates": [ [ [ 90.5, 56.0000003 ], [ 91.0, 56.0000003 ], [ 91.0, 56.3333337 ], [ 90.5, 56.3333337 ], [ 90.5, 56.0000003 ] ] ] } },
{ "type": "Feature", "properties": { "Id": 0, "Sheet_ID": "W18N13-12. チェルレノチェンスコエ", "label": "W18N13-12. チェルレノチェンスコエ", "call_short": "0", "call_num": "0", "recid": "0", "websiteUrl": "0", "title": "0", "ckey": 0, "available": false, "iiifUrl": "0" }, "geometry": { "type": "Polygon", "coordinates": [ [ [ 91.0, 56.0000003 ], [ 91.5, 56.0000003 ], [ 91.5, 56.3333337 ], [ 91.0, 56.3333337 ], [ 91.0, 56.0000003 ] ] ] } },
{ "type": "Feature", "properties": { "Id": 0, "Sheet_ID": "W18N13-7. ケムチューグ", "label": "W18N13-7. ケムチューグ", "call_short": "0", "call_num": "0", "recid": "0", "websiteUrl": "0", "title": "0", "ckey": 0, "available": false, "iiifUrl": "0" }, "geometry": { "type": "Polygon", "coordinates": [ [ [ 91.5, 56.0000003 ], [ 92.0, 56.0000003 ], [ 92.0, 56.3333337 ], [ 91.5, 56.3333337 ], [ 91.5, 56.0000003 ] ] ] } },
{ "type": "Feature", "properties": { "Id": 0, "Sheet_ID": "W18N13-2. ウェルフネ・エローフスカヤ", "label": "W18N13-2. ウェルフネ・エローフスカヤ", "call_short": "0", "call_num": "0", "recid": "0", "websiteUrl": "0", "title": "0", "ckey": 0, "available": false, "iiifUrl": "0" }, "geometry": { "type": "Polygon", "coordinates": [ [ [ 92.0, 56.0000003 ], [ 92.5, 56.0000003 ], [ 92.5, 56.3333337 ], [ 92.0, 56.3333337 ], [ 92.0, 56.0000003 ] ] ] } },
{ "type": "Feature", "properties": { "Id": 0, "Sheet_ID": "W17N13-22. クラスノヤルスク", "label": "W17N13-22. クラスノヤルスク", "call_short": "0", "call_num": "0", "recid": "0", "websiteUrl": "0", "title": "0", "ckey": 0, "available": false, "iiifUrl": "0" }, "geometry": { "type": "Polygon", "coordinates": [ [ [ 92.5, 56.0000001 ], [ 93.0, 56.0000001 ], [ 93.0, 56.3333335 ], [ 92.5, 56.3333335 ], [ 92.5, 56.0000001 ] ] ] } },
{ "type": "Feature", "properties": { "Id": 0, "Sheet_ID": "W17N13-18. ウォズネセンスコエ", "label": "W17N13-18. ウォズネセンスコエ", "call_short": "0", "call_num": "0", "recid": "0", "websiteUrl": "0", "title": "0", "ckey": 0, "available": false, "iiifUrl": "0" }, "geometry": { "type": "Polygon", "coordinates": [ [ [ 93.0, 55.6666668 ], [ 93.5, 55.6666668 ], [ 93.5, 56.0000002 ], [ 93.0, 56.0000002 ], [ 93.0, 55.6666668 ] ] ] } },
{ "type": "Feature", "properties": { "Id": 0, "Sheet_ID": "W17N13-13. ノーウォ・ニコリスカーヤ", "label": "W17N13-13. ノーウォ・ニコリスカーヤ", "call_short": "0", "call_num": "0", "recid": "0", "websiteUrl": "0", "title": "0", "ckey": 0, "available": false, "iiifUrl": "0" }, "geometry": { "type": "Polygon", "coordinates": [ [ [ 93.5, 55.6666668 ], [ 94.0, 55.6666668 ], [ 94.0, 56.0000002 ], [ 93.5, 56.0000002 ], [ 93.5, 55.6666668 ] ] ] } },
{ "type": "Feature", "properties": { "Id": 0, "Sheet_ID": "W17N13-8. ウヤール", "label": "W17N13-8. ウヤール", "call_short": "0", "call_num": "0", "recid": "0", "websiteUrl": "0", "title": "0", "ckey": 0, "available": false, "iiifUrl": "0" }, "geometry": { "type": "Polygon", "coordinates": [ [ [ 94.0, 55.6666668 ], [ 94.5, 55.6666668 ], [ 94.5, 56.0000002 ], [ 94.0, 56.0000002 ], [ 94.0, 55.6666668 ] ] ] } },
{ "type": "Feature", "properties": { "Id": 0, "Sheet_ID": "W17N13-3 .トロイツコ・ザオゼルノエ", "label": "W17N13-3 .トロイツコ・ザオゼルノエ", "call_short": "0", "call_num": "0", "recid": "0", "websiteUrl": "0", "title": "0", "ckey": 0, "available": false, "iiifUrl": "0" }, "geometry": { "type": "Polygon", "coordinates": [ [ [ 94.5, 55.6666668 ], [ 95.0, 55.6666668 ], [ 95.0, 56.0000002 ], [ 94.5, 56.0000002 ], [ 94.5, 55.6666668 ] ] ] } },
{ "type": "Feature", "properties": { "Id": 0, "Sheet_ID": "W16N13-23. クリューチェフスコエ", "label": "W16N13-23. クリューチェフスコエ", "call_short": "0", "call_num": "0", "recid": "0", "websiteUrl": "0", "title": "0", "ckey": 0, "available": false, "iiifUrl": "0" }, "geometry": { "type": "Polygon", "coordinates": [ [ [ 95.0, 55.6666668 ], [ 95.5, 55.6666668 ], [ 95.5, 56.0000002 ], [ 95.0, 56.0000002 ], [ 95.0, 55.6666668 ] ] ] } },
{ "type": "Feature", "properties": { "Id": 0, "Sheet_ID": "W16N13-22. マーロ・ウリンスカーヤ", "label": "W16N13-22. マーロ・ウリンスカーヤ", "call_short": "0", "call_num": "0", "recid": "0", "websiteUrl": "0", "title": "0", "ckey": 0, "available": false, "iiifUrl": "0" }, "geometry": { "type": "Polygon", "coordinates": [ [ [ 95.0, 56.0000002 ], [ 95.5, 56.0000002 ], [ 95.5, 56.3333336 ], [ 95.0, 56.3333336 ], [ 95.0, 56.0000002 ] ] ] } },
{ "type": "Feature", "properties": { "Id": 0, "Sheet_ID": "W16N13-17. カンスク", "label": "W16N13-17. カンスク", "call_short": "0", "call_num": "0", "recid": "0", "websiteUrl": "0", "title": "0", "ckey": 0, "available": false, "iiifUrl": "0" }, "geometry": { "type": "Polygon", "coordinates": [ [ [ 95.5, 56.0000002 ], [ 96.0, 56.0000002 ], [ 96.0, 56.3333336 ], [ 95.5, 56.3333336 ], [ 95.5, 56.0000002 ] ] ] } },
{ "type": "Feature", "properties": { "Id": 0, "Sheet_ID": "W16N13-12. イラーン", "label": "W16N13-12. イラーン", "call_short": "0", "call_num": "0", "recid": "0", "websiteUrl": "0", "title": "0", "ckey": 0, "available": false, "iiifUrl": "0" }, "geometry": { "type": "Polygon", "coordinates": [ [ [ 96.0, 56.0000002 ], [ 96.5, 56.0000002 ], [ 96.5, 56.3333336 ], [ 96.0, 56.3333336 ], [ 96.0, 56.0000002 ] ] ] } },
{ "type": "Feature", "properties": { "Id": 0, "Sheet_ID": "W16N13-7. スターラヤ・ポイマ", "label": "W16N13-7. スターラヤ・ポイマ", "call_short": "0", "call_num": "0", "recid": "0", "websiteUrl": "0", "title": "0", "ckey": 0, "available": false, "iiifUrl": "0" }, "geometry": { "type": "Polygon", "coordinates": [ [ [ 96.5, 56.0000002 ], [ 97.0, 56.0000002 ], [ 97.0, 56.3333336 ], [ 96.5, 56.3333336 ], [ 96.5, 56.0000002 ] ] ] } },
{ "type": "Feature", "properties": { "Id": 0, "Sheet_ID": "W16N13-2. チェレムシァンカ", "label": "W16N13-2. チェレムシァンカ", "call_short": "0", "call_num": "0", "recid": "0", "websiteUrl": "0", "title": "0", "ckey": 0, "available": false, "iiifUrl": "0" }, "geometry": { "type": "Polygon", "coordinates": [ [ [ 97.0, 56.0000002 ], [ 97.5, 56.0000002 ], [ 97.5, 56.3333336 ], [ 97.0, 56.3333336 ], [ 97.0, 56.0000002 ] ] ] } },
{ "type": "Feature", "properties": { "Id": 0, "Sheet_ID": "W15N12-2. シェバルタ", "label": "W15N12-2. シェバルタ", "call_short": "0", "call_num": "0", "recid": "0", "websiteUrl": "0", "title": "0", "ckey": 0, "available": false, "iiifUrl": "0" }, "geometry": { "type": "Polygon", "coordinates": [ [ [ 99.5, 54.3333332 ], [ 100.0, 54.3333332 ], [ 100.0, 54.6666666 ], [ 99.5, 54.6666666 ], [ 99.5, 54.3333332 ] ] ] } },
{ "type": "Feature", "properties": { "Id": 0, "Sheet_ID": "W15N12-11. クリャーツ待避驛", "label": "W15N12-11. クリャーツ待避驛", "call_short": "0", "call_num": "0", "recid": "0", "websiteUrl": "0", "title": "0", "ckey": 0, "available": false, "iiifUrl": "0" }, "geometry": { "type": "Polygon", "coordinates": [ [ [ 98.5, 54.6666666 ], [ 99.0, 54.6666666 ], [ 99.0, 55.0 ], [ 98.5, 55.0 ], [ 98.5, 54.6666666 ] ] ] } },
{ "type": "Feature", "properties": { "Id": 0, "Sheet_ID": "W15N12-1. フドエランスコエ", "label": "W15N12-1. フドエランスコエ", "call_short": "0", "call_num": "0", "recid": "0", "websiteUrl": "0", "title": "0", "ckey": 0, "available": false, "iiifUrl": "0" }, "geometry": { "type": "Polygon", "coordinates": [ [ [ 99.5, 54.6666666 ], [ 100.0, 54.6666666 ], [ 100.0, 55.0 ], [ 99.5, 55.0 ], [ 99.5, 54.6666666 ] ] ] } },
{ "type": "Feature", "properties": { "Id": 0, "Sheet_ID": "W15N13-15. ウコフスコエ", "label": "W15N13-15. ウコフスコエ", "call_short": "0", "call_num": "0", "recid": "0", "websiteUrl": "0", "title": "0", "ckey": 0, "available": false, "iiifUrl": "0" }, "geometry": { "type": "Polygon", "coordinates": [ [ [ 98.5, 55.0 ], [ 99.0, 55.0 ], [ 99.0, 55.3333334 ], [ 98.5, 55.3333334 ], [ 98.5, 55.0 ] ] ] } },
{ "type": "Feature", "properties": { "Id": 0, "Sheet_ID": "W15N13-14. アルザマイスコエ", "label": "W15N13-14. アルザマイスコエ", "call_short": "0", "call_num": "0", "recid": "0", "websiteUrl": "0", "title": "0", "ckey": 0, "available": false, "iiifUrl": "0" }, "geometry": { "type": "Polygon", "coordinates": [ [ [ 98.5, 55.3333334 ], [ 99.0, 55.3333334 ], [ 99.0, 55.6666668 ], [ 98.5, 55.6666668 ], [ 98.5, 55.3333334 ] ] ] } },
{ "type": "Feature", "properties": { "Id": 0, "Sheet_ID": "W15N13-23. ビューサ", "label": "W15N13-23. ビューサ", "call_short": "0", "call_num": "0", "recid": "0", "websiteUrl": "0", "title": "0", "ckey": 0, "available": false, "iiifUrl": "0" }, "geometry": { "type": "Polygon", "coordinates": [ [ [ 97.5, 55.6666668 ], [ 98.0, 55.6666668 ], [ 98.0, 56.0000002 ], [ 97.5, 56.0000002 ], [ 97.5, 55.6666668 ] ] ] } },
{ "type": "Feature", "properties": { "Id": 0, "Sheet_ID": "W15N13-18. タイシェーツ", "label": "W15N13-18. タイシェーツ", "call_short": "0", "call_num": "0", "recid": "0", "websiteUrl": "0", "title": "0", "ckey": 0, "available": false, "iiifUrl": "0" }, "geometry": { "type": "Polygon", "coordinates": [ [ [ 98.0, 55.6666668 ], [ 98.5, 55.6666668 ], [ 98.5, 56.0000002 ], [ 98.0, 56.0000002 ], [ 98.0, 55.6666668 ] ] ] } },
{ "type": "Feature", "properties": { "Id": 0, "Sheet_ID": "W15N13-22. ラウィンスカーヤ", "label": "W15N13-22. ラウィンスカーヤ", "call_short": "0", "call_num": "0", "recid": "0", "websiteUrl": "0", "title": "0", "ckey": 0, "available": false, "iiifUrl": "0" }, "geometry": { "type": "Polygon", "coordinates": [ [ [ 97.5, 56.0000002 ], [ 98.0, 56.0000002 ], [ 98.0, 56.3333336 ], [ 97.5, 56.3333336 ], [ 97.5, 56.0000002 ] ] ] } },
{ "type": "Feature", "properties": { "Id": 0, "Sheet_ID": "W14N10-4. アトハオボー山", "label": "W14N10-4. アトハオボー山", "call_short": "0", "call_num": "0", "recid": "0", "websiteUrl": "0", "title": "0", "ckey": 0, "available": false, "iiifUrl": "0" }, "geometry": { "type": "Polygon", "coordinates": [ [ [ 102.0, 50.3333333 ], [ 102.5, 50.3333333 ], [ 102.5, 50.6666667 ], [ 102.0, 50.6666667 ], [ 102.0, 50.3333333 ] ] ] } },
{ "type": "Feature", "properties": { "Id": 0, "Sheet_ID": "W14N10-3. ツーリュ・ツルクシゥールン山", "label": "W14N10-3. ツーリュ・ツルクシゥールン山", "call_short": "0", "call_num": "0", "recid": "0", "websiteUrl": "0", "title": "0", "ckey": 0, "available": false, "iiifUrl": "0" }, "geometry": { "type": "Polygon", "coordinates": [ [ [ 102.0, 50.6666667 ], [ 102.5, 50.6666667 ], [ 102.5, 51.0 ], [ 102.0, 51.0 ], [ 102.0, 50.6666667 ] ] ] } },
{ "type": "Feature", "properties": { "Id": 0, "Sheet_ID": "W14N10-2. ウルンヅーチ山", "label": "W14N10-2. ウルンヅーチ山", "call_short": "0", "call_num": "0", "recid": "0", "websiteUrl": "0", "title": "0", "ckey": 0, "available": false, "iiifUrl": "0" }, "geometry": { "type": "Polygon", "coordinates": [ [ [ 102.0, 51.0 ], [ 102.5, 51.0 ], [ 102.5, 51.3333333 ], [ 102.0, 51.3333333 ], [ 102.0, 51.0 ] ] ] } },
{ "type": "Feature", "properties": { "Id": 0, "Sheet_ID": "W14N10-16. ホホルゾーン", "label": "W14N10-16. ホホルゾーン", "call_short": "0", "call_num": "0", "recid": "0", "websiteUrl": "0", "title": "0", "ckey": 0, "available": false, "iiifUrl": "0" }, "geometry": { "type": "Polygon", "coordinates": [ [ [ 100.5, 51.3333333 ], [ 101.0, 51.3333333 ], [ 101.0, 51.6666667 ], [ 100.5, 51.6666667 ], [ 100.5, 51.3333333 ] ] ] } },
{ "type": "Feature", "properties": { "Id": 0, "Sheet_ID": "W14N10-11. ブルゥフツーイ", "label": "W14N10-11. ブルゥフツーイ", "call_short": "0", "call_num": "0", "recid": "0", "websiteUrl": "0", "title": "0", "ckey": 0, "available": false, "iiifUrl": "0" }, "geometry": { "type": "Polygon", "coordinates": [ [ [ 101.0, 51.3333333 ], [ 101.5, 51.3333333 ], [ 101.5, 51.6666667 ], [ 101.0, 51.6666667 ], [ 101.0, 51.3333333 ] ] ] } },
{ "type": "Feature", "properties": { "Id": 0, "Sheet_ID": "W14N10-6. ツゥラーン", "label": "W14N10-6. ツゥラーン", "call_short": "0", "call_num": "0", "recid": "0", "websiteUrl": "0", "title": "0", "ckey": 0, "available": false, "iiifUrl": "0" }, "geometry": { "type": "Polygon", "coordinates": [ [ [ 101.5, 51.3333333 ], [ 102.0, 51.3333333 ], [ 102.0, 51.6666667 ], [ 101.5, 51.6666667 ], [ 101.5, 51.3333333 ] ] ] } },
{ "type": "Feature", "properties": { "Id": 0, "Sheet_ID": "W14N10-1. ウルグーデエフスキー山", "label": "W14N10-1. ウルグーデエフスキー山", "call_short": "0", "call_num": "0", "recid": "0", "websiteUrl": "0", "title": "0", "ckey": 0, "available": false, "iiifUrl": "0" }, "geometry": { "type": "Polygon", "coordinates": [ [ [ 102.0, 51.3333333 ], [ 102.5, 51.3333333 ], [ 102.5, 51.6666667 ], [ 102.0, 51.6666667 ], [ 102.0, 51.3333333 ] ] ] } },
{ "type": "Feature", "properties": { "Id": 0, "Sheet_ID": "W14N11-20. ウンヅール", "label": "W14N11-20. ウンヅール", "call_short": "0", "call_num": "0", "recid": "0", "websiteUrl": "0", "title": "0", "ckey": 0, "available": false, "iiifUrl": "0" }, "geometry": { "type": "Polygon", "coordinates": [ [ [ 100.5, 51.6666667 ], [ 101.0, 51.6666667 ], [ 101.0, 52.0 ], [ 100.5, 52.0 ], [ 100.5, 51.6666667 ] ] ] } },
{ "type": "Feature", "properties": { "Id": 0, "Sheet_ID": "W14N11-15. ホンゴルドイスキー山", "label": "W14N11-15. ホンゴルドイスキー山", "call_short": "0", "call_num": "0", "recid": "0", "websiteUrl": "0", "title": "0", "ckey": 0, "available": false, "iiifUrl": "0" }, "geometry": { "type": "Polygon", "coordinates": [ [ [ 101.0, 51.6666667 ], [ 101.5, 51.6666667 ], [ 101.5, 52.0 ], [ 101.0, 52.0 ], [ 101.0, 51.6666667 ] ] ] } },
{ "type": "Feature", "properties": { "Id": 0, "Sheet_ID": "W14N11-10. ホイトゴール", "label": "W14N11-10. ホイトゴール", "call_short": "0", "call_num": "0", "recid": "0", "websiteUrl": "0", "title": "0", "ckey": 0, "available": false, "iiifUrl": "0" }, "geometry": { "type": "Polygon", "coordinates": [ [ [ 101.5, 51.6666667 ], [ 102.0, 51.6666667 ], [ 102.0, 52.0 ], [ 101.5, 52.0 ], [ 101.5, 51.6666667 ] ] ] } },
{ "type": "Feature", "properties": { "Id": 0, "Sheet_ID": "W14N11-5. シムキー", "label": "W14N11-5. シムキー", "call_short": "0", "call_num": "0", "recid": "0", "websiteUrl": "0", "title": "0", "ckey": 0, "available": false, "iiifUrl": "0" }, "geometry": { "type": "Polygon", "coordinates": [ [ [ 102.0, 51.6666667 ], [ 102.5, 51.6666667 ], [ 102.5, 52.0 ], [ 102.0, 52.0 ], [ 102.0, 51.6666667 ] ] ] } },
{ "type": "Feature", "properties": { "Id": 0, "Sheet_ID": "W14N11- 2. ユーリンスキー", "label": "W14N11- 2. ユーリンスキー", "call_short": "0", "call_num": "0", "recid": "0", "websiteUrl": "0", "title": "0", "ckey": 0, "available": false, "iiifUrl": "0" }, "geometry": { "type": "Polygon", "coordinates": [ [ [ 102.0, 52.6666667 ], [ 102.5, 52.6666667 ], [ 102.5, 53.0 ], [ 102.0, 53.0 ], [ 102.0, 52.6666667 ] ] ] } },
{ "type": "Feature", "properties": { "Id": 0, "Sheet_ID": "W14N11-1. ゴルメーチ", "label": "W14N11-1. ゴルメーチ", "call_short": "0", "call_num": "0", "recid": "0", "websiteUrl": "0", "title": "0", "ckey": 0, "available": false, "iiifUrl": "0" }, "geometry": { "type": "Polygon", "coordinates": [ [ [ 102.0, 53.0 ], [ 102.5, 53.0 ], [ 102.5, 53.3333333 ], [ 102.0, 53.3333333 ], [ 102.0, 53.0 ] ] ] } },
{ "type": "Feature", "properties": { "Id": 0, "Sheet_ID": "W14N12-10. タグナ", "label": "W14N12-10. タグナ", "call_short": "0", "call_num": "0", "recid": "0", "websiteUrl": "0", "title": "0", "ckey": 0, "available": false, "iiifUrl": "0" }, "geometry": { "type": "Polygon", "coordinates": [ [ [ 101.5, 53.3333333 ], [ 102.0, 53.3333333 ], [ 102.0, 53.6666667 ], [ 101.5, 53.6666667 ], [ 101.5, 53.3333333 ] ] ] } },
{ "type": "Feature", "properties": { "Id": 0, "Sheet_ID": "W14N12-5. ニージイ・アキリマーイ", "label": "W14N12-5. ニージイ・アキリマーイ", "call_short": "0", "call_num": "0", "recid": "0", "websiteUrl": "0", "title": "0", "ckey": 0, "available": false, "iiifUrl": "0" }, "geometry": { "type": "Polygon", "coordinates": [ [ [ 102.0, 53.3333333 ], [ 102.5, 53.3333333 ], [ 102.5, 53.6666667 ], [ 102.0, 53.6666667 ], [ 102.0, 53.3333333 ] ] ] } },
{ "type": "Feature", "properties": { "Id": 0, "Sheet_ID": "W14N12-4. ジマー", "label": "W14N12-4. ジマー", "call_short": "0", "call_num": "0", "recid": "0", "websiteUrl": "0", "title": "0", "ckey": 0, "available": false, "iiifUrl": "0" }, "geometry": { "type": "Polygon", "coordinates": [ [ [ 102.0, 53.6666667 ], [ 102.5, 53.6666667 ], [ 102.5, 54.0 ], [ 102.0, 54.0 ], [ 102.0, 53.6666667 ] ] ] } },
{ "type": "Feature", "properties": { "Id": 0, "Sheet_ID": "W14N12-8. リストウヤンカ", "label": "W14N12-8. リストウヤンカ", "call_short": "0", "call_num": "0", "recid": "0", "websiteUrl": "0", "title": "0", "ckey": 0, "available": false, "iiifUrl": "0" }, "geometry": { "type": "Polygon", "coordinates": [ [ [ 101.5, 54.0 ], [ 102.0, 54.0 ], [ 102.0, 54.3333333 ], [ 101.5, 54.3333333 ], [ 101.5, 54.0 ] ] ] } },
{ "type": "Feature", "properties": { "Id": 0, "Sheet_ID": "W14N12-22. クルザーン", "label": "W14N12-22. クルザーン", "call_short": "0", "call_num": "0", "recid": "0", "websiteUrl": "0", "title": "0", "ckey": 0, "available": false, "iiifUrl": "0" }, "geometry": { "type": "Polygon", "coordinates": [ [ [ 100.0, 54.3333333 ], [ 100.5, 54.3333333 ], [ 100.5, 54.6666667 ], [ 100.0, 54.6666667 ], [ 100.0, 54.3333333 ] ] ] } },
{ "type": "Feature", "properties": { "Id": 0, "Sheet_ID": "W14N12-17. ツルーン", "label": "W14N12-17. ツルーン", "call_short": "0", "call_num": "0", "recid": "0", "websiteUrl": "0", "title": "0", "ckey": 0, "available": false, "iiifUrl": "0" }, "geometry": { "type": "Polygon", "coordinates": [ [ [ 100.5, 54.3333333 ], [ 101.0, 54.3333333 ], [ 101.0, 54.6666667 ], [ 100.5, 54.6666667 ], [ 100.5, 54.3333333 ] ] ] } },
{ "type": "Feature", "properties": { "Id": 0, "Sheet_ID": "W14N12-12. ツリンスコエ", "label": "W14N12-12. ツリンスコエ", "call_short": "0", "call_num": "0", "recid": "0", "websiteUrl": "0", "title": "0", "ckey": 0, "available": false, "iiifUrl": "0" }, "geometry": { "type": "Polygon", "coordinates": [ [ [ 101.0, 54.3333333 ], [ 101.5, 54.3333333 ], [ 101.5, 54.6666667 ], [ 101.0, 54.6666667 ], [ 101.0, 54.3333333 ] ] ] } },
{ "type": "Feature", "properties": { "Id": 0, "Sheet_ID": "W13N10-20. モドンクリスカーヤ山", "label": "W13N10-20. モドンクリスカーヤ山", "call_short": "0", "call_num": "0", "recid": "0", "websiteUrl": "0", "title": "0", "ckey": 0, "available": false, "iiifUrl": "0" }, "geometry": { "type": "Polygon", "coordinates": [ [ [ 103.0, 50.0 ], [ 103.5, 50.0 ], [ 103.5, 50.3333333 ], [ 103.0, 50.3333333 ], [ 103.0, 50.0 ] ] ] } },
{ "type": "Feature", "properties": { "Id": 0, "Sheet_ID": "W13N10-15. ボルンゴール谷", "label": "W13N10-15. ボルンゴール谷", "call_short": "0", "call_num": "0", "recid": "0", "websiteUrl": "0", "title": "0", "ckey": 0, "available": false, "iiifUrl": "0" }, "geometry": { "type": "Polygon", "coordinates": [ [ [ 103.5, 50.0 ], [ 104.0, 50.0 ], [ 104.0, 50.3333333 ], [ 103.5, 50.3333333 ], [ 103.5, 50.0 ] ] ] } },
{ "type": "Feature", "properties": { "Id": 0, "Sheet_ID": "W13N10-10. バルンカ谷", "label": "W13N10-10. バルンカ谷", "call_short": "0", "call_num": "0", "recid": "0", "websiteUrl": "0", "title": "0", "ckey": 0, "available": false, "iiifUrl": "0" }, "geometry": { "type": "Polygon", "coordinates": [ [ [ 104.0, 50.0 ], [ 104.5, 50.0 ], [ 104.5, 50.3333333 ], [ 104.0, 50.3333333 ], [ 104.0, 50.0 ] ] ] } },
{ "type": "Feature", "properties": { "Id": 0, "Sheet_ID": "W13N10-24. エムブルゴーイ", "label": "W13N10-24. エムブルゴーイ", "call_short": "0", "call_num": "0", "recid": "0", "websiteUrl": "0", "title": "0", "ckey": 0, "available": false, "iiifUrl": "0" }, "geometry": { "type": "Polygon", "coordinates": [ [ [ 102.5, 50.3333333 ], [ 103.0, 50.3333333 ], [ 103.0, 50.6666667 ], [ 102.5, 50.6666667 ], [ 102.5, 50.3333333 ] ] ] } },
{ "type": "Feature", "properties": { "Id": 0, "Sheet_ID": "W13N10-19. シャラーアザルガ", "label": "W13N10-19. シャラーアザルガ", "call_short": "0", "call_num": "0", "recid": "0", "websiteUrl": "0", "title": "0", "ckey": 0, "available": false, "iiifUrl": "0" }, "geometry": { "type": "Polygon", "coordinates": [ [ [ 103.0, 50.3333333 ], [ 103.5, 50.3333333 ], [ 103.5, 50.6666667 ], [ 103.0, 50.6666667 ], [ 103.0, 50.3333333 ] ] ] } },
{ "type": "Feature", "properties": { "Id": 0, "Sheet_ID": "W13N10-14. ハムネーイ", "label": "W13N10-14. ハムネーイ", "call_short": "0", "call_num": "0", "recid": "0", "websiteUrl": "0", "title": "0", "ckey": 0, "available": false, "iiifUrl": "0" }, "geometry": { "type": "Polygon", "coordinates": [ [ [ 103.5, 50.3333333 ], [ 104.0, 50.3333333 ], [ 104.0, 50.6666667 ], [ 103.5, 50.6666667 ], [ 103.5, 50.3333333 ] ] ] } },
{ "type": "Feature", "properties": { "Id": 0, "Sheet_ID": "W13N10-9. ツェィスキー", "label": "W13N10-9. ツェィスキー", "call_short": "0", "call_num": "0", "recid": "0", "websiteUrl": "0", "title": "0", "ckey": 0, "available": false, "iiifUrl": "0" }, "geometry": { "type": "Polygon", "coordinates": [ [ [ 104.0, 50.3333333 ], [ 104.5, 50.3333333 ], [ 104.5, 50.6666667 ], [ 104.0, 50.6666667 ], [ 104.0, 50.3333333 ] ] ] } },
{ "type": "Feature", "properties": { "Id": 0, "Sheet_ID": "W13N10-4. ナルウィンスキー", "label": "W13N10-4. ナルウィンスキー", "call_short": "0", "call_num": "0", "recid": "0", "websiteUrl": "0", "title": "0", "ckey": 0, "available": false, "iiifUrl": "0" }, "geometry": { "type": "Polygon", "coordinates": [ [ [ 104.5, 50.3333333 ], [ 105.0, 50.3333333 ], [ 105.0, 50.6666667 ], [ 104.5, 50.6666667 ], [ 104.5, 50.3333333 ] ] ] } },
{ "type": "Feature", "properties": { "Id": 0, "Sheet_ID": "W13N10-23. フールリク河", "label": "W13N10-23. フールリク河", "call_short": "0", "call_num": "0", "recid": "0", "websiteUrl": "0", "title": "0", "ckey": 0, "available": false, "iiifUrl": "0" }, "geometry": { "type": "Polygon", "coordinates": [ [ [ 102.5, 50.6666667 ], [ 103.0, 50.6666667 ], [ 103.0, 51.0 ], [ 102.5, 51.0 ], [ 102.5, 50.6666667 ] ] ] } },
{ "type": "Feature", "properties": { "Id": 0, "Sheet_ID": "W13N10-22. ゾーンムリーン河", "label": "W13N10-22. ゾーンムリーン河", "call_short": "0", "call_num": "0", "recid": "0", "websiteUrl": "0", "title": "0", "ckey": 0, "available": false, "iiifUrl": "0" }, "geometry": { "type": "Polygon", "coordinates": [ [ [ 102.5, 51.0 ], [ 103.0, 51.0 ], [ 103.0, 51.3333333 ], [ 102.5, 51.3333333 ], [ 102.5, 51.0 ] ] ] } },
{ "type": "Feature", "properties": { "Id": 0, "Sheet_ID": "W13N10-12. ツィルグィン山", "label": "W13N10-12. ツィルグィン山", "call_short": "0", "call_num": "0", "recid": "0", "websiteUrl": "0", "title": "0", "ckey": 0, "available": false, "iiifUrl": "0" }, "geometry": { "type": "Polygon", "coordinates": [ [ [ 103.5, 51.0 ], [ 104.0, 51.0 ], [ 104.0, 51.3333333 ], [ 103.5, 51.3333333 ], [ 103.5, 51.0 ] ] ] } },
{ "type": "Feature", "properties": { "Id": 0, "Sheet_ID": "W13N10-21. コズヤー・シェーヤ峠", "label": "W13N10-21. コズヤー・シェーヤ峠", "call_short": "0", "call_num": "0", "recid": "0", "websiteUrl": "0", "title": "0", "ckey": 0, "available": false, "iiifUrl": "0" }, "geometry": { "type": "Polygon", "coordinates": [ [ [ 102.5, 51.3333333 ], [ 103.0, 51.3333333 ], [ 103.0, 51.6666667 ], [ 102.5, 51.6666667 ], [ 102.5, 51.3333333 ] ] ] } },
{ "type": "Feature", "properties": { "Id": 0, "Sheet_ID": "W13N10-16. ツールガン山", "label": "W13N10-16. ツールガン山", "call_short": "0", "call_num": "0", "recid": "0", "websiteUrl": "0", "title": "0", "ckey": 0, "available": false, "iiifUrl": "0" }, "geometry": { "type": "Polygon", "coordinates": [ [ [ 103.0, 51.3333333 ], [ 103.5, 51.3333333 ], [ 103.5, 51.6666667 ], [ 103.0, 51.6666667 ], [ 103.0, 51.3333333 ] ] ] } },
{ "type": "Feature", "properties": { "Id": 0, "Sheet_ID": "W13N10-11. スリューヂャンカ", "label": "W13N10-11. スリューヂャンカ", "call_short": "0", "call_num": "0", "recid": "0", "websiteUrl": "0", "title": "0", "ckey": 0, "available": false, "iiifUrl": "0" }, "geometry": { "type": "Polygon", "coordinates": [ [ [ 103.5, 51.3333333 ], [ 104.0, 51.3333333 ], [ 104.0, 51.6666667 ], [ 103.5, 51.6666667 ], [ 103.5, 51.3333333 ] ] ] } },
{ "type": "Feature", "properties": { "Id": 0, "Sheet_ID": "W13N10- 6. ウツリークスコエ", "label": "W13N10- 6. ウツリークスコエ", "call_short": "0", "call_num": "0", "recid": "0", "websiteUrl": "0", "title": "0", "ckey": 0, "available": false, "iiifUrl": "0" }, "geometry": { "type": "Polygon", "coordinates": [ [ [ 104.0, 51.3333333 ], [ 104.5, 51.3333333 ], [ 104.5, 51.6666667 ], [ 104.0, 51.6666667 ], [ 104.0, 51.3333333 ] ] ] } },
{ "type": "Feature", "properties": { "Id": 0, "Sheet_ID": "W13N10-1. ウィヂリーノ驛", "label": "W13N10-1. ウィヂリーノ驛", "call_short": "0", "call_num": "0", "recid": "0", "websiteUrl": "0", "title": "0", "ckey": 0, "available": false, "iiifUrl": "0" }, "geometry": { "type": "Polygon", "coordinates": [ [ [ 104.5, 51.3333333 ], [ 105.0, 51.3333333 ], [ 105.0, 51.6666667 ], [ 104.5, 51.6666667 ], [ 104.5, 51.3333333 ] ] ] } },
{ "type": "Feature", "properties": { "Id": 0, "Sheet_ID": "W13N11-25. ツンカー", "label": "W13N11-25. ツンカー", "call_short": "0", "call_num": "0", "recid": "0", "websiteUrl": "0", "title": "0", "ckey": 0, "available": false, "iiifUrl": "0" }, "geometry": { "type": "Polygon", "coordinates": [ [ [ 102.5, 51.6666667 ], [ 103.0, 51.6666667 ], [ 103.0, 52.0 ], [ 102.5, 52.0 ], [ 102.5, 51.6666667 ] ] ] } },
{ "type": "Feature", "properties": { "Id": 0, "Sheet_ID": "W13N11-20. チベリチー", "label": "W13N11-20. チベリチー", "call_short": "0", "call_num": "0", "recid": "0", "websiteUrl": "0", "title": "0", "ckey": 0, "available": false, "iiifUrl": "0" }, "geometry": { "type": "Polygon", "coordinates": [ [ [ 103.0, 51.6666667 ], [ 103.5, 51.6666667 ], [ 103.5, 52.0 ], [ 103.0, 52.0 ], [ 103.0, 51.6666667 ] ] ] } },
{ "type": "Feature", "properties": { "Id": 0, "Sheet_ID": "W13N11-15. クルツーク", "label": "W13N11-15. クルツーク", "call_short": "0", "call_num": "0", "recid": "0", "websiteUrl": "0", "title": "0", "ckey": 0, "available": false, "iiifUrl": "0" }, "geometry": { "type": "Polygon", "coordinates": [ [ [ 103.5, 51.6666667 ], [ 104.0, 51.6666667 ], [ 104.0, 52.0 ], [ 103.5, 52.0 ], [ 103.5, 51.6666667 ] ] ] } },
{ "type": "Feature", "properties": { "Id": 0, "Sheet_ID": "W13N11-10. マリツーイ", "label": "W13N11-10. マリツーイ", "call_short": "0", "call_num": "0", "recid": "0", "websiteUrl": "0", "title": "0", "ckey": 0, "available": false, "iiifUrl": "0" }, "geometry": { "type": "Polygon", "coordinates": [ [ [ 104.0, 51.6666667 ], [ 104.5, 51.6666667 ], [ 104.5, 52.0 ], [ 104.0, 52.0 ], [ 104.0, 51.6666667 ] ] ] } },
{ "type": "Feature", "properties": { "Id": 0, "Sheet_ID": "W13N11-5. バーイカル", "label": "W13N11-5. バーイカル", "call_short": "0", "call_num": "0", "recid": "0", "websiteUrl": "0", "title": "0", "ckey": 0, "available": false, "iiifUrl": "0" }, "geometry": { "type": "Polygon", "coordinates": [ [ [ 104.5, 51.6666667 ], [ 105.0, 51.6666667 ], [ 105.0, 52.0 ], [ 104.5, 52.0 ], [ 104.5, 51.6666667 ] ] ] } },
{ "type": "Feature", "properties": { "Id": 0, "Sheet_ID": "W13N11-14. フウェデンスコエ", "label": "W13N11-14. フウェデンスコエ", "call_short": "0", "call_num": "0", "recid": "0", "websiteUrl": "0", "title": "0", "ckey": 0, "available": false, "iiifUrl": "0" }, "geometry": { "type": "Polygon", "coordinates": [ [ [ 103.5, 52.0 ], [ 104.0, 52.0 ], [ 104.0, 52.3333333 ], [ 103.5, 52.3333333 ], [ 103.5, 52.0 ] ] ] } },
{ "type": "Feature", "properties": { "Id": 0, "Sheet_ID": "W13N11-9. イルクーツク", "label": "W13N11-9. イルクーツク", "call_short": "0", "call_num": "0", "recid": "0", "websiteUrl": "0", "title": "0", "ckey": 0, "available": false, "iiifUrl": "0" }, "geometry": { "type": "Polygon", "coordinates": [ [ [ 104.0, 52.0 ], [ 104.5, 52.0 ], [ 104.5, 52.3333333 ], [ 104.0, 52.3333333 ], [ 104.0, 52.0 ] ] ] } },
{ "type": "Feature", "properties": { "Id": 0, "Sheet_ID": "W13N11-4. パキシー", "label": "W13N11-4. パキシー", "call_short": "0", "call_num": "0", "recid": "0", "websiteUrl": "0", "title": "0", "ckey": 0, "available": false, "iiifUrl": "0" }, "geometry": { "type": "Polygon", "coordinates": [ [ [ 104.5, 52.0 ], [ 105.0, 52.0 ], [ 105.0, 52.3333333 ], [ 104.5, 52.3333333 ], [ 104.5, 52.0 ] ] ] } },
{ "type": "Feature", "properties": { "Id": 0, "Sheet_ID": "W13N11-13. ビリークツイ", "label": "W13N11-13. ビリークツイ", "call_short": "0", "call_num": "0", "recid": "0", "websiteUrl": "0", "title": "0", "ckey": 0, "available": false, "iiifUrl": "0" }, "geometry": { "type": "Polygon", "coordinates": [ [ [ 103.5, 52.3333333 ], [ 104.0, 52.3333333 ], [ 104.0, 52.6666667 ], [ 103.5, 52.6666667 ], [ 103.5, 52.3333333 ] ] ] } },
{ "type": "Feature", "properties": { "Id": 0, "Sheet_ID": "W13N11-8. インケンチェフスキー", "label": "W13N11-8. インケンチェフスキー", "call_short": "0", "call_num": "0", "recid": "0", "websiteUrl": "0", "title": "0", "ckey": 0, "available": false, "iiifUrl": "0" }, "geometry": { "type": "Polygon", "coordinates": [ [ [ 104.0, 52.3333333 ], [ 104.5, 52.3333333 ], [ 104.5, 52.6666667 ], [ 104.0, 52.6666667 ], [ 104.0, 52.3333333 ] ] ] } },
{ "type": "Feature", "properties": { "Id": 0, "Sheet_ID": "W13N11-3. クヤーダ", "label": "W13N11-3. クヤーダ", "call_short": "0", "call_num": "0", "recid": "0", "websiteUrl": "0", "title": "0", "ckey": 0, "available": false, "iiifUrl": "0" }, "geometry": { "type": "Polygon", "coordinates": [ [ [ 104.5, 52.3333333 ], [ 105.0, 52.3333333 ], [ 105.0, 52.6666667 ], [ 104.5, 52.6666667 ], [ 104.5, 52.3333333 ] ] ] } },
{ "type": "Feature", "properties": { "Id": 0, "Sheet_ID": "W13N11-22. グィムリ", "label": "W13N11-22. グィムリ", "call_short": "0", "call_num": "0", "recid": "0", "websiteUrl": "0", "title": "0", "ckey": 0, "available": false, "iiifUrl": "0" }, "geometry": { "type": "Polygon", "coordinates": [ [ [ 102.5, 52.6666667 ], [ 103.0, 52.6666667 ], [ 103.0, 53.0 ], [ 102.5, 53.0 ], [ 102.5, 52.6666667 ] ] ] } },
{ "type": "Feature", "properties": { "Id": 0, "Sheet_ID": "W13N11-17. タイツールカ", "label": "W13N11-17. タイツールカ", "call_short": "0", "call_num": "0", "recid": "0", "websiteUrl": "0", "title": "0", "ckey": 0, "available": false, "iiifUrl": "0" }, "geometry": { "type": "Polygon", "coordinates": [ [ [ 103.0, 52.6666667 ], [ 103.5, 52.6666667 ], [ 103.5, 53.0 ], [ 103.0, 53.0 ], [ 103.0, 52.6666667 ] ] ] } },
{ "type": "Feature", "properties": { "Id": 0, "Sheet_ID": "W13N11-12. ウソーリエ", "label": "W13N11-12. ウソーリエ", "call_short": "0", "call_num": "0", "recid": "0", "websiteUrl": "0", "title": "0", "ckey": 0, "available": false, "iiifUrl": "0" }, "geometry": { "type": "Polygon", "coordinates": [ [ [ 103.5, 52.6666667 ], [ 104.0, 52.6666667 ], [ 104.0, 53.0 ], [ 103.5, 53.0 ], [ 103.5, 52.6666667 ] ] ] } },
{ "type": "Feature", "properties": { "Id": 0, "Sheet_ID": "W13N11-7. ブィコウォ", "label": "W13N11-7. ブィコウォ", "call_short": "0", "call_num": "0", "recid": "0", "websiteUrl": "0", "title": "0", "ckey": 0, "available": false, "iiifUrl": "0" }, "geometry": { "type": "Polygon", "coordinates": [ [ [ 104.0, 52.6666667 ], [ 104.5, 52.6666667 ], [ 104.5, 53.0 ], [ 104.0, 53.0 ], [ 104.0, 52.6666667 ] ] ] } },
{ "type": "Feature", "properties": { "Id": 0, "Sheet_ID": "W13N11-2. ツイグーツィ", "label": "W13N11-2. ツイグーツィ", "call_short": "0", "call_num": "0", "recid": "0", "websiteUrl": "0", "title": "0", "ckey": 0, "available": false, "iiifUrl": "0" }, "geometry": { "type": "Polygon", "coordinates": [ [ [ 104.5, 52.6666667 ], [ 105.0, 52.6666667 ], [ 105.0, 53.0 ], [ 104.5, 53.0 ], [ 104.5, 52.6666667 ] ] ] } },
{ "type": "Feature", "properties": { "Id": 0, "Sheet_ID": "W13N11-21. ザビーツイ", "label": "W13N11-21. ザビーツイ", "call_short": "0", "call_num": "0", "recid": "0", "websiteUrl": "0", "title": "0", "ckey": 0, "available": false, "iiifUrl": "0" }, "geometry": { "type": "Polygon", "coordinates": [ [ [ 102.5, 53.0 ], [ 103.0, 53.0 ], [ 103.0, 53.3333333 ], [ 102.5, 53.3333333 ], [ 102.5, 53.0 ] ] ] } },
{ "type": "Feature", "properties": { "Id": 0, "Sheet_ID": "W13N11-16. チェレムホーウォ", "label": "W13N11-16. チェレムホーウォ", "call_short": "0", "call_num": "0", "recid": "0", "websiteUrl": "0", "title": "0", "ckey": 0, "available": false, "iiifUrl": "0" }, "geometry": { "type": "Polygon", "coordinates": [ [ [ 103.0, 53.0 ], [ 103.5, 53.0 ], [ 103.5, 53.3333333 ], [ 103.0, 53.3333333 ], [ 103.0, 53.0 ] ] ] } },
{ "type": "Feature", "properties": { "Id": 0, "Sheet_ID": "W13N11-11. ホホルスキー", "label": "W13N11-11. ホホルスキー", "call_short": "0", "call_num": "0", "recid": "0", "websiteUrl": "0", "title": "0", "ckey": 0, "available": false, "iiifUrl": "0" }, "geometry": { "type": "Polygon", "coordinates": [ [ [ 103.5, 53.0 ], [ 104.0, 53.0 ], [ 104.0, 53.3333333 ], [ 103.5, 53.3333333 ], [ 103.5, 53.0 ] ] ] } },
{ "type": "Feature", "properties": { "Id": 0, "Sheet_ID": "W13N11-6. ウェルフネ・イヂンスコエ", "label": "W13N11-6. ウェルフネ・イヂンスコエ", "call_short": "0", "call_num": "0", "recid": "0", "websiteUrl": "0", "title": "0", "ckey": 0, "available": false, "iiifUrl": "0" }, "geometry": { "type": "Polygon", "coordinates": [ [ [ 104.0, 53.0 ], [ 104.5, 53.0 ], [ 104.5, 53.3333333 ], [ 104.0, 53.3333333 ], [ 104.0, 53.0 ] ] ] } },
{ "type": "Feature", "properties": { "Id": 0, "Sheet_ID": "W13N11-1. ボゼハン", "label": "W13N11-1. ボゼハン", "call_short": "0", "call_num": "0", "recid": "0", "websiteUrl": "0", "title": "0", "ckey": 0, "available": false, "iiifUrl": "0" }, "geometry": { "type": "Polygon", "coordinates": [ [ [ 104.5, 53.0 ], [ 105.0, 53.0 ], [ 105.0, 53.3333333 ], [ 104.5, 53.3333333 ], [ 104.5, 53.0 ] ] ] } },
{ "type": "Feature", "properties": { "Id": 0, "Sheet_ID": "W13N12-25. ザラーリ", "label": "W13N12-25. ザラーリ", "call_short": "0", "call_num": "0", "recid": "0", "websiteUrl": "0", "title": "0", "ckey": 0, "available": false, "iiifUrl": "0" }, "geometry": { "type": "Polygon", "coordinates": [ [ [ 102.5, 53.3333333 ], [ 103.0, 53.3333333 ], [ 103.0, 53.6666667 ], [ 102.5, 53.6666667 ], [ 102.5, 53.3333333 ] ] ] } },
{ "type": "Feature", "properties": { "Id": 0, "Sheet_ID": "W13N12-20. エフセーエウォ", "label": "W13N12-20. エフセーエウォ", "call_short": "0", "call_num": "0", "recid": "0", "websiteUrl": "0", "title": "0", "ckey": 0, "available": false, "iiifUrl": "0" }, "geometry": { "type": "Polygon", "coordinates": [ [ [ 103.0, 53.3333333 ], [ 103.5, 53.3333333 ], [ 103.5, 53.6666667 ], [ 103.0, 53.6666667 ], [ 103.0, 53.3333333 ] ] ] } },
{ "type": "Feature", "properties": { "Id": 0, "Sheet_ID": "W13N12-15. タリャタイスキー", "label": "W13N12-15. タリャタイスキー", "call_short": "0", "call_num": "0", "recid": "0", "websiteUrl": "0", "title": "0", "ckey": 0, "available": false, "iiifUrl": "0" }, "geometry": { "type": "Polygon", "coordinates": [ [ [ 103.5, 53.3333333 ], [ 104.0, 53.3333333 ], [ 104.0, 53.6666667 ], [ 103.5, 53.6666667 ], [ 103.5, 53.3333333 ] ] ] } },
{ "type": "Feature", "properties": { "Id": 0, "Sheet_ID": "W12N10-15. 賣買城", "label": "W12N10-15. 賣買城", "call_short": "0", "call_num": "0", "recid": "0", "websiteUrl": "0", "title": "0", "ckey": 0, "available": false, "iiifUrl": "0" }, "geometry": { "type": "Polygon", "coordinates": [ [ [ 106.0, 49.9999998 ], [ 106.5, 49.9999998 ], [ 106.5, 50.3333331 ], [ 106.0, 50.3333331 ], [ 106.0, 49.9999998 ] ] ] } },
{ "type": "Feature", "properties": { "Id": 0, "Sheet_ID": "W12N10-10. ムローチ", "label": "W12N10-10. ムローチ", "call_short": "0", "call_num": "0", "recid": "0", "websiteUrl": "0", "title": "0", "ckey": 0, "available": false, "iiifUrl": "0" }, "geometry": { "type": "Polygon", "coordinates": [ [ [ 106.5, 49.9999998 ], [ 107.0, 49.9999998 ], [ 107.0, 50.3333331 ], [ 106.5, 50.3333331 ], [ 106.5, 49.9999998 ] ] ] } },
{ "type": "Feature", "properties": { "Id": 0, "Sheet_ID": "W12N10-5. クダリーンスカヤ", "label": "W12N10-5. クダリーンスカヤ", "call_short": "0", "call_num": "0", "recid": "0", "websiteUrl": "0", "title": "0", "ckey": 0, "available": false, "iiifUrl": "0" }, "geometry": { "type": "Polygon", "coordinates": [ [ [ 107.0, 49.9999998 ], [ 107.5, 49.9999998 ], [ 107.5, 50.3333331 ], [ 107.0, 50.3333331 ], [ 107.0, 49.9999998 ] ] ] } },
{ "type": "Feature", "properties": { "Id": 0, "Sheet_ID": "W12N10-24. ジェルツーリンスカヤ", "label": "W12N10-24. ジェルツーリンスカヤ", "call_short": "0", "call_num": "0", "recid": "0", "websiteUrl": "0", "title": "0", "ckey": 0, "available": false, "iiifUrl": "0" }, "geometry": { "type": "Polygon", "coordinates": [ [ [ 105.0, 50.3333331 ], [ 105.5, 50.3333331 ], [ 105.5, 50.6666665 ], [ 105.0, 50.6666665 ], [ 105.0, 50.3333331 ] ] ] } },
{ "type": "Feature", "properties": { "Id": 0, "Sheet_ID": "W12N10-19. ボスシースキー", "label": "W12N10-19. ボスシースキー", "call_short": "0", "call_num": "0", "recid": "0", "websiteUrl": "0", "title": "0", "ckey": 0, "available": false, "iiifUrl": "0" }, "geometry": { "type": "Polygon", "coordinates": [ [ [ 105.5, 50.3333331 ], [ 106.0, 50.3333331 ], [ 106.0, 50.6666665 ], [ 105.5, 50.6666665 ], [ 105.5, 50.3333331 ] ] ] } },
{ "type": "Feature", "properties": { "Id": 0, "Sheet_ID": "W12N10-14. トロイツコサーフスク", "label": "W12N10-14. トロイツコサーフスク", "call_short": "0", "call_num": "0", "recid": "0", "websiteUrl": "0", "title": "0", "ckey": 0, "available": false, "iiifUrl": "0" }, "geometry": { "type": "Polygon", "coordinates": [ [ [ 106.0, 50.3333331 ], [ 106.5, 50.3333331 ], [ 106.5, 50.6666665 ], [ 106.0, 50.6666665 ], [ 106.0, 50.3333331 ] ] ] } },
{ "type": "Feature", "properties": { "Id": 0, "Sheet_ID": "W12N10-9. キーラン", "label": "W12N10-9. キーラン", "call_short": "0", "call_num": "0", "recid": "0", "websiteUrl": "0", "title": "0", "ckey": 0, "available": false, "iiifUrl": "0" }, "geometry": { "type": "Polygon", "coordinates": [ [ [ 106.5, 50.3333331 ], [ 107.0, 50.3333331 ], [ 107.0, 50.6666665 ], [ 106.5, 50.6666665 ], [ 106.5, 50.3333331 ] ] ] } },
{ "type": "Feature", "properties": { "Id": 0, "Sheet_ID": "W12N10-4. オキーノ・クリェチー", "label": "W12N10-4. オキーノ・クリェチー", "call_short": "0", "call_num": "0", "recid": "0", "websiteUrl": "0", "title": "0", "ckey": 0, "available": false, "iiifUrl": "0" }, "geometry": { "type": "Polygon", "coordinates": [ [ [ 107.0, 50.3333331 ], [ 107.5, 50.3333331 ], [ 107.5, 50.6666665 ], [ 107.0, 50.6666665 ], [ 107.0, 50.3333331 ] ] ] } },
{ "type": "Feature", "properties": { "Id": 0, "Sheet_ID": "W12N10-23. ツァガツゥイスキーエ", "label": "W12N10-23. ツァガツゥイスキーエ", "call_short": "0", "call_num": "0", "recid": "0", "websiteUrl": "0", "title": "0", "ckey": 0, "available": false, "iiifUrl": "0" }, "geometry": { "type": "Polygon", "coordinates": [ [ [ 105.0, 50.6666665 ], [ 105.5, 50.6666665 ], [ 105.5, 50.9999998 ], [ 105.0, 50.9999998 ], [ 105.0, 50.6666665 ] ] ] } },
{ "type": "Feature", "properties": { "Id": 0, "Sheet_ID": "W12N10-18. ノウォドミツリエフカ", "label": "W12N10-18. ノウォドミツリエフカ", "call_short": "0", "call_num": "0", "recid": "0", "websiteUrl": "0", "title": "0", "ckey": 0, "available": false, "iiifUrl": "0" }, "geometry": { "type": "Polygon", "coordinates": [ [ [ 105.5, 50.6666665 ], [ 106.0, 50.6666665 ], [ 106.0, 50.9999998 ], [ 105.5, 50.9999998 ], [ 105.5, 50.6666665 ] ] ] } },
{ "type": "Feature", "properties": { "Id": 0, "Sheet_ID": "W12N10-13. セレギンスカーヤ・ヅーマ", "label": "W12N10-13. セレギンスカーヤ・ヅーマ", "call_short": "0", "call_num": "0", "recid": "0", "websiteUrl": "0", "title": "0", "ckey": 0, "available": false, "iiifUrl": "0" }, "geometry": { "type": "Polygon", "coordinates": [ [ [ 106.0, 50.6666665 ], [ 106.5, 50.6666665 ], [ 106.5, 50.9999998 ], [ 106.0, 50.9999998 ], [ 106.0, 50.6666665 ] ] ] } },
{ "type": "Feature", "properties": { "Id": 0, "Sheet_ID": "W12N10-8. ポウォロトナーヤ", "label": "W12N10-8. ポウォロトナーヤ", "call_short": "0", "call_num": "0", "recid": "0", "websiteUrl": "0", "title": "0", "ckey": 0, "available": false, "iiifUrl": "0" }, "geometry": { "type": "Polygon", "coordinates": [ [ [ 106.5, 50.6666665 ], [ 107.0, 50.6666665 ], [ 107.0, 50.9999998 ], [ 106.5, 50.9999998 ], [ 106.5, 50.6666665 ] ] ] } },
{ "type": "Feature", "properties": { "Id": 0, "Sheet_ID": "W12N10-3. ポドロパトチノーエ", "label": "W12N10-3. ポドロパトチノーエ", "call_short": "0", "call_num": "0", "recid": "0", "websiteUrl": "0", "title": "0", "ckey": 0, "available": false, "iiifUrl": "0" }, "geometry": { "type": "Polygon", "coordinates": [ [ [ 107.0, 50.6666665 ], [ 107.5, 50.6666665 ], [ 107.5, 50.9999998 ], [ 107.0, 50.9999998 ], [ 107.0, 50.6666665 ] ] ] } },
{ "type": "Feature", "properties": { "Id": 0, "Sheet_ID": "W12N10-17. ハラホータ山", "label": "W12N10-17. ハラホータ山", "call_short": "0", "call_num": "0", "recid": "0", "websiteUrl": "0", "title": "0", "ckey": 0, "available": false, "iiifUrl": "0" }, "geometry": { "type": "Polygon", "coordinates": [ [ [ 105.5, 50.9999998 ], [ 106.0, 50.9999998 ], [ 106.0, 51.3333332 ], [ 105.5, 51.3333332 ], [ 105.5, 50.9999998 ] ] ] } },
{ "type": "Feature", "properties": { "Id": 0, "Sheet_ID": "W12N10-12. グシノーエ湖", "label": "W12N10-12. グシノーエ湖", "call_short": "0", "call_num": "0", "recid": "0", "websiteUrl": "0", "title": "0", "ckey": 0, "available": false, "iiifUrl": "0" }, "geometry": { "type": "Polygon", "coordinates": [ [ [ 106.0, 50.9999998 ], [ 106.5, 50.9999998 ], [ 106.5, 51.3333332 ], [ 106.0, 51.3333332 ], [ 106.0, 50.9999998 ] ] ] } },
{ "type": "Feature", "properties": { "Id": 0, "Sheet_ID": "W12N10-7. セレンギンスク", "label": "W12N10-7. セレンギンスク", "call_short": "0", "call_num": "0", "recid": "0", "websiteUrl": "0", "title": "0", "ckey": 0, "available": false, "iiifUrl": "0" }, "geometry": { "type": "Polygon", "coordinates": [ [ [ 106.5, 50.9999998 ], [ 107.0, 50.9999998 ], [ 107.0, 51.3333332 ], [ 106.5, 51.3333332 ], [ 106.5, 50.9999998 ] ] ] } },
{ "type": "Feature", "properties": { "Id": 0, "Sheet_ID": "W12N10-2. ハンダガタイ", "label": "W12N10-2. ハンダガタイ", "call_short": "0", "call_num": "0", "recid": "0", "websiteUrl": "0", "title": "0", "ckey": 0, "available": false, "iiifUrl": "0" }, "geometry": { "type": "Polygon", "coordinates": [ [ [ 107.0, 50.9999998 ], [ 107.5, 50.9999998 ], [ 107.5, 51.3333332 ], [ 107.0, 51.3333332 ], [ 107.0, 50.9999998 ] ] ] } },
{ "type": "Feature", "properties": { "Id": 0, "Sheet_ID": "W12N10-21. ペレエムナーヤ駅", "label": "W12N10-21. ペレエムナーヤ駅", "call_short": "0", "call_num": "0", "recid": "0", "websiteUrl": "0", "title": "0", "ckey": 0, "available": false, "iiifUrl": "0" }, "geometry": { "type": "Polygon", "coordinates": [ [ [ 105.0, 51.3333332 ], [ 105.5, 51.3333332 ], [ 105.5, 51.6666665 ], [ 105.0, 51.6666665 ], [ 105.0, 51.3333332 ] ] ] } },
{ "type": "Feature", "properties": { "Id": 0, "Sheet_ID": "W12N10-16. ミシーハ", "label": "W12N10-16. ミシーハ", "call_short": "0", "call_num": "0", "recid": "0", "websiteUrl": "0", "title": "0", "ckey": 0, "available": false, "iiifUrl": "0" }, "geometry": { "type": "Polygon", "coordinates": [ [ [ 105.5, 51.3333332 ], [ 106.0, 51.3333332 ], [ 106.0, 51.6666665 ], [ 105.5, 51.6666665 ], [ 105.5, 51.3333332 ] ] ] } },
{ "type": "Feature", "properties": { "Id": 0, "Sheet_ID": "W12N10-11. ツァガン・チェルターイ山", "label": "W12N10-11. ツァガン・チェルターイ山", "call_short": "0", "call_num": "0", "recid": "0", "websiteUrl": "0", "title": "0", "ckey": 0, "available": false, "iiifUrl": "0" }, "geometry": { "type": "Polygon", "coordinates": [ [ [ 106.0, 51.3333332 ], [ 106.5, 51.3333332 ], [ 106.5, 51.6666665 ], [ 106.0, 51.6666665 ], [ 106.0, 51.3333332 ] ] ] } },
{ "type": "Feature", "properties": { "Id": 0, "Sheet_ID": "W12N10-6. ウブークン", "label": "W12N10-6. ウブークン", "call_short": "0", "call_num": "0", "recid": "0", "websiteUrl": "0", "title": "0", "ckey": 0, "available": false, "iiifUrl": "0" }, "geometry": { "type": "Polygon", "coordinates": [ [ [ 106.5, 51.3333332 ], [ 107.0, 51.3333332 ], [ 107.0, 51.6666665 ], [ 106.5, 51.6666665 ], [ 106.5, 51.3333332 ] ] ] } },
{ "type": "Feature", "properties": { "Id": 0, "Sheet_ID": "W12N10-1. タルバガターイ", "label": "W12N10-1. タルバガターイ", "call_short": "0", "call_num": "0", "recid": "0", "websiteUrl": "0", "title": "0", "ckey": 0, "available": false, "iiifUrl": "0" }, "geometry": { "type": "Polygon", "coordinates": [ [ [ 107.0, 51.3333332 ], [ 107.5, 51.3333332 ], [ 107.5, 51.6666665 ], [ 107.0, 51.6666665 ], [ 107.0, 51.3333332 ] ] ] } },
{ "type": "Feature", "properties": { "Id": 0, "Sheet_ID": "W12N11-25. カヂーリヌイ岬", "label": "W12N11-25. カヂーリヌイ岬", "call_short": "0", "call_num": "0", "recid": "0", "websiteUrl": "0", "title": "0", "ckey": 0, "available": false, "iiifUrl": "0" }, "geometry": { "type": "Polygon", "coordinates": [ [ [ 105.0, 51.6666665 ], [ 105.5, 51.6666665 ], [ 105.5, 51.9999999 ], [ 105.0, 51.9999999 ], [ 105.0, 51.6666665 ] ] ] } },
{ "type": "Feature", "properties": { "Id": 0, "Sheet_ID": "W12N11-20. ムィソーフスク", "label": "W12N11-20. ムィソーフスク", "call_short": "0", "call_num": "0", "recid": "0", "websiteUrl": "0", "title": "0", "ckey": 0, "available": false, "iiifUrl": "0" }, "geometry": { "type": "Polygon", "coordinates": [ [ [ 105.5, 51.6666665 ], [ 106.0, 51.6666665 ], [ 106.0, 51.9999999 ], [ 105.5, 51.9999999 ], [ 105.5, 51.6666665 ] ] ] } },
{ "type": "Feature", "properties": { "Id": 0, "Sheet_ID": "W12N11-15. ボリショーレチェンスコエ", "label": "W12N11-15. ボリショーレチェンスコエ", "call_short": "0", "call_num": "0", "recid": "0", "websiteUrl": "0", "title": "0", "ckey": 0, "available": false, "iiifUrl": "0" }, "geometry": { "type": "Polygon", "coordinates": [ [ [ 106.0, 51.6666665 ], [ 106.5, 51.6666665 ], [ 106.5, 51.9999999 ], [ 106.0, 51.9999999 ], [ 106.0, 51.6666665 ] ] ] } },
{ "type": "Feature", "properties": { "Id": 0, "Sheet_ID": "W12N11-10. テムリューヰ", "label": "W12N11-10. テムリューヰ", "call_short": "0", "call_num": "0", "recid": "0", "websiteUrl": "0", "title": "0", "ckey": 0, "available": false, "iiifUrl": "0" }, "geometry": { "type": "Polygon", "coordinates": [ [ [ 106.5, 51.6666665 ], [ 107.0, 51.6666665 ], [ 107.0, 51.9999999 ], [ 106.5, 51.9999999 ], [ 106.5, 51.6666665 ] ] ] } },
{ "type": "Feature", "properties": { "Id": 0, "Sheet_ID": "W12N11-5. ウトチキーナ", "label": "W12N11-5. ウトチキーナ", "call_short": "0", "call_num": "0", "recid": "0", "websiteUrl": "0", "title": "0", "ckey": 0, "available": false, "iiifUrl": "0" }, "geometry": { "type": "Polygon", "coordinates": [ [ [ 107.0, 51.6666665 ], [ 107.5, 51.6666665 ], [ 107.5, 51.9999999 ], [ 107.0, 51.9999999 ], [ 107.0, 51.6666665 ] ] ] } },
{ "type": "Feature", "properties": { "Id": 0, "Sheet_ID": "W12N11-24. ゴローウストノーエ", "label": "W12N11-24. ゴローウストノーエ", "call_short": "0", "call_num": "0", "recid": "0", "websiteUrl": "0", "title": "0", "ckey": 0, "available": false, "iiifUrl": "0" }, "geometry": { "type": "Polygon", "coordinates": [ [ [ 105.0, 51.9999999 ], [ 105.5, 51.9999999 ], [ 105.5, 52.3333332 ], [ 105.0, 52.3333332 ], [ 105.0, 51.9999999 ] ] ] } },
{ "type": "Feature", "properties": { "Id": 0, "Sheet_ID": "W12N11-19. コロコーリヌィイ岬", "label": "W12N11-19. コロコーリヌィイ岬", "call_short": "0", "call_num": "0", "recid": "0", "websiteUrl": "0", "title": "0", "ckey": 0, "available": false, "iiifUrl": "0" }, "geometry": { "type": "Polygon", "coordinates": [ [ [ 105.5, 51.9999999 ], [ 106.0, 51.9999999 ], [ 106.0, 52.3333332 ], [ 105.5, 52.3333332 ], [ 105.5, 51.9999999 ] ] ] } },
{ "type": "Feature", "properties": { "Id": 0, "Sheet_ID": "W12N11-14. ツウォロゴーウォ", "label": "W12N11-14. ツウォロゴーウォ", "call_short": "0", "call_num": "0", "recid": "0", "websiteUrl": "0", "title": "0", "ckey": 0, "available": false, "iiifUrl": "0" }, "geometry": { "type": "Polygon", "coordinates": [ [ [ 106.0, 51.9999999 ], [ 106.5, 51.9999999 ], [ 106.5, 52.3333332 ], [ 106.0, 52.3333332 ], [ 106.0, 51.9999999 ] ] ] } },
{ "type": "Feature", "properties": { "Id": 0, "Sheet_ID": "W12N11-9. カバンスク", "label": "W12N11-9. カバンスク", "call_short": "0", "call_num": "0", "recid": "0", "websiteUrl": "0", "title": "0", "ckey": 0, "available": false, "iiifUrl": "0" }, "geometry": { "type": "Polygon", "coordinates": [ [ [ 106.5, 51.9999999 ], [ 107.0, 51.9999999 ], [ 107.0, 52.3333332 ], [ 106.5, 52.3333332 ], [ 106.5, 51.9999999 ] ] ] } },
{ "type": "Feature", "properties": { "Id": 0, "Sheet_ID": "W12N11-4. トローイッコエ", "label": "W12N11-4. トローイッコエ", "call_short": "0", "call_num": "0", "recid": "0", "websiteUrl": "0", "title": "0", "ckey": 0, "available": false, "iiifUrl": "0" }, "geometry": { "type": "Polygon", "coordinates": [ [ [ 107.0, 51.9999999 ], [ 107.5, 51.9999999 ], [ 107.5, 52.3333332 ], [ 107.0, 52.3333332 ], [ 107.0, 51.9999999 ] ] ] } },
{ "type": "Feature", "properties": { "Id": 0, "Sheet_ID": "W12N11-23. ブルンチーク", "label": "W12N11-23. ブルンチーク", "call_short": "0", "call_num": "0", "recid": "0", "websiteUrl": "0", "title": "0", "ckey": 0, "available": false, "iiifUrl": "0" }, "geometry": { "type": "Polygon", "coordinates": [ [ [ 105.0, 52.3333332 ], [ 105.5, 52.3333332 ], [ 105.5, 52.6666665 ], [ 105.0, 52.6666665 ], [ 105.0, 52.3333332 ] ] ] } },
{ "type": "Feature", "properties": { "Id": 0, "Sheet_ID": "W12N11-18. クルツーン", "label": "W12N11-18. クルツーン", "call_short": "0", "call_num": "0", "recid": "0", "websiteUrl": "0", "title": "0", "ckey": 0, "available": false, "iiifUrl": "0" }, "geometry": { "type": "Polygon", "coordinates": [ [ [ 105.5, 52.3333332 ], [ 106.0, 52.3333332 ], [ 106.0, 52.6666665 ], [ 105.5, 52.6666665 ], [ 105.5, 52.3333332 ] ] ] } },
{ "type": "Feature", "properties": { "Id": 0, "Sheet_ID": "W12N11-13. ブグリデイスキー", "label": "W12N11-13. ブグリデイスキー", "call_short": "0", "call_num": "0", "recid": "0", "websiteUrl": "0", "title": "0", "ckey": 0, "available": false, "iiifUrl": "0" }, "geometry": { "type": "Polygon", "coordinates": [ [ [ 106.0, 52.3333332 ], [ 106.5, 52.3333332 ], [ 106.5, 52.6666665 ], [ 106.0, 52.6666665 ], [ 106.0, 52.3333332 ] ] ] } },
{ "type": "Feature", "properties": { "Id": 0, "Sheet_ID": "W12N11-8. オイムル", "label": "W12N11-8. オイムル", "call_short": "0", "call_num": "0", "recid": "0", "websiteUrl": "0", "title": "0", "ckey": 0, "available": false, "iiifUrl": "0" }, "geometry": { "type": "Polygon", "coordinates": [ [ [ 106.5, 52.3333332 ], [ 107.0, 52.3333332 ], [ 107.0, 52.6666665 ], [ 106.5, 52.6666665 ], [ 106.5, 52.3333332 ] ] ] } },
{ "type": "Feature", "properties": { "Id": 0, "Sheet_ID": "W12N11-22. ハラート", "label": "W12N11-22. ハラート", "call_short": "0", "call_num": "0", "recid": "0", "websiteUrl": "0", "title": "0", "ckey": 0, "available": false, "iiifUrl": "0" }, "geometry": { "type": "Polygon", "coordinates": [ [ [ 105.0, 52.6666666 ], [ 105.5, 52.6666666 ], [ 105.5, 52.9999999 ], [ 105.0, 52.9999999 ], [ 105.0, 52.6666666 ] ] ] } },
{ "type": "Feature", "properties": { "Id": 0, "Sheet_ID": "W12N11-12. コサーヤ・ステーピ", "label": "W12N11-12. コサーヤ・ステーピ", "call_short": "0", "call_num": "0", "recid": "0", "websiteUrl": "0", "title": "0", "ckey": 0, "available": false, "iiifUrl": "0" }, "geometry": { "type": "Polygon", "coordinates": [ [ [ 106.0, 52.6666666 ], [ 106.5, 52.6666666 ], [ 106.5, 52.9999999 ], [ 106.0, 52.9999999 ], [ 106.0, 52.6666666 ] ] ] } },
{ "type": "Feature", "properties": { "Id": 0, "Sheet_ID": "W12N11-21. ココリノ", "label": "W12N11-21. ココリノ", "call_short": "0", "call_num": "0", "recid": "0", "websiteUrl": "0", "title": "0", "ckey": 0, "available": false, "iiifUrl": "0" }, "geometry": { "type": "Polygon", "coordinates": [ [ [ 105.0, 52.9999999 ], [ 105.5, 52.9999999 ], [ 105.5, 53.3333332 ], [ 105.0, 53.3333332 ], [ 105.0, 52.9999999 ] ] ] } },
{ "type": "Feature", "properties": { "Id": 0, "Sheet_ID": "W12N12-1. ザブロヅィ", "label": "W12N12-1. ザブロヅィ", "call_short": "0", "call_num": "0", "recid": "0", "websiteUrl": "0", "title": "0", "ckey": 0, "available": false, "iiifUrl": "0" }, "geometry": { "type": "Polygon", "coordinates": [ [ [ 107.0, 54.6666667 ], [ 107.5, 54.6666667 ], [ 107.5, 55.0 ], [ 107.0, 55.0 ], [ 107.0, 54.6666667 ] ] ] } },
{ "type": "Feature", "properties": { "Id": 0, "Sheet_ID": "W11N9-8. クーヤ河", "label": "W11N9-8. クーヤ河", "call_short": "0", "call_num": "0", "recid": "0", "websiteUrl": "0", "title": "0", "ckey": 0, "available": false, "iiifUrl": "0" }, "geometry": { "type": "Polygon", "coordinates": [ [ [ 109.0, 48.9999997 ], [ 109.5, 48.9999997 ], [ 109.5, 49.3333331 ], [ 109.0, 49.3333331 ], [ 109.0, 48.9999997 ] ] ] } },
{ "type": "Feature", "properties": { "Id": 0, "Sheet_ID": "W11N9-3. アシギンスキー", "label": "W11N9-3. アシギンスキー", "call_short": "0", "call_num": "0", "recid": "0", "websiteUrl": "0", "title": "0", "ckey": 0, "available": false, "iiifUrl": "0" }, "geometry": { "type": "Polygon", "coordinates": [ [ [ 109.5, 48.9999997 ], [ 110.0, 48.9999997 ], [ 110.0, 49.3333331 ], [ 109.5, 49.3333331 ], [ 109.5, 48.9999997 ] ] ] } },
{ "type": "Feature", "properties": { "Id": 0, "Sheet_ID": "W11N9-7. タラトリーハ谷", "label": "W11N9-7. タラトリーハ谷", "call_short": "0", "call_num": "0", "recid": "0", "websiteUrl": "0", "title": "0", "ckey": 0, "available": false, "iiifUrl": "0" }, "geometry": { "type": "Polygon", "coordinates": [ [ [ 109.0, 49.3333331 ], [ 109.5, 49.3333331 ], [ 109.5, 49.6666664 ], [ 109.0, 49.6666664 ], [ 109.0, 49.3333331 ] ] ] } },
{ "type": "Feature", "properties": { "Id": 0, "Sheet_ID": "W11N9-2. アシーンガ谷", "label": "W11N9-2. アシーンガ谷", "call_short": "0", "call_num": "0", "recid": "0", "websiteUrl": "0", "title": "0", "ckey": 0, "available": false, "iiifUrl": "0" }, "geometry": { "type": "Polygon", "coordinates": [ [ [ 109.5, 49.3333331 ], [ 110.0, 49.3333331 ], [ 110.0, 49.6666664 ], [ 109.5, 49.6666664 ], [ 109.5, 49.3333331 ] ] ] } },
{ "type": "Feature", "properties": { "Id": 0, "Sheet_ID": "W11N9-21. ジンヂーンスコエ", "label": "W11N9-21. ジンヂーンスコエ", "call_short": "0", "call_num": "0", "recid": "0", "websiteUrl": "0", "title": "0", "ckey": 0, "available": false, "iiifUrl": "0" }, "geometry": { "type": "Polygon", "coordinates": [ [ [ 107.5, 49.6666664 ], [ 108.0, 49.6666664 ], [ 108.0, 49.9999998 ], [ 107.5, 49.9999998 ], [ 107.5, 49.6666664 ] ] ] } },
{ "type": "Feature", "properties": { "Id": 0, "Sheet_ID": "W11N9-11. クレピーン山", "label": "W11N9-11. クレピーン山", "call_short": "0", "call_num": "0", "recid": "0", "websiteUrl": "0", "title": "0", "ckey": 0, "available": false, "iiifUrl": "0" }, "geometry": { "type": "Polygon", "coordinates": [ [ [ 108.5, 49.6666664 ], [ 109.0, 49.6666664 ], [ 109.0, 49.9999998 ], [ 108.5, 49.9999998 ], [ 108.5, 49.6666664 ] ] ] } },
{ "type": "Feature", "properties": { "Id": 0, "Sheet_ID": "W11N9-6. ダキツーイ", "label": "W11N9-6. ダキツーイ", "call_short": "0", "call_num": "0", "recid": "0", "websiteUrl": "0", "title": "0", "ckey": 0, "available": false, "iiifUrl": "0" }, "geometry": { "type": "Polygon", "coordinates": [ [ [ 109.0, 49.6666664 ], [ 109.5, 49.6666664 ], [ 109.5, 49.9999998 ], [ 109.0, 49.9999998 ], [ 109.0, 49.6666664 ] ] ] } },
{ "type": "Feature", "properties": { "Id": 0, "Sheet_ID": "W11N9-1. フィクリストーワ河", "label": "W11N9-1. フィクリストーワ河", "call_short": "0", "call_num": "0", "recid": "0", "websiteUrl": "0", "title": "0", "ckey": 0, "available": false, "iiifUrl": "0" }, "geometry": { "type": "Polygon", "coordinates": [ [ [ 109.5, 49.6666664 ], [ 110.0, 49.6666664 ], [ 110.0, 49.9999998 ], [ 109.5, 49.9999998 ], [ 109.5, 49.6666664 ] ] ] } },
{ "type": "Feature", "properties": { "Id": 0, "Sheet_ID": "W11N10-25. ウルルーク", "label": "W11N10-25. ウルルーク", "call_short": "0", "call_num": "0", "recid": "0", "websiteUrl": "0", "title": "0", "ckey": 0, "available": false, "iiifUrl": "0" }, "geometry": { "type": "Polygon", "coordinates": [ [ [ 107.5, 49.9999998 ], [ 108.0, 49.9999998 ], [ 108.0, 50.3333332 ], [ 107.5, 50.3333332 ], [ 107.5, 49.9999998 ] ] ] } },
{ "type": "Feature", "properties": { "Id": 0, "Sheet_ID": "W11N10-20. ニージネー・ナルィームスコエ", "label": "W11N10-20. ニージネー・ナルィームスコエ", "call_short": "0", "call_num": "0", "recid": "0", "websiteUrl": "0", "title": "0", "ckey": 0, "available": false, "iiifUrl": "0" }, "geometry": { "type": "Polygon", "coordinates": [ [ [ 108.0, 49.9999998 ], [ 108.5, 49.9999998 ], [ 108.5, 50.3333332 ], [ 108.0, 50.3333332 ], [ 108.0, 49.9999998 ] ] ] } },
{ "type": "Feature", "properties": { "Id": 0, "Sheet_ID": "W11N10-15. アルハーンゲリスコエ", "label": "W11N10-15. アルハーンゲリスコエ", "call_short": "0", "call_num": "0", "recid": "0", "websiteUrl": "0", "title": "0", "ckey": 0, "available": false, "iiifUrl": "0" }, "geometry": { "type": "Polygon", "coordinates": [ [ [ 108.5, 49.9999998 ], [ 109.0, 49.9999998 ], [ 109.0, 50.3333332 ], [ 108.5, 50.3333332 ], [ 108.5, 49.9999998 ] ] ] } },
{ "type": "Feature", "properties": { "Id": 0, "Sheet_ID": "W11N10-10. アサ河", "label": "W11N10-10. アサ河", "call_short": "G7270 S100 .J36", "call_num": "G7270 S100 .J36 W11N10-10", "recid": "wy419nj8944", "websiteUrl": "https://purl.stanford.edu/wy419nj8944", "title": "西伯利十万分一圖", "ckey": 12344846, "available": true, "iiifUrl": "https://purl.stanford.edu/wy419nj8944/iiif/manifest" }, "geometry": { "type": "Polygon", "coordinates": [ [ [ 109.0, 49.9999998 ], [ 109.5, 49.9999998 ], [ 109.5, 50.3333332 ], [ 109.0, 50.3333332 ], [ 109.0, 49.9999998 ] ] ] } },
{ "type": "Feature", "properties": { "Id": 0, "Sheet_ID": "W11N10-24. ビチゥーラ", "label": "W11N10-24. ビチゥーラ", "call_short": "0", "call_num": "0", "recid": "0", "websiteUrl": "0", "title": "0", "ckey": 0, "available": false, "iiifUrl": "0" }, "geometry": { "type": "Polygon", "coordinates": [ [ [ 107.5, 50.3333332 ], [ 108.0, 50.3333332 ], [ 108.0, 50.6666665 ], [ 107.5, 50.6666665 ], [ 107.5, 50.3333332 ] ] ] } },
{ "type": "Feature", "properties": { "Id": 0, "Sheet_ID": "W11N10-19. ニージネー・ナルィームスコエ北部", "label": "W11N10-19. ニージネー・ナルィームスコエ北部", "call_short": "0", "call_num": "0", "recid": "0", "websiteUrl": "0", "title": "0", "ckey": 0, "available": false, "iiifUrl": "0" }, "geometry": { "type": "Polygon", "coordinates": [ [ [ 108.0, 50.3333332 ], [ 108.5, 50.3333332 ], [ 108.5, 50.6666665 ], [ 108.0, 50.6666665 ], [ 108.0, 50.3333332 ] ] ] } },
{ "type": "Feature", "properties": { "Id": 0, "Sheet_ID": "W11N10-14. クラースヌィーヤール", "label": "W11N10-14. クラースヌィーヤール", "call_short": "0", "call_num": "0", "recid": "0", "websiteUrl": "0", "title": "0", "ckey": 0, "available": false, "iiifUrl": "0" }, "geometry": { "type": "Polygon", "coordinates": [ [ [ 108.5, 50.3333332 ], [ 109.0, 50.3333332 ], [ 109.0, 50.6666665 ], [ 108.5, 50.6666665 ], [ 108.5, 50.3333332 ] ] ] } },
{ "type": "Feature", "properties": { "Id": 0, "Sheet_ID": "W11N10-9. フォミチェーワ", "label": "W11N10-9. フォミチェーワ", "call_short": "G7270 S100 .J36", "call_num": "G7270 S100 .J36 W11N10-9", "recid": "xf568py8660", "websiteUrl": "https://purl.stanford.edu/xf568py8660", "title": "西伯利十万分一圖", "ckey": 12344846, "available": true, "iiifUrl": "https://purl.stanford.edu/xf568py8660/iiif/manifest" }, "geometry": { "type": "Polygon", "coordinates": [ [ [ 109.0, 50.3333332 ], [ 109.5, 50.3333332 ], [ 109.5, 50.6666665 ], [ 109.0, 50.6666665 ], [ 109.0, 50.3333332 ] ] ] } },
{ "type": "Feature", "properties": { "Id": 0, "Sheet_ID": "W11N10-4. シムベーリク", "label": "W11N10-4. シムベーリク", "call_short": "G7270 S100 .J36", "call_num": "G7270 S100 .J36 W11N10-4", "recid": "qh423dn0651", "websiteUrl": "https://purl.stanford.edu/qh423dn0651", "title": "西伯利十万分一圖", "ckey": 12344846, "available": true, "iiifUrl": "https://purl.stanford.edu/qh423dn0651/iiif/manifest" }, "geometry": { "type": "Polygon", "coordinates": [ [ [ 109.5, 50.3333332 ], [ 110.0, 50.3333332 ], [ 110.0, 50.6666665 ], [ 109.5, 50.6666665 ], [ 109.5, 50.3333332 ] ] ] } },
{ "type": "Feature", "properties": { "Id": 0, "Sheet_ID": "W11N10-23. シバールツゥイ", "label": "W11N10-23. シバールツゥイ", "call_short": "0", "call_num": "0", "recid": "0", "websiteUrl": "0", "title": "0", "ckey": 0, "available": false, "iiifUrl": "0" }, "geometry": { "type": "Polygon", "coordinates": [ [ [ 107.5, 50.6666665 ], [ 108.0, 50.6666665 ], [ 108.0, 50.9999999 ], [ 107.5, 50.9999999 ], [ 107.5, 50.6666665 ] ] ] } },
{ "type": "Feature", "properties": { "Id": 0, "Sheet_ID": "W11N10-18. マレータ", "label": "W11N10-18. マレータ", "call_short": "0", "call_num": "0", "recid": "0", "websiteUrl": "0", "title": "0", "ckey": 0, "available": false, "iiifUrl": "0" }, "geometry": { "type": "Polygon", "coordinates": [ [ [ 108.0, 50.6666665 ], [ 108.5, 50.6666665 ], [ 108.5, 50.9999999 ], [ 108.0, 50.9999999 ], [ 108.0, 50.6666665 ] ] ] } },
{ "type": "Feature", "properties": { "Id": 0, "Sheet_ID": "W11N10-13. カタエフスコエ", "label": "W11N10-13. カタエフスコエ", "call_short": "0", "call_num": "0", "recid": "0", "websiteUrl": "0", "title": "0", "ckey": 0, "available": false, "iiifUrl": "0" }, "geometry": { "type": "Polygon", "coordinates": [ [ [ 108.5, 50.6666665 ], [ 109.0, 50.6666665 ], [ 109.0, 50.9999999 ], [ 108.5, 50.9999999 ], [ 108.5, 50.6666665 ] ] ] } },
{ "type": "Feature", "properties": { "Id": 0, "Sheet_ID": "W11N10-8. マグゾーン", "label": "W11N10-8. マグゾーン", "call_short": "G7270 S100 .J36", "call_num": "G7270 S100 .J36 W11N10-8", "recid": "sk246wb8686", "websiteUrl": "https://purl.stanford.edu/sk246wb8686", "title": "西伯利十万分一圖", "ckey": 12344846, "available": true, "iiifUrl": "https://purl.stanford.edu/sk246wb8686/iiif/manifest" }, "geometry": { "type": "Polygon", "coordinates": [ [ [ 109.0, 50.6666665 ], [ 109.5, 50.6666665 ], [ 109.5, 50.9999999 ], [ 109.0, 50.9999999 ], [ 109.0, 50.6666665 ] ] ] } },
{ "type": "Feature", "properties": { "Id": 0, "Sheet_ID": "W11N10-3. ウンゴ", "label": "W11N10-3. ウンゴ", "call_short": "G7270 S100 .J36", "call_num": "G7270 S100 .J36 W11N10-3", "recid": "yr371rc5915", "websiteUrl": "https://purl.stanford.edu/yr371rc5915", "title": "西伯利十万分一圖", "ckey": 12344846, "available": true, "iiifUrl": "https://purl.stanford.edu/yr371rc5915/iiif/manifest" }, "geometry": { "type": "Polygon", "coordinates": [ [ [ 109.5, 50.6666665 ], [ 110.0, 50.6666665 ], [ 110.0, 50.9999999 ], [ 109.5, 50.9999999 ], [ 109.5, 50.6666665 ] ] ] } },
{ "type": "Feature", "properties": { "Id": 0, "Sheet_ID": "W11N10- 22. ムホール・シビール", "label": "W11N10- 22. ムホール・シビール", "call_short": "0", "call_num": "0", "recid": "0", "websiteUrl": "0", "title": "0", "ckey": 0, "available": false, "iiifUrl": "0" }, "geometry": { "type": "Polygon", "coordinates": [ [ [ 107.5, 50.9999999 ], [ 108.0, 50.9999999 ], [ 108.0, 51.3333332 ], [ 107.5, 51.3333332 ], [ 107.5, 50.9999999 ] ] ] } },
{ "type": "Feature", "properties": { "Id": 0, "Sheet_ID": "W11N10-17. ホンホローイ", "label": "W11N10-17. ホンホローイ", "call_short": "0", "call_num": "0", "recid": "0", "websiteUrl": "0", "title": "0", "ckey": 0, "available": false, "iiifUrl": "0" }, "geometry": { "type": "Polygon", "coordinates": [ [ [ 108.0, 50.9999999 ], [ 108.5, 50.9999999 ], [ 108.5, 51.3333332 ], [ 108.0, 51.3333332 ], [ 108.0, 50.9999999 ] ] ] } },
{ "type": "Feature", "properties": { "Id": 0, "Sheet_ID": "W11N10-12. ペトロフスキー・ザウォード", "label": "W11N10-12. ペトロフスキー・ザウォード", "call_short": "0", "call_num": "0", "recid": "0", "websiteUrl": "0", "title": "0", "ckey": 0, "available": false, "iiifUrl": "0" }, "geometry": { "type": "Polygon", "coordinates": [ [ [ 108.5, 50.9999999 ], [ 109.0, 50.9999999 ], [ 109.0, 51.3333332 ], [ 108.5, 51.3333332 ], [ 108.5, 50.9999999 ] ] ] } },
{ "type": "Feature", "properties": { "Id": 0, "Sheet_ID": "W11N10-7. クリー", "label": "W11N10-7. クリー", "call_short": "G7270 S100 .J36", "call_num": "G7270 S100 .J36 W11N10-7", "recid": "kz995xf2032", "websiteUrl": "https://purl.stanford.edu/kz995xf2032", "title": "西伯利十万分一圖", "ckey": 12344846, "available": true, "iiifUrl": "https://purl.stanford.edu/kz995xf2032/iiif/manifest" }, "geometry": { "type": "Polygon", "coordinates": [ [ [ 109.0, 50.9999999 ], [ 109.5, 50.9999999 ], [ 109.5, 51.3333332 ], [ 109.0, 51.3333332 ], [ 109.0, 50.9999999 ] ] ] } },
{ "type": "Feature", "properties": { "Id": 0, "Sheet_ID": "W11N10-2. ハホートゥイ", "label": "W11N10-2. ハホートゥイ", "call_short": "G7270 S100 .J36", "call_num": "G7270 S100 .J36 W11N10-2", "recid": "ds619yj2427", "websiteUrl": "https://purl.stanford.edu/ds619yj2427", "title": "西伯利十万分一圖", "ckey": 12344846, "available": true, "iiifUrl": "https://purl.stanford.edu/ds619yj2427/iiif/manifest" }, "geometry": { "type": "Polygon", "coordinates": [ [ [ 109.5, 50.9999999 ], [ 110.0, 50.9999999 ], [ 110.0, 51.3333332 ], [ 109.5, 51.3333332 ], [ 109.5, 50.9999999 ] ] ] } },
{ "type": "Feature", "properties": { "Id": 0, "Sheet_ID": "W11N10-21. クナレーイスコエ", "label": "W11N10-21. クナレーイスコエ", "call_short": "0", "call_num": "0", "recid": "0", "websiteUrl": "0", "title": "0", "ckey": 0, "available": false, "iiifUrl": "0" }, "geometry": { "type": "Polygon", "coordinates": [ [ [ 107.5, 51.3333332 ], [ 108.0, 51.3333332 ], [ 108.0, 51.6666666 ], [ 107.5, 51.6666666 ], [ 107.5, 51.3333332 ] ] ] } },
{ "type": "Feature", "properties": { "Id": 0, "Sheet_ID": "W11N10-16. スターラヤ・ブリャーニ", "label": "W11N10-16. スターラヤ・ブリャーニ", "call_short": "0", "call_num": "0", "recid": "0", "websiteUrl": "0", "title": "0", "ckey": 0, "available": false, "iiifUrl": "0" }, "geometry": { "type": "Polygon", "coordinates": [ [ [ 108.0, 51.3333332 ], [ 108.5, 51.3333332 ], [ 108.5, 51.6666666 ], [ 108.0, 51.6666666 ], [ 108.0, 51.3333332 ] ] ] } },
{ "type": "Feature", "properties": { "Id": 0, "Sheet_ID": "W11N10-11. ゴルホーン驛", "label": "W11N10-11. ゴルホーン驛", "call_short": "0", "call_num": "0", "recid": "0", "websiteUrl": "0", "title": "0", "ckey": 0, "available": false, "iiifUrl": "0" }, "geometry": { "type": "Polygon", "coordinates": [ [ [ 108.5, 51.3333332 ], [ 109.0, 51.3333332 ], [ 109.0, 51.6666666 ], [ 108.5, 51.6666666 ], [ 108.5, 51.3333332 ] ] ] } },
{ "type": "Feature", "properties": { "Id": 0, "Sheet_ID": "W11N10-6. クオールカ", "label": "W11N10-6. クオールカ", "call_short": "G7270 S100 .J36", "call_num": "G7270 S100 .J36 W11N10-6", "recid": "cz175dv1795", "websiteUrl": "https://purl.stanford.edu/cz175dv1795", "title": "西伯利十万分一圖", "ckey": 12344846, "available": true, "iiifUrl": "https://purl.stanford.edu/cz175dv1795/iiif/manifest" }, "geometry": { "type": "Polygon", "coordinates": [ [ [ 109.0, 51.3333332 ], [ 109.5, 51.3333332 ], [ 109.5, 51.6666666 ], [ 109.0, 51.6666666 ], [ 109.0, 51.3333332 ] ] ] } },
{ "type": "Feature", "properties": { "Id": 0, "Sheet_ID": "W11N10-1. バーダ", "label": "W11N10-1. バーダ", "call_short": "G7270 S100 .J36", "call_num": "G7270 S100 .J36 W11N10-1", "recid": "zv216yd4543", "websiteUrl": "https://purl.stanford.edu/zv216yd4543", "title": "西伯利十万分一圖", "ckey": 12344846, "available": true, "iiifUrl": "https://purl.stanford.edu/zv216yd4543/iiif/manifest" }, "geometry": { "type": "Polygon", "coordinates": [ [ [ 109.5, 51.3333332 ], [ 110.0, 51.3333332 ], [ 110.0, 51.6666666 ], [ 109.5, 51.6666666 ], [ 109.5, 51.3333332 ] ] ] } },
{ "type": "Feature", "properties": { "Id": 0, "Sheet_ID": "W11N11-25. ウェルフネ・ウーヂンスク", "label": "W11N11-25. ウェルフネ・ウーヂンスク", "call_short": "G7270 S100 .J36", "call_num": "G7270 S100 .J36 W11N11-25", "recid": "dc995mf9399", "websiteUrl": "https://purl.stanford.edu/dc995mf9399", "title": "西伯利十万分一圖", "ckey": 12344846, "available": true, "iiifUrl": "https://purl.stanford.edu/dc995mf9399/iiif/manifest" }, "geometry": { "type": "Polygon", "coordinates": [ [ [ 107.5, 51.6666666 ], [ 108.0, 51.6666666 ], [ 108.0, 52.0 ], [ 107.5, 52.0 ], [ 107.5, 51.6666666 ] ] ] } },
{ "type": "Feature", "properties": { "Id": 0, "Sheet_ID": "W11N11-20. ノーウォ・ブリャーニ", "label": "W11N11-20. ノーウォ・ブリャーニ", "call_short": "G7270 S100 .J36", "call_num": "G7270 S100 .J36 W11N11-20", "recid": "ps414fg5813", "websiteUrl": "https://purl.stanford.edu/ps414fg5813", "title": "西伯利十万分一圖", "ckey": 12344846, "available": true, "iiifUrl": "https://purl.stanford.edu/ps414fg5813/iiif/manifest" }, "geometry": { "type": "Polygon", "coordinates": [ [ [ 108.0, 51.6666666 ], [ 108.5, 51.6666666 ], [ 108.5, 52.0 ], [ 108.0, 52.0 ], [ 108.0, 51.6666666 ] ] ] } },
{ "type": "Feature", "properties": { "Id": 0, "Sheet_ID": "W11N11-15. イーリカ", "label": "W11N11-15. イーリカ", "call_short": "G7270 S100 .J36", "call_num": "G7270 S100 .J36 W11N11-15", "recid": "wj999zx9204", "websiteUrl": "https://purl.stanford.edu/wj999zx9204", "title": "西伯利十万分一圖", "ckey": 12344846, "available": true, "iiifUrl": "https://purl.stanford.edu/wj999zx9204/iiif/manifest" }, "geometry": { "type": "Polygon", "coordinates": [ [ [ 108.5, 51.6666666 ], [ 109.0, 51.6666666 ], [ 109.0, 52.0 ], [ 108.5, 52.0 ], [ 108.5, 51.6666666 ] ] ] } },
{ "type": "Feature", "properties": { "Id": 0, "Sheet_ID": "W11N11-10.ハンダガヰ", "label": "W11N11-10.ハンダガヰ", "call_short": "G7270 S100 .J36", "call_num": "G7270 S100 .J36 W11N11-10", "recid": "qd619hh2946", "websiteUrl": "https://purl.stanford.edu/qd619hh2946", "title": "西伯利十万分一圖", "ckey": 12344846, "available": true, "iiifUrl": "https://purl.stanford.edu/qd619hh2946/iiif/manifest" }, "geometry": { "type": "Polygon", "coordinates": [ [ [ 109.0, 51.6666666 ], [ 109.5, 51.6666666 ], [ 109.5, 52.0 ], [ 109.0, 52.0 ], [ 109.0, 51.6666666 ] ] ] } },
{ "type": "Feature", "properties": { "Id": 0, "Sheet_ID": "W11N11-5. キージンガ・ダツァン", "label": "W11N11-5. キージンガ・ダツァン", "call_short": "G7270 S100 .J36", "call_num": "G7270 S100 .J36 W11N11-5", "recid": "zb285jr1335", "websiteUrl": "https://purl.stanford.edu/zb285jr1335", "title": "西伯利十万分一圖", "ckey": 12344846, "available": true, "iiifUrl": "https://purl.stanford.edu/zb285jr1335/iiif/manifest" }, "geometry": { "type": "Polygon", "coordinates": [ [ [ 109.5, 51.6666666 ], [ 110.0, 51.6666666 ], [ 110.0, 52.0 ], [ 109.5, 52.0 ], [ 109.5, 51.6666666 ] ] ] } },
{ "type": "Feature", "properties": { "Id": 0, "Sheet_ID": "W11N11-24. ツゥルーンタエフスコエ", "label": "W11N11-24. ツゥルーンタエフスコエ", "call_short": "G7270 S100 .J36", "call_num": "G7270 S100 .J36 W11N11-24", "recid": "xz686mz3895", "websiteUrl": "https://purl.stanford.edu/xz686mz3895", "title": "西伯利十万分一圖", "ckey": 12344846, "available": true, "iiifUrl": "https://purl.stanford.edu/xz686mz3895/iiif/manifest" }, "geometry": { "type": "Polygon", "coordinates": [ [ [ 107.5, 52.0 ], [ 108.0, 52.0 ], [ 108.0, 52.3333333 ], [ 107.5, 52.3333333 ], [ 107.5, 52.0 ] ] ] } },
{ "type": "Feature", "properties": { "Id": 0, "Sheet_ID": "W11N11-19. ダツアン", "label": "W11N11-19. ダツアン", "call_short": "G7270 S100 .J36", "call_num": "G7270 S100 .J36 W11N11-19", "recid": "dg494xm5241", "websiteUrl": "https://purl.stanford.edu/dg494xm5241", "title": "西伯利十万分一圖", "ckey": 12344846, "available": true, "iiifUrl": "https://purl.stanford.edu/dg494xm5241/iiif/manifest" }, "geometry": { "type": "Polygon", "coordinates": [ [ [ 108.0, 52.0 ], [ 108.5, 52.0 ], [ 108.5, 52.3333333 ], [ 108.0, 52.3333333 ], [ 108.0, 52.0 ] ] ] } },
{ "type": "Feature", "properties": { "Id": 0, "Sheet_ID": "W11N11-14. ウヌカタヰ", "label": "W11N11-14. ウヌカタヰ", "call_short": "G7270 S100 .J36", "call_num": "G7270 S100 .J36 W11N11-14", "recid": "qg664fm8907", "websiteUrl": "https://purl.stanford.edu/qg664fm8907", "title": "西伯利十万分一圖", "ckey": 12344846, "available": true, "iiifUrl": "https://purl.stanford.edu/qg664fm8907/iiif/manifest" }, "geometry": { "type": "Polygon", "coordinates": [ [ [ 108.5, 52.0 ], [ 109.0, 52.0 ], [ 109.0, 52.3333333 ], [ 108.5, 52.3333333 ], [ 108.5, 52.0 ] ] ] } },
{ "type": "Feature", "properties": { "Id": 0, "Sheet_ID": "W11N11- 9. タルバガタヰ", "label": "W11N11- 9. タルバガタヰ", "call_short": "G7270 S100 .J36", "call_num": "G7270 S100 .J36 W11N11-9", "recid": "rw758tn9117", "websiteUrl": "https://purl.stanford.edu/rw758tn9117", "title": "西伯利十万分一圖", "ckey": 12344846, "available": true, "iiifUrl": "https://purl.stanford.edu/rw758tn9117/iiif/manifest" }, "geometry": { "type": "Polygon", "coordinates": [ [ [ 109.0, 52.0 ], [ 109.5, 52.0 ], [ 109.5, 52.3333333 ], [ 109.0, 52.3333333 ], [ 109.0, 52.0 ] ] ] } },
{ "type": "Feature", "properties": { "Id": 0, "Sheet_ID": "W11N11-4. クリスカヤ", "label": "W11N11-4. クリスカヤ", "call_short": "G7270 S100 .J36", "call_num": "G7270 S100 .J36 W11N11-4", "recid": "wp400qb8799", "websiteUrl": "https://purl.stanford.edu/wp400qb8799", "title": "西伯利十万分一圖", "ckey": 12344846, "available": true, "iiifUrl": "https://purl.stanford.edu/wp400qb8799/iiif/manifest" }, "geometry": { "type": "Polygon", "coordinates": [ [ [ 109.5, 52.0 ], [ 110.0, 52.0 ], [ 110.0, 52.3333333 ], [ 109.5, 52.3333333 ], [ 109.5, 52.0 ] ] ] } },
{ "type": "Feature", "properties": { "Id": 0, "Sheet_ID": "W11N11-13. テクダ", "label": "W11N11-13. テクダ", "call_short": "G7270 S100 .J36", "call_num": "G7270 S100 .J36 W11N11-13", "recid": "sr047hg3469", "websiteUrl": "https://purl.stanford.edu/sr047hg3469", "title": "西伯利十万分一圖", "ckey": 12344846, "available": true, "iiifUrl": "https://purl.stanford.edu/sr047hg3469/iiif/manifest" }, "geometry": { "type": "Polygon", "coordinates": [ [ [ 108.5, 52.3333333 ], [ 109.0, 52.3333333 ], [ 109.0, 52.6666667 ], [ 108.5, 52.6666667 ], [ 108.5, 52.3333333 ] ] ] } },
{ "type": "Feature", "properties": { "Id": 0, "Sheet_ID": "W11N11-8. オヰボント", "label": "W11N11-8. オヰボント", "call_short": "G7270 S100 .J36", "call_num": "G7270 S100 .J36 W11N11-8", "recid": "dv422kq4229", "websiteUrl": "https://purl.stanford.edu/dv422kq4229", "title": "西伯利十万分一圖", "ckey": 12344846, "available": true, "iiifUrl": "https://purl.stanford.edu/dv422kq4229/iiif/manifest" }, "geometry": { "type": "Polygon", "coordinates": [ [ [ 109.0, 52.3333333 ], [ 109.5, 52.3333333 ], [ 109.5, 52.6666667 ], [ 109.0, 52.6666667 ], [ 109.0, 52.3333333 ] ] ] } },
{ "type": "Feature", "properties": { "Id": 0, "Sheet_ID": "W11N11-3. フードック", "label": "W11N11-3. フードック", "call_short": "G7270 S100 .J36", "call_num": "G7270 S100 .J36 W11N11-3", "recid": "fx878vf8924", "websiteUrl": "https://purl.stanford.edu/fx878vf8924", "title": "西伯利十万分一圖", "ckey": 12344846, "available": true, "iiifUrl": "https://purl.stanford.edu/fx878vf8924/iiif/manifest" }, "geometry": { "type": "Polygon", "coordinates": [ [ [ 109.5, 52.3333333 ], [ 110.0, 52.3333333 ], [ 110.0, 52.6666667 ], [ 109.5, 52.6666667 ], [ 109.5, 52.3333333 ] ] ] } },
{ "type": "Feature", "properties": { "Id": 0, "Sheet_ID": "W11N11-17. ゴリャチーンスコエ", "label": "W11N11-17. ゴリャチーンスコエ", "call_short": "G7270 S100 .J36", "call_num": "G7270 S100 .J36 W11N11-17", "recid": "nx013bs8621", "websiteUrl": "https://purl.stanford.edu/nx013bs8621", "title": "西伯利十万分一圖", "ckey": 12344846, "available": true, "iiifUrl": "https://purl.stanford.edu/nx013bs8621/iiif/manifest" }, "geometry": { "type": "Polygon", "coordinates": [ [ [ 108.0, 52.6666667 ], [ 108.5, 52.6666667 ], [ 108.5, 53.0 ], [ 108.0, 53.0 ], [ 108.0, 52.6666667 ] ] ] } },
{ "type": "Feature", "properties": { "Id": 0, "Sheet_ID": "W11N11-11. ボリシャーヤ・パズーハ", "label": "W11N11-11. ボリシャーヤ・パズーハ", "call_short": "G7270 S100 .J36", "call_num": "G7270 S100 .J36 W11N11-11", "recid": "kq357jm7092", "websiteUrl": "https://purl.stanford.edu/kq357jm7092", "title": "西伯利十万分一圖", "ckey": 12344846, "available": true, "iiifUrl": "https://purl.stanford.edu/kq357jm7092/iiif/manifest" }, "geometry": { "type": "Polygon", "coordinates": [ [ [ 108.5, 53.0 ], [ 109.0, 53.0 ], [ 109.0, 53.3333334 ], [ 108.5, 53.3333334 ], [ 108.5, 53.0 ] ] ] } },
{ "type": "Feature", "properties": { "Id": 0, "Sheet_ID": "W11N11-6. ツゥールカ河", "label": "W11N11-6. ツゥールカ河", "call_short": "G7270 S100 .J36", "call_num": "G7270 S100 .J36 W11N11-6", "recid": "ft969gb6395", "websiteUrl": "https://purl.stanford.edu/ft969gb6395", "title": "西伯利十万分一圖", "ckey": 12344846, "available": true, "iiifUrl": "https://purl.stanford.edu/ft969gb6395/iiif/manifest" }, "geometry": { "type": "Polygon", "coordinates": [ [ [ 109.0, 53.0 ], [ 109.5, 53.0 ], [ 109.5, 53.3333334 ], [ 109.0, 53.3333334 ], [ 109.0, 53.0 ] ] ] } },
{ "type": "Feature", "properties": { "Id": 0, "Sheet_ID": "W11N11-1. ヤムヌイ・ボール", "label": "W11N11-1. ヤムヌイ・ボール", "call_short": "G7270 S100 .J36", "call_num": "G7270 S100 .J36 W11N11-1", "recid": "yq589st4498", "websiteUrl": "https://purl.stanford.edu/yq589st4498", "title": "西伯利十万分一圖", "ckey": 12344846, "available": true, "iiifUrl": "https://purl.stanford.edu/yq589st4498/iiif/manifest" }, "geometry": { "type": "Polygon", "coordinates": [ [ [ 109.5, 53.0 ], [ 110.0, 53.0 ], [ 110.0, 53.3333334 ], [ 109.5, 53.3333334 ], [ 109.5, 53.0 ] ] ] } },
{ "type": "Feature", "properties": { "Id": 0, "Sheet_ID": "W11N12-5. スーウォ", "label": "W11N12-5. スーウォ", "call_short": "G7270 S100 .J36", "call_num": "G7270 S100 .J36 W11N12-5", "recid": "wr994hg2298", "websiteUrl": "https://purl.stanford.edu/wr994hg2298", "title": "西伯利十万分一圖", "ckey": 12344846, "available": true, "iiifUrl": "https://purl.stanford.edu/wr994hg2298/iiif/manifest" }, "geometry": { "type": "Polygon", "coordinates": [ [ [ 109.5, 53.3333334 ], [ 110.0, 53.3333334 ], [ 110.0, 53.6666668 ], [ 109.5, 53.6666668 ], [ 109.5, 53.3333334 ] ] ] } },
{ "type": "Feature", "properties": { "Id": 0, "Sheet_ID": "W11N12-4. バルグーヂンスカヤ", "label": "W11N12-4. バルグーヂンスカヤ", "call_short": "G7270 S100 .J36", "call_num": "G7270 S100 .J36 W11N12-4", "recid": "mp102mq0993", "websiteUrl": "https://purl.stanford.edu/mp102mq0993", "title": "西伯利十万分一圖", "ckey": 12344846, "available": true, "iiifUrl": "https://purl.stanford.edu/mp102mq0993/iiif/manifest" }, "geometry": { "type": "Polygon", "coordinates": [ [ [ 109.5, 53.6666668 ], [ 110.0, 53.6666668 ], [ 110.0, 54.0000001 ], [ 109.5, 54.0000001 ], [ 109.5, 53.6666668 ] ] ] } },
{ "type": "Feature", "properties": { "Id": 0, "Sheet_ID": "W11N13-5. オマガチェン岬", "label": "W11N13-5. オマガチェン岬", "call_short": "G7270 S100 .J36", "call_num": "G7270 S100 .J36 W11N13-5", "recid": "wh881hg9481", "websiteUrl": "https://purl.stanford.edu/wh881hg9481", "title": "西伯利十万分一圖", "ckey": 12344846, "available": true, "iiifUrl": "https://purl.stanford.edu/wh881hg9481/iiif/manifest" }, "geometry": { "type": "Polygon", "coordinates": [ [ [ 109.5, 55.0000002 ], [ 110.0, 55.0000002 ], [ 110.0, 55.3333336 ], [ 109.5, 55.3333336 ], [ 109.5, 55.0000002 ] ] ] } },
{ "type": "Feature", "properties": { "Id": 0, "Sheet_ID": "W11N13-4. フロリハ湾", "label": "W11N13-4. フロリハ湾", "call_short": "G7270 S100 .J36", "call_num": "G7270 S100 .J36 W11N13-4", "recid": "xy886wp3200", "websiteUrl": "https://purl.stanford.edu/xy886wp3200", "title": "西伯利十万分一圖", "ckey": 12344846, "available": true, "iiifUrl": "https://purl.stanford.edu/xy886wp3200/iiif/manifest" }, "geometry": { "type": "Polygon", "coordinates": [ [ [ 109.5, 55.3333336 ], [ 110.0, 55.3333336 ], [ 110.0, 55.6666669 ], [ 109.5, 55.6666669 ], [ 109.5, 55.3333336 ] ] ] } },
{ "type": "Feature", "properties": { "Id": 0, "Sheet_ID": "W11N13-23. ユフタ", "label": "W11N13-23. ユフタ", "call_short": "G7270 S100 .J36", "call_num": "G7270 S100 .J36 W11N13-23", "recid": "qh758th3144", "websiteUrl": "https://purl.stanford.edu/qh758th3144", "title": "西伯利十万分一圖", "ckey": 12344846, "available": true, "iiifUrl": "https://purl.stanford.edu/qh758th3144/iiif/manifest" }, "geometry": { "type": "Polygon", "coordinates": [ [ [ 107.5, 55.6666669 ], [ 108.0, 55.6666669 ], [ 108.0, 56.0000003 ], [ 107.5, 56.0000003 ], [ 107.5, 55.6666669 ] ] ] } },
{ "type": "Feature", "properties": { "Id": 0, "Sheet_ID": "W11N13-8. カラウキツ山", "label": "W11N13-8. カラウキツ山", "call_short": "G7270 S100 .J36", "call_num": "G7270 S100 .J36 W11N13-8", "recid": "zm353dg2070", "websiteUrl": "https://purl.stanford.edu/zm353dg2070", "title": "西伯利十万分一圖", "ckey": 12344846, "available": true, "iiifUrl": "https://purl.stanford.edu/zm353dg2070/iiif/manifest" }, "geometry": { "type": "Polygon", "coordinates": [ [ [ 109.0, 55.6666669 ], [ 109.5, 55.6666669 ], [ 109.5, 56.0000003 ], [ 109.0, 56.0000003 ], [ 109.0, 55.6666669 ] ] ] } },
{ "type": "Feature", "properties": { "Id": 0, "Sheet_ID": "W11N13-3. チチェフキ", "label": "W11N13-3. チチェフキ", "call_short": "G7270 S100 .J36", "call_num": "G7270 S100 .J36 W11N13-3", "recid": "gv446xc1491", "websiteUrl": "https://purl.stanford.edu/gv446xc1491", "title": "西伯利十万分一圖", "ckey": 12344846, "available": true, "iiifUrl": "https://purl.stanford.edu/gv446xc1491/iiif/manifest" }, "geometry": { "type": "Polygon", "coordinates": [ [ [ 109.5, 55.6666669 ], [ 110.0, 55.6666669 ], [ 110.0, 56.0000003 ], [ 109.5, 56.0000003 ], [ 109.5, 55.6666669 ] ] ] } }
]
}
