{
"type": "FeatureCollection",
"name": "index_map",
"features": [
{ "type": "Feature", "properties": { "Id": 0, "Sheet_ID": "龍江局_哈爾濱 61", "label": "龍江局_哈爾濱 61", "call_short": "G7822 .M2 S50 .J31", "call_num": "G7822 .M2 S50 .J31 I-B-61", "recid": "nm579cn9569", "websiteUrl": "https://purl.stanford.edu/nm579cn9569", "title": "滿洲五万分一圖", "ckey": 10454760, "available": true, "iiifUrl": "https://purl.stanford.edu/nm579cn9569/iiif/manifest" }, "geometry": { "type": "Polygon", "coordinates": [ [ [ 125.2166667, 45.3166663 ], [ 125.5083337, 45.3166663 ], [ 125.5083337, 45.483333 ], [ 125.2166667, 45.483333 ], [ 125.2166667, 45.3166663 ] ] ] } },
{ "type": "Feature", "properties": { "Id": 0, "Sheet_ID": "龍江局_哈爾濱 60", "label": "龍江局_哈爾濱 60", "call_short": "G7822 .M2 S50 .J31", "call_num": "G7822 .M2 S50 .J31 I-B-60", "recid": "yj062gc3411", "websiteUrl": "https://purl.stanford.edu/yj062gc3411", "title": "滿洲五万分一圖", "ckey": 10454760, "available": true, "iiifUrl": "https://purl.stanford.edu/yj062gc3411/iiif/manifest" }, "geometry": { "type": "Polygon", "coordinates": [ [ [ 125.2166667, 45.483333 ], [ 125.5083337, 45.483333 ], [ 125.5083337, 45.6499997 ], [ 125.2166667, 45.6499997 ], [ 125.2166667, 45.483333 ] ] ] } },
{ "type": "Feature", "properties": { "Id": 0, "Sheet_ID": "龍江局_哈爾濱 59", "label": "龍江局_哈爾濱 59", "call_short": "G7822 .M2 S50 .J31", "call_num": "G7822 .M2 S50 .J31 I-B-59", "recid": "dj831kf2192", "websiteUrl": "https://purl.stanford.edu/dj831kf2192", "title": "滿洲五万分一圖", "ckey": 10454760, "available": true, "iiifUrl": "https://purl.stanford.edu/dj831kf2192/iiif/manifest" }, "geometry": { "type": "Polygon", "coordinates": [ [ [ 125.2166667, 45.6499997 ], [ 125.5083337, 45.6499997 ], [ 125.5083337, 45.8166663 ], [ 125.2166667, 45.8166663 ], [ 125.2166667, 45.6499997 ] ] ] } },
{ "type": "Feature", "properties": { "Id": 0, "Sheet_ID": "龍江局_哈爾濱 58", "label": "龍江局_哈爾濱 58", "call_short": "G7822 .M2 S50 .J31", "call_num": "G7822 .M2 S50 .J31 I-B-58", "recid": "dn099wp5743", "websiteUrl": "https://purl.stanford.edu/dn099wp5743", "title": "滿洲五万分一圖", "ckey": 10454760, "available": true, "iiifUrl": "https://purl.stanford.edu/dn099wp5743/iiif/manifest" }, "geometry": { "type": "Polygon", "coordinates": [ [ [ 125.2166667, 45.8166663 ], [ 125.5083337, 45.8166663 ], [ 125.5083337, 45.983333 ], [ 125.2166667, 45.983333 ], [ 125.2166667, 45.8166663 ] ] ] } },
{ "type": "Feature", "properties": { "Id": 0, "Sheet_ID": "龍江局_哈爾濱 57", "label": "龍江局_哈爾濱 57", "call_short": "G7822 .M2 S50 .J31", "call_num": "G7822 .M2 S50 .J31 I-B-57", "recid": "ws227dr1449", "websiteUrl": "https://purl.stanford.edu/ws227dr1449", "title": "滿洲五万分一圖", "ckey": 10454760, "available": true, "iiifUrl": "https://purl.stanford.edu/ws227dr1449/iiif/manifest" }, "geometry": { "type": "Polygon", "coordinates": [ [ [ 125.2166667, 45.983333 ], [ 125.5083337, 45.983333 ], [ 125.5083337, 46.1499997 ], [ 125.2166667, 46.1499997 ], [ 125.2166667, 45.983333 ] ] ] } },
{ "type": "Feature", "properties": { "Id": 0, "Sheet_ID": "龍江局_哈爾濱 56", "label": "龍江局_哈爾濱 56", "call_short": "G7822 .M2 S50 .J31", "call_num": "G7822 .M2 S50 .J31 I-B-56", "recid": "dp608kk5107", "websiteUrl": "https://purl.stanford.edu/dp608kk5107", "title": "滿洲五万分一圖", "ckey": 10454760, "available": true, "iiifUrl": "https://purl.stanford.edu/dp608kk5107/iiif/manifest" }, "geometry": { "type": "Polygon", "coordinates": [ [ [ 125.2166667, 46.1499997 ], [ 125.5083337, 46.1499997 ], [ 125.5083337, 46.3166663 ], [ 125.2166667, 46.3166663 ], [ 125.2166667, 46.1499997 ] ] ] } },
{ "type": "Feature", "properties": { "Id": 0, "Sheet_ID": "龍江局_哈爾濱 55", "label": "龍江局_哈爾濱 55", "call_short": "G7822 .M2 S50 .J31", "call_num": "G7822 .M2 S50 .J31 I-B-55", "recid": "xm833gx8592", "websiteUrl": "https://purl.stanford.edu/xm833gx8592", "title": "滿洲五万分一圖", "ckey": 10454760, "available": true, "iiifUrl": "https://purl.stanford.edu/xm833gx8592/iiif/manifest" }, "geometry": { "type": "Polygon", "coordinates": [ [ [ 125.2166667, 46.3166663 ], [ 125.5083337, 46.3166663 ], [ 125.5083337, 46.483333 ], [ 125.2166667, 46.483333 ], [ 125.2166667, 46.3166663 ] ] ] } },
{ "type": "Feature", "properties": { "Id": 0, "Sheet_ID": "龍江局_哈爾濱 54", "label": "龍江局_哈爾濱 54", "call_short": "G7822 .M2 S50 .J31", "call_num": "G7822 .M2 S50 .J31 I-B-54", "recid": "nk045kr7088", "websiteUrl": "https://purl.stanford.edu/nk045kr7088", "title": "滿洲五万分一圖", "ckey": 10454760, "available": true, "iiifUrl": "https://purl.stanford.edu/nk045kr7088/iiif/manifest" }, "geometry": { "type": "Polygon", "coordinates": [ [ [ 125.2166667, 46.483333 ], [ 125.5083337, 46.483333 ], [ 125.5083337, 46.6499997 ], [ 125.2166667, 46.6499997 ], [ 125.2166667, 46.483333 ] ] ] } },
{ "type": "Feature", "properties": { "Id": 0, "Sheet_ID": "龍江局_哈爾濱 53", "label": "龍江局_哈爾濱 53", "call_short": "G7822 .M2 S50 .J31", "call_num": "G7822 .M2 S50 .J31 I-B-53", "recid": "kf746bj8851", "websiteUrl": "https://purl.stanford.edu/kf746bj8851", "title": "滿洲五万分一圖", "ckey": 10454760, "available": true, "iiifUrl": "https://purl.stanford.edu/kf746bj8851/iiif/manifest" }, "geometry": { "type": "Polygon", "coordinates": [ [ [ 125.2166667, 46.6499997 ], [ 125.5083337, 46.6499997 ], [ 125.5083337, 46.8166663 ], [ 125.2166667, 46.8166663 ], [ 125.2166667, 46.6499997 ] ] ] } },
{ "type": "Feature", "properties": { "Id": 0, "Sheet_ID": "龍江局_海倫 54", "label": "龍江局_海倫 54", "call_short": "G7822 .M2 S50 .J31", "call_num": "G7822 .M2 S50 .J31 I-A-54", "recid": "wt953gt3751", "websiteUrl": "https://purl.stanford.edu/wt953gt3751", "title": "滿洲五万分一圖", "ckey": 10454760, "available": true, "iiifUrl": "https://purl.stanford.edu/wt953gt3751/iiif/manifest" }, "geometry": { "type": "Polygon", "coordinates": [ [ [ 125.2166667, 46.8166663 ], [ 125.5083337, 46.8166663 ], [ 125.5083337, 46.983333 ], [ 125.2166667, 46.983333 ], [ 125.2166667, 46.8166663 ] ] ] } },
{ "type": "Feature", "properties": { "Id": 0, "Sheet_ID": "龍江局_海倫 53", "label": "龍江局_海倫 53", "call_short": null, "call_num": null, "recid": null, "websiteUrl": null, "title": null, "ckey": 0, "available": false, "iiifUrl": null }, "geometry": { "type": "Polygon", "coordinates": [ [ [ 125.2166667, 46.983333 ], [ 125.5083337, 46.983333 ], [ 125.5083337, 47.1499997 ], [ 125.2166667, 47.1499997 ], [ 125.2166667, 46.983333 ] ] ] } },
{ "type": "Feature", "properties": { "Id": 0, "Sheet_ID": "龍江局_海倫 52", "label": "龍江局_海倫 52", "call_short": null, "call_num": null, "recid": null, "websiteUrl": null, "title": null, "ckey": 0, "available": false, "iiifUrl": null }, "geometry": { "type": "Polygon", "coordinates": [ [ [ 125.2166667, 47.1499997 ], [ 125.5083337, 47.1499997 ], [ 125.5083337, 47.3166663 ], [ 125.2166667, 47.3166663 ], [ 125.2166667, 47.1499997 ] ] ] } },
{ "type": "Feature", "properties": { "Id": 0, "Sheet_ID": "龍江局_海倫 51", "label": "龍江局_海倫 51", "call_short": "G7822 .M2 S50 .J31", "call_num": "G7822 .M2 S50 .J31 I-A-51", "recid": "ty276cn0616", "websiteUrl": "https://purl.stanford.edu/ty276cn0616", "title": "滿洲五万分一圖", "ckey": 10454760, "available": true, "iiifUrl": "https://purl.stanford.edu/ty276cn0616/iiif/manifest" }, "geometry": { "type": "Polygon", "coordinates": [ [ [ 125.2166667, 47.3166663 ], [ 125.5083337, 47.3166663 ], [ 125.5083337, 47.483333 ], [ 125.2166667, 47.483333 ], [ 125.2166667, 47.3166663 ] ] ] } },
{ "type": "Feature", "properties": { "Id": 0, "Sheet_ID": "龍江局_海倫 50", "label": "龍江局_海倫 50", "call_short": "G7822 .M2 S50 .J31", "call_num": "G7822 .M2 S50 .J31 I-A-50", "recid": "kc970qw3675", "websiteUrl": "https://purl.stanford.edu/kc970qw3675", "title": "滿洲五万分一圖", "ckey": 10454760, "available": true, "iiifUrl": "https://purl.stanford.edu/kc970qw3675/iiif/manifest" }, "geometry": { "type": "Polygon", "coordinates": [ [ [ 125.2166667, 47.483333 ], [ 125.5083337, 47.483333 ], [ 125.5083337, 47.6499997 ], [ 125.2166667, 47.6499997 ], [ 125.2166667, 47.483333 ] ] ] } },
{ "type": "Feature", "properties": { "Id": 0, "Sheet_ID": "龍江局_海倫 49", "label": "龍江局_海倫 49", "call_short": "G7822 .M2 S50 .J31", "call_num": "G7822 .M2 S50 .J31 I-A-49", "recid": "yc062qt4469", "websiteUrl": "https://purl.stanford.edu/yc062qt4469", "title": "滿洲五万分一圖", "ckey": 10454760, "available": true, "iiifUrl": "https://purl.stanford.edu/yc062qt4469/iiif/manifest" }, "geometry": { "type": "Polygon", "coordinates": [ [ [ 125.2166667, 47.6499997 ], [ 125.5083337, 47.6499997 ], [ 125.5083337, 47.8166663 ], [ 125.2166667, 47.8166663 ], [ 125.2166667, 47.6499997 ] ] ] } },
{ "type": "Feature", "properties": { "Id": 0, "Sheet_ID": "龍江局_海倫 48", "label": "龍江局_海倫 48", "call_short": "G7822 .M2 S50 .J31", "call_num": "G7822 .M2 S50 .J31 I-A-48", "recid": "kv664kc1252", "websiteUrl": "https://purl.stanford.edu/kv664kc1252", "title": "滿洲五万分一圖", "ckey": 10454760, "available": true, "iiifUrl": "https://purl.stanford.edu/kv664kc1252/iiif/manifest" }, "geometry": { "type": "Polygon", "coordinates": [ [ [ 125.2166667, 47.8166663 ], [ 125.5083337, 47.8166663 ], [ 125.5083337, 47.983333 ], [ 125.2166667, 47.983333 ], [ 125.2166667, 47.8166663 ] ] ] } },
{ "type": "Feature", "properties": { "Id": 0, "Sheet_ID": "龍江局_海倫 47", "label": "龍江局_海倫 47", "call_short": null, "call_num": null, "recid": null, "websiteUrl": null, "title": null, "ckey": 0, "available": false, "iiifUrl": null }, "geometry": { "type": "Polygon", "coordinates": [ [ [ 125.2166667, 47.983333 ], [ 125.5083337, 47.983333 ], [ 125.5083337, 48.1499997 ], [ 125.2166667, 48.1499997 ], [ 125.2166667, 47.983333 ] ] ] } },
{ "type": "Feature", "properties": { "Id": 0, "Sheet_ID": "龍江局_哈爾濱 52", "label": "龍江局_哈爾濱 52", "call_short": "G7822 .M2 S50 .J31", "call_num": "G7822 .M2 S50 .J31 I-B-52", "recid": "cj394kn7498", "websiteUrl": "https://purl.stanford.edu/cj394kn7498", "title": "滿洲五万分一圖", "ckey": 10454760, "available": true, "iiifUrl": "https://purl.stanford.edu/cj394kn7498/iiif/manifest" }, "geometry": { "type": "Polygon", "coordinates": [ [ [ 125.5083333, 45.3166663 ], [ 125.8, 45.3166663 ], [ 125.8, 45.483333 ], [ 125.5083333, 45.483333 ], [ 125.5083333, 45.3166663 ] ] ] } },
{ "type": "Feature", "properties": { "Id": 0, "Sheet_ID": "龍江局_哈爾濱 51", "label": "龍江局_哈爾濱 51", "call_short": "G7822 .M2 S50 .J31", "call_num": "G7822 .M2 S50 .J31 I-B-51", "recid": "yd002ch0070", "websiteUrl": "https://purl.stanford.edu/yd002ch0070", "title": "滿洲五万分一圖", "ckey": 10454760, "available": true, "iiifUrl": "https://purl.stanford.edu/yd002ch0070/iiif/manifest" }, "geometry": { "type": "Polygon", "coordinates": [ [ [ 125.5083333, 45.483333 ], [ 125.8, 45.483333 ], [ 125.8, 45.6499997 ], [ 125.5083333, 45.6499997 ], [ 125.5083333, 45.483333 ] ] ] } },
{ "type": "Feature", "properties": { "Id": 0, "Sheet_ID": "龍江局_哈爾濱 50", "label": "龍江局_哈爾濱 50", "call_short": "G7822 .M2 S50 .J31", "call_num": "G7822 .M2 S50 .J31 I-B-50", "recid": "jt259yx2861", "websiteUrl": "https://purl.stanford.edu/jt259yx2861", "title": "滿洲五万分一圖", "ckey": 10454760, "available": true, "iiifUrl": "https://purl.stanford.edu/jt259yx2861/iiif/manifest" }, "geometry": { "type": "Polygon", "coordinates": [ [ [ 125.5083333, 45.6499997 ], [ 125.8, 45.6499997 ], [ 125.8, 45.8166663 ], [ 125.5083333, 45.8166663 ], [ 125.5083333, 45.6499997 ] ] ] } },
{ "type": "Feature", "properties": { "Id": 0, "Sheet_ID": "龍江局_哈爾濱 49", "label": "龍江局_哈爾濱 49", "call_short": "G7822 .M2 S50 .J31", "call_num": "G7822 .M2 S50 .J31 I-B-49", "recid": "tm684xj9401", "websiteUrl": "https://purl.stanford.edu/tm684xj9401", "title": "滿洲五万分一圖", "ckey": 10454760, "available": true, "iiifUrl": "https://purl.stanford.edu/tm684xj9401/iiif/manifest" }, "geometry": { "type": "Polygon", "coordinates": [ [ [ 125.5083333, 45.8166663 ], [ 125.8, 45.8166663 ], [ 125.8, 45.983333 ], [ 125.5083333, 45.983333 ], [ 125.5083333, 45.8166663 ] ] ] } },
{ "type": "Feature", "properties": { "Id": 0, "Sheet_ID": "龍江局_哈爾濱 48", "label": "龍江局_哈爾濱 48", "call_short": "G7822 .M2 S50 .J31", "call_num": "G7822 .M2 S50 .J31 I-B-48", "recid": "qn854jv7014", "websiteUrl": "https://purl.stanford.edu/qn854jv7014", "title": "滿洲五万分一圖", "ckey": 10454760, "available": true, "iiifUrl": "https://purl.stanford.edu/qn854jv7014/iiif/manifest" }, "geometry": { "type": "Polygon", "coordinates": [ [ [ 125.5083333, 45.983333 ], [ 125.8, 45.983333 ], [ 125.8, 46.1499997 ], [ 125.5083333, 46.1499997 ], [ 125.5083333, 45.983333 ] ] ] } },
{ "type": "Feature", "properties": { "Id": 0, "Sheet_ID": "龍江局_哈爾濱 47", "label": "龍江局_哈爾濱 47", "call_short": "G7822 .M2 S50 .J31", "call_num": "G7822 .M2 S50 .J31 I-B-47", "recid": "qy078ts4830", "websiteUrl": "https://purl.stanford.edu/qy078ts4830", "title": "滿洲五万分一圖", "ckey": 10454760, "available": true, "iiifUrl": "https://purl.stanford.edu/qy078ts4830/iiif/manifest" }, "geometry": { "type": "Polygon", "coordinates": [ [ [ 125.5083333, 46.1499997 ], [ 125.8, 46.1499997 ], [ 125.8, 46.3166663 ], [ 125.5083333, 46.3166663 ], [ 125.5083333, 46.1499997 ] ] ] } },
{ "type": "Feature", "properties": { "Id": 0, "Sheet_ID": "龍江局_哈爾濱 46", "label": "龍江局_哈爾濱 46", "call_short": "G7822 .M2 S50 .J31", "call_num": "G7822 .M2 S50 .J31 I-B-46", "recid": "jd679xy9915", "websiteUrl": "https://purl.stanford.edu/jd679xy9915", "title": "滿洲五万分一圖", "ckey": 10454760, "available": true, "iiifUrl": "https://purl.stanford.edu/jd679xy9915/iiif/manifest" }, "geometry": { "type": "Polygon", "coordinates": [ [ [ 125.5083333, 46.3166663 ], [ 125.8, 46.3166663 ], [ 125.8, 46.483333 ], [ 125.5083333, 46.483333 ], [ 125.5083333, 46.3166663 ] ] ] } },
{ "type": "Feature", "properties": { "Id": 0, "Sheet_ID": "龍江局_哈爾濱 45", "label": "龍江局_哈爾濱 45", "call_short": "G7822 .M2 S50 .J31", "call_num": "G7822 .M2 S50 .J31 I-B-45", "recid": "zt542dy3506", "websiteUrl": "https://purl.stanford.edu/zt542dy3506", "title": "滿洲五万分一圖", "ckey": 10454760, "available": true, "iiifUrl": "https://purl.stanford.edu/zt542dy3506/iiif/manifest" }, "geometry": { "type": "Polygon", "coordinates": [ [ [ 125.5083333, 46.483333 ], [ 125.8, 46.483333 ], [ 125.8, 46.6499997 ], [ 125.5083333, 46.6499997 ], [ 125.5083333, 46.483333 ] ] ] } },
{ "type": "Feature", "properties": { "Id": 0, "Sheet_ID": "龍江局_哈爾濱 44", "label": "龍江局_哈爾濱 44", "call_short": "G7822 .M2 S50 .J31", "call_num": "G7822 .M2 S50 .J31 I-B-44", "recid": "rc267bs1596", "websiteUrl": "https://purl.stanford.edu/rc267bs1596", "title": "滿洲五万分一圖", "ckey": 10454760, "available": true, "iiifUrl": "https://purl.stanford.edu/rc267bs1596/iiif/manifest" }, "geometry": { "type": "Polygon", "coordinates": [ [ [ 125.5083333, 46.6499997 ], [ 125.8, 46.6499997 ], [ 125.8, 46.8166663 ], [ 125.5083333, 46.8166663 ], [ 125.5083333, 46.6499997 ] ] ] } },
{ "type": "Feature", "properties": { "Id": 0, "Sheet_ID": "龍江局_海倫 46", "label": "龍江局_海倫 46", "call_short": "G7822 .M2 S50 .J31", "call_num": "G7822 .M2 S50 .J31 I-A-46", "recid": "sm692yb8638", "websiteUrl": "https://purl.stanford.edu/sm692yb8638", "title": "滿洲五万分一圖", "ckey": 10454760, "available": true, "iiifUrl": "https://purl.stanford.edu/sm692yb8638/iiif/manifest" }, "geometry": { "type": "Polygon", "coordinates": [ [ [ 125.5083333, 46.8166663 ], [ 125.8, 46.8166663 ], [ 125.8, 46.983333 ], [ 125.5083333, 46.983333 ], [ 125.5083333, 46.8166663 ] ] ] } },
{ "type": "Feature", "properties": { "Id": 0, "Sheet_ID": "龍江局_海倫 45", "label": "龍江局_海倫 45", "call_short": "G7822 .M2 S50 .J31", "call_num": "G7822 .M2 S50 .J31 I-A-45", "recid": "rx509cx3634", "websiteUrl": "https://purl.stanford.edu/rx509cx3634", "title": "滿洲五万分一圖", "ckey": 10454760, "available": true, "iiifUrl": "https://purl.stanford.edu/rx509cx3634/iiif/manifest" }, "geometry": { "type": "Polygon", "coordinates": [ [ [ 125.5083333, 46.983333 ], [ 125.8, 46.983333 ], [ 125.8, 47.1499997 ], [ 125.5083333, 47.1499997 ], [ 125.5083333, 46.983333 ] ] ] } },
{ "type": "Feature", "properties": { "Id": 0, "Sheet_ID": "龍江局_海倫 44", "label": "龍江局_海倫 44", "call_short": null, "call_num": null, "recid": null, "websiteUrl": null, "title": null, "ckey": 0, "available": false, "iiifUrl": null }, "geometry": { "type": "Polygon", "coordinates": [ [ [ 125.5083333, 47.1499997 ], [ 125.8, 47.1499997 ], [ 125.8, 47.3166663 ], [ 125.5083333, 47.3166663 ], [ 125.5083333, 47.1499997 ] ] ] } },
{ "type": "Feature", "properties": { "Id": 0, "Sheet_ID": "龍江局_海倫 43", "label": "龍江局_海倫 43", "call_short": "G7822 .M2 S50 .J31", "call_num": "G7822 .M2 S50 .J31 I-A-43", "recid": "ky846yh1113", "websiteUrl": "https://purl.stanford.edu/ky846yh1113", "title": "滿洲五万分一圖", "ckey": 10454760, "available": true, "iiifUrl": "https://purl.stanford.edu/ky846yh1113/iiif/manifest" }, "geometry": { "type": "Polygon", "coordinates": [ [ [ 125.5083333, 47.3166663 ], [ 125.8, 47.3166663 ], [ 125.8, 47.483333 ], [ 125.5083333, 47.483333 ], [ 125.5083333, 47.3166663 ] ] ] } },
{ "type": "Feature", "properties": { "Id": 0, "Sheet_ID": "龍江局_海倫 42", "label": "龍江局_海倫 42", "call_short": null, "call_num": null, "recid": null, "websiteUrl": null, "title": null, "ckey": 0, "available": false, "iiifUrl": null }, "geometry": { "type": "Polygon", "coordinates": [ [ [ 125.5083333, 47.483333 ], [ 125.8, 47.483333 ], [ 125.8, 47.6499997 ], [ 125.5083333, 47.6499997 ], [ 125.5083333, 47.483333 ] ] ] } },
{ "type": "Feature", "properties": { "Id": 0, "Sheet_ID": "龍江局_海倫 41", "label": "龍江局_海倫 41", "call_short": "G7822 .M2 S50 .J31", "call_num": "G7822 .M2 S50 .J31 I-A-41", "recid": "rp678dm7136", "websiteUrl": "https://purl.stanford.edu/rp678dm7136", "title": "滿洲五万分一圖", "ckey": 10454760, "available": true, "iiifUrl": "https://purl.stanford.edu/rp678dm7136/iiif/manifest" }, "geometry": { "type": "Polygon", "coordinates": [ [ [ 125.5083333, 47.6499997 ], [ 125.8, 47.6499997 ], [ 125.8, 47.8166663 ], [ 125.5083333, 47.8166663 ], [ 125.5083333, 47.6499997 ] ] ] } },
{ "type": "Feature", "properties": { "Id": 0, "Sheet_ID": "龍江局_海倫 40", "label": "龍江局_海倫 40", "call_short": "G7822 .M2 S50 .J31", "call_num": "G7822 .M2 S50 .J31 I-A-40", "recid": "tt760xr0077", "websiteUrl": "https://purl.stanford.edu/tt760xr0077", "title": "滿洲五万分一圖", "ckey": 10454760, "available": true, "iiifUrl": "https://purl.stanford.edu/tt760xr0077/iiif/manifest" }, "geometry": { "type": "Polygon", "coordinates": [ [ [ 125.5083333, 47.8166663 ], [ 125.8, 47.8166663 ], [ 125.8, 47.983333 ], [ 125.5083333, 47.983333 ], [ 125.5083333, 47.8166663 ] ] ] } },
{ "type": "Feature", "properties": { "Id": 0, "Sheet_ID": "龍江局_海倫 39", "label": "龍江局_海倫 39", "call_short": null, "call_num": null, "recid": null, "websiteUrl": null, "title": null, "ckey": 0, "available": false, "iiifUrl": null }, "geometry": { "type": "Polygon", "coordinates": [ [ [ 125.5083333, 47.983333 ], [ 125.8, 47.983333 ], [ 125.8, 48.1499997 ], [ 125.5083333, 48.1499997 ], [ 125.5083333, 47.983333 ] ] ] } },
{ "type": "Feature", "properties": { "Id": 0, "Sheet_ID": "龍江局_哈爾濱 43", "label": "龍江局_哈爾濱 43", "call_short": "G7822 .M2 S50 .J31", "call_num": "G7822 .M2 S50 .J31 I-B-43", "recid": "xm913nb0785", "websiteUrl": "https://purl.stanford.edu/xm913nb0785", "title": "滿洲五万分一圖", "ckey": 10454760, "available": true, "iiifUrl": "https://purl.stanford.edu/xm913nb0785/iiif/manifest" }, "geometry": { "type": "Polygon", "coordinates": [ [ [ 125.8, 45.3166663 ], [ 126.091667, 45.3166663 ], [ 126.091667, 45.483333 ], [ 125.8, 45.483333 ], [ 125.8, 45.3166663 ] ] ] } },
{ "type": "Feature", "properties": { "Id": 0, "Sheet_ID": "龍江局_哈爾濱 42", "label": "龍江局_哈爾濱 42", "call_short": "G7822 .M2 S50 .J31", "call_num": "G7822 .M2 S50 .J31 I-B-42", "recid": "vt951tk7087", "websiteUrl": "https://purl.stanford.edu/vt951tk7087", "title": "滿洲五万分一圖", "ckey": 10454760, "available": true, "iiifUrl": "https://purl.stanford.edu/vt951tk7087/iiif/manifest" }, "geometry": { "type": "Polygon", "coordinates": [ [ [ 125.8, 45.483333 ], [ 126.091667, 45.483333 ], [ 126.091667, 45.6499997 ], [ 125.8, 45.6499997 ], [ 125.8, 45.483333 ] ] ] } },
{ "type": "Feature", "properties": { "Id": 0, "Sheet_ID": "龍江局_哈爾濱 41", "label": "龍江局_哈爾濱 41", "call_short": "G7822 .M2 S50 .J31", "call_num": "G7822 .M2 S50 .J31 I-B-41", "recid": "bt253hb6365", "websiteUrl": "https://purl.stanford.edu/bt253hb6365", "title": "滿洲五万分一圖", "ckey": 10454760, "available": true, "iiifUrl": "https://purl.stanford.edu/bt253hb6365/iiif/manifest" }, "geometry": { "type": "Polygon", "coordinates": [ [ [ 125.8, 45.6499997 ], [ 126.091667, 45.6499997 ], [ 126.091667, 45.8166663 ], [ 125.8, 45.8166663 ], [ 125.8, 45.6499997 ] ] ] } },
{ "type": "Feature", "properties": { "Id": 0, "Sheet_ID": "龍江局_哈爾濱 40", "label": "龍江局_哈爾濱 40", "call_short": "G7822 .M2 S50 .J31", "call_num": "G7822 .M2 S50 .J31 I-B-40", "recid": "qf713sf2095", "websiteUrl": "https://purl.stanford.edu/qf713sf2095", "title": "滿洲五万分一圖", "ckey": 10454760, "available": true, "iiifUrl": "https://purl.stanford.edu/qf713sf2095/iiif/manifest" }, "geometry": { "type": "Polygon", "coordinates": [ [ [ 125.8, 45.8166663 ], [ 126.091667, 45.8166663 ], [ 126.091667, 45.983333 ], [ 125.8, 45.983333 ], [ 125.8, 45.8166663 ] ] ] } },
{ "type": "Feature", "properties": { "Id": 0, "Sheet_ID": "龍江局_哈爾濱 39", "label": "龍江局_哈爾濱 39", "call_short": "G7822 .M2 S50 .J31", "call_num": "G7822 .M2 S50 .J31 I-B-39", "recid": "nx184ng1251", "websiteUrl": "https://purl.stanford.edu/nx184ng1251", "title": "滿洲五万分一圖", "ckey": 10454760, "available": true, "iiifUrl": "https://purl.stanford.edu/nx184ng1251/iiif/manifest" }, "geometry": { "type": "Polygon", "coordinates": [ [ [ 125.8, 45.983333 ], [ 126.091667, 45.983333 ], [ 126.091667, 46.1499997 ], [ 125.8, 46.1499997 ], [ 125.8, 45.983333 ] ] ] } },
{ "type": "Feature", "properties": { "Id": 0, "Sheet_ID": "龍江局_哈爾濱 38", "label": "龍江局_哈爾濱 38", "call_short": "G7822 .M2 S50 .J31", "call_num": "G7822 .M2 S50 .J31 I-B-38", "recid": "wp479qt5448", "websiteUrl": "https://purl.stanford.edu/wp479qt5448", "title": "滿洲五万分一圖", "ckey": 10454760, "available": true, "iiifUrl": "https://purl.stanford.edu/wp479qt5448/iiif/manifest" }, "geometry": { "type": "Polygon", "coordinates": [ [ [ 125.8, 46.1499997 ], [ 126.091667, 46.1499997 ], [ 126.091667, 46.3166663 ], [ 125.8, 46.3166663 ], [ 125.8, 46.1499997 ] ] ] } },
{ "type": "Feature", "properties": { "Id": 0, "Sheet_ID": "龍江局_哈爾濱 37", "label": "龍江局_哈爾濱 37", "call_short": "G7822 .M2 S50 .J31", "call_num": "G7822 .M2 S50 .J31 I-B-37", "recid": "pz928tb9807", "websiteUrl": "https://purl.stanford.edu/pz928tb9807", "title": "滿洲五万分一圖", "ckey": 10454760, "available": true, "iiifUrl": "https://purl.stanford.edu/pz928tb9807/iiif/manifest" }, "geometry": { "type": "Polygon", "coordinates": [ [ [ 125.8, 46.3166663 ], [ 126.091667, 46.3166663 ], [ 126.091667, 46.483333 ], [ 125.8, 46.483333 ], [ 125.8, 46.3166663 ] ] ] } },
{ "type": "Feature", "properties": { "Id": 0, "Sheet_ID": "龍江局_哈爾濱 36", "label": "龍江局_哈爾濱 36", "call_short": "G7822 .M2 S50 .J31", "call_num": "G7822 .M2 S50 .J31 I-B-36", "recid": "db317vz6934", "websiteUrl": "https://purl.stanford.edu/db317vz6934", "title": "滿洲五万分一圖", "ckey": 10454760, "available": true, "iiifUrl": "https://purl.stanford.edu/db317vz6934/iiif/manifest" }, "geometry": { "type": "Polygon", "coordinates": [ [ [ 125.8, 46.483333 ], [ 126.091667, 46.483333 ], [ 126.091667, 46.6499997 ], [ 125.8, 46.6499997 ], [ 125.8, 46.483333 ] ] ] } },
{ "type": "Feature", "properties": { "Id": 0, "Sheet_ID": "龍江局_哈爾濱 35", "label": "龍江局_哈爾濱 35", "call_short": "G7822 .M2 S50 .J31", "call_num": "G7822 .M2 S50 .J31 I-B-35", "recid": "wc986pq3731", "websiteUrl": "https://purl.stanford.edu/wc986pq3731", "title": "滿洲五万分一圖", "ckey": 10454760, "available": true, "iiifUrl": "https://purl.stanford.edu/wc986pq3731/iiif/manifest" }, "geometry": { "type": "Polygon", "coordinates": [ [ [ 125.8, 46.6499997 ], [ 126.091667, 46.6499997 ], [ 126.091667, 46.8166663 ], [ 125.8, 46.8166663 ], [ 125.8, 46.6499997 ] ] ] } },
{ "type": "Feature", "properties": { "Id": 0, "Sheet_ID": "龍江局_海倫 38", "label": "龍江局_海倫 38", "call_short": null, "call_num": null, "recid": null, "websiteUrl": null, "title": null, "ckey": 0, "available": false, "iiifUrl": null }, "geometry": { "type": "Polygon", "coordinates": [ [ [ 125.8, 46.8166663 ], [ 126.091667, 46.8166663 ], [ 126.091667, 46.983333 ], [ 125.8, 46.983333 ], [ 125.8, 46.8166663 ] ] ] } },
{ "type": "Feature", "properties": { "Id": 0, "Sheet_ID": "龍江局_海倫 37", "label": "龍江局_海倫 37", "call_short": null, "call_num": null, "recid": null, "websiteUrl": null, "title": null, "ckey": 0, "available": false, "iiifUrl": null }, "geometry": { "type": "Polygon", "coordinates": [ [ [ 125.8, 46.983333 ], [ 126.091667, 46.983333 ], [ 126.091667, 47.1499997 ], [ 125.8, 47.1499997 ], [ 125.8, 46.983333 ] ] ] } },
{ "type": "Feature", "properties": { "Id": 0, "Sheet_ID": "龍江局_海倫 36", "label": "龍江局_海倫 36", "call_short": "G7822 .M2 S50 .J31", "call_num": "G7822 .M2 S50 .J31 I-A-36", "recid": "bb442pn5107", "websiteUrl": "https://purl.stanford.edu/bb442pn5107", "title": "滿洲五万分一圖", "ckey": 10454760, "available": true, "iiifUrl": "https://purl.stanford.edu/bb442pn5107/iiif/manifest" }, "geometry": { "type": "Polygon", "coordinates": [ [ [ 125.8, 47.1499997 ], [ 126.091667, 47.1499997 ], [ 126.091667, 47.3166663 ], [ 125.8, 47.3166663 ], [ 125.8, 47.1499997 ] ] ] } },
{ "type": "Feature", "properties": { "Id": 0, "Sheet_ID": "龍江局_海倫 35", "label": "龍江局_海倫 35", "call_short": "G7822 .M2 S50 .J31", "call_num": "G7822 .M2 S50 .J31 I-A-35", "recid": "cd891yy3511", "websiteUrl": "https://purl.stanford.edu/cd891yy3511", "title": "滿洲五万分一圖", "ckey": 10454760, "available": true, "iiifUrl": "https://purl.stanford.edu/cd891yy3511/iiif/manifest" }, "geometry": { "type": "Polygon", "coordinates": [ [ [ 125.8, 47.3166663 ], [ 126.091667, 47.3166663 ], [ 126.091667, 47.483333 ], [ 125.8, 47.483333 ], [ 125.8, 47.3166663 ] ] ] } },
{ "type": "Feature", "properties": { "Id": 0, "Sheet_ID": "龍江局_海倫 34", "label": "龍江局_海倫 34", "call_short": null, "call_num": null, "recid": null, "websiteUrl": null, "title": null, "ckey": 0, "available": false, "iiifUrl": null }, "geometry": { "type": "Polygon", "coordinates": [ [ [ 125.8, 47.483333 ], [ 126.091667, 47.483333 ], [ 126.091667, 47.6499997 ], [ 125.8, 47.6499997 ], [ 125.8, 47.483333 ] ] ] } },
{ "type": "Feature", "properties": { "Id": 0, "Sheet_ID": "龍江局_海倫 33", "label": "龍江局_海倫 33", "call_short": "G7822 .M2 S50 .J31", "call_num": "G7822 .M2 S50 .J31 I-A-33", "recid": "db663rz4560", "websiteUrl": "https://purl.stanford.edu/db663rz4560", "title": "滿洲五万分一圖", "ckey": 10454760, "available": true, "iiifUrl": "https://purl.stanford.edu/db663rz4560/iiif/manifest" }, "geometry": { "type": "Polygon", "coordinates": [ [ [ 125.8, 47.6499997 ], [ 126.091667, 47.6499997 ], [ 126.091667, 47.8166663 ], [ 125.8, 47.8166663 ], [ 125.8, 47.6499997 ] ] ] } },
{ "type": "Feature", "properties": { "Id": 0, "Sheet_ID": "龍江局_海倫 32", "label": "龍江局_海倫 32", "call_short": "G7822 .M2 S50 .J31", "call_num": "G7822 .M2 S50 .J31 I-A-32", "recid": "qf544rx7448", "websiteUrl": "https://purl.stanford.edu/qf544rx7448", "title": "滿洲五万分一圖", "ckey": 10454760, "available": true, "iiifUrl": "https://purl.stanford.edu/qf544rx7448/iiif/manifest" }, "geometry": { "type": "Polygon", "coordinates": [ [ [ 125.8, 47.8166663 ], [ 126.091667, 47.8166663 ], [ 126.091667, 47.983333 ], [ 125.8, 47.983333 ], [ 125.8, 47.8166663 ] ] ] } },
{ "type": "Feature", "properties": { "Id": 0, "Sheet_ID": "龍江局_海倫 31", "label": "龍江局_海倫 31", "call_short": "G7822 .M2 S50 .J31", "call_num": "G7822 .M2 S50 .J31 I-A-31", "recid": "pz323ss1150", "websiteUrl": "https://purl.stanford.edu/pz323ss1150", "title": "滿洲五万分一圖", "ckey": 10454760, "available": true, "iiifUrl": "https://purl.stanford.edu/pz323ss1150/iiif/manifest" }, "geometry": { "type": "Polygon", "coordinates": [ [ [ 125.8, 47.983333 ], [ 126.091667, 47.983333 ], [ 126.091667, 48.1499997 ], [ 125.8, 48.1499997 ], [ 125.8, 47.983333 ] ] ] } },
{ "type": "Feature", "properties": { "Id": 0, "Sheet_ID": "龍江局_海倫 30", "label": "龍江局_海倫 30", "call_short": "G7822 .M2 S50 .J31", "call_num": "G7822 .M2 S50 .J31 I-A-30", "recid": "nh282kg5542", "websiteUrl": "https://purl.stanford.edu/nh282kg5542", "title": "滿洲五万分一圖", "ckey": 10454760, "available": true, "iiifUrl": "https://purl.stanford.edu/nh282kg5542/iiif/manifest" }, "geometry": { "type": "Polygon", "coordinates": [ [ [ 126.0916667, 46.8166663 ], [ 126.3833337, 46.8166663 ], [ 126.3833337, 46.983333 ], [ 126.0916667, 46.983333 ], [ 126.0916667, 46.8166663 ] ] ] } },
{ "type": "Feature", "properties": { "Id": 0, "Sheet_ID": "龍江局_哈爾濱 34", "label": "龍江局_哈爾濱 34", "call_short": null, "call_num": null, "recid": null, "websiteUrl": null, "title": null, "ckey": 0, "available": false, "iiifUrl": null }, "geometry": { "type": "Polygon", "coordinates": [ [ [ 126.0916667, 45.483333 ], [ 126.3833337, 45.483333 ], [ 126.3833337, 45.6499997 ], [ 126.0916667, 45.6499997 ], [ 126.0916667, 45.483333 ] ] ] } },
{ "type": "Feature", "properties": { "Id": 0, "Sheet_ID": "龍江局_海倫 23", "label": "龍江局_海倫 23", "call_short": "G7822 .M2 S50 .J31", "call_num": "G7822 .M2 S50 .J31 I-A-23", "recid": "wq252fy2029", "websiteUrl": "https://purl.stanford.edu/wq252fy2029", "title": "滿洲五万分一圖", "ckey": 10454760, "available": true, "iiifUrl": "https://purl.stanford.edu/wq252fy2029/iiif/manifest" }, "geometry": { "type": "Polygon", "coordinates": [ [ [ 126.0916667, 47.983333 ], [ 126.3833337, 47.983333 ], [ 126.3833337, 48.1499997 ], [ 126.0916667, 48.1499997 ], [ 126.0916667, 47.983333 ] ] ] } },
{ "type": "Feature", "properties": { "Id": 0, "Sheet_ID": "龍江局_哈爾濱 31", "label": "龍江局_哈爾濱 31", "call_short": "G7822 .M2 S50 .J31", "call_num": "G7822 .M2 S50 .J31 I-B-31", "recid": "nn463nc6978", "websiteUrl": "https://purl.stanford.edu/nn463nc6978", "title": "滿洲五万分一圖", "ckey": 10454760, "available": true, "iiifUrl": "https://purl.stanford.edu/nn463nc6978/iiif/manifest" }, "geometry": { "type": "Polygon", "coordinates": [ [ [ 126.0916667, 45.983333 ], [ 126.3833337, 45.983333 ], [ 126.3833337, 46.1499997 ], [ 126.0916667, 46.1499997 ], [ 126.0916667, 45.983333 ] ] ] } },
{ "type": "Feature", "properties": { "Id": 0, "Sheet_ID": "龍江局_海倫 25", "label": "龍江局_海倫 25", "call_short": "G7822 .M2 S50 .J31", "call_num": "G7822 .M2 S50 .J31 I-A-25", "recid": "hq426zt7303", "websiteUrl": "https://purl.stanford.edu/hq426zt7303", "title": "滿洲五万分一圖", "ckey": 10454760, "available": true, "iiifUrl": "https://purl.stanford.edu/hq426zt7303/iiif/manifest" }, "geometry": { "type": "Polygon", "coordinates": [ [ [ 126.0916667, 47.6499997 ], [ 126.3833337, 47.6499997 ], [ 126.3833337, 47.8166663 ], [ 126.0916667, 47.8166663 ], [ 126.0916667, 47.6499997 ] ] ] } },
{ "type": "Feature", "properties": { "Id": 0, "Sheet_ID": "龍江局_哈爾濱 33", "label": "龍江局_哈爾濱 33", "call_short": "G7822 .M2 S50 .J31", "call_num": "G7822 .M2 S50 .J31 I-B-33", "recid": "mh163vm1924", "websiteUrl": "https://purl.stanford.edu/mh163vm1924", "title": "滿洲五万分一圖", "ckey": 10454760, "available": true, "iiifUrl": "https://purl.stanford.edu/mh163vm1924/iiif/manifest" }, "geometry": { "type": "Polygon", "coordinates": [ [ [ 126.0916667, 45.6499997 ], [ 126.3833337, 45.6499997 ], [ 126.3833337, 45.8166663 ], [ 126.0916667, 45.8166663 ], [ 126.0916667, 45.6499997 ] ] ] } },
{ "type": "Feature", "properties": { "Id": 0, "Sheet_ID": "龍江局_哈爾濱 32", "label": "龍江局_哈爾濱 32", "call_short": "G7822 .M2 S50 .J31", "call_num": "G7822 .M2 S50 .J31 I-B-32", "recid": "tp730wp4052", "websiteUrl": "https://purl.stanford.edu/tp730wp4052", "title": "滿洲五万分一圖", "ckey": 10454760, "available": true, "iiifUrl": "https://purl.stanford.edu/tp730wp4052/iiif/manifest" }, "geometry": { "type": "Polygon", "coordinates": [ [ [ 126.0916667, 45.8166663 ], [ 126.3833337, 45.8166663 ], [ 126.3833337, 45.983333 ], [ 126.0916667, 45.983333 ], [ 126.0916667, 45.8166663 ] ] ] } },
{ "type": "Feature", "properties": { "Id": 0, "Sheet_ID": "龍江局_哈爾濱 30", "label": "龍江局_哈爾濱 30", "call_short": "G7822 .M2 S50 .J31", "call_num": "G7822 .M2 S50 .J31 I-B-30", "recid": "sq491xm9783", "websiteUrl": "https://purl.stanford.edu/sq491xm9783", "title": "滿洲五万分一圖", "ckey": 10454760, "available": true, "iiifUrl": "https://purl.stanford.edu/sq491xm9783/iiif/manifest" }, "geometry": { "type": "Polygon", "coordinates": [ [ [ 126.0916667, 46.1499997 ], [ 126.3833337, 46.1499997 ], [ 126.3833337, 46.3166663 ], [ 126.0916667, 46.3166663 ], [ 126.0916667, 46.1499997 ] ] ] } },
{ "type": "Feature", "properties": { "Id": 0, "Sheet_ID": "龍江局_哈爾濱 29", "label": "龍江局_哈爾濱 29", "call_short": "G7822 .M2 S50 .J31", "call_num": "G7822 .M2 S50 .J31 I-B-29", "recid": "zq690xm7116", "websiteUrl": "https://purl.stanford.edu/zq690xm7116", "title": "滿洲五万分一圖", "ckey": 10454760, "available": true, "iiifUrl": "https://purl.stanford.edu/zq690xm7116/iiif/manifest" }, "geometry": { "type": "Polygon", "coordinates": [ [ [ 126.0916667, 46.3166663 ], [ 126.3833337, 46.3166663 ], [ 126.3833337, 46.483333 ], [ 126.0916667, 46.483333 ], [ 126.0916667, 46.3166663 ] ] ] } },
{ "type": "Feature", "properties": { "Id": 0, "Sheet_ID": "龍江局_海倫 27", "label": "龍江局_海倫 27", "call_short": "G7822 .M2 S50 .J31", "call_num": "G7822 .M2 S50 .J31 I-A-27", "recid": "wc877th1187", "websiteUrl": "https://purl.stanford.edu/wc877th1187", "title": "滿洲五万分一圖", "ckey": 10454760, "available": true, "iiifUrl": "https://purl.stanford.edu/wc877th1187/iiif/manifest" }, "geometry": { "type": "Polygon", "coordinates": [ [ [ 126.0916667, 47.3166663 ], [ 126.3833337, 47.3166663 ], [ 126.3833337, 47.483333 ], [ 126.0916667, 47.483333 ], [ 126.0916667, 47.3166663 ] ] ] } },
{ "type": "Feature", "properties": { "Id": 0, "Sheet_ID": "龍江局_海倫 26", "label": "龍江局_海倫 26", "call_short": "G7822 .M2 S50 .J31", "call_num": "G7822 .M2 S50 .J31 I-A-26", "recid": "tm654hf3986", "websiteUrl": "https://purl.stanford.edu/tm654hf3986", "title": "滿洲五万分一圖", "ckey": 10454760, "available": true, "iiifUrl": "https://purl.stanford.edu/tm654hf3986/iiif/manifest" }, "geometry": { "type": "Polygon", "coordinates": [ [ [ 126.0916667, 47.483333 ], [ 126.3833337, 47.483333 ], [ 126.3833337, 47.6499997 ], [ 126.0916667, 47.6499997 ], [ 126.0916667, 47.483333 ] ] ] } },
{ "type": "Feature", "properties": { "Id": 0, "Sheet_ID": "龍江局_哈爾濱 28", "label": "龍江局_哈爾濱 28", "call_short": "G7822 .M2 S50 .J31", "call_num": "G7822 .M2 S50 .J31 I-B-28", "recid": "hm355mp8906", "websiteUrl": "https://purl.stanford.edu/hm355mp8906", "title": "滿洲五万分一圖", "ckey": 10454760, "available": true, "iiifUrl": "https://purl.stanford.edu/hm355mp8906/iiif/manifest" }, "geometry": { "type": "Polygon", "coordinates": [ [ [ 126.0916667, 46.483333 ], [ 126.3833337, 46.483333 ], [ 126.3833337, 46.6499997 ], [ 126.0916667, 46.6499997 ], [ 126.0916667, 46.483333 ] ] ] } },
{ "type": "Feature", "properties": { "Id": 0, "Sheet_ID": "龍江局_海倫 28", "label": "龍江局_海倫 28", "call_short": "G7822 .M2 S50 .J31", "call_num": "G7822 .M2 S50 .J31 I-A-28", "recid": "kn965yq0670", "websiteUrl": "https://purl.stanford.edu/kn965yq0670", "title": "滿洲五万分一圖", "ckey": 10454760, "available": true, "iiifUrl": "https://purl.stanford.edu/kn965yq0670/iiif/manifest" }, "geometry": { "type": "Polygon", "coordinates": [ [ [ 126.0916667, 47.1499997 ], [ 126.3833337, 47.1499997 ], [ 126.3833337, 47.3166663 ], [ 126.0916667, 47.3166663 ], [ 126.0916667, 47.1499997 ] ] ] } },
{ "type": "Feature", "properties": { "Id": 0, "Sheet_ID": "龍江局_哈爾濱 27", "label": "龍江局_哈爾濱 27", "call_short": "G7822 .M2 S50 .J31", "call_num": "G7822 .M2 S50 .J31 I-B-27", "recid": "gs646wt5468", "websiteUrl": "https://purl.stanford.edu/gs646wt5468", "title": "滿洲五万分一圖", "ckey": 10454760, "available": true, "iiifUrl": "https://purl.stanford.edu/gs646wt5468/iiif/manifest" }, "geometry": { "type": "Polygon", "coordinates": [ [ [ 126.0916667, 46.6499997 ], [ 126.3833337, 46.6499997 ], [ 126.3833337, 46.8166663 ], [ 126.0916667, 46.8166663 ], [ 126.0916667, 46.6499997 ] ] ] } },
{ "type": "Feature", "properties": { "Id": 0, "Sheet_ID": "龍江局_海倫 29", "label": "龍江局_海倫 29", "call_short": null, "call_num": null, "recid": null, "websiteUrl": null, "title": null, "ckey": 0, "available": false, "iiifUrl": null }, "geometry": { "type": "Polygon", "coordinates": [ [ [ 126.0916667, 46.983333 ], [ 126.3833337, 46.983333 ], [ 126.3833337, 47.1499997 ], [ 126.0916667, 47.1499997 ], [ 126.0916667, 46.983333 ] ] ] } },
{ "type": "Feature", "properties": { "Id": 0, "Sheet_ID": "龍江局_海倫 24", "label": "龍江局_海倫 24", "call_short": "G7822 .M2 S50 .J31", "call_num": "G7822 .M2 S50 .J31 I-A-24", "recid": "zk766wk8379", "websiteUrl": "https://purl.stanford.edu/zk766wk8379", "title": "滿洲五万分一圖", "ckey": 10454760, "available": true, "iiifUrl": "https://purl.stanford.edu/zk766wk8379/iiif/manifest" }, "geometry": { "type": "Polygon", "coordinates": [ [ [ 126.0916667, 47.8166663 ], [ 126.3833337, 47.8166663 ], [ 126.3833337, 47.983333 ], [ 126.0916667, 47.983333 ], [ 126.0916667, 47.8166663 ] ] ] } },
{ "type": "Feature", "properties": { "Id": 0, "Sheet_ID": "龍江局_哈爾濱 26", "label": "龍江局_哈爾濱 26", "call_short": "G7822 .M2 S50 .J31", "call_num": "G7822 .M2 S50 .J31 I-B-26", "recid": "bt423hh0917", "websiteUrl": "https://purl.stanford.edu/bt423hh0917", "title": "滿洲五万分一圖", "ckey": 10454760, "available": true, "iiifUrl": "https://purl.stanford.edu/bt423hh0917/iiif/manifest" }, "geometry": { "type": "Polygon", "coordinates": [ [ [ 126.3833333, 45.6499997 ], [ 126.6750003, 45.6499997 ], [ 126.6750003, 45.8166663 ], [ 126.3833333, 45.8166663 ], [ 126.3833333, 45.6499997 ] ] ] } },
{ "type": "Feature", "properties": { "Id": 0, "Sheet_ID": "龍江局_海倫 15", "label": "龍江局_海倫 15", "call_short": "G7822 .M2 S50 .J31", "call_num": "G7822 .M2 S50 .J31 I-A-15", "recid": "fj017zm4772", "websiteUrl": "https://purl.stanford.edu/fj017zm4772", "title": "滿洲五万分一圖", "ckey": 10454760, "available": true, "iiifUrl": "https://purl.stanford.edu/fj017zm4772/iiif/manifest" }, "geometry": { "type": "Polygon", "coordinates": [ [ [ 126.3833333, 47.983333 ], [ 126.6750003, 47.983333 ], [ 126.6750003, 48.1499997 ], [ 126.3833333, 48.1499997 ], [ 126.3833333, 47.983333 ] ] ] } },
{ "type": "Feature", "properties": { "Id": 0, "Sheet_ID": "龍江局_哈爾濱 25", "label": "龍江局_哈爾濱 25", "call_short": "G7822 .M2 S50 .J31", "call_num": "G7822 .M2 S50 .J31 I-B-25", "recid": "bd577js4661", "websiteUrl": "https://purl.stanford.edu/bd577js4661", "title": "滿洲五万分一圖", "ckey": 10454760, "available": true, "iiifUrl": "https://purl.stanford.edu/bd577js4661/iiif/manifest" }, "geometry": { "type": "Polygon", "coordinates": [ [ [ 126.3833333, 45.8166663 ], [ 126.6750003, 45.8166663 ], [ 126.6750003, 45.983333 ], [ 126.3833333, 45.983333 ], [ 126.3833333, 45.8166663 ] ] ] } },
{ "type": "Feature", "properties": { "Id": 0, "Sheet_ID": "龍江局_哈爾濱 22", "label": "龍江局_哈爾濱 22", "call_short": "G7822 .M2 S50 .J31", "call_num": "G7822 .M2 S50 .J31 I-B-22", "recid": "nh478xx7198", "websiteUrl": "https://purl.stanford.edu/nh478xx7198", "title": "滿洲五万分一圖", "ckey": 10454760, "available": true, "iiifUrl": "https://purl.stanford.edu/nh478xx7198/iiif/manifest" }, "geometry": { "type": "Polygon", "coordinates": [ [ [ 126.3833333, 46.3166663 ], [ 126.6750003, 46.3166663 ], [ 126.6750003, 46.483333 ], [ 126.3833333, 46.483333 ], [ 126.3833333, 46.3166663 ] ] ] } },
{ "type": "Feature", "properties": { "Id": 0, "Sheet_ID": "龍江局_哈爾濱 24", "label": "龍江局_哈爾濱 24", "call_short": "G7822 .M2 S50 .J31", "call_num": "G7822 .M2 S50 .J31 I-B-24", "recid": "qz677dy4636", "websiteUrl": "https://purl.stanford.edu/qz677dy4636", "title": "滿洲五万分一圖", "ckey": 10454760, "available": true, "iiifUrl": "https://purl.stanford.edu/qz677dy4636/iiif/manifest" }, "geometry": { "type": "Polygon", "coordinates": [ [ [ 126.3833333, 45.983333 ], [ 126.6750003, 45.983333 ], [ 126.6750003, 46.1499997 ], [ 126.3833333, 46.1499997 ], [ 126.3833333, 45.983333 ] ] ] } },
{ "type": "Feature", "properties": { "Id": 0, "Sheet_ID": "龍江局_哈爾濱 23", "label": "龍江局_哈爾濱 23", "call_short": "G7822 .M2 S50 .J31", "call_num": "G7822 .M2 S50 .J31 I-B-23", "recid": "kx157sq2607", "websiteUrl": "https://purl.stanford.edu/kx157sq2607", "title": "滿洲五万分一圖", "ckey": 10454760, "available": true, "iiifUrl": "https://purl.stanford.edu/kx157sq2607/iiif/manifest" }, "geometry": { "type": "Polygon", "coordinates": [ [ [ 126.3833333, 46.1499997 ], [ 126.6750003, 46.1499997 ], [ 126.6750003, 46.3166663 ], [ 126.3833333, 46.3166663 ], [ 126.3833333, 46.1499997 ] ] ] } },
{ "type": "Feature", "properties": { "Id": 0, "Sheet_ID": "龍江局_海倫 7", "label": "龍江局_海倫 7", "call_short": "G7822 .M2 S50 .J31", "call_num": "G7822 .M2 S50 .J31 I-A-7", "recid": "tt252qd2473", "websiteUrl": "https://purl.stanford.edu/tt252qd2473", "title": "滿洲五万分一圖", "ckey": 10454760, "available": true, "iiifUrl": "https://purl.stanford.edu/tt252qd2473/iiif/manifest" }, "geometry": { "type": "Polygon", "coordinates": [ [ [ 126.675, 47.983333 ], [ 126.966667, 47.983333 ], [ 126.966667, 48.1499997 ], [ 126.675, 48.1499997 ], [ 126.675, 47.983333 ] ] ] } },
{ "type": "Feature", "properties": { "Id": 0, "Sheet_ID": "龍江局_海倫 19", "label": "龍江局_海倫 19", "call_short": "G7822 .M2 S50 .J31", "call_num": "G7822 .M2 S50 .J31 I-A-19", "recid": "yy435hj9653", "websiteUrl": "https://purl.stanford.edu/yy435hj9653", "title": "滿洲五万分一圖", "ckey": 10454760, "available": true, "iiifUrl": "https://purl.stanford.edu/yy435hj9653/iiif/manifest" }, "geometry": { "type": "Polygon", "coordinates": [ [ [ 126.3833333, 47.3166663 ], [ 126.6750003, 47.3166663 ], [ 126.6750003, 47.483333 ], [ 126.3833333, 47.483333 ], [ 126.3833333, 47.3166663 ] ] ] } },
{ "type": "Feature", "properties": { "Id": 0, "Sheet_ID": "龍江局_海倫 22", "label": "龍江局_海倫 22", "call_short": "G7822 .M2 S50 .J31", "call_num": "G7822 .M2 S50 .J31 I-A-22", "recid": "vd800jp0026", "websiteUrl": "https://purl.stanford.edu/vd800jp0026", "title": "滿洲五万分一圖", "ckey": 10454760, "available": true, "iiifUrl": "https://purl.stanford.edu/vd800jp0026/iiif/manifest" }, "geometry": { "type": "Polygon", "coordinates": [ [ [ 126.3833333, 46.8166663 ], [ 126.6750003, 46.8166663 ], [ 126.6750003, 46.983333 ], [ 126.3833333, 46.983333 ], [ 126.3833333, 46.8166663 ] ] ] } },
{ "type": "Feature", "properties": { "Id": 0, "Sheet_ID": "龍江局_哈爾濱 21", "label": "龍江局_哈爾濱 21", "call_short": "G7822 .M2 S50 .J31", "call_num": "G7822 .M2 S50 .J31 I-B-21", "recid": "bk861xd5760", "websiteUrl": "https://purl.stanford.edu/bk861xd5760", "title": "滿洲五万分一圖", "ckey": 10454760, "available": true, "iiifUrl": "https://purl.stanford.edu/bk861xd5760/iiif/manifest" }, "geometry": { "type": "Polygon", "coordinates": [ [ [ 126.3833333, 46.483333 ], [ 126.6750003, 46.483333 ], [ 126.6750003, 46.6499997 ], [ 126.3833333, 46.6499997 ], [ 126.3833333, 46.483333 ] ] ] } },
{ "type": "Feature", "properties": { "Id": 0, "Sheet_ID": "龍江局_海倫 17", "label": "龍江局_海倫 17", "call_short": "G7822 .M2 S50 .J31", "call_num": "G7822 .M2 S50 .J31 I-A-17", "recid": "rf153vn0086", "websiteUrl": "https://purl.stanford.edu/rf153vn0086", "title": "滿洲五万分一圖", "ckey": 10454760, "available": true, "iiifUrl": "https://purl.stanford.edu/rf153vn0086/iiif/manifest" }, "geometry": { "type": "Polygon", "coordinates": [ [ [ 126.3833333, 47.6499997 ], [ 126.6750003, 47.6499997 ], [ 126.6750003, 47.8166663 ], [ 126.3833333, 47.8166663 ], [ 126.3833333, 47.6499997 ] ] ] } },
{ "type": "Feature", "properties": { "Id": 0, "Sheet_ID": "龍江局_哈爾濱 20", "label": "龍江局_哈爾濱 20", "call_short": "G7822 .M2 S50 .J31", "call_num": "G7822 .M2 S50 .J31 I-B-20", "recid": "hk669dr9246", "websiteUrl": "https://purl.stanford.edu/hk669dr9246", "title": "滿洲五万分一圖", "ckey": 10454760, "available": true, "iiifUrl": "https://purl.stanford.edu/hk669dr9246/iiif/manifest" }, "geometry": { "type": "Polygon", "coordinates": [ [ [ 126.3833333, 46.6499997 ], [ 126.6750003, 46.6499997 ], [ 126.6750003, 46.8166663 ], [ 126.3833333, 46.8166663 ], [ 126.3833333, 46.6499997 ] ] ] } },
{ "type": "Feature", "properties": { "Id": 0, "Sheet_ID": "龍江局_海倫 16", "label": "龍江局_海倫 16", "call_short": "G7822 .M2 S50 .J31", "call_num": "G7822 .M2 S50 .J31 I-A-16", "recid": "wx691mw4538", "websiteUrl": "https://purl.stanford.edu/wx691mw4538", "title": "滿洲五万分一圖", "ckey": 10454760, "available": true, "iiifUrl": "https://purl.stanford.edu/wx691mw4538/iiif/manifest" }, "geometry": { "type": "Polygon", "coordinates": [ [ [ 126.3833333, 47.8166663 ], [ 126.6750003, 47.8166663 ], [ 126.6750003, 47.983333 ], [ 126.3833333, 47.983333 ], [ 126.3833333, 47.8166663 ] ] ] } },
{ "type": "Feature", "properties": { "Id": 0, "Sheet_ID": "龍江局_海倫 21", "label": "龍江局_海倫 21", "call_short": "G7822 .M2 S50 .J31", "call_num": "G7822 .M2 S50 .J31 I-A-21", "recid": "yq683wg3379", "websiteUrl": "https://purl.stanford.edu/yq683wg3379", "title": "滿洲五万分一圖", "ckey": 10454760, "available": true, "iiifUrl": "https://purl.stanford.edu/yq683wg3379/iiif/manifest" }, "geometry": { "type": "Polygon", "coordinates": [ [ [ 126.3833333, 46.983333 ], [ 126.6750003, 46.983333 ], [ 126.6750003, 47.1499997 ], [ 126.3833333, 47.1499997 ], [ 126.3833333, 46.983333 ] ] ] } },
{ "type": "Feature", "properties": { "Id": 0, "Sheet_ID": "龍江局_海倫 20", "label": "龍江局_海倫 20", "call_short": "G7822 .M2 S50 .J31", "call_num": "G7822 .M2 S50 .J31 I-A-20", "recid": "yk322rz6162", "websiteUrl": "https://purl.stanford.edu/yk322rz6162", "title": "滿洲五万分一圖", "ckey": 10454760, "available": true, "iiifUrl": "https://purl.stanford.edu/yk322rz6162/iiif/manifest" }, "geometry": { "type": "Polygon", "coordinates": [ [ [ 126.3833333, 47.1499997 ], [ 126.6750003, 47.1499997 ], [ 126.6750003, 47.3166663 ], [ 126.3833333, 47.3166663 ], [ 126.3833333, 47.1499997 ] ] ] } },
{ "type": "Feature", "properties": { "Id": 0, "Sheet_ID": "龍江局_海倫 10", "label": "龍江局_海倫 10", "call_short": "G7822 .M2 S50 .J31", "call_num": "G7822 .M2 S50 .J31 I-A-10", "recid": "bb873qz8840", "websiteUrl": "https://purl.stanford.edu/bb873qz8840", "title": "滿洲五万分一圖", "ckey": 10454760, "available": true, "iiifUrl": "https://purl.stanford.edu/bb873qz8840/iiif/manifest" }, "geometry": { "type": "Polygon", "coordinates": [ [ [ 126.675, 47.483333 ], [ 126.966667, 47.483333 ], [ 126.966667, 47.6499997 ], [ 126.675, 47.6499997 ], [ 126.675, 47.483333 ] ] ] } },
{ "type": "Feature", "properties": { "Id": 0, "Sheet_ID": "龍江局_海倫 13", "label": "龍江局_海倫 13", "call_short": "G7822 .M2 S50 .J31", "call_num": "G7822 .M2 S50 .J31 I-A-13", "recid": "qm002vc5715", "websiteUrl": "https://purl.stanford.edu/qm002vc5715", "title": "滿洲五万分一圖", "ckey": 10454760, "available": true, "iiifUrl": "https://purl.stanford.edu/qm002vc5715/iiif/manifest" }, "geometry": { "type": "Polygon", "coordinates": [ [ [ 126.675, 46.983333 ], [ 126.966667, 46.983333 ], [ 126.966667, 47.1499997 ], [ 126.675, 47.1499997 ], [ 126.675, 46.983333 ] ] ] } },
{ "type": "Feature", "properties": { "Id": 0, "Sheet_ID": "龍江局_海倫 18", "label": "龍江局_海倫 18", "call_short": "G7822 .M2 S50 .J31", "call_num": "G7822 .M2 S50 .J31 I-A-18", "recid": "cs767pb4839", "websiteUrl": "https://purl.stanford.edu/cs767pb4839", "title": "滿洲五万分一圖", "ckey": 10454760, "available": true, "iiifUrl": "https://purl.stanford.edu/cs767pb4839/iiif/manifest" }, "geometry": { "type": "Polygon", "coordinates": [ [ [ 126.3833333, 47.483333 ], [ 126.6750003, 47.483333 ], [ 126.6750003, 47.6499997 ], [ 126.3833333, 47.6499997 ], [ 126.3833333, 47.483333 ] ] ] } },
{ "type": "Feature", "properties": { "Id": 0, "Sheet_ID": "龍江局_海倫 14", "label": "龍江局_海倫 14", "call_short": "G7822 .M2 S50 .J31", "call_num": "G7822 .M2 S50 .J31 I-A-14", "recid": "gb455zy5422", "websiteUrl": "https://purl.stanford.edu/gb455zy5422", "title": "滿洲五万分一圖", "ckey": 10454760, "available": true, "iiifUrl": "https://purl.stanford.edu/gb455zy5422/iiif/manifest" }, "geometry": { "type": "Polygon", "coordinates": [ [ [ 126.675, 46.8166663 ], [ 126.966667, 46.8166663 ], [ 126.966667, 46.983333 ], [ 126.675, 46.983333 ], [ 126.675, 46.8166663 ] ] ] } },
{ "type": "Feature", "properties": { "Id": 0, "Sheet_ID": "龍江局_哈爾濱 17", "label": "龍江局_哈爾濱 17", "call_short": "G7822 .M2 S50 .J31", "call_num": "G7822 .M2 S50 .J31 I-B-17", "recid": "wp503gx1470", "websiteUrl": "https://purl.stanford.edu/wp503gx1470", "title": "滿洲五万分一圖", "ckey": 10454760, "available": true, "iiifUrl": "https://purl.stanford.edu/wp503gx1470/iiif/manifest" }, "geometry": { "type": "Polygon", "coordinates": [ [ [ 126.675, 45.983333 ], [ 126.966667, 45.983333 ], [ 126.966667, 46.1499997 ], [ 126.675, 46.1499997 ], [ 126.675, 45.983333 ] ] ] } },
{ "type": "Feature", "properties": { "Id": 0, "Sheet_ID": "龍江局_哈爾濱 14", "label": "龍江局_哈爾濱 14", "call_short": "G7822 .M2 S50 .J31", "call_num": "G7822 .M2 S50 .J31 I-B-14", "recid": "ms239cn8567", "websiteUrl": "https://purl.stanford.edu/ms239cn8567", "title": "滿洲五万分一圖", "ckey": 10454760, "available": true, "iiifUrl": "https://purl.stanford.edu/ms239cn8567/iiif/manifest" }, "geometry": { "type": "Polygon", "coordinates": [ [ [ 126.675, 46.483333 ], [ 126.966667, 46.483333 ], [ 126.966667, 46.6499997 ], [ 126.675, 46.6499997 ], [ 126.675, 46.483333 ] ] ] } },
{ "type": "Feature", "properties": { "Id": 0, "Sheet_ID": "龍江局_海倫 11", "label": "龍江局_海倫 11", "call_short": "G7822 .M2 S50 .J31", "call_num": "G7822 .M2 S50 .J31 I-A-11", "recid": "vq148wt9503", "websiteUrl": "https://purl.stanford.edu/vq148wt9503", "title": "滿洲五万分一圖", "ckey": 10454760, "available": true, "iiifUrl": "https://purl.stanford.edu/vq148wt9503/iiif/manifest" }, "geometry": { "type": "Polygon", "coordinates": [ [ [ 126.675, 47.3166663 ], [ 126.966667, 47.3166663 ], [ 126.966667, 47.483333 ], [ 126.675, 47.483333 ], [ 126.675, 47.3166663 ] ] ] } },
{ "type": "Feature", "properties": { "Id": 0, "Sheet_ID": "龍江局_哈爾濱 19", "label": "龍江局_哈爾濱 19", "call_short": "G7822 .M2 S50 .J31", "call_num": "G7822 .M2 S50 .J31 I-B-19", "recid": "cr732mh0887", "websiteUrl": "https://purl.stanford.edu/cr732mh0887", "title": "滿洲五万分一圖", "ckey": 10454760, "available": true, "iiifUrl": "https://purl.stanford.edu/cr732mh0887/iiif/manifest" }, "geometry": { "type": "Polygon", "coordinates": [ [ [ 126.675, 45.6499997 ], [ 126.966667, 45.6499997 ], [ 126.966667, 45.8166663 ], [ 126.675, 45.8166663 ], [ 126.675, 45.6499997 ] ] ] } },
{ "type": "Feature", "properties": { "Id": 0, "Sheet_ID": "龍江局_哈爾濱 16", "label": "龍江局_哈爾濱 16", "call_short": "G7822 .M2 S50 .J31", "call_num": "G7822 .M2 S50 .J31 I-B-16", "recid": "qy224gy7438", "websiteUrl": "https://purl.stanford.edu/qy224gy7438", "title": "滿洲五万分一圖", "ckey": 10454760, "available": true, "iiifUrl": "https://purl.stanford.edu/qy224gy7438/iiif/manifest" }, "geometry": { "type": "Polygon", "coordinates": [ [ [ 126.675, 46.1499997 ], [ 126.966667, 46.1499997 ], [ 126.966667, 46.3166663 ], [ 126.675, 46.3166663 ], [ 126.675, 46.1499997 ] ] ] } },
{ "type": "Feature", "properties": { "Id": 0, "Sheet_ID": "龍江局_海倫 9", "label": "龍江局_海倫 9", "call_short": "G7822 .M2 S50 .J31", "call_num": "G7822 .M2 S50 .J31 I-A-9", "recid": "ct354pm4510", "websiteUrl": "https://purl.stanford.edu/ct354pm4510", "title": "滿洲五万分一圖", "ckey": 10454760, "available": true, "iiifUrl": "https://purl.stanford.edu/ct354pm4510/iiif/manifest" }, "geometry": { "type": "Polygon", "coordinates": [ [ [ 126.675, 47.6499997 ], [ 126.966667, 47.6499997 ], [ 126.966667, 47.8166663 ], [ 126.675, 47.8166663 ], [ 126.675, 47.6499997 ] ] ] } },
{ "type": "Feature", "properties": { "Id": 0, "Sheet_ID": "龍江局_海倫 12", "label": "龍江局_海倫 12", "call_short": "G7822 .M2 S50 .J31", "call_num": "G7822 .M2 S50 .J31 I-A-12", "recid": "qm715gs1851", "websiteUrl": "https://purl.stanford.edu/qm715gs1851", "title": "滿洲五万分一圖", "ckey": 10454760, "available": true, "iiifUrl": "https://purl.stanford.edu/qm715gs1851/iiif/manifest" }, "geometry": { "type": "Polygon", "coordinates": [ [ [ 126.675, 47.1499997 ], [ 126.966667, 47.1499997 ], [ 126.966667, 47.3166663 ], [ 126.675, 47.3166663 ], [ 126.675, 47.1499997 ] ] ] } },
{ "type": "Feature", "properties": { "Id": 0, "Sheet_ID": "龍江局_哈爾濱 18", "label": "龍江局_哈爾濱 18", "call_short": "G7822 .M2 S50 .J31", "call_num": "G7822 .M2 S50 .J31 I-B-18", "recid": "bj948qq4928", "websiteUrl": "https://purl.stanford.edu/bj948qq4928", "title": "滿洲五万分一圖", "ckey": 10454760, "available": true, "iiifUrl": "https://purl.stanford.edu/bj948qq4928/iiif/manifest" }, "geometry": { "type": "Polygon", "coordinates": [ [ [ 126.675, 45.8166663 ], [ 126.966667, 45.8166663 ], [ 126.966667, 45.983333 ], [ 126.675, 45.983333 ], [ 126.675, 45.8166663 ] ] ] } },
{ "type": "Feature", "properties": { "Id": 0, "Sheet_ID": "龍江局_哈爾濱 15", "label": "龍江局_哈爾濱 15", "call_short": "G7822 .M2 S50 .J31", "call_num": "G7822 .M2 S50 .J31 I-B-15", "recid": "yg018jz1383", "websiteUrl": "https://purl.stanford.edu/yg018jz1383", "title": "滿洲五万分一圖", "ckey": 10454760, "available": true, "iiifUrl": "https://purl.stanford.edu/yg018jz1383/iiif/manifest" }, "geometry": { "type": "Polygon", "coordinates": [ [ [ 126.675, 46.3166663 ], [ 126.966667, 46.3166663 ], [ 126.966667, 46.483333 ], [ 126.675, 46.483333 ], [ 126.675, 46.3166663 ] ] ] } },
{ "type": "Feature", "properties": { "Id": 0, "Sheet_ID": "龍江局_哈爾濱 13", "label": "龍江局_哈爾濱 13", "call_short": "G7822 .M2 S50 .J31", "call_num": "G7822 .M2 S50 .J31 I-B-13", "recid": "dn198qx8081", "websiteUrl": "https://purl.stanford.edu/dn198qx8081", "title": "滿洲五万分一圖", "ckey": 10454760, "available": true, "iiifUrl": "https://purl.stanford.edu/dn198qx8081/iiif/manifest" }, "geometry": { "type": "Polygon", "coordinates": [ [ [ 126.675, 46.6499997 ], [ 126.966667, 46.6499997 ], [ 126.966667, 46.8166663 ], [ 126.675, 46.8166663 ], [ 126.675, 46.6499997 ] ] ] } },
{ "type": "Feature", "properties": { "Id": 0, "Sheet_ID": "龍江局_海倫 8", "label": "龍江局_海倫 8", "call_short": "G7822 .M2 S50 .J31", "call_num": "G7822 .M2 S50 .J31 I-A-8", "recid": "jh462kj9781", "websiteUrl": "https://purl.stanford.edu/jh462kj9781", "title": "滿洲五万分一圖", "ckey": 10454760, "available": true, "iiifUrl": "https://purl.stanford.edu/jh462kj9781/iiif/manifest" }, "geometry": { "type": "Polygon", "coordinates": [ [ [ 126.675, 47.8166663 ], [ 126.966667, 47.8166663 ], [ 126.966667, 47.983333 ], [ 126.675, 47.983333 ], [ 126.675, 47.8166663 ] ] ] } },
{ "type": "Feature", "properties": { "Id": 0, "Sheet_ID": "龍江局_哈爾濱 2", "label": "龍江局_哈爾濱 2", "call_short": "G7822 .M2 S50 .J31", "call_num": "G7822 .M2 S50 .J31 I-B-2", "recid": "zx177pk5371", "websiteUrl": "https://purl.stanford.edu/zx177pk5371", "title": "滿洲五万分一圖", "ckey": 10454760, "available": true, "iiifUrl": "https://purl.stanford.edu/zx177pk5371/iiif/manifest" }, "geometry": { "type": "Polygon", "coordinates": [ [ [ 127.2583333, 46.483333 ], [ 127.5500003, 46.483333 ], [ 127.5500003, 46.6499997 ], [ 127.2583333, 46.6499997 ], [ 127.2583333, 46.483333 ] ] ] } },
{ "type": "Feature", "properties": { "Id": 0, "Sheet_ID": "龍江局_哈爾濱 12", "label": "龍江局_哈爾濱 12", "call_short": "G7822 .M2 S50 .J31", "call_num": "G7822 .M2 S50 .J31 I-B-12", "recid": "pj348ks2594", "websiteUrl": "https://purl.stanford.edu/pj348ks2594", "title": "滿洲五万分一圖", "ckey": 10454760, "available": true, "iiifUrl": "https://purl.stanford.edu/pj348ks2594/iiif/manifest" }, "geometry": { "type": "Polygon", "coordinates": [ [ [ 126.9666667, 45.8166663 ], [ 127.2583337, 45.8166663 ], [ 127.2583337, 45.983333 ], [ 126.9666667, 45.983333 ], [ 126.9666667, 45.8166663 ] ] ] } },
{ "type": "Feature", "properties": { "Id": 0, "Sheet_ID": "龍江局_哈爾濱 9", "label": "龍江局_哈爾濱 9", "call_short": "G7822 .M2 S50 .J31", "call_num": "G7822 .M2 S50 .J31 I-B-9", "recid": "jq882kr4758", "websiteUrl": "https://purl.stanford.edu/jq882kr4758", "title": "滿洲五万分一圖", "ckey": 10454760, "available": true, "iiifUrl": "https://purl.stanford.edu/jq882kr4758/iiif/manifest" }, "geometry": { "type": "Polygon", "coordinates": [ [ [ 126.9666667, 46.3166663 ], [ 127.2583337, 46.3166663 ], [ 127.2583337, 46.483333 ], [ 126.9666667, 46.483333 ], [ 126.9666667, 46.3166663 ] ] ] } },
{ "type": "Feature", "properties": { "Id": 0, "Sheet_ID": "龍江局_哈爾濱 11", "label": "龍江局_哈爾濱 11", "call_short": "G7822 .M2 S50 .J31", "call_num": "G7822 .M2 S50 .J31 I-B-11", "recid": "sv400br2785", "websiteUrl": "https://purl.stanford.edu/sv400br2785", "title": "滿洲五万分一圖", "ckey": 10454760, "available": true, "iiifUrl": "https://purl.stanford.edu/sv400br2785/iiif/manifest" }, "geometry": { "type": "Polygon", "coordinates": [ [ [ 126.9666667, 45.983333 ], [ 127.2583337, 45.983333 ], [ 127.2583337, 46.1499997 ], [ 126.9666667, 46.1499997 ], [ 126.9666667, 45.983333 ] ] ] } },
{ "type": "Feature", "properties": { "Id": 0, "Sheet_ID": "龍江局_哈爾濱 10", "label": "龍江局_哈爾濱 10", "call_short": "G7822 .M2 S50 .J31", "call_num": "G7822 .M2 S50 .J31 I-B-10", "recid": "ry648sw7724", "websiteUrl": "https://purl.stanford.edu/ry648sw7724", "title": "滿洲五万分一圖", "ckey": 10454760, "available": true, "iiifUrl": "https://purl.stanford.edu/ry648sw7724/iiif/manifest" }, "geometry": { "type": "Polygon", "coordinates": [ [ [ 126.9666667, 46.1499997 ], [ 127.2583337, 46.1499997 ], [ 127.2583337, 46.3166663 ], [ 126.9666667, 46.3166663 ], [ 126.9666667, 46.1499997 ] ] ] } },
{ "type": "Feature", "properties": { "Id": 0, "Sheet_ID": "龍江局_海倫 6", "label": "龍江局_海倫 6", "call_short": "G7822 .M2 S50 .J31", "call_num": "G7822 .M2 S50 .J31 I-A-6", "recid": "kq503cf6146", "websiteUrl": "https://purl.stanford.edu/kq503cf6146", "title": "滿洲五万分一圖", "ckey": 10454760, "available": true, "iiifUrl": "https://purl.stanford.edu/kq503cf6146/iiif/manifest" }, "geometry": { "type": "Polygon", "coordinates": [ [ [ 126.9666667, 46.8166663 ], [ 127.2583337, 46.8166663 ], [ 127.2583337, 46.983333 ], [ 126.9666667, 46.983333 ], [ 126.9666667, 46.8166663 ] ] ] } },
{ "type": "Feature", "properties": { "Id": 0, "Sheet_ID": "龍江局_哈爾濱 7", "label": "龍江局_哈爾濱 7", "call_short": "G7822 .M2 S50 .J31", "call_num": "G7822 .M2 S50 .J31 I-B-7", "recid": "gk916dm1025", "websiteUrl": "https://purl.stanford.edu/gk916dm1025", "title": "滿洲五万分一圖", "ckey": 10454760, "available": true, "iiifUrl": "https://purl.stanford.edu/gk916dm1025/iiif/manifest" }, "geometry": { "type": "Polygon", "coordinates": [ [ [ 126.9666667, 46.6499997 ], [ 127.2583337, 46.6499997 ], [ 127.2583337, 46.8166663 ], [ 126.9666667, 46.8166663 ], [ 126.9666667, 46.6499997 ] ] ] } },
{ "type": "Feature", "properties": { "Id": 0, "Sheet_ID": "龍江局_海倫 1", "label": "龍江局_海倫 1", "call_short": "G7822 .M2 S50 .J31", "call_num": "G7822 .M2 S50 .J31 I-A-1", "recid": "np362js6664", "websiteUrl": "https://purl.stanford.edu/np362js6664", "title": "滿洲五万分一圖", "ckey": 10454760, "available": true, "iiifUrl": "https://purl.stanford.edu/np362js6664/iiif/manifest" }, "geometry": { "type": "Polygon", "coordinates": [ [ [ 127.2583333, 47.1499997 ], [ 127.5500003, 47.1499997 ], [ 127.5500003, 47.3166663 ], [ 127.2583333, 47.3166663 ], [ 127.2583333, 47.1499997 ] ] ] } },
{ "type": "Feature", "properties": { "Id": 0, "Sheet_ID": "龍江局_哈爾濱 6", "label": "龍江局_哈爾濱 6", "call_short": "G7822 .M2 S50 .J31", "call_num": "G7822 .M2 S50 .J31 I-B-6", "recid": "dg064hq8367", "websiteUrl": "https://purl.stanford.edu/dg064hq8367", "title": "滿洲五万分一圖", "ckey": 10454760, "available": true, "iiifUrl": "https://purl.stanford.edu/dg064hq8367/iiif/manifest" }, "geometry": { "type": "Polygon", "coordinates": [ [ [ 127.2583333, 45.8166663 ], [ 127.5500003, 45.8166663 ], [ 127.5500003, 45.983333 ], [ 127.2583333, 45.983333 ], [ 127.2583333, 45.8166663 ] ] ] } },
{ "type": "Feature", "properties": { "Id": 0, "Sheet_ID": "龍江局_海倫 5", "label": "龍江局_海倫 5", "call_short": "G7822 .M2 S50 .J31", "call_num": "G7822 .M2 S50 .J31 I-A-5", "recid": "hw609nf2641", "websiteUrl": "https://purl.stanford.edu/hw609nf2641", "title": "滿洲五万分一圖", "ckey": 10454760, "available": true, "iiifUrl": "https://purl.stanford.edu/hw609nf2641/iiif/manifest" }, "geometry": { "type": "Polygon", "coordinates": [ [ [ 126.9666667, 46.983333 ], [ 127.2583337, 46.983333 ], [ 127.2583337, 47.1499997 ], [ 126.9666667, 47.1499997 ], [ 126.9666667, 46.983333 ] ] ] } },
{ "type": "Feature", "properties": { "Id": 0, "Sheet_ID": "龍江局_海倫 4", "label": "龍江局_海倫 4", "call_short": "G7822 .M2 S50 .J31", "call_num": "G7822 .M2 S50 .J31 I-A-4", "recid": "bg228sh6905", "websiteUrl": "https://purl.stanford.edu/bg228sh6905", "title": "滿洲五万分一圖", "ckey": 10454760, "available": true, "iiifUrl": "https://purl.stanford.edu/bg228sh6905/iiif/manifest" }, "geometry": { "type": "Polygon", "coordinates": [ [ [ 126.9666667, 47.1499997 ], [ 127.2583337, 47.1499997 ], [ 127.2583337, 47.3166663 ], [ 126.9666667, 47.3166663 ], [ 126.9666667, 47.1499997 ] ] ] } },
{ "type": "Feature", "properties": { "Id": 0, "Sheet_ID": "龍江局_哈爾濱 4", "label": "龍江局_哈爾濱 4", "call_short": "G7822 .M2 S50 .J31", "call_num": "G7822 .M2 S50 .J31 I-B-4", "recid": "fj439pd1452", "websiteUrl": "https://purl.stanford.edu/fj439pd1452", "title": "滿洲五万分一圖", "ckey": 10454760, "available": true, "iiifUrl": "https://purl.stanford.edu/fj439pd1452/iiif/manifest" }, "geometry": { "type": "Polygon", "coordinates": [ [ [ 127.2583333, 46.1499997 ], [ 127.5500003, 46.1499997 ], [ 127.5500003, 46.3166663 ], [ 127.2583333, 46.3166663 ], [ 127.2583333, 46.1499997 ] ] ] } },
{ "type": "Feature", "properties": { "Id": 0, "Sheet_ID": "龍江局_海倫 2", "label": "龍江局_海倫 2", "call_short": "G7822 .M2 S50 .J31", "call_num": "G7822 .M2 S50 .J31 I-A-2", "recid": "gz451fd9560", "websiteUrl": "https://purl.stanford.edu/gz451fd9560", "title": "滿洲五万分一圖", "ckey": 10454760, "available": true, "iiifUrl": "https://purl.stanford.edu/gz451fd9560/iiif/manifest" }, "geometry": { "type": "Polygon", "coordinates": [ [ [ 127.2583333, 46.983333 ], [ 127.5500003, 46.983333 ], [ 127.5500003, 47.1499997 ], [ 127.2583333, 47.1499997 ], [ 127.2583333, 46.983333 ] ] ] } },
{ "type": "Feature", "properties": { "Id": 0, "Sheet_ID": "龍江局_海倫 3", "label": "龍江局_海倫 3", "call_short": "G7822 .M2 S50 .J31", "call_num": "G7822 .M2 S50 .J31 I-A-3", "recid": "my302hn6294", "websiteUrl": "https://purl.stanford.edu/my302hn6294", "title": "滿洲五万分一圖", "ckey": 10454760, "available": true, "iiifUrl": "https://purl.stanford.edu/my302hn6294/iiif/manifest" }, "geometry": { "type": "Polygon", "coordinates": [ [ [ 127.2583333, 46.8166663 ], [ 127.5500003, 46.8166663 ], [ 127.5500003, 46.983333 ], [ 127.2583333, 46.983333 ], [ 127.2583333, 46.8166663 ] ] ] } },
{ "type": "Feature", "properties": { "Id": 0, "Sheet_ID": "龍江局_哈爾濱 5", "label": "龍江局_哈爾濱 5", "call_short": "G7822 .M2 S50 .J31", "call_num": "G7822 .M2 S50 .J31 I-B-5", "recid": "vc351js5292", "websiteUrl": "https://purl.stanford.edu/vc351js5292", "title": "滿洲五万分一圖", "ckey": 10454760, "available": true, "iiifUrl": "https://purl.stanford.edu/vc351js5292/iiif/manifest" }, "geometry": { "type": "Polygon", "coordinates": [ [ [ 127.2583333, 45.983333 ], [ 127.5500003, 45.983333 ], [ 127.5500003, 46.1499997 ], [ 127.2583333, 46.1499997 ], [ 127.2583333, 45.983333 ] ] ] } },
{ "type": "Feature", "properties": { "Id": 0, "Sheet_ID": "龍江局_哈爾濱 8", "label": "龍江局_哈爾濱 8", "call_short": "G7822 .M2 S50 .J31", "call_num": "G7822 .M2 S50 .J31 I-B-8", "recid": "vx796hj4134", "websiteUrl": "https://purl.stanford.edu/vx796hj4134", "title": "滿洲五万分一圖", "ckey": 10454760, "available": true, "iiifUrl": "https://purl.stanford.edu/vx796hj4134/iiif/manifest" }, "geometry": { "type": "Polygon", "coordinates": [ [ [ 126.9666667, 46.483333 ], [ 127.2583337, 46.483333 ], [ 127.2583337, 46.6499997 ], [ 126.9666667, 46.6499997 ], [ 126.9666667, 46.483333 ] ] ] } },
{ "type": "Feature", "properties": { "Id": 0, "Sheet_ID": "龍江局_哈爾濱 3", "label": "龍江局_哈爾濱 3", "call_short": "G7822 .M2 S50 .J31", "call_num": "G7822 .M2 S50 .J31 I-B-3", "recid": "fk759nb2915", "websiteUrl": "https://purl.stanford.edu/fk759nb2915", "title": "滿洲五万分一圖", "ckey": 10454760, "available": true, "iiifUrl": "https://purl.stanford.edu/fk759nb2915/iiif/manifest" }, "geometry": { "type": "Polygon", "coordinates": [ [ [ 127.2583333, 46.3166663 ], [ 127.5500003, 46.3166663 ], [ 127.5500003, 46.483333 ], [ 127.2583333, 46.483333 ], [ 127.2583333, 46.3166663 ] ] ] } },
{ "type": "Feature", "properties": { "Id": 0, "Sheet_ID": "龍江局_哈爾濱 1", "label": "龍江局_哈爾濱 1", "call_short": "G7822 .M2 S50 .J31", "call_num": "G7822 .M2 S50 .J31 I-B-1", "recid": "qx571yw4138", "websiteUrl": "https://purl.stanford.edu/qx571yw4138", "title": "滿洲五万分一圖", "ckey": 10454760, "available": true, "iiifUrl": "https://purl.stanford.edu/qx571yw4138/iiif/manifest" }, "geometry": { "type": "Polygon", "coordinates": [ [ [ 127.2583333, 46.6499997 ], [ 127.5500003, 46.6499997 ], [ 127.5500003, 46.8166663 ], [ 127.2583333, 46.8166663 ], [ 127.2583333, 46.6499997 ] ] ] } },
{ "type": "Feature", "properties": { "Id": 0, "Sheet_ID": "龍江局_伯都訥 9", "label": "龍江局_伯都訥 9", "call_short": "G7822 .M2 S50 .J31", "call_num": "G7822 .M2 S50 .J31 I-D-9", "recid": "rk998bx9405", "websiteUrl": "https://purl.stanford.edu/rk998bx9405", "title": "滿洲五万分一圖", "ckey": 10454760, "available": true, "iiifUrl": "https://purl.stanford.edu/rk998bx9405/iiif/manifest" }, "geometry": { "type": "Polygon", "coordinates": [ [ [ 124.925, 45.3166663 ], [ 125.216667, 45.3166663 ], [ 125.216667, 45.483333 ], [ 124.925, 45.483333 ], [ 124.925, 45.3166663 ] ] ] } },
{ "type": "Feature", "properties": { "Id": 0, "Sheet_ID": "龍江局_伯都訥 8", "label": "龍江局_伯都訥 8", "call_short": "G7822 .M2 S50 .J31", "call_num": "G7822 .M2 S50 .J31 I-D-8", "recid": "cr777yv5199", "websiteUrl": "https://purl.stanford.edu/cr777yv5199", "title": "滿洲五万分一圖", "ckey": 10454760, "available": true, "iiifUrl": "https://purl.stanford.edu/cr777yv5199/iiif/manifest" }, "geometry": { "type": "Polygon", "coordinates": [ [ [ 124.925, 45.483333 ], [ 125.216667, 45.483333 ], [ 125.216667, 45.6499997 ], [ 124.925, 45.6499997 ], [ 124.925, 45.483333 ] ] ] } },
{ "type": "Feature", "properties": { "Id": 0, "Sheet_ID": "龍江局_伯都訥 7", "label": "龍江局_伯都訥 7", "call_short": "G7822 .M2 S50 .J31", "call_num": "G7822 .M2 S50 .J31 I-D-7", "recid": "fy423wy0838", "websiteUrl": "https://purl.stanford.edu/fy423wy0838", "title": "滿洲五万分一圖", "ckey": 10454760, "available": true, "iiifUrl": "https://purl.stanford.edu/fy423wy0838/iiif/manifest" }, "geometry": { "type": "Polygon", "coordinates": [ [ [ 124.925, 45.6499997 ], [ 125.216667, 45.6499997 ], [ 125.216667, 45.8166663 ], [ 124.925, 45.8166663 ], [ 124.925, 45.6499997 ] ] ] } },
{ "type": "Feature", "properties": { "Id": 0, "Sheet_ID": "龍江局_伯都訥 6", "label": "龍江局_伯都訥 6", "call_short": "G7822 .M2 S50 .J31", "call_num": "G7822 .M2 S50 .J31 I-D-6", "recid": "bm316fc7061", "websiteUrl": "https://purl.stanford.edu/bm316fc7061", "title": "滿洲五万分一圖", "ckey": 10454760, "available": true, "iiifUrl": "https://purl.stanford.edu/bm316fc7061/iiif/manifest" }, "geometry": { "type": "Polygon", "coordinates": [ [ [ 124.925, 45.8166663 ], [ 125.216667, 45.8166663 ], [ 125.216667, 45.983333 ], [ 124.925, 45.983333 ], [ 124.925, 45.8166663 ] ] ] } },
{ "type": "Feature", "properties": { "Id": 0, "Sheet_ID": "龍江局_伯都訥 5", "label": "龍江局_伯都訥 5", "call_short": "G7822 .M2 S50 .J31", "call_num": "G7822 .M2 S50 .J31 I-D-5", "recid": "bt981cv0986", "websiteUrl": "https://purl.stanford.edu/bt981cv0986", "title": "滿洲五万分一圖", "ckey": 10454760, "available": true, "iiifUrl": "https://purl.stanford.edu/bt981cv0986/iiif/manifest" }, "geometry": { "type": "Polygon", "coordinates": [ [ [ 124.925, 45.983333 ], [ 125.216667, 45.983333 ], [ 125.216667, 46.1499997 ], [ 124.925, 46.1499997 ], [ 124.925, 45.983333 ] ] ] } },
{ "type": "Feature", "properties": { "Id": 0, "Sheet_ID": "龍江局_伯都訥 4", "label": "龍江局_伯都訥 4", "call_short": "G7822 .M2 S50 .J31", "call_num": "G7822 .M2 S50 .J31 I-D-4", "recid": "xy869pq7316", "websiteUrl": "https://purl.stanford.edu/xy869pq7316", "title": "滿洲五万分一圖", "ckey": 10454760, "available": true, "iiifUrl": "https://purl.stanford.edu/xy869pq7316/iiif/manifest" }, "geometry": { "type": "Polygon", "coordinates": [ [ [ 124.925, 46.1499997 ], [ 125.216667, 46.1499997 ], [ 125.216667, 46.3166663 ], [ 124.925, 46.3166663 ], [ 124.925, 46.1499997 ] ] ] } },
{ "type": "Feature", "properties": { "Id": 0, "Sheet_ID": "龍江局_伯都訥 3", "label": "龍江局_伯都訥 3", "call_short": "G7822 .M2 S50 .J31", "call_num": "G7822 .M2 S50 .J31 I-D-3", "recid": "mz753ft6960", "websiteUrl": "https://purl.stanford.edu/mz753ft6960", "title": "滿洲五万分一圖", "ckey": 10454760, "available": true, "iiifUrl": "https://purl.stanford.edu/mz753ft6960/iiif/manifest" }, "geometry": { "type": "Polygon", "coordinates": [ [ [ 124.925, 46.3166663 ], [ 125.216667, 46.3166663 ], [ 125.216667, 46.483333 ], [ 124.925, 46.483333 ], [ 124.925, 46.3166663 ] ] ] } },
{ "type": "Feature", "properties": { "Id": 0, "Sheet_ID": "龍江局_伯都訥 2", "label": "龍江局_伯都訥 2", "call_short": "G7822 .M2 S50 .J31", "call_num": "G7822 .M2 S50 .J31 I-D-2", "recid": "gr075qf1286", "websiteUrl": "https://purl.stanford.edu/gr075qf1286", "title": "滿洲五万分一圖", "ckey": 10454760, "available": true, "iiifUrl": "https://purl.stanford.edu/gr075qf1286/iiif/manifest" }, "geometry": { "type": "Polygon", "coordinates": [ [ [ 124.925, 46.483333 ], [ 125.216667, 46.483333 ], [ 125.216667, 46.6499997 ], [ 124.925, 46.6499997 ], [ 124.925, 46.483333 ] ] ] } },
{ "type": "Feature", "properties": { "Id": 0, "Sheet_ID": "龍江局_伯都訥 1", "label": "龍江局_伯都訥 1", "call_short": "G7822 .M2 S50 .J31", "call_num": "G7822 .M2 S50 .J31 I-D-1", "recid": "xb501kw0448", "websiteUrl": "https://purl.stanford.edu/xb501kw0448", "title": "滿洲五万分一圖", "ckey": 10454760, "available": true, "iiifUrl": "https://purl.stanford.edu/xb501kw0448/iiif/manifest" }, "geometry": { "type": "Polygon", "coordinates": [ [ [ 124.925, 46.6499997 ], [ 125.216667, 46.6499997 ], [ 125.216667, 46.8166663 ], [ 124.925, 46.8166663 ], [ 124.925, 46.6499997 ] ] ] } },
{ "type": "Feature", "properties": { "Id": 0, "Sheet_ID": "龍江局_斉斉哈爾 8", "label": "龍江局_斉斉哈爾 8", "call_short": "G7822 .M2 S50 .J31", "call_num": "G7822 .M2 S50 .J31 I-C-8", "recid": "wk617fs1418", "websiteUrl": "https://purl.stanford.edu/wk617fs1418", "title": "滿洲五万分一圖", "ckey": 10454760, "available": true, "iiifUrl": "https://purl.stanford.edu/wk617fs1418/iiif/manifest" }, "geometry": { "type": "Polygon", "coordinates": [ [ [ 124.925, 46.8166663 ], [ 125.216667, 46.8166663 ], [ 125.216667, 46.983333 ], [ 124.925, 46.983333 ], [ 124.925, 46.8166663 ] ] ] } },
{ "type": "Feature", "properties": { "Id": 0, "Sheet_ID": "龍江局_斉斉哈爾 7", "label": "龍江局_斉斉哈爾 7", "call_short": "G7822 .M2 S50 .J31", "call_num": "G7822 .M2 S50 .J31 I-C-7", "recid": "vp358br6055", "websiteUrl": "https://purl.stanford.edu/vp358br6055", "title": "滿洲五万分一圖", "ckey": 10454760, "available": true, "iiifUrl": "https://purl.stanford.edu/vp358br6055/iiif/manifest" }, "geometry": { "type": "Polygon", "coordinates": [ [ [ 124.925, 46.983333 ], [ 125.216667, 46.983333 ], [ 125.216667, 47.1499997 ], [ 124.925, 47.1499997 ], [ 124.925, 46.983333 ] ] ] } },
{ "type": "Feature", "properties": { "Id": 0, "Sheet_ID": "龍江局_斉斉哈爾 6", "label": "龍江局_斉斉哈爾 6", "call_short": "G7822 .M2 S50 .J31", "call_num": "G7822 .M2 S50 .J31 I-C-6", "recid": "nb910fs0599", "websiteUrl": "https://purl.stanford.edu/nb910fs0599", "title": "滿洲五万分一圖", "ckey": 10454760, "available": true, "iiifUrl": "https://purl.stanford.edu/nb910fs0599/iiif/manifest" }, "geometry": { "type": "Polygon", "coordinates": [ [ [ 124.925, 47.1499997 ], [ 125.216667, 47.1499997 ], [ 125.216667, 47.3166663 ], [ 124.925, 47.3166663 ], [ 124.925, 47.1499997 ] ] ] } },
{ "type": "Feature", "properties": { "Id": 0, "Sheet_ID": "龍江局_斉斉哈爾 5", "label": "龍江局_斉斉哈爾 5", "call_short": "G7822 .M2 S50 .J31", "call_num": "G7822 .M2 S50 .J31 I-C-5", "recid": "fn260pd2371", "websiteUrl": "https://purl.stanford.edu/fn260pd2371", "title": "滿洲五万分一圖", "ckey": 10454760, "available": true, "iiifUrl": "https://purl.stanford.edu/fn260pd2371/iiif/manifest" }, "geometry": { "type": "Polygon", "coordinates": [ [ [ 124.925, 47.3166663 ], [ 125.216667, 47.3166663 ], [ 125.216667, 47.483333 ], [ 124.925, 47.483333 ], [ 124.925, 47.3166663 ] ] ] } },
{ "type": "Feature", "properties": { "Id": 0, "Sheet_ID": "龍江局_斉斉哈爾 4", "label": "龍江局_斉斉哈爾 4", "call_short": "G7822 .M2 S50 .J31", "call_num": "G7822 .M2 S50 .J31 I-C-4", "recid": "hx845gj7695", "websiteUrl": "https://purl.stanford.edu/hx845gj7695", "title": "滿洲五万分一圖", "ckey": 10454760, "available": true, "iiifUrl": "https://purl.stanford.edu/hx845gj7695/iiif/manifest" }, "geometry": { "type": "Polygon", "coordinates": [ [ [ 124.925, 47.483333 ], [ 125.216667, 47.483333 ], [ 125.216667, 47.6499997 ], [ 124.925, 47.6499997 ], [ 124.925, 47.483333 ] ] ] } },
{ "type": "Feature", "properties": { "Id": 0, "Sheet_ID": "龍江局_斉斉哈爾 3", "label": "龍江局_斉斉哈爾 3", "call_short": "G7822 .M2 S50 .J31", "call_num": "G7822 .M2 S50 .J31 I-C-3", "recid": "dn848db8994", "websiteUrl": "https://purl.stanford.edu/dn848db8994", "title": "滿洲五万分一圖", "ckey": 10454760, "available": true, "iiifUrl": "https://purl.stanford.edu/dn848db8994/iiif/manifest" }, "geometry": { "type": "Polygon", "coordinates": [ [ [ 124.925, 47.6499997 ], [ 125.216667, 47.6499997 ], [ 125.216667, 47.8166663 ], [ 124.925, 47.8166663 ], [ 124.925, 47.6499997 ] ] ] } },
{ "type": "Feature", "properties": { "Id": 0, "Sheet_ID": "龍江局_斉斉哈爾 2", "label": "龍江局_斉斉哈爾 2", "call_short": "G7822 .M2 S50 .J31", "call_num": "G7822 .M2 S50 .J31 I-C-2", "recid": "hd656hg1933", "websiteUrl": "https://purl.stanford.edu/hd656hg1933", "title": "滿洲五万分一圖", "ckey": 10454760, "available": true, "iiifUrl": "https://purl.stanford.edu/hd656hg1933/iiif/manifest" }, "geometry": { "type": "Polygon", "coordinates": [ [ [ 124.925, 47.8166663 ], [ 125.216667, 47.8166663 ], [ 125.216667, 47.983333 ], [ 124.925, 47.983333 ], [ 124.925, 47.8166663 ] ] ] } },
{ "type": "Feature", "properties": { "Id": 0, "Sheet_ID": "龍江局_斉斉哈爾 1", "label": "龍江局_斉斉哈爾 1", "call_short": null, "call_num": null, "recid": null, "websiteUrl": null, "title": null, "ckey": 0, "available": false, "iiifUrl": null }, "geometry": { "type": "Polygon", "coordinates": [ [ [ 124.925, 47.983333 ], [ 125.216667, 47.983333 ], [ 125.216667, 48.1499997 ], [ 124.925, 48.1499997 ], [ 124.925, 47.983333 ] ] ] } },
{ "type": "Feature", "properties": { "Id": 0, "Sheet_ID": "龍江局_伯都訥 11", "label": "龍江局_伯都訥 11", "call_short": "G7822 .M2 S50 .J31", "call_num": "G7822 .M2 S50 .J31 I-D-11", "recid": "rz406kc0285", "websiteUrl": "https://purl.stanford.edu/rz406kc0285", "title": "滿洲五万分一圖", "ckey": 10454760, "available": true, "iiifUrl": "https://purl.stanford.edu/rz406kc0285/iiif/manifest" }, "geometry": { "type": "Polygon", "coordinates": [ [ [ 124.6333333, 46.483333 ], [ 124.9250003, 46.483333 ], [ 124.9250003, 46.6499997 ], [ 124.6333333, 46.6499997 ], [ 124.6333333, 46.483333 ] ] ] } },
{ "type": "Feature", "properties": { "Id": 0, "Sheet_ID": "龍江局_伯都訥 18", "label": "龍江局_伯都訥 18", "call_short": "G7822 .M2 S50 .J31", "call_num": "G7822 .M2 S50 .J31 I-D-18", "recid": "qs174vv3147", "websiteUrl": "https://purl.stanford.edu/qs174vv3147", "title": "滿洲五万分一圖", "ckey": 10454760, "available": true, "iiifUrl": "https://purl.stanford.edu/qs174vv3147/iiif/manifest" }, "geometry": { "type": "Polygon", "coordinates": [ [ [ 124.6333333, 45.3166663 ], [ 124.9250003, 45.3166663 ], [ 124.9250003, 45.483333 ], [ 124.6333333, 45.483333 ], [ 124.6333333, 45.3166663 ] ] ] } },
{ "type": "Feature", "properties": { "Id": 0, "Sheet_ID": "龍江局_伯都訥 17", "label": "龍江局_伯都訥 17", "call_short": "G7822 .M2 S50 .J31", "call_num": "G7822 .M2 S50 .J31 I-D-17", "recid": "vd186yx8337", "websiteUrl": "https://purl.stanford.edu/vd186yx8337", "title": "滿洲五万分一圖", "ckey": 10454760, "available": true, "iiifUrl": "https://purl.stanford.edu/vd186yx8337/iiif/manifest" }, "geometry": { "type": "Polygon", "coordinates": [ [ [ 124.6333333, 45.483333 ], [ 124.9250003, 45.483333 ], [ 124.9250003, 45.6499997 ], [ 124.6333333, 45.6499997 ], [ 124.6333333, 45.483333 ] ] ] } },
{ "type": "Feature", "properties": { "Id": 0, "Sheet_ID": "龍江局_伯都訥 16", "label": "龍江局_伯都訥 16", "call_short": "G7822 .M2 S50 .J31", "call_num": "G7822 .M2 S50 .J31 I-D-16", "recid": "dq936nz7801", "websiteUrl": "https://purl.stanford.edu/dq936nz7801", "title": "滿洲五万分一圖", "ckey": 10454760, "available": true, "iiifUrl": "https://purl.stanford.edu/dq936nz7801/iiif/manifest" }, "geometry": { "type": "Polygon", "coordinates": [ [ [ 124.6333333, 45.6499997 ], [ 124.9250003, 45.6499997 ], [ 124.9250003, 45.8166663 ], [ 124.6333333, 45.8166663 ], [ 124.6333333, 45.6499997 ] ] ] } },
{ "type": "Feature", "properties": { "Id": 0, "Sheet_ID": "龍江局_斉斉哈爾 14", "label": "龍江局_斉斉哈爾 14", "call_short": "G7822 .M2 S50 .J31", "call_num": "G7822 .M2 S50 .J31 I-C-14", "recid": "cc512xt5721", "websiteUrl": "https://purl.stanford.edu/cc512xt5721", "title": "滿洲五万分一圖", "ckey": 10454760, "available": true, "iiifUrl": "https://purl.stanford.edu/cc512xt5721/iiif/manifest" }, "geometry": { "type": "Polygon", "coordinates": [ [ [ 124.6333333, 47.3166663 ], [ 124.9250003, 47.3166663 ], [ 124.9250003, 47.483333 ], [ 124.6333333, 47.483333 ], [ 124.6333333, 47.3166663 ] ] ] } },
{ "type": "Feature", "properties": { "Id": 0, "Sheet_ID": "龍江局_伯都訥 15", "label": "龍江局_伯都訥 15", "call_short": "G7822 .M2 S50 .J31", "call_num": "G7822 .M2 S50 .J31 I-D-15", "recid": "cc084zz0500", "websiteUrl": "https://purl.stanford.edu/cc084zz0500", "title": "滿洲五万分一圖", "ckey": 10454760, "available": true, "iiifUrl": "https://purl.stanford.edu/cc084zz0500/iiif/manifest" }, "geometry": { "type": "Polygon", "coordinates": [ [ [ 124.6333333, 45.8166663 ], [ 124.9250003, 45.8166663 ], [ 124.9250003, 45.983333 ], [ 124.6333333, 45.983333 ], [ 124.6333333, 45.8166663 ] ] ] } },
{ "type": "Feature", "properties": { "Id": 0, "Sheet_ID": "龍江局_伯都訥 13", "label": "龍江局_伯都訥 13", "call_short": "G7822 .M2 S50 .J31", "call_num": "G7822 .M2 S50 .J31 I-D-13", "recid": "tm983bc7689", "websiteUrl": "https://purl.stanford.edu/tm983bc7689", "title": "滿洲五万分一圖", "ckey": 10454760, "available": true, "iiifUrl": "https://purl.stanford.edu/tm983bc7689/iiif/manifest" }, "geometry": { "type": "Polygon", "coordinates": [ [ [ 124.6333333, 46.1499997 ], [ 124.9250003, 46.1499997 ], [ 124.9250003, 46.3166663 ], [ 124.6333333, 46.3166663 ], [ 124.6333333, 46.1499997 ] ] ] } },
{ "type": "Feature", "properties": { "Id": 0, "Sheet_ID": "龍江局_斉斉哈爾 11", "label": "龍江局_斉斉哈爾 11", "call_short": "G7822 .M2 S50 .J31", "call_num": "G7822 .M2 S50 .J31 I-C-11", "recid": "hy096tm2640", "websiteUrl": "https://purl.stanford.edu/hy096tm2640", "title": "滿洲五万分一圖", "ckey": 10454760, "available": true, "iiifUrl": "https://purl.stanford.edu/hy096tm2640/iiif/manifest" }, "geometry": { "type": "Polygon", "coordinates": [ [ [ 124.6333333, 47.8166663 ], [ 124.9250003, 47.8166663 ], [ 124.9250003, 47.983333 ], [ 124.6333333, 47.983333 ], [ 124.6333333, 47.8166663 ] ] ] } },
{ "type": "Feature", "properties": { "Id": 0, "Sheet_ID": "龍江局_斉斉哈爾 13", "label": "龍江局_斉斉哈爾 13", "call_short": "G7822 .M2 S50 .J31", "call_num": "G7822 .M2 S50 .J31 I-C-13", "recid": "yv338bz7358", "websiteUrl": "https://purl.stanford.edu/yv338bz7358", "title": "滿洲五万分一圖", "ckey": 10454760, "available": true, "iiifUrl": "https://purl.stanford.edu/yv338bz7358/iiif/manifest" }, "geometry": { "type": "Polygon", "coordinates": [ [ [ 124.6333333, 47.483333 ], [ 124.9250003, 47.483333 ], [ 124.9250003, 47.6499997 ], [ 124.6333333, 47.6499997 ], [ 124.6333333, 47.483333 ] ] ] } },
{ "type": "Feature", "properties": { "Id": 0, "Sheet_ID": "龍江局_伯都訥 14", "label": "龍江局_伯都訥 14", "call_short": "G7822 .M2 S50 .J31", "call_num": "G7822 .M2 S50 .J31 I-D-14", "recid": "pm571vv6493", "websiteUrl": "https://purl.stanford.edu/pm571vv6493", "title": "滿洲五万分一圖", "ckey": 10454760, "available": true, "iiifUrl": "https://purl.stanford.edu/pm571vv6493/iiif/manifest" }, "geometry": { "type": "Polygon", "coordinates": [ [ [ 124.6333333, 45.983333 ], [ 124.9250003, 45.983333 ], [ 124.9250003, 46.1499997 ], [ 124.6333333, 46.1499997 ], [ 124.6333333, 45.983333 ] ] ] } },
{ "type": "Feature", "properties": { "Id": 0, "Sheet_ID": "龍江局_伯都訥 12", "label": "龍江局_伯都訥 12", "call_short": "G7822 .M2 S50 .J31", "call_num": "G7822 .M2 S50 .J31 I-D-12", "recid": "rp172wv3382", "websiteUrl": "https://purl.stanford.edu/rp172wv3382", "title": "滿洲五万分一圖", "ckey": 10454760, "available": true, "iiifUrl": "https://purl.stanford.edu/rp172wv3382/iiif/manifest" }, "geometry": { "type": "Polygon", "coordinates": [ [ [ 124.6333333, 46.3166663 ], [ 124.9250003, 46.3166663 ], [ 124.9250003, 46.483333 ], [ 124.6333333, 46.483333 ], [ 124.6333333, 46.3166663 ] ] ] } },
{ "type": "Feature", "properties": { "Id": 0, "Sheet_ID": "龍江局_斉斉哈爾 12", "label": "龍江局_斉斉哈爾 12", "call_short": "G7822 .M2 S50 .J31", "call_num": "G7822 .M2 S50 .J31 I-C-12", "recid": "hh738jy0709", "websiteUrl": "https://purl.stanford.edu/hh738jy0709", "title": "滿洲五万分一圖", "ckey": 10454760, "available": true, "iiifUrl": "https://purl.stanford.edu/hh738jy0709/iiif/manifest" }, "geometry": { "type": "Polygon", "coordinates": [ [ [ 124.6333333, 47.6499997 ], [ 124.9250003, 47.6499997 ], [ 124.9250003, 47.8166663 ], [ 124.6333333, 47.8166663 ], [ 124.6333333, 47.6499997 ] ] ] } },
{ "type": "Feature", "properties": { "Id": 0, "Sheet_ID": "龍江局_伯都訥 10", "label": "龍江局_伯都訥 10", "call_short": "G7822 .M2 S50 .J31", "call_num": "G7822 .M2 S50 .J31 I-D-10", "recid": "ck665rk3361", "websiteUrl": "https://purl.stanford.edu/ck665rk3361", "title": "滿洲五万分一圖", "ckey": 10454760, "available": true, "iiifUrl": "https://purl.stanford.edu/ck665rk3361/iiif/manifest" }, "geometry": { "type": "Polygon", "coordinates": [ [ [ 124.6333333, 46.6499997 ], [ 124.9250003, 46.6499997 ], [ 124.9250003, 46.8166663 ], [ 124.6333333, 46.8166663 ], [ 124.6333333, 46.6499997 ] ] ] } },
{ "type": "Feature", "properties": { "Id": 0, "Sheet_ID": "龍江局_斉斉哈爾 17", "label": "龍江局_斉斉哈爾 17", "call_short": "G7822 .M2 S50 .J31", "call_num": "G7822 .M2 S50 .J31 I-C-17", "recid": "yk683vt1058", "websiteUrl": "https://purl.stanford.edu/yk683vt1058", "title": "滿洲五万分一圖", "ckey": 10454760, "available": true, "iiifUrl": "https://purl.stanford.edu/yk683vt1058/iiif/manifest" }, "geometry": { "type": "Polygon", "coordinates": [ [ [ 124.6333333, 46.8166663 ], [ 124.9250003, 46.8166663 ], [ 124.9250003, 46.983333 ], [ 124.6333333, 46.983333 ], [ 124.6333333, 46.8166663 ] ] ] } },
{ "type": "Feature", "properties": { "Id": 0, "Sheet_ID": "龍江局_斉斉哈爾 16", "label": "龍江局_斉斉哈爾 16", "call_short": null, "call_num": null, "recid": null, "websiteUrl": null, "title": null, "ckey": 0, "available": false, "iiifUrl": null }, "geometry": { "type": "Polygon", "coordinates": [ [ [ 124.6333333, 46.983333 ], [ 124.9250003, 46.983333 ], [ 124.9250003, 47.1499997 ], [ 124.6333333, 47.1499997 ], [ 124.6333333, 46.983333 ] ] ] } },
{ "type": "Feature", "properties": { "Id": 0, "Sheet_ID": "龍江局_斉斉哈爾 15", "label": "龍江局_斉斉哈爾 15", "call_short": "G7822 .M2 S50 .J31", "call_num": "G7822 .M2 S50 .J31 I-C-15", "recid": "gb849fk1243", "websiteUrl": "https://purl.stanford.edu/gb849fk1243", "title": "滿洲五万分一圖", "ckey": 10454760, "available": true, "iiifUrl": "https://purl.stanford.edu/gb849fk1243/iiif/manifest" }, "geometry": { "type": "Polygon", "coordinates": [ [ [ 124.6333333, 47.1499997 ], [ 124.9250003, 47.1499997 ], [ 124.9250003, 47.3166663 ], [ 124.6333333, 47.3166663 ], [ 124.6333333, 47.1499997 ] ] ] } },
{ "type": "Feature", "properties": { "Id": 0, "Sheet_ID": "龍江局_斉斉哈爾 10", "label": "龍江局_斉斉哈爾 10", "call_short": null, "call_num": null, "recid": null, "websiteUrl": null, "title": null, "ckey": 0, "available": false, "iiifUrl": null }, "geometry": { "type": "Polygon", "coordinates": [ [ [ 124.6333333, 47.983333 ], [ 124.9250003, 47.983333 ], [ 124.9250003, 48.1499997 ], [ 124.6333333, 48.1499997 ], [ 124.6333333, 47.983333 ] ] ] } },
{ "type": "Feature", "properties": { "Id": 0, "Sheet_ID": "龍江局_斉斉哈爾 9", "label": "龍江局_斉斉哈爾 9", "call_short": null, "call_num": null, "recid": null, "websiteUrl": null, "title": null, "ckey": 0, "available": false, "iiifUrl": null }, "geometry": { "type": "Polygon", "coordinates": [ [ [ 124.6333333, 48.1499997 ], [ 124.9250003, 48.1499997 ], [ 124.9250003, 48.3166663 ], [ 124.6333333, 48.3166663 ], [ 124.6333333, 48.1499997 ] ] ] } },
{ "type": "Feature", "properties": { "Id": 0, "Sheet_ID": "龍江局_斉斉哈爾 24", "label": "龍江局_斉斉哈爾 24", "call_short": "G7822 .M2 S50 .J31", "call_num": "G7822 .M2 S50 .J31 I-C-24", "recid": "sg183np9550", "websiteUrl": "https://purl.stanford.edu/sg183np9550", "title": "滿洲五万分一圖", "ckey": 10454760, "available": true, "iiifUrl": "https://purl.stanford.edu/sg183np9550/iiif/manifest" }, "geometry": { "type": "Polygon", "coordinates": [ [ [ 124.3416667, 47.1499997 ], [ 124.6333337, 47.1499997 ], [ 124.6333337, 47.3166663 ], [ 124.3416667, 47.3166663 ], [ 124.3416667, 47.1499997 ] ] ] } },
{ "type": "Feature", "properties": { "Id": 0, "Sheet_ID": "龍江局_斉斉哈爾 25", "label": "龍江局_斉斉哈爾 25", "call_short": "G7822 .M2 S50 .J31", "call_num": "G7822 .M2 S50 .J31 I-C-25", "recid": "yr962pd6067", "websiteUrl": "https://purl.stanford.edu/yr962pd6067", "title": "滿洲五万分一圖", "ckey": 10454760, "available": true, "iiifUrl": "https://purl.stanford.edu/yr962pd6067/iiif/manifest" }, "geometry": { "type": "Polygon", "coordinates": [ [ [ 124.3416667, 46.983333 ], [ 124.6333337, 46.983333 ], [ 124.6333337, 47.1499997 ], [ 124.3416667, 47.1499997 ], [ 124.3416667, 46.983333 ] ] ] } },
{ "type": "Feature", "properties": { "Id": 0, "Sheet_ID": "龍江局_斉斉哈爾 19", "label": "龍江局_斉斉哈爾 19", "call_short": null, "call_num": null, "recid": null, "websiteUrl": null, "title": null, "ckey": 0, "available": false, "iiifUrl": null }, "geometry": { "type": "Polygon", "coordinates": [ [ [ 124.3416667, 47.983333 ], [ 124.6333337, 47.983333 ], [ 124.6333337, 48.1499997 ], [ 124.3416667, 48.1499997 ], [ 124.3416667, 47.983333 ] ] ] } },
{ "type": "Feature", "properties": { "Id": 0, "Sheet_ID": "龍江局_斉斉哈爾 26", "label": "龍江局_斉斉哈爾 26", "call_short": "G7822 .M2 S50 .J31", "call_num": "G7822 .M2 S50 .J31 I-C-26", "recid": "vs424hz8561", "websiteUrl": "https://purl.stanford.edu/vs424hz8561", "title": "滿洲五万分一圖", "ckey": 10454760, "available": true, "iiifUrl": "https://purl.stanford.edu/vs424hz8561/iiif/manifest" }, "geometry": { "type": "Polygon", "coordinates": [ [ [ 124.3416667, 46.8166663 ], [ 124.6333337, 46.8166663 ], [ 124.6333337, 46.983333 ], [ 124.3416667, 46.983333 ], [ 124.3416667, 46.8166663 ] ] ] } },
{ "type": "Feature", "properties": { "Id": 0, "Sheet_ID": "龍江局_斉斉哈爾 22", "label": "龍江局_斉斉哈爾 22", "call_short": "G7822 .M2 S50 .J31", "call_num": "G7822 .M2 S50 .J31 I-C-22", "recid": "yt007dk1644", "websiteUrl": "https://purl.stanford.edu/yt007dk1644", "title": "滿洲五万分一圖", "ckey": 10454760, "available": true, "iiifUrl": "https://purl.stanford.edu/yt007dk1644/iiif/manifest" }, "geometry": { "type": "Polygon", "coordinates": [ [ [ 124.3416667, 47.483333 ], [ 124.6333337, 47.483333 ], [ 124.6333337, 47.6499997 ], [ 124.3416667, 47.6499997 ], [ 124.3416667, 47.483333 ] ] ] } },
{ "type": "Feature", "properties": { "Id": 0, "Sheet_ID": "龍江局_斉斉哈爾 23", "label": "龍江局_斉斉哈爾 23", "call_short": "G7822 .M2 S50 .J31", "call_num": "G7822 .M2 S50 .J31 I-C-23", "recid": "gt002rp8495", "websiteUrl": "https://purl.stanford.edu/gt002rp8495", "title": "滿洲五万分一圖", "ckey": 10454760, "available": true, "iiifUrl": "https://purl.stanford.edu/gt002rp8495/iiif/manifest" }, "geometry": { "type": "Polygon", "coordinates": [ [ [ 124.3416667, 47.3166663 ], [ 124.6333337, 47.3166663 ], [ 124.6333337, 47.483333 ], [ 124.3416667, 47.483333 ], [ 124.3416667, 47.3166663 ] ] ] } },
{ "type": "Feature", "properties": { "Id": 0, "Sheet_ID": "龍江局_斉斉哈爾 20", "label": "龍江局_斉斉哈爾 20", "call_short": "G7822 .M2 S50 .J31", "call_num": "G7822 .M2 S50 .J31 I-C-20", "recid": "tn562gt4124", "websiteUrl": "https://purl.stanford.edu/tn562gt4124", "title": "滿洲五万分一圖", "ckey": 10454760, "available": true, "iiifUrl": "https://purl.stanford.edu/tn562gt4124/iiif/manifest" }, "geometry": { "type": "Polygon", "coordinates": [ [ [ 124.3416667, 47.8166663 ], [ 124.6333337, 47.8166663 ], [ 124.6333337, 47.983333 ], [ 124.3416667, 47.983333 ], [ 124.3416667, 47.8166663 ] ] ] } },
{ "type": "Feature", "properties": { "Id": 0, "Sheet_ID": "龍江局_斉斉哈爾 18", "label": "龍江局_斉斉哈爾 18", "call_short": null, "call_num": null, "recid": null, "websiteUrl": null, "title": null, "ckey": 0, "available": false, "iiifUrl": null }, "geometry": { "type": "Polygon", "coordinates": [ [ [ 124.3416667, 48.1499997 ], [ 124.6333337, 48.1499997 ], [ 124.6333337, 48.3166663 ], [ 124.3416667, 48.3166663 ], [ 124.3416667, 48.1499997 ] ] ] } },
{ "type": "Feature", "properties": { "Id": 0, "Sheet_ID": "龍江局_斉斉哈爾 21", "label": "龍江局_斉斉哈爾 21", "call_short": "G7822 .M2 S50 .J31", "call_num": "G7822 .M2 S50 .J31 I-C-21", "recid": "xv298bp5917", "websiteUrl": "https://purl.stanford.edu/xv298bp5917", "title": "滿洲五万分一圖", "ckey": 10454760, "available": true, "iiifUrl": "https://purl.stanford.edu/xv298bp5917/iiif/manifest" }, "geometry": { "type": "Polygon", "coordinates": [ [ [ 124.3416667, 47.6499997 ], [ 124.6333337, 47.6499997 ], [ 124.6333337, 47.8166663 ], [ 124.3416667, 47.8166663 ], [ 124.3416667, 47.6499997 ] ] ] } },
{ "type": "Feature", "properties": { "Id": 0, "Sheet_ID": "龍江局_斉斉哈爾 42", "label": "龍江局_斉斉哈爾 42", "call_short": null, "call_num": null, "recid": null, "websiteUrl": null, "title": null, "ckey": 0, "available": false, "iiifUrl": null }, "geometry": { "type": "Polygon", "coordinates": [ [ [ 123.7583333, 46.8166663 ], [ 124.0500003, 46.8166663 ], [ 124.0500003, 46.983333 ], [ 123.7583333, 46.983333 ], [ 123.7583333, 46.8166663 ] ] ] } },
{ "type": "Feature", "properties": { "Id": 0, "Sheet_ID": "龍江局_斉斉哈爾 34", "label": "龍江局_斉斉哈爾 34", "call_short": "G7822 .M2 S50 .J31", "call_num": "G7822 .M2 S50 .J31 I-C-34", "recid": "dv988ww9918", "websiteUrl": "https://purl.stanford.edu/dv988ww9918", "title": "滿洲五万分一圖", "ckey": 10454760, "available": true, "iiifUrl": "https://purl.stanford.edu/dv988ww9918/iiif/manifest" }, "geometry": { "type": "Polygon", "coordinates": [ [ [ 124.05, 46.8166663 ], [ 124.341667, 46.8166663 ], [ 124.341667, 46.983333 ], [ 124.05, 46.983333 ], [ 124.05, 46.8166663 ] ] ] } },
{ "type": "Feature", "properties": { "Id": 0, "Sheet_ID": "龍江局_伯都訥 40", "label": "龍江局_伯都訥 40", "call_short": "G7822 .M2 S50 .J31", "call_num": "G7822 .M2 S50 .J31 I-D-40", "recid": "dc124vp1703", "websiteUrl": "https://purl.stanford.edu/dc124vp1703", "title": "滿洲五万分一圖", "ckey": 10454760, "available": true, "iiifUrl": "https://purl.stanford.edu/dc124vp1703/iiif/manifest" }, "geometry": { "type": "Polygon", "coordinates": [ [ [ 123.7583333, 46.3166663 ], [ 124.0500003, 46.3166663 ], [ 124.0500003, 46.483333 ], [ 123.7583333, 46.483333 ], [ 123.7583333, 46.3166663 ] ] ] } },
{ "type": "Feature", "properties": { "Id": 0, "Sheet_ID": "龍江局_斉斉哈爾 28", "label": "龍江局_斉斉哈爾 28", "call_short": "G7822 .M2 S50 .J31", "call_num": "G7822 .M2 S50 .J31 I-C-28", "recid": "dk863vm7771", "websiteUrl": "https://purl.stanford.edu/dk863vm7771", "title": "滿洲五万分一圖", "ckey": 10454760, "available": true, "iiifUrl": "https://purl.stanford.edu/dk863vm7771/iiif/manifest" }, "geometry": { "type": "Polygon", "coordinates": [ [ [ 124.05, 47.8166663 ], [ 124.341667, 47.8166663 ], [ 124.341667, 47.983333 ], [ 124.05, 47.983333 ], [ 124.05, 47.8166663 ] ] ] } },
{ "type": "Feature", "properties": { "Id": 0, "Sheet_ID": "龍江局_斉斉哈爾 38", "label": "龍江局_斉斉哈爾 38", "call_short": null, "call_num": null, "recid": null, "websiteUrl": null, "title": null, "ckey": 0, "available": false, "iiifUrl": null }, "geometry": { "type": "Polygon", "coordinates": [ [ [ 123.7583333, 47.483333 ], [ 124.0500003, 47.483333 ], [ 124.0500003, 47.6499997 ], [ 123.7583333, 47.6499997 ], [ 123.7583333, 47.483333 ] ] ] } },
{ "type": "Feature", "properties": { "Id": 0, "Sheet_ID": "龍江局_斉斉哈爾 31", "label": "龍江局_斉斉哈爾 31", "call_short": "G7822 .M2 S50 .J31", "call_num": "G7822 .M2 S50 .J31 I-C-31", "recid": "gy338gf2972", "websiteUrl": "https://purl.stanford.edu/gy338gf2972", "title": "滿洲五万分一圖", "ckey": 10454760, "available": true, "iiifUrl": "https://purl.stanford.edu/gy338gf2972/iiif/manifest" }, "geometry": { "type": "Polygon", "coordinates": [ [ [ 124.05, 47.3166663 ], [ 124.341667, 47.3166663 ], [ 124.341667, 47.483333 ], [ 124.05, 47.483333 ], [ 124.05, 47.3166663 ] ] ] } },
{ "type": "Feature", "properties": { "Id": 0, "Sheet_ID": "龍江局_斉斉哈爾 32", "label": "龍江局_斉斉哈爾 32", "call_short": "G7822 .M2 S50 .J31", "call_num": "G7822 .M2 S50 .J31 I-C-32", "recid": "tw517wp3884", "websiteUrl": "https://purl.stanford.edu/tw517wp3884", "title": "滿洲五万分一圖", "ckey": 10454760, "available": true, "iiifUrl": "https://purl.stanford.edu/tw517wp3884/iiif/manifest" }, "geometry": { "type": "Polygon", "coordinates": [ [ [ 124.05, 47.1499997 ], [ 124.341667, 47.1499997 ], [ 124.341667, 47.3166663 ], [ 124.05, 47.3166663 ], [ 124.05, 47.1499997 ] ] ] } },
{ "type": "Feature", "properties": { "Id": 0, "Sheet_ID": "龍江局_伯都訥 41", "label": "龍江局_伯都訥 41", "call_short": "G7822 .M2 S50 .J31", "call_num": "G7822 .M2 S50 .J31 I-D-41", "recid": "hb073cn9981", "websiteUrl": "https://purl.stanford.edu/hb073cn9981", "title": "滿洲五万分一圖", "ckey": 10454760, "available": true, "iiifUrl": "https://purl.stanford.edu/hb073cn9981/iiif/manifest" }, "geometry": { "type": "Polygon", "coordinates": [ [ [ 123.7583333, 46.1499997 ], [ 124.0500003, 46.1499997 ], [ 124.0500003, 46.3166663 ], [ 123.7583333, 46.3166663 ], [ 123.7583333, 46.1499997 ] ] ] } },
{ "type": "Feature", "properties": { "Id": 0, "Sheet_ID": "龍江局_斉斉哈爾 27", "label": "龍江局_斉斉哈爾 27", "call_short": null, "call_num": null, "recid": null, "websiteUrl": null, "title": null, "ckey": 0, "available": false, "iiifUrl": null }, "geometry": { "type": "Polygon", "coordinates": [ [ [ 124.05, 47.983333 ], [ 124.341667, 47.983333 ], [ 124.341667, 48.1499997 ], [ 124.05, 48.1499997 ], [ 124.05, 47.983333 ] ] ] } },
{ "type": "Feature", "properties": { "Id": 0, "Sheet_ID": "龍江局_斉斉哈爾 40", "label": "龍江局_斉斉哈爾 40", "call_short": null, "call_num": null, "recid": null, "websiteUrl": null, "title": null, "ckey": 0, "available": false, "iiifUrl": null }, "geometry": { "type": "Polygon", "coordinates": [ [ [ 123.7583333, 47.1499997 ], [ 124.0500003, 47.1499997 ], [ 124.0500003, 47.3166663 ], [ 123.7583333, 47.3166663 ], [ 123.7583333, 47.1499997 ] ] ] } },
{ "type": "Feature", "properties": { "Id": 0, "Sheet_ID": "龍江局_伯都訥 38", "label": "龍江局_伯都訥 38", "call_short": null, "call_num": null, "recid": null, "websiteUrl": null, "title": null, "ckey": 0, "available": false, "iiifUrl": null }, "geometry": { "type": "Polygon", "coordinates": [ [ [ 123.7583333, 46.6499997 ], [ 124.0500003, 46.6499997 ], [ 124.0500003, 46.8166663 ], [ 123.7583333, 46.8166663 ], [ 123.7583333, 46.6499997 ] ] ] } },
{ "type": "Feature", "properties": { "Id": 0, "Sheet_ID": "龍江局_斉斉哈爾 41", "label": "龍江局_斉斉哈爾 41", "call_short": null, "call_num": null, "recid": null, "websiteUrl": null, "title": null, "ckey": 0, "available": false, "iiifUrl": null }, "geometry": { "type": "Polygon", "coordinates": [ [ [ 123.7583333, 46.983333 ], [ 124.0500003, 46.983333 ], [ 124.0500003, 47.1499997 ], [ 123.7583333, 47.1499997 ], [ 123.7583333, 46.983333 ] ] ] } },
{ "type": "Feature", "properties": { "Id": 0, "Sheet_ID": "龍江局_斉斉哈爾 35", "label": "龍江局_斉斉哈爾 35", "call_short": null, "call_num": null, "recid": null, "websiteUrl": null, "title": null, "ckey": 0, "available": false, "iiifUrl": null }, "geometry": { "type": "Polygon", "coordinates": [ [ [ 123.7583333, 47.983333 ], [ 124.0500003, 47.983333 ], [ 124.0500003, 48.1499997 ], [ 123.7583333, 48.1499997 ], [ 123.7583333, 47.983333 ] ] ] } },
{ "type": "Feature", "properties": { "Id": 0, "Sheet_ID": "龍江局_伯都訥 46", "label": "龍江局_伯都訥 46", "call_short": "G7822 .M2 S50 .J31", "call_num": "G7822 .M2 S50 .J31 I-D-46", "recid": "wf781hz2827", "websiteUrl": "https://purl.stanford.edu/wf781hz2827", "title": "滿洲五万分一圖", "ckey": 10454760, "available": true, "iiifUrl": "https://purl.stanford.edu/wf781hz2827/iiif/manifest" }, "geometry": { "type": "Polygon", "coordinates": [ [ [ 123.7583333, 45.3166663 ], [ 124.0500003, 45.3166663 ], [ 124.0500003, 45.483333 ], [ 123.7583333, 45.483333 ], [ 123.7583333, 45.3166663 ] ] ] } },
{ "type": "Feature", "properties": { "Id": 0, "Sheet_ID": "龍江局_伯都訥 39", "label": "龍江局_伯都訥 39", "call_short": null, "call_num": null, "recid": null, "websiteUrl": null, "title": null, "ckey": 0, "available": false, "iiifUrl": null }, "geometry": { "type": "Polygon", "coordinates": [ [ [ 123.7583333, 46.483333 ], [ 124.0500003, 46.483333 ], [ 124.0500003, 46.6499997 ], [ 123.7583333, 46.6499997 ], [ 123.7583333, 46.483333 ] ] ] } },
{ "type": "Feature", "properties": { "Id": 0, "Sheet_ID": "龍江局_斉斉哈爾 33", "label": "龍江局_斉斉哈爾 33", "call_short": "G7822 .M2 S50 .J31", "call_num": "G7822 .M2 S50 .J31 I-C-33", "recid": "tm834rg3335", "websiteUrl": "https://purl.stanford.edu/tm834rg3335", "title": "滿洲五万分一圖", "ckey": 10454760, "available": true, "iiifUrl": "https://purl.stanford.edu/tm834rg3335/iiif/manifest" }, "geometry": { "type": "Polygon", "coordinates": [ [ [ 124.05, 46.983333 ], [ 124.341667, 46.983333 ], [ 124.341667, 47.1499997 ], [ 124.05, 47.1499997 ], [ 124.05, 46.983333 ] ] ] } },
{ "type": "Feature", "properties": { "Id": 0, "Sheet_ID": "龍江局_斉斉哈爾 36", "label": "龍江局_斉斉哈爾 36", "call_short": null, "call_num": null, "recid": null, "websiteUrl": null, "title": null, "ckey": 0, "available": false, "iiifUrl": null }, "geometry": { "type": "Polygon", "coordinates": [ [ [ 123.7583333, 47.8166663 ], [ 124.0500003, 47.8166663 ], [ 124.0500003, 47.983333 ], [ 123.7583333, 47.983333 ], [ 123.7583333, 47.8166663 ] ] ] } },
{ "type": "Feature", "properties": { "Id": 0, "Sheet_ID": "龍江局_伯都訥 45", "label": "龍江局_伯都訥 45", "call_short": "G7822 .M2 S50 .J31", "call_num": "G7822 .M2 S50 .J31 I-D-45", "recid": "jj733xc3042", "websiteUrl": "https://purl.stanford.edu/jj733xc3042", "title": "滿洲五万分一圖", "ckey": 10454760, "available": true, "iiifUrl": "https://purl.stanford.edu/jj733xc3042/iiif/manifest" }, "geometry": { "type": "Polygon", "coordinates": [ [ [ 123.7583333, 45.483333 ], [ 124.0500003, 45.483333 ], [ 124.0500003, 45.6499997 ], [ 123.7583333, 45.6499997 ], [ 123.7583333, 45.483333 ] ] ] } },
{ "type": "Feature", "properties": { "Id": 0, "Sheet_ID": "龍江局_伯都訥 42", "label": "龍江局_伯都訥 42", "call_short": "G7822 .M2 S50 .J31", "call_num": "G7822 .M2 S50 .J31 I-D-42", "recid": "js917pt7664", "websiteUrl": "https://purl.stanford.edu/js917pt7664", "title": "滿洲五万分一圖", "ckey": 10454760, "available": true, "iiifUrl": "https://purl.stanford.edu/js917pt7664/iiif/manifest" }, "geometry": { "type": "Polygon", "coordinates": [ [ [ 123.7583333, 45.983333 ], [ 124.0500003, 45.983333 ], [ 124.0500003, 46.1499997 ], [ 123.7583333, 46.1499997 ], [ 123.7583333, 45.983333 ] ] ] } },
{ "type": "Feature", "properties": { "Id": 0, "Sheet_ID": "龍江局_伯都訥 44", "label": "龍江局_伯都訥 44", "call_short": "G7822 .M2 S50 .J31", "call_num": "G7822 .M2 S50 .J31 I-D-44", "recid": "dd635yf0966", "websiteUrl": "https://purl.stanford.edu/dd635yf0966", "title": "滿洲五万分一圖", "ckey": 10454760, "available": true, "iiifUrl": "https://purl.stanford.edu/dd635yf0966/iiif/manifest" }, "geometry": { "type": "Polygon", "coordinates": [ [ [ 123.7583333, 45.6499997 ], [ 124.0500003, 45.6499997 ], [ 124.0500003, 45.8166663 ], [ 123.7583333, 45.8166663 ], [ 123.7583333, 45.6499997 ] ] ] } },
{ "type": "Feature", "properties": { "Id": 0, "Sheet_ID": "龍江局_伯都訥 43", "label": "龍江局_伯都訥 43", "call_short": "G7822 .M2 S50 .J31", "call_num": "G7822 .M2 S50 .J31 I-D-43", "recid": "vg269kj3593", "websiteUrl": "https://purl.stanford.edu/vg269kj3593", "title": "滿洲五万分一圖", "ckey": 10454760, "available": true, "iiifUrl": "https://purl.stanford.edu/vg269kj3593/iiif/manifest" }, "geometry": { "type": "Polygon", "coordinates": [ [ [ 123.7583333, 45.8166663 ], [ 124.0500003, 45.8166663 ], [ 124.0500003, 45.983333 ], [ 123.7583333, 45.983333 ], [ 123.7583333, 45.8166663 ] ] ] } },
{ "type": "Feature", "properties": { "Id": 0, "Sheet_ID": "龍江局_斉斉哈爾 39", "label": "龍江局_斉斉哈爾 39", "call_short": null, "call_num": null, "recid": null, "websiteUrl": null, "title": null, "ckey": 0, "available": false, "iiifUrl": null }, "geometry": { "type": "Polygon", "coordinates": [ [ [ 123.7583333, 47.3166663 ], [ 124.0500003, 47.3166663 ], [ 124.0500003, 47.483333 ], [ 123.7583333, 47.483333 ], [ 123.7583333, 47.3166663 ] ] ] } },
{ "type": "Feature", "properties": { "Id": 0, "Sheet_ID": "龍江局_斉斉哈爾 29", "label": "龍江局_斉斉哈爾 29", "call_short": "G7822 .M2 S50 .J31", "call_num": "G7822 .M2 S50 .J31 I-C-29", "recid": "cc398mv5801", "websiteUrl": "https://purl.stanford.edu/cc398mv5801", "title": "滿洲五万分一圖", "ckey": 10454760, "available": true, "iiifUrl": "https://purl.stanford.edu/cc398mv5801/iiif/manifest" }, "geometry": { "type": "Polygon", "coordinates": [ [ [ 124.05, 47.6499997 ], [ 124.341667, 47.6499997 ], [ 124.341667, 47.8166663 ], [ 124.05, 47.8166663 ], [ 124.05, 47.6499997 ] ] ] } },
{ "type": "Feature", "properties": { "Id": 0, "Sheet_ID": "龍江局_斉斉哈爾 30", "label": "龍江局_斉斉哈爾 30", "call_short": "G7822 .M2 S50 .J31", "call_num": "G7822 .M2 S50 .J31 I-C-30", "recid": "cb964vh6874", "websiteUrl": "https://purl.stanford.edu/cb964vh6874", "title": "滿洲五万分一圖", "ckey": 10454760, "available": true, "iiifUrl": "https://purl.stanford.edu/cb964vh6874/iiif/manifest" }, "geometry": { "type": "Polygon", "coordinates": [ [ [ 124.05, 47.483333 ], [ 124.341667, 47.483333 ], [ 124.341667, 47.6499997 ], [ 124.05, 47.6499997 ], [ 124.05, 47.483333 ] ] ] } },
{ "type": "Feature", "properties": { "Id": 0, "Sheet_ID": "龍江局_斉斉哈爾 37", "label": "龍江局_斉斉哈爾 37", "call_short": null, "call_num": null, "recid": null, "websiteUrl": null, "title": null, "ckey": 0, "available": false, "iiifUrl": null }, "geometry": { "type": "Polygon", "coordinates": [ [ [ 123.7583333, 47.6499997 ], [ 124.0500003, 47.6499997 ], [ 124.0500003, 47.8166663 ], [ 123.7583333, 47.8166663 ], [ 123.7583333, 47.6499997 ] ] ] } },
{ "type": "Feature", "properties": { "Id": 0, "Sheet_ID": "龍江局_伯都訥 48", "label": "龍江局_伯都訥 48", "call_short": null, "call_num": null, "recid": null, "websiteUrl": null, "title": null, "ckey": 0, "available": false, "iiifUrl": null }, "geometry": { "type": "Polygon", "coordinates": [ [ [ 123.4666667, 46.483333 ], [ 123.7583337, 46.483333 ], [ 123.7583337, 46.6499997 ], [ 123.4666667, 46.6499997 ], [ 123.4666667, 46.483333 ] ] ] } },
{ "type": "Feature", "properties": { "Id": 0, "Sheet_ID": "龍江局_伯都訥 52", "label": "龍江局_伯都訥 52", "call_short": "G7822 .M2 S50 .J31", "call_num": "G7822 .M2 S50 .J31 I-D-52", "recid": "wf784kt7355", "websiteUrl": "https://purl.stanford.edu/wf784kt7355", "title": "滿洲五万分一圖", "ckey": 10454760, "available": true, "iiifUrl": "https://purl.stanford.edu/wf784kt7355/iiif/manifest" }, "geometry": { "type": "Polygon", "coordinates": [ [ [ 123.4666667, 45.8166663 ], [ 123.7583337, 45.8166663 ], [ 123.7583337, 45.983333 ], [ 123.4666667, 45.983333 ], [ 123.4666667, 45.8166663 ] ] ] } },
{ "type": "Feature", "properties": { "Id": 0, "Sheet_ID": "龍江局_斉斉哈爾 50", "label": "龍江局_斉斉哈爾 50", "call_short": null, "call_num": null, "recid": null, "websiteUrl": null, "title": null, "ckey": 0, "available": false, "iiifUrl": null }, "geometry": { "type": "Polygon", "coordinates": [ [ [ 123.4666667, 46.8166663 ], [ 123.7583337, 46.8166663 ], [ 123.7583337, 46.983333 ], [ 123.4666667, 46.983333 ], [ 123.4666667, 46.8166663 ] ] ] } },
{ "type": "Feature", "properties": { "Id": 0, "Sheet_ID": "龍江局_斉斉哈爾 46", "label": "龍江局_斉斉哈爾 46", "call_short": null, "call_num": null, "recid": null, "websiteUrl": null, "title": null, "ckey": 0, "available": false, "iiifUrl": null }, "geometry": { "type": "Polygon", "coordinates": [ [ [ 123.4666667, 47.483333 ], [ 123.7583337, 47.483333 ], [ 123.7583337, 47.6499997 ], [ 123.4666667, 47.6499997 ], [ 123.4666667, 47.483333 ] ] ] } },
{ "type": "Feature", "properties": { "Id": 0, "Sheet_ID": "龍江局_伯都訥 47", "label": "龍江局_伯都訥 47", "call_short": null, "call_num": null, "recid": null, "websiteUrl": null, "title": null, "ckey": 0, "available": false, "iiifUrl": null }, "geometry": { "type": "Polygon", "coordinates": [ [ [ 123.4666667, 46.6499997 ], [ 123.7583337, 46.6499997 ], [ 123.7583337, 46.8166663 ], [ 123.4666667, 46.8166663 ], [ 123.4666667, 46.6499997 ] ] ] } },
{ "type": "Feature", "properties": { "Id": 0, "Sheet_ID": "龍江局_斉斉哈爾 55", "label": "龍江局_斉斉哈爾 55", "call_short": null, "call_num": null, "recid": null, "websiteUrl": null, "title": null, "ckey": 0, "available": false, "iiifUrl": null }, "geometry": { "type": "Polygon", "coordinates": [ [ [ 123.175, 47.3166663 ], [ 123.466667, 47.3166663 ], [ 123.466667, 47.483333 ], [ 123.175, 47.483333 ], [ 123.175, 47.3166663 ] ] ] } },
{ "type": "Feature", "properties": { "Id": 0, "Sheet_ID": "龍江局_斉斉哈爾 54", "label": "龍江局_斉斉哈爾 54", "call_short": null, "call_num": null, "recid": null, "websiteUrl": null, "title": null, "ckey": 0, "available": false, "iiifUrl": null }, "geometry": { "type": "Polygon", "coordinates": [ [ [ 123.175, 47.483333 ], [ 123.466667, 47.483333 ], [ 123.466667, 47.6499997 ], [ 123.175, 47.6499997 ], [ 123.175, 47.483333 ] ] ] } },
{ "type": "Feature", "properties": { "Id": 0, "Sheet_ID": "龍江局_斉斉哈爾 43", "label": "龍江局_斉斉哈爾 43", "call_short": null, "call_num": null, "recid": null, "websiteUrl": null, "title": null, "ckey": 0, "available": false, "iiifUrl": null }, "geometry": { "type": "Polygon", "coordinates": [ [ [ 123.4666667, 47.983333 ], [ 123.7583337, 47.983333 ], [ 123.7583337, 48.1499997 ], [ 123.4666667, 48.1499997 ], [ 123.4666667, 47.983333 ] ] ] } },
{ "type": "Feature", "properties": { "Id": 0, "Sheet_ID": "龍江局_伯都訥 55", "label": "龍江局_伯都訥 55", "call_short": null, "call_num": null, "recid": null, "websiteUrl": null, "title": null, "ckey": 0, "available": false, "iiifUrl": null }, "geometry": { "type": "Polygon", "coordinates": [ [ [ 123.175, 46.3166663 ], [ 123.466667, 46.3166663 ], [ 123.466667, 46.483333 ], [ 123.175, 46.483333 ], [ 123.175, 46.3166663 ] ] ] } },
{ "type": "Feature", "properties": { "Id": 0, "Sheet_ID": "龍江局_斉斉哈爾 44", "label": "龍江局_斉斉哈爾 44", "call_short": null, "call_num": null, "recid": null, "websiteUrl": null, "title": null, "ckey": 0, "available": false, "iiifUrl": null }, "geometry": { "type": "Polygon", "coordinates": [ [ [ 123.4666667, 47.8166663 ], [ 123.7583337, 47.8166663 ], [ 123.7583337, 47.983333 ], [ 123.4666667, 47.983333 ], [ 123.4666667, 47.8166663 ] ] ] } },
{ "type": "Feature", "properties": { "Id": 0, "Sheet_ID": "龍江局_伯都訥 49", "label": "龍江局_伯都訥 49", "call_short": "G7822 .M2 S50 .J31", "call_num": "G7822 .M2 S50 .J31 I-D-49", "recid": "gg216xb8359", "websiteUrl": "https://purl.stanford.edu/gg216xb8359", "title": "滿洲五万分一圖", "ckey": 10454760, "available": true, "iiifUrl": "https://purl.stanford.edu/gg216xb8359/iiif/manifest" }, "geometry": { "type": "Polygon", "coordinates": [ [ [ 123.4666667, 46.3166663 ], [ 123.7583337, 46.3166663 ], [ 123.7583337, 46.483333 ], [ 123.4666667, 46.483333 ], [ 123.4666667, 46.3166663 ] ] ] } },
{ "type": "Feature", "properties": { "Id": 0, "Sheet_ID": "龍江局_伯都訥 56", "label": "龍江局_伯都訥 56", "call_short": null, "call_num": null, "recid": null, "websiteUrl": null, "title": null, "ckey": 0, "available": false, "iiifUrl": null }, "geometry": { "type": "Polygon", "coordinates": [ [ [ 123.175, 46.1499997 ], [ 123.466667, 46.1499997 ], [ 123.466667, 46.3166663 ], [ 123.175, 46.3166663 ], [ 123.175, 46.1499997 ] ] ] } },
{ "type": "Feature", "properties": { "Id": 0, "Sheet_ID": "龍江局_伯都訥 51", "label": "龍江局_伯都訥 51", "call_short": "G7822 .M2 S50 .J31", "call_num": "G7822 .M2 S50 .J31 I-D-51", "recid": "cv170ty1578", "websiteUrl": "https://purl.stanford.edu/cv170ty1578", "title": "滿洲五万分一圖", "ckey": 10454760, "available": true, "iiifUrl": "https://purl.stanford.edu/cv170ty1578/iiif/manifest" }, "geometry": { "type": "Polygon", "coordinates": [ [ [ 123.4666667, 45.983333 ], [ 123.7583337, 45.983333 ], [ 123.7583337, 46.1499997 ], [ 123.4666667, 46.1499997 ], [ 123.4666667, 45.983333 ] ] ] } },
{ "type": "Feature", "properties": { "Id": 0, "Sheet_ID": "龍江局_斉斉哈爾 56", "label": "龍江局_斉斉哈爾 56", "call_short": null, "call_num": null, "recid": null, "websiteUrl": null, "title": null, "ckey": 0, "available": false, "iiifUrl": null }, "geometry": { "type": "Polygon", "coordinates": [ [ [ 123.175, 47.1499997 ], [ 123.466667, 47.1499997 ], [ 123.466667, 47.3166663 ], [ 123.175, 47.3166663 ], [ 123.175, 47.1499997 ] ] ] } },
{ "type": "Feature", "properties": { "Id": 0, "Sheet_ID": "龍江局_斉斉哈爾 57", "label": "龍江局_斉斉哈爾 57", "call_short": null, "call_num": null, "recid": null, "websiteUrl": null, "title": null, "ckey": 0, "available": false, "iiifUrl": null }, "geometry": { "type": "Polygon", "coordinates": [ [ [ 123.175, 46.983333 ], [ 123.466667, 46.983333 ], [ 123.466667, 47.1499997 ], [ 123.175, 47.1499997 ], [ 123.175, 46.983333 ] ] ] } },
{ "type": "Feature", "properties": { "Id": 0, "Sheet_ID": "龍江局_斉斉哈爾 48", "label": "龍江局_斉斉哈爾 48", "call_short": null, "call_num": null, "recid": null, "websiteUrl": null, "title": null, "ckey": 0, "available": false, "iiifUrl": null }, "geometry": { "type": "Polygon", "coordinates": [ [ [ 123.4666667, 47.1499997 ], [ 123.7583337, 47.1499997 ], [ 123.7583337, 47.3166663 ], [ 123.4666667, 47.3166663 ], [ 123.4666667, 47.1499997 ] ] ] } },
{ "type": "Feature", "properties": { "Id": 0, "Sheet_ID": "龍江局_斉斉哈爾 51", "label": "龍江局_斉斉哈爾 51", "call_short": null, "call_num": null, "recid": null, "websiteUrl": null, "title": null, "ckey": 0, "available": false, "iiifUrl": null }, "geometry": { "type": "Polygon", "coordinates": [ [ [ 123.175, 47.983333 ], [ 123.466667, 47.983333 ], [ 123.466667, 48.1499997 ], [ 123.175, 48.1499997 ], [ 123.175, 47.983333 ] ] ] } },
{ "type": "Feature", "properties": { "Id": 0, "Sheet_ID": "龍江局_伯都訥 54", "label": "龍江局_伯都訥 54", "call_short": null, "call_num": null, "recid": null, "websiteUrl": null, "title": null, "ckey": 0, "available": false, "iiifUrl": null }, "geometry": { "type": "Polygon", "coordinates": [ [ [ 123.175, 46.483333 ], [ 123.466667, 46.483333 ], [ 123.466667, 46.6499997 ], [ 123.175, 46.6499997 ], [ 123.175, 46.483333 ] ] ] } },
{ "type": "Feature", "properties": { "Id": 0, "Sheet_ID": "龍江局_斉斉哈爾 52", "label": "龍江局_斉斉哈爾 52", "call_short": null, "call_num": null, "recid": null, "websiteUrl": null, "title": null, "ckey": 0, "available": false, "iiifUrl": null }, "geometry": { "type": "Polygon", "coordinates": [ [ [ 123.175, 47.8166663 ], [ 123.466667, 47.8166663 ], [ 123.466667, 47.983333 ], [ 123.175, 47.983333 ], [ 123.175, 47.8166663 ] ] ] } },
{ "type": "Feature", "properties": { "Id": 0, "Sheet_ID": "龍江局_斉斉哈爾 49", "label": "龍江局_斉斉哈爾 49", "call_short": null, "call_num": null, "recid": null, "websiteUrl": null, "title": null, "ckey": 0, "available": false, "iiifUrl": null }, "geometry": { "type": "Polygon", "coordinates": [ [ [ 123.4666667, 46.983333 ], [ 123.7583337, 46.983333 ], [ 123.7583337, 47.1499997 ], [ 123.4666667, 47.1499997 ], [ 123.4666667, 46.983333 ] ] ] } },
{ "type": "Feature", "properties": { "Id": 0, "Sheet_ID": "龍江局_伯都訥 50", "label": "龍江局_伯都訥 50", "call_short": "G7822 .M2 S50 .J31", "call_num": "G7822 .M2 S50 .J31 I-D-50", "recid": "vk754kb2849", "websiteUrl": "https://purl.stanford.edu/vk754kb2849", "title": "滿洲五万分一圖", "ckey": 10454760, "available": true, "iiifUrl": "https://purl.stanford.edu/vk754kb2849/iiif/manifest" }, "geometry": { "type": "Polygon", "coordinates": [ [ [ 123.4666667, 46.1499997 ], [ 123.7583337, 46.1499997 ], [ 123.7583337, 46.3166663 ], [ 123.4666667, 46.3166663 ], [ 123.4666667, 46.1499997 ] ] ] } },
{ "type": "Feature", "properties": { "Id": 0, "Sheet_ID": "龍江局_斉斉哈爾 45", "label": "龍江局_斉斉哈爾 45", "call_short": null, "call_num": null, "recid": null, "websiteUrl": null, "title": null, "ckey": 0, "available": false, "iiifUrl": null }, "geometry": { "type": "Polygon", "coordinates": [ [ [ 123.4666667, 47.6499997 ], [ 123.7583337, 47.6499997 ], [ 123.7583337, 47.8166663 ], [ 123.4666667, 47.8166663 ], [ 123.4666667, 47.6499997 ] ] ] } },
{ "type": "Feature", "properties": { "Id": 0, "Sheet_ID": "龍江局_伯都訥 57", "label": "龍江局_伯都訥 57", "call_short": "G7822 .M2 S50 .J31", "call_num": "G7822 .M2 S50 .J31 I-D-57", "recid": "wd112vv1093", "websiteUrl": "https://purl.stanford.edu/wd112vv1093", "title": "滿洲五万分一圖", "ckey": 10454760, "available": true, "iiifUrl": "https://purl.stanford.edu/wd112vv1093/iiif/manifest" }, "geometry": { "type": "Polygon", "coordinates": [ [ [ 123.175, 45.983333 ], [ 123.466667, 45.983333 ], [ 123.466667, 46.1499997 ], [ 123.175, 46.1499997 ], [ 123.175, 45.983333 ] ] ] } },
{ "type": "Feature", "properties": { "Id": 0, "Sheet_ID": "龍江局_斉斉哈爾 47", "label": "龍江局_斉斉哈爾 47", "call_short": null, "call_num": null, "recid": null, "websiteUrl": null, "title": null, "ckey": 0, "available": false, "iiifUrl": null }, "geometry": { "type": "Polygon", "coordinates": [ [ [ 123.4666667, 47.3166663 ], [ 123.7583337, 47.3166663 ], [ 123.7583337, 47.483333 ], [ 123.4666667, 47.483333 ], [ 123.4666667, 47.3166663 ] ] ] } },
{ "type": "Feature", "properties": { "Id": 0, "Sheet_ID": "龍江局_斉斉哈爾 58", "label": "龍江局_斉斉哈爾 58", "call_short": null, "call_num": null, "recid": null, "websiteUrl": null, "title": null, "ckey": 0, "available": false, "iiifUrl": null }, "geometry": { "type": "Polygon", "coordinates": [ [ [ 123.175, 46.8166663 ], [ 123.466667, 46.8166663 ], [ 123.466667, 46.983333 ], [ 123.175, 46.983333 ], [ 123.175, 46.8166663 ] ] ] } },
{ "type": "Feature", "properties": { "Id": 0, "Sheet_ID": "龍江局_伯都訥 53", "label": "龍江局_伯都訥 53", "call_short": null, "call_num": null, "recid": null, "websiteUrl": null, "title": null, "ckey": 0, "available": false, "iiifUrl": null }, "geometry": { "type": "Polygon", "coordinates": [ [ [ 123.175, 46.6499997 ], [ 123.466667, 46.6499997 ], [ 123.466667, 46.8166663 ], [ 123.175, 46.8166663 ], [ 123.175, 46.6499997 ] ] ] } },
{ "type": "Feature", "properties": { "Id": 0, "Sheet_ID": "龍江局_斉斉哈爾 53", "label": "龍江局_斉斉哈爾 53", "call_short": null, "call_num": null, "recid": null, "websiteUrl": null, "title": null, "ckey": 0, "available": false, "iiifUrl": null }, "geometry": { "type": "Polygon", "coordinates": [ [ [ 123.175, 47.6499997 ], [ 123.466667, 47.6499997 ], [ 123.466667, 47.8166663 ], [ 123.175, 47.8166663 ], [ 123.175, 47.6499997 ] ] ] } },
{ "type": "Feature", "properties": { "Id": 0, "Sheet_ID": "龍江局_伯都訥 19", "label": "龍江局_伯都訥 19", "call_short": "G7822 .M2 S50 .J31", "call_num": "G7822 .M2 S50 .J31 I-D-19", "recid": "qw867mc4570", "websiteUrl": "https://purl.stanford.edu/qw867mc4570", "title": "滿洲五万分一圖", "ckey": 10454760, "available": true, "iiifUrl": "https://purl.stanford.edu/qw867mc4570/iiif/manifest" }, "geometry": { "type": "Polygon", "coordinates": [ [ [ 124.3416667, 46.6499997 ], [ 124.6333337, 46.6499997 ], [ 124.6333337, 46.8166663 ], [ 124.3416667, 46.8166663 ], [ 124.3416667, 46.6499997 ] ] ] } },
{ "type": "Feature", "properties": { "Id": 0, "Sheet_ID": "龍江局_伯都訥 20", "label": "龍江局_伯都訥 20", "call_short": "G7822 .M2 S50 .J31", "call_num": "G7822 .M2 S50 .J31 I-D-20", "recid": "vz346fh7655", "websiteUrl": "https://purl.stanford.edu/vz346fh7655", "title": "滿洲五万分一圖", "ckey": 10454760, "available": true, "iiifUrl": "https://purl.stanford.edu/vz346fh7655/iiif/manifest" }, "geometry": { "type": "Polygon", "coordinates": [ [ [ 124.3416667, 46.483333 ], [ 124.6333337, 46.483333 ], [ 124.6333337, 46.6499997 ], [ 124.3416667, 46.6499997 ], [ 124.3416667, 46.483333 ] ] ] } },
{ "type": "Feature", "properties": { "Id": 0, "Sheet_ID": "龍江局_伯都訥 21", "label": "龍江局_伯都訥 21", "call_short": "G7822 .M2 S50 .J31", "call_num": "G7822 .M2 S50 .J31 I-D-21", "recid": "sz762sy6415", "websiteUrl": "https://purl.stanford.edu/sz762sy6415", "title": "滿洲五万分一圖", "ckey": 10454760, "available": true, "iiifUrl": "https://purl.stanford.edu/sz762sy6415/iiif/manifest" }, "geometry": { "type": "Polygon", "coordinates": [ [ [ 124.3416667, 46.3166663 ], [ 124.6333337, 46.3166663 ], [ 124.6333337, 46.483333 ], [ 124.3416667, 46.483333 ], [ 124.3416667, 46.3166663 ] ] ] } },
{ "type": "Feature", "properties": { "Id": 0, "Sheet_ID": "龍江局_伯都訥 22", "label": "龍江局_伯都訥 22", "call_short": "G7822 .M2 S50 .J31", "call_num": "G7822 .M2 S50 .J31 I-D-22", "recid": "wh975mr8211", "websiteUrl": "https://purl.stanford.edu/wh975mr8211", "title": "滿洲五万分一圖", "ckey": 10454760, "available": true, "iiifUrl": "https://purl.stanford.edu/wh975mr8211/iiif/manifest" }, "geometry": { "type": "Polygon", "coordinates": [ [ [ 124.3416667, 46.1499997 ], [ 124.6333337, 46.1499997 ], [ 124.6333337, 46.3166663 ], [ 124.3416667, 46.3166663 ], [ 124.3416667, 46.1499997 ] ] ] } },
{ "type": "Feature", "properties": { "Id": 0, "Sheet_ID": "龍江局_伯都訥 23", "label": "龍江局_伯都訥 23", "call_short": "G7822 .M2 S50 .J31", "call_num": "G7822 .M2 S50 .J31 I-D-23", "recid": "mz076pj5641", "websiteUrl": "https://purl.stanford.edu/mz076pj5641", "title": "滿洲五万分一圖", "ckey": 10454760, "available": true, "iiifUrl": "https://purl.stanford.edu/mz076pj5641/iiif/manifest" }, "geometry": { "type": "Polygon", "coordinates": [ [ [ 124.3416667, 45.983333 ], [ 124.6333337, 45.983333 ], [ 124.6333337, 46.1499997 ], [ 124.3416667, 46.1499997 ], [ 124.3416667, 45.983333 ] ] ] } },
{ "type": "Feature", "properties": { "Id": 0, "Sheet_ID": "龍江局_伯都訥 24", "label": "龍江局_伯都訥 24", "call_short": "G7822 .M2 S50 .J31", "call_num": "G7822 .M2 S50 .J31 I-D-24", "recid": "xc549jz9950", "websiteUrl": "https://purl.stanford.edu/xc549jz9950", "title": "滿洲五万分一圖", "ckey": 10454760, "available": true, "iiifUrl": "https://purl.stanford.edu/xc549jz9950/iiif/manifest" }, "geometry": { "type": "Polygon", "coordinates": [ [ [ 124.3416667, 45.8166663 ], [ 124.6333337, 45.8166663 ], [ 124.6333337, 45.983333 ], [ 124.3416667, 45.983333 ], [ 124.3416667, 45.8166663 ] ] ] } },
{ "type": "Feature", "properties": { "Id": 0, "Sheet_ID": "龍江局_伯都訥 25", "label": "龍江局_伯都訥 25", "call_short": "G7822 .M2 S50 .J31", "call_num": "G7822 .M2 S50 .J31 I-D-25", "recid": "ft658mt9127", "websiteUrl": "https://purl.stanford.edu/ft658mt9127", "title": "滿洲五万分一圖", "ckey": 10454760, "available": true, "iiifUrl": "https://purl.stanford.edu/ft658mt9127/iiif/manifest" }, "geometry": { "type": "Polygon", "coordinates": [ [ [ 124.3416667, 45.6499997 ], [ 124.6333337, 45.6499997 ], [ 124.6333337, 45.8166663 ], [ 124.3416667, 45.8166663 ], [ 124.3416667, 45.6499997 ] ] ] } },
{ "type": "Feature", "properties": { "Id": 0, "Sheet_ID": "龍江局_伯都訥 26", "label": "龍江局_伯都訥 26", "call_short": "G7822 .M2 S50 .J31", "call_num": "G7822 .M2 S50 .J31 I-D-26", "recid": "vf194dr9168", "websiteUrl": "https://purl.stanford.edu/vf194dr9168", "title": "滿洲五万分一圖", "ckey": 10454760, "available": true, "iiifUrl": "https://purl.stanford.edu/vf194dr9168/iiif/manifest" }, "geometry": { "type": "Polygon", "coordinates": [ [ [ 124.3416667, 45.483333 ], [ 124.6333337, 45.483333 ], [ 124.6333337, 45.6499997 ], [ 124.3416667, 45.6499997 ], [ 124.3416667, 45.483333 ] ] ] } },
{ "type": "Feature", "properties": { "Id": 0, "Sheet_ID": "龍江局_伯都訥 27", "label": "龍江局_伯都訥 27", "call_short": "G7822 .M2 S50 .J31", "call_num": "G7822 .M2 S50 .J31 I-D-27", "recid": "sx879tr0219", "websiteUrl": "https://purl.stanford.edu/sx879tr0219", "title": "滿洲五万分一圖", "ckey": 10454760, "available": true, "iiifUrl": "https://purl.stanford.edu/sx879tr0219/iiif/manifest" }, "geometry": { "type": "Polygon", "coordinates": [ [ [ 124.3416667, 45.3166663 ], [ 124.6333337, 45.3166663 ], [ 124.6333337, 45.483333 ], [ 124.3416667, 45.483333 ], [ 124.3416667, 45.3166663 ] ] ] } },
{ "type": "Feature", "properties": { "Id": 0, "Sheet_ID": "龍江局_伯都訥 28", "label": "龍江局_伯都訥 28", "call_short": "G7822 .M2 S50 .J31", "call_num": "G7822 .M2 S50 .J31 I-D-28", "recid": "zh121kt3578", "websiteUrl": "https://purl.stanford.edu/zh121kt3578", "title": "滿洲五万分一圖", "ckey": 10454760, "available": true, "iiifUrl": "https://purl.stanford.edu/zh121kt3578/iiif/manifest" }, "geometry": { "type": "Polygon", "coordinates": [ [ [ 124.05, 46.6499997 ], [ 124.341667, 46.6499997 ], [ 124.341667, 46.8166663 ], [ 124.05, 46.8166663 ], [ 124.05, 46.6499997 ] ] ] } },
{ "type": "Feature", "properties": { "Id": 0, "Sheet_ID": "龍江局_伯都訥 29", "label": "龍江局_伯都訥 29", "call_short": "G7822 .M2 S50 .J31", "call_num": "G7822 .M2 S50 .J31 I-D-29", "recid": "wn410nj4759", "websiteUrl": "https://purl.stanford.edu/wn410nj4759", "title": "滿洲五万分一圖", "ckey": 10454760, "available": true, "iiifUrl": "https://purl.stanford.edu/wn410nj4759/iiif/manifest" }, "geometry": { "type": "Polygon", "coordinates": [ [ [ 124.05, 46.483333 ], [ 124.341667, 46.483333 ], [ 124.341667, 46.6499997 ], [ 124.05, 46.6499997 ], [ 124.05, 46.483333 ] ] ] } },
{ "type": "Feature", "properties": { "Id": 0, "Sheet_ID": "龍江局_伯都訥 30", "label": "龍江局_伯都訥 30", "call_short": "G7822 .M2 S50 .J31", "call_num": "G7822 .M2 S50 .J31 I-D-30", "recid": "hy692tx4067", "websiteUrl": "https://purl.stanford.edu/hy692tx4067", "title": "滿洲五万分一圖", "ckey": 10454760, "available": true, "iiifUrl": "https://purl.stanford.edu/hy692tx4067/iiif/manifest" }, "geometry": { "type": "Polygon", "coordinates": [ [ [ 124.05, 46.3166663 ], [ 124.341667, 46.3166663 ], [ 124.341667, 46.483333 ], [ 124.05, 46.483333 ], [ 124.05, 46.3166663 ] ] ] } },
{ "type": "Feature", "properties": { "Id": 0, "Sheet_ID": "龍江局_伯都訥 31", "label": "龍江局_伯都訥 31", "call_short": "G7822 .M2 S50 .J31", "call_num": "G7822 .M2 S50 .J31 I-D-31", "recid": "ms884mq6731", "websiteUrl": "https://purl.stanford.edu/ms884mq6731", "title": "滿洲五万分一圖", "ckey": 10454760, "available": true, "iiifUrl": "https://purl.stanford.edu/ms884mq6731/iiif/manifest" }, "geometry": { "type": "Polygon", "coordinates": [ [ [ 124.05, 46.1499997 ], [ 124.341667, 46.1499997 ], [ 124.341667, 46.3166663 ], [ 124.05, 46.3166663 ], [ 124.05, 46.1499997 ] ] ] } },
{ "type": "Feature", "properties": { "Id": 0, "Sheet_ID": "龍江局_伯都訥 32", "label": "龍江局_伯都訥 32", "call_short": "G7822 .M2 S50 .J31", "call_num": "G7822 .M2 S50 .J31 I-D-32", "recid": "hy806sr3180", "websiteUrl": "https://purl.stanford.edu/hy806sr3180", "title": "滿洲五万分一圖", "ckey": 10454760, "available": true, "iiifUrl": "https://purl.stanford.edu/hy806sr3180/iiif/manifest" }, "geometry": { "type": "Polygon", "coordinates": [ [ [ 124.05, 45.983333 ], [ 124.341667, 45.983333 ], [ 124.341667, 46.1499997 ], [ 124.05, 46.1499997 ], [ 124.05, 45.983333 ] ] ] } },
{ "type": "Feature", "properties": { "Id": 0, "Sheet_ID": "龍江局_伯都訥 33", "label": "龍江局_伯都訥 33", "call_short": "G7822 .M2 S50 .J31", "call_num": "G7822 .M2 S50 .J31 I-D-33", "recid": "zr131gp9650", "websiteUrl": "https://purl.stanford.edu/zr131gp9650", "title": "滿洲五万分一圖", "ckey": 10454760, "available": true, "iiifUrl": "https://purl.stanford.edu/zr131gp9650/iiif/manifest" }, "geometry": { "type": "Polygon", "coordinates": [ [ [ 124.05, 45.8166663 ], [ 124.341667, 45.8166663 ], [ 124.341667, 45.983333 ], [ 124.05, 45.983333 ], [ 124.05, 45.8166663 ] ] ] } },
{ "type": "Feature", "properties": { "Id": 0, "Sheet_ID": "龍江局_伯都訥 34", "label": "龍江局_伯都訥 34", "call_short": "G7822 .M2 S50 .J31", "call_num": "G7822 .M2 S50 .J31 I-D-34", "recid": "yc602ff6494", "websiteUrl": "https://purl.stanford.edu/yc602ff6494", "title": "滿洲五万分一圖", "ckey": 10454760, "available": true, "iiifUrl": "https://purl.stanford.edu/yc602ff6494/iiif/manifest" }, "geometry": { "type": "Polygon", "coordinates": [ [ [ 124.05, 45.6499997 ], [ 124.341667, 45.6499997 ], [ 124.341667, 45.8166663 ], [ 124.05, 45.8166663 ], [ 124.05, 45.6499997 ] ] ] } },
{ "type": "Feature", "properties": { "Id": 0, "Sheet_ID": "龍江局_伯都訥 35", "label": "龍江局_伯都訥 35", "call_short": "G7822 .M2 S50 .J31", "call_num": "G7822 .M2 S50 .J31 I-D-35", "recid": "sf390nz4539", "websiteUrl": "https://purl.stanford.edu/sf390nz4539", "title": "滿洲五万分一圖", "ckey": 10454760, "available": true, "iiifUrl": "https://purl.stanford.edu/sf390nz4539/iiif/manifest" }, "geometry": { "type": "Polygon", "coordinates": [ [ [ 124.05, 45.483333 ], [ 124.341667, 45.483333 ], [ 124.341667, 45.6499997 ], [ 124.05, 45.6499997 ], [ 124.05, 45.483333 ] ] ] } },
{ "type": "Feature", "properties": { "Id": 0, "Sheet_ID": "龍江局_伯都訥 36", "label": "龍江局_伯都訥 36", "call_short": "G7822 .M2 S50 .J31", "call_num": "G7822 .M2 S50 .J31 I-D-36", "recid": "nz639rq9482", "websiteUrl": "https://purl.stanford.edu/nz639rq9482", "title": "滿洲五万分一圖", "ckey": 10454760, "available": true, "iiifUrl": "https://purl.stanford.edu/nz639rq9482/iiif/manifest" }, "geometry": { "type": "Polygon", "coordinates": [ [ [ 124.05, 45.3166663 ], [ 124.341667, 45.3166663 ], [ 124.341667, 45.483333 ], [ 124.05, 45.483333 ], [ 124.05, 45.3166663 ] ] ] } },
{ "type": "Feature", "properties": { "Id": 0, "Sheet_ID": "龍江局_伯都訥 37", "label": "龍江局_伯都訥 37", "call_short": "G7822 .M2 S50 .J31", "call_num": "G7822 .M2 S50 .J31 I-D-37", "recid": "kd885vk5853", "websiteUrl": "https://purl.stanford.edu/kd885vk5853", "title": "滿洲五万分一圖", "ckey": 10454760, "available": true, "iiifUrl": "https://purl.stanford.edu/kd885vk5853/iiif/manifest" }, "geometry": { "type": "Polygon", "coordinates": [ [ [ 124.05, 45.1499997 ], [ 124.341667, 45.1499997 ], [ 124.341667, 45.3166663 ], [ 124.05, 45.3166663 ], [ 124.05, 45.1499997 ] ] ] } },
{ "type": "Feature", "properties": { "Id": 0, "Sheet_ID": "洮南局_伯都訥 82", "label": "洮南局_伯都訥 82", "call_short": "G7822 .M2 S50 .J31", "call_num": "G7822 .M2 S50 .J31 II-A-82", "recid": "qm777ch0228", "websiteUrl": "https://purl.stanford.edu/qm777ch0228", "title": "滿洲五万分一圖", "ckey": 10454760, "available": true, "iiifUrl": "https://purl.stanford.edu/qm777ch0228/iiif/manifest" }, "geometry": { "type": "Polygon", "coordinates": [ [ [ 122.7650002, 44.916667 ], [ 123.0516668, 44.916667 ], [ 123.0516668, 45.0833337 ], [ 122.7650002, 45.0833337 ], [ 122.7650002, 44.916667 ] ] ] } },
{ "type": "Feature", "properties": { "Id": 0, "Sheet_ID": "洮南局_伯都訥 76", "label": "洮南局_伯都訥 76", "call_short": null, "call_num": null, "recid": null, "websiteUrl": null, "title": null, "ckey": 0, "available": false, "iiifUrl": null }, "geometry": { "type": "Polygon", "coordinates": [ [ [ 123.0516668, 44.916667 ], [ 123.3383334, 44.916667 ], [ 123.3383334, 45.0833337 ], [ 123.0516668, 45.0833337 ], [ 123.0516668, 44.916667 ] ] ] } },
{ "type": "Feature", "properties": { "Id": 0, "Sheet_ID": "洮南局_伯都訥 70", "label": "洮南局_伯都訥 70", "call_short": "G7822 .M2 S50 .J31", "call_num": "G7822 .M2 S50 .J31 II-A-70", "recid": "fd509tj9818", "websiteUrl": "https://purl.stanford.edu/fd509tj9818", "title": "滿洲五万分一圖", "ckey": 10454760, "available": true, "iiifUrl": "https://purl.stanford.edu/fd509tj9818/iiif/manifest" }, "geometry": { "type": "Polygon", "coordinates": [ [ [ 123.3383334, 44.916667 ], [ 123.625, 44.916667 ], [ 123.625, 45.0833337 ], [ 123.3383334, 45.0833337 ], [ 123.3383334, 44.916667 ] ] ] } },
{ "type": "Feature", "properties": { "Id": 0, "Sheet_ID": "洮南局_伯都訥 81", "label": "洮南局_伯都訥 81", "call_short": "G7822 .M2 S50 .J31", "call_num": "G7822 .M2 S50 .J31 II-A-81", "recid": "kq412cd4236", "websiteUrl": "https://purl.stanford.edu/kq412cd4236", "title": "滿洲五万分一圖", "ckey": 10454760, "available": true, "iiifUrl": "https://purl.stanford.edu/kq412cd4236/iiif/manifest" }, "geometry": { "type": "Polygon", "coordinates": [ [ [ 122.7650002, 45.0833337 ], [ 123.0516668, 45.0833337 ], [ 123.0516668, 45.2500003 ], [ 122.7650002, 45.2500003 ], [ 122.7650002, 45.0833337 ] ] ] } },
{ "type": "Feature", "properties": { "Id": 0, "Sheet_ID": "洮南局_伯都訥 75", "label": "洮南局_伯都訥 75", "call_short": null, "call_num": null, "recid": null, "websiteUrl": null, "title": null, "ckey": 0, "available": false, "iiifUrl": null }, "geometry": { "type": "Polygon", "coordinates": [ [ [ 123.0516668, 45.0833337 ], [ 123.3383334, 45.0833337 ], [ 123.3383334, 45.2500003 ], [ 123.0516668, 45.2500003 ], [ 123.0516668, 45.0833337 ] ] ] } },
{ "type": "Feature", "properties": { "Id": 0, "Sheet_ID": "洮南局_伯都訥 69", "label": "洮南局_伯都訥 69", "call_short": null, "call_num": null, "recid": null, "websiteUrl": null, "title": null, "ckey": 0, "available": false, "iiifUrl": null }, "geometry": { "type": "Polygon", "coordinates": [ [ [ 123.3383334, 45.0833337 ], [ 123.625, 45.0833337 ], [ 123.625, 45.2500003 ], [ 123.3383334, 45.2500003 ], [ 123.3383334, 45.0833337 ] ] ] } },
{ "type": "Feature", "properties": { "Id": 0, "Sheet_ID": "洮南局_伯都訥 80", "label": "洮南局_伯都訥 80", "call_short": "G7822 .M2 S50 .J31", "call_num": "G7822 .M2 S50 .J31 II-A-80", "recid": "sg220fk3145", "websiteUrl": "https://purl.stanford.edu/sg220fk3145", "title": "滿洲五万分一圖", "ckey": 10454760, "available": true, "iiifUrl": "https://purl.stanford.edu/sg220fk3145/iiif/manifest" }, "geometry": { "type": "Polygon", "coordinates": [ [ [ 122.7650002, 45.2500003 ], [ 123.0516668, 45.2500003 ], [ 123.0516668, 45.416667 ], [ 122.7650002, 45.416667 ], [ 122.7650002, 45.2500003 ] ] ] } },
{ "type": "Feature", "properties": { "Id": 0, "Sheet_ID": "洮南局_伯都訥 74", "label": "洮南局_伯都訥 74", "call_short": null, "call_num": null, "recid": null, "websiteUrl": null, "title": null, "ckey": 0, "available": false, "iiifUrl": null }, "geometry": { "type": "Polygon", "coordinates": [ [ [ 123.0516668, 45.2500003 ], [ 123.3383334, 45.2500003 ], [ 123.3383334, 45.416667 ], [ 123.0516668, 45.416667 ], [ 123.0516668, 45.2500003 ] ] ] } },
{ "type": "Feature", "properties": { "Id": 0, "Sheet_ID": "洮南局_伯都訥 68", "label": "洮南局_伯都訥 68", "call_short": null, "call_num": null, "recid": null, "websiteUrl": null, "title": null, "ckey": 0, "available": false, "iiifUrl": null }, "geometry": { "type": "Polygon", "coordinates": [ [ [ 123.3383334, 45.2500003 ], [ 123.625, 45.2500003 ], [ 123.625, 45.416667 ], [ 123.3383334, 45.416667 ], [ 123.3383334, 45.2500003 ] ] ] } },
{ "type": "Feature", "properties": { "Id": 0, "Sheet_ID": "洮南局_伯都訥 79", "label": "洮南局_伯都訥 79", "call_short": null, "call_num": null, "recid": null, "websiteUrl": null, "title": null, "ckey": 0, "available": false, "iiifUrl": null }, "geometry": { "type": "Polygon", "coordinates": [ [ [ 122.7650002, 45.416667 ], [ 123.0516668, 45.416667 ], [ 123.0516668, 45.5833337 ], [ 122.7650002, 45.5833337 ], [ 122.7650002, 45.416667 ] ] ] } },
{ "type": "Feature", "properties": { "Id": 0, "Sheet_ID": "洮南局_伯都訥 73", "label": "洮南局_伯都訥 73", "call_short": null, "call_num": null, "recid": null, "websiteUrl": null, "title": null, "ckey": 0, "available": false, "iiifUrl": null }, "geometry": { "type": "Polygon", "coordinates": [ [ [ 123.0516668, 45.416667 ], [ 123.3383334, 45.416667 ], [ 123.3383334, 45.5833337 ], [ 123.0516668, 45.5833337 ], [ 123.0516668, 45.416667 ] ] ] } },
{ "type": "Feature", "properties": { "Id": 0, "Sheet_ID": "洮南局_伯都訥 67", "label": "洮南局_伯都訥 67", "call_short": null, "call_num": null, "recid": null, "websiteUrl": null, "title": null, "ckey": 0, "available": false, "iiifUrl": null }, "geometry": { "type": "Polygon", "coordinates": [ [ [ 123.3383334, 45.416667 ], [ 123.625, 45.416667 ], [ 123.625, 45.5833337 ], [ 123.3383334, 45.5833337 ], [ 123.3383334, 45.416667 ] ] ] } },
{ "type": "Feature", "properties": { "Id": 0, "Sheet_ID": "洮南局_伯都訥 78", "label": "洮南局_伯都訥 78", "call_short": null, "call_num": null, "recid": null, "websiteUrl": null, "title": null, "ckey": 0, "available": false, "iiifUrl": null }, "geometry": { "type": "Polygon", "coordinates": [ [ [ 122.7650002, 45.5833337 ], [ 123.0516668, 45.5833337 ], [ 123.0516668, 45.7500003 ], [ 122.7650002, 45.7500003 ], [ 122.7650002, 45.5833337 ] ] ] } },
{ "type": "Feature", "properties": { "Id": 0, "Sheet_ID": "洮南局_伯都訥 72", "label": "洮南局_伯都訥 72", "call_short": null, "call_num": null, "recid": null, "websiteUrl": null, "title": null, "ckey": 0, "available": false, "iiifUrl": null }, "geometry": { "type": "Polygon", "coordinates": [ [ [ 123.0516668, 45.5833337 ], [ 123.3383334, 45.5833337 ], [ 123.3383334, 45.7500003 ], [ 123.0516668, 45.7500003 ], [ 123.0516668, 45.5833337 ] ] ] } },
{ "type": "Feature", "properties": { "Id": 0, "Sheet_ID": "洮南局_伯都訥 66", "label": "洮南局_伯都訥 66", "call_short": null, "call_num": null, "recid": null, "websiteUrl": null, "title": null, "ckey": 0, "available": false, "iiifUrl": null }, "geometry": { "type": "Polygon", "coordinates": [ [ [ 123.3383334, 45.5833337 ], [ 123.625, 45.5833337 ], [ 123.625, 45.7500003 ], [ 123.3383334, 45.7500003 ], [ 123.3383334, 45.5833337 ] ] ] } },
{ "type": "Feature", "properties": { "Id": 0, "Sheet_ID": "洮南局_伯都訥 77", "label": "洮南局_伯都訥 77", "call_short": null, "call_num": null, "recid": null, "websiteUrl": null, "title": null, "ckey": 0, "available": false, "iiifUrl": null }, "geometry": { "type": "Polygon", "coordinates": [ [ [ 122.7650002, 45.7500003 ], [ 123.0516668, 45.7500003 ], [ 123.0516668, 45.916667 ], [ 122.7650002, 45.916667 ], [ 122.7650002, 45.7500003 ] ] ] } },
{ "type": "Feature", "properties": { "Id": 0, "Sheet_ID": "洮南局_伯都訥 71", "label": "洮南局_伯都訥 71", "call_short": null, "call_num": null, "recid": null, "websiteUrl": null, "title": null, "ckey": 0, "available": false, "iiifUrl": null }, "geometry": { "type": "Polygon", "coordinates": [ [ [ 123.0516668, 45.7500003 ], [ 123.3383334, 45.7500003 ], [ 123.3383334, 45.916667 ], [ 123.0516668, 45.916667 ], [ 123.0516668, 45.7500003 ] ] ] } },
{ "type": "Feature", "properties": { "Id": 0, "Sheet_ID": "洮南局_伯都訥 65", "label": "洮南局_伯都訥 65", "call_short": null, "call_num": null, "recid": null, "websiteUrl": null, "title": null, "ckey": 0, "available": false, "iiifUrl": null }, "geometry": { "type": "Polygon", "coordinates": [ [ [ 123.3383334, 45.7500003 ], [ 123.625, 45.7500003 ], [ 123.625, 45.916667 ], [ 123.3383334, 45.916667 ], [ 123.3383334, 45.7500003 ] ] ] } },
{ "type": "Feature", "properties": { "Id": 0, "Sheet_ID": "洮南局_伯都訥 64", "label": "洮南局_伯都訥 64", "call_short": null, "call_num": null, "recid": null, "websiteUrl": null, "title": null, "ckey": 0, "available": false, "iiifUrl": null }, "geometry": { "type": "Polygon", "coordinates": [ [ [ 123.6249998, 44.916667 ], [ 123.9116664, 44.916667 ], [ 123.9116664, 45.0833337 ], [ 123.6249998, 45.0833337 ], [ 123.6249998, 44.916667 ] ] ] } },
{ "type": "Feature", "properties": { "Id": 0, "Sheet_ID": "洮南局_伯都訥 63", "label": "洮南局_伯都訥 63", "call_short": null, "call_num": null, "recid": null, "websiteUrl": null, "title": null, "ckey": 0, "available": false, "iiifUrl": null }, "geometry": { "type": "Polygon", "coordinates": [ [ [ 123.6249998, 45.0833337 ], [ 123.9116664, 45.0833337 ], [ 123.9116664, 45.2500003 ], [ 123.6249998, 45.2500003 ], [ 123.6249998, 45.0833337 ] ] ] } },
{ "type": "Feature", "properties": { "Id": 0, "Sheet_ID": "洮南局_伯都訥 62", "label": "洮南局_伯都訥 62", "call_short": null, "call_num": null, "recid": null, "websiteUrl": null, "title": null, "ckey": 0, "available": false, "iiifUrl": null }, "geometry": { "type": "Polygon", "coordinates": [ [ [ 123.6249998, 45.2500003 ], [ 123.9116664, 45.2500003 ], [ 123.9116664, 45.416667 ], [ 123.6249998, 45.416667 ], [ 123.6249998, 45.2500003 ] ] ] } },
{ "type": "Feature", "properties": { "Id": 0, "Sheet_ID": "洮南局_伯都訥 59", "label": "洮南局_伯都訥 59", "call_short": null, "call_num": null, "recid": null, "websiteUrl": null, "title": null, "ckey": 0, "available": false, "iiifUrl": null }, "geometry": { "type": "Polygon", "coordinates": [ [ [ 123.9116664, 45.2500003 ], [ 124.198333, 45.2500003 ], [ 124.198333, 45.416667 ], [ 123.9116664, 45.416667 ], [ 123.9116664, 45.2500003 ] ] ] } },
{ "type": "Feature", "properties": { "Id": 0, "Sheet_ID": "洮南局_伯都訥 61", "label": "洮南局_伯都訥 61", "call_short": null, "call_num": null, "recid": null, "websiteUrl": null, "title": null, "ckey": 0, "available": false, "iiifUrl": null }, "geometry": { "type": "Polygon", "coordinates": [ [ [ 123.6249998, 45.416667 ], [ 123.9116664, 45.416667 ], [ 123.9116664, 45.5833337 ], [ 123.6249998, 45.5833337 ], [ 123.6249998, 45.416667 ] ] ] } },
{ "type": "Feature", "properties": { "Id": 0, "Sheet_ID": "洮南局_伯都訥 58", "label": "洮南局_伯都訥 58", "call_short": "G7822 .M2 S50 .J31", "call_num": "G7822 .M2 S50 .J31 II-A-58", "recid": "xh444ph3269", "websiteUrl": "https://purl.stanford.edu/xh444ph3269", "title": "滿洲五万分一圖", "ckey": 10454760, "available": true, "iiifUrl": "https://purl.stanford.edu/xh444ph3269/iiif/manifest" }, "geometry": { "type": "Polygon", "coordinates": [ [ [ 123.9116664, 45.416667 ], [ 124.198333, 45.416667 ], [ 124.198333, 45.5833337 ], [ 123.9116664, 45.5833337 ], [ 123.9116664, 45.416667 ] ] ] } },
{ "type": "Feature", "properties": { "Id": 0, "Sheet_ID": "洮南局_伯都訥 60", "label": "洮南局_伯都訥 60", "call_short": null, "call_num": null, "recid": null, "websiteUrl": null, "title": null, "ckey": 0, "available": false, "iiifUrl": null }, "geometry": { "type": "Polygon", "coordinates": [ [ [ 123.6249998, 45.5833337 ], [ 123.9116664, 45.5833337 ], [ 123.9116664, 45.7500003 ], [ 123.6249998, 45.7500003 ], [ 123.6249998, 45.5833337 ] ] ] } },
{ "type": "Feature", "properties": { "Id": 0, "Sheet_ID": "洮南局_開魯 33", "label": "洮南局_開魯 33", "call_short": "G7822 .M2 S50 .J31", "call_num": "G7822 .M2 S50 .J31 II-D-33", "recid": "hw009rp9638", "websiteUrl": "https://purl.stanford.edu/hw009rp9638", "title": "滿洲五万分一圖", "ckey": 10454760, "available": true, "iiifUrl": "https://purl.stanford.edu/hw009rp9638/iiif/manifest" }, "geometry": { "type": "Polygon", "coordinates": [ [ [ 122.191667, 43.583333 ], [ 122.4783336, 43.583333 ], [ 122.4783336, 43.7499998 ], [ 122.191667, 43.7499998 ], [ 122.191667, 43.583333 ] ] ] } },
{ "type": "Feature", "properties": { "Id": 0, "Sheet_ID": "洮南局_開魯 25", "label": "洮南局_開魯 25", "call_short": "G7822 .M2 S50 .J31", "call_num": "G7822 .M2 S50 .J31 II-D-25", "recid": "mw124cj7235", "websiteUrl": "https://purl.stanford.edu/mw124cj7235", "title": "滿洲五万分一圖", "ckey": 10454760, "available": true, "iiifUrl": "https://purl.stanford.edu/mw124cj7235/iiif/manifest" }, "geometry": { "type": "Polygon", "coordinates": [ [ [ 122.4783336, 43.583333 ], [ 122.7650002, 43.583333 ], [ 122.7650002, 43.7499998 ], [ 122.4783336, 43.7499998 ], [ 122.4783336, 43.583333 ] ] ] } },
{ "type": "Feature", "properties": { "Id": 0, "Sheet_ID": "洮南局_奉化 69", "label": "洮南局_奉化 69", "call_short": "G7822 .M2 S50 .J31", "call_num": "G7822 .M2 S50 .J31 II-B-69", "recid": "nq657rz1962", "websiteUrl": "https://purl.stanford.edu/nq657rz1962", "title": "滿洲五万分一圖", "ckey": 10454760, "available": true, "iiifUrl": "https://purl.stanford.edu/nq657rz1962/iiif/manifest" }, "geometry": { "type": "Polygon", "coordinates": [ [ [ 122.7650002, 43.583333 ], [ 123.0516668, 43.583333 ], [ 123.0516668, 43.7499998 ], [ 122.7650002, 43.7499998 ], [ 122.7650002, 43.583333 ] ] ] } },
{ "type": "Feature", "properties": { "Id": 0, "Sheet_ID": "洮南局_奉化 61", "label": "洮南局_奉化 61", "call_short": "G7822 .M2 S50 .J31", "call_num": "G7822 .M2 S50 .J31 II-B-61", "recid": "ch289bz2248", "websiteUrl": "https://purl.stanford.edu/ch289bz2248", "title": "滿洲五万分一圖", "ckey": 10454760, "available": true, "iiifUrl": "https://purl.stanford.edu/ch289bz2248/iiif/manifest" }, "geometry": { "type": "Polygon", "coordinates": [ [ [ 123.0516668, 43.583333 ], [ 123.3383334, 43.583333 ], [ 123.3383334, 43.7499998 ], [ 123.0516668, 43.7499998 ], [ 123.0516668, 43.583333 ] ] ] } },
{ "type": "Feature", "properties": { "Id": 0, "Sheet_ID": "洮南局_奉化 53", "label": "洮南局_奉化 53", "call_short": "G7822 .M2 S50 .J31", "call_num": "G7822 .M2 S50 .J31 II-B-53", "recid": "ht318ky8563", "websiteUrl": "https://purl.stanford.edu/ht318ky8563", "title": "滿洲五万分一圖", "ckey": 10454760, "available": true, "iiifUrl": "https://purl.stanford.edu/ht318ky8563/iiif/manifest" }, "geometry": { "type": "Polygon", "coordinates": [ [ [ 123.3383334, 43.583333 ], [ 123.625, 43.583333 ], [ 123.625, 43.7499998 ], [ 123.3383334, 43.7499998 ], [ 123.3383334, 43.583333 ] ] ] } },
{ "type": "Feature", "properties": { "Id": 0, "Sheet_ID": "洮南局_開魯 32", "label": "洮南局_開魯 32", "call_short": "G7822 .M2 S50 .J31", "call_num": "G7822 .M2 S50 .J31 II-D-32", "recid": "zj805gw0083", "websiteUrl": "https://purl.stanford.edu/zj805gw0083", "title": "滿洲五万分一圖", "ckey": 10454760, "available": true, "iiifUrl": "https://purl.stanford.edu/zj805gw0083/iiif/manifest" }, "geometry": { "type": "Polygon", "coordinates": [ [ [ 122.191667, 43.7499998 ], [ 122.4783336, 43.7499998 ], [ 122.4783336, 43.9166665 ], [ 122.191667, 43.9166665 ], [ 122.191667, 43.7499998 ] ] ] } },
{ "type": "Feature", "properties": { "Id": 0, "Sheet_ID": "洮南局_開魯 24", "label": "洮南局_開魯 24", "call_short": "G7822 .M2 S50 .J31", "call_num": "G7822 .M2 S50 .J31 II-D-24", "recid": "zr235qv3697", "websiteUrl": "https://purl.stanford.edu/zr235qv3697", "title": "滿洲五万分一圖", "ckey": 10454760, "available": true, "iiifUrl": "https://purl.stanford.edu/zr235qv3697/iiif/manifest" }, "geometry": { "type": "Polygon", "coordinates": [ [ [ 122.4783336, 43.7499998 ], [ 122.7650002, 43.7499998 ], [ 122.7650002, 43.9166665 ], [ 122.4783336, 43.9166665 ], [ 122.4783336, 43.7499998 ] ] ] } },
{ "type": "Feature", "properties": { "Id": 0, "Sheet_ID": "洮南局_奉化 68", "label": "洮南局_奉化 68", "call_short": "G7822 .M2 S50 .J31", "call_num": "G7822 .M2 S50 .J31 II-B-68", "recid": "zd519bh8342", "websiteUrl": "https://purl.stanford.edu/zd519bh8342", "title": "滿洲五万分一圖", "ckey": 10454760, "available": true, "iiifUrl": "https://purl.stanford.edu/zd519bh8342/iiif/manifest" }, "geometry": { "type": "Polygon", "coordinates": [ [ [ 122.7650002, 43.7499998 ], [ 123.0516668, 43.7499998 ], [ 123.0516668, 43.9166665 ], [ 122.7650002, 43.9166665 ], [ 122.7650002, 43.7499998 ] ] ] } },
{ "type": "Feature", "properties": { "Id": 0, "Sheet_ID": "洮南局_奉化 60", "label": "洮南局_奉化 60", "call_short": "G7822 .M2 S50 .J31", "call_num": "G7822 .M2 S50 .J31 II-B-60", "recid": "xk461gq5559", "websiteUrl": "https://purl.stanford.edu/xk461gq5559", "title": "滿洲五万分一圖", "ckey": 10454760, "available": true, "iiifUrl": "https://purl.stanford.edu/xk461gq5559/iiif/manifest" }, "geometry": { "type": "Polygon", "coordinates": [ [ [ 123.0516668, 43.7499998 ], [ 123.3383334, 43.7499998 ], [ 123.3383334, 43.9166665 ], [ 123.0516668, 43.9166665 ], [ 123.0516668, 43.7499998 ] ] ] } },
{ "type": "Feature", "properties": { "Id": 0, "Sheet_ID": "洮南局_奉化 52", "label": "洮南局_奉化 52", "call_short": "G7822 .M2 S50 .J31", "call_num": "G7822 .M2 S50 .J31 II-B-52", "recid": "sf914pp9935", "websiteUrl": "https://purl.stanford.edu/sf914pp9935", "title": "滿洲五万分一圖", "ckey": 10454760, "available": true, "iiifUrl": "https://purl.stanford.edu/sf914pp9935/iiif/manifest" }, "geometry": { "type": "Polygon", "coordinates": [ [ [ 123.3383334, 43.7499998 ], [ 123.625, 43.7499998 ], [ 123.625, 43.9166665 ], [ 123.3383334, 43.9166665 ], [ 123.3383334, 43.7499998 ] ] ] } },
{ "type": "Feature", "properties": { "Id": 0, "Sheet_ID": "洮南局_開魯 31", "label": "洮南局_開魯 31", "call_short": "G7822 .M2 S50 .J31", "call_num": "G7822 .M2 S50 .J31 II-D-31", "recid": "jc774hk7658", "websiteUrl": "https://purl.stanford.edu/jc774hk7658", "title": "滿洲五万分一圖", "ckey": 10454760, "available": true, "iiifUrl": "https://purl.stanford.edu/jc774hk7658/iiif/manifest" }, "geometry": { "type": "Polygon", "coordinates": [ [ [ 122.191667, 43.9166665 ], [ 122.4783336, 43.9166665 ], [ 122.4783336, 44.0833333 ], [ 122.191667, 44.0833333 ], [ 122.191667, 43.9166665 ] ] ] } },
{ "type": "Feature", "properties": { "Id": 0, "Sheet_ID": "洮南局_開魯 23", "label": "洮南局_開魯 23", "call_short": "G7822 .M2 S50 .J31", "call_num": "G7822 .M2 S50 .J31 II-D-23", "recid": "bb547cy7604", "websiteUrl": "https://purl.stanford.edu/bb547cy7604", "title": "滿洲五万分一圖", "ckey": 10454760, "available": true, "iiifUrl": "https://purl.stanford.edu/bb547cy7604/iiif/manifest" }, "geometry": { "type": "Polygon", "coordinates": [ [ [ 122.4783336, 43.9166665 ], [ 122.7650002, 43.9166665 ], [ 122.7650002, 44.0833333 ], [ 122.4783336, 44.0833333 ], [ 122.4783336, 43.9166665 ] ] ] } },
{ "type": "Feature", "properties": { "Id": 0, "Sheet_ID": "洮南局_奉化 67", "label": "洮南局_奉化 67", "call_short": "G7822 .M2 S50 .J31", "call_num": "G7822 .M2 S50 .J31 II-B-67", "recid": "pn647yj8087", "websiteUrl": "https://purl.stanford.edu/pn647yj8087", "title": "滿洲五万分一圖", "ckey": 10454760, "available": true, "iiifUrl": "https://purl.stanford.edu/pn647yj8087/iiif/manifest" }, "geometry": { "type": "Polygon", "coordinates": [ [ [ 122.7650002, 43.9166665 ], [ 123.0516668, 43.9166665 ], [ 123.0516668, 44.0833333 ], [ 122.7650002, 44.0833333 ], [ 122.7650002, 43.9166665 ] ] ] } },
{ "type": "Feature", "properties": { "Id": 0, "Sheet_ID": "洮南局_奉化 59", "label": "洮南局_奉化 59", "call_short": "G7822 .M2 S50 .J31", "call_num": "G7822 .M2 S50 .J31 II-B-59", "recid": "zx776bb1263", "websiteUrl": "https://purl.stanford.edu/zx776bb1263", "title": "滿洲五万分一圖", "ckey": 10454760, "available": true, "iiifUrl": "https://purl.stanford.edu/zx776bb1263/iiif/manifest" }, "geometry": { "type": "Polygon", "coordinates": [ [ [ 123.0516668, 43.9166665 ], [ 123.3383334, 43.9166665 ], [ 123.3383334, 44.0833333 ], [ 123.0516668, 44.0833333 ], [ 123.0516668, 43.9166665 ] ] ] } },
{ "type": "Feature", "properties": { "Id": 0, "Sheet_ID": "洮南局_奉化 51", "label": "洮南局_奉化 51", "call_short": "G7822 .M2 S50 .J31", "call_num": "G7822 .M2 S50 .J31 II-B-51", "recid": "xw138zf1730", "websiteUrl": "https://purl.stanford.edu/xw138zf1730", "title": "滿洲五万分一圖", "ckey": 10454760, "available": true, "iiifUrl": "https://purl.stanford.edu/xw138zf1730/iiif/manifest" }, "geometry": { "type": "Polygon", "coordinates": [ [ [ 123.3383334, 43.9166665 ], [ 123.625, 43.9166665 ], [ 123.625, 44.0833333 ], [ 123.3383334, 44.0833333 ], [ 123.3383334, 43.9166665 ] ] ] } },
{ "type": "Feature", "properties": { "Id": 0, "Sheet_ID": "洮南局_開魯 30", "label": "洮南局_開魯 30", "call_short": "G7822 .M2 S50 .J31", "call_num": "G7822 .M2 S50 .J31 II-D-30", "recid": "yt639gq0464", "websiteUrl": "https://purl.stanford.edu/yt639gq0464", "title": "滿洲五万分一圖", "ckey": 10454760, "available": true, "iiifUrl": "https://purl.stanford.edu/yt639gq0464/iiif/manifest" }, "geometry": { "type": "Polygon", "coordinates": [ [ [ 122.191667, 44.0833333 ], [ 122.4783336, 44.0833333 ], [ 122.4783336, 44.25 ], [ 122.191667, 44.25 ], [ 122.191667, 44.0833333 ] ] ] } },
{ "type": "Feature", "properties": { "Id": 0, "Sheet_ID": "洮南局_開魯 22", "label": "洮南局_開魯 22", "call_short": "G7822 .M2 S50 .J31", "call_num": "G7822 .M2 S50 .J31 II-D-22", "recid": "yz694pz8086", "websiteUrl": "https://purl.stanford.edu/yz694pz8086", "title": "滿洲五万分一圖", "ckey": 10454760, "available": true, "iiifUrl": "https://purl.stanford.edu/yz694pz8086/iiif/manifest" }, "geometry": { "type": "Polygon", "coordinates": [ [ [ 122.4783336, 44.0833333 ], [ 122.7650002, 44.0833333 ], [ 122.7650002, 44.25 ], [ 122.4783336, 44.25 ], [ 122.4783336, 44.0833333 ] ] ] } },
{ "type": "Feature", "properties": { "Id": 0, "Sheet_ID": "洮南局_奉化 66", "label": "洮南局_奉化 66", "call_short": "G7822 .M2 S50 .J31", "call_num": "G7822 .M2 S50 .J31 II-B-66", "recid": "zy750wf3684", "websiteUrl": "https://purl.stanford.edu/zy750wf3684", "title": "滿洲五万分一圖", "ckey": 10454760, "available": true, "iiifUrl": "https://purl.stanford.edu/zy750wf3684/iiif/manifest" }, "geometry": { "type": "Polygon", "coordinates": [ [ [ 122.7650002, 44.0833333 ], [ 123.0516668, 44.0833333 ], [ 123.0516668, 44.25 ], [ 122.7650002, 44.25 ], [ 122.7650002, 44.0833333 ] ] ] } },
{ "type": "Feature", "properties": { "Id": 0, "Sheet_ID": "洮南局_奉化 50", "label": "洮南局_奉化 50", "call_short": "G7822 .M2 S50 .J31", "call_num": "G7822 .M2 S50 .J31 II-B-50", "recid": "tb634bf0425", "websiteUrl": "https://purl.stanford.edu/tb634bf0425", "title": "滿洲五万分一圖", "ckey": 10454760, "available": true, "iiifUrl": "https://purl.stanford.edu/tb634bf0425/iiif/manifest" }, "geometry": { "type": "Polygon", "coordinates": [ [ [ 123.3383334, 44.0833333 ], [ 123.625, 44.0833333 ], [ 123.625, 44.25 ], [ 123.3383334, 44.25 ], [ 123.3383334, 44.0833333 ] ] ] } },
{ "type": "Feature", "properties": { "Id": 0, "Sheet_ID": "洮南局_開魯 29", "label": "洮南局_開魯 29", "call_short": "G7822 .M2 S50 .J31", "call_num": "G7822 .M2 S50 .J31 II-D-29", "recid": "zj969qd8593", "websiteUrl": "https://purl.stanford.edu/zj969qd8593", "title": "滿洲五万分一圖", "ckey": 10454760, "available": true, "iiifUrl": "https://purl.stanford.edu/zj969qd8593/iiif/manifest" }, "geometry": { "type": "Polygon", "coordinates": [ [ [ 122.191667, 44.25 ], [ 122.4783336, 44.25 ], [ 122.4783336, 44.4166667 ], [ 122.191667, 44.4166667 ], [ 122.191667, 44.25 ] ] ] } },
{ "type": "Feature", "properties": { "Id": 0, "Sheet_ID": "洮南局_開魯 21", "label": "洮南局_開魯 21", "call_short": "G7822 .M2 S50 .J31", "call_num": "G7822 .M2 S50 .J31 II-D-21", "recid": "kk764nx0978", "websiteUrl": "https://purl.stanford.edu/kk764nx0978", "title": "滿洲五万分一圖", "ckey": 10454760, "available": true, "iiifUrl": "https://purl.stanford.edu/kk764nx0978/iiif/manifest" }, "geometry": { "type": "Polygon", "coordinates": [ [ [ 122.4783336, 44.25 ], [ 122.7650002, 44.25 ], [ 122.7650002, 44.4166667 ], [ 122.4783336, 44.4166667 ], [ 122.4783336, 44.25 ] ] ] } },
{ "type": "Feature", "properties": { "Id": 0, "Sheet_ID": "洮南局_奉化 65", "label": "洮南局_奉化 65", "call_short": "G7822 .M2 S50 .J31", "call_num": "G7822 .M2 S50 .J31 II-B-65", "recid": "yt993wr5604", "websiteUrl": "https://purl.stanford.edu/yt993wr5604", "title": "滿洲五万分一圖", "ckey": 10454760, "available": true, "iiifUrl": "https://purl.stanford.edu/yt993wr5604/iiif/manifest" }, "geometry": { "type": "Polygon", "coordinates": [ [ [ 122.7650002, 44.25 ], [ 123.0516668, 44.25 ], [ 123.0516668, 44.4166667 ], [ 122.7650002, 44.4166667 ], [ 122.7650002, 44.25 ] ] ] } },
{ "type": "Feature", "properties": { "Id": 0, "Sheet_ID": "洮南局_奉化 57", "label": "洮南局_奉化 57", "call_short": "G7822 .M2 S50 .J31", "call_num": "G7822 .M2 S50 .J31 II-B-57", "recid": "jz627qq0729", "websiteUrl": "https://purl.stanford.edu/jz627qq0729", "title": "滿洲五万分一圖", "ckey": 10454760, "available": true, "iiifUrl": "https://purl.stanford.edu/jz627qq0729/iiif/manifest" }, "geometry": { "type": "Polygon", "coordinates": [ [ [ 123.0516668, 44.25 ], [ 123.3383334, 44.25 ], [ 123.3383334, 44.4166667 ], [ 123.0516668, 44.4166667 ], [ 123.0516668, 44.25 ] ] ] } },
{ "type": "Feature", "properties": { "Id": 0, "Sheet_ID": "洮南局_奉化 49", "label": "洮南局_奉化 49", "call_short": "G7822 .M2 S50 .J31", "call_num": "G7822 .M2 S50 .J31 II-B-49", "recid": "my691sq7622", "websiteUrl": "https://purl.stanford.edu/my691sq7622", "title": "滿洲五万分一圖", "ckey": 10454760, "available": true, "iiifUrl": "https://purl.stanford.edu/my691sq7622/iiif/manifest" }, "geometry": { "type": "Polygon", "coordinates": [ [ [ 123.3383334, 44.25 ], [ 123.625, 44.25 ], [ 123.625, 44.4166667 ], [ 123.3383334, 44.4166667 ], [ 123.3383334, 44.25 ] ] ] } },
{ "type": "Feature", "properties": { "Id": 0, "Sheet_ID": "洮南局_開魯 28", "label": "洮南局_開魯 28", "call_short": null, "call_num": null, "recid": null, "websiteUrl": null, "title": null, "ckey": 0, "available": false, "iiifUrl": null }, "geometry": { "type": "Polygon", "coordinates": [ [ [ 122.191667, 44.4166667 ], [ 122.4783336, 44.4166667 ], [ 122.4783336, 44.5833335 ], [ 122.191667, 44.5833335 ], [ 122.191667, 44.4166667 ] ] ] } },
{ "type": "Feature", "properties": { "Id": 0, "Sheet_ID": "洮南局_開魯 20", "label": "洮南局_開魯 20", "call_short": "G7822 .M2 S50 .J31", "call_num": "G7822 .M2 S50 .J31 II-D-20", "recid": "pb966yj7062", "websiteUrl": "https://purl.stanford.edu/pb966yj7062", "title": "滿洲五万分一圖", "ckey": 10454760, "available": true, "iiifUrl": "https://purl.stanford.edu/pb966yj7062/iiif/manifest" }, "geometry": { "type": "Polygon", "coordinates": [ [ [ 122.4783336, 44.4166667 ], [ 122.7650002, 44.4166667 ], [ 122.7650002, 44.5833335 ], [ 122.4783336, 44.5833335 ], [ 122.4783336, 44.4166667 ] ] ] } },
{ "type": "Feature", "properties": { "Id": 0, "Sheet_ID": "洮南局_奉化 64", "label": "洮南局_奉化 64", "call_short": "G7822 .M2 S50 .J31", "call_num": "G7822 .M2 S50 .J31 II-B-64", "recid": "rr066sq4701", "websiteUrl": "https://purl.stanford.edu/rr066sq4701", "title": "滿洲五万分一圖", "ckey": 10454760, "available": true, "iiifUrl": "https://purl.stanford.edu/rr066sq4701/iiif/manifest" }, "geometry": { "type": "Polygon", "coordinates": [ [ [ 122.7650002, 44.4166667 ], [ 123.0516668, 44.4166667 ], [ 123.0516668, 44.5833335 ], [ 122.7650002, 44.5833335 ], [ 122.7650002, 44.4166667 ] ] ] } },
{ "type": "Feature", "properties": { "Id": 0, "Sheet_ID": "洮南局_奉化 56", "label": "洮南局_奉化 56", "call_short": "G7822 .M2 S50 .J31", "call_num": "G7822 .M2 S50 .J31 II-B-56", "recid": "jw721yt1792", "websiteUrl": "https://purl.stanford.edu/jw721yt1792", "title": "滿洲五万分一圖", "ckey": 10454760, "available": true, "iiifUrl": "https://purl.stanford.edu/jw721yt1792/iiif/manifest" }, "geometry": { "type": "Polygon", "coordinates": [ [ [ 123.0516668, 44.4166667 ], [ 123.3383334, 44.4166667 ], [ 123.3383334, 44.5833335 ], [ 123.0516668, 44.5833335 ], [ 123.0516668, 44.4166667 ] ] ] } },
{ "type": "Feature", "properties": { "Id": 0, "Sheet_ID": "洮南局_開魯 27", "label": "洮南局_開魯 27", "call_short": "G7822 .M2 S50 .J31", "call_num": "G7822 .M2 S50 .J31 II-D-27", "recid": "nh154gh4447", "websiteUrl": "https://purl.stanford.edu/nh154gh4447", "title": "滿洲五万分一圖", "ckey": 10454760, "available": true, "iiifUrl": "https://purl.stanford.edu/nh154gh4447/iiif/manifest" }, "geometry": { "type": "Polygon", "coordinates": [ [ [ 122.191667, 44.5833335 ], [ 122.4783336, 44.5833335 ], [ 122.4783336, 44.7500002 ], [ 122.191667, 44.7500002 ], [ 122.191667, 44.5833335 ] ] ] } },
{ "type": "Feature", "properties": { "Id": 0, "Sheet_ID": "洮南局_開魯 19", "label": "洮南局_開魯 19", "call_short": "G7822 .M2 S50 .J31", "call_num": "G7822 .M2 S50 .J31 II-D-19", "recid": "nm837qp4786", "websiteUrl": "https://purl.stanford.edu/nm837qp4786", "title": "滿洲五万分一圖", "ckey": 10454760, "available": true, "iiifUrl": "https://purl.stanford.edu/nm837qp4786/iiif/manifest" }, "geometry": { "type": "Polygon", "coordinates": [ [ [ 122.4783336, 44.5833335 ], [ 122.7650002, 44.5833335 ], [ 122.7650002, 44.7500002 ], [ 122.4783336, 44.7500002 ], [ 122.4783336, 44.5833335 ] ] ] } },
{ "type": "Feature", "properties": { "Id": 0, "Sheet_ID": "洮南局_奉化 63", "label": "洮南局_奉化 63", "call_short": "G7822 .M2 S50 .J31", "call_num": "G7822 .M2 S50 .J31 II-B-63", "recid": "sj878cw8843", "websiteUrl": "https://purl.stanford.edu/sj878cw8843", "title": "滿洲五万分一圖", "ckey": 10454760, "available": true, "iiifUrl": "https://purl.stanford.edu/sj878cw8843/iiif/manifest" }, "geometry": { "type": "Polygon", "coordinates": [ [ [ 122.7650002, 44.5833335 ], [ 123.0516668, 44.5833335 ], [ 123.0516668, 44.7500002 ], [ 122.7650002, 44.7500002 ], [ 122.7650002, 44.5833335 ] ] ] } },
{ "type": "Feature", "properties": { "Id": 0, "Sheet_ID": "洮南局_奉化 55", "label": "洮南局_奉化 55", "call_short": "G7822 .M2 S50 .J31", "call_num": "G7822 .M2 S50 .J31 II-B-55", "recid": "mn815xy6658", "websiteUrl": "https://purl.stanford.edu/mn815xy6658", "title": "滿洲五万分一圖", "ckey": 10454760, "available": true, "iiifUrl": "https://purl.stanford.edu/mn815xy6658/iiif/manifest" }, "geometry": { "type": "Polygon", "coordinates": [ [ [ 123.0516668, 44.5833335 ], [ 123.3383334, 44.5833335 ], [ 123.3383334, 44.7500002 ], [ 123.0516668, 44.7500002 ], [ 123.0516668, 44.5833335 ] ] ] } },
{ "type": "Feature", "properties": { "Id": 0, "Sheet_ID": "洮南局_奉化 48", "label": "洮南局_奉化 48", "call_short": "G7822 .M2 S50 .J31", "call_num": "G7822 .M2 S50 .J31 II-B-48", "recid": "zv662ks1135", "websiteUrl": "https://purl.stanford.edu/zv662ks1135", "title": "滿洲五万分一圖", "ckey": 10454760, "available": true, "iiifUrl": "https://purl.stanford.edu/zv662ks1135/iiif/manifest" }, "geometry": { "type": "Polygon", "coordinates": [ [ [ 123.3383334, 44.5833335 ], [ 123.625, 44.5833335 ], [ 123.625, 44.7500002 ], [ 123.3383334, 44.7500002 ], [ 123.3383334, 44.5833335 ] ] ] } },
{ "type": "Feature", "properties": { "Id": 0, "Sheet_ID": "洮南局_開魯 26", "label": "洮南局_開魯 26", "call_short": null, "call_num": null, "recid": null, "websiteUrl": null, "title": null, "ckey": 0, "available": false, "iiifUrl": null }, "geometry": { "type": "Polygon", "coordinates": [ [ [ 122.191667, 44.7500002 ], [ 122.4783336, 44.7500002 ], [ 122.4783336, 44.916667 ], [ 122.191667, 44.916667 ], [ 122.191667, 44.7500002 ] ] ] } },
{ "type": "Feature", "properties": { "Id": 0, "Sheet_ID": "洮南局_開魯 18", "label": "洮南局_開魯 18", "call_short": "G7822 .M2 S50 .J31", "call_num": "G7822 .M2 S50 .J31 II-D-18", "recid": "ym254xd8030", "websiteUrl": "https://purl.stanford.edu/ym254xd8030", "title": "滿洲五万分一圖", "ckey": 10454760, "available": true, "iiifUrl": "https://purl.stanford.edu/ym254xd8030/iiif/manifest" }, "geometry": { "type": "Polygon", "coordinates": [ [ [ 122.4783336, 44.7500002 ], [ 122.7650002, 44.7500002 ], [ 122.7650002, 44.916667 ], [ 122.4783336, 44.916667 ], [ 122.4783336, 44.7500002 ] ] ] } },
{ "type": "Feature", "properties": { "Id": 0, "Sheet_ID": "洮南局_奉化 62", "label": "洮南局_奉化 62", "call_short": "G7822 .M2 S50 .J31", "call_num": "G7822 .M2 S50 .J31 II-B-62", "recid": "ft083sc2615", "websiteUrl": "https://purl.stanford.edu/ft083sc2615", "title": "滿洲五万分一圖", "ckey": 10454760, "available": true, "iiifUrl": "https://purl.stanford.edu/ft083sc2615/iiif/manifest" }, "geometry": { "type": "Polygon", "coordinates": [ [ [ 122.7650002, 44.7500003 ], [ 123.0516668, 44.7500003 ], [ 123.0516668, 44.916667 ], [ 122.7650002, 44.916667 ], [ 122.7650002, 44.7500003 ] ] ] } },
{ "type": "Feature", "properties": { "Id": 0, "Sheet_ID": "洮南局_奉化 54", "label": "洮南局_奉化 54", "call_short": "G7822 .M2 S50 .J31", "call_num": "G7822 .M2 S50 .J31 II-B-54", "recid": "hk283dy2988", "websiteUrl": "https://purl.stanford.edu/hk283dy2988", "title": "滿洲五万分一圖", "ckey": 10454760, "available": true, "iiifUrl": "https://purl.stanford.edu/hk283dy2988/iiif/manifest" }, "geometry": { "type": "Polygon", "coordinates": [ [ [ 123.0516668, 44.7500002 ], [ 123.3383334, 44.7500002 ], [ 123.3383334, 44.916667 ], [ 123.0516668, 44.916667 ], [ 123.0516668, 44.7500002 ] ] ] } },
{ "type": "Feature", "properties": { "Id": 0, "Sheet_ID": "洮南局_奉化 47", "label": "洮南局_奉化 47", "call_short": "G7822 .M2 S50 .J31", "call_num": "G7822 .M2 S50 .J31 II-B-47", "recid": "yb905fx0293", "websiteUrl": "https://purl.stanford.edu/yb905fx0293", "title": "滿洲五万分一圖", "ckey": 10454760, "available": true, "iiifUrl": "https://purl.stanford.edu/yb905fx0293/iiif/manifest" }, "geometry": { "type": "Polygon", "coordinates": [ [ [ 123.3383334, 44.7500002 ], [ 123.625, 44.7500002 ], [ 123.625, 44.916667 ], [ 123.3383334, 44.916667 ], [ 123.3383334, 44.7500002 ] ] ] } },
{ "type": "Feature", "properties": { "Id": 0, "Sheet_ID": "洮南局_奉化 58", "label": "洮南局_奉化 58", "call_short": "G7822 .M2 S50 .J31", "call_num": "G7822 .M2 S50 .J31 II-B-58", "recid": "sm755cm1003", "websiteUrl": "https://purl.stanford.edu/sm755cm1003", "title": "滿洲五万分一圖", "ckey": 10454760, "available": true, "iiifUrl": "https://purl.stanford.edu/sm755cm1003/iiif/manifest" }, "geometry": { "type": "Polygon", "coordinates": [ [ [ 123.0516668, 44.0833333 ], [ 123.3383334, 44.0833333 ], [ 123.3383334, 44.25 ], [ 123.0516668, 44.25 ], [ 123.0516668, 44.0833333 ] ] ] } },
{ "type": "Feature", "properties": { "Id": 0, "Sheet_ID": "洮南局_突泉 12", "label": "洮南局_突泉 12", "call_short": "G7822 .M2 S50 .J31", "call_num": "G7822 .M2 S50 .J31 II-C-12", "recid": "xc886pg6154", "websiteUrl": "https://purl.stanford.edu/xc886pg6154", "title": "滿洲五万分一圖", "ckey": 10454760, "available": true, "iiifUrl": "https://purl.stanford.edu/xc886pg6154/iiif/manifest" }, "geometry": { "type": "Polygon", "coordinates": [ [ [ 122.191667, 44.916667 ], [ 122.4783335, 44.916667 ], [ 122.4783335, 45.0833337 ], [ 122.191667, 45.0833337 ], [ 122.191667, 44.916667 ] ] ] } },
{ "type": "Feature", "properties": { "Id": 0, "Sheet_ID": "洮南局_突泉 6", "label": "洮南局_突泉 6", "call_short": "G7822 .M2 S50 .J31", "call_num": "G7822 .M2 S50 .J31 II-C-6", "recid": "hq886yx1287", "websiteUrl": "https://purl.stanford.edu/hq886yx1287", "title": "滿洲五万分一圖", "ckey": 10454760, "available": true, "iiifUrl": "https://purl.stanford.edu/hq886yx1287/iiif/manifest" }, "geometry": { "type": "Polygon", "coordinates": [ [ [ 122.4783335, 44.916667 ], [ 122.765, 44.916667 ], [ 122.765, 45.0833337 ], [ 122.4783335, 45.0833337 ], [ 122.4783335, 44.916667 ] ] ] } },
{ "type": "Feature", "properties": { "Id": 0, "Sheet_ID": "洮南局_突泉 11", "label": "洮南局_突泉 11", "call_short": "G7822 .M2 S50 .J31", "call_num": "G7822 .M2 S50 .J31 II-C-11", "recid": "nn168zq3796", "websiteUrl": "https://purl.stanford.edu/nn168zq3796", "title": "滿洲五万分一圖", "ckey": 10454760, "available": true, "iiifUrl": "https://purl.stanford.edu/nn168zq3796/iiif/manifest" }, "geometry": { "type": "Polygon", "coordinates": [ [ [ 122.191667, 45.0833337 ], [ 122.4783335, 45.0833337 ], [ 122.4783335, 45.2500003 ], [ 122.191667, 45.2500003 ], [ 122.191667, 45.0833337 ] ] ] } },
{ "type": "Feature", "properties": { "Id": 0, "Sheet_ID": "洮南局_突泉 5", "label": "洮南局_突泉 5", "call_short": "G7822 .M2 S50 .J31", "call_num": "G7822 .M2 S50 .J31 II-C-5", "recid": "jx769vr2317", "websiteUrl": "https://purl.stanford.edu/jx769vr2317", "title": "滿洲五万分一圖", "ckey": 10454760, "available": true, "iiifUrl": "https://purl.stanford.edu/jx769vr2317/iiif/manifest" }, "geometry": { "type": "Polygon", "coordinates": [ [ [ 122.4783335, 45.0833337 ], [ 122.765, 45.0833337 ], [ 122.765, 45.2500003 ], [ 122.4783335, 45.2500003 ], [ 122.4783335, 45.0833337 ] ] ] } },
{ "type": "Feature", "properties": { "Id": 0, "Sheet_ID": "洮南局_突泉 10", "label": "洮南局_突泉 10", "call_short": "G7822 .M2 S50 .J31", "call_num": "G7822 .M2 S50 .J31 II-C-10", "recid": "mm744wf2958", "websiteUrl": "https://purl.stanford.edu/mm744wf2958", "title": "滿洲五万分一圖", "ckey": 10454760, "available": true, "iiifUrl": "https://purl.stanford.edu/mm744wf2958/iiif/manifest" }, "geometry": { "type": "Polygon", "coordinates": [ [ [ 122.191667, 45.2500003 ], [ 122.4783335, 45.2500003 ], [ 122.4783335, 45.416667 ], [ 122.191667, 45.416667 ], [ 122.191667, 45.2500003 ] ] ] } },
{ "type": "Feature", "properties": { "Id": 0, "Sheet_ID": "洮南局_突泉 4", "label": "洮南局_突泉 4", "call_short": "G7822 .M2 S50 .J31", "call_num": "G7822 .M2 S50 .J31 II-C-4", "recid": "xk002wh2941", "websiteUrl": "https://purl.stanford.edu/xk002wh2941", "title": "滿洲五万分一圖", "ckey": 10454760, "available": true, "iiifUrl": "https://purl.stanford.edu/xk002wh2941/iiif/manifest" }, "geometry": { "type": "Polygon", "coordinates": [ [ [ 122.4783335, 45.2500003 ], [ 122.765, 45.2500003 ], [ 122.765, 45.416667 ], [ 122.4783335, 45.416667 ], [ 122.4783335, 45.2500003 ] ] ] } },
{ "type": "Feature", "properties": { "Id": 0, "Sheet_ID": "洮南局_突泉 9", "label": "洮南局_突泉 9", "call_short": "G7822 .M2 S50 .J31", "call_num": "G7822 .M2 S50 .J31 II-C-9", "recid": "rs062hm5315", "websiteUrl": "https://purl.stanford.edu/rs062hm5315", "title": "滿洲五万分一圖", "ckey": 10454760, "available": true, "iiifUrl": "https://purl.stanford.edu/rs062hm5315/iiif/manifest" }, "geometry": { "type": "Polygon", "coordinates": [ [ [ 122.191667, 45.416667 ], [ 122.4783335, 45.416667 ], [ 122.4783335, 45.5833337 ], [ 122.191667, 45.5833337 ], [ 122.191667, 45.416667 ] ] ] } },
{ "type": "Feature", "properties": { "Id": 0, "Sheet_ID": "洮南局_突泉 3", "label": "洮南局_突泉 3", "call_short": "G7822 .M2 S50 .J31", "call_num": "G7822 .M2 S50 .J31 II-C-3", "recid": "kq232mq9754", "websiteUrl": "https://purl.stanford.edu/kq232mq9754", "title": "滿洲五万分一圖", "ckey": 10454760, "available": true, "iiifUrl": "https://purl.stanford.edu/kq232mq9754/iiif/manifest" }, "geometry": { "type": "Polygon", "coordinates": [ [ [ 122.4783335, 45.416667 ], [ 122.765, 45.416667 ], [ 122.765, 45.5833337 ], [ 122.4783335, 45.5833337 ], [ 122.4783335, 45.416667 ] ] ] } },
{ "type": "Feature", "properties": { "Id": 0, "Sheet_ID": "洮南局_突泉 8", "label": "洮南局_突泉 8", "call_short": "G7822 .M2 S50 .J31", "call_num": "G7822 .M2 S50 .J31 II-C-8", "recid": "gh517fw6053", "websiteUrl": "https://purl.stanford.edu/gh517fw6053", "title": "滿洲五万分一圖", "ckey": 10454760, "available": true, "iiifUrl": "https://purl.stanford.edu/gh517fw6053/iiif/manifest" }, "geometry": { "type": "Polygon", "coordinates": [ [ [ 122.191667, 45.5833337 ], [ 122.4783335, 45.5833337 ], [ 122.4783335, 45.7500003 ], [ 122.191667, 45.7500003 ], [ 122.191667, 45.5833337 ] ] ] } },
{ "type": "Feature", "properties": { "Id": 0, "Sheet_ID": "洮南局_突泉 2", "label": "洮南局_突泉 2", "call_short": "G7822 .M2 S50 .J31", "call_num": "G7822 .M2 S50 .J31 II-C-2", "recid": "sr035vf9766", "websiteUrl": "https://purl.stanford.edu/sr035vf9766", "title": "滿洲五万分一圖", "ckey": 10454760, "available": true, "iiifUrl": "https://purl.stanford.edu/sr035vf9766/iiif/manifest" }, "geometry": { "type": "Polygon", "coordinates": [ [ [ 122.4783335, 45.5833337 ], [ 122.765, 45.5833337 ], [ 122.765, 45.7500003 ], [ 122.4783335, 45.7500003 ], [ 122.4783335, 45.5833337 ] ] ] } },
{ "type": "Feature", "properties": { "Id": 0, "Sheet_ID": "洮南局_突泉 7", "label": "洮南局_突泉 7", "call_short": "G7822 .M2 S50 .J31", "call_num": "G7822 .M2 S50 .J31 II-C-7", "recid": "zv195wz5927", "websiteUrl": "https://purl.stanford.edu/zv195wz5927", "title": "滿洲五万分一圖", "ckey": 10454760, "available": true, "iiifUrl": "https://purl.stanford.edu/zv195wz5927/iiif/manifest" }, "geometry": { "type": "Polygon", "coordinates": [ [ [ 122.191667, 45.7500003 ], [ 122.4783335, 45.7500003 ], [ 122.4783335, 45.916667 ], [ 122.191667, 45.916667 ], [ 122.191667, 45.7500003 ] ] ] } },
{ "type": "Feature", "properties": { "Id": 0, "Sheet_ID": "洮南局_突泉 1", "label": "洮南局_突泉 1", "call_short": null, "call_num": null, "recid": null, "websiteUrl": null, "title": null, "ckey": 0, "available": false, "iiifUrl": null }, "geometry": { "type": "Polygon", "coordinates": [ [ [ 122.4783335, 45.7500003 ], [ 122.765, 45.7500003 ], [ 122.765, 45.916667 ], [ 122.4783335, 45.916667 ], [ 122.4783335, 45.7500003 ] ] ] } },
{ "type": "Feature", "properties": { "Id": 0, "Sheet_ID": "洮南局_突泉 22", "label": "洮南局_突泉 22", "call_short": "G7822 .M2 S50 .J31", "call_num": "G7822 .M2 S50 .J31 II-C-22", "recid": "wz624xg0856", "websiteUrl": "https://purl.stanford.edu/wz624xg0856", "title": "滿洲五万分一圖", "ckey": 10454760, "available": true, "iiifUrl": "https://purl.stanford.edu/wz624xg0856/iiif/manifest" }, "geometry": { "type": "Polygon", "coordinates": [ [ [ 121.618334, 45.0833337 ], [ 121.9050005, 45.0833337 ], [ 121.9050005, 45.2500003 ], [ 121.618334, 45.2500003 ], [ 121.618334, 45.0833337 ] ] ] } },
{ "type": "Feature", "properties": { "Id": 0, "Sheet_ID": "洮南局_突泉 16", "label": "洮南局_突泉 16", "call_short": "G7822 .M2 S50 .J31", "call_num": "G7822 .M2 S50 .J31 II-C-16", "recid": "zq105tk4713", "websiteUrl": "https://purl.stanford.edu/zq105tk4713", "title": "滿洲五万分一圖", "ckey": 10454760, "available": true, "iiifUrl": "https://purl.stanford.edu/zq105tk4713/iiif/manifest" }, "geometry": { "type": "Polygon", "coordinates": [ [ [ 121.9050005, 45.2500003 ], [ 122.191667, 45.2500003 ], [ 122.191667, 45.416667 ], [ 121.9050005, 45.416667 ], [ 121.9050005, 45.2500003 ] ] ] } },
{ "type": "Feature", "properties": { "Id": 0, "Sheet_ID": "洮南局_突泉 13", "label": "洮南局_突泉 13", "call_short": "G7822 .M2 S50 .J31", "call_num": "G7822 .M2 S50 .J31 II-C-13", "recid": "gf455dp2168", "websiteUrl": "https://purl.stanford.edu/gf455dp2168", "title": "滿洲五万分一圖", "ckey": 10454760, "available": true, "iiifUrl": "https://purl.stanford.edu/gf455dp2168/iiif/manifest" }, "geometry": { "type": "Polygon", "coordinates": [ [ [ 121.9050005, 45.7500003 ], [ 122.191667, 45.7500003 ], [ 122.191667, 45.916667 ], [ 121.9050005, 45.916667 ], [ 121.9050005, 45.7500003 ] ] ] } },
{ "type": "Feature", "properties": { "Id": 0, "Sheet_ID": "洮南局_突泉 17", "label": "洮南局_突泉 17", "call_short": "G7822 .M2 S50 .J31", "call_num": "G7822 .M2 S50 .J31 II-C-17", "recid": "jd846ks7346", "websiteUrl": "https://purl.stanford.edu/jd846ks7346", "title": "滿洲五万分一圖", "ckey": 10454760, "available": true, "iiifUrl": "https://purl.stanford.edu/jd846ks7346/iiif/manifest" }, "geometry": { "type": "Polygon", "coordinates": [ [ [ 121.9050005, 45.0833337 ], [ 122.191667, 45.0833337 ], [ 122.191667, 45.2500003 ], [ 121.9050005, 45.2500003 ], [ 121.9050005, 45.0833337 ] ] ] } },
{ "type": "Feature", "properties": { "Id": 0, "Sheet_ID": "洮南局_突泉 21", "label": "洮南局_突泉 21", "call_short": "G7822 .M2 S50 .J31", "call_num": "G7822 .M2 S50 .J31 II-C-21", "recid": "jm309kh7395", "websiteUrl": "https://purl.stanford.edu/jm309kh7395", "title": "滿洲五万分一圖", "ckey": 10454760, "available": true, "iiifUrl": "https://purl.stanford.edu/jm309kh7395/iiif/manifest" }, "geometry": { "type": "Polygon", "coordinates": [ [ [ 121.618334, 45.2500003 ], [ 121.9050005, 45.2500003 ], [ 121.9050005, 45.416667 ], [ 121.618334, 45.416667 ], [ 121.618334, 45.2500003 ] ] ] } },
{ "type": "Feature", "properties": { "Id": 0, "Sheet_ID": "洮南局_突泉 20", "label": "洮南局_突泉 20", "call_short": null, "call_num": null, "recid": null, "websiteUrl": null, "title": null, "ckey": 0, "available": false, "iiifUrl": null }, "geometry": { "type": "Polygon", "coordinates": [ [ [ 121.618334, 45.416667 ], [ 121.9050005, 45.416667 ], [ 121.9050005, 45.5833337 ], [ 121.618334, 45.5833337 ], [ 121.618334, 45.416667 ] ] ] } },
{ "type": "Feature", "properties": { "Id": 0, "Sheet_ID": "洮南局_突泉 15", "label": "洮南局_突泉 15", "call_short": "G7822 .M2 S50 .J31", "call_num": "G7822 .M2 S50 .J31 II-C-15", "recid": "kc550nk9522", "websiteUrl": "https://purl.stanford.edu/kc550nk9522", "title": "滿洲五万分一圖", "ckey": 10454760, "available": true, "iiifUrl": "https://purl.stanford.edu/kc550nk9522/iiif/manifest" }, "geometry": { "type": "Polygon", "coordinates": [ [ [ 121.9050005, 45.416667 ], [ 122.191667, 45.416667 ], [ 122.191667, 45.5833337 ], [ 121.9050005, 45.5833337 ], [ 121.9050005, 45.416667 ] ] ] } },
{ "type": "Feature", "properties": { "Id": 0, "Sheet_ID": "洮南局_突泉 19", "label": "洮南局_突泉 19", "call_short": null, "call_num": null, "recid": null, "websiteUrl": null, "title": null, "ckey": 0, "available": false, "iiifUrl": null }, "geometry": { "type": "Polygon", "coordinates": [ [ [ 121.618334, 45.5833337 ], [ 121.9050005, 45.5833337 ], [ 121.9050005, 45.7500003 ], [ 121.618334, 45.7500003 ], [ 121.618334, 45.5833337 ] ] ] } },
{ "type": "Feature", "properties": { "Id": 0, "Sheet_ID": "洮南局_突泉 14", "label": "洮南局_突泉 14", "call_short": "G7822 .M2 S50 .J31", "call_num": "G7822 .M2 S50 .J31 II-C-14", "recid": "zx433wn2557", "websiteUrl": "https://purl.stanford.edu/zx433wn2557", "title": "滿洲五万分一圖", "ckey": 10454760, "available": true, "iiifUrl": "https://purl.stanford.edu/zx433wn2557/iiif/manifest" }, "geometry": { "type": "Polygon", "coordinates": [ [ [ 121.9050005, 45.5833337 ], [ 122.191667, 45.5833337 ], [ 122.191667, 45.7500003 ], [ 121.9050005, 45.7500003 ], [ 121.9050005, 45.5833337 ] ] ] } },
{ "type": "Feature", "properties": { "Id": 0, "Sheet_ID": "洮南局_突泉 18", "label": "洮南局_突泉 18", "call_short": null, "call_num": null, "recid": null, "websiteUrl": null, "title": null, "ckey": 0, "available": false, "iiifUrl": null }, "geometry": { "type": "Polygon", "coordinates": [ [ [ 121.618334, 45.7500003 ], [ 121.9050005, 45.7500003 ], [ 121.9050005, 45.916667 ], [ 121.618334, 45.916667 ], [ 121.618334, 45.7500003 ] ] ] } },
{ "type": "Feature", "properties": { "Id": 0, "Sheet_ID": "吉林 奉天局_新京 46", "label": "吉林 奉天局_新京 46", "call_short": "G7822 .M2 S50 .J31", "call_num": "G7822 .M2 S50 .J31 III-A-46", "recid": "rc483rk6963", "websiteUrl": "https://purl.stanford.edu/rc483rk6963", "title": "滿洲五万分一圖", "ckey": 10454760, "available": true, "iiifUrl": "https://purl.stanford.edu/rc483rk6963/iiif/manifest" }, "geometry": { "type": "Polygon", "coordinates": [ [ [ 124.875, 43.333333 ], [ 125.125, 43.333333 ], [ 125.125, 43.4999997 ], [ 124.875, 43.4999997 ], [ 124.875, 43.333333 ] ] ] } },
{ "type": "Feature", "properties": { "Id": 0, "Sheet_ID": "吉林 奉天局_新京 40", "label": "吉林 奉天局_新京 40", "call_short": "G7822 .M2 S50 .J31", "call_num": "G7822 .M2 S50 .J31 III-A-40", "recid": "jr828bb6257", "websiteUrl": "https://purl.stanford.edu/jr828bb6257", "title": "滿洲五万分一圖", "ckey": 10454760, "available": true, "iiifUrl": "https://purl.stanford.edu/jr828bb6257/iiif/manifest" }, "geometry": { "type": "Polygon", "coordinates": [ [ [ 125.125, 43.333333 ], [ 125.375, 43.333333 ], [ 125.375, 43.4999997 ], [ 125.125, 43.4999997 ], [ 125.125, 43.333333 ] ] ] } },
{ "type": "Feature", "properties": { "Id": 0, "Sheet_ID": "吉林 奉天局_新京 34", "label": "吉林 奉天局_新京 34", "call_short": "G7822 .M2 S50 .J31", "call_num": "G7822 .M2 S50 .J31 III-A-34", "recid": "nn192tq4317", "websiteUrl": "https://purl.stanford.edu/nn192tq4317", "title": "滿洲五万分一圖", "ckey": 10454760, "available": true, "iiifUrl": "https://purl.stanford.edu/nn192tq4317/iiif/manifest" }, "geometry": { "type": "Polygon", "coordinates": [ [ [ 125.375, 43.333333 ], [ 125.625, 43.333333 ], [ 125.625, 43.4999997 ], [ 125.375, 43.4999997 ], [ 125.375, 43.333333 ] ] ] } },
{ "type": "Feature", "properties": { "Id": 0, "Sheet_ID": "吉林 奉天局_新京 28", "label": "吉林 奉天局_新京 28", "call_short": "G7822 .M2 S50 .J31", "call_num": "G7822 .M2 S50 .J31 III-A-28", "recid": "gz749vv6909", "websiteUrl": "https://purl.stanford.edu/gz749vv6909", "title": "滿洲五万分一圖", "ckey": 10454760, "available": true, "iiifUrl": "https://purl.stanford.edu/gz749vv6909/iiif/manifest" }, "geometry": { "type": "Polygon", "coordinates": [ [ [ 125.625, 43.333333 ], [ 125.875, 43.333333 ], [ 125.875, 43.4999997 ], [ 125.625, 43.4999997 ], [ 125.625, 43.333333 ] ] ] } },
{ "type": "Feature", "properties": { "Id": 0, "Sheet_ID": "吉林 奉天局_新京 19", "label": "吉林 奉天局_新京 19", "call_short": "G7822 .M2 S50 .J31", "call_num": "G7822 .M2 S50 .J31 III-A-19", "recid": "rb741xw9426", "websiteUrl": "https://purl.stanford.edu/rb741xw9426", "title": "滿洲五万分一圖", "ckey": 10454760, "available": true, "iiifUrl": "https://purl.stanford.edu/rb741xw9426/iiif/manifest" }, "geometry": { "type": "Polygon", "coordinates": [ [ [ 125.875, 43.333333 ], [ 126.125, 43.333333 ], [ 126.125, 43.4999997 ], [ 125.875, 43.4999997 ], [ 125.875, 43.333333 ] ] ] } },
{ "type": "Feature", "properties": { "Id": 0, "Sheet_ID": "吉林 奉天局_新京 12", "label": "吉林 奉天局_新京 12", "call_short": "G7822 .M2 S50 .J31", "call_num": "G7822 .M2 S50 .J31 III-A-12", "recid": "ry549bd8048", "websiteUrl": "https://purl.stanford.edu/ry549bd8048", "title": "滿洲五万分一圖", "ckey": 10454760, "available": true, "iiifUrl": "https://purl.stanford.edu/ry549bd8048/iiif/manifest" }, "geometry": { "type": "Polygon", "coordinates": [ [ [ 126.125, 43.333333 ], [ 126.375, 43.333333 ], [ 126.375, 43.4999997 ], [ 126.125, 43.4999997 ], [ 126.125, 43.333333 ] ] ] } },
{ "type": "Feature", "properties": { "Id": 0, "Sheet_ID": "吉林 奉天局_新京 45", "label": "吉林 奉天局_新京 45", "call_short": "G7822 .M2 S50 .J31", "call_num": "G7822 .M2 S50 .J31 III-A-45", "recid": "vm731wb2501", "websiteUrl": "https://purl.stanford.edu/vm731wb2501", "title": "滿洲五万分一圖", "ckey": 10454760, "available": true, "iiifUrl": "https://purl.stanford.edu/vm731wb2501/iiif/manifest" }, "geometry": { "type": "Polygon", "coordinates": [ [ [ 124.875, 43.4999997 ], [ 125.125, 43.4999997 ], [ 125.125, 43.6666663 ], [ 124.875, 43.6666663 ], [ 124.875, 43.4999997 ] ] ] } },
{ "type": "Feature", "properties": { "Id": 0, "Sheet_ID": "吉林 奉天局_新京 39", "label": "吉林 奉天局_新京 39", "call_short": "G7822 .M2 S50 .J31", "call_num": "G7822 .M2 S50 .J31 III-A-39", "recid": "wc544gs9211", "websiteUrl": "https://purl.stanford.edu/wc544gs9211", "title": "滿洲五万分一圖", "ckey": 10454760, "available": true, "iiifUrl": "https://purl.stanford.edu/wc544gs9211/iiif/manifest" }, "geometry": { "type": "Polygon", "coordinates": [ [ [ 125.125, 43.4999997 ], [ 125.375, 43.4999997 ], [ 125.375, 43.6666663 ], [ 125.125, 43.6666663 ], [ 125.125, 43.4999997 ] ] ] } },
{ "type": "Feature", "properties": { "Id": 0, "Sheet_ID": "吉林 奉天局_新京 33", "label": "吉林 奉天局_新京 33", "call_short": "G7822 .M2 S50 .J31", "call_num": "G7822 .M2 S50 .J31 III-A-33", "recid": "wq335yw0088", "websiteUrl": "https://purl.stanford.edu/wq335yw0088", "title": "滿洲五万分一圖", "ckey": 10454760, "available": true, "iiifUrl": "https://purl.stanford.edu/wq335yw0088/iiif/manifest" }, "geometry": { "type": "Polygon", "coordinates": [ [ [ 125.375, 43.4999997 ], [ 125.625, 43.4999997 ], [ 125.625, 43.6666663 ], [ 125.375, 43.6666663 ], [ 125.375, 43.4999997 ] ] ] } },
{ "type": "Feature", "properties": { "Id": 0, "Sheet_ID": "吉林 奉天局_新京 27", "label": "吉林 奉天局_新京 27", "call_short": "G7822 .M2 S50 .J31", "call_num": "G7822 .M2 S50 .J31 III-A-27", "recid": "mr050dj7451", "websiteUrl": "https://purl.stanford.edu/mr050dj7451", "title": "滿洲五万分一圖", "ckey": 10454760, "available": true, "iiifUrl": "https://purl.stanford.edu/mr050dj7451/iiif/manifest" }, "geometry": { "type": "Polygon", "coordinates": [ [ [ 125.625, 43.4999997 ], [ 125.875, 43.4999997 ], [ 125.875, 43.6666663 ], [ 125.625, 43.6666663 ], [ 125.625, 43.4999997 ] ] ] } },
{ "type": "Feature", "properties": { "Id": 0, "Sheet_ID": "吉林 奉天局_新京 18", "label": "吉林 奉天局_新京 18", "call_short": "G7822 .M2 S50 .J31", "call_num": "G7822 .M2 S50 .J31 III-A-18", "recid": "xk323yb5236", "websiteUrl": "https://purl.stanford.edu/xk323yb5236", "title": "滿洲五万分一圖", "ckey": 10454760, "available": true, "iiifUrl": "https://purl.stanford.edu/xk323yb5236/iiif/manifest" }, "geometry": { "type": "Polygon", "coordinates": [ [ [ 125.875, 43.4999997 ], [ 126.125, 43.4999997 ], [ 126.125, 43.6666663 ], [ 125.875, 43.6666663 ], [ 125.875, 43.4999997 ] ] ] } },
{ "type": "Feature", "properties": { "Id": 0, "Sheet_ID": "吉林 奉天局_新京 11", "label": "吉林 奉天局_新京 11", "call_short": "G7822 .M2 S50 .J31", "call_num": "G7822 .M2 S50 .J31 III-A-11", "recid": "hb616tj1646", "websiteUrl": "https://purl.stanford.edu/hb616tj1646", "title": "滿洲五万分一圖", "ckey": 10454760, "available": true, "iiifUrl": "https://purl.stanford.edu/hb616tj1646/iiif/manifest" }, "geometry": { "type": "Polygon", "coordinates": [ [ [ 126.125, 43.4999997 ], [ 126.375, 43.4999997 ], [ 126.375, 43.6666663 ], [ 126.125, 43.6666663 ], [ 126.125, 43.4999997 ] ] ] } },
{ "type": "Feature", "properties": { "Id": 0, "Sheet_ID": "吉林 奉天局_新京 44", "label": "吉林 奉天局_新京 44", "call_short": "G7822 .M2 S50 .J31", "call_num": "G7822 .M2 S50 .J31 III-A-44", "recid": "cz806yt2961", "websiteUrl": "https://purl.stanford.edu/cz806yt2961", "title": "滿洲五万分一圖", "ckey": 10454760, "available": true, "iiifUrl": "https://purl.stanford.edu/cz806yt2961/iiif/manifest" }, "geometry": { "type": "Polygon", "coordinates": [ [ [ 124.875, 43.6666663 ], [ 125.125, 43.6666663 ], [ 125.125, 43.833333 ], [ 124.875, 43.833333 ], [ 124.875, 43.6666663 ] ] ] } },
{ "type": "Feature", "properties": { "Id": 0, "Sheet_ID": "吉林 奉天局_新京 38", "label": "吉林 奉天局_新京 38", "call_short": "G7822 .M2 S50 .J31", "call_num": "G7822 .M2 S50 .J31 III-A-38", "recid": "nm615hh2637", "websiteUrl": "https://purl.stanford.edu/nm615hh2637", "title": "滿洲五万分一圖", "ckey": 10454760, "available": true, "iiifUrl": "https://purl.stanford.edu/nm615hh2637/iiif/manifest" }, "geometry": { "type": "Polygon", "coordinates": [ [ [ 125.125, 43.6666663 ], [ 125.375, 43.6666663 ], [ 125.375, 43.833333 ], [ 125.125, 43.833333 ], [ 125.125, 43.6666663 ] ] ] } },
{ "type": "Feature", "properties": { "Id": 0, "Sheet_ID": "吉林 奉天局_新京 32", "label": "吉林 奉天局_新京 32", "call_short": "G7822 .M2 S50 .J31", "call_num": "G7822 .M2 S50 .J31 III-A-32", "recid": "qw930zg7678", "websiteUrl": "https://purl.stanford.edu/qw930zg7678", "title": "滿洲五万分一圖", "ckey": 10454760, "available": true, "iiifUrl": "https://purl.stanford.edu/qw930zg7678/iiif/manifest" }, "geometry": { "type": "Polygon", "coordinates": [ [ [ 125.375, 43.6666663 ], [ 125.625, 43.6666663 ], [ 125.625, 43.833333 ], [ 125.375, 43.833333 ], [ 125.375, 43.6666663 ] ] ] } },
{ "type": "Feature", "properties": { "Id": 0, "Sheet_ID": "吉林 奉天局_新京 26", "label": "吉林 奉天局_新京 26", "call_short": "G7822 .M2 S50 .J31", "call_num": "G7822 .M2 S50 .J31 III-A-26", "recid": "vj696cm3688", "websiteUrl": "https://purl.stanford.edu/vj696cm3688", "title": "滿洲五万分一圖", "ckey": 10454760, "available": true, "iiifUrl": "https://purl.stanford.edu/vj696cm3688/iiif/manifest" }, "geometry": { "type": "Polygon", "coordinates": [ [ [ 125.625, 43.6666663 ], [ 125.875, 43.6666663 ], [ 125.875, 43.833333 ], [ 125.625, 43.833333 ], [ 125.625, 43.6666663 ] ] ] } },
{ "type": "Feature", "properties": { "Id": 0, "Sheet_ID": "吉林 奉天局_新京 17", "label": "吉林 奉天局_新京 17", "call_short": "G7822 .M2 S50 .J31", "call_num": "G7822 .M2 S50 .J31 III-A-17", "recid": "jz718qs1225", "websiteUrl": "https://purl.stanford.edu/jz718qs1225", "title": "滿洲五万分一圖", "ckey": 10454760, "available": true, "iiifUrl": "https://purl.stanford.edu/jz718qs1225/iiif/manifest" }, "geometry": { "type": "Polygon", "coordinates": [ [ [ 125.875, 43.6666663 ], [ 126.125, 43.6666663 ], [ 126.125, 43.833333 ], [ 125.875, 43.833333 ], [ 125.875, 43.6666663 ] ] ] } },
{ "type": "Feature", "properties": { "Id": 0, "Sheet_ID": "吉林 奉天局_新京 10", "label": "吉林 奉天局_新京 10", "call_short": "G7822 .M2 S50 .J31", "call_num": "G7822 .M2 S50 .J31 III-A-10", "recid": "rv929wg4097", "websiteUrl": "https://purl.stanford.edu/rv929wg4097", "title": "滿洲五万分一圖", "ckey": 10454760, "available": true, "iiifUrl": "https://purl.stanford.edu/rv929wg4097/iiif/manifest" }, "geometry": { "type": "Polygon", "coordinates": [ [ [ 126.125, 43.6666663 ], [ 126.375, 43.6666663 ], [ 126.375, 43.833333 ], [ 126.125, 43.833333 ], [ 126.125, 43.6666663 ] ] ] } },
{ "type": "Feature", "properties": { "Id": 0, "Sheet_ID": "吉林 奉天局_新京 5", "label": "吉林 奉天局_新京 5", "call_short": "G7822 .M2 S50 .J31", "call_num": "G7822 .M2 S50 .J31 III-A-5", "recid": "cm242jp7942", "websiteUrl": "https://purl.stanford.edu/cm242jp7942", "title": "滿洲五万分一圖", "ckey": 10454760, "available": true, "iiifUrl": "https://purl.stanford.edu/cm242jp7942/iiif/manifest" }, "geometry": { "type": "Polygon", "coordinates": [ [ [ 126.375, 43.6666663 ], [ 126.625, 43.6666663 ], [ 126.625, 43.833333 ], [ 126.375, 43.833333 ], [ 126.375, 43.6666663 ] ] ] } },
{ "type": "Feature", "properties": { "Id": 0, "Sheet_ID": "吉林 奉天局_新京 43", "label": "吉林 奉天局_新京 43", "call_short": "G7822 .M2 S50 .J31", "call_num": "G7822 .M2 S50 .J31 III-A-43", "recid": "zv341wc1905", "websiteUrl": "https://purl.stanford.edu/zv341wc1905", "title": "滿洲五万分一圖", "ckey": 10454760, "available": true, "iiifUrl": "https://purl.stanford.edu/zv341wc1905/iiif/manifest" }, "geometry": { "type": "Polygon", "coordinates": [ [ [ 124.875, 43.833333 ], [ 125.125, 43.833333 ], [ 125.125, 43.9999997 ], [ 124.875, 43.9999997 ], [ 124.875, 43.833333 ] ] ] } },
{ "type": "Feature", "properties": { "Id": 0, "Sheet_ID": "吉林 奉天局_新京 37", "label": "吉林 奉天局_新京 37", "call_short": "G7822 .M2 S50 .J31", "call_num": "G7822 .M2 S50 .J31 III-A-37", "recid": "yf141gx2601", "websiteUrl": "https://purl.stanford.edu/yf141gx2601", "title": "滿洲五万分一圖", "ckey": 10454760, "available": true, "iiifUrl": "https://purl.stanford.edu/yf141gx2601/iiif/manifest" }, "geometry": { "type": "Polygon", "coordinates": [ [ [ 125.125, 43.833333 ], [ 125.375, 43.833333 ], [ 125.375, 43.9999997 ], [ 125.125, 43.9999997 ], [ 125.125, 43.833333 ] ] ] } },
{ "type": "Feature", "properties": { "Id": 0, "Sheet_ID": "吉林 奉天局_新京 31", "label": "吉林 奉天局_新京 31", "call_short": "G7822 .M2 S50 .J31", "call_num": "G7822 .M2 S50 .J31 III-A-31", "recid": "fm507cc5748", "websiteUrl": "https://purl.stanford.edu/fm507cc5748", "title": "滿洲五万分一圖", "ckey": 10454760, "available": true, "iiifUrl": "https://purl.stanford.edu/fm507cc5748/iiif/manifest" }, "geometry": { "type": "Polygon", "coordinates": [ [ [ 125.375, 43.833333 ], [ 125.625, 43.833333 ], [ 125.625, 43.9999997 ], [ 125.375, 43.9999997 ], [ 125.375, 43.833333 ] ] ] } },
{ "type": "Feature", "properties": { "Id": 0, "Sheet_ID": "吉林 奉天局_新京 25", "label": "吉林 奉天局_新京 25", "call_short": "G7822 .M2 S50 .J31", "call_num": "G7822 .M2 S50 .J31 III-A-25", "recid": "mv767fp0080", "websiteUrl": "https://purl.stanford.edu/mv767fp0080", "title": "滿洲五万分一圖", "ckey": 10454760, "available": true, "iiifUrl": "https://purl.stanford.edu/mv767fp0080/iiif/manifest" }, "geometry": { "type": "Polygon", "coordinates": [ [ [ 125.625, 43.833333 ], [ 125.875, 43.833333 ], [ 125.875, 43.9999997 ], [ 125.625, 43.9999997 ], [ 125.625, 43.833333 ] ] ] } },
{ "type": "Feature", "properties": { "Id": 0, "Sheet_ID": "吉林 奉天局_新京 16", "label": "吉林 奉天局_新京 16", "call_short": "G7822 .M2 S50 .J31", "call_num": "G7822 .M2 S50 .J31 III-A-16", "recid": "cp737py6879", "websiteUrl": "https://purl.stanford.edu/cp737py6879", "title": "滿洲五万分一圖", "ckey": 10454760, "available": true, "iiifUrl": "https://purl.stanford.edu/cp737py6879/iiif/manifest" }, "geometry": { "type": "Polygon", "coordinates": [ [ [ 125.875, 43.833333 ], [ 126.125, 43.833333 ], [ 126.125, 43.9999997 ], [ 125.875, 43.9999997 ], [ 125.875, 43.833333 ] ] ] } },
{ "type": "Feature", "properties": { "Id": 0, "Sheet_ID": "吉林 奉天局_新京 9", "label": "吉林 奉天局_新京 9", "call_short": "G7822 .M2 S50 .J31", "call_num": "G7822 .M2 S50 .J31 III-A-9", "recid": "gf294pw6607", "websiteUrl": "https://purl.stanford.edu/gf294pw6607", "title": "滿洲五万分一圖", "ckey": 10454760, "available": true, "iiifUrl": "https://purl.stanford.edu/gf294pw6607/iiif/manifest" }, "geometry": { "type": "Polygon", "coordinates": [ [ [ 126.125, 43.833333 ], [ 126.375, 43.833333 ], [ 126.375, 43.9999997 ], [ 126.125, 43.9999997 ], [ 126.125, 43.833333 ] ] ] } },
{ "type": "Feature", "properties": { "Id": 0, "Sheet_ID": "吉林 奉天局_新京 4", "label": "吉林 奉天局_新京 4", "call_short": "G7822 .M2 S50 .J31", "call_num": "G7822 .M2 S50 .J31 III-A-4", "recid": "nh789mz7149", "websiteUrl": "https://purl.stanford.edu/nh789mz7149", "title": "滿洲五万分一圖", "ckey": 10454760, "available": true, "iiifUrl": "https://purl.stanford.edu/nh789mz7149/iiif/manifest" }, "geometry": { "type": "Polygon", "coordinates": [ [ [ 126.375, 43.833333 ], [ 126.625, 43.833333 ], [ 126.625, 43.9999997 ], [ 126.375, 43.9999997 ], [ 126.375, 43.833333 ] ] ] } },
{ "type": "Feature", "properties": { "Id": 0, "Sheet_ID": "吉林 奉天局_新京 42", "label": "吉林 奉天局_新京 42", "call_short": "G7822 .M2 S50 .J31", "call_num": "G7822 .M2 S50 .J31 III-A-42", "recid": "gv202nk1721", "websiteUrl": "https://purl.stanford.edu/gv202nk1721", "title": "滿洲五万分一圖", "ckey": 10454760, "available": true, "iiifUrl": "https://purl.stanford.edu/gv202nk1721/iiif/manifest" }, "geometry": { "type": "Polygon", "coordinates": [ [ [ 124.875, 43.9999997 ], [ 125.125, 43.9999997 ], [ 125.125, 44.1666663 ], [ 124.875, 44.1666663 ], [ 124.875, 43.9999997 ] ] ] } },
{ "type": "Feature", "properties": { "Id": 0, "Sheet_ID": "吉林 奉天局_新京 36", "label": "吉林 奉天局_新京 36", "call_short": "G7822 .M2 S50 .J31", "call_num": "G7822 .M2 S50 .J31 III-A-36", "recid": "nb769mq7425", "websiteUrl": "https://purl.stanford.edu/nb769mq7425", "title": "滿洲五万分一圖", "ckey": 10454760, "available": true, "iiifUrl": "https://purl.stanford.edu/nb769mq7425/iiif/manifest" }, "geometry": { "type": "Polygon", "coordinates": [ [ [ 125.125, 43.9999997 ], [ 125.375, 43.9999997 ], [ 125.375, 44.1666663 ], [ 125.125, 44.1666663 ], [ 125.125, 43.9999997 ] ] ] } },
{ "type": "Feature", "properties": { "Id": 0, "Sheet_ID": "吉林 奉天局_新京 30", "label": "吉林 奉天局_新京 30", "call_short": "G7822 .M2 S50 .J31", "call_num": "G7822 .M2 S50 .J31 III-A-30", "recid": "jp086fj2419", "websiteUrl": "https://purl.stanford.edu/jp086fj2419", "title": "滿洲五万分一圖", "ckey": 10454760, "available": true, "iiifUrl": "https://purl.stanford.edu/jp086fj2419/iiif/manifest" }, "geometry": { "type": "Polygon", "coordinates": [ [ [ 125.375, 43.9999997 ], [ 125.625, 43.9999997 ], [ 125.625, 44.1666663 ], [ 125.375, 44.1666663 ], [ 125.375, 43.9999997 ] ] ] } },
{ "type": "Feature", "properties": { "Id": 0, "Sheet_ID": "吉林 奉天局_新京 24", "label": "吉林 奉天局_新京 24", "call_short": "G7822 .M2 S50 .J31", "call_num": "G7822 .M2 S50 .J31 III-A-24", "recid": "xd314cy7176", "websiteUrl": "https://purl.stanford.edu/xd314cy7176", "title": "滿洲五万分一圖", "ckey": 10454760, "available": true, "iiifUrl": "https://purl.stanford.edu/xd314cy7176/iiif/manifest" }, "geometry": { "type": "Polygon", "coordinates": [ [ [ 125.625, 43.9999997 ], [ 125.875, 43.9999997 ], [ 125.875, 44.1666663 ], [ 125.625, 44.1666663 ], [ 125.625, 43.9999997 ] ] ] } },
{ "type": "Feature", "properties": { "Id": 0, "Sheet_ID": "吉林 奉天局_新京 15", "label": "吉林 奉天局_新京 15", "call_short": "G7822 .M2 S50 .J31", "call_num": "G7822 .M2 S50 .J31 III-A-15", "recid": "xf332kr9721", "websiteUrl": "https://purl.stanford.edu/xf332kr9721", "title": "滿洲五万分一圖", "ckey": 10454760, "available": true, "iiifUrl": "https://purl.stanford.edu/xf332kr9721/iiif/manifest" }, "geometry": { "type": "Polygon", "coordinates": [ [ [ 125.875, 43.9999997 ], [ 126.125, 43.9999997 ], [ 126.125, 44.1666663 ], [ 125.875, 44.1666663 ], [ 125.875, 43.9999997 ] ] ] } },
{ "type": "Feature", "properties": { "Id": 0, "Sheet_ID": "吉林 奉天局_新京 8", "label": "吉林 奉天局_新京 8", "call_short": "G7822 .M2 S50 .J31", "call_num": "G7822 .M2 S50 .J31 III-A-8", "recid": "pn897vp4868", "websiteUrl": "https://purl.stanford.edu/pn897vp4868", "title": "滿洲五万分一圖", "ckey": 10454760, "available": true, "iiifUrl": "https://purl.stanford.edu/pn897vp4868/iiif/manifest" }, "geometry": { "type": "Polygon", "coordinates": [ [ [ 126.125, 43.9999997 ], [ 126.375, 43.9999997 ], [ 126.375, 44.1666663 ], [ 126.125, 44.1666663 ], [ 126.125, 43.9999997 ] ] ] } },
{ "type": "Feature", "properties": { "Id": 0, "Sheet_ID": "吉林 奉天局_新京 3", "label": "吉林 奉天局_新京 3", "call_short": "G7822 .M2 S50 .J31", "call_num": "G7822 .M2 S50 .J31 III-A-3", "recid": "jx104px0446", "websiteUrl": "https://purl.stanford.edu/jx104px0446", "title": "滿洲五万分一圖", "ckey": 10454760, "available": true, "iiifUrl": "https://purl.stanford.edu/jx104px0446/iiif/manifest" }, "geometry": { "type": "Polygon", "coordinates": [ [ [ 126.375, 43.9999997 ], [ 126.625, 43.9999997 ], [ 126.625, 44.1666663 ], [ 126.375, 44.1666663 ], [ 126.375, 43.9999997 ] ] ] } },
{ "type": "Feature", "properties": { "Id": 0, "Sheet_ID": "吉林 奉天局_新京 41", "label": "吉林 奉天局_新京 41", "call_short": "G7822 .M2 S50 .J31", "call_num": "G7822 .M2 S50 .J31 III-A-41", "recid": "rm014yr1343", "websiteUrl": "https://purl.stanford.edu/rm014yr1343", "title": "滿洲五万分一圖", "ckey": 10454760, "available": true, "iiifUrl": "https://purl.stanford.edu/rm014yr1343/iiif/manifest" }, "geometry": { "type": "Polygon", "coordinates": [ [ [ 124.875, 44.1666663 ], [ 125.125, 44.1666663 ], [ 125.125, 44.333333 ], [ 124.875, 44.333333 ], [ 124.875, 44.1666663 ] ] ] } },
{ "type": "Feature", "properties": { "Id": 0, "Sheet_ID": "吉林 奉天局_新京 35", "label": "吉林 奉天局_新京 35", "call_short": "G7822 .M2 S50 .J31", "call_num": "G7822 .M2 S50 .J31 III-A-35", "recid": "ch561zy2551", "websiteUrl": "https://purl.stanford.edu/ch561zy2551", "title": "滿洲五万分一圖", "ckey": 10454760, "available": true, "iiifUrl": "https://purl.stanford.edu/ch561zy2551/iiif/manifest" }, "geometry": { "type": "Polygon", "coordinates": [ [ [ 125.125, 44.1666663 ], [ 125.375, 44.1666663 ], [ 125.375, 44.333333 ], [ 125.125, 44.333333 ], [ 125.125, 44.1666663 ] ] ] } },
{ "type": "Feature", "properties": { "Id": 0, "Sheet_ID": "吉林 奉天局_新京 29", "label": "吉林 奉天局_新京 29", "call_short": "G7822 .M2 S50 .J31", "call_num": "G7822 .M2 S50 .J31 III-A-29", "recid": "jn970xj6811", "websiteUrl": "https://purl.stanford.edu/jn970xj6811", "title": "滿洲五万分一圖", "ckey": 10454760, "available": true, "iiifUrl": "https://purl.stanford.edu/jn970xj6811/iiif/manifest" }, "geometry": { "type": "Polygon", "coordinates": [ [ [ 125.375, 44.1666663 ], [ 125.625, 44.1666663 ], [ 125.625, 44.333333 ], [ 125.375, 44.333333 ], [ 125.375, 44.1666663 ] ] ] } },
{ "type": "Feature", "properties": { "Id": 0, "Sheet_ID": "吉林 奉天局_新京 23", "label": "吉林 奉天局_新京 23", "call_short": "G7822 .M2 S50 .J31", "call_num": "G7822 .M2 S50 .J31 III-A-23", "recid": "ph179vy1294", "websiteUrl": "https://purl.stanford.edu/ph179vy1294", "title": "滿洲五万分一圖", "ckey": 10454760, "available": true, "iiifUrl": "https://purl.stanford.edu/ph179vy1294/iiif/manifest" }, "geometry": { "type": "Polygon", "coordinates": [ [ [ 125.625, 44.1666663 ], [ 125.875, 44.1666663 ], [ 125.875, 44.333333 ], [ 125.625, 44.333333 ], [ 125.625, 44.1666663 ] ] ] } },
{ "type": "Feature", "properties": { "Id": 0, "Sheet_ID": "吉林 奉天局_新京 14", "label": "吉林 奉天局_新京 14", "call_short": "G7822 .M2 S50 .J31", "call_num": "G7822 .M2 S50 .J31 III-A-14", "recid": "yh855ch7487", "websiteUrl": "https://purl.stanford.edu/yh855ch7487", "title": "滿洲五万分一圖", "ckey": 10454760, "available": true, "iiifUrl": "https://purl.stanford.edu/yh855ch7487/iiif/manifest" }, "geometry": { "type": "Polygon", "coordinates": [ [ [ 125.875, 44.1666663 ], [ 126.125, 44.1666663 ], [ 126.125, 44.333333 ], [ 125.875, 44.333333 ], [ 125.875, 44.1666663 ] ] ] } },
{ "type": "Feature", "properties": { "Id": 0, "Sheet_ID": "吉林 奉天局_新京 7", "label": "吉林 奉天局_新京 7", "call_short": "G7822 .M2 S50 .J31", "call_num": "G7822 .M2 S50 .J31 III-A-7", "recid": "dd237fc4797", "websiteUrl": "https://purl.stanford.edu/dd237fc4797", "title": "滿洲五万分一圖", "ckey": 10454760, "available": true, "iiifUrl": "https://purl.stanford.edu/dd237fc4797/iiif/manifest" }, "geometry": { "type": "Polygon", "coordinates": [ [ [ 126.125, 44.1666663 ], [ 126.375, 44.1666663 ], [ 126.375, 44.333333 ], [ 126.125, 44.333333 ], [ 126.125, 44.1666663 ] ] ] } },
{ "type": "Feature", "properties": { "Id": 0, "Sheet_ID": "吉林 奉天局_新京 2", "label": "吉林 奉天局_新京 2", "call_short": "G7822 .M2 S50 .J31", "call_num": "G7822 .M2 S50 .J31 III-A-2", "recid": "nk361ds2773", "websiteUrl": "https://purl.stanford.edu/nk361ds2773", "title": "滿洲五万分一圖", "ckey": 10454760, "available": true, "iiifUrl": "https://purl.stanford.edu/nk361ds2773/iiif/manifest" }, "geometry": { "type": "Polygon", "coordinates": [ [ [ 126.375, 44.1666663 ], [ 126.625, 44.1666663 ], [ 126.625, 44.333333 ], [ 126.375, 44.333333 ], [ 126.375, 44.1666663 ] ] ] } },
{ "type": "Feature", "properties": { "Id": 0, "Sheet_ID": "吉林 奉天局_新京 22", "label": "吉林 奉天局_新京 22", "call_short": "G7822 .M2 S50 .J31", "call_num": "G7822 .M2 S50 .J31 III-A-22", "recid": "gw251jg8682", "websiteUrl": "https://purl.stanford.edu/gw251jg8682", "title": "滿洲五万分一圖", "ckey": 10454760, "available": true, "iiifUrl": "https://purl.stanford.edu/gw251jg8682/iiif/manifest" }, "geometry": { "type": "Polygon", "coordinates": [ [ [ 125.625, 44.333333 ], [ 125.875, 44.333333 ], [ 125.875, 44.4999997 ], [ 125.625, 44.4999997 ], [ 125.625, 44.333333 ] ] ] } },
{ "type": "Feature", "properties": { "Id": 0, "Sheet_ID": "吉林 奉天局_新京 13", "label": "吉林 奉天局_新京 13", "call_short": "G7822 .M2 S50 .J31", "call_num": "G7822 .M2 S50 .J31 III-A-13", "recid": "rf959qf5487", "websiteUrl": "https://purl.stanford.edu/rf959qf5487", "title": "滿洲五万分一圖", "ckey": 10454760, "available": true, "iiifUrl": "https://purl.stanford.edu/rf959qf5487/iiif/manifest" }, "geometry": { "type": "Polygon", "coordinates": [ [ [ 125.875, 44.333333 ], [ 126.125, 44.333333 ], [ 126.125, 44.4999997 ], [ 125.875, 44.4999997 ], [ 125.875, 44.333333 ] ] ] } },
{ "type": "Feature", "properties": { "Id": 0, "Sheet_ID": "吉林 奉天局_新京 6", "label": "吉林 奉天局_新京 6", "call_short": "G7822 .M2 S50 .J31", "call_num": "G7822 .M2 S50 .J31 III-A-6", "recid": "cm661pg7143", "websiteUrl": "https://purl.stanford.edu/cm661pg7143", "title": "滿洲五万分一圖", "ckey": 10454760, "available": true, "iiifUrl": "https://purl.stanford.edu/cm661pg7143/iiif/manifest" }, "geometry": { "type": "Polygon", "coordinates": [ [ [ 126.125, 44.333333 ], [ 126.375, 44.333333 ], [ 126.375, 44.4999997 ], [ 126.125, 44.4999997 ], [ 126.125, 44.333333 ] ] ] } },
{ "type": "Feature", "properties": { "Id": 0, "Sheet_ID": "吉林 奉天局_新京 1", "label": "吉林 奉天局_新京 1", "call_short": "G7822 .M2 S50 .J31", "call_num": "G7822 .M2 S50 .J31 III-A-1", "recid": "qx804xj9055", "websiteUrl": "https://purl.stanford.edu/qx804xj9055", "title": "滿洲五万分一圖", "ckey": 10454760, "available": true, "iiifUrl": "https://purl.stanford.edu/qx804xj9055/iiif/manifest" }, "geometry": { "type": "Polygon", "coordinates": [ [ [ 126.375, 44.333333 ], [ 126.625, 44.333333 ], [ 126.625, 44.4999997 ], [ 126.375, 44.4999997 ], [ 126.375, 44.333333 ] ] ] } },
{ "type": "Feature", "properties": { "Id": 0, "Sheet_ID": "吉林 奉天局_新京 21", "label": "吉林 奉天局_新京 21", "call_short": "G7822 .M2 S50 .J31", "call_num": "G7822 .M2 S50 .J31 III-A-21", "recid": "mp773kk2213", "websiteUrl": "https://purl.stanford.edu/mp773kk2213", "title": "滿洲五万分一圖", "ckey": 10454760, "available": true, "iiifUrl": "https://purl.stanford.edu/mp773kk2213/iiif/manifest" }, "geometry": { "type": "Polygon", "coordinates": [ [ [ 125.625, 44.4999997 ], [ 125.875, 44.4999997 ], [ 125.875, 44.6666663 ], [ 125.625, 44.6666663 ], [ 125.625, 44.4999997 ] ] ] } },
{ "type": "Feature", "properties": { "Id": 0, "Sheet_ID": "吉林 奉天局_新京 20", "label": "吉林 奉天局_新京 20", "call_short": "G7822 .M2 S50 .J31", "call_num": "G7822 .M2 S50 .J31 III-A-20", "recid": "wj648hr6987", "websiteUrl": "https://purl.stanford.edu/wj648hr6987", "title": "滿洲五万分一圖", "ckey": 10454760, "available": true, "iiifUrl": "https://purl.stanford.edu/wj648hr6987/iiif/manifest" }, "geometry": { "type": "Polygon", "coordinates": [ [ [ 125.625, 44.6666663 ], [ 125.875, 44.6666663 ], [ 125.875, 44.833333 ], [ 125.625, 44.833333 ], [ 125.625, 44.6666663 ] ] ] } },
{ "type": "Feature", "properties": { "Id": 0, "Sheet_ID": "吉林 奉天局_錦州 64", "label": "吉林 奉天局_錦州 64", "call_short": "G7822 .M2 S50 .J31", "call_num": "G7822 .M2 S50 .J31 III-H-64", "recid": "tg117nh2934", "websiteUrl": "https://purl.stanford.edu/tg117nh2934", "title": "滿洲五万分一圖", "ckey": 10454760, "available": true, "iiifUrl": "https://purl.stanford.edu/tg117nh2934/iiif/manifest" }, "geometry": { "type": "Polygon", "coordinates": [ [ [ 119.875, 39.833333 ], [ 120.125, 39.833333 ], [ 120.125, 39.9999997 ], [ 119.875, 39.9999997 ], [ 119.875, 39.833333 ] ] ] } },
{ "type": "Feature", "properties": { "Id": 0, "Sheet_ID": "吉林 奉天局_錦州 63", "label": "吉林 奉天局_錦州 63", "call_short": "G7822 .M2 S50 .J31", "call_num": "G7822 .M2 S50 .J31 III-H-63", "recid": "xd878xb4277", "websiteUrl": "https://purl.stanford.edu/xd878xb4277", "title": "滿洲五万分一圖", "ckey": 10454760, "available": true, "iiifUrl": "https://purl.stanford.edu/xd878xb4277/iiif/manifest" }, "geometry": { "type": "Polygon", "coordinates": [ [ [ 119.875, 39.9999997 ], [ 120.125, 39.9999997 ], [ 120.125, 40.1666665 ], [ 119.875, 40.1666665 ], [ 119.875, 39.9999997 ] ] ] } },
{ "type": "Feature", "properties": { "Id": 0, "Sheet_ID": "吉林 奉天局_錦州 59", "label": "吉林 奉天局_錦州 59", "call_short": "G7822 .M2 S50 .J31", "call_num": "G7822 .M2 S50 .J31 III-H-59", "recid": "jd351sx2941", "websiteUrl": "https://purl.stanford.edu/jd351sx2941", "title": "滿洲五万分一圖", "ckey": 10454760, "available": true, "iiifUrl": "https://purl.stanford.edu/jd351sx2941/iiif/manifest" }, "geometry": { "type": "Polygon", "coordinates": [ [ [ 120.125, 39.9999997 ], [ 120.375, 39.9999997 ], [ 120.375, 40.1666665 ], [ 120.125, 40.1666665 ], [ 120.125, 39.9999997 ] ] ] } },
{ "type": "Feature", "properties": { "Id": 0, "Sheet_ID": "吉林 奉天局_錦州 62", "label": "吉林 奉天局_錦州 62", "call_short": "G7822 .M2 S50 .J31", "call_num": "G7822 .M2 S50 .J31 III-H-62", "recid": "yz749cy1533", "websiteUrl": "https://purl.stanford.edu/yz749cy1533", "title": "滿洲五万分一圖", "ckey": 10454760, "available": true, "iiifUrl": "https://purl.stanford.edu/yz749cy1533/iiif/manifest" }, "geometry": { "type": "Polygon", "coordinates": [ [ [ 119.875, 40.1666665 ], [ 120.125, 40.1666665 ], [ 120.125, 40.3333332 ], [ 119.875, 40.3333332 ], [ 119.875, 40.1666665 ] ] ] } },
{ "type": "Feature", "properties": { "Id": 0, "Sheet_ID": "吉林 奉天局_錦州 58", "label": "吉林 奉天局_錦州 58", "call_short": "G7822 .M2 S50 .J31", "call_num": "G7822 .M2 S50 .J31 III-H-58", "recid": "yy575vm9042", "websiteUrl": "https://purl.stanford.edu/yy575vm9042", "title": "滿洲五万分一圖", "ckey": 10454760, "available": true, "iiifUrl": "https://purl.stanford.edu/yy575vm9042/iiif/manifest" }, "geometry": { "type": "Polygon", "coordinates": [ [ [ 120.125, 40.1666665 ], [ 120.375, 40.1666665 ], [ 120.375, 40.3333332 ], [ 120.125, 40.3333332 ], [ 120.125, 40.1666665 ] ] ] } },
{ "type": "Feature", "properties": { "Id": 0, "Sheet_ID": "吉林 奉天局_錦州 54", "label": "吉林 奉天局_錦州 54", "call_short": "G7822 .M2 S50 .J31", "call_num": "G7822 .M2 S50 .J31 III-H-54", "recid": "hs794xv8853", "websiteUrl": "https://purl.stanford.edu/hs794xv8853", "title": "滿洲五万分一圖", "ckey": 10454760, "available": true, "iiifUrl": "https://purl.stanford.edu/hs794xv8853/iiif/manifest" }, "geometry": { "type": "Polygon", "coordinates": [ [ [ 120.375, 40.1666665 ], [ 120.625, 40.1666665 ], [ 120.625, 40.3333332 ], [ 120.375, 40.3333332 ], [ 120.375, 40.1666665 ] ] ] } },
{ "type": "Feature", "properties": { "Id": 0, "Sheet_ID": "吉林 奉天局_錦州 61", "label": "吉林 奉天局_錦州 61", "call_short": "G7822 .M2 S50 .J31", "call_num": "G7822 .M2 S50 .J31 III-H-61", "recid": "xx190sc1827", "websiteUrl": "https://purl.stanford.edu/xx190sc1827", "title": "滿洲五万分一圖", "ckey": 10454760, "available": true, "iiifUrl": "https://purl.stanford.edu/xx190sc1827/iiif/manifest" }, "geometry": { "type": "Polygon", "coordinates": [ [ [ 119.875, 40.3333332 ], [ 120.125, 40.3333332 ], [ 120.125, 40.4999999 ], [ 119.875, 40.4999999 ], [ 119.875, 40.3333332 ] ] ] } },
{ "type": "Feature", "properties": { "Id": 0, "Sheet_ID": "吉林 奉天局_錦州 57", "label": "吉林 奉天局_錦州 57", "call_short": "G7822 .M2 S50 .J31", "call_num": "G7822 .M2 S50 .J31 III-H-57", "recid": "mh920vk8693", "websiteUrl": "https://purl.stanford.edu/mh920vk8693", "title": "滿洲五万分一圖", "ckey": 10454760, "available": true, "iiifUrl": "https://purl.stanford.edu/mh920vk8693/iiif/manifest" }, "geometry": { "type": "Polygon", "coordinates": [ [ [ 120.125, 40.3333332 ], [ 120.375, 40.3333332 ], [ 120.375, 40.4999999 ], [ 120.125, 40.4999999 ], [ 120.125, 40.3333332 ] ] ] } },
{ "type": "Feature", "properties": { "Id": 0, "Sheet_ID": "吉林 奉天局_錦州 53", "label": "吉林 奉天局_錦州 53", "call_short": "G7822 .M2 S50 .J31", "call_num": "G7822 .M2 S50 .J31 III-H-53", "recid": "xr591bw7681", "websiteUrl": "https://purl.stanford.edu/xr591bw7681", "title": "滿洲五万分一圖", "ckey": 10454760, "available": true, "iiifUrl": "https://purl.stanford.edu/xr591bw7681/iiif/manifest" }, "geometry": { "type": "Polygon", "coordinates": [ [ [ 120.375, 40.3333332 ], [ 120.625, 40.3333332 ], [ 120.625, 40.4999999 ], [ 120.375, 40.4999999 ], [ 120.375, 40.3333332 ] ] ] } },
{ "type": "Feature", "properties": { "Id": 0, "Sheet_ID": "吉林 奉天局_錦州 49", "label": "吉林 奉天局_錦州 49", "call_short": "G7822 .M2 S50 .J31", "call_num": "G7822 .M2 S50 .J31 III-H-49", "recid": "mb871sw8788", "websiteUrl": "https://purl.stanford.edu/mb871sw8788", "title": "滿洲五万分一圖", "ckey": 10454760, "available": true, "iiifUrl": "https://purl.stanford.edu/mb871sw8788/iiif/manifest" }, "geometry": { "type": "Polygon", "coordinates": [ [ [ 120.625, 40.3333332 ], [ 120.875, 40.3333332 ], [ 120.875, 40.4999999 ], [ 120.625, 40.4999999 ], [ 120.625, 40.3333332 ] ] ] } },
{ "type": "Feature", "properties": { "Id": 0, "Sheet_ID": "吉林 奉天局_錦州 60", "label": "吉林 奉天局_錦州 60", "call_short": "G7822 .M2 S50 .J31", "call_num": "G7822 .M2 S50 .J31 III-H-60", "recid": "pf850dg9033", "websiteUrl": "https://purl.stanford.edu/pf850dg9033", "title": "滿洲五万分一圖", "ckey": 10454760, "available": true, "iiifUrl": "https://purl.stanford.edu/pf850dg9033/iiif/manifest" }, "geometry": { "type": "Polygon", "coordinates": [ [ [ 119.875, 40.4999999 ], [ 120.125, 40.4999999 ], [ 120.125, 40.6666666 ], [ 119.875, 40.6666666 ], [ 119.875, 40.4999999 ] ] ] } },
{ "type": "Feature", "properties": { "Id": 0, "Sheet_ID": "吉林 奉天局_錦州 56", "label": "吉林 奉天局_錦州 56", "call_short": "G7822 .M2 S50 .J31", "call_num": "G7822 .M2 S50 .J31 III-H-56", "recid": "qh143mw9417", "websiteUrl": "https://purl.stanford.edu/qh143mw9417", "title": "滿洲五万分一圖", "ckey": 10454760, "available": true, "iiifUrl": "https://purl.stanford.edu/qh143mw9417/iiif/manifest" }, "geometry": { "type": "Polygon", "coordinates": [ [ [ 120.125, 40.4999999 ], [ 120.375, 40.4999999 ], [ 120.375, 40.6666666 ], [ 120.125, 40.6666666 ], [ 120.125, 40.4999999 ] ] ] } },
{ "type": "Feature", "properties": { "Id": 0, "Sheet_ID": "吉林 奉天局_錦州 52", "label": "吉林 奉天局_錦州 52", "call_short": "G7822 .M2 S50 .J31", "call_num": "G7822 .M2 S50 .J31 III-H-52", "recid": "vz737fy6978", "websiteUrl": "https://purl.stanford.edu/vz737fy6978", "title": "滿洲五万分一圖", "ckey": 10454760, "available": true, "iiifUrl": "https://purl.stanford.edu/vz737fy6978/iiif/manifest" }, "geometry": { "type": "Polygon", "coordinates": [ [ [ 120.375, 40.4999999 ], [ 120.625, 40.4999999 ], [ 120.625, 40.6666666 ], [ 120.375, 40.6666666 ], [ 120.375, 40.4999999 ] ] ] } },
{ "type": "Feature", "properties": { "Id": 0, "Sheet_ID": "吉林 奉天局_錦州 48", "label": "吉林 奉天局_錦州 48", "call_short": "G7822 .M2 S50 .J31", "call_num": "G7822 .M2 S50 .J31 III-H-48", "recid": "hv305fw5937", "websiteUrl": "https://purl.stanford.edu/hv305fw5937", "title": "滿洲五万分一圖", "ckey": 10454760, "available": true, "iiifUrl": "https://purl.stanford.edu/hv305fw5937/iiif/manifest" }, "geometry": { "type": "Polygon", "coordinates": [ [ [ 120.625, 40.4999999 ], [ 120.875, 40.4999999 ], [ 120.875, 40.6666666 ], [ 120.625, 40.6666666 ], [ 120.625, 40.4999999 ] ] ] } },
{ "type": "Feature", "properties": { "Id": 0, "Sheet_ID": "吉林 奉天局_錦州 55", "label": "吉林 奉天局_錦州 55", "call_short": "G7822 .M2 S50 .J31", "call_num": "G7822 .M2 S50 .J31 III-H-55", "recid": "ny291by9291", "websiteUrl": "https://purl.stanford.edu/ny291by9291", "title": "滿洲五万分一圖", "ckey": 10454760, "available": true, "iiifUrl": "https://purl.stanford.edu/ny291by9291/iiif/manifest" }, "geometry": { "type": "Polygon", "coordinates": [ [ [ 120.125, 40.6666666 ], [ 120.375, 40.6666666 ], [ 120.375, 40.8333334 ], [ 120.125, 40.8333334 ], [ 120.125, 40.6666666 ] ] ] } },
{ "type": "Feature", "properties": { "Id": 0, "Sheet_ID": "吉林 奉天局_錦州 51", "label": "吉林 奉天局_錦州 51", "call_short": "G7822 .M2 S50 .J31", "call_num": "G7822 .M2 S50 .J31 III-H-51", "recid": "rc039fd7289", "websiteUrl": "https://purl.stanford.edu/rc039fd7289", "title": "滿洲五万分一圖", "ckey": 10454760, "available": true, "iiifUrl": "https://purl.stanford.edu/rc039fd7289/iiif/manifest" }, "geometry": { "type": "Polygon", "coordinates": [ [ [ 120.375, 40.6666666 ], [ 120.625, 40.6666666 ], [ 120.625, 40.8333334 ], [ 120.375, 40.8333334 ], [ 120.375, 40.6666666 ] ] ] } },
{ "type": "Feature", "properties": { "Id": 0, "Sheet_ID": "吉林 奉天局_錦州 47", "label": "吉林 奉天局_錦州 47", "call_short": "G7822 .M2 S50 .J31", "call_num": "G7822 .M2 S50 .J31 III-H-47", "recid": "ms128sv1722", "websiteUrl": "https://purl.stanford.edu/ms128sv1722", "title": "滿洲五万分一圖", "ckey": 10454760, "available": true, "iiifUrl": "https://purl.stanford.edu/ms128sv1722/iiif/manifest" }, "geometry": { "type": "Polygon", "coordinates": [ [ [ 120.625, 40.6666666 ], [ 120.875, 40.6666666 ], [ 120.875, 40.8333334 ], [ 120.625, 40.8333334 ], [ 120.625, 40.6666666 ] ] ] } },
{ "type": "Feature", "properties": { "Id": 0, "Sheet_ID": "吉林 奉天局_錦州 43", "label": "吉林 奉天局_錦州 43", "call_short": "G7822 .M2 S50 .J31", "call_num": "G7822 .M2 S50 .J31 III-H-43", "recid": "cw525fv8314", "websiteUrl": "https://purl.stanford.edu/cw525fv8314", "title": "滿洲五万分一圖", "ckey": 10454760, "available": true, "iiifUrl": "https://purl.stanford.edu/cw525fv8314/iiif/manifest" }, "geometry": { "type": "Polygon", "coordinates": [ [ [ 120.875, 40.6666666 ], [ 121.125, 40.6666666 ], [ 121.125, 40.8333334 ], [ 120.875, 40.8333334 ], [ 120.875, 40.6666666 ] ] ] } },
{ "type": "Feature", "properties": { "Id": 0, "Sheet_ID": "吉林 奉天局_錦州 50", "label": "吉林 奉天局_錦州 50", "call_short": "G7822 .M2 S50 .J31", "call_num": "G7822 .M2 S50 .J31 III-H-50", "recid": "hh087tk4243", "websiteUrl": "https://purl.stanford.edu/hh087tk4243", "title": "滿洲五万分一圖", "ckey": 10454760, "available": true, "iiifUrl": "https://purl.stanford.edu/hh087tk4243/iiif/manifest" }, "geometry": { "type": "Polygon", "coordinates": [ [ [ 120.375, 40.8333334 ], [ 120.625, 40.8333334 ], [ 120.625, 41.0000001 ], [ 120.375, 41.0000001 ], [ 120.375, 40.8333334 ] ] ] } },
{ "type": "Feature", "properties": { "Id": 0, "Sheet_ID": "吉林 奉天局_錦州 46", "label": "吉林 奉天局_錦州 46", "call_short": "G7822 .M2 S50 .J31", "call_num": "G7822 .M2 S50 .J31 III-H-46", "recid": "rh153db4190", "websiteUrl": "https://purl.stanford.edu/rh153db4190", "title": "滿洲五万分一圖", "ckey": 10454760, "available": true, "iiifUrl": "https://purl.stanford.edu/rh153db4190/iiif/manifest" }, "geometry": { "type": "Polygon", "coordinates": [ [ [ 120.625, 40.8333334 ], [ 120.875, 40.8333334 ], [ 120.875, 41.0000001 ], [ 120.625, 41.0000001 ], [ 120.625, 40.8333334 ] ] ] } },
{ "type": "Feature", "properties": { "Id": 0, "Sheet_ID": "吉林 奉天局_錦州 42", "label": "吉林 奉天局_錦州 42", "call_short": "G7822 .M2 S50 .J31", "call_num": "G7822 .M2 S50 .J31 III-H-42", "recid": "nm449pr6098", "websiteUrl": "https://purl.stanford.edu/nm449pr6098", "title": "滿洲五万分一圖", "ckey": 10454760, "available": true, "iiifUrl": "https://purl.stanford.edu/nm449pr6098/iiif/manifest" }, "geometry": { "type": "Polygon", "coordinates": [ [ [ 120.875, 40.8333334 ], [ 121.125, 40.8333334 ], [ 121.125, 41.0000001 ], [ 120.875, 41.0000001 ], [ 120.875, 40.8333334 ] ] ] } },
{ "type": "Feature", "properties": { "Id": 0, "Sheet_ID": "吉林 奉天局_錦州 37", "label": "吉林 奉天局_錦州 37", "call_short": "G7822 .M2 S50 .J31", "call_num": "G7822 .M2 S50 .J31 III-H-37", "recid": "np614sk3074", "websiteUrl": "https://purl.stanford.edu/np614sk3074", "title": "滿洲五万分一圖", "ckey": 10454760, "available": true, "iiifUrl": "https://purl.stanford.edu/np614sk3074/iiif/manifest" }, "geometry": { "type": "Polygon", "coordinates": [ [ [ 121.125, 40.8333334 ], [ 121.375, 40.8333334 ], [ 121.375, 41.0000001 ], [ 121.125, 41.0000001 ], [ 121.125, 40.8333334 ] ] ] } },
{ "type": "Feature", "properties": { "Id": 0, "Sheet_ID": "吉林 奉天局_錦州 32", "label": "吉林 奉天局_錦州 32", "call_short": "G7822 .M2 S50 .J31", "call_num": "G7822 .M2 S50 .J31 III-H-32", "recid": "dz696rd9139", "websiteUrl": "https://purl.stanford.edu/dz696rd9139", "title": "滿洲五万分一圖", "ckey": 10454760, "available": true, "iiifUrl": "https://purl.stanford.edu/dz696rd9139/iiif/manifest" }, "geometry": { "type": "Polygon", "coordinates": [ [ [ 121.375, 40.8333334 ], [ 121.625, 40.8333334 ], [ 121.625, 41.0000001 ], [ 121.375, 41.0000001 ], [ 121.375, 40.8333334 ] ] ] } },
{ "type": "Feature", "properties": { "Id": 0, "Sheet_ID": "吉林 奉天局_錦州 27", "label": "吉林 奉天局_錦州 27", "call_short": "G7822 .M2 S50 .J31", "call_num": "G7822 .M2 S50 .J31 III-H-27", "recid": "ns970rn5657", "websiteUrl": "https://purl.stanford.edu/ns970rn5657", "title": "滿洲五万分一圖", "ckey": 10454760, "available": true, "iiifUrl": "https://purl.stanford.edu/ns970rn5657/iiif/manifest" }, "geometry": { "type": "Polygon", "coordinates": [ [ [ 121.625, 40.8333334 ], [ 121.875, 40.8333334 ], [ 121.875, 41.0000001 ], [ 121.625, 41.0000001 ], [ 121.625, 40.8333334 ] ] ] } },
{ "type": "Feature", "properties": { "Id": 0, "Sheet_ID": "吉林 奉天局_錦州 22", "label": "吉林 奉天局_錦州 22", "call_short": "G7822 .M2 S50 .J31", "call_num": "G7822 .M2 S50 .J31 III-H-22", "recid": "hh045yj6715", "websiteUrl": "https://purl.stanford.edu/hh045yj6715", "title": "滿洲五万分一圖", "ckey": 10454760, "available": true, "iiifUrl": "https://purl.stanford.edu/hh045yj6715/iiif/manifest" }, "geometry": { "type": "Polygon", "coordinates": [ [ [ 121.875, 40.8333334 ], [ 122.125, 40.8333334 ], [ 122.125, 41.0000001 ], [ 121.875, 41.0000001 ], [ 121.875, 40.8333334 ] ] ] } },
{ "type": "Feature", "properties": { "Id": 0, "Sheet_ID": "吉林 奉天局_錦州 17", "label": "吉林 奉天局_錦州 17", "call_short": "G7822 .M2 S50 .J31", "call_num": "G7822 .M2 S50 .J31 III-H-17", "recid": "zh302cn5568", "websiteUrl": "https://purl.stanford.edu/zh302cn5568", "title": "滿洲五万分一圖", "ckey": 10454760, "available": true, "iiifUrl": "https://purl.stanford.edu/zh302cn5568/iiif/manifest" }, "geometry": { "type": "Polygon", "coordinates": [ [ [ 122.125, 40.8333334 ], [ 122.375, 40.8333334 ], [ 122.375, 41.0000001 ], [ 122.125, 41.0000001 ], [ 122.125, 40.8333334 ] ] ] } },
{ "type": "Feature", "properties": { "Id": 0, "Sheet_ID": "吉林 奉天局_錦州 45", "label": "吉林 奉天局_錦州 45", "call_short": "G7822 .M2 S50 .J31", "call_num": "G7822 .M2 S50 .J31 III-H-45", "recid": "nn646wv8286", "websiteUrl": "https://purl.stanford.edu/nn646wv8286", "title": "滿洲五万分一圖", "ckey": 10454760, "available": true, "iiifUrl": "https://purl.stanford.edu/nn646wv8286/iiif/manifest" }, "geometry": { "type": "Polygon", "coordinates": [ [ [ 120.625, 41.0000001 ], [ 120.875, 41.0000001 ], [ 120.875, 41.1666668 ], [ 120.625, 41.1666668 ], [ 120.625, 41.0000001 ] ] ] } },
{ "type": "Feature", "properties": { "Id": 0, "Sheet_ID": "吉林 奉天局_錦州 41", "label": "吉林 奉天局_錦州 41", "call_short": "G7822 .M2 S50 .J31", "call_num": "G7822 .M2 S50 .J31 III-H-41", "recid": "kh577cz1669", "websiteUrl": "https://purl.stanford.edu/kh577cz1669", "title": "滿洲五万分一圖", "ckey": 10454760, "available": true, "iiifUrl": "https://purl.stanford.edu/kh577cz1669/iiif/manifest" }, "geometry": { "type": "Polygon", "coordinates": [ [ [ 120.875, 41.0000001 ], [ 121.125, 41.0000001 ], [ 121.125, 41.1666668 ], [ 120.875, 41.1666668 ], [ 120.875, 41.0000001 ] ] ] } },
{ "type": "Feature", "properties": { "Id": 0, "Sheet_ID": "吉林 奉天局_錦州 36", "label": "吉林 奉天局_錦州 36", "call_short": null, "call_num": null, "recid": null, "websiteUrl": null, "title": null, "ckey": 0, "available": false, "iiifUrl": null }, "geometry": { "type": "Polygon", "coordinates": [ [ [ 121.125, 41.0000001 ], [ 121.375, 41.0000001 ], [ 121.375, 41.1666668 ], [ 121.125, 41.1666668 ], [ 121.125, 41.0000001 ] ] ] } },
{ "type": "Feature", "properties": { "Id": 0, "Sheet_ID": "吉林 奉天局_錦州 31", "label": "吉林 奉天局_錦州 31", "call_short": "G7822 .M2 S50 .J31", "call_num": "G7822 .M2 S50 .J31 III-H-31", "recid": "kj953pz1029", "websiteUrl": "https://purl.stanford.edu/kj953pz1029", "title": "滿洲五万分一圖", "ckey": 10454760, "available": true, "iiifUrl": "https://purl.stanford.edu/kj953pz1029/iiif/manifest" }, "geometry": { "type": "Polygon", "coordinates": [ [ [ 121.375, 41.0000001 ], [ 121.625, 41.0000001 ], [ 121.625, 41.1666668 ], [ 121.375, 41.1666668 ], [ 121.375, 41.0000001 ] ] ] } },
{ "type": "Feature", "properties": { "Id": 0, "Sheet_ID": "吉林 奉天局_錦州 26", "label": "吉林 奉天局_錦州 26", "call_short": "G7822 .M2 S50 .J31", "call_num": "G7822 .M2 S50 .J31 III-H-26", "recid": "mn046wr9449", "websiteUrl": "https://purl.stanford.edu/mn046wr9449", "title": "滿洲五万分一圖", "ckey": 10454760, "available": true, "iiifUrl": "https://purl.stanford.edu/mn046wr9449/iiif/manifest" }, "geometry": { "type": "Polygon", "coordinates": [ [ [ 121.625, 41.0000001 ], [ 121.875, 41.0000001 ], [ 121.875, 41.1666668 ], [ 121.625, 41.1666668 ], [ 121.625, 41.0000001 ] ] ] } },
{ "type": "Feature", "properties": { "Id": 0, "Sheet_ID": "吉林 奉天局_錦州 21", "label": "吉林 奉天局_錦州 21", "call_short": "G7822 .M2 S50 .J31", "call_num": "G7822 .M2 S50 .J31 III-H-21", "recid": "cz223hr9568", "websiteUrl": "https://purl.stanford.edu/cz223hr9568", "title": "滿洲五万分一圖", "ckey": 10454760, "available": true, "iiifUrl": "https://purl.stanford.edu/cz223hr9568/iiif/manifest" }, "geometry": { "type": "Polygon", "coordinates": [ [ [ 121.875, 41.0000001 ], [ 122.125, 41.0000001 ], [ 122.125, 41.1666668 ], [ 121.875, 41.1666668 ], [ 121.875, 41.0000001 ] ] ] } },
{ "type": "Feature", "properties": { "Id": 0, "Sheet_ID": "吉林 奉天局_錦州 16", "label": "吉林 奉天局_錦州 16", "call_short": "G7822 .M2 S50 .J31", "call_num": "G7822 .M2 S50 .J31 III-H-16", "recid": "hp255xb5975", "websiteUrl": "https://purl.stanford.edu/hp255xb5975", "title": "滿洲五万分一圖", "ckey": 10454760, "available": true, "iiifUrl": "https://purl.stanford.edu/hp255xb5975/iiif/manifest" }, "geometry": { "type": "Polygon", "coordinates": [ [ [ 122.125, 41.0000001 ], [ 122.375, 41.0000001 ], [ 122.375, 41.1666668 ], [ 122.125, 41.1666668 ], [ 122.125, 41.0000001 ] ] ] } },
{ "type": "Feature", "properties": { "Id": 0, "Sheet_ID": "吉林 奉天局_錦州 44", "label": "吉林 奉天局_錦州 44", "call_short": "G7822 .M2 S50 .J31", "call_num": "G7822 .M2 S50 .J31 III-H-44", "recid": "qz922hf1094", "websiteUrl": "https://purl.stanford.edu/qz922hf1094", "title": "滿洲五万分一圖", "ckey": 10454760, "available": true, "iiifUrl": "https://purl.stanford.edu/qz922hf1094/iiif/manifest" }, "geometry": { "type": "Polygon", "coordinates": [ [ [ 120.625, 41.1666668 ], [ 120.875, 41.1666668 ], [ 120.875, 41.3333335 ], [ 120.625, 41.3333335 ], [ 120.625, 41.1666668 ] ] ] } },
{ "type": "Feature", "properties": { "Id": 0, "Sheet_ID": "吉林 奉天局_錦州 40", "label": "吉林 奉天局_錦州 40", "call_short": "G7822 .M2 S50 .J31", "call_num": "G7822 .M2 S50 .J31 III-H-40", "recid": "vj564jc7035", "websiteUrl": "https://purl.stanford.edu/vj564jc7035", "title": "滿洲五万分一圖", "ckey": 10454760, "available": true, "iiifUrl": "https://purl.stanford.edu/vj564jc7035/iiif/manifest" }, "geometry": { "type": "Polygon", "coordinates": [ [ [ 120.875, 41.1666668 ], [ 121.125, 41.1666668 ], [ 121.125, 41.3333335 ], [ 120.875, 41.3333335 ], [ 120.875, 41.1666668 ] ] ] } },
{ "type": "Feature", "properties": { "Id": 0, "Sheet_ID": "吉林 奉天局_錦州 35", "label": "吉林 奉天局_錦州 35", "call_short": "G7822 .M2 S50 .J31", "call_num": "G7822 .M2 S50 .J31 III-H-35", "recid": "gp604vm0170", "websiteUrl": "https://purl.stanford.edu/gp604vm0170", "title": "滿洲五万分一圖", "ckey": 10454760, "available": true, "iiifUrl": "https://purl.stanford.edu/gp604vm0170/iiif/manifest" }, "geometry": { "type": "Polygon", "coordinates": [ [ [ 121.125, 41.1666668 ], [ 121.375, 41.1666668 ], [ 121.375, 41.3333335 ], [ 121.125, 41.3333335 ], [ 121.125, 41.1666668 ] ] ] } },
{ "type": "Feature", "properties": { "Id": 0, "Sheet_ID": "吉林 奉天局_錦州 30", "label": "吉林 奉天局_錦州 30", "call_short": "G7822 .M2 S50 .J31", "call_num": "G7822 .M2 S50 .J31 III-H-30", "recid": "rp679nv3228", "websiteUrl": "https://purl.stanford.edu/rp679nv3228", "title": "滿洲五万分一圖", "ckey": 10454760, "available": true, "iiifUrl": "https://purl.stanford.edu/rp679nv3228/iiif/manifest" }, "geometry": { "type": "Polygon", "coordinates": [ [ [ 121.375, 41.1666668 ], [ 121.625, 41.1666668 ], [ 121.625, 41.3333335 ], [ 121.375, 41.3333335 ], [ 121.375, 41.1666668 ] ] ] } },
{ "type": "Feature", "properties": { "Id": 0, "Sheet_ID": "吉林 奉天局_錦州 25", "label": "吉林 奉天局_錦州 25", "call_short": "G7822 .M2 S50 .J31", "call_num": "G7822 .M2 S50 .J31 III-H-25", "recid": "sr481ms0018", "websiteUrl": "https://purl.stanford.edu/sr481ms0018", "title": "滿洲五万分一圖", "ckey": 10454760, "available": true, "iiifUrl": "https://purl.stanford.edu/sr481ms0018/iiif/manifest" }, "geometry": { "type": "Polygon", "coordinates": [ [ [ 121.625, 41.1666668 ], [ 121.875, 41.1666668 ], [ 121.875, 41.3333335 ], [ 121.625, 41.3333335 ], [ 121.625, 41.1666668 ] ] ] } },
{ "type": "Feature", "properties": { "Id": 0, "Sheet_ID": "吉林 奉天局_錦州 20", "label": "吉林 奉天局_錦州 20", "call_short": "G7822 .M2 S50 .J31", "call_num": "G7822 .M2 S50 .J31 III-H-20", "recid": "hn105tm8509", "websiteUrl": "https://purl.stanford.edu/hn105tm8509", "title": "滿洲五万分一圖", "ckey": 10454760, "available": true, "iiifUrl": "https://purl.stanford.edu/hn105tm8509/iiif/manifest" }, "geometry": { "type": "Polygon", "coordinates": [ [ [ 121.875, 41.1666668 ], [ 122.125, 41.1666668 ], [ 122.125, 41.3333335 ], [ 121.875, 41.3333335 ], [ 121.875, 41.1666668 ] ] ] } },
{ "type": "Feature", "properties": { "Id": 0, "Sheet_ID": "吉林 奉天局_錦州 15", "label": "吉林 奉天局_錦州 15", "call_short": "G7822 .M2 S50 .J31", "call_num": "G7822 .M2 S50 .J31 III-H-15", "recid": "fp963zf3292", "websiteUrl": "https://purl.stanford.edu/fp963zf3292", "title": "滿洲五万分一圖", "ckey": 10454760, "available": true, "iiifUrl": "https://purl.stanford.edu/fp963zf3292/iiif/manifest" }, "geometry": { "type": "Polygon", "coordinates": [ [ [ 122.125, 41.1666668 ], [ 122.375, 41.1666668 ], [ 122.375, 41.3333335 ], [ 122.125, 41.3333335 ], [ 122.125, 41.1666668 ] ] ] } },
{ "type": "Feature", "properties": { "Id": 0, "Sheet_ID": "吉林 奉天局_錦州 39", "label": "吉林 奉天局_錦州 39", "call_short": "G7822 .M2 S50 .J31", "call_num": "G7822 .M2 S50 .J31 III-H-39", "recid": "jj600wv8198", "websiteUrl": "https://purl.stanford.edu/jj600wv8198", "title": "滿洲五万分一圖", "ckey": 10454760, "available": true, "iiifUrl": "https://purl.stanford.edu/jj600wv8198/iiif/manifest" }, "geometry": { "type": "Polygon", "coordinates": [ [ [ 120.875, 41.3333335 ], [ 121.125, 41.3333335 ], [ 121.125, 41.5000003 ], [ 120.875, 41.5000003 ], [ 120.875, 41.3333335 ] ] ] } },
{ "type": "Feature", "properties": { "Id": 0, "Sheet_ID": "吉林 奉天局_錦州 34", "label": "吉林 奉天局_錦州 34", "call_short": "G7822 .M2 S50 .J31", "call_num": "G7822 .M2 S50 .J31 III-H-34", "recid": "jt996xy0774", "websiteUrl": "https://purl.stanford.edu/jt996xy0774", "title": "滿洲五万分一圖", "ckey": 10454760, "available": true, "iiifUrl": "https://purl.stanford.edu/jt996xy0774/iiif/manifest" }, "geometry": { "type": "Polygon", "coordinates": [ [ [ 121.125, 41.3333335 ], [ 121.375, 41.3333335 ], [ 121.375, 41.5000003 ], [ 121.125, 41.5000003 ], [ 121.125, 41.3333335 ] ] ] } },
{ "type": "Feature", "properties": { "Id": 0, "Sheet_ID": "吉林 奉天局_錦州 29", "label": "吉林 奉天局_錦州 29", "call_short": "G7822 .M2 S50 .J31", "call_num": "G7822 .M2 S50 .J31 III-H-29", "recid": "wx603kq4314", "websiteUrl": "https://purl.stanford.edu/wx603kq4314", "title": "滿洲五万分一圖", "ckey": 10454760, "available": true, "iiifUrl": "https://purl.stanford.edu/wx603kq4314/iiif/manifest" }, "geometry": { "type": "Polygon", "coordinates": [ [ [ 121.375, 41.3333335 ], [ 121.625, 41.3333335 ], [ 121.625, 41.5000003 ], [ 121.375, 41.5000003 ], [ 121.375, 41.3333335 ] ] ] } },
{ "type": "Feature", "properties": { "Id": 0, "Sheet_ID": "吉林 奉天局_錦州 24", "label": "吉林 奉天局_錦州 24", "call_short": "G7822 .M2 S50 .J31", "call_num": "G7822 .M2 S50 .J31 III-H-24", "recid": "ms843tv7404", "websiteUrl": "https://purl.stanford.edu/ms843tv7404", "title": "滿洲五万分一圖", "ckey": 10454760, "available": true, "iiifUrl": "https://purl.stanford.edu/ms843tv7404/iiif/manifest" }, "geometry": { "type": "Polygon", "coordinates": [ [ [ 121.625, 41.3333335 ], [ 121.875, 41.3333335 ], [ 121.875, 41.5000003 ], [ 121.625, 41.5000003 ], [ 121.625, 41.3333335 ] ] ] } },
{ "type": "Feature", "properties": { "Id": 0, "Sheet_ID": "吉林 奉天局_錦州 19", "label": "吉林 奉天局_錦州 19", "call_short": "G7822 .M2 S50 .J31", "call_num": "G7822 .M2 S50 .J31 III-H-19", "recid": "xq136nj9106", "websiteUrl": "https://purl.stanford.edu/xq136nj9106", "title": "滿洲五万分一圖", "ckey": 10454760, "available": true, "iiifUrl": "https://purl.stanford.edu/xq136nj9106/iiif/manifest" }, "geometry": { "type": "Polygon", "coordinates": [ [ [ 121.875, 41.3333335 ], [ 122.125, 41.3333335 ], [ 122.125, 41.5000003 ], [ 121.875, 41.5000003 ], [ 121.875, 41.3333335 ] ] ] } },
{ "type": "Feature", "properties": { "Id": 0, "Sheet_ID": "吉林 奉天局_錦州 14", "label": "吉林 奉天局_錦州 14", "call_short": "G7822 .M2 S50 .J31", "call_num": "G7822 .M2 S50 .J31 III-H-14", "recid": "cs175cq6293", "websiteUrl": "https://purl.stanford.edu/cs175cq6293", "title": "滿洲五万分一圖", "ckey": 10454760, "available": true, "iiifUrl": "https://purl.stanford.edu/cs175cq6293/iiif/manifest" }, "geometry": { "type": "Polygon", "coordinates": [ [ [ 122.125, 41.3333335 ], [ 122.375, 41.3333335 ], [ 122.375, 41.5000003 ], [ 122.125, 41.5000003 ], [ 122.125, 41.3333335 ] ] ] } },
{ "type": "Feature", "properties": { "Id": 0, "Sheet_ID": "吉林 奉天局_錦州 38", "label": "吉林 奉天局_錦州 38", "call_short": "G7822 .M2 S50 .J31", "call_num": "G7822 .M2 S50 .J31 III-H-38", "recid": "bf450gt5965", "websiteUrl": "https://purl.stanford.edu/bf450gt5965", "title": "滿洲五万分一圖", "ckey": 10454760, "available": true, "iiifUrl": "https://purl.stanford.edu/bf450gt5965/iiif/manifest" }, "geometry": { "type": "Polygon", "coordinates": [ [ [ 120.875, 41.5000003 ], [ 121.125, 41.5000003 ], [ 121.125, 41.666667 ], [ 120.875, 41.666667 ], [ 120.875, 41.5000003 ] ] ] } },
{ "type": "Feature", "properties": { "Id": 0, "Sheet_ID": "吉林 奉天局_錦州 33", "label": "吉林 奉天局_錦州 33", "call_short": "G7822 .M2 S50 .J31", "call_num": "G7822 .M2 S50 .J31 III-H-33", "recid": "zc604hj0094", "websiteUrl": "https://purl.stanford.edu/zc604hj0094", "title": "滿洲五万分一圖", "ckey": 10454760, "available": true, "iiifUrl": "https://purl.stanford.edu/zc604hj0094/iiif/manifest" }, "geometry": { "type": "Polygon", "coordinates": [ [ [ 121.125, 41.5000003 ], [ 121.375, 41.5000003 ], [ 121.375, 41.666667 ], [ 121.125, 41.666667 ], [ 121.125, 41.5000003 ] ] ] } },
{ "type": "Feature", "properties": { "Id": 0, "Sheet_ID": "吉林 奉天局_錦州 28", "label": "吉林 奉天局_錦州 28", "call_short": "G7822 .M2 S50 .J31", "call_num": "G7822 .M2 S50 .J31 III-H-28", "recid": "jb854fq4440", "websiteUrl": "https://purl.stanford.edu/jb854fq4440", "title": "滿洲五万分一圖", "ckey": 10454760, "available": true, "iiifUrl": "https://purl.stanford.edu/jb854fq4440/iiif/manifest" }, "geometry": { "type": "Polygon", "coordinates": [ [ [ 121.375, 41.5000003 ], [ 121.625, 41.5000003 ], [ 121.625, 41.666667 ], [ 121.375, 41.666667 ], [ 121.375, 41.5000003 ] ] ] } },
{ "type": "Feature", "properties": { "Id": 0, "Sheet_ID": "吉林 奉天局_錦州 23", "label": "吉林 奉天局_錦州 23", "call_short": "G7822 .M2 S50 .J31", "call_num": "G7822 .M2 S50 .J31 III-H-23", "recid": "bt610rp3417", "websiteUrl": "https://purl.stanford.edu/bt610rp3417", "title": "滿洲五万分一圖", "ckey": 10454760, "available": true, "iiifUrl": "https://purl.stanford.edu/bt610rp3417/iiif/manifest" }, "geometry": { "type": "Polygon", "coordinates": [ [ [ 121.625, 41.5000003 ], [ 121.875, 41.5000003 ], [ 121.875, 41.666667 ], [ 121.625, 41.666667 ], [ 121.625, 41.5000003 ] ] ] } },
{ "type": "Feature", "properties": { "Id": 0, "Sheet_ID": "吉林 奉天局_錦州 18", "label": "吉林 奉天局_錦州 18", "call_short": "G7822 .M2 S50 .J31", "call_num": "G7822 .M2 S50 .J31 III-H-18", "recid": "fc231ys2834", "websiteUrl": "https://purl.stanford.edu/fc231ys2834", "title": "滿洲五万分一圖", "ckey": 10454760, "available": true, "iiifUrl": "https://purl.stanford.edu/fc231ys2834/iiif/manifest" }, "geometry": { "type": "Polygon", "coordinates": [ [ [ 121.875, 41.5000003 ], [ 122.125, 41.5000003 ], [ 122.125, 41.666667 ], [ 121.875, 41.666667 ], [ 121.875, 41.5000003 ] ] ] } },
{ "type": "Feature", "properties": { "Id": 0, "Sheet_ID": "吉林 奉天局_錦州 13", "label": "吉林 奉天局_錦州 13", "call_short": "G7822 .M2 S50 .J31", "call_num": "G7822 .M2 S50 .J31 III-H-13", "recid": "xf517fp4994", "websiteUrl": "https://purl.stanford.edu/xf517fp4994", "title": "滿洲五万分一圖", "ckey": 10454760, "available": true, "iiifUrl": "https://purl.stanford.edu/xf517fp4994/iiif/manifest" }, "geometry": { "type": "Polygon", "coordinates": [ [ [ 122.125, 41.5000003 ], [ 122.375, 41.5000003 ], [ 122.375, 41.666667 ], [ 122.125, 41.666667 ], [ 122.125, 41.5000003 ] ] ] } },
{ "type": "Feature", "properties": { "Id": 0, "Sheet_ID": "吉林 奉天局_黒山 27", "label": "吉林 奉天局_黒山 27", "call_short": "G7822 .M2 S50 .J31", "call_num": "G7822 .M2 S50 .J31 III-G-27", "recid": "wr091cx3781", "websiteUrl": "https://purl.stanford.edu/wr091cx3781", "title": "滿洲五万分一圖", "ckey": 10454760, "available": true, "iiifUrl": "https://purl.stanford.edu/wr091cx3781/iiif/manifest" }, "geometry": { "type": "Polygon", "coordinates": [ [ [ 121.125, 41.666667 ], [ 121.375, 41.666667 ], [ 121.375, 41.8333336 ], [ 121.125, 41.8333336 ], [ 121.125, 41.666667 ] ] ] } },
{ "type": "Feature", "properties": { "Id": 0, "Sheet_ID": "吉林 奉天局_黒山 26", "label": "吉林 奉天局_黒山 26", "call_short": "G7822 .M2 S50 .J31", "call_num": "G7822 .M2 S50 .J31 III-G-26", "recid": "ch398fv4120", "websiteUrl": "https://purl.stanford.edu/ch398fv4120", "title": "滿洲五万分一圖", "ckey": 10454760, "available": true, "iiifUrl": "https://purl.stanford.edu/ch398fv4120/iiif/manifest" }, "geometry": { "type": "Polygon", "coordinates": [ [ [ 121.375, 41.666667 ], [ 121.625, 41.666667 ], [ 121.625, 41.8333336 ], [ 121.375, 41.8333336 ], [ 121.375, 41.666667 ] ] ] } },
{ "type": "Feature", "properties": { "Id": 0, "Sheet_ID": "吉林 奉天局_黒山 24", "label": "吉林 奉天局_黒山 24", "call_short": "G7822 .M2 S50 .J31", "call_num": "G7822 .M2 S50 .J31 III-G-24", "recid": "qn797cj8355", "websiteUrl": "https://purl.stanford.edu/qn797cj8355", "title": "滿洲五万分一圖", "ckey": 10454760, "available": true, "iiifUrl": "https://purl.stanford.edu/qn797cj8355/iiif/manifest" }, "geometry": { "type": "Polygon", "coordinates": [ [ [ 121.625, 41.666667 ], [ 121.875, 41.666667 ], [ 121.875, 41.8333336 ], [ 121.625, 41.8333336 ], [ 121.625, 41.666667 ] ] ] } },
{ "type": "Feature", "properties": { "Id": 0, "Sheet_ID": "吉林 奉天局_黒山 18", "label": "吉林 奉天局_黒山 18", "call_short": "G7822 .M2 S50 .J31", "call_num": "G7822 .M2 S50 .J31 III-G-18", "recid": "ty467sc4304", "websiteUrl": "https://purl.stanford.edu/ty467sc4304", "title": "滿洲五万分一圖", "ckey": 10454760, "available": true, "iiifUrl": "https://purl.stanford.edu/ty467sc4304/iiif/manifest" }, "geometry": { "type": "Polygon", "coordinates": [ [ [ 121.875, 41.666667 ], [ 122.125, 41.666667 ], [ 122.125, 41.8333336 ], [ 121.875, 41.8333336 ], [ 121.875, 41.666667 ] ] ] } },
{ "type": "Feature", "properties": { "Id": 0, "Sheet_ID": "吉林 奉天局_黒山 10", "label": "吉林 奉天局_黒山 10", "call_short": "G7822 .M2 S50 .J31", "call_num": "G7822 .M2 S50 .J31 III-G-10", "recid": "gc282sp7737", "websiteUrl": "https://purl.stanford.edu/gc282sp7737", "title": "滿洲五万分一圖", "ckey": 10454760, "available": true, "iiifUrl": "https://purl.stanford.edu/gc282sp7737/iiif/manifest" }, "geometry": { "type": "Polygon", "coordinates": [ [ [ 122.125, 41.666667 ], [ 122.375, 41.666667 ], [ 122.375, 41.8333336 ], [ 122.125, 41.8333336 ], [ 122.125, 41.666667 ] ] ] } },
{ "type": "Feature", "properties": { "Id": 0, "Sheet_ID": "吉林 奉天局_黒山 17", "label": "吉林 奉天局_黒山 17", "call_short": "G7822 .M2 S50 .J31", "call_num": "G7822 .M2 S50 .J31 III-G-17", "recid": "ww060fn2897", "websiteUrl": "https://purl.stanford.edu/ww060fn2897", "title": "滿洲五万分一圖", "ckey": 10454760, "available": true, "iiifUrl": "https://purl.stanford.edu/ww060fn2897/iiif/manifest" }, "geometry": { "type": "Polygon", "coordinates": [ [ [ 121.875, 41.8333336 ], [ 122.125, 41.8333336 ], [ 122.125, 42.0000002 ], [ 121.875, 42.0000002 ], [ 121.875, 41.8333336 ] ] ] } },
{ "type": "Feature", "properties": { "Id": 0, "Sheet_ID": "吉林 奉天局_黒山 9", "label": "吉林 奉天局_黒山 9", "call_short": "G7822 .M2 S50 .J31", "call_num": "G7822 .M2 S50 .J31 III-G-9", "recid": "gz538jh5424", "websiteUrl": "https://purl.stanford.edu/gz538jh5424", "title": "滿洲五万分一圖", "ckey": 10454760, "available": true, "iiifUrl": "https://purl.stanford.edu/gz538jh5424/iiif/manifest" }, "geometry": { "type": "Polygon", "coordinates": [ [ [ 122.125, 41.8333336 ], [ 122.375, 41.8333336 ], [ 122.375, 42.0000002 ], [ 122.125, 42.0000002 ], [ 122.125, 41.8333336 ] ] ] } },
{ "type": "Feature", "properties": { "Id": 0, "Sheet_ID": "吉林 奉天局_黒山 8", "label": "吉林 奉天局_黒山 8", "call_short": "G7822 .M2 S50 .J31", "call_num": "G7822 .M2 S50 .J31 III-G-8", "recid": "rj545zz1815", "websiteUrl": "https://purl.stanford.edu/rj545zz1815", "title": "滿洲五万分一圖", "ckey": 10454760, "available": true, "iiifUrl": "https://purl.stanford.edu/rj545zz1815/iiif/manifest" }, "geometry": { "type": "Polygon", "coordinates": [ [ [ 122.125, 42.0000002 ], [ 122.375, 42.0000002 ], [ 122.375, 42.1666668 ], [ 122.125, 42.1666668 ], [ 122.125, 42.0000002 ] ] ] } },
{ "type": "Feature", "properties": { "Id": 0, "Sheet_ID": "吉林 奉天局_黒山 7", "label": "吉林 奉天局_黒山 7", "call_short": "G7822 .M2 S50 .J31", "call_num": "G7822 .M2 S50 .J31 III-G-7", "recid": "mm580xd4082", "websiteUrl": "https://purl.stanford.edu/mm580xd4082", "title": "滿洲五万分一圖", "ckey": 10454760, "available": true, "iiifUrl": "https://purl.stanford.edu/mm580xd4082/iiif/manifest" }, "geometry": { "type": "Polygon", "coordinates": [ [ [ 122.125, 42.1666668 ], [ 122.375, 42.1666668 ], [ 122.375, 42.3333334 ], [ 122.125, 42.3333334 ], [ 122.125, 42.1666668 ] ] ] } },
{ "type": "Feature", "properties": { "Id": 0, "Sheet_ID": "吉林 奉天局_黒山 16", "label": "吉林 奉天局_黒山 16", "call_short": "G7822 .M2 S50 .J31", "call_num": "G7822 .M2 S50 .J31 III-G-16", "recid": "sr343hb6732", "websiteUrl": "https://purl.stanford.edu/sr343hb6732", "title": "滿洲五万分一圖", "ckey": 10454760, "available": true, "iiifUrl": "https://purl.stanford.edu/sr343hb6732/iiif/manifest" }, "geometry": { "type": "Polygon", "coordinates": [ [ [ 121.875, 42.3333334 ], [ 122.125, 42.3333334 ], [ 122.125, 42.5 ], [ 121.875, 42.5 ], [ 121.875, 42.3333334 ] ] ] } },
{ "type": "Feature", "properties": { "Id": 0, "Sheet_ID": "吉林 奉天局_黒山 6", "label": "吉林 奉天局_黒山 6", "call_short": "G7822 .M2 S50 .J31", "call_num": "G7822 .M2 S50 .J31 III-G-6", "recid": "kq010np8779", "websiteUrl": "https://purl.stanford.edu/kq010np8779", "title": "滿洲五万分一圖", "ckey": 10454760, "available": true, "iiifUrl": "https://purl.stanford.edu/kq010np8779/iiif/manifest" }, "geometry": { "type": "Polygon", "coordinates": [ [ [ 122.125, 42.3333334 ], [ 122.375, 42.3333334 ], [ 122.375, 42.5 ], [ 122.125, 42.5 ], [ 122.125, 42.3333334 ] ] ] } },
{ "type": "Feature", "properties": { "Id": 0, "Sheet_ID": "吉林 奉天局_黒山 23", "label": "吉林 奉天局_黒山 23", "call_short": "G7822 .M2 S50 .J31", "call_num": "G7822 .M2 S50 .J31 III-G-23", "recid": "pn281qb6607", "websiteUrl": "https://purl.stanford.edu/pn281qb6607", "title": "滿洲五万分一圖", "ckey": 10454760, "available": true, "iiifUrl": "https://purl.stanford.edu/pn281qb6607/iiif/manifest" }, "geometry": { "type": "Polygon", "coordinates": [ [ [ 121.625, 42.5 ], [ 121.875, 42.5 ], [ 121.875, 42.6666666 ], [ 121.625, 42.6666666 ], [ 121.625, 42.5 ] ] ] } },
{ "type": "Feature", "properties": { "Id": 0, "Sheet_ID": "吉林 奉天局_黒山 15", "label": "吉林 奉天局_黒山 15", "call_short": "G7822 .M2 S50 .J31", "call_num": "G7822 .M2 S50 .J31 III-G-15", "recid": "mv962bw1266", "websiteUrl": "https://purl.stanford.edu/mv962bw1266", "title": "滿洲五万分一圖", "ckey": 10454760, "available": true, "iiifUrl": "https://purl.stanford.edu/mv962bw1266/iiif/manifest" }, "geometry": { "type": "Polygon", "coordinates": [ [ [ 121.875, 42.5 ], [ 122.125, 42.5 ], [ 122.125, 42.6666666 ], [ 121.875, 42.6666666 ], [ 121.875, 42.5 ] ] ] } },
{ "type": "Feature", "properties": { "Id": 0, "Sheet_ID": "吉林 奉天局_黒山 5", "label": "吉林 奉天局_黒山 5", "call_short": "G7822 .M2 S50 .J31", "call_num": "G7822 .M2 S50 .J31 III-G-5", "recid": "pc454vr7777", "websiteUrl": "https://purl.stanford.edu/pc454vr7777", "title": "滿洲五万分一圖", "ckey": 10454760, "available": true, "iiifUrl": "https://purl.stanford.edu/pc454vr7777/iiif/manifest" }, "geometry": { "type": "Polygon", "coordinates": [ [ [ 122.125, 42.5 ], [ 122.375, 42.5 ], [ 122.375, 42.6666666 ], [ 122.125, 42.6666666 ], [ 122.125, 42.5 ] ] ] } },
{ "type": "Feature", "properties": { "Id": 0, "Sheet_ID": "吉林 奉天局_黒山 22", "label": "吉林 奉天局_黒山 22", "call_short": "G7822 .M2 S50 .J31", "call_num": "G7822 .M2 S50 .J31 III-G-22", "recid": "mn029yp4992", "websiteUrl": "https://purl.stanford.edu/mn029yp4992", "title": "滿洲五万分一圖", "ckey": 10454760, "available": true, "iiifUrl": "https://purl.stanford.edu/mn029yp4992/iiif/manifest" }, "geometry": { "type": "Polygon", "coordinates": [ [ [ 121.625, 42.6666666 ], [ 121.875, 42.6666666 ], [ 121.875, 42.8333332 ], [ 121.625, 42.8333332 ], [ 121.625, 42.6666666 ] ] ] } },
{ "type": "Feature", "properties": { "Id": 0, "Sheet_ID": "吉林 奉天局_黒山 14", "label": "吉林 奉天局_黒山 14", "call_short": "G7822 .M2 S50 .J31", "call_num": "G7822 .M2 S50 .J31 III-G-14", "recid": "vb282mp1688", "websiteUrl": "https://purl.stanford.edu/vb282mp1688", "title": "滿洲五万分一圖", "ckey": 10454760, "available": true, "iiifUrl": "https://purl.stanford.edu/vb282mp1688/iiif/manifest" }, "geometry": { "type": "Polygon", "coordinates": [ [ [ 121.875, 42.6666666 ], [ 122.125, 42.6666666 ], [ 122.125, 42.8333332 ], [ 121.875, 42.8333332 ], [ 121.875, 42.6666666 ] ] ] } },
{ "type": "Feature", "properties": { "Id": 0, "Sheet_ID": "吉林 奉天局_黒山 4", "label": "吉林 奉天局_黒山 4", "call_short": "G7822 .M2 S50 .J31", "call_num": "G7822 .M2 S50 .J31 III-G-4", "recid": "ct574vq5209", "websiteUrl": "https://purl.stanford.edu/ct574vq5209", "title": "滿洲五万分一圖", "ckey": 10454760, "available": true, "iiifUrl": "https://purl.stanford.edu/ct574vq5209/iiif/manifest" }, "geometry": { "type": "Polygon", "coordinates": [ [ [ 122.125, 42.6666666 ], [ 122.375, 42.6666666 ], [ 122.375, 42.8333332 ], [ 122.125, 42.8333332 ], [ 122.125, 42.6666666 ] ] ] } },
{ "type": "Feature", "properties": { "Id": 0, "Sheet_ID": "吉林 奉天局_黒山 21", "label": "吉林 奉天局_黒山 21", "call_short": "G7822 .M2 S50 .J31", "call_num": "G7822 .M2 S50 .J31 III-G-21", "recid": "wt067dn2458", "websiteUrl": "https://purl.stanford.edu/wt067dn2458", "title": "滿洲五万分一圖", "ckey": 10454760, "available": true, "iiifUrl": "https://purl.stanford.edu/wt067dn2458/iiif/manifest" }, "geometry": { "type": "Polygon", "coordinates": [ [ [ 121.625, 42.8333332 ], [ 121.875, 42.8333332 ], [ 121.875, 42.9999998 ], [ 121.625, 42.9999998 ], [ 121.625, 42.8333332 ] ] ] } },
{ "type": "Feature", "properties": { "Id": 0, "Sheet_ID": "吉林 奉天局_黒山 13", "label": "吉林 奉天局_黒山 13", "call_short": "G7822 .M2 S50 .J31", "call_num": "G7822 .M2 S50 .J31 III-G-13", "recid": "my645xs2275", "websiteUrl": "https://purl.stanford.edu/my645xs2275", "title": "滿洲五万分一圖", "ckey": 10454760, "available": true, "iiifUrl": "https://purl.stanford.edu/my645xs2275/iiif/manifest" }, "geometry": { "type": "Polygon", "coordinates": [ [ [ 121.875, 42.8333332 ], [ 122.125, 42.8333332 ], [ 122.125, 42.9999998 ], [ 121.875, 42.9999998 ], [ 121.875, 42.8333332 ] ] ] } },
{ "type": "Feature", "properties": { "Id": 0, "Sheet_ID": "吉林 奉天局_黒山 3", "label": "吉林 奉天局_黒山 3", "call_short": "G7822 .M2 S50 .J31", "call_num": "G7822 .M2 S50 .J31 III-G-3", "recid": "rp680sv1185", "websiteUrl": "https://purl.stanford.edu/rp680sv1185", "title": "滿洲五万分一圖", "ckey": 10454760, "available": true, "iiifUrl": "https://purl.stanford.edu/rp680sv1185/iiif/manifest" }, "geometry": { "type": "Polygon", "coordinates": [ [ [ 122.125, 42.8333332 ], [ 122.375, 42.8333332 ], [ 122.375, 42.9999998 ], [ 122.125, 42.9999998 ], [ 122.125, 42.8333332 ] ] ] } },
{ "type": "Feature", "properties": { "Id": 0, "Sheet_ID": "吉林 奉天局_黒山 20", "label": "吉林 奉天局_黒山 20", "call_short": "G7822 .M2 S50 .J31", "call_num": "G7822 .M2 S50 .J31 III-G-20", "recid": "gv027pv8153", "websiteUrl": "https://purl.stanford.edu/gv027pv8153", "title": "滿洲五万分一圖", "ckey": 10454760, "available": true, "iiifUrl": "https://purl.stanford.edu/gv027pv8153/iiif/manifest" }, "geometry": { "type": "Polygon", "coordinates": [ [ [ 121.625, 42.9999998 ], [ 121.875, 42.9999998 ], [ 121.875, 43.1666664 ], [ 121.625, 43.1666664 ], [ 121.625, 42.9999998 ] ] ] } },
{ "type": "Feature", "properties": { "Id": 0, "Sheet_ID": "吉林 奉天局_黒山 12", "label": "吉林 奉天局_黒山 12", "call_short": "G7822 .M2 S50 .J31", "call_num": "G7822 .M2 S50 .J31 III-G-12", "recid": "vn093ts8513", "websiteUrl": "https://purl.stanford.edu/vn093ts8513", "title": "滿洲五万分一圖", "ckey": 10454760, "available": true, "iiifUrl": "https://purl.stanford.edu/vn093ts8513/iiif/manifest" }, "geometry": { "type": "Polygon", "coordinates": [ [ [ 121.875, 42.9999998 ], [ 122.125, 42.9999998 ], [ 122.125, 43.1666664 ], [ 121.875, 43.1666664 ], [ 121.875, 42.9999998 ] ] ] } },
{ "type": "Feature", "properties": { "Id": 0, "Sheet_ID": "吉林 奉天局_黒山 2", "label": "吉林 奉天局_黒山 2", "call_short": "G7822 .M2 S50 .J31", "call_num": "G7822 .M2 S50 .J31 III-G-2", "recid": "mh522pw0531", "websiteUrl": "https://purl.stanford.edu/mh522pw0531", "title": "滿洲五万分一圖", "ckey": 10454760, "available": true, "iiifUrl": "https://purl.stanford.edu/mh522pw0531/iiif/manifest" }, "geometry": { "type": "Polygon", "coordinates": [ [ [ 122.125, 42.9999998 ], [ 122.375, 42.9999998 ], [ 122.375, 43.1666664 ], [ 122.125, 43.1666664 ], [ 122.125, 42.9999998 ] ] ] } },
{ "type": "Feature", "properties": { "Id": 0, "Sheet_ID": "吉林 奉天局_黒山 25", "label": "吉林 奉天局_黒山 25", "call_short": "G7822 .M2 S50 .J31", "call_num": "G7822 .M2 S50 .J31 III-G-25", "recid": "qj340hs7044", "websiteUrl": "https://purl.stanford.edu/qj340hs7044", "title": "滿洲五万分一圖", "ckey": 10454760, "available": true, "iiifUrl": "https://purl.stanford.edu/qj340hs7044/iiif/manifest" }, "geometry": { "type": "Polygon", "coordinates": [ [ [ 121.375, 43.1666664 ], [ 121.625, 43.1666664 ], [ 121.625, 43.333333 ], [ 121.375, 43.333333 ], [ 121.375, 43.1666664 ] ] ] } },
{ "type": "Feature", "properties": { "Id": 0, "Sheet_ID": "吉林 奉天局_黒山 19", "label": "吉林 奉天局_黒山 19", "call_short": "G7822 .M2 S50 .J31", "call_num": "G7822 .M2 S50 .J31 III-G-19", "recid": "dr250mv5719", "websiteUrl": "https://purl.stanford.edu/dr250mv5719", "title": "滿洲五万分一圖", "ckey": 10454760, "available": true, "iiifUrl": "https://purl.stanford.edu/dr250mv5719/iiif/manifest" }, "geometry": { "type": "Polygon", "coordinates": [ [ [ 121.625, 43.1666664 ], [ 121.875, 43.1666664 ], [ 121.875, 43.333333 ], [ 121.625, 43.333333 ], [ 121.625, 43.1666664 ] ] ] } },
{ "type": "Feature", "properties": { "Id": 0, "Sheet_ID": "吉林 奉天局_黒山 11", "label": "吉林 奉天局_黒山 11", "call_short": "G7822 .M2 S50 .J31", "call_num": "G7822 .M2 S50 .J31 III-G-11", "recid": "tr672yf0712", "websiteUrl": "https://purl.stanford.edu/tr672yf0712", "title": "滿洲五万分一圖", "ckey": 10454760, "available": true, "iiifUrl": "https://purl.stanford.edu/tr672yf0712/iiif/manifest" }, "geometry": { "type": "Polygon", "coordinates": [ [ [ 121.875, 43.1666664 ], [ 122.125, 43.1666664 ], [ 122.125, 43.333333 ], [ 121.875, 43.333333 ], [ 121.875, 43.1666664 ] ] ] } },
{ "type": "Feature", "properties": { "Id": 0, "Sheet_ID": "吉林 奉天局_黒山 1", "label": "吉林 奉天局_黒山 1", "call_short": "G7822 .M2 S50 .J31", "call_num": "G7822 .M2 S50 .J31 III-G-1", "recid": "tj767vj9876", "websiteUrl": "https://purl.stanford.edu/tj767vj9876", "title": "滿洲五万分一圖", "ckey": 10454760, "available": true, "iiifUrl": "https://purl.stanford.edu/tj767vj9876/iiif/manifest" }, "geometry": { "type": "Polygon", "coordinates": [ [ [ 122.125, 43.1666664 ], [ 122.375, 43.1666664 ], [ 122.375, 43.333333 ], [ 122.125, 43.333333 ], [ 122.125, 43.1666664 ] ] ] } },
{ "type": "Feature", "properties": { "Id": 0, "Sheet_ID": "吉林 奉天局_開魯 17", "label": "吉林 奉天局_開魯 17", "call_short": "G7822 .M2 S50 .J31", "call_num": "G7822 .M2 S50 .J31 III-F-17", "recid": "bk788vq6748", "websiteUrl": "https://purl.stanford.edu/bk788vq6748", "title": "滿洲五万分一圖", "ckey": 10454760, "available": true, "iiifUrl": "https://purl.stanford.edu/bk788vq6748/iiif/manifest" }, "geometry": { "type": "Polygon", "coordinates": [ [ [ 121.375, 43.333333 ], [ 121.625, 43.333333 ], [ 121.625, 43.4999998 ], [ 121.375, 43.4999998 ], [ 121.375, 43.333333 ] ] ] } },
{ "type": "Feature", "properties": { "Id": 0, "Sheet_ID": "吉林 奉天局_開魯 13", "label": "吉林 奉天局_開魯 13", "call_short": "G7822 .M2 S50 .J31", "call_num": "G7822 .M2 S50 .J31 III-F-13", "recid": "nq603kj6778", "websiteUrl": "https://purl.stanford.edu/nq603kj6778", "title": "滿洲五万分一圖", "ckey": 10454760, "available": true, "iiifUrl": "https://purl.stanford.edu/nq603kj6778/iiif/manifest" }, "geometry": { "type": "Polygon", "coordinates": [ [ [ 121.625, 43.333333 ], [ 121.875, 43.333333 ], [ 121.875, 43.4999998 ], [ 121.625, 43.4999998 ], [ 121.625, 43.333333 ] ] ] } },
{ "type": "Feature", "properties": { "Id": 0, "Sheet_ID": "吉林 奉天局_開魯 8", "label": "吉林 奉天局_開魯 8", "call_short": "G7822 .M2 S50 .J31", "call_num": "G7822 .M2 S50 .J31 III-F-8", "recid": "qr644fm6608", "websiteUrl": "https://purl.stanford.edu/qr644fm6608", "title": "滿洲五万分一圖", "ckey": 10454760, "available": true, "iiifUrl": "https://purl.stanford.edu/qr644fm6608/iiif/manifest" }, "geometry": { "type": "Polygon", "coordinates": [ [ [ 121.875, 43.333333 ], [ 122.125, 43.333333 ], [ 122.125, 43.4999998 ], [ 121.875, 43.4999998 ], [ 121.875, 43.333333 ] ] ] } },
{ "type": "Feature", "properties": { "Id": 0, "Sheet_ID": "吉林 奉天局_開魯 3", "label": "吉林 奉天局_開魯 3", "call_short": "G7822 .M2 S50 .J31", "call_num": "G7822 .M2 S50 .J31 III-F-3", "recid": "cw374gx7118", "websiteUrl": "https://purl.stanford.edu/cw374gx7118", "title": "滿洲五万分一圖", "ckey": 10454760, "available": true, "iiifUrl": "https://purl.stanford.edu/cw374gx7118/iiif/manifest" }, "geometry": { "type": "Polygon", "coordinates": [ [ [ 122.125, 43.333333 ], [ 122.375, 43.333333 ], [ 122.375, 43.4999998 ], [ 122.125, 43.4999998 ], [ 122.125, 43.333333 ] ] ] } },
{ "type": "Feature", "properties": { "Id": 0, "Sheet_ID": "吉林 奉天局_開魯 16", "label": "吉林 奉天局_開魯 16", "call_short": "G7822 .M2 S50 .J31", "call_num": "G7822 .M2 S50 .J31 III-F-16", "recid": "vx333fg2009", "websiteUrl": "https://purl.stanford.edu/vx333fg2009", "title": "滿洲五万分一圖", "ckey": 10454760, "available": true, "iiifUrl": "https://purl.stanford.edu/vx333fg2009/iiif/manifest" }, "geometry": { "type": "Polygon", "coordinates": [ [ [ 121.375, 43.4999998 ], [ 121.625, 43.4999998 ], [ 121.625, 43.6666666 ], [ 121.375, 43.6666666 ], [ 121.375, 43.4999998 ] ] ] } },
{ "type": "Feature", "properties": { "Id": 0, "Sheet_ID": "吉林 奉天局_開魯 12", "label": "吉林 奉天局_開魯 12", "call_short": "G7822 .M2 S50 .J31", "call_num": "G7822 .M2 S50 .J31 III-F-12", "recid": "zz413fs6130", "websiteUrl": "https://purl.stanford.edu/zz413fs6130", "title": "滿洲五万分一圖", "ckey": 10454760, "available": true, "iiifUrl": "https://purl.stanford.edu/zz413fs6130/iiif/manifest" }, "geometry": { "type": "Polygon", "coordinates": [ [ [ 121.625, 43.4999998 ], [ 121.875, 43.4999998 ], [ 121.875, 43.6666666 ], [ 121.625, 43.6666666 ], [ 121.625, 43.4999998 ] ] ] } },
{ "type": "Feature", "properties": { "Id": 0, "Sheet_ID": "吉林 奉天局_開魯 7", "label": "吉林 奉天局_開魯 7", "call_short": "G7822 .M2 S50 .J31", "call_num": "G7822 .M2 S50 .J31 III-F-7", "recid": "zp376qy6328", "websiteUrl": "https://purl.stanford.edu/zp376qy6328", "title": "滿洲五万分一圖", "ckey": 10454760, "available": true, "iiifUrl": "https://purl.stanford.edu/zp376qy6328/iiif/manifest" }, "geometry": { "type": "Polygon", "coordinates": [ [ [ 121.875, 43.4999998 ], [ 122.125, 43.4999998 ], [ 122.125, 43.6666666 ], [ 121.875, 43.6666666 ], [ 121.875, 43.4999998 ] ] ] } },
{ "type": "Feature", "properties": { "Id": 0, "Sheet_ID": "吉林 奉天局_開魯 2", "label": "吉林 奉天局_開魯 2", "call_short": "G7822 .M2 S50 .J31", "call_num": "G7822 .M2 S50 .J31 III-F-2", "recid": "bz420jg1472", "websiteUrl": "https://purl.stanford.edu/bz420jg1472", "title": "滿洲五万分一圖", "ckey": 10454760, "available": true, "iiifUrl": "https://purl.stanford.edu/bz420jg1472/iiif/manifest" }, "geometry": { "type": "Polygon", "coordinates": [ [ [ 122.125, 43.4999998 ], [ 122.375, 43.4999998 ], [ 122.375, 43.6666666 ], [ 122.125, 43.6666666 ], [ 122.125, 43.4999998 ] ] ] } },
{ "type": "Feature", "properties": { "Id": 0, "Sheet_ID": "吉林 奉天局_開魯 11", "label": "吉林 奉天局_開魯 11", "call_short": "G7822 .M2 S50 .J31", "call_num": "G7822 .M2 S50 .J31 III-F-11", "recid": "tg312gt8011", "websiteUrl": "https://purl.stanford.edu/tg312gt8011", "title": "滿洲五万分一圖", "ckey": 10454760, "available": true, "iiifUrl": "https://purl.stanford.edu/tg312gt8011/iiif/manifest" }, "geometry": { "type": "Polygon", "coordinates": [ [ [ 121.625, 43.6666666 ], [ 121.875, 43.6666666 ], [ 121.875, 43.8333334 ], [ 121.625, 43.8333334 ], [ 121.625, 43.6666666 ] ] ] } },
{ "type": "Feature", "properties": { "Id": 0, "Sheet_ID": "吉林 奉天局_開魯 6", "label": "吉林 奉天局_開魯 6", "call_short": "G7822 .M2 S50 .J31", "call_num": "G7822 .M2 S50 .J31 III-F-6", "recid": "pt184ts8506", "websiteUrl": "https://purl.stanford.edu/pt184ts8506", "title": "滿洲五万分一圖", "ckey": 10454760, "available": true, "iiifUrl": "https://purl.stanford.edu/pt184ts8506/iiif/manifest" }, "geometry": { "type": "Polygon", "coordinates": [ [ [ 121.875, 43.6666666 ], [ 122.125, 43.6666666 ], [ 122.125, 43.8333334 ], [ 121.875, 43.8333334 ], [ 121.875, 43.6666666 ] ] ] } },
{ "type": "Feature", "properties": { "Id": 0, "Sheet_ID": "吉林 奉天局_開魯 1", "label": "吉林 奉天局_開魯 1", "call_short": "G7822 .M2 S50 .J31", "call_num": "G7822 .M2 S50 .J31 III-F-1", "recid": "bw970sp4623", "websiteUrl": "https://purl.stanford.edu/bw970sp4623", "title": "滿洲五万分一圖", "ckey": 10454760, "available": true, "iiifUrl": "https://purl.stanford.edu/bw970sp4623/iiif/manifest" }, "geometry": { "type": "Polygon", "coordinates": [ [ [ 122.125, 43.6666666 ], [ 122.375, 43.6666666 ], [ 122.375, 43.8333334 ], [ 122.125, 43.8333334 ], [ 122.125, 43.6666666 ] ] ] } },
{ "type": "Feature", "properties": { "Id": 0, "Sheet_ID": "吉林 奉天局_開魯 15", "label": "吉林 奉天局_開魯 15", "call_short": "G7822 .M2 S50 .J31", "call_num": "G7822 .M2 S50 .J31 III-F-15", "recid": "ss776wy2319", "websiteUrl": "https://purl.stanford.edu/ss776wy2319", "title": "滿洲五万分一圖", "ckey": 10454760, "available": true, "iiifUrl": "https://purl.stanford.edu/ss776wy2319/iiif/manifest" }, "geometry": { "type": "Polygon", "coordinates": [ [ [ 121.375, 43.8333334 ], [ 121.625, 43.8333334 ], [ 121.625, 44.0000002 ], [ 121.375, 44.0000002 ], [ 121.375, 43.8333334 ] ] ] } },
{ "type": "Feature", "properties": { "Id": 0, "Sheet_ID": "吉林 奉天局_開魯 10", "label": "吉林 奉天局_開魯 10", "call_short": "G7822 .M2 S50 .J31", "call_num": "G7822 .M2 S50 .J31 III-F-10", "recid": "hx983jq0945", "websiteUrl": "https://purl.stanford.edu/hx983jq0945", "title": "滿洲五万分一圖", "ckey": 10454760, "available": true, "iiifUrl": "https://purl.stanford.edu/hx983jq0945/iiif/manifest" }, "geometry": { "type": "Polygon", "coordinates": [ [ [ 121.625, 43.8333334 ], [ 121.875, 43.8333334 ], [ 121.875, 44.0000002 ], [ 121.625, 44.0000002 ], [ 121.625, 43.8333334 ] ] ] } },
{ "type": "Feature", "properties": { "Id": 0, "Sheet_ID": "吉林 奉天局_開魯 5", "label": "吉林 奉天局_開魯 5", "call_short": "G7822 .M2 S50 .J31", "call_num": "G7822 .M2 S50 .J31 III-F-5", "recid": "wv494qj3713", "websiteUrl": "https://purl.stanford.edu/wv494qj3713", "title": "滿洲五万分一圖", "ckey": 10454760, "available": true, "iiifUrl": "https://purl.stanford.edu/wv494qj3713/iiif/manifest" }, "geometry": { "type": "Polygon", "coordinates": [ [ [ 121.875, 43.8333334 ], [ 122.125, 43.8333334 ], [ 122.125, 44.0000002 ], [ 121.875, 44.0000002 ], [ 121.875, 43.8333334 ] ] ] } },
{ "type": "Feature", "properties": { "Id": 0, "Sheet_ID": "吉林 奉天局_開魯 14", "label": "吉林 奉天局_開魯 14", "call_short": "G7822 .M2 S50 .J31", "call_num": "G7822 .M2 S50 .J31 III-F-14", "recid": "zg822pd4903", "websiteUrl": "https://purl.stanford.edu/zg822pd4903", "title": "滿洲五万分一圖", "ckey": 10454760, "available": true, "iiifUrl": "https://purl.stanford.edu/zg822pd4903/iiif/manifest" }, "geometry": { "type": "Polygon", "coordinates": [ [ [ 121.375, 44.0000002 ], [ 121.625, 44.0000002 ], [ 121.625, 44.166667 ], [ 121.375, 44.166667 ], [ 121.375, 44.0000002 ] ] ] } },
{ "type": "Feature", "properties": { "Id": 0, "Sheet_ID": "吉林 奉天局_開魯 9", "label": "吉林 奉天局_開魯 9", "call_short": "G7822 .M2 S50 .J31", "call_num": "G7822 .M2 S50 .J31 III-F-9", "recid": "gk110bk8414", "websiteUrl": "https://purl.stanford.edu/gk110bk8414", "title": "滿洲五万分一圖", "ckey": 10454760, "available": true, "iiifUrl": "https://purl.stanford.edu/gk110bk8414/iiif/manifest" }, "geometry": { "type": "Polygon", "coordinates": [ [ [ 121.625, 44.0000002 ], [ 121.875, 44.0000002 ], [ 121.875, 44.166667 ], [ 121.625, 44.166667 ], [ 121.625, 44.0000002 ] ] ] } },
{ "type": "Feature", "properties": { "Id": 0, "Sheet_ID": "吉林 奉天局_開魯 4", "label": "吉林 奉天局_開魯 4", "call_short": "G7822 .M2 S50 .J31", "call_num": "G7822 .M2 S50 .J31 III-F-4", "recid": "dz366cy1516", "websiteUrl": "https://purl.stanford.edu/dz366cy1516", "title": "滿洲五万分一圖", "ckey": 10454760, "available": true, "iiifUrl": "https://purl.stanford.edu/dz366cy1516/iiif/manifest" }, "geometry": { "type": "Polygon", "coordinates": [ [ [ 121.875, 44.0000002 ], [ 122.125, 44.0000002 ], [ 122.125, 44.166667 ], [ 121.875, 44.166667 ], [ 121.875, 44.0000002 ] ] ] } },
{ "type": "Feature", "properties": { "Id": 0, "Sheet_ID": "吉林 奉天局_遼陽 5", "label": "吉林 奉天局_遼陽 5", "call_short": "G7822 .M2 S50 .J31", "call_num": "G7822 .M2 S50 .J31 III-E-5", "recid": "jf536jd6413", "websiteUrl": "https://purl.stanford.edu/jf536jd6413", "title": "滿洲五万分一圖", "ckey": 10454760, "available": true, "iiifUrl": "https://purl.stanford.edu/jf536jd6413/iiif/manifest" }, "geometry": { "type": "Polygon", "coordinates": [ [ [ 122.375, 41.333333 ], [ 122.625, 41.333333 ], [ 122.625, 41.5 ], [ 122.375, 41.5 ], [ 122.375, 41.333333 ] ] ] } },
{ "type": "Feature", "properties": { "Id": 0, "Sheet_ID": "吉林 奉天局_遼陽 4", "label": "吉林 奉天局_遼陽 4", "call_short": "G7822 .M2 S50 .J31", "call_num": "G7822 .M2 S50 .J31 III-E-4", "recid": "yq306dc2027", "websiteUrl": "https://purl.stanford.edu/yq306dc2027", "title": "滿洲五万分一圖", "ckey": 10454760, "available": true, "iiifUrl": "https://purl.stanford.edu/yq306dc2027/iiif/manifest" }, "geometry": { "type": "Polygon", "coordinates": [ [ [ 122.375, 41.5 ], [ 122.625, 41.5 ], [ 122.625, 41.666667 ], [ 122.375, 41.666667 ], [ 122.375, 41.5 ] ] ] } },
{ "type": "Feature", "properties": { "Id": 0, "Sheet_ID": "吉林 奉天局_遼陽 3", "label": "吉林 奉天局_遼陽 3", "call_short": "G7822 .M2 S50 .J31", "call_num": "G7822 .M2 S50 .J31 III-E-3", "recid": "tn054my4988", "websiteUrl": "https://purl.stanford.edu/tn054my4988", "title": "滿洲五万分一圖", "ckey": 10454760, "available": true, "iiifUrl": "https://purl.stanford.edu/tn054my4988/iiif/manifest" }, "geometry": { "type": "Polygon", "coordinates": [ [ [ 122.625, 41.5 ], [ 122.875, 41.5 ], [ 122.875, 41.666667 ], [ 122.625, 41.666667 ], [ 122.625, 41.5 ] ] ] } },
{ "type": "Feature", "properties": { "Id": 0, "Sheet_ID": "吉林 奉天局_遼陽 2", "label": "吉林 奉天局_遼陽 2", "call_short": null, "call_num": null, "recid": null, "websiteUrl": null, "title": null, "ckey": 0, "available": false, "iiifUrl": null }, "geometry": { "type": "Polygon", "coordinates": [ [ [ 123.125, 41.5 ], [ 123.375, 41.5 ], [ 123.375, 41.666667 ], [ 123.125, 41.666667 ], [ 123.125, 41.5 ] ] ] } },
{ "type": "Feature", "properties": { "Id": 0, "Sheet_ID": "吉林 奉天局_遼陽 1", "label": "吉林 奉天局_遼陽 1", "call_short": null, "call_num": null, "recid": null, "websiteUrl": null, "title": null, "ckey": 0, "available": false, "iiifUrl": null }, "geometry": { "type": "Polygon", "coordinates": [ [ [ 123.375, 41.5 ], [ 123.625, 41.5 ], [ 123.625, 41.666667 ], [ 123.375, 41.666667 ], [ 123.375, 41.5 ] ] ] } },
{ "type": "Feature", "properties": { "Id": 0, "Sheet_ID": "吉林 奉天局_奉天 97", "label": "吉林 奉天局_奉天 97", "call_short": "G7822 .M2 S50 .J31", "call_num": "G7822 .M2 S50 .J31 III-D-97", "recid": "jb326hz8103", "websiteUrl": "https://purl.stanford.edu/jb326hz8103", "title": "滿洲五万分一圖", "ckey": 10454760, "available": true, "iiifUrl": "https://purl.stanford.edu/jb326hz8103/iiif/manifest" }, "geometry": { "type": "Polygon", "coordinates": [ [ [ 122.375, 41.666667 ], [ 122.625, 41.666667 ], [ 122.625, 41.8333336 ], [ 122.375, 41.8333336 ], [ 122.375, 41.666667 ] ] ] } },
{ "type": "Feature", "properties": { "Id": 0, "Sheet_ID": "吉林 奉天局_奉天 87", "label": "吉林 奉天局_奉天 87", "call_short": "G7822 .M2 S50 .J31", "call_num": "G7822 .M2 S50 .J31 III-D-87", "recid": "wv626xh2945", "websiteUrl": "https://purl.stanford.edu/wv626xh2945", "title": "滿洲五万分一圖", "ckey": 10454760, "available": true, "iiifUrl": "https://purl.stanford.edu/wv626xh2945/iiif/manifest" }, "geometry": { "type": "Polygon", "coordinates": [ [ [ 122.625, 41.666667 ], [ 122.875, 41.666667 ], [ 122.875, 41.8333336 ], [ 122.625, 41.8333336 ], [ 122.625, 41.666667 ] ] ] } },
{ "type": "Feature", "properties": { "Id": 0, "Sheet_ID": "吉林 奉天局_奉天 77", "label": "吉林 奉天局_奉天 77", "call_short": "G7822 .M2 S50 .J31", "call_num": "G7822 .M2 S50 .J31 III-D-77", "recid": "jy112hs4498", "websiteUrl": "https://purl.stanford.edu/jy112hs4498", "title": "滿洲五万分一圖", "ckey": 10454760, "available": true, "iiifUrl": "https://purl.stanford.edu/jy112hs4498/iiif/manifest" }, "geometry": { "type": "Polygon", "coordinates": [ [ [ 122.875, 41.666667 ], [ 123.125, 41.666667 ], [ 123.125, 41.8333336 ], [ 122.875, 41.8333336 ], [ 122.875, 41.666667 ] ] ] } },
{ "type": "Feature", "properties": { "Id": 0, "Sheet_ID": "吉林 奉天局_奉天 67", "label": "吉林 奉天局_奉天 67", "call_short": null, "call_num": null, "recid": null, "websiteUrl": null, "title": null, "ckey": 0, "available": false, "iiifUrl": null }, "geometry": { "type": "Polygon", "coordinates": [ [ [ 123.125, 41.666667 ], [ 123.375, 41.666667 ], [ 123.375, 41.8333336 ], [ 123.125, 41.8333336 ], [ 123.125, 41.666667 ] ] ] } },
{ "type": "Feature", "properties": { "Id": 0, "Sheet_ID": "吉林 奉天局_奉天 57", "label": "吉林 奉天局_奉天 57", "call_short": null, "call_num": null, "recid": null, "websiteUrl": null, "title": null, "ckey": 0, "available": false, "iiifUrl": null }, "geometry": { "type": "Polygon", "coordinates": [ [ [ 123.375, 41.666667 ], [ 123.625, 41.666667 ], [ 123.625, 41.8333336 ], [ 123.375, 41.8333336 ], [ 123.375, 41.666667 ] ] ] } },
{ "type": "Feature", "properties": { "Id": 0, "Sheet_ID": "吉林 奉天局_奉天 47", "label": "吉林 奉天局_奉天 47", "call_short": null, "call_num": null, "recid": null, "websiteUrl": null, "title": null, "ckey": 0, "available": false, "iiifUrl": null }, "geometry": { "type": "Polygon", "coordinates": [ [ [ 123.625, 41.666667 ], [ 123.875, 41.666667 ], [ 123.875, 41.8333336 ], [ 123.625, 41.8333336 ], [ 123.625, 41.666667 ] ] ] } },
{ "type": "Feature", "properties": { "Id": 0, "Sheet_ID": "吉林 奉天局_奉天 37", "label": "吉林 奉天局_奉天 37", "call_short": null, "call_num": null, "recid": null, "websiteUrl": null, "title": null, "ckey": 0, "available": false, "iiifUrl": null }, "geometry": { "type": "Polygon", "coordinates": [ [ [ 123.875, 41.666667 ], [ 124.125, 41.666667 ], [ 124.125, 41.8333336 ], [ 123.875, 41.8333336 ], [ 123.875, 41.666667 ] ] ] } },
{ "type": "Feature", "properties": { "Id": 0, "Sheet_ID": "吉林 奉天局_奉天 27", "label": "吉林 奉天局_奉天 27", "call_short": null, "call_num": null, "recid": null, "websiteUrl": null, "title": null, "ckey": 0, "available": false, "iiifUrl": null }, "geometry": { "type": "Polygon", "coordinates": [ [ [ 124.125, 41.666667 ], [ 124.375, 41.666667 ], [ 124.375, 41.8333336 ], [ 124.125, 41.8333336 ], [ 124.125, 41.666667 ] ] ] } },
{ "type": "Feature", "properties": { "Id": 0, "Sheet_ID": "吉林 奉天局_奉天 96", "label": "吉林 奉天局_奉天 96", "call_short": "G7822 .M2 S50 .J31", "call_num": "G7822 .M2 S50 .J31 III-D-96", "recid": "fy517nx2941", "websiteUrl": "https://purl.stanford.edu/fy517nx2941", "title": "滿洲五万分一圖", "ckey": 10454760, "available": true, "iiifUrl": "https://purl.stanford.edu/fy517nx2941/iiif/manifest" }, "geometry": { "type": "Polygon", "coordinates": [ [ [ 122.375, 41.8333336 ], [ 122.625, 41.8333336 ], [ 122.625, 42.0000002 ], [ 122.375, 42.0000002 ], [ 122.375, 41.8333336 ] ] ] } },
{ "type": "Feature", "properties": { "Id": 0, "Sheet_ID": "吉林 奉天局_奉天 86", "label": "吉林 奉天局_奉天 86", "call_short": "G7822 .M2 S50 .J31", "call_num": "G7822 .M2 S50 .J31 III-D-86", "recid": "zt835sn1388", "websiteUrl": "https://purl.stanford.edu/zt835sn1388", "title": "滿洲五万分一圖", "ckey": 10454760, "available": true, "iiifUrl": "https://purl.stanford.edu/zt835sn1388/iiif/manifest" }, "geometry": { "type": "Polygon", "coordinates": [ [ [ 122.625, 41.8333336 ], [ 122.875, 41.8333336 ], [ 122.875, 42.0000002 ], [ 122.625, 42.0000002 ], [ 122.625, 41.8333336 ] ] ] } },
{ "type": "Feature", "properties": { "Id": 0, "Sheet_ID": "吉林 奉天局_奉天 76", "label": "吉林 奉天局_奉天 76", "call_short": "G7822 .M2 S50 .J31", "call_num": "G7822 .M2 S50 .J31 III-D-76", "recid": "dd666vs5522", "websiteUrl": "https://purl.stanford.edu/dd666vs5522", "title": "滿洲五万分一圖", "ckey": 10454760, "available": true, "iiifUrl": "https://purl.stanford.edu/dd666vs5522/iiif/manifest" }, "geometry": { "type": "Polygon", "coordinates": [ [ [ 122.875, 41.8333336 ], [ 123.125, 41.8333336 ], [ 123.125, 42.0000002 ], [ 122.875, 42.0000002 ], [ 122.875, 41.8333336 ] ] ] } },
{ "type": "Feature", "properties": { "Id": 0, "Sheet_ID": "吉林 奉天局_奉天 66", "label": "吉林 奉天局_奉天 66", "call_short": null, "call_num": null, "recid": null, "websiteUrl": null, "title": null, "ckey": 0, "available": false, "iiifUrl": null }, "geometry": { "type": "Polygon", "coordinates": [ [ [ 123.125, 41.8333336 ], [ 123.375, 41.8333336 ], [ 123.375, 42.0000002 ], [ 123.125, 42.0000002 ], [ 123.125, 41.8333336 ] ] ] } },
{ "type": "Feature", "properties": { "Id": 0, "Sheet_ID": "吉林 奉天局_奉天 56", "label": "吉林 奉天局_奉天 56", "call_short": null, "call_num": null, "recid": null, "websiteUrl": null, "title": null, "ckey": 0, "available": false, "iiifUrl": null }, "geometry": { "type": "Polygon", "coordinates": [ [ [ 123.375, 41.8333336 ], [ 123.625, 41.8333336 ], [ 123.625, 42.0000002 ], [ 123.375, 42.0000002 ], [ 123.375, 41.8333336 ] ] ] } },
{ "type": "Feature", "properties": { "Id": 0, "Sheet_ID": "吉林 奉天局_奉天 46", "label": "吉林 奉天局_奉天 46", "call_short": null, "call_num": null, "recid": null, "websiteUrl": null, "title": null, "ckey": 0, "available": false, "iiifUrl": null }, "geometry": { "type": "Polygon", "coordinates": [ [ [ 123.625, 41.8333336 ], [ 123.875, 41.8333336 ], [ 123.875, 42.0000002 ], [ 123.625, 42.0000002 ], [ 123.625, 41.8333336 ] ] ] } },
{ "type": "Feature", "properties": { "Id": 0, "Sheet_ID": "吉林 奉天局_奉天 36", "label": "吉林 奉天局_奉天 36", "call_short": null, "call_num": null, "recid": null, "websiteUrl": null, "title": null, "ckey": 0, "available": false, "iiifUrl": null }, "geometry": { "type": "Polygon", "coordinates": [ [ [ 123.875, 41.8333336 ], [ 124.125, 41.8333336 ], [ 124.125, 42.0000002 ], [ 123.875, 42.0000002 ], [ 123.875, 41.8333336 ] ] ] } },
{ "type": "Feature", "properties": { "Id": 0, "Sheet_ID": "吉林 奉天局_奉天 26", "label": "吉林 奉天局_奉天 26", "call_short": null, "call_num": null, "recid": null, "websiteUrl": null, "title": null, "ckey": 0, "available": false, "iiifUrl": null }, "geometry": { "type": "Polygon", "coordinates": [ [ [ 124.125, 41.8333336 ], [ 124.375, 41.8333336 ], [ 124.375, 42.0000002 ], [ 124.125, 42.0000002 ], [ 124.125, 41.8333336 ] ] ] } },
{ "type": "Feature", "properties": { "Id": 0, "Sheet_ID": "吉林 奉天局_奉天 17", "label": "吉林 奉天局_奉天 17", "call_short": null, "call_num": null, "recid": null, "websiteUrl": null, "title": null, "ckey": 0, "available": false, "iiifUrl": null }, "geometry": { "type": "Polygon", "coordinates": [ [ [ 124.375, 41.8333336 ], [ 124.625, 41.8333336 ], [ 124.625, 42.0000002 ], [ 124.375, 42.0000002 ], [ 124.375, 41.8333336 ] ] ] } },
{ "type": "Feature", "properties": { "Id": 0, "Sheet_ID": "吉林 奉天局_奉天 95", "label": "吉林 奉天局_奉天 95", "call_short": "G7822 .M2 S50 .J31", "call_num": "G7822 .M2 S50 .J31 III-D-95", "recid": "xs292sx1176", "websiteUrl": "https://purl.stanford.edu/xs292sx1176", "title": "滿洲五万分一圖", "ckey": 10454760, "available": true, "iiifUrl": "https://purl.stanford.edu/xs292sx1176/iiif/manifest" }, "geometry": { "type": "Polygon", "coordinates": [ [ [ 122.375, 42.0000002 ], [ 122.625, 42.0000002 ], [ 122.625, 42.1666668 ], [ 122.375, 42.1666668 ], [ 122.375, 42.0000002 ] ] ] } },
{ "type": "Feature", "properties": { "Id": 0, "Sheet_ID": "吉林 奉天局_奉天 85", "label": "吉林 奉天局_奉天 85", "call_short": "G7822 .M2 S50 .J31", "call_num": "G7822 .M2 S50 .J31 III-D-85", "recid": "cx625jd8912", "websiteUrl": "https://purl.stanford.edu/cx625jd8912", "title": "滿洲五万分一圖", "ckey": 10454760, "available": true, "iiifUrl": "https://purl.stanford.edu/cx625jd8912/iiif/manifest" }, "geometry": { "type": "Polygon", "coordinates": [ [ [ 122.625, 42.0000002 ], [ 122.875, 42.0000002 ], [ 122.875, 42.1666668 ], [ 122.625, 42.1666668 ], [ 122.625, 42.0000002 ] ] ] } },
{ "type": "Feature", "properties": { "Id": 0, "Sheet_ID": "吉林 奉天局_奉天 75", "label": "吉林 奉天局_奉天 75", "call_short": "G7822 .M2 S50 .J31", "call_num": "G7822 .M2 S50 .J31 III-D-75", "recid": "nd792yr5121", "websiteUrl": "https://purl.stanford.edu/nd792yr5121", "title": "滿洲五万分一圖", "ckey": 10454760, "available": true, "iiifUrl": "https://purl.stanford.edu/nd792yr5121/iiif/manifest" }, "geometry": { "type": "Polygon", "coordinates": [ [ [ 122.875, 42.0000002 ], [ 123.125, 42.0000002 ], [ 123.125, 42.1666668 ], [ 122.875, 42.1666668 ], [ 122.875, 42.0000002 ] ] ] } },
{ "type": "Feature", "properties": { "Id": 0, "Sheet_ID": "吉林 奉天局_奉天 65", "label": "吉林 奉天局_奉天 65", "call_short": "G7822 .M2 S50 .J31", "call_num": "G7822 .M2 S50 .J31 III-D-65", "recid": "vv366sv9083", "websiteUrl": "https://purl.stanford.edu/vv366sv9083", "title": "滿洲五万分一圖", "ckey": 10454760, "available": true, "iiifUrl": "https://purl.stanford.edu/vv366sv9083/iiif/manifest" }, "geometry": { "type": "Polygon", "coordinates": [ [ [ 123.125, 42.0000002 ], [ 123.375, 42.0000002 ], [ 123.375, 42.1666668 ], [ 123.125, 42.1666668 ], [ 123.125, 42.0000002 ] ] ] } },
{ "type": "Feature", "properties": { "Id": 0, "Sheet_ID": "吉林 奉天局_奉天 55", "label": "吉林 奉天局_奉天 55", "call_short": "G7822 .M2 S50 .J31", "call_num": "G7822 .M2 S50 .J31 III-D-55", "recid": "gz815fk4668", "websiteUrl": "https://purl.stanford.edu/gz815fk4668", "title": "滿洲五万分一圖", "ckey": 10454760, "available": true, "iiifUrl": "https://purl.stanford.edu/gz815fk4668/iiif/manifest" }, "geometry": { "type": "Polygon", "coordinates": [ [ [ 123.375, 42.0000002 ], [ 123.625, 42.0000002 ], [ 123.625, 42.1666668 ], [ 123.375, 42.1666668 ], [ 123.375, 42.0000002 ] ] ] } },
{ "type": "Feature", "properties": { "Id": 0, "Sheet_ID": "吉林 奉天局_奉天 45", "label": "吉林 奉天局_奉天 45", "call_short": "G7822 .M2 S50 .J31", "call_num": "G7822 .M2 S50 .J31 III-D-45", "recid": "nz717nq3892", "websiteUrl": "https://purl.stanford.edu/nz717nq3892", "title": "滿洲五万分一圖", "ckey": 10454760, "available": true, "iiifUrl": "https://purl.stanford.edu/nz717nq3892/iiif/manifest" }, "geometry": { "type": "Polygon", "coordinates": [ [ [ 123.625, 42.0000002 ], [ 123.875, 42.0000002 ], [ 123.875, 42.1666668 ], [ 123.625, 42.1666668 ], [ 123.625, 42.0000002 ] ] ] } },
{ "type": "Feature", "properties": { "Id": 0, "Sheet_ID": "吉林 奉天局_奉天 35", "label": "吉林 奉天局_奉天 35", "call_short": "G7822 .M2 S50 .J31", "call_num": "G7822 .M2 S50 .J31 III-D-35", "recid": "fm764kp7035", "websiteUrl": "https://purl.stanford.edu/fm764kp7035", "title": "滿洲五万分一圖", "ckey": 10454760, "available": true, "iiifUrl": "https://purl.stanford.edu/fm764kp7035/iiif/manifest" }, "geometry": { "type": "Polygon", "coordinates": [ [ [ 123.875, 42.0000002 ], [ 124.125, 42.0000002 ], [ 124.125, 42.1666668 ], [ 123.875, 42.1666668 ], [ 123.875, 42.0000002 ] ] ] } },
{ "type": "Feature", "properties": { "Id": 0, "Sheet_ID": "吉林 奉天局_奉天 25", "label": "吉林 奉天局_奉天 25", "call_short": "G7822 .M2 S50 .J31", "call_num": "G7822 .M2 S50 .J31 III-D-25", "recid": "ts698vm5016", "websiteUrl": "https://purl.stanford.edu/ts698vm5016", "title": "滿洲五万分一圖", "ckey": 10454760, "available": true, "iiifUrl": "https://purl.stanford.edu/ts698vm5016/iiif/manifest" }, "geometry": { "type": "Polygon", "coordinates": [ [ [ 124.125, 42.0000002 ], [ 124.375, 42.0000002 ], [ 124.375, 42.1666668 ], [ 124.125, 42.1666668 ], [ 124.125, 42.0000002 ] ] ] } },
{ "type": "Feature", "properties": { "Id": 0, "Sheet_ID": "吉林 奉天局_奉天 16", "label": "吉林 奉天局_奉天 16", "call_short": "G7822 .M2 S50 .J31", "call_num": "G7822 .M2 S50 .J31 III-D-16", "recid": "cg156kr6492", "websiteUrl": "https://purl.stanford.edu/cg156kr6492", "title": "滿洲五万分一圖", "ckey": 10454760, "available": true, "iiifUrl": "https://purl.stanford.edu/cg156kr6492/iiif/manifest" }, "geometry": { "type": "Polygon", "coordinates": [ [ [ 124.375, 42.0000002 ], [ 124.625, 42.0000002 ], [ 124.625, 42.1666668 ], [ 124.375, 42.1666668 ], [ 124.375, 42.0000002 ] ] ] } },
{ "type": "Feature", "properties": { "Id": 0, "Sheet_ID": "吉林 奉天局_奉天 8", "label": "吉林 奉天局_奉天 8", "call_short": "G7822 .M2 S50 .J31", "call_num": "G7822 .M2 S50 .J31 III-D-8", "recid": "js371kp9595", "websiteUrl": "https://purl.stanford.edu/js371kp9595", "title": "滿洲五万分一圖", "ckey": 10454760, "available": true, "iiifUrl": "https://purl.stanford.edu/js371kp9595/iiif/manifest" }, "geometry": { "type": "Polygon", "coordinates": [ [ [ 124.625, 42.0000002 ], [ 124.875, 42.0000002 ], [ 124.875, 42.1666668 ], [ 124.625, 42.1666668 ], [ 124.625, 42.0000002 ] ] ] } },
{ "type": "Feature", "properties": { "Id": 0, "Sheet_ID": "吉林 奉天局_奉天 94", "label": "吉林 奉天局_奉天 94", "call_short": "G7822 .M2 S50 .J31", "call_num": "G7822 .M2 S50 .J31 III-D-94", "recid": "rg750sb5625", "websiteUrl": "https://purl.stanford.edu/rg750sb5625", "title": "滿洲五万分一圖", "ckey": 10454760, "available": true, "iiifUrl": "https://purl.stanford.edu/rg750sb5625/iiif/manifest" }, "geometry": { "type": "Polygon", "coordinates": [ [ [ 122.375, 42.1666668 ], [ 122.625, 42.1666668 ], [ 122.625, 42.3333334 ], [ 122.375, 42.3333334 ], [ 122.375, 42.1666668 ] ] ] } },
{ "type": "Feature", "properties": { "Id": 0, "Sheet_ID": "吉林 奉天局_奉天 84", "label": "吉林 奉天局_奉天 84", "call_short": "G7822 .M2 S50 .J31", "call_num": "G7822 .M2 S50 .J31 III-D-84", "recid": "zq912cq7908", "websiteUrl": "https://purl.stanford.edu/zq912cq7908", "title": "滿洲五万分一圖", "ckey": 10454760, "available": true, "iiifUrl": "https://purl.stanford.edu/zq912cq7908/iiif/manifest" }, "geometry": { "type": "Polygon", "coordinates": [ [ [ 122.625, 42.1666668 ], [ 122.875, 42.1666668 ], [ 122.875, 42.3333334 ], [ 122.625, 42.3333334 ], [ 122.625, 42.1666668 ] ] ] } },
{ "type": "Feature", "properties": { "Id": 0, "Sheet_ID": "吉林 奉天局_奉天 74", "label": "吉林 奉天局_奉天 74", "call_short": "G7822 .M2 S50 .J31", "call_num": "G7822 .M2 S50 .J31 III-D-74", "recid": "kk243ps2912", "websiteUrl": "https://purl.stanford.edu/kk243ps2912", "title": "滿洲五万分一圖", "ckey": 10454760, "available": true, "iiifUrl": "https://purl.stanford.edu/kk243ps2912/iiif/manifest" }, "geometry": { "type": "Polygon", "coordinates": [ [ [ 122.875, 42.1666668 ], [ 123.125, 42.1666668 ], [ 123.125, 42.3333334 ], [ 122.875, 42.3333334 ], [ 122.875, 42.1666668 ] ] ] } },
{ "type": "Feature", "properties": { "Id": 0, "Sheet_ID": "吉林 奉天局_奉天 64", "label": "吉林 奉天局_奉天 64", "call_short": "G7822 .M2 S50 .J31", "call_num": "G7822 .M2 S50 .J31 III-D-64", "recid": "nj345ks9353", "websiteUrl": "https://purl.stanford.edu/nj345ks9353", "title": "滿洲五万分一圖", "ckey": 10454760, "available": true, "iiifUrl": "https://purl.stanford.edu/nj345ks9353/iiif/manifest" }, "geometry": { "type": "Polygon", "coordinates": [ [ [ 123.125, 42.1666668 ], [ 123.375, 42.1666668 ], [ 123.375, 42.3333334 ], [ 123.125, 42.3333334 ], [ 123.125, 42.1666668 ] ] ] } },
{ "type": "Feature", "properties": { "Id": 0, "Sheet_ID": "吉林 奉天局_奉天 54 ED.2", "label": "吉林 奉天局_奉天 54 ED.2", "call_short": "G7822 .M2 S50 .J31", "call_num": "G7822 .M2 S50 .J31 III-D-54 ED.2", "recid": "px438gp2555", "websiteUrl": "https://purl.stanford.edu/px438gp2555", "title": "滿洲五万分一圖", "ckey": 10454760, "available": true, "iiifUrl": "https://purl.stanford.edu/px438gp2555/iiif/manifest" }, "geometry": { "type": "Polygon", "coordinates": [ [ [ 123.375, 42.1666668 ], [ 123.625, 42.1666668 ], [ 123.625, 42.3333334 ], [ 123.375, 42.3333334 ], [ 123.375, 42.1666668 ] ] ] } },
{ "type": "Feature", "properties": { "Id": 0, "Sheet_ID": "吉林 奉天局_奉天 44", "label": "吉林 奉天局_奉天 44", "call_short": "G7822 .M2 S50 .J31", "call_num": "G7822 .M2 S50 .J31 III-D-44", "recid": "xs577pd9260", "websiteUrl": "https://purl.stanford.edu/xs577pd9260", "title": "滿洲五万分一圖", "ckey": 10454760, "available": true, "iiifUrl": "https://purl.stanford.edu/xs577pd9260/iiif/manifest" }, "geometry": { "type": "Polygon", "coordinates": [ [ [ 123.625, 42.1666668 ], [ 123.875, 42.1666668 ], [ 123.875, 42.3333334 ], [ 123.625, 42.3333334 ], [ 123.625, 42.1666668 ] ] ] } },
{ "type": "Feature", "properties": { "Id": 0, "Sheet_ID": "吉林 奉天局_奉天 34", "label": "吉林 奉天局_奉天 34", "call_short": "G7822 .M2 S50 .J31", "call_num": "G7822 .M2 S50 .J31 III-D-34", "recid": "rp296mj5437", "websiteUrl": "https://purl.stanford.edu/rp296mj5437", "title": "滿洲五万分一圖", "ckey": 10454760, "available": true, "iiifUrl": "https://purl.stanford.edu/rp296mj5437/iiif/manifest" }, "geometry": { "type": "Polygon", "coordinates": [ [ [ 123.875, 42.1666668 ], [ 124.125, 42.1666668 ], [ 124.125, 42.3333334 ], [ 123.875, 42.3333334 ], [ 123.875, 42.1666668 ] ] ] } },
{ "type": "Feature", "properties": { "Id": 0, "Sheet_ID": "吉林 奉天局_奉天 24", "label": "吉林 奉天局_奉天 24", "call_short": "G7822 .M2 S50 .J31", "call_num": "G7822 .M2 S50 .J31 III-D-24", "recid": "hp850cb7444", "websiteUrl": "https://purl.stanford.edu/hp850cb7444", "title": "滿洲五万分一圖", "ckey": 10454760, "available": true, "iiifUrl": "https://purl.stanford.edu/hp850cb7444/iiif/manifest" }, "geometry": { "type": "Polygon", "coordinates": [ [ [ 124.125, 42.1666668 ], [ 124.375, 42.1666668 ], [ 124.375, 42.3333334 ], [ 124.125, 42.3333334 ], [ 124.125, 42.1666668 ] ] ] } },
{ "type": "Feature", "properties": { "Id": 0, "Sheet_ID": "吉林 奉天局_奉天 15", "label": "吉林 奉天局_奉天 15", "call_short": "G7822 .M2 S50 .J31", "call_num": "G7822 .M2 S50 .J31 III-D-15", "recid": "jf764kf4064", "websiteUrl": "https://purl.stanford.edu/jf764kf4064", "title": "滿洲五万分一圖", "ckey": 10454760, "available": true, "iiifUrl": "https://purl.stanford.edu/jf764kf4064/iiif/manifest" }, "geometry": { "type": "Polygon", "coordinates": [ [ [ 124.375, 42.1666668 ], [ 124.625, 42.1666668 ], [ 124.625, 42.3333334 ], [ 124.375, 42.3333334 ], [ 124.375, 42.1666668 ] ] ] } },
{ "type": "Feature", "properties": { "Id": 0, "Sheet_ID": "吉林 奉天局_奉天 7", "label": "吉林 奉天局_奉天 7", "call_short": "G7822 .M2 S50 .J31", "call_num": "G7822 .M2 S50 .J31 III-D-7", "recid": "pn637px8420", "websiteUrl": "https://purl.stanford.edu/pn637px8420", "title": "滿洲五万分一圖", "ckey": 10454760, "available": true, "iiifUrl": "https://purl.stanford.edu/pn637px8420/iiif/manifest" }, "geometry": { "type": "Polygon", "coordinates": [ [ [ 124.625, 42.1666668 ], [ 124.875, 42.1666668 ], [ 124.875, 42.3333334 ], [ 124.625, 42.3333334 ], [ 124.625, 42.1666668 ] ] ] } },
{ "type": "Feature", "properties": { "Id": 0, "Sheet_ID": "吉林 奉天局_奉天 93", "label": "吉林 奉天局_奉天 93", "call_short": "G7822 .M2 S50 .J31", "call_num": "G7822 .M2 S50 .J31 III-D-93", "recid": "qz115zn6581", "websiteUrl": "https://purl.stanford.edu/qz115zn6581", "title": "滿洲五万分一圖", "ckey": 10454760, "available": true, "iiifUrl": "https://purl.stanford.edu/qz115zn6581/iiif/manifest" }, "geometry": { "type": "Polygon", "coordinates": [ [ [ 122.375, 42.3333334 ], [ 122.625, 42.3333334 ], [ 122.625, 42.5 ], [ 122.375, 42.5 ], [ 122.375, 42.3333334 ] ] ] } },
{ "type": "Feature", "properties": { "Id": 0, "Sheet_ID": "吉林 奉天局_奉天 83", "label": "吉林 奉天局_奉天 83", "call_short": "G7822 .M2 S50 .J31", "call_num": "G7822 .M2 S50 .J31 III-D-83", "recid": "mv755np5860", "websiteUrl": "https://purl.stanford.edu/mv755np5860", "title": "滿洲五万分一圖", "ckey": 10454760, "available": true, "iiifUrl": "https://purl.stanford.edu/mv755np5860/iiif/manifest" }, "geometry": { "type": "Polygon", "coordinates": [ [ [ 122.625, 42.3333334 ], [ 122.875, 42.3333334 ], [ 122.875, 42.5 ], [ 122.625, 42.5 ], [ 122.625, 42.3333334 ] ] ] } },
{ "type": "Feature", "properties": { "Id": 0, "Sheet_ID": "吉林 奉天局_奉天 73", "label": "吉林 奉天局_奉天 73", "call_short": "G7822 .M2 S50 .J31", "call_num": "G7822 .M2 S50 .J31 III-D-73", "recid": "nc955tj3461", "websiteUrl": "https://purl.stanford.edu/nc955tj3461", "title": "滿洲五万分一圖", "ckey": 10454760, "available": true, "iiifUrl": "https://purl.stanford.edu/nc955tj3461/iiif/manifest" }, "geometry": { "type": "Polygon", "coordinates": [ [ [ 122.875, 42.3333334 ], [ 123.125, 42.3333334 ], [ 123.125, 42.5 ], [ 122.875, 42.5 ], [ 122.875, 42.3333334 ] ] ] } },
{ "type": "Feature", "properties": { "Id": 0, "Sheet_ID": "吉林 奉天局_奉天 63", "label": "吉林 奉天局_奉天 63", "call_short": "G7822 .M2 S50 .J31", "call_num": "G7822 .M2 S50 .J31 III-D-63", "recid": "xq399qz2326", "websiteUrl": "https://purl.stanford.edu/xq399qz2326", "title": "滿洲五万分一圖", "ckey": 10454760, "available": true, "iiifUrl": "https://purl.stanford.edu/xq399qz2326/iiif/manifest" }, "geometry": { "type": "Polygon", "coordinates": [ [ [ 123.125, 42.3333334 ], [ 123.375, 42.3333334 ], [ 123.375, 42.5 ], [ 123.125, 42.5 ], [ 123.125, 42.3333334 ] ] ] } },
{ "type": "Feature", "properties": { "Id": 0, "Sheet_ID": "吉林 奉天局_奉天 53", "label": "吉林 奉天局_奉天 53", "call_short": "G7822 .M2 S50 .J31", "call_num": "G7822 .M2 S50 .J31 III-D-53", "recid": "yj801bv9783", "websiteUrl": "https://purl.stanford.edu/yj801bv9783", "title": "滿洲五万分一圖", "ckey": 10454760, "available": true, "iiifUrl": "https://purl.stanford.edu/yj801bv9783/iiif/manifest" }, "geometry": { "type": "Polygon", "coordinates": [ [ [ 123.375, 42.3333334 ], [ 123.625, 42.3333334 ], [ 123.625, 42.5 ], [ 123.375, 42.5 ], [ 123.375, 42.3333334 ] ] ] } },
{ "type": "Feature", "properties": { "Id": 0, "Sheet_ID": "吉林 奉天局_奉天 43", "label": "吉林 奉天局_奉天 43", "call_short": "G7822 .M2 S50 .J31", "call_num": "G7822 .M2 S50 .J31 III-D-43", "recid": "qz811tv6426", "websiteUrl": "https://purl.stanford.edu/qz811tv6426", "title": "滿洲五万分一圖", "ckey": 10454760, "available": true, "iiifUrl": "https://purl.stanford.edu/qz811tv6426/iiif/manifest" }, "geometry": { "type": "Polygon", "coordinates": [ [ [ 123.625, 42.3333334 ], [ 123.875, 42.3333334 ], [ 123.875, 42.5 ], [ 123.625, 42.5 ], [ 123.625, 42.3333334 ] ] ] } },
{ "type": "Feature", "properties": { "Id": 0, "Sheet_ID": "吉林 奉天局_奉天 33", "label": "吉林 奉天局_奉天 33", "call_short": "G7822 .M2 S50 .J31", "call_num": "G7822 .M2 S50 .J31 III-D-33", "recid": "jb801pb5484", "websiteUrl": "https://purl.stanford.edu/jb801pb5484", "title": "滿洲五万分一圖", "ckey": 10454760, "available": true, "iiifUrl": "https://purl.stanford.edu/jb801pb5484/iiif/manifest" }, "geometry": { "type": "Polygon", "coordinates": [ [ [ 123.875, 42.3333334 ], [ 124.125, 42.3333334 ], [ 124.125, 42.5 ], [ 123.875, 42.5 ], [ 123.875, 42.3333334 ] ] ] } },
{ "type": "Feature", "properties": { "Id": 0, "Sheet_ID": "吉林 奉天局_奉天 23", "label": "吉林 奉天局_奉天 23", "call_short": "G7822 .M2 S50 .J31", "call_num": "G7822 .M2 S50 .J31 III-D-23", "recid": "zf883pt6454", "websiteUrl": "https://purl.stanford.edu/zf883pt6454", "title": "滿洲五万分一圖", "ckey": 10454760, "available": true, "iiifUrl": "https://purl.stanford.edu/zf883pt6454/iiif/manifest" }, "geometry": { "type": "Polygon", "coordinates": [ [ [ 124.125, 42.3333334 ], [ 124.375, 42.3333334 ], [ 124.375, 42.5 ], [ 124.125, 42.5 ], [ 124.125, 42.3333334 ] ] ] } },
{ "type": "Feature", "properties": { "Id": 0, "Sheet_ID": "吉林 奉天局_奉天 14", "label": "吉林 奉天局_奉天 14", "call_short": "G7822 .M2 S50 .J31", "call_num": "G7822 .M2 S50 .J31 III-D-14", "recid": "yx870sd6635", "websiteUrl": "https://purl.stanford.edu/yx870sd6635", "title": "滿洲五万分一圖", "ckey": 10454760, "available": true, "iiifUrl": "https://purl.stanford.edu/yx870sd6635/iiif/manifest" }, "geometry": { "type": "Polygon", "coordinates": [ [ [ 124.375, 42.3333334 ], [ 124.625, 42.3333334 ], [ 124.625, 42.5 ], [ 124.375, 42.5 ], [ 124.375, 42.3333334 ] ] ] } },
{ "type": "Feature", "properties": { "Id": 0, "Sheet_ID": "吉林 奉天局_奉天 6", "label": "吉林 奉天局_奉天 6", "call_short": "G7822 .M2 S50 .J31", "call_num": "G7822 .M2 S50 .J31 III-D-6", "recid": "mm618mv4987", "websiteUrl": "https://purl.stanford.edu/mm618mv4987", "title": "滿洲五万分一圖", "ckey": 10454760, "available": true, "iiifUrl": "https://purl.stanford.edu/mm618mv4987/iiif/manifest" }, "geometry": { "type": "Polygon", "coordinates": [ [ [ 124.625, 42.3333334 ], [ 124.875, 42.3333334 ], [ 124.875, 42.5 ], [ 124.625, 42.5 ], [ 124.625, 42.3333334 ] ] ] } },
{ "type": "Feature", "properties": { "Id": 0, "Sheet_ID": "吉林 奉天局_奉天 92", "label": "吉林 奉天局_奉天 92", "call_short": "G7822 .M2 S50 .J31", "call_num": "G7822 .M2 S50 .J31 III-D-92", "recid": "xd487zn7351", "websiteUrl": "https://purl.stanford.edu/xd487zn7351", "title": "滿洲五万分一圖", "ckey": 10454760, "available": true, "iiifUrl": "https://purl.stanford.edu/xd487zn7351/iiif/manifest" }, "geometry": { "type": "Polygon", "coordinates": [ [ [ 122.375, 42.5 ], [ 122.625, 42.5 ], [ 122.625, 42.6666666 ], [ 122.375, 42.6666666 ], [ 122.375, 42.5 ] ] ] } },
{ "type": "Feature", "properties": { "Id": 0, "Sheet_ID": "吉林 奉天局_奉天 82", "label": "吉林 奉天局_奉天 82", "call_short": "G7822 .M2 S50 .J31", "call_num": "G7822 .M2 S50 .J31 III-D-82", "recid": "hs589cd6251", "websiteUrl": "https://purl.stanford.edu/hs589cd6251", "title": "滿洲五万分一圖", "ckey": 10454760, "available": true, "iiifUrl": "https://purl.stanford.edu/hs589cd6251/iiif/manifest" }, "geometry": { "type": "Polygon", "coordinates": [ [ [ 122.625, 42.5 ], [ 122.875, 42.5 ], [ 122.875, 42.6666666 ], [ 122.625, 42.6666666 ], [ 122.625, 42.5 ] ] ] } },
{ "type": "Feature", "properties": { "Id": 0, "Sheet_ID": "吉林 奉天局_奉天 72", "label": "吉林 奉天局_奉天 72", "call_short": "G7822 .M2 S50 .J31", "call_num": "G7822 .M2 S50 .J31 III-D-72", "recid": "dg615gv9576", "websiteUrl": "https://purl.stanford.edu/dg615gv9576", "title": "滿洲五万分一圖", "ckey": 10454760, "available": true, "iiifUrl": "https://purl.stanford.edu/dg615gv9576/iiif/manifest" }, "geometry": { "type": "Polygon", "coordinates": [ [ [ 122.875, 42.5 ], [ 123.125, 42.5 ], [ 123.125, 42.6666666 ], [ 122.875, 42.6666666 ], [ 122.875, 42.5 ] ] ] } },
{ "type": "Feature", "properties": { "Id": 0, "Sheet_ID": "吉林 奉天局_奉天 62", "label": "吉林 奉天局_奉天 62", "call_short": "G7822 .M2 S50 .J31", "call_num": "G7822 .M2 S50 .J31 III-D-62", "recid": "bz562vc4179", "websiteUrl": "https://purl.stanford.edu/bz562vc4179", "title": "滿洲五万分一圖", "ckey": 10454760, "available": true, "iiifUrl": "https://purl.stanford.edu/bz562vc4179/iiif/manifest" }, "geometry": { "type": "Polygon", "coordinates": [ [ [ 123.125, 42.5 ], [ 123.375, 42.5 ], [ 123.375, 42.6666666 ], [ 123.125, 42.6666666 ], [ 123.125, 42.5 ] ] ] } },
{ "type": "Feature", "properties": { "Id": 0, "Sheet_ID": "吉林 奉天局_奉天 52", "label": "吉林 奉天局_奉天 52", "call_short": "G7822 .M2 S50 .J31", "call_num": "G7822 .M2 S50 .J31 III-D-52", "recid": "sh963jp8333", "websiteUrl": "https://purl.stanford.edu/sh963jp8333", "title": "滿洲五万分一圖", "ckey": 10454760, "available": true, "iiifUrl": "https://purl.stanford.edu/sh963jp8333/iiif/manifest" }, "geometry": { "type": "Polygon", "coordinates": [ [ [ 123.375, 42.5 ], [ 123.625, 42.5 ], [ 123.625, 42.6666666 ], [ 123.375, 42.6666666 ], [ 123.375, 42.5 ] ] ] } },
{ "type": "Feature", "properties": { "Id": 0, "Sheet_ID": "吉林 奉天局_奉天 42", "label": "吉林 奉天局_奉天 42", "call_short": "G7822 .M2 S50 .J31", "call_num": "G7822 .M2 S50 .J31 III-D-42", "recid": "yz856mn0558", "websiteUrl": "https://purl.stanford.edu/yz856mn0558", "title": "滿洲五万分一圖", "ckey": 10454760, "available": true, "iiifUrl": "https://purl.stanford.edu/yz856mn0558/iiif/manifest" }, "geometry": { "type": "Polygon", "coordinates": [ [ [ 123.625, 42.5 ], [ 123.875, 42.5 ], [ 123.875, 42.6666666 ], [ 123.625, 42.6666666 ], [ 123.625, 42.5 ] ] ] } },
{ "type": "Feature", "properties": { "Id": 0, "Sheet_ID": "吉林 奉天局_奉天 32", "label": "吉林 奉天局_奉天 32", "call_short": "G7822 .M2 S50 .J31", "call_num": "G7822 .M2 S50 .J31 III-D-32", "recid": "kg189gv2994", "websiteUrl": "https://purl.stanford.edu/kg189gv2994", "title": "滿洲五万分一圖", "ckey": 10454760, "available": true, "iiifUrl": "https://purl.stanford.edu/kg189gv2994/iiif/manifest" }, "geometry": { "type": "Polygon", "coordinates": [ [ [ 123.875, 42.5 ], [ 124.125, 42.5 ], [ 124.125, 42.6666666 ], [ 123.875, 42.6666666 ], [ 123.875, 42.5 ] ] ] } },
{ "type": "Feature", "properties": { "Id": 0, "Sheet_ID": "吉林 奉天局_奉天 22", "label": "吉林 奉天局_奉天 22", "call_short": "G7822 .M2 S50 .J31", "call_num": "G7822 .M2 S50 .J31 III-D-22", "recid": "vh363mf1150", "websiteUrl": "https://purl.stanford.edu/vh363mf1150", "title": "滿洲五万分一圖", "ckey": 10454760, "available": true, "iiifUrl": "https://purl.stanford.edu/vh363mf1150/iiif/manifest" }, "geometry": { "type": "Polygon", "coordinates": [ [ [ 124.125, 42.5 ], [ 124.375, 42.5 ], [ 124.375, 42.6666666 ], [ 124.125, 42.6666666 ], [ 124.125, 42.5 ] ] ] } },
{ "type": "Feature", "properties": { "Id": 0, "Sheet_ID": "吉林 奉天局_奉天 13", "label": "吉林 奉天局_奉天 13", "call_short": "G7822 .M2 S50 .J31", "call_num": "G7822 .M2 S50 .J31 III-D-13", "recid": "ww903fw0802", "websiteUrl": "https://purl.stanford.edu/ww903fw0802", "title": "滿洲五万分一圖", "ckey": 10454760, "available": true, "iiifUrl": "https://purl.stanford.edu/ww903fw0802/iiif/manifest" }, "geometry": { "type": "Polygon", "coordinates": [ [ [ 124.375, 42.5 ], [ 124.625, 42.5 ], [ 124.625, 42.6666666 ], [ 124.375, 42.6666666 ], [ 124.375, 42.5 ] ] ] } },
{ "type": "Feature", "properties": { "Id": 0, "Sheet_ID": "吉林 奉天局_奉天 5", "label": "吉林 奉天局_奉天 5", "call_short": "G7822 .M2 S50 .J31", "call_num": "G7822 .M2 S50 .J31 III-D-5", "recid": "fy687hp8767", "websiteUrl": "https://purl.stanford.edu/fy687hp8767", "title": "滿洲五万分一圖", "ckey": 10454760, "available": true, "iiifUrl": "https://purl.stanford.edu/fy687hp8767/iiif/manifest" }, "geometry": { "type": "Polygon", "coordinates": [ [ [ 124.625, 42.5 ], [ 124.875, 42.5 ], [ 124.875, 42.6666666 ], [ 124.625, 42.6666666 ], [ 124.625, 42.5 ] ] ] } },
{ "type": "Feature", "properties": { "Id": 0, "Sheet_ID": "吉林 奉天局_奉天 91", "label": "吉林 奉天局_奉天 91", "call_short": "G7822 .M2 S50 .J31", "call_num": "G7822 .M2 S50 .J31 III-D-91", "recid": "jp984vg3811", "websiteUrl": "https://purl.stanford.edu/jp984vg3811", "title": "滿洲五万分一圖", "ckey": 10454760, "available": true, "iiifUrl": "https://purl.stanford.edu/jp984vg3811/iiif/manifest" }, "geometry": { "type": "Polygon", "coordinates": [ [ [ 122.375, 42.6666666 ], [ 122.625, 42.6666666 ], [ 122.625, 42.8333332 ], [ 122.375, 42.8333332 ], [ 122.375, 42.6666666 ] ] ] } },
{ "type": "Feature", "properties": { "Id": 0, "Sheet_ID": "吉林 奉天局_奉天 81", "label": "吉林 奉天局_奉天 81", "call_short": "G7822 .M2 S50 .J31", "call_num": "G7822 .M2 S50 .J31 III-D-81", "recid": "kf925jn3513", "websiteUrl": "https://purl.stanford.edu/kf925jn3513", "title": "滿洲五万分一圖", "ckey": 10454760, "available": true, "iiifUrl": "https://purl.stanford.edu/kf925jn3513/iiif/manifest" }, "geometry": { "type": "Polygon", "coordinates": [ [ [ 122.625, 42.6666666 ], [ 122.875, 42.6666666 ], [ 122.875, 42.8333332 ], [ 122.625, 42.8333332 ], [ 122.625, 42.6666666 ] ] ] } },
{ "type": "Feature", "properties": { "Id": 0, "Sheet_ID": "吉林 奉天局_奉天 71", "label": "吉林 奉天局_奉天 71", "call_short": "G7822 .M2 S50 .J31", "call_num": "G7822 .M2 S50 .J31 III-D-71", "recid": "kh465gv3601", "websiteUrl": "https://purl.stanford.edu/kh465gv3601", "title": "滿洲五万分一圖", "ckey": 10454760, "available": true, "iiifUrl": "https://purl.stanford.edu/kh465gv3601/iiif/manifest" }, "geometry": { "type": "Polygon", "coordinates": [ [ [ 122.875, 42.6666666 ], [ 123.125, 42.6666666 ], [ 123.125, 42.8333332 ], [ 122.875, 42.8333332 ], [ 122.875, 42.6666666 ] ] ] } },
{ "type": "Feature", "properties": { "Id": 0, "Sheet_ID": "吉林 奉天局_奉天 61", "label": "吉林 奉天局_奉天 61", "call_short": "G7822 .M2 S50 .J31", "call_num": "G7822 .M2 S50 .J31 III-D-61", "recid": "yx362vh6336", "websiteUrl": "https://purl.stanford.edu/yx362vh6336", "title": "滿洲五万分一圖", "ckey": 10454760, "available": true, "iiifUrl": "https://purl.stanford.edu/yx362vh6336/iiif/manifest" }, "geometry": { "type": "Polygon", "coordinates": [ [ [ 123.125, 42.6666666 ], [ 123.375, 42.6666666 ], [ 123.375, 42.8333332 ], [ 123.125, 42.8333332 ], [ 123.125, 42.6666666 ] ] ] } },
{ "type": "Feature", "properties": { "Id": 0, "Sheet_ID": "吉林 奉天局_奉天 51", "label": "吉林 奉天局_奉天 51", "call_short": "G7822 .M2 S50 .J31", "call_num": "G7822 .M2 S50 .J31 III-D-51", "recid": "bv499gt2865", "websiteUrl": "https://purl.stanford.edu/bv499gt2865", "title": "滿洲五万分一圖", "ckey": 10454760, "available": true, "iiifUrl": "https://purl.stanford.edu/bv499gt2865/iiif/manifest" }, "geometry": { "type": "Polygon", "coordinates": [ [ [ 123.375, 42.6666666 ], [ 123.625, 42.6666666 ], [ 123.625, 42.8333332 ], [ 123.375, 42.8333332 ], [ 123.375, 42.6666666 ] ] ] } },
{ "type": "Feature", "properties": { "Id": 0, "Sheet_ID": "吉林 奉天局_奉天 41", "label": "吉林 奉天局_奉天 41", "call_short": "G7822 .M2 S50 .J31", "call_num": "G7822 .M2 S50 .J31 III-D-41", "recid": "qm348yh2524", "websiteUrl": "https://purl.stanford.edu/qm348yh2524", "title": "滿洲五万分一圖", "ckey": 10454760, "available": true, "iiifUrl": "https://purl.stanford.edu/qm348yh2524/iiif/manifest" }, "geometry": { "type": "Polygon", "coordinates": [ [ [ 123.625, 42.6666666 ], [ 123.875, 42.6666666 ], [ 123.875, 42.8333332 ], [ 123.625, 42.8333332 ], [ 123.625, 42.6666666 ] ] ] } },
{ "type": "Feature", "properties": { "Id": 0, "Sheet_ID": "吉林 奉天局_奉天 31", "label": "吉林 奉天局_奉天 31", "call_short": "G7822 .M2 S50 .J31", "call_num": "G7822 .M2 S50 .J31 III-D-31", "recid": "xp422dx3600", "websiteUrl": "https://purl.stanford.edu/xp422dx3600", "title": "滿洲五万分一圖", "ckey": 10454760, "available": true, "iiifUrl": "https://purl.stanford.edu/xp422dx3600/iiif/manifest" }, "geometry": { "type": "Polygon", "coordinates": [ [ [ 123.875, 42.6666666 ], [ 124.125, 42.6666666 ], [ 124.125, 42.8333332 ], [ 123.875, 42.8333332 ], [ 123.875, 42.6666666 ] ] ] } },
{ "type": "Feature", "properties": { "Id": 0, "Sheet_ID": "吉林 奉天局_奉天 21", "label": "吉林 奉天局_奉天 21", "call_short": "G7822 .M2 S50 .J31", "call_num": "G7822 .M2 S50 .J31 III-D-21", "recid": "wv083kd9508", "websiteUrl": "https://purl.stanford.edu/wv083kd9508", "title": "滿洲五万分一圖", "ckey": 10454760, "available": true, "iiifUrl": "https://purl.stanford.edu/wv083kd9508/iiif/manifest" }, "geometry": { "type": "Polygon", "coordinates": [ [ [ 124.125, 42.6666666 ], [ 124.375, 42.6666666 ], [ 124.375, 42.8333332 ], [ 124.125, 42.8333332 ], [ 124.125, 42.6666666 ] ] ] } },
{ "type": "Feature", "properties": { "Id": 0, "Sheet_ID": "吉林 奉天局_奉天 12", "label": "吉林 奉天局_奉天 12", "call_short": "G7822 .M2 S50 .J31", "call_num": "G7822 .M2 S50 .J31 III-D-12", "recid": "xm620zj6508", "websiteUrl": "https://purl.stanford.edu/xm620zj6508", "title": "滿洲五万分一圖", "ckey": 10454760, "available": true, "iiifUrl": "https://purl.stanford.edu/xm620zj6508/iiif/manifest" }, "geometry": { "type": "Polygon", "coordinates": [ [ [ 124.375, 42.6666666 ], [ 124.625, 42.6666666 ], [ 124.625, 42.8333332 ], [ 124.375, 42.8333332 ], [ 124.375, 42.6666666 ] ] ] } },
{ "type": "Feature", "properties": { "Id": 0, "Sheet_ID": "吉林 奉天局_奉天 4", "label": "吉林 奉天局_奉天 4", "call_short": "G7822 .M2 S50 .J31", "call_num": "G7822 .M2 S50 .J31 III-D-4", "recid": "xc395mt5545", "websiteUrl": "https://purl.stanford.edu/xc395mt5545", "title": "滿洲五万分一圖", "ckey": 10454760, "available": true, "iiifUrl": "https://purl.stanford.edu/xc395mt5545/iiif/manifest" }, "geometry": { "type": "Polygon", "coordinates": [ [ [ 124.625, 42.6666666 ], [ 124.875, 42.6666666 ], [ 124.875, 42.8333332 ], [ 124.625, 42.8333332 ], [ 124.625, 42.6666666 ] ] ] } },
{ "type": "Feature", "properties": { "Id": 0, "Sheet_ID": "吉林 奉天局_奉天 90", "label": "吉林 奉天局_奉天 90", "call_short": "G7822 .M2 S50 .J31", "call_num": "G7822 .M2 S50 .J31 III-D-90", "recid": "zs788jj7987", "websiteUrl": "https://purl.stanford.edu/zs788jj7987", "title": "滿洲五万分一圖", "ckey": 10454760, "available": true, "iiifUrl": "https://purl.stanford.edu/zs788jj7987/iiif/manifest" }, "geometry": { "type": "Polygon", "coordinates": [ [ [ 122.375, 42.8333332 ], [ 122.625, 42.8333332 ], [ 122.625, 42.9999998 ], [ 122.375, 42.9999998 ], [ 122.375, 42.8333332 ] ] ] } },
{ "type": "Feature", "properties": { "Id": 0, "Sheet_ID": "吉林 奉天局_奉天 80", "label": "吉林 奉天局_奉天 80", "call_short": "G7822 .M2 S50 .J31", "call_num": "G7822 .M2 S50 .J31 III-D-80", "recid": "by631zs1419", "websiteUrl": "https://purl.stanford.edu/by631zs1419", "title": "滿洲五万分一圖", "ckey": 10454760, "available": true, "iiifUrl": "https://purl.stanford.edu/by631zs1419/iiif/manifest" }, "geometry": { "type": "Polygon", "coordinates": [ [ [ 122.625, 42.8333332 ], [ 122.875, 42.8333332 ], [ 122.875, 42.9999998 ], [ 122.625, 42.9999998 ], [ 122.625, 42.8333332 ] ] ] } },
{ "type": "Feature", "properties": { "Id": 0, "Sheet_ID": "吉林 奉天局_奉天 70", "label": "吉林 奉天局_奉天 70", "call_short": "G7822 .M2 S50 .J31", "call_num": "G7822 .M2 S50 .J31 III-D-70", "recid": "bz222vj3494", "websiteUrl": "https://purl.stanford.edu/bz222vj3494", "title": "滿洲五万分一圖", "ckey": 10454760, "available": true, "iiifUrl": "https://purl.stanford.edu/bz222vj3494/iiif/manifest" }, "geometry": { "type": "Polygon", "coordinates": [ [ [ 122.875, 42.8333332 ], [ 123.125, 42.8333332 ], [ 123.125, 42.9999998 ], [ 122.875, 42.9999998 ], [ 122.875, 42.8333332 ] ] ] } },
{ "type": "Feature", "properties": { "Id": 0, "Sheet_ID": "吉林 奉天局_奉天 60", "label": "吉林 奉天局_奉天 60", "call_short": "G7822 .M2 S50 .J31", "call_num": "G7822 .M2 S50 .J31 III-D-60", "recid": "xn886ks5033", "websiteUrl": "https://purl.stanford.edu/xn886ks5033", "title": "滿洲五万分一圖", "ckey": 10454760, "available": true, "iiifUrl": "https://purl.stanford.edu/xn886ks5033/iiif/manifest" }, "geometry": { "type": "Polygon", "coordinates": [ [ [ 123.125, 42.8333332 ], [ 123.375, 42.8333332 ], [ 123.375, 42.9999998 ], [ 123.125, 42.9999998 ], [ 123.125, 42.8333332 ] ] ] } },
{ "type": "Feature", "properties": { "Id": 0, "Sheet_ID": "吉林 奉天局_奉天 50", "label": "吉林 奉天局_奉天 50", "call_short": "G7822 .M2 S50 .J31", "call_num": "G7822 .M2 S50 .J31 III-D-50", "recid": "wr294hh7190", "websiteUrl": "https://purl.stanford.edu/wr294hh7190", "title": "滿洲五万分一圖", "ckey": 10454760, "available": true, "iiifUrl": "https://purl.stanford.edu/wr294hh7190/iiif/manifest" }, "geometry": { "type": "Polygon", "coordinates": [ [ [ 123.375, 42.8333332 ], [ 123.625, 42.8333332 ], [ 123.625, 42.9999998 ], [ 123.375, 42.9999998 ], [ 123.375, 42.8333332 ] ] ] } },
{ "type": "Feature", "properties": { "Id": 0, "Sheet_ID": "吉林 奉天局_奉天 40", "label": "吉林 奉天局_奉天 40", "call_short": "G7822 .M2 S50 .J31", "call_num": "G7822 .M2 S50 .J31 III-D-40", "recid": "nm182qy7110", "websiteUrl": "https://purl.stanford.edu/nm182qy7110", "title": "滿洲五万分一圖", "ckey": 10454760, "available": true, "iiifUrl": "https://purl.stanford.edu/nm182qy7110/iiif/manifest" }, "geometry": { "type": "Polygon", "coordinates": [ [ [ 123.625, 42.8333332 ], [ 123.875, 42.8333332 ], [ 123.875, 42.9999998 ], [ 123.625, 42.9999998 ], [ 123.625, 42.8333332 ] ] ] } },
{ "type": "Feature", "properties": { "Id": 0, "Sheet_ID": "吉林 奉天局_奉天 30", "label": "吉林 奉天局_奉天 30", "call_short": "G7822 .M2 S50 .J31", "call_num": "G7822 .M2 S50 .J31 III-D-30", "recid": "nc761gz6874", "websiteUrl": "https://purl.stanford.edu/nc761gz6874", "title": "滿洲五万分一圖", "ckey": 10454760, "available": true, "iiifUrl": "https://purl.stanford.edu/nc761gz6874/iiif/manifest" }, "geometry": { "type": "Polygon", "coordinates": [ [ [ 123.875, 42.8333332 ], [ 124.125, 42.8333332 ], [ 124.125, 42.9999998 ], [ 123.875, 42.9999998 ], [ 123.875, 42.8333332 ] ] ] } },
{ "type": "Feature", "properties": { "Id": 0, "Sheet_ID": "吉林 奉天局_奉天 20", "label": "吉林 奉天局_奉天 20", "call_short": "G7822 .M2 S50 .J31", "call_num": "G7822 .M2 S50 .J31 III-D-20", "recid": "sv477qk5806", "websiteUrl": "https://purl.stanford.edu/sv477qk5806", "title": "滿洲五万分一圖", "ckey": 10454760, "available": true, "iiifUrl": "https://purl.stanford.edu/sv477qk5806/iiif/manifest" }, "geometry": { "type": "Polygon", "coordinates": [ [ [ 124.125, 42.8333332 ], [ 124.375, 42.8333332 ], [ 124.375, 42.9999998 ], [ 124.125, 42.9999998 ], [ 124.125, 42.8333332 ] ] ] } },
{ "type": "Feature", "properties": { "Id": 0, "Sheet_ID": "吉林 奉天局_奉天 11", "label": "吉林 奉天局_奉天 11", "call_short": "G7822 .M2 S50 .J31", "call_num": "G7822 .M2 S50 .J31 III-D-11", "recid": "gc997xc2099", "websiteUrl": "https://purl.stanford.edu/gc997xc2099", "title": "滿洲五万分一圖", "ckey": 10454760, "available": true, "iiifUrl": "https://purl.stanford.edu/gc997xc2099/iiif/manifest" }, "geometry": { "type": "Polygon", "coordinates": [ [ [ 124.375, 42.8333332 ], [ 124.625, 42.8333332 ], [ 124.625, 42.9999998 ], [ 124.375, 42.9999998 ], [ 124.375, 42.8333332 ] ] ] } },
{ "type": "Feature", "properties": { "Id": 0, "Sheet_ID": "吉林 奉天局_奉天 3", "label": "吉林 奉天局_奉天 3", "call_short": "G7822 .M2 S50 .J31", "call_num": "G7822 .M2 S50 .J31 III-D-3", "recid": "kb613ns8350", "websiteUrl": "https://purl.stanford.edu/kb613ns8350", "title": "滿洲五万分一圖", "ckey": 10454760, "available": true, "iiifUrl": "https://purl.stanford.edu/kb613ns8350/iiif/manifest" }, "geometry": { "type": "Polygon", "coordinates": [ [ [ 124.625, 42.8333332 ], [ 124.875, 42.8333332 ], [ 124.875, 42.9999998 ], [ 124.625, 42.9999998 ], [ 124.625, 42.8333332 ] ] ] } },
{ "type": "Feature", "properties": { "Id": 0, "Sheet_ID": "吉林 奉天局_奉天 89", "label": "吉林 奉天局_奉天 89", "call_short": "G7822 .M2 S50 .J31", "call_num": "G7822 .M2 S50 .J31 III-D-89", "recid": "mm008cf5969", "websiteUrl": "https://purl.stanford.edu/mm008cf5969", "title": "滿洲五万分一圖", "ckey": 10454760, "available": true, "iiifUrl": "https://purl.stanford.edu/mm008cf5969/iiif/manifest" }, "geometry": { "type": "Polygon", "coordinates": [ [ [ 122.375, 42.9999998 ], [ 122.625, 42.9999998 ], [ 122.625, 43.1666664 ], [ 122.375, 43.1666664 ], [ 122.375, 42.9999998 ] ] ] } },
{ "type": "Feature", "properties": { "Id": 0, "Sheet_ID": "吉林 奉天局_奉天 79", "label": "吉林 奉天局_奉天 79", "call_short": "G7822 .M2 S50 .J31", "call_num": "G7822 .M2 S50 .J31 III-D-79", "recid": "ff914fn8746", "websiteUrl": "https://purl.stanford.edu/ff914fn8746", "title": "滿洲五万分一圖", "ckey": 10454760, "available": true, "iiifUrl": "https://purl.stanford.edu/ff914fn8746/iiif/manifest" }, "geometry": { "type": "Polygon", "coordinates": [ [ [ 122.625, 42.9999998 ], [ 122.875, 42.9999998 ], [ 122.875, 43.1666664 ], [ 122.625, 43.1666664 ], [ 122.625, 42.9999998 ] ] ] } },
{ "type": "Feature", "properties": { "Id": 0, "Sheet_ID": "吉林 奉天局_奉天 69", "label": "吉林 奉天局_奉天 69", "call_short": "G7822 .M2 S50 .J31", "call_num": "G7822 .M2 S50 .J31 III-D-69", "recid": "zz693fv5623", "websiteUrl": "https://purl.stanford.edu/zz693fv5623", "title": "滿洲五万分一圖", "ckey": 10454760, "available": true, "iiifUrl": "https://purl.stanford.edu/zz693fv5623/iiif/manifest" }, "geometry": { "type": "Polygon", "coordinates": [ [ [ 122.875, 42.9999998 ], [ 123.125, 42.9999998 ], [ 123.125, 43.1666664 ], [ 122.875, 43.1666664 ], [ 122.875, 42.9999998 ] ] ] } },
{ "type": "Feature", "properties": { "Id": 0, "Sheet_ID": "吉林 奉天局_奉天 59", "label": "吉林 奉天局_奉天 59", "call_short": "G7822 .M2 S50 .J31", "call_num": "G7822 .M2 S50 .J31 III-D-59", "recid": "mb681mk3786", "websiteUrl": "https://purl.stanford.edu/mb681mk3786", "title": "滿洲五万分一圖", "ckey": 10454760, "available": true, "iiifUrl": "https://purl.stanford.edu/mb681mk3786/iiif/manifest" }, "geometry": { "type": "Polygon", "coordinates": [ [ [ 123.125, 42.9999998 ], [ 123.375, 42.9999998 ], [ 123.375, 43.1666664 ], [ 123.125, 43.1666664 ], [ 123.125, 42.9999998 ] ] ] } },
{ "type": "Feature", "properties": { "Id": 0, "Sheet_ID": "吉林 奉天局_奉天 49", "label": "吉林 奉天局_奉天 49", "call_short": "G7822 .M2 S50 .J31", "call_num": "G7822 .M2 S50 .J31 III-D-49", "recid": "ks768tb1175", "websiteUrl": "https://purl.stanford.edu/ks768tb1175", "title": "滿洲五万分一圖", "ckey": 10454760, "available": true, "iiifUrl": "https://purl.stanford.edu/ks768tb1175/iiif/manifest" }, "geometry": { "type": "Polygon", "coordinates": [ [ [ 123.375, 42.9999998 ], [ 123.625, 42.9999998 ], [ 123.625, 43.1666664 ], [ 123.375, 43.1666664 ], [ 123.375, 42.9999998 ] ] ] } },
{ "type": "Feature", "properties": { "Id": 0, "Sheet_ID": "吉林 奉天局_奉天 39", "label": "吉林 奉天局_奉天 39", "call_short": "G7822 .M2 S50 .J31", "call_num": "G7822 .M2 S50 .J31 III-D-39", "recid": "qs338dh5295", "websiteUrl": "https://purl.stanford.edu/qs338dh5295", "title": "滿洲五万分一圖", "ckey": 10454760, "available": true, "iiifUrl": "https://purl.stanford.edu/qs338dh5295/iiif/manifest" }, "geometry": { "type": "Polygon", "coordinates": [ [ [ 123.625, 42.9999998 ], [ 123.875, 42.9999998 ], [ 123.875, 43.1666664 ], [ 123.625, 43.1666664 ], [ 123.625, 42.9999998 ] ] ] } },
{ "type": "Feature", "properties": { "Id": 0, "Sheet_ID": "吉林 奉天局_奉天 29", "label": "吉林 奉天局_奉天 29", "call_short": "G7822 .M2 S50 .J31", "call_num": "G7822 .M2 S50 .J31 III-D-29", "recid": "fk087tn6867", "websiteUrl": "https://purl.stanford.edu/fk087tn6867", "title": "滿洲五万分一圖", "ckey": 10454760, "available": true, "iiifUrl": "https://purl.stanford.edu/fk087tn6867/iiif/manifest" }, "geometry": { "type": "Polygon", "coordinates": [ [ [ 123.875, 42.9999998 ], [ 124.125, 42.9999998 ], [ 124.125, 43.1666664 ], [ 123.875, 43.1666664 ], [ 123.875, 42.9999998 ] ] ] } },
{ "type": "Feature", "properties": { "Id": 0, "Sheet_ID": "吉林 奉天局_奉天 19", "label": "吉林 奉天局_奉天 19", "call_short": "G7822 .M2 S50 .J31", "call_num": "G7822 .M2 S50 .J31 III-D-19", "recid": "rx732gv0094", "websiteUrl": "https://purl.stanford.edu/rx732gv0094", "title": "滿洲五万分一圖", "ckey": 10454760, "available": true, "iiifUrl": "https://purl.stanford.edu/rx732gv0094/iiif/manifest" }, "geometry": { "type": "Polygon", "coordinates": [ [ [ 124.125, 42.9999998 ], [ 124.375, 42.9999998 ], [ 124.375, 43.1666664 ], [ 124.125, 43.1666664 ], [ 124.125, 42.9999998 ] ] ] } },
{ "type": "Feature", "properties": { "Id": 0, "Sheet_ID": "吉林 奉天局_奉天 10", "label": "吉林 奉天局_奉天 10", "call_short": "G7822 .M2 S50 .J31", "call_num": "G7822 .M2 S50 .J31 III-D-10", "recid": "jc964cb4334", "websiteUrl": "https://purl.stanford.edu/jc964cb4334", "title": "滿洲五万分一圖", "ckey": 10454760, "available": true, "iiifUrl": "https://purl.stanford.edu/jc964cb4334/iiif/manifest" }, "geometry": { "type": "Polygon", "coordinates": [ [ [ 124.375, 42.9999998 ], [ 124.625, 42.9999998 ], [ 124.625, 43.1666664 ], [ 124.375, 43.1666664 ], [ 124.375, 42.9999998 ] ] ] } },
{ "type": "Feature", "properties": { "Id": 0, "Sheet_ID": "吉林 奉天局_奉天 2", "label": "吉林 奉天局_奉天 2", "call_short": "G7822 .M2 S50 .J31", "call_num": "G7822 .M2 S50 .J31 III-D-2", "recid": "qn070nr6060", "websiteUrl": "https://purl.stanford.edu/qn070nr6060", "title": "滿洲五万分一圖", "ckey": 10454760, "available": true, "iiifUrl": "https://purl.stanford.edu/qn070nr6060/iiif/manifest" }, "geometry": { "type": "Polygon", "coordinates": [ [ [ 124.625, 42.9999998 ], [ 124.875, 42.9999998 ], [ 124.875, 43.1666664 ], [ 124.625, 43.1666664 ], [ 124.625, 42.9999998 ] ] ] } },
{ "type": "Feature", "properties": { "Id": 0, "Sheet_ID": "吉林 奉天局_奉天 88", "label": "吉林 奉天局_奉天 88", "call_short": "G7822 .M2 S50 .J31", "call_num": "G7822 .M2 S50 .J31 III-D-88", "recid": "vd996vh2909", "websiteUrl": "https://purl.stanford.edu/vd996vh2909", "title": "滿洲五万分一圖", "ckey": 10454760, "available": true, "iiifUrl": "https://purl.stanford.edu/vd996vh2909/iiif/manifest" }, "geometry": { "type": "Polygon", "coordinates": [ [ [ 122.375, 43.1666664 ], [ 122.625, 43.1666664 ], [ 122.625, 43.333333 ], [ 122.375, 43.333333 ], [ 122.375, 43.1666664 ] ] ] } },
{ "type": "Feature", "properties": { "Id": 0, "Sheet_ID": "吉林 奉天局_奉天 78", "label": "吉林 奉天局_奉天 78", "call_short": "G7822 .M2 S50 .J31", "call_num": "G7822 .M2 S50 .J31 III-D-78", "recid": "vn153pm7528", "websiteUrl": "https://purl.stanford.edu/vn153pm7528", "title": "滿洲五万分一圖", "ckey": 10454760, "available": true, "iiifUrl": "https://purl.stanford.edu/vn153pm7528/iiif/manifest" }, "geometry": { "type": "Polygon", "coordinates": [ [ [ 122.625, 43.1666664 ], [ 122.875, 43.1666664 ], [ 122.875, 43.333333 ], [ 122.625, 43.333333 ], [ 122.625, 43.1666664 ] ] ] } },
{ "type": "Feature", "properties": { "Id": 0, "Sheet_ID": "吉林 奉天局_奉天 68", "label": "吉林 奉天局_奉天 68", "call_short": "G7822 .M2 S50 .J31", "call_num": "G7822 .M2 S50 .J31 III-D-68", "recid": "hz339hd2647", "websiteUrl": "https://purl.stanford.edu/hz339hd2647", "title": "滿洲五万分一圖", "ckey": 10454760, "available": true, "iiifUrl": "https://purl.stanford.edu/hz339hd2647/iiif/manifest" }, "geometry": { "type": "Polygon", "coordinates": [ [ [ 122.875, 43.1666664 ], [ 123.125, 43.1666664 ], [ 123.125, 43.333333 ], [ 122.875, 43.333333 ], [ 122.875, 43.1666664 ] ] ] } },
{ "type": "Feature", "properties": { "Id": 0, "Sheet_ID": "吉林 奉天局_奉天 58", "label": "吉林 奉天局_奉天 58", "call_short": "G7822 .M2 S50 .J31", "call_num": "G7822 .M2 S50 .J31 III-D-58", "recid": "jj190nz1622", "websiteUrl": "https://purl.stanford.edu/jj190nz1622", "title": "滿洲五万分一圖", "ckey": 10454760, "available": true, "iiifUrl": "https://purl.stanford.edu/jj190nz1622/iiif/manifest" }, "geometry": { "type": "Polygon", "coordinates": [ [ [ 123.125, 43.1666664 ], [ 123.375, 43.1666664 ], [ 123.375, 43.333333 ], [ 123.125, 43.333333 ], [ 123.125, 43.1666664 ] ] ] } },
{ "type": "Feature", "properties": { "Id": 0, "Sheet_ID": "吉林 奉天局_奉天 48", "label": "吉林 奉天局_奉天 48", "call_short": "G7822 .M2 S50 .J31", "call_num": "G7822 .M2 S50 .J31 III-D-48", "recid": "jp708cz1152", "websiteUrl": "https://purl.stanford.edu/jp708cz1152", "title": "滿洲五万分一圖", "ckey": 10454760, "available": true, "iiifUrl": "https://purl.stanford.edu/jp708cz1152/iiif/manifest" }, "geometry": { "type": "Polygon", "coordinates": [ [ [ 123.375, 43.1666664 ], [ 123.625, 43.1666664 ], [ 123.625, 43.333333 ], [ 123.375, 43.333333 ], [ 123.375, 43.1666664 ] ] ] } },
{ "type": "Feature", "properties": { "Id": 0, "Sheet_ID": "吉林 奉天局_奉天 38", "label": "吉林 奉天局_奉天 38", "call_short": "G7822 .M2 S50 .J31", "call_num": "G7822 .M2 S50 .J31 III-D-38", "recid": "sw352dh6203", "websiteUrl": "https://purl.stanford.edu/sw352dh6203", "title": "滿洲五万分一圖", "ckey": 10454760, "available": true, "iiifUrl": "https://purl.stanford.edu/sw352dh6203/iiif/manifest" }, "geometry": { "type": "Polygon", "coordinates": [ [ [ 123.625, 43.1666664 ], [ 123.875, 43.1666664 ], [ 123.875, 43.333333 ], [ 123.625, 43.333333 ], [ 123.625, 43.1666664 ] ] ] } },
{ "type": "Feature", "properties": { "Id": 0, "Sheet_ID": "吉林 奉天局_奉天 28", "label": "吉林 奉天局_奉天 28", "call_short": "G7822 .M2 S50 .J31", "call_num": "G7822 .M2 S50 .J31 III-D-28", "recid": "hz065rk8637", "websiteUrl": "https://purl.stanford.edu/hz065rk8637", "title": "滿洲五万分一圖", "ckey": 10454760, "available": true, "iiifUrl": "https://purl.stanford.edu/hz065rk8637/iiif/manifest" }, "geometry": { "type": "Polygon", "coordinates": [ [ [ 123.875, 43.1666664 ], [ 124.125, 43.1666664 ], [ 124.125, 43.333333 ], [ 123.875, 43.333333 ], [ 123.875, 43.1666664 ] ] ] } },
{ "type": "Feature", "properties": { "Id": 0, "Sheet_ID": "吉林 奉天局_奉天 18", "label": "吉林 奉天局_奉天 18", "call_short": "G7822 .M2 S50 .J31", "call_num": "G7822 .M2 S50 .J31 III-D-18", "recid": "fm859yw3566", "websiteUrl": "https://purl.stanford.edu/fm859yw3566", "title": "滿洲五万分一圖", "ckey": 10454760, "available": true, "iiifUrl": "https://purl.stanford.edu/fm859yw3566/iiif/manifest" }, "geometry": { "type": "Polygon", "coordinates": [ [ [ 124.125, 43.1666664 ], [ 124.375, 43.1666664 ], [ 124.375, 43.333333 ], [ 124.125, 43.333333 ], [ 124.125, 43.1666664 ] ] ] } },
{ "type": "Feature", "properties": { "Id": 0, "Sheet_ID": "吉林 奉天局_奉天 9", "label": "吉林 奉天局_奉天 9", "call_short": "G7822 .M2 S50 .J31", "call_num": "G7822 .M2 S50 .J31 III-D-9", "recid": "dc882nd2896", "websiteUrl": "https://purl.stanford.edu/dc882nd2896", "title": "滿洲五万分一圖", "ckey": 10454760, "available": true, "iiifUrl": "https://purl.stanford.edu/dc882nd2896/iiif/manifest" }, "geometry": { "type": "Polygon", "coordinates": [ [ [ 124.375, 43.1666664 ], [ 124.625, 43.1666664 ], [ 124.625, 43.333333 ], [ 124.375, 43.333333 ], [ 124.375, 43.1666664 ] ] ] } },
{ "type": "Feature", "properties": { "Id": 0, "Sheet_ID": "吉林 奉天局_奉天 1", "label": "吉林 奉天局_奉天 1", "call_short": "G7822 .M2 S50 .J31", "call_num": "G7822 .M2 S50 .J31 III-D-1", "recid": "dr085sb5269", "websiteUrl": "https://purl.stanford.edu/dr085sb5269", "title": "滿洲五万分一圖", "ckey": 10454760, "available": true, "iiifUrl": "https://purl.stanford.edu/dr085sb5269/iiif/manifest" }, "geometry": { "type": "Polygon", "coordinates": [ [ [ 124.625, 43.1666664 ], [ 124.875, 43.1666664 ], [ 124.875, 43.333333 ], [ 124.625, 43.333333 ], [ 124.625, 43.1666664 ] ] ] } },
{ "type": "Feature", "properties": { "Id": 0, "Sheet_ID": "吉林 奉天局_奉天 45 ED.2", "label": "吉林 奉天局_奉天 45 ED.2", "call_short": "G7822 .M2 S50 .J31", "call_num": "G7822 .M2 S50 .J31 III-D-45 ED.2", "recid": "xy865zc4529", "websiteUrl": "https://purl.stanford.edu/xy865zc4529", "title": "滿洲五万分一圖", "ckey": 10454760, "available": true, "iiifUrl": "https://purl.stanford.edu/xy865zc4529/iiif/manifest" }, "geometry": { "type": "Polygon", "coordinates": [ [ [ 123.625, 42.0000002 ], [ 123.875, 42.0000002 ], [ 123.875, 42.1666668 ], [ 123.625, 42.1666668 ], [ 123.625, 42.0000002 ] ] ] } },
{ "type": "Feature", "properties": { "Id": 0, "Sheet_ID": "吉林 奉天局_奉天 54", "label": "吉林 奉天局_奉天 54", "call_short": "G7822 .M2 S50 .J31", "call_num": "G7822 .M2 S50 .J31 III-D-54", "recid": "wn206st5948", "websiteUrl": "https://purl.stanford.edu/wn206st5948", "title": "滿洲五万分一圖", "ckey": 10454760, "available": true, "iiifUrl": "https://purl.stanford.edu/wn206st5948/iiif/manifest" }, "geometry": { "type": "Polygon", "coordinates": [ [ [ 123.375, 42.1666668 ], [ 123.625, 42.1666668 ], [ 123.625, 42.3333334 ], [ 123.375, 42.3333334 ], [ 123.375, 42.1666668 ] ] ] } },
{ "type": "Feature", "properties": { "Id": 0, "Sheet_ID": "吉林 奉天局_奉天 65 ED.2", "label": "吉林 奉天局_奉天 65 ED.2", "call_short": "G7822 .M2 S50 .J31", "call_num": "G7822 .M2 S50 .J31 III-D-65 ED.2", "recid": "fr502rq8769", "websiteUrl": "https://purl.stanford.edu/fr502rq8769", "title": "滿洲五万分一圖", "ckey": 10454760, "available": true, "iiifUrl": "https://purl.stanford.edu/fr502rq8769/iiif/manifest" }, "geometry": { "type": "Polygon", "coordinates": [ [ [ 123.125, 42.0000002 ], [ 123.375, 42.0000002 ], [ 123.375, 42.1666668 ], [ 123.125, 42.1666668 ], [ 123.125, 42.0000002 ] ] ] } },
{ "type": "Feature", "properties": { "Id": 0, "Sheet_ID": "吉林 奉天局_奉化 46", "label": "吉林 奉天局_奉化 46", "call_short": "G7822 .M2 S50 .J31", "call_num": "G7822 .M2 S50 .J31 III-C-46", "recid": "gd715bz0316", "websiteUrl": "https://purl.stanford.edu/gd715bz0316", "title": "滿洲五万分一圖", "ckey": 10454760, "available": true, "iiifUrl": "https://purl.stanford.edu/gd715bz0316/iiif/manifest" }, "geometry": { "type": "Polygon", "coordinates": [ [ [ 122.375, 43.333333 ], [ 122.625, 43.333333 ], [ 122.625, 43.4999997 ], [ 122.375, 43.4999997 ], [ 122.375, 43.333333 ] ] ] } },
{ "type": "Feature", "properties": { "Id": 0, "Sheet_ID": "吉林 奉天局_奉化 44", "label": "吉林 奉天局_奉化 44", "call_short": "G7822 .M2 S50 .J31", "call_num": "G7822 .M2 S50 .J31 III-C-44", "recid": "hm552ns8083", "websiteUrl": "https://purl.stanford.edu/hm552ns8083", "title": "滿洲五万分一圖", "ckey": 10454760, "available": true, "iiifUrl": "https://purl.stanford.edu/hm552ns8083/iiif/manifest" }, "geometry": { "type": "Polygon", "coordinates": [ [ [ 122.625, 43.333333 ], [ 122.875, 43.333333 ], [ 122.875, 43.4999997 ], [ 122.625, 43.4999997 ], [ 122.625, 43.333333 ] ] ] } },
{ "type": "Feature", "properties": { "Id": 0, "Sheet_ID": "吉林 奉天局_奉化 42", "label": "吉林 奉天局_奉化 42", "call_short": "G7822 .M2 S50 .J31", "call_num": "G7822 .M2 S50 .J31 III-C-42", "recid": "mh338dc7709", "websiteUrl": "https://purl.stanford.edu/mh338dc7709", "title": "滿洲五万分一圖", "ckey": 10454760, "available": true, "iiifUrl": "https://purl.stanford.edu/mh338dc7709/iiif/manifest" }, "geometry": { "type": "Polygon", "coordinates": [ [ [ 122.875, 43.333333 ], [ 123.125, 43.333333 ], [ 123.125, 43.4999997 ], [ 122.875, 43.4999997 ], [ 122.875, 43.333333 ] ] ] } },
{ "type": "Feature", "properties": { "Id": 0, "Sheet_ID": "吉林 奉天局_奉化 40", "label": "吉林 奉天局_奉化 40", "call_short": "G7822 .M2 S50 .J31", "call_num": "G7822 .M2 S50 .J31 III-C-40", "recid": "jw705xh0274", "websiteUrl": "https://purl.stanford.edu/jw705xh0274", "title": "滿洲五万分一圖", "ckey": 10454760, "available": true, "iiifUrl": "https://purl.stanford.edu/jw705xh0274/iiif/manifest" }, "geometry": { "type": "Polygon", "coordinates": [ [ [ 123.125, 43.333333 ], [ 123.375, 43.333333 ], [ 123.375, 43.4999997 ], [ 123.125, 43.4999997 ], [ 123.125, 43.333333 ] ] ] } },
{ "type": "Feature", "properties": { "Id": 0, "Sheet_ID": "吉林 奉天局_奉化 38", "label": "吉林 奉天局_奉化 38", "call_short": "G7822 .M2 S50 .J31", "call_num": "G7822 .M2 S50 .J31 III-C-38", "recid": "gr748kv3319", "websiteUrl": "https://purl.stanford.edu/gr748kv3319", "title": "滿洲五万分一圖", "ckey": 10454760, "available": true, "iiifUrl": "https://purl.stanford.edu/gr748kv3319/iiif/manifest" }, "geometry": { "type": "Polygon", "coordinates": [ [ [ 123.375, 43.333333 ], [ 123.625, 43.333333 ], [ 123.625, 43.4999997 ], [ 123.375, 43.4999997 ], [ 123.375, 43.333333 ] ] ] } },
{ "type": "Feature", "properties": { "Id": 0, "Sheet_ID": "吉林 奉天局_奉化 31", "label": "吉林 奉天局_奉化 31", "call_short": "G7822 .M2 S50 .J31", "call_num": "G7822 .M2 S50 .J31 III-C-31", "recid": "pm552sd0748", "websiteUrl": "https://purl.stanford.edu/pm552sd0748", "title": "滿洲五万分一圖", "ckey": 10454760, "available": true, "iiifUrl": "https://purl.stanford.edu/pm552sd0748/iiif/manifest" }, "geometry": { "type": "Polygon", "coordinates": [ [ [ 123.625, 43.333333 ], [ 123.875, 43.333333 ], [ 123.875, 43.4999997 ], [ 123.625, 43.4999997 ], [ 123.625, 43.333333 ] ] ] } },
{ "type": "Feature", "properties": { "Id": 0, "Sheet_ID": "吉林 奉天局_奉化 24", "label": "吉林 奉天局_奉化 24", "call_short": "G7822 .M2 S50 .J31", "call_num": "G7822 .M2 S50 .J31 III-C-24", "recid": "ps903kn4073", "websiteUrl": "https://purl.stanford.edu/ps903kn4073", "title": "滿洲五万分一圖", "ckey": 10454760, "available": true, "iiifUrl": "https://purl.stanford.edu/ps903kn4073/iiif/manifest" }, "geometry": { "type": "Polygon", "coordinates": [ [ [ 123.875, 43.333333 ], [ 124.125, 43.333333 ], [ 124.125, 43.4999997 ], [ 123.875, 43.4999997 ], [ 123.875, 43.333333 ] ] ] } },
{ "type": "Feature", "properties": { "Id": 0, "Sheet_ID": "吉林 奉天局_奉化 18", "label": "吉林 奉天局_奉化 18", "call_short": "G7822 .M2 S50 .J31", "call_num": "G7822 .M2 S50 .J31 III-C-18", "recid": "wf260jw2967", "websiteUrl": "https://purl.stanford.edu/wf260jw2967", "title": "滿洲五万分一圖", "ckey": 10454760, "available": true, "iiifUrl": "https://purl.stanford.edu/wf260jw2967/iiif/manifest" }, "geometry": { "type": "Polygon", "coordinates": [ [ [ 124.125, 43.333333 ], [ 124.375, 43.333333 ], [ 124.375, 43.4999997 ], [ 124.125, 43.4999997 ], [ 124.125, 43.333333 ] ] ] } },
{ "type": "Feature", "properties": { "Id": 0, "Sheet_ID": "吉林 奉天局_奉化 12", "label": "吉林 奉天局_奉化 12", "call_short": "G7822 .M2 S50 .J31", "call_num": "G7822 .M2 S50 .J31 III-C-12", "recid": "sx853mv3855", "websiteUrl": "https://purl.stanford.edu/sx853mv3855", "title": "滿洲五万分一圖", "ckey": 10454760, "available": true, "iiifUrl": "https://purl.stanford.edu/sx853mv3855/iiif/manifest" }, "geometry": { "type": "Polygon", "coordinates": [ [ [ 124.375, 43.333333 ], [ 124.625, 43.333333 ], [ 124.625, 43.4999997 ], [ 124.375, 43.4999997 ], [ 124.375, 43.333333 ] ] ] } },
{ "type": "Feature", "properties": { "Id": 0, "Sheet_ID": "吉林 奉天局_奉化 6", "label": "吉林 奉天局_奉化 6", "call_short": "G7822 .M2 S50 .J31", "call_num": "G7822 .M2 S50 .J31 III-C-6", "recid": "xg723mh9219", "websiteUrl": "https://purl.stanford.edu/xg723mh9219", "title": "滿洲五万分一圖", "ckey": 10454760, "available": true, "iiifUrl": "https://purl.stanford.edu/xg723mh9219/iiif/manifest" }, "geometry": { "type": "Polygon", "coordinates": [ [ [ 124.625, 43.333333 ], [ 124.875, 43.333333 ], [ 124.875, 43.4999997 ], [ 124.625, 43.4999997 ], [ 124.625, 43.333333 ] ] ] } },
{ "type": "Feature", "properties": { "Id": 0, "Sheet_ID": "吉林 奉天局_奉化 45", "label": "吉林 奉天局_奉化 45", "call_short": "G7822 .M2 S50 .J31", "call_num": "G7822 .M2 S50 .J31 III-C-45", "recid": "zc278wq6043", "websiteUrl": "https://purl.stanford.edu/zc278wq6043", "title": "滿洲五万分一圖", "ckey": 10454760, "available": true, "iiifUrl": "https://purl.stanford.edu/zc278wq6043/iiif/manifest" }, "geometry": { "type": "Polygon", "coordinates": [ [ [ 122.375, 43.4999997 ], [ 122.625, 43.4999997 ], [ 122.625, 43.6666664 ], [ 122.375, 43.6666664 ], [ 122.375, 43.4999997 ] ] ] } },
{ "type": "Feature", "properties": { "Id": 0, "Sheet_ID": "吉林 奉天局_奉化 43", "label": "吉林 奉天局_奉化 43", "call_short": "G7822 .M2 S50 .J31", "call_num": "G7822 .M2 S50 .J31 III-C-43", "recid": "mk920rk2609", "websiteUrl": "https://purl.stanford.edu/mk920rk2609", "title": "滿洲五万分一圖", "ckey": 10454760, "available": true, "iiifUrl": "https://purl.stanford.edu/mk920rk2609/iiif/manifest" }, "geometry": { "type": "Polygon", "coordinates": [ [ [ 122.625, 43.4999997 ], [ 122.875, 43.4999997 ], [ 122.875, 43.6666664 ], [ 122.625, 43.6666664 ], [ 122.625, 43.4999997 ] ] ] } },
{ "type": "Feature", "properties": { "Id": 0, "Sheet_ID": "吉林 奉天局_奉化 41", "label": "吉林 奉天局_奉化 41", "call_short": "G7822 .M2 S50 .J31", "call_num": "G7822 .M2 S50 .J31 III-C-41", "recid": "zw406tk6729", "websiteUrl": "https://purl.stanford.edu/zw406tk6729", "title": "滿洲五万分一圖", "ckey": 10454760, "available": true, "iiifUrl": "https://purl.stanford.edu/zw406tk6729/iiif/manifest" }, "geometry": { "type": "Polygon", "coordinates": [ [ [ 122.875, 43.4999997 ], [ 123.125, 43.4999997 ], [ 123.125, 43.6666664 ], [ 122.875, 43.6666664 ], [ 122.875, 43.4999997 ] ] ] } },
{ "type": "Feature", "properties": { "Id": 0, "Sheet_ID": "吉林 奉天局_奉化 39", "label": "吉林 奉天局_奉化 39", "call_short": "G7822 .M2 S50 .J31", "call_num": "G7822 .M2 S50 .J31 III-C-39", "recid": "yb323dc2785", "websiteUrl": "https://purl.stanford.edu/yb323dc2785", "title": "滿洲五万分一圖", "ckey": 10454760, "available": true, "iiifUrl": "https://purl.stanford.edu/yb323dc2785/iiif/manifest" }, "geometry": { "type": "Polygon", "coordinates": [ [ [ 123.125, 43.4999997 ], [ 123.375, 43.4999997 ], [ 123.375, 43.6666664 ], [ 123.125, 43.6666664 ], [ 123.125, 43.4999997 ] ] ] } },
{ "type": "Feature", "properties": { "Id": 0, "Sheet_ID": "吉林 奉天局_奉化 37", "label": "吉林 奉天局_奉化 37", "call_short": "G7822 .M2 S50 .J31", "call_num": "G7822 .M2 S50 .J31 III-C-37", "recid": "dq147bs6213", "websiteUrl": "https://purl.stanford.edu/dq147bs6213", "title": "滿洲五万分一圖", "ckey": 10454760, "available": true, "iiifUrl": "https://purl.stanford.edu/dq147bs6213/iiif/manifest" }, "geometry": { "type": "Polygon", "coordinates": [ [ [ 123.375, 43.4999997 ], [ 123.625, 43.4999997 ], [ 123.625, 43.6666664 ], [ 123.375, 43.6666664 ], [ 123.375, 43.4999997 ] ] ] } },
{ "type": "Feature", "properties": { "Id": 0, "Sheet_ID": "吉林 奉天局_奉化 30", "label": "吉林 奉天局_奉化 30", "call_short": "G7822 .M2 S50 .J31", "call_num": "G7822 .M2 S50 .J31 III-C-30", "recid": "sw692xm7074", "websiteUrl": "https://purl.stanford.edu/sw692xm7074", "title": "滿洲五万分一圖", "ckey": 10454760, "available": true, "iiifUrl": "https://purl.stanford.edu/sw692xm7074/iiif/manifest" }, "geometry": { "type": "Polygon", "coordinates": [ [ [ 123.625, 43.4999997 ], [ 123.875, 43.4999997 ], [ 123.875, 43.6666664 ], [ 123.625, 43.6666664 ], [ 123.625, 43.4999997 ] ] ] } },
{ "type": "Feature", "properties": { "Id": 0, "Sheet_ID": "吉林 奉天局_奉化 23", "label": "吉林 奉天局_奉化 23", "call_short": "G7822 .M2 S50 .J31", "call_num": "G7822 .M2 S50 .J31 III-C-23", "recid": "ym258pd3117", "websiteUrl": "https://purl.stanford.edu/ym258pd3117", "title": "滿洲五万分一圖", "ckey": 10454760, "available": true, "iiifUrl": "https://purl.stanford.edu/ym258pd3117/iiif/manifest" }, "geometry": { "type": "Polygon", "coordinates": [ [ [ 123.875, 43.4999997 ], [ 124.125, 43.4999997 ], [ 124.125, 43.6666664 ], [ 123.875, 43.6666664 ], [ 123.875, 43.4999997 ] ] ] } },
{ "type": "Feature", "properties": { "Id": 0, "Sheet_ID": "吉林 奉天局_奉化 17", "label": "吉林 奉天局_奉化 17", "call_short": "G7822 .M2 S50 .J31", "call_num": "G7822 .M2 S50 .J31 III-C-17", "recid": "zs714qx1235", "websiteUrl": "https://purl.stanford.edu/zs714qx1235", "title": "滿洲五万分一圖", "ckey": 10454760, "available": true, "iiifUrl": "https://purl.stanford.edu/zs714qx1235/iiif/manifest" }, "geometry": { "type": "Polygon", "coordinates": [ [ [ 124.125, 43.4999997 ], [ 124.375, 43.4999997 ], [ 124.375, 43.6666664 ], [ 124.125, 43.6666664 ], [ 124.125, 43.4999997 ] ] ] } },
{ "type": "Feature", "properties": { "Id": 0, "Sheet_ID": "吉林 奉天局_奉化 11", "label": "吉林 奉天局_奉化 11", "call_short": "G7822 .M2 S50 .J31", "call_num": "G7822 .M2 S50 .J31 III-C-11", "recid": "gf272fw5141", "websiteUrl": "https://purl.stanford.edu/gf272fw5141", "title": "滿洲五万分一圖", "ckey": 10454760, "available": true, "iiifUrl": "https://purl.stanford.edu/gf272fw5141/iiif/manifest" }, "geometry": { "type": "Polygon", "coordinates": [ [ [ 124.375, 43.4999997 ], [ 124.625, 43.4999997 ], [ 124.625, 43.6666664 ], [ 124.375, 43.6666664 ], [ 124.375, 43.4999997 ] ] ] } },
{ "type": "Feature", "properties": { "Id": 0, "Sheet_ID": "吉林 奉天局_奉化 5", "label": "吉林 奉天局_奉化 5", "call_short": "G7822 .M2 S50 .J31", "call_num": "G7822 .M2 S50 .J31 III-C-5", "recid": "yh593vw6221", "websiteUrl": "https://purl.stanford.edu/yh593vw6221", "title": "滿洲五万分一圖", "ckey": 10454760, "available": true, "iiifUrl": "https://purl.stanford.edu/yh593vw6221/iiif/manifest" }, "geometry": { "type": "Polygon", "coordinates": [ [ [ 124.625, 43.4999997 ], [ 124.875, 43.4999997 ], [ 124.875, 43.6666664 ], [ 124.625, 43.6666664 ], [ 124.625, 43.4999997 ] ] ] } },
{ "type": "Feature", "properties": { "Id": 0, "Sheet_ID": "吉林 奉天局_奉化 36", "label": "吉林 奉天局_奉化 36", "call_short": "G7822 .M2 S50 .J31", "call_num": "G7822 .M2 S50 .J31 III-C-36", "recid": "zv649tg8289", "websiteUrl": "https://purl.stanford.edu/zv649tg8289", "title": "滿洲五万分一圖", "ckey": 10454760, "available": true, "iiifUrl": "https://purl.stanford.edu/zv649tg8289/iiif/manifest" }, "geometry": { "type": "Polygon", "coordinates": [ [ [ 123.375, 43.6666664 ], [ 123.625, 43.6666664 ], [ 123.625, 43.8333331 ], [ 123.375, 43.8333331 ], [ 123.375, 43.6666664 ] ] ] } },
{ "type": "Feature", "properties": { "Id": 0, "Sheet_ID": "吉林 奉天局_奉化 29", "label": "吉林 奉天局_奉化 29", "call_short": "G7822 .M2 S50 .J31", "call_num": "G7822 .M2 S50 .J31 III-C-29", "recid": "yp757hj1388", "websiteUrl": "https://purl.stanford.edu/yp757hj1388", "title": "滿洲五万分一圖", "ckey": 10454760, "available": true, "iiifUrl": "https://purl.stanford.edu/yp757hj1388/iiif/manifest" }, "geometry": { "type": "Polygon", "coordinates": [ [ [ 123.625, 43.6666664 ], [ 123.875, 43.6666664 ], [ 123.875, 43.8333331 ], [ 123.625, 43.8333331 ], [ 123.625, 43.6666664 ] ] ] } },
{ "type": "Feature", "properties": { "Id": 0, "Sheet_ID": "吉林 奉天局_奉化 22", "label": "吉林 奉天局_奉化 22", "call_short": "G7822 .M2 S50 .J31", "call_num": "G7822 .M2 S50 .J31 III-C-22", "recid": "mw448qp5413", "websiteUrl": "https://purl.stanford.edu/mw448qp5413", "title": "滿洲五万分一圖", "ckey": 10454760, "available": true, "iiifUrl": "https://purl.stanford.edu/mw448qp5413/iiif/manifest" }, "geometry": { "type": "Polygon", "coordinates": [ [ [ 123.875, 43.6666664 ], [ 124.125, 43.6666664 ], [ 124.125, 43.8333331 ], [ 123.875, 43.8333331 ], [ 123.875, 43.6666664 ] ] ] } },
{ "type": "Feature", "properties": { "Id": 0, "Sheet_ID": "吉林 奉天局_奉化 16", "label": "吉林 奉天局_奉化 16", "call_short": "G7822 .M2 S50 .J31", "call_num": "G7822 .M2 S50 .J31 III-C-16", "recid": "qy127dd5330", "websiteUrl": "https://purl.stanford.edu/qy127dd5330", "title": "滿洲五万分一圖", "ckey": 10454760, "available": true, "iiifUrl": "https://purl.stanford.edu/qy127dd5330/iiif/manifest" }, "geometry": { "type": "Polygon", "coordinates": [ [ [ 124.125, 43.6666664 ], [ 124.375, 43.6666664 ], [ 124.375, 43.8333331 ], [ 124.125, 43.8333331 ], [ 124.125, 43.6666664 ] ] ] } },
{ "type": "Feature", "properties": { "Id": 0, "Sheet_ID": "吉林 奉天局_奉化 10", "label": "吉林 奉天局_奉化 10", "call_short": "G7822 .M2 S50 .J31", "call_num": "G7822 .M2 S50 .J31 III-C-10", "recid": "rp081mf3909", "websiteUrl": "https://purl.stanford.edu/rp081mf3909", "title": "滿洲五万分一圖", "ckey": 10454760, "available": true, "iiifUrl": "https://purl.stanford.edu/rp081mf3909/iiif/manifest" }, "geometry": { "type": "Polygon", "coordinates": [ [ [ 124.375, 43.6666664 ], [ 124.625, 43.6666664 ], [ 124.625, 43.8333331 ], [ 124.375, 43.8333331 ], [ 124.375, 43.6666664 ] ] ] } },
{ "type": "Feature", "properties": { "Id": 0, "Sheet_ID": "吉林 奉天局_奉化 4", "label": "吉林 奉天局_奉化 4", "call_short": "G7822 .M2 S50 .J31", "call_num": "G7822 .M2 S50 .J31 III-C-4", "recid": "jh927jm9113", "websiteUrl": "https://purl.stanford.edu/jh927jm9113", "title": "滿洲五万分一圖", "ckey": 10454760, "available": true, "iiifUrl": "https://purl.stanford.edu/jh927jm9113/iiif/manifest" }, "geometry": { "type": "Polygon", "coordinates": [ [ [ 124.625, 43.6666664 ], [ 124.875, 43.6666664 ], [ 124.875, 43.8333331 ], [ 124.625, 43.8333331 ], [ 124.625, 43.6666664 ] ] ] } },
{ "type": "Feature", "properties": { "Id": 0, "Sheet_ID": "吉林 奉天局_奉化 35", "label": "吉林 奉天局_奉化 35", "call_short": "G7822 .M2 S50 .J31", "call_num": "G7822 .M2 S50 .J31 III-C-35", "recid": "bc649sk5365", "websiteUrl": "https://purl.stanford.edu/bc649sk5365", "title": "滿洲五万分一圖", "ckey": 10454760, "available": true, "iiifUrl": "https://purl.stanford.edu/bc649sk5365/iiif/manifest" }, "geometry": { "type": "Polygon", "coordinates": [ [ [ 123.375, 43.8333331 ], [ 123.625, 43.8333331 ], [ 123.625, 43.9999999 ], [ 123.375, 43.9999999 ], [ 123.375, 43.8333331 ] ] ] } },
{ "type": "Feature", "properties": { "Id": 0, "Sheet_ID": "吉林 奉天局_奉化 28", "label": "吉林 奉天局_奉化 28", "call_short": "G7822 .M2 S50 .J31", "call_num": "G7822 .M2 S50 .J31 III-C-28", "recid": "sd730mx7653", "websiteUrl": "https://purl.stanford.edu/sd730mx7653", "title": "滿洲五万分一圖", "ckey": 10454760, "available": true, "iiifUrl": "https://purl.stanford.edu/sd730mx7653/iiif/manifest" }, "geometry": { "type": "Polygon", "coordinates": [ [ [ 123.625, 43.8333331 ], [ 123.875, 43.8333331 ], [ 123.875, 43.9999999 ], [ 123.625, 43.9999999 ], [ 123.625, 43.8333331 ] ] ] } },
{ "type": "Feature", "properties": { "Id": 0, "Sheet_ID": "吉林 奉天局_奉化 21", "label": "吉林 奉天局_奉化 21", "call_short": "G7822 .M2 S50 .J31", "call_num": "G7822 .M2 S50 .J31 III-C-21", "recid": "qg621qz4951", "websiteUrl": "https://purl.stanford.edu/qg621qz4951", "title": "滿洲五万分一圖", "ckey": 10454760, "available": true, "iiifUrl": "https://purl.stanford.edu/qg621qz4951/iiif/manifest" }, "geometry": { "type": "Polygon", "coordinates": [ [ [ 123.875, 43.8333331 ], [ 124.125, 43.8333331 ], [ 124.125, 43.9999999 ], [ 123.875, 43.9999999 ], [ 123.875, 43.8333331 ] ] ] } },
{ "type": "Feature", "properties": { "Id": 0, "Sheet_ID": "吉林 奉天局_奉化 15", "label": "吉林 奉天局_奉化 15", "call_short": "G7822 .M2 S50 .J31", "call_num": "G7822 .M2 S50 .J31 III-C-15", "recid": "cr011rv3828", "websiteUrl": "https://purl.stanford.edu/cr011rv3828", "title": "滿洲五万分一圖", "ckey": 10454760, "available": true, "iiifUrl": "https://purl.stanford.edu/cr011rv3828/iiif/manifest" }, "geometry": { "type": "Polygon", "coordinates": [ [ [ 124.125, 43.8333331 ], [ 124.375, 43.8333331 ], [ 124.375, 43.9999999 ], [ 124.125, 43.9999999 ], [ 124.125, 43.8333331 ] ] ] } },
{ "type": "Feature", "properties": { "Id": 0, "Sheet_ID": "吉林 奉天局_奉化 9", "label": "吉林 奉天局_奉化 9", "call_short": "G7822 .M2 S50 .J31", "call_num": "G7822 .M2 S50 .J31 III-C-9", "recid": "qk284sv6244", "websiteUrl": "https://purl.stanford.edu/qk284sv6244", "title": "滿洲五万分一圖", "ckey": 10454760, "available": true, "iiifUrl": "https://purl.stanford.edu/qk284sv6244/iiif/manifest" }, "geometry": { "type": "Polygon", "coordinates": [ [ [ 124.375, 43.8333331 ], [ 124.625, 43.8333331 ], [ 124.625, 43.9999999 ], [ 124.375, 43.9999999 ], [ 124.375, 43.8333331 ] ] ] } },
{ "type": "Feature", "properties": { "Id": 0, "Sheet_ID": "吉林 奉天局_奉化 3", "label": "吉林 奉天局_奉化 3", "call_short": "G7822 .M2 S50 .J31", "call_num": "G7822 .M2 S50 .J31 III-C-3", "recid": "gq465kt4301", "websiteUrl": "https://purl.stanford.edu/gq465kt4301", "title": "滿洲五万分一圖", "ckey": 10454760, "available": true, "iiifUrl": "https://purl.stanford.edu/gq465kt4301/iiif/manifest" }, "geometry": { "type": "Polygon", "coordinates": [ [ [ 124.625, 43.8333331 ], [ 124.875, 43.8333331 ], [ 124.875, 43.9999999 ], [ 124.625, 43.9999999 ], [ 124.625, 43.8333331 ] ] ] } },
{ "type": "Feature", "properties": { "Id": 0, "Sheet_ID": "吉林 奉天局_奉化 34", "label": "吉林 奉天局_奉化 34", "call_short": null, "call_num": null, "recid": null, "websiteUrl": null, "title": null, "ckey": 0, "available": false, "iiifUrl": null }, "geometry": { "type": "Polygon", "coordinates": [ [ [ 123.375, 43.9999999 ], [ 123.625, 43.9999999 ], [ 123.625, 44.1666666 ], [ 123.375, 44.1666666 ], [ 123.375, 43.9999999 ] ] ] } },
{ "type": "Feature", "properties": { "Id": 0, "Sheet_ID": "吉林 奉天局_奉化 27", "label": "吉林 奉天局_奉化 27", "call_short": "G7822 .M2 S50 .J31", "call_num": "G7822 .M2 S50 .J31 III-C-27", "recid": "ps804qf9901", "websiteUrl": "https://purl.stanford.edu/ps804qf9901", "title": "滿洲五万分一圖", "ckey": 10454760, "available": true, "iiifUrl": "https://purl.stanford.edu/ps804qf9901/iiif/manifest" }, "geometry": { "type": "Polygon", "coordinates": [ [ [ 123.625, 43.9999999 ], [ 123.875, 43.9999999 ], [ 123.875, 44.1666666 ], [ 123.625, 44.1666666 ], [ 123.625, 43.9999999 ] ] ] } },
{ "type": "Feature", "properties": { "Id": 0, "Sheet_ID": "吉林 奉天局_奉化 20", "label": "吉林 奉天局_奉化 20", "call_short": "G7822 .M2 S50 .J31", "call_num": "G7822 .M2 S50 .J31 III-C-20", "recid": "fk307xd4118", "websiteUrl": "https://purl.stanford.edu/fk307xd4118", "title": "滿洲五万分一圖", "ckey": 10454760, "available": true, "iiifUrl": "https://purl.stanford.edu/fk307xd4118/iiif/manifest" }, "geometry": { "type": "Polygon", "coordinates": [ [ [ 123.875, 43.9999999 ], [ 124.125, 43.9999999 ], [ 124.125, 44.1666666 ], [ 123.875, 44.1666666 ], [ 123.875, 43.9999999 ] ] ] } },
{ "type": "Feature", "properties": { "Id": 0, "Sheet_ID": "吉林 奉天局_奉化 14", "label": "吉林 奉天局_奉化 14", "call_short": "G7822 .M2 S50 .J31", "call_num": "G7822 .M2 S50 .J31 III-C-14", "recid": "wx199tq2733", "websiteUrl": "https://purl.stanford.edu/wx199tq2733", "title": "滿洲五万分一圖", "ckey": 10454760, "available": true, "iiifUrl": "https://purl.stanford.edu/wx199tq2733/iiif/manifest" }, "geometry": { "type": "Polygon", "coordinates": [ [ [ 124.125, 43.9999999 ], [ 124.375, 43.9999999 ], [ 124.375, 44.1666666 ], [ 124.125, 44.1666666 ], [ 124.125, 43.9999999 ] ] ] } },
{ "type": "Feature", "properties": { "Id": 0, "Sheet_ID": "吉林 奉天局_奉化 8", "label": "吉林 奉天局_奉化 8", "call_short": "G7822 .M2 S50 .J31", "call_num": "G7822 .M2 S50 .J31 III-C-8", "recid": "gc128pm0710", "websiteUrl": "https://purl.stanford.edu/gc128pm0710", "title": "滿洲五万分一圖", "ckey": 10454760, "available": true, "iiifUrl": "https://purl.stanford.edu/gc128pm0710/iiif/manifest" }, "geometry": { "type": "Polygon", "coordinates": [ [ [ 124.375, 43.9999999 ], [ 124.625, 43.9999999 ], [ 124.625, 44.1666666 ], [ 124.375, 44.1666666 ], [ 124.375, 43.9999999 ] ] ] } },
{ "type": "Feature", "properties": { "Id": 0, "Sheet_ID": "吉林 奉天局_奉化 2", "label": "吉林 奉天局_奉化 2", "call_short": "G7822 .M2 S50 .J31", "call_num": "G7822 .M2 S50 .J31 III-C-2", "recid": "yj864hy9552", "websiteUrl": "https://purl.stanford.edu/yj864hy9552", "title": "滿洲五万分一圖", "ckey": 10454760, "available": true, "iiifUrl": "https://purl.stanford.edu/yj864hy9552/iiif/manifest" }, "geometry": { "type": "Polygon", "coordinates": [ [ [ 124.625, 43.9999999 ], [ 124.875, 43.9999999 ], [ 124.875, 44.1666666 ], [ 124.625, 44.1666666 ], [ 124.625, 43.9999999 ] ] ] } },
{ "type": "Feature", "properties": { "Id": 0, "Sheet_ID": "吉林 奉天局_奉化 33", "label": "吉林 奉天局_奉化 33", "call_short": "G7822 .M2 S50 .J31", "call_num": "G7822 .M2 S50 .J31 III-C-33", "recid": "hp120qw7387", "websiteUrl": "https://purl.stanford.edu/hp120qw7387", "title": "滿洲五万分一圖", "ckey": 10454760, "available": true, "iiifUrl": "https://purl.stanford.edu/hp120qw7387/iiif/manifest" }, "geometry": { "type": "Polygon", "coordinates": [ [ [ 123.375, 44.1666666 ], [ 123.625, 44.1666666 ], [ 123.625, 44.3333333 ], [ 123.375, 44.3333333 ], [ 123.375, 44.1666666 ] ] ] } },
{ "type": "Feature", "properties": { "Id": 0, "Sheet_ID": "吉林 奉天局_奉化 26", "label": "吉林 奉天局_奉化 26", "call_short": "G7822 .M2 S50 .J31", "call_num": "G7822 .M2 S50 .J31 III-C-26", "recid": "jp845xw9123", "websiteUrl": "https://purl.stanford.edu/jp845xw9123", "title": "滿洲五万分一圖", "ckey": 10454760, "available": true, "iiifUrl": "https://purl.stanford.edu/jp845xw9123/iiif/manifest" }, "geometry": { "type": "Polygon", "coordinates": [ [ [ 123.625, 44.1666666 ], [ 123.875, 44.1666666 ], [ 123.875, 44.3333333 ], [ 123.625, 44.3333333 ], [ 123.625, 44.1666666 ] ] ] } },
{ "type": "Feature", "properties": { "Id": 0, "Sheet_ID": "吉林 奉天局_奉化 19", "label": "吉林 奉天局_奉化 19", "call_short": "G7822 .M2 S50 .J31", "call_num": "G7822 .M2 S50 .J31 III-C-19", "recid": "gc660rp2027", "websiteUrl": "https://purl.stanford.edu/gc660rp2027", "title": "滿洲五万分一圖", "ckey": 10454760, "available": true, "iiifUrl": "https://purl.stanford.edu/gc660rp2027/iiif/manifest" }, "geometry": { "type": "Polygon", "coordinates": [ [ [ 123.875, 44.1666666 ], [ 124.125, 44.1666666 ], [ 124.125, 44.3333333 ], [ 123.875, 44.3333333 ], [ 123.875, 44.1666666 ] ] ] } },
{ "type": "Feature", "properties": { "Id": 0, "Sheet_ID": "吉林 奉天局_奉化 13", "label": "吉林 奉天局_奉化 13", "call_short": "G7822 .M2 S50 .J31", "call_num": "G7822 .M2 S50 .J31 III-C-13", "recid": "jf627kf8620", "websiteUrl": "https://purl.stanford.edu/jf627kf8620", "title": "滿洲五万分一圖", "ckey": 10454760, "available": true, "iiifUrl": "https://purl.stanford.edu/jf627kf8620/iiif/manifest" }, "geometry": { "type": "Polygon", "coordinates": [ [ [ 124.125, 44.1666666 ], [ 124.375, 44.1666666 ], [ 124.375, 44.3333333 ], [ 124.125, 44.3333333 ], [ 124.125, 44.1666666 ] ] ] } },
{ "type": "Feature", "properties": { "Id": 0, "Sheet_ID": "吉林 奉天局_奉化 7", "label": "吉林 奉天局_奉化 7", "call_short": "G7822 .M2 S50 .J31", "call_num": "G7822 .M2 S50 .J31 III-C-7", "recid": "jm261sy8188", "websiteUrl": "https://purl.stanford.edu/jm261sy8188", "title": "滿洲五万分一圖", "ckey": 10454760, "available": true, "iiifUrl": "https://purl.stanford.edu/jm261sy8188/iiif/manifest" }, "geometry": { "type": "Polygon", "coordinates": [ [ [ 124.375, 44.1666666 ], [ 124.625, 44.1666666 ], [ 124.625, 44.3333333 ], [ 124.375, 44.3333333 ], [ 124.375, 44.1666666 ] ] ] } },
{ "type": "Feature", "properties": { "Id": 0, "Sheet_ID": "吉林 奉天局_奉化 1", "label": "吉林 奉天局_奉化 1", "call_short": "G7822 .M2 S50 .J31", "call_num": "G7822 .M2 S50 .J31 III-C-1", "recid": "kd672dk3245", "websiteUrl": "https://purl.stanford.edu/kd672dk3245", "title": "滿洲五万分一圖", "ckey": 10454760, "available": true, "iiifUrl": "https://purl.stanford.edu/kd672dk3245/iiif/manifest" }, "geometry": { "type": "Polygon", "coordinates": [ [ [ 124.625, 44.1666666 ], [ 124.875, 44.1666666 ], [ 124.875, 44.3333333 ], [ 124.625, 44.3333333 ], [ 124.625, 44.1666666 ] ] ] } },
{ "type": "Feature", "properties": { "Id": 0, "Sheet_ID": "吉林 奉天局_奉化 32", "label": "吉林 奉天局_奉化 32", "call_short": "G7822 .M2 S50 .J31", "call_num": "G7822 .M2 S50 .J31 III-C-32", "recid": "bt233hx9199", "websiteUrl": "https://purl.stanford.edu/bt233hx9199", "title": "滿洲五万分一圖", "ckey": 10454760, "available": true, "iiifUrl": "https://purl.stanford.edu/bt233hx9199/iiif/manifest" }, "geometry": { "type": "Polygon", "coordinates": [ [ [ 123.375, 44.3333333 ], [ 123.625, 44.3333333 ], [ 123.625, 44.5 ], [ 123.375, 44.5 ], [ 123.375, 44.3333333 ] ] ] } },
{ "type": "Feature", "properties": { "Id": 0, "Sheet_ID": "吉林 奉天局_奉化 25", "label": "吉林 奉天局_奉化 25", "call_short": "G7822 .M2 S50 .J31", "call_num": "G7822 .M2 S50 .J31 III-C-25", "recid": "yw818zw2662", "websiteUrl": "https://purl.stanford.edu/yw818zw2662", "title": "滿洲五万分一圖", "ckey": 10454760, "available": true, "iiifUrl": "https://purl.stanford.edu/yw818zw2662/iiif/manifest" }, "geometry": { "type": "Polygon", "coordinates": [ [ [ 123.625, 44.3333333 ], [ 123.875, 44.3333333 ], [ 123.875, 44.5 ], [ 123.625, 44.5 ], [ 123.625, 44.3333333 ] ] ] } },
{ "type": "Feature", "properties": { "Id": 0, "Sheet_ID": "吉林 奉天局_海龍城 25", "label": "吉林 奉天局_海龍城 25", "call_short": "G7822 .M2 S50 .J31", "call_num": "G7822 .M2 S50 .J31 III-B-25", "recid": "qb313gb6441", "websiteUrl": "https://purl.stanford.edu/qb313gb6441", "title": "滿洲五万分一圖", "ckey": 10454760, "available": true, "iiifUrl": "https://purl.stanford.edu/qb313gb6441/iiif/manifest" }, "geometry": { "type": "Polygon", "coordinates": [ [ [ 124.875, 42.5 ], [ 125.125, 42.5 ], [ 125.125, 42.6666666 ], [ 124.875, 42.6666666 ], [ 124.875, 42.5 ] ] ] } },
{ "type": "Feature", "properties": { "Id": 0, "Sheet_ID": "吉林 奉天局_海龍城 20", "label": "吉林 奉天局_海龍城 20", "call_short": "G7822 .M2 S50 .J31", "call_num": "G7822 .M2 S50 .J31 III-B-20", "recid": "xs997bf1939", "websiteUrl": "https://purl.stanford.edu/xs997bf1939", "title": "滿洲五万分一圖", "ckey": 10454760, "available": true, "iiifUrl": "https://purl.stanford.edu/xs997bf1939/iiif/manifest" }, "geometry": { "type": "Polygon", "coordinates": [ [ [ 125.125, 42.5 ], [ 125.375, 42.5 ], [ 125.375, 42.6666666 ], [ 125.125, 42.6666666 ], [ 125.125, 42.5 ] ] ] } },
{ "type": "Feature", "properties": { "Id": 0, "Sheet_ID": "吉林 奉天局_海龍城 15", "label": "吉林 奉天局_海龍城 15", "call_short": "G7822 .M2 S50 .J31", "call_num": "G7822 .M2 S50 .J31 III-B-15", "recid": "bt685vk8829", "websiteUrl": "https://purl.stanford.edu/bt685vk8829", "title": "滿洲五万分一圖", "ckey": 10454760, "available": true, "iiifUrl": "https://purl.stanford.edu/bt685vk8829/iiif/manifest" }, "geometry": { "type": "Polygon", "coordinates": [ [ [ 125.375, 42.5 ], [ 125.625, 42.5 ], [ 125.625, 42.6666666 ], [ 125.375, 42.6666666 ], [ 125.375, 42.5 ] ] ] } },
{ "type": "Feature", "properties": { "Id": 0, "Sheet_ID": "吉林 奉天局_海龍城 10", "label": "吉林 奉天局_海龍城 10", "call_short": "G7822 .M2 S50 .J31", "call_num": "G7822 .M2 S50 .J31 III-B-10", "recid": "kp770ry4421", "websiteUrl": "https://purl.stanford.edu/kp770ry4421", "title": "滿洲五万分一圖", "ckey": 10454760, "available": true, "iiifUrl": "https://purl.stanford.edu/kp770ry4421/iiif/manifest" }, "geometry": { "type": "Polygon", "coordinates": [ [ [ 125.625, 42.5 ], [ 125.875, 42.5 ], [ 125.875, 42.6666666 ], [ 125.625, 42.6666666 ], [ 125.625, 42.5 ] ] ] } },
{ "type": "Feature", "properties": { "Id": 0, "Sheet_ID": "吉林 奉天局_海龍城 5", "label": "吉林 奉天局_海龍城 5", "call_short": "G7822 .M2 S50 .J31", "call_num": "G7822 .M2 S50 .J31 III-B-5", "recid": "yf918yp8633", "websiteUrl": "https://purl.stanford.edu/yf918yp8633", "title": "滿洲五万分一圖", "ckey": 10454760, "available": true, "iiifUrl": "https://purl.stanford.edu/yf918yp8633/iiif/manifest" }, "geometry": { "type": "Polygon", "coordinates": [ [ [ 125.875, 42.5 ], [ 126.125, 42.5 ], [ 126.125, 42.6666666 ], [ 125.875, 42.6666666 ], [ 125.875, 42.5 ] ] ] } },
{ "type": "Feature", "properties": { "Id": 0, "Sheet_ID": "吉林 奉天局_海龍城 24", "label": "吉林 奉天局_海龍城 24", "call_short": "G7822 .M2 S50 .J31", "call_num": "G7822 .M2 S50 .J31 III-B-24", "recid": "fx763fn2976", "websiteUrl": "https://purl.stanford.edu/fx763fn2976", "title": "滿洲五万分一圖", "ckey": 10454760, "available": true, "iiifUrl": "https://purl.stanford.edu/fx763fn2976/iiif/manifest" }, "geometry": { "type": "Polygon", "coordinates": [ [ [ 124.875, 42.6666666 ], [ 125.125, 42.6666666 ], [ 125.125, 42.8333332 ], [ 124.875, 42.8333332 ], [ 124.875, 42.6666666 ] ] ] } },
{ "type": "Feature", "properties": { "Id": 0, "Sheet_ID": "吉林 奉天局_海龍城 19", "label": "吉林 奉天局_海龍城 19", "call_short": "G7822 .M2 S50 .J31", "call_num": "G7822 .M2 S50 .J31 III-B-19", "recid": "cy712mp0821", "websiteUrl": "https://purl.stanford.edu/cy712mp0821", "title": "滿洲五万分一圖", "ckey": 10454760, "available": true, "iiifUrl": "https://purl.stanford.edu/cy712mp0821/iiif/manifest" }, "geometry": { "type": "Polygon", "coordinates": [ [ [ 125.125, 42.6666666 ], [ 125.375, 42.6666666 ], [ 125.375, 42.8333332 ], [ 125.125, 42.8333332 ], [ 125.125, 42.6666666 ] ] ] } },
{ "type": "Feature", "properties": { "Id": 0, "Sheet_ID": "吉林 奉天局_海龍城 14", "label": "吉林 奉天局_海龍城 14", "call_short": "G7822 .M2 S50 .J31", "call_num": "G7822 .M2 S50 .J31 III-B-14", "recid": "wj787dc7295", "websiteUrl": "https://purl.stanford.edu/wj787dc7295", "title": "滿洲五万分一圖", "ckey": 10454760, "available": true, "iiifUrl": "https://purl.stanford.edu/wj787dc7295/iiif/manifest" }, "geometry": { "type": "Polygon", "coordinates": [ [ [ 125.375, 42.6666666 ], [ 125.625, 42.6666666 ], [ 125.625, 42.8333332 ], [ 125.375, 42.8333332 ], [ 125.375, 42.6666666 ] ] ] } },
{ "type": "Feature", "properties": { "Id": 0, "Sheet_ID": "吉林 奉天局_海龍城 9", "label": "吉林 奉天局_海龍城 9", "call_short": "G7822 .M2 S50 .J31", "call_num": "G7822 .M2 S50 .J31 III-B-9", "recid": "wp194gm3531", "websiteUrl": "https://purl.stanford.edu/wp194gm3531", "title": "滿洲五万分一圖", "ckey": 10454760, "available": true, "iiifUrl": "https://purl.stanford.edu/wp194gm3531/iiif/manifest" }, "geometry": { "type": "Polygon", "coordinates": [ [ [ 125.625, 42.6666666 ], [ 125.875, 42.6666666 ], [ 125.875, 42.8333332 ], [ 125.625, 42.8333332 ], [ 125.625, 42.6666666 ] ] ] } },
{ "type": "Feature", "properties": { "Id": 0, "Sheet_ID": "吉林 奉天局_海龍城 4", "label": "吉林 奉天局_海龍城 4", "call_short": "G7822 .M2 S50 .J31", "call_num": "G7822 .M2 S50 .J31 III-B-4", "recid": "vv338rj5421", "websiteUrl": "https://purl.stanford.edu/vv338rj5421", "title": "滿洲五万分一圖", "ckey": 10454760, "available": true, "iiifUrl": "https://purl.stanford.edu/vv338rj5421/iiif/manifest" }, "geometry": { "type": "Polygon", "coordinates": [ [ [ 125.875, 42.6666666 ], [ 126.125, 42.6666666 ], [ 126.125, 42.8333332 ], [ 125.875, 42.8333332 ], [ 125.875, 42.6666666 ] ] ] } },
{ "type": "Feature", "properties": { "Id": 0, "Sheet_ID": "吉林 奉天局_海龍城 23", "label": "吉林 奉天局_海龍城 23", "call_short": "G7822 .M2 S50 .J31", "call_num": "G7822 .M2 S50 .J31 III-B-23", "recid": "sb708nv3381", "websiteUrl": "https://purl.stanford.edu/sb708nv3381", "title": "滿洲五万分一圖", "ckey": 10454760, "available": true, "iiifUrl": "https://purl.stanford.edu/sb708nv3381/iiif/manifest" }, "geometry": { "type": "Polygon", "coordinates": [ [ [ 124.875, 42.8333332 ], [ 125.125, 42.8333332 ], [ 125.125, 42.9999998 ], [ 124.875, 42.9999998 ], [ 124.875, 42.8333332 ] ] ] } },
{ "type": "Feature", "properties": { "Id": 0, "Sheet_ID": "吉林 奉天局_海龍城 18", "label": "吉林 奉天局_海龍城 18", "call_short": "G7822 .M2 S50 .J31", "call_num": "G7822 .M2 S50 .J31 III-B-18", "recid": "jm177rw9175", "websiteUrl": "https://purl.stanford.edu/jm177rw9175", "title": "滿洲五万分一圖", "ckey": 10454760, "available": true, "iiifUrl": "https://purl.stanford.edu/jm177rw9175/iiif/manifest" }, "geometry": { "type": "Polygon", "coordinates": [ [ [ 125.125, 42.8333332 ], [ 125.375, 42.8333332 ], [ 125.375, 42.9999998 ], [ 125.125, 42.9999998 ], [ 125.125, 42.8333332 ] ] ] } },
{ "type": "Feature", "properties": { "Id": 0, "Sheet_ID": "吉林 奉天局_海龍城 13", "label": "吉林 奉天局_海龍城 13", "call_short": "G7822 .M2 S50 .J31", "call_num": "G7822 .M2 S50 .J31 III-B-13", "recid": "dh651jw0984", "websiteUrl": "https://purl.stanford.edu/dh651jw0984", "title": "滿洲五万分一圖", "ckey": 10454760, "available": true, "iiifUrl": "https://purl.stanford.edu/dh651jw0984/iiif/manifest" }, "geometry": { "type": "Polygon", "coordinates": [ [ [ 125.375, 42.8333332 ], [ 125.625, 42.8333332 ], [ 125.625, 42.9999998 ], [ 125.375, 42.9999998 ], [ 125.375, 42.8333332 ] ] ] } },
{ "type": "Feature", "properties": { "Id": 0, "Sheet_ID": "吉林 奉天局_海龍城 8", "label": "吉林 奉天局_海龍城 8", "call_short": "G7822 .M2 S50 .J31", "call_num": "G7822 .M2 S50 .J31 III-B-8", "recid": "dr794fx5239", "websiteUrl": "https://purl.stanford.edu/dr794fx5239", "title": "滿洲五万分一圖", "ckey": 10454760, "available": true, "iiifUrl": "https://purl.stanford.edu/dr794fx5239/iiif/manifest" }, "geometry": { "type": "Polygon", "coordinates": [ [ [ 125.625, 42.8333332 ], [ 125.875, 42.8333332 ], [ 125.875, 42.9999998 ], [ 125.625, 42.9999998 ], [ 125.625, 42.8333332 ] ] ] } },
{ "type": "Feature", "properties": { "Id": 0, "Sheet_ID": "吉林 奉天局_海龍城 3", "label": "吉林 奉天局_海龍城 3", "call_short": "G7822 .M2 S50 .J31", "call_num": "G7822 .M2 S50 .J31 III-B-3", "recid": "hj295tm0577", "websiteUrl": "https://purl.stanford.edu/hj295tm0577", "title": "滿洲五万分一圖", "ckey": 10454760, "available": true, "iiifUrl": "https://purl.stanford.edu/hj295tm0577/iiif/manifest" }, "geometry": { "type": "Polygon", "coordinates": [ [ [ 125.875, 42.8333332 ], [ 126.125, 42.8333332 ], [ 126.125, 42.9999998 ], [ 125.875, 42.9999998 ], [ 125.875, 42.8333332 ] ] ] } },
{ "type": "Feature", "properties": { "Id": 0, "Sheet_ID": "吉林 奉天局_海龍城 22", "label": "吉林 奉天局_海龍城 22", "call_short": "G7822 .M2 S50 .J31", "call_num": "G7822 .M2 S50 .J31 III-B-22", "recid": "ww929gk7766", "websiteUrl": "https://purl.stanford.edu/ww929gk7766", "title": "滿洲五万分一圖", "ckey": 10454760, "available": true, "iiifUrl": "https://purl.stanford.edu/ww929gk7766/iiif/manifest" }, "geometry": { "type": "Polygon", "coordinates": [ [ [ 124.875, 42.9999998 ], [ 125.125, 42.9999998 ], [ 125.125, 43.1666664 ], [ 124.875, 43.1666664 ], [ 124.875, 42.9999998 ] ] ] } },
{ "type": "Feature", "properties": { "Id": 0, "Sheet_ID": "吉林 奉天局_海龍城 17", "label": "吉林 奉天局_海龍城 17", "call_short": "G7822 .M2 S50 .J31", "call_num": "G7822 .M2 S50 .J31 III-B-17", "recid": "fs949kc4212", "websiteUrl": "https://purl.stanford.edu/fs949kc4212", "title": "滿洲五万分一圖", "ckey": 10454760, "available": true, "iiifUrl": "https://purl.stanford.edu/fs949kc4212/iiif/manifest" }, "geometry": { "type": "Polygon", "coordinates": [ [ [ 125.125, 42.9999998 ], [ 125.375, 42.9999998 ], [ 125.375, 43.1666664 ], [ 125.125, 43.1666664 ], [ 125.125, 42.9999998 ] ] ] } },
{ "type": "Feature", "properties": { "Id": 0, "Sheet_ID": "吉林 奉天局_海龍城 12", "label": "吉林 奉天局_海龍城 12", "call_short": "G7822 .M2 S50 .J31", "call_num": "G7822 .M2 S50 .J31 III-B-12", "recid": "nj638jr9743", "websiteUrl": "https://purl.stanford.edu/nj638jr9743", "title": "滿洲五万分一圖", "ckey": 10454760, "available": true, "iiifUrl": "https://purl.stanford.edu/nj638jr9743/iiif/manifest" }, "geometry": { "type": "Polygon", "coordinates": [ [ [ 125.375, 42.9999998 ], [ 125.625, 42.9999998 ], [ 125.625, 43.1666664 ], [ 125.375, 43.1666664 ], [ 125.375, 42.9999998 ] ] ] } },
{ "type": "Feature", "properties": { "Id": 0, "Sheet_ID": "吉林 奉天局_海龍城 7", "label": "吉林 奉天局_海龍城 7", "call_short": "G7822 .M2 S50 .J31", "call_num": "G7822 .M2 S50 .J31 III-B-7", "recid": "kd772xn4129", "websiteUrl": "https://purl.stanford.edu/kd772xn4129", "title": "滿洲五万分一圖", "ckey": 10454760, "available": true, "iiifUrl": "https://purl.stanford.edu/kd772xn4129/iiif/manifest" }, "geometry": { "type": "Polygon", "coordinates": [ [ [ 125.625, 42.9999998 ], [ 125.875, 42.9999998 ], [ 125.875, 43.1666664 ], [ 125.625, 43.1666664 ], [ 125.625, 42.9999998 ] ] ] } },
{ "type": "Feature", "properties": { "Id": 0, "Sheet_ID": "吉林 奉天局_海龍城 2", "label": "吉林 奉天局_海龍城 2", "call_short": "G7822 .M2 S50 .J31", "call_num": "G7822 .M2 S50 .J31 III-B-2", "recid": "sq598cq1622", "websiteUrl": "https://purl.stanford.edu/sq598cq1622", "title": "滿洲五万分一圖", "ckey": 10454760, "available": true, "iiifUrl": "https://purl.stanford.edu/sq598cq1622/iiif/manifest" }, "geometry": { "type": "Polygon", "coordinates": [ [ [ 125.875, 42.9999998 ], [ 126.125, 42.9999998 ], [ 126.125, 43.1666664 ], [ 125.875, 43.1666664 ], [ 125.875, 42.9999998 ] ] ] } },
{ "type": "Feature", "properties": { "Id": 0, "Sheet_ID": "吉林 奉天局_海龍城 21", "label": "吉林 奉天局_海龍城 21", "call_short": "G7822 .M2 S50 .J31", "call_num": "G7822 .M2 S50 .J31 III-B-21", "recid": "cs256cw3285", "websiteUrl": "https://purl.stanford.edu/cs256cw3285", "title": "滿洲五万分一圖", "ckey": 10454760, "available": true, "iiifUrl": "https://purl.stanford.edu/cs256cw3285/iiif/manifest" }, "geometry": { "type": "Polygon", "coordinates": [ [ [ 124.875, 43.1666664 ], [ 125.125, 43.1666664 ], [ 125.125, 43.333333 ], [ 124.875, 43.333333 ], [ 124.875, 43.1666664 ] ] ] } },
{ "type": "Feature", "properties": { "Id": 0, "Sheet_ID": "吉林 奉天局_海龍城 16", "label": "吉林 奉天局_海龍城 16", "call_short": "G7822 .M2 S50 .J31", "call_num": "G7822 .M2 S50 .J31 III-B-16", "recid": "qw857jt4391", "websiteUrl": "https://purl.stanford.edu/qw857jt4391", "title": "滿洲五万分一圖", "ckey": 10454760, "available": true, "iiifUrl": "https://purl.stanford.edu/qw857jt4391/iiif/manifest" }, "geometry": { "type": "Polygon", "coordinates": [ [ [ 125.125, 43.1666664 ], [ 125.375, 43.1666664 ], [ 125.375, 43.333333 ], [ 125.125, 43.333333 ], [ 125.125, 43.1666664 ] ] ] } },
{ "type": "Feature", "properties": { "Id": 0, "Sheet_ID": "吉林 奉天局_海龍城 11", "label": "吉林 奉天局_海龍城 11", "call_short": "G7822 .M2 S50 .J31", "call_num": "G7822 .M2 S50 .J31 III-B-11", "recid": "zb028qt1059", "websiteUrl": "https://purl.stanford.edu/zb028qt1059", "title": "滿洲五万分一圖", "ckey": 10454760, "available": true, "iiifUrl": "https://purl.stanford.edu/zb028qt1059/iiif/manifest" }, "geometry": { "type": "Polygon", "coordinates": [ [ [ 125.375, 43.1666664 ], [ 125.625, 43.1666664 ], [ 125.625, 43.333333 ], [ 125.375, 43.333333 ], [ 125.375, 43.1666664 ] ] ] } },
{ "type": "Feature", "properties": { "Id": 0, "Sheet_ID": "吉林 奉天局_海龍城 6", "label": "吉林 奉天局_海龍城 6", "call_short": "G7822 .M2 S50 .J31", "call_num": "G7822 .M2 S50 .J31 III-B-6", "recid": "yb894st4624", "websiteUrl": "https://purl.stanford.edu/yb894st4624", "title": "滿洲五万分一圖", "ckey": 10454760, "available": true, "iiifUrl": "https://purl.stanford.edu/yb894st4624/iiif/manifest" }, "geometry": { "type": "Polygon", "coordinates": [ [ [ 125.625, 43.1666664 ], [ 125.875, 43.1666664 ], [ 125.875, 43.333333 ], [ 125.625, 43.333333 ], [ 125.625, 43.1666664 ] ] ] } },
{ "type": "Feature", "properties": { "Id": 0, "Sheet_ID": "吉林 奉天局_海龍城 1", "label": "吉林 奉天局_海龍城 1", "call_short": "G7822 .M2 S50 .J31", "call_num": "G7822 .M2 S50 .J31 III-B-1", "recid": "zg483gk1104", "websiteUrl": "https://purl.stanford.edu/zg483gk1104", "title": "滿洲五万分一圖", "ckey": 10454760, "available": true, "iiifUrl": "https://purl.stanford.edu/zg483gk1104/iiif/manifest" }, "geometry": { "type": "Polygon", "coordinates": [ [ [ 125.875, 43.1666664 ], [ 126.125, 43.1666664 ], [ 126.125, 43.333333 ], [ 125.875, 43.333333 ], [ 125.875, 43.1666664 ] ] ] } },
{ "type": "Feature", "properties": { "Id": 0, "Sheet_ID": "遼陽局_錦州 7", "label": "遼陽局_錦州 7", "call_short": "G7822 .M2 S50 .J31", "call_num": "G7822 .M2 S50 .J31 IV-B-7", "recid": "ks083ft3867", "websiteUrl": "https://purl.stanford.edu/ks083ft3867", "title": "滿洲五万分一圖", "ckey": 10454760, "available": true, "iiifUrl": "https://purl.stanford.edu/ks083ft3867/iiif/manifest" }, "geometry": { "type": "Polygon", "coordinates": [ [ [ 122.141667, 40.166667 ], [ 122.4208336, 40.166667 ], [ 122.4208336, 40.3333337 ], [ 122.141667, 40.3333337 ], [ 122.141667, 40.166667 ] ] ] } },
{ "type": "Feature", "properties": { "Id": 0, "Sheet_ID": "遼陽局_遼陽 64", "label": "遼陽局_遼陽 64", "call_short": "G7822 .M2 S50 .J31", "call_num": "G7822 .M2 S50 .J31 IV-A-64", "recid": "gj380qb5035", "websiteUrl": "https://purl.stanford.edu/gj380qb5035", "title": "滿洲五万分一圖", "ckey": 10454760, "available": true, "iiifUrl": "https://purl.stanford.edu/gj380qb5035/iiif/manifest" }, "geometry": { "type": "Polygon", "coordinates": [ [ [ 122.4208336, 40.166667 ], [ 122.7, 40.166667 ], [ 122.7, 40.3333337 ], [ 122.4208336, 40.3333337 ], [ 122.4208336, 40.166667 ] ] ] } },
{ "type": "Feature", "properties": { "Id": 0, "Sheet_ID": "遼陽局_遼陽 55", "label": "遼陽局_遼陽 55", "call_short": "G7822 .M2 S50 .J31", "call_num": "G7822 .M2 S50 .J31 IV-A-55", "recid": "dq572kz3291", "websiteUrl": "https://purl.stanford.edu/dq572kz3291", "title": "滿洲五万分一圖", "ckey": 10454760, "available": true, "iiifUrl": "https://purl.stanford.edu/dq572kz3291/iiif/manifest" }, "geometry": { "type": "Polygon", "coordinates": [ [ [ 122.7, 40.166667 ], [ 122.9791669, 40.166667 ], [ 122.9791669, 40.3333337 ], [ 122.7, 40.3333337 ], [ 122.7, 40.166667 ] ] ] } },
{ "type": "Feature", "properties": { "Id": 0, "Sheet_ID": "遼陽局_遼陽 45", "label": "遼陽局_遼陽 45", "call_short": "G7822 .M2 S50 .J31", "call_num": "G7822 .M2 S50 .J31 IV-A-45", "recid": "qy577cn6043", "websiteUrl": "https://purl.stanford.edu/qy577cn6043", "title": "滿洲五万分一圖", "ckey": 10454760, "available": true, "iiifUrl": "https://purl.stanford.edu/qy577cn6043/iiif/manifest" }, "geometry": { "type": "Polygon", "coordinates": [ [ [ 122.9791669, 40.166667 ], [ 123.2583335, 40.166667 ], [ 123.2583335, 40.3333337 ], [ 122.9791669, 40.3333337 ], [ 122.9791669, 40.166667 ] ] ] } },
{ "type": "Feature", "properties": { "Id": 0, "Sheet_ID": "遼陽局_遼陽 35", "label": "遼陽局_遼陽 35", "call_short": "G7822 .M2 S50 .J31", "call_num": "G7822 .M2 S50 .J31 IV-A-35", "recid": "vn370kt9553", "websiteUrl": "https://purl.stanford.edu/vn370kt9553", "title": "滿洲五万分一圖", "ckey": 10454760, "available": true, "iiifUrl": "https://purl.stanford.edu/vn370kt9553/iiif/manifest" }, "geometry": { "type": "Polygon", "coordinates": [ [ [ 123.2583335, 40.166667 ], [ 123.5375001, 40.166667 ], [ 123.5375001, 40.3333337 ], [ 123.2583335, 40.3333337 ], [ 123.2583335, 40.166667 ] ] ] } },
{ "type": "Feature", "properties": { "Id": 0, "Sheet_ID": "遼陽局_遼陽 26", "label": "遼陽局_遼陽 26", "call_short": "G7822 .M2 S50 .J31", "call_num": "G7822 .M2 S50 .J31 IV-A-26", "recid": "xm365rg6708", "websiteUrl": "https://purl.stanford.edu/xm365rg6708", "title": "滿洲五万分一圖", "ckey": 10454760, "available": true, "iiifUrl": "https://purl.stanford.edu/xm365rg6708/iiif/manifest" }, "geometry": { "type": "Polygon", "coordinates": [ [ [ 123.5375001, 40.166667 ], [ 123.8166667, 40.166667 ], [ 123.8166667, 40.3333337 ], [ 123.5375001, 40.3333337 ], [ 123.5375001, 40.166667 ] ] ] } },
{ "type": "Feature", "properties": { "Id": 0, "Sheet_ID": "遼陽局_遼陽 16", "label": "遼陽局_遼陽 16", "call_short": "G7822 .M2 S50 .J31", "call_num": "G7822 .M2 S50 .J31 IV-A-16", "recid": "mq308kz6225", "websiteUrl": "https://purl.stanford.edu/mq308kz6225", "title": "滿洲五万分一圖", "ckey": 10454760, "available": true, "iiifUrl": "https://purl.stanford.edu/mq308kz6225/iiif/manifest" }, "geometry": { "type": "Polygon", "coordinates": [ [ [ 123.8166667, 40.166667 ], [ 124.0958334, 40.166667 ], [ 124.0958334, 40.3333337 ], [ 123.8166667, 40.3333337 ], [ 123.8166667, 40.166667 ] ] ] } },
{ "type": "Feature", "properties": { "Id": 0, "Sheet_ID": "遼陽局_遼陽 7", "label": "遼陽局_遼陽 7", "call_short": "G7822 .M2 S50 .J31", "call_num": "G7822 .M2 S50 .J31 IV-A-7", "recid": "bx819mf2005", "websiteUrl": "https://purl.stanford.edu/bx819mf2005", "title": "滿洲五万分一圖", "ckey": 10454760, "available": true, "iiifUrl": "https://purl.stanford.edu/bx819mf2005/iiif/manifest" }, "geometry": { "type": "Polygon", "coordinates": [ [ [ 124.0958334, 40.166667 ], [ 124.375, 40.166667 ], [ 124.375, 40.3333337 ], [ 124.0958334, 40.3333337 ], [ 124.0958334, 40.166667 ] ] ] } },
{ "type": "Feature", "properties": { "Id": 0, "Sheet_ID": "遼陽局_錦州 6", "label": "遼陽局_錦州 6", "call_short": "G7822 .M2 S50 .J31", "call_num": "G7822 .M2 S50 .J31 IV-B-6", "recid": "zn018vc8630", "websiteUrl": "https://purl.stanford.edu/zn018vc8630", "title": "滿洲五万分一圖", "ckey": 10454760, "available": true, "iiifUrl": "https://purl.stanford.edu/zn018vc8630/iiif/manifest" }, "geometry": { "type": "Polygon", "coordinates": [ [ [ 122.141667, 40.3333337 ], [ 122.4208336, 40.3333337 ], [ 122.4208336, 40.5000003 ], [ 122.141667, 40.5000003 ], [ 122.141667, 40.3333337 ] ] ] } },
{ "type": "Feature", "properties": { "Id": 0, "Sheet_ID": "遼陽局_遼陽 63", "label": "遼陽局_遼陽 63", "call_short": "G7822 .M2 S50 .J31", "call_num": "G7822 .M2 S50 .J31 IV-A-63", "recid": "hv963sd2870", "websiteUrl": "https://purl.stanford.edu/hv963sd2870", "title": "滿洲五万分一圖", "ckey": 10454760, "available": true, "iiifUrl": "https://purl.stanford.edu/hv963sd2870/iiif/manifest" }, "geometry": { "type": "Polygon", "coordinates": [ [ [ 122.4208336, 40.3333337 ], [ 122.7, 40.3333337 ], [ 122.7, 40.5000003 ], [ 122.4208336, 40.5000003 ], [ 122.4208336, 40.3333337 ] ] ] } },
{ "type": "Feature", "properties": { "Id": 0, "Sheet_ID": "遼陽局_遼陽 54", "label": "遼陽局_遼陽 54", "call_short": "G7822 .M2 S50 .J31", "call_num": "G7822 .M2 S50 .J31 IV-A-54", "recid": "ms909jt8694", "websiteUrl": "https://purl.stanford.edu/ms909jt8694", "title": "滿洲五万分一圖", "ckey": 10454760, "available": true, "iiifUrl": "https://purl.stanford.edu/ms909jt8694/iiif/manifest" }, "geometry": { "type": "Polygon", "coordinates": [ [ [ 122.7, 40.3333337 ], [ 122.9791669, 40.3333337 ], [ 122.9791669, 40.5000003 ], [ 122.7, 40.5000003 ], [ 122.7, 40.3333337 ] ] ] } },
{ "type": "Feature", "properties": { "Id": 0, "Sheet_ID": "遼陽局_遼陽 44", "label": "遼陽局_遼陽 44", "call_short": "G7822 .M2 S50 .J31", "call_num": "G7822 .M2 S50 .J31 IV-A-44", "recid": "xx927sp7412", "websiteUrl": "https://purl.stanford.edu/xx927sp7412", "title": "滿洲五万分一圖", "ckey": 10454760, "available": true, "iiifUrl": "https://purl.stanford.edu/xx927sp7412/iiif/manifest" }, "geometry": { "type": "Polygon", "coordinates": [ [ [ 122.9791669, 40.3333337 ], [ 123.2583335, 40.3333337 ], [ 123.2583335, 40.5000003 ], [ 122.9791669, 40.5000003 ], [ 122.9791669, 40.3333337 ] ] ] } },
{ "type": "Feature", "properties": { "Id": 0, "Sheet_ID": "遼陽局_遼陽 34", "label": "遼陽局_遼陽 34", "call_short": "G7822 .M2 S50 .J31", "call_num": "G7822 .M2 S50 .J31 IV-A-34", "recid": "pk773sg6142", "websiteUrl": "https://purl.stanford.edu/pk773sg6142", "title": "滿洲五万分一圖", "ckey": 10454760, "available": true, "iiifUrl": "https://purl.stanford.edu/pk773sg6142/iiif/manifest" }, "geometry": { "type": "Polygon", "coordinates": [ [ [ 123.2583335, 40.3333337 ], [ 123.5375001, 40.3333337 ], [ 123.5375001, 40.5000003 ], [ 123.2583335, 40.5000003 ], [ 123.2583335, 40.3333337 ] ] ] } },
{ "type": "Feature", "properties": { "Id": 0, "Sheet_ID": "遼陽局_遼陽 25", "label": "遼陽局_遼陽 25", "call_short": "G7822 .M2 S50 .J31", "call_num": "G7822 .M2 S50 .J31 IV-A-25", "recid": "xr182xs7734", "websiteUrl": "https://purl.stanford.edu/xr182xs7734", "title": "滿洲五万分一圖", "ckey": 10454760, "available": true, "iiifUrl": "https://purl.stanford.edu/xr182xs7734/iiif/manifest" }, "geometry": { "type": "Polygon", "coordinates": [ [ [ 123.5375001, 40.3333337 ], [ 123.8166667, 40.3333337 ], [ 123.8166667, 40.5000003 ], [ 123.5375001, 40.5000003 ], [ 123.5375001, 40.3333337 ] ] ] } },
{ "type": "Feature", "properties": { "Id": 0, "Sheet_ID": "遼陽局_遼陽 15", "label": "遼陽局_遼陽 15", "call_short": "G7822 .M2 S50 .J31", "call_num": "G7822 .M2 S50 .J31 IV-A-15", "recid": "bz708tv0106", "websiteUrl": "https://purl.stanford.edu/bz708tv0106", "title": "滿洲五万分一圖", "ckey": 10454760, "available": true, "iiifUrl": "https://purl.stanford.edu/bz708tv0106/iiif/manifest" }, "geometry": { "type": "Polygon", "coordinates": [ [ [ 123.8166667, 40.3333337 ], [ 124.0958334, 40.3333337 ], [ 124.0958334, 40.5000003 ], [ 123.8166667, 40.5000003 ], [ 123.8166667, 40.3333337 ] ] ] } },
{ "type": "Feature", "properties": { "Id": 0, "Sheet_ID": "遼陽局_遼陽 6", "label": "遼陽局_遼陽 6", "call_short": "G7822 .M2 S50 .J31", "call_num": "G7822 .M2 S50 .J31 IV-A-6", "recid": "qp197nc7947", "websiteUrl": "https://purl.stanford.edu/qp197nc7947", "title": "滿洲五万分一圖", "ckey": 10454760, "available": true, "iiifUrl": "https://purl.stanford.edu/qp197nc7947/iiif/manifest" }, "geometry": { "type": "Polygon", "coordinates": [ [ [ 124.0958334, 40.3333337 ], [ 124.375, 40.3333337 ], [ 124.375, 40.5000003 ], [ 124.0958334, 40.5000003 ], [ 124.0958334, 40.3333337 ] ] ] } },
{ "type": "Feature", "properties": { "Id": 0, "Sheet_ID": "遼陽局_錦州 5", "label": "遼陽局_錦州 5", "call_short": "G7822 .M2 S50 .J31", "call_num": "G7822 .M2 S50 .J31 IV-B-5", "recid": "yv146jy7127", "websiteUrl": "https://purl.stanford.edu/yv146jy7127", "title": "滿洲五万分一圖", "ckey": 10454760, "available": true, "iiifUrl": "https://purl.stanford.edu/yv146jy7127/iiif/manifest" }, "geometry": { "type": "Polygon", "coordinates": [ [ [ 122.141667, 40.5000003 ], [ 122.4208336, 40.5000003 ], [ 122.4208336, 40.666667 ], [ 122.141667, 40.666667 ], [ 122.141667, 40.5000003 ] ] ] } },
{ "type": "Feature", "properties": { "Id": 0, "Sheet_ID": "遼陽局_遼陽 62", "label": "遼陽局_遼陽 62", "call_short": "G7822 .M2 S50 .J31", "call_num": "G7822 .M2 S50 .J31 IV-A-62", "recid": "kw503gw2841", "websiteUrl": "https://purl.stanford.edu/kw503gw2841", "title": "滿洲五万分一圖", "ckey": 10454760, "available": true, "iiifUrl": "https://purl.stanford.edu/kw503gw2841/iiif/manifest" }, "geometry": { "type": "Polygon", "coordinates": [ [ [ 122.4208336, 40.5000003 ], [ 122.7, 40.5000003 ], [ 122.7, 40.666667 ], [ 122.4208336, 40.666667 ], [ 122.4208336, 40.5000003 ] ] ] } },
{ "type": "Feature", "properties": { "Id": 0, "Sheet_ID": "遼陽局_遼陽 53", "label": "遼陽局_遼陽 53", "call_short": "G7822 .M2 S50 .J31", "call_num": "G7822 .M2 S50 .J31 IV-A-53", "recid": "wg508td6147", "websiteUrl": "https://purl.stanford.edu/wg508td6147", "title": "滿洲五万分一圖", "ckey": 10454760, "available": true, "iiifUrl": "https://purl.stanford.edu/wg508td6147/iiif/manifest" }, "geometry": { "type": "Polygon", "coordinates": [ [ [ 122.7, 40.5000003 ], [ 122.9791669, 40.5000003 ], [ 122.9791669, 40.666667 ], [ 122.7, 40.666667 ], [ 122.7, 40.5000003 ] ] ] } },
{ "type": "Feature", "properties": { "Id": 0, "Sheet_ID": "遼陽局_遼陽 43", "label": "遼陽局_遼陽 43", "call_short": "G7822 .M2 S50 .J31", "call_num": "G7822 .M2 S50 .J31 IV-A-43", "recid": "hc038vb1714", "websiteUrl": "https://purl.stanford.edu/hc038vb1714", "title": "滿洲五万分一圖", "ckey": 10454760, "available": true, "iiifUrl": "https://purl.stanford.edu/hc038vb1714/iiif/manifest" }, "geometry": { "type": "Polygon", "coordinates": [ [ [ 122.9791669, 40.5000003 ], [ 123.2583335, 40.5000003 ], [ 123.2583335, 40.666667 ], [ 122.9791669, 40.666667 ], [ 122.9791669, 40.5000003 ] ] ] } },
{ "type": "Feature", "properties": { "Id": 0, "Sheet_ID": "遼陽局_遼陽 33", "label": "遼陽局_遼陽 33", "call_short": "G7822 .M2 S50 .J31", "call_num": "G7822 .M2 S50 .J31 IV-A-33", "recid": "fc217kz1483", "websiteUrl": "https://purl.stanford.edu/fc217kz1483", "title": "滿洲五万分一圖", "ckey": 10454760, "available": true, "iiifUrl": "https://purl.stanford.edu/fc217kz1483/iiif/manifest" }, "geometry": { "type": "Polygon", "coordinates": [ [ [ 123.2583335, 40.5000003 ], [ 123.5375001, 40.5000003 ], [ 123.5375001, 40.666667 ], [ 123.2583335, 40.666667 ], [ 123.2583335, 40.5000003 ] ] ] } },
{ "type": "Feature", "properties": { "Id": 0, "Sheet_ID": "遼陽局_遼陽 24", "label": "遼陽局_遼陽 24", "call_short": "G7822 .M2 S50 .J31", "call_num": "G7822 .M2 S50 .J31 IV-A-24", "recid": "qr541vy9262", "websiteUrl": "https://purl.stanford.edu/qr541vy9262", "title": "滿洲五万分一圖", "ckey": 10454760, "available": true, "iiifUrl": "https://purl.stanford.edu/qr541vy9262/iiif/manifest" }, "geometry": { "type": "Polygon", "coordinates": [ [ [ 123.5375001, 40.5000003 ], [ 123.8166667, 40.5000003 ], [ 123.8166667, 40.666667 ], [ 123.5375001, 40.666667 ], [ 123.5375001, 40.5000003 ] ] ] } },
{ "type": "Feature", "properties": { "Id": 0, "Sheet_ID": "遼陽局_遼陽 14", "label": "遼陽局_遼陽 14", "call_short": "G7822 .M2 S50 .J31", "call_num": "G7822 .M2 S50 .J31 IV-A-14", "recid": "mx215rr7617", "websiteUrl": "https://purl.stanford.edu/mx215rr7617", "title": "滿洲五万分一圖", "ckey": 10454760, "available": true, "iiifUrl": "https://purl.stanford.edu/mx215rr7617/iiif/manifest" }, "geometry": { "type": "Polygon", "coordinates": [ [ [ 123.8166667, 40.5000003 ], [ 124.0958334, 40.5000003 ], [ 124.0958334, 40.666667 ], [ 123.8166667, 40.666667 ], [ 123.8166667, 40.5000003 ] ] ] } },
{ "type": "Feature", "properties": { "Id": 0, "Sheet_ID": "遼陽局_錦州 4", "label": "遼陽局_錦州 4", "call_short": "G7822 .M2 S50 .J31", "call_num": "G7822 .M2 S50 .J31 IV-B-4", "recid": "pm462sb0812", "websiteUrl": "https://purl.stanford.edu/pm462sb0812", "title": "滿洲五万分一圖", "ckey": 10454760, "available": true, "iiifUrl": "https://purl.stanford.edu/pm462sb0812/iiif/manifest" }, "geometry": { "type": "Polygon", "coordinates": [ [ [ 122.141667, 40.666667 ], [ 122.4208336, 40.666667 ], [ 122.4208336, 40.8333337 ], [ 122.141667, 40.8333337 ], [ 122.141667, 40.666667 ] ] ] } },
{ "type": "Feature", "properties": { "Id": 0, "Sheet_ID": "遼陽局_遼陽 61", "label": "遼陽局_遼陽 61", "call_short": "G7822 .M2 S50 .J31", "call_num": "G7822 .M2 S50 .J31 IV-A-61", "recid": "nm023rr4302", "websiteUrl": "https://purl.stanford.edu/nm023rr4302", "title": "滿洲五万分一圖", "ckey": 10454760, "available": true, "iiifUrl": "https://purl.stanford.edu/nm023rr4302/iiif/manifest" }, "geometry": { "type": "Polygon", "coordinates": [ [ [ 122.4208336, 40.666667 ], [ 122.7, 40.666667 ], [ 122.7, 40.8333337 ], [ 122.4208336, 40.8333337 ], [ 122.4208336, 40.666667 ] ] ] } },
{ "type": "Feature", "properties": { "Id": 0, "Sheet_ID": "遼陽局_遼陽 52", "label": "遼陽局_遼陽 52", "call_short": "G7822 .M2 S50 .J31", "call_num": "G7822 .M2 S50 .J31 IV-A-52", "recid": "fz044yr1419", "websiteUrl": "https://purl.stanford.edu/fz044yr1419", "title": "滿洲五万分一圖", "ckey": 10454760, "available": true, "iiifUrl": "https://purl.stanford.edu/fz044yr1419/iiif/manifest" }, "geometry": { "type": "Polygon", "coordinates": [ [ [ 122.7, 40.666667 ], [ 122.9791669, 40.666667 ], [ 122.9791669, 40.8333337 ], [ 122.7, 40.8333337 ], [ 122.7, 40.666667 ] ] ] } },
{ "type": "Feature", "properties": { "Id": 0, "Sheet_ID": "遼陽局_遼陽 42", "label": "遼陽局_遼陽 42", "call_short": "G7822 .M2 S50 .J31", "call_num": "G7822 .M2 S50 .J31 IV-A-42", "recid": "zd379hv3208", "websiteUrl": "https://purl.stanford.edu/zd379hv3208", "title": "滿洲五万分一圖", "ckey": 10454760, "available": true, "iiifUrl": "https://purl.stanford.edu/zd379hv3208/iiif/manifest" }, "geometry": { "type": "Polygon", "coordinates": [ [ [ 122.9791669, 40.666667 ], [ 123.2583335, 40.666667 ], [ 123.2583335, 40.8333337 ], [ 122.9791669, 40.8333337 ], [ 122.9791669, 40.666667 ] ] ] } },
{ "type": "Feature", "properties": { "Id": 0, "Sheet_ID": "遼陽局_遼陽 32", "label": "遼陽局_遼陽 32", "call_short": "G7822 .M2 S50 .J31", "call_num": "G7822 .M2 S50 .J31 IV-A-32", "recid": "qx989zq8886", "websiteUrl": "https://purl.stanford.edu/qx989zq8886", "title": "滿洲五万分一圖", "ckey": 10454760, "available": true, "iiifUrl": "https://purl.stanford.edu/qx989zq8886/iiif/manifest" }, "geometry": { "type": "Polygon", "coordinates": [ [ [ 123.2583335, 40.666667 ], [ 123.5375001, 40.666667 ], [ 123.5375001, 40.8333337 ], [ 123.2583335, 40.8333337 ], [ 123.2583335, 40.666667 ] ] ] } },
{ "type": "Feature", "properties": { "Id": 0, "Sheet_ID": "遼陽局_遼陽 23", "label": "遼陽局_遼陽 23", "call_short": "G7822 .M2 S50 .J31", "call_num": "G7822 .M2 S50 .J31 IV-A-23", "recid": "fx475jf8360", "websiteUrl": "https://purl.stanford.edu/fx475jf8360", "title": "滿洲五万分一圖", "ckey": 10454760, "available": true, "iiifUrl": "https://purl.stanford.edu/fx475jf8360/iiif/manifest" }, "geometry": { "type": "Polygon", "coordinates": [ [ [ 123.5375001, 40.666667 ], [ 123.8166667, 40.666667 ], [ 123.8166667, 40.8333337 ], [ 123.5375001, 40.8333337 ], [ 123.5375001, 40.666667 ] ] ] } },
{ "type": "Feature", "properties": { "Id": 0, "Sheet_ID": "遼陽局_遼陽 13", "label": "遼陽局_遼陽 13", "call_short": "G7822 .M2 S50 .J31", "call_num": "G7822 .M2 S50 .J31 IV-A-13", "recid": "cv959gh4527", "websiteUrl": "https://purl.stanford.edu/cv959gh4527", "title": "滿洲五万分一圖", "ckey": 10454760, "available": true, "iiifUrl": "https://purl.stanford.edu/cv959gh4527/iiif/manifest" }, "geometry": { "type": "Polygon", "coordinates": [ [ [ 123.8166667, 40.666667 ], [ 124.0958334, 40.666667 ], [ 124.0958334, 40.8333337 ], [ 123.8166667, 40.8333337 ], [ 123.8166667, 40.666667 ] ] ] } },
{ "type": "Feature", "properties": { "Id": 0, "Sheet_ID": "遼陽局_錦州 3", "label": "遼陽局_錦州 3", "call_short": null, "call_num": null, "recid": null, "websiteUrl": null, "title": null, "ckey": 0, "available": false, "iiifUrl": null }, "geometry": { "type": "Polygon", "coordinates": [ [ [ 122.141667, 40.8333337 ], [ 122.4208336, 40.8333337 ], [ 122.4208336, 41.0000003 ], [ 122.141667, 41.0000003 ], [ 122.141667, 40.8333337 ] ] ] } },
{ "type": "Feature", "properties": { "Id": 0, "Sheet_ID": "遼陽局_遼陽 60", "label": "遼陽局_遼陽 60", "call_short": null, "call_num": null, "recid": null, "websiteUrl": null, "title": null, "ckey": 0, "available": false, "iiifUrl": null }, "geometry": { "type": "Polygon", "coordinates": [ [ [ 122.4208336, 40.8333337 ], [ 122.7, 40.8333337 ], [ 122.7, 41.0000003 ], [ 122.4208336, 41.0000003 ], [ 122.4208336, 40.8333337 ] ] ] } },
{ "type": "Feature", "properties": { "Id": 0, "Sheet_ID": "遼陽局_遼陽 51", "label": "遼陽局_遼陽 51", "call_short": "G7822 .M2 S50 .J31", "call_num": "G7822 .M2 S50 .J31 IV-A-51", "recid": "jd537yz4458", "websiteUrl": "https://purl.stanford.edu/jd537yz4458", "title": "滿洲五万分一圖", "ckey": 10454760, "available": true, "iiifUrl": "https://purl.stanford.edu/jd537yz4458/iiif/manifest" }, "geometry": { "type": "Polygon", "coordinates": [ [ [ 122.7, 40.8333337 ], [ 122.9791669, 40.8333337 ], [ 122.9791669, 41.0000003 ], [ 122.7, 41.0000003 ], [ 122.7, 40.8333337 ] ] ] } },
{ "type": "Feature", "properties": { "Id": 0, "Sheet_ID": "遼陽局_遼陽 41", "label": "遼陽局_遼陽 41", "call_short": "G7822 .M2 S50 .J31", "call_num": "G7822 .M2 S50 .J31 IV-A-41", "recid": "sn175jm2058", "websiteUrl": "https://purl.stanford.edu/sn175jm2058", "title": "滿洲五万分一圖", "ckey": 10454760, "available": true, "iiifUrl": "https://purl.stanford.edu/sn175jm2058/iiif/manifest" }, "geometry": { "type": "Polygon", "coordinates": [ [ [ 122.9791669, 40.8333337 ], [ 123.2583335, 40.8333337 ], [ 123.2583335, 41.0000003 ], [ 122.9791669, 41.0000003 ], [ 122.9791669, 40.8333337 ] ] ] } },
{ "type": "Feature", "properties": { "Id": 0, "Sheet_ID": "遼陽局_遼陽 31", "label": "遼陽局_遼陽 31", "call_short": "G7822 .M2 S50 .J31", "call_num": "G7822 .M2 S50 .J31 IV-A-31", "recid": "ys975yv8802", "websiteUrl": "https://purl.stanford.edu/ys975yv8802", "title": "滿洲五万分一圖", "ckey": 10454760, "available": true, "iiifUrl": "https://purl.stanford.edu/ys975yv8802/iiif/manifest" }, "geometry": { "type": "Polygon", "coordinates": [ [ [ 123.2583335, 40.8333337 ], [ 123.5375001, 40.8333337 ], [ 123.5375001, 41.0000003 ], [ 123.2583335, 41.0000003 ], [ 123.2583335, 40.8333337 ] ] ] } },
{ "type": "Feature", "properties": { "Id": 0, "Sheet_ID": "遼陽局_遼陽 22", "label": "遼陽局_遼陽 22", "call_short": "G7822 .M2 S50 .J31", "call_num": "G7822 .M2 S50 .J31 IV-A-22", "recid": "nr225sr6982", "websiteUrl": "https://purl.stanford.edu/nr225sr6982", "title": "滿洲五万分一圖", "ckey": 10454760, "available": true, "iiifUrl": "https://purl.stanford.edu/nr225sr6982/iiif/manifest" }, "geometry": { "type": "Polygon", "coordinates": [ [ [ 123.5375001, 40.8333337 ], [ 123.8166667, 40.8333337 ], [ 123.8166667, 41.0000003 ], [ 123.5375001, 41.0000003 ], [ 123.5375001, 40.8333337 ] ] ] } },
{ "type": "Feature", "properties": { "Id": 0, "Sheet_ID": "遼陽局_遼陽 12", "label": "遼陽局_遼陽 12", "call_short": "G7822 .M2 S50 .J31", "call_num": "G7822 .M2 S50 .J31 IV-A-12", "recid": "kb340xq5061", "websiteUrl": "https://purl.stanford.edu/kb340xq5061", "title": "滿洲五万分一圖", "ckey": 10454760, "available": true, "iiifUrl": "https://purl.stanford.edu/kb340xq5061/iiif/manifest" }, "geometry": { "type": "Polygon", "coordinates": [ [ [ 123.8166667, 40.8333337 ], [ 124.0958334, 40.8333337 ], [ 124.0958334, 41.0000003 ], [ 123.8166667, 41.0000003 ], [ 123.8166667, 40.8333337 ] ] ] } },
{ "type": "Feature", "properties": { "Id": 0, "Sheet_ID": "遼陽局_錦州 2", "label": "遼陽局_錦州 2", "call_short": null, "call_num": null, "recid": null, "websiteUrl": null, "title": null, "ckey": 0, "available": false, "iiifUrl": null }, "geometry": { "type": "Polygon", "coordinates": [ [ [ 122.141667, 41.0000003 ], [ 122.4208336, 41.0000003 ], [ 122.4208336, 41.166667 ], [ 122.141667, 41.166667 ], [ 122.141667, 41.0000003 ] ] ] } },
{ "type": "Feature", "properties": { "Id": 0, "Sheet_ID": "遼陽局_遼陽 59", "label": "遼陽局_遼陽 59", "call_short": null, "call_num": null, "recid": null, "websiteUrl": null, "title": null, "ckey": 0, "available": false, "iiifUrl": null }, "geometry": { "type": "Polygon", "coordinates": [ [ [ 122.4208336, 41.0000003 ], [ 122.7, 41.0000003 ], [ 122.7, 41.166667 ], [ 122.4208336, 41.166667 ], [ 122.4208336, 41.0000003 ] ] ] } },
{ "type": "Feature", "properties": { "Id": 0, "Sheet_ID": "遼陽局_遼陽 50", "label": "遼陽局_遼陽 50", "call_short": "G7822 .M2 S50 .J31", "call_num": "G7822 .M2 S50 .J31 IV-A-50", "recid": "hh107mc4523", "websiteUrl": "https://purl.stanford.edu/hh107mc4523", "title": "滿洲五万分一圖", "ckey": 10454760, "available": true, "iiifUrl": "https://purl.stanford.edu/hh107mc4523/iiif/manifest" }, "geometry": { "type": "Polygon", "coordinates": [ [ [ 122.7, 41.0000003 ], [ 122.9791669, 41.0000003 ], [ 122.9791669, 41.166667 ], [ 122.7, 41.166667 ], [ 122.7, 41.0000003 ] ] ] } },
{ "type": "Feature", "properties": { "Id": 0, "Sheet_ID": "遼陽局_遼陽 40", "label": "遼陽局_遼陽 40", "call_short": "G7822 .M2 S50 .J31", "call_num": "G7822 .M2 S50 .J31 IV-A-40", "recid": "bc852yf2475", "websiteUrl": "https://purl.stanford.edu/bc852yf2475", "title": "滿洲五万分一圖", "ckey": 10454760, "available": true, "iiifUrl": "https://purl.stanford.edu/bc852yf2475/iiif/manifest" }, "geometry": { "type": "Polygon", "coordinates": [ [ [ 122.9791669, 41.0000003 ], [ 123.2583335, 41.0000003 ], [ 123.2583335, 41.166667 ], [ 122.9791669, 41.166667 ], [ 122.9791669, 41.0000003 ] ] ] } },
{ "type": "Feature", "properties": { "Id": 0, "Sheet_ID": "遼陽局_遼陽 30", "label": "遼陽局_遼陽 30", "call_short": "G7822 .M2 S50 .J31", "call_num": "G7822 .M2 S50 .J31 IV-A-30", "recid": "yc657nz1462", "websiteUrl": "https://purl.stanford.edu/yc657nz1462", "title": "滿洲五万分一圖", "ckey": 10454760, "available": true, "iiifUrl": "https://purl.stanford.edu/yc657nz1462/iiif/manifest" }, "geometry": { "type": "Polygon", "coordinates": [ [ [ 123.2583335, 41.0000003 ], [ 123.5375001, 41.0000003 ], [ 123.5375001, 41.166667 ], [ 123.2583335, 41.166667 ], [ 123.2583335, 41.0000003 ] ] ] } },
{ "type": "Feature", "properties": { "Id": 0, "Sheet_ID": "遼陽局_遼陽 21", "label": "遼陽局_遼陽 21", "call_short": "G7822 .M2 S50 .J31", "call_num": "G7822 .M2 S50 .J31 IV-A-21", "recid": "rc047vv7058", "websiteUrl": "https://purl.stanford.edu/rc047vv7058", "title": "滿洲五万分一圖", "ckey": 10454760, "available": true, "iiifUrl": "https://purl.stanford.edu/rc047vv7058/iiif/manifest" }, "geometry": { "type": "Polygon", "coordinates": [ [ [ 123.5375001, 41.0000003 ], [ 123.8166667, 41.0000003 ], [ 123.8166667, 41.166667 ], [ 123.5375001, 41.166667 ], [ 123.5375001, 41.0000003 ] ] ] } },
{ "type": "Feature", "properties": { "Id": 0, "Sheet_ID": "遼陽局_遼陽 11", "label": "遼陽局_遼陽 11", "call_short": "G7822 .M2 S50 .J31", "call_num": "G7822 .M2 S50 .J31 IV-A-11", "recid": "xs559gt0414", "websiteUrl": "https://purl.stanford.edu/xs559gt0414", "title": "滿洲五万分一圖", "ckey": 10454760, "available": true, "iiifUrl": "https://purl.stanford.edu/xs559gt0414/iiif/manifest" }, "geometry": { "type": "Polygon", "coordinates": [ [ [ 123.8166667, 41.0000003 ], [ 124.0958334, 41.0000003 ], [ 124.0958334, 41.166667 ], [ 123.8166667, 41.166667 ], [ 123.8166667, 41.0000003 ] ] ] } },
{ "type": "Feature", "properties": { "Id": 0, "Sheet_ID": "遼陽局_錦州 1", "label": "遼陽局_錦州 1", "call_short": null, "call_num": null, "recid": null, "websiteUrl": null, "title": null, "ckey": 0, "available": false, "iiifUrl": null }, "geometry": { "type": "Polygon", "coordinates": [ [ [ 122.141667, 41.166667 ], [ 122.4208336, 41.166667 ], [ 122.4208336, 41.3333337 ], [ 122.141667, 41.3333337 ], [ 122.141667, 41.166667 ] ] ] } },
{ "type": "Feature", "properties": { "Id": 0, "Sheet_ID": "遼陽局_遼陽 58", "label": "遼陽局_遼陽 58", "call_short": null, "call_num": null, "recid": null, "websiteUrl": null, "title": null, "ckey": 0, "available": false, "iiifUrl": null }, "geometry": { "type": "Polygon", "coordinates": [ [ [ 122.4208336, 41.166667 ], [ 122.7, 41.166667 ], [ 122.7, 41.3333337 ], [ 122.4208336, 41.3333337 ], [ 122.4208336, 41.166667 ] ] ] } },
{ "type": "Feature", "properties": { "Id": 0, "Sheet_ID": "遼陽局_遼陽 49", "label": "遼陽局_遼陽 49", "call_short": null, "call_num": null, "recid": null, "websiteUrl": null, "title": null, "ckey": 0, "available": false, "iiifUrl": null }, "geometry": { "type": "Polygon", "coordinates": [ [ [ 122.7, 41.166667 ], [ 122.9791669, 41.166667 ], [ 122.9791669, 41.3333337 ], [ 122.7, 41.3333337 ], [ 122.7, 41.166667 ] ] ] } },
{ "type": "Feature", "properties": { "Id": 0, "Sheet_ID": "遼陽局_遼陽 39", "label": "遼陽局_遼陽 39", "call_short": "G7822 .M2 S50 .J31", "call_num": "G7822 .M2 S50 .J31 IV-A-39", "recid": "nf510dw3105", "websiteUrl": "https://purl.stanford.edu/nf510dw3105", "title": "滿洲五万分一圖", "ckey": 10454760, "available": true, "iiifUrl": "https://purl.stanford.edu/nf510dw3105/iiif/manifest" }, "geometry": { "type": "Polygon", "coordinates": [ [ [ 122.9791669, 41.166667 ], [ 123.2583335, 41.166667 ], [ 123.2583335, 41.3333337 ], [ 122.9791669, 41.3333337 ], [ 122.9791669, 41.166667 ] ] ] } },
{ "type": "Feature", "properties": { "Id": 0, "Sheet_ID": "遼陽局_遼陽 29", "label": "遼陽局_遼陽 29", "call_short": "G7822 .M2 S50 .J31", "call_num": "G7822 .M2 S50 .J31 IV-A-29", "recid": "wb248bf5353", "websiteUrl": "https://purl.stanford.edu/wb248bf5353", "title": "滿洲五万分一圖", "ckey": 10454760, "available": true, "iiifUrl": "https://purl.stanford.edu/wb248bf5353/iiif/manifest" }, "geometry": { "type": "Polygon", "coordinates": [ [ [ 123.2583335, 41.166667 ], [ 123.5375001, 41.166667 ], [ 123.5375001, 41.3333337 ], [ 123.2583335, 41.3333337 ], [ 123.2583335, 41.166667 ] ] ] } },
{ "type": "Feature", "properties": { "Id": 0, "Sheet_ID": "遼陽局_遼陽 20", "label": "遼陽局_遼陽 20", "call_short": "G7822 .M2 S50 .J31", "call_num": "G7822 .M2 S50 .J31 IV-A-20", "recid": "vk814wf4746", "websiteUrl": "https://purl.stanford.edu/vk814wf4746", "title": "滿洲五万分一圖", "ckey": 10454760, "available": true, "iiifUrl": "https://purl.stanford.edu/vk814wf4746/iiif/manifest" }, "geometry": { "type": "Polygon", "coordinates": [ [ [ 123.5375001, 41.166667 ], [ 123.8166667, 41.166667 ], [ 123.8166667, 41.3333337 ], [ 123.5375001, 41.3333337 ], [ 123.5375001, 41.166667 ] ] ] } },
{ "type": "Feature", "properties": { "Id": 0, "Sheet_ID": "遼陽局_遼陽 10", "label": "遼陽局_遼陽 10", "call_short": "G7822 .M2 S50 .J31", "call_num": "G7822 .M2 S50 .J31 IV-A-10", "recid": "hv959vr4541", "websiteUrl": "https://purl.stanford.edu/hv959vr4541", "title": "滿洲五万分一圖", "ckey": 10454760, "available": true, "iiifUrl": "https://purl.stanford.edu/hv959vr4541/iiif/manifest" }, "geometry": { "type": "Polygon", "coordinates": [ [ [ 123.8166667, 41.166667 ], [ 124.0958334, 41.166667 ], [ 124.0958334, 41.3333337 ], [ 123.8166667, 41.3333337 ], [ 123.8166667, 41.166667 ] ] ] } },
{ "type": "Feature", "properties": { "Id": 0, "Sheet_ID": "遼陽局_遼陽 57", "label": "遼陽局_遼陽 57", "call_short": null, "call_num": null, "recid": null, "websiteUrl": null, "title": null, "ckey": 0, "available": false, "iiifUrl": null }, "geometry": { "type": "Polygon", "coordinates": [ [ [ 122.4208336, 41.3333337 ], [ 122.7, 41.3333337 ], [ 122.7, 41.5000003 ], [ 122.4208336, 41.5000003 ], [ 122.4208336, 41.3333337 ] ] ] } },
{ "type": "Feature", "properties": { "Id": 0, "Sheet_ID": "遼陽局_遼陽 48", "label": "遼陽局_遼陽 48", "call_short": null, "call_num": null, "recid": null, "websiteUrl": null, "title": null, "ckey": 0, "available": false, "iiifUrl": null }, "geometry": { "type": "Polygon", "coordinates": [ [ [ 122.7, 41.3333337 ], [ 122.9791669, 41.3333337 ], [ 122.9791669, 41.5000003 ], [ 122.7, 41.5000003 ], [ 122.7, 41.3333337 ] ] ] } },
{ "type": "Feature", "properties": { "Id": 0, "Sheet_ID": "遼陽局_遼陽 38", "label": "遼陽局_遼陽 38", "call_short": null, "call_num": null, "recid": null, "websiteUrl": null, "title": null, "ckey": 0, "available": false, "iiifUrl": null }, "geometry": { "type": "Polygon", "coordinates": [ [ [ 122.9791669, 41.3333337 ], [ 123.2583335, 41.3333337 ], [ 123.2583335, 41.5000003 ], [ 122.9791669, 41.5000003 ], [ 122.9791669, 41.3333337 ] ] ] } },
{ "type": "Feature", "properties": { "Id": 0, "Sheet_ID": "遼陽局_遼陽 28", "label": "遼陽局_遼陽 28", "call_short": null, "call_num": null, "recid": null, "websiteUrl": null, "title": null, "ckey": 0, "available": false, "iiifUrl": null }, "geometry": { "type": "Polygon", "coordinates": [ [ [ 123.2583335, 41.3333337 ], [ 123.5375001, 41.3333337 ], [ 123.5375001, 41.5000003 ], [ 123.2583335, 41.5000003 ], [ 123.2583335, 41.3333337 ] ] ] } },
{ "type": "Feature", "properties": { "Id": 0, "Sheet_ID": "遼陽局_遼陽 19", "label": "遼陽局_遼陽 19", "call_short": null, "call_num": null, "recid": null, "websiteUrl": null, "title": null, "ckey": 0, "available": false, "iiifUrl": null }, "geometry": { "type": "Polygon", "coordinates": [ [ [ 123.5375001, 41.3333337 ], [ 123.8166667, 41.3333337 ], [ 123.8166667, 41.5000003 ], [ 123.5375001, 41.5000003 ], [ 123.5375001, 41.3333337 ] ] ] } },
{ "type": "Feature", "properties": { "Id": 0, "Sheet_ID": "遼陽局_遼陽 9", "label": "遼陽局_遼陽 9", "call_short": null, "call_num": null, "recid": null, "websiteUrl": null, "title": null, "ckey": 0, "available": false, "iiifUrl": null }, "geometry": { "type": "Polygon", "coordinates": [ [ [ 123.8166667, 41.3333337 ], [ 124.0958334, 41.3333337 ], [ 124.0958334, 41.5000003 ], [ 123.8166667, 41.5000003 ], [ 123.8166667, 41.3333337 ] ] ] } },
{ "type": "Feature", "properties": { "Id": 0, "Sheet_ID": "遼陽局_遼陽 47", "label": "遼陽局_遼陽 47", "call_short": "G7822 .M2 S50 .J31", "call_num": "G7822 .M2 S50 .J31 IV-A-47", "recid": "jq819nb1663", "websiteUrl": "https://purl.stanford.edu/jq819nb1663", "title": "滿洲五万分一圖", "ckey": 10454760, "available": true, "iiifUrl": "https://purl.stanford.edu/jq819nb1663/iiif/manifest" }, "geometry": { "type": "Polygon", "coordinates": [ [ [ 122.7, 41.5000003 ], [ 122.9791669, 41.5000003 ], [ 122.9791669, 41.666667 ], [ 122.7, 41.666667 ], [ 122.7, 41.5000003 ] ] ] } },
{ "type": "Feature", "properties": { "Id": 0, "Sheet_ID": "遼陽局_遼陽 37", "label": "遼陽局_遼陽 37", "call_short": null, "call_num": null, "recid": null, "websiteUrl": null, "title": null, "ckey": 0, "available": false, "iiifUrl": null }, "geometry": { "type": "Polygon", "coordinates": [ [ [ 122.9791669, 41.5000003 ], [ 123.2583335, 41.5000003 ], [ 123.2583335, 41.666667 ], [ 122.9791669, 41.666667 ], [ 122.9791669, 41.5000003 ] ] ] } },
{ "type": "Feature", "properties": { "Id": 0, "Sheet_ID": "遼陽局_遼陽 18", "label": "遼陽局_遼陽 18", "call_short": null, "call_num": null, "recid": null, "websiteUrl": null, "title": null, "ckey": 0, "available": false, "iiifUrl": null }, "geometry": { "type": "Polygon", "coordinates": [ [ [ 123.5375001, 41.5000003 ], [ 123.8166667, 41.5000003 ], [ 123.8166667, 41.666667 ], [ 123.5375001, 41.666667 ], [ 123.5375001, 41.5000003 ] ] ] } },
{ "type": "Feature", "properties": { "Id": 0, "Sheet_ID": "遼陽局_錦州 11", "label": "遼陽局_錦州 11", "call_short": "G7822 .M2 S50 .J31", "call_num": "G7822 .M2 S50 .J31 IV-B-11", "recid": "wq471ym8078", "websiteUrl": "https://purl.stanford.edu/wq471ym8078", "title": "滿洲五万分一圖", "ckey": 10454760, "available": true, "iiifUrl": "https://purl.stanford.edu/wq471ym8078/iiif/manifest" }, "geometry": { "type": "Polygon", "coordinates": [ [ [ 121.8625003, 40.166667 ], [ 122.141667, 40.166667 ], [ 122.141667, 40.3333337 ], [ 121.8625003, 40.3333337 ], [ 121.8625003, 40.166667 ] ] ] } },
{ "type": "Feature", "properties": { "Id": 0, "Sheet_ID": "遼陽局_錦州 10", "label": "遼陽局_錦州 10", "call_short": "G7822 .M2 S50 .J31", "call_num": "G7822 .M2 S50 .J31 IV-B-10", "recid": "fz377wm3548", "websiteUrl": "https://purl.stanford.edu/fz377wm3548", "title": "滿洲五万分一圖", "ckey": 10454760, "available": true, "iiifUrl": "https://purl.stanford.edu/fz377wm3548/iiif/manifest" }, "geometry": { "type": "Polygon", "coordinates": [ [ [ 121.8625003, 40.5000003 ], [ 122.141667, 40.5000003 ], [ 122.141667, 40.666667 ], [ 121.8625003, 40.666667 ], [ 121.8625003, 40.5000003 ] ] ] } },
{ "type": "Feature", "properties": { "Id": 0, "Sheet_ID": "遼陽局_錦州 9", "label": "遼陽局_錦州 9", "call_short": "G7822 .M2 S50 .J31", "call_num": "G7822 .M2 S50 .J31 IV-B-9", "recid": "wz236bz9806", "websiteUrl": "https://purl.stanford.edu/wz236bz9806", "title": "滿洲五万分一圖", "ckey": 10454760, "available": true, "iiifUrl": "https://purl.stanford.edu/wz236bz9806/iiif/manifest" }, "geometry": { "type": "Polygon", "coordinates": [ [ [ 121.8625003, 40.666667 ], [ 122.141667, 40.666667 ], [ 122.141667, 40.8333337 ], [ 121.8625003, 40.8333337 ], [ 121.8625003, 40.666667 ] ] ] } },
{ "type": "Feature", "properties": { "Id": 0, "Sheet_ID": "熱河局_承徳 21", "label": "熱河局_承徳 21", "call_short": "G7822 .M2 S50 .J31", "call_num": "G7822 .M2 S50 .J31 V-A-21", "recid": "xy097hf7800", "websiteUrl": "https://purl.stanford.edu/xy097hf7800", "title": "滿洲五万分一圖", "ckey": 10454760, "available": true, "iiifUrl": "https://purl.stanford.edu/xy097hf7800/iiif/manifest" }, "geometry": { "type": "Polygon", "coordinates": [ [ [ 118.6607143, 40.25 ], [ 118.9285714, 40.25 ], [ 118.9285714, 40.4166667 ], [ 118.6607143, 40.4166667 ], [ 118.6607143, 40.25 ] ] ] } },
{ "type": "Feature", "properties": { "Id": 0, "Sheet_ID": "熱河局_承徳 16", "label": "熱河局_承徳 16", "call_short": "G7822 .M2 S50 .J31", "call_num": "G7822 .M2 S50 .J31 V-A-16", "recid": "gc861sw9916", "websiteUrl": "https://purl.stanford.edu/gc861sw9916", "title": "滿洲五万分一圖", "ckey": 10454760, "available": true, "iiifUrl": "https://purl.stanford.edu/gc861sw9916/iiif/manifest" }, "geometry": { "type": "Polygon", "coordinates": [ [ [ 118.9285714, 40.25 ], [ 119.1964286, 40.25 ], [ 119.1964286, 40.4166667 ], [ 118.9285714, 40.4166667 ], [ 118.9285714, 40.25 ] ] ] } },
{ "type": "Feature", "properties": { "Id": 0, "Sheet_ID": "熱河局_承徳 11", "label": "熱河局_承徳 11", "call_short": "G7822 .M2 S50 .J31", "call_num": "G7822 .M2 S50 .J31 V-A-11", "recid": "ys980yg0658", "websiteUrl": "https://purl.stanford.edu/ys980yg0658", "title": "滿洲五万分一圖", "ckey": 10454760, "available": true, "iiifUrl": "https://purl.stanford.edu/ys980yg0658/iiif/manifest" }, "geometry": { "type": "Polygon", "coordinates": [ [ [ 119.1964286, 40.25 ], [ 119.4642857, 40.25 ], [ 119.4642857, 40.4166667 ], [ 119.1964286, 40.4166667 ], [ 119.1964286, 40.25 ] ] ] } },
{ "type": "Feature", "properties": { "Id": 0, "Sheet_ID": "熱河局_承徳 6", "label": "熱河局_承徳 6", "call_short": "G7822 .M2 S50 .J31", "call_num": "G7822 .M2 S50 .J31 V-A-6", "recid": "jg709cv9449", "websiteUrl": "https://purl.stanford.edu/jg709cv9449", "title": "滿洲五万分一圖", "ckey": 10454760, "available": true, "iiifUrl": "https://purl.stanford.edu/jg709cv9449/iiif/manifest" }, "geometry": { "type": "Polygon", "coordinates": [ [ [ 119.4642857, 40.25 ], [ 119.7321429, 40.25 ], [ 119.7321429, 40.4166667 ], [ 119.4642857, 40.4166667 ], [ 119.4642857, 40.25 ] ] ] } },
{ "type": "Feature", "properties": { "Id": 0, "Sheet_ID": "熱河局_承徳 1", "label": "熱河局_承徳 1", "call_short": "G7822 .M2 S50 .J31", "call_num": "G7822 .M2 S50 .J31 V-A-1", "recid": "xn503tf3411", "websiteUrl": "https://purl.stanford.edu/xn503tf3411", "title": "滿洲五万分一圖", "ckey": 10454760, "available": true, "iiifUrl": "https://purl.stanford.edu/xn503tf3411/iiif/manifest" }, "geometry": { "type": "Polygon", "coordinates": [ [ [ 119.7321429, 40.25 ], [ 120.0, 40.25 ], [ 120.0, 40.4166667 ], [ 119.7321429, 40.4166667 ], [ 119.7321429, 40.25 ] ] ] } },
{ "type": "Feature", "properties": { "Id": 0, "Sheet_ID": "熱河局_承徳 30", "label": "熱河局_承徳 30", "call_short": "G7822 .M2 S50 .J31", "call_num": "G7822 .M2 S50 .J31 V-A-30", "recid": "vw321nd5970", "websiteUrl": "https://purl.stanford.edu/vw321nd5970", "title": "滿洲五万分一圖", "ckey": 10454760, "available": true, "iiifUrl": "https://purl.stanford.edu/vw321nd5970/iiif/manifest" }, "geometry": { "type": "Polygon", "coordinates": [ [ [ 118.125, 40.4166667 ], [ 118.3928571, 40.4166667 ], [ 118.3928571, 40.5833333 ], [ 118.125, 40.5833333 ], [ 118.125, 40.4166667 ] ] ] } },
{ "type": "Feature", "properties": { "Id": 0, "Sheet_ID": "熱河局_承徳 25", "label": "熱河局_承徳 25", "call_short": "G7822 .M2 S50 .J31", "call_num": "G7822 .M2 S50 .J31 V-A-25", "recid": "nh469vn2563", "websiteUrl": "https://purl.stanford.edu/nh469vn2563", "title": "滿洲五万分一圖", "ckey": 10454760, "available": true, "iiifUrl": "https://purl.stanford.edu/nh469vn2563/iiif/manifest" }, "geometry": { "type": "Polygon", "coordinates": [ [ [ 118.3928571, 40.4166667 ], [ 118.6607143, 40.4166667 ], [ 118.6607143, 40.5833333 ], [ 118.3928571, 40.5833333 ], [ 118.3928571, 40.4166667 ] ] ] } },
{ "type": "Feature", "properties": { "Id": 0, "Sheet_ID": "熱河局_承徳 20", "label": "熱河局_承徳 20", "call_short": "G7822 .M2 S50 .J31", "call_num": "G7822 .M2 S50 .J31 V-A-20", "recid": "pv490sp5178", "websiteUrl": "https://purl.stanford.edu/pv490sp5178", "title": "滿洲五万分一圖", "ckey": 10454760, "available": true, "iiifUrl": "https://purl.stanford.edu/pv490sp5178/iiif/manifest" }, "geometry": { "type": "Polygon", "coordinates": [ [ [ 118.6607143, 40.4166667 ], [ 118.9285714, 40.4166667 ], [ 118.9285714, 40.5833333 ], [ 118.6607143, 40.5833333 ], [ 118.6607143, 40.4166667 ] ] ] } },
{ "type": "Feature", "properties": { "Id": 0, "Sheet_ID": "熱河局_承徳 15", "label": "熱河局_承徳 15", "call_short": "G7822 .M2 S50 .J31", "call_num": "G7822 .M2 S50 .J31 V-A-15", "recid": "mw974hm3215", "websiteUrl": "https://purl.stanford.edu/mw974hm3215", "title": "滿洲五万分一圖", "ckey": 10454760, "available": true, "iiifUrl": "https://purl.stanford.edu/mw974hm3215/iiif/manifest" }, "geometry": { "type": "Polygon", "coordinates": [ [ [ 118.9285714, 40.4166667 ], [ 119.1964286, 40.4166667 ], [ 119.1964286, 40.5833333 ], [ 118.9285714, 40.5833333 ], [ 118.9285714, 40.4166667 ] ] ] } },
{ "type": "Feature", "properties": { "Id": 0, "Sheet_ID": "熱河局_承徳 10", "label": "熱河局_承徳 10", "call_short": "G7822 .M2 S50 .J31", "call_num": "G7822 .M2 S50 .J31 V-A-10", "recid": "rn678zy9040", "websiteUrl": "https://purl.stanford.edu/rn678zy9040", "title": "滿洲五万分一圖", "ckey": 10454760, "available": true, "iiifUrl": "https://purl.stanford.edu/rn678zy9040/iiif/manifest" }, "geometry": { "type": "Polygon", "coordinates": [ [ [ 119.1964286, 40.4166667 ], [ 119.4642857, 40.4166667 ], [ 119.4642857, 40.5833333 ], [ 119.1964286, 40.5833333 ], [ 119.1964286, 40.4166667 ] ] ] } },
{ "type": "Feature", "properties": { "Id": 0, "Sheet_ID": "熱河局_承徳 5", "label": "熱河局_承徳 5", "call_short": "G7822 .M2 S50 .J31", "call_num": "G7822 .M2 S50 .J31 V-A-5", "recid": "jv524nv4920", "websiteUrl": "https://purl.stanford.edu/jv524nv4920", "title": "滿洲五万分一圖", "ckey": 10454760, "available": true, "iiifUrl": "https://purl.stanford.edu/jv524nv4920/iiif/manifest" }, "geometry": { "type": "Polygon", "coordinates": [ [ [ 119.4642857, 40.4166667 ], [ 119.7321429, 40.4166667 ], [ 119.7321429, 40.5833333 ], [ 119.4642857, 40.5833333 ], [ 119.4642857, 40.4166667 ] ] ] } },
{ "type": "Feature", "properties": { "Id": 0, "Sheet_ID": "熱河局_承徳 29", "label": "熱河局_承徳 29", "call_short": "G7822 .M2 S50 .J31", "call_num": "G7822 .M2 S50 .J31 V-A-29", "recid": "rf171jx1890", "websiteUrl": "https://purl.stanford.edu/rf171jx1890", "title": "滿洲五万分一圖", "ckey": 10454760, "available": true, "iiifUrl": "https://purl.stanford.edu/rf171jx1890/iiif/manifest" }, "geometry": { "type": "Polygon", "coordinates": [ [ [ 118.125, 40.5833333 ], [ 118.3928571, 40.5833333 ], [ 118.3928571, 40.75 ], [ 118.125, 40.75 ], [ 118.125, 40.5833333 ] ] ] } },
{ "type": "Feature", "properties": { "Id": 0, "Sheet_ID": "熱河局_承徳 24", "label": "熱河局_承徳 24", "call_short": "G7822 .M2 S50 .J31", "call_num": "G7822 .M2 S50 .J31 V-A-24", "recid": "yp541zc5914", "websiteUrl": "https://purl.stanford.edu/yp541zc5914", "title": "滿洲五万分一圖", "ckey": 10454760, "available": true, "iiifUrl": "https://purl.stanford.edu/yp541zc5914/iiif/manifest" }, "geometry": { "type": "Polygon", "coordinates": [ [ [ 118.3928571, 40.5833333 ], [ 118.6607143, 40.5833333 ], [ 118.6607143, 40.75 ], [ 118.3928571, 40.75 ], [ 118.3928571, 40.5833333 ] ] ] } },
{ "type": "Feature", "properties": { "Id": 0, "Sheet_ID": "熱河局_承徳 19", "label": "熱河局_承徳 19", "call_short": "G7822 .M2 S50 .J31", "call_num": "G7822 .M2 S50 .J31 V-A-19", "recid": "kj923bz6067", "websiteUrl": "https://purl.stanford.edu/kj923bz6067", "title": "滿洲五万分一圖", "ckey": 10454760, "available": true, "iiifUrl": "https://purl.stanford.edu/kj923bz6067/iiif/manifest" }, "geometry": { "type": "Polygon", "coordinates": [ [ [ 118.6607143, 40.5833333 ], [ 118.9285714, 40.5833333 ], [ 118.9285714, 40.75 ], [ 118.6607143, 40.75 ], [ 118.6607143, 40.5833333 ] ] ] } },
{ "type": "Feature", "properties": { "Id": 0, "Sheet_ID": "熱河局_承徳 14", "label": "熱河局_承徳 14", "call_short": "G7822 .M2 S50 .J31", "call_num": "G7822 .M2 S50 .J31 V-A-14", "recid": "kf060ms1041", "websiteUrl": "https://purl.stanford.edu/kf060ms1041", "title": "滿洲五万分一圖", "ckey": 10454760, "available": true, "iiifUrl": "https://purl.stanford.edu/kf060ms1041/iiif/manifest" }, "geometry": { "type": "Polygon", "coordinates": [ [ [ 118.9285714, 40.5833333 ], [ 119.1964286, 40.5833333 ], [ 119.1964286, 40.75 ], [ 118.9285714, 40.75 ], [ 118.9285714, 40.5833333 ] ] ] } },
{ "type": "Feature", "properties": { "Id": 0, "Sheet_ID": "熱河局_承徳 9", "label": "熱河局_承徳 9", "call_short": "G7822 .M2 S50 .J31", "call_num": "G7822 .M2 S50 .J31 V-A-9", "recid": "gx712zw4543", "websiteUrl": "https://purl.stanford.edu/gx712zw4543", "title": "滿洲五万分一圖", "ckey": 10454760, "available": true, "iiifUrl": "https://purl.stanford.edu/gx712zw4543/iiif/manifest" }, "geometry": { "type": "Polygon", "coordinates": [ [ [ 119.1964286, 40.5833333 ], [ 119.4642857, 40.5833333 ], [ 119.4642857, 40.75 ], [ 119.1964286, 40.75 ], [ 119.1964286, 40.5833333 ] ] ] } },
{ "type": "Feature", "properties": { "Id": 0, "Sheet_ID": "熱河局_承徳 4", "label": "熱河局_承徳 4", "call_short": "G7822 .M2 S50 .J31", "call_num": "G7822 .M2 S50 .J31 V-A-4", "recid": "hr049gt8149", "websiteUrl": "https://purl.stanford.edu/hr049gt8149", "title": "滿洲五万分一圖", "ckey": 10454760, "available": true, "iiifUrl": "https://purl.stanford.edu/hr049gt8149/iiif/manifest" }, "geometry": { "type": "Polygon", "coordinates": [ [ [ 119.4642857, 40.5833333 ], [ 119.7321429, 40.5833333 ], [ 119.7321429, 40.75 ], [ 119.4642857, 40.75 ], [ 119.4642857, 40.5833333 ] ] ] } },
{ "type": "Feature", "properties": { "Id": 0, "Sheet_ID": "熱河局_承徳 35", "label": "熱河局_承徳 35", "call_short": "G7822 .M2 S50 .J31", "call_num": "G7822 .M2 S50 .J31 V-A-35", "recid": "dd995br9646", "websiteUrl": "https://purl.stanford.edu/dd995br9646", "title": "滿洲五万分一圖", "ckey": 10454760, "available": true, "iiifUrl": "https://purl.stanford.edu/dd995br9646/iiif/manifest" }, "geometry": { "type": "Polygon", "coordinates": [ [ [ 117.8583333, 40.4166667 ], [ 118.1261905, 40.4166667 ], [ 118.1261905, 40.5833333 ], [ 117.8583333, 40.5833333 ], [ 117.8583333, 40.4166667 ] ] ] } },
{ "type": "Feature", "properties": { "Id": 0, "Sheet_ID": "熱河局_承徳 34", "label": "熱河局_承徳 34", "call_short": "G7822 .M2 S50 .J31", "call_num": "G7822 .M2 S50 .J31 V-A-34", "recid": "yf934tv5343", "websiteUrl": "https://purl.stanford.edu/yf934tv5343", "title": "滿洲五万分一圖", "ckey": 10454760, "available": true, "iiifUrl": "https://purl.stanford.edu/yf934tv5343/iiif/manifest" }, "geometry": { "type": "Polygon", "coordinates": [ [ [ 117.8583333, 40.5833333 ], [ 118.1261905, 40.5833333 ], [ 118.1261905, 40.75 ], [ 117.8583333, 40.75 ], [ 117.8583333, 40.5833333 ] ] ] } }
]
}
