{
"type": "FeatureCollection",
"name": "index_map",
"xy_coordinate_resolution": 1e-07,
"features": [
{ "type": "Feature", "properties": { "Id": 0, "Sheet_ID": "八タ160. ピリヴォ", "label": "八タ160. ピリヴォ", "call_short": "G7272 .S5 S100 .J3", "call_num": "G7272 .S5 S100 .J3 8TA160", "recid": "jd499hc8442", "websiteUrl": "https://purl.stanford.edu/jd499hc8442", "title": "東「ソ」十万分一圖", "ckey": 12724621, "available": true, "iiifUrl": "https://purl.stanford.edu/jd499hc8442/iiif/manifest" }, "geometry": { "type": "Polygon", "coordinates": [ [ [ 142.0, 50.0 ], [ 142.5, 50.0 ], [ 142.5, 50.3333334 ], [ 142.0, 50.3333334 ], [ 142.0, 50.0 ] ] ] } },
{ "type": "Feature", "properties": { "Id": 0, "Sheet_ID": "八タ150. オノル", "label": "八タ150. オノル", "call_short": "G7272 .S5 S100 .J3", "call_num": "G7272 .S5 S100 .J3 8TA150", "recid": "cf450gf5436", "websiteUrl": "https://purl.stanford.edu/cf450gf5436", "title": "東「ソ」十万分一圖", "ckey": 12724621, "available": true, "iiifUrl": "https://purl.stanford.edu/cf450gf5436/iiif/manifest" }, "geometry": { "type": "Polygon", "coordinates": [ [ [ 142.5, 50.0 ], [ 143.0, 50.0 ], [ 143.0, 50.3333334 ], [ 142.5, 50.3333334 ], [ 142.5, 50.0 ] ] ] } },
{ "type": "Feature", "properties": { "Id": 0, "Sheet_ID": "ヴォロニエ・グネズド", "label": "ヴォロニエ・グネズド", "call_short": "0", "call_num": "0", "recid": "0", "websiteUrl": "0", "title": "0", "ckey": 0, "available": false, "iiifUrl": "0" }, "geometry": { "type": "Polygon", "coordinates": [ [ [ 143.0, 50.0 ], [ 143.5, 50.0 ], [ 143.5, 50.3333334 ], [ 143.0, 50.3333334 ], [ 143.0, 50.0 ] ] ] } },
{ "type": "Feature", "properties": { "Id": 0, "Sheet_ID": "八タ130. ピレンガ河", "label": "八タ130. ピレンガ河", "call_short": "G7272 .S5 S100 .J3", "call_num": "G7272 .S5 S100 .J3 8TA130", "recid": "bg439pv2262", "websiteUrl": "https://purl.stanford.edu/bg439pv2262", "title": "東「ソ」十万分一圖", "ckey": 12724621, "available": true, "iiifUrl": "https://purl.stanford.edu/bg439pv2262/iiif/manifest" }, "geometry": { "type": "Polygon", "coordinates": [ [ [ 143.5, 50.0 ], [ 144.0, 50.0 ], [ 144.0, 50.3333334 ], [ 143.5, 50.3333334 ], [ 143.5, 50.0 ] ] ] } },
{ "type": "Feature", "properties": { "Id": 0, "Sheet_ID": "八タ159. ナイナイ", "label": "八タ159. ナイナイ", "call_short": "G7272 .S5 S100 .J3", "call_num": "G7272 .S5 S100 .J3 8TA159", "recid": "wy673bj0940", "websiteUrl": "https://purl.stanford.edu/wy673bj0940", "title": "東「ソ」十万分一圖", "ckey": 12724621, "available": true, "iiifUrl": "https://purl.stanford.edu/wy673bj0940/iiif/manifest" }, "geometry": { "type": "Polygon", "coordinates": [ [ [ 142.0, 50.3333334 ], [ 142.5, 50.3333334 ], [ 142.5, 50.6666667 ], [ 142.0, 50.6666667 ], [ 142.0, 50.3333334 ] ] ] } },
{ "type": "Feature", "properties": { "Id": 0, "Sheet_ID": "パレヴォ", "label": "パレヴォ", "call_short": "0", "call_num": "0", "recid": "0", "websiteUrl": "0", "title": "0", "ckey": 0, "available": false, "iiifUrl": "0" }, "geometry": { "type": "Polygon", "coordinates": [ [ [ 142.5, 50.3333334 ], [ 143.0, 50.3333334 ], [ 143.0, 50.6666667 ], [ 142.5, 50.6666667 ], [ 142.5, 50.3333334 ] ] ] } },
{ "type": "Feature", "properties": { "Id": 0, "Sheet_ID": "幌内川上流", "label": "幌内川上流", "call_short": "0", "call_num": "0", "recid": "0", "websiteUrl": "0", "title": "0", "ckey": 0, "available": false, "iiifUrl": "0" }, "geometry": { "type": "Polygon", "coordinates": [ [ [ 143.0, 50.3333334 ], [ 143.5, 50.3333334 ], [ 143.5, 50.6666667 ], [ 143.0, 50.6666667 ], [ 143.0, 50.3333334 ] ] ] } },
{ "type": "Feature", "properties": { "Id": 0, "Sheet_ID": "ボグラニーチノエ", "label": "ボグラニーチノエ", "call_short": "0", "call_num": "0", "recid": "0", "websiteUrl": "0", "title": "0", "ckey": 0, "available": false, "iiifUrl": "0" }, "geometry": { "type": "Polygon", "coordinates": [ [ [ 143.5, 50.3333334 ], [ 144.0, 50.3333334 ], [ 144.0, 50.6666667 ], [ 143.5, 50.6666667 ], [ 143.5, 50.3333334 ] ] ] } },
{ "type": "Feature", "properties": { "Id": 0, "Sheet_ID": "八タ158. アレクサンドゥロフスク", "label": "八タ158. アレクサンドゥロフスク", "call_short": "G7272 .S5 S100 .J3", "call_num": "G7272 .S5 S100 .J3 8TA158", "recid": "bs368db8359", "websiteUrl": "https://purl.stanford.edu/bs368db8359", "title": "東「ソ」十万分一圖", "ckey": 12724621, "available": true, "iiifUrl": "https://purl.stanford.edu/bs368db8359/iiif/manifest" }, "geometry": { "type": "Polygon", "coordinates": [ [ [ 142.0, 50.6666667 ], [ 142.5, 50.6666667 ], [ 142.5, 51.0000001 ], [ 142.0, 51.0000001 ], [ 142.0, 50.6666667 ] ] ] } },
{ "type": "Feature", "properties": { "Id": 0, "Sheet_ID": "デルビンスコエ", "label": "デルビンスコエ", "call_short": "0", "call_num": "0", "recid": "0", "websiteUrl": "0", "title": "0", "ckey": 0, "available": false, "iiifUrl": "0" }, "geometry": { "type": "Polygon", "coordinates": [ [ [ 142.5, 50.6666667 ], [ 143.0, 50.6666667 ], [ 143.0, 51.0000001 ], [ 142.5, 51.0000001 ], [ 142.5, 50.6666667 ] ] ] } },
{ "type": "Feature", "properties": { "Id": 0, "Sheet_ID": "ロパチナ山", "label": "ロパチナ山", "call_short": "0", "call_num": "0", "recid": "0", "websiteUrl": "0", "title": "0", "ckey": 0, "available": false, "iiifUrl": "0" }, "geometry": { "type": "Polygon", "coordinates": [ [ [ 143.0, 50.6666667 ], [ 143.5, 50.6666667 ], [ 143.5, 51.0000001 ], [ 143.0, 51.0000001 ], [ 143.0, 50.6666667 ] ] ] } },
{ "type": "Feature", "properties": { "Id": 0, "Sheet_ID": "八タ128. チャムグゥ", "label": "八タ128. チャムグゥ", "call_short": "G7272 .S5 S100 .J3", "call_num": "G7272 .S5 S100 .J3 8TA128", "recid": "ny572gv4477", "websiteUrl": "https://purl.stanford.edu/ny572gv4477", "title": "東「ソ」十万分一圖", "ckey": 12724621, "available": true, "iiifUrl": "https://purl.stanford.edu/ny572gv4477/iiif/manifest" }, "geometry": { "type": "Polygon", "coordinates": [ [ [ 143.5, 50.6666667 ], [ 144.0, 50.6666667 ], [ 144.0, 51.0000001 ], [ 143.5, 51.0000001 ], [ 143.5, 50.6666667 ] ] ] } },
{ "type": "Feature", "properties": { "Id": 0, "Sheet_ID": "八タ157. ホーエ", "label": "八タ157. ホーエ", "call_short": "G7272 .S5 S100 .J3", "call_num": "G7272 .S5 S100 .J3 8TA157", "recid": "vv348wg7180", "websiteUrl": "https://purl.stanford.edu/vv348wg7180", "title": "東「ソ」十万分一圖", "ckey": 12724621, "available": true, "iiifUrl": "https://purl.stanford.edu/vv348wg7180/iiif/manifest" }, "geometry": { "type": "Polygon", "coordinates": [ [ [ 142.0, 51.0000001 ], [ 142.5, 51.0000001 ], [ 142.5, 51.3333334 ], [ 142.0, 51.3333334 ], [ 142.0, 51.0000001 ] ] ] } },
{ "type": "Feature", "properties": { "Id": 0, "Sheet_ID": "八タ147. アドトィモヴォ", "label": "八タ147. アドトィモヴォ", "call_short": "G7272 .S5 S100 .J3", "call_num": "G7272 .S5 S100 .J3 8TA147", "recid": "nn163tg2684", "websiteUrl": "https://purl.stanford.edu/nn163tg2684", "title": "東「ソ」十万分一圖", "ckey": 12724621, "available": true, "iiifUrl": "https://purl.stanford.edu/nn163tg2684/iiif/manifest" }, "geometry": { "type": "Polygon", "coordinates": [ [ [ 142.5, 51.0000001 ], [ 143.0, 51.0000001 ], [ 143.0, 51.3333334 ], [ 142.5, 51.3333334 ], [ 142.5, 51.0000001 ] ] ] } },
{ "type": "Feature", "properties": { "Id": 0, "Sheet_ID": "モスコリヴォ", "label": "モスコリヴォ", "call_short": "0", "call_num": "0", "recid": "0", "websiteUrl": "0", "title": "0", "ckey": 0, "available": false, "iiifUrl": "0" }, "geometry": { "type": "Polygon", "coordinates": [ [ [ 143.0, 51.0000001 ], [ 143.5, 51.0000001 ], [ 143.5, 51.3333334 ], [ 143.0, 51.3333334 ], [ 143.0, 51.0000001 ] ] ] } },
{ "type": "Feature", "properties": { "Id": 0, "Sheet_ID": "ピリング・ヴォ", "label": "ピリング・ヴォ", "call_short": "0", "call_num": "0", "recid": "0", "websiteUrl": "0", "title": "0", "ckey": 0, "available": false, "iiifUrl": "0" }, "geometry": { "type": "Polygon", "coordinates": [ [ [ 143.5, 51.0000001 ], [ 144.0, 51.0000001 ], [ 144.0, 51.3333334 ], [ 143.5, 51.3333334 ], [ 143.5, 51.0000001 ] ] ] } },
{ "type": "Feature", "properties": { "Id": 0, "Sheet_ID": "八タ166. ヴィアフトゥ", "label": "八タ166. ヴィアフトゥ", "call_short": "G7272 .S5 S100 .J3", "call_num": "G7272 .S5 S100 .J3 8TA166", "recid": "rd340ys0226", "websiteUrl": "https://purl.stanford.edu/rd340ys0226", "title": "東「ソ」十万分一圖", "ckey": 12724621, "available": true, "iiifUrl": "https://purl.stanford.edu/rd340ys0226/iiif/manifest" }, "geometry": { "type": "Polygon", "coordinates": [ [ [ 141.5, 51.3333334 ], [ 142.0, 51.3333334 ], [ 142.0, 51.6666668 ], [ 141.5, 51.6666668 ], [ 141.5, 51.3333334 ] ] ] } },
{ "type": "Feature", "properties": { "Id": 0, "Sheet_ID": "八タ156. ウアンヂ", "label": "八タ156. ウアンヂ", "call_short": "G7272 .S5 S100 .J3", "call_num": "G7272 .S5 S100 .J3 8TA156", "recid": "ym665gh3576", "websiteUrl": "https://purl.stanford.edu/ym665gh3576", "title": "東「ソ」十万分一圖", "ckey": 12724621, "available": true, "iiifUrl": "https://purl.stanford.edu/ym665gh3576/iiif/manifest" }, "geometry": { "type": "Polygon", "coordinates": [ [ [ 142.0, 51.3333334 ], [ 142.5, 51.3333334 ], [ 142.5, 51.6666668 ], [ 142.0, 51.6666668 ], [ 142.0, 51.3333334 ] ] ] } },
{ "type": "Feature", "properties": { "Id": 0, "Sheet_ID": "ヌィシ・ソフホーズ", "label": "ヌィシ・ソフホーズ", "call_short": "0", "call_num": "0", "recid": "0", "websiteUrl": "0", "title": "0", "ckey": 0, "available": false, "iiifUrl": "0" }, "geometry": { "type": "Polygon", "coordinates": [ [ [ 142.5, 51.3333334 ], [ 143.0, 51.3333334 ], [ 143.0, 51.6666668 ], [ 142.5, 51.6666668 ], [ 142.5, 51.3333334 ] ] ] } },
{ "type": "Feature", "properties": { "Id": 0, "Sheet_ID": "ナビリスキー灣", "label": "ナビリスキー灣", "call_short": "0", "call_num": "0", "recid": "0", "websiteUrl": "0", "title": "0", "ckey": 0, "available": false, "iiifUrl": "0" }, "geometry": { "type": "Polygon", "coordinates": [ [ [ 143.0, 51.3333334 ], [ 143.5, 51.3333334 ], [ 143.5, 51.6666668 ], [ 143.0, 51.6666668 ], [ 143.0, 51.3333334 ] ] ] } },
{ "type": "Feature", "properties": { "Id": 0, "Sheet_ID": "八タ165. トィク", "label": "八タ165. トィク", "call_short": "G7272 .S5 S100 .J3", "call_num": "G7272 .S5 S100 .J3 8TA165", "recid": "xs183yt7694", "websiteUrl": "https://purl.stanford.edu/xs183yt7694", "title": "東「ソ」十万分一圖", "ckey": 12724621, "available": true, "iiifUrl": "https://purl.stanford.edu/xs183yt7694/iiif/manifest" }, "geometry": { "type": "Polygon", "coordinates": [ [ [ 141.5, 51.6666668 ], [ 142.0, 51.6666668 ], [ 142.0, 52.0000001 ], [ 141.5, 52.0000001 ], [ 141.5, 51.6666668 ] ] ] } },
{ "type": "Feature", "properties": { "Id": 0, "Sheet_ID": "コリカン山", "label": "コリカン山", "call_short": "0", "call_num": "0", "recid": "0", "websiteUrl": "0", "title": "0", "ckey": 0, "available": false, "iiifUrl": "0" }, "geometry": { "type": "Polygon", "coordinates": [ [ [ 142.0, 51.6666668 ], [ 142.5, 51.6666668 ], [ 142.5, 52.0000001 ], [ 142.0, 52.0000001 ], [ 142.0, 51.6666668 ] ] ] } },
{ "type": "Feature", "properties": { "Id": 0, "Sheet_ID": "八タ145. ギアタマ・フゥルネ山", "label": "八タ145. ギアタマ・フゥルネ山", "call_short": "G7272 .S5 S100 .J3", "call_num": "G7272 .S5 S100 .J3 8TA145", "recid": "vt290ht6808", "websiteUrl": "https://purl.stanford.edu/vt290ht6808", "title": "東「ソ」十万分一圖", "ckey": 12724621, "available": true, "iiifUrl": "https://purl.stanford.edu/vt290ht6808/iiif/manifest" }, "geometry": { "type": "Polygon", "coordinates": [ [ [ 142.5, 51.6666668 ], [ 143.0, 51.6666668 ], [ 143.0, 52.0000001 ], [ 142.5, 52.0000001 ], [ 142.5, 51.6666668 ] ] ] } },
{ "type": "Feature", "properties": { "Id": 0, "Sheet_ID": "八タ135. カタングリ", "label": "八タ135. カタングリ", "call_short": "G7272 .S5 S100 .J3", "call_num": "G7272 .S5 S100 .J3 8TA135", "recid": "yv803jr4944", "websiteUrl": "https://purl.stanford.edu/yv803jr4944", "title": "東「ソ」十万分一圖", "ckey": 12724621, "available": true, "iiifUrl": "https://purl.stanford.edu/yv803jr4944/iiif/manifest" }, "geometry": { "type": "Polygon", "coordinates": [ [ [ 143.0, 51.6666668 ], [ 143.5, 51.6666668 ], [ 143.5, 52.0000001 ], [ 143.0, 52.0000001 ], [ 143.0, 51.6666668 ] ] ] } },
{ "type": "Feature", "properties": { "Id": 0, "Sheet_ID": "八タ164. ポギビ", "label": "八タ164. ポギビ", "call_short": "G7272 .S5 S100 .J3", "call_num": "G7272 .S5 S100 .J3 8TA164", "recid": "wh873gq7065", "websiteUrl": "https://purl.stanford.edu/wh873gq7065", "title": "東「ソ」十万分一圖", "ckey": 12724621, "available": true, "iiifUrl": "https://purl.stanford.edu/wh873gq7065/iiif/manifest" }, "geometry": { "type": "Polygon", "coordinates": [ [ [ 141.5, 52.0000001 ], [ 142.0, 52.0000001 ], [ 142.0, 52.3333335 ], [ 141.5, 52.3333335 ], [ 141.5, 52.0000001 ] ] ] } },
{ "type": "Feature", "properties": { "Id": 0, "Sheet_ID": "八タ154. フゥンマクタ河上流", "label": "八タ154. フゥンマクタ河上流", "call_short": "G7272 .S5 S100 .J3", "call_num": "G7272 .S5 S100 .J3 8TA154", "recid": "mt796rj5653", "websiteUrl": "https://purl.stanford.edu/mt796rj5653", "title": "東「ソ」十万分一圖", "ckey": 12724621, "available": true, "iiifUrl": "https://purl.stanford.edu/mt796rj5653/iiif/manifest" }, "geometry": { "type": "Polygon", "coordinates": [ [ [ 142.0, 52.0000001 ], [ 142.5, 52.0000001 ], [ 142.5, 52.3333335 ], [ 142.0, 52.3333335 ], [ 142.0, 52.0000001 ] ] ] } },
{ "type": "Feature", "properties": { "Id": 0, "Sheet_ID": "八タ144. ダギ河上流", "label": "八タ144. ダギ河上流", "call_short": "G7272 .S5 S100 .J3", "call_num": "G7272 .S5 S100 .J3 8TA144", "recid": "jy381yw1799", "websiteUrl": "https://purl.stanford.edu/jy381yw1799", "title": "東「ソ」十万分一圖", "ckey": 12724621, "available": true, "iiifUrl": "https://purl.stanford.edu/jy381yw1799/iiif/manifest" }, "geometry": { "type": "Polygon", "coordinates": [ [ [ 142.5, 52.0000001 ], [ 143.0, 52.0000001 ], [ 143.0, 52.3333335 ], [ 142.5, 52.3333335 ], [ 142.5, 52.0000001 ] ] ] } },
{ "type": "Feature", "properties": { "Id": 0, "Sheet_ID": "八タ134. リャルヴォ", "label": "八タ134. リャルヴォ", "call_short": "G7272 .S5 S100 .J3", "call_num": "G7272 .S5 S100 .J3 8TA134", "recid": "kd731jr4393", "websiteUrl": "https://purl.stanford.edu/kd731jr4393", "title": "東「ソ」十万分一圖", "ckey": 12724621, "available": true, "iiifUrl": "https://purl.stanford.edu/kd731jr4393/iiif/manifest" }, "geometry": { "type": "Polygon", "coordinates": [ [ [ 143.0, 52.0000001 ], [ 143.5, 52.0000001 ], [ 143.5, 52.3333335 ], [ 143.0, 52.3333335 ], [ 143.0, 52.0000001 ] ] ] } },
{ "type": "Feature", "properties": { "Id": 0, "Sheet_ID": "八タ163. ゼリョーヌイガイ", "label": "八タ163. ゼリョーヌイガイ", "call_short": "G7272 .S5 S100 .J3", "call_num": "G7272 .S5 S100 .J3 8TA163", "recid": "ry837nt8947", "websiteUrl": "https://purl.stanford.edu/ry837nt8947", "title": "東「ソ」十万分一圖", "ckey": 12724621, "available": true, "iiifUrl": "https://purl.stanford.edu/ry837nt8947/iiif/manifest" }, "geometry": { "type": "Polygon", "coordinates": [ [ [ 141.5, 52.3333335 ], [ 142.0, 52.3333335 ], [ 142.0, 52.6666669 ], [ 141.5, 52.6666669 ], [ 141.5, 52.3333335 ] ] ] } },
{ "type": "Feature", "properties": { "Id": 0, "Sheet_ID": "八タ153. ワギス山", "label": "八タ153. ワギス山", "call_short": "G7272 .S5 S100 .J3", "call_num": "G7272 .S5 S100 .J3 8TA153", "recid": "gg548td8743", "websiteUrl": "https://purl.stanford.edu/gg548td8743", "title": "東「ソ」十万分一圖", "ckey": 12724621, "available": true, "iiifUrl": "https://purl.stanford.edu/gg548td8743/iiif/manifest" }, "geometry": { "type": "Polygon", "coordinates": [ [ [ 142.0, 52.3333335 ], [ 142.5, 52.3333335 ], [ 142.5, 52.6666669 ], [ 142.0, 52.6666669 ], [ 142.0, 52.3333335 ] ] ] } },
{ "type": "Feature", "properties": { "Id": 0, "Sheet_ID": "八タ143. ワヤ山", "label": "八タ143. ワヤ山", "call_short": "G7272 .S5 S100 .J3", "call_num": "G7272 .S5 S100 .J3 8TA143", "recid": "rq410pc1957", "websiteUrl": "https://purl.stanford.edu/rq410pc1957", "title": "東「ソ」十万分一圖", "ckey": 12724621, "available": true, "iiifUrl": "https://purl.stanford.edu/rq410pc1957/iiif/manifest" }, "geometry": { "type": "Polygon", "coordinates": [ [ [ 142.5, 52.3333335 ], [ 143.0, 52.3333335 ], [ 143.0, 52.6666669 ], [ 142.5, 52.6666669 ], [ 142.5, 52.3333335 ] ] ] } },
{ "type": "Feature", "properties": { "Id": 0, "Sheet_ID": "八タ133. ハンドゥザ", "label": "八タ133. ハンドゥザ", "call_short": "G7272 .S5 S100 .J3", "call_num": "G7272 .S5 S100 .J3 8TA133", "recid": "tj042wy3126", "websiteUrl": "https://purl.stanford.edu/tj042wy3126", "title": "東「ソ」十万分一圖", "ckey": 12724621, "available": true, "iiifUrl": "https://purl.stanford.edu/tj042wy3126/iiif/manifest" }, "geometry": { "type": "Polygon", "coordinates": [ [ [ 143.0, 52.3333335 ], [ 143.5, 52.3333335 ], [ 143.5, 52.6666669 ], [ 143.0, 52.6666669 ], [ 143.0, 52.3333335 ] ] ] } },
{ "type": "Feature", "properties": { "Id": 0, "Sheet_ID": "八タ162. チンガイ", "label": "八タ162. チンガイ", "call_short": "G7272 .S5 S100 .J3", "call_num": "G7272 .S5 S100 .J3 8TA162", "recid": "hm227yh1591", "websiteUrl": "https://purl.stanford.edu/hm227yh1591", "title": "東「ソ」十万分一圖", "ckey": 12724621, "available": true, "iiifUrl": "https://purl.stanford.edu/hm227yh1591/iiif/manifest" }, "geometry": { "type": "Polygon", "coordinates": [ [ [ 141.5, 52.6666669 ], [ 142.0, 52.6666669 ], [ 142.0, 53.0000002 ], [ 141.5, 53.0000002 ], [ 141.5, 52.6666669 ] ] ] } },
{ "type": "Feature", "properties": { "Id": 0, "Sheet_ID": "八タ152. ピーヤ高地", "label": "八タ152. ピーヤ高地", "call_short": "G7272 .S5 S100 .J3", "call_num": "G7272 .S5 S100 .J3 8TA152", "recid": "hd536qj6382", "websiteUrl": "https://purl.stanford.edu/hd536qj6382", "title": "東「ソ」十万分一圖", "ckey": 12724621, "available": true, "iiifUrl": "https://purl.stanford.edu/hd536qj6382/iiif/manifest" }, "geometry": { "type": "Polygon", "coordinates": [ [ [ 142.0, 52.6666669 ], [ 142.5, 52.6666669 ], [ 142.5, 53.0000002 ], [ 142.0, 53.0000002 ], [ 142.0, 52.6666669 ] ] ] } },
{ "type": "Feature", "properties": { "Id": 0, "Sheet_ID": "八タ142. ピリトゥン河", "label": "八タ142. ピリトゥン河", "call_short": "G7272 .S5 S100 .J3", "call_num": "G7272 .S5 S100 .J3 8TA142", "recid": "jk108dg7913", "websiteUrl": "https://purl.stanford.edu/jk108dg7913", "title": "東「ソ」十万分一圖", "ckey": 12724621, "available": true, "iiifUrl": "https://purl.stanford.edu/jk108dg7913/iiif/manifest" }, "geometry": { "type": "Polygon", "coordinates": [ [ [ 142.5, 52.6666669 ], [ 143.0, 52.6666669 ], [ 143.0, 53.0000002 ], [ 142.5, 53.0000002 ], [ 142.5, 52.6666669 ] ] ] } },
{ "type": "Feature", "properties": { "Id": 0, "Sheet_ID": "ピリトゥン", "label": "ピリトゥン", "call_short": "0", "call_num": "0", "recid": "0", "websiteUrl": "0", "title": "0", "ckey": 0, "available": false, "iiifUrl": "0" }, "geometry": { "type": "Polygon", "coordinates": [ [ [ 143.0, 52.6666669 ], [ 143.5, 52.6666669 ], [ 143.5, 53.0000002 ], [ 143.0, 53.0000002 ], [ 143.0, 52.6666669 ] ] ] } },
{ "type": "Feature", "properties": { "Id": 0, "Sheet_ID": "八タ161. ヴェレンシチァギノ", "label": "八タ161. ヴェレンシチァギノ", "call_short": "G7272 .S5 S100 .J3", "call_num": "G7272 .S5 S100 .J3 8TA161", "recid": "ng693gt5336", "websiteUrl": "https://purl.stanford.edu/ng693gt5336", "title": "東「ソ」十万分一圖", "ckey": 12724621, "available": true, "iiifUrl": "https://purl.stanford.edu/ng693gt5336/iiif/manifest" }, "geometry": { "type": "Polygon", "coordinates": [ [ [ 141.5, 53.0000002 ], [ 142.0, 53.0000002 ], [ 142.0, 53.3333336 ], [ 141.5, 53.3333336 ], [ 141.5, 53.0000002 ] ] ] } },
{ "type": "Feature", "properties": { "Id": 0, "Sheet_ID": "八タ151. ラングルィ油田", "label": "八タ151. ラングルィ油田", "call_short": "G7272 .S5 S100 .J3", "call_num": "G7272 .S5 S100 .J3 8TA151", "recid": "ws010zq1582", "websiteUrl": "https://purl.stanford.edu/ws010zq1582", "title": "東「ソ」十万分一圖", "ckey": 12724621, "available": true, "iiifUrl": "https://purl.stanford.edu/ws010zq1582/iiif/manifest" }, "geometry": { "type": "Polygon", "coordinates": [ [ [ 142.0, 53.0000002 ], [ 142.5, 53.0000002 ], [ 142.5, 53.3333336 ], [ 142.0, 53.3333336 ], [ 142.0, 53.0000002 ] ] ] } },
{ "type": "Feature", "properties": { "Id": 0, "Sheet_ID": "八タ141. サボ河上流", "label": "八タ141. サボ河上流", "call_short": "G7272 .S5 S100 .J3", "call_num": "G7272 .S5 S100 .J3 8TA141", "recid": "vf241nj7855", "websiteUrl": "https://purl.stanford.edu/vf241nj7855", "title": "東「ソ」十万分一圖", "ckey": 12724621, "available": true, "iiifUrl": "https://purl.stanford.edu/vf241nj7855/iiif/manifest" }, "geometry": { "type": "Polygon", "coordinates": [ [ [ 142.5, 53.0000002 ], [ 143.0, 53.0000002 ], [ 143.0, 53.3333336 ], [ 142.5, 53.3333336 ], [ 142.5, 53.0000002 ] ] ] } },
{ "type": "Feature", "properties": { "Id": 0, "Sheet_ID": "八タ131. トーシ", "label": "八タ131. トーシ", "call_short": "G7272 .S5 S100 .J3", "call_num": "G7272 .S5 S100 .J3 8TA131", "recid": "mj746rd3593", "websiteUrl": "https://purl.stanford.edu/mj746rd3593", "title": "東「ソ」十万分一圖", "ckey": 12724621, "available": true, "iiifUrl": "https://purl.stanford.edu/mj746rd3593/iiif/manifest" }, "geometry": { "type": "Polygon", "coordinates": [ [ [ 143.0, 53.0000002 ], [ 143.5, 53.0000002 ], [ 143.5, 53.3333336 ], [ 143.0, 53.3333336 ], [ 143.0, 53.0000002 ] ] ] } },
{ "type": "Feature", "properties": { "Id": 0, "Sheet_ID": "八レ170. グリゴリエフカ", "label": "八レ170. グリゴリエフカ", "call_short": "G7272 .S5 S100 .J3", "call_num": "G7272 .S5 S100 .J3 8RE170", "recid": "sp639xc1271", "websiteUrl": "https://purl.stanford.edu/sp639xc1271", "title": "東「ソ」十万分一圖", "ckey": 12724621, "available": true, "iiifUrl": "https://purl.stanford.edu/sp639xc1271/iiif/manifest" }, "geometry": { "type": "Polygon", "coordinates": [ [ [ 141.5, 53.3333336 ], [ 142.0, 53.3333336 ], [ 142.0, 53.6666669 ], [ 141.5, 53.6666669 ], [ 141.5, 53.3333336 ] ] ] } },
{ "type": "Feature", "properties": { "Id": 0, "Sheet_ID": "八レ160. バイカル", "label": "八レ160. バイカル", "call_short": "G7272 .S5 S100 .J3", "call_num": "G7272 .S5 S100 .J3 8RE160", "recid": "kw667cd2883", "websiteUrl": "https://purl.stanford.edu/kw667cd2883", "title": "東「ソ」十万分一圖", "ckey": 12724621, "available": true, "iiifUrl": "https://purl.stanford.edu/kw667cd2883/iiif/manifest" }, "geometry": { "type": "Polygon", "coordinates": [ [ [ 142.0, 53.3333336 ], [ 142.5, 53.3333336 ], [ 142.5, 53.6666669 ], [ 142.0, 53.6666669 ], [ 142.0, 53.3333336 ] ] ] } },
{ "type": "Feature", "properties": { "Id": 0, "Sheet_ID": "八レ150. オハ", "label": "八レ150. オハ", "call_short": "G7272 .S5 S100 .J3", "call_num": "G7272 .S5 S100 .J3 8RE150", "recid": "gz034dn0782", "websiteUrl": "https://purl.stanford.edu/gz034dn0782", "title": "東「ソ」十万分一圖", "ckey": 12724621, "available": true, "iiifUrl": "https://purl.stanford.edu/gz034dn0782/iiif/manifest" }, "geometry": { "type": "Polygon", "coordinates": [ [ [ 142.5, 53.3333336 ], [ 143.0, 53.3333336 ], [ 143.0, 53.6666669 ], [ 142.5, 53.6666669 ], [ 142.5, 53.3333336 ] ] ] } },
{ "type": "Feature", "properties": { "Id": 0, "Sheet_ID": "エハビ", "label": "エハビ", "call_short": "0", "call_num": "0", "recid": "0", "websiteUrl": "0", "title": "0", "ckey": 0, "available": false, "iiifUrl": "0" }, "geometry": { "type": "Polygon", "coordinates": [ [ [ 143.0, 53.3333336 ], [ 143.5, 53.3333336 ], [ 143.5, 53.6666669 ], [ 143.0, 53.6666669 ], [ 143.0, 53.3333336 ] ] ] } },
{ "type": "Feature", "properties": { "Id": 0, "Sheet_ID": "八レ149. ネクラーソフカ", "label": "八レ149. ネクラーソフカ", "call_short": "G7272 .S5 S100 .J3", "call_num": "G7272 .S5 S100 .J3 8RE149", "recid": "cz710hx2603", "websiteUrl": "https://purl.stanford.edu/cz710hx2603", "title": "東「ソ」十万分一圖", "ckey": 12724621, "available": true, "iiifUrl": "https://purl.stanford.edu/cz710hx2603/iiif/manifest" }, "geometry": { "type": "Polygon", "coordinates": [ [ [ 142.5, 53.6666669 ], [ 143.0, 53.6666669 ], [ 143.0, 54.0000003 ], [ 142.5, 54.0000003 ], [ 142.5, 53.6666669 ] ] ] } },
{ "type": "Feature", "properties": { "Id": 0, "Sheet_ID": "八レ158. マリイ岬", "label": "八レ158. マリイ岬", "call_short": "G7272 .S5 S100 .J3", "call_num": "G7272 .S5 S100 .J3 8RE158", "recid": "hg072nx9536", "websiteUrl": "https://purl.stanford.edu/hg072nx9536", "title": "東「ソ」十万分一圖", "ckey": 12724621, "available": true, "iiifUrl": "https://purl.stanford.edu/hg072nx9536/iiif/manifest" }, "geometry": { "type": "Polygon", "coordinates": [ [ [ 142.0, 54.0000003 ], [ 142.5, 54.0000003 ], [ 142.5, 54.3333336 ], [ 142.0, 54.3333336 ], [ 142.0, 54.0000003 ] ] ] } },
{ "type": "Feature", "properties": { "Id": 0, "Sheet_ID": "八レ148. ヌィヴロヴォ", "label": "八レ148. ヌィヴロヴォ", "call_short": "G7272 .S5 S100 .J3", "call_num": "G7272 .S5 S100 .J3 8RE148", "recid": "vq799qk5031", "websiteUrl": "https://purl.stanford.edu/vq799qk5031", "title": "東「ソ」十万分一圖", "ckey": 12724621, "available": true, "iiifUrl": "https://purl.stanford.edu/vq799qk5031/iiif/manifest" }, "geometry": { "type": "Polygon", "coordinates": [ [ [ 142.5, 54.0000003 ], [ 143.0, 54.0000003 ], [ 143.0, 54.3333336 ], [ 142.5, 54.3333336 ], [ 142.5, 54.0000003 ] ] ] } },
{ "type": "Feature", "properties": { "Id": 0, "Sheet_ID": "エリザヴェトィ岬", "label": "エリザヴェトィ岬", "call_short": "0", "call_num": "0", "recid": "0", "websiteUrl": "0", "title": "0", "ckey": 0, "available": false, "iiifUrl": "0" }, "geometry": { "type": "Polygon", "coordinates": [ [ [ 142.5, 54.3333336 ], [ 143.0, 54.3333336 ], [ 143.0, 54.666667 ], [ 142.5, 54.666667 ], [ 142.5, 54.3333336 ] ] ] } },
{ "type": "Feature", "properties": { "Id": 0, "Sheet_ID": "ムーケイ湖", "label": "ムーケイ湖", "call_short": "0", "call_num": "0", "recid": "0", "websiteUrl": "0", "title": "0", "ckey": 0, "available": false, "iiifUrl": "0" }, "geometry": { "type": "Polygon", "coordinates": [ [ [ 115.0, 49.666667 ], [ 115.5, 49.666667 ], [ 115.5, 50.0000003 ], [ 115.0, 50.0000003 ], [ 115.0, 49.666667 ] ] ] } },
{ "type": "Feature", "properties": { "Id": 0, "Sheet_ID": "ソロウィエフスコエ", "label": "ソロウィエフスコエ", "call_short": "0", "call_num": "0", "recid": "0", "websiteUrl": "0", "title": "0", "ckey": 0, "available": false, "iiifUrl": "0" }, "geometry": { "type": "Polygon", "coordinates": [ [ [ 115.5, 49.666667 ], [ 116.0, 49.666667 ], [ 116.0, 50.0000003 ], [ 115.5, 50.0000003 ], [ 115.5, 49.666667 ] ] ] } },
{ "type": "Feature", "properties": { "Id": 0, "Sheet_ID": "シャワルテ湖", "label": "シャワルテ湖", "call_short": "0", "call_num": "0", "recid": "0", "websiteUrl": "0", "title": "0", "ckey": 0, "available": false, "iiifUrl": "0" }, "geometry": { "type": "Polygon", "coordinates": [ [ [ 116.0, 49.666667 ], [ 116.5, 49.666667 ], [ 116.5, 50.0000003 ], [ 116.0, 50.0000003 ], [ 116.0, 49.666667 ] ] ] } },
{ "type": "Feature", "properties": { "Id": 0, "Sheet_ID": "バイン・ツァガン", "label": "バイン・ツァガン", "call_short": "0", "call_num": "0", "recid": "0", "websiteUrl": "0", "title": "0", "ckey": 0, "available": false, "iiifUrl": "0" }, "geometry": { "type": "Polygon", "coordinates": [ [ [ 115.0, 50.0000003 ], [ 115.5, 50.0000003 ], [ 115.5, 50.3333336 ], [ 115.0, 50.3333336 ], [ 115.0, 50.0000003 ] ] ] } },
{ "type": "Feature", "properties": { "Id": 0, "Sheet_ID": "壹参タ190. クルスゥタイ", "label": "壹参タ190. クルスゥタイ", "call_short": "G7272 .S5 S100 .J3", "call_num": "G7272 .S5 S100 .J3 13TA190", "recid": "gt281gw0928", "websiteUrl": "https://purl.stanford.edu/gt281gw0928", "title": "東「ソ」十万分一圖", "ckey": 12724621, "available": true, "iiifUrl": "https://purl.stanford.edu/gt281gw0928/iiif/manifest" }, "geometry": { "type": "Polygon", "coordinates": [ [ [ 115.5, 50.0000003 ], [ 116.0, 50.0000003 ], [ 116.0, 50.3333336 ], [ 115.5, 50.3333336 ], [ 115.5, 50.0000003 ] ] ] } },
{ "type": "Feature", "properties": { "Id": 0, "Sheet_ID": "ボルジンスコエ湖", "label": "ボルジンスコエ湖", "call_short": "0", "call_num": "0", "recid": "0", "websiteUrl": "0", "title": "0", "ckey": 0, "available": false, "iiifUrl": "0" }, "geometry": { "type": "Polygon", "coordinates": [ [ [ 116.0, 50.0000003 ], [ 116.5, 50.0000003 ], [ 116.5, 50.3333336 ], [ 116.0, 50.3333336 ], [ 116.0, 50.0000003 ] ] ] } },
{ "type": "Feature", "properties": { "Id": 0, "Sheet_ID": "ツァスチェーフスキー", "label": "ツァスチェーフスキー", "call_short": "0", "call_num": "0", "recid": "0", "websiteUrl": "0", "title": "0", "ckey": 0, "available": false, "iiifUrl": "0" }, "geometry": { "type": "Polygon", "coordinates": [ [ [ 115.0, 50.3333336 ], [ 115.5, 50.3333336 ], [ 115.5, 50.6666669 ], [ 115.0, 50.6666669 ], [ 115.0, 50.3333336 ] ] ] } },
{ "type": "Feature", "properties": { "Id": 0, "Sheet_ID": "スタールィ・チンダント", "label": "スタールィ・チンダント", "call_short": "0", "call_num": "0", "recid": "0", "websiteUrl": "0", "title": "0", "ckey": 0, "available": false, "iiifUrl": "0" }, "geometry": { "type": "Polygon", "coordinates": [ [ [ 115.5, 50.3333336 ], [ 116.0, 50.3333336 ], [ 116.0, 50.6666669 ], [ 115.5, 50.6666669 ], [ 115.5, 50.3333336 ] ] ] } },
{ "type": "Feature", "properties": { "Id": 0, "Sheet_ID": "第二チンダント", "label": "第二チンダント", "call_short": "0", "call_num": "0", "recid": "0", "websiteUrl": "0", "title": "0", "ckey": 0, "available": false, "iiifUrl": "0" }, "geometry": { "type": "Polygon", "coordinates": [ [ [ 116.0, 50.3333336 ], [ 116.5, 50.3333336 ], [ 116.5, 50.6666669 ], [ 116.0, 50.6666669 ], [ 116.0, 50.3333336 ] ] ] } },
{ "type": "Feature", "properties": { "Id": 0, "Sheet_ID": "第七十二號待避驛", "label": "第七十二號待避驛", "call_short": "0", "call_num": "0", "recid": "0", "websiteUrl": "0", "title": "0", "ckey": 0, "available": false, "iiifUrl": "0" }, "geometry": { "type": "Polygon", "coordinates": [ [ [ 115.0, 50.6666669 ], [ 115.5, 50.6666669 ], [ 115.5, 51.0000001 ], [ 115.0, 51.0000001 ], [ 115.0, 50.6666669 ] ] ] } },
{ "type": "Feature", "properties": { "Id": 0, "Sheet_ID": "オロウャンナヤ", "label": "オロウャンナヤ", "call_short": "0", "call_num": "0", "recid": "0", "websiteUrl": "0", "title": "0", "ckey": 0, "available": false, "iiifUrl": "0" }, "geometry": { "type": "Polygon", "coordinates": [ [ [ 115.5, 50.6666669 ], [ 116.0, 50.6666669 ], [ 116.0, 51.0000001 ], [ 115.5, 51.0000001 ], [ 115.5, 50.6666669 ] ] ] } },
{ "type": "Feature", "properties": { "Id": 0, "Sheet_ID": "アルカレイ", "label": "アルカレイ", "call_short": "0", "call_num": "0", "recid": "0", "websiteUrl": "0", "title": "0", "ckey": 0, "available": false, "iiifUrl": "0" }, "geometry": { "type": "Polygon", "coordinates": [ [ [ 114.0, 51.0000001 ], [ 114.5, 51.0000001 ], [ 114.5, 51.3333334 ], [ 114.0, 51.3333334 ], [ 114.0, 51.0000001 ] ] ] } },
{ "type": "Feature", "properties": { "Id": 0, "Sheet_ID": "アギーンスコエ", "label": "アギーンスコエ", "call_short": "0", "call_num": "0", "recid": "0", "websiteUrl": "0", "title": "0", "ckey": 0, "available": false, "iiifUrl": "0" }, "geometry": { "type": "Polygon", "coordinates": [ [ [ 114.5, 51.0000001 ], [ 115.0, 51.0000001 ], [ 115.0, 51.3333334 ], [ 114.5, 51.3333334 ], [ 114.5, 51.0000001 ] ] ] } },
{ "type": "Feature", "properties": { "Id": 0, "Sheet_ID": "壹参タ197. アガ", "label": "壹参タ197. アガ", "call_short": "G7272 .S5 S100 .J3", "call_num": "G7272 .S5 S100 .J3 13TA197", "recid": "zf075qg1164", "websiteUrl": "https://purl.stanford.edu/zf075qg1164", "title": "東「ソ」十万分一圖", "ckey": 12724621, "available": true, "iiifUrl": "https://purl.stanford.edu/zf075qg1164/iiif/manifest" }, "geometry": { "type": "Polygon", "coordinates": [ [ [ 115.0, 51.0000001 ], [ 115.5, 51.0000001 ], [ 115.5, 51.3333334 ], [ 115.0, 51.3333334 ], [ 115.0, 51.0000001 ] ] ] } },
{ "type": "Feature", "properties": { "Id": 0, "Sheet_ID": "シャーロナイヤ", "label": "シャーロナイヤ", "call_short": "0", "call_num": "0", "recid": "0", "websiteUrl": "0", "title": "0", "ckey": 0, "available": false, "iiifUrl": "0" }, "geometry": { "type": "Polygon", "coordinates": [ [ [ 115.5, 51.0000001 ], [ 116.0, 51.0000001 ], [ 116.0, 51.3333334 ], [ 115.5, 51.3333334 ], [ 115.5, 51.0000001 ] ] ] } },
{ "type": "Feature", "properties": { "Id": 0, "Sheet_ID": "トタウローウォ", "label": "トタウローウォ", "call_short": "0", "call_num": "0", "recid": "0", "websiteUrl": "0", "title": "0", "ckey": 0, "available": false, "iiifUrl": "0" }, "geometry": { "type": "Polygon", "coordinates": [ [ [ 112.5, 51.3333334 ], [ 113.0, 51.3333334 ], [ 113.0, 51.6666667 ], [ 112.5, 51.6666667 ], [ 112.5, 51.3333334 ] ] ] } },
{ "type": "Feature", "properties": { "Id": 0, "Sheet_ID": "タタウローフスカヤ", "label": "タタウローフスカヤ", "call_short": "0", "call_num": "0", "recid": "0", "websiteUrl": "0", "title": "0", "ckey": 0, "available": false, "iiifUrl": "0" }, "geometry": { "type": "Polygon", "coordinates": [ [ [ 113.0, 51.3333334 ], [ 113.5, 51.3333334 ], [ 113.5, 51.6666667 ], [ 113.0, 51.6666667 ], [ 113.0, 51.3333334 ] ] ] } },
{ "type": "Feature", "properties": { "Id": 0, "Sheet_ID": "トゥイレゲトゥイ", "label": "トゥイレゲトゥイ", "call_short": "0", "call_num": "0", "recid": "0", "websiteUrl": "0", "title": "0", "ckey": 0, "available": false, "iiifUrl": "0" }, "geometry": { "type": "Polygon", "coordinates": [ [ [ 113.5, 51.3333334 ], [ 114.0, 51.3333334 ], [ 114.0, 51.6666667 ], [ 113.5, 51.6666667 ], [ 113.5, 51.3333334 ] ] ] } },
{ "type": "Feature", "properties": { "Id": 0, "Sheet_ID": "壹四タ116. カルイムスカヤ", "label": "壹四タ116. カルイムスカヤ", "call_short": "G7272 .S5 S100 .J3", "call_num": "G7272 .S5 S100 .J3 14TA116", "recid": "wn824ct5619", "websiteUrl": "https://purl.stanford.edu/wn824ct5619", "title": "東「ソ」十万分一圖", "ckey": 12724621, "available": true, "iiifUrl": "https://purl.stanford.edu/wn824ct5619/iiif/manifest" }, "geometry": { "type": "Polygon", "coordinates": [ [ [ 114.0, 51.3333334 ], [ 114.5, 51.3333334 ], [ 114.5, 51.6666667 ], [ 114.0, 51.6666667 ], [ 114.0, 51.3333334 ] ] ] } },
{ "type": "Feature", "properties": { "Id": 0, "Sheet_ID": "壹四タ106. カイダローウォ", "label": "壹四タ106. カイダローウォ", "call_short": "G7272 .S5 S100 .J3", "call_num": "G7272 .S5 S100 .J3 14TA106", "recid": "qf517bn9379", "websiteUrl": "https://purl.stanford.edu/qf517bn9379", "title": "東「ソ」十万分一圖", "ckey": 12724621, "available": true, "iiifUrl": "https://purl.stanford.edu/qf517bn9379/iiif/manifest" }, "geometry": { "type": "Polygon", "coordinates": [ [ [ 114.5, 51.3333334 ], [ 115.0, 51.3333334 ], [ 115.0, 51.6666667 ], [ 114.5, 51.6666667 ], [ 114.5, 51.3333334 ] ] ] } },
{ "type": "Feature", "properties": { "Id": 0, "Sheet_ID": "ウェルフネ・チローン", "label": "ウェルフネ・チローン", "call_short": "0", "call_num": "0", "recid": "0", "websiteUrl": "0", "title": "0", "ckey": 0, "available": false, "iiifUrl": "0" }, "geometry": { "type": "Polygon", "coordinates": [ [ [ 115.0, 51.3333334 ], [ 115.5, 51.3333334 ], [ 115.5, 51.6666667 ], [ 115.0, 51.6666667 ], [ 115.0, 51.3333334 ] ] ] } },
{ "type": "Feature", "properties": { "Id": 0, "Sheet_ID": "キローチァ", "label": "キローチァ", "call_short": "0", "call_num": "0", "recid": "0", "websiteUrl": "0", "title": "0", "ckey": 0, "available": false, "iiifUrl": "0" }, "geometry": { "type": "Polygon", "coordinates": [ [ [ 115.5, 51.3333334 ], [ 116.0, 51.3333334 ], [ 116.0, 51.6666667 ], [ 115.5, 51.6666667 ], [ 115.5, 51.3333334 ] ] ] } },
{ "type": "Feature", "properties": { "Id": 0, "Sheet_ID": "セミヨノフ", "label": "セミヨノフ", "call_short": "0", "call_num": "0", "recid": "0", "websiteUrl": "0", "title": "0", "ckey": 0, "available": false, "iiifUrl": "0" }, "geometry": { "type": "Polygon", "coordinates": [ [ [ 116.0, 51.3333334 ], [ 116.5, 51.3333334 ], [ 116.5, 51.6666667 ], [ 116.0, 51.6666667 ], [ 116.0, 51.3333334 ] ] ] } },
{ "type": "Feature", "properties": { "Id": 0, "Sheet_ID": "グロボーウォ", "label": "グロボーウォ", "call_short": "0", "call_num": "0", "recid": "0", "websiteUrl": "0", "title": "0", "ckey": 0, "available": false, "iiifUrl": "0" }, "geometry": { "type": "Polygon", "coordinates": [ [ [ 117.0, 51.3333334 ], [ 117.5, 51.3333334 ], [ 117.5, 51.6666667 ], [ 117.0, 51.6666667 ], [ 117.0, 51.3333334 ] ] ] } },
{ "type": "Feature", "properties": { "Id": 0, "Sheet_ID": "バンシチーコフスキー", "label": "バンシチーコフスキー", "call_short": "0", "call_num": "0", "recid": "0", "websiteUrl": "0", "title": "0", "ckey": 0, "available": false, "iiifUrl": "0" }, "geometry": { "type": "Polygon", "coordinates": [ [ [ 117.5, 51.3333334 ], [ 118.0, 51.3333334 ], [ 118.0, 51.6666667 ], [ 117.5, 51.6666667 ], [ 117.5, 51.3333334 ] ] ] } },
{ "type": "Feature", "properties": { "Id": 0, "Sheet_ID": "ガジームルスキー", "label": "ガジームルスキー", "call_short": "0", "call_num": "0", "recid": "0", "websiteUrl": "0", "title": "0", "ckey": 0, "available": false, "iiifUrl": "0" }, "geometry": { "type": "Polygon", "coordinates": [ [ [ 118.0, 51.3333334 ], [ 118.5, 51.3333334 ], [ 118.5, 51.6666667 ], [ 118.0, 51.6666667 ], [ 118.0, 51.3333334 ] ] ] } },
{ "type": "Feature", "properties": { "Id": 0, "Sheet_ID": "ヤブロノーワヤ", "label": "ヤブロノーワヤ", "call_short": "0", "call_num": "0", "recid": "0", "websiteUrl": "0", "title": "0", "ckey": 0, "available": false, "iiifUrl": "0" }, "geometry": { "type": "Polygon", "coordinates": [ [ [ 112.5, 51.6666667 ], [ 113.0, 51.6666667 ], [ 113.0, 52.0 ], [ 112.5, 52.0 ], [ 112.5, 51.6666667 ] ] ] } },
{ "type": "Feature", "properties": { "Id": 0, "Sheet_ID": "壹四タ135. ドムノ", "label": "壹四タ135. ドムノ", "call_short": "G7272 .S5 S100 .J3", "call_num": "G7272 .S5 S100 .J3 14TA135", "recid": "mf976xz5230", "websiteUrl": "https://purl.stanford.edu/mf976xz5230", "title": "東「ソ」十万分一圖", "ckey": 12724621, "available": true, "iiifUrl": "https://purl.stanford.edu/mf976xz5230/iiif/manifest" }, "geometry": { "type": "Polygon", "coordinates": [ [ [ 113.0, 51.6666667 ], [ 113.5, 51.6666667 ], [ 113.5, 52.0 ], [ 113.0, 52.0 ], [ 113.0, 51.6666667 ] ] ] } },
{ "type": "Feature", "properties": { "Id": 0, "Sheet_ID": "壹四タ125. アレクサンドローフスコエ", "label": "壹四タ125. アレクサンドローフスコエ", "call_short": "G7272 .S5 S100 .J3", "call_num": "G7272 .S5 S100 .J3 14TA125", "recid": "rb783gv8195", "websiteUrl": "https://purl.stanford.edu/rb783gv8195", "title": "東「ソ」十万分一圖", "ckey": 12724621, "available": true, "iiifUrl": "https://purl.stanford.edu/rb783gv8195/iiif/manifest" }, "geometry": { "type": "Polygon", "coordinates": [ [ [ 113.5, 51.6666667 ], [ 114.0, 51.6666667 ], [ 114.0, 52.0 ], [ 113.5, 52.0 ], [ 113.5, 51.6666667 ] ] ] } },
{ "type": "Feature", "properties": { "Id": 0, "Sheet_ID": "壹四タ115. ノーウォトロイツコエ", "label": "壹四タ115. ノーウォトロイツコエ", "call_short": "G7272 .S5 S100 .J3", "call_num": "G7272 .S5 S100 .J3 14TA115", "recid": "ht658bs5112", "websiteUrl": "https://purl.stanford.edu/ht658bs5112", "title": "東「ソ」十万分一圖", "ckey": 12724621, "available": true, "iiifUrl": "https://purl.stanford.edu/ht658bs5112/iiif/manifest" }, "geometry": { "type": "Polygon", "coordinates": [ [ [ 114.0, 51.6666667 ], [ 114.5, 51.6666667 ], [ 114.5, 52.0 ], [ 114.0, 52.0 ], [ 114.0, 51.6666667 ] ] ] } },
{ "type": "Feature", "properties": { "Id": 0, "Sheet_ID": "壹四タ105. ウルーリガ", "label": "壹四タ105. ウルーリガ", "call_short": "G7272 .S5 S100 .J3", "call_num": "G7272 .S5 S100 .J3 14TA105", "recid": "qh232rg3143", "websiteUrl": "https://purl.stanford.edu/qh232rg3143", "title": "東「ソ」十万分一圖", "ckey": 12724621, "available": true, "iiifUrl": "https://purl.stanford.edu/qh232rg3143/iiif/manifest" }, "geometry": { "type": "Polygon", "coordinates": [ [ [ 114.5, 51.6666667 ], [ 115.0, 51.6666667 ], [ 115.0, 52.0 ], [ 114.5, 52.0 ], [ 114.5, 51.6666667 ] ] ] } },
{ "type": "Feature", "properties": { "Id": 0, "Sheet_ID": "壹参タ195. ガルキノ", "label": "壹参タ195. ガルキノ", "call_short": "G7272 .S5 S100 .J3", "call_num": "G7272 .S5 S100 .J3 13TA195", "recid": "dn323st5729", "websiteUrl": "https://purl.stanford.edu/dn323st5729", "title": "東「ソ」十万分一圖", "ckey": 12724621, "available": true, "iiifUrl": "https://purl.stanford.edu/dn323st5729/iiif/manifest" }, "geometry": { "type": "Polygon", "coordinates": [ [ [ 115.0, 51.6666667 ], [ 115.5, 51.6666667 ], [ 115.5, 52.0 ], [ 115.0, 52.0 ], [ 115.0, 51.6666667 ] ] ] } },
{ "type": "Feature", "properties": { "Id": 0, "Sheet_ID": "壹参タ185. カザノフスコエ", "label": "壹参タ185. カザノフスコエ", "call_short": "G7272 .S5 S100 .J3", "call_num": "G7272 .S5 S100 .J3 13TA185", "recid": "qd925pw4540", "websiteUrl": "https://purl.stanford.edu/qd925pw4540", "title": "東「ソ」十万分一圖", "ckey": 12724621, "available": true, "iiifUrl": "https://purl.stanford.edu/qd925pw4540/iiif/manifest" }, "geometry": { "type": "Polygon", "coordinates": [ [ [ 115.5, 51.6666667 ], [ 116.0, 51.6666667 ], [ 116.0, 52.0 ], [ 115.5, 52.0 ], [ 115.5, 51.6666667 ] ] ] } },
{ "type": "Feature", "properties": { "Id": 0, "Sheet_ID": "シルカ", "label": "シルカ", "call_short": "0", "call_num": "0", "recid": "0", "websiteUrl": "0", "title": "0", "ckey": 0, "available": false, "iiifUrl": "0" }, "geometry": { "type": "Polygon", "coordinates": [ [ [ 116.0, 51.6666667 ], [ 116.5, 51.6666667 ], [ 116.5, 52.0 ], [ 116.0, 52.0 ], [ 116.0, 51.6666667 ] ] ] } },
{ "type": "Feature", "properties": { "Id": 0, "Sheet_ID": "ネルチンスク", "label": "ネルチンスク", "call_short": "0", "call_num": "0", "recid": "0", "websiteUrl": "0", "title": "0", "ckey": 0, "available": false, "iiifUrl": "0" }, "geometry": { "type": "Polygon", "coordinates": [ [ [ 116.5, 51.6666667 ], [ 117.0, 51.6666667 ], [ 117.0, 52.0 ], [ 116.5, 52.0 ], [ 116.5, 51.6666667 ] ] ] } },
{ "type": "Feature", "properties": { "Id": 0, "Sheet_ID": "ヂドキンスカーヤ", "label": "ヂドキンスカーヤ", "call_short": "0", "call_num": "0", "recid": "0", "websiteUrl": "0", "title": "0", "ckey": 0, "available": false, "iiifUrl": "0" }, "geometry": { "type": "Polygon", "coordinates": [ [ [ 117.0, 51.6666667 ], [ 117.5, 51.6666667 ], [ 117.5, 52.0 ], [ 117.0, 52.0 ], [ 117.0, 51.6666667 ] ] ] } },
{ "type": "Feature", "properties": { "Id": 0, "Sheet_ID": "壹参タ145. コプーニィ", "label": "壹参タ145. コプーニィ", "call_short": "G7272 .S5 S100 .J3", "call_num": "G7272 .S5 S100 .J3 13TA145", "recid": "mr420hz7025", "websiteUrl": "https://purl.stanford.edu/mr420hz7025", "title": "東「ソ」十万分一圖", "ckey": 12724621, "available": true, "iiifUrl": "https://purl.stanford.edu/mr420hz7025/iiif/manifest" }, "geometry": { "type": "Polygon", "coordinates": [ [ [ 117.5, 51.6666667 ], [ 118.0, 51.6666667 ], [ 118.0, 52.0 ], [ 117.5, 52.0 ], [ 117.5, 51.6666667 ] ] ] } },
{ "type": "Feature", "properties": { "Id": 0, "Sheet_ID": "ウシムーンスキー", "label": "ウシムーンスキー", "call_short": "0", "call_num": "0", "recid": "0", "websiteUrl": "0", "title": "0", "ckey": 0, "available": false, "iiifUrl": "0" }, "geometry": { "type": "Polygon", "coordinates": [ [ [ 118.0, 51.6666667 ], [ 118.5, 51.6666667 ], [ 118.5, 52.0 ], [ 118.0, 52.0 ], [ 118.0, 51.6666667 ] ] ] } },
{ "type": "Feature", "properties": { "Id": 0, "Sheet_ID": "ベクレミシェフスコーエ", "label": "ベクレミシェフスコーエ", "call_short": "0", "call_num": "0", "recid": "0", "websiteUrl": "0", "title": "0", "ckey": 0, "available": false, "iiifUrl": "0" }, "geometry": { "type": "Polygon", "coordinates": [ [ [ 112.5, 52.0 ], [ 113.0, 52.0 ], [ 113.0, 52.3333333 ], [ 112.5, 52.3333333 ], [ 112.5, 52.0 ] ] ] } },
{ "type": "Feature", "properties": { "Id": 0, "Sheet_ID": "壹四タ134. チタ西部", "label": "壹四タ134. チタ西部", "call_short": "G7272 .S5 S100 .J3", "call_num": "G7272 .S5 S100 .J3 14TA134", "recid": "yq468gs4697", "websiteUrl": "https://purl.stanford.edu/yq468gs4697", "title": "東「ソ」十万分一圖", "ckey": 12724621, "available": true, "iiifUrl": "https://purl.stanford.edu/yq468gs4697/iiif/manifest" }, "geometry": { "type": "Polygon", "coordinates": [ [ [ 113.0, 52.0 ], [ 113.5, 52.0 ], [ 113.5, 52.3333333 ], [ 113.0, 52.3333333 ], [ 113.0, 52.0 ] ] ] } },
{ "type": "Feature", "properties": { "Id": 0, "Sheet_ID": "壹四タ124. チタ東部", "label": "壹四タ124. チタ東部", "call_short": "G7272 .S5 S100 .J3", "call_num": "G7272 .S5 S100 .J3 14TA124", "recid": "cr994hx8352", "websiteUrl": "https://purl.stanford.edu/cr994hx8352", "title": "東「ソ」十万分一圖", "ckey": 12724621, "available": true, "iiifUrl": "https://purl.stanford.edu/cr994hx8352/iiif/manifest" }, "geometry": { "type": "Polygon", "coordinates": [ [ [ 113.5, 52.0 ], [ 114.0, 52.0 ], [ 114.0, 52.3333333 ], [ 113.5, 52.3333333 ], [ 113.5, 52.0 ] ] ] } },
{ "type": "Feature", "properties": { "Id": 0, "Sheet_ID": "ウォズネセーンスク", "label": "ウォズネセーンスク", "call_short": "0", "call_num": "0", "recid": "0", "websiteUrl": "0", "title": "0", "ckey": 0, "available": false, "iiifUrl": "0" }, "geometry": { "type": "Polygon", "coordinates": [ [ [ 114.0, 52.0 ], [ 114.5, 52.0 ], [ 114.5, 52.3333333 ], [ 114.0, 52.3333333 ], [ 114.0, 52.0 ] ] ] } },
{ "type": "Feature", "properties": { "Id": 0, "Sheet_ID": "ウルプトゥカーン", "label": "ウルプトゥカーン", "call_short": "0", "call_num": "0", "recid": "0", "websiteUrl": "0", "title": "0", "ckey": 0, "available": false, "iiifUrl": "0" }, "geometry": { "type": "Polygon", "coordinates": [ [ [ 114.5, 52.0 ], [ 115.0, 52.0 ], [ 115.0, 52.3333333 ], [ 114.5, 52.3333333 ], [ 114.5, 52.0 ] ] ] } },
{ "type": "Feature", "properties": { "Id": 0, "Sheet_ID": "クチェグルスキー", "label": "クチェグルスキー", "call_short": "0", "call_num": "0", "recid": "0", "websiteUrl": "0", "title": "0", "ckey": 0, "available": false, "iiifUrl": "0" }, "geometry": { "type": "Polygon", "coordinates": [ [ [ 115.0, 52.0 ], [ 115.5, 52.0 ], [ 115.5, 52.3333333 ], [ 115.0, 52.3333333 ], [ 115.0, 52.0 ] ] ] } },
{ "type": "Feature", "properties": { "Id": 0, "Sheet_ID": "ツァガクシーン", "label": "ツァガクシーン", "call_short": "0", "call_num": "0", "recid": "0", "websiteUrl": "0", "title": "0", "ckey": 0, "available": false, "iiifUrl": "0" }, "geometry": { "type": "Polygon", "coordinates": [ [ [ 115.5, 52.0 ], [ 116.0, 52.0 ], [ 116.0, 52.3333333 ], [ 115.5, 52.3333333 ], [ 115.5, 52.0 ] ] ] } },
{ "type": "Feature", "properties": { "Id": 0, "Sheet_ID": "トルギーンスカヤ", "label": "トルギーンスカヤ", "call_short": "0", "call_num": "0", "recid": "0", "websiteUrl": "0", "title": "0", "ckey": 0, "available": false, "iiifUrl": "0" }, "geometry": { "type": "Polygon", "coordinates": [ [ [ 116.0, 52.0 ], [ 116.5, 52.0 ], [ 116.5, 52.3333333 ], [ 116.0, 52.3333333 ], [ 116.0, 52.0 ] ] ] } },
{ "type": "Feature", "properties": { "Id": 0, "Sheet_ID": "壹参タ164. タルスキー", "label": "壹参タ164. タルスキー", "call_short": "G7272 .S5 S100 .J3", "call_num": "G7272 .S5 S100 .J3 13TA164", "recid": "vt268sp8380", "websiteUrl": "https://purl.stanford.edu/vt268sp8380", "title": "東「ソ」十万分一圖", "ckey": 12724621, "available": true, "iiifUrl": "https://purl.stanford.edu/vt268sp8380/iiif/manifest" }, "geometry": { "type": "Polygon", "coordinates": [ [ [ 116.5, 52.0 ], [ 117.0, 52.0 ], [ 117.0, 52.3333333 ], [ 116.5, 52.3333333 ], [ 116.5, 52.0 ] ] ] } },
{ "type": "Feature", "properties": { "Id": 0, "Sheet_ID": "壹参タ154. クエングスカヤ", "label": "壹参タ154. クエングスカヤ", "call_short": "G7272 .S5 S100 .J3", "call_num": "G7272 .S5 S100 .J3 13TA154", "recid": "fw363pd3908", "websiteUrl": "https://purl.stanford.edu/fw363pd3908", "title": "東「ソ」十万分一圖", "ckey": 12724621, "available": true, "iiifUrl": "https://purl.stanford.edu/fw363pd3908/iiif/manifest" }, "geometry": { "type": "Polygon", "coordinates": [ [ [ 117.0, 52.0 ], [ 117.5, 52.0 ], [ 117.5, 52.3333333 ], [ 117.0, 52.3333333 ], [ 117.0, 52.0 ] ] ] } },
{ "type": "Feature", "properties": { "Id": 0, "Sheet_ID": "壹参タ144. スレーテンスク", "label": "壹参タ144. スレーテンスク", "call_short": "G7272 .S5 S100 .J3", "call_num": "G7272 .S5 S100 .J3 13TA144", "recid": "gy747my1722", "websiteUrl": "https://purl.stanford.edu/gy747my1722", "title": "東「ソ」十万分一圖", "ckey": 12724621, "available": true, "iiifUrl": "https://purl.stanford.edu/gy747my1722/iiif/manifest" }, "geometry": { "type": "Polygon", "coordinates": [ [ [ 117.5, 52.0 ], [ 118.0, 52.0 ], [ 118.0, 52.3333333 ], [ 117.5, 52.3333333 ], [ 117.5, 52.0 ] ] ] } },
{ "type": "Feature", "properties": { "Id": 0, "Sheet_ID": "ウクツィチンスキー", "label": "ウクツィチンスキー", "call_short": "0", "call_num": "0", "recid": "0", "websiteUrl": "0", "title": "0", "ckey": 0, "available": false, "iiifUrl": "0" }, "geometry": { "type": "Polygon", "coordinates": [ [ [ 118.0, 52.0 ], [ 118.5, 52.0 ], [ 118.5, 52.3333333 ], [ 118.0, 52.3333333 ], [ 118.0, 52.0 ] ] ] } },
{ "type": "Feature", "properties": { "Id": 0, "Sheet_ID": "ハジウー", "label": "ハジウー", "call_short": "0", "call_num": "0", "recid": "0", "websiteUrl": "0", "title": "0", "ckey": 0, "available": false, "iiifUrl": "0" }, "geometry": { "type": "Polygon", "coordinates": [ [ [ 112.5, 52.3333333 ], [ 113.0, 52.3333333 ], [ 113.0, 52.6666666 ], [ 112.5, 52.6666666 ], [ 112.5, 52.3333333 ] ] ] } },
{ "type": "Feature", "properties": { "Id": 0, "Sheet_ID": "モブサーン", "label": "モブサーン", "call_short": "0", "call_num": "0", "recid": "0", "websiteUrl": "0", "title": "0", "ckey": 0, "available": false, "iiifUrl": "0" }, "geometry": { "type": "Polygon", "coordinates": [ [ [ 113.0, 52.3333333 ], [ 113.5, 52.3333333 ], [ 113.5, 52.6666666 ], [ 113.0, 52.6666666 ], [ 113.0, 52.3333333 ] ] ] } },
{ "type": "Feature", "properties": { "Id": 0, "Sheet_ID": "ブルゲーン", "label": "ブルゲーン", "call_short": "0", "call_num": "0", "recid": "0", "websiteUrl": "0", "title": "0", "ckey": 0, "available": false, "iiifUrl": "0" }, "geometry": { "type": "Polygon", "coordinates": [ [ [ 113.5, 52.3333333 ], [ 114.0, 52.3333333 ], [ 114.0, 52.6666666 ], [ 113.5, 52.6666666 ], [ 113.5, 52.3333333 ] ] ] } },
{ "type": "Feature", "properties": { "Id": 0, "Sheet_ID": "サハルトウーキ", "label": "サハルトウーキ", "call_short": "0", "call_num": "0", "recid": "0", "websiteUrl": "0", "title": "0", "ckey": 0, "available": false, "iiifUrl": "0" }, "geometry": { "type": "Polygon", "coordinates": [ [ [ 114.0, 52.3333333 ], [ 114.5, 52.3333333 ], [ 114.5, 52.6666666 ], [ 114.0, 52.6666666 ], [ 114.0, 52.3333333 ] ] ] } },
{ "type": "Feature", "properties": { "Id": 0, "Sheet_ID": "アリンスク", "label": "アリンスク", "call_short": "0", "call_num": "0", "recid": "0", "websiteUrl": "0", "title": "0", "ckey": 0, "available": false, "iiifUrl": "0" }, "geometry": { "type": "Polygon", "coordinates": [ [ [ 116.0, 52.3333333 ], [ 116.5, 52.3333333 ], [ 116.5, 52.6666666 ], [ 116.0, 52.6666666 ], [ 116.0, 52.3333333 ] ] ] } },
{ "type": "Feature", "properties": { "Id": 0, "Sheet_ID": "壹参タ163. スタールイ．オロフ", "label": "壹参タ163. スタールイ．オロフ", "call_short": "G7272 .S5 S100 .J3", "call_num": "G7272 .S5 S100 .J3 13TA163", "recid": "jg570vw9127", "websiteUrl": "https://purl.stanford.edu/jg570vw9127", "title": "東「ソ」十万分一圖", "ckey": 12724621, "available": true, "iiifUrl": "https://purl.stanford.edu/jg570vw9127/iiif/manifest" }, "geometry": { "type": "Polygon", "coordinates": [ [ [ 116.5, 52.3333333 ], [ 117.0, 52.3333333 ], [ 117.0, 52.6666666 ], [ 116.5, 52.6666666 ], [ 116.5, 52.3333333 ] ] ] } },
{ "type": "Feature", "properties": { "Id": 0, "Sheet_ID": "壹参タ153. カガノウイッチ", "label": "壹参タ153. カガノウイッチ", "call_short": "G7272 .S5 S100 .J3", "call_num": "G7272 .S5 S100 .J3 13TA153", "recid": "md102ys5796", "websiteUrl": "https://purl.stanford.edu/md102ys5796", "title": "東「ソ」十万分一圖", "ckey": 12724621, "available": true, "iiifUrl": "https://purl.stanford.edu/md102ys5796/iiif/manifest" }, "geometry": { "type": "Polygon", "coordinates": [ [ [ 117.0, 52.3333333 ], [ 117.5, 52.3333333 ], [ 117.5, 52.6666666 ], [ 117.0, 52.6666666 ], [ 117.0, 52.3333333 ] ] ] } },
{ "type": "Feature", "properties": { "Id": 0, "Sheet_ID": "ウシェンダー山", "label": "ウシェンダー山", "call_short": "0", "call_num": "0", "recid": "0", "websiteUrl": "0", "title": "0", "ckey": 0, "available": false, "iiifUrl": "0" }, "geometry": { "type": "Polygon", "coordinates": [ [ [ 117.5, 52.3333333 ], [ 118.0, 52.3333333 ], [ 118.0, 52.6666666 ], [ 117.5, 52.6666666 ], [ 117.5, 52.3333333 ] ] ] } },
{ "type": "Feature", "properties": { "Id": 0, "Sheet_ID": "ボリンスキー", "label": "ボリンスキー", "call_short": "0", "call_num": "0", "recid": "0", "websiteUrl": "0", "title": "0", "ckey": 0, "available": false, "iiifUrl": "0" }, "geometry": { "type": "Polygon", "coordinates": [ [ [ 118.0, 52.3333333 ], [ 118.5, 52.3333333 ], [ 118.5, 52.6666666 ], [ 118.0, 52.6666666 ], [ 118.0, 52.3333333 ] ] ] } },
{ "type": "Feature", "properties": { "Id": 0, "Sheet_ID": "壹参タ152. ブシュレイ", "label": "壹参タ152. ブシュレイ", "call_short": "G7272 .S5 S100 .J3", "call_num": "G7272 .S5 S100 .J3 13TA152", "recid": "nn186xv4264", "websiteUrl": "https://purl.stanford.edu/nn186xv4264", "title": "東「ソ」十万分一圖", "ckey": 12724621, "available": true, "iiifUrl": "https://purl.stanford.edu/nn186xv4264/iiif/manifest" }, "geometry": { "type": "Polygon", "coordinates": [ [ [ 117.0, 52.6666666 ], [ 117.5, 52.6666666 ], [ 117.5, 52.9999999 ], [ 117.0, 52.9999999 ], [ 117.0, 52.6666666 ] ] ] } },
{ "type": "Feature", "properties": { "Id": 0, "Sheet_ID": "ウスチカーラ", "label": "ウスチカーラ", "call_short": "0", "call_num": "0", "recid": "0", "websiteUrl": "0", "title": "0", "ckey": 0, "available": false, "iiifUrl": "0" }, "geometry": { "type": "Polygon", "coordinates": [ [ [ 118.5, 52.6666666 ], [ 119.0, 52.6666666 ], [ 119.0, 52.9999999 ], [ 118.5, 52.9999999 ], [ 118.5, 52.6666666 ] ] ] } },
{ "type": "Feature", "properties": { "Id": 0, "Sheet_ID": "ウスチ・チェルナーヤ", "label": "ウスチ・チェルナーヤ", "call_short": "0", "call_num": "0", "recid": "0", "websiteUrl": "0", "title": "0", "ckey": 0, "available": false, "iiifUrl": "0" }, "geometry": { "type": "Polygon", "coordinates": [ [ [ 119.0, 52.6666666 ], [ 119.5, 52.6666666 ], [ 119.5, 52.9999999 ], [ 119.0, 52.9999999 ], [ 119.0, 52.6666666 ] ] ] } },
{ "type": "Feature", "properties": { "Id": 0, "Sheet_ID": "壹参タ151. アクショノウォ．ジローフスコエ西部", "label": "壹参タ151. アクショノウォ．ジローフスコエ西部", "call_short": "G7272 .S5 S100 .J3", "call_num": "G7272 .S5 S100 .J3 13TA151", "recid": "df935qp9485", "websiteUrl": "https://purl.stanford.edu/df935qp9485", "title": "東「ソ」十万分一圖", "ckey": 12724621, "available": true, "iiifUrl": "https://purl.stanford.edu/df935qp9485/iiif/manifest" }, "geometry": { "type": "Polygon", "coordinates": [ [ [ 117.0, 52.9999999 ], [ 117.5, 52.9999999 ], [ 117.5, 53.3333331 ], [ 117.0, 53.3333331 ], [ 117.0, 52.9999999 ] ] ] } },
{ "type": "Feature", "properties": { "Id": 0, "Sheet_ID": "壹参タ141. アクショノウォ．ジローフスコエ", "label": "壹参タ141. アクショノウォ．ジローフスコエ", "call_short": "G7272 .S5 S100 .J3", "call_num": "G7272 .S5 S100 .J3 13TA141", "recid": "ht868qy9413", "websiteUrl": "https://purl.stanford.edu/ht868qy9413", "title": "東「ソ」十万分一圖", "ckey": 12724621, "available": true, "iiifUrl": "https://purl.stanford.edu/ht868qy9413/iiif/manifest" }, "geometry": { "type": "Polygon", "coordinates": [ [ [ 117.5, 52.9999999 ], [ 118.0, 52.9999999 ], [ 118.0, 53.3333331 ], [ 117.5, 53.3333331 ], [ 117.5, 52.9999999 ] ] ] } },
{ "type": "Feature", "properties": { "Id": 0, "Sheet_ID": "壹参タ131. ズベガ", "label": "壹参タ131. ズベガ", "call_short": "G7272 .S5 S100 .J3", "call_num": "G7272 .S5 S100 .J3 13TA131", "recid": "md575cz1084", "websiteUrl": "https://purl.stanford.edu/md575cz1084", "title": "東「ソ」十万分一圖", "ckey": 12724621, "available": true, "iiifUrl": "https://purl.stanford.edu/md575cz1084/iiif/manifest" }, "geometry": { "type": "Polygon", "coordinates": [ [ [ 118.0, 52.9999999 ], [ 118.5, 52.9999999 ], [ 118.5, 53.3333331 ], [ 118.0, 53.3333331 ], [ 118.0, 52.9999999 ] ] ] } },
{ "type": "Feature", "properties": { "Id": 0, "Sheet_ID": "壹参タ121. ズベガ東部", "label": "壹参タ121. ズベガ東部", "call_short": "G7272 .S5 S100 .J3", "call_num": "G7272 .S5 S100 .J3 13TA121", "recid": "yy544by1964", "websiteUrl": "https://purl.stanford.edu/yy544by1964", "title": "東「ソ」十万分一圖", "ckey": 12724621, "available": true, "iiifUrl": "https://purl.stanford.edu/yy544by1964/iiif/manifest" }, "geometry": { "type": "Polygon", "coordinates": [ [ [ 118.5, 52.9999999 ], [ 119.0, 52.9999999 ], [ 119.0, 53.3333331 ], [ 118.5, 53.3333331 ], [ 118.5, 52.9999999 ] ] ] } },
{ "type": "Feature", "properties": { "Id": 0, "Sheet_ID": "ゴルビーツァ", "label": "ゴルビーツァ", "call_short": "0", "call_num": "0", "recid": "0", "websiteUrl": "0", "title": "0", "ckey": 0, "available": false, "iiifUrl": "0" }, "geometry": { "type": "Polygon", "coordinates": [ [ [ 119.0, 52.9999999 ], [ 119.5, 52.9999999 ], [ 119.5, 53.3333331 ], [ 119.0, 53.3333331 ], [ 119.0, 52.9999999 ] ] ] } },
{ "type": "Feature", "properties": { "Id": 0, "Sheet_ID": "カダチュ山", "label": "カダチュ山", "call_short": "0", "call_num": "0", "recid": "0", "websiteUrl": "0", "title": "0", "ckey": 0, "available": false, "iiifUrl": "0" }, "geometry": { "type": "Polygon", "coordinates": [ [ [ 119.5, 52.9999999 ], [ 120.0, 52.9999999 ], [ 120.0, 53.3333331 ], [ 119.5, 53.3333331 ], [ 119.5, 52.9999999 ] ] ] } },
{ "type": "Feature", "properties": { "Id": 0, "Sheet_ID": "ムーチカン", "label": "ムーチカン", "call_short": "0", "call_num": "0", "recid": "0", "websiteUrl": "0", "title": "0", "ckey": 0, "available": false, "iiifUrl": "0" }, "geometry": { "type": "Polygon", "coordinates": [ [ [ 120.0, 52.9999999 ], [ 120.5, 52.9999999 ], [ 120.5, 53.3333331 ], [ 120.0, 53.3333331 ], [ 120.0, 52.9999999 ] ] ] } },
{ "type": "Feature", "properties": { "Id": 0, "Sheet_ID": "クセネーウスカヤ西部", "label": "クセネーウスカヤ西部", "call_short": "0", "call_num": "0", "recid": "0", "websiteUrl": "0", "title": "0", "ckey": 0, "available": false, "iiifUrl": "0" }, "geometry": { "type": "Polygon", "coordinates": [ [ [ 118.0, 53.3333331 ], [ 118.5, 53.3333331 ], [ 118.5, 53.6666664 ], [ 118.0, 53.6666664 ], [ 118.0, 53.3333331 ] ] ] } },
{ "type": "Feature", "properties": { "Id": 0, "Sheet_ID": "クセネーウスカヤ", "label": "クセネーウスカヤ", "call_short": "0", "call_num": "0", "recid": "0", "websiteUrl": "0", "title": "0", "ckey": 0, "available": false, "iiifUrl": "0" }, "geometry": { "type": "Polygon", "coordinates": [ [ [ 118.5, 53.3333331 ], [ 119.0, 53.3333331 ], [ 119.0, 53.6666664 ], [ 118.5, 53.6666664 ], [ 118.5, 53.3333331 ] ] ] } },
{ "type": "Feature", "properties": { "Id": 0, "Sheet_ID": "壹参レ120. クセネーウスカヤ東部", "label": "壹参レ120. クセネーウスカヤ東部", "call_short": "G7272 .S5 S100 .J3", "call_num": "G7272 .S5 S100 .J3 13RE120", "recid": "gp601tv1927", "websiteUrl": "https://purl.stanford.edu/gp601tv1927", "title": "東「ソ」十万分一圖", "ckey": 12724621, "available": true, "iiifUrl": "https://purl.stanford.edu/gp601tv1927/iiif/manifest" }, "geometry": { "type": "Polygon", "coordinates": [ [ [ 119.0, 53.3333331 ], [ 119.5, 53.3333331 ], [ 119.5, 53.6666664 ], [ 119.0, 53.6666664 ], [ 119.0, 53.3333331 ] ] ] } },
{ "type": "Feature", "properties": { "Id": 0, "Sheet_ID": "壹参レ110. ソボリンスカヤ", "label": "壹参レ110. ソボリンスカヤ", "call_short": "G7272 .S5 S100 .J3", "call_num": "G7272 .S5 S100 .J3 13RE110", "recid": "tb685yf6097", "websiteUrl": "https://purl.stanford.edu/tb685yf6097", "title": "東「ソ」十万分一圖", "ckey": 12724621, "available": true, "iiifUrl": "https://purl.stanford.edu/tb685yf6097/iiif/manifest" }, "geometry": { "type": "Polygon", "coordinates": [ [ [ 119.5, 53.3333331 ], [ 120.0, 53.3333331 ], [ 120.0, 53.6666664 ], [ 119.5, 53.6666664 ], [ 119.5, 53.3333331 ] ] ] } },
{ "type": "Feature", "properties": { "Id": 0, "Sheet_ID": "チヤゾウィンカ", "label": "チヤゾウィンカ", "call_short": "0", "call_num": "0", "recid": "0", "websiteUrl": "0", "title": "0", "ckey": 0, "available": false, "iiifUrl": "0" }, "geometry": { "type": "Polygon", "coordinates": [ [ [ 120.0, 53.3333331 ], [ 120.5, 53.3333331 ], [ 120.5, 53.6666664 ], [ 120.0, 53.6666664 ], [ 120.0, 53.3333331 ] ] ] } },
{ "type": "Feature", "properties": { "Id": 0, "Sheet_ID": "クセネーウスカヤ北部", "label": "クセネーウスカヤ北部", "call_short": "0", "call_num": "0", "recid": "0", "websiteUrl": "0", "title": "0", "ckey": 0, "available": false, "iiifUrl": "0" }, "geometry": { "type": "Polygon", "coordinates": [ [ [ 118.5, 53.6666664 ], [ 119.0, 53.6666664 ], [ 119.0, 53.9999997 ], [ 118.5, 53.9999997 ], [ 118.5, 53.6666664 ] ] ] } },
{ "type": "Feature", "properties": { "Id": 0, "Sheet_ID": "壹参レ119. アルテウシカ", "label": "壹参レ119. アルテウシカ", "call_short": "G7272 .S5 S100 .J3", "call_num": "G7272 .S5 S100 .J3 13RE119", "recid": "xq260sb3250", "websiteUrl": "https://purl.stanford.edu/xq260sb3250", "title": "東「ソ」十万分一圖", "ckey": 12724621, "available": true, "iiifUrl": "https://purl.stanford.edu/xq260sb3250/iiif/manifest" }, "geometry": { "type": "Polygon", "coordinates": [ [ [ 119.0, 53.6666664 ], [ 119.5, 53.6666664 ], [ 119.5, 53.9999997 ], [ 119.0, 53.9999997 ], [ 119.0, 53.6666664 ] ] ] } },
{ "type": "Feature", "properties": { "Id": 0, "Sheet_ID": "壹参レ109. モゴーチァ", "label": "壹参レ109. モゴーチァ", "call_short": "G7272 .S5 S100 .J3", "call_num": "G7272 .S5 S100 .J3 13RE109", "recid": "wd722qj1617", "websiteUrl": "https://purl.stanford.edu/wd722qj1617", "title": "東「ソ」十万分一圖", "ckey": 12724621, "available": true, "iiifUrl": "https://purl.stanford.edu/wd722qj1617/iiif/manifest" }, "geometry": { "type": "Polygon", "coordinates": [ [ [ 119.5, 53.6666664 ], [ 120.0, 53.6666664 ], [ 120.0, 53.9999997 ], [ 119.5, 53.9999997 ], [ 119.5, 53.6666664 ] ] ] } },
{ "type": "Feature", "properties": { "Id": 0, "Sheet_ID": "タプトゥガールイ", "label": "タプトゥガールイ", "call_short": "0", "call_num": "0", "recid": "0", "websiteUrl": "0", "title": "0", "ckey": 0, "available": false, "iiifUrl": "0" }, "geometry": { "type": "Polygon", "coordinates": [ [ [ 120.0, 53.6666664 ], [ 120.5, 53.6666664 ], [ 120.5, 53.9999997 ], [ 120.0, 53.9999997 ], [ 120.0, 53.6666664 ] ] ] } },
{ "type": "Feature", "properties": { "Id": 0, "Sheet_ID": "ウェルシーナモゴーチ", "label": "ウェルシーナモゴーチ", "call_short": "0", "call_num": "0", "recid": "0", "websiteUrl": "0", "title": "0", "ckey": 0, "available": false, "iiifUrl": "0" }, "geometry": { "type": "Polygon", "coordinates": [ [ [ 120.0, 53.9999997 ], [ 120.5, 53.9999997 ], [ 120.5, 54.333333 ], [ 120.0, 54.333333 ], [ 120.0, 53.9999997 ] ] ] } },
{ "type": "Feature", "properties": { "Id": 0, "Sheet_ID": "大五家子", "label": "大五家子", "call_short": "0", "call_num": "0", "recid": "0", "websiteUrl": "0", "title": "0", "ckey": 0, "available": false, "iiifUrl": "0" }, "geometry": { "type": "Polygon", "coordinates": [ [ [ 127.5, 49.666667 ], [ 128.0, 49.666667 ], [ 128.0, 50.0000003 ], [ 127.5, 50.0000003 ], [ 127.5, 49.666667 ] ] ] } },
{ "type": "Feature", "properties": { "Id": 0, "Sheet_ID": "ヴェルフネ・ポルタフカ", "label": "ヴェルフネ・ポルタフカ", "call_short": "0", "call_num": "0", "recid": "0", "websiteUrl": "0", "title": "0", "ckey": 0, "available": false, "iiifUrl": "0" }, "geometry": { "type": "Polygon", "coordinates": [ [ [ 128.0, 49.666667 ], [ 128.5, 49.666667 ], [ 128.5, 50.0000003 ], [ 128.0, 50.0000003 ], [ 128.0, 49.666667 ] ] ] } },
{ "type": "Feature", "properties": { "Id": 0, "Sheet_ID": "ミハイロフカ", "label": "ミハイロフカ", "call_short": "0", "call_num": "0", "recid": "0", "websiteUrl": "0", "title": "0", "ckey": 0, "available": false, "iiifUrl": "0" }, "geometry": { "type": "Polygon", "coordinates": [ [ [ 128.5, 49.666667 ], [ 129.0, 49.666667 ], [ 129.0, 50.0000003 ], [ 128.5, 50.0000003 ], [ 128.5, 49.666667 ] ] ] } },
{ "type": "Feature", "properties": { "Id": 0, "Sheet_ID": "黒河", "label": "黒河", "call_short": "0", "call_num": "0", "recid": "0", "websiteUrl": "0", "title": "0", "ckey": 0, "available": false, "iiifUrl": "0" }, "geometry": { "type": "Polygon", "coordinates": [ [ [ 127.0, 50.0000003 ], [ 127.5, 50.0000003 ], [ 127.5, 50.3333337 ], [ 127.0, 50.3333337 ], [ 127.0, 50.0000003 ] ] ] } },
{ "type": "Feature", "properties": { "Id": 0, "Sheet_ID": "ブラゴヴェツチェンスク", "label": "ブラゴヴェツチェンスク", "call_short": "0", "call_num": "0", "recid": "0", "websiteUrl": "0", "title": "0", "ckey": 0, "available": false, "iiifUrl": "0" }, "geometry": { "type": "Polygon", "coordinates": [ [ [ 127.5, 50.0000003 ], [ 128.0, 50.0000003 ], [ 128.0, 50.3333337 ], [ 127.5, 50.3333337 ], [ 127.5, 50.0000003 ] ] ] } },
{ "type": "Feature", "properties": { "Id": 0, "Sheet_ID": "壹壹タ140. タムボフカ", "label": "壹壹タ140. タムボフカ", "call_short": "G7272 .S5 S100 .J3", "call_num": "G7272 .S5 S100 .J3 11TA140", "recid": "fv787nw5325", "websiteUrl": "https://purl.stanford.edu/fv787nw5325", "title": "東「ソ」十万分一圖", "ckey": 12724621, "available": true, "iiifUrl": "https://purl.stanford.edu/fv787nw5325/iiif/manifest" }, "geometry": { "type": "Polygon", "coordinates": [ [ [ 128.0, 50.0000003 ], [ 128.5, 50.0000003 ], [ 128.5, 50.3333337 ], [ 128.0, 50.3333337 ], [ 128.0, 50.0000003 ] ] ] } },
{ "type": "Feature", "properties": { "Id": 0, "Sheet_ID": "ペスチァノオゼルスコエ", "label": "ペスチァノオゼルスコエ", "call_short": "0", "call_num": "0", "recid": "0", "websiteUrl": "0", "title": "0", "ckey": 0, "available": false, "iiifUrl": "0" }, "geometry": { "type": "Polygon", "coordinates": [ [ [ 128.5, 50.0000003 ], [ 129.0, 50.0000003 ], [ 129.0, 50.3333337 ], [ 128.5, 50.3333337 ], [ 128.5, 50.0000003 ] ] ] } },
{ "type": "Feature", "properties": { "Id": 0, "Sheet_ID": "張家地營子", "label": "張家地營子", "call_short": "0", "call_num": "0", "recid": "0", "websiteUrl": "0", "title": "0", "ckey": 0, "available": false, "iiifUrl": "0" }, "geometry": { "type": "Polygon", "coordinates": [ [ [ 127.0, 50.3333337 ], [ 127.5, 50.3333337 ], [ 127.5, 50.666667 ], [ 127.0, 50.666667 ], [ 127.0, 50.3333337 ] ] ] } },
{ "type": "Feature", "properties": { "Id": 0, "Sheet_ID": "壹壹タ149. チェレムホーフスコエ", "label": "壹壹タ149. チェレムホーフスコエ", "call_short": "G7272 .S5 S100 .J3", "call_num": "G7272 .S5 S100 .J3 11TA149", "recid": "cz826wp6741", "websiteUrl": "https://purl.stanford.edu/cz826wp6741", "title": "東「ソ」十万分一圖", "ckey": 12724621, "available": true, "iiifUrl": "https://purl.stanford.edu/cz826wp6741/iiif/manifest" }, "geometry": { "type": "Polygon", "coordinates": [ [ [ 127.5, 50.3333337 ], [ 128.0, 50.3333337 ], [ 128.0, 50.666667 ], [ 127.5, 50.666667 ], [ 127.5, 50.3333337 ] ] ] } },
{ "type": "Feature", "properties": { "Id": 0, "Sheet_ID": "壹壹タ139. イワノフカ", "label": "壹壹タ139. イワノフカ", "call_short": "G7272 .S5 S100 .J3", "call_num": "G7272 .S5 S100 .J3 11TA139", "recid": "zt340kd6120", "websiteUrl": "https://purl.stanford.edu/zt340kd6120", "title": "東「ソ」十万分一圖", "ckey": 12724621, "available": true, "iiifUrl": "https://purl.stanford.edu/zt340kd6120/iiif/manifest" }, "geometry": { "type": "Polygon", "coordinates": [ [ [ 128.0, 50.3333337 ], [ 128.5, 50.3333337 ], [ 128.5, 50.666667 ], [ 128.0, 50.666667 ], [ 128.0, 50.3333337 ] ] ] } },
{ "type": "Feature", "properties": { "Id": 0, "Sheet_ID": "ポズデエフカ", "label": "ポズデエフカ", "call_short": "0", "call_num": "0", "recid": "0", "websiteUrl": "0", "title": "0", "ckey": 0, "available": false, "iiifUrl": "0" }, "geometry": { "type": "Polygon", "coordinates": [ [ [ 128.5, 50.3333337 ], [ 129.0, 50.3333337 ], [ 129.0, 50.666667 ], [ 128.5, 50.666667 ], [ 128.5, 50.3333337 ] ] ] } },
{ "type": "Feature", "properties": { "Id": 0, "Sheet_ID": "裕邉金廠", "label": "裕邉金廠", "call_short": "0", "call_num": "0", "recid": "0", "websiteUrl": "0", "title": "0", "ckey": 0, "available": false, "iiifUrl": "0" }, "geometry": { "type": "Polygon", "coordinates": [ [ [ 126.5, 50.666667 ], [ 127.0, 50.666667 ], [ 127.0, 51.0000003 ], [ 126.5, 51.0000003 ], [ 126.5, 50.666667 ] ] ] } },
{ "type": "Feature", "properties": { "Id": 0, "Sheet_ID": "白石磖子", "label": "白石磖子", "call_short": "0", "call_num": "0", "recid": "0", "websiteUrl": "0", "title": "0", "ckey": 0, "available": false, "iiifUrl": "0" }, "geometry": { "type": "Polygon", "coordinates": [ [ [ 127.0, 50.666667 ], [ 127.5, 50.666667 ], [ 127.5, 51.0000003 ], [ 127.0, 51.0000003 ], [ 127.0, 50.666667 ] ] ] } },
{ "type": "Feature", "properties": { "Id": 0, "Sheet_ID": "アンドレーエフカ", "label": "アンドレーエフカ", "call_short": "0", "call_num": "0", "recid": "0", "websiteUrl": "0", "title": "0", "ckey": 0, "available": false, "iiifUrl": "0" }, "geometry": { "type": "Polygon", "coordinates": [ [ [ 127.5, 50.666667 ], [ 128.0, 50.666667 ], [ 128.0, 51.0000003 ], [ 127.5, 51.0000003 ], [ 127.5, 50.666667 ] ] ] } },
{ "type": "Feature", "properties": { "Id": 0, "Sheet_ID": "壹壹タ138. クイブィシェフカ．ヴォストチナヤ", "label": "壹壹タ138. クイブィシェフカ．ヴォストチナヤ", "call_short": "G7272 .S5 S100 .J3", "call_num": "G7272 .S5 S100 .J3 11TA138", "recid": "qr078kp5000", "websiteUrl": "https://purl.stanford.edu/qr078kp5000", "title": "東「ソ」十万分一圖", "ckey": 12724621, "available": true, "iiifUrl": "https://purl.stanford.edu/qr078kp5000/iiif/manifest" }, "geometry": { "type": "Polygon", "coordinates": [ [ [ 128.0, 50.666667 ], [ 128.5, 50.666667 ], [ 128.5, 51.0000003 ], [ 128.0, 51.0000003 ], [ 128.0, 50.666667 ] ] ] } },
{ "type": "Feature", "properties": { "Id": 0, "Sheet_ID": "オジャエフカ", "label": "オジャエフカ", "call_short": "0", "call_num": "0", "recid": "0", "websiteUrl": "0", "title": "0", "ckey": 0, "available": false, "iiifUrl": "0" }, "geometry": { "type": "Polygon", "coordinates": [ [ [ 128.5, 50.666667 ], [ 129.0, 50.666667 ], [ 129.0, 51.0000003 ], [ 128.5, 51.0000003 ], [ 128.5, 50.666667 ] ] ] } },
{ "type": "Feature", "properties": { "Id": 0, "Sheet_ID": "三道卡", "label": "三道卡", "call_short": "0", "call_num": "0", "recid": "0", "websiteUrl": "0", "title": "0", "ckey": 0, "available": false, "iiifUrl": "0" }, "geometry": { "type": "Polygon", "coordinates": [ [ [ 126.5, 51.0000003 ], [ 127.0, 51.0000003 ], [ 127.0, 51.3333337 ], [ 126.5, 51.3333337 ], [ 126.5, 51.0000003 ] ] ] } },
{ "type": "Feature", "properties": { "Id": 0, "Sheet_ID": "壹壹タ157. ザゴルナーヤ．セリーヂバ", "label": "壹壹タ157. ザゴルナーヤ．セリーヂバ", "call_short": "G7272 .S5 S100 .J3", "call_num": "G7272 .S5 S100 .J3 11TA157", "recid": "zx856jh0562", "websiteUrl": "https://purl.stanford.edu/zx856jh0562", "title": "東「ソ」十万分一圖", "ckey": 12724621, "available": true, "iiifUrl": "https://purl.stanford.edu/zx856jh0562/iiif/manifest" }, "geometry": { "type": "Polygon", "coordinates": [ [ [ 127.0, 51.0000003 ], [ 127.5, 51.0000003 ], [ 127.5, 51.3333337 ], [ 127.0, 51.3333337 ], [ 127.0, 51.0000003 ] ] ] } },
{ "type": "Feature", "properties": { "Id": 0, "Sheet_ID": "壹壹タ147. ストレーテンカ", "label": "壹壹タ147. ストレーテンカ", "call_short": "G7272 .S5 S100 .J3", "call_num": "G7272 .S5 S100 .J3 11TA147", "recid": "ky530ks9123", "websiteUrl": "https://purl.stanford.edu/ky530ks9123", "title": "東「ソ」十万分一圖", "ckey": 12724621, "available": true, "iiifUrl": "https://purl.stanford.edu/ky530ks9123/iiif/manifest" }, "geometry": { "type": "Polygon", "coordinates": [ [ [ 127.5, 51.0000003 ], [ 128.0, 51.0000003 ], [ 128.0, 51.3333337 ], [ 127.5, 51.3333337 ], [ 127.5, 51.0000003 ] ] ] } },
{ "type": "Feature", "properties": { "Id": 0, "Sheet_ID": "壹壹タ137. ベロノゴヴォ", "label": "壹壹タ137. ベロノゴヴォ", "call_short": "G7272 .S5 S100 .J3", "call_num": "G7272 .S5 S100 .J3 11TA137", "recid": "zs475fy4960", "websiteUrl": "https://purl.stanford.edu/zs475fy4960", "title": "東「ソ」十万分一圖", "ckey": 12724621, "available": true, "iiifUrl": "https://purl.stanford.edu/zs475fy4960/iiif/manifest" }, "geometry": { "type": "Polygon", "coordinates": [ [ [ 128.0, 51.0000003 ], [ 128.5, 51.0000003 ], [ 128.5, 51.3333337 ], [ 128.0, 51.3333337 ], [ 128.0, 51.0000003 ] ] ] } },
{ "type": "Feature", "properties": { "Id": 0, "Sheet_ID": "ウェルナヤ", "label": "ウェルナヤ", "call_short": "0", "call_num": "0", "recid": "0", "websiteUrl": "0", "title": "0", "ckey": 0, "available": false, "iiifUrl": "0" }, "geometry": { "type": "Polygon", "coordinates": [ [ [ 128.5, 51.0000003 ], [ 129.0, 51.0000003 ], [ 129.0, 51.3333337 ], [ 128.5, 51.3333337 ], [ 128.5, 51.0000003 ] ] ] } },
{ "type": "Feature", "properties": { "Id": 0, "Sheet_ID": "ソコロフカ", "label": "ソコロフカ", "call_short": "0", "call_num": "0", "recid": "0", "websiteUrl": "0", "title": "0", "ckey": 0, "available": false, "iiifUrl": "0" }, "geometry": { "type": "Polygon", "coordinates": [ [ [ 129.0, 51.0000003 ], [ 129.5, 51.0000003 ], [ 129.5, 51.3333337 ], [ 129.0, 51.3333337 ], [ 129.0, 51.0000003 ] ] ] } },
{ "type": "Feature", "properties": { "Id": 0, "Sheet_ID": "庫瑪爾", "label": "庫瑪爾", "call_short": "0", "call_num": "0", "recid": "0", "websiteUrl": "0", "title": "0", "ckey": 0, "available": false, "iiifUrl": "0" }, "geometry": { "type": "Polygon", "coordinates": [ [ [ 126.5, 51.3333337 ], [ 127.0, 51.3333337 ], [ 127.0, 51.666667 ], [ 126.5, 51.666667 ], [ 126.5, 51.3333337 ] ] ] } },
{ "type": "Feature", "properties": { "Id": 0, "Sheet_ID": "壹壹タ156. タラリー", "label": "壹壹タ156. タラリー", "call_short": "G7272 .S5 S100 .J3", "call_num": "G7272 .S5 S100 .J3 11TA156", "recid": "bc178db4919", "websiteUrl": "https://purl.stanford.edu/bc178db4919", "title": "東「ソ」十万分一圖", "ckey": 12724621, "available": true, "iiifUrl": "https://purl.stanford.edu/bc178db4919/iiif/manifest" }, "geometry": { "type": "Polygon", "coordinates": [ [ [ 127.0, 51.3333337 ], [ 127.5, 51.3333337 ], [ 127.5, 51.666667 ], [ 127.0, 51.666667 ], [ 127.0, 51.3333337 ] ] ] } },
{ "type": "Feature", "properties": { "Id": 0, "Sheet_ID": "壹壹タ146. セレブリャンカ", "label": "壹壹タ146. セレブリャンカ", "call_short": "G7272 .S5 S100 .J3", "call_num": "G7272 .S5 S100 .J3 11TA146", "recid": "jh459bs5612", "websiteUrl": "https://purl.stanford.edu/jh459bs5612", "title": "東「ソ」十万分一圖", "ckey": 12724621, "available": true, "iiifUrl": "https://purl.stanford.edu/jh459bs5612/iiif/manifest" }, "geometry": { "type": "Polygon", "coordinates": [ [ [ 127.5, 51.3333337 ], [ 128.0, 51.3333337 ], [ 128.0, 51.666667 ], [ 127.5, 51.666667 ], [ 127.5, 51.3333337 ] ] ] } },
{ "type": "Feature", "properties": { "Id": 0, "Sheet_ID": "壹壹タ136. スヴォボドヌイ", "label": "壹壹タ136. スヴォボドヌイ", "call_short": "G7272 .S5 S100 .J3", "call_num": "G7272 .S5 S100 .J3 11TA136", "recid": "kn327nq3874", "websiteUrl": "https://purl.stanford.edu/kn327nq3874", "title": "東「ソ」十万分一圖", "ckey": 12724621, "available": true, "iiifUrl": "https://purl.stanford.edu/kn327nq3874/iiif/manifest" }, "geometry": { "type": "Polygon", "coordinates": [ [ [ 128.0, 51.3333337 ], [ 128.5, 51.3333337 ], [ 128.5, 51.666667 ], [ 128.0, 51.666667 ], [ 128.0, 51.3333337 ] ] ] } },
{ "type": "Feature", "properties": { "Id": 0, "Sheet_ID": "壹壹タ126. マザノーヴォ", "label": "壹壹タ126. マザノーヴォ", "call_short": "G7272 .S5 S100 .J3", "call_num": "G7272 .S5 S100 .J3 11TA126", "recid": "qj604vv9811", "websiteUrl": "https://purl.stanford.edu/qj604vv9811", "title": "東「ソ」十万分一圖", "ckey": 12724621, "available": true, "iiifUrl": "https://purl.stanford.edu/qj604vv9811/iiif/manifest" }, "geometry": { "type": "Polygon", "coordinates": [ [ [ 128.5, 51.3333337 ], [ 129.0, 51.3333337 ], [ 129.0, 51.666667 ], [ 128.5, 51.666667 ], [ 128.5, 51.3333337 ] ] ] } },
{ "type": "Feature", "properties": { "Id": 0, "Sheet_ID": "ラマンカウーツィ", "label": "ラマンカウーツィ", "call_short": "0", "call_num": "0", "recid": "0", "websiteUrl": "0", "title": "0", "ckey": 0, "available": false, "iiifUrl": "0" }, "geometry": { "type": "Polygon", "coordinates": [ [ [ 129.0, 51.3333337 ], [ 129.5, 51.3333337 ], [ 129.5, 51.666667 ], [ 129.0, 51.666667 ], [ 129.0, 51.3333337 ] ] ] } },
{ "type": "Feature", "properties": { "Id": 0, "Sheet_ID": "呼瑪", "label": "呼瑪", "call_short": "0", "call_num": "0", "recid": "0", "websiteUrl": "0", "title": "0", "ckey": 0, "available": false, "iiifUrl": "0" }, "geometry": { "type": "Polygon", "coordinates": [ [ [ 126.5, 51.666667 ], [ 127.0, 51.666667 ], [ 127.0, 52.0000003 ], [ 126.5, 52.0000003 ], [ 126.5, 51.666667 ] ] ] } },
{ "type": "Feature", "properties": { "Id": 0, "Sheet_ID": "壹壹タ155. ノーヴェパショヴロク", "label": "壹壹タ155. ノーヴェパショヴロク", "call_short": "G7272 .S5 S100 .J3", "call_num": "G7272 .S5 S100 .J3 11TA155", "recid": "np602pr1138", "websiteUrl": "https://purl.stanford.edu/np602pr1138", "title": "東「ソ」十万分一圖", "ckey": 12724621, "available": true, "iiifUrl": "https://purl.stanford.edu/np602pr1138/iiif/manifest" }, "geometry": { "type": "Polygon", "coordinates": [ [ [ 127.0, 51.666667 ], [ 127.5, 51.666667 ], [ 127.5, 52.0000003 ], [ 127.0, 52.0000003 ], [ 127.0, 51.666667 ] ] ] } },
{ "type": "Feature", "properties": { "Id": 0, "Sheet_ID": "セレクタン", "label": "セレクタン", "call_short": "0", "call_num": "0", "recid": "0", "websiteUrl": "0", "title": "0", "ckey": 0, "available": false, "iiifUrl": "0" }, "geometry": { "type": "Polygon", "coordinates": [ [ [ 127.5, 51.666667 ], [ 128.0, 51.666667 ], [ 128.0, 52.0000003 ], [ 127.5, 52.0000003 ], [ 127.5, 51.666667 ] ] ] } },
{ "type": "Feature", "properties": { "Id": 0, "Sheet_ID": "レヂャナーヤ", "label": "レヂャナーヤ", "call_short": "0", "call_num": "0", "recid": "0", "websiteUrl": "0", "title": "0", "ckey": 0, "available": false, "iiifUrl": "0" }, "geometry": { "type": "Polygon", "coordinates": [ [ [ 128.0, 51.666667 ], [ 128.5, 51.666667 ], [ 128.5, 52.0000003 ], [ 128.0, 52.0000003 ], [ 128.0, 51.666667 ] ] ] } },
{ "type": "Feature", "properties": { "Id": 0, "Sheet_ID": "ソハチーノ", "label": "ソハチーノ", "call_short": "0", "call_num": "0", "recid": "0", "websiteUrl": "0", "title": "0", "ckey": 0, "available": false, "iiifUrl": "0" }, "geometry": { "type": "Polygon", "coordinates": [ [ [ 128.5, 51.666667 ], [ 129.0, 51.666667 ], [ 129.0, 52.0000003 ], [ 128.5, 52.0000003 ], [ 128.5, 51.666667 ] ] ] } },
{ "type": "Feature", "properties": { "Id": 0, "Sheet_ID": "ボゴスロフカ", "label": "ボゴスロフカ", "call_short": "0", "call_num": "0", "recid": "0", "websiteUrl": "0", "title": "0", "ckey": 0, "available": false, "iiifUrl": "0" }, "geometry": { "type": "Polygon", "coordinates": [ [ [ 129.0, 51.666667 ], [ 129.5, 51.666667 ], [ 129.5, 52.0000003 ], [ 129.0, 52.0000003 ], [ 129.0, 51.666667 ] ] ] } },
{ "type": "Feature", "properties": { "Id": 0, "Sheet_ID": "新街基", "label": "新街基", "call_short": "0", "call_num": "0", "recid": "0", "websiteUrl": "0", "title": "0", "ckey": 0, "available": false, "iiifUrl": "0" }, "geometry": { "type": "Polygon", "coordinates": [ [ [ 126.5, 52.0000003 ], [ 127.0, 52.0000003 ], [ 127.0, 52.3333337 ], [ 126.5, 52.3333337 ], [ 126.5, 52.0000003 ] ] ] } },
{ "type": "Feature", "properties": { "Id": 0, "Sheet_ID": "ウリミン", "label": "ウリミン", "call_short": "0", "call_num": "0", "recid": "0", "websiteUrl": "0", "title": "0", "ckey": 0, "available": false, "iiifUrl": "0" }, "geometry": { "type": "Polygon", "coordinates": [ [ [ 127.0, 52.0000003 ], [ 127.5, 52.0000003 ], [ 127.5, 52.3333337 ], [ 127.0, 52.3333337 ], [ 127.0, 52.0000003 ] ] ] } },
{ "type": "Feature", "properties": { "Id": 0, "Sheet_ID": "壹壹タ144. シマノフスカヤ", "label": "壹壹タ144. シマノフスカヤ", "call_short": "G7272 .S5 S100 .J3", "call_num": "G7272 .S5 S100 .J3 11TA144", "recid": "pz867hv5754", "websiteUrl": "https://purl.stanford.edu/pz867hv5754", "title": "東「ソ」十万分一圖", "ckey": 12724621, "available": true, "iiifUrl": "https://purl.stanford.edu/pz867hv5754/iiif/manifest" }, "geometry": { "type": "Polygon", "coordinates": [ [ [ 127.5, 52.0000003 ], [ 128.0, 52.0000003 ], [ 128.0, 52.3333337 ], [ 127.5, 52.3333337 ], [ 127.5, 52.0000003 ] ] ] } },
{ "type": "Feature", "properties": { "Id": 0, "Sheet_ID": "ツクヤン", "label": "ツクヤン", "call_short": "0", "call_num": "0", "recid": "0", "websiteUrl": "0", "title": "0", "ckey": 0, "available": false, "iiifUrl": "0" }, "geometry": { "type": "Polygon", "coordinates": [ [ [ 128.0, 52.0000003 ], [ 128.5, 52.0000003 ], [ 128.5, 52.3333337 ], [ 128.0, 52.3333337 ], [ 128.0, 52.0000003 ] ] ] } },
{ "type": "Feature", "properties": { "Id": 0, "Sheet_ID": "三號", "label": "三號", "call_short": "0", "call_num": "0", "recid": "0", "websiteUrl": "0", "title": "0", "ckey": 0, "available": false, "iiifUrl": "0" }, "geometry": { "type": "Polygon", "coordinates": [ [ [ 127.0, 52.3333337 ], [ 127.5, 52.3333337 ], [ 127.5, 52.666667 ], [ 127.0, 52.666667 ], [ 127.0, 52.3333337 ] ] ] } },
{ "type": "Feature", "properties": { "Id": 0, "Sheet_ID": "ガラニーシナ", "label": "ガラニーシナ", "call_short": "0", "call_num": "0", "recid": "0", "websiteUrl": "0", "title": "0", "ckey": 0, "available": false, "iiifUrl": "0" }, "geometry": { "type": "Polygon", "coordinates": [ [ [ 127.5, 52.3333337 ], [ 128.0, 52.3333337 ], [ 128.0, 52.666667 ], [ 127.5, 52.666667 ], [ 127.5, 52.3333337 ] ] ] } },
{ "type": "Feature", "properties": { "Id": 0, "Sheet_ID": "クフテーリン", "label": "クフテーリン", "call_short": "0", "call_num": "0", "recid": "0", "websiteUrl": "0", "title": "0", "ckey": 0, "available": false, "iiifUrl": "0" }, "geometry": { "type": "Polygon", "coordinates": [ [ [ 128.0, 52.3333337 ], [ 128.5, 52.3333337 ], [ 128.5, 52.666667 ], [ 128.0, 52.666667 ], [ 128.0, 52.3333337 ] ] ] } },
{ "type": "Feature", "properties": { "Id": 0, "Sheet_ID": "ベイトノーウォ", "label": "ベイトノーウォ", "call_short": "0", "call_num": "0", "recid": "0", "websiteUrl": "0", "title": "0", "ckey": 0, "available": false, "iiifUrl": "0" }, "geometry": { "type": "Polygon", "coordinates": [ [ [ 124.0, 53.0 ], [ 124.5, 53.0 ], [ 124.5, 53.3333333 ], [ 124.0, 53.3333333 ], [ 124.0, 53.0 ] ] ] } },
{ "type": "Feature", "properties": { "Id": 0, "Sheet_ID": "開庫康", "label": "開庫康", "call_short": "0", "call_num": "0", "recid": "0", "websiteUrl": "0", "title": "0", "ckey": 0, "available": false, "iiifUrl": "0" }, "geometry": { "type": "Polygon", "coordinates": [ [ [ 124.5, 53.0 ], [ 125.0, 53.0 ], [ 125.0, 53.3333333 ], [ 124.5, 53.3333333 ], [ 124.5, 53.0 ] ] ] } },
{ "type": "Feature", "properties": { "Id": 0, "Sheet_ID": "ヂャーリンダ", "label": "ヂャーリンダ", "call_short": "0", "call_num": "0", "recid": "0", "websiteUrl": "0", "title": "0", "ckey": 0, "available": false, "iiifUrl": "0" }, "geometry": { "type": "Polygon", "coordinates": [ [ [ 123.5, 53.3333333 ], [ 124.0, 53.3333333 ], [ 124.0, 53.6666665 ], [ 123.5, 53.6666665 ], [ 123.5, 53.3333333 ] ] ] } },
{ "type": "Feature", "properties": { "Id": 0, "Sheet_ID": "アルバズィン", "label": "アルバズィン", "call_short": "0", "call_num": "0", "recid": "0", "websiteUrl": "0", "title": "0", "ckey": 0, "available": false, "iiifUrl": "0" }, "geometry": { "type": "Polygon", "coordinates": [ [ [ 124.0, 53.3333333 ], [ 124.5, 53.3333333 ], [ 124.5, 53.6666665 ], [ 124.0, 53.6666665 ], [ 124.0, 53.3333333 ] ] ] } },
{ "type": "Feature", "properties": { "Id": 0, "Sheet_ID": "壹貳レ110. エリニーチヌイ泉", "label": "壹貳レ110. エリニーチヌイ泉", "call_short": "G7272 .S5 S100 .J3", "call_num": "G7272 .S5 S100 .J3 12RE110", "recid": "rq877rj9099", "websiteUrl": "https://purl.stanford.edu/rq877rj9099", "title": "東「ソ」十万分一圖", "ckey": 12724621, "available": true, "iiifUrl": "https://purl.stanford.edu/rq877rj9099/iiif/manifest" }, "geometry": { "type": "Polygon", "coordinates": [ [ [ 124.5, 53.3333333 ], [ 125.0, 53.3333333 ], [ 125.0, 53.6666665 ], [ 124.5, 53.6666665 ], [ 124.5, 53.3333333 ] ] ] } },
{ "type": "Feature", "properties": { "Id": 0, "Sheet_ID": "ルフロウォ", "label": "ルフロウォ", "call_short": "0", "call_num": "0", "recid": "0", "websiteUrl": "0", "title": "0", "ckey": 0, "available": false, "iiifUrl": "0" }, "geometry": { "type": "Polygon", "coordinates": [ [ [ 123.5, 53.6666665 ], [ 124.0, 53.6666665 ], [ 124.0, 53.9999998 ], [ 123.5, 53.9999998 ], [ 123.5, 53.6666665 ] ] ] } },
{ "type": "Feature", "properties": { "Id": 0, "Sheet_ID": "壹貳レ119. ネヴェール", "label": "壹貳レ119. ネヴェール", "call_short": "G7272 .S5 S100 .J3", "call_num": "G7272 .S5 S100 .J3 12RE119", "recid": "wh418hz4045", "websiteUrl": "https://purl.stanford.edu/wh418hz4045", "title": "東「ソ」十万分一圖", "ckey": 12724621, "available": true, "iiifUrl": "https://purl.stanford.edu/wh418hz4045/iiif/manifest" }, "geometry": { "type": "Polygon", "coordinates": [ [ [ 124.0, 53.6666665 ], [ 124.5, 53.6666665 ], [ 124.5, 53.9999998 ], [ 124.0, 53.9999998 ], [ 124.0, 53.6666665 ] ] ] } },
{ "type": "Feature", "properties": { "Id": 0, "Sheet_ID": "壹貳レ109. タルダン", "label": "壹貳レ109. タルダン", "call_short": "G7272 .S5 S100 .J3", "call_num": "G7272 .S5 S100 .J3 12RE109", "recid": "rk912hv6088", "websiteUrl": "https://purl.stanford.edu/rk912hv6088", "title": "東「ソ」十万分一圖", "ckey": 12724621, "available": true, "iiifUrl": "https://purl.stanford.edu/rk912hv6088/iiif/manifest" }, "geometry": { "type": "Polygon", "coordinates": [ [ [ 124.5, 53.6666665 ], [ 125.0, 53.6666665 ], [ 125.0, 53.9999998 ], [ 124.5, 53.9999998 ], [ 124.5, 53.6666665 ] ] ] } },
{ "type": "Feature", "properties": { "Id": 0, "Sheet_ID": "オリドーイ驛", "label": "オリドーイ驛", "call_short": "0", "call_num": "0", "recid": "0", "websiteUrl": "0", "title": "0", "ckey": 0, "available": false, "iiifUrl": "0" }, "geometry": { "type": "Polygon", "coordinates": [ [ [ 123.5, 53.9999998 ], [ 124.0, 53.9999998 ], [ 124.0, 54.333333 ], [ 123.5, 54.333333 ], [ 123.5, 53.9999998 ] ] ] } },
{ "type": "Feature", "properties": { "Id": 0, "Sheet_ID": "サラビヨフスキイ", "label": "サラビヨフスキイ", "call_short": "0", "call_num": "0", "recid": "0", "websiteUrl": "0", "title": "0", "ckey": 0, "available": false, "iiifUrl": "0" }, "geometry": { "type": "Polygon", "coordinates": [ [ [ 124.0, 53.9999998 ], [ 124.5, 53.9999998 ], [ 124.5, 54.333333 ], [ 124.0, 54.333333 ], [ 124.0, 53.9999998 ] ] ] } },
{ "type": "Feature", "properties": { "Id": 0, "Sheet_ID": "ウルカン", "label": "ウルカン", "call_short": "0", "call_num": "0", "recid": "0", "websiteUrl": "0", "title": "0", "ckey": 0, "available": false, "iiifUrl": "0" }, "geometry": { "type": "Polygon", "coordinates": [ [ [ 124.5, 53.9999998 ], [ 125.0, 53.9999998 ], [ 125.0, 54.333333 ], [ 124.5, 54.333333 ], [ 124.5, 53.9999998 ] ] ] } },
{ "type": "Feature", "properties": { "Id": 0, "Sheet_ID": "富拉罕", "label": "富拉罕", "call_short": "0", "call_num": "0", "recid": "0", "websiteUrl": "0", "title": "0", "ckey": 0, "available": false, "iiifUrl": "0" }, "geometry": { "type": "Polygon", "coordinates": [ [ [ 125.5, 52.666667 ], [ 126.0, 52.666667 ], [ 126.0, 53.0000002 ], [ 125.5, 53.0000002 ], [ 125.5, 52.666667 ] ] ] } },
{ "type": "Feature", "properties": { "Id": 0, "Sheet_ID": "鴎浦", "label": "鴎浦", "call_short": "0", "call_num": "0", "recid": "0", "websiteUrl": "0", "title": "0", "ckey": 0, "available": false, "iiifUrl": "0" }, "geometry": { "type": "Polygon", "coordinates": [ [ [ 126.0, 52.666667 ], [ 126.5, 52.666667 ], [ 126.5, 53.0000002 ], [ 126.0, 53.0000002 ], [ 126.0, 52.666667 ] ] ] } },
{ "type": "Feature", "properties": { "Id": 0, "Sheet_ID": "ワシュムン", "label": "ワシュムン", "call_short": "0", "call_num": "0", "recid": "0", "websiteUrl": "0", "title": "0", "ckey": 0, "available": false, "iiifUrl": "0" }, "geometry": { "type": "Polygon", "coordinates": [ [ [ 126.5, 52.666667 ], [ 127.0, 52.666667 ], [ 127.0, 53.0000002 ], [ 126.5, 53.0000002 ], [ 126.5, 52.666667 ] ] ] } },
{ "type": "Feature", "properties": { "Id": 0, "Sheet_ID": "靖安站", "label": "靖安站", "call_short": "0", "call_num": "0", "recid": "0", "websiteUrl": "0", "title": "0", "ckey": 0, "available": false, "iiifUrl": "0" }, "geometry": { "type": "Polygon", "coordinates": [ [ [ 125.0, 53.0000002 ], [ 125.5, 53.0000002 ], [ 125.5, 53.3333334 ], [ 125.0, 53.3333334 ], [ 125.0, 53.0000002 ] ] ] } },
{ "type": "Feature", "properties": { "Id": 0, "Sheet_ID": "瓦幹", "label": "瓦幹", "call_short": "0", "call_num": "0", "recid": "0", "websiteUrl": "0", "title": "0", "ckey": 0, "available": false, "iiifUrl": "0" }, "geometry": { "type": "Polygon", "coordinates": [ [ [ 125.5, 53.0000002 ], [ 126.0, 53.0000002 ], [ 126.0, 53.3333334 ], [ 125.5, 53.3333334 ], [ 125.5, 53.0000002 ] ] ] } },
{ "type": "Feature", "properties": { "Id": 0, "Sheet_ID": "壹壹タ171. トィグダ驛", "label": "壹壹タ171. トィグダ驛", "call_short": "G7272 .S5 S100 .J3", "call_num": "G7272 .S5 S100 .J3 11TA171", "recid": "dt956cf7307", "websiteUrl": "https://purl.stanford.edu/dt956cf7307", "title": "東「ソ」十万分一圖", "ckey": 12724621, "available": true, "iiifUrl": "https://purl.stanford.edu/dt956cf7307/iiif/manifest" }, "geometry": { "type": "Polygon", "coordinates": [ [ [ 126.0, 53.0000002 ], [ 126.5, 53.0000002 ], [ 126.5, 53.3333334 ], [ 126.0, 53.3333334 ], [ 126.0, 53.0000002 ] ] ] } },
{ "type": "Feature", "properties": { "Id": 0, "Sheet_ID": "ウグダイフカ", "label": "ウグダイフカ", "call_short": "0", "call_num": "0", "recid": "0", "websiteUrl": "0", "title": "0", "ckey": 0, "available": false, "iiifUrl": "0" }, "geometry": { "type": "Polygon", "coordinates": [ [ [ 126.5, 53.0000002 ], [ 127.0, 53.0000002 ], [ 127.0, 53.3333334 ], [ 126.5, 53.3333334 ], [ 126.5, 53.0000002 ] ] ] } },
{ "type": "Feature", "properties": { "Id": 0, "Sheet_ID": "ゴンジア", "label": "ゴンジア", "call_short": "0", "call_num": "0", "recid": "0", "websiteUrl": "0", "title": "0", "ckey": 0, "available": false, "iiifUrl": "0" }, "geometry": { "type": "Polygon", "coordinates": [ [ [ 125.0, 53.3333334 ], [ 125.5, 53.3333334 ], [ 125.5, 53.6666666 ], [ 125.0, 53.6666666 ], [ 125.0, 53.3333334 ] ] ] } },
{ "type": "Feature", "properties": { "Id": 0, "Sheet_ID": "壹壹レ190. マグダガーチ", "label": "壹壹レ190. マグダガーチ", "call_short": "G7272 .S5 S100 .J3", "call_num": "G7272 .S5 S100 .J3 11RE190", "recid": "hn418zg1566", "websiteUrl": "https://purl.stanford.edu/hn418zg1566", "title": "東「ソ」十万分一圖", "ckey": 12724621, "available": true, "iiifUrl": "https://purl.stanford.edu/hn418zg1566/iiif/manifest" }, "geometry": { "type": "Polygon", "coordinates": [ [ [ 125.5, 53.3333334 ], [ 126.0, 53.3333334 ], [ 126.0, 53.6666666 ], [ 125.5, 53.6666666 ], [ 125.5, 53.3333334 ] ] ] } },
{ "type": "Feature", "properties": { "Id": 0, "Sheet_ID": "壹壹レ180. クラースナヤ．パージ", "label": "壹壹レ180. クラースナヤ．パージ", "call_short": "G7272 .S5 S100 .J3", "call_num": "G7272 .S5 S100 .J3 11RE180", "recid": "vc940qw9771", "websiteUrl": "https://purl.stanford.edu/vc940qw9771", "title": "東「ソ」十万分一圖", "ckey": 12724621, "available": true, "iiifUrl": "https://purl.stanford.edu/vc940qw9771/iiif/manifest" }, "geometry": { "type": "Polygon", "coordinates": [ [ [ 126.0, 53.3333334 ], [ 126.5, 53.3333334 ], [ 126.5, 53.6666666 ], [ 126.0, 53.6666666 ], [ 126.0, 53.3333334 ] ] ] } },
{ "type": "Feature", "properties": { "Id": 0, "Sheet_ID": "オフシャンカ", "label": "オフシャンカ", "call_short": "0", "call_num": "0", "recid": "0", "websiteUrl": "0", "title": "0", "ckey": 0, "available": false, "iiifUrl": "0" }, "geometry": { "type": "Polygon", "coordinates": [ [ [ 126.5, 53.3333334 ], [ 127.0, 53.3333334 ], [ 127.0, 53.6666666 ], [ 126.5, 53.6666666 ], [ 126.5, 53.3333334 ] ] ] } },
{ "type": "Feature", "properties": { "Id": 0, "Sheet_ID": "ニコラエフカ", "label": "ニコラエフカ", "call_short": "0", "call_num": "0", "recid": "0", "websiteUrl": "0", "title": "0", "ckey": 0, "available": false, "iiifUrl": "0" }, "geometry": { "type": "Polygon", "coordinates": [ [ [ 127.0, 53.3333334 ], [ 127.5, 53.3333334 ], [ 127.5, 53.6666666 ], [ 127.0, 53.6666666 ], [ 127.0, 53.3333334 ] ] ] } },
{ "type": "Feature", "properties": { "Id": 0, "Sheet_ID": "二十五號", "label": "二十五號", "call_short": "0", "call_num": "0", "recid": "0", "websiteUrl": "0", "title": "0", "ckey": 0, "available": false, "iiifUrl": "0" }, "geometry": { "type": "Polygon", "coordinates": [ [ [ 127.5, 53.3333334 ], [ 128.0, 53.3333334 ], [ 128.0, 53.6666666 ], [ 127.5, 53.6666666 ], [ 127.5, 53.3333334 ] ] ] } },
{ "type": "Feature", "properties": { "Id": 0, "Sheet_ID": "グダチー", "label": "グダチー", "call_short": "0", "call_num": "0", "recid": "0", "websiteUrl": "0", "title": "0", "ckey": 0, "available": false, "iiifUrl": "0" }, "geometry": { "type": "Polygon", "coordinates": [ [ [ 125.0, 53.6666666 ], [ 125.5, 53.6666666 ], [ 125.5, 53.9999998 ], [ 125.0, 53.9999998 ], [ 125.0, 53.6666666 ] ] ] } },
{ "type": "Feature", "properties": { "Id": 0, "Sheet_ID": "イガーウ河", "label": "イガーウ河", "call_short": "0", "call_num": "0", "recid": "0", "websiteUrl": "0", "title": "0", "ckey": 0, "available": false, "iiifUrl": "0" }, "geometry": { "type": "Polygon", "coordinates": [ [ [ 125.5, 53.6666666 ], [ 126.0, 53.6666666 ], [ 126.0, 53.9999998 ], [ 125.5, 53.9999998 ], [ 125.5, 53.6666666 ] ] ] } },
{ "type": "Feature", "properties": { "Id": 0, "Sheet_ID": "トィンダ河", "label": "トィンダ河", "call_short": "0", "call_num": "0", "recid": "0", "websiteUrl": "0", "title": "0", "ckey": 0, "available": false, "iiifUrl": "0" }, "geometry": { "type": "Polygon", "coordinates": [ [ [ 126.0, 53.6666666 ], [ 126.5, 53.6666666 ], [ 126.5, 53.9999998 ], [ 126.0, 53.9999998 ], [ 126.0, 53.6666666 ] ] ] } },
{ "type": "Feature", "properties": { "Id": 0, "Sheet_ID": "アルビー", "label": "アルビー", "call_short": "0", "call_num": "0", "recid": "0", "websiteUrl": "0", "title": "0", "ckey": 0, "available": false, "iiifUrl": "0" }, "geometry": { "type": "Polygon", "coordinates": [ [ [ 126.5, 53.6666666 ], [ 127.0, 53.6666666 ], [ 127.0, 53.9999998 ], [ 126.5, 53.9999998 ], [ 126.5, 53.6666666 ] ] ] } },
{ "type": "Feature", "properties": { "Id": 0, "Sheet_ID": "壹壹レ159. ゼーヤ", "label": "壹壹レ159. ゼーヤ", "call_short": "G7272 .S5 S100 .J3", "call_num": "G7272 .S5 S100 .J3 11RE159", "recid": "xk666bp9235", "websiteUrl": "https://purl.stanford.edu/xk666bp9235", "title": "東「ソ」十万分一圖", "ckey": 12724621, "available": true, "iiifUrl": "https://purl.stanford.edu/xk666bp9235/iiif/manifest" }, "geometry": { "type": "Polygon", "coordinates": [ [ [ 127.0, 53.6666666 ], [ 127.5, 53.6666666 ], [ 127.5, 53.9999998 ], [ 127.0, 53.9999998 ], [ 127.0, 53.6666666 ] ] ] } },
{ "type": "Feature", "properties": { "Id": 0, "Sheet_ID": "二十四號", "label": "二十四號", "call_short": "0", "call_num": "0", "recid": "0", "websiteUrl": "0", "title": "0", "ckey": 0, "available": false, "iiifUrl": "0" }, "geometry": { "type": "Polygon", "coordinates": [ [ [ 127.5, 53.6666666 ], [ 128.0, 53.6666666 ], [ 128.0, 53.9999998 ], [ 127.5, 53.9999998 ], [ 127.5, 53.6666666 ] ] ] } },
{ "type": "Feature", "properties": { "Id": 0, "Sheet_ID": "ラキンダ河", "label": "ラキンダ河", "call_short": "0", "call_num": "0", "recid": "0", "websiteUrl": "0", "title": "0", "ckey": 0, "available": false, "iiifUrl": "0" }, "geometry": { "type": "Polygon", "coordinates": [ [ [ 125.0, 53.9999998 ], [ 125.5, 53.9999998 ], [ 125.5, 54.333333 ], [ 125.0, 54.333333 ], [ 125.0, 53.9999998 ] ] ] } },
{ "type": "Feature", "properties": { "Id": 0, "Sheet_ID": "アブカ", "label": "アブカ", "call_short": "0", "call_num": "0", "recid": "0", "websiteUrl": "0", "title": "0", "ckey": 0, "available": false, "iiifUrl": "0" }, "geometry": { "type": "Polygon", "coordinates": [ [ [ 126.5, 53.9999998 ], [ 127.0, 53.9999998 ], [ 127.0, 54.333333 ], [ 126.5, 54.333333 ], [ 126.5, 53.9999998 ] ] ] } },
{ "type": "Feature", "properties": { "Id": 0, "Sheet_ID": "ウトレンニー坑", "label": "ウトレンニー坑", "call_short": "0", "call_num": "0", "recid": "0", "websiteUrl": "0", "title": "0", "ckey": 0, "available": false, "iiifUrl": "0" }, "geometry": { "type": "Polygon", "coordinates": [ [ [ 127.0, 53.9999998 ], [ 127.5, 53.9999998 ], [ 127.5, 54.333333 ], [ 127.0, 54.333333 ], [ 127.0, 53.9999998 ] ] ] } },
{ "type": "Feature", "properties": { "Id": 0, "Sheet_ID": "ビバーキ湖", "label": "ビバーキ湖", "call_short": "0", "call_num": "0", "recid": "0", "websiteUrl": "0", "title": "0", "ckey": 0, "available": false, "iiifUrl": "0" }, "geometry": { "type": "Polygon", "coordinates": [ [ [ 127.5, 53.9999998 ], [ 128.0, 53.9999998 ], [ 128.0, 54.333333 ], [ 127.5, 54.333333 ], [ 127.5, 53.9999998 ] ] ] } },
{ "type": "Feature", "properties": { "Id": 0, "Sheet_ID": "フロローフカ", "label": "フロローフカ", "call_short": "0", "call_num": "0", "recid": "0", "websiteUrl": "0", "title": "0", "ckey": 0, "available": false, "iiifUrl": "0" }, "geometry": { "type": "Polygon", "coordinates": [ [ [ 133.0, 43.0 ], [ 133.5, 43.0 ], [ 133.5, 43.3333334 ], [ 133.0, 43.3333334 ], [ 133.0, 43.0 ] ] ] } },
{ "type": "Feature", "properties": { "Id": 0, "Sheet_ID": "グロデコーウォ", "label": "グロデコーウォ", "call_short": "0", "call_num": "0", "recid": "0", "websiteUrl": "0", "title": "0", "ckey": 0, "available": false, "iiifUrl": "0" }, "geometry": { "type": "Polygon", "coordinates": [ [ [ 133.5, 43.0 ], [ 134.0, 43.0 ], [ 134.0, 43.3333334 ], [ 133.5, 43.3333334 ], [ 133.5, 43.0 ] ] ] } },
{ "type": "Feature", "properties": { "Id": 0, "Sheet_ID": "チャビゴーウ", "label": "チャビゴーウ", "call_short": "0", "call_num": "0", "recid": "0", "websiteUrl": "0", "title": "0", "ckey": 0, "available": false, "iiifUrl": "0" }, "geometry": { "type": "Polygon", "coordinates": [ [ [ 134.0, 43.0 ], [ 134.5, 43.0 ], [ 134.5, 43.3333334 ], [ 134.0, 43.3333334 ], [ 134.0, 43.0 ] ] ] } },
{ "type": "Feature", "properties": { "Id": 0, "Sheet_ID": "ミログラードヴォ", "label": "ミログラードヴォ", "call_short": "0", "call_num": "0", "recid": "0", "websiteUrl": "0", "title": "0", "ckey": 0, "available": false, "iiifUrl": "0" }, "geometry": { "type": "Polygon", "coordinates": [ [ [ 134.5, 43.0 ], [ 135.0, 43.0 ], [ 135.0, 43.3333334 ], [ 134.5, 43.3333334 ], [ 134.5, 43.0 ] ] ] } },
{ "type": "Feature", "properties": { "Id": 0, "Sheet_ID": "セルゲーエフカ", "label": "セルゲーエフカ", "call_short": "0", "call_num": "0", "recid": "0", "websiteUrl": "0", "title": "0", "ckey": 0, "available": false, "iiifUrl": "0" }, "geometry": { "type": "Polygon", "coordinates": [ [ [ 133.0, 43.3333334 ], [ 133.5, 43.3333334 ], [ 133.5, 43.6666667 ], [ 133.0, 43.6666667 ], [ 133.0, 43.3333334 ] ] ] } },
{ "type": "Feature", "properties": { "Id": 0, "Sheet_ID": "壹〇カ130. ユムベーシ", "label": "壹〇カ130. ユムベーシ", "call_short": "G7272 .S5 S100 .J3", "call_num": "G7272 .S5 S100 .J3 10KA130", "recid": "tj101qj3167", "websiteUrl": "https://purl.stanford.edu/tj101qj3167", "title": "東「ソ」十万分一圖", "ckey": 12724621, "available": true, "iiifUrl": "https://purl.stanford.edu/tj101qj3167/iiif/manifest" }, "geometry": { "type": "Polygon", "coordinates": [ [ [ 133.5, 43.3333334 ], [ 134.0, 43.3333334 ], [ 134.0, 43.6666667 ], [ 133.5, 43.6666667 ], [ 133.5, 43.3333334 ] ] ] } },
{ "type": "Feature", "properties": { "Id": 0, "Sheet_ID": "ユムベラーザ", "label": "ユムベラーザ", "call_short": "0", "call_num": "0", "recid": "0", "websiteUrl": "0", "title": "0", "ckey": 0, "available": false, "iiifUrl": "0" }, "geometry": { "type": "Polygon", "coordinates": [ [ [ 134.0, 43.3333334 ], [ 134.5, 43.3333334 ], [ 134.5, 43.6666667 ], [ 134.0, 43.6666667 ], [ 134.0, 43.3333334 ] ] ] } },
{ "type": "Feature", "properties": { "Id": 0, "Sheet_ID": "壹〇カ110. ペトロパウロフカ", "label": "壹〇カ110. ペトロパウロフカ", "call_short": "G7272 .S5 S100 .J3", "call_num": "G7272 .S5 S100 .J3 10KA110", "recid": "rx753wr7118", "websiteUrl": "https://purl.stanford.edu/rx753wr7118", "title": "東「ソ」十万分一圖", "ckey": 12724621, "available": true, "iiifUrl": "https://purl.stanford.edu/rx753wr7118/iiif/manifest" }, "geometry": { "type": "Polygon", "coordinates": [ [ [ 134.5, 43.3333334 ], [ 135.0, 43.3333334 ], [ 135.0, 43.6666667 ], [ 134.5, 43.6666667 ], [ 134.5, 43.3333334 ] ] ] } },
{ "type": "Feature", "properties": { "Id": 0, "Sheet_ID": "九カ200. ワシーリコヴォ", "label": "九カ200. ワシーリコヴォ", "call_short": "G7272 .S5 S100 .J3", "call_num": "G7272 .S5 S100 .J3 9KA200", "recid": "qb244gn2150", "websiteUrl": "https://purl.stanford.edu/qb244gn2150", "title": "東「ソ」十万分一圖", "ckey": 12724621, "available": true, "iiifUrl": "https://purl.stanford.edu/qb244gn2150/iiif/manifest" }, "geometry": { "type": "Polygon", "coordinates": [ [ [ 135.0, 43.3333334 ], [ 135.5, 43.3333334 ], [ 135.5, 43.6666667 ], [ 135.0, 43.6666667 ], [ 135.0, 43.3333334 ] ] ] } },
{ "type": "Feature", "properties": { "Id": 0, "Sheet_ID": "アヌチキゾードインザ山", "label": "アヌチキゾードインザ山", "call_short": "0", "call_num": "0", "recid": "0", "websiteUrl": "0", "title": "0", "ckey": 0, "available": false, "iiifUrl": "0" }, "geometry": { "type": "Polygon", "coordinates": [ [ [ 133.0, 43.6666667 ], [ 133.5, 43.6666667 ], [ 133.5, 44.0000001 ], [ 133.0, 44.0000001 ], [ 133.0, 43.6666667 ] ] ] } },
{ "type": "Feature", "properties": { "Id": 0, "Sheet_ID": "ツァーモヅィンザ山", "label": "ツァーモヅィンザ山", "call_short": "0", "call_num": "0", "recid": "0", "websiteUrl": "0", "title": "0", "ckey": 0, "available": false, "iiifUrl": "0" }, "geometry": { "type": "Polygon", "coordinates": [ [ [ 133.5, 43.6666667 ], [ 134.0, 43.6666667 ], [ 134.0, 44.0000001 ], [ 133.5, 44.0000001 ], [ 133.5, 43.6666667 ] ] ] } },
{ "type": "Feature", "properties": { "Id": 0, "Sheet_ID": "壹〇カ119. ユムベラーザ北方", "label": "壹〇カ119. ユムベラーザ北方", "call_short": "G7272 .S5 S100 .J3", "call_num": "G7272 .S5 S100 .J3 10KA119", "recid": "bf680yx7339", "websiteUrl": "https://purl.stanford.edu/bf680yx7339", "title": "東「ソ」十万分一圖", "ckey": 12724621, "available": true, "iiifUrl": "https://purl.stanford.edu/bf680yx7339/iiif/manifest" }, "geometry": { "type": "Polygon", "coordinates": [ [ [ 134.0, 43.6666667 ], [ 134.5, 43.6666667 ], [ 134.5, 44.0000001 ], [ 134.0, 44.0000001 ], [ 134.0, 43.6666667 ] ] ] } },
{ "type": "Feature", "properties": { "Id": 0, "Sheet_ID": "フルマノフカ", "label": "フルマノフカ", "call_short": "0", "call_num": "0", "recid": "0", "websiteUrl": "0", "title": "0", "ckey": 0, "available": false, "iiifUrl": "0" }, "geometry": { "type": "Polygon", "coordinates": [ [ [ 134.5, 43.6666667 ], [ 135.0, 43.6666667 ], [ 135.0, 44.0000001 ], [ 134.5, 44.0000001 ], [ 134.5, 43.6666667 ] ] ] } },
{ "type": "Feature", "properties": { "Id": 0, "Sheet_ID": "九カ199. オリガ", "label": "九カ199. オリガ", "call_short": "G7272 .S5 S100 .J3", "call_num": "G7272 .S5 S100 .J3 9KA199", "recid": "pk793wc6694", "websiteUrl": "https://purl.stanford.edu/pk793wc6694", "title": "東「ソ」十万分一圖", "ckey": 12724621, "available": true, "iiifUrl": "https://purl.stanford.edu/pk793wc6694/iiif/manifest" }, "geometry": { "type": "Polygon", "coordinates": [ [ [ 135.0, 43.6666667 ], [ 135.5, 43.6666667 ], [ 135.5, 44.0000001 ], [ 135.0, 44.0000001 ], [ 135.0, 43.6666667 ] ] ] } },
{ "type": "Feature", "properties": { "Id": 0, "Sheet_ID": "九カ189. ウラヂミル湾", "label": "九カ189. ウラヂミル湾", "call_short": "G7272 .S5 S100 .J3", "call_num": "G7272 .S5 S100 .J3 9KA189", "recid": "km456yz1174", "websiteUrl": "https://purl.stanford.edu/km456yz1174", "title": "東「ソ」十万分一圖", "ckey": 12724621, "available": true, "iiifUrl": "https://purl.stanford.edu/km456yz1174/iiif/manifest" }, "geometry": { "type": "Polygon", "coordinates": [ [ [ 135.5, 43.6666667 ], [ 136.0, 43.6666667 ], [ 136.0, 44.0000001 ], [ 135.5, 44.0000001 ], [ 135.5, 43.6666667 ] ] ] } },
{ "type": "Feature", "properties": { "Id": 0, "Sheet_ID": "ペトロパウロフカ", "label": "ペトロパウロフカ", "call_short": "0", "call_num": "0", "recid": "0", "websiteUrl": "0", "title": "0", "ckey": 0, "available": false, "iiifUrl": "0" }, "geometry": { "type": "Polygon", "coordinates": [ [ [ 133.0, 44.0000001 ], [ 133.5, 44.0000001 ], [ 133.5, 44.3333335 ], [ 133.0, 44.3333335 ], [ 133.0, 44.0000001 ] ] ] } },
{ "type": "Feature", "properties": { "Id": 0, "Sheet_ID": "壹〇カ128. チゥグーエフカ", "label": "壹〇カ128. チゥグーエフカ", "call_short": "G7272 .S5 S100 .J3", "call_num": "G7272 .S5 S100 .J3 10KA128", "recid": "hm438fw2596", "websiteUrl": "https://purl.stanford.edu/hm438fw2596", "title": "東「ソ」十万分一圖", "ckey": 12724621, "available": true, "iiifUrl": "https://purl.stanford.edu/hm438fw2596/iiif/manifest" }, "geometry": { "type": "Polygon", "coordinates": [ [ [ 133.5, 44.0000001 ], [ 134.0, 44.0000001 ], [ 134.0, 44.3333335 ], [ 133.5, 44.3333335 ], [ 133.5, 44.0000001 ] ] ] } },
{ "type": "Feature", "properties": { "Id": 0, "Sheet_ID": "八號", "label": "八號", "call_short": "0", "call_num": "0", "recid": "0", "websiteUrl": "0", "title": "0", "ckey": 0, "available": false, "iiifUrl": "0" }, "geometry": { "type": "Polygon", "coordinates": [ [ [ 134.0, 44.0000001 ], [ 134.5, 44.0000001 ], [ 134.5, 44.3333335 ], [ 134.0, 44.3333335 ], [ 134.0, 44.0000001 ] ] ] } },
{ "type": "Feature", "properties": { "Id": 0, "Sheet_ID": "フルマノフカ北方", "label": "フルマノフカ北方", "call_short": "0", "call_num": "0", "recid": "0", "websiteUrl": "0", "title": "0", "ckey": 0, "available": false, "iiifUrl": "0" }, "geometry": { "type": "Polygon", "coordinates": [ [ [ 134.5, 44.0000001 ], [ 135.0, 44.0000001 ], [ 135.0, 44.3333335 ], [ 134.5, 44.3333335 ], [ 134.5, 44.0000001 ] ] ] } },
{ "type": "Feature", "properties": { "Id": 0, "Sheet_ID": "スヴォロフカ", "label": "スヴォロフカ", "call_short": "0", "call_num": "0", "recid": "0", "websiteUrl": "0", "title": "0", "ckey": 0, "available": false, "iiifUrl": "0" }, "geometry": { "type": "Polygon", "coordinates": [ [ [ 135.0, 44.0000001 ], [ 135.5, 44.0000001 ], [ 135.5, 44.3333335 ], [ 135.0, 44.3333335 ], [ 135.0, 44.0000001 ] ] ] } },
{ "type": "Feature", "properties": { "Id": 0, "Sheet_ID": "タドゥシゥ河口", "label": "タドゥシゥ河口", "call_short": "0", "call_num": "0", "recid": "0", "websiteUrl": "0", "title": "0", "ckey": 0, "available": false, "iiifUrl": "0" }, "geometry": { "type": "Polygon", "coordinates": [ [ [ 135.5, 44.0000001 ], [ 136.0, 44.0000001 ], [ 136.0, 44.3333335 ], [ 135.5, 44.3333335 ], [ 135.5, 44.0000001 ] ] ] } },
{ "type": "Feature", "properties": { "Id": 0, "Sheet_ID": "タチャーノフカ", "label": "タチャーノフカ", "call_short": "0", "call_num": "0", "recid": "0", "websiteUrl": "0", "title": "0", "ckey": 0, "available": false, "iiifUrl": "0" }, "geometry": { "type": "Polygon", "coordinates": [ [ [ 133.0, 44.3333335 ], [ 133.5, 44.3333335 ], [ 133.5, 44.6666668 ], [ 133.0, 44.6666668 ], [ 133.0, 44.3333335 ] ] ] } },
{ "type": "Feature", "properties": { "Id": 0, "Sheet_ID": "壹〇カ127. ノーヴォクラスノヤローヴォ", "label": "壹〇カ127. ノーヴォクラスノヤローヴォ", "call_short": "G7272 .S5 S100 .J3", "call_num": "G7272 .S5 S100 .J3 10KA127", "recid": "gp554nh7680", "websiteUrl": "https://purl.stanford.edu/gp554nh7680", "title": "東「ソ」十万分一圖", "ckey": 12724621, "available": true, "iiifUrl": "https://purl.stanford.edu/gp554nh7680/iiif/manifest" }, "geometry": { "type": "Polygon", "coordinates": [ [ [ 133.5, 44.3333335 ], [ 134.0, 44.3333335 ], [ 134.0, 44.6666668 ], [ 133.5, 44.6666668 ], [ 133.5, 44.3333335 ] ] ] } },
{ "type": "Feature", "properties": { "Id": 0, "Sheet_ID": "コクシァロフカ", "label": "コクシァロフカ", "call_short": "0", "call_num": "0", "recid": "0", "websiteUrl": "0", "title": "0", "ckey": 0, "available": false, "iiifUrl": "0" }, "geometry": { "type": "Polygon", "coordinates": [ [ [ 134.0, 44.3333335 ], [ 134.5, 44.3333335 ], [ 134.5, 44.6666668 ], [ 134.0, 44.6666668 ], [ 134.0, 44.3333335 ] ] ] } },
{ "type": "Feature", "properties": { "Id": 0, "Sheet_ID": "ドボスコエ", "label": "ドボスコエ", "call_short": "0", "call_num": "0", "recid": "0", "websiteUrl": "0", "title": "0", "ckey": 0, "available": false, "iiifUrl": "0" }, "geometry": { "type": "Polygon", "coordinates": [ [ [ 133.0, 44.6666668 ], [ 133.5, 44.6666668 ], [ 133.5, 45.0000002 ], [ 133.0, 45.0000002 ], [ 133.0, 44.6666668 ] ] ] } },
{ "type": "Feature", "properties": { "Id": 0, "Sheet_ID": "壹〇カ126. クルィロフカ", "label": "壹〇カ126. クルィロフカ", "call_short": "G7272 .S5 S100 .J3", "call_num": "G7272 .S5 S100 .J3 10KA126", "recid": "pp389mn1318", "websiteUrl": "https://purl.stanford.edu/pp389mn1318", "title": "東「ソ」十万分一圖", "ckey": 12724621, "available": true, "iiifUrl": "https://purl.stanford.edu/pp389mn1318/iiif/manifest" }, "geometry": { "type": "Polygon", "coordinates": [ [ [ 133.5, 44.6666668 ], [ 134.0, 44.6666668 ], [ 134.0, 45.0000002 ], [ 133.5, 45.0000002 ], [ 133.5, 44.6666668 ] ] ] } },
{ "type": "Feature", "properties": { "Id": 0, "Sheet_ID": "リズグー山", "label": "リズグー山", "call_short": "0", "call_num": "0", "recid": "0", "websiteUrl": "0", "title": "0", "ckey": 0, "available": false, "iiifUrl": "0" }, "geometry": { "type": "Polygon", "coordinates": [ [ [ 134.0, 44.6666668 ], [ 134.5, 44.6666668 ], [ 134.5, 45.0000002 ], [ 134.0, 45.0000002 ], [ 134.0, 44.6666668 ] ] ] } },
{ "type": "Feature", "properties": { "Id": 0, "Sheet_ID": "南荒崗", "label": "南荒崗", "call_short": "0", "call_num": "0", "recid": "0", "websiteUrl": "0", "title": "0", "ckey": 0, "available": false, "iiifUrl": "0" }, "geometry": { "type": "Polygon", "coordinates": [ [ [ 133.0, 45.0000002 ], [ 133.5, 45.0000002 ], [ 133.5, 45.3333335 ], [ 133.0, 45.3333335 ], [ 133.0, 45.0000002 ] ] ] } },
{ "type": "Feature", "properties": { "Id": 0, "Sheet_ID": "壹〇カ125. ウスペンカ", "label": "壹〇カ125. ウスペンカ", "call_short": "G7272 .S5 S100 .J3", "call_num": "G7272 .S5 S100 .J3 10KA125", "recid": "jq081jk2938", "websiteUrl": "https://purl.stanford.edu/jq081jk2938", "title": "東「ソ」十万分一圖", "ckey": 12724621, "available": true, "iiifUrl": "https://purl.stanford.edu/jq081jk2938/iiif/manifest" }, "geometry": { "type": "Polygon", "coordinates": [ [ [ 133.5, 45.0000002 ], [ 134.0, 45.0000002 ], [ 134.0, 45.3333335 ], [ 133.5, 45.3333335 ], [ 133.5, 45.0000002 ] ] ] } },
{ "type": "Feature", "properties": { "Id": 0, "Sheet_ID": "ファンヂャーン", "label": "ファンヂャーン", "call_short": "0", "call_num": "0", "recid": "0", "websiteUrl": "0", "title": "0", "ckey": 0, "available": false, "iiifUrl": "0" }, "geometry": { "type": "Polygon", "coordinates": [ [ [ 134.0, 45.0000002 ], [ 134.5, 45.0000002 ], [ 134.5, 45.3333335 ], [ 134.0, 45.3333335 ], [ 134.0, 45.0000002 ] ] ] } },
{ "type": "Feature", "properties": { "Id": 0, "Sheet_ID": "亮子", "label": "亮子", "call_short": "0", "call_num": "0", "recid": "0", "websiteUrl": "0", "title": "0", "ckey": 0, "available": false, "iiifUrl": "0" }, "geometry": { "type": "Polygon", "coordinates": [ [ [ 133.0, 45.3333335 ], [ 133.5, 45.3333335 ], [ 133.5, 45.6666669 ], [ 133.0, 45.6666669 ], [ 133.0, 45.3333335 ] ] ] } },
{ "type": "Feature", "properties": { "Id": 0, "Sheet_ID": "壹〇カ124. パンテレイモノフカ", "label": "壹〇カ124. パンテレイモノフカ", "call_short": "G7272 .S5 S100 .J3", "call_num": "G7272 .S5 S100 .J3 10KA124", "recid": "bq184pf7246", "websiteUrl": "https://purl.stanford.edu/bq184pf7246", "title": "東「ソ」十万分一圖", "ckey": 12724621, "available": true, "iiifUrl": "https://purl.stanford.edu/bq184pf7246/iiif/manifest" }, "geometry": { "type": "Polygon", "coordinates": [ [ [ 133.5, 45.3333335 ], [ 134.0, 45.3333335 ], [ 134.0, 45.6666669 ], [ 133.5, 45.6666669 ], [ 133.5, 45.3333335 ] ] ] } },
{ "type": "Feature", "properties": { "Id": 0, "Sheet_ID": "ラキットノエ", "label": "ラキットノエ", "call_short": "0", "call_num": "0", "recid": "0", "websiteUrl": "0", "title": "0", "ckey": 0, "available": false, "iiifUrl": "0" }, "geometry": { "type": "Polygon", "coordinates": [ [ [ 134.0, 45.3333335 ], [ 134.5, 45.3333335 ], [ 134.5, 45.6666669 ], [ 134.0, 45.6666669 ], [ 134.0, 45.3333335 ] ] ] } },
{ "type": "Feature", "properties": { "Id": 0, "Sheet_ID": "倒木溝", "label": "倒木溝", "call_short": "0", "call_num": "0", "recid": "0", "websiteUrl": "0", "title": "0", "ckey": 0, "available": false, "iiifUrl": "0" }, "geometry": { "type": "Polygon", "coordinates": [ [ [ 133.0, 45.6666669 ], [ 133.5, 45.6666669 ], [ 133.5, 46.0000003 ], [ 133.0, 46.0000003 ], [ 133.0, 45.6666669 ] ] ] } },
{ "type": "Feature", "properties": { "Id": 0, "Sheet_ID": "虎頭", "label": "虎頭", "call_short": "0", "call_num": "0", "recid": "0", "websiteUrl": "0", "title": "0", "ckey": 0, "available": false, "iiifUrl": "0" }, "geometry": { "type": "Polygon", "coordinates": [ [ [ 133.5, 45.6666669 ], [ 134.0, 45.6666669 ], [ 134.0, 46.0000003 ], [ 133.5, 46.0000003 ], [ 133.5, 45.6666669 ] ] ] } },
{ "type": "Feature", "properties": { "Id": 0, "Sheet_ID": "タワラーザ山", "label": "タワラーザ山", "call_short": "0", "call_num": "0", "recid": "0", "websiteUrl": "0", "title": "0", "ckey": 0, "available": false, "iiifUrl": "0" }, "geometry": { "type": "Polygon", "coordinates": [ [ [ 134.0, 45.6666669 ], [ 134.5, 45.6666669 ], [ 134.5, 46.0000003 ], [ 134.0, 46.0000003 ], [ 134.0, 45.6666669 ] ] ] } },
{ "type": "Feature", "properties": { "Id": 0, "Sheet_ID": "馬鞍山", "label": "馬鞍山", "call_short": "0", "call_num": "0", "recid": "0", "websiteUrl": "0", "title": "0", "ckey": 0, "available": false, "iiifUrl": "0" }, "geometry": { "type": "Polygon", "coordinates": [ [ [ 133.0, 46.0000003 ], [ 133.5, 46.0000003 ], [ 133.5, 46.3333336 ], [ 133.0, 46.3333336 ], [ 133.0, 46.0000003 ] ] ] } },
{ "type": "Feature", "properties": { "Id": 0, "Sheet_ID": "壹〇カ122. 穆和村", "label": "壹〇カ122. 穆和村", "call_short": "G7272 .S5 S100 .J3", "call_num": "G7272 .S5 S100 .J3 10KA122", "recid": "mc083fv9351", "websiteUrl": "https://purl.stanford.edu/mc083fv9351", "title": "東「ソ」十万分一圖", "ckey": 12724621, "available": true, "iiifUrl": "https://purl.stanford.edu/mc083fv9351/iiif/manifest" }, "geometry": { "type": "Polygon", "coordinates": [ [ [ 133.5, 46.0000003 ], [ 134.0, 46.0000003 ], [ 134.0, 46.3333336 ], [ 133.5, 46.3333336 ], [ 133.5, 46.0000003 ] ] ] } },
{ "type": "Feature", "properties": { "Id": 0, "Sheet_ID": "トチーリナヤ山", "label": "トチーリナヤ山", "call_short": "0", "call_num": "0", "recid": "0", "websiteUrl": "0", "title": "0", "ckey": 0, "available": false, "iiifUrl": "0" }, "geometry": { "type": "Polygon", "coordinates": [ [ [ 134.0, 46.0000003 ], [ 134.5, 46.0000003 ], [ 134.5, 46.3333336 ], [ 134.0, 46.3333336 ], [ 134.0, 46.0000003 ] ] ] } },
{ "type": "Feature", "properties": { "Id": 0, "Sheet_ID": "大和鎮", "label": "大和鎮", "call_short": "0", "call_num": "0", "recid": "0", "websiteUrl": "0", "title": "0", "ckey": 0, "available": false, "iiifUrl": "0" }, "geometry": { "type": "Polygon", "coordinates": [ [ [ 133.0, 46.3333336 ], [ 133.5, 46.3333336 ], [ 133.5, 46.666667 ], [ 133.0, 46.666667 ], [ 133.0, 46.3333336 ] ] ] } },
{ "type": "Feature", "properties": { "Id": 0, "Sheet_ID": "獨木河", "label": "獨木河", "call_short": "0", "call_num": "0", "recid": "0", "websiteUrl": "0", "title": "0", "ckey": 0, "available": false, "iiifUrl": "0" }, "geometry": { "type": "Polygon", "coordinates": [ [ [ 133.5, 46.3333336 ], [ 134.0, 46.3333336 ], [ 134.0, 46.666667 ], [ 133.5, 46.666667 ], [ 133.5, 46.3333336 ] ] ] } },
{ "type": "Feature", "properties": { "Id": 0, "Sheet_ID": "ブルリット驛", "label": "ブルリット驛", "call_short": "0", "call_num": "0", "recid": "0", "websiteUrl": "0", "title": "0", "ckey": 0, "available": false, "iiifUrl": "0" }, "geometry": { "type": "Polygon", "coordinates": [ [ [ 134.0, 46.3333336 ], [ 134.5, 46.3333336 ], [ 134.5, 46.666667 ], [ 134.0, 46.666667 ], [ 134.0, 46.3333336 ] ] ] } },
{ "type": "Feature", "properties": { "Id": 0, "Sheet_ID": "鳳凰鎮", "label": "鳳凰鎮", "call_short": "0", "call_num": "0", "recid": "0", "websiteUrl": "0", "title": "0", "ckey": 0, "available": false, "iiifUrl": "0" }, "geometry": { "type": "Polygon", "coordinates": [ [ [ 130.5, 47.333333 ], [ 131.0, 47.333333 ], [ 131.0, 47.6666664 ], [ 130.5, 47.6666664 ], [ 130.5, 47.333333 ] ] ] } },
{ "type": "Feature", "properties": { "Id": 0, "Sheet_ID": "南崗", "label": "南崗", "call_short": "0", "call_num": "0", "recid": "0", "websiteUrl": "0", "title": "0", "ckey": 0, "available": false, "iiifUrl": "0" }, "geometry": { "type": "Polygon", "coordinates": [ [ [ 131.0, 47.333333 ], [ 131.5, 47.333333 ], [ 131.5, 47.6666664 ], [ 131.0, 47.6666664 ], [ 131.0, 47.333333 ] ] ] } },
{ "type": "Feature", "properties": { "Id": 0, "Sheet_ID": "福興屯", "label": "福興屯", "call_short": "0", "call_num": "0", "recid": "0", "websiteUrl": "0", "title": "0", "ckey": 0, "available": false, "iiifUrl": "0" }, "geometry": { "type": "Polygon", "coordinates": [ [ [ 131.5, 47.333333 ], [ 132.0, 47.333333 ], [ 132.0, 47.6666664 ], [ 131.5, 47.6666664 ], [ 131.5, 47.333333 ] ] ] } },
{ "type": "Feature", "properties": { "Id": 0, "Sheet_ID": "同江西部", "label": "同江西部", "call_short": "0", "call_num": "0", "recid": "0", "websiteUrl": "0", "title": "0", "ckey": 0, "available": false, "iiifUrl": "0" }, "geometry": { "type": "Polygon", "coordinates": [ [ [ 132.0, 47.333333 ], [ 132.5, 47.333333 ], [ 132.5, 47.6666664 ], [ 132.0, 47.6666664 ], [ 132.0, 47.333333 ] ] ] } },
{ "type": "Feature", "properties": { "Id": 0, "Sheet_ID": "同江東部", "label": "同江東部", "call_short": "0", "call_num": "0", "recid": "0", "websiteUrl": "0", "title": "0", "ckey": 0, "available": false, "iiifUrl": "0" }, "geometry": { "type": "Polygon", "coordinates": [ [ [ 132.5, 47.333333 ], [ 133.0, 47.333333 ], [ 133.0, 47.6666664 ], [ 132.5, 47.6666664 ], [ 132.5, 47.333333 ] ] ] } },
{ "type": "Feature", "properties": { "Id": 0, "Sheet_ID": "果勒根沼", "label": "果勒根沼", "call_short": "0", "call_num": "0", "recid": "0", "websiteUrl": "0", "title": "0", "ckey": 0, "available": false, "iiifUrl": "0" }, "geometry": { "type": "Polygon", "coordinates": [ [ [ 133.0, 47.333333 ], [ 133.5, 47.333333 ], [ 133.5, 47.6666664 ], [ 133.0, 47.6666664 ], [ 133.0, 47.333333 ] ] ] } },
{ "type": "Feature", "properties": { "Id": 0, "Sheet_ID": "西都魯河金坑", "label": "西都魯河金坑", "call_short": "0", "call_num": "0", "recid": "0", "websiteUrl": "0", "title": "0", "ckey": 0, "available": false, "iiifUrl": "0" }, "geometry": { "type": "Polygon", "coordinates": [ [ [ 130.0, 47.6666664 ], [ 130.5, 47.6666664 ], [ 130.5, 47.9999999 ], [ 130.0, 47.9999999 ], [ 130.0, 47.6666664 ] ] ] } },
{ "type": "Feature", "properties": { "Id": 0, "Sheet_ID": "興東鎮", "label": "興東鎮", "call_short": "0", "call_num": "0", "recid": "0", "websiteUrl": "0", "title": "0", "ckey": 0, "available": false, "iiifUrl": "0" }, "geometry": { "type": "Polygon", "coordinates": [ [ [ 130.5, 47.6666664 ], [ 131.0, 47.6666664 ], [ 131.0, 47.9999999 ], [ 130.5, 47.9999999 ], [ 130.5, 47.6666664 ] ] ] } },
{ "type": "Feature", "properties": { "Id": 0, "Sheet_ID": "壹〇ヨ177. 蘿北", "label": "壹〇ヨ177. 蘿北", "call_short": "G7272 .S5 S100 .J3", "call_num": "G7272 .S5 S100 .J3 10YO177", "recid": "cz001vh1092", "websiteUrl": "https://purl.stanford.edu/cz001vh1092", "title": "東「ソ」十万分一圖", "ckey": 12724621, "available": true, "iiifUrl": "https://purl.stanford.edu/cz001vh1092/iiif/manifest" }, "geometry": { "type": "Polygon", "coordinates": [ [ [ 131.0, 47.6666664 ], [ 131.5, 47.6666664 ], [ 131.5, 47.9999999 ], [ 131.0, 47.9999999 ], [ 131.0, 47.6666664 ] ] ] } },
{ "type": "Feature", "properties": { "Id": 0, "Sheet_ID": "壹〇ヨ167. ウェンツェレーワ", "label": "壹〇ヨ167. ウェンツェレーワ", "call_short": "G7272 .S5 S100 .J3", "call_num": "G7272 .S5 S100 .J3 10YO167", "recid": "gj197pf7624", "websiteUrl": "https://purl.stanford.edu/gj197pf7624", "title": "東「ソ」十万分一圖", "ckey": 12724621, "available": true, "iiifUrl": "https://purl.stanford.edu/gj197pf7624/iiif/manifest" }, "geometry": { "type": "Polygon", "coordinates": [ [ [ 131.5, 47.6666664 ], [ 132.0, 47.6666664 ], [ 132.0, 47.9999999 ], [ 131.5, 47.9999999 ], [ 131.5, 47.6666664 ] ] ] } },
{ "type": "Feature", "properties": { "Id": 0, "Sheet_ID": "壹〇ヨ157. クワシニーナ", "label": "壹〇ヨ157. クワシニーナ", "call_short": "G7272 .S5 S100 .J3", "call_num": "G7272 .S5 S100 .J3 10YO157", "recid": "pz767xs3614", "websiteUrl": "https://purl.stanford.edu/pz767xs3614", "title": "東「ソ」十万分一圖", "ckey": 12724621, "available": true, "iiifUrl": "https://purl.stanford.edu/pz767xs3614/iiif/manifest" }, "geometry": { "type": "Polygon", "coordinates": [ [ [ 132.0, 47.6666664 ], [ 132.5, 47.6666664 ], [ 132.5, 47.9999999 ], [ 132.0, 47.9999999 ], [ 132.0, 47.6666664 ] ] ] } },
{ "type": "Feature", "properties": { "Id": 0, "Sheet_ID": "壹〇ヨ147. 三屯", "label": "壹〇ヨ147. 三屯", "call_short": "G7272 .S5 S100 .J3", "call_num": "G7272 .S5 S100 .J3 10YO147", "recid": "fm701ks0773", "websiteUrl": "https://purl.stanford.edu/fm701ks0773", "title": "東「ソ」十万分一圖", "ckey": 12724621, "available": true, "iiifUrl": "https://purl.stanford.edu/fm701ks0773/iiif/manifest" }, "geometry": { "type": "Polygon", "coordinates": [ [ [ 132.5, 47.6666664 ], [ 133.0, 47.6666664 ], [ 133.0, 47.9999999 ], [ 132.5, 47.9999999 ], [ 132.5, 47.6666664 ] ] ] } },
{ "type": "Feature", "properties": { "Id": 0, "Sheet_ID": "崔連山", "label": "崔連山", "call_short": "0", "call_num": "0", "recid": "0", "websiteUrl": "0", "title": "0", "ckey": 0, "available": false, "iiifUrl": "0" }, "geometry": { "type": "Polygon", "coordinates": [ [ [ 133.0, 47.6666664 ], [ 133.5, 47.6666664 ], [ 133.5, 47.9999999 ], [ 133.0, 47.9999999 ], [ 133.0, 47.6666664 ] ] ] } },
{ "type": "Feature", "properties": { "Id": 0, "Sheet_ID": "別拉洪北", "label": "別拉洪北", "call_short": "0", "call_num": "0", "recid": "0", "websiteUrl": "0", "title": "0", "ckey": 0, "available": false, "iiifUrl": "0" }, "geometry": { "type": "Polygon", "coordinates": [ [ [ 133.5, 47.6666664 ], [ 134.0, 47.6666664 ], [ 134.0, 47.9999999 ], [ 133.5, 47.9999999 ], [ 133.5, 47.6666664 ] ] ] } },
{ "type": "Feature", "properties": { "Id": 0, "Sheet_ID": "馬加小山", "label": "馬加小山", "call_short": "0", "call_num": "0", "recid": "0", "websiteUrl": "0", "title": "0", "ckey": 0, "available": false, "iiifUrl": "0" }, "geometry": { "type": "Polygon", "coordinates": [ [ [ 134.0, 47.6666664 ], [ 134.5, 47.6666664 ], [ 134.5, 47.9999999 ], [ 134.0, 47.9999999 ], [ 134.0, 47.6666664 ] ] ] } },
{ "type": "Feature", "properties": { "Id": 0, "Sheet_ID": "老溝", "label": "老溝", "call_short": "0", "call_num": "0", "recid": "0", "websiteUrl": "0", "title": "0", "ckey": 0, "available": false, "iiifUrl": "0" }, "geometry": { "type": "Polygon", "coordinates": [ [ [ 130.0, 47.9999999 ], [ 130.5, 47.9999999 ], [ 130.5, 48.3333333 ], [ 130.0, 48.3333333 ], [ 130.0, 47.9999999 ] ] ] } },
{ "type": "Feature", "properties": { "Id": 0, "Sheet_ID": "壹〇ヨ186. 太平溝", "label": "壹〇ヨ186. 太平溝", "call_short": "G7272 .S5 S100 .J3", "call_num": "G7272 .S5 S100 .J3 10YO186", "recid": "kw394hn8912", "websiteUrl": "https://purl.stanford.edu/kw394hn8912", "title": "東「ソ」十万分一圖", "ckey": 12724621, "available": true, "iiifUrl": "https://purl.stanford.edu/kw394hn8912/iiif/manifest" }, "geometry": { "type": "Polygon", "coordinates": [ [ [ 130.5, 47.9999999 ], [ 131.0, 47.9999999 ], [ 131.0, 48.3333333 ], [ 130.5, 48.3333333 ], [ 130.5, 47.9999999 ] ] ] } },
{ "type": "Feature", "properties": { "Id": 0, "Sheet_ID": "壹〇ヨ176. バラガーン", "label": "壹〇ヨ176. バラガーン", "call_short": "G7272 .S5 S100 .J3", "call_num": "G7272 .S5 S100 .J3 10YO176", "recid": "bb089nc4420", "websiteUrl": "https://purl.stanford.edu/bb089nc4420", "title": "東「ソ」十万分一圖", "ckey": 12724621, "available": true, "iiifUrl": "https://purl.stanford.edu/bb089nc4420/iiif/manifest" }, "geometry": { "type": "Polygon", "coordinates": [ [ [ 131.0, 47.9999999 ], [ 131.5, 47.9999999 ], [ 131.5, 48.3333333 ], [ 131.0, 48.3333333 ], [ 131.0, 47.9999999 ] ] ] } },
{ "type": "Feature", "properties": { "Id": 0, "Sheet_ID": "壹〇ヨ166. フェルガニシキ山", "label": "壹〇ヨ166. フェルガニシキ山", "call_short": "G7272 .S5 S100 .J3", "call_num": "G7272 .S5 S100 .J3 10YO166", "recid": "qb288jq5309", "websiteUrl": "https://purl.stanford.edu/qb288jq5309", "title": "東「ソ」十万分一圖", "ckey": 12724621, "available": true, "iiifUrl": "https://purl.stanford.edu/qb288jq5309/iiif/manifest" }, "geometry": { "type": "Polygon", "coordinates": [ [ [ 131.5, 47.9999999 ], [ 132.0, 47.9999999 ], [ 132.0, 48.3333333 ], [ 131.5, 48.3333333 ], [ 131.5, 47.9999999 ] ] ] } },
{ "type": "Feature", "properties": { "Id": 0, "Sheet_ID": "壹〇ヨ156. バブストーワ", "label": "壹〇ヨ156. バブストーワ", "call_short": "G7272 .S5 S100 .J3", "call_num": "G7272 .S5 S100 .J3 10YO156", "recid": "mh535kx5361", "websiteUrl": "https://purl.stanford.edu/mh535kx5361", "title": "東「ソ」十万分一圖", "ckey": 12724621, "available": true, "iiifUrl": "https://purl.stanford.edu/mh535kx5361/iiif/manifest" }, "geometry": { "type": "Polygon", "coordinates": [ [ [ 132.0, 47.9999999 ], [ 132.5, 47.9999999 ], [ 132.5, 48.3333333 ], [ 132.0, 48.3333333 ], [ 132.0, 47.9999999 ] ] ] } },
{ "type": "Feature", "properties": { "Id": 0, "Sheet_ID": "壹〇ヨ146. ドミツリーエワ山", "label": "壹〇ヨ146. ドミツリーエワ山", "call_short": "G7272 .S5 S100 .J3", "call_num": "G7272 .S5 S100 .J3 10YO146", "recid": "bf945sb7547", "websiteUrl": "https://purl.stanford.edu/bf945sb7547", "title": "東「ソ」十万分一圖", "ckey": 12724621, "available": true, "iiifUrl": "https://purl.stanford.edu/bf945sb7547/iiif/manifest" }, "geometry": { "type": "Polygon", "coordinates": [ [ [ 132.5, 47.9999999 ], [ 133.0, 47.9999999 ], [ 133.0, 48.3333333 ], [ 132.5, 48.3333333 ], [ 132.5, 47.9999999 ] ] ] } },
{ "type": "Feature", "properties": { "Id": 0, "Sheet_ID": "壹〇ヨ136. 泰得利", "label": "壹〇ヨ136. 泰得利", "call_short": "G7272 .S5 S100 .J3", "call_num": "G7272 .S5 S100 .J3 10YO136", "recid": "bm456ss4822", "websiteUrl": "https://purl.stanford.edu/bm456ss4822", "title": "東「ソ」十万分一圖", "ckey": 12724621, "available": true, "iiifUrl": "https://purl.stanford.edu/bm456ss4822/iiif/manifest" }, "geometry": { "type": "Polygon", "coordinates": [ [ [ 133.0, 47.9999999 ], [ 133.5, 47.9999999 ], [ 133.5, 48.3333333 ], [ 133.0, 48.3333333 ], [ 133.0, 47.9999999 ] ] ] } },
{ "type": "Feature", "properties": { "Id": 0, "Sheet_ID": "壹〇ヨ126. 下八岔", "label": "壹〇ヨ126. 下八岔", "call_short": "G7272 .S5 S100 .J3", "call_num": "G7272 .S5 S100 .J3 10YO126", "recid": "dt833pz7313", "websiteUrl": "https://purl.stanford.edu/dt833pz7313", "title": "東「ソ」十万分一圖", "ckey": 12724621, "available": true, "iiifUrl": "https://purl.stanford.edu/dt833pz7313/iiif/manifest" }, "geometry": { "type": "Polygon", "coordinates": [ [ [ 133.5, 47.9999999 ], [ 134.0, 47.9999999 ], [ 134.0, 48.3333333 ], [ 133.5, 48.3333333 ], [ 133.5, 47.9999999 ] ] ] } },
{ "type": "Feature", "properties": { "Id": 0, "Sheet_ID": "塔里嘎湖", "label": "塔里嘎湖", "call_short": "0", "call_num": "0", "recid": "0", "websiteUrl": "0", "title": "0", "ckey": 0, "available": false, "iiifUrl": "0" }, "geometry": { "type": "Polygon", "coordinates": [ [ [ 134.0, 47.9999999 ], [ 134.5, 47.9999999 ], [ 134.5, 48.3333333 ], [ 134.0, 48.3333333 ], [ 134.0, 47.9999999 ] ] ] } },
{ "type": "Feature", "properties": { "Id": 0, "Sheet_ID": "抓吉鎮", "label": "抓吉鎮", "call_short": "0", "call_num": "0", "recid": "0", "websiteUrl": "0", "title": "0", "ckey": 0, "available": false, "iiifUrl": "0" }, "geometry": { "type": "Polygon", "coordinates": [ [ [ 134.5, 47.9999999 ], [ 135.0, 47.9999999 ], [ 135.0, 48.3333333 ], [ 134.5, 48.3333333 ], [ 134.5, 47.9999999 ] ] ] } },
{ "type": "Feature", "properties": { "Id": 0, "Sheet_ID": "コルフオーフスカヤ驛", "label": "コルフオーフスカヤ驛", "call_short": "0", "call_num": "0", "recid": "0", "websiteUrl": "0", "title": "0", "ckey": 0, "available": false, "iiifUrl": "0" }, "geometry": { "type": "Polygon", "coordinates": [ [ [ 135.0, 47.9999999 ], [ 135.5, 47.9999999 ], [ 135.5, 48.3333333 ], [ 135.0, 48.3333333 ], [ 135.0, 47.9999999 ] ] ] } },
{ "type": "Feature", "properties": { "Id": 0, "Sheet_ID": "嘉蔭河", "label": "嘉蔭河", "call_short": "0", "call_num": "0", "recid": "0", "websiteUrl": "0", "title": "0", "ckey": 0, "available": false, "iiifUrl": "0" }, "geometry": { "type": "Polygon", "coordinates": [ [ [ 129.5, 48.3333333 ], [ 130.0, 48.3333333 ], [ 130.0, 48.6666667 ], [ 129.5, 48.6666667 ], [ 129.5, 48.3333333 ] ] ] } },
{ "type": "Feature", "properties": { "Id": 0, "Sheet_ID": "烏拉嗎河", "label": "烏拉嗎河", "call_short": "0", "call_num": "0", "recid": "0", "websiteUrl": "0", "title": "0", "ckey": 0, "available": false, "iiifUrl": "0" }, "geometry": { "type": "Polygon", "coordinates": [ [ [ 130.0, 48.3333333 ], [ 130.5, 48.3333333 ], [ 130.5, 48.6666667 ], [ 130.0, 48.6666667 ], [ 130.0, 48.3333333 ] ] ] } },
{ "type": "Feature", "properties": { "Id": 0, "Sheet_ID": "馬連站", "label": "馬連站", "call_short": "0", "call_num": "0", "recid": "0", "websiteUrl": "0", "title": "0", "ckey": 0, "available": false, "iiifUrl": "0" }, "geometry": { "type": "Polygon", "coordinates": [ [ [ 130.5, 48.3333333 ], [ 131.0, 48.3333333 ], [ 131.0, 48.6666667 ], [ 130.5, 48.6666667 ], [ 130.5, 48.3333333 ] ] ] } },
{ "type": "Feature", "properties": { "Id": 0, "Sheet_ID": "壹〇ヨ175. ゲイリホフスキー", "label": "壹〇ヨ175. ゲイリホフスキー", "call_short": "G7272 .S5 S100 .J3", "call_num": "G7272 .S5 S100 .J3 10YO175", "recid": "mq285tv3032", "websiteUrl": "https://purl.stanford.edu/mq285tv3032", "title": "東「ソ」十万分一圖", "ckey": 12724621, "available": true, "iiifUrl": "https://purl.stanford.edu/mq285tv3032/iiif/manifest" }, "geometry": { "type": "Polygon", "coordinates": [ [ [ 131.0, 48.3333333 ], [ 131.5, 48.3333333 ], [ 131.5, 48.6666667 ], [ 131.0, 48.6666667 ], [ 131.0, 48.3333333 ] ] ] } },
{ "type": "Feature", "properties": { "Id": 0, "Sheet_ID": "壹〇ヨ165. ウルカーン山", "label": "壹〇ヨ165. ウルカーン山", "call_short": "G7272 .S5 S100 .J3", "call_num": "G7272 .S5 S100 .J3 10YO165", "recid": "wc390hv9350", "websiteUrl": "https://purl.stanford.edu/wc390hv9350", "title": "東「ソ」十万分一圖", "ckey": 12724621, "available": true, "iiifUrl": "https://purl.stanford.edu/wc390hv9350/iiif/manifest" }, "geometry": { "type": "Polygon", "coordinates": [ [ [ 131.5, 48.3333333 ], [ 132.0, 48.3333333 ], [ 132.0, 48.6666667 ], [ 131.5, 48.6666667 ], [ 131.5, 48.3333333 ] ] ] } },
{ "type": "Feature", "properties": { "Id": 0, "Sheet_ID": "壹〇ヨ155. オストラーヤ・マヤチナーヤ山", "label": "壹〇ヨ155. オストラーヤ・マヤチナーヤ山", "call_short": "G7272 .S5 S100 .J3", "call_num": "G7272 .S5 S100 .J3 10YO155", "recid": "tc363hd0672", "websiteUrl": "https://purl.stanford.edu/tc363hd0672", "title": "東「ソ」十万分一圖", "ckey": 12724621, "available": true, "iiifUrl": "https://purl.stanford.edu/tc363hd0672/iiif/manifest" }, "geometry": { "type": "Polygon", "coordinates": [ [ [ 132.0, 48.3333333 ], [ 132.5, 48.3333333 ], [ 132.5, 48.6666667 ], [ 132.0, 48.6666667 ], [ 132.0, 48.3333333 ] ] ] } },
{ "type": "Feature", "properties": { "Id": 0, "Sheet_ID": "ボンバー山", "label": "ボンバー山", "call_short": "0", "call_num": "0", "recid": "0", "websiteUrl": "0", "title": "0", "ckey": 0, "available": false, "iiifUrl": "0" }, "geometry": { "type": "Polygon", "coordinates": [ [ [ 132.5, 48.3333333 ], [ 133.0, 48.3333333 ], [ 133.0, 48.6666667 ], [ 132.5, 48.6666667 ], [ 132.5, 48.3333333 ] ] ] } },
{ "type": "Feature", "properties": { "Id": 0, "Sheet_ID": "壹〇ヨ135. クルートイ・ヤール", "label": "壹〇ヨ135. クルートイ・ヤール", "call_short": "G7272 .S5 S100 .J3", "call_num": "G7272 .S5 S100 .J3 10YO135", "recid": "nc287qm6132", "websiteUrl": "https://purl.stanford.edu/nc287qm6132", "title": "東「ソ」十万分一圖", "ckey": 12724621, "available": true, "iiifUrl": "https://purl.stanford.edu/nc287qm6132/iiif/manifest" }, "geometry": { "type": "Polygon", "coordinates": [ [ [ 133.0, 48.3333333 ], [ 133.5, 48.3333333 ], [ 133.5, 48.6666667 ], [ 133.0, 48.6666667 ], [ 133.0, 48.3333333 ] ] ] } },
{ "type": "Feature", "properties": { "Id": 0, "Sheet_ID": "壹〇ヨ125. ステパニンスキーボール", "label": "壹〇ヨ125. ステパニンスキーボール", "call_short": "G7272 .S5 S100 .J3", "call_num": "G7272 .S5 S100 .J3 10YO125", "recid": "tc701mn2766", "websiteUrl": "https://purl.stanford.edu/tc701mn2766", "title": "東「ソ」十万分一圖", "ckey": 12724621, "available": true, "iiifUrl": "https://purl.stanford.edu/tc701mn2766/iiif/manifest" }, "geometry": { "type": "Polygon", "coordinates": [ [ [ 133.5, 48.3333333 ], [ 134.0, 48.3333333 ], [ 134.0, 48.6666667 ], [ 133.5, 48.6666667 ], [ 133.5, 48.3333333 ] ] ] } },
{ "type": "Feature", "properties": { "Id": 0, "Sheet_ID": "撫遠", "label": "撫遠", "call_short": "0", "call_num": "0", "recid": "0", "websiteUrl": "0", "title": "0", "ckey": 0, "available": false, "iiifUrl": "0" }, "geometry": { "type": "Polygon", "coordinates": [ [ [ 134.0, 48.3333333 ], [ 134.5, 48.3333333 ], [ 134.5, 48.6666667 ], [ 134.0, 48.6666667 ], [ 134.0, 48.3333333 ] ] ] } },
{ "type": "Feature", "properties": { "Id": 0, "Sheet_ID": "壹〇ヨ105. 黒瞎子種", "label": "壹〇ヨ105. 黒瞎子種", "call_short": "G7272 .S5 S100 .J3", "call_num": "G7272 .S5 S100 .J3 10YO105", "recid": "hy111hg7630", "websiteUrl": "https://purl.stanford.edu/hy111hg7630", "title": "東「ソ」十万分一圖", "ckey": 12724621, "available": true, "iiifUrl": "https://purl.stanford.edu/hy111hg7630/iiif/manifest" }, "geometry": { "type": "Polygon", "coordinates": [ [ [ 134.5, 48.3333333 ], [ 135.0, 48.3333333 ], [ 135.0, 48.6666667 ], [ 134.5, 48.6666667 ], [ 134.5, 48.3333333 ] ] ] } },
{ "type": "Feature", "properties": { "Id": 0, "Sheet_ID": "ハバロフスク", "label": "ハバロフスク", "call_short": "0", "call_num": "0", "recid": "0", "websiteUrl": "0", "title": "0", "ckey": 0, "available": false, "iiifUrl": "0" }, "geometry": { "type": "Polygon", "coordinates": [ [ [ 135.0, 48.3333333 ], [ 135.5, 48.3333333 ], [ 135.5, 48.6666667 ], [ 135.0, 48.6666667 ], [ 135.0, 48.3333333 ] ] ] } },
{ "type": "Feature", "properties": { "Id": 0, "Sheet_ID": "アナスタセーフカ", "label": "アナスタセーフカ", "call_short": "0", "call_num": "0", "recid": "0", "websiteUrl": "0", "title": "0", "ckey": 0, "available": false, "iiifUrl": "0" }, "geometry": { "type": "Polygon", "coordinates": [ [ [ 135.5, 48.3333333 ], [ 136.0, 48.3333333 ], [ 136.0, 48.6666667 ], [ 135.5, 48.6666667 ], [ 135.5, 48.3333333 ] ] ] } },
{ "type": "Feature", "properties": { "Id": 0, "Sheet_ID": "烏雲河", "label": "烏雲河", "call_short": "0", "call_num": "0", "recid": "0", "websiteUrl": "0", "title": "0", "ckey": 0, "available": false, "iiifUrl": "0" }, "geometry": { "type": "Polygon", "coordinates": [ [ [ 129.5, 48.6666667 ], [ 130.0, 48.6666667 ], [ 130.0, 49.0000001 ], [ 129.5, 49.0000001 ], [ 129.5, 48.6666667 ] ] ] } },
{ "type": "Feature", "properties": { "Id": 0, "Sheet_ID": "壹〇ヨ194. 佛山", "label": "壹〇ヨ194. 佛山", "call_short": "G7272 .S5 S100 .J3", "call_num": "G7272 .S5 S100 .J3 10YO194", "recid": "pg689hv2714", "websiteUrl": "https://purl.stanford.edu/pg689hv2714", "title": "東「ソ」十万分一圖", "ckey": 12724621, "available": true, "iiifUrl": "https://purl.stanford.edu/pg689hv2714/iiif/manifest" }, "geometry": { "type": "Polygon", "coordinates": [ [ [ 130.0, 48.6666667 ], [ 130.5, 48.6666667 ], [ 130.5, 49.0000001 ], [ 130.0, 49.0000001 ], [ 130.0, 48.6666667 ] ] ] } },
{ "type": "Feature", "properties": { "Id": 0, "Sheet_ID": "寶興山", "label": "寶興山", "call_short": "0", "call_num": "0", "recid": "0", "websiteUrl": "0", "title": "0", "ckey": 0, "available": false, "iiifUrl": "0" }, "geometry": { "type": "Polygon", "coordinates": [ [ [ 130.5, 48.6666667 ], [ 131.0, 48.6666667 ], [ 131.0, 49.0000001 ], [ 130.5, 49.0000001 ], [ 130.5, 48.6666667 ] ] ] } },
{ "type": "Feature", "properties": { "Id": 0, "Sheet_ID": "壹〇ヨ174. リュバウィンスキー", "label": "壹〇ヨ174. リュバウィンスキー", "call_short": "G7272 .S5 S100 .J3", "call_num": "G7272 .S5 S100 .J3 10YO174", "recid": "xf096jk2033", "websiteUrl": "https://purl.stanford.edu/xf096jk2033", "title": "東「ソ」十万分一圖", "ckey": 12724621, "available": true, "iiifUrl": "https://purl.stanford.edu/xf096jk2033/iiif/manifest" }, "geometry": { "type": "Polygon", "coordinates": [ [ [ 131.0, 48.6666667 ], [ 131.5, 48.6666667 ], [ 131.5, 49.0000001 ], [ 131.0, 49.0000001 ], [ 131.0, 48.6666667 ] ] ] } },
{ "type": "Feature", "properties": { "Id": 0, "Sheet_ID": "壹〇ヨ164. ロンドーコ山", "label": "壹〇ヨ164. ロンドーコ山", "call_short": "G7272 .S5 S100 .J3", "call_num": "G7272 .S5 S100 .J3 10YO164", "recid": "dv437my9767", "websiteUrl": "https://purl.stanford.edu/dv437my9767", "title": "東「ソ」十万分一圖", "ckey": 12724621, "available": true, "iiifUrl": "https://purl.stanford.edu/dv437my9767/iiif/manifest" }, "geometry": { "type": "Polygon", "coordinates": [ [ [ 131.5, 48.6666667 ], [ 132.0, 48.6666667 ], [ 132.0, 49.0000001 ], [ 131.5, 49.0000001 ], [ 131.5, 48.6666667 ] ] ] } },
{ "type": "Feature", "properties": { "Id": 0, "Sheet_ID": "壹〇ヨ154. トゥルーク山", "label": "壹〇ヨ154. トゥルーク山", "call_short": "G7272 .S5 S100 .J3", "call_num": "G7272 .S5 S100 .J3 10YO154", "recid": "wx351jh0601", "websiteUrl": "https://purl.stanford.edu/wx351jh0601", "title": "東「ソ」十万分一圖", "ckey": 12724621, "available": true, "iiifUrl": "https://purl.stanford.edu/wx351jh0601/iiif/manifest" }, "geometry": { "type": "Polygon", "coordinates": [ [ [ 132.0, 48.6666667 ], [ 132.5, 48.6666667 ], [ 132.5, 49.0000001 ], [ 132.0, 49.0000001 ], [ 132.0, 48.6666667 ] ] ] } },
{ "type": "Feature", "properties": { "Id": 0, "Sheet_ID": "ティホニカーヤ山", "label": "ティホニカーヤ山", "call_short": "0", "call_num": "0", "recid": "0", "websiteUrl": "0", "title": "0", "ckey": 0, "available": false, "iiifUrl": "0" }, "geometry": { "type": "Polygon", "coordinates": [ [ [ 132.5, 48.6666667 ], [ 133.0, 48.6666667 ], [ 133.0, 49.0000001 ], [ 132.5, 49.0000001 ], [ 132.5, 48.6666667 ] ] ] } },
{ "type": "Feature", "properties": { "Id": 0, "Sheet_ID": "壹〇ヨ134. 十九號", "label": "壹〇ヨ134. 十九號", "call_short": "G7272 .S5 S100 .J3", "call_num": "G7272 .S5 S100 .J3 10YO134", "recid": "xc110bc9341", "websiteUrl": "https://purl.stanford.edu/xc110bc9341", "title": "東「ソ」十万分一圖", "ckey": 12724621, "available": true, "iiifUrl": "https://purl.stanford.edu/xc110bc9341/iiif/manifest" }, "geometry": { "type": "Polygon", "coordinates": [ [ [ 133.0, 48.6666667 ], [ 133.5, 48.6666667 ], [ 133.5, 49.0000001 ], [ 133.0, 49.0000001 ], [ 133.0, 48.6666667 ] ] ] } },
{ "type": "Feature", "properties": { "Id": 0, "Sheet_ID": "テキーン", "label": "テキーン", "call_short": "0", "call_num": "0", "recid": "0", "websiteUrl": "0", "title": "0", "ckey": 0, "available": false, "iiifUrl": "0" }, "geometry": { "type": "Polygon", "coordinates": [ [ [ 133.5, 48.6666667 ], [ 134.0, 48.6666667 ], [ 134.0, 49.0000001 ], [ 133.5, 49.0000001 ], [ 133.5, 48.6666667 ] ] ] } },
{ "type": "Feature", "properties": { "Id": 0, "Sheet_ID": "ハトゥール", "label": "ハトゥール", "call_short": "0", "call_num": "0", "recid": "0", "websiteUrl": "0", "title": "0", "ckey": 0, "available": false, "iiifUrl": "0" }, "geometry": { "type": "Polygon", "coordinates": [ [ [ 134.0, 48.6666667 ], [ 134.5, 48.6666667 ], [ 134.5, 49.0000001 ], [ 134.0, 49.0000001 ], [ 134.0, 48.6666667 ] ] ] } },
{ "type": "Feature", "properties": { "Id": 0, "Sheet_ID": "壹〇ヨ104. チルキー山", "label": "壹〇ヨ104. チルキー山", "call_short": "G7272 .S5 S100 .J3", "call_num": "G7272 .S5 S100 .J3 10YO104", "recid": "sn171bp8474", "websiteUrl": "https://purl.stanford.edu/sn171bp8474", "title": "東「ソ」十万分一圖", "ckey": 12724621, "available": true, "iiifUrl": "https://purl.stanford.edu/sn171bp8474/iiif/manifest" }, "geometry": { "type": "Polygon", "coordinates": [ [ [ 134.5, 48.6666667 ], [ 135.0, 48.6666667 ], [ 135.0, 49.0000001 ], [ 134.5, 49.0000001 ], [ 134.5, 48.6666667 ] ] ] } },
{ "type": "Feature", "properties": { "Id": 0, "Sheet_ID": "九ヨ194. ハバロフスク北部", "label": "九ヨ194. ハバロフスク北部", "call_short": "G7272 .S5 S100 .J3", "call_num": "G7272 .S5 S100 .J3 9YO194", "recid": "tg728cw2088", "websiteUrl": "https://purl.stanford.edu/tg728cw2088", "title": "東「ソ」十万分一圖", "ckey": 12724621, "available": true, "iiifUrl": "https://purl.stanford.edu/tg728cw2088/iiif/manifest" }, "geometry": { "type": "Polygon", "coordinates": [ [ [ 135.0, 48.6666667 ], [ 135.5, 48.6666667 ], [ 135.5, 49.0000001 ], [ 135.0, 49.0000001 ], [ 135.0, 48.6666667 ] ] ] } },
{ "type": "Feature", "properties": { "Id": 0, "Sheet_ID": "ウヤツコエ", "label": "ウヤツコエ", "call_short": "0", "call_num": "0", "recid": "0", "websiteUrl": "0", "title": "0", "ckey": 0, "available": false, "iiifUrl": "0" }, "geometry": { "type": "Polygon", "coordinates": [ [ [ 135.5, 48.6666667 ], [ 136.0, 48.6666667 ], [ 136.0, 49.0000001 ], [ 135.5, 49.0000001 ], [ 135.5, 48.6666667 ] ] ] } },
{ "type": "Feature", "properties": { "Id": 0, "Sheet_ID": "チョルナー", "label": "チョルナー", "call_short": "0", "call_num": "0", "recid": "0", "websiteUrl": "0", "title": "0", "ckey": 0, "available": false, "iiifUrl": "0" }, "geometry": { "type": "Polygon", "coordinates": [ [ [ 136.0, 48.6666667 ], [ 136.5, 48.6666667 ], [ 136.5, 49.0000001 ], [ 136.0, 49.0000001 ], [ 136.0, 48.6666667 ] ] ] } },
{ "type": "Feature", "properties": { "Id": 0, "Sheet_ID": "烏雲", "label": "烏雲", "call_short": "0", "call_num": "0", "recid": "0", "websiteUrl": "0", "title": "0", "ckey": 0, "available": false, "iiifUrl": "0" }, "geometry": { "type": "Polygon", "coordinates": [ [ [ 129.5, 49.0000001 ], [ 130.0, 49.0000001 ], [ 130.0, 49.3333336 ], [ 129.5, 49.3333336 ], [ 129.5, 49.0000001 ] ] ] } },
{ "type": "Feature", "properties": { "Id": 0, "Sheet_ID": "エビファンツェーウォ湖", "label": "エビファンツェーウォ湖", "call_short": "0", "call_num": "0", "recid": "0", "websiteUrl": "0", "title": "0", "ckey": 0, "available": false, "iiifUrl": "0" }, "geometry": { "type": "Polygon", "coordinates": [ [ [ 130.0, 49.0000001 ], [ 130.5, 49.0000001 ], [ 130.5, 49.3333336 ], [ 130.0, 49.3333336 ], [ 130.0, 49.0000001 ] ] ] } },
{ "type": "Feature", "properties": { "Id": 0, "Sheet_ID": "エラクティチャー山", "label": "エラクティチャー山", "call_short": "0", "call_num": "0", "recid": "0", "websiteUrl": "0", "title": "0", "ckey": 0, "available": false, "iiifUrl": "0" }, "geometry": { "type": "Polygon", "coordinates": [ [ [ 130.5, 49.0000001 ], [ 131.0, 49.0000001 ], [ 131.0, 49.3333336 ], [ 130.5, 49.3333336 ], [ 130.5, 49.0000001 ] ] ] } },
{ "type": "Feature", "properties": { "Id": 0, "Sheet_ID": "壹〇ヨ173. マールイヒンガン山", "label": "壹〇ヨ173. マールイヒンガン山", "call_short": "G7272 .S5 S100 .J3", "call_num": "G7272 .S5 S100 .J3 10YO173", "recid": "cg541dw2339", "websiteUrl": "https://purl.stanford.edu/cg541dw2339", "title": "東「ソ」十万分一圖", "ckey": 12724621, "available": true, "iiifUrl": "https://purl.stanford.edu/cg541dw2339/iiif/manifest" }, "geometry": { "type": "Polygon", "coordinates": [ [ [ 131.0, 49.0000001 ], [ 131.5, 49.0000001 ], [ 131.5, 49.3333336 ], [ 131.0, 49.3333336 ], [ 131.0, 49.0000001 ] ] ] } },
{ "type": "Feature", "properties": { "Id": 0, "Sheet_ID": "壹〇ヨ163. トロキーラク山", "label": "壹〇ヨ163. トロキーラク山", "call_short": "G7272 .S5 S100 .J3", "call_num": "G7272 .S5 S100 .J3 10YO163", "recid": "tt672nf8908", "websiteUrl": "https://purl.stanford.edu/tt672nf8908", "title": "東「ソ」十万分一圖", "ckey": 12724621, "available": true, "iiifUrl": "https://purl.stanford.edu/tt672nf8908/iiif/manifest" }, "geometry": { "type": "Polygon", "coordinates": [ [ [ 131.5, 49.0000001 ], [ 132.0, 49.0000001 ], [ 132.0, 49.3333336 ], [ 131.5, 49.3333336 ], [ 131.5, 49.0000001 ] ] ] } },
{ "type": "Feature", "properties": { "Id": 0, "Sheet_ID": "壹〇ヨ153. カメヌシカ", "label": "壹〇ヨ153. カメヌシカ", "call_short": "G7272 .S5 S100 .J3", "call_num": "G7272 .S5 S100 .J3 10YO153", "recid": "bp840mq6128", "websiteUrl": "https://purl.stanford.edu/bp840mq6128", "title": "東「ソ」十万分一圖", "ckey": 12724621, "available": true, "iiifUrl": "https://purl.stanford.edu/bp840mq6128/iiif/manifest" }, "geometry": { "type": "Polygon", "coordinates": [ [ [ 132.0, 49.0000001 ], [ 132.5, 49.0000001 ], [ 132.5, 49.3333336 ], [ 132.0, 49.3333336 ], [ 132.0, 49.0000001 ] ] ] } },
{ "type": "Feature", "properties": { "Id": 0, "Sheet_ID": "ザグドィビラ河源", "label": "ザグドィビラ河源", "call_short": "0", "call_num": "0", "recid": "0", "websiteUrl": "0", "title": "0", "ckey": 0, "available": false, "iiifUrl": "0" }, "geometry": { "type": "Polygon", "coordinates": [ [ [ 132.5, 49.0000001 ], [ 133.0, 49.0000001 ], [ 133.0, 49.3333336 ], [ 132.5, 49.3333336 ], [ 132.5, 49.0000001 ] ] ] } },
{ "type": "Feature", "properties": { "Id": 0, "Sheet_ID": "壹〇ヨ133. クパードィ", "label": "壹〇ヨ133. クパードィ", "call_short": "G7272 .S5 S100 .J3", "call_num": "G7272 .S5 S100 .J3 10YO133", "recid": "tf130xw7383", "websiteUrl": "https://purl.stanford.edu/tf130xw7383", "title": "東「ソ」十万分一圖", "ckey": 12724621, "available": true, "iiifUrl": "https://purl.stanford.edu/tf130xw7383/iiif/manifest" }, "geometry": { "type": "Polygon", "coordinates": [ [ [ 133.0, 49.0000001 ], [ 133.5, 49.0000001 ], [ 133.5, 49.3333336 ], [ 133.0, 49.3333336 ], [ 133.0, 49.0000001 ] ] ] } },
{ "type": "Feature", "properties": { "Id": 0, "Sheet_ID": "壹〇ヨ123. クゥカン河", "label": "壹〇ヨ123. クゥカン河", "call_short": "G7272 .S5 S100 .J3", "call_num": "G7272 .S5 S100 .J3 10YO123", "recid": "sv520sn0791", "websiteUrl": "https://purl.stanford.edu/sv520sn0791", "title": "東「ソ」十万分一圖", "ckey": 12724621, "available": true, "iiifUrl": "https://purl.stanford.edu/sv520sn0791/iiif/manifest" }, "geometry": { "type": "Polygon", "coordinates": [ [ [ 133.5, 49.0000001 ], [ 134.0, 49.0000001 ], [ 134.0, 49.3333336 ], [ 133.5, 49.3333336 ], [ 133.5, 49.0000001 ] ] ] } },
{ "type": "Feature", "properties": { "Id": 0, "Sheet_ID": "グラマフター", "label": "グラマフター", "call_short": "0", "call_num": "0", "recid": "0", "websiteUrl": "0", "title": "0", "ckey": 0, "available": false, "iiifUrl": "0" }, "geometry": { "type": "Polygon", "coordinates": [ [ [ 134.0, 49.0000001 ], [ 134.5, 49.0000001 ], [ 134.5, 49.3333336 ], [ 134.0, 49.3333336 ], [ 134.0, 49.0000001 ] ] ] } },
{ "type": "Feature", "properties": { "Id": 0, "Sheet_ID": "壹〇ヨ103. ダガ河", "label": "壹〇ヨ103. ダガ河", "call_short": "G7272 .S5 S100 .J3", "call_num": "G7272 .S5 S100 .J3 10YO103", "recid": "qd728fs0438", "websiteUrl": "https://purl.stanford.edu/qd728fs0438", "title": "東「ソ」十万分一圖", "ckey": 12724621, "available": true, "iiifUrl": "https://purl.stanford.edu/qd728fs0438/iiif/manifest" }, "geometry": { "type": "Polygon", "coordinates": [ [ [ 134.5, 49.0000001 ], [ 135.0, 49.0000001 ], [ 135.0, 49.3333336 ], [ 134.5, 49.3333336 ], [ 134.5, 49.0000001 ] ] ] } },
{ "type": "Feature", "properties": { "Id": 0, "Sheet_ID": "九ヨ193. 二十三號", "label": "九ヨ193. 二十三號", "call_short": "G7272 .S5 S100 .J3", "call_num": "G7272 .S5 S100 .J3 9YO193", "recid": "vh204rr1769", "websiteUrl": "https://purl.stanford.edu/vh204rr1769", "title": "東「ソ」十万分一圖", "ckey": 12724621, "available": true, "iiifUrl": "https://purl.stanford.edu/vh204rr1769/iiif/manifest" }, "geometry": { "type": "Polygon", "coordinates": [ [ [ 135.0, 49.0000001 ], [ 135.5, 49.0000001 ], [ 135.5, 49.3333336 ], [ 135.0, 49.3333336 ], [ 135.0, 49.0000001 ] ] ] } },
{ "type": "Feature", "properties": { "Id": 0, "Sheet_ID": "九ヨ183. 十八號", "label": "九ヨ183. 十八號", "call_short": "G7272 .S5 S100 .J3", "call_num": "G7272 .S5 S100 .J3 9YO183", "recid": "kb704tx4754", "websiteUrl": "https://purl.stanford.edu/kb704tx4754", "title": "東「ソ」十万分一圖", "ckey": 12724621, "available": true, "iiifUrl": "https://purl.stanford.edu/kb704tx4754/iiif/manifest" }, "geometry": { "type": "Polygon", "coordinates": [ [ [ 135.5, 49.0000001 ], [ 136.0, 49.0000001 ], [ 136.0, 49.3333336 ], [ 135.5, 49.3333336 ], [ 135.5, 49.0000001 ] ] ] } },
{ "type": "Feature", "properties": { "Id": 0, "Sheet_ID": "クルン", "label": "クルン", "call_short": "0", "call_num": "0", "recid": "0", "websiteUrl": "0", "title": "0", "ckey": 0, "available": false, "iiifUrl": "0" }, "geometry": { "type": "Polygon", "coordinates": [ [ [ 136.0, 49.0000001 ], [ 136.5, 49.0000001 ], [ 136.5, 49.3333336 ], [ 136.0, 49.3333336 ], [ 136.0, 49.0000001 ] ] ] } },
{ "type": "Feature", "properties": { "Id": 0, "Sheet_ID": "ギレーヴォ", "label": "ギレーヴォ", "call_short": "0", "call_num": "0", "recid": "0", "websiteUrl": "0", "title": "0", "ckey": 0, "available": false, "iiifUrl": "0" }, "geometry": { "type": "Polygon", "coordinates": [ [ [ 130.5, 49.3333336 ], [ 131.0, 49.3333336 ], [ 131.0, 49.666667 ], [ 130.5, 49.666667 ], [ 130.5, 49.3333336 ] ] ] } },
{ "type": "Feature", "properties": { "Id": 0, "Sheet_ID": "サロカーチ", "label": "サロカーチ", "call_short": "0", "call_num": "0", "recid": "0", "websiteUrl": "0", "title": "0", "ckey": 0, "available": false, "iiifUrl": "0" }, "geometry": { "type": "Polygon", "coordinates": [ [ [ 131.0, 49.3333336 ], [ 131.5, 49.3333336 ], [ 131.5, 49.666667 ], [ 131.0, 49.666667 ], [ 131.0, 49.3333336 ] ] ] } },
{ "type": "Feature", "properties": { "Id": 0, "Sheet_ID": "エヒルカーン河", "label": "エヒルカーン河", "call_short": "0", "call_num": "0", "recid": "0", "websiteUrl": "0", "title": "0", "ckey": 0, "available": false, "iiifUrl": "0" }, "geometry": { "type": "Polygon", "coordinates": [ [ [ 131.5, 49.3333336 ], [ 132.0, 49.3333336 ], [ 132.0, 49.666667 ], [ 131.5, 49.666667 ], [ 131.5, 49.3333336 ] ] ] } },
{ "type": "Feature", "properties": { "Id": 0, "Sheet_ID": "二號", "label": "二號", "call_short": "0", "call_num": "0", "recid": "0", "websiteUrl": "0", "title": "0", "ckey": 0, "available": false, "iiifUrl": "0" }, "geometry": { "type": "Polygon", "coordinates": [ [ [ 132.0, 49.3333336 ], [ 132.5, 49.3333336 ], [ 132.5, 49.666667 ], [ 132.0, 49.666667 ], [ 132.0, 49.3333336 ] ] ] } },
{ "type": "Feature", "properties": { "Id": 0, "Sheet_ID": "メーナ河", "label": "メーナ河", "call_short": "0", "call_num": "0", "recid": "0", "websiteUrl": "0", "title": "0", "ckey": 0, "available": false, "iiifUrl": "0" }, "geometry": { "type": "Polygon", "coordinates": [ [ [ 132.5, 49.3333336 ], [ 133.0, 49.3333336 ], [ 133.0, 49.666667 ], [ 132.5, 49.666667 ], [ 132.5, 49.3333336 ] ] ] } },
{ "type": "Feature", "properties": { "Id": 0, "Sheet_ID": "サーヤン", "label": "サーヤン", "call_short": "0", "call_num": "0", "recid": "0", "websiteUrl": "0", "title": "0", "ckey": 0, "available": false, "iiifUrl": "0" }, "geometry": { "type": "Polygon", "coordinates": [ [ [ 136.0, 49.3333336 ], [ 136.5, 49.3333336 ], [ 136.5, 49.666667 ], [ 136.0, 49.666667 ], [ 136.0, 49.3333336 ] ] ] } },
{ "type": "Feature", "properties": { "Id": 0, "Sheet_ID": "スレードネ・タムボフスク", "label": "スレードネ・タムボフスク", "call_short": "0", "call_num": "0", "recid": "0", "websiteUrl": "0", "title": "0", "ckey": 0, "available": false, "iiifUrl": "0" }, "geometry": { "type": "Polygon", "coordinates": [ [ [ 137.5, 50.666667 ], [ 138.0, 50.666667 ], [ 138.0, 51.0000003 ], [ 137.5, 51.0000003 ], [ 137.5, 50.666667 ] ] ] } },
{ "type": "Feature", "properties": { "Id": 0, "Sheet_ID": "ニジネ・タムボフスク", "label": "ニジネ・タムボフスク", "call_short": "0", "call_num": "0", "recid": "0", "websiteUrl": "0", "title": "0", "ckey": 0, "available": false, "iiifUrl": "0" }, "geometry": { "type": "Polygon", "coordinates": [ [ [ 138.0, 50.666667 ], [ 138.5, 50.666667 ], [ 138.5, 51.0000003 ], [ 138.0, 51.0000003 ], [ 138.0, 50.666667 ] ] ] } },
{ "type": "Feature", "properties": { "Id": 0, "Sheet_ID": "九タ137. シェレホボ", "label": "九タ137. シェレホボ", "call_short": "G7272 .S5 S100 .J3", "call_num": "G7272 .S5 S100 .J3 9TA137", "recid": "rf572yf5568", "websiteUrl": "https://purl.stanford.edu/rf572yf5568", "title": "東「ソ」十万分一圖", "ckey": 12724621, "available": true, "iiifUrl": "https://purl.stanford.edu/rf572yf5568/iiif/manifest" }, "geometry": { "type": "Polygon", "coordinates": [ [ [ 138.0, 51.0000003 ], [ 138.5, 51.0000003 ], [ 138.5, 51.3333337 ], [ 138.0, 51.3333337 ], [ 138.0, 51.0000003 ] ] ] } },
{ "type": "Feature", "properties": { "Id": 0, "Sheet_ID": "九タ127. ジェレブツォヴォ", "label": "九タ127. ジェレブツォヴォ", "call_short": "G7272 .S5 S100 .J3", "call_num": "G7272 .S5 S100 .J3 9TA127", "recid": "mt049dy2305", "websiteUrl": "https://purl.stanford.edu/mt049dy2305", "title": "東「ソ」十万分一圖", "ckey": 12724621, "available": true, "iiifUrl": "https://purl.stanford.edu/mt049dy2305/iiif/manifest" }, "geometry": { "type": "Polygon", "coordinates": [ [ [ 138.5, 51.0000003 ], [ 139.0, 51.0000003 ], [ 139.0, 51.3333337 ], [ 138.5, 51.3333337 ], [ 138.5, 51.0000003 ] ] ] } },
{ "type": "Feature", "properties": { "Id": 0, "Sheet_ID": "チンメルマノフカ", "label": "チンメルマノフカ", "call_short": "0", "call_num": "0", "recid": "0", "websiteUrl": "0", "title": "0", "ckey": 0, "available": false, "iiifUrl": "0" }, "geometry": { "type": "Polygon", "coordinates": [ [ [ 139.0, 51.0000003 ], [ 139.5, 51.0000003 ], [ 139.5, 51.3333337 ], [ 139.0, 51.3333337 ], [ 139.0, 51.0000003 ] ] ] } },
{ "type": "Feature", "properties": { "Id": 0, "Sheet_ID": "キシリョーフカ", "label": "キシリョーフカ", "call_short": "0", "call_num": "0", "recid": "0", "websiteUrl": "0", "title": "0", "ckey": 0, "available": false, "iiifUrl": "0" }, "geometry": { "type": "Polygon", "coordinates": [ [ [ 138.5, 51.3333337 ], [ 139.0, 51.3333337 ], [ 139.0, 51.666667 ], [ 138.5, 51.666667 ], [ 138.5, 51.3333337 ] ] ] } },
{ "type": "Feature", "properties": { "Id": 0, "Sheet_ID": "スハノフカ", "label": "スハノフカ", "call_short": "0", "call_num": "0", "recid": "0", "websiteUrl": "0", "title": "0", "ckey": 0, "available": false, "iiifUrl": "0" }, "geometry": { "type": "Polygon", "coordinates": [ [ [ 139.0, 51.3333337 ], [ 139.5, 51.3333337 ], [ 139.5, 51.666667 ], [ 139.0, 51.666667 ], [ 139.0, 51.3333337 ] ] ] } }
]
}
